Date,Open,High,Low,Close,Volume
1994-04-02,4.444,5.04,4.444,4.823,189464
1994-04-03,4.715,4.878,4.444,4.552,371436
1994-04-04,4.607,4.607,4.444,4.498,210518
1994-04-05,4.498,4.607,4.498,4.552,238195
1994-04-06,4.552,4.552,4.444,4.498,288920
1994-04-09,4.498,4.552,4.39,4.39,287720
1994-04-10,4.444,4.498,4.39,4.444,236332
1994-04-11,4.39,4.39,4.173,4.173,306449
1994-04-12,4.173,4.281,3.794,3.902,294326
1994-04-13,3.956,4.119,3.794,4.119,211532
1994-04-16,3.956,4.336,3.956,4.336,183947
1994-04-17,4.336,4.39,4.119,4.281,164111
1994-04-18,4.281,4.281,4.065,4.281,101006
1994-04-19,4.281,4.281,4.227,4.281,75819
1994-04-20,4.281,4.336,4.173,4.281,113331
1994-04-23,4.227,4.336,4.227,4.281,70726
1994-04-24,4.281,4.444,4.281,4.444,407823
1994-04-25,4.336,4.39,4.281,4.336,312021
1994-04-26,4.336,4.39,4.281,4.336,204078
1994-04-27,4.39,4.39,4.336,4.336,120122
1994-04-30,4.281,4.336,4.281,4.336,105176
1994-05-01,4.281,4.39,4.281,4.281,95802
1994-05-02,4.281,4.39,4.227,4.336,130916
1994-05-03,4.281,4.336,4.227,4.281,135455
1994-05-04,4.281,4.336,4.227,4.336,138611
1994-05-07,4.281,4.281,4.173,4.227,87942
1994-05-08,4.227,4.281,4.227,4.227,180293
1994-05-09,4.227,4.281,4.173,4.227,353704
1994-05-10,4.173,4.227,4.065,4.065,244303
1994-05-11,4.065,4.065,3.956,4.01,103700
1994-05-14,4.01,4.119,4.01,4.065,94086
1994-05-15,4.01,4.119,4.01,4.065,140050
1994-05-16,4.065,4.119,4.01,4.065,172433
1994-05-17,4.065,4.173,4.065,4.173,179721
1994-05-28,4.065,4.119,4.065,4.119,32309
1994-05-29,4.065,4.498,4.065,4.498,727244
1994-05-30,4.661,4.661,4.336,4.444,777120
1994-05-31,4.444,4.661,4.336,4.552,1397952
1994-06-01,4.498,4.661,4.498,4.607,820149
1994-06-02,4.552,4.715,4.552,4.715,638601
1994-06-04,4.661,5.311,4.607,5.257,2156324
1994-06-05,5.257,5.257,4.878,4.986,1530731
1994-06-06,4.932,5.094,4.932,4.932,901393
1994-06-07,4.932,5.094,4.932,4.986,1206513
1994-06-08,4.986,5.04,4.932,4.932,803321
1994-06-09,4.932,4.932,4.498,4.823,1094104
1994-06-11,4.878,4.878,4.607,4.715,456610
1994-06-12,4.661,4.769,4.607,4.661,373448
1994-06-13,4.661,4.715,4.498,4.607,595793
1994-06-14,4.607,4.607,4.498,4.607,403524
1994-06-15,4.607,4.823,4.607,4.769,992933
1994-06-16,4.769,4.769,4.715,4.715,325491
1994-06-18,4.769,4.823,4.715,4.769,760015
1994-06-19,4.769,4.769,4.715,4.715,445521
1994-06-20,4.769,4.769,4.715,4.769,171178
1994-06-21,4.715,4.769,4.607,4.607,344570
1994-06-22,4.607,4.878,4.607,4.878,909825
1994-06-23,4.878,5.04,4.823,4.986,2547780
1994-06-25,4.932,5.094,4.878,4.932,3203007
1994-06-26,4.878,4.932,4.715,4.715,1817381
1994-06-27,4.715,4.823,4.661,4.823,1126229
1994-06-28,4.823,4.878,4.715,4.769,709198
1994-06-29,4.715,4.878,4.715,4.823,1072147
1994-06-30,4.823,4.932,4.823,4.878,1364941
1994-07-02,4.823,4.932,4.769,4.769,815093
1994-07-03,4.823,4.823,4.661,4.715,2421606
1994-07-04,4.661,4.661,4.552,4.607,472442
1994-07-05,4.552,4.607,4.552,4.607,244986
1994-07-06,4.607,4.607,4.607,4.607,67663
1994-07-07,4.607,4.607,4.552,4.552,163096
1994-07-09,4.607,4.607,4.552,4.607,239210
1994-07-10,4.552,4.661,4.552,4.661,105822
1994-07-11,4.607,4.715,4.607,4.661,438952
1994-07-12,4.661,4.715,4.661,4.715,160845
1994-07-13,4.661,4.715,4.661,4.715,383670
1994-07-14,4.661,4.715,4.661,4.661,124716
1994-07-16,4.661,4.661,4.661,4.661,15518
1994-07-17,4.661,4.715,4.661,4.715,162229
1994-07-18,4.715,4.715,4.661,4.661,489750
1994-07-19,4.661,4.661,4.607,4.661,193985
1994-07-20,4.607,4.661,4.607,4.607,108257
1994-07-21,4.661,4.661,4.607,4.661,53510
1994-07-23,4.661,4.661,4.607,4.661,111671
1994-07-24,4.661,4.715,4.661,4.661,52791
1994-07-25,4.661,4.715,4.661,4.715,167949
1994-07-26,4.661,4.661,4.661,4.661,97758
1994-07-27,4.661,4.661,4.661,4.661,140290
1994-07-28,4.661,4.715,4.661,4.661,31885
1994-07-30,4.661,4.769,4.661,4.769,735455
1994-07-31,4.715,4.823,4.715,4.823,943851
1994-08-01,4.823,4.878,4.769,4.823,673328
1994-08-02,4.823,4.823,4.769,4.823,489750
1994-08-03,4.823,4.932,4.823,4.932,1622271
1994-08-04,4.878,4.932,4.878,4.878,146305
1994-08-06,4.878,4.932,4.878,4.878,574112
1994-08-07,4.878,4.932,4.823,4.823,197860
1994-08-08,4.823,4.878,4.823,4.878,252459
1994-08-09,4.823,4.878,4.823,4.878,139976
1994-08-10,4.878,4.986,4.878,4.986,1253676
1994-08-11,4.986,5.094,4.986,5.094,999981
1994-08-13,5.04,5.149,5.04,5.149,1395147
1994-08-14,5.149,5.149,4.986,5.04,1345788
1994-08-15,5.04,5.04,4.986,4.986,592951
1994-08-16,5.04,5.04,4.986,5.04,1184168
1994-08-17,5.04,5.04,4.986,5.04,175071
1994-08-18,5.04,5.311,5.04,5.257,2246996
1994-08-20,5.42,5.961,5.42,5.961,3948574
1994-08-21,5.961,6.287,5.636,6.016,3365771
1994-08-22,5.961,5.961,5.745,5.799,1434117
1994-08-23,5.799,5.799,5.582,5.636,1262478
1994-08-24,5.636,5.69,5.257,5.582,1639376
1994-08-25,5.528,5.636,5.474,5.582,330971
1994-08-27,5.582,5.69,5.528,5.69,703257
1994-08-28,5.745,5.961,5.745,5.961,3767837
1994-08-29,6.07,6.124,5.853,5.907,2392452
1994-08-30,5.961,6.395,5.961,6.287,5605940
1994-08-31,6.341,6.449,6.124,6.124,3443730
1994-09-01,6.124,6.124,5.853,6.016,1457846
1994-09-03,6.07,6.07,5.69,5.853,2727391
1994-09-04,5.853,5.907,5.745,5.853,1147910
1994-09-05,5.907,6.016,5.799,6.016,1574887
1994-09-06,6.016,6.07,5.853,5.907,849617
1994-09-07,5.907,5.961,5.853,5.907,577378
1994-09-08,5.907,5.961,5.853,5.907,204004
1994-09-10,5.907,5.961,5.853,5.961,1140566
1994-09-11,5.907,6.07,5.907,5.961,1991493
1994-09-12,5.961,5.961,5.907,5.961,866648
1994-09-13,5.961,6.016,5.907,5.907,1502297
1994-09-14,6.07,6.124,5.961,6.07,3075375
1994-09-15,6.124,6.395,6.124,6.287,5212084
1994-09-17,6.395,6.558,6.341,6.449,5916135
1994-09-18,6.449,6.558,6.395,6.503,5628562
1994-09-19,6.558,6.72,6.558,6.72,4499455
1994-09-20,6.666,6.72,6.558,6.612,4860724
1994-09-21,6.666,6.666,6.341,6.395,3726284
1994-09-22,6.395,6.395,6.178,6.341,2362192
1994-09-24,6.287,6.287,5.961,6.07,2330270
1994-09-25,6.016,6.232,6.016,6.178,1777691
1994-09-26,6.178,6.341,6.124,6.232,2009650
1994-09-27,6.232,6.287,6.124,6.178,1365495
1994-09-28,6.178,6.178,6.016,6.124,1533813
1994-10-01,6.124,6.178,6.124,6.124,331839
1994-10-02,6.124,6.124,6.07,6.07,815167
1994-10-03,6.07,6.07,5.907,5.961,1528240
1994-10-04,5.961,6.016,5.799,5.799,1424965
1994-10-05,5.853,5.853,5.745,5.853,1692573
1994-10-06,5.799,5.961,5.799,5.907,814669
1994-10-08,5.853,5.853,5.636,5.799,1841221
1994-10-09,5.745,5.853,5.745,5.799,979223
1994-10-10,5.799,5.853,5.745,5.799,700784
1994-10-11,5.799,5.853,5.69,5.745,1106818
1994-10-12,5.745,5.745,5.582,5.582,1127189
1994-10-13,5.582,5.582,5.257,5.528,866482
1994-10-15,5.474,5.799,5.474,5.636,1201605
1994-10-16,5.69,5.745,5.474,5.582,2154811
1994-10-17,5.582,5.636,5.528,5.582,1177507
1994-10-18,5.636,5.636,5.528,5.582,707759
1994-10-19,5.582,5.582,5.474,5.528,460024
1994-10-20,5.474,5.528,5.474,5.528,794833
1994-10-22,5.528,5.528,5.42,5.474,990460
1994-10-23,5.42,5.474,5.365,5.365,798966
1994-10-24,5.42,5.42,5.257,5.257,1009761
1994-10-25,5.257,5.257,4.932,4.932,2041110
1994-10-26,4.932,5.42,4.932,5.42,2460060
1994-10-27,5.474,5.474,5.365,5.365,682904
1994-10-29,5.365,5.42,5.149,5.257,1007750
1994-10-30,5.203,5.311,5.203,5.257,552523
1994-10-31,5.257,5.311,5.094,5.149,1983891
1994-11-01,5.203,5.203,5.094,5.094,663419
1994-11-02,5.04,5.094,5.04,5.094,483421
1994-11-03,5.04,5.094,5.04,5.04,239874
1994-11-05,5.094,5.203,5.04,5.203,468253
1994-11-06,5.203,5.203,5.094,5.149,498348
1994-11-07,5.094,5.149,5.04,5.04,478476
1994-11-08,5.094,5.094,5.04,5.094,199889
1994-11-09,5.04,5.149,5.04,5.094,362063
1994-11-10,5.094,5.094,5.04,5.04,24320
1994-11-12,5.094,5.094,4.932,4.932,1162708
1994-11-13,4.932,4.932,4.769,4.823,696928
1994-11-14,4.769,4.823,4.661,4.715,354885
1994-11-15,4.769,5.04,4.715,5.04,1024633
1994-11-16,5.04,5.04,5.04,5.04,23212
1994-11-17,5.04,5.04,4.878,4.932,556749
1994-11-19,4.932,4.932,4.769,4.769,624725
1994-11-20,4.823,4.932,4.769,4.932,663825
1994-11-21,4.932,4.932,4.769,4.769,476132
1994-11-22,4.769,4.823,4.715,4.769,755642
1994-11-23,4.769,4.823,4.661,4.661,407270
1994-11-24,4.715,4.769,4.661,4.715,142098
1994-11-26,4.769,4.769,4.715,4.769,398874
1994-11-27,4.715,4.769,4.715,4.769,180164
1994-11-28,4.715,4.769,4.661,4.661,303939
1994-11-29,4.715,4.715,4.444,4.498,721450
1994-11-30,4.444,4.607,4.39,4.552,439616
1994-12-03,4.552,4.715,4.498,4.552,570163
1994-12-04,4.552,4.715,4.498,4.661,629375
1994-12-05,4.661,4.769,4.661,4.715,869527
1994-12-06,4.769,5.149,4.769,5.094,2328092
1994-12-07,5.149,5.257,4.715,4.715,1966805
1994-12-08,4.715,4.878,4.607,4.769,578005
1994-12-10,4.715,4.769,4.607,4.769,923591
1994-12-11,4.715,4.878,4.661,4.823,615481
1994-12-12,4.878,4.878,4.769,4.769,464452
1994-12-13,4.823,4.932,4.715,4.878,1163945
1994-12-14,4.878,4.878,4.715,4.715,451259
1994-12-15,4.769,4.823,4.715,4.769,65965
1994-12-17,4.715,4.769,4.661,4.715,253160
1994-12-18,4.715,4.769,4.715,4.715,319734
1994-12-19,4.715,4.823,4.715,4.769,416570
1994-12-20,4.823,4.823,4.715,4.715,656223
1994-12-21,4.715,4.715,4.661,4.661,400554
1994-12-22,4.715,4.715,4.661,4.715,82443
1994-12-24,4.715,4.715,4.661,4.715,148261
1994-12-25,4.661,4.715,4.661,4.715,126488
1994-12-26,4.661,4.769,4.661,4.715,413783
1994-12-27,4.715,4.715,4.661,4.715,112759
1994-12-28,4.661,4.661,4.607,4.607,828896
1994-12-29,4.607,4.715,4.607,4.715,109992
1994-12-31,4.661,4.661,4.661,4.661,41683
1995-01-01,4.661,4.661,4.607,4.661,95119
1995-01-02,4.715,4.715,4.661,4.661,139718
1995-01-03,4.661,4.661,4.552,4.552,517797
1995-01-04,4.607,4.607,4.552,4.552,237328
1995-01-05,4.552,4.607,4.552,4.607,81188
1995-01-07,4.607,4.661,4.607,4.607,81779
1995-01-08,4.607,4.607,4.552,4.552,226478
1995-01-09,4.552,4.552,4.498,4.498,424061
1995-01-10,4.552,4.552,4.444,4.444,148870
1995-01-11,4.444,4.498,4.39,4.498,278808
1995-01-12,4.444,4.498,4.444,4.498,49820
1995-01-14,4.444,4.498,4.444,4.444,267608
1995-01-15,4.552,4.552,4.444,4.498,488052
1995-01-16,4.498,4.498,4.444,4.444,161140
1995-01-17,4.444,4.498,4.444,4.498,211532
1995-01-18,4.444,4.444,4.39,4.444,329292
1995-01-19,4.39,4.39,4.39,4.39,2546
1995-01-21,4.39,4.444,4.39,4.39,102408
1995-01-22,4.444,4.444,4.281,4.336,317668
1995-01-23,4.281,4.336,4.281,4.281,111929
1995-01-24,4.336,4.444,4.336,4.444,620149
1995-01-25,4.39,4.39,4.336,4.336,186069
1995-01-26,4.336,4.39,4.336,4.39,25833
1995-01-28,4.336,4.498,4.336,4.444,385404
1995-01-29,4.498,4.552,4.444,4.552,756416
1995-01-30,4.552,4.552,4.444,4.444,451887
1995-01-31,4.444,4.498,4.444,4.498,83181
1995-02-01,4.498,4.498,4.444,4.444,308146
1995-02-04,4.444,4.444,4.444,4.444,105139
1995-02-05,4.444,4.498,4.39,4.444,53012
1995-02-06,4.39,4.444,4.39,4.39,45668
1995-02-07,4.444,4.444,4.444,4.444,92518
1995-02-08,4.444,4.444,4.39,4.39,37420
1995-02-09,4.39,4.444,4.39,4.444,60338
1995-02-11,4.39,4.39,4.39,4.39,62958
1995-02-12,4.39,4.444,4.39,4.444,248694
1995-02-13,4.444,4.444,4.444,4.444,190977
1995-02-14,4.39,4.444,4.39,4.39,46296
1995-02-15,4.39,4.444,4.336,4.336,255485
1995-02-16,4.39,4.39,4.336,4.39,43362
1995-02-18,4.336,4.336,4.336,4.336,243657
1995-02-19,4.281,4.281,4.227,4.227,72885
1995-02-20,4.173,4.227,4.173,4.173,75690
1995-02-21,4.173,4.227,4.173,4.227,80524
1995-02-22,4.173,4.227,4.173,4.227,64102
1995-02-23,4.227,4.281,4.227,4.281,27475
1995-02-25,4.227,4.39,4.227,4.39,100600
1995-02-26,4.39,4.39,4.281,4.336,217677
1995-02-27,4.336,4.444,4.336,4.444,270357
1995-03-06,4.444,4.444,4.39,4.39,106892
1995-03-07,4.39,4.39,4.336,4.336,190885
1995-03-08,4.336,4.39,4.336,4.336,223231
1995-03-09,4.336,4.39,4.336,4.39,73125
1995-03-11,4.39,4.444,4.39,4.39,161399
1995-03-12,4.444,4.498,4.39,4.498,433250
1995-03-13,4.444,4.444,4.39,4.39,252145
1995-03-14,4.552,4.823,4.552,4.769,2656462
1995-03-15,4.715,4.823,4.661,4.715,1638250
1995-03-16,4.715,4.769,4.661,4.715,229099
1995-03-18,4.769,4.878,4.715,4.823,2387212
1995-03-19,4.878,4.932,4.661,4.661,1548574
1995-03-20,4.661,4.715,4.607,4.607,846960
1995-03-21,4.661,4.715,4.607,4.661,441351
1995-03-22,4.661,4.715,4.607,4.661,210315
1995-03-23,4.661,4.715,4.661,4.715,103091
1995-03-25,4.715,4.715,4.661,4.715,418175
1995-03-26,4.715,4.715,4.607,4.661,420740
1995-03-27,4.661,4.661,4.607,4.661,545069
1995-03-28,4.661,4.661,4.661,4.661,140880
1995-03-29,4.607,4.661,4.607,4.661,122447
1995-03-30,4.661,4.661,4.661,4.661,71741
1995-04-01,4.661,4.661,4.607,4.661,185460
1995-04-02,4.607,4.661,4.607,4.661,163779
1995-04-03,4.661,4.823,4.661,4.769,1330510
1995-04-04,4.769,4.769,4.661,4.715,750087
1995-04-05,4.715,4.769,4.661,4.661,546010
1995-04-06,4.715,4.769,4.715,4.715,85598
1995-04-08,4.715,4.715,4.661,4.661,482185
1995-04-09,4.607,4.661,4.552,4.552,846960
1995-04-12,4.336,4.661,4.336,4.607,1261648
1995-04-13,4.552,4.607,4.552,4.552,199686
1995-04-15,4.552,4.552,4.498,4.552,449562
1995-04-16,4.552,4.607,4.498,4.552,364277
1995-04-17,4.498,4.552,4.498,4.498,45392
1995-04-18,4.498,4.552,4.498,4.498,158557
1995-04-19,4.552,4.552,4.498,4.552,303183
1995-04-20,4.498,4.552,4.498,4.552,152892
1995-04-22,4.498,4.552,4.498,4.498,369794
1995-04-23,4.498,4.498,4.444,4.498,360384
1995-05-01,4.065,4.227,4.065,4.119,461057
1995-05-02,4.173,4.227,4.173,4.173,286115
1995-05-03,4.227,4.227,4.173,4.227,265375
1995-05-14,4.227,4.281,4.227,4.227,185017
1995-05-15,4.281,4.39,4.281,4.336,581677
1995-05-16,4.39,4.444,4.336,4.336,663973
1995-05-17,4.336,4.39,4.336,4.336,307870
1995-05-18,4.281,4.336,4.281,4.281,65504
1995-05-20,4.281,4.336,4.227,4.336,168890
1995-05-21,4.336,4.336,4.227,4.227,141969
1995-05-23,4.281,4.281,4.227,4.227,63401
1995-05-24,4.227,4.281,4.227,4.281,119347
1995-05-25,4.227,4.281,4.227,4.227,22511
1995-05-27,4.281,4.281,4.281,4.281,53086
1995-05-28,4.281,4.281,4.227,4.227,34745
1995-05-29,4.227,4.227,4.227,4.227,266353
1995-05-30,4.227,4.281,4.227,4.281,69859
1995-05-31,4.227,4.227,4.227,4.227,54082
1995-06-01,4.227,4.227,4.227,4.227,38823
1995-06-03,4.173,4.227,4.173,4.173,263714
1995-06-04,4.173,4.173,4.119,4.173,73881
1995-06-05,4.173,4.173,4.173,4.173,22604
1995-06-06,4.173,4.227,4.173,4.227,90986
1995-06-07,4.227,4.227,4.173,4.173,20758
1995-06-08,4.173,4.281,4.173,4.281,410019
1995-06-10,4.281,4.281,4.281,4.281,158686
1995-06-11,4.227,4.281,4.227,4.281,541470
1995-06-12,4.281,4.607,4.281,4.444,2064157
1995-06-13,4.498,4.498,4.336,4.39,728886
1995-06-14,4.336,4.39,4.281,4.336,492518
1995-06-15,4.336,4.39,4.336,4.336,198284
1995-06-17,4.336,4.444,4.336,4.39,782175
1995-06-18,4.39,4.444,4.39,4.444,441000
1995-06-19,4.444,4.444,4.336,4.39,605591
1995-06-20,4.39,4.39,4.336,4.39,598671
1995-06-21,4.444,4.498,4.444,4.444,1505046
1995-06-22,4.39,4.444,4.39,4.39,145179
1995-06-24,4.39,4.444,4.336,4.336,970071
1995-06-25,4.336,4.336,4.281,4.336,122705
1995-06-26,4.281,4.336,4.281,4.281,629412
1995-06-27,4.336,4.336,4.227,4.227,217326
1995-06-28,4.227,4.281,4.227,4.281,179518
1995-06-29,4.227,4.281,4.227,4.281,84934
1995-07-01,4.281,4.281,4.227,4.227,50060
1995-07-02,4.227,4.281,4.227,4.281,106043
1995-07-03,4.227,4.281,4.227,4.227,405314
1995-07-04,4.227,4.281,4.227,4.227,143574
1995-07-05,4.227,4.336,4.227,4.281,249082
1995-07-06,4.336,4.336,4.281,4.281,322373
1995-07-08,4.281,4.281,4.227,4.227,95027
1995-07-09,4.281,4.281,4.227,4.281,97555
1995-07-10,4.281,4.281,4.227,4.281,162875
1995-07-11,4.281,4.281,4.281,4.281,120694
1995-07-12,4.281,4.281,4.227,4.281,186549
1995-07-13,4.281,4.336,4.281,4.336,40816
1995-07-15,4.336,4.39,4.336,4.336,1110176
1995-07-16,4.336,4.336,4.281,4.281,131377
1995-07-17,4.281,4.336,4.281,4.281,174167
1995-07-18,4.281,4.336,4.281,4.281,113313
1995-07-19,4.281,4.336,4.281,4.281,627235
1995-07-20,4.281,4.281,4.281,4.281,93625
1995-07-22,4.281,4.281,4.227,4.281,37956
1995-07-23,4.281,4.281,4.227,4.281,182544
1995-07-24,4.281,4.281,4.227,4.227,70560
1995-07-25,4.227,4.281,4.227,4.281,57478
1995-07-26,4.227,4.281,4.227,4.281,62792
1995-07-27,4.281,4.336,4.227,4.336,56684
1995-07-29,4.281,4.281,4.227,4.281,74933
1995-07-30,4.281,4.281,4.227,4.227,31147
1995-07-31,4.227,4.281,4.227,4.281,36627
1995-08-01,4.281,4.281,4.281,4.281,71390
1995-08-02,4.281,4.281,4.227,4.281,72811
1995-08-03,4.227,4.281,4.227,4.281,6274
1995-08-05,4.281,4.281,4.227,4.227,114236
1995-08-06,4.281,4.281,4.227,4.227,61426
1995-08-07,4.227,4.281,4.227,4.281,92370
1995-08-08,4.281,4.281,4.227,4.281,96190
1995-08-09,4.227,4.227,4.227,4.227,3524
1995-08-10,4.281,4.281,4.281,4.281,51721
1995-08-12,4.281,4.336,4.281,4.281,115490
1995-08-13,4.281,4.281,4.227,4.281,37992
1995-08-14,4.281,4.281,4.227,4.227,44893
1995-08-15,4.227,4.281,4.227,4.281,100526
1995-08-16,4.227,4.281,4.227,4.281,109604
1995-08-17,4.281,4.281,4.281,4.281,35114
1995-08-19,4.281,4.336,4.281,4.281,110564
1995-08-20,4.281,4.281,4.281,4.281,32475
1995-08-21,4.281,4.336,4.281,4.281,75302
1995-08-22,4.281,4.281,4.227,4.281,205037
1995-08-23,4.281,4.281,4.227,4.281,41295
1995-08-24,4.281,4.281,4.281,4.281,88569
1995-08-26,4.336,4.336,4.281,4.281,124679
1995-08-27,4.281,4.281,4.227,4.281,48049
1995-08-28,4.281,4.281,4.227,4.227,97389
1995-08-29,4.227,4.281,4.227,4.227,8875
1995-08-30,4.227,4.281,4.227,4.281,38251
1995-08-31,4.281,4.281,4.227,4.281,30649
1995-09-02,4.281,4.281,4.227,4.227,443786
1995-09-03,4.227,4.281,4.227,4.281,28859
1995-09-04,4.227,4.281,4.227,4.281,43307
1995-09-05,4.227,4.281,4.227,4.227,76723
1995-09-06,4.281,4.281,4.227,4.281,441166
1995-09-07,4.281,4.281,4.227,4.227,17271
1995-09-09,4.227,4.227,4.227,4.227,18876
1995-09-10,4.227,4.281,4.227,4.281,193819
1995-09-11,4.227,4.281,4.227,4.281,98533
1995-09-12,4.281,4.281,4.227,4.227,24781
1995-09-13,4.227,4.281,4.227,4.281,137430
1995-09-14,4.227,4.281,4.227,4.227,77313
1995-09-16,4.281,4.281,4.227,4.281,234929
1995-09-17,4.281,4.281,4.227,4.227,88901
1995-09-18,4.227,4.227,4.227,4.227,49100
1995-09-19,4.227,4.281,4.227,4.227,163834
1995-09-20,4.227,4.281,4.227,4.227,134090
1995-09-21,4.227,4.281,4.227,4.227,24762
1995-09-23,4.227,4.336,4.227,4.336,336765
1995-09-24,4.336,4.444,4.281,4.336,909862
1995-09-25,4.336,4.39,4.336,4.336,421736
1995-09-26,4.281,4.336,4.281,4.336,71999
1995-09-27,4.281,4.336,4.281,4.336,39247
1995-09-30,4.336,4.444,4.281,4.444,727779
1995-10-01,4.336,4.444,4.336,4.444,696651
1995-10-02,4.444,4.552,4.39,4.498,905452
1995-10-03,4.498,4.498,4.39,4.39,774444
1995-10-04,4.336,4.444,4.336,4.444,150235
1995-10-05,4.39,4.444,4.39,4.39,139293
1995-10-07,4.39,4.39,4.336,4.336,407805
1995-10-08,4.39,4.39,4.336,4.39,199373
1995-10-09,4.336,4.336,4.336,4.336,409373
1995-10-10,4.336,4.336,4.281,4.336,124273
1995-10-11,4.281,4.336,4.281,4.336,59600
1995-10-12,4.336,4.336,4.281,4.281,155734
1995-10-14,4.281,4.281,4.281,4.281,377692
1995-10-15,4.336,4.336,4.281,4.281,91669
1995-10-16,4.227,4.336,4.227,4.281,127429
1995-10-17,4.281,4.281,4.281,4.281,43639
1995-10-18,4.281,4.336,4.227,4.281,142467
1995-10-19,4.281,4.336,4.281,4.336,47495
1995-10-21,4.281,4.281,4.227,4.281,22419
1995-10-22,4.281,4.281,4.227,4.227,197970
1995-10-23,4.227,4.281,4.227,4.227,96411
1995-10-24,4.227,4.281,4.227,4.227,67534
1995-10-25,4.227,4.281,4.227,4.227,178891
1995-10-26,4.227,4.281,4.227,4.281,181769
1995-10-28,4.281,4.281,4.227,4.281,180053
1995-10-29,4.281,4.281,4.227,4.227,75284
1995-10-30,4.227,4.281,4.173,4.227,340050
1995-10-31,4.227,4.227,4.227,4.227,72571
1995-11-01,4.173,4.227,4.173,4.227,35704
1995-11-02,4.227,4.281,4.227,4.281,20721
1995-11-04,4.281,4.281,4.227,4.227,52920
1995-11-05,4.227,4.227,4.227,4.227,59766
1995-11-06,4.227,4.227,4.227,4.227,96688
1995-11-07,4.281,4.281,4.227,4.227,27659
1995-11-08,4.227,4.227,4.173,4.227,24190
1995-11-09,4.173,4.227,4.173,4.227,62386
1995-11-11,4.173,4.227,4.173,4.173,62902
1995-11-12,4.173,4.227,4.173,4.173,114623
1995-11-13,4.173,4.173,4.173,4.173,121948
1995-11-14,4.173,4.173,4.173,4.173,188910
1995-11-15,4.173,4.227,4.173,4.227,19374
1995-11-16,4.173,4.173,4.173,4.173,4613
1995-11-18,4.173,4.173,4.173,4.173,61186
1995-11-19,4.173,4.173,4.173,4.173,82258
1995-11-20,4.173,4.173,4.119,4.119,33472
1995-11-21,4.119,4.173,4.119,4.119,42126
1995-11-22,4.119,4.173,4.119,4.119,51887
1995-11-23,4.119,4.173,4.119,4.119,97813
1995-11-25,4.119,4.173,4.119,4.119,29744
1995-11-26,4.119,4.119,4.065,4.065,88255
1995-11-27,4.065,4.065,4.01,4.065,90876
1995-11-28,4.065,4.119,4.065,4.119,10296
1995-11-29,4.065,4.119,4.065,4.119,74232
1995-11-30,4.065,4.065,4.065,4.065,18452
1995-12-02,4.065,4.065,3.902,3.902,131654
1995-12-03,3.956,3.956,3.956,3.956,31829
1995-12-04,4.01,4.119,3.956,4.065,155476
1995-12-05,4.065,4.119,4.065,4.119,122115
1995-12-06,4.119,4.119,4.065,4.065,251610
1995-12-07,4.065,4.065,4.065,4.065,17160
1995-12-09,4.01,4.065,4.01,4.065,27493
1995-12-10,4.01,4.065,4.01,4.065,43528
1995-12-11,4.01,4.01,4.01,4.01,15573
1995-12-12,4.01,4.01,4.01,4.01,54581
1995-12-13,4.065,4.065,4.01,4.065,84934
1995-12-14,4.01,4.01,4.01,4.01,64582
1995-12-16,4.065,4.065,4.01,4.065,32568
1995-12-17,4.01,4.01,4.01,4.01,2583
1995-12-18,4.01,4.065,4.01,4.01,51259
1995-12-19,4.01,4.01,4.01,4.01,48418
1995-12-20,4.065,4.065,4.01,4.01,2639
1995-12-21,4.065,4.065,4.01,4.065,4539
1995-12-23,4.01,4.01,4.01,4.01,119162
1995-12-24,4.065,4.065,4.01,4.065,7916
1995-12-25,4.01,4.065,4.01,4.01,16607
1995-12-26,4.01,4.01,3.956,3.956,57533
1995-12-27,4.01,4.01,3.956,4.01,45742
1995-12-28,4.01,4.065,4.01,4.065,80358
1995-12-30,4.01,4.119,4.01,4.065,154516
1995-12-31,4.01,4.01,4.01,4.01,27032
1996-01-01,4.01,4.065,4.01,4.065,25021
1996-01-02,4.065,4.065,4.01,4.01,107150
1996-01-03,4.01,4.065,4.01,4.01,21902
1996-01-04,4.01,4.01,4.01,4.01,48104
1996-01-06,4.01,4.01,4.01,4.01,22788
1996-01-07,3.956,3.956,3.956,3.956,102482
1996-01-08,3.956,3.956,3.902,3.956,116597
1996-01-09,3.956,3.956,3.902,3.956,104733
1996-01-10,3.902,3.956,3.902,3.956,39118
1996-01-11,3.902,3.956,3.902,3.956,20297
1996-01-13,3.956,3.956,3.902,3.902,95765
1996-01-14,3.902,3.956,3.902,3.902,34320
1996-01-15,3.902,3.956,3.902,3.902,11348
1996-01-16,3.902,3.956,3.902,3.956,113627
1996-01-17,3.902,3.956,3.902,3.956,14651
1996-01-20,3.956,3.956,3.956,3.956,63788
1996-01-21,3.956,3.956,3.956,3.956,13784
1996-01-22,3.956,3.956,3.956,3.956,35132
1996-01-23,3.902,3.956,3.902,3.902,39838
1996-01-24,3.902,3.902,3.902,3.902,738
1996-01-25,3.902,3.956,3.902,3.956,4502
1996-01-27,3.902,3.956,3.902,3.902,69840
1996-01-28,3.902,3.956,3.902,3.902,9226
1996-01-29,3.902,3.902,3.848,3.902,15204
1996-01-30,3.902,3.902,3.848,3.902,37974
1996-01-31,3.902,3.956,3.848,3.902,26811
1996-02-01,3.902,3.902,3.902,3.902,18452
1996-02-03,3.902,3.902,3.848,3.848,20648
1996-02-04,3.848,3.848,3.848,3.848,165476
1996-02-05,3.848,3.848,3.794,3.794,20297
1996-02-06,3.794,3.848,3.794,3.794,266777
1996-02-07,3.794,3.848,3.794,3.848,68272
1996-02-10,3.794,3.848,3.739,3.739,141913
1996-02-11,3.739,3.739,3.685,3.739,103866
1996-02-12,3.739,3.794,3.685,3.739,74730
1996-02-13,3.739,3.739,3.739,3.739,72424
1996-02-14,3.739,3.794,3.685,3.739,93422
1996-02-15,3.739,3.739,3.739,3.739,4355
1996-02-24,3.739,3.794,3.739,3.794,33915
1996-02-25,3.848,3.956,3.794,3.956,164443
1996-02-26,3.956,3.956,3.848,3.902,135215
1996-02-27,3.848,3.902,3.848,3.848,114642
1996-02-28,3.794,3.848,3.794,3.848,48252
1996-02-29,3.794,3.902,3.794,3.902,190663
1996-03-02,3.848,3.848,3.794,3.794,82609
1996-03-03,3.848,3.848,3.848,3.848,77922
1996-03-04,3.848,3.848,3.794,3.794,60467
1996-03-05,3.848,3.848,3.794,3.794,21736
1996-03-06,3.794,3.848,3.794,3.794,24726
1996-03-07,3.794,3.848,3.794,3.848,41849
1996-03-09,3.794,3.848,3.794,3.794,110601
1996-03-10,3.794,3.848,3.739,3.739,300028
1996-03-11,3.794,3.794,3.739,3.739,55983
1996-03-12,3.739,3.794,3.739,3.739,56850
1996-03-13,3.739,3.739,3.739,3.739,81428
1996-03-14,3.685,3.739,3.685,3.739,28342
1996-03-16,3.739,3.739,3.739,3.739,135345
1996-03-17,3.739,3.848,3.739,3.794,944478
1996-03-18,3.794,3.848,3.794,3.848,254341
1996-03-19,3.848,4.065,3.848,4.065,1533185
1996-03-20,3.956,4.01,3.848,3.902,644044
1996-03-21,3.902,3.902,3.848,3.902,190756
1996-03-23,3.902,4.01,3.902,3.956,262607
1996-03-24,3.902,3.902,3.902,3.902,286115
1996-03-25,3.902,4.173,3.902,4.065,2174868
1996-03-26,4.065,4.065,3.902,3.956,1634855
1996-03-27,3.956,3.956,3.902,3.956,535695
1996-03-28,3.902,3.956,3.902,3.956,215260
1996-03-30,3.956,3.956,3.902,3.902,298718
1996-03-31,3.902,3.902,3.902,3.902,427973
1996-04-01,3.956,3.956,3.848,3.902,297703
1996-04-02,3.848,3.848,3.794,3.848,671280
1996-04-03,3.848,3.848,3.848,3.848,323904
1996-04-04,3.848,3.848,3.794,3.848,331470
1996-04-06,3.848,3.848,3.739,3.794,519734
1996-04-07,3.794,3.794,3.739,3.739,454581
1996-04-08,3.794,3.848,3.739,3.794,524864
1996-04-09,3.794,3.794,3.794,3.794,234708
1996-04-10,3.794,3.794,3.794,3.794,189224
1996-04-11,3.794,3.794,3.794,3.794,106006
1996-04-13,3.794,3.794,3.739,3.739,239026
1996-04-14,3.794,3.794,3.739,3.739,105674
1996-04-15,3.794,3.794,3.794,3.794,864692
1996-04-16,3.848,3.848,3.739,3.739,151010
1996-04-17,3.739,3.794,3.739,3.794,225999
1996-04-18,3.739,3.739,3.739,3.739,152597
1996-04-20,3.739,3.794,3.739,3.739,102869
1996-04-21,3.739,3.794,3.739,3.794,199059
1996-04-22,3.739,3.848,3.739,3.794,260614
1996-04-23,3.794,3.794,3.794,3.794,137356
1996-04-24,3.794,3.794,3.794,3.794,90414
1996-05-04,3.794,3.794,3.739,3.794,158243
1996-05-05,3.794,3.794,3.794,3.794,125842
1996-05-06,3.794,3.794,3.739,3.794,133167
1996-05-07,3.794,3.902,3.739,3.902,841074
1996-05-08,3.848,3.848,3.794,3.794,441923
1996-05-09,3.794,3.794,3.794,3.794,32604
1996-05-11,3.794,3.848,3.794,3.794,280229
1996-05-14,3.848,3.902,3.794,3.848,1829596
1996-05-15,3.848,3.956,3.848,3.848,672184
1996-05-16,3.848,3.848,3.794,3.794,177968
1996-05-18,3.848,3.848,3.794,3.848,180828
1996-05-19,3.794,3.848,3.794,3.848,107464
1996-05-20,3.794,3.848,3.794,3.848,776695
1996-05-21,3.848,3.848,3.848,3.848,467958
1996-05-22,3.794,3.848,3.794,3.848,358668
1996-05-23,3.848,3.848,3.848,3.848,95452
1996-05-25,3.848,3.848,3.794,3.794,348372
1996-05-26,3.794,3.794,3.794,3.794,607251
1996-05-29,3.794,3.794,3.739,3.794,155789
1996-05-30,3.739,3.794,3.739,3.739,73180
1996-06-01,3.794,3.794,3.739,3.739,149368
1996-06-02,3.739,3.739,3.685,3.685,294437
1996-06-03,3.739,3.739,3.685,3.685,81188
1996-06-04,3.739,3.739,3.685,3.739,112409
1996-06-05,3.739,3.739,3.739,3.739,181696
1996-06-06,3.685,3.685,3.685,3.685,554
1996-06-08,3.739,3.739,3.685,3.685,71852
1996-06-09,3.739,3.739,3.685,3.685,38380
1996-06-10,3.739,3.739,3.685,3.685,272774
1996-06-11,3.685,3.685,3.685,3.685,111412
1996-06-12,3.685,3.739,3.685,3.739,484344
1996-06-13,3.685,3.685,3.685,3.685,30206
1996-06-15,3.685,3.685,3.685,3.685,51850
1996-06-16,3.685,3.685,3.685,3.685,232937
1996-06-17,3.631,3.685,3.631,3.631,187877
1996-06-18,3.631,3.685,3.631,3.631,68659
1996-06-19,3.631,3.685,3.631,3.685,15906
1996-06-20,3.631,3.685,3.631,3.631,14097
1996-06-22,3.685,3.685,3.631,3.631,258714
1996-06-23,3.631,3.631,3.577,3.631,164074
1996-06-24,3.631,3.631,3.577,3.577,64766
1996-06-25,3.577,3.631,3.577,3.577,541692
1996-06-26,3.577,3.577,3.523,3.523,302371
1996-06-27,3.523,3.577,3.523,3.577,300415
1996-06-29,3.577,3.631,3.523,3.577,117594
1996-06-30,3.631,3.631,3.523,3.577,370735
1996-07-01,3.577,3.577,3.523,3.523,169093
1996-07-02,3.577,3.577,3.468,3.523,155254
1996-07-03,3.523,3.523,3.523,3.523,79140
1996-07-04,3.523,3.523,3.523,3.523,9374
1996-07-06,3.523,3.523,3.523,3.523,79417
1996-07-07,3.468,3.523,3.468,3.468,262257
1996-07-08,3.468,3.468,3.414,3.414,116948
1996-07-09,3.468,3.468,3.414,3.414,110674
1996-07-10,3.414,3.468,3.36,3.414,507113
1996-07-11,3.36,3.414,3.36,3.414,46130
1996-07-13,3.414,3.414,3.36,3.414,231996
1996-07-14,3.36,3.414,3.306,3.36,163594
1996-07-15,3.36,3.36,3.252,3.252,559074
1996-07-16,3.252,3.306,3.252,3.306,234837
1996-07-17,3.306,3.306,3.252,3.252,222770
1996-07-18,3.252,3.252,3.198,3.198,149774
1996-07-20,3.252,3.36,3.252,3.306,268604
1996-07-21,3.36,3.523,3.306,3.36,542614
1996-07-22,3.414,3.468,3.36,3.414,286908
1996-07-23,3.414,3.577,3.414,3.523,1050300
1996-07-24,3.523,3.523,3.414,3.523,517871
1996-07-25,3.468,3.468,3.414,3.414,386456
1996-07-27,3.414,3.414,3.414,3.414,48252
1996-07-28,3.414,3.468,3.414,3.468,218378
1996-07-29,3.468,3.468,3.414,3.414,155512
1996-07-30,3.414,3.468,3.414,3.414,124809
1996-07-31,3.468,3.468,3.36,3.414,113700
1996-08-01,3.36,3.414,3.36,3.414,85986
1996-08-03,3.468,3.523,3.414,3.414,249359
1996-08-04,3.414,3.468,3.36,3.36,793228
1996-08-05,3.36,3.36,3.36,3.36,136083
1996-08-06,3.36,3.468,3.36,3.36,789058
1996-08-07,3.36,3.414,3.36,3.36,51610
1996-08-08,3.414,3.414,3.36,3.36,1845
1996-08-10,3.36,3.414,3.36,3.414,11791
1996-08-11,3.36,3.414,3.36,3.414,239856
1996-08-12,3.414,3.468,3.414,3.414,208802
1996-08-13,3.414,3.468,3.414,3.414,206513
1996-08-14,3.414,3.414,3.414,3.414,13138
1996-08-15,3.414,3.468,3.414,3.468,428988
1996-08-17,3.468,3.523,3.414,3.468,331138
1996-08-18,3.414,3.468,3.414,3.414,114845
1996-08-19,3.414,3.468,3.414,3.414,86281
1996-08-20,3.468,3.523,3.468,3.468,147615
1996-08-21,3.414,3.468,3.414,3.414,118240
1996-08-22,3.468,3.468,3.414,3.468,48861
1996-08-24,3.414,3.468,3.414,3.414,371436
1996-08-25,3.414,3.468,3.414,3.468,65357
1996-08-27,3.414,3.468,3.414,3.414,119255
1996-08-28,3.414,3.468,3.414,3.468,19928
1996-08-29,3.414,3.414,3.414,3.414,27235
1996-08-31,3.468,3.468,3.414,3.468,44285
1996-09-01,3.414,3.468,3.414,3.468,92702
1996-09-02,3.468,3.523,3.414,3.523,441184
1996-09-03,3.468,3.523,3.414,3.414,216717
1996-09-04,3.414,3.468,3.414,3.414,77904
1996-09-07,3.468,3.577,3.468,3.577,852311
1996-09-08,3.523,3.523,3.468,3.468,358409
1996-09-09,3.468,3.523,3.468,3.468,20002
1996-09-10,3.468,3.523,3.468,3.523,394667
1996-09-11,3.523,3.631,3.523,3.577,701448
1996-09-12,3.577,3.577,3.577,3.577,536101
1996-09-14,3.577,3.685,3.577,3.631,990368
1996-09-15,3.577,3.631,3.577,3.577,636959
1996-09-16,3.523,3.577,3.523,3.523,542375
1996-09-17,3.523,3.577,3.523,3.523,158243
1996-09-18,3.468,3.523,3.468,3.468,129089
1996-09-19,3.468,3.523,3.468,3.468,161196
1996-09-21,3.523,3.577,3.468,3.523,321819
1996-09-22,3.523,3.523,3.468,3.523,106357
1996-09-23,3.523,3.523,3.468,3.523,41738
1996-09-24,3.523,3.523,3.468,3.523,185294
1996-09-25,3.468,3.523,3.468,3.523,37605
1996-09-26,3.468,3.523,3.468,3.523,287554
1996-09-28,3.577,3.685,3.577,3.577,2277239
1996-09-29,3.577,3.577,3.577,3.577,567451
1996-09-30,3.577,3.577,3.577,3.577,278033
1996-10-01,3.577,3.577,3.523,3.577,299142
1996-10-02,3.577,3.577,3.577,3.577,411791
1996-10-03,3.631,3.631,3.577,3.577,434450
1996-10-05,3.631,3.685,3.631,3.631,730879
1996-10-06,3.631,3.631,3.631,3.631,517391
1996-10-07,3.631,3.631,3.631,3.631,337134
1996-10-08,3.577,3.631,3.577,3.631,118092
1996-10-09,3.631,3.956,3.631,3.956,4751434
1996-10-10,4.065,4.119,3.956,3.956,3021680
1996-10-12,3.956,3.956,3.739,3.739,4024484
1996-10-13,3.794,3.794,3.685,3.739,731174
1996-10-14,3.739,3.794,3.739,3.739,846388
1996-10-15,3.739,3.739,3.685,3.739,470947
1996-10-16,3.739,3.794,3.739,3.794,1094953
1996-10-17,3.739,3.902,3.739,3.902,2891115
1996-10-19,3.848,3.956,3.848,3.902,2047845
1996-10-20,3.902,4.01,3.902,3.902,2899658
1996-10-21,3.956,3.956,3.794,3.848,4313921
1996-10-22,3.848,3.902,3.794,3.848,4945104
1996-10-23,3.794,3.848,3.739,3.739,3022769
1996-10-24,3.739,3.794,3.739,3.739,1750604
1996-10-26,3.794,3.794,3.739,3.739,764019
1996-10-27,3.794,3.794,3.739,3.739,416330
1996-10-28,3.739,3.794,3.739,3.739,772285
1996-10-29,3.739,3.739,3.739,3.739,104198
1996-10-30,3.739,3.794,3.739,3.739,176769
1996-10-31,3.739,3.739,3.739,3.739,66427
1996-11-02,3.739,3.794,3.739,3.739,1026607
1996-11-03,3.739,3.739,3.739,3.739,494510
1996-11-04,3.739,3.739,3.631,3.631,784205
1996-11-05,3.685,3.685,3.685,3.685,184076
1996-11-06,3.685,3.739,3.685,3.685,71667
1996-11-07,3.685,3.685,3.631,3.685,37217
1996-11-09,3.739,3.739,3.631,3.631,50927
1996-11-10,3.631,3.685,3.631,3.685,59323
1996-11-11,3.631,3.685,3.631,3.631,124329
1996-11-12,3.631,3.631,3.577,3.631,577507
1996-11-13,3.577,3.631,3.577,3.577,392970
1996-11-14,3.577,3.631,3.577,3.631,81096
1996-11-16,3.631,3.739,3.631,3.685,2103220
1996-11-17,3.631,3.685,3.631,3.685,210462
1996-11-18,3.631,3.685,3.631,3.685,956509
1996-11-19,3.685,3.685,3.685,3.685,36904
1996-11-20,3.739,3.794,3.685,3.794,1288255
1996-11-21,3.739,3.739,3.739,3.739,329698
1996-11-23,3.739,3.739,3.739,3.739,329532
1996-11-24,3.739,3.794,3.739,3.739,123111
1996-11-25,3.794,3.794,3.739,3.739,766104
1996-11-26,3.794,3.794,3.739,3.739,259064
1996-11-27,3.739,3.848,3.739,3.794,934477
1996-11-28,3.848,3.848,3.794,3.848,1140603
1996-11-30,3.848,3.902,3.794,3.848,2576732
1996-12-01,3.848,3.848,3.794,3.794,1046037
1996-12-02,3.794,3.848,3.739,3.848,716708
1996-12-03,3.848,3.902,3.794,3.848,1458474
1996-12-04,3.794,3.848,3.794,3.848,128979
1996-12-05,3.848,3.848,3.794,3.794,337633
1996-12-07,3.848,3.902,3.794,3.902,1267349
1996-12-08,3.902,3.956,3.848,3.902,1552560
1996-12-09,3.902,3.902,3.848,3.848,974794
1996-12-10,3.848,3.848,3.848,3.848,433619
1996-12-11,3.794,3.794,3.739,3.739,778835
1996-12-12,3.739,3.794,3.739,3.794,530492
1996-12-14,3.794,3.794,3.794,3.794,1250742
1996-12-15,3.794,3.848,3.739,3.794,105545
1996-12-16,3.739,3.739,3.685,3.739,1011661
1996-12-17,3.739,3.794,3.739,3.794,92831
1996-12-18,3.739,3.739,3.739,3.739,18599
1996-12-19,3.739,3.794,3.739,3.794,64877
1996-12-21,3.794,3.794,3.739,3.739,24910
1996-12-22,3.794,3.794,3.739,3.794,109567
1996-12-23,3.794,3.848,3.739,3.848,1650189
1996-12-24,3.848,3.956,3.848,3.956,2447126
1996-12-25,3.902,3.902,3.794,3.794,1844284
1996-12-26,3.848,3.902,3.848,3.848,823600
1996-12-28,3.848,3.902,3.848,3.848,500064
1996-12-29,3.848,3.902,3.794,3.848,1187397
1996-12-30,3.848,3.848,3.848,3.848,218895
1996-12-31,3.848,3.902,3.848,3.848,56389
1997-01-01,3.848,3.902,3.848,3.848,73974
1997-01-02,3.902,3.902,3.902,3.902,5000
1997-01-04,3.902,3.902,3.848,3.848,102334
1997-01-05,3.848,3.902,3.848,3.848,241074
1997-01-06,3.848,3.956,3.848,3.956,2685395
1997-01-07,3.956,4.01,3.956,3.956,1722133
1997-01-08,3.902,3.956,3.902,3.902,1308644
1997-01-09,3.902,3.902,3.902,3.902,83421
1997-01-11,3.956,4.227,3.956,4.173,4944662
1997-01-12,4.119,4.281,4.119,4.227,3174037
1997-01-13,4.227,4.552,4.227,4.39,7248896
1997-01-14,4.336,4.336,4.173,4.281,4116024
1997-01-15,4.281,4.336,4.173,4.227,2974074
1997-01-16,4.227,4.227,4.173,4.227,705951
1997-01-18,4.227,4.227,4.119,4.119,1333554
1997-01-19,4.119,4.227,4.119,4.227,2443933
1997-01-20,4.227,4.227,4.173,4.173,749718
1997-01-21,4.173,4.281,4.173,4.281,1299511
1997-01-22,4.281,4.336,4.281,4.336,2801439
1997-01-23,4.336,4.39,4.336,4.336,772027
1997-01-25,4.336,4.444,4.336,4.39,2794704
1997-01-26,4.39,4.498,4.39,4.444,2579887
1997-01-27,4.444,4.552,4.444,4.498,4163298
1997-01-28,4.498,4.552,4.444,4.444,2435944
1997-01-29,4.444,4.552,4.444,4.498,2147725
1997-01-30,4.444,4.498,4.444,4.498,297813
1997-02-01,4.444,4.607,4.444,4.552,2452440
1997-02-02,4.552,4.607,4.498,4.607,1194446
1997-02-03,4.607,4.607,4.498,4.498,3173927
1997-02-04,4.498,4.552,4.444,4.498,878328
1997-02-05,4.498,4.552,4.498,4.552,898311
1997-02-15,4.552,4.661,4.552,4.661,3182913
1997-02-16,4.661,4.769,4.661,4.769,4917667
1997-02-17,4.769,4.986,4.769,4.932,6307610
1997-02-18,4.878,4.932,4.823,4.823,5970845
1997-02-19,4.878,4.932,4.823,4.878,2995036
1997-02-20,4.878,4.878,4.823,4.823,619485
1997-02-22,4.878,4.932,4.823,4.878,2541692
1997-02-23,4.878,4.932,4.878,4.878,2419503
1997-02-24,4.878,4.932,4.823,4.878,1324310
1997-02-25,4.823,4.986,4.823,4.986,5677330
1997-02-26,4.986,4.986,4.986,4.986,2498422
1997-02-27,4.986,4.986,4.878,4.932,1856167
1997-03-01,4.932,4.932,4.823,4.823,3247568
1997-03-02,4.823,4.823,4.715,4.769,2845446
1997-03-03,4.769,4.878,4.769,4.769,2033766
1997-03-04,4.769,4.823,4.715,4.769,1834542
1997-03-05,4.715,4.715,4.661,4.661,2644542
1997-03-06,4.607,4.823,4.607,4.769,2190423
1997-03-08,4.769,4.932,4.769,4.932,5489970
1997-03-09,4.878,4.878,4.715,4.715,2976824
1997-03-10,4.715,4.769,4.715,4.715,1991899
1997-03-11,4.715,4.715,4.661,4.661,947892
1997-03-12,4.715,4.769,4.715,4.715,442532
1997-03-13,4.715,4.769,4.715,4.769,1775902
1997-03-15,4.769,4.878,4.769,4.769,2566306
1997-03-16,4.769,4.932,4.769,4.878,5828489
1997-03-17,4.932,4.986,4.878,4.878,9191898
1997-03-18,4.878,4.878,4.823,4.823,1273512
1997-03-19,4.878,4.932,4.823,4.932,5006420
1997-03-20,4.932,4.932,4.878,4.878,1290580
1997-03-22,4.878,4.878,4.878,4.878,1154147
1997-03-23,4.878,4.932,4.878,4.878,1073438
1997-03-24,4.878,4.878,4.878,4.878,660633
1997-03-25,4.878,4.878,4.878,4.878,1220131
1997-03-26,4.932,4.932,4.823,4.823,1187840
1997-03-27,4.878,4.878,4.823,4.823,385829
1997-03-29,4.878,4.878,4.769,4.823,3157634
1997-03-30,4.823,4.823,4.715,4.823,3290118
1997-03-31,4.769,4.769,4.715,4.769,948593
1997-04-01,4.715,4.823,4.715,4.769,1305471
1997-04-02,4.769,4.769,4.715,4.715,580090
1997-04-03,4.715,4.715,4.661,4.715,1115785
1997-04-05,4.715,4.715,4.661,4.661,138389
1997-04-06,4.661,4.769,4.661,4.769,466833
1997-04-07,4.715,4.769,4.715,4.769,387047
1997-04-08,4.769,4.769,4.715,4.715,1148316
1997-04-09,4.715,4.769,4.661,4.661,908257
1997-04-10,4.661,4.715,4.661,4.661,379684
1997-04-12,4.661,4.769,4.661,4.769,484712
1997-04-13,4.715,4.715,4.715,4.715,867792
1997-04-14,4.715,4.823,4.715,4.769,786290
1997-04-22,4.823,4.823,4.769,4.769,632531
1997-04-23,4.769,4.769,4.769,4.769,366676
1997-04-24,4.823,4.823,4.769,4.769,246831
1997-04-26,4.769,4.823,4.769,4.769,214411
1997-04-27,4.769,4.823,4.715,4.715,1090008
1997-04-28,4.715,4.769,4.715,4.715,1089307
1997-04-29,4.715,4.715,4.715,4.715,426847
1997-04-30,4.769,4.769,4.661,4.715,1726395
1997-05-01,4.715,4.715,4.607,4.661,752948
1997-05-04,4.39,4.39,4.336,4.39,786253
1997-05-05,4.336,4.336,4.336,4.336,534145
1997-05-06,4.336,4.336,4.281,4.281,92518
1997-05-07,4.281,4.281,4.227,4.227,653307
1997-05-08,4.227,4.227,4.173,4.173,248012
1997-05-10,4.173,4.173,4.065,4.065,400572
1997-05-11,4.065,4.119,4.01,4.119,976252
1997-05-12,4.119,4.281,4.119,4.227,1295894
1997-05-13,4.173,4.173,4.119,4.119,944201
1997-05-14,4.065,4.173,4.065,4.065,217935
1997-05-15,4.065,4.119,4.065,4.065,223268
1997-05-17,4.119,4.119,4.119,4.119,236775
1997-05-18,4.119,4.119,4.065,4.119,910028
1997-05-19,4.065,4.065,4.01,4.01,847735
1997-05-20,4.01,4.119,4.01,4.119,499788
1997-05-21,4.065,4.173,4.065,4.119,669822
1997-05-22,4.119,4.119,4.065,4.119,66058
1997-05-24,4.119,4.173,4.119,4.119,410130
1997-05-25,4.119,4.119,4.119,4.119,212326
1997-05-26,4.119,4.119,4.119,4.119,216828
1997-05-27,4.119,4.227,4.119,4.173,807694
1997-05-28,4.119,4.173,4.119,4.173,579592
1997-05-29,4.119,4.173,4.119,4.173,17511
1997-05-31,4.119,4.119,4.119,4.119,182969
1997-06-01,4.119,4.119,4.119,4.119,382194
1997-06-02,4.119,4.119,4.119,4.119,179371
1997-06-03,4.119,4.173,4.119,4.173,25464
1997-06-04,4.173,4.173,4.173,4.173,946914
1997-06-05,4.173,4.173,4.173,4.173,106652
1997-06-07,4.173,4.227,4.173,4.173,271796
1997-06-08,4.173,4.227,4.173,4.227,212197
1997-06-09,4.173,4.227,4.173,4.173,271409
1997-06-10,4.173,4.227,4.173,4.173,282701
1997-06-11,4.227,4.227,4.173,4.173,228379
1997-06-14,4.173,4.173,4.173,4.173,29025
1997-06-15,4.173,4.173,4.173,4.173,41701
1997-06-16,4.227,4.336,4.173,4.281,2071999
1997-06-17,4.281,4.39,4.281,4.336,1399963
1997-06-18,4.39,4.444,4.336,4.336,2446941
1997-06-19,4.336,4.39,4.336,4.336,949958
1997-06-21,4.336,4.39,4.227,4.281,1220924
1997-06-22,4.227,4.281,4.227,4.227,43104
1997-06-23,4.227,4.281,4.227,4.281,418544
1997-06-24,4.281,4.281,4.227,4.227,219725
1997-06-25,4.227,4.227,4.227,4.227,546803
1997-06-26,4.227,4.227,4.227,4.227,212326
1997-06-28,4.227,4.281,4.173,4.173,113387
1997-06-29,4.227,4.227,4.173,4.227,80893
1997-06-30,4.173,4.227,4.173,4.227,116690
1997-07-01,4.173,4.281,4.173,4.227,66574
1997-07-02,4.173,4.281,4.173,4.281,295581
1997-07-03,4.227,4.281,4.227,4.281,30261
1997-07-05,4.227,4.281,4.227,4.281,274933
1997-07-06,4.227,4.281,4.227,4.281,652643
1997-07-07,4.227,4.336,4.227,4.336,710711
1997-07-08,4.281,4.336,4.281,4.281,1042716
1997-07-09,4.281,4.336,4.227,4.281,452108
1997-07-10,4.281,4.281,4.281,4.281,299566
1997-07-12,4.281,4.281,4.281,4.281,215333
1997-07-13,4.336,4.336,4.281,4.336,51093
1997-07-14,4.281,4.39,4.281,4.39,2141156
1997-07-15,4.39,4.39,4.336,4.39,909696
1997-07-16,4.39,4.39,4.336,4.336,414540
1997-07-17,4.336,4.39,4.336,4.336,183781
1997-07-19,4.336,4.336,4.336,4.336,1048454
1997-07-20,4.336,4.39,4.336,4.336,246997
1997-07-21,4.336,4.444,4.336,4.444,1379260
1997-07-22,4.39,4.498,4.39,4.498,2909161
1997-07-23,4.498,4.607,4.498,4.498,2761804
1997-07-24,4.552,4.552,4.498,4.498,980773
1997-07-26,4.498,4.552,4.498,4.552,1771879
1997-07-27,4.552,4.607,4.498,4.607,2119217
1997-07-28,4.607,4.715,4.607,4.715,2407325
1997-07-29,4.715,4.715,4.607,4.607,3224134
1997-07-30,4.607,4.607,4.498,4.607,2737503
1997-07-31,4.607,4.607,4.552,4.552,326875
1997-08-02,4.552,4.661,4.552,4.661,2622344
1997-08-03,4.661,4.715,4.607,4.661,2335362
1997-08-04,4.661,4.661,4.607,4.661,1489196
1997-08-05,4.607,4.715,4.607,4.607,1668585
1997-08-06,4.552,4.607,4.552,4.607,544054
1997-08-07,4.607,4.661,4.607,4.607,197011
1997-08-09,4.607,4.607,4.607,4.607,183781
1997-08-10,4.607,4.607,4.607,4.607,541028
1997-08-11,4.607,4.607,4.607,4.607,659249
1997-08-12,4.607,4.607,4.552,4.607,570920
1997-08-13,4.607,4.661,4.607,4.661,215260
1997-08-16,4.607,4.715,4.607,4.715,901024
1997-08-17,4.661,4.715,4.661,4.661,1449524
1997-08-18,4.661,4.769,4.661,4.769,2698126
1997-08-19,4.715,4.769,4.715,4.715,1271058
1997-08-20,4.715,4.823,4.715,4.769,2874084
1997-08-21,4.715,4.769,4.715,4.769,905120
1997-08-23,4.769,4.823,4.715,4.823,1241756
1997-08-24,4.823,4.878,4.715,4.715,4678622
1997-08-25,4.715,4.769,4.661,4.769,1234468
1997-08-26,4.715,4.769,4.715,4.715,821699
1997-08-27,4.715,4.823,4.715,4.823,1183227
1997-08-28,4.823,4.823,4.769,4.823,550198
1997-08-30,4.769,4.823,4.769,4.769,1276317
1997-08-31,4.769,4.769,4.715,4.769,598524
1997-09-01,4.715,4.769,4.715,4.715,122853
1997-09-02,4.715,4.769,4.715,4.715,1093440
1997-09-03,4.715,4.769,4.715,4.769,1242790
1997-09-04,4.769,4.769,4.769,4.769,1011237
1997-09-06,4.769,4.878,4.769,4.823,3484232
1997-09-07,4.823,4.878,4.823,4.823,2344865
1997-09-08,4.823,4.932,4.823,4.878,2207030
1997-09-09,4.932,4.932,4.823,4.823,2430888
1997-09-10,4.823,4.878,4.769,4.823,1564258
1997-09-11,4.823,4.823,4.823,4.823,138112
1997-09-13,4.823,4.823,4.823,4.823,613211
1997-09-14,4.823,4.823,4.769,4.769,805628
1997-09-15,4.769,4.823,4.769,4.823,981640
1997-09-16,4.769,4.878,4.769,4.823,752136
1997-09-17,4.823,5.04,4.769,5.04,8073658
1997-09-18,4.986,5.094,4.986,4.986,4001032
1997-09-20,4.986,4.986,4.878,4.878,2412805
1997-09-21,4.932,4.986,4.878,4.932,2638638
1997-09-22,4.932,4.986,4.932,4.932,679730
1997-09-23,4.932,4.932,4.878,4.878,1211052
1997-09-24,4.878,5.04,4.878,5.04,3551028
1997-09-25,5.04,5.04,4.986,4.986,1482074
1997-09-27,4.986,5.04,4.932,4.986,1223747
1997-09-28,4.986,5.094,4.986,5.04,4975919
1997-09-29,5.04,5.04,4.986,5.04,1162339
1997-09-30,5.04,5.094,4.986,5.04,1648934
1997-10-01,5.04,5.094,4.986,5.04,872276
1997-10-02,5.04,5.094,5.04,5.04,66390
1997-10-04,5.04,5.149,5.04,5.094,2701430
1997-10-05,5.04,5.094,5.04,5.04,6370199
1997-10-06,5.04,5.04,5.04,5.04,1920177
1997-10-07,5.04,5.149,5.04,5.094,4200516
1997-10-08,5.094,5.149,5.094,5.094,3103348
1997-10-09,5.094,5.149,5.094,5.149,1293809
1997-10-11,5.149,5.203,5.149,5.203,4236350
1997-10-12,5.203,5.311,5.149,5.311,4439191
1997-10-13,5.257,5.42,5.257,5.365,5640980
1997-10-14,5.365,5.42,5.203,5.203,6302702
1997-10-15,5.203,5.257,5.203,5.203,3190165
1997-10-16,5.257,5.311,5.203,5.203,781843
1997-10-18,5.203,5.257,5.203,5.257,1532576
1997-10-19,5.257,5.42,5.257,5.365,6311854
1997-10-20,5.42,5.528,5.42,5.42,8856829
1997-10-21,5.42,5.474,5.365,5.42,2526893
1997-10-22,5.42,5.474,5.42,5.474,1251425
1997-10-23,5.42,5.42,5.311,5.311,2525638
1997-10-25,5.365,5.42,5.311,5.365,900913
1997-10-26,5.42,5.42,5.311,5.365,1243583
1997-10-27,5.365,5.42,5.365,5.365,2284860
1997-10-28,5.365,5.365,5.149,5.149,5833102
1997-10-29,5.311,5.42,5.311,5.365,4348703
1997-10-30,5.311,5.42,5.311,5.42,919033
1997-11-01,5.42,5.42,5.311,5.311,1475412
1997-11-02,5.311,5.365,5.311,5.365,477184
1997-11-03,5.311,5.365,5.311,5.311,601900
1997-11-04,5.311,5.311,5.257,5.257,1572359
1997-11-05,5.257,5.257,5.094,5.094,2793615
1997-11-06,5.149,5.149,5.04,5.149,487333
1997-11-08,5.094,5.203,5.094,5.203,1633693
1997-11-09,5.149,5.203,5.094,5.149,1649783
1997-11-10,5.094,5.149,5.094,5.149,231054
1997-11-11,5.094,5.149,5.094,5.094,1066925
1997-11-12,5.149,5.149,5.094,5.094,139847
1997-11-13,5.094,5.094,5.094,5.094,888015
1997-11-15,5.094,5.203,5.094,5.203,3410295
1997-11-16,5.149,5.149,5.149,5.149,1445096
1997-11-17,5.149,5.203,5.149,5.203,586678
1997-11-18,5.203,5.203,5.149,5.203,1320343
1997-11-19,5.203,5.257,5.203,5.203,322797
1997-11-20,5.203,5.203,5.203,5.203,27567
1997-11-22,5.203,5.257,5.203,5.257,967358
1997-11-23,5.257,5.311,5.203,5.257,449377
1997-11-24,5.257,5.257,5.203,5.203,97131
1997-11-25,5.203,5.257,5.203,5.257,133407
1997-11-26,5.203,5.257,5.203,5.257,70283
1997-11-27,5.257,5.257,5.203,5.257,16311
1997-11-29,5.203,5.257,5.203,5.257,63880
1997-11-30,5.203,5.257,5.203,5.203,40871
1997-12-01,5.203,5.365,5.203,5.311,2158944
1997-12-02,5.257,5.365,5.257,5.365,1115582
1997-12-03,5.365,5.365,5.311,5.365,1753870
1997-12-04,5.365,5.365,5.311,5.365,884122
1997-12-06,5.311,5.311,5.311,5.311,170938
1997-12-07,5.311,5.311,5.257,5.257,2337983
1997-12-08,5.257,5.257,5.203,5.203,1364295
1997-12-09,5.257,5.257,5.149,5.149,4279877
1997-12-10,5.203,5.203,5.094,5.094,1358668
1997-12-11,5.149,5.203,5.149,5.149,22714
1997-12-13,5.149,5.203,5.149,5.149,146785
1997-12-14,5.149,5.203,5.094,5.149,700489
1997-12-15,5.149,5.203,5.149,5.149,535178
1997-12-16,5.094,5.149,4.986,5.04,1841221
1997-12-17,5.04,5.094,4.986,4.986,2786917
1997-12-18,4.986,5.04,4.986,4.986,235261
1997-12-20,5.04,5.04,4.932,4.932,1121432
1997-12-21,4.986,5.04,4.986,4.986,453363
1997-12-22,4.986,5.04,4.932,4.932,1296171
1997-12-23,4.932,4.986,4.878,4.932,1714475
1997-12-24,4.932,4.932,4.878,4.932,143814
1997-12-25,4.878,4.878,4.823,4.878,667884
1997-12-27,4.932,4.932,4.878,4.878,373503
1997-12-28,4.878,4.932,4.878,4.878,595479
1997-12-29,4.878,4.932,4.823,4.878,1806993
1997-12-30,4.823,4.823,4.823,4.823,1098256
1997-12-31,4.823,4.878,4.823,4.823,239893
1998-01-01,4.823,4.878,4.823,4.823,58123
1998-01-03,4.823,4.823,4.769,4.823,813783
1998-01-04,4.769,4.769,4.715,4.769,564425
1998-01-05,4.769,4.823,4.769,4.823,388357
1998-01-06,4.823,4.932,4.823,4.932,1014318
1998-01-07,4.878,4.932,4.823,4.878,1270929
1998-01-08,4.878,4.878,4.878,4.878,262478
1998-01-10,4.878,4.878,4.823,4.823,456500
1998-01-11,4.823,4.823,4.769,4.823,339146
1998-01-12,4.823,4.878,4.769,4.769,676631
1998-01-13,4.769,4.823,4.769,4.769,140345
1998-01-14,4.769,4.878,4.769,4.769,712095
1998-01-15,4.769,4.823,4.769,4.823,114162
1998-01-17,4.823,4.823,4.769,4.769,101836
1998-01-18,4.769,4.769,4.715,4.715,393726
1998-01-19,4.769,4.769,4.715,4.769,220094
1998-01-20,4.769,4.769,4.715,4.769,115509
1998-01-21,4.769,4.823,4.769,4.823,178282
1998-01-22,4.769,4.823,4.769,4.769,63548
1998-01-24,4.715,4.769,4.661,4.715,783356
1998-01-25,4.715,4.715,4.661,4.715,282830
1998-02-02,4.769,4.769,4.661,4.661,63456
1998-02-03,4.715,4.715,4.661,4.715,75745
1998-02-04,4.715,4.715,4.607,4.607,222622
1998-02-05,4.661,4.661,4.552,4.552,78420
1998-02-07,4.552,4.552,4.227,4.227,761196
1998-02-08,4.227,4.227,4.01,4.173,2128942
1998-02-09,4.173,4.39,4.119,4.39,883458
1998-02-10,4.444,4.552,4.336,4.444,2385921
1998-02-11,4.39,4.444,4.336,4.336,686096
1998-02-12,4.39,4.39,4.281,4.336,108534
1998-02-14,4.39,4.39,4.119,4.227,638454
1998-02-15,4.173,4.281,4.119,4.281,494806
1998-02-16,4.281,4.336,4.227,4.281,902961
1998-02-17,4.336,4.336,4.281,4.336,836867
1998-02-18,4.336,4.444,4.336,4.39,1167561
1998-02-19,4.336,4.39,4.336,4.39,420887
1998-02-21,4.336,4.39,4.336,4.39,582360
1998-02-22,4.39,4.444,4.39,4.444,586696
1998-02-23,4.444,4.552,4.444,4.498,2213654
1998-02-24,4.552,4.661,4.552,4.607,2178817
1998-02-25,4.607,4.607,4.552,4.552,839671
1998-02-26,4.552,4.552,4.552,4.552,498773
1998-02-28,4.552,4.607,4.552,4.552,1116800
1998-03-01,4.552,4.607,4.552,4.607,787379
1998-03-02,4.607,4.607,4.552,4.607,699548
1998-03-03,4.552,4.552,4.498,4.498,665043
1998-03-04,4.498,4.498,4.444,4.444,965550
1998-03-05,4.444,4.444,4.444,4.444,58677
1998-03-07,4.444,4.444,4.336,4.39,986641
1998-03-08,4.336,4.39,4.336,4.336,437273
1998-03-09,4.336,4.336,4.227,4.227,395258
1998-03-10,4.227,4.281,4.173,4.281,595904
1998-03-11,4.227,4.39,4.227,4.336,557634
1998-03-12,4.39,4.39,4.336,4.336,278753
1998-03-14,4.336,4.336,4.173,4.227,1009484
1998-03-15,4.173,4.173,4.119,4.119,924439
1998-03-16,4.173,4.173,4.119,4.173,337153
1998-03-17,4.173,4.227,4.173,4.227,348999
1998-03-18,4.173,4.173,4.065,4.119,565993
1998-03-19,4.119,4.173,4.065,4.173,370329
1998-03-21,4.227,4.227,4.119,4.173,491005
1998-03-22,4.119,4.227,4.119,4.173,372673
1998-03-23,4.227,4.336,4.173,4.336,2322944
1998-03-24,4.336,4.336,4.173,4.227,954405
1998-03-25,4.227,4.227,4.173,4.227,291189
1998-03-26,4.227,4.227,4.173,4.227,134699
1998-03-28,4.227,4.281,4.173,4.227,460227
1998-03-29,4.227,4.227,4.173,4.227,217271
1998-03-30,4.227,4.227,4.119,4.173,929237
1998-03-31,4.119,4.173,4.119,4.119,274749
1998-04-01,4.119,4.173,4.119,4.173,372765
1998-04-11,4.173,4.173,4.119,4.173,44285
1998-04-12,4.173,4.227,4.173,4.173,159904
1998-04-13,4.173,4.173,4.173,4.173,122502
1998-04-14,4.173,4.173,4.119,4.173,177378
1998-04-15,4.173,4.173,4.173,4.173,466833
1998-04-16,4.173,4.173,4.173,4.173,169850
1998-04-18,4.173,4.227,4.173,4.173,544755
1998-04-19,4.173,4.39,4.173,4.281,1433674
1998-04-20,4.336,4.336,4.281,4.281,1929144
1998-04-21,4.281,4.39,4.227,4.39,1959295
1998-04-22,4.39,4.39,4.336,4.39,1760125
1998-04-23,4.39,4.444,4.39,4.39,467903
1998-04-25,4.39,4.552,4.39,4.552,2524752
1998-04-26,4.498,4.552,4.444,4.444,1738942
1998-04-27,4.498,4.498,4.39,4.39,1291060
1998-04-28,4.39,4.444,4.39,4.39,1096780
1998-04-29,4.39,4.444,4.39,4.39,586954
1998-04-30,4.39,4.39,4.39,4.39,95876
1998-05-02,4.39,4.498,4.39,4.444,653547
1998-05-03,4.39,4.444,4.39,4.444,318092
1998-05-04,4.39,4.444,4.39,4.39,215001
1998-05-05,4.39,4.444,4.39,4.444,103718
1998-05-06,4.39,4.444,4.39,4.39,218968
1998-05-07,4.39,4.39,4.39,4.39,981124
1998-05-09,4.39,4.498,4.39,4.444,1304917
1998-05-10,4.444,4.498,4.444,4.498,2063437
1998-05-11,4.498,4.498,4.444,4.498,402399
1998-05-12,4.498,4.498,4.444,4.498,572544
1998-05-13,4.444,4.498,4.444,4.498,428674
1998-05-14,4.498,4.607,4.498,4.607,1677682
1998-05-16,4.607,4.823,4.607,4.769,5371823
1998-05-17,4.715,4.715,4.552,4.607,3353445
1998-05-18,4.607,4.607,4.552,4.552,1044174
1998-05-19,4.498,4.552,4.498,4.552,1236036
1998-05-20,4.607,4.607,4.498,4.607,1033121
1998-05-21,4.607,4.607,4.552,4.552,154996
1998-05-23,4.552,4.552,4.498,4.552,506615
1998-05-24,4.552,4.715,4.552,4.661,4319826
1998-05-25,4.607,4.661,4.552,4.552,1158594
1998-05-26,4.552,4.552,4.444,4.498,2290026
1998-05-27,4.498,4.498,4.281,4.281,2648638
1998-05-28,4.336,4.498,4.336,4.498,1117298
1998-05-30,4.444,4.444,4.39,4.444,1216810
1998-05-31,4.444,4.498,4.39,4.444,1007860
1998-06-01,4.39,4.444,4.39,4.444,133241
1998-06-02,4.39,4.444,4.39,4.39,568705
1998-06-03,4.444,4.444,4.39,4.39,491577
1998-06-04,4.39,4.444,4.39,4.39,115066
1998-06-06,4.444,4.552,4.444,4.498,1867663
1998-06-07,4.498,4.552,4.444,4.444,1756878
1998-06-08,4.444,4.498,4.444,4.498,382877
1998-06-09,4.444,4.498,4.444,4.444,597361
1998-06-10,4.444,4.444,4.39,4.39,1160162
1998-06-11,4.39,4.444,4.39,4.39,680635
1998-06-15,4.39,4.615,4.39,4.39,422252
1998-06-16,4.39,4.39,4.39,4.39,371525
1998-06-17,4.39,4.503,4.39,4.503,301253
1998-06-18,4.39,4.503,4.39,4.503,196823
1998-06-20,4.503,4.503,4.39,4.39,111777
1998-06-21,4.503,4.503,4.39,4.503,15502
1998-06-22,4.503,4.503,4.503,4.503,27931
1998-06-23,4.503,4.503,4.39,4.39,35891
1998-06-24,4.39,4.503,4.39,4.39,47600
1998-06-25,4.503,4.503,4.39,4.503,130238
1998-06-27,4.39,4.503,4.39,4.39,16506
1998-06-28,4.39,4.503,4.39,4.39,750540
1998-06-29,4.39,4.39,4.277,4.39,81998
1998-06-30,4.39,4.39,4.277,4.39,157290
1998-07-01,4.39,4.39,4.277,4.39,44775
1998-07-02,4.277,4.39,4.277,4.277,161225
1998-07-04,4.39,4.39,4.277,4.277,151942
1998-07-05,4.277,4.277,4.165,4.165,296314
1998-07-06,4.165,4.277,4.165,4.277,145998
1998-07-07,4.277,4.277,4.277,4.277,44348
1998-07-08,4.277,4.277,4.277,4.277,18301
1998-07-09,4.277,4.39,4.277,4.39,102387
1998-07-11,4.39,4.39,4.277,4.277,23187
1998-07-12,4.39,4.39,4.277,4.39,313744
1998-07-13,4.39,4.39,4.277,4.277,529543
1998-07-14,4.39,4.39,4.277,4.39,34843
1998-07-15,4.39,4.39,4.39,4.39,196112
1998-07-16,4.39,4.39,4.39,4.39,40688
1998-07-18,4.39,4.39,4.39,4.39,130371
1998-07-19,4.39,4.39,4.39,4.39,125530
1998-07-20,4.277,4.277,4.277,4.277,59878
1998-07-21,4.39,4.39,4.277,4.277,36868
1998-07-22,4.277,4.39,4.277,4.277,69206
1998-07-23,4.39,4.39,4.39,4.39,12233
1998-07-25,4.277,4.39,4.277,4.39,39835
1998-07-26,4.39,4.39,4.39,4.39,275339
1998-07-27,4.39,4.503,4.39,4.39,221787
1998-07-28,4.39,4.39,4.39,4.39,554925
1998-07-29,4.39,4.39,4.39,4.39,687304
1998-07-30,4.39,4.503,4.39,4.503,110338
1998-08-01,4.39,4.39,4.39,4.39,410952
1998-08-02,4.39,4.39,4.277,4.277,810213
1998-08-03,4.277,4.39,4.277,4.39,33865
1998-08-04,4.39,4.39,4.39,4.39,46196
1998-08-05,4.39,4.39,4.277,4.277,63964
1998-08-06,4.277,4.39,4.277,4.277,9186
1998-08-08,4.39,4.39,4.277,4.277,170207
1998-08-09,4.277,4.277,4.277,4.277,47378
1998-08-10,4.277,4.39,4.277,4.39,198111
1998-08-11,4.277,4.277,4.277,4.277,99278
1998-08-12,4.277,4.39,4.277,4.39,41612
1998-08-13,4.39,4.39,4.39,4.39,2585
1998-08-15,4.277,4.39,4.277,4.39,19012
1998-08-16,4.277,4.39,4.277,4.277,28020
1998-08-17,4.277,4.277,4.277,4.277,58527
1998-08-18,4.39,4.39,4.277,4.277,48862
1998-08-19,4.277,4.503,4.277,4.503,715857
1998-08-20,4.39,4.39,4.39,4.39,146993
1998-08-22,4.39,4.39,4.277,4.277,440340
1998-08-23,4.39,4.39,4.277,4.39,78623
1998-08-24,4.39,4.39,4.277,4.277,192186
1998-08-25,4.277,4.39,4.277,4.39,58110
1998-08-26,4.39,4.39,4.277,4.277,63520
1998-08-27,4.277,4.39,4.277,4.39,73417
1998-08-29,4.277,4.277,4.165,4.165,1410330
1998-08-30,4.277,4.277,4.165,4.165,151791
1998-08-31,4.165,4.277,4.165,4.277,9417
1998-09-01,4.165,4.165,4.052,4.165,423523
1998-09-02,4.165,4.165,4.165,4.165,197960
1998-09-03,4.277,4.277,4.165,4.165,10394
1998-09-05,4.165,4.165,4.165,4.165,59522
1998-09-06,4.165,4.165,4.165,4.165,46196
1998-09-07,4.165,4.165,4.165,4.165,46232
1998-09-08,4.277,4.277,4.165,4.277,503664
1998-09-09,4.277,4.277,4.277,4.277,19118
1998-09-10,4.277,4.277,4.165,4.165,9346
1998-09-12,4.165,4.277,4.165,4.277,66905
1998-09-13,4.277,4.277,4.165,4.277,95502
1998-09-14,4.277,4.277,4.165,4.165,7782
1998-09-15,4.165,4.277,4.165,4.277,78658
1998-09-16,4.277,4.277,4.165,4.165,81732
1998-09-17,4.277,4.277,4.165,4.165,22441
1998-09-19,4.165,4.165,4.165,4.165,226984
1998-09-20,4.165,4.165,4.052,4.165,185638
1998-09-21,4.165,4.165,4.165,4.165,60411
1998-09-22,4.165,4.165,4.052,4.165,165960
1998-09-23,4.165,4.165,4.165,4.165,168599
1998-09-24,4.165,4.165,4.165,4.165,114389
1998-09-27,4.165,4.165,4.052,4.052,22814
1998-09-28,4.165,4.165,4.165,4.165,245285
1998-09-29,4.165,4.165,4.052,4.165,324298
1998-09-30,4.165,4.165,4.165,4.165,8884
1998-10-01,4.052,4.052,4.052,4.052,13575
1998-10-03,4.165,4.165,4.052,4.052,37055
1998-10-04,4.165,4.165,4.052,4.052,338752
1998-10-05,4.052,4.052,4.052,4.052,181836
1998-10-06,4.052,4.052,3.94,3.94,39116
1998-10-07,3.94,3.94,3.715,3.827,308325
1998-10-08,3.827,3.94,3.715,3.715,121301
1998-10-10,3.827,3.827,3.827,3.827,301591
1998-10-11,3.827,3.827,3.715,3.715,315716
1998-10-12,3.715,3.827,3.715,3.827,167666
1998-10-13,3.827,3.94,3.715,3.94,360180
1998-10-14,3.827,3.94,3.827,3.827,453399
1998-10-15,3.827,3.827,3.827,3.827,43105
1998-10-17,3.827,3.94,3.827,3.827,158196
1998-10-18,3.94,3.94,3.715,3.715,444009
1998-10-19,3.827,3.827,3.715,3.715,53303
1998-10-20,3.715,3.715,3.715,3.715,548377
1998-10-21,3.715,3.715,3.602,3.715,169345
1998-10-22,3.715,3.827,3.715,3.715,103498
1998-10-24,3.602,3.715,3.602,3.602,64320
1998-10-25,3.715,3.715,3.602,3.715,27638
1998-10-26,3.715,3.715,3.602,3.715,213720
1998-10-27,3.715,3.827,3.715,3.827,138251
1998-10-28,3.827,3.827,3.715,3.827,185674
1998-10-29,3.827,3.827,3.827,3.827,263710
1998-10-31,3.827,3.94,3.827,3.827,205281
1998-11-01,3.94,4.052,3.827,4.052,1660048
1998-11-02,4.052,4.165,4.052,4.165,1020033
1998-11-03,4.165,4.39,4.165,4.277,4751604
1998-11-04,4.165,4.39,4.165,4.39,1784582
1998-11-05,4.277,4.277,4.165,4.277,222791
1998-11-07,4.277,4.277,4.052,4.165,495376
1998-11-08,4.165,4.165,4.052,4.165,403463
1998-11-09,4.165,4.165,4.052,4.052,65075
1998-11-10,4.052,4.052,4.052,4.052,474090
1998-11-11,3.94,4.052,3.94,4.052,144488
1998-11-14,4.052,4.052,3.94,4.052,268845
1998-11-15,4.165,4.165,4.052,4.052,9088
1998-11-16,4.052,4.052,4.052,4.052,103409
1998-11-17,4.052,4.277,4.052,4.277,712614
1998-11-18,4.165,4.165,4.052,4.052,247630
1998-11-19,4.052,4.052,4.052,4.052,100788
1998-11-21,4.052,4.052,4.052,4.052,58536
1998-11-22,4.052,4.052,4.052,4.052,16435
1998-11-23,4.052,4.165,4.052,4.165,30054
1998-11-24,4.052,4.165,4.052,4.052,29139
1998-11-25,4.052,4.052,4.052,4.052,21321
1998-11-26,4.052,4.052,4.052,4.052,23098
1998-11-28,4.052,4.052,4.052,4.052,117845
1998-11-29,3.94,3.94,3.94,3.94,86885
1998-11-30,3.94,3.94,3.94,3.94,16879
1998-12-01,3.94,3.94,3.94,3.94,39098
1998-12-02,3.94,3.94,3.827,3.827,213383
1998-12-03,3.94,3.94,3.827,3.827,22210
1998-12-05,3.827,3.827,3.827,3.827,211455
1998-12-06,3.715,3.827,3.715,3.715,114034
1998-12-07,3.827,3.827,3.715,3.715,155264
1998-12-08,3.715,3.715,3.489,3.602,522925
1998-12-09,3.602,3.827,3.602,3.827,981832
1998-12-10,3.827,3.827,3.715,3.715,516404
1998-12-12,3.715,3.715,3.602,3.715,105061
1998-12-13,3.715,3.715,3.602,3.602,139264
1998-12-14,3.602,3.715,3.602,3.602,52593
1998-12-15,3.715,3.715,3.602,3.602,228219
1998-12-16,3.602,3.715,3.602,3.715,227428
1998-12-17,3.602,3.602,3.602,3.602,145163
1998-12-19,3.602,3.827,3.602,3.715,725078
1998-12-20,3.715,3.715,3.715,3.715,541474
1998-12-21,3.827,3.94,3.827,3.94,1271785
1998-12-22,3.94,4.052,3.94,3.94,557643
1998-12-23,3.94,4.052,3.94,3.94,511162
1998-12-24,3.94,3.94,3.94,3.94,30872
1998-12-26,3.94,3.94,3.827,3.827,416878
1998-12-27,3.827,3.94,3.827,3.827,173236
1998-12-28,3.827,3.827,3.715,3.715,116379
1998-12-29,3.715,3.715,3.715,3.715,951769
1998-12-30,3.715,3.715,3.715,3.715,83207
1998-12-31,3.827,3.827,3.827,3.827,496611
1999-01-02,3.827,3.94,3.827,3.94,672583
1999-01-03,3.94,3.94,3.94,3.94,465766
1999-01-04,3.94,3.94,3.94,3.94,71249
1999-01-05,3.94,3.94,3.827,3.827,31360
1999-01-06,3.94,3.94,3.94,3.94,331779
1999-01-07,3.94,3.94,3.94,3.94,284214
1999-01-09,3.94,3.94,3.94,3.94,138838
1999-01-10,3.94,3.94,3.827,3.94,72137
1999-01-11,3.94,4.052,3.94,3.94,749367
1999-01-12,3.94,3.94,3.94,3.94,93121
1999-01-13,3.94,3.94,3.827,3.94,371054
1999-01-23,3.94,3.94,3.827,3.94,109787
1999-01-24,3.827,3.827,3.827,3.827,17768
1999-01-25,3.827,3.94,3.827,3.94,48862
1999-01-26,3.827,3.827,3.715,3.715,500164
1999-01-27,3.715,3.715,3.715,3.715,570622
1999-01-28,3.715,3.715,3.715,3.715,76402
1999-01-30,3.715,3.715,3.715,3.715,139922
1999-01-31,3.715,3.715,3.715,3.715,186562
1999-02-01,3.715,3.715,3.602,3.602,211837
1999-02-02,3.602,3.602,3.489,3.602,761706
1999-02-03,3.602,3.715,3.602,3.602,192781
1999-02-04,3.602,3.715,3.602,3.715,193731
1999-02-06,3.715,3.715,3.602,3.602,588568
1999-02-07,3.602,3.602,3.602,3.602,70183
1999-02-08,3.602,3.715,3.602,3.602,74998
1999-02-09,3.602,3.602,3.602,3.602,153789
1999-02-10,3.602,3.602,3.602,3.602,165854
1999-02-11,3.602,3.602,3.602,3.602,42643
1999-02-13,3.602,3.602,3.602,3.602,77557
1999-02-14,3.602,3.602,3.602,3.602,209349
1999-02-15,3.602,3.602,3.602,3.602,199328
1999-02-16,3.602,3.602,3.602,3.602,156446
1999-02-17,3.602,3.602,3.602,3.602,55702
1999-02-18,3.602,3.602,3.602,3.602,259890
1999-02-20,3.602,3.602,3.602,3.602,46374
1999-02-21,3.602,3.602,3.602,3.602,207395
1999-02-22,3.602,3.602,3.489,3.489,307161
1999-02-23,3.489,3.489,3.489,3.489,94347
1999-02-24,3.602,3.602,3.489,3.602,83313
1999-02-25,3.602,3.602,3.489,3.489,8155
1999-02-27,3.489,3.489,3.489,3.489,38290
1999-02-28,3.489,3.489,3.489,3.489,46960
1999-03-01,3.489,3.489,3.489,3.489,196779
1999-03-02,3.489,3.489,3.489,3.489,66230
1999-03-03,3.489,3.489,3.489,3.489,118565
1999-03-04,3.489,3.489,3.489,3.489,99704
1999-03-06,3.489,3.602,3.489,3.602,143893
1999-03-07,3.602,3.602,3.602,3.602,257660
1999-03-08,3.602,3.602,3.489,3.602,227250
1999-03-09,3.602,3.602,3.602,3.602,509412
1999-03-10,3.602,3.602,3.602,3.602,199435
1999-03-11,3.602,3.602,3.602,3.602,732869
1999-03-13,3.602,3.715,3.602,3.715,711548
1999-03-14,3.715,3.715,3.602,3.602,662011
1999-03-15,3.602,3.602,3.602,3.602,651919
1999-03-16,3.602,3.602,3.602,3.602,142107
1999-03-17,3.602,3.715,3.602,3.715,963362
1999-03-18,3.715,3.827,3.715,3.827,907243
1999-03-20,3.827,3.827,3.715,3.715,1651564
1999-03-21,3.715,3.827,3.715,3.827,1000879
1999-03-22,3.827,3.827,3.715,3.827,1141147
1999-03-23,3.827,3.827,3.715,3.715,1732522
1999-04-03,3.827,3.94,3.827,3.94,1310288
1999-04-04,3.94,3.94,3.827,3.827,786359
1999-04-05,3.827,3.827,3.827,3.827,327896
1999-04-06,3.827,3.827,3.827,3.827,565603
1999-04-07,3.827,3.827,3.715,3.715,675408
1999-04-08,3.827,3.827,3.827,3.827,196334
1999-04-10,3.827,3.827,3.827,3.827,366070
1999-04-11,3.827,3.827,3.715,3.715,371303
1999-04-12,3.827,3.827,3.715,3.715,429928
1999-04-13,3.715,3.715,3.715,3.715,154420
1999-04-14,3.715,3.715,3.715,3.715,420991
1999-04-15,3.715,3.715,3.715,3.715,100983
1999-04-17,3.715,3.715,3.715,3.715,85694
1999-04-18,3.715,3.715,3.715,3.715,72280
1999-04-19,3.715,3.715,3.715,3.715,103080
1999-04-20,3.715,3.715,3.715,3.715,118209
1999-04-21,3.715,3.827,3.715,3.827,1710437
1999-04-22,3.827,3.827,3.827,3.827,265629
1999-04-24,3.827,3.855,3.799,3.799,557074
1999-04-25,3.827,3.827,3.799,3.827,247666
1999-04-26,3.799,3.827,3.799,3.827,159582
1999-04-27,3.827,3.912,3.827,3.883,1171352
1999-04-28,3.883,3.912,3.855,3.912,2153469
1999-04-29,3.912,3.94,3.912,3.912,1518687
1999-05-01,3.906,3.94,3.85,3.85,986247
1999-05-02,3.85,3.883,3.85,3.883,770342
1999-05-03,3.85,3.883,3.793,3.827,1432086
1999-05-04,3.793,3.793,3.737,3.793,1274459
1999-05-05,3.793,3.793,3.771,3.793,262893
1999-05-06,3.771,3.827,3.771,3.771,228983
1999-05-08,3.771,3.771,3.737,3.737,96079
1999-05-09,3.771,3.793,3.737,3.793,206995
1999-05-10,3.771,3.799,3.771,3.771,90349
1999-05-11,3.771,3.771,3.743,3.743,648259
1999-05-12,3.743,3.771,3.715,3.715,420556
1999-05-13,3.715,3.743,3.715,3.743,64853
1999-05-15,3.743,3.771,3.743,3.771,224177
1999-05-16,3.743,3.771,3.743,3.743,93370
1999-05-17,3.743,3.771,3.743,3.743,165152
1999-05-18,3.743,3.743,3.715,3.715,224674
1999-05-19,3.715,3.771,3.715,3.715,467765
1999-05-20,3.743,3.743,3.715,3.715,14996
1999-05-22,3.715,3.743,3.715,3.715,91664
1999-05-23,3.743,3.771,3.743,3.743,198165
1999-05-24,3.743,3.743,3.743,3.743,142587
1999-05-25,3.743,3.743,3.715,3.743,100832
1999-05-26,3.743,3.743,3.715,3.743,58989
1999-05-27,3.715,3.743,3.715,3.715,203042
1999-05-29,3.715,3.715,3.715,3.715,106163
1999-05-30,3.686,3.686,3.658,3.658,285813
1999-05-31,3.658,3.686,3.658,3.686,49803
1999-06-01,3.658,3.658,3.602,3.602,651742
1999-06-02,3.602,3.602,3.518,3.602,320523
1999-06-03,3.63,3.63,3.602,3.602,189130
1999-06-05,3.602,3.63,3.574,3.602,442303
1999-06-06,3.602,3.63,3.602,3.63,60188
1999-06-07,3.63,3.63,3.602,3.63,136723
1999-06-08,3.63,3.63,3.63,3.63,233993
1999-06-09,3.63,3.658,3.63,3.63,145767
1999-06-10,3.63,3.658,3.63,3.63,156952
1999-06-12,3.658,3.658,3.63,3.658,35624
1999-06-13,3.658,3.658,3.63,3.658,358901
1999-06-14,3.658,3.686,3.658,3.686,166138
1999-06-15,3.686,3.715,3.686,3.715,411760
1999-06-16,3.715,3.771,3.715,3.743,1497712
1999-06-17,3.743,3.743,3.743,3.743,335741
1999-06-19,3.743,3.743,3.715,3.715,166991
1999-06-20,3.715,3.743,3.715,3.715,111422
1999-06-21,3.715,3.743,3.715,3.715,227091
1999-06-22,3.743,3.743,3.715,3.715,130549
1999-06-23,3.715,3.743,3.715,3.715,274628
1999-06-24,3.715,3.743,3.715,3.715,44295
1999-06-26,3.743,3.743,3.743,3.743,93281
1999-06-27,3.743,3.743,3.715,3.743,220428
1999-06-28,3.743,3.743,3.715,3.743,192505
1999-06-29,3.743,3.771,3.743,3.743,284196
1999-06-30,3.743,3.743,3.743,3.743,224319
1999-07-01,3.771,3.799,3.771,3.771,394570
1999-07-03,3.771,3.799,3.743,3.743,502918
1999-07-04,3.743,3.799,3.743,3.771,273926
1999-07-05,3.743,3.771,3.743,3.743,118574
1999-07-06,3.771,3.799,3.771,3.771,214822
1999-07-07,3.743,3.799,3.743,3.771,152892
1999-07-08,3.771,3.771,3.771,3.771,53979
1999-07-10,3.771,3.883,3.743,3.855,1565150
1999-07-11,3.855,3.883,3.827,3.855,1113048
1999-07-12,3.855,3.855,3.799,3.799,456127
1999-07-13,3.799,3.799,3.771,3.799,102165
1999-07-14,3.827,3.855,3.827,3.827,350835
1999-07-15,3.827,3.827,3.771,3.799,371401
1999-07-17,3.799,3.827,3.771,3.799,426872
1999-07-19,3.799,3.827,3.799,3.827,400274
1999-07-20,3.827,3.827,3.799,3.799,361566
1999-07-21,3.799,3.799,3.771,3.771,302559
1999-07-22,3.771,3.771,3.771,3.771,334097
1999-07-24,3.743,3.771,3.743,3.771,352691
1999-07-25,3.771,3.771,3.743,3.743,163997
1999-07-26,3.743,3.771,3.743,3.743,100113
1999-07-27,3.743,3.771,3.743,3.743,64524
1999-07-28,3.743,3.771,3.743,3.771,28349
1999-07-29,3.771,3.799,3.771,3.771,94489
1999-07-31,3.771,3.827,3.771,3.799,429679
1999-08-01,3.799,3.855,3.799,3.855,733553
1999-08-02,3.855,3.883,3.827,3.883,1008768
1999-08-03,3.883,3.912,3.827,3.883,1433846
1999-08-04,3.855,3.883,3.855,3.855,330108
1999-08-05,3.855,3.883,3.855,3.883,381848
1999-08-07,3.883,3.912,3.883,3.883,884340
1999-08-08,3.883,3.912,3.883,3.883,1064914
1999-08-09,3.883,3.996,3.883,3.968,7525916
1999-08-10,3.968,3.968,3.912,3.94,1759459
1999-08-11,3.94,3.968,3.94,3.968,2220347
1999-08-12,3.968,4.052,3.968,4.024,1164068
1999-08-14,4.052,4.165,4.024,4.08,3368726
1999-08-15,4.08,4.109,4.024,4.024,2015058
1999-08-16,4.052,4.109,4.052,4.08,811883
1999-08-17,4.08,4.109,3.996,4.024,1325444
1999-08-18,4.024,4.052,3.968,3.996,915443
1999-08-19,3.968,3.968,3.883,3.912,708181
1999-08-21,3.94,3.996,3.912,3.912,865257
1999-08-22,3.94,3.968,3.912,3.912,553805
1999-08-23,3.94,3.968,3.94,3.94,118156
1999-08-24,3.968,3.968,3.912,3.94,504775
1999-08-25,3.883,3.883,3.883,3.883,416211
1999-08-26,3.855,3.855,3.855,3.855,340254
1999-08-28,3.883,3.912,3.883,3.883,580812
1999-08-29,3.883,3.912,3.883,3.912,768698
1999-08-30,3.912,3.968,3.912,3.94,1055053
1999-08-31,3.94,3.94,3.94,3.94,287359
1999-09-01,3.912,3.94,3.912,3.912,167186
1999-09-02,3.94,3.94,3.912,3.912,59949
1999-09-04,3.912,3.912,3.883,3.883,758695
1999-09-05,3.883,3.883,3.855,3.855,250544
1999-09-06,3.855,3.883,3.855,3.855,248234
1999-09-07,3.883,3.883,3.855,3.855,116504
1999-09-08,3.883,3.912,3.855,3.883,426854
1999-09-09,3.883,3.912,3.883,3.883,173032
1999-09-11,3.912,3.912,3.855,3.883,448122
1999-09-12,3.883,3.912,3.855,3.912,350559
1999-09-13,3.883,3.912,3.883,3.912,277649
1999-09-14,3.912,3.912,3.855,3.883,373337
1999-09-15,3.883,3.883,3.855,3.855,299939
1999-09-16,3.855,3.883,3.855,3.855,169345
1999-09-18,3.855,3.855,3.855,3.855,263239
1999-09-19,3.883,3.912,3.855,3.883,516866
1999-09-20,3.855,3.912,3.855,3.883,527456
1999-09-21,3.883,3.912,3.855,3.883,635555
1999-09-22,3.883,3.883,3.855,3.883,1963593
1999-09-23,3.855,3.94,3.855,3.912,1134893
1999-09-25,3.912,4.024,3.912,3.996,3326989
1999-09-26,3.996,3.996,3.968,3.968,2437683
1999-09-27,3.968,3.968,3.912,3.912,1825928
1999-09-28,3.912,3.94,3.912,3.912,207884
1999-09-29,3.94,3.996,3.94,3.968,1733962
1999-09-30,3.968,3.996,3.968,3.996,1067313
1999-10-02,4.052,4.165,3.996,4.109,7232703
1999-10-03,4.08,4.109,4.024,4.052,2772366
1999-10-04,4.052,4.052,4.024,4.024,915825
1999-10-05,4.052,4.052,3.996,3.996,732958
1999-10-06,4.024,4.052,4.024,4.024,1839680
1999-10-07,4.024,4.052,3.996,4.024,567682
1999-10-09,3.996,3.996,3.94,3.94,2062169
1999-10-10,3.968,3.996,3.94,3.996,682888
1999-10-11,3.996,4.024,3.968,3.996,1883451
1999-10-12,3.996,4.024,3.996,3.996,2184678
1999-10-13,3.996,4.024,3.996,3.996,935449
1999-10-14,4.024,4.08,4.024,4.08,2325257
1999-10-16,4.052,4.109,4.052,4.08,4073282
1999-10-17,4.109,4.109,3.996,4.052,3237706
1999-10-18,4.024,4.052,4.024,4.024,1745351
1999-10-19,3.996,3.996,3.912,3.968,5013396
1999-10-20,3.968,3.968,3.94,3.968,1010456
1999-10-21,3.968,3.996,3.94,3.996,667182
1999-10-23,3.968,3.996,3.968,3.996,440571
1999-10-24,3.996,4.024,3.996,3.996,3066948
1999-10-25,3.996,4.024,3.968,3.996,1496024
1999-10-26,3.996,3.996,3.968,3.996,824294
1999-10-27,3.996,3.996,3.968,3.968,1089088
1999-10-28,3.968,3.968,3.968,3.968,236383
1999-10-30,3.996,3.996,3.94,3.968,534145
1999-10-31,3.968,3.968,3.968,3.968,73026
1999-11-01,3.996,4.024,3.996,3.996,1088386
1999-11-02,3.996,4.08,3.996,4.052,3207820
1999-11-03,4.024,4.024,3.996,3.996,917859
1999-11-04,4.024,4.052,3.996,4.052,491973
1999-11-06,3.996,4.109,3.996,4.08,2791236
1999-11-07,4.08,4.249,4.08,4.221,6615458
1999-11-08,4.277,4.446,4.193,4.221,9995990
1999-11-09,4.221,4.306,4.193,4.221,3172960
1999-11-10,4.221,4.249,4.193,4.193,2554968
1999-11-13,4.165,4.249,4.165,4.221,1513579
1999-11-14,4.249,4.249,4.193,4.221,1133125
1999-11-15,4.221,4.249,4.221,4.221,1381670
1999-11-16,4.221,4.249,4.193,4.221,1260423
1999-11-17,4.221,4.306,4.193,4.277,2248758
1999-11-18,4.277,4.306,4.277,4.306,906852
1999-11-20,4.362,4.418,4.306,4.334,4066255
1999-11-21,4.334,4.362,4.249,4.306,1803398
1999-11-22,4.277,4.306,4.249,4.249,1580990
1999-11-23,4.249,4.249,4.221,4.249,1135186
1999-11-24,4.249,4.277,4.249,4.249,573945
1999-11-25,4.249,4.277,4.221,4.249,129003
1999-11-27,4.249,4.277,4.221,4.249,264225
1999-11-28,4.249,4.249,4.221,4.249,352247
1999-11-29,4.221,4.249,4.193,4.221,886881
1999-11-30,4.193,4.193,4.165,4.193,932517
1999-12-01,4.165,4.221,4.165,4.193,708465
1999-12-02,4.193,4.221,4.193,4.193,165481
1999-12-04,4.221,4.249,4.193,4.221,534030
1999-12-05,4.221,4.249,4.221,4.221,452449
1999-12-06,4.221,4.334,4.193,4.306,2528459
1999-12-07,4.277,4.277,4.221,4.249,653989
1999-12-08,4.221,4.249,4.221,4.221,597336
1999-12-09,4.249,4.249,4.221,4.249,104617
1999-12-11,4.249,4.277,4.249,4.249,704663
1999-12-12,4.277,4.277,4.221,4.249,458392
1999-12-13,4.221,4.249,4.221,4.221,1463109
1999-12-14,4.221,4.221,4.193,4.221,1109423
1999-12-15,4.193,4.221,4.193,4.193,154829
1999-12-16,4.193,4.193,4.193,4.193,720929
1999-12-18,4.193,4.221,4.193,4.193,276663
1999-12-19,4.193,4.193,4.165,4.165,838997
1999-12-20,4.165,4.193,4.137,4.137,818093
1999-12-21,4.137,4.165,4.024,4.052,899647
1999-12-22,4.08,4.137,4.08,4.109,457690
1999-12-23,4.109,4.109,4.109,4.109,4442
1999-12-25,4.109,4.109,4.109,4.109,172392
1999-12-26,4.08,4.109,4.052,4.109,1019251
1999-12-27,4.08,4.08,4.08,4.08,460382
1999-12-28,4.08,4.109,4.052,4.08,281167
1999-12-29,4.08,4.137,4.052,4.137,854632
2000-01-12,4.109,4.137,4.109,4.137,19269
2000-01-13,4.109,4.137,4.109,4.109,78090
2000-01-15,4.137,4.193,4.137,4.165,819265
2000-01-16,4.165,4.221,4.165,4.165,820873
2000-01-17,4.165,4.249,4.165,4.221,934241
2000-01-18,4.249,4.277,4.193,4.221,1856364
2000-01-19,4.221,4.249,4.221,4.221,841662
2000-01-20,4.249,4.277,4.221,4.277,1182626
2000-01-22,4.277,4.39,4.277,4.334,4005444
2000-01-23,4.277,4.277,4.221,4.277,1574158
2000-01-24,4.249,4.249,4.193,4.193,2875029
2000-01-25,4.193,4.221,4.193,4.193,529463
2000-01-26,4.193,4.193,4.165,4.165,1155051
2000-01-27,4.165,4.193,4.137,4.193,1098949
2000-01-29,4.165,4.165,4.109,4.109,787701
2000-01-30,4.109,4.137,4.08,4.109,583940
2000-01-31,4.109,4.137,4.109,4.109,803203
2000-02-01,4.137,4.193,4.137,4.165,1614242
2000-02-02,4.165,4.193,4.137,4.137,1132379
2000-02-03,4.165,4.165,4.165,4.165,398932
2000-02-05,4.165,4.165,4.137,4.165,222329
2000-02-06,4.165,4.193,4.165,4.193,1754350
2000-02-07,4.193,4.221,4.165,4.165,1756243
2000-02-08,4.165,4.165,4.08,4.109,3364879
2000-02-09,4.109,4.137,4.08,4.137,1137460
2000-02-10,4.137,4.165,4.109,4.137,790766
2000-02-12,4.165,4.193,4.137,4.137,2833577
2000-02-13,4.137,4.221,4.137,4.221,3546066
2000-02-14,4.221,4.249,4.165,4.165,4312730
2000-02-15,4.165,4.165,4.137,4.137,2371542
2000-02-16,4.137,4.137,4.08,4.08,1645078
2000-02-17,4.08,4.137,4.052,4.137,407256
2000-02-19,4.109,4.109,4.024,4.052,1759867
2000-02-20,4.024,4.052,3.996,4.052,1488988
2000-02-21,4.052,4.08,4.024,4.024,1551308
2000-02-22,4.024,4.052,3.968,3.996,900171
2000-02-23,3.996,4.024,3.968,3.996,331787
2000-02-24,3.996,4.024,3.996,3.996,324822
2000-02-26,4.024,4.024,3.996,3.996,534749
2000-02-27,3.996,3.996,3.968,3.968,528237
2000-02-28,3.996,3.996,3.883,3.94,1880999
2000-02-29,3.94,3.996,3.94,3.94,858328
2000-03-01,3.968,3.968,3.912,3.94,1495864
2000-03-02,3.94,3.968,3.94,3.968,372769
2000-03-04,3.968,3.968,3.94,3.968,1104128
2000-03-05,3.968,3.996,3.94,3.968,929986
2000-03-06,3.968,4.024,3.968,3.968,1056235
2000-03-07,3.968,3.996,3.968,3.996,440624
2000-03-08,3.968,3.996,3.968,3.996,375434
2000-03-09,3.996,3.996,3.968,3.968,53845
2000-03-11,3.968,3.968,3.94,3.968,687473
2000-03-12,3.94,3.968,3.94,3.968,363263
2000-03-13,3.968,3.968,3.94,3.968,167337
2000-03-21,3.968,3.968,3.94,3.94,313620
2000-03-22,3.94,3.968,3.94,3.94,127040
2000-03-23,3.94,3.968,3.94,3.94,338957
2000-03-25,3.94,3.968,3.94,3.968,360358
2000-03-26,3.968,3.968,3.912,3.94,545739
2000-03-27,3.912,3.94,3.912,3.94,140428
2000-03-28,3.912,3.912,3.912,3.912,306619
2000-03-29,3.912,3.912,3.883,3.883,263781
2000-03-30,3.883,3.883,3.883,3.883,195979
2000-04-01,3.912,3.94,3.855,3.883,827741
2000-04-02,3.883,3.883,3.827,3.855,810070
2000-04-03,3.827,3.912,3.827,3.883,644466
2000-04-04,3.883,3.912,3.855,3.855,658911
2000-04-05,3.855,3.883,3.855,3.883,151026
2000-04-06,3.855,3.855,3.855,3.855,27540
2000-04-08,3.855,3.855,3.799,3.827,638398
2000-04-09,3.827,3.827,3.799,3.799,215142
2000-04-10,3.827,3.827,3.771,3.799,132655
2000-04-11,3.771,3.799,3.771,3.799,147766
2000-04-12,3.771,3.771,3.715,3.715,1014649
2000-04-13,3.743,3.743,3.715,3.715,218491
2000-04-15,3.715,3.715,3.658,3.686,399483
2000-04-16,3.686,3.715,3.658,3.658,699564
2000-04-17,3.686,3.686,3.658,3.686,148628
2000-04-18,3.715,3.771,3.715,3.771,442863
2000-04-19,3.771,3.855,3.771,3.827,907642
2000-04-20,3.855,3.855,3.827,3.827,148548
2000-04-22,3.827,3.94,3.771,3.771,1228556
2000-04-23,3.827,3.827,3.799,3.799,228219
2000-04-24,3.799,3.799,3.799,3.799,227162
2000-04-25,3.771,3.827,3.715,3.771,387570
2000-04-26,3.771,3.799,3.743,3.743,376553
2000-04-27,3.771,3.771,3.743,3.771,102396
2000-04-29,3.771,3.799,3.743,3.771,463669
2000-04-30,3.771,3.799,3.743,3.743,394348
2000-05-01,3.771,3.799,3.743,3.771,266126
2000-05-02,3.771,3.799,3.771,3.771,250198
2000-05-03,3.771,3.799,3.771,3.771,254302
2000-05-04,3.771,3.799,3.771,3.771,220712
2000-05-06,3.771,3.771,3.743,3.771,214546
2000-05-07,3.771,3.771,3.771,3.771,305322
2000-05-08,3.771,3.799,3.771,3.771,160337
2000-05-09,3.771,3.771,3.771,3.771,127280
2000-05-10,3.771,3.771,3.743,3.743,356183
2000-05-11,3.771,3.771,3.743,3.743,57745
2000-05-13,3.743,3.743,3.715,3.743,1049678
2000-05-14,3.771,3.771,3.743,3.743,536926
2000-05-15,3.771,3.771,3.715,3.743,709620
2000-05-16,3.743,3.771,3.743,3.743,497099
2000-05-17,3.743,3.771,3.743,3.743,227899
2000-05-18,3.743,3.771,3.743,3.771,276734
2000-05-20,3.771,3.771,3.743,3.771,433615
2000-05-21,3.771,3.771,3.743,3.771,287004
2000-05-22,3.771,3.827,3.771,3.771,1402903
2000-05-23,3.771,3.771,3.743,3.771,303776
2000-05-24,3.715,3.715,3.658,3.686,1498076
2000-05-25,3.686,3.715,3.658,3.686,348471
2000-05-27,3.686,3.686,3.658,3.686,236854
2000-05-28,3.686,3.686,3.658,3.658,108828
2000-05-29,3.658,3.686,3.658,3.686,87133
2000-05-30,3.686,3.686,3.658,3.658,438128
2000-05-31,3.658,3.686,3.658,3.658,499054
2000-06-01,3.686,3.715,3.658,3.658,115153
2000-06-03,3.686,3.715,3.686,3.686,377646
2000-06-04,3.715,3.743,3.686,3.686,676688
2000-06-05,3.715,3.715,3.715,3.715,508480
2000-06-06,3.715,3.743,3.715,3.743,461954
2000-06-07,3.743,3.743,3.715,3.743,389986
2000-06-08,3.715,3.715,3.715,3.715,55969
2000-06-10,3.715,3.715,3.715,3.715,140188
2000-06-11,3.686,3.715,3.686,3.715,179926
2000-06-12,3.715,3.715,3.686,3.715,382417
2000-06-13,3.715,3.715,3.686,3.686,185940
2000-06-14,3.686,3.686,3.686,3.686,5242
2000-06-15,3.686,3.686,3.686,3.686,225562
2000-06-17,3.686,3.686,3.686,3.686,191430
2000-06-18,3.686,3.686,3.658,3.686,43904
2000-06-19,3.658,3.686,3.658,3.686,119089
2000-06-20,3.686,3.686,3.658,3.658,50194
2000-06-21,3.658,3.686,3.658,3.686,209545
2000-06-22,3.686,3.686,3.686,3.686,89168
2000-06-24,3.658,3.715,3.658,3.658,221529
2000-06-25,3.686,3.686,3.686,3.686,375381
2000-06-26,3.686,3.686,3.686,3.686,234500
2000-06-27,3.686,3.686,3.686,3.686,321065
2000-06-28,3.686,3.715,3.686,3.686,130265
2000-06-29,3.686,3.686,3.686,3.686,10359
2000-07-01,3.686,3.715,3.686,3.686,295834
2000-07-02,3.715,3.771,3.715,3.771,2349759
2000-07-03,3.743,3.827,3.743,3.771,1486723
2000-07-04,3.799,3.799,3.771,3.799,716994
2000-07-05,3.799,3.799,3.771,3.771,860380
2000-07-06,3.771,3.799,3.771,3.771,81306
2000-07-08,3.771,3.799,3.743,3.743,603040
2000-07-09,3.743,3.743,3.715,3.743,641729
2000-07-10,3.743,3.771,3.715,3.715,428595
2000-07-11,3.743,3.743,3.715,3.743,500360
2000-07-12,3.743,3.799,3.743,3.799,1380204
2000-07-13,3.771,3.855,3.771,3.799,1296438
2000-07-15,3.799,3.912,3.799,3.827,2131428
2000-07-16,3.827,3.827,3.827,3.827,621732
2000-07-17,3.827,3.827,3.799,3.827,504224
2000-07-18,3.827,3.827,3.799,3.827,256585
2000-07-19,3.799,3.799,3.771,3.771,640166
2000-07-20,3.799,3.827,3.799,3.827,302941
2000-07-22,3.827,3.855,3.799,3.799,567238
2000-07-23,3.827,3.883,3.799,3.855,1102893
2000-07-24,3.883,4.08,3.883,4.08,4360002
2000-07-25,4.052,4.165,3.968,4.137,4316542
2000-07-26,4.165,4.249,4.137,4.165,5363670
2000-07-27,4.165,4.165,4.052,4.052,2146140
2000-07-29,4.08,4.137,4.024,4.024,1954372
2000-07-30,4.024,4.052,3.968,3.996,893180
2000-07-31,4.08,4.08,4.024,4.08,1127093
2000-08-01,4.109,4.137,4.024,4.024,2516981
2000-08-02,4.052,4.08,4.024,4.052,1072626
2000-08-03,4.052,4.052,3.996,4.052,525279
2000-08-05,4.024,4.052,3.968,3.968,1862858
2000-08-06,3.968,3.968,3.883,3.912,1503771
2000-08-07,3.912,3.996,3.912,3.912,860389
2000-08-08,3.94,3.94,3.912,3.912,259375
2000-08-09,3.912,3.94,3.912,3.912,796096
2000-08-10,3.94,3.94,3.912,3.912,85730
2000-08-12,3.912,3.94,3.912,3.912,978572
2000-08-13,3.912,3.912,3.855,3.855,1135666
2000-08-14,3.883,3.883,3.827,3.855,411059
2000-08-15,3.883,3.94,3.883,3.912,874177
2000-08-16,3.827,3.968,3.827,3.912,991160
2000-08-17,3.94,3.968,3.94,3.968,1247834
2000-08-19,3.94,3.996,3.94,3.968,1311523
2000-08-20,3.968,3.996,3.94,3.968,1256345
2000-08-21,3.968,3.968,3.94,3.94,893837
2000-08-22,3.968,3.996,3.912,3.94,1170082
2000-08-23,3.94,3.996,3.94,3.968,1735970
2000-08-24,3.968,3.996,3.968,3.968,471149
2000-08-26,3.968,3.996,3.968,3.996,1732984
2000-08-27,4.052,4.052,3.968,3.996,1608752
2000-08-28,3.996,4.08,3.996,4.052,1449872
2000-08-29,4.024,4.08,4.024,4.024,1174853
2000-08-30,4.024,4.052,3.996,3.996,1258086
2000-08-31,3.968,3.996,3.968,3.996,306317
2000-09-02,3.968,3.996,3.968,3.968,482938
2000-09-03,3.968,3.968,3.94,3.94,723221
2000-09-04,3.968,3.996,3.94,3.996,664614
2000-09-05,3.968,3.968,3.94,3.968,221227
2000-09-06,3.968,3.968,3.94,3.968,128826
2000-09-07,3.94,3.968,3.94,3.968,54840
2000-09-09,3.94,3.94,3.94,3.94,1025550
2000-09-10,3.912,3.968,3.912,3.912,410597
2000-09-11,3.94,3.996,3.94,3.996,966587
2000-09-12,3.996,3.996,3.94,3.94,375274
2000-09-13,3.968,3.968,3.912,3.94,1734326
2000-09-14,3.94,3.94,3.94,3.94,326306
2000-09-16,3.94,3.94,3.912,3.94,129705
2000-09-17,3.94,3.968,3.912,3.94,512788
2000-09-18,3.94,3.94,3.912,3.912,1019216
2000-09-19,3.912,3.912,3.912,3.912,468173
2000-09-20,3.94,3.94,3.912,3.94,208363
2000-09-21,3.94,3.94,3.94,3.94,51527
2000-09-23,3.912,3.94,3.912,3.912,535327
2000-09-24,3.912,3.94,3.912,3.912,462905
2000-09-25,3.912,3.996,3.912,3.996,2154268
2000-09-26,3.968,3.968,3.94,3.94,1043353
2000-09-27,3.94,3.968,3.94,3.94,572079
2000-09-28,3.94,3.94,3.912,3.94,238995
2000-09-30,3.94,3.996,3.94,3.968,739159
2000-10-01,3.968,3.968,3.94,3.94,232066
2000-10-02,3.94,3.968,3.94,3.94,193385
2000-10-03,3.94,3.968,3.94,3.94,891954
2000-10-04,3.94,3.94,3.912,3.912,251148
2000-10-05,3.94,3.94,3.94,3.94,48862
2000-10-07,3.94,3.94,3.883,3.912,849604
2000-10-08,3.883,3.912,3.883,3.912,433855
2000-10-09,3.883,3.94,3.855,3.883,389000
2000-10-10,3.855,3.912,3.855,3.883,228157
2000-10-11,3.883,3.94,3.855,3.883,417970
2000-10-12,3.912,3.94,3.883,3.912,225367
2000-10-14,3.883,3.883,3.855,3.855,814992
2000-10-15,3.883,3.883,3.855,3.855,433979
2000-10-16,3.883,3.912,3.855,3.855,296056
2000-10-17,3.855,3.883,3.855,3.883,95733
2000-10-18,3.883,3.883,3.855,3.883,527331
2000-10-19,3.883,3.883,3.883,3.883,111298
2000-10-21,3.883,3.883,3.883,3.883,110054
2000-10-22,3.912,3.912,3.883,3.912,628537
2000-10-23,3.912,3.94,3.883,3.883,956211
2000-10-24,3.883,3.912,3.883,3.912,110338
2000-10-25,3.883,3.883,3.883,3.883,642502
2000-10-26,3.883,3.912,3.883,3.883,638016
2000-10-28,3.883,3.912,3.883,3.912,370424
2000-10-29,3.883,3.883,3.883,3.883,158933
2000-10-30,3.912,3.912,3.883,3.912,573501
2000-10-31,3.883,3.883,3.855,3.883,556213
2000-11-01,3.883,3.883,3.855,3.883,162478
2000-11-02,3.883,3.912,3.883,3.912,225580
2000-11-04,3.883,3.912,3.855,3.912,412320
2000-11-05,3.912,3.94,3.883,3.912,723870
2000-11-06,3.883,3.94,3.883,3.912,464637
2000-11-07,3.94,3.94,3.883,3.883,509936
2000-11-08,3.912,3.94,3.883,3.883,585894
2000-11-09,3.883,3.883,3.855,3.855,343186
2000-11-11,3.855,3.883,3.827,3.827,575677
2000-11-12,3.855,3.855,3.827,3.827,348427
2000-11-13,3.827,3.827,3.827,3.827,299441
2000-11-14,3.799,3.827,3.771,3.799,379370
2000-11-15,3.827,3.827,3.799,3.799,63538
2000-11-16,3.827,3.827,3.799,3.827,113501
2000-11-18,3.799,3.799,3.771,3.771,65848
2000-11-19,3.771,3.799,3.771,3.799,257429
2000-11-20,3.799,3.799,3.771,3.771,361051
2000-11-21,3.743,3.771,3.715,3.715,717900
2000-11-22,3.715,3.771,3.715,3.743,158480
2000-11-23,3.715,3.743,3.715,3.743,162504
2000-11-25,3.743,3.799,3.743,3.743,128817
2000-11-26,3.743,3.771,3.743,3.743,225909
2000-11-27,3.743,3.743,3.743,3.743,79547
2000-11-28,3.743,3.771,3.715,3.715,202553
2000-11-29,3.743,3.743,3.743,3.743,159706
2000-11-30,3.743,3.743,3.743,3.743,57150
2000-12-02,3.743,3.743,3.715,3.715,305384
2000-12-03,3.715,3.743,3.715,3.715,154500
2000-12-04,3.715,3.715,3.686,3.686,157059
2000-12-05,3.686,3.715,3.686,3.715,32862
2000-12-06,3.686,3.686,3.658,3.686,276299
2000-12-07,3.658,3.658,3.658,3.658,66638
2000-12-09,3.658,3.686,3.63,3.63,234926
2000-12-10,3.63,3.63,3.574,3.63,1225491
2000-12-11,3.63,3.658,3.63,3.658,194113
2000-12-12,3.658,3.715,3.63,3.658,168954
2000-12-13,3.686,3.799,3.658,3.799,276849
2000-12-14,3.771,3.799,3.771,3.799,72022
2000-12-16,3.771,3.799,3.686,3.715,117472
2000-12-17,3.715,3.715,3.658,3.658,159822
2000-12-18,3.658,3.715,3.658,3.715,23978
2000-12-19,3.715,3.715,3.686,3.686,29432
2000-12-20,3.686,3.715,3.686,3.715,127928
2000-12-21,3.658,3.658,3.63,3.63,136812
2000-12-23,3.658,3.743,3.658,3.743,214866
2001-01-01,3.771,3.771,3.715,3.743,53437
2001-01-02,3.715,3.743,3.715,3.743,109094
2001-01-03,3.771,3.771,3.771,3.771,116557
2001-01-04,3.771,3.771,3.771,3.771,34647
2001-01-06,3.743,3.799,3.743,3.799,145296
2001-01-07,3.771,3.799,3.771,3.771,228912
2001-01-08,3.771,3.799,3.743,3.771,426792
2001-01-09,3.771,3.771,3.771,3.771,346872
2001-01-10,3.799,3.827,3.799,3.799,334764
2001-01-11,3.799,3.827,3.799,3.827,142018
2001-01-13,3.827,3.827,3.799,3.799,276823
2001-01-14,3.799,3.799,3.771,3.771,415607
2001-01-15,3.771,3.771,3.743,3.771,248670
2001-01-16,3.799,3.799,3.743,3.771,1123815
2001-01-17,3.771,3.799,3.743,3.771,226735
2001-01-18,3.771,3.799,3.771,3.799,167755
2001-01-20,3.799,3.799,3.799,3.799,26652
2001-01-21,3.771,3.799,3.771,3.799,267557
2001-01-22,3.799,3.799,3.743,3.771,348365
2001-01-23,3.771,3.771,3.743,3.743,371401
2001-01-24,3.743,3.743,3.715,3.715,357364
2001-01-25,3.715,3.715,3.715,3.715,253813
2001-01-27,3.686,3.715,3.686,3.715,48453
2001-01-28,3.743,3.771,3.715,3.743,165916
2001-01-29,3.743,3.771,3.715,3.743,388262
2001-01-30,3.743,3.799,3.743,3.799,1086787
2001-01-31,3.799,3.799,3.743,3.743,1193864
2001-02-01,3.743,3.771,3.743,3.771,24431
2001-02-03,3.771,3.771,3.771,3.771,324103
2001-02-04,3.771,3.771,3.771,3.771,675
2001-02-05,3.799,3.883,3.799,3.883,2519584
2001-02-06,3.883,3.912,3.799,3.799,1111386
2001-02-07,3.827,3.883,3.827,3.827,1093165
2001-02-08,3.827,3.855,3.827,3.855,241252
2001-02-10,3.827,3.827,3.771,3.799,2210006
2001-02-11,3.799,3.799,3.799,3.799,643542
2001-02-12,3.799,3.799,3.771,3.799,451427
2001-02-13,3.771,3.771,3.743,3.743,903307
2001-02-14,3.771,3.799,3.743,3.743,372831
2001-02-15,3.771,3.771,3.771,3.771,122029
2001-02-17,3.771,3.855,3.743,3.799,1301369
2001-02-18,3.799,3.855,3.799,3.799,619688
2001-02-19,3.799,3.799,3.771,3.771,448229
2001-02-20,3.799,3.799,3.771,3.771,304469
2001-02-21,3.771,3.799,3.771,3.771,459254
2001-02-22,3.771,3.771,3.771,3.771,34239
2001-02-24,3.771,3.771,3.743,3.743,228317
2001-02-25,3.743,3.771,3.743,3.771,501532
2001-02-26,3.743,3.771,3.743,3.743,60162
2001-02-27,3.771,3.771,3.743,3.743,76188
2001-02-28,3.743,3.771,3.743,3.743,178620
2001-03-01,3.771,3.771,3.771,3.771,199506
2001-03-10,3.771,3.771,3.771,3.771,204490
2001-03-11,3.771,3.799,3.743,3.799,97101
2001-03-12,3.799,3.827,3.771,3.771,590309
2001-03-13,3.771,3.799,3.771,3.799,200705
2001-03-14,3.799,3.827,3.771,3.827,1532475
2001-03-15,3.827,3.827,3.827,3.827,510416
2001-03-17,3.827,3.827,3.771,3.799,723142
2001-03-18,3.799,3.827,3.799,3.827,1446248
2001-03-19,3.827,3.94,3.827,3.883,2974786
2001-03-20,3.912,3.912,3.855,3.855,2040110
2001-03-21,3.855,3.883,3.827,3.827,965352
2001-03-22,3.827,3.827,3.799,3.827,196166
2001-03-24,3.827,3.827,3.799,3.799,1065767
2001-03-25,3.771,3.799,3.771,3.799,516155
2001-03-26,3.799,3.799,3.771,3.771,512602
2001-03-27,3.771,3.799,3.771,3.771,374892
2001-03-28,3.771,3.799,3.771,3.771,933255
2001-03-29,3.771,3.771,3.743,3.743,423087
2001-03-31,3.743,3.743,3.743,3.743,677398
2001-04-01,3.743,3.771,3.715,3.715,333600
2001-04-02,3.743,3.743,3.715,3.743,256372
2001-04-03,3.743,3.743,3.715,3.715,99500
2001-04-04,3.715,3.743,3.715,3.743,505992
2001-04-05,3.743,3.771,3.743,3.743,114594
2001-04-07,3.743,3.743,3.715,3.743,285920
2001-04-08,3.743,3.771,3.715,3.715,532235
2001-04-09,3.715,3.715,3.686,3.686,547027
2001-04-10,3.686,3.715,3.686,3.686,402850
2001-04-11,3.715,3.715,3.686,3.686,585681
2001-04-12,3.686,3.686,3.686,3.686,7107
2001-04-14,3.715,3.743,3.715,3.743,1557456
2001-04-15,3.743,3.743,3.715,3.743,726118
2001-04-16,3.771,3.883,3.771,3.827,3165186
2001-04-17,3.771,3.827,3.771,3.771,837646
2001-04-18,3.799,3.855,3.799,3.827,1385650
2001-04-19,3.827,3.855,3.827,3.827,637101
2001-04-21,3.827,3.827,3.799,3.799,645141
2001-04-22,3.799,3.827,3.771,3.771,183044
2001-04-23,3.771,3.827,3.771,3.827,183160
2001-04-24,3.799,3.799,3.743,3.743,1207537
2001-04-25,3.715,3.743,3.658,3.743,1289242
2001-04-26,3.743,3.743,3.715,3.743,220934
2001-04-28,3.715,3.715,3.686,3.686,308361
2001-04-29,3.715,3.715,3.686,3.686,570560
2001-04-30,3.715,3.743,3.686,3.686,896440
2001-05-01,3.715,3.743,3.715,3.743,1013885
2001-05-02,3.743,3.771,3.743,3.743,515489
2001-05-03,3.743,3.771,3.743,3.743,199959
2001-05-05,3.743,3.771,3.743,3.771,496744
2001-05-06,3.743,3.743,3.743,3.743,977630
2001-05-07,3.743,3.743,3.715,3.743,306157
2001-05-08,3.715,3.743,3.715,3.715,965548
2001-05-09,3.743,3.743,3.715,3.715,67518
2001-05-10,3.715,3.743,3.715,3.743,241642
2001-05-12,3.715,3.743,3.715,3.715,1146709
2001-05-14,3.827,3.827,3.771,3.799,1219628
2001-05-15,3.799,3.827,3.771,3.771,914021
2001-05-16,3.799,3.827,3.771,3.799,1164166
2001-05-17,3.799,3.799,3.799,3.799,104173
2001-05-19,3.799,3.827,3.799,3.827,1170811
2001-05-20,3.827,3.883,3.827,3.855,3197009
2001-05-21,3.827,3.912,3.827,3.912,2640476
2001-05-22,3.912,3.968,3.827,3.827,6638050
2001-05-23,3.996,4.109,3.968,3.968,11518071
2001-05-24,3.968,3.968,3.912,3.94,2924992
2001-05-26,3.94,3.94,3.883,3.883,1760000
2001-05-27,3.883,3.94,3.883,3.912,1495749
2001-05-28,3.912,3.968,3.912,3.968,642049
2001-05-29,3.996,3.996,3.912,3.912,2403764
2001-05-30,3.912,3.912,3.883,3.912,827314
2001-05-31,3.912,3.94,3.912,3.912,606514
2001-06-02,3.94,3.968,3.94,3.94,1003944
2001-06-03,3.912,3.94,3.912,3.912,283290
2001-06-04,3.912,3.968,3.912,3.968,646349
2001-06-05,3.94,3.968,3.912,3.968,1258752
2001-06-06,3.968,4.024,3.94,3.996,2802892
2001-06-07,3.968,3.996,3.94,3.94,1028970
2001-06-09,3.968,3.996,3.94,3.968,1678348
2001-06-10,3.968,4.024,3.968,3.996,2072776
2001-06-11,3.996,3.996,3.968,3.996,2202686
2001-06-12,3.996,4.024,3.996,3.996,1457397
2001-06-13,3.996,3.996,3.996,3.996,219966
2001-06-14,3.996,4.024,3.996,3.996,785551
2001-06-16,3.996,3.996,3.968,3.996,589536
2001-06-17,3.996,3.996,3.968,3.968,373888
2001-06-18,3.996,3.996,3.968,3.968,885753
2001-06-19,3.968,3.996,3.968,3.996,749713
2001-06-20,3.968,3.996,3.94,3.968,426632
2001-06-21,3.968,3.968,3.968,3.968,48862
2001-06-23,3.968,4.024,3.968,4.024,1531053
2001-06-24,3.996,4.052,3.996,4.024,1936337
2001-06-25,4.024,4.024,3.996,3.996,889608
2001-06-26,3.996,3.996,3.996,3.996,446790
2001-06-27,4.024,4.024,3.968,3.968,1167897
2001-06-28,3.968,3.996,3.968,3.996,28446
2001-06-30,3.996,3.996,3.968,3.968,264829
2001-07-01,3.968,3.996,3.968,3.996,252081
2001-07-02,3.968,4.024,3.968,3.968,490445
2001-07-03,3.968,4.024,3.968,3.996,549914
2001-07-04,3.996,3.996,3.94,3.94,1259934
2001-07-05,3.94,3.968,3.94,3.968,214129
2001-07-07,3.968,3.996,3.94,3.968,257856
2001-07-08,3.968,3.968,3.968,3.968,166325
2001-07-09,3.968,3.968,3.94,3.968,784556
2001-07-10,3.968,3.968,3.94,3.968,394774
2001-07-11,3.968,3.996,3.94,3.94,236365
2001-07-12,3.94,3.968,3.94,3.968,58856
2001-07-14,3.968,3.968,3.968,3.968,244556
2001-07-15,3.968,3.968,3.94,3.94,440411
2001-07-16,3.94,3.968,3.94,3.968,281682
2001-07-17,3.968,3.996,3.94,3.996,356422
2001-07-18,3.968,3.996,3.968,3.996,491760
2001-07-19,3.968,3.968,3.968,3.968,81288
2001-07-21,3.996,4.024,3.996,3.996,1431998
2001-07-22,3.996,3.996,3.968,3.996,713778
2001-07-23,3.996,4.024,3.968,3.996,981672
2001-07-24,3.968,4.024,3.968,3.996,285733
2001-07-25,3.996,3.996,3.996,3.996,283184
2001-07-26,3.996,4.024,3.968,3.996,157956
2001-07-28,3.996,3.996,3.968,3.968,834466
2001-07-29,3.968,3.996,3.968,3.968,361104
2001-07-30,3.968,3.968,3.94,3.94,1072368
2001-07-31,3.968,3.968,3.94,3.968,446097
2001-08-01,3.94,3.968,3.94,3.968,296163
2001-08-02,3.968,3.968,3.968,3.968,71071
2001-08-04,3.94,3.996,3.94,3.968,131340
2001-08-05,3.968,3.996,3.968,3.968,56839
2001-08-06,3.968,3.968,3.968,3.968,123380
2001-08-07,3.968,3.996,3.968,3.968,27034
2001-08-08,3.968,3.996,3.968,3.968,314650
2001-08-09,3.968,3.996,3.968,3.996,186562
2001-08-11,3.968,3.996,3.968,3.968,503043
2001-08-12,3.968,3.996,3.968,3.996,1303110
2001-08-13,3.996,4.137,3.996,4.137,4433205
2001-08-14,4.109,4.137,4.052,4.052,2655054
2001-08-15,4.08,4.08,4.052,4.052,910041
2001-08-16,4.052,4.08,4.052,4.052,246946
2001-08-18,4.08,4.08,4.024,4.052,502678
2001-08-19,4.052,4.052,4.052,4.052,615486
2001-08-20,4.052,4.08,4.052,4.08,121479
2001-08-21,4.08,4.137,4.08,4.109,1434316
2001-08-22,4.109,4.277,4.109,4.249,4669774
2001-08-23,4.249,4.334,4.249,4.249,2880626
2001-08-25,4.277,4.334,4.277,4.306,1949397
2001-08-26,4.277,4.306,4.277,4.277,2068601
2001-08-27,4.277,4.306,4.193,4.193,2715092
2001-08-28,4.193,4.221,4.193,4.193,934303
2001-08-29,4.249,4.277,4.221,4.221,1954203
2001-08-30,4.221,4.249,4.221,4.221,505868
2001-09-01,4.221,4.249,4.221,4.221,1283841
2001-09-02,4.249,4.249,4.193,4.221,970550
2001-09-03,4.249,4.249,4.221,4.221,545943
2001-09-04,4.249,4.249,4.221,4.221,981104
2001-09-05,4.221,4.277,4.221,4.249,1644030
2001-09-06,4.249,4.277,4.249,4.277,256745
2001-09-08,4.277,4.334,4.249,4.249,2833577
2001-09-09,4.277,4.277,4.165,4.165,2943720
2001-09-10,4.137,4.193,4.109,4.193,771790
2001-09-11,4.193,4.193,3.912,3.968,4123378
2001-09-12,3.883,4.08,3.883,4.024,2312526
2001-09-13,4.024,4.024,3.968,3.968,366195
2001-09-15,3.968,3.968,3.771,3.771,2537902
2001-09-16,3.799,3.855,3.743,3.771,1264252
2001-09-17,3.771,3.827,3.715,3.827,1487247
2001-09-18,3.827,3.968,3.827,3.94,1700470
2001-09-19,3.94,4.024,3.94,3.94,1641480
2001-09-20,3.94,3.94,3.855,3.883,506054
2001-09-22,3.827,3.827,3.715,3.771,1450023
2001-09-23,3.743,3.827,3.743,3.771,579204
2001-09-24,3.827,3.855,3.771,3.799,1286906
2001-09-25,3.799,3.799,3.771,3.771,164432
2001-09-26,3.799,3.799,3.743,3.743,530476
2001-09-27,3.743,3.743,3.658,3.715,617734
2001-09-29,3.715,3.799,3.715,3.771,397084
2001-09-30,3.743,3.799,3.743,3.799,316516
2001-10-01,3.799,3.799,3.771,3.799,236934
2001-10-02,3.771,3.799,3.771,3.799,279941
2001-10-03,3.799,3.855,3.799,3.827,1023391
2001-10-06,3.827,3.827,3.827,3.827,10225
2001-10-07,3.827,3.827,3.827,3.827,17768
2001-10-08,3.855,3.855,3.771,3.827,214369
2001-10-09,3.827,3.855,3.827,3.827,693940
2001-10-10,3.771,3.799,3.743,3.771,297611
2001-10-11,3.799,3.799,3.771,3.799,133259
2001-10-13,3.799,3.799,3.771,3.771,242531
2001-10-14,3.771,3.771,3.743,3.771,332907
2001-10-15,3.743,3.799,3.743,3.799,193607
2001-10-16,3.799,3.827,3.799,3.799,358732
2001-10-17,3.827,3.855,3.799,3.827,537130
2001-10-18,3.799,3.799,3.771,3.799,422901
2001-10-20,3.799,3.827,3.799,3.799,153301
2001-10-21,3.827,3.827,3.771,3.799,492995
2001-10-22,3.799,3.827,3.799,3.827,87915
2001-10-23,3.827,3.827,3.799,3.799,179890
2001-10-24,3.799,3.827,3.799,3.799,123406
2001-10-25,3.799,3.799,3.799,3.799,39978
2001-10-27,3.799,3.799,3.771,3.771,120608
2001-10-28,3.771,3.799,3.771,3.799,117356
2001-10-29,3.799,3.799,3.771,3.799,327221
2001-10-30,3.799,3.799,3.771,3.771,463465
2001-10-31,3.771,3.799,3.771,3.771,315992
2001-11-01,3.743,3.771,3.743,3.771,49714
2001-11-03,3.771,3.799,3.743,3.743,153692
2001-11-04,3.743,3.743,3.743,3.743,186544
2001-11-05,3.743,3.771,3.743,3.771,31582
2001-11-06,3.771,3.771,3.771,3.771,123042
2001-11-07,3.771,3.771,3.771,3.771,138145
2001-11-10,3.771,3.771,3.743,3.771,158356
2001-11-11,3.771,3.799,3.771,3.799,68584
2001-11-12,3.771,3.799,3.771,3.771,253893
2001-11-13,3.771,3.799,3.771,3.771,161483
2001-11-14,3.771,3.799,3.743,3.771,914492
2001-11-15,3.743,3.771,3.715,3.743,371792
2001-11-17,3.743,3.743,3.715,3.715,920418
2001-11-18,3.715,3.715,3.715,3.715,195713
2001-11-19,3.715,3.715,3.715,3.715,198262
2001-11-20,3.715,3.743,3.715,3.715,114514
2001-11-21,3.715,3.743,3.715,3.743,646287
2001-11-22,3.743,3.771,3.715,3.771,247506
2001-11-24,3.771,3.883,3.771,3.883,1356058
2001-11-25,3.883,3.996,3.855,3.968,2507378
2001-11-26,3.968,3.996,3.883,3.912,1704991
2001-11-27,3.912,3.912,3.855,3.883,742739
2001-11-28,3.883,3.968,3.883,3.912,2872106
2001-11-29,3.912,3.912,3.912,3.912,289234
2001-12-01,3.912,3.912,3.883,3.883,432460
2001-12-02,3.883,3.912,3.883,3.883,419321
2001-12-03,3.883,3.912,3.855,3.855,262297
2001-12-04,3.855,3.855,3.827,3.855,512602
2001-12-05,3.855,3.912,3.855,3.883,441175
2001-12-06,3.883,3.912,3.912,3.912,337589
2001-12-08,3.912,3.912,3.883,3.912,284152
2001-12-09,3.912,3.883,3.855,3.883,927933
2001-12-10,3.883,3.94,3.883,3.883,486900
2001-12-11,3.883,3.968,3.883,3.94,697565
2001-12-19,3.94,4.024,3.968,3.996,658298
2001-12-20,3.996,3.996,3.968,3.996,54654
2001-12-22,3.996,4.024,3.996,4.024,646838
2001-12-23,4.024,4.08,3.996,4.052,1235041
2001-12-24,4.052,4.08,4.052,4.052,524933
2001-12-25,4.052,4.08,4.024,4.052,539333
2001-12-26,4.052,4.052,3.996,4.052,602587
2001-12-27,4.052,4.024,3.996,3.996,698942
2001-12-29,3.996,4.052,3.996,3.996,834572
2001-12-30,3.996,3.996,3.968,3.996,1489556
2001-12-31,3.996,3.996,3.968,3.968,1666364
2002-01-01,3.968,4.024,3.94,3.968,2434200
2002-01-02,3.968,3.715,3.658,3.686,367687
2002-01-03,3.686,3.686,3.686,3.686,390803
2002-01-05,3.686,3.686,3.63,3.63,660306
2002-01-06,3.63,3.63,3.602,3.63,534101
2002-01-07,3.63,3.658,3.63,3.63,734015
2002-01-08,3.63,3.63,3.602,3.63,517435
2002-01-09,3.63,3.63,3.602,3.602,168004
2002-01-10,3.602,3.63,3.602,3.63,653341
2002-01-12,3.63,3.63,3.602,3.602,342688
2002-01-13,3.602,3.63,3.574,3.602,519300
2002-01-14,3.602,3.602,3.602,3.602,251592
2002-01-15,3.602,3.602,3.546,3.574,733242
2002-01-16,3.574,3.574,3.518,3.546,278173
2002-01-17,3.546,3.546,3.546,3.546,7196
2002-01-19,3.546,3.546,3.518,3.518,106438
2002-01-20,3.518,3.546,3.489,3.489,180308
2002-01-21,3.489,3.518,3.489,3.518,308343
2002-01-22,3.518,3.546,3.518,3.546,86103
2002-01-23,3.546,3.546,3.489,3.546,407452
2002-01-24,3.546,3.518,3.518,3.518,59522
2002-01-26,3.518,3.518,3.489,3.489,404191
2002-01-27,3.489,3.518,3.489,3.518,634427
2002-01-28,3.518,3.518,3.489,3.489,495029
2002-01-29,3.489,3.489,3.489,3.489,156668
2002-01-30,3.489,3.518,3.489,3.518,175590
2002-01-31,3.518,3.518,3.489,3.518,64853
2002-02-02,3.518,3.518,3.489,3.518,134147
2002-02-03,3.518,3.518,3.489,3.489,133801
2002-02-04,3.489,3.518,3.489,3.518,387036
2002-02-05,3.518,3.546,3.518,3.518,770626
2002-02-06,3.518,3.518,3.461,3.489,809538
2002-02-07,3.489,3.461,3.461,3.461,26652
2002-02-09,3.461,3.489,3.433,3.433,147526
2002-02-10,3.433,3.433,3.405,3.405,308032
2002-02-11,3.405,3.405,3.405,3.405,59122
2002-02-12,3.405,3.405,3.377,3.405,231133
2002-02-13,3.405,3.433,3.377,3.405,126400
2002-02-14,3.405,3.405,3.405,3.405,48862
2002-02-16,3.405,3.489,3.405,3.433,301698
2002-02-17,3.433,3.405,3.377,3.405,157299
2002-02-18,3.405,3.433,3.405,3.433,179588
2002-02-19,3.433,3.433,3.405,3.433,121754
2002-02-26,3.433,3.489,3.461,3.489,74447
2002-02-27,3.489,3.461,3.461,3.461,79813
2002-02-28,3.461,3.461,3.461,3.461,21730
2002-03-02,3.461,3.489,3.461,3.461,212272
2002-03-03,3.461,3.461,3.461,3.461,117250
2002-03-04,3.461,3.461,3.461,3.461,117090
2002-03-05,3.461,3.461,3.433,3.433,252125
2002-03-06,3.433,3.489,3.433,3.489,613523
2002-03-07,3.489,3.461,3.461,3.461,39711
2002-03-09,3.461,3.489,3.461,3.461,414683
2002-03-10,3.489,3.518,3.461,3.489,233647
2002-03-11,3.489,3.489,3.461,3.489,273909
2002-03-12,3.489,3.489,3.461,3.489,567575
2002-03-13,3.489,3.546,3.489,3.546,1388244
2002-03-14,3.546,3.546,3.489,3.489,603493
2002-03-16,3.489,3.518,3.489,3.518,475067
2002-03-17,3.489,3.518,3.489,3.518,385793
2002-03-18,3.518,3.518,3.489,3.489,226380
2002-03-19,3.518,3.574,3.518,3.546,862574
2002-03-20,3.574,3.574,3.546,3.546,689614
2002-03-21,3.546,3.574,3.546,3.574,38450
2002-03-23,3.546,3.574,3.546,3.546,367989
2002-03-24,3.546,3.546,3.518,3.546,411645
2002-03-25,3.546,3.574,3.518,3.518,523671
2002-03-26,3.546,3.658,3.518,3.602,2437852
2002-03-27,3.602,3.686,3.602,3.63,2573962
2002-03-28,3.658,3.658,3.602,3.63,218020
2002-03-30,3.658,3.658,3.546,3.574,1566251
2002-03-31,3.574,3.574,3.489,3.518,939749
2002-04-01,3.518,3.602,3.518,3.574,1088492
2002-04-02,3.63,3.63,3.574,3.574,621536
2002-04-03,3.574,3.574,3.546,3.546,581878
2002-04-04,3.546,3.574,3.546,3.546,283628
2002-04-06,3.546,3.63,3.546,3.602,1108357
2002-04-07,3.63,3.63,3.574,3.574,854535
2002-04-08,3.574,3.602,3.574,3.602,442294
2002-04-09,3.602,3.602,3.546,3.602,2175457
2002-04-10,3.574,3.574,3.574,3.574,398159
2002-04-11,3.574,3.574,3.546,3.546,123975
2002-04-13,3.574,3.602,3.546,3.602,358821
2002-04-14,3.574,3.602,3.574,3.602,652088
2002-04-15,3.63,3.715,3.602,3.715,3012321
2002-04-16,3.715,3.771,3.686,3.715,3474222
2002-04-17,3.715,3.715,3.686,3.715,1962003
2002-04-18,3.686,3.743,3.686,3.715,653181
2002-04-20,3.715,3.771,3.715,3.771,2209002
2002-04-21,3.771,4.08,3.743,4.052,16918646
2002-04-22,4.024,4.193,3.968,4.193,20681860
2002-04-23,4.165,4.193,4.137,4.193,18385752
2002-04-24,4.165,4.165,4.024,4.08,5891268
2002-04-25,4.08,4.109,4.052,4.109,2293550
2002-04-27,4.193,4.306,4.165,4.221,14550878
2002-04-28,4.193,4.249,4.109,4.109,4558601
2002-04-29,4.165,4.165,4.109,4.137,3159163
2002-04-30,4.137,4.137,4.024,4.024,4219814
2002-05-01,4.024,4.052,3.968,4.024,3693486
2002-05-02,4.052,4.137,4.052,4.109,1746852
2002-05-04,4.08,4.249,4.08,4.221,7243808
2002-05-05,4.221,4.221,4.109,4.137,2544823
2002-05-06,4.221,4.503,4.221,4.446,27515098
2002-05-07,4.446,4.84,4.446,4.812,29911980
2002-05-08,4.925,5.009,4.756,4.868,27032302
2002-05-09,4.868,4.896,4.784,4.812,3602772
2002-05-11,4.84,4.84,4.671,4.7,7653232
2002-05-12,4.671,4.756,4.418,4.615,14051185
2002-05-13,4.615,4.728,4.559,4.671,8182278
2002-05-14,4.671,4.784,4.671,4.7,11159880
2002-05-15,4.531,4.531,4.418,4.418,9881761
2002-05-16,4.446,4.446,4.334,4.446,3053000
2002-05-18,4.446,4.446,4.362,4.362,3090570
2002-05-19,4.362,4.39,4.221,4.306,4818926
2002-05-20,4.306,4.362,4.249,4.306,2533594
2002-05-21,4.334,4.418,4.334,4.362,3774712
2002-05-22,4.39,4.531,4.39,4.531,10005078
2002-05-23,4.615,4.671,4.559,4.615,12462271
2002-05-25,4.643,4.756,4.587,4.643,15532408
2002-05-26,4.756,4.84,4.671,4.7,24528354
2002-05-27,4.643,4.671,4.418,4.559,9019586
2002-05-28,4.615,4.671,4.615,4.643,6458381
2002-05-29,4.643,4.671,4.615,4.671,4155334
2002-05-30,4.671,4.728,4.671,4.728,2495153
2002-06-01,4.728,4.756,4.671,4.671,4455664
2002-06-02,4.671,4.7,4.615,4.643,2144976
2002-06-03,4.643,4.671,4.559,4.643,2819940
2002-06-04,4.643,4.643,4.587,4.587,1148876
2002-06-05,4.615,4.756,4.615,4.7,17050490
2002-06-06,4.7,4.728,4.671,4.728,4125617
2002-06-08,4.728,4.728,4.615,4.643,6570692
2002-06-09,4.671,4.7,4.671,4.7,3352068
2002-06-10,4.671,4.7,4.587,4.615,3158186
2002-06-11,4.615,4.615,4.418,4.446,7172577
2002-06-12,4.446,4.559,4.334,4.531,8385754
2002-06-13,4.559,4.643,4.559,4.615,8170018
2002-06-15,4.615,4.643,4.503,4.531,7374872
2002-06-16,4.531,4.559,4.503,4.531,3612020
2002-06-17,4.559,4.587,4.531,4.531,2917876
2002-06-18,4.559,4.559,4.531,4.531,1445030
2002-06-19,4.531,4.559,4.503,4.531,1502740
2002-06-20,4.503,4.531,4.503,4.531,762639
2002-06-22,4.531,4.531,4.474,4.474,1425974
2002-06-23,4.503,4.503,4.446,4.446,1611844
2002-06-24,4.474,4.531,4.446,4.531,1825857
2002-06-25,4.559,4.643,4.531,4.615,6049206
2002-06-26,4.643,4.643,4.587,4.615,2656662
2002-06-27,4.615,4.643,4.615,4.615,1939491
2002-06-29,4.615,4.643,4.587,4.587,2346596
2002-06-30,4.587,4.671,4.559,4.643,6756694
2002-07-01,4.643,4.728,4.643,4.728,8079508
2002-07-02,4.728,4.812,4.7,4.7,6429570
2002-07-03,4.7,4.728,4.643,4.671,2895950
2002-07-04,4.671,4.7,4.671,4.671,690813
2002-07-06,4.7,4.728,4.671,4.7,1115295
2002-07-07,4.728,4.756,4.7,4.728,2466165
2002-07-08,4.728,4.756,4.7,4.756,2928546
2002-07-09,4.728,4.812,4.728,4.756,4849532
2002-07-10,4.756,4.756,4.7,4.7,2092738
2002-07-11,4.7,4.728,4.7,4.728,1480699
2002-07-13,4.7,4.756,4.7,4.728,2005898
2002-07-14,4.728,4.756,4.7,4.728,714631
2002-07-15,4.728,4.728,4.615,4.615,6880234
2002-07-16,4.671,4.671,4.587,4.643,2667039
2002-07-17,4.643,4.671,4.643,4.643,1382301
2002-07-18,4.643,4.671,4.643,4.671,588381
2002-07-20,4.671,4.728,4.643,4.7,5224113
2002-07-21,4.7,4.896,4.671,4.784,14308099
2002-07-22,4.784,4.84,4.7,4.756,9018422
2002-07-23,4.728,4.784,4.7,4.756,5040554
2002-07-24,4.756,4.756,4.728,4.728,1913612
2002-07-25,4.728,4.784,4.728,4.756,2254959
2002-07-27,4.784,4.84,4.756,4.84,5480964
2002-07-28,4.868,4.896,4.812,4.868,7098022
2002-07-29,4.84,4.868,4.784,4.812,4209721
2002-07-30,4.812,4.812,4.784,4.812,1988788
2002-07-31,4.812,4.812,4.784,4.784,624370
2002-08-01,4.784,4.812,4.784,4.812,852171
2002-08-03,4.812,4.812,4.756,4.784,1885397
2002-08-04,4.784,4.812,4.728,4.756,3912599
2002-08-05,4.756,4.756,4.615,4.643,3868881
2002-08-06,4.643,4.7,4.643,4.7,1669784
2002-08-07,4.756,4.784,4.7,4.728,4917636
2002-08-08,4.728,4.756,4.728,4.728,383323
2002-08-10,4.728,4.728,4.7,4.7,1119746
2002-08-11,4.7,4.7,4.671,4.7,937110
2002-08-12,4.728,4.728,4.671,4.7,943765
2002-08-13,4.7,4.728,4.7,4.728,1427973
2002-08-14,4.756,4.756,4.7,4.7,1531888
2002-08-15,4.7,4.728,4.7,4.7,688956
2002-08-17,4.728,4.728,4.7,4.7,1198946
2002-08-18,4.671,4.7,4.615,4.671,2871476
2002-08-19,4.671,4.7,4.671,4.7,676226
2002-08-20,4.7,4.728,4.671,4.7,2404590
2002-08-21,4.671,4.7,4.671,4.7,1264714
2002-08-22,4.7,4.728,4.7,4.728,385242
2002-08-24,4.7,4.728,4.7,4.7,1430363
2002-08-25,4.728,4.784,4.7,4.756,4921554
2002-08-26,4.728,4.784,4.728,4.756,2540203
2002-08-27,4.784,4.896,4.756,4.84,9969454
2002-08-28,4.896,5.009,4.896,4.896,15455633
2002-08-29,4.925,4.953,4.896,4.896,1927844
2002-08-31,4.896,4.896,4.812,4.868,2650364
2002-09-01,4.868,4.896,4.868,4.896,2983208
2002-09-02,4.896,4.953,4.868,4.896,2099126
2002-09-03,4.896,4.925,4.868,4.896,1455238
2002-09-04,4.896,4.953,4.896,4.925,3743876
2002-09-05,4.925,5.009,4.925,4.981,3091379
2002-09-07,5.009,5.093,4.925,4.953,14230577
2002-09-08,4.896,4.981,4.896,4.981,3703516
2002-09-09,4.981,4.981,4.84,4.84,4379164
2002-09-10,4.84,4.925,4.84,4.868,9009077
2002-09-11,4.868,4.925,4.868,4.896,3125431
2002-09-12,4.953,4.981,4.925,4.981,3422358
2002-09-14,4.953,5.065,4.953,5.037,12102268
2002-09-15,5.065,5.065,4.953,4.953,12153919
2002-09-16,4.953,4.981,4.896,4.981,7307976
2002-09-17,5.065,5.15,5.009,5.122,22974558
2002-09-18,5.15,5.516,5.122,5.487,42596648
2002-09-19,5.431,5.6,5.403,5.431,25623190
2002-09-21,5.403,5.459,5.319,5.375,12993716
2002-09-22,5.347,5.487,5.319,5.403,13883564
2002-09-23,5.403,5.459,5.347,5.347,7120854
2002-09-24,5.319,5.347,5.262,5.262,7348372
2002-09-25,5.29,5.431,5.29,5.375,7897770
2002-09-26,5.403,5.403,5.347,5.403,1935813
2002-09-28,5.403,5.403,5.319,5.319,3657915
2002-09-29,5.319,5.347,5.319,5.319,2623730
2002-09-30,5.347,5.375,5.319,5.347,4725166
2002-10-01,5.375,5.572,5.375,5.516,26090324
2002-10-02,5.544,5.572,5.431,5.459,16235365
2002-10-03,5.487,5.487,5.403,5.403,5535805
2002-10-05,5.403,5.459,5.319,5.375,7355603
2002-10-06,5.347,5.375,5.319,5.319,3089114
2002-10-07,5.375,5.516,5.375,5.459,15124885
2002-10-08,5.487,5.628,5.487,5.628,33258094
2002-10-09,5.6,5.684,5.572,5.572,24575334
2002-10-10,5.572,5.572,5.516,5.572,6666104
2002-10-12,5.487,5.516,5.431,5.459,6497506
2002-10-13,5.487,5.544,5.459,5.544,6218418
2002-10-14,5.544,5.572,5.459,5.487,5871848
2002-10-15,5.487,5.516,5.459,5.487,5030426
2002-10-16,5.487,5.487,5.431,5.431,2974298
2002-10-17,5.431,5.487,5.403,5.487,2356076
2002-10-19,5.459,5.487,5.431,5.487,1469390
2002-10-20,5.459,5.459,5.431,5.431,2131401
2002-10-21,5.431,5.459,5.403,5.403,1880120
2002-10-22,5.403,5.431,5.375,5.431,1081723
2002-10-23,5.403,5.459,5.403,5.431,2479366
2002-10-24,5.403,5.403,5.319,5.375,3094026
2002-10-26,5.347,5.375,5.178,5.234,7415143
2002-10-27,5.234,5.319,5.234,5.29,2994064
2002-10-28,5.29,5.319,5.234,5.234,1466654
2002-10-29,5.234,5.234,5.15,5.15,1895427
2002-10-30,5.15,5.234,5.122,5.206,1098354
2002-10-31,5.234,5.262,5.234,5.234,625108
2002-11-02,5.262,5.262,5.15,5.15,1435089
2002-11-03,5.15,5.15,5.093,5.122,1037490
2002-11-04,5.122,5.15,5.093,5.122,1769595
2002-11-05,5.122,5.15,5.093,5.093,345851
2002-11-06,5.122,5.122,5.065,5.093,854579
2002-11-07,5.093,5.093,5.065,5.065,55969
2002-11-09,5.093,5.206,5.093,5.206,3338867
2002-11-10,5.234,5.234,5.15,5.15,1085765
2002-11-11,5.15,5.15,5.065,5.122,2515302
2002-11-12,5.093,5.122,5.037,5.065,3073007
2002-11-13,5.065,5.15,5.037,5.093,3444888
2002-11-14,5.093,5.122,5.093,5.093,429475
2002-11-16,5.122,5.122,5.065,5.065,1586196
2002-11-17,5.065,5.065,5.037,5.065,1292867
2002-11-18,5.037,5.065,4.981,4.981,1347094
2002-11-19,4.981,4.981,4.615,4.615,3953056
2002-11-20,4.7,4.812,4.587,4.615,6453016
2002-11-21,4.615,4.756,4.587,4.728,4153717
2002-11-23,4.756,4.868,4.671,4.7,5917084
2002-11-24,4.671,4.671,4.418,4.474,8018520
2002-11-25,4.474,4.7,4.474,4.671,12893336
2002-11-26,4.7,4.812,4.7,4.812,11885615
2002-11-27,4.784,4.868,4.7,4.868,5051748
2002-11-28,4.84,4.84,4.756,4.784,1548652
2002-11-30,4.812,4.84,4.784,4.812,2206861
2002-12-01,4.784,4.784,4.728,4.756,742650
2002-12-02,4.784,4.812,4.784,4.812,1301884
2002-12-03,4.784,4.84,4.784,4.84,1797846
2002-12-10,4.784,4.812,4.784,4.812,1942974
2002-12-11,4.812,4.812,4.728,4.756,3315369
2002-12-12,4.728,4.756,4.728,4.756,126969
2002-12-14,4.728,4.728,4.643,4.671,639730
2002-12-15,4.643,4.671,4.615,4.671,352682
2002-12-16,4.7,4.784,4.7,4.756,1782548
2002-12-17,4.756,4.84,4.728,4.812,3351340
2002-12-18,4.84,4.896,4.812,4.812,6102616
2002-12-19,4.812,4.812,4.7,4.784,2205440
2002-12-21,4.784,4.784,4.756,4.756,2795367
2002-12-22,4.756,4.756,4.756,4.756,332338
2002-12-23,4.756,4.812,4.756,4.812,2777244
2002-12-24,4.84,4.925,4.812,4.896,8425546
2002-12-25,4.896,4.896,4.784,4.784,3666079
2002-12-26,4.812,4.84,4.812,4.84,706155
2002-12-28,4.868,4.868,4.84,4.84,3800182
2002-12-29,4.868,4.868,4.812,4.812,2343966
2002-12-30,4.812,4.868,4.812,4.84,1113625
2002-12-31,4.812,4.868,4.812,4.868,2409326
2003-01-01,4.868,5.009,4.868,5.009,12159276
2003-01-02,4.981,5.009,4.981,5.009,2439460
2003-01-04,5.009,5.15,4.981,5.122,7137930
2003-01-05,5.122,5.206,5.122,5.122,5465951
2003-01-06,5.122,5.178,5.122,5.15,2736698
2003-01-07,5.178,5.319,5.178,5.29,12126760
2003-01-08,5.319,5.347,5.262,5.262,7519626
2003-01-09,5.262,5.29,5.262,5.262,5653881
2003-01-11,5.262,5.319,5.178,5.206,4573624
2003-01-12,5.206,5.262,5.178,5.206,3583264
2003-01-13,5.206,5.234,5.206,5.206,1856009
2003-01-14,5.234,5.234,5.178,5.206,1794461
2003-01-15,5.178,5.206,5.178,5.178,579213
2003-01-16,5.178,5.206,5.178,5.206,430434
2003-01-18,5.206,5.206,5.093,5.178,2983644
2003-01-19,5.15,5.206,5.122,5.178,2963362
2003-01-20,5.178,5.234,5.178,5.206,3331884
2003-01-21,5.178,5.234,5.15,5.15,2865568
2003-01-22,5.15,5.15,5.037,5.065,2702832
2003-01-23,5.065,5.093,5.037,5.093,400664
2003-01-25,5.065,5.065,5.009,5.065,1381457
2003-01-26,5.065,5.093,4.981,4.981,3051757
2003-01-27,4.981,5.009,4.896,5.009,2123024
2003-01-28,5.009,5.037,4.981,5.009,1413288
2003-01-29,5.009,5.009,4.868,4.896,2374820
2003-01-30,4.868,4.868,4.784,4.868,1915531
2003-02-01,4.84,4.84,4.728,4.728,1722777
2003-02-02,4.728,4.728,4.643,4.643,1501336
2003-02-03,4.643,4.643,4.615,4.643,122065
2003-02-04,4.728,4.812,4.7,4.728,2179783
2003-02-05,4.728,4.756,4.7,4.756,1556621
2003-02-15,4.784,5.009,4.784,5.009,5397109
2003-02-16,5.009,5.065,4.925,4.953,4144292
2003-02-17,4.953,4.953,4.868,4.896,1975613
2003-02-18,4.925,4.953,4.925,4.925,1714604
2003-02-19,4.953,4.981,4.925,4.953,1468635
2003-02-20,4.953,4.953,4.925,4.953,511971
2003-02-22,4.896,4.925,4.812,4.84,2471140
2003-02-23,4.84,4.868,4.784,4.868,738919
2003-02-24,4.896,4.925,4.868,4.896,918854
2003-02-25,4.868,4.868,4.812,4.812,758055
2003-02-26,4.84,4.84,4.84,4.84,657276
2003-02-27,4.84,4.84,4.84,4.84,32870
2003-03-01,4.812,4.84,4.784,4.784,730897
2003-03-02,4.812,4.812,4.784,4.784,273003
2003-03-03,4.812,4.84,4.812,4.812,504482
2003-03-04,4.812,4.84,4.812,4.812,1214555
2003-03-05,4.812,4.925,4.812,4.84,4880181
2003-03-06,4.868,4.868,4.84,4.84,354868
2003-03-08,4.84,4.84,4.7,4.7,1143635
2003-03-09,4.671,4.7,4.531,4.559,2283201
2003-03-10,4.559,4.671,4.559,4.643,2268382
2003-03-11,4.671,4.812,4.671,4.728,5236426
2003-03-12,4.728,4.728,4.671,4.671,682267
2003-03-13,4.671,4.7,4.671,4.7,335901
2003-03-15,4.7,4.728,4.671,4.671,640734
2003-03-16,4.643,4.643,4.615,4.643,813056
2003-03-17,4.615,4.615,4.503,4.559,1167790
2003-03-18,4.559,4.671,4.559,4.671,1680792
2003-03-19,4.671,4.728,4.587,4.587,1548546
2003-03-20,4.587,4.784,4.587,4.784,1692874
2003-03-22,4.868,5.009,4.812,4.981,7360986
2003-03-23,5.009,5.037,4.784,4.812,4539776
2003-03-24,4.812,4.868,4.784,4.84,1947194
2003-03-25,4.812,4.868,4.812,4.868,2250072
2003-03-26,4.896,5.037,4.868,5.009,13353584
2003-03-27,4.953,5.037,4.953,5.009,2296162
2003-03-29,5.009,5.065,4.925,5.037,5832910
2003-03-30,5.037,5.065,5.009,5.037,5535094
2003-03-31,4.981,5.009,4.84,4.925,10027697
2003-04-01,4.925,4.981,4.896,4.953,6639471
2003-04-02,4.953,5.009,4.925,4.953,7477375
2003-04-03,4.953,4.953,4.925,4.953,1007347
2003-04-05,4.953,5.009,4.925,5.009,4125884
2003-04-06,4.981,5.037,4.981,4.981,6460958
2003-04-07,5.009,5.037,4.981,5.037,4314702
2003-04-08,5.037,5.262,5.037,5.15,22263560
2003-04-09,5.122,5.403,5.065,5.347,36178432
2003-04-10,5.375,5.403,5.347,5.403,11931892
2003-04-12,5.234,5.234,5.037,5.065,8023886
2003-04-13,5.093,5.122,5.065,5.093,4171689
2003-04-14,5.122,5.122,5.009,5.037,2241366
2003-04-15,5.037,5.178,5.037,5.122,5477358
2003-04-16,5.178,5.375,5.178,5.347,15170699
2003-04-17,5.347,5.375,5.206,5.262,4918915
2003-04-19,5.234,5.319,5.206,5.262,9640358
2003-04-20,5.29,5.347,5.234,5.29,8478512
2003-04-21,5.319,5.487,5.29,5.431,28861722
2003-04-22,5.431,5.487,5.347,5.403,18258232
2003-04-23,5.431,5.431,5.375,5.375,9042889
2003-04-24,5.403,5.572,5.403,5.572,22080838
2003-04-26,5.572,5.6,5.375,5.403,31885928
2003-04-27,5.403,5.431,5.262,5.29,17465982
2003-04-28,5.29,5.319,5.206,5.234,6356332
2003-04-29,5.234,5.29,5.15,5.178,21295570
2003-04-30,5.15,5.234,5.122,5.178,17305326
2003-05-01,5.206,5.234,5.178,5.234,7405140
2003-05-03,5.262,5.29,5.234,5.29,16593201
2003-05-04,5.29,5.29,5.234,5.262,6864732
2003-05-05,5.262,5.29,5.234,5.262,5018930
2003-05-06,5.262,5.319,5.262,5.262,10053895
2003-05-07,5.29,5.29,5.234,5.262,9416040
2003-05-08,5.262,5.262,5.234,5.234,3502491
2003-05-10,5.262,5.29,5.234,5.234,4982373
2003-05-11,5.262,5.375,5.234,5.347,14011962
2003-05-12,5.375,5.375,5.262,5.29,6204888
2003-05-13,5.206,5.319,5.206,5.262,5592049
2003-05-14,5.234,5.29,5.206,5.29,3525287
2003-05-15,5.29,5.319,5.262,5.29,2358421
2003-05-17,5.319,5.375,5.29,5.347,7519378
2003-05-18,5.375,5.375,5.29,5.319,4277843
2003-05-19,5.319,5.347,5.319,5.319,1524399
2003-05-20,5.319,5.375,5.319,5.347,2563337
2003-05-21,5.347,5.403,5.319,5.347,7233849
2003-05-22,5.375,5.403,5.347,5.403,2140525
2003-05-24,5.431,5.459,5.403,5.431,6350948
2003-05-25,5.431,5.459,5.375,5.431,3511472
2003-05-26,5.403,5.459,5.403,5.403,4865736
2003-05-27,5.431,5.459,5.375,5.403,8207739
2003-05-28,5.319,5.375,5.29,5.347,10967641
2003-05-29,5.347,5.375,5.29,5.319,2270906
2003-05-31,5.347,5.347,5.234,5.29,4969491
2003-06-01,5.319,5.319,5.262,5.262,1535850
2003-06-02,5.29,5.347,5.262,5.347,3203983
2003-06-03,5.347,5.431,5.319,5.347,8136694
2003-06-04,5.347,5.375,5.29,5.347,2946784
2003-06-05,5.347,5.347,5.319,5.319,1456580
2003-06-07,5.347,5.347,5.29,5.319,2500066
2003-06-08,5.319,5.403,5.319,5.347,7330346
2003-06-09,5.347,5.403,5.29,5.375,10415897
2003-06-10,5.375,5.375,5.262,5.29,5189696
2003-06-11,5.29,5.319,5.262,5.262,2266792
2003-06-12,5.29,5.29,5.262,5.29,811705
2003-06-14,5.29,5.375,5.29,5.347,5746913
2003-06-15,5.347,5.769,5.347,5.713,90245912
2003-06-16,5.769,5.938,5.684,5.741,63472860
2003-06-17,5.713,5.881,5.656,5.881,38796680
2003-06-18,5.881,5.994,5.825,5.853,33718608
2003-06-19,5.881,5.881,5.769,5.769,9030016
2003-06-21,5.769,5.797,5.431,5.487,13775473
2003-06-22,5.487,5.684,5.487,5.628,13392433
2003-06-23,5.656,5.741,5.516,5.6,15533288
2003-06-24,5.6,5.741,5.572,5.684,23924710
2003-06-25,5.684,5.684,5.572,5.656,7825935
2003-06-26,5.656,5.684,5.628,5.656,2553991
2003-06-28,5.656,5.713,5.628,5.684,8845471
2003-06-29,5.713,5.853,5.684,5.825,16507338
2003-06-30,5.853,5.881,5.769,5.769,11542066
2003-07-01,5.797,5.825,5.741,5.769,4464912
2003-07-02,5.797,5.91,5.769,5.881,16426716
2003-07-03,5.91,6.107,5.91,6.078,23221574
2003-07-05,6.191,6.669,6.163,6.669,74992872
2003-07-06,6.698,6.838,6.388,6.416,26160498
2003-07-07,6.416,6.641,6.332,6.529,13721130
2003-07-08,6.529,7.148,6.529,7.063,38731748
2003-07-09,7.148,7.598,7.091,7.542,57695972
2003-07-10,7.682,7.767,7.57,7.626,18704328
2003-07-12,7.598,7.626,7.345,7.485,12432794
2003-07-13,7.514,7.598,7.401,7.457,13504637
2003-07-14,7.485,8.189,7.485,8.189,43496668
2003-07-15,8.189,8.695,8.02,8.33,57510788
2003-07-16,8.33,8.555,8.217,8.499,27895818
2003-07-17,8.583,8.78,8.583,8.724,37222068
2003-07-19,9.033,9.512,8.808,9.512,73381688
2003-07-20,9.596,10.44,9.596,10.44,58693904
2003-07-21,11.144,11.481,10.722,11.481,23909518
2003-07-22,11.594,11.819,10.3,11.594,30055970
2003-07-23,11.144,11.369,10.581,10.834,6858708
2003-07-24,10.693,11.116,10.243,11.116,10279067
2003-07-26,11.228,11.256,10.693,10.806,3506080
2003-07-27,10.722,10.806,10.553,10.581,3354032
2003-07-28,10.637,10.806,10.412,10.778,7272254
2003-07-29,10.75,10.75,10.468,10.468,2099392
2003-07-30,10.553,10.553,10.131,10.131,6292358
2003-07-31,10.215,10.243,9.906,10.018,4211062
2003-08-02,10.215,10.497,10.103,10.412,11268407
2003-08-03,10.356,10.468,9.737,9.793,19556570
2003-08-04,9.793,9.793,9.343,9.624,6775013
2003-08-05,9.68,10.046,9.68,9.849,6859890
2003-08-06,9.906,9.934,9.512,9.624,5391619
2003-08-07,9.624,9.68,9.568,9.68,640814
2003-08-09,9.596,9.709,9.568,9.568,3477438
2003-08-10,9.568,9.906,9.54,9.737,14431558
2003-08-11,9.737,9.934,9.709,9.821,7664488
2003-08-12,9.906,10.3,9.877,9.99,19405562
2003-08-13,10.018,10.046,9.793,9.906,4738784
2003-08-14,9.934,9.934,9.793,9.906,1864715
2003-08-16,9.877,9.99,9.793,9.962,3369943
2003-08-17,10.018,10.356,10.018,10.074,12462359
2003-08-18,10.131,10.215,10.046,10.074,3225171
2003-08-19,10.074,10.497,10.046,10.412,14853411
2003-08-20,10.525,10.665,10.384,10.384,17721758
2003-08-21,10.412,10.525,10.328,10.44,2465383
2003-08-23,10.44,10.525,10.384,10.525,6381464
2003-08-24,10.581,10.89,10.356,10.356,20498362
2003-08-25,10.3,10.609,10.187,10.497,5340341
2003-08-26,10.497,10.75,10.468,10.665,15020678
2003-08-27,10.693,10.862,10.468,10.693,19531802
2003-08-28,10.581,10.806,10.525,10.637,10002342
2003-08-30,10.722,11.425,10.581,11.031,43968332
2003-08-31,11.369,11.566,11.2,11.51,33987928
2003-09-01,11.538,12.635,11.51,12.607,57012136
2003-09-02,12.438,12.551,11.763,11.819,21138024
2003-09-03,11.932,12.129,11.707,11.819,17425534
2003-09-04,11.932,12.298,11.875,11.96,19458742
2003-09-06,12.072,12.326,11.875,12.129,23392618
2003-09-07,12.185,12.269,12.044,12.157,14997757
2003-09-08,12.185,12.551,12.157,12.382,29076428
2003-09-09,12.41,12.551,12.326,12.354,13471251
2003-09-10,12.382,12.494,12.298,12.41,11004998
2003-09-11,12.438,12.466,12.354,12.466,3453114
2003-09-13,12.494,12.776,12.41,12.691,25269726
2003-09-14,12.888,12.917,12.607,12.72,30438518
2003-09-15,12.494,12.579,11.453,11.453,18020836
2003-09-16,10.468,12.326,10.44,12.241,53432800
2003-09-17,12.438,12.494,11.594,11.96,38334688
2003-09-18,11.875,12.016,11.819,11.96,5846874
2003-09-20,11.932,11.932,10.778,10.806,18998138
2003-09-21,10.834,11.144,9.737,10.243,20672932
2003-09-22,10.497,10.637,9.568,9.765,19857602
2003-09-23,9.793,9.793,8.808,8.808,13381506
2003-09-24,8.386,9.68,8.33,9.68,36967304
2003-09-25,10.074,10.637,9.934,10.44,22220154
2003-09-27,10.581,10.75,9.906,10.553,19899072
2003-09-28,10.497,11.369,10.497,11.284,44603452
2003-09-29,11.369,11.791,10.89,11.481,46222936
2003-09-30,12.016,12.101,11.087,11.622,72011640
2003-10-01,11.678,11.707,11.256,11.453,20301452
2003-10-02,11.425,11.481,11.284,11.397,7875116
2003-10-04,11.425,11.481,11.031,11.284,10159890
2003-10-05,11.284,11.284,10.862,11.116,7598205
2003-10-06,11.144,11.341,10.919,11.003,13208137
2003-10-07,10.975,11.256,10.919,11.087,7042916
2003-10-08,11.087,11.116,10.947,11.031,3495730
2003-10-09,10.975,10.975,10.834,10.919,1972175
2003-10-11,10.919,10.919,9.934,10.581,9643938
2003-10-12,10.553,10.581,10.243,10.497,5850793
2003-10-13,10.468,10.468,9.709,9.821,8642526
2003-10-14,9.568,10.131,9.061,10.103,13694700
2003-10-15,10.131,11.087,9.624,11.087,51856980
2003-10-16,11.116,11.228,10.243,10.271,25849472
2003-10-18,10.074,10.103,9.68,9.68,18122388
2003-10-19,9.568,10.187,9.512,9.877,14529307
2003-10-20,9.906,10.018,9.568,9.821,8348184
2003-10-21,9.877,10.637,9.877,10.468,44407792
2003-10-22,10.44,10.468,10.018,10.131,18597402
2003-10-23,10.103,10.271,10.018,10.187,6842637
2003-10-25,10.3,10.356,10.046,10.103,8286904
2003-10-26,10.074,10.103,9.906,9.906,5924636
2003-10-27,9.906,9.906,9.286,9.455,6607738
2003-10-28,9.371,10.328,9.258,10.215,34892512
2003-10-29,10.243,10.609,9.934,9.934,35582332
2003-10-30,9.906,10.103,9.737,10.074,3623508
2003-11-01,10.018,10.271,9.934,10.131,10536603
2003-11-02,10.187,10.44,10.131,10.271,20315080
2003-11-03,10.3,10.412,10.243,10.384,11156433
2003-11-04,10.412,10.665,10.384,10.609,23970560
2003-11-05,10.581,10.581,10.215,10.328,12374773
2003-11-06,10.3,10.44,10.3,10.384,2236347
2003-11-08,10.356,10.693,10.328,10.637,21537514
2003-11-09,10.525,10.75,10.497,10.722,17480178
2003-11-10,10.778,11.059,10.75,10.806,38026024
2003-11-11,10.778,10.947,10.665,10.693,14308516
2003-11-12,10.637,10.89,10.637,10.778,8185254
2003-11-13,10.75,10.834,10.693,10.693,2071577
2003-11-15,10.806,11.2,10.778,11.2,24510810
2003-11-16,11.256,11.369,11.031,11.144,25147500
2003-11-17,11.144,11.228,11.087,11.116,9214650
2003-11-18,11.087,11.144,10.975,10.975,5358144
2003-11-19,10.975,11.144,10.975,11.144,6216890
2003-11-20,11.172,11.256,11.172,11.256,4421824
2003-11-29,11.481,11.988,11.453,11.875,33855732
2003-11-30,11.904,11.932,11.65,11.904,12083816
2003-12-01,11.875,11.932,11.763,11.847,9307425
2003-12-02,11.819,12.241,11.735,12.129,43426832
2003-12-03,12.157,12.185,12.072,12.101,12533396
2003-12-04,12.101,12.269,12.101,12.241,13333276
2003-12-06,12.185,12.269,12.129,12.185,12414875
2003-12-07,12.185,12.241,11.847,12.213,21370532
2003-12-08,12.326,12.41,12.241,12.326,24289696
2003-12-09,12.326,12.382,12.269,12.354,9802472
2003-12-10,12.382,12.382,11.988,12.101,19235710
2003-12-11,12.072,12.101,11.875,12.016,8389753
2003-12-13,11.932,12.129,11.763,12.044,10238992
2003-12-14,12.101,12.241,12.044,12.101,12310302
2003-12-15,12.101,12.157,11.847,12.129,12269303
2003-12-16,12.129,12.157,12.044,12.129,7730050
2003-12-17,12.129,12.157,12.072,12.129,6946872
2003-12-18,12.101,12.129,12.044,12.101,2757957
2003-12-20,12.101,12.101,11.904,11.932,9633829
2003-12-21,11.875,11.904,11.566,11.707,9065196
2003-12-22,11.678,11.678,11.144,11.144,15102738
2003-12-23,11.087,11.678,11.087,11.65,18981978
2003-12-24,11.678,11.678,11.481,11.51,7482820
2003-12-25,11.397,11.566,11.369,11.51,2469710
2003-12-27,11.481,11.481,11.228,11.284,6677405
2003-12-28,11.256,11.622,11.228,11.566,7006990
2003-12-29,11.538,11.678,11.538,11.622,6590166
2003-12-30,11.594,11.904,11.594,11.819,11690845
2003-12-31,11.819,11.875,11.594,11.622,6901662
2004-01-01,11.622,11.707,11.566,11.678,1714479
2004-01-03,11.707,11.763,11.594,11.678,4004370
2004-01-04,11.678,11.932,11.678,11.847,11342080
2004-01-05,11.875,11.875,11.707,11.763,4966222
2004-01-06,11.735,11.904,11.65,11.904,8005150
2004-01-07,11.819,11.988,11.791,11.847,11150161
2004-01-08,11.819,11.847,11.791,11.819,1118316
2004-01-10,11.819,11.932,11.791,11.904,5955863
2004-01-11,11.904,12.016,11.847,11.932,12331020
2004-01-12,11.932,11.96,11.819,11.875,6270105
2004-01-13,11.847,12.523,11.847,12.494,36189260
2004-01-14,12.494,12.494,11.622,11.791,24434300
2004-01-15,11.819,12.241,11.819,12.241,11734625
2004-01-17,12.241,12.382,12.101,12.269,20282804
2004-01-18,12.157,12.269,12.101,12.213,6942226
2004-01-19,12.157,12.213,12.016,12.101,6215593
2004-01-20,12.101,12.41,11.988,12.354,25149838
2004-01-21,12.354,12.382,12.157,12.185,15731204
2004-01-22,12.157,12.157,12.044,12.157,1799205
2004-01-24,12.157,12.157,11.932,12.044,5055754
2004-01-25,12.016,12.072,11.847,12.016,3590912
2004-01-26,11.96,12.129,11.96,12.044,5311860
2004-01-27,11.988,12.129,11.932,12.101,7593398
2004-01-28,12.101,12.354,12.044,12.326,14551544
2004-02-07,12.354,12.551,12.269,12.41,20846108
2004-02-08,12.494,12.607,12.354,12.41,11898151
2004-02-09,12.41,12.438,12.269,12.354,5563896
2004-02-10,12.354,12.579,12.326,12.438,21549116
2004-02-11,12.466,12.607,12.382,12.551,24890100
2004-02-12,12.579,12.691,12.551,12.551,14429017
2004-02-14,12.635,12.832,12.551,12.748,25605334
2004-02-15,12.832,12.832,12.635,12.748,12894810
2004-02-16,12.776,12.804,12.663,12.72,7948586
2004-02-17,12.72,12.888,12.691,12.804,14903365
2004-02-18,12.804,13.114,12.748,13.085,27418406
2004-02-19,13.142,13.226,13.029,13.085,11740506
2004-02-21,13.114,13.479,13.114,13.17,27660296
2004-02-22,13.17,13.226,12.888,12.973,12604244
2004-02-23,13.001,13.057,12.72,12.832,9271614
2004-02-24,12.832,12.888,12.72,12.776,10056765
2004-02-25,12.776,12.832,12.691,12.776,5933822
2004-02-26,12.804,12.832,12.748,12.804,2253440
2004-02-28,12.804,13.142,12.776,13.085,23391970
2004-02-29,13.057,13.254,12.973,13.057,18526642
2004-03-01,12.973,13.198,12.945,13.142,12036358
2004-03-02,13.085,13.198,13.057,13.085,6520524
2004-03-03,13.17,13.198,12.804,12.86,16208563
2004-03-04,12.832,12.973,12.832,12.888,2695574
2004-03-06,12.917,13.114,12.888,13.057,7401639
2004-03-07,13.057,13.085,12.945,13.029,8942998
2004-03-08,13.029,13.029,12.776,12.888,7646400
2004-03-09,12.917,13.254,12.832,13.142,29017670
2004-03-10,13.282,13.395,13.114,13.198,30066550
2004-03-11,13.17,13.17,13.085,13.142,3469824
2004-03-13,13.17,13.198,13.029,13.085,11442798
2004-03-14,13.057,13.198,12.832,12.945,11175188
2004-03-15,12.888,13.057,12.888,13.001,8262322
2004-03-16,13.282,13.311,13.057,13.114,21403634
2004-03-17,13.085,13.114,12.86,12.945,7504959
2004-03-18,12.973,13.057,12.945,13.001,2729564
2004-03-20,13.001,13.001,12.804,12.888,4848706
2004-03-21,12.86,13.029,12.832,12.917,4939419
2004-03-22,12.917,13.001,12.86,13.001,7021204
2004-03-23,13.114,13.395,13.057,13.254,50157064
2004-03-24,13.282,13.367,13.198,13.311,23559082
2004-03-25,13.282,13.311,13.198,13.254,6725600
2004-03-27,13.282,13.564,13.226,13.339,50720448
2004-03-28,13.311,13.311,12.917,13.029,16966466
2004-03-29,13.057,13.254,13.057,13.198,10901137
2004-03-30,13.226,13.733,13.17,13.705,62778908
2004-03-31,13.733,14.183,13.676,13.93,67321600
2004-04-01,13.902,14.239,13.789,14.239,20709402
2004-04-03,14.267,14.577,14.07,14.239,63802976
2004-04-04,14.183,14.183,13.902,13.986,13546489
2004-04-05,13.986,14.211,13.873,14.155,11906085
2004-04-06,14.099,14.296,14.07,14.183,20107186
2004-04-07,14.239,14.408,14.014,14.211,24728864
2004-04-08,14.183,14.577,14.183,14.521,23662582
2004-04-10,14.746,15.168,14.746,15.083,54974232
2004-04-11,15.055,15.393,14.886,15.083,36701400
2004-04-12,15.083,15.083,14.915,14.999,17747798
2004-04-13,14.999,15.252,14.915,15.083,22522146
2004-04-14,15.14,15.618,15.027,15.506,38143748
2004-04-15,15.506,15.534,15.365,15.393,6097526
2004-04-17,15.534,15.956,15.534,15.703,25976086
2004-04-18,15.731,15.843,14.971,15.421,16993244
2004-04-19,15.534,15.646,15.14,15.421,18655326
2004-04-20,15.421,15.59,15.112,15.421,17717414
2004-04-21,15.59,15.759,13.902,14.267,20367734
2004-04-22,14.296,15.337,14.296,15.309,7388296
2004-04-24,15.224,15.421,14.183,14.521,10639940
2004-04-25,14.521,15.14,14.464,14.999,10696673
2004-04-26,14.971,15.28,14.521,15.196,14497388
2004-04-27,15.252,15.309,15.055,15.196,9344284
2004-04-28,15.224,16.068,15.14,15.928,32328732
2004-04-29,16.153,16.181,15.646,15.843,15431425
2004-05-01,15.956,16.519,15.928,16.462,26686070
2004-05-02,16.519,16.856,16.181,16.547,23604144
2004-05-03,16.434,16.716,16.153,16.209,14171500
2004-05-04,15.646,16.35,15.646,15.956,10885101
2004-05-05,16.097,16.547,15.984,16.434,17060848
2004-05-06,16.547,17.307,16.547,16.941,36675444
2004-05-08,17.56,18.629,17.335,18.629,50805540
2004-05-09,18.798,19.079,18.123,18.882,30494906
2004-05-10,19.023,19.023,18.348,18.517,14084455
2004-05-11,17.785,18.657,17.475,18.404,13092896
2004-05-12,18.629,19.361,18.601,19.136,28624336
2004-05-13,19.361,19.389,18.911,18.911,8328622
2004-05-15,19.558,19.896,19.276,19.586,31563996
2004-05-16,19.699,20.233,19.361,20.149,30517922
2004-05-17,20.036,20.515,19.699,19.924,35690468
2004-05-18,19.586,20.093,17.954,18.235,22867250
2004-05-19,17.785,18.123,16.434,16.434,11961226
2004-05-20,14.83,17.982,14.83,17.757,14080511
2004-05-22,18.151,18.207,16.659,18.066,18882264
2004-05-23,17.813,18.235,16.265,16.265,12231209
2004-05-24,15.871,15.928,14.661,14.661,10329848
2004-05-25,15.534,15.618,13.62,14.239,12155242
2004-05-26,14.07,14.352,12.832,12.832,10637782
2004-05-27,12.382,12.72,11.566,11.566,4772677
2004-05-29,10.693,12.72,10.412,12.72,15845433
2004-05-30,13.958,13.986,13.508,13.986,10124371
2004-05-31,14.971,15.365,14.408,15.365,11567243
2004-06-01,16.322,16.884,15.365,15.365,24306604
2004-06-02,14.408,16.209,14.183,15.984,25585174
2004-06-03,16.322,17.447,16.04,16.687,31725318
2004-06-05,17.222,18.123,16.659,17.757,48347096
2004-06-06,17.616,17.898,15.984,15.984,27911374
2004-06-07,15.309,16.772,14.746,16.434,33958580
2004-06-08,16.434,17.194,16.322,16.913,32404812
2004-06-09,16.772,16.997,16.153,16.772,21406958
2004-06-10,16.828,17.363,16.772,17.363,20270838
2004-06-12,17.56,18.095,16.884,16.997,56863516
2004-06-13,16.941,17.475,16.687,17.278,28333992
2004-06-14,17.504,17.898,16.997,17.56,57075888
2004-06-15,17.56,17.841,15.815,15.815,53013612
2004-06-16,15.506,16.547,14.521,16.153,66698836
2004-06-17,15.984,16.322,15.534,15.815,18558446
2004-06-19,15.815,15.928,15.112,15.224,16421590
2004-06-20,15.168,15.365,14.38,14.971,13445675
2004-06-21,15.027,15.055,14.521,15.055,17175026
2004-06-22,15.055,15.787,14.943,15.674,35350900
2004-06-23,15.646,15.843,15.309,15.59,14604351
2004-06-24,15.59,15.59,15.421,15.534,3611434
2004-06-26,15.562,15.843,15.337,15.449,17175870
2004-06-27,15.421,15.646,15.337,15.618,10243691
2004-06-28,15.759,15.787,15.534,15.562,11750403
2004-06-29,15.534,15.618,15.449,15.562,4153424
2004-06-30,15.534,15.956,15.506,15.928,16275423
2004-07-01,16.097,16.265,16.012,16.012,14529654
2004-07-03,16.097,16.265,16.012,16.209,11875354
2004-07-04,16.237,16.322,15.984,16.097,10993067
2004-07-05,16.125,16.181,15.787,15.928,7761376
2004-07-06,15.984,16.153,15.871,15.9,7690473
2004-07-07,15.984,16.04,15.9,16.012,2904337
2004-07-08,16.012,16.153,15.984,16.04,3029796
2004-07-10,16.125,16.237,15.984,16.237,11337141
2004-07-11,16.209,16.265,16.012,16.125,10888504
2004-07-12,16.097,16.265,16.04,16.125,8590111
2004-07-13,15.984,16.068,15.309,15.674,7531736
2004-07-14,15.731,16.012,15.703,15.956,6340572
2004-07-15,15.928,16.012,15.9,15.928,2880262
2004-07-17,15.984,16.012,15.534,15.646,8805795
2004-07-18,15.646,15.674,15.14,15.477,4939668
2004-07-19,15.421,15.534,15.196,15.252,3020361
2004-07-20,15.252,15.252,14.971,15.083,3317048
2004-07-21,15.027,15.337,15.027,15.337,1892318
2004-07-22,15.365,15.365,15.252,15.28,903689
2004-07-24,15.309,15.421,15.196,15.393,2892708
2004-07-25,15.393,15.449,15.337,15.393,3298054
2004-07-26,15.365,15.421,15.224,15.309,2602382
2004-07-27,15.365,15.393,15.309,15.337,1817257
2004-07-28,15.421,15.646,15.365,15.506,6384494
2004-07-29,15.506,15.506,15.421,15.477,1450734
2004-07-31,15.477,15.506,15.365,15.449,2545072
2004-08-01,15.449,15.759,15.365,15.731,6201104
2004-08-02,15.787,15.843,15.534,15.674,5363146
2004-08-03,15.731,15.984,15.703,15.928,10389619
2004-08-04,15.984,16.8,15.984,16.687,37289584
2004-08-05,16.687,17.166,16.659,17.138,16069334
2004-08-07,17.222,17.307,16.913,16.997,11919606
2004-08-08,16.772,17.166,16.575,17.081,21265178
2004-08-09,17.11,17.278,17.081,17.222,12900274
2004-08-10,17.222,17.278,16.997,17.11,9252984
2004-08-11,16.997,17.081,16.716,17.081,5447392
2004-08-12,17.025,17.053,16.884,16.969,2490542
2004-08-14,16.941,17.25,16.828,17.11,9175854
2004-08-15,17.11,17.166,16.941,17.025,5748788
2004-08-16,17.11,17.307,16.941,16.997,11358969
2004-08-17,16.941,17.11,16.884,17.025,5201983
2004-08-18,16.969,17.194,16.969,17.081,8219270
2004-08-19,17.11,17.138,16.997,16.997,1893437
2004-08-21,17.053,17.081,16.772,16.997,5483514
2004-08-22,16.884,17.194,16.856,17.11,7180012
2004-08-23,17.194,17.757,17.194,17.475,23161920
2004-08-24,17.475,17.56,17.194,17.222,4751418
2004-08-25,17.138,17.363,17.11,17.335,5549637
2004-08-26,17.391,17.588,17.335,17.447,5169992
2004-08-28,17.447,17.447,17.194,17.391,6072970
2004-08-29,17.363,17.644,16.997,17.278,13811070
2004-08-30,17.11,17.307,16.209,16.322,12276766
2004-08-31,16.04,17.11,16.04,17.11,14083114
2004-09-01,17.11,17.335,16.884,17.11,7839518
2004-09-02,17.11,17.11,16.884,16.997,1941277
2004-09-04,17.166,17.307,16.913,16.941,8501956
2004-09-05,16.913,17.081,16.575,17.053,9373432
2004-09-06,17.025,17.081,16.828,16.997,5631832
2004-09-07,17.11,17.532,17.11,17.278,21964938
2004-09-08,17.391,17.419,17.053,17.138,7195595
2004-09-09,17.138,17.166,16.941,17.053,2443369
2004-09-11,16.997,17.222,16.828,17.194,7932906
2004-09-12,17.278,17.419,17.166,17.166,12248088
2004-09-13,17.222,17.307,16.913,17.053,6693742
2004-09-14,17.025,17.194,16.997,17.166,3385143
2004-09-15,17.166,17.278,17.11,17.222,3919208
2004-09-16,17.25,17.25,17.025,17.25,2501985
2004-09-18,17.363,17.532,17.307,17.391,16447327
2004-09-19,17.363,18.151,17.335,17.869,56505912
2004-09-20,17.785,17.926,17.222,17.588,19037690
2004-09-21,17.56,17.813,17.475,17.616,10118437
2004-09-22,17.56,17.729,17.222,17.672,10021567
2004-09-23,17.672,17.954,17.644,17.785,9046176
2004-09-25,17.898,18.432,17.841,18.095,40177516
2004-09-26,18.01,18.066,17.672,17.926,13599189
2004-09-27,17.869,17.898,17.56,17.729,6561861
2004-09-28,17.672,17.841,17.588,17.672,3186472
2004-09-29,17.672,17.785,17.56,17.644,3025674
2004-09-30,17.729,17.729,17.56,17.672,2453532
2004-10-02,17.672,17.869,17.391,17.588,6213736
2004-10-03,17.56,17.644,17.053,17.166,6056713
2004-10-04,17.222,17.278,16.547,16.603,12109828
2004-10-05,16.237,16.462,15.365,16.209,8437885
2004-10-06,16.687,16.687,15.449,15.9,12200444
2004-10-07,16.097,16.209,15.9,15.984,2925339
2004-10-09,16.068,16.068,15.309,15.477,4896820
2004-10-10,15.309,16.125,15.196,16.125,9889286
2004-10-11,16.068,17.11,15.984,16.997,31363682
2004-10-12,16.997,17.053,16.49,16.631,17620224
2004-10-13,16.434,16.603,16.181,16.294,5093138
2004-10-14,15.871,16.068,15.759,15.843,4541588
2004-10-16,15.871,16.209,15.534,16.068,10163239
2004-10-17,16.068,16.153,15.871,16.04,5101852
2004-10-18,15.984,16.04,15.731,15.871,4307000
2004-10-19,15.843,16.04,15.759,15.787,3886276
2004-10-20,15.787,15.871,15.506,15.506,3591659
2004-10-21,15.477,15.646,15.309,15.534,1224798
2004-10-23,15.646,15.815,15.534,15.646,4039683
2004-10-24,15.703,16.153,15.618,15.787,9804133
2004-10-25,15.759,16.012,15.421,15.928,7632230
2004-10-26,15.871,16.181,15.871,16.012,8255961
2004-10-27,16.012,16.068,15.843,15.871,4568409
2004-10-28,15.871,15.9,15.787,15.871,941650
2004-10-30,15.871,15.871,15.731,15.815,4427120
2004-10-31,15.787,15.843,15.703,15.815,4258938
2004-11-01,15.759,15.787,15.506,15.646,4691176
2004-11-02,15.562,16.012,15.421,15.9,8659983
2004-11-03,15.871,16.012,15.815,15.9,3997431
2004-11-04,15.787,15.843,15.646,15.815,1170562
2004-11-06,15.871,15.956,15.646,15.815,4007834
2004-11-07,15.759,16.209,15.703,15.9,7340065
2004-11-08,15.871,16.828,15.815,16.744,28017074
2004-11-09,16.744,17.729,16.744,17.335,41411436
2004-11-10,17.307,17.785,16.997,17.222,30379310
2004-11-20,16.997,17.447,16.884,17.278,9052608
2004-11-21,17.335,17.391,17.11,17.166,7518268
2004-11-22,17.11,17.194,16.575,16.744,5220035
2004-11-23,16.716,16.744,16.322,16.519,3834500
2004-11-24,16.378,16.547,16.265,16.519,5144513
2004-11-25,16.462,16.462,15.984,16.322,3477509
2004-11-27,16.068,17.11,16.068,16.687,6172977
2004-11-28,16.716,17.222,16.603,17.11,12981482
2004-11-29,17.11,17.363,16.8,16.969,7513656
2004-11-30,17.053,17.053,16.519,16.828,4484208
2004-12-01,16.884,16.941,16.631,16.744,3226983
2004-12-02,16.744,16.856,16.434,16.547,2416735
2004-12-04,16.322,16.519,15.984,16.04,4253226
2004-12-05,16.012,16.322,16.012,16.209,5012090
2004-12-06,16.209,16.237,15.759,15.928,4350389
2004-12-07,15.956,16.097,15.759,15.815,3202054
2004-12-08,15.759,15.928,15.337,15.9,3726161
2004-12-09,15.9,15.928,15.562,15.646,1657916
2004-12-11,15.674,15.703,15.421,15.646,1610733
2004-12-12,15.674,16.012,15.646,15.928,2324484
2004-12-13,15.9,16.35,15.871,16.153,7227230
2004-12-14,16.125,16.378,15.984,16.068,18320640
2004-12-15,16.068,16.153,15.9,15.956,3635518
2004-12-16,15.956,16.04,15.871,15.928,1874940
2004-12-18,15.9,15.9,15.618,15.703,7815168
2004-12-19,15.703,15.703,15.421,15.562,2365013
2004-12-20,15.618,15.703,15.477,15.534,1741638
2004-12-21,15.534,15.618,15.309,15.309,4574379
2004-12-22,15.309,15.365,15.083,15.28,2888248
2004-12-23,15.28,15.337,15.168,15.252,1084548
2004-12-25,15.14,15.28,14.633,14.633,4548864
2004-12-26,14.689,14.83,14.296,14.521,3260591
2004-12-27,14.408,14.521,13.17,13.817,4820819
2004-12-28,13.845,14.521,13.62,14.521,3801941
2004-12-29,14.521,14.605,14.099,14.38,3417383
2004-12-30,14.408,14.521,14.267,14.521,1860771
2005-01-01,14.38,14.464,14.267,14.296,1701713
2005-01-02,14.324,14.38,13.958,14.296,3220506
2005-01-03,14.239,14.436,14.211,14.324,2640920
2005-01-04,14.267,14.324,14.07,14.127,1692962
2005-01-05,14.155,14.324,14.127,14.239,2109387
2005-01-06,14.267,14.296,14.07,14.183,2812166
2005-01-08,14.099,14.183,14.014,14.07,1743423
2005-01-09,14.099,14.099,13.733,13.902,2298010
2005-01-10,13.93,14.099,13.789,13.902,2582073
2005-01-11,13.958,14.267,13.845,14.267,4866074
2005-01-12,14.296,14.886,14.155,14.746,20829084
2005-01-13,14.718,14.718,14.464,14.492,3560947
2005-01-15,14.521,14.746,14.296,14.605,6264632
2005-01-16,14.521,14.689,14.436,14.521,2500946
2005-01-17,14.408,14.492,14.267,14.352,1767694
2005-01-18,14.296,14.352,14.155,14.183,1456384
2005-01-19,14.183,14.492,14.155,14.267,1460924
2005-01-29,14.183,14.239,13.761,14.014,2008395
2005-01-30,13.845,13.93,13.508,13.62,3356110
2005-01-31,13.451,13.648,12.72,12.945,4156302
2005-02-01,12.748,13.395,12.748,13.142,11032876
2005-02-02,13.142,13.198,12.382,12.551,9928499
2005-02-03,12.523,12.72,12.298,12.691,3339871
2005-02-05,12.635,12.635,11.425,11.51,10576296
2005-02-06,11.256,12.635,10.806,12.635,18711126
2005-02-07,12.691,13.226,12.438,12.917,20445692
2005-02-08,12.945,13.085,12.72,12.776,5307764
2005-02-09,12.748,13.226,12.635,12.973,14938866
2005-02-10,12.973,13.029,12.776,12.888,2760436
2005-02-12,12.888,13.142,12.776,13.001,8518951
2005-02-13,12.945,13.114,12.776,13.001,7957470
2005-02-14,13.029,13.17,12.917,13.001,13709714
2005-02-15,13.001,13.001,12.523,12.72,7981670
2005-02-16,12.607,12.663,12.157,12.438,6183638
2005-02-17,12.354,12.438,12.185,12.269,1788678
2005-02-19,12.044,12.241,11.819,11.932,4935528
2005-02-20,11.988,12.551,11.932,12.269,9471004
2005-02-21,12.326,12.438,12.213,12.438,4821876
2005-02-22,12.438,13.311,12.438,13.057,18745452
2005-02-23,13.226,13.254,12.748,12.832,8288218
2005-02-24,12.832,13.085,12.691,12.973,5181426
2005-02-26,13.114,13.254,13.029,13.17,12960241
2005-02-27,13.198,13.395,13.114,13.282,12527700
2005-02-28,13.282,14.014,13.254,13.902,33782428
2005-03-01,13.845,13.93,13.508,13.676,12257878
2005-03-02,13.62,13.761,13.395,13.676,9445810
2005-03-03,13.676,14.07,13.648,14.014,21939636
2005-03-05,14.099,14.267,13.958,14.127,21184672
2005-03-06,14.127,14.127,13.733,13.93,9515317
2005-03-07,13.93,13.986,13.761,13.789,4462051
2005-03-08,13.789,13.817,13.367,13.508,6476105
2005-03-09,13.451,13.761,13.226,13.395,8879505
2005-03-10,13.282,13.592,13.282,13.451,2636896
2005-03-12,13.564,13.958,13.508,13.62,12893904
2005-03-13,13.592,14.042,13.536,13.845,14186318
2005-03-14,13.902,13.93,13.62,13.705,9115222
2005-03-15,13.62,13.958,13.339,13.676,10741448
2005-03-16,13.508,13.564,13.367,13.395,8991229
2005-03-17,13.451,13.508,13.282,13.339,3011735
2005-03-19,13.508,13.592,13.282,13.339,5117515
2005-03-20,13.395,13.479,13.17,13.367,3836962
2005-03-21,13.367,13.592,13.254,13.395,6005204
2005-03-22,13.479,14.014,13.395,13.676,26086744
2005-03-23,13.62,13.705,13.508,13.564,6298506
2005-03-24,13.592,13.733,13.508,13.705,3904106
2005-03-26,13.845,13.902,13.508,13.733,8058844
2005-03-27,13.733,13.761,13.564,13.62,4687338
2005-03-28,13.705,14.07,13.508,13.564,16766330
2005-03-29,13.564,13.817,13.395,13.648,7937286
2005-03-30,13.395,13.902,13.198,13.789,19854414
2005-03-31,13.733,13.761,12.579,13.17,5824523
2005-04-02,13.311,13.508,13.226,13.339,5562706
2005-04-03,13.508,14.155,13.339,14.014,29631868
2005-04-04,14.042,14.042,13.395,13.479,16502247
2005-04-05,13.508,13.592,13.395,13.508,6398468
2005-04-06,13.536,13.62,13.254,13.311,8791128
2005-04-07,13.339,13.508,13.311,13.479,2943693
2005-04-09,13.536,13.733,13.451,13.62,11884478
2005-04-10,13.62,13.902,13.508,13.676,16543717
2005-04-11,13.676,13.958,13.508,13.789,16188867
2005-04-12,13.845,13.958,13.451,13.564,15987345
2005-04-13,13.311,13.508,13.17,13.282,7654902
2005-04-14,13.282,13.367,13.198,13.254,2186562
2005-04-16,13.198,13.254,13.001,13.198,5362214
2005-04-17,13.226,13.451,13.17,13.367,6398050
2005-04-18,13.395,13.62,13.339,13.423,14058292
2005-04-19,13.395,13.395,12.607,13.057,5910493
2005-04-20,13.057,13.226,13.001,13.114,3908228
2005-04-21,13.114,13.17,12.973,13.114,2296233
2005-04-23,13.085,13.226,13.001,13.057,5159411
2005-04-24,12.973,13.339,12.917,13.057,5969189
2005-04-25,13.17,13.17,12.973,13.029,3819771
2005-04-26,13.029,13.62,12.973,13.254,13614354
2005-04-27,13.282,13.395,13.198,13.226,6001366
2005-04-28,13.254,13.395,13.114,13.226,3353748
2005-04-30,13.311,13.564,13.282,13.311,4816946
2005-05-01,13.282,13.367,13.226,13.254,2470953
2005-05-02,13.198,13.254,13.057,13.114,2298765
2005-05-03,13.142,13.226,13.085,13.142,2610804
2005-05-04,13.142,13.282,13.085,13.282,4313192
2005-05-05,13.254,13.508,13.254,13.395,7156656
2005-05-07,13.423,13.845,13.395,13.676,16581384
2005-05-08,13.761,14.183,13.62,13.902,26981938
2005-05-09,13.958,14.408,13.845,14.155,24450878
2005-05-10,14.239,14.267,13.817,13.958,9956990
2005-05-11,13.958,14.127,13.873,14.042,8076382
2005-05-12,14.07,14.183,13.93,13.958,5070936
2005-05-14,14.127,15.337,14.042,15.252,31087322
2005-05-15,15.393,16.322,15.196,15.534,24985860
2005-05-16,15.618,15.815,14.886,15.083,10484028
2005-05-17,15.14,15.534,14.858,15.309,10864508
2005-05-18,15.449,15.506,15.083,15.14,4872958
2005-05-19,15.252,15.703,15.196,15.477,6463001
2005-05-21,15.646,16.828,15.562,16.153,19618270
2005-05-22,16.265,16.434,15.759,16.153,7929246
2005-05-23,16.097,16.125,15.703,15.9,6561772
2005-05-24,15.871,17.475,15.759,17.475,47044452
2005-05-25,17.869,18.854,16.547,17.447,47813088
2005-05-26,18.46,18.77,17.222,18.629,32400938
2005-05-28,17.447,20.149,17.447,19.361,63305328
2005-05-29,19.361,19.896,18.123,18.46,26855778
2005-05-30,18.235,18.573,17.222,17.926,9407458
2005-05-31,17.841,18.798,17.729,18.685,14906678
2005-06-01,19.079,19.811,18.798,19.417,28602204
2005-06-02,19.586,20.346,19.389,19.896,18677250
2005-06-04,20.374,20.486,19.867,20.008,22045320
2005-06-05,20.374,21.246,19.924,21.19,28470022
2005-06-06,21.049,23.104,20.824,22.484,40696112
2005-06-07,22.963,23.863,22.484,23.385,24015770
2005-06-08,23.526,24.032,23.075,23.638,18206820
2005-06-09,23.695,23.863,23.357,23.357,6772916
2005-06-11,23.441,24.426,23.441,24.145,20617060
2005-06-12,24.173,24.173,23.301,23.469,9931777
2005-06-13,23.301,23.863,23.075,23.244,6983172
2005-06-14,23.413,23.835,23.16,23.638,14345908
2005-06-15,23.751,23.863,23.16,23.188,10519279
2005-06-16,23.301,23.835,22.907,23.554,8528439
2005-06-18,23.807,24.285,23.357,23.498,17299586
2005-06-19,23.329,23.61,21.162,21.387,18033728
2005-06-20,21.668,21.837,20.149,20.655,24446852
2005-06-21,20.486,20.655,18.601,18.601,18626372
2005-06-22,18.573,18.685,16.744,16.772,16913038
2005-06-23,17.222,18.432,16.884,18.432,16945794
2005-06-25,18.854,18.995,17.926,18.235,15955637
2005-06-26,18.095,20.036,18.066,20.036,51792304
2005-06-27,20.346,21.612,20.149,20.937,44002704
2005-06-28,21.106,21.584,20.712,20.937,13705912
2005-06-29,20.937,20.937,19.473,20.205,13492182
2005-06-30,20.346,20.599,20.036,20.233,5124480
2005-07-02,20.149,20.149,19.192,19.586,7138578
2005-07-03,19.586,19.586,18.038,19.079,8736856
2005-07-04,19.248,19.924,18.826,19.67,8722348
2005-07-05,19.699,20.121,19.023,19.755,11227318
2005-07-06,19.586,19.867,19.136,19.502,5262394
2005-07-07,19.361,19.558,19.164,19.192,2448468
2005-07-09,18.685,19.361,18.01,18.46,6318788
2005-07-10,18.348,20.289,18.066,20.289,26200972
2005-07-11,20.599,20.627,18.911,19.136,23679088
2005-07-12,18.911,19.586,17.926,18.291,9218994
2005-07-13,18.432,19.023,18.32,18.517,6422730
2005-07-14,18.573,18.657,18.151,18.32,1872515
2005-07-16,18.01,18.291,17.56,17.869,3451728
2005-07-17,17.898,18.038,16.322,16.547,2850358
2005-07-18,16.434,16.659,15.168,15.252,3574717
2005-07-19,16.322,16.772,15.759,16.772,10363784
2005-07-20,16.997,18.235,16.35,17.785,13102756
2005-07-21,17.757,18.235,17.447,17.672,3490142
2005-07-23,17.222,17.785,16.884,17.56,5023381
2005-07-24,17.757,18.798,17.504,18.01,15879121
2005-07-25,18.095,18.488,17.644,17.926,6727937
2005-07-26,17.898,18.291,17.841,17.898,6036014
2005-07-27,17.954,18.066,17.56,17.785,4766103
2005-07-28,17.785,17.869,17.56,17.757,2524648
2005-07-30,18.01,18.01,17.757,17.841,6645992
2005-07-31,17.898,18.151,17.672,17.982,7932106
2005-08-01,16.772,17.954,16.547,17.841,9134606
2005-08-02,17.898,18.573,17.898,18.32,12516266
2005-08-03,18.601,18.911,18.01,18.601,19790254
2005-08-04,18.714,19.389,18.629,19.108,20968358
2005-08-06,19.361,20.177,19.361,19.67,27507432
2005-08-07,19.699,19.755,19.445,19.558,8977530
2005-08-08,19.586,20.036,19.502,19.67,13947482
2005-08-09,19.727,19.755,19.305,19.417,8833042
2005-08-10,19.276,20.261,19.136,20.177,26414240
2005-08-11,20.318,20.458,19.755,19.783,18193220
2005-08-13,19.811,20.149,19.67,19.952,13413187
2005-08-14,20.064,20.093,19.811,19.952,9476139
2005-08-15,19.924,20.289,19.755,19.839,17674488
2005-08-16,19.839,19.98,19.586,19.867,8277718
2005-08-17,20.008,20.655,19.952,20.543,23447634
2005-08-18,20.655,20.937,20.515,20.909,16653541
2005-08-20,21.049,21.781,20.88,21.387,34570716
2005-08-21,21.443,21.612,21.021,21.471,20502602
2005-08-22,21.612,22.175,21.274,21.837,31742960
2005-08-23,21.922,22.09,21.612,22.09,25465918
2005-08-24,22.344,22.991,22.175,22.653,31777956
2005-08-25,22.794,22.85,22.625,22.738,6543472
2005-08-27,22.738,23.075,22.316,22.484,14877433
2005-08-28,22.4,22.541,21.387,21.95,15668297
2005-08-29,22.062,22.175,21.5,21.725,10952805
2005-08-30,21.837,22.175,21.64,21.95,17320012
2005-08-31,22.062,22.484,21.781,22.259,22124298
2005-09-01,22.428,22.625,22.203,22.203,9653640
2005-09-03,22.287,22.907,20.824,21.274,35017720
2005-09-04,21.274,21.837,21.049,21.5,16834194
2005-09-05,21.612,21.922,21.303,21.387,20671920
2005-09-06,21.134,21.5,20.486,20.627,10523428
2005-09-07,20.712,20.993,20.486,20.655,6731420
2005-09-08,20.599,20.712,20.261,20.43,2160630
2005-09-10,20.261,20.937,19.924,20.937,8823332
2005-09-11,21.218,21.612,20.937,21.387,17834238
2005-09-12,21.387,22.062,21.387,21.668,25022576
2005-09-13,21.781,22.456,21.668,22.231,41854968
2005-09-14,22.484,22.71,22.09,22.344,25947596
2005-09-15,22.344,22.85,22.175,22.484,20255992
2005-09-17,22.71,23.16,22.625,22.85,37587968
2005-09-18,23.019,23.329,22.09,23.019,44820104
2005-09-19,23.188,24.145,22.85,23.723,75200184
2005-09-20,23.863,24.173,23.413,23.695,27342822
2005-09-21,23.695,23.835,23.216,23.413,18172146
2005-09-22,23.385,23.413,23.047,23.244,7011485
2005-09-25,23.188,23.469,22.062,22.569,18213270
2005-09-26,22.513,22.794,22.287,22.738,11914923
2005-09-27,22.738,24.201,22.738,24.088,40162092
2005-09-28,24.257,26.48,24.088,26.48,93401256
2005-09-29,26.452,26.452,24.905,24.989,28790180
2005-10-01,24.764,26.34,24.764,25.861,37996176
2005-10-02,25.777,27.353,25.045,26.565,66518324
2005-10-03,26.846,27.831,26.79,27.437,45706972
2005-10-04,27.015,27.24,26.452,26.818,21285754
2005-10-05,27.015,27.128,24.145,24.145,25741230
2005-10-06,23.751,24.764,22.513,23.863,9774435
2005-10-08,23.976,25.102,23.638,24.933,15162580
2005-10-09,25.214,25.327,24.257,24.426,11704882
2005-10-10,24.426,24.426,23.638,24.201,11843444
2005-10-11,24.201,25.439,24.201,25.27,18289308
2005-10-12,25.496,26.086,24.989,24.989,21544630
2005-10-13,25.073,25.608,24.933,25.045,6782910
2005-10-15,24.764,25.186,24.426,24.595,7972760
2005-10-16,24.651,24.792,23.92,24.398,7151770
2005-10-17,24.398,24.482,23.075,24.088,5134216
2005-10-18,24.201,24.848,24.145,24.792,11177506
2005-10-19,24.82,24.82,24.398,24.539,6029546
2005-10-20,24.905,25.552,24.651,24.989,11680628
2005-10-22,25.299,26.199,24.933,25.664,41343804
2005-10-23,25.777,26.677,25.721,26.002,28054726
2005-10-24,26.199,26.959,26.115,26.874,32587080
2005-10-25,27.128,28.056,27.128,27.465,47970200
2005-10-26,27.494,27.55,26.79,26.846,15430749
2005-10-27,27.578,27.691,27.015,27.128,11259549
2005-10-29,27.184,27.859,26.677,27.691,27033680
2005-10-30,27.747,27.831,27.381,27.55,17323876
2005-10-31,27.465,27.662,26.987,27.268,5949760
2005-11-08,27.409,29.773,27.015,29.717,58933408
2005-11-09,29.126,29.689,28.732,28.929,31916890
2005-11-10,28.816,31.039,28.732,30.223,47875648
2005-11-12,30.505,32.981,29.942,30.167,72355040
2005-11-13,29.829,30.758,29.379,29.942,23913110
2005-11-14,30.392,31.94,30.392,30.955,41905248
2005-11-15,31.293,31.686,31.067,31.293,19888182
2005-11-16,31.293,31.518,30.73,31.067,11284539
2005-11-17,31.011,31.18,30.673,30.955,7467896
2005-11-19,30.955,31.208,30.786,31.067,14442094
2005-11-20,31.18,31.18,29.717,30.561,17524714
2005-11-21,30.505,31.321,30.392,31.18,18716704
2005-11-22,31.264,31.799,30.786,31.405,23601032
2005-11-23,31.63,32.897,31.546,32.334,61010936
2005-11-24,32.446,33.375,32.418,32.418,18578576
2005-11-26,32.418,32.868,31.518,32.193,18261660
2005-11-27,32.277,33.037,32.08,32.812,22952322
2005-11-28,33.206,34.05,33.065,33.6,47038196
2005-11-29,33.544,33.881,33.122,33.206,20634954
2005-11-30,33.206,33.459,32.671,33.15,14607318
2005-12-01,33.009,33.262,32.756,32.981,6036138
2005-12-03,32.868,33.347,32.7,33.009,14806042
2005-12-04,33.094,33.431,32.643,32.812,18620882
2005-12-05,32.7,32.756,31.799,32.531,11354456
2005-12-06,32.587,32.925,32.334,32.474,8798217
2005-12-07,32.474,32.643,31.743,32.137,5426053
2005-12-08,32.08,32.306,31.912,32.249,3401863
2005-12-10,32.109,33.037,32.08,32.868,15114509
2005-12-11,32.981,33.403,32.756,33.094,18719698
2005-12-12,33.037,34.191,32.84,33.319,29520596
2005-12-13,33.741,36.639,33.431,36.639,41955868
2005-12-14,38.609,40.298,37.906,40.298,53325516
2005-12-15,39.96,40.269,38.947,39.059,11662666
2005-12-17,38.947,42.943,38.637,42.69,40818392
2005-12-18,42.802,44.772,42.014,44.012,30363744
2005-12-19,43.956,48.402,43.506,48.402,49529904
2005-12-20,48.965,52.004,46.263,47.839,39659216
2005-12-21,48.064,49.697,46.798,48.796,24906988
2005-12-22,49.077,49.162,47.727,48.205,6503849
2005-12-24,48.205,48.29,46.207,46.939,11479577
2005-12-25,46.376,48.064,44.744,47.755,20810278
2005-12-26,47.896,50.485,47.502,49.19,32942474
2005-12-27,49.359,49.387,48.318,48.712,11212357
2005-12-28,48.515,49.415,48.318,48.627,9862047
2005-12-29,48.627,49.415,48.402,48.796,4976927
2005-12-31,48.852,49.19,47.867,48.29,7468126
2006-01-01,47.896,49.697,47.727,48.937,21103812
2006-01-02,48.965,49.443,48.684,48.796,8097392
2006-01-03,48.796,49.049,48.064,48.29,6492282
2006-01-04,48.149,48.627,47.896,48.064,6073930
2006-01-05,48.064,48.627,47.867,48.121,3252267
2006-01-07,48.177,49.19,48.093,48.627,14866595
2006-01-08,48.852,49.077,48.571,48.796,5688368
2006-01-16,48.852,48.852,48.318,48.627,6109474
2006-01-17,48.909,50.935,48.402,49.978,35906476
2006-01-18,50.091,50.85,49.443,50.653,15316848
2006-01-19,51.441,54.452,50.991,52.454,33653860
2006-01-21,53.355,53.552,52.736,53.299,13216790
2006-01-22,53.299,54.452,52.06,52.961,16368393
2006-01-23,52.905,53.355,51.779,52.68,10484313
2006-01-24,52.68,55.1,51.92,54.818,22023048
2006-01-25,55.944,60.278,55.268,60.249,35280740
2006-01-26,60.784,65.174,60.446,61.347,15038889
2006-01-28,61.572,62.951,60.249,61.685,17333462
2006-01-29,61.685,61.797,55.522,57.323,11148233
2006-01-30,57.295,60.109,55.719,59.405,11479754
2006-01-31,59.658,60.897,57.182,59.039,7964560
2006-02-01,58.561,59.208,57.745,57.97,5812840
2006-02-02,57.463,59.067,57.407,58.533,3903768
2006-02-04,58.533,59.096,58.195,58.758,5900232
2006-02-05,58.983,60.109,58.533,58.87,8191979
2006-02-06,58.42,60.221,57.97,58.87,9862581
2006-02-07,58.758,60.221,58.533,59.658,10682041
2006-02-08,59.771,60.897,58.87,58.983,16744076
2006-02-09,59.096,59.433,58.645,58.758,3178193
2006-02-11,58.758,59.658,58.083,58.87,5949573
2006-02-12,58.758,60.784,58.42,59.546,18546222
2006-02-13,60.221,63.598,59.884,63.26,23558062
2006-02-14,64.161,65.399,61.234,63.26,26971022
2006-02-15,61.91,66.412,61.91,65.512,22535320
2006-02-16,66.975,68.326,58.983,61.91,16165716
2006-02-18,64.836,65.287,60.671,63.486,13292925
2006-02-19,64.724,65.512,62.923,63.148,13137270
2006-02-20,63.26,65.849,63.148,65.512,15110520
2006-02-21,67.763,69.226,65.737,68.551,26038904
2006-02-22,67.988,74.854,67.538,72.378,28878654
2006-02-23,73.504,74.179,69.789,71.928,8019151
2006-02-25,69.564,70.69,68.438,68.438,4731260
2006-02-26,65.061,65.061,65.061,65.061,268401
2006-02-27,61.91,61.91,61.91,61.91,96462
2006-02-28,58.87,64.836,58.87,64.724,26761138
2006-03-01,64.386,64.386,61.572,61.572,7918363
2006-03-02,58.533,58.533,58.533,58.533,165525
2006-03-04,55.606,55.606,55.606,55.606,111102
2006-03-05,52.905,55.156,52.905,53.355,10302645
2006-03-06,53.242,55.944,51.666,55.944,18035272
2006-03-07,55.494,57.632,53.242,53.242,19857842
2006-03-08,51.216,52.905,50.653,50.653,3362472
2006-03-09,48.965,52.792,48.177,51.779,8485219
2006-03-11,50.653,52.342,49.19,49.19,6045697
2006-03-12,46.939,48.064,46.826,46.826,1523706
2006-03-13,44.575,45.813,44.575,44.575,3618452
2006-03-14,42.436,42.436,42.436,42.436,19376
2006-03-15,40.41,44.462,40.41,44.462,14433806
2006-03-16,46.601,46.601,45.588,46.601,6036502
2006-03-18,47.502,47.502,44.35,44.35,13122869
2006-03-19,42.211,42.211,42.211,42.211,110996
2006-03-20,40.86,42.549,40.185,40.185,22186386
2006-03-21,39.96,40.523,38.271,38.271,5776950
2006-03-22,36.358,36.358,36.358,36.358,16924
2006-03-23,34.557,34.557,34.557,34.557,8991
2006-03-25,32.868,32.868,32.868,32.868,109388
2006-03-26,31.293,31.293,31.293,31.293,43433
2006-03-27,29.829,32.531,29.829,29.829,16900992
2006-03-28,31.293,31.293,30.392,31.293,4745484
2006-03-29,32.756,32.756,32.306,32.756,5597033
2006-04-01,32.08,33.065,29.407,30.533,4644889
2006-04-02,29.829,33.488,28.985,33.065,16959860
2006-04-03,33.206,35.317,31.658,34.332,16580374
2006-04-04,34.613,37.146,33.065,36.161,14896102
2006-04-05,35.457,35.739,32.643,32.643,10966923
2006-04-08,30.533,33.065,29.689,31.94,10267735
2006-04-09,32.221,34.191,31.518,32.08,17768220
2006-04-10,30.955,31.518,28.985,28.985,9315904
2006-04-11,26.593,27.578,26.171,26.171,3282596
2006-04-12,23.638,26.874,23.638,23.638,7876864
2006-04-15,22.794,23.498,21.387,21.387,2267807
2006-04-16,19.276,19.276,19.276,19.276,685008
2006-04-17,19.417,20.261,17.447,17.447,6048540
2006-04-18,15.759,16.181,15.759,15.759,1214525
2006-04-19,14.211,17.307,14.211,15.9,11326566
2006-04-22,15.759,17.166,15.055,16.181,11333957
2006-04-23,15.618,16.04,14.633,14.633,3120406
2006-04-24,13.226,15.196,13.226,14.774,9051368
2006-04-25,15.055,16.181,14.07,16.181,10158912
2006-04-26,17.166,17.729,16.744,17.729,4839700
2006-04-27,18.01,19.417,16.04,16.04,10177850
2006-04-29,15.759,17.307,14.492,14.492,9336040
2006-04-30,14.492,15.9,14.211,15.9,8675958
2006-05-01,16.744,17.447,16.744,17.447,6238577
2006-05-02,18.573,19.136,18.01,19.136,15085051
2006-05-03,19.839,20.965,19.136,20.965,10456159
2006-05-04,22.09,22.794,19.699,19.839,9722760
2006-05-06,18.573,19.839,17.869,17.869,7553091
2006-05-07,16.181,18.995,16.181,17.447,20323404
2006-05-08,17.729,19.136,17.025,19.136,18751672
2006-05-09,19.558,20.121,17.307,17.307,20330340
2006-05-10,16.322,17.307,15.618,15.618,9545782
2006-05-11,14.915,16.322,14.07,15.196,7919086
2006-05-13,16.603,16.603,16.603,16.603,71244
2006-05-14,18.151,18.151,17.729,18.151,6086481
2006-05-15,18.573,19.839,17.729,19.558,27425218
2006-05-16,18.714,20.261,17.729,17.729,19003234
2006-05-17,16.884,18.573,16.462,18.01,20750738
2006-05-18,18.151,19.558,17.729,19.276,14907501
2006-05-20,19.839,21.106,19.558,21.106,36042404
2006-05-21,20.261,20.824,18.995,18.995,31320030
2006-05-22,18.714,19.839,17.166,17.307,21608476
2006-05-23,17.166,18.573,16.603,18.573,13599665
2006-05-24,18.995,19.417,17.447,18.291,21421868
2006-05-25,18.291,18.995,18.01,18.573,10368518
2006-05-27,18.573,19.276,18.151,18.291,20023302
2006-05-28,18.291,18.995,17.729,18.854,15261676
2006-05-29,18.854,20.121,18.854,19.699,30607958
2006-05-30,19.699,20.261,19.136,19.417,23346314
2006-05-31,19.276,20.402,18.995,20.402,19729990
2006-06-01,20.683,20.965,20.402,20.683,11111127
2006-06-03,21.106,22.653,21.106,22.653,29222798
2006-06-04,22.653,24.06,22.372,23.498,29683972
2006-06-05,23.216,23.92,22.653,23.92,22051084
2006-06-06,24.201,25.749,24.06,25.327,31446330
2006-06-07,25.467,25.608,22.794,22.794,18609280
2006-06-08,21.668,24.201,21.106,23.92,12525273
2006-06-10,23.638,23.92,22.231,22.513,15993547
2006-06-11,22.653,24.482,22.372,24.201,18161098
2006-06-12,24.482,25.889,23.498,25.327,35421928
2006-06-13,25.186,25.608,23.075,23.92,18174188
2006-06-14,23.638,24.342,22.794,24.201,11546185
2006-06-17,24.482,26.171,24.342,26.03,25889518
2006-06-18,26.312,26.874,25.467,26.312,26564444
2006-06-19,26.312,28,26.03,26.452,36140944
2006-06-20,26.312,27.156,25.608,26.452,15905010
2006-06-21,26.452,27.859,26.312,27.437,24083848
2006-06-24,27.859,28.563,27.719,28.141,20535344
2006-06-25,28.141,30.251,27.859,29.829,33195982
2006-06-26,29.829,30.111,28.563,29.829,21173602
2006-06-27,29.97,32.784,29.407,31.799,40248308
2006-06-28,31.518,32.08,28.704,29.266,24331230
2006-07-01,28.281,29.829,26.452,29.126,14424400
2006-07-02,29.266,30.673,28.844,30.251,14637646
2006-07-03,30.111,30.392,28.141,28.281,14273180
2006-07-04,27.578,28.985,27.297,28.281,11212704
2006-07-05,28.281,28.844,27.859,28.563,7598333
2006-07-08,28.563,30.111,28.422,29.407,13407906
2006-07-09,29.548,30.251,27.578,28.141,16021351
2006-07-10,28.141,28.844,26.171,26.874,17503230
2006-07-11,26.593,28,26.171,26.593,11960447
2006-07-12,26.734,27.015,24.06,24.06,8686841
2006-07-15,21.809,22.231,21.668,21.668,2871129
2006-07-16,19.558,22.653,19.558,19.558,14880490
2006-07-17,19.699,21.387,19.136,21.387,12886320
2006-07-18,21.387,23.216,20.824,21.95,22630294
2006-07-19,21.387,21.809,19.839,19.839,13042438
2006-07-22,19.417,21.387,19.136,20.824,7094601
2006-07-23,20.965,22.513,20.683,21.95,15290554
2006-07-24,22.09,23.075,20.965,21.387,18759992
2006-07-25,21.528,22.09,19.276,19.699,16542955
2006-07-26,19.558,20.261,18.714,19.558,12439771
2006-07-29,20.402,21.387,20.121,21.387,13023756
2006-07-30,21.95,22.231,21.106,21.387,17663744
2006-07-31,21.668,23.075,21.246,22.794,24114644
2006-08-01,22.513,23.498,21.246,21.668,25960290
2006-08-02,21.528,22.231,21.387,22.09,10968812
2006-08-05,22.653,23.638,22.372,23.638,18389074
2006-08-06,23.779,24.342,23.075,23.357,18684302
2006-08-07,23.357,23.92,22.794,23.216,15134037
2006-08-08,23.357,24.201,23.216,23.638,15436553
2006-08-09,23.638,24.623,23.216,24.482,16313777
2006-08-12,25.749,25.889,24.623,25.467,19019460
2006-08-13,25.608,26.171,24.482,25.327,18887944
2006-08-14,25.327,26.171,24.623,26.03,18354642
2006-08-15,26.03,26.452,24.342,24.342,22204878
2006-08-16,24.764,25.186,24.201,25.045,9509216
2006-08-19,25.327,26.593,25.186,26.171,27355148
2006-08-20,25.889,26.03,24.905,25.327,12794339
2006-08-21,24.905,25.327,23.92,24.482,8279764
2006-08-22,24.482,25.889,24.342,25.467,15849038
2006-08-23,25.608,26.452,25.045,25.749,30949522
2006-08-26,26.03,28.281,26.03,28.281,35923124
2006-08-27,28.422,28.563,26.312,27.015,28144656
2006-08-28,26.874,26.874,25.608,26.452,13042400
2006-08-29,26.171,28.985,26.171,27.719,45428560
2006-08-30,27.156,27.859,26.171,27.015,20018326
2006-09-02,27.437,28.422,27.015,27.859,20710662
2006-09-03,28,29.548,27.859,28.985,27593104
2006-09-04,28.985,29.266,28.141,28.985,20751282
2006-09-05,28.985,30.533,28.422,30.111,31067414
2006-09-06,30.111,30.814,29.548,30.673,30721862
2006-09-09,30.814,31.377,30.111,30.673,19954916
2006-09-10,30.533,30.673,29.97,30.533,14266472
2006-09-11,30.392,31.236,29.407,30.111,17105810
2006-09-12,30.251,32.784,30.111,32.08,44995768
2006-09-13,32.221,32.784,28.985,28.985,27910682
2006-09-16,28,29.407,26.734,28.141,15660325
2006-09-17,28.422,30.673,27.859,28.985,39592756
2006-09-18,28.844,29.97,28.422,28.704,28233430
2006-09-19,28.563,28.704,25.889,25.889,13995050
2006-09-20,26.03,26.874,26.03,26.171,10938284
2006-09-24,26.452,27.859,26.312,27.578,11987910
2006-09-25,27.719,27.859,26.593,26.874,7288474
2006-09-26,26.874,27.719,26.734,27.015,11559704
2006-09-27,27.015,27.156,25.327,26.734,7666693
2006-09-30,27.015,29.266,26.734,28.281,24063910
2006-10-01,28.141,28.563,26.171,26.734,13943325
2006-10-02,27.015,27.578,24.905,25.749,10749468
2006-10-03,25.608,25.749,23.357,23.92,6003556
2006-10-04,23.638,24.764,23.638,24.482,6655024
2006-10-07,24.201,25.045,24.06,24.905,6761232
2006-10-08,25.045,25.327,23.638,24.482,6677434
2006-10-09,24.342,24.623,23.638,23.92,4079846
2006-10-10,23.92,24.06,23.075,24.06,3912366
2006-10-11,24.06,24.482,23.638,23.779,4997438
2006-10-14,23.779,23.779,21.528,21.528,3793627
2006-10-15,21.246,22.513,20.121,22.372,5347663
2006-10-16,21.809,22.372,21.246,21.809,4299760
2006-10-17,21.528,22.935,21.106,21.387,8331806
2006-10-18,21.387,22.09,21.387,21.95,1929054
2006-10-28,22.231,24.06,21.95,24.06,14812262
2006-10-29,24.482,24.764,22.935,23.216,11955507
2006-10-30,22.513,22.935,21.668,22.09,5863879
2006-10-31,21.95,22.513,20.965,21.106,6081560
2006-11-01,20.965,21.528,19.136,19.558,4511609
2006-11-04,18.714,18.854,17.729,17.729,2825455
2006-11-05,16.744,18.854,16.462,18.01,10884708
2006-11-06,18.01,18.291,16.322,16.884,6239089
2006-11-07,16.603,17.025,15.196,15.196,17637362
2006-11-08,14.915,15.337,13.789,13.789,9924992
2006-11-11,13.226,13.226,12.523,12.523,6216972
2006-11-12,11.96,13.648,11.678,13.648,12334383
2006-11-13,14.07,14.915,13.367,14.211,20081982
2006-11-14,13.508,13.93,12.804,12.804,6379357
2006-11-15,12.945,14.07,12.663,14.07,9729808
2006-11-18,14.07,15.196,13.93,14.07,22280742
2006-11-19,13.789,14.774,13.226,13.789,26950924
2006-11-20,13.508,14.492,13.508,14.07,16063798
2006-11-21,14.211,14.352,13.93,14.211,15352851
2006-11-22,14.211,14.633,14.07,14.352,16407057
2006-11-25,14.211,14.633,13.93,14.492,18164290
2006-11-26,14.352,14.492,13.085,13.085,15234010
2006-11-27,12.804,13.085,11.819,12.804,11978758
2006-11-28,12.804,12.945,12.382,12.382,10053325
2006-11-29,12.101,12.101,11.538,11.819,7395972
2006-12-02,11.819,12.241,11.116,11.397,8925221
2006-12-03,11.116,11.538,10.271,10.271,8415463
2006-12-04,9.99,10.693,9.849,10.131,12566843
2006-12-05,10.271,11.116,10.271,11.116,18117214
2006-12-06,11.116,11.116,10.412,10.693,12803105
2006-12-09,10.693,11.256,10.412,10.693,10281169
2006-12-10,10.553,10.834,10.131,10.412,4952312
2006-12-11,10.553,10.834,10.131,10.412,8358630
2006-12-12,10.271,10.271,9.849,10.271,3320365
2006-12-13,10.271,10.975,10.271,10.693,13494002
2006-12-16,10.553,11.256,10.271,11.256,12922623
2006-12-17,11.256,12.241,11.116,12.101,18369770
2006-12-18,12.101,12.804,11.96,12.523,16124983
2006-12-19,12.382,12.663,11.397,11.397,10485991
2006-12-20,10.693,11.397,10.553,11.116,8844380
2006-12-23,11.256,11.538,10.834,11.256,6119180
2006-12-24,11.116,11.256,10.693,11.116,7214134
2006-12-25,11.116,11.397,11.116,11.256,7508656
2006-12-26,11.256,11.397,10.693,10.834,8209252
2006-12-27,10.834,10.975,10.553,10.834,3012698
2007-01-06,10.975,11.538,10.834,11.397,8072456
2007-01-07,11.397,11.538,10.834,10.975,5492522
2007-01-08,10.975,11.116,10.693,10.975,2961713
2007-01-09,10.975,11.256,10.834,11.256,6537974
2007-01-10,11.116,11.256,10.553,10.693,6038025
2007-01-13,10.412,10.412,9.709,9.709,4313062
2007-01-14,9.709,10.131,9.568,10.131,4647076
2007-01-15,10.271,10.553,9.99,10.131,7601048
2007-01-16,10.131,10.131,9.709,9.99,3191678
2007-01-17,9.99,10.412,9.849,10.412,8543910
2007-01-20,9.99,9.99,9.709,9.849,5222226
2007-01-21,9.849,10.131,9.849,9.99,4251476
2007-01-22,9.99,10.131,9.709,9.709,4015544
2007-01-23,9.709,9.849,9.427,9.709,2857794
2007-01-24,9.568,9.568,9.005,9.146,3965176
2007-01-27,9.005,9.286,9.005,9.286,4277973
2007-01-28,9.286,9.427,9.005,9.146,5687262
2007-01-29,9.286,9.427,9.005,9.146,4876125
2007-01-30,9.146,9.146,9.005,9.146,2225454
2007-01-31,9.146,9.286,9.005,9.286,4702744
2007-02-03,9.286,9.709,9.146,9.568,12343640
2007-02-04,9.427,9.427,9.146,9.286,4333382
2007-02-05,9.146,9.286,9.005,9.286,2914024
2007-02-06,9.146,9.286,9.005,9.286,2156379
2007-02-07,9.286,9.849,9.146,9.568,20992590
2007-02-10,9.427,9.709,9.286,9.427,11824990
2007-02-11,9.427,9.427,9.146,9.286,5380964
2007-02-12,9.286,9.427,9.146,9.427,4031350
2007-02-13,9.286,9.427,9.286,9.427,2318912
2007-02-14,9.286,9.709,9.286,9.427,15581189
2007-02-17,9.709,10.131,9.709,9.849,15847167
2007-02-18,9.99,10.131,9.709,10.131,8267852
2007-02-19,10.131,10.271,9.849,9.849,15161498
2007-02-20,9.849,10.131,9.849,9.99,5707158
2007-02-21,10.412,10.834,10.131,10.693,19062924
2007-02-24,10.834,11.116,10.553,10.834,9419762
2007-02-25,10.834,10.975,10.553,10.693,6058004
2007-02-26,10.553,10.693,10.412,10.693,5774418
2007-02-27,10.693,11.116,10.553,10.834,13977989
2007-02-28,10.693,10.834,10.412,10.693,9744956
2007-03-03,10.834,11.678,10.693,11.678,22337844
2007-03-04,11.96,12.663,11.819,12.382,19630250
2007-03-05,12.382,12.663,11.96,12.523,15386062
2007-03-06,12.523,13.508,12.382,13.367,26646000
2007-03-07,13.085,13.226,12.523,12.804,15680484
2007-03-10,12.804,13.226,11.96,12.382,13243294
2007-03-11,12.241,12.663,11.96,12.523,7955040
2007-03-12,12.663,12.804,12.101,12.241,10493960
2007-03-13,12.101,12.241,11.538,11.96,9746580
2007-03-14,12.101,12.241,11.678,12.101,11106238
2007-03-17,12.101,12.523,11.819,12.382,11314402
2007-03-18,12.523,13.226,12.382,13.226,22767488
2007-03-19,13.226,13.367,12.804,12.945,18218940
2007-03-20,12.945,13.226,12.804,13.085,14075134
2007-03-21,13.085,13.226,12.382,12.523,12096318
2007-03-24,12.382,12.663,12.101,12.523,7187617
2007-03-25,12.663,13.648,12.382,13.648,17632448
2007-03-26,14.07,14.915,13.226,13.789,51613744
2007-03-27,13.508,14.352,12.945,13.648,20491622
2007-03-28,13.93,14.211,12.382,13.508,21708104
2007-03-31,13.085,13.367,12.241,13.367,11233997
2007-04-01,12.663,13.648,12.241,13.648,20874024
2007-04-02,13.226,13.226,12.382,12.382,32960576
2007-04-03,11.538,11.819,11.256,11.256,96834256
2007-04-04,10.975,11.256,10.553,10.693,27653776
2007-04-07,10.834,11.538,10.693,11.538,27815954
2007-04-08,11.256,11.538,10.834,11.116,21443384
2007-04-09,10.975,11.256,10.553,11.116,12300584
2007-04-10,11.116,11.256,10.834,10.975,8522750
2007-04-11,10.834,10.975,10.693,10.834,7360029
2007-04-14,10.553,10.693,9.849,9.99,11574820
2007-04-15,9.849,10.131,9.709,9.99,5052133
2007-04-16,9.99,10.271,9.849,9.99,7640677
2007-04-17,9.99,9.99,9.427,9.427,7425004
2007-04-18,9.709,9.849,9.568,9.709,7713525
2007-04-21,9.709,9.849,9.427,9.568,5748560
2007-04-22,9.427,9.709,9.286,9.709,5198984
2007-04-23,9.709,9.849,9.286,9.427,5904171
2007-04-24,9.427,9.427,9.286,9.427,1738894
2007-04-25,9.427,9.568,9.146,9.427,4421976
2007-04-28,9.427,9.99,9.427,9.849,16172451
2007-04-29,9.849,9.99,9.568,9.709,9592213
2007-04-30,9.568,9.849,9.568,9.849,5338696
2007-05-01,9.709,9.99,9.568,9.849,5375505
2007-05-02,9.849,10.131,9.709,9.849,6741846
2007-05-05,9.849,10.131,9.568,9.709,7930554
2007-05-06,9.709,9.709,9.427,9.568,2884968
2007-05-07,9.709,9.849,9.568,9.849,4159229
2007-05-08,9.849,10.693,9.709,10.553,18765288
2007-05-09,10.412,10.553,9.99,10.131,9771658
2007-05-12,9.99,10.131,9.709,10.131,5930267
2007-05-13,10.131,10.271,9.849,9.99,6519101
2007-05-14,10.131,10.553,9.99,10.271,22941206
2007-05-15,10.271,10.412,9.99,10.131,4878562
2007-05-16,9.99,9.99,9.709,9.849,2965553
2007-05-19,9.849,10.131,9.849,10.131,3722167
2007-05-20,10.131,10.131,9.99,9.99,4099278
2007-05-21,10.131,10.271,9.99,10.131,5481386
2007-05-22,10.131,10.271,9.99,10.131,4054940
2007-05-23,10.131,10.131,9.849,9.99,2900504
2007-05-26,10.131,10.271,9.99,10.131,4525752
2007-05-27,10.131,10.131,9.849,10.131,3559190
2007-05-28,9.99,10.131,9.849,9.99,1738660
2007-05-29,9.99,10.131,9.709,9.849,2626080
2007-05-30,9.568,9.709,9.286,9.427,2813254
2007-06-02,9.427,9.427,9.005,9.146,2354510
2007-06-03,9.146,9.286,9.005,9.146,2141378
2007-06-04,9.146,9.286,9.005,9.005,1946198
2007-06-05,9.146,9.146,9.005,9.146,973465
2007-06-06,9.146,9.146,9.005,9.005,702580
2007-06-09,9.146,9.286,9.005,9.286,2505130
2007-06-10,9.286,9.286,9.005,9.005,2061165
2007-06-11,9.005,9.005,8.724,8.864,3352694
2007-06-12,8.724,8.724,8.442,8.583,2597440
2007-06-13,8.583,8.724,8.442,8.583,2662572
2007-06-16,8.583,8.583,8.02,8.02,2063592
2007-06-17,8.02,8.302,7.879,8.161,4312846
2007-06-18,8.161,8.161,7.739,7.739,2599207
2007-06-19,7.879,8.302,7.739,8.161,2885880
2007-06-20,8.161,8.302,8.02,8.02,1704727
2007-06-23,8.02,8.161,7.879,8.161,2760128
2007-06-24,8.161,8.161,7.879,8.02,2581325
2007-06-25,8.02,8.161,8.02,8.02,905125
2007-06-26,8.02,8.161,8.02,8.02,1069072
2007-06-27,8.02,8.02,7.879,7.879,1018343
2007-06-30,7.879,8.02,7.739,7.879,1105795
2007-07-01,7.739,8.02,7.739,7.879,985588
2007-07-02,7.879,8.161,7.879,8.02,1450270
2007-07-03,8.02,8.442,8.02,8.442,4944494
2007-07-04,8.442,8.583,8.302,8.302,2995669
2007-07-07,8.302,8.724,8.302,8.583,3357239
2007-07-08,8.583,8.724,8.442,8.583,2514047
2007-07-09,8.583,8.724,8.442,8.583,2748053
2007-07-10,8.442,8.724,8.442,8.583,1420116
2007-07-11,8.583,8.864,8.583,8.864,3235506
2007-07-14,8.724,9.427,8.724,9.427,6525372
2007-07-15,9.286,9.568,9.146,9.427,2403574
2007-07-16,9.286,9.568,9.286,9.286,2865818
2007-07-17,9.286,9.286,9.005,9.286,4734258
2007-07-18,9.286,9.427,9.005,9.286,3748963
2007-07-21,9.286,9.286,9.005,9.146,2975339
2007-07-22,9.146,9.146,8.864,9.005,1198294
2007-07-23,9.005,9.005,8.583,8.724,4495662
2007-07-24,8.724,9.005,8.724,9.005,2066662
2007-07-25,9.005,9.005,8.724,9.005,1243102
2007-07-28,8.864,9.005,8.724,8.724,6306958
2007-07-29,8.864,9.427,8.864,9.146,10075195
2007-07-30,9.146,9.146,8.864,9.005,4628694
2007-07-31,8.864,9.005,8.864,8.864,1600636
2007-08-01,8.864,9.286,8.864,9.146,5040516
2007-08-04,9.146,9.286,9.005,9.146,2350420
2007-08-05,9.146,9.146,9.005,9.005,2589690
2007-08-06,9.146,9.286,9.005,9.146,4039891
2007-08-07,9.146,9.146,9.005,9.146,2735772
2007-08-08,9.146,9.286,9.005,9.286,2761349
2007-08-11,9.146,9.709,9.146,9.568,8958296
2007-08-12,9.568,9.568,9.286,9.427,3898582
2007-08-13,9.427,10.131,9.286,9.709,18571922
2007-08-14,9.709,9.849,9.427,9.427,5633420
2007-08-15,9.427,9.568,9.286,9.427,4872060
2007-08-18,9.427,9.568,9.146,9.427,3102376
2007-08-19,9.286,9.568,9.286,9.427,3491297
2007-08-20,9.427,9.427,9.286,9.427,2252455
2007-08-21,9.286,9.427,9.146,9.146,2711776
2007-08-22,9.286,9.427,9.146,9.286,2260977
2007-08-25,9.286,9.427,9.146,9.286,2261854
2007-08-26,9.286,9.568,9.286,9.427,7352940
2007-08-27,9.568,9.568,9.286,9.568,4467674
2007-08-28,9.568,9.568,9.427,9.427,5384489
2007-08-29,9.427,9.568,9.286,9.427,3527122
2007-09-01,9.427,9.427,9.005,9.005,3435632
2007-09-02,9.005,9.146,8.724,8.864,2341914
2007-09-03,8.864,9.005,8.864,9.005,1523118
2007-09-04,9.005,9.005,8.724,8.724,1024717
2007-09-05,8.724,9.005,8.583,8.864,4590230
2007-09-08,8.864,9.146,8.724,9.146,4734358
2007-09-09,9.005,9.146,8.864,9.005,2692445
2007-09-10,8.864,9.427,8.864,9.146,9698525
2007-09-11,9.146,9.286,8.864,9.005,4369724
2007-09-12,9.005,9.427,8.864,9.427,3731284
2007-09-15,9.286,9.427,9.146,9.146,3029949
2007-09-16,9.146,9.286,9.005,9.286,1943421
2007-09-17,9.286,9.427,9.146,9.427,2395637
2007-09-18,9.286,9.427,9.146,9.427,2140152
2007-09-19,9.286,9.286,9.146,9.286,1875474
2007-09-22,9.286,9.286,9.146,9.286,1017313
2007-09-24,9.286,9.427,9.146,9.146,1516283
2007-09-25,9.286,9.286,9.146,9.286,2449646
2007-09-26,9.146,9.286,9.005,9.146,1484407
2007-09-29,9.005,9.146,8.724,8.864,2516542
2007-09-30,8.724,8.864,8.583,8.724,1643101
2007-10-01,8.864,9.005,8.724,8.724,3702232
2007-10-02,8.864,8.864,8.583,8.724,1480866
2007-10-03,8.724,8.724,8.442,8.583,2289706
2007-10-06,8.583,8.724,8.442,8.583,1275317
2007-10-07,8.583,8.724,8.583,8.724,843952
2007-10-08,8.583,8.724,8.583,8.583,1351627
2007-10-09,8.583,8.864,8.583,8.724,1366596
2007-10-10,8.864,8.864,8.724,8.864,1247093
2007-10-20,8.864,9.146,8.864,9.005,2285205
2007-10-21,9.005,9.146,8.864,9.005,2101592
2007-10-22,9.005,9.005,8.724,9.005,5172844
2007-10-23,9.005,9.146,8.864,8.864,4520619
2007-10-24,8.864,9.286,8.864,9.146,9360510
2007-10-27,9.146,9.427,9.005,9.427,11951038
2007-10-28,9.427,9.427,9.146,9.286,11299997
2007-10-29,9.427,9.709,9.286,9.568,24652368
2007-10-30,9.568,9.568,9.286,9.568,5072242
2007-10-31,9.568,9.99,9.427,9.709,17338570
2007-11-03,9.709,10.412,9.709,10.412,23232278
2007-11-04,10.271,10.412,9.99,9.99,7529354
2007-11-05,9.849,10.553,9.849,10.131,15865760
2007-11-06,9.99,10.553,9.99,10.553,12306697
2007-11-07,10.553,10.834,10.412,10.553,16941680
2007-11-10,10.693,10.834,10.412,10.553,6994800
2007-11-11,10.553,10.553,10.131,10.271,5479960
2007-11-12,10.271,10.412,10.131,10.271,5687964
2007-11-13,10.271,10.553,10.271,10.553,7314675
2007-11-14,10.553,10.553,10.271,10.553,5849104
2007-11-17,10.412,11.116,10.271,10.834,11511061
2007-11-18,10.693,10.975,10.553,10.553,9569685
2007-11-19,10.693,11.538,10.693,11.538,24301802
2007-11-20,11.538,11.678,10.975,11.397,15311355
2007-11-21,11.397,12.523,11.397,12.241,28742032
2007-11-24,12.241,12.523,12.101,12.382,10964416
2007-11-25,12.382,12.382,11.819,12.101,11664480
2007-11-26,12.241,13.226,12.241,12.663,45366368
2007-11-27,12.523,12.663,12.101,12.382,13745172
2007-11-28,12.241,13.226,12.241,13.226,23696022
2007-12-01,13.085,13.508,12.945,13.226,11619762
2007-12-02,13.226,13.226,12.663,12.945,11742750
2007-12-03,12.945,13.226,12.804,12.945,11348245
2007-12-04,12.945,13.789,12.945,13.508,19248390
2007-12-05,13.648,13.93,13.367,13.508,11166238
2007-12-08,13.508,13.648,13.085,13.085,6507172
2007-12-09,13.085,13.085,12.663,12.945,5360048
2007-12-10,13.085,13.508,12.945,13.367,5494978
2007-12-11,13.367,13.367,12.804,12.945,8514795
2007-12-12,13.085,13.226,12.804,13.085,7131320
2007-12-15,13.226,13.93,12.804,13.648,15817777
2007-12-16,13.789,14.211,13.648,14.211,11189658
2007-12-17,14.352,15.477,14.352,15.055,14555882
2007-12-24,15.196,15.477,14.774,15.055,16361564
2007-12-25,14.915,14.915,14.352,14.492,8094062
2007-12-26,14.352,15.055,14.211,15.055,7545318
2007-12-29,15.055,15.055,14.492,14.774,7832362
2007-12-30,14.774,14.774,13.93,14.352,8240961
2007-12-31,14.211,14.211,13.789,13.789,4309713
2008-01-01,13.789,14.352,13.508,13.93,8061084
2008-01-02,14.07,14.211,13.648,14.07,5100161
2008-01-05,14.07,15.196,13.93,14.774,13607629
2008-01-06,14.915,15.055,14.211,14.633,5842654
2008-01-07,14.633,14.915,14.492,14.492,4398096
2008-01-08,14.492,15.196,14.352,14.633,8945175
2008-01-09,14.492,14.633,14.07,14.352,8216696
2008-01-12,14.492,15.196,14.352,14.774,11681183
2008-01-13,14.915,16.181,14.774,15.759,29590554
2008-01-14,15.477,16.181,15.337,15.759,20507946
2008-01-15,15.9,17.025,15.9,16.884,24785730
2008-01-16,16.744,18.291,16.603,18.151,16509265
2008-01-19,17.869,18.291,17.307,17.869,10754641
2008-01-20,17.447,17.729,16.181,16.884,10258574
2008-01-21,16.322,16.744,15.196,15.196,14731363
2008-01-22,14.352,14.352,13.789,13.789,3631697
2008-01-23,13.789,14.774,12.523,12.663,16325926
2008-01-26,12.945,13.367,12.382,13.226,7860272
2008-01-27,13.226,14.352,13.226,13.93,5047582
2008-01-28,13.93,13.93,12.804,13.226,7217302
2008-01-29,13.226,14.07,13.226,13.789,7294156
2008-01-30,13.93,14.211,13.789,14.07,6732472
2008-02-02,14.211,14.492,13.789,13.789,5640236
2008-02-03,14.07,14.352,13.789,13.93,4062480
2008-02-04,14.07,14.07,13.789,14.07,1047385
2008-02-05,14.07,14.492,13.789,14.07,7219948
2008-02-06,14.07,14.07,13.085,13.508,4507382
2008-02-09,13.508,13.508,12.945,12.945,1354386
2008-02-10,13.085,13.367,12.382,12.523,6686122
2008-02-11,12.523,12.945,12.382,12.663,4272842
2008-02-12,12.804,12.945,12.523,12.804,5085034
2008-02-13,12.804,12.804,12.523,12.523,2304782
2008-02-16,12.523,13.085,12.523,12.945,3701142
2008-02-17,13.085,14.211,12.945,14.211,9760771
2008-02-18,14.492,14.915,13.93,14.633,29443420
2008-02-19,14.492,14.492,14.07,14.07,9346969
2008-02-20,13.93,14.211,13.789,13.93,5593957
2008-02-23,14.07,14.492,14.07,14.352,6798296
2008-02-24,14.211,14.352,14.07,14.352,6984436
2008-02-25,14.352,15.759,14.352,15.477,21527656
2008-02-26,15.477,15.477,14.774,15.196,13233950
2008-02-27,14.915,15.759,14.492,15.618,14421633
2008-03-01,15.196,15.9,15.196,15.337,12463969
2008-03-02,15.337,15.477,14.492,14.492,8268780
2008-03-03,14.492,14.915,14.07,14.915,10053377
2008-03-04,14.774,15.618,14.774,15.618,12937389
2008-03-05,15.477,15.477,14.774,15.055,13825304
2008-03-08,14.774,15.196,14.633,14.915,7196576
2008-03-09,15.055,15.196,14.633,14.915,5158128
2008-03-10,14.915,14.915,13.508,13.508,41919012
2008-03-11,13.508,13.648,12.945,13.508,15525582
2008-03-12,13.789,14.07,13.508,13.648,14101657
2008-03-15,13.367,13.508,13.085,13.085,6378385
2008-03-16,13.085,13.367,12.804,13.367,6887534
2008-03-17,13.367,13.367,12.523,12.945,8486434
2008-03-18,12.945,13.085,12.804,12.945,3192640
2008-03-19,13.085,13.226,12.804,12.804,6226054
2008-03-22,12.804,12.804,12.523,12.663,2647180
2008-03-23,12.663,12.663,11.819,11.819,3315682
2008-03-24,11.819,12.101,11.397,12.101,3669428
2008-03-25,12.101,12.382,11.96,11.96,3314704
2008-03-26,11.96,12.101,11.678,11.678,1927418
2008-03-29,11.538,11.678,10.975,11.116,2577738
2008-03-30,10.975,11.397,10.975,11.397,3621918
2008-03-31,11.256,11.538,11.116,11.256,5553038
2008-04-01,11.116,11.256,10.975,11.116,2103076
2008-04-02,11.256,11.678,11.256,11.678,5414536
2008-04-05,11.538,11.96,11.397,11.819,6427852
2008-04-06,11.96,12.101,11.538,11.538,6551988
2008-04-07,11.538,11.678,11.397,11.678,2286969
2008-04-08,11.678,12.382,11.538,12.382,11680394
2008-04-09,11.96,11.96,11.538,11.819,8468268
2008-04-12,11.819,12.241,11.538,12.241,6367698
2008-04-13,12.101,12.101,11.819,12.101,8015731
2008-04-14,12.101,12.101,11.819,11.96,4267431
2008-04-15,12.101,12.101,11.819,11.96,3262021
2008-04-16,11.96,12.241,11.819,12.241,9580793
2008-04-19,12.241,12.241,11.678,11.678,4439507
2008-04-20,11.678,12.101,11.538,11.96,3420906
2008-04-21,12.101,12.523,11.96,12.382,9340317
2008-04-22,12.523,13.226,12.382,13.226,23588388
2008-04-23,13.085,13.367,12.663,12.804,12507468
2008-04-26,12.804,13.226,12.804,13.085,6335831
2008-04-27,13.085,13.367,12.663,12.804,8136848
2008-04-28,12.804,12.804,12.523,12.804,3975351
2008-04-29,12.804,12.945,12.663,12.804,3491450
2008-04-30,12.804,12.945,12.663,12.945,3380113
2008-05-03,12.945,13.226,12.663,13.085,8477476
2008-05-04,12.945,13.508,12.945,13.226,11079911
2008-05-05,13.226,13.367,13.085,13.367,3614602
2008-05-06,13.226,13.367,12.804,13.085,3798148
2008-05-07,12.945,12.945,12.523,12.523,3257340
2008-05-10,12.382,12.523,12.101,12.523,5434362
2008-05-11,12.523,12.804,12.523,12.804,3656161
2008-05-12,12.663,12.804,12.523,12.663,884649
2008-05-13,12.523,12.945,12.523,12.804,2577990
2008-05-14,12.663,13.226,12.663,13.085,6346844
2008-05-17,13.085,13.226,12.663,12.663,6519898
2008-05-18,12.804,12.945,12.523,12.804,5707692
2008-05-19,12.804,13.226,12.663,13.226,8784410
2008-05-20,13.226,13.226,12.804,12.945,12830568
2008-05-21,12.945,13.085,12.804,13.085,2263640
2008-05-24,12.945,13.085,12.804,13.085,1921187
2008-05-25,12.945,13.226,12.945,13.226,8915479
2008-05-26,13.226,13.226,12.663,12.804,5995894
2008-05-27,12.663,12.945,12.663,12.804,1958858
2008-05-28,12.663,12.804,12.523,12.804,1628222
2008-05-31,12.663,12.804,12.523,12.663,3577528
2008-06-01,12.523,12.663,12.382,12.523,1778566
2008-06-02,12.382,12.945,12.382,12.663,12922316
2008-06-03,12.663,13.085,12.663,12.945,4127520
2008-06-04,12.804,13.226,12.804,13.085,5385614
2008-06-07,12.945,13.508,12.945,13.085,11120033
2008-06-08,13.226,13.226,12.523,12.663,11047557
2008-06-09,12.663,12.945,12.663,12.804,4286834
2008-06-10,12.804,13.085,12.663,13.085,3560670
2008-06-11,12.945,13.085,12.804,12.804,5469387
2008-06-14,12.945,13.085,12.804,13.085,2884377
2008-06-15,12.945,12.945,12.804,12.804,2960882
2008-06-16,12.945,13.93,12.945,13.789,16796212
2008-06-17,13.789,13.789,13.367,13.648,8599083
2008-06-18,13.648,13.648,13.367,13.367,2240044
2008-06-21,13.367,13.367,13.085,13.226,2400541
2008-06-22,13.085,13.508,13.085,13.226,7999022
2008-06-23,13.226,13.367,13.085,13.226,3442787
2008-06-24,13.226,13.226,12.945,13.085,3233488
2008-06-25,12.945,13.085,12.523,12.663,5277015
2008-06-28,12.663,12.663,11.538,11.96,5894644
2008-06-29,11.96,12.241,11.96,12.101,3122695
2008-06-30,12.101,12.241,11.819,12.101,1486822
2008-07-01,11.96,12.523,11.96,12.523,4375394
2008-07-02,12.382,12.523,12.241,12.382,4530208
2008-07-05,12.382,12.382,11.96,12.101,2311100
2008-07-06,12.101,12.241,11.96,12.241,3352454
2008-07-07,12.241,12.241,11.96,12.101,2553673
2008-07-08,11.96,12.101,11.397,11.678,3861463
2008-07-09,11.538,11.678,11.397,11.397,2370380
2008-07-12,11.397,11.538,11.256,11.397,2063734
2008-07-13,11.397,11.538,11.397,11.538,1591272
2008-07-14,11.397,11.538,11.256,11.256,1706519
2008-07-15,11.256,11.256,10.131,10.412,3395992
2008-07-16,10.131,10.553,9.99,10.412,2404002
2008-07-19,10.553,10.975,10.553,10.693,6076204
2008-07-20,10.693,10.693,10.271,10.693,3008441
2008-07-21,10.412,10.693,10.412,10.693,2111156
2008-07-22,10.553,10.693,10.553,10.693,1385069
2008-07-23,10.693,10.834,10.693,10.693,1727329
2008-07-26,10.553,10.834,10.553,10.834,531119
2008-07-27,10.693,10.975,10.693,10.693,1171378
2008-07-28,10.693,10.693,10.553,10.693,472205
2008-07-29,10.553,10.693,10.271,10.553,785778
2008-07-30,10.553,10.693,10.412,10.553,983632
2008-08-02,10.412,10.412,10.131,10.271,593650
2008-08-03,10.271,10.412,10.271,10.412,282126
2008-08-04,10.412,10.412,10.131,10.131,577003
2008-08-05,10.131,10.412,10.131,10.271,367186
2008-08-06,10.412,10.412,10.131,10.271,1644126
2008-08-09,10.271,10.271,9.709,9.709,549068
2008-08-10,9.568,9.709,9.286,9.427,686685
2008-08-11,9.286,9.709,9.286,9.709,928692
2008-08-12,9.709,9.709,9.427,9.568,624256
2008-08-13,9.568,10.412,9.427,9.849,3283284
2008-08-16,9.849,10.271,9.849,10.131,1698648
2008-08-17,10.131,10.271,9.99,10.131,838037
2008-08-18,9.99,10.131,9.99,10.131,549962
2008-08-19,10.131,10.271,9.99,10.131,637101
2008-08-20,10.131,10.131,9.849,10.131,547318
2008-08-23,10.131,10.412,10.131,10.412,3826988
2008-08-24,10.271,10.412,10.131,10.271,1652456
2008-08-25,10.271,10.271,10.131,10.131,1721808
2008-08-26,10.131,10.271,9.99,10.131,798269
2008-08-27,10.131,10.131,9.99,9.99,444780
2008-08-30,9.99,9.99,9.849,9.849,988870
2008-08-31,9.849,9.849,9.709,9.849,400991
2008-09-01,9.849,9.99,9.849,9.849,102510
2008-09-02,9.849,9.849,9.709,9.709,175605
2008-09-03,9.849,9.849,9.568,9.568,382431
2008-09-06,9.286,9.286,8.724,8.724,3965954
2008-09-07,8.161,8.442,7.879,8.161,3630499
2008-09-08,8.161,8.442,8.161,8.442,2679156
2008-09-09,8.442,8.442,8.02,8.161,958629
2008-09-10,8.02,8.161,7.879,8.02,1159597
2008-09-13,8.048,8.048,7.626,7.654,904066
2008-09-14,7.654,7.682,7.176,7.626,1074246
2008-09-15,7.598,7.598,6.951,6.979,1084106
2008-09-16,6.754,7.007,6.529,7.007,1676987
2008-09-17,7.26,7.485,7.26,7.485,1552698
2008-09-20,7.711,7.879,7.514,7.598,2264729
2008-09-21,7.598,7.598,7.317,7.514,825783
2008-09-22,7.485,7.542,7.345,7.429,392159
2008-09-24,7.148,7.148,6.754,6.894,1065215
2008-09-27,6.838,6.923,6.782,6.838,615317
2008-09-28,6.894,7.373,6.894,7.317,2571576
2008-10-06,6.613,6.641,6.585,6.585,749292
2008-10-07,5.938,6.078,5.938,5.938,3885347
2008-10-08,5.6,5.656,5.347,5.459,6181260
2008-10-11,5.009,5.403,5.009,5.29,3454299
2008-10-12,5.347,5.403,5.262,5.347,1467841
2008-10-13,5.459,5.881,5.459,5.881,4822857
2008-10-14,6.36,6.444,6.247,6.444,8681424
2008-10-15,6.135,6.444,5.91,6.247,4495172
2008-10-18,6.275,6.444,6.135,6.247,2074901
2008-10-19,6.163,6.36,6.078,6.107,1543375
2008-10-20,6.304,6.388,6.135,6.247,2789840
2008-10-21,6.416,6.613,6.332,6.444,4614099
2008-10-22,6.275,6.275,6.191,6.247,1752502
2008-10-25,5.769,5.769,5.628,5.628,1490555
2008-10-26,5.656,5.684,5.178,5.628,5123242
2008-10-27,5.6,5.628,5.262,5.347,2328283
2008-10-28,5.459,5.713,5.403,5.713,2782364
2008-10-29,5.938,6.022,5.684,5.769,2999381
2008-11-01,5.881,6.247,5.853,6.219,3708868
2008-11-02,6.247,6.247,6.022,6.078,3285146
2008-11-03,6.078,6.641,6.078,6.388,5747532
2008-11-04,6.501,6.669,6.416,6.641,3982410
2008-11-05,6.81,6.866,6.472,6.585,4472914
2008-11-08,6.388,6.388,6.022,6.022,1887634
2008-11-09,5.966,6.304,5.938,6.163,2489404
2008-11-10,6.219,6.36,6.135,6.247,2596318
2008-11-11,6.05,6.05,5.853,5.91,1609795
2008-11-12,5.769,5.966,5.713,5.966,1112427
2008-11-15,5.881,6.078,5.741,5.797,1919762
2008-11-16,5.797,5.966,5.684,5.853,2052297
2008-11-17,5.91,5.966,5.713,5.825,2301724
2008-11-18,5.713,5.825,5.628,5.825,1957733
2008-11-19,5.797,5.825,5.628,5.684,1366880
2008-11-22,5.6,5.628,5.122,5.122,2286792
2008-11-23,4.953,5.178,4.953,5.037,1552716
2008-11-24,5.093,5.347,4.953,5.262,2108143
2008-11-25,5.403,5.403,5.065,5.065,2242406
2008-11-26,5.037,5.15,4.981,4.981,1111146
2008-11-29,5.122,5.459,5.122,5.459,4397938
2008-11-30,5.544,5.544,5.178,5.234,3200960
2008-12-01,5.178,5.262,5.15,5.15,1226666
2008-12-02,5.009,5.009,4.896,4.925,1688839
2008-12-03,5.009,5.037,4.896,5.037,1811870
2008-12-13,5.037,5.234,5.009,5.15,2428060
2008-12-14,5.093,5.15,5.065,5.093,1075902
2008-12-15,5.093,5.178,5.065,5.122,3580415
2008-12-16,5.122,5.178,5.065,5.122,3694956
2008-12-17,5.178,5.234,5.178,5.206,4024087
2008-12-20,5.122,5.122,4.953,5.037,2613044
2008-12-21,5.009,5.15,5.009,5.122,3060714
2008-12-22,5.15,5.628,5.093,5.15,11545633
2008-12-23,5.206,5.319,5.15,5.234,7611264
2008-12-24,5.206,5.262,5.122,5.206,5174745
2008-12-27,5.178,5.234,5.093,5.234,3457950
2008-12-28,5.262,5.459,5.234,5.319,8896118
2008-12-29,5.319,5.516,5.262,5.459,7388940
2008-12-30,5.459,5.544,5.403,5.516,6949620
2008-12-31,5.544,5.6,5.459,5.459,6371574
2009-01-03,5.487,5.656,5.487,5.6,5553898
2009-01-04,5.628,5.825,5.6,5.741,6821671
2009-01-05,5.741,5.91,5.684,5.797,6714968
2009-01-06,5.797,5.91,5.741,5.853,5593338
2009-01-07,5.825,5.91,5.769,5.853,4597486
2009-01-10,5.769,5.797,5.684,5.741,4127863
2009-01-11,5.769,5.853,5.741,5.825,5892805
2009-01-12,5.797,5.91,5.741,5.797,6245624
2009-01-13,5.769,5.797,5.713,5.769,9420376
2009-01-14,5.741,5.741,5.656,5.713,4177785
2009-01-17,5.656,5.684,5.319,5.347,1869228
2009-01-18,5.319,5.487,5.319,5.403,1486468
2009-01-19,5.403,5.487,5.403,5.431,554601
2009-01-20,5.262,5.403,5.206,5.375,990213
2009-01-21,5.262,5.544,5.262,5.487,2142162
2009-01-24,5.544,5.741,5.544,5.741,2539158
2009-01-25,5.741,5.741,5.572,5.628,4053160
2009-01-26,5.628,5.797,5.628,5.713,6195434
2009-01-27,5.713,5.853,5.713,5.741,4212792
2009-01-28,5.713,5.769,5.713,5.769,765942
2009-01-31,5.741,5.797,5.713,5.741,2469290
2009-02-01,5.741,5.741,5.656,5.684,1328463
2009-02-02,5.684,5.684,5.487,5.544,6032232
2009-02-03,5.516,5.713,5.516,5.684,5341530
2009-02-04,5.713,5.797,5.656,5.684,5012880
2009-02-07,5.741,5.825,5.741,5.825,6523575
2009-02-08,5.853,5.881,5.741,5.769,7425786
2009-02-09,5.769,5.91,5.769,5.91,6483270
2009-02-10,5.938,6.219,5.91,6.05,10989087
2009-02-11,5.938,6.107,5.853,5.994,6373266
2009-02-14,5.966,6.078,5.938,6.078,3539453
2009-02-15,6.107,6.191,5.994,6.022,5515864
2009-02-16,5.994,6.05,5.881,5.938,5268688
2009-02-17,5.91,5.938,5.684,5.741,5590711
2009-02-18,5.713,5.769,5.628,5.769,3211809
2009-02-21,5.684,5.713,5.459,5.487,4178990
2009-02-22,5.516,5.572,5.487,5.572,3772842
2009-02-23,5.6,5.741,5.572,5.628,6183056
2009-02-24,5.487,5.516,5.347,5.487,3430435
2009-02-25,5.572,5.6,5.459,5.459,3062806
2009-02-28,5.347,5.431,5.262,5.403,3006470
2009-03-01,5.375,5.431,5.319,5.347,1321889
2009-03-02,5.375,5.375,5.262,5.319,1738299
2009-03-03,5.206,5.234,5.122,5.234,1943615
2009-03-04,5.29,5.375,5.29,5.347,1646251
2009-03-07,5.319,5.347,5.29,5.319,488768
2009-03-08,5.347,5.347,5.206,5.234,604287
2009-03-09,5.234,5.234,5.093,5.15,922742
2009-03-10,5.178,5.206,5.122,5.206,520492
2009-03-11,5.29,5.29,5.206,5.206,864943
2009-03-14,5.206,5.403,5.206,5.319,1943009
2009-03-15,5.319,5.375,5.29,5.319,1065606
2009-03-16,5.319,5.403,5.319,5.403,1550170
2009-03-17,5.375,5.431,5.319,5.347,1427710
2009-03-18,5.29,5.347,5.262,5.347,2004317
2009-03-21,5.29,5.375,5.29,5.347,1302799
2009-03-22,5.347,5.375,5.29,5.319,2592329
2009-03-23,5.319,5.403,5.319,5.403,1639752
2009-03-24,5.459,5.487,5.403,5.431,1955217
2009-03-25,5.403,5.487,5.403,5.459,1101164
2009-03-28,5.487,5.6,5.487,5.544,1494946
2009-03-29,5.516,5.6,5.516,5.6,2157351
2009-03-30,5.572,5.572,5.431,5.487,2792172
2009-03-31,5.431,5.544,5.403,5.516,1420829
2009-04-01,5.319,5.319,5.262,5.29,1476245
2009-04-04,5.347,5.431,5.347,5.431,3030791
2009-04-05,5.459,5.516,5.403,5.459,2757672
2009-04-06,5.459,5.544,5.431,5.459,2147224
2009-04-07,5.459,5.487,5.431,5.431,1574284
2009-04-08,5.459,5.656,5.431,5.656,5549642
2009-04-11,5.684,5.741,5.628,5.656,3365627
2009-04-12,5.628,5.684,5.6,5.684,1409624
2009-04-13,5.656,5.741,5.628,5.628,2274524
2009-04-14,5.684,5.713,5.628,5.656,1627378
2009-04-15,5.656,5.825,5.628,5.628,9910035
2009-04-18,5.713,5.769,5.713,5.741,3839127
2009-04-19,5.741,5.769,5.6,5.628,3381117
2009-04-20,5.628,5.656,5.487,5.6,2840104
2009-04-21,5.487,5.516,5.29,5.459,3274865
2009-04-22,5.516,5.628,5.487,5.572,5024110
2009-04-25,5.656,5.741,5.656,5.684,3242855
2009-04-26,5.713,5.881,5.684,5.825,5606919
2009-04-27,5.797,5.797,5.684,5.713,4989441
2009-04-28,5.684,5.769,5.684,5.713,2244799
2009-04-29,5.769,6.275,5.769,6.191,7163098
2009-05-02,6.304,6.388,6.135,6.135,7132906
2009-05-03,6.135,6.585,6.05,6.501,6535831
2009-05-04,6.754,7.148,6.641,7.148,11990460
2009-05-05,7.345,7.345,6.81,7.091,5433108
2009-05-06,6.979,7.204,6.951,7.035,4613616
2009-05-09,7.176,7.598,7.176,7.598,6680052
2009-05-10,7.654,7.654,7.373,7.457,2814004
2009-05-11,7.401,7.401,7.176,7.232,5032904
2009-05-12,7.176,7.288,7.091,7.12,2198500
2009-05-13,7.148,7.373,7.148,7.317,2736708
2009-05-16,7.457,7.57,7.148,7.317,5809588
2009-05-17,7.345,7.345,7.204,7.26,3384612
2009-05-18,7.26,7.317,7.148,7.204,5121452
2009-05-19,7.317,7.682,7.288,7.57,10377332
2009-05-20,7.654,7.654,7.514,7.598,2694773
2009-05-23,7.711,7.879,7.682,7.851,5766847
2009-05-24,8.02,8.02,7.739,7.795,5299347
2009-05-25,7.767,7.851,7.317,7.57,3766016
2009-05-26,7.654,7.654,7.232,7.401,2091118
2009-05-27,7.57,7.57,7.26,7.317,2634989
2009-05-30,7.401,7.514,7.345,7.514,1633380
2009-05-31,7.514,7.514,7.373,7.429,1598280
2009-06-01,7.401,7.598,7.401,7.57,2170084
2009-06-02,7.626,7.654,7.514,7.514,2046567
2009-06-03,7.514,7.57,7.485,7.542,1401634
2009-06-06,7.542,7.598,7.26,7.373,5923833
2009-06-07,7.232,7.429,7.176,7.429,3355807
2009-06-08,7.429,7.429,7.204,7.232,3567686
2009-06-09,7.148,7.288,7.148,7.26,2070040
2009-06-10,7.288,7.345,7.288,7.317,1904897
2009-06-13,7.317,7.373,7.26,7.345,3012936
2009-06-14,7.373,7.598,7.345,7.457,6424446
2009-06-15,7.485,7.795,7.373,7.401,14666002
2009-06-16,7.26,7.429,7.232,7.401,5742210
2009-06-17,7.373,7.401,7.26,7.26,4378219
2009-06-20,7.288,7.288,7.176,7.232,2588814
2009-06-21,7.204,7.232,6.782,7.204,2971981
2009-06-22,7.091,7.176,6.951,7.176,1886987
2009-06-23,6.979,7.148,6.838,7.148,2234279
2009-06-24,7.063,7.204,7.007,7.12,1896516
2009-06-27,7.091,7.148,7.035,7.035,2091394
2009-06-28,7.035,7.063,6.894,7.035,1388108
2009-06-29,7.007,7.063,6.979,7.063,612850
2009-06-30,7.063,7.148,7.007,7.007,1933780
2009-07-01,7.007,7.204,6.979,7.063,3876820
2009-07-04,6.923,7.063,6.923,7.035,1748574
2009-07-05,6.979,7.091,6.979,7.091,1940786
2009-07-06,7.035,7.063,6.923,6.951,915885
2009-07-07,6.979,7.035,6.951,7.007,825509
2009-07-08,6.923,6.979,6.81,6.866,1405396
2009-07-11,6.951,6.951,6.754,6.81,1317280
2009-07-12,6.81,6.838,6.726,6.81,1685646
2009-07-13,6.81,6.81,6.726,6.782,363192
2009-07-14,6.838,6.894,6.81,6.866,689713
2009-07-15,6.866,6.951,6.866,6.866,965768
2009-07-18,6.951,7.007,6.923,6.951,963442
2009-07-19,6.923,6.951,6.866,6.894,1029503
2009-07-20,6.894,7.063,6.894,7.035,1778356
2009-07-21,7.063,7.091,7.007,7.063,757606
2009-07-22,7.035,7.091,7.007,7.063,750603
2009-07-25,7.148,7.204,7.063,7.148,1116907
2009-07-26,7.176,7.176,7.12,7.12,654625
2009-07-27,7.12,7.204,7.007,7.063,651924
2009-07-28,7.063,7.091,7.007,7.007,664767
2009-07-29,7.007,7.035,6.923,7.035,312099
2009-08-01,7.035,7.091,6.979,6.979,429196
2009-08-02,6.979,7.035,6.951,7.007,350499
2009-08-03,7.007,7.063,7.007,7.035,363133
2009-08-04,7.035,7.063,6.979,7.007,233142
2009-08-05,6.979,7.007,6.923,6.923,744752
2009-08-08,6.951,6.979,6.923,6.951,163512
2009-08-09,6.923,6.951,6.894,6.923,227755
2009-08-10,6.923,7.007,6.923,7.007,387063
2009-08-11,6.979,7.288,6.979,7.232,1826569
2009-08-12,7.148,7.148,7.063,7.12,663431
2009-08-15,7.035,7.232,7.035,7.148,809731
2009-08-16,7.204,7.232,7.148,7.148,648574
2009-08-17,7.12,7.12,6.81,6.81,2394552
2009-08-18,6.838,7.007,6.81,6.923,1669667
2009-08-19,6.866,6.866,6.698,6.726,1144772
2009-08-22,6.866,6.866,6.81,6.838,548308
2009-08-23,6.782,6.81,6.754,6.782,613560
2009-08-24,6.81,6.838,6.81,6.81,235610
2009-08-25,6.782,6.81,6.782,6.81,255043
2009-08-26,6.782,6.838,6.782,6.81,351975
2009-08-29,6.782,6.782,6.754,6.782,219056
2009-08-30,6.754,6.754,6.698,6.726,137832
2009-08-31,6.754,6.754,6.669,6.669,256056
2009-09-01,6.641,6.726,6.585,6.641,270227
2009-09-02,6.585,6.585,6.501,6.585,462171
2009-09-05,6.585,6.641,6.557,6.613,405968
2009-09-06,6.585,6.585,6.529,6.529,546364
2009-09-07,6.501,6.557,6.501,6.501,497437
2009-09-08,6.529,6.585,6.501,6.585,410632
2009-09-09,6.557,6.585,6.501,6.501,358562
2009-09-12,6.529,6.613,6.529,6.613,681817
2009-09-13,6.641,6.838,6.641,6.782,1495674
2009-09-14,6.754,6.838,6.698,6.726,558841
2009-09-15,6.754,6.754,6.698,6.698,558885
2009-09-16,6.726,6.754,6.726,6.726,1144951
2009-09-26,6.754,7.035,6.754,6.894,1843946
2009-09-27,6.951,7.176,6.894,7.007,2360647
2009-09-28,7.007,7.232,6.951,7.176,2984316
2009-09-29,7.232,7.345,7.091,7.288,2750878
2009-09-30,7.317,7.373,7.232,7.373,3340168
2009-10-03,7.288,7.401,7.26,7.401,4449248
2009-10-04,7.401,7.485,7.288,7.373,3984583
2009-10-05,7.345,7.373,7.204,7.232,3578349
2009-10-06,7.288,7.345,7.232,7.26,1949318
2009-10-07,7.26,7.345,7.232,7.317,2777002
2009-10-10,7.345,7.373,7.288,7.317,1496006
2009-10-11,7.345,7.485,7.317,7.429,2850900
2009-10-12,7.429,7.542,7.401,7.485,1966967
2009-10-13,7.485,7.514,7.373,7.373,1474242
2009-10-14,7.401,7.823,7.345,7.795,6177958
2009-10-17,7.823,7.879,7.711,7.795,3707592
2009-10-18,7.767,7.767,7.401,7.429,5260564
2009-10-19,7.514,7.57,7.457,7.457,3193498
2009-10-20,7.542,7.542,7.401,7.485,2806976
2009-10-21,7.457,7.457,7.317,7.345,2495738
2009-10-24,7.345,7.429,7.345,7.429,1186917
2009-10-25,7.429,7.514,7.401,7.429,2318143
2009-10-26,7.373,7.514,7.373,7.457,3157428
2009-10-27,7.457,7.457,7.401,7.401,1663431
2009-10-28,7.457,7.457,7.288,7.317,2683245
2009-10-31,7.176,7.176,6.866,6.866,5401235
2009-11-01,6.866,7.148,6.838,7.063,4695767
2009-11-02,7.091,7.204,7.035,7.204,4230014
2009-11-03,7.148,7.204,7.007,7.091,3499224
2009-11-04,7.091,7.176,7.091,7.12,1633119
2009-11-07,7.091,7.148,7.091,7.12,1982432
2009-11-08,7.12,7.148,6.894,7.007,2150294
2009-11-09,7.063,7.063,6.951,6.979,1702969
2009-11-10,7.063,7.063,6.979,6.979,2164004
2009-11-11,6.923,6.951,6.894,6.923,1353645
2009-11-14,6.951,7.007,6.923,7.007,730197
2009-11-15,6.979,6.979,6.923,6.951,1519438
2009-11-16,6.979,7.007,6.951,6.951,1037758
2009-11-17,6.979,7.035,6.979,7.007,1633842
2009-11-18,6.979,7.007,6.894,6.923,2019530
2009-11-21,6.923,6.923,6.754,6.754,2862384
2009-11-22,6.782,6.81,6.754,6.754,1323685
2009-11-23,6.782,6.838,6.782,6.81,749372
2009-11-24,6.81,6.866,6.81,6.838,1341728
2009-11-25,6.866,6.894,6.838,6.894,738683
2009-12-05,6.782,6.894,6.754,6.894,735591
2009-12-06,6.894,6.951,6.894,6.951,3151452
2009-12-07,6.951,7.063,6.951,7.007,5773178
2009-12-08,6.979,6.979,6.754,6.81,3053248
2009-12-09,6.782,6.81,6.698,6.754,1624526
2009-12-12,6.81,6.866,6.754,6.782,1090736
2009-12-13,6.754,6.782,6.641,6.726,1252406
2009-12-14,6.754,6.838,6.754,6.838,1278439
2009-12-15,6.81,6.81,6.754,6.782,936634
2009-12-16,6.782,6.81,6.782,6.782,617757
2009-12-19,6.81,6.866,6.81,6.866,1262647
2009-12-20,6.838,6.894,6.838,6.894,1285020
2009-12-21,6.866,6.951,6.866,6.894,816570
2009-12-22,6.923,6.951,6.866,6.866,546725
2009-12-23,6.838,6.894,6.838,6.894,655570
2009-12-26,6.923,6.923,6.866,6.894,964775
2009-12-27,6.894,6.894,6.838,6.894,351766
2009-12-28,6.894,6.894,6.81,6.81,703792
2009-12-29,6.81,6.81,6.782,6.782,325995
2009-12-30,6.81,6.81,6.669,6.754,3053464
2010-01-02,6.754,6.754,6.726,6.726,670181
2010-01-03,6.754,6.782,6.726,6.782,659428
2010-01-04,6.782,6.838,6.782,6.838,585203
2010-01-05,6.838,6.866,6.838,6.838,1124712
2010-01-06,6.838,6.866,6.838,6.838,306898
2010-01-09,6.951,6.979,6.894,6.923,1853667
2010-01-10,6.923,6.923,6.866,6.894,1169945
2010-01-11,6.866,6.894,6.838,6.866,401142
2010-01-12,6.866,6.894,6.838,6.866,827618
2010-01-13,6.894,6.951,6.894,6.894,1438854
2010-01-16,6.951,6.951,6.866,6.894,1405570
2010-01-17,6.894,6.923,6.866,6.894,321731
2010-01-18,6.923,6.951,6.838,6.923,1464195
2010-01-19,6.894,6.894,6.754,6.838,1356508
2010-01-20,6.866,6.866,6.782,6.81,744687
2010-01-23,6.726,6.866,6.698,6.838,1901814
2010-01-24,6.81,6.866,6.782,6.866,722399
2010-01-25,6.838,6.951,6.81,6.923,1216961
2010-01-26,6.894,6.894,6.81,6.81,969375
2010-01-27,6.81,6.838,6.754,6.782,1329724
2010-01-30,6.754,6.866,6.726,6.81,2096777
2010-01-31,6.81,7.12,6.81,7.007,3193258
2010-02-01,7.007,7.148,6.979,7.063,2117852
2010-02-02,7.063,7.12,7.035,7.091,804136
2010-02-03,7.091,7.176,7.063,7.12,1040295
2010-02-06,7.007,7.063,7.007,7.035,771378
2010-02-07,7.035,7.035,6.951,6.979,628128
2010-02-08,6.951,7.288,6.951,7.26,4619941
2010-02-09,7.26,7.288,7.091,7.176,2010379
2010-02-10,7.176,7.176,7.063,7.091,1272343
2010-02-13,7.091,7.204,7.091,7.176,785236
2010-02-14,7.148,7.373,7.148,7.288,2047505
2010-02-15,7.26,7.373,7.232,7.345,1192740
2010-02-16,7.317,7.373,7.288,7.345,1197699
2010-02-17,7.345,7.345,7.12,7.148,4309568
2010-02-20,7.148,7.176,7.12,7.12,1112797
2010-02-21,7.12,7.176,7.091,7.176,1155729
2010-02-22,7.176,7.514,7.148,7.345,5216759
2010-02-23,7.345,7.514,7.288,7.457,4862895
2010-02-24,7.401,7.401,7.345,7.345,1558998
2010-02-27,7.373,7.429,7.317,7.373,1132978
2010-02-28,7.429,7.514,7.373,7.485,2674212
2010-03-01,7.457,7.457,7.373,7.457,1123131
2010-03-02,7.429,7.457,7.26,7.345,2090203
2010-03-03,7.317,7.401,7.317,7.401,2159558
2010-03-06,7.429,7.514,7.317,7.485,5796009
2010-03-07,7.485,7.598,7.429,7.514,3350596
2010-03-08,7.514,7.514,7.429,7.485,918620
2010-03-09,7.429,7.485,7.401,7.457,559072
2010-03-10,7.429,7.457,7.401,7.457,814427
2010-03-13,7.457,7.514,7.401,7.485,1682348
2010-03-14,7.485,7.485,7.429,7.457,716429
2010-03-15,7.429,7.514,7.401,7.485,2545328
2010-03-16,7.485,7.485,7.457,7.485,690369
2010-03-17,7.457,7.485,7.429,7.429,718117
2010-03-20,7.457,7.514,7.401,7.514,1530021
2010-03-21,7.485,7.626,7.457,7.598,3159012
2010-03-22,7.57,7.626,7.514,7.542,2091114
2010-03-23,7.57,7.598,7.542,7.598,879987
2010-03-24,7.598,7.654,7.542,7.654,963462
2010-03-27,7.626,7.682,7.626,7.654,752986
2010-03-28,7.654,7.654,7.57,7.598,689084
2010-03-29,7.626,7.626,7.485,7.514,1405843
2010-03-30,7.542,7.542,7.485,7.542,856656
2010-03-31,7.514,7.542,7.485,7.514,502662
2010-04-03,7.542,7.682,7.542,7.626,2390264
2010-04-04,7.626,7.626,7.542,7.598,589330
2010-04-05,7.542,7.598,7.514,7.598,528264
2010-04-06,7.57,7.598,7.542,7.57,1144772
2010-04-07,7.542,7.57,7.514,7.57,1000810
2010-04-10,7.57,7.57,7.514,7.514,864536
2010-04-11,7.514,7.514,7.457,7.514,895919
2010-04-12,7.514,7.514,7.457,7.457,536839
2010-04-13,7.485,7.485,7.429,7.429,749935
2010-04-14,7.429,7.457,7.373,7.429,433704
2010-04-17,7.401,7.429,7.373,7.401,463090
2010-04-18,7.401,7.401,7.317,7.373,1091031
2010-04-19,7.401,7.401,7.345,7.373,1103986
2010-04-20,7.373,7.373,7.232,7.317,955756
2010-04-21,7.26,7.317,7.232,7.232,1091722
2010-04-24,7.26,7.288,7.232,7.288,1730733
2010-04-25,7.26,7.288,7.232,7.26,1188616
2010-04-26,7.26,7.345,7.232,7.288,1502381
2010-04-27,7.317,7.373,7.26,7.317,1988919
2010-04-28,7.232,7.401,7.176,7.373,3905160
2010-05-01,7.401,7.598,7.373,7.57,3043934
2010-05-02,7.57,7.598,7.514,7.542,1260522
2010-05-03,7.542,7.795,7.542,7.654,4741874
2010-05-04,7.711,7.936,7.711,7.767,7087612
2010-05-05,7.626,7.682,7.485,7.654,5177124
2010-05-08,7.457,7.514,7.176,7.288,4264612
2010-05-09,7.345,7.485,7.317,7.485,2562937
2010-05-10,7.57,7.654,7.514,7.626,1870282
2010-05-11,7.626,7.654,7.57,7.626,2447301
2010-05-12,7.654,7.823,7.654,7.739,3376167
2010-05-15,7.57,7.767,7.542,7.767,2000703
2010-05-16,7.795,7.823,7.654,7.795,3239154
2010-05-17,7.795,7.936,7.682,7.767,5500832
2010-05-18,7.823,7.823,7.711,7.711,3486157
2010-05-19,7.626,7.626,7.542,7.598,2162488
2010-05-22,7.542,7.739,7.514,7.739,1048417
2010-05-23,7.795,7.879,7.711,7.851,4350896
2010-05-24,7.879,7.879,7.739,7.795,1639208
2010-05-25,7.711,7.711,7.485,7.542,2254003
2010-05-26,7.767,7.767,7.626,7.654,1309961
2010-05-29,7.711,8.161,7.682,8.161,5191204
2010-05-30,8.076,8.105,7.908,8.02,4671016
2010-05-31,7.936,8.02,7.908,7.992,1327372
2010-06-01,7.936,7.936,7.795,7.823,2117599
2010-06-02,7.542,7.654,7.485,7.542,1434378
2010-06-05,7.429,7.57,7.373,7.57,1255886
2010-06-06,7.598,7.626,7.485,7.485,1164340
2010-06-07,7.429,7.739,7.429,7.626,1626822
2010-06-08,7.626,7.654,7.429,7.542,1097710
2010-06-09,7.57,7.767,7.485,7.767,2669123
2010-06-12,7.908,7.992,7.823,7.964,2533670
2010-06-13,7.879,8.105,7.879,7.964,1732414
2010-06-14,7.992,8.245,7.992,8.217,2974371
2010-06-15,8.217,8.583,8.133,8.414,2425866
2010-06-16,8.555,8.949,8.47,8.639,7310370
2010-06-19,8.724,8.949,8.611,8.639,3443528
2010-06-20,8.499,8.611,8.499,8.527,1503952
2010-06-21,8.639,8.639,8.499,8.527,887636
2010-06-22,8.499,8.611,8.47,8.555,807725
2010-06-23,8.527,8.527,8.386,8.414,1338884
2010-06-26,8.499,8.555,8.302,8.442,1791940
2010-06-27,8.386,8.499,8.358,8.386,1596336
2010-06-28,8.358,8.47,8.302,8.47,1038280
2010-06-29,8.386,8.442,8.33,8.386,439304
2010-06-30,8.33,8.499,8.33,8.47,1241873
2010-07-03,8.386,8.414,8.358,8.386,610316
2010-07-04,8.414,8.414,8.302,8.358,200464
2010-07-05,8.33,8.414,8.33,8.358,474099
2010-07-06,8.358,8.442,8.33,8.358,240838
2010-07-07,8.47,8.583,8.302,8.33,2885843
2010-07-10,8.358,8.414,8.33,8.33,602917
2010-07-11,8.33,8.358,8.302,8.33,529263
2010-07-12,8.33,8.358,8.33,8.358,202551
2010-07-13,8.358,8.386,8.33,8.33,221741
2010-07-14,8.33,8.358,8.217,8.33,576836
2010-07-17,8.217,8.358,8.217,8.302,345231
2010-07-18,8.302,8.302,8.217,8.273,312031
2010-07-19,8.189,8.273,8.161,8.273,196871
2010-07-20,8.273,8.33,8.189,8.189,205689
2010-07-21,8.161,8.217,8.105,8.217,396878
2010-07-24,8.217,8.358,8.217,8.245,229507
2010-07-25,8.245,8.273,8.189,8.245,276876
2010-07-26,8.189,8.217,8.161,8.217,228746
2010-07-27,8.161,8.358,8.161,8.358,942277
2010-07-28,8.386,8.442,8.358,8.414,517504
2010-07-31,8.442,8.499,8.33,8.33,562328
2010-08-01,8.273,8.302,8.217,8.245,770843
2010-08-02,8.245,8.273,8.161,8.189,773391
2010-08-03,8.217,8.217,8.133,8.189,300777
2010-08-04,8.133,8.161,8.105,8.161,187225
2010-08-07,8.133,8.47,8.133,8.47,1739653
2010-08-08,8.442,8.611,8.442,8.555,2313344
2010-08-09,8.527,8.555,8.414,8.442,512044
2010-08-10,8.47,8.47,8.414,8.47,202983
2010-08-11,8.302,8.33,8.302,8.302,129334
2010-08-14,8.33,8.33,8.161,8.217,316674
2010-08-15,8.245,8.273,8.217,8.273,470144
2010-08-16,8.217,8.245,8.189,8.217,400409
2010-08-17,8.217,8.245,8.217,8.217,90337
2010-08-18,8.33,8.33,8.076,8.133,565914
2010-08-21,8.02,8.133,7.992,8.02,80581
2010-08-22,8.02,8.105,8.02,8.048,141725
2010-08-23,8.048,8.105,8.02,8.048,94180
2010-08-24,8.105,8.105,7.964,7.992,87220
2010-08-25,7.992,8.02,7.964,7.964,39525
2010-08-28,8.048,8.048,7.936,7.936,82647
2010-08-29,7.908,7.908,7.879,7.879,128870
2010-08-30,7.879,7.936,7.851,7.851,181818
2010-08-31,7.879,7.879,7.851,7.851,46838
2010-09-01,7.851,7.936,7.823,7.908,120857
2010-09-04,7.992,8.076,7.992,7.992,215035
2010-09-05,7.992,7.992,7.936,7.936,135547
2010-09-06,7.992,8.048,7.936,7.964,430623
2010-09-14,8.048,8.133,8.048,8.076,257951
2010-09-15,8.02,8.076,8.02,8.076,160671
2010-09-18,8.105,8.105,8.048,8.076,81618
2010-09-19,8.076,8.105,8.048,8.105,113234
2010-09-20,8.105,8.499,8.105,8.414,1227074
2010-09-21,8.442,8.47,8.358,8.386,773137
2010-09-25,8.386,8.583,8.386,8.583,1404639
2010-09-26,8.583,8.583,8.47,8.555,696715
2010-09-27,8.583,8.583,8.499,8.499,180024
2010-09-28,8.47,8.695,8.47,8.695,751740
2010-09-29,8.695,8.695,8.611,8.695,326525
2010-10-02,8.695,8.724,8.499,8.695,1286078
2010-10-03,8.639,8.724,8.527,8.724,557581
2010-10-04,8.695,8.921,8.611,8.892,2027580
2010-10-05,8.892,8.977,8.78,8.892,1013891
2010-10-06,8.949,8.949,8.695,8.808,1047998
2010-10-09,8.864,8.864,8.667,8.78,973924
2010-10-10,8.639,8.695,8.555,8.639,1613469
2010-10-11,8.555,8.695,8.499,8.695,307703
2010-10-12,8.724,8.78,8.583,8.78,570925
2010-10-13,8.724,8.977,8.724,8.836,1209958
2010-10-16,8.78,8.808,8.611,8.611,167536
2010-10-17,8.499,8.527,8.358,8.527,603712
2010-10-18,8.555,8.639,8.499,8.611,234635
2010-10-19,8.695,8.695,8.527,8.583,228540
2010-10-20,8.47,8.527,8.442,8.527,309556
2010-10-23,8.527,8.527,8.386,8.386,426206
2010-10-24,8.33,8.414,8.33,8.386,285017
2010-10-25,8.414,8.414,8.273,8.302,394236
2010-10-26,8.33,8.386,8.245,8.273,342029
2010-10-27,8.273,8.302,8.133,8.189,562089
2010-10-30,8.161,8.245,8.161,8.245,160586
2010-10-31,8.273,8.358,8.217,8.358,305864
2010-11-01,8.302,8.33,8.217,8.273,164056
2010-11-02,8.245,8.302,8.217,8.302,92437
2010-11-03,8.245,8.302,8.245,8.302,122898
2010-11-06,8.33,8.386,8.245,8.302,173187
2010-11-07,8.273,8.33,8.245,8.245,101310
2010-11-08,8.273,8.273,8.245,8.273,94402
2010-11-09,8.161,8.499,8.161,8.358,1020820
2010-11-10,8.33,8.33,8.189,8.217,682837
2010-11-20,8.217,8.273,8.161,8.161,164013
2010-11-21,8.161,8.273,8.161,8.273,402132
2010-11-22,8.245,8.245,8.217,8.217,104590
2010-11-23,8.189,8.189,8.105,8.161,102856
2010-11-24,8.076,8.133,8.076,8.133,112069
2010-11-27,8.048,8.076,8.048,8.076,102181
2010-11-28,8.076,8.105,8.048,8.048,298528
2010-11-29,8.048,8.133,8.048,8.105,302572
2010-11-30,8.076,8.105,8.048,8.105,68337
2010-12-01,7.908,8.161,7.908,8.076,253568
2010-12-04,8.161,8.161,8.105,8.161,214477
2010-12-05,8.105,8.189,8.105,8.189,109706
2010-12-06,8.133,8.189,8.133,8.189,156906
2010-12-07,8.161,8.161,8.133,8.161,103453
2010-12-08,8.133,8.189,8.105,8.189,158908
2010-12-11,8.189,8.189,8.161,8.189,187575
2010-12-12,8.161,8.217,8.161,8.217,102396
2010-12-13,8.217,8.386,8.189,8.33,930000
2010-12-14,8.358,8.442,8.302,8.442,687998
2010-12-15,8.499,8.639,8.414,8.527,1560272
2010-12-18,8.499,8.695,8.499,8.611,1792795
2010-12-19,8.611,8.639,8.555,8.639,470894
2010-12-20,8.611,8.611,8.499,8.499,467351
2010-12-21,8.527,8.527,8.414,8.47,826831
2010-12-22,8.442,8.527,8.386,8.499,788502
2010-12-25,8.499,8.499,8.273,8.33,1218034
2010-12-26,8.358,8.358,8.161,8.302,1662326
2010-12-27,8.273,8.302,8.245,8.302,523621
2010-12-28,8.358,8.358,8.245,8.273,253531
2010-12-29,8.273,8.47,8.273,8.442,1284534
2011-01-01,8.442,8.499,8.414,8.414,710434
2011-01-02,8.386,8.386,8.33,8.386,421360
2011-01-03,8.33,8.414,8.33,8.414,266354
2011-01-04,8.414,8.442,8.386,8.442,530142
2011-01-05,8.386,8.442,8.386,8.442,214813
2011-01-08,8.414,8.639,8.414,8.611,1552572
2011-01-09,8.611,8.921,8.583,8.836,3143503
2011-01-10,8.836,8.949,8.808,8.892,2120330
2011-01-11,8.836,9.089,8.836,9.033,1769396
2011-01-12,9.089,9.202,9.005,9.174,1312687
2011-01-15,9.202,9.343,9.089,9.23,2790781
2011-01-16,9.202,9.23,9.005,9.118,1505166
2011-01-17,9.061,9.118,9.005,9.089,676497
2011-01-18,9.061,9.061,8.864,8.892,745241
2011-01-19,8.695,8.836,8.611,8.836,935764
2011-01-22,8.836,9.005,8.78,8.808,865396
2011-01-23,8.836,8.977,8.808,8.977,700125
2011-01-24,8.977,9.118,8.949,9.089,1503320
2011-01-25,9.118,9.174,9.033,9.061,713437
2011-01-26,9.033,9.033,8.949,9.005,558222
2011-01-29,8.724,8.724,8.273,8.527,1115245
2011-01-30,8.302,8.836,8.273,8.499,2474280
2011-01-31,8.47,8.527,8.105,8.302,1887321
2011-02-01,8.273,8.667,8.217,8.33,2211781
2011-02-02,8.414,8.442,8.358,8.442,906001
2011-02-05,8.442,8.47,8.358,8.442,812183
2011-02-06,8.442,8.527,8.442,8.527,1673304
2011-02-07,8.752,8.752,8.527,8.583,1760349
2011-02-08,8.555,8.583,8.442,8.499,926196
2011-02-09,8.499,8.555,8.499,8.555,698887
2011-02-12,8.583,8.864,8.583,8.836,3303095
2011-02-13,8.836,9.061,8.78,9.033,2002000
2011-02-14,9.061,9.202,8.921,9.174,1424917
2011-02-15,9.23,9.23,8.977,9.005,2536678
2011-02-16,8.977,8.977,8.78,8.977,1623318
2011-02-19,8.949,8.949,8.78,8.892,645825
2011-02-20,8.892,9.005,8.752,8.836,1526409
2011-02-21,8.836,8.836,8.724,8.808,845871
2011-02-22,8.808,8.892,8.695,8.892,836493
2011-02-23,8.921,8.921,8.808,8.864,725068
2011-02-27,8.78,8.836,8.442,8.695,1240469
2011-02-28,8.47,8.527,8.133,8.161,5626252
2011-03-01,8.161,8.217,7.373,7.908,2389490
2011-03-02,7.654,7.879,7.485,7.851,1150843
2011-03-05,7.879,8.33,7.879,8.245,2165105
2011-03-06,8.273,8.273,7.936,8.02,1952101
2011-03-07,7.879,8.02,7.879,7.936,1468235
2011-03-08,7.936,8.161,7.908,8.02,2378458
2011-03-09,8.076,8.076,7.992,7.992,1269363
2011-03-12,8.048,8.302,8.048,8.189,4674718
2011-03-13,8.217,8.442,8.189,8.273,3647124
2011-03-14,8.161,8.302,8.133,8.217,1204418
2011-03-15,8.076,8.076,7.908,7.992,1427794
2011-03-16,8.02,8.105,8.02,8.02,1191238
2011-03-20,8.358,8.386,8.217,8.245,1837891
2011-03-21,8.245,8.358,8.217,8.358,1611971
2011-03-22,8.358,8.555,8.358,8.555,2517784
2011-03-23,8.499,8.555,8.414,8.499,923157
2011-03-26,8.555,8.977,8.555,8.921,2423403
2011-03-27,8.977,9.033,8.892,8.977,1889119
2011-03-28,9.005,9.089,8.949,9.005,1957152
2011-03-29,9.005,9.033,8.892,8.949,2587093
2011-03-30,8.864,8.949,8.836,8.949,1709169
2011-04-02,8.977,9.061,8.977,9.005,1858397
2011-04-03,9.005,9.033,8.977,9.005,730526
2011-04-04,9.033,9.033,8.949,9.005,464556
2011-04-05,9.005,9.005,8.921,8.921,946577
2011-04-06,8.949,8.977,8.921,8.977,522330
2011-04-09,8.977,9.033,8.977,9.033,700233
2011-04-10,9.033,9.118,9.005,9.089,1419206
2011-04-11,9.118,9.118,9.005,9.033,1163453
2011-04-12,9.033,9.033,8.949,9.005,913374
2011-04-13,8.977,9.005,8.921,9.005,1217849
2011-04-16,9.005,9.061,8.977,9.005,1342341
2011-04-17,9.118,9.146,9.033,9.089,1557861
2011-04-18,9.061,9.118,8.977,9.061,1600858
2011-04-19,9.061,9.089,8.892,9.005,2485068
2011-04-20,8.442,8.442,8.302,8.358,1923114
2011-04-23,8.358,8.358,8.302,8.302,1136998
2011-04-24,8.302,8.358,8.302,8.33,560385
2011-04-25,8.33,8.358,8.302,8.33,728298
2011-04-26,8.358,8.386,8.33,8.386,1303835
2011-04-27,8.386,8.386,8.33,8.33,913229
2011-04-30,8.33,8.33,8.245,8.245,1371098
2011-05-01,8.273,8.273,8.217,8.245,648444
2011-05-02,8.245,8.358,8.245,8.33,1737697
2011-05-03,8.302,8.358,8.302,8.302,1077620
2011-05-04,8.302,8.358,8.273,8.358,990975
2011-05-07,8.273,8.302,8.161,8.245,1508494
2011-05-08,8.245,8.442,8.245,8.33,3203288
2011-05-09,8.358,8.414,8.33,8.358,1644261
2011-05-10,8.386,8.47,8.358,8.414,3706346
2011-05-11,8.47,8.639,8.47,8.555,5239214
2011-05-14,8.78,8.921,8.667,8.695,8176604
2011-05-15,8.724,8.78,8.527,8.555,4053157
2011-05-16,8.527,8.555,8.358,8.386,2444133
2011-05-17,8.414,8.47,8.386,8.47,732136
2011-05-18,8.47,8.555,8.442,8.527,1176214
2011-05-21,8.527,8.583,8.499,8.555,1319718
2011-05-22,8.555,8.611,8.499,8.555,1728427
2011-05-23,8.527,8.527,8.386,8.499,1451256
2011-05-24,8.499,8.583,8.47,8.555,1054165
2011-05-25,8.583,8.583,8.499,8.555,1177786
2011-05-28,8.583,8.639,8.555,8.555,2130591
2011-05-29,8.555,8.611,8.527,8.583,1272567
2011-05-30,8.583,8.695,8.555,8.583,3451596
2011-05-31,8.611,8.667,8.555,8.611,2205012
2011-06-01,8.583,8.611,8.499,8.527,1042214
2011-06-04,8.47,8.47,8.33,8.386,952371
2011-06-05,8.414,8.47,8.358,8.414,601773
2011-06-06,8.442,8.442,8.386,8.414,261896
2011-06-07,8.414,8.414,8.33,8.33,543896
2011-06-08,8.33,8.358,8.245,8.33,525631
2011-06-11,8.245,8.273,8.189,8.273,630221
2011-06-12,8.302,8.386,8.245,8.386,428373
2011-06-13,8.386,8.386,8.302,8.358,432719
2011-06-14,8.358,8.414,8.33,8.33,421511
2011-06-15,8.358,8.358,8.302,8.302,445581
2011-06-18,8.302,8.358,8.273,8.273,253014
2011-06-19,8.273,8.302,8.217,8.217,271455
2011-06-20,8.161,8.189,8.133,8.161,182689
2011-06-21,8.217,8.217,8.189,8.217,251845
2011-06-22,8.245,8.245,8.189,8.189,224122
2011-06-25,8.161,8.161,8.076,8.161,645631
2011-06-26,8.161,8.47,8.161,8.386,1815036
2011-06-27,8.358,8.386,8.33,8.33,358379
2011-06-28,8.358,8.386,8.273,8.33,257344
2011-06-29,8.358,8.386,8.358,8.386,344330
2011-07-02,8.442,8.47,8.414,8.442,1271656
2011-07-03,8.442,8.442,8.386,8.414,667406
2011-07-04,8.386,8.442,8.386,8.414,140133
2011-07-05,8.414,8.442,8.386,8.442,386644
2011-07-06,8.414,8.414,8.358,8.386,239485
2011-07-09,8.499,8.555,8.414,8.442,1735689
2011-07-10,8.442,8.442,8.358,8.386,472119
2011-07-11,8.358,8.414,8.302,8.302,789474
2011-07-12,8.273,8.273,8.189,8.217,345726
2011-07-13,8.217,8.273,8.217,8.273,244370
2011-07-16,8.273,8.386,8.273,8.358,305793
2011-07-17,8.33,8.33,8.245,8.273,260698
2011-07-18,8.33,8.33,8.217,8.217,266951
2011-07-19,8.245,8.33,8.245,8.33,312811
2011-07-20,8.302,8.358,8.273,8.358,751364
2011-07-23,8.33,8.414,8.33,8.386,335380
2011-07-24,8.386,8.386,8.358,8.358,448773
2011-07-25,8.358,8.358,8.273,8.273,290275
2011-07-26,8.273,8.302,8.273,8.302,194417
2011-07-27,8.302,8.302,8.245,8.273,193733
2011-07-30,8.217,8.245,8.217,8.217,230591
2011-07-31,8.217,8.273,8.217,8.217,136007
2011-08-01,8.273,8.302,8.273,8.302,148548
2011-08-02,8.245,8.245,8.217,8.245,54771
2011-08-03,8.217,8.217,8.161,8.161,289010
2011-08-06,8.02,8.105,7.373,7.739,618974
2011-08-07,7.626,7.823,7.598,7.654,569644
2011-08-08,7.654,7.711,7.542,7.711,277023
2011-08-09,7.373,7.542,7.232,7.542,709018
2011-08-10,7.682,7.739,7.57,7.598,612048
2011-08-13,7.711,7.739,7.682,7.711,251289
2011-08-14,7.711,7.767,7.682,7.739,403481
2011-08-15,7.795,7.823,7.739,7.739,351234
2011-08-16,7.739,7.739,7.598,7.626,475549
2011-08-17,7.598,7.654,7.598,7.654,140270
2011-08-20,7.514,7.57,7.457,7.57,223919
2011-08-21,7.57,7.654,7.57,7.626,225552
2011-08-22,7.654,7.654,7.514,7.598,241068
2011-08-23,7.542,7.598,7.542,7.57,170671
2011-08-24,7.598,7.654,7.57,7.626,306992
2011-09-03,7.851,7.851,7.682,7.739,260135
2011-09-04,7.767,7.795,7.711,7.795,163114
2011-09-05,7.795,7.795,7.767,7.767,65329
2011-09-06,7.739,7.767,7.739,7.739,132601
2011-09-07,7.767,7.823,7.682,7.823,281494
2011-09-10,7.739,7.823,7.739,7.823,136098
2011-09-11,7.823,7.879,7.823,7.879,450226
2011-09-12,7.823,7.823,7.767,7.795,1929628
2011-09-13,7.823,7.879,7.767,7.823,553125
2011-09-14,7.823,7.936,7.823,7.936,1042248
2011-09-17,7.964,8.667,7.964,8.611,4706214
2011-09-18,8.639,8.921,8.583,8.752,6287950
2011-09-19,8.695,8.695,8.583,8.611,2827836
2011-09-20,8.639,8.667,8.555,8.639,1057253
2011-09-21,8.611,8.892,8.583,8.808,2518729
2011-09-25,8.555,8.808,8.555,8.752,1246827
2011-09-26,8.695,8.921,8.695,8.921,1315830
2011-09-27,8.921,8.977,8.836,8.921,1954370
2011-09-28,8.949,8.949,8.78,8.808,879875
2011-10-01,8.808,8.836,8.695,8.808,783286
2011-10-02,8.808,8.892,8.667,8.892,1040557
2011-10-03,8.921,9.765,8.836,9.652,8348746
2011-10-04,9.512,9.765,9.399,9.652,3845172
2011-10-05,9.849,9.849,9.68,9.709,1230095
2011-10-08,9.709,9.821,9.68,9.737,1251692
2011-10-09,9.793,10.328,9.737,10.187,5358106
2011-10-10,10.215,10.328,10.103,10.159,2656316
2011-10-11,10.103,10.159,9.793,9.821,2536168
2011-10-12,9.793,9.906,9.568,9.906,1466679
2011-10-15,9.68,9.906,9.68,9.906,1087840
2011-10-16,9.849,9.849,9.512,9.568,2283867
2011-10-17,9.512,9.568,9.061,9.146,2260504
2011-10-18,9.174,9.23,9.033,9.23,1429432
2011-10-19,9.23,9.23,9.033,9.202,1392114
2011-10-22,9.061,9.427,9.005,9.343,1485603
2011-10-23,9.54,9.652,9.399,9.399,2554686
2011-10-24,9.483,9.483,9.146,9.202,1511930
2011-10-25,9.23,9.23,8.977,9.061,4260280
2011-10-26,9.061,9.061,8.949,9.033,337285
2011-10-29,9.061,9.23,9.033,9.23,1828771
2011-10-30,9.258,9.258,9.118,9.174,1223156
2011-10-31,9.146,9.202,9.089,9.174,1099960
2011-11-01,9.089,9.146,8.977,9.005,1420626
2011-11-02,9.005,9.089,8.977,9.089,1371658
2011-11-12,9.118,9.23,9.118,9.23,1261412
2011-11-13,9.174,9.483,9.174,9.427,3091854
2011-11-14,9.399,9.455,9.286,9.343,1924355
2011-11-15,9.258,9.315,9.202,9.23,1717663
2011-11-16,9.23,9.258,9.089,9.146,1676369
2011-11-19,9.118,9.596,9.118,9.596,5894348
2011-11-20,9.568,9.624,9.455,9.568,2679379
2011-11-21,9.568,9.652,9.483,9.483,1792512
2011-11-22,9.343,9.99,9.343,9.934,5921344
2011-11-23,9.821,10.215,9.596,9.99,2908909
2011-11-26,10.074,10.75,9.906,10.665,6226097
2011-11-27,10.665,11.087,10.637,10.862,6684058
2011-11-28,10.89,11.369,10.497,11.313,9045408
2011-11-29,11.65,11.763,10.834,10.862,10740336
2011-11-30,10.862,10.862,10.468,10.553,3374058
2011-12-03,10.581,10.637,10.525,10.553,1805511
2011-12-04,10.581,10.89,10.525,10.609,4501972
2011-12-05,10.637,10.778,10.553,10.693,1670465
2011-12-06,10.722,10.89,10.722,10.806,1444732
2011-12-07,10.778,11.144,10.778,11.087,2989011
2011-12-10,11.2,11.425,11.059,11.397,3170501
2011-12-11,11.397,11.51,11.116,11.256,3768116
2011-12-12,11.313,11.313,10.975,11.087,1224988
2011-12-13,11.003,11.425,10.159,10.693,2909588
2011-12-14,10.862,11.313,10.722,11.256,3795888
2011-12-17,11.369,11.735,11.369,11.678,3776371
2011-12-18,11.65,12.072,11.622,11.988,6029860
2011-12-19,11.988,12.241,11.904,12.129,5729074
2011-12-20,12.072,12.129,11.707,11.735,4058380
2011-12-21,11.819,12.382,11.735,12.157,8281056
2011-12-24,12.354,12.382,12.129,12.185,2300150
2011-12-25,12.157,12.157,11.904,11.988,1564164
2011-12-26,11.847,11.96,11.763,11.819,1730932
2011-12-27,11.875,12.129,11.678,11.904,2363948
2011-12-28,11.96,12.438,11.96,12.438,5955402
2011-12-31,12.551,12.888,12.523,12.748,4466728
2012-01-01,12.72,12.945,12.691,12.804,3395495
2012-01-02,12.691,12.72,12.466,12.663,2177560
2012-01-03,12.72,13.648,12.72,13.395,10235591
2012-01-04,13.254,13.395,13.226,13.311,2584232
2012-01-07,13.451,13.705,13.17,13.648,4532415
2012-01-08,13.479,13.676,13.339,13.648,3081859
2012-01-09,13.62,13.648,13.367,13.395,2760146
2012-01-10,13.423,13.508,13.395,13.395,2327867
2012-01-11,13.282,13.423,13.226,13.339,2038728
2012-01-14,13.339,13.339,12.382,13.057,2166139
2012-01-15,13.057,13.057,12.551,12.607,2499378
2012-01-16,12.776,13.254,12.129,12.691,3573223
2012-01-17,12.776,12.945,12.101,12.438,2699778
2012-01-18,12.438,13.114,12.382,13.029,3565901
2012-01-21,12.945,13.057,12.663,13.057,3595232
2012-01-22,13.057,13.142,12.832,13.114,2644548
2012-01-23,13.114,13.226,12.832,12.86,4179294
2012-01-24,12.832,12.945,12.494,12.579,2610884
2012-01-25,12.607,12.691,12.438,12.607,2597782
2012-01-28,12.607,12.635,12.269,12.298,3110616
2012-01-29,12.269,12.269,11.819,11.875,5271464
2012-01-30,11.847,11.904,11.313,11.369,6339192
2012-01-31,11.341,11.51,11.228,11.341,5133564
2012-02-01,11.369,11.397,11.172,11.2,4802623
2012-02-04,11.256,11.369,11.2,11.284,2946639
2012-02-05,11.313,11.313,11.228,11.284,2424720
2012-02-06,11.313,11.453,11.284,11.369,4013248
2012-02-07,11.397,11.594,11.369,11.51,3670670
2012-02-08,11.65,11.819,11.594,11.622,4692301
2012-02-11,11.65,12.157,11.622,12.044,6171602
2012-02-12,12.157,12.213,11.932,11.96,2801410
2012-02-13,11.988,12.41,11.988,12.382,5248936
2012-02-14,12.298,12.41,12.129,12.241,2917558
2012-02-15,12.241,12.438,12.185,12.326,2514786
2012-02-18,12.326,12.551,12.213,12.382,3288579
2012-02-19,12.213,13.114,12.185,12.945,8298621
2012-02-20,12.945,13.311,12.888,13.142,3052219
2012-02-21,13.17,13.198,12.973,13.142,1493282
2012-02-22,13.057,13.311,13.057,13.311,2026084
2012-02-25,13.339,13.733,13.17,13.564,4094230
2012-02-26,13.705,14.521,13.705,14.07,6147226
2012-02-27,14.127,14.633,14.014,14.633,3049646
2012-02-28,14.746,14.915,14.07,14.577,3508923
2012-02-29,14.577,14.689,14.07,14.408,1679617
2012-03-03,14.408,14.408,13.986,14.183,2996001
2012-03-04,14.07,14.127,13.789,14.07,1306095
2012-03-05,14.07,14.239,14.042,14.183,2053958
2012-03-06,14.239,14.239,14.07,14.183,2086111
2012-03-07,13.451,13.902,13.282,13.648,2641583
2012-03-10,13.902,14.014,13.733,13.986,2308056
2012-03-11,14.042,14.127,13.845,14.042,1224709
2012-03-12,14.07,14.858,14.014,14.07,3599112
2012-03-13,14.183,14.915,14.127,14.689,4918812
2012-03-14,14.802,14.915,14.408,14.408,2214249
2012-03-17,14.408,14.464,13.986,14.07,2435076
2012-03-18,14.07,14.127,13.93,14.014,2222708
2012-03-19,13.986,14.183,13.845,14.042,2210580
2012-03-20,14.042,14.07,13.789,13.845,1316569
2012-03-21,13.733,13.817,13.508,13.676,1296356
2012-03-24,13.733,13.93,13.508,13.93,2129925
2012-03-25,13.845,14.183,13.845,14.07,2460072
2012-03-26,14.07,14.577,13.986,14.296,3000594
2012-03-27,14.408,14.521,14.07,14.296,2055570
2012-03-28,14.183,14.408,14.07,14.408,1472988
2012-03-31,14.408,14.464,14.183,14.464,2322135
2012-04-01,14.352,14.689,14.296,14.464,2280624
2012-04-02,14.408,14.746,14.296,14.633,3466648
2012-04-03,14.633,14.746,14.296,14.521,4498184
2012-04-04,14.408,14.521,14.239,14.352,2290482
2012-04-07,14.239,14.296,14.127,14.183,1555576
2012-04-08,14.239,14.521,13.845,14.296,3104438
2012-04-09,14.352,14.352,14.07,14.296,978190
2012-04-10,14.239,14.971,14.183,14.521,6007187
2012-04-11,14.521,14.689,14.239,14.633,2562985
2012-04-14,14.689,15.196,14.577,14.633,7378156
2012-04-15,14.577,15.309,14.352,15.083,4964077
2012-04-16,15.083,15.421,14.183,14.633,6658381
2012-04-17,15.083,15.083,14.577,14.689,6472354
2012-04-18,14.746,15.083,14.577,14.633,6929426
2012-04-21,14.689,14.858,14.633,14.746,2644227
2012-04-22,14.689,14.746,14.464,14.521,2733899
2012-04-23,14.352,14.464,14.07,14.183,1704853
2012-04-24,14.127,14.239,13.986,14.07,2112042
2012-04-25,14.183,14.239,14.014,14.042,1988514
2012-04-28,14.07,14.239,14.014,14.07,1721523
2012-04-29,14.07,14.07,13.93,14.014,782070
2012-04-30,13.986,14.014,13.789,14.014,646509
2012-05-01,14.042,14.042,13.845,14.014,1360914
2012-05-02,13.986,14.07,13.93,13.986,832371
2012-05-05,13.873,13.902,13.705,13.902,938742
2012-05-06,13.93,13.986,13.705,13.733,1150610
2012-05-07,13.705,13.902,13.676,13.902,1191137
2012-05-08,13.902,13.902,13.733,13.733,636568
2012-05-09,13.676,13.733,13.029,13.057,1183289
2012-05-12,13.029,13.029,11.932,12.945,1118699
2012-05-13,12.804,13.057,12.663,12.917,1161847
2012-05-14,12.804,12.804,12.523,12.663,1286433
2012-05-15,12.494,12.945,12.494,12.945,1055958
2012-05-16,12.832,13.226,12.72,13.057,1946490
2012-05-19,12.804,13.001,12.607,12.776,1128850
2012-05-20,12.917,12.917,12.551,12.635,1310457
2012-05-21,12.607,12.663,12.551,12.663,1065607
2012-05-22,12.691,12.776,12.635,12.663,1217794
2012-05-23,12.523,12.607,12.523,12.607,327525
2012-05-26,12.551,13.057,12.551,12.832,1893014
2012-05-27,12.888,12.888,12.579,12.635,1006673
2012-05-28,12.607,12.945,12.607,12.691,1094368
2012-05-29,12.776,12.776,12.607,12.635,441580
2012-05-30,12.607,12.663,12.382,12.494,993753
2012-06-02,11.763,12.101,11.566,11.65,745474
2012-06-03,11.707,11.791,11.538,11.707,929206
2012-06-04,11.51,12.213,11.51,12.157,856896
2012-06-05,12.157,12.579,12.101,12.41,1282220
2012-06-06,12.466,12.607,11.932,12.354,1190448
2012-06-09,12.382,12.438,11.819,12.298,642015
2012-06-10,12.354,12.494,12.101,12.494,544387
2012-06-11,12.551,12.551,12.354,12.466,1443593
2012-06-12,12.382,12.466,12.213,12.382,839732
2012-06-13,12.382,12.382,12.298,12.354,566017
2012-06-16,12.438,12.466,11.678,12.298,1713003
2012-06-17,12.298,13.451,12.298,13.282,3462502
2012-06-18,13.254,13.395,13.17,13.282,1726171
2012-06-19,13.339,13.339,13.029,13.057,1277947
2012-06-20,13.085,13.085,12.832,13.029,1154057
2012-06-23,12.888,12.945,12.776,12.888,748148
2012-06-24,12.888,13.367,12.804,13.226,980290
2012-06-25,13.142,13.592,13.142,13.311,2409754
2012-06-26,13.282,13.564,13.282,13.508,1261423
2012-06-27,13.508,13.508,12.663,13.282,1767676
2012-06-30,13.339,13.451,13.17,13.254,839857
2012-07-01,13.254,13.254,13.085,13.198,589721
2012-07-02,13.142,13.705,13.114,13.508,1466966
2012-07-03,13.592,13.676,13.508,13.536,1395104
2012-07-04,13.508,13.592,13.451,13.508,565768
2012-07-07,13.508,13.508,13.254,13.395,1319534
2012-07-08,13.395,13.564,13.17,13.564,1523902
2012-07-09,13.508,13.508,13.282,13.367,680186
2012-07-10,13.367,13.367,13.001,13.282,745213
2012-07-11,13.198,13.198,12.86,12.945,638789
2012-07-14,12.86,13.254,12.551,13.17,1327722
2012-07-15,13.226,13.367,13.029,13.367,1025752
2012-07-16,13.395,13.423,13.198,13.311,504162
2012-07-17,13.339,13.367,12.663,12.945,583081
2012-07-18,12.691,13.311,12.691,13.311,802377
2012-07-21,13.001,13.085,12.691,12.917,2295919
2012-07-22,12.917,12.917,12.748,12.832,1369565
2012-07-23,12.748,12.776,12.691,12.72,489985
2012-07-24,12.72,12.776,12.579,12.663,758180
2012-07-25,12.663,12.663,12.579,12.663,511854
2012-07-28,12.72,12.804,12.635,12.804,1646366
2012-07-29,12.748,12.776,12.663,12.72,1352890
2012-07-30,12.382,12.382,12.213,12.269,1872380
2012-07-31,12.269,12.382,12.185,12.269,1066402
2012-08-01,12.269,12.326,12.213,12.269,659689
2012-08-04,12.269,12.298,12.213,12.241,1574901
2012-08-05,12.241,12.269,12.213,12.213,685982
2012-08-06,12.213,12.213,12.157,12.185,361820
2012-08-07,12.185,12.185,12.129,12.185,657056
2012-08-08,12.185,12.41,12.157,12.213,2073176
2012-08-11,12.298,12.326,12.213,12.269,1231369
2012-08-12,12.269,12.269,12.157,12.241,589066
2012-08-13,12.185,12.213,12.157,12.157,479847
2012-08-14,12.157,12.213,12.016,12.157,456398
2012-08-15,12.072,12.157,12.044,12.101,635424
2012-08-25,12.185,12.438,12.185,12.354,1179549
2012-08-26,12.382,12.635,12.382,12.523,2945118
2012-08-27,12.579,12.607,12.41,12.551,2705720
2012-08-28,12.466,12.523,12.382,12.466,1406844
2012-08-29,12.41,12.494,12.382,12.438,843732
2012-09-01,12.438,12.832,12.382,12.72,4279036
2012-09-02,12.804,12.804,12.663,12.72,1562142
2012-09-03,12.72,12.973,12.635,12.832,3921072
2012-09-04,12.86,12.917,12.551,12.776,2087630
2012-09-05,12.691,12.888,12.663,12.888,668287
2012-09-08,12.917,13.057,12.832,12.917,1984886
2012-09-09,12.888,12.945,12.804,12.86,992870
2012-09-10,12.888,12.888,12.776,12.86,576536
2012-09-11,12.86,13.226,12.86,13.226,2865260
2012-09-12,13.226,13.367,13.057,13.114,1712776
2012-09-15,13.226,13.226,12.945,13.057,1149070
2012-09-16,13.029,13.311,12.945,13.198,1904766
2012-09-17,13.226,13.423,13.17,13.226,2602444
2012-09-18,13.226,13.226,13.057,13.114,833066
2012-09-19,13.085,13.17,13.057,13.085,1209640
2012-09-22,13.085,13.226,13.085,13.17,770063
2012-09-24,13.17,13.17,12.917,13.085,771452
2012-09-25,13.057,13.142,13.029,13.142,294956
2012-09-26,13.001,13.085,12.917,13.057,490728
2012-09-29,13.029,13.311,12.945,13.057,1438847
2012-09-30,13.114,13.423,13.057,13.17,1015031
2012-10-01,13.198,13.282,13.114,13.142,571768
2012-10-02,13.114,13.198,13.029,13.17,1125529
2012-10-03,13.114,13.142,13.029,13.085,488597
2012-10-06,13.114,13.17,13.001,13.029,558210
2012-10-07,13.001,13.001,12.776,12.917,1208025
2012-10-08,12.945,12.945,12.776,12.945,299724
2012-10-09,12.832,12.945,12.804,12.945,195761
2012-10-10,12.804,12.86,12.776,12.832,575310
2012-10-13,12.776,12.776,12.382,12.494,520709
2012-10-14,12.382,12.466,12.326,12.354,573721
2012-10-15,12.494,12.494,12.298,12.41,581388
2012-10-16,12.466,12.579,12.326,12.579,647411
2012-10-17,12.551,12.551,12.354,12.494,1228068
2012-10-20,12.382,12.41,12.298,12.354,815268
2012-10-21,12.354,12.354,12.157,12.241,526537
2012-10-22,12.269,12.269,11.96,11.96,266055
2012-10-23,11.96,11.96,11.791,11.819,714460
2012-10-24,11.707,12.241,11.707,12.016,594534
2012-11-03,12.016,12.072,11.847,11.932,319705
2012-11-04,11.904,12.016,11.904,11.988,257518
2012-11-05,11.988,11.988,11.904,11.904,255599
2012-11-06,11.932,12.044,11.932,11.988,413335
2012-11-07,12.016,12.016,11.932,11.988,191731
2012-11-10,11.904,12.044,11.875,11.988,308137
2012-11-11,11.988,12.269,11.932,12.157,838389
2012-11-12,12.157,12.157,11.96,12.129,289974
2012-11-13,12.129,12.129,11.96,11.988,228027
2012-11-14,12.072,12.129,11.988,12.044,508757
2012-11-17,12.072,12.101,11.988,12.072,309937
2012-11-18,12.129,12.157,11.904,12.072,647413
2012-11-19,12.044,12.072,11.819,12.072,821778
2012-11-20,12.072,12.072,11.904,12.072,271025
2012-11-21,12.016,12.185,11.932,12.044,955212
2012-11-24,12.101,12.129,11.932,11.96,788161
2012-11-25,11.932,11.932,11.256,11.313,824343
2012-11-26,11.369,11.369,10.693,11.341,735881
2012-11-27,11.313,11.819,11.256,11.284,611870
2012-11-28,11.256,11.425,11.2,11.256,552510
2012-12-01,11.369,11.453,11.256,11.284,1870049
2012-12-02,11.284,11.678,11.256,11.51,1102401
2012-12-03,11.538,11.538,11.313,11.397,1163522
2012-12-04,11.425,11.425,11.256,11.256,1393452
2012-12-05,11.313,11.453,11.256,11.284,2939850
2012-12-08,11.313,11.397,11.256,11.397,1203285
2012-12-09,11.369,11.397,11.341,11.369,471668
2012-12-10,11.369,11.369,11.256,11.313,1025665
2012-12-11,11.313,11.425,11.313,11.397,455034
2012-12-12,11.397,11.735,11.313,11.481,4072340
2012-12-15,11.566,11.566,11.453,11.566,938061
2012-12-16,11.538,12.72,11.538,12.213,8692402
2012-12-17,12.269,12.551,11.819,12.044,5032402
2012-12-18,12.044,12.101,11.875,11.932,2255492
2012-12-19,11.904,11.988,11.791,11.791,1950388
2012-12-22,11.847,12.832,11.819,12.72,11597070
2012-12-23,12.607,13.254,12.551,13.142,9792655
2012-12-24,13.114,13.705,13.114,13.564,9955421
2012-12-25,13.508,14.014,13.311,13.733,5434596
2012-12-26,13.705,13.902,13.62,13.733,2752610
2012-12-29,13.676,13.873,13.564,13.676,1867890
2012-12-30,13.62,13.62,13.17,13.451,1400485
2012-12-31,13.395,13.479,12.832,12.86,4237928
2013-01-01,13.085,13.085,12.551,12.579,7012746
2013-01-02,12.607,12.888,12.607,12.72,5570523
2013-01-05,12.748,12.917,12.691,12.86,2513843
2013-01-06,12.86,12.888,12.72,12.776,1407114
2013-01-07,12.72,12.748,12.607,12.748,1820013
2013-01-08,12.72,12.72,12.551,12.635,2629670
2013-01-09,12.635,13.114,12.635,12.945,6294612
2013-01-12,13.001,13.142,12.86,13.085,2891569
2013-01-13,13.282,13.282,12.917,12.973,3817209
2013-01-14,12.973,13.001,12.832,12.917,1850940
2013-01-15,12.945,12.945,12.72,12.804,1219526
2013-01-16,12.72,12.804,12.691,12.776,940772
2013-01-19,12.691,12.945,12.691,12.832,1067281
2013-01-20,12.804,12.86,12.804,12.832,872755
2013-01-21,12.776,12.804,12.663,12.776,1207743
2013-01-22,12.748,12.917,12.72,12.917,1042802
2013-01-23,12.917,13.029,12.776,12.945,2088879
2013-01-26,12.973,13.001,12.86,12.945,1697195
2013-01-27,12.945,12.945,12.804,12.888,1378150
2013-01-28,12.888,12.888,12.776,12.804,756833
2013-01-29,12.804,12.832,12.663,12.72,1554837
2013-01-30,12.748,12.776,12.663,12.691,1350376
2013-02-02,12.691,12.72,12.607,12.607,1729854
2013-02-03,12.607,12.607,12.354,12.354,2353163
2013-02-04,12.354,12.382,12.269,12.354,1213297
2013-02-05,12.269,12.326,11.932,12.129,2885843
2013-02-06,12.157,12.354,11.932,12.269,2680408
2013-02-09,12.298,12.354,12.157,12.213,1332606
2013-02-10,12.213,12.241,12.044,12.129,1019818
2013-02-11,12.129,12.129,12.044,12.072,728735
2013-02-12,12.072,12.101,11.988,12.044,961104
2013-02-13,12.044,12.185,11.932,12.101,1739340
2013-02-16,12.101,12.269,12.044,12.269,1367687
2013-02-17,12.269,12.438,12.185,12.241,3605924
2013-02-18,12.185,12.298,12.101,12.213,1545925
2013-02-19,12.185,12.213,12.129,12.185,1125714
2013-02-20,12.213,12.382,12.185,12.326,1423821
2013-02-23,12.382,12.663,12.354,12.663,2637207
2013-02-24,12.607,12.607,12.157,12.241,5390567
2013-02-25,12.241,12.298,12.157,12.241,958887
2013-02-26,12.185,12.185,12.016,12.101,1130655
2013-02-27,12.101,12.129,11.96,11.96,1651345
2013-03-02,12.016,12.157,11.988,12.072,1425880
2013-03-03,12.044,12.072,11.96,12.016,1206385
2013-03-04,11.988,12.016,11.875,11.904,1380297
2013-03-05,11.847,11.96,11.847,11.904,421106
2013-03-06,11.96,11.988,11.904,11.988,729931
2013-03-09,12.072,12.072,11.96,11.988,1714401
2013-03-10,11.96,11.96,11.819,11.932,2042731
2013-03-11,11.932,11.988,11.904,11.932,703515
2013-03-12,11.904,11.904,11.819,11.847,1245999
2013-03-13,11.847,11.904,11.819,11.875,674147
2013-03-16,11.904,11.96,11.875,11.904,1275403
2013-03-17,11.904,11.96,11.875,11.904,886275
2013-03-18,11.932,11.932,11.847,11.904,630314
2013-03-19,11.932,12.101,11.904,12.016,1227776
2013-03-20,12.072,12.101,12.016,12.016,1281371
2013-03-23,12.101,12.185,12.016,12.185,1111488
2013-03-24,12.213,12.494,12.185,12.354,2276941
2013-03-25,12.438,12.579,12.382,12.523,2348490
2013-03-26,12.494,12.72,12.494,12.494,3193638
2013-03-27,12.551,12.691,12.438,12.523,2558000
2013-03-30,12.466,12.635,12.41,12.438,2899518
2013-03-31,12.354,12.382,12.185,12.326,1634741
2013-04-01,12.298,12.41,12.241,12.382,909021
2013-04-02,12.41,12.438,12.354,12.382,1129552
2013-04-03,12.466,12.523,12.382,12.382,1432005
2013-04-06,12.354,12.382,12.101,12.213,1762668
2013-04-07,12.185,12.241,12.129,12.185,1916706
2013-04-08,12.213,12.241,12.157,12.213,2727121
2013-04-09,12.213,12.494,12.213,12.298,2184664
2013-04-10,12.326,12.41,12.298,12.326,1665748
2013-04-13,12.354,12.466,12.326,12.466,2096582
2013-04-14,12.157,12.354,12.129,12.326,5101030
2013-04-15,12.354,12.523,12.269,12.438,3908750
2013-04-16,12.41,12.945,12.326,12.945,6096400
2013-04-17,12.973,13.057,12.382,12.748,3388731
2013-04-20,12.748,13.085,12.748,12.973,3960966
2013-04-21,13.057,13.508,13.001,13.508,5643528
2013-04-22,13.339,13.676,13.339,13.451,3425997
2013-04-23,13.395,13.564,13.226,13.479,4369142
2013-04-24,13.536,13.536,13.282,13.339,1937478
2013-04-27,13.367,13.423,13.282,13.311,1311397
2013-04-28,13.254,13.311,13.085,13.17,2330145
2013-04-29,13.198,13.198,12.888,12.917,3058092
2013-04-30,12.86,12.945,12.776,12.917,2751390
2013-05-01,12.945,13.17,12.888,13.029,3315246
2013-05-04,13.114,13.254,13.114,13.17,2301710
2013-05-05,13.198,13.282,13.142,13.142,2263665
2013-05-06,13.17,13.17,12.973,13.029,2060147
2013-05-07,13.029,13.057,12.917,13.057,1260396
2013-05-08,13.085,13.085,12.917,13.057,1443069
2013-05-11,13.057,13.085,12.973,13.001,1602494
2013-05-12,13.001,13.001,12.832,13.001,2418044
2013-05-13,12.945,12.973,12.832,12.888,1456709
2013-05-14,12.86,12.917,12.748,12.748,1272473
2013-05-15,12.748,12.804,12.607,12.72,2183699
2013-05-18,12.72,13.001,12.691,12.917,2695743
2013-05-19,12.945,13.057,12.917,13.029,2462194
2013-05-20,13.057,13.395,13.029,13.17,5792504
2013-05-21,13.198,13.423,13.17,13.311,3225313
2013-05-22,13.339,13.395,13.17,13.226,2144230
2013-05-25,13.198,13.311,13.114,13.17,2503813
2013-05-26,13.142,13.226,13.114,13.142,3058089
2013-05-27,13.085,13.142,13.001,13.057,1988925
2013-05-28,13.057,13.17,13.057,13.114,1945216
2013-05-29,13.114,13.142,12.973,12.973,2070740
2013-06-01,12.888,13.057,12.86,13.001,1548572
2013-06-02,13.029,13.029,12.973,13.029,1516761
2013-06-03,13.029,13.114,12.945,13.057,1448493
2013-06-04,13.085,13.17,13.001,13.142,3321200
2013-06-05,13.114,13.142,13.001,13.057,1729708
2013-06-08,13.085,13.114,13.001,13.029,2349583
2013-06-09,13.029,13.114,12.945,13.057,2373534
2013-06-10,13.057,13.395,12.973,13.254,9501190
2013-06-11,13.282,13.339,13.114,13.198,3981355
2013-06-12,13.198,13.254,13.142,13.17,2100164
2013-06-15,13.114,13.114,11.988,12.663,4074238
2013-06-16,12.382,12.945,12.382,12.691,1667876
2013-06-17,12.663,12.917,12.663,12.832,3204796
2013-06-18,12.832,13.029,12.832,13.029,4248082
2013-06-19,12.945,13.057,12.917,12.973,3214956
2013-06-22,12.804,13.001,12.663,12.888,2123864
2013-06-23,12.945,12.973,12.888,12.973,2241192
2013-06-24,12.945,12.945,12.804,12.832,2231251
2013-06-25,12.86,13.198,12.832,13.085,4459848
2013-06-26,13.114,13.198,13.029,13.114,2716087
2013-06-30,13.114,13.114,12.973,12.973,1430663
2013-07-01,13.001,13.085,12.945,13.085,2247324
2013-07-02,13.057,13.114,13.001,13.001,1929715
2013-07-03,13.001,13.001,12.917,12.917,1520677
2013-07-04,12.973,13.001,12.917,13.001,2431516
2013-07-07,13.001,13.029,12.973,12.973,2387770
2013-07-08,12.973,12.973,12.917,12.945,1648033
2013-07-09,12.973,13.142,12.945,13.001,5297231
2013-07-10,12.973,12.973,12.888,12.945,1955786
2013-07-11,12.945,13.001,12.888,12.917,2955882
2013-07-14,12.888,13.001,12.888,12.945,2170494
2013-07-15,12.973,12.973,12.888,12.888,1243200
2013-07-16,12.917,12.945,12.888,12.945,705884
2013-07-17,12.945,12.945,12.832,12.888,1624688
2013-07-18,12.917,12.917,12.804,12.832,1486214
2013-07-21,12.832,13.001,12.776,12.973,2477526
2013-07-22,12.973,13.564,12.945,13.367,8182542
2013-07-23,13.479,14.464,13.339,13.845,10431998
2013-07-24,13.93,14.352,13.873,13.958,5736295
2013-07-25,13.958,13.986,13.648,13.733,3670926
2013-07-28,13.733,13.902,13.648,13.761,2093385
2013-07-29,13.761,14.183,13.705,14.07,4983078
2013-07-30,14.127,14.802,13.986,14.577,8856458
2013-07-31,14.577,14.915,14.183,14.352,5550590
2013-08-01,14.296,14.577,14.127,14.408,2735985
2013-08-04,14.464,14.746,14.408,14.746,3152854
2013-08-05,14.689,14.858,14.577,14.633,2643337
2013-08-13,14.746,14.746,14.464,14.633,1896795
2013-08-14,14.577,14.633,14.408,14.633,1644812
2013-08-15,14.689,14.689,14.464,14.521,1006624
2013-08-18,14.464,14.521,14.239,14.352,2374353
2013-08-19,14.296,14.408,14.07,14.183,2216559
2013-08-20,14.183,14.183,14.07,14.127,1751344
2013-08-21,14.07,14.352,14.07,14.239,1393781
2013-08-22,14.239,14.464,14.127,14.352,2528398
2013-08-25,14.352,14.464,14.127,14.296,1253632
2013-08-26,14.239,14.408,14.042,14.07,2402242
2013-08-27,13.789,13.902,13.367,13.423,3930761
2013-08-28,13.029,13.564,13.001,13.564,2912596
2013-08-29,13.733,13.789,13.395,13.395,1184890
2013-09-01,13.508,13.648,13.479,13.648,1349219
2013-09-02,13.62,13.62,13.451,13.508,1734820
2013-09-03,13.536,13.536,13.17,13.198,1695539
2013-09-04,13.085,13.114,12.888,12.945,1669076
2013-09-05,12.945,13.029,12.663,12.832,1865611
2013-09-08,12.917,13.001,12.663,12.804,808615
2013-09-09,12.832,12.945,12.72,12.888,669603
2013-09-10,13.282,13.451,13.114,13.423,2837930
2013-09-11,13.395,13.451,13.311,13.339,1718362
2013-09-12,13.311,13.479,13.311,13.451,1345696
2013-09-15,13.62,13.958,13.592,13.93,3276408
2013-09-16,13.902,13.986,13.845,13.902,1343082
2013-09-17,13.902,13.902,13.648,13.648,3713166
2013-09-18,13.676,13.789,13.648,13.789,2126854
2013-09-19,13.873,13.93,13.761,13.817,1447162
2013-09-24,13.873,13.902,13.817,13.817,682105
2013-09-25,13.817,13.873,13.789,13.845,666263
2013-09-26,13.817,13.845,13.705,13.733,1638941
2013-09-29,13.789,13.789,13.648,13.733,1619884
2013-09-30,13.733,13.761,13.676,13.733,711475
2013-10-01,13.733,13.761,13.705,13.761,842232
2013-10-02,13.761,13.761,13.676,13.733,1342624
2013-10-03,13.733,13.761,13.648,13.676,1395432
2013-10-06,13.676,14.07,13.564,14.07,7842619
2013-10-07,14.042,14.07,13.817,13.873,4138942
2013-10-08,13.873,13.902,13.761,13.845,3023323
2013-10-09,13.817,13.845,13.789,13.845,759908
2013-10-10,13.845,14.07,13.845,13.986,4096798
2013-10-20,14.07,14.521,14.014,14.296,5644678
2013-10-21,14.352,14.408,14.239,14.352,2418355
2013-10-22,14.464,14.577,14.239,14.464,7152764
2013-10-23,14.464,14.577,14.352,14.464,3380957
2013-10-24,14.408,14.464,14.296,14.408,2898020
2013-10-27,14.408,14.746,14.352,14.633,4341254
2013-10-28,14.633,14.802,14.521,14.521,2880825
2013-10-29,14.689,15.027,14.521,15.027,4971035
2013-10-30,15.027,15.14,14.746,14.746,2183264
2013-10-31,14.802,15.027,14.746,15.027,1861785
2013-11-03,15.196,15.477,15.027,15.196,4282378
2013-11-04,15.252,15.309,15.083,15.14,2842089
2013-11-05,15.083,15.309,15.083,15.14,1672848
2013-11-06,15.196,15.59,15.14,15.365,2621081
2013-11-07,15.477,15.534,15.196,15.365,2879546
2013-11-10,15.309,15.421,15.196,15.309,1808775
2013-11-11,15.252,15.365,15.196,15.196,1243570
2013-11-12,15.196,15.252,15.083,15.083,1221339
2013-11-13,15.083,15.14,14.802,14.858,1652546
2013-11-14,14.802,15.083,14.802,15.083,832703
2013-11-17,15.083,15.196,15.027,15.083,1932526
2013-11-18,15.027,15.14,15.027,15.027,779876
2013-11-19,15.083,15.252,15.027,15.196,2036404
2013-11-20,15.252,15.759,15.196,15.759,4302558
2013-11-21,15.703,16.265,15.646,16.153,7132416
2013-11-24,16.265,16.434,16.097,16.153,3520127
2013-11-25,15.759,15.984,15.477,15.534,5052454
2013-11-26,15.759,15.815,15.421,15.477,2558753
2013-11-27,15.477,15.703,15.421,15.703,1195886
2013-11-28,15.703,15.871,15.59,15.646,1542819
2013-12-01,15.646,15.646,15.421,15.477,1110672
2013-12-02,15.534,15.646,15.421,15.59,1230326
2013-12-03,15.534,15.59,15.083,15.14,2558342
2013-12-04,15.083,15.252,14.971,15.196,825584
2013-12-05,15.252,15.252,15.14,15.196,711669
2013-12-08,15.252,15.59,15.252,15.59,2308660
2013-12-09,15.815,15.928,15.703,15.815,6459456
2013-12-10,15.928,16.153,15.871,15.984,4927180
2013-12-11,16.04,16.153,15.871,15.928,3585731
2013-12-12,15.871,15.871,15.703,15.703,2070756
2013-12-15,15.759,15.759,15.421,15.534,2136797
2013-12-16,15.534,15.759,15.421,15.759,1197891
2013-12-17,15.646,15.759,15.534,15.534,1563114
2013-12-18,15.59,15.703,15.477,15.477,2212790
2013-12-19,15.534,15.703,15.477,15.646,1441660
2013-12-22,15.646,15.815,15.59,15.759,1507220
2013-12-23,15.759,15.871,15.703,15.815,1219390
2013-12-24,15.815,15.871,15.646,15.646,751403
2013-12-25,15.703,15.703,15.477,15.534,989008
2013-12-26,15.534,15.984,15.477,15.759,2062832
2013-12-29,15.759,15.928,15.759,15.815,1040265
2013-12-30,15.815,15.984,15.815,15.928,2059687
2013-12-31,15.928,15.984,15.759,15.871,1514742
2014-01-01,15.871,15.928,15.703,15.871,2974916
2014-01-02,15.815,15.984,15.759,15.928,2701205
2014-01-05,15.928,16.04,15.871,16.04,2157785
2014-01-06,16.04,16.659,15.928,16.265,4535230
2014-01-07,16.322,16.49,16.209,16.322,1508080
2014-01-08,16.434,16.603,16.209,16.49,1847965
2014-01-09,16.659,16.716,16.322,16.49,1267388
2014-01-12,16.434,16.49,16.209,16.322,1252477
2014-01-13,16.322,16.322,16.04,16.265,874344
2014-01-14,16.153,16.322,16.04,16.322,1484702
2014-01-15,16.265,16.659,16.209,16.547,2581148
2014-01-16,16.434,16.603,16.378,16.378,1001187
2014-01-19,16.378,16.49,16.265,16.49,887476
2014-01-20,16.49,17.222,16.434,17.222,4807380
2014-01-21,17.616,17.841,16.997,17.616,11084188
2014-01-22,17.616,17.785,17.166,17.391,4460404
2014-01-23,17.447,17.785,17.335,17.672,5219588
2014-01-26,17.391,17.672,17.278,17.616,4030266
2014-01-27,17.616,17.672,17.391,17.391,2389827
2014-01-28,17.504,17.616,17.447,17.56,2239078
2014-01-29,17.56,17.898,17.504,17.898,4433430
2014-01-30,17.841,18.123,17.729,17.898,4827311
2014-02-02,18.291,18.517,17.954,18.01,5116122
2014-02-03,18.01,18.01,17.785,17.841,1699439
2014-02-04,17.672,17.785,17.504,17.616,2486108
2014-02-05,17.729,17.841,17.616,17.841,1395414
2014-02-06,17.785,18.01,17.729,18.01,1860268
2014-02-09,18.123,18.348,18.066,18.179,3411306
2014-02-10,18.291,18.573,18.291,18.404,3027900
2014-02-11,18.46,18.46,18.235,18.348,1471849
2014-02-12,18.348,18.46,18.291,18.348,1682044
2014-02-13,18.348,18.348,18.235,18.291,887465
2014-02-16,18.291,18.348,18.179,18.235,1243760
2014-02-17,18.179,18.179,17.898,17.954,2800385
2014-02-18,18.01,18.123,17.954,18.01,2109516
2014-02-19,18.066,18.123,17.954,18.01,1193548
2014-02-20,18.01,18.348,18.01,18.235,2770441
2014-02-23,18.348,18.348,18.179,18.291,1109128
2014-02-24,18.291,18.46,18.235,18.404,1612085
2014-02-25,18.404,18.46,18.179,18.291,2635434
2014-02-26,18.235,18.348,18.235,18.235,1352199
2014-02-27,18.291,18.348,18.235,18.291,945961
2014-03-02,18.291,18.404,18.066,18.179,3197234
2014-03-03,18.123,18.179,17.504,17.954,3089168
2014-03-04,17.954,18.348,17.954,18.179,4875750
2014-03-05,18.235,18.46,18.123,18.291,6934426
2014-03-06,18.348,18.911,18.348,18.798,6945504
2014-03-09,18.911,19.248,18.911,19.023,4703528
2014-03-10,19.079,19.473,18.798,19.361,4073412
2014-03-11,19.248,19.473,19.136,19.305,2664345
2014-03-12,19.248,19.361,19.136,19.305,1940657
2014-03-13,19.305,19.417,19.248,19.305,1928420
2014-03-16,19.192,19.248,19.136,19.248,1544241
2014-03-17,19.248,19.473,19.192,19.361,2140019
2014-03-18,19.417,19.473,19.192,19.305,2058184
2014-03-19,19.361,19.361,19.192,19.248,857077
2014-03-20,19.248,19.305,19.079,19.136,1557478
2014-03-23,19.192,20.093,19.192,20.093,4162663
2014-03-24,20.036,20.093,19.811,19.867,1527954
2014-03-25,19.924,20.036,19.867,19.98,1214878
2014-03-26,20.093,20.374,19.924,19.98,3140381
2014-03-27,20.093,20.093,19.417,19.642,2830590
2014-03-30,19.867,19.924,19.586,19.699,2287419
2014-03-31,19.699,19.924,19.586,19.755,3456728
2014-04-01,19.586,19.642,19.473,19.586,3204032
2014-04-02,19.642,19.699,19.53,19.642,2443415
2014-04-03,19.699,19.755,19.586,19.642,1408654
2014-04-06,19.699,19.699,19.586,19.642,1721709
2014-04-07,19.699,19.924,19.586,19.924,2947868
2014-04-08,19.924,20.036,19.811,20.036,2648379
2014-04-09,20.036,20.093,19.755,19.867,3826532
2014-04-10,19.924,19.98,19.699,19.811,2117590
2014-04-13,19.699,19.811,19.586,19.682,2334402
2014-04-14,19.699,19.98,19.642,19.901,2807508
2014-04-15,18.756,19.056,18.643,18.748,3376971
2014-04-16,18.756,18.831,18.306,18.366,3248436
2014-04-17,18.418,18.531,18.193,18.478,3908129
2014-04-20,18.568,18.643,18.531,18.576,1905548
2014-04-21,18.643,18.681,18.381,18.411,1976892
2014-04-22,18.493,18.493,18.343,18.486,1197613
2014-04-23,18.493,18.531,18.343,18.388,1150803
2014-04-24,18.418,18.418,18.231,18.306,867120
2014-04-27,18.268,18.306,18.081,18.156,836398
2014-04-28,18.231,18.343,18.231,18.306,1281111
2014-04-29,18.343,18.381,18.231,18.268,992984
2014-04-30,18.268,18.493,18.231,18.426,2008035
2014-05-01,18.493,18.531,18.418,18.456,1141491
2014-05-04,18.493,18.568,18.456,18.553,1703418
2014-05-05,18.568,18.606,18.456,18.463,1367918
2014-05-06,18.493,18.531,18.268,18.388,1630393
2014-05-07,18.381,18.418,18.268,18.366,876199
2014-05-08,18.418,18.418,18.268,18.313,1467678
2014-05-11,18.343,18.343,18.118,18.201,2247287
2014-05-12,18.231,18.268,18.118,18.193,2732703
2014-05-13,18.231,18.268,18.118,18.201,2640304
2014-05-14,18.193,18.231,18.118,18.201,1607370
2014-05-15,18.193,18.268,18.156,18.163,2334375
2014-05-18,18.193,18.193,18.118,18.148,1811340
2014-05-19,18.118,18.118,17.781,17.893,2787616
2014-05-20,17.931,17.968,17.743,17.923,1798858
2014-05-21,17.856,17.893,17.743,17.788,1383583
2014-05-22,17.818,18.006,17.781,17.826,2855662
2014-05-25,17.781,18.006,17.705,17.931,2385206
2014-05-26,17.968,18.193,17.931,18.073,3423638
2014-05-27,18.118,18.156,17.931,17.961,3469413
2014-05-28,17.968,18.081,17.931,17.998,1636189
2014-05-29,18.006,18.343,18.006,18.171,6327384
2014-06-01,18.306,18.343,18.156,18.193,2740249
2014-06-02,18.156,18.156,18.006,18.043,2237717
2014-06-03,18.081,18.081,17.968,17.976,1391848
2014-06-04,17.968,18.006,17.931,17.938,1331336
2014-06-05,17.968,18.081,17.931,17.961,2329876
2014-06-08,18.006,18.006,17.405,17.841,2028495
2014-06-09,17.781,17.856,17.63,17.788,1395607
2014-06-10,17.781,17.781,17.405,17.443,5501460
2014-06-11,17.443,17.443,17.293,17.33,2996100
2014-06-12,17.33,17.368,17.218,17.308,1400559
2014-06-15,17.18,17.18,16.993,17.098,1861420
2014-06-16,17.068,17.143,16.58,16.648,1865885
2014-06-17,16.505,16.918,16.43,16.858,1682130
2014-06-18,16.88,16.918,16.805,16.873,783901
2014-06-19,16.88,16.918,16.655,16.715,1094582
2014-06-22,16.73,16.805,16.58,16.595,1392596
2014-06-23,16.543,16.543,16.355,16.4,1323196
2014-06-24,16.318,16.43,16.13,16.378,1552544
2014-06-25,16.43,16.43,16.355,16.393,731634
2014-06-26,16.393,16.73,16.28,16.64,2118722
2014-06-29,16.543,16.693,16.43,16.685,1007121
2014-06-30,16.655,16.88,16.618,16.835,1522408
2014-07-01,16.843,17.143,16.805,17.105,1592569
2014-07-02,17.143,17.368,17.105,17.285,1038371
2014-07-03,17.255,17.405,17.18,17.368,1176093
2014-07-06,17.405,17.443,17.293,17.323,1202678
2014-07-07,17.33,17.368,17.293,17.345,636335
2014-07-08,17.293,17.368,17.293,17.33,537499
2014-07-09,17.255,17.33,17.255,17.3,620901
2014-07-10,17.33,17.33,17.18,17.248,341323
2014-07-13,17.218,17.218,17.03,17.113,991619
2014-07-14,17.105,17.218,17.105,17.18,670707
2014-07-15,17.068,17.068,16.88,17.015,1288356
2014-07-16,17.03,17.068,16.918,16.955,962427
2014-07-17,16.955,16.955,16.843,16.873,477032
2014-07-20,16.805,16.88,16.768,16.843,645953
2014-07-21,16.88,16.955,16.843,16.955,280360
2014-07-22,16.993,17.218,16.993,17.105,2052004
2014-07-23,17.18,17.255,17.105,17.218,1427874
2014-07-24,17.255,17.555,17.218,17.353,3156849
2014-08-03,17.405,17.518,17.33,17.45,1013923
2014-08-04,17.48,18.006,17.443,17.893,4603590
2014-08-05,17.893,17.968,17.781,17.788,3084437
2014-08-06,17.743,18.456,17.743,18.411,6812758
2014-08-07,18.343,18.643,18.343,18.486,5149052
2014-08-10,18.643,18.643,18.306,18.411,2094637
2014-08-11,18.418,18.456,18.306,18.448,915325
2014-08-12,18.456,18.531,18.381,18.493,1954318
2014-08-13,18.531,18.831,18.493,18.733,3974694
2014-08-14,18.981,19.281,18.906,18.981,9408320
2014-08-17,19.056,19.131,18.981,18.988,1953798
2014-08-18,19.056,19.206,18.831,18.913,2527240
2014-08-19,18.906,19.056,18.906,18.913,1255153
2014-08-20,18.906,18.981,18.718,18.756,1826131
2014-08-21,18.718,18.756,18.606,18.651,1453701
2014-08-24,18.681,18.718,18.606,18.666,1657558
2014-08-25,18.756,18.981,18.456,18.523,3008894
2014-08-26,18.531,18.568,18.381,18.493,3217554
2014-08-27,18.531,18.906,18.493,18.808,3782918
2014-08-28,18.831,18.906,18.568,18.658,3281689
2014-08-31,18.681,18.906,18.681,18.861,2402560
2014-09-01,18.906,18.981,18.756,18.891,2523460
2014-09-02,18.981,19.356,18.981,19.168,6847363
2014-09-03,19.131,19.131,18.906,18.958,2513675
2014-09-04,19.131,19.131,18.906,19.026,3159419
2014-09-07,19.056,19.206,18.981,19.003,2508561
2014-09-08,19.056,19.131,18.981,18.988,1556801
2014-09-09,19.056,19.056,18.906,18.981,1608044
2014-09-10,19.056,19.131,18.906,18.981,3485415
2014-09-11,18.981,19.056,18.756,18.823,4272742
2014-09-14,18.756,18.981,18.606,18.643,1865251
2014-09-15,18.643,18.681,18.456,18.493,1441565
2014-09-16,18.531,18.831,18.456,18.696,1487126
2014-09-17,18.756,18.831,18.606,18.636,2117490
2014-09-18,18.643,18.831,18.606,18.703,1711625
2014-09-21,18.756,18.756,18.381,18.538,2762975
2014-09-22,18.381,18.606,18.381,18.486,2181112
2014-09-24,18.456,18.456,18.081,18.208,964225
2014-09-25,18.156,18.306,18.118,18.186,765926
2014-09-28,18.193,18.456,18.193,18.283,2621987
2014-09-29,18.306,18.343,18.268,18.343,584737
2014-09-30,18.381,18.568,18.343,18.523,1277261
2014-10-01,18.531,18.531,18.343,18.343,1343342
2014-10-02,18.306,18.343,18.231,18.328,451809
2014-10-12,18.006,18.006,16.505,16.52,4253593
2014-10-13,16.43,16.88,16.43,16.835,2515484
2014-10-14,16.73,16.73,16.43,16.693,1019576
2014-10-15,16.655,16.768,16.243,16.333,1466267
2014-10-16,16.205,16.205,15.417,15.68,2204211
2014-10-19,16.168,16.205,15.717,15.815,2026158
2014-10-20,15.867,16.655,15.755,16.46,2755384
2014-10-21,16.505,17.068,16.43,16.993,2495938
2014-10-22,17.03,17.743,16.768,17.585,4853882
2014-10-23,17.33,17.443,17.255,17.338,1411385
2014-10-26,17.33,17.856,17.33,17.638,2130191
2014-10-27,17.63,17.63,17.255,17.323,1370079
2014-10-28,16.805,17.068,16.655,16.948,1045930
2014-10-29,16.993,17.105,16.955,16.963,853270
2014-10-30,16.88,16.918,16.768,16.835,540444
2014-11-02,17.068,17.068,16.955,17.008,859487
2014-11-03,17.03,17.18,16.993,17.113,867300
2014-11-04,17.03,17.03,16.505,16.67,1063290
2014-11-05,16.655,16.655,16.318,16.49,612886
2014-11-06,16.505,16.655,16.393,16.535,412827
2014-11-09,16.543,16.58,16.393,16.43,889872
2014-11-10,16.505,16.505,16.393,16.415,527448
2014-11-11,16.393,16.73,16.355,16.588,1477220
2014-11-12,16.58,16.693,16.468,16.483,465218
2014-11-13,16.43,16.543,16.43,16.528,458343
2014-11-16,16.505,16.505,16.393,16.393,289432
2014-11-17,16.43,16.505,15.942,15.987,413854
2014-11-18,15.942,16.055,15.83,16.017,456169
2014-11-19,15.98,16.055,15.83,15.942,587302
2014-11-20,15.942,16.13,15.83,15.905,1150219
2014-11-23,16.017,16.092,15.942,16.047,814914
2014-11-24,16.017,16.055,15.942,15.95,471939
2014-11-25,15.942,15.942,15.717,15.785,735750
2014-11-26,15.717,15.83,15.455,15.717,960401
2014-11-27,15.68,15.83,15.605,15.83,364212
2014-11-30,15.042,15.455,14.855,14.99,779480
2014-12-01,15.005,15.417,15.005,15.312,791205
2014-12-02,15.492,15.567,15.192,15.222,397841
2014-12-03,15.155,15.417,15.155,15.365,536594
2014-12-04,15.38,15.53,15.38,15.515,391351
2014-12-07,15.567,15.717,15.417,15.582,1430252
2014-12-08,15.567,15.717,15.455,15.5,624358
2014-12-09,15.08,15.267,14.78,15.2,848546
2014-12-10,15.08,15.192,14.93,15.05,522992
2014-12-11,14.967,15.417,13.879,15.35,2264620
2014-12-14,14.855,15.192,14.63,14.69,973232
2014-12-15,14.78,14.93,13.279,13.324,1558037
2014-12-16,12.754,12.754,12.041,12.139,1648432
2014-12-17,12.304,13.092,11.929,12.919,2094358
2014-12-18,13.542,14.179,13.504,14.179,3970796
2014-12-21,14.63,14.78,14.217,14.712,2843022
2014-12-22,14.442,14.855,14.367,14.78,1082302
2014-12-23,14.63,14.93,14.517,14.862,1155540
2014-12-24,14.93,16.318,14.93,16.318,3451176
2014-12-25,16.28,16.355,15.605,15.912,1550354
2014-12-28,15.98,16.73,15.98,16.243,1832785
2014-12-29,16.28,16.693,16.017,16.498,2262004
2014-12-30,15.905,16.318,15.605,15.695,1305218
2014-12-31,15.792,15.905,14.442,15.305,1057716
2015-01-01,15.53,15.605,15.192,15.245,642691
2015-01-04,15.042,15.305,15.005,15.087,295467
2015-01-05,14.78,14.855,14.254,14.314,633604
2015-01-06,14.029,14.78,13.279,14.607,1593579
2015-01-07,14.78,15.605,14.63,15.005,2741804
2015-01-08,15.23,15.605,15.23,15.425,978790
2015-01-11,15.455,15.68,15.267,15.605,973381
2015-01-12,15.642,15.755,15.567,15.59,751636
2015-01-13,15.267,15.755,15.267,15.732,428830
2015-01-14,15.792,15.792,15.605,15.71,704316
2015-01-15,15.755,15.905,15.68,15.702,966310
2015-01-18,15.905,16.355,15.83,15.867,944227
2015-01-19,15.942,15.942,15.68,15.687,795902
2015-01-20,15.53,15.717,15.417,15.71,1137135
2015-01-21,15.68,15.755,15.53,15.53,859002
2015-01-22,15.455,15.942,15.455,15.92,1045869
2015-01-26,16.13,16.58,16.017,16.423,3327989
2015-01-27,16.468,16.918,16.318,16.865,2113678
2015-01-28,16.918,17.18,16.88,17.18,2331418
2015-01-29,17.143,17.33,17.03,17.12,1663829
2015-02-01,17.48,17.668,17.293,17.338,3020555
2015-02-02,17.368,17.63,17.218,17.51,2219393
2015-02-03,17.555,17.668,17.405,17.518,1723644
2015-02-04,17.593,17.593,17.33,17.413,1217633
2015-02-05,17.405,17.405,17.218,17.255,1715644
2015-02-08,17.255,17.368,17.18,17.233,2086648
2015-02-09,17.255,17.255,17.18,17.225,1600052
2015-02-10,17.218,17.218,17.03,17.03,1096996
2015-02-11,17.068,17.068,16.543,16.573,1594187
2015-02-12,16.58,17.03,16.58,16.895,1541409
2015-02-15,17.105,17.405,16.955,17.338,4102464
2015-02-16,17.368,17.48,17.143,17.368,2834261
2015-02-17,17.33,17.555,17.143,17.203,2366001
2015-02-18,17.255,17.33,17.18,17.278,1112310
2015-02-19,17.18,17.33,17.18,17.323,794515
2015-02-22,17.293,17.555,17.293,17.443,2389194
2015-02-23,17.443,17.555,17.18,17.24,1326991
2015-02-24,17.18,17.368,17.18,17.308,321146
2015-02-25,17.255,17.33,17.18,17.24,534293
2015-02-26,17.255,17.33,17.218,17.315,391243
2015-03-01,17.33,17.368,17.218,17.308,789245
2015-03-02,17.405,17.405,17.255,17.338,1561994
2015-03-03,17.368,17.593,17.368,17.48,2355298
2015-03-04,17.48,17.593,17.443,17.51,1386866
2015-03-05,17.443,17.668,17.443,17.525,2795218
2015-03-08,17.518,18.831,17.48,18.433,9936185
2015-03-09,18.456,18.493,18.006,18.073,4022030
2015-03-10,18.156,18.306,18.006,18.133,2562150
2015-03-11,18.081,18.381,17.931,18.306,2733219
2015-03-12,18.493,18.756,18.306,18.583,3798149
2015-03-15,18.456,19.056,18.343,18.763,4559512
2015-03-16,18.756,18.831,18.043,18.141,2532614
2015-03-17,18.231,18.231,17.63,18.171,3814093
2015-03-18,18.043,18.193,16.73,17.683,2999526
2015-03-19,18.043,18.268,17.818,18.216,3083668
2015-03-22,18.456,19.431,18.456,19.146,10520953
2015-03-23,19.131,19.356,18.831,18.883,4249776
2015-03-24,18.006,18.118,17.518,17.653,7688354
2015-03-25,17.593,17.781,16.017,16.213,3851535
2015-03-26,15.755,16.243,15.38,15.77,2741530
2015-03-29,16.092,16.655,16.092,16.25,3308369
2015-03-30,16.205,16.918,16.205,16.445,4137137
2015-03-31,16.505,16.655,15.905,16.07,1392975
2015-04-01,15.942,16.13,15.605,15.695,3622352
2015-04-02,15.792,15.83,15.492,15.59,1875126
2015-04-05,15.455,15.605,15.23,15.44,1394214
2015-04-06,15.492,15.642,15.455,15.597,768488
2015-04-07,15.642,16.393,15.642,16.235,5225244
2015-04-08,16.205,16.655,16.13,16.25,5556068
2015-04-09,16.318,16.58,16.243,16.46,2891643
2015-04-12,16.58,17.03,16.543,16.783,3973972
2015-04-13,16.73,17.255,16.693,17.165,2950240
2015-04-14,17.218,17.668,17.218,17.548,5793136
2015-04-15,18.006,18.006,17.555,17.668,7563998
2015-04-16,17.781,17.781,17.555,17.705,5357094
2015-04-19,17.968,18.418,17.931,18.193,5417952
2015-04-20,18.193,18.193,17.931,18.013,3206984
2015-04-21,17.968,18.343,17.968,18.208,3565332
2015-04-22,18.456,18.643,18.306,18.516,6229351
2015-04-23,18.568,18.981,18.568,18.718,7639423
2015-04-26,18.006,18.118,17.931,18.066,4774232
2015-04-27,18.118,18.156,17.968,18.006,2218499
2015-04-28,18.043,18.231,18.006,18.051,3336965
2015-04-29,18.156,18.193,17.931,18.148,3010256
2015-04-30,18.156,18.231,17.968,18.006,3449525
2015-05-03,18.006,18.193,17.893,18.028,3791591
2015-05-04,18.043,18.081,17.968,18.036,664747
2015-05-05,18.081,18.156,17.968,18.036,1613210
2015-05-06,18.006,18.006,17.893,17.908,1272531
2015-05-07,17.931,17.931,17.593,17.743,1742398
2015-05-10,17.781,17.856,17.705,17.758,952157
2015-05-11,17.743,17.781,17.33,17.398,1228127
2015-05-12,17.33,17.405,17.18,17.263,1068465
2015-05-13,17.255,17.33,17.105,17.218,2938053
2015-05-14,17.255,17.293,17.03,17.203,2198312
2015-05-17,17.255,17.593,17.255,17.54,2463625
2015-05-18,17.555,17.705,17.405,17.57,1758108
2015-05-19,17.63,17.705,17.518,17.6,1141606
2015-05-20,17.555,17.705,17.518,17.533,2514798
2015-05-21,17.555,17.705,17.48,17.54,2197368
2015-05-24,17.555,17.593,17.443,17.555,1159866
2015-05-25,17.593,18.043,17.555,17.856,3593535
2015-05-26,17.856,17.968,17.743,17.818,2572958
2015-05-27,17.856,17.931,17.781,17.818,1623591
2015-05-28,17.781,17.856,17.743,17.818,1745583
2015-05-31,17.818,17.856,17.705,17.705,661200
2015-06-01,17.705,17.705,17.33,17.48,1271588
2015-06-02,17.63,17.63,17.368,17.398,1939159
2015-06-03,17.405,17.405,17.255,17.27,846965
2015-06-04,17.293,17.293,17.143,17.255,940764
2015-06-07,17.255,17.255,16.993,17.068,1213902
2015-06-08,17.03,17.03,16.993,17.03,550982
2015-06-09,16.955,17.068,16.88,17,839621
2015-06-10,17.068,17.255,17.03,17.255,1095230
2015-06-11,17.218,17.255,17.143,17.233,279620
2015-06-14,17.293,17.443,17.218,17.413,1074090
2015-06-15,17.443,17.48,17.255,17.263,1549526
2015-06-16,17.255,17.33,17.218,17.263,267561
2015-06-17,17.33,17.33,17.143,17.248,430264
2015-06-18,17.255,17.255,17.105,17.158,612906
2015-06-21,17.105,17.143,16.918,16.918,445307
2015-06-22,16.918,16.993,16.805,16.903,691622
2015-06-23,16.88,16.955,16.805,16.918,674046
2015-06-24,16.955,17.143,16.918,17.105,1084533
2015-06-25,17.068,17.105,16.843,16.895,1613924
2015-06-28,16.88,16.88,16.543,16.573,922726
2015-06-29,16.468,16.468,16.092,16.145,553898
2015-06-30,15.98,16.055,15.68,15.995,1776497
2015-07-01,16.055,16.092,15.867,15.935,1796479
2015-07-02,15.942,16.092,15.942,16.077,818494
2015-07-05,16.055,16.055,15.942,15.95,632962
2015-07-06,15.83,15.942,15.755,15.815,1297587
2015-07-07,15.83,15.867,15.792,15.83,362614
2015-07-08,15.792,15.867,15.717,15.815,152797
2015-07-09,15.83,16.055,15.792,15.98,2443341
2015-07-12,16.505,16.655,16.205,16.258,2954132
2015-07-13,16.318,16.355,16.168,16.228,618628
2015-07-14,16.28,16.28,16.205,16.265,918195
2015-07-15,16.28,16.505,16.28,16.4,1430490
2015-07-22,16.58,16.618,16.43,16.505,1455438
2015-07-23,16.43,16.58,16.43,16.513,1355728
2015-07-26,16.58,16.58,16.43,16.46,1199600
2015-07-27,16.43,16.468,16.13,16.205,865189
2015-07-28,16.13,16.393,16.055,16.092,839296
2015-07-29,16.168,16.393,16.13,16.318,1070058
2015-07-30,16.28,16.43,16.205,16.325,966536
2015-08-02,16.318,16.318,15.792,15.852,1541892
2015-08-03,15.98,15.98,15.83,15.942,919514
2015-08-04,15.83,16.168,15.83,16.122,2982596
2015-08-05,16.168,16.168,15.98,16.04,1243533
2015-08-06,15.905,15.942,15.83,15.875,1006797
2015-08-09,15.755,15.905,15.68,15.792,1482964
2015-08-10,15.792,16.017,15.792,15.89,2366185
2015-08-11,15.905,15.98,15.605,15.657,1126896
2015-08-12,15.567,15.567,15.08,15.237,3644915
2015-08-13,15.23,15.267,15.155,15.2,814923
2015-08-16,15.155,15.23,14.78,14.952,1596272
2015-08-17,14.78,15.005,14.78,14.937,1117540
2015-08-18,14.855,14.93,14.404,14.502,2727594
2015-08-19,14.442,14.555,13.542,13.647,2222428
2015-08-20,13.279,13.879,12.754,13.737,3399108
2015-08-23,12.979,13.279,12.754,12.814,2922062
2015-08-24,12.942,13.054,11.779,11.914,2756597
2015-08-25,12.004,12.979,11.891,12.942,5747520
2015-08-26,12.416,12.754,12.304,12.416,2840295
2015-08-27,12.791,13.129,12.791,12.912,3598028
2015-08-30,13.429,13.429,12.942,12.979,2853530
2015-08-31,12.829,12.904,12.641,12.814,1638792
2015-09-01,12.866,12.866,12.641,12.679,1181260
2015-09-02,12.604,12.679,12.454,12.581,777952
2015-09-03,12.791,12.791,12.641,12.776,1241091
2015-09-06,12.716,12.942,12.679,12.896,563435
2015-09-07,12.979,13.054,12.866,12.942,1029537
2015-09-08,12.979,13.317,12.904,13.264,1642488
2015-09-09,13.392,13.617,13.279,13.444,4524972
2015-09-10,13.242,13.542,13.167,13.459,1856448
2015-09-13,13.317,13.654,13.317,13.587,1276259
2015-09-14,13.579,13.617,13.354,13.422,781767
2015-09-15,13.504,13.504,13.354,13.444,380951
2015-09-16,13.579,13.654,13.504,13.504,749226
2015-09-17,13.542,13.542,13.317,13.317,465676
2015-09-20,13.279,13.279,13.092,13.167,326023
2015-09-21,13.167,13.354,13.167,13.249,321455
2015-09-29,12.754,13.017,12.754,12.904,291510
2015-09-30,13.129,13.317,12.979,13.249,403595
2015-10-01,13.317,13.317,13.092,13.107,545546
2015-10-04,13.129,13.242,12.979,13.234,811534
2015-10-05,13.279,13.429,13.242,13.384,670319
2015-10-06,13.467,13.579,13.354,13.459,1008433
2015-10-07,13.542,13.692,13.504,13.579,1800962
2015-10-08,13.579,13.729,13.504,13.632,1719600
2015-10-11,13.692,14.142,13.692,14.029,2491301
2015-10-12,14.104,14.329,13.917,14.142,2189384
2015-10-13,13.917,14.179,13.917,14.127,976590
2015-10-14,14.104,14.104,13.879,14.074,634054
2015-10-15,14.029,14.142,13.954,13.992,1165632
2015-10-18,14.367,14.367,14.029,14.172,6297724
2015-10-19,14.179,14.442,13.954,14.014,4470070
2015-10-20,13.804,14.067,13.729,13.879,2119127
2015-10-21,13.954,14.404,13.917,14.164,4380340
2015-10-22,14.254,14.292,13.917,14.172,1974352
2015-10-25,14.254,14.479,14.029,14.052,2518268
2015-10-26,14.067,14.179,13.804,14.149,1891151
2015-10-27,14.104,14.104,13.429,13.557,1781149
2015-10-28,13.579,13.692,13.242,13.512,1419702
2015-10-29,13.579,13.654,13.392,13.497,758838
2015-11-01,13.429,13.429,13.167,13.339,1027023
2015-11-02,13.317,14.667,13.279,14.645,2921242
2015-11-03,14.705,14.705,13.729,13.857,3933272
2015-11-04,13.992,14.029,13.654,13.917,1694772
2015-11-05,13.954,14.442,13.954,14.127,2436878
2015-11-08,14.104,14.104,13.879,14.022,1349062
2015-11-09,14.029,14.217,14.029,14.164,585928
2015-11-10,14.104,14.179,14.029,14.104,647226
2015-11-11,14.104,14.367,14.104,14.337,1007645
2015-11-12,14.292,14.367,14.179,14.262,423541
2015-11-15,13.992,14.029,13.729,13.737,1721033
2015-11-16,13.767,14.029,13.692,13.999,705349
2015-11-17,13.992,14.254,13.992,14.097,1078592
2015-11-18,14.067,14.067,13.917,13.954,511741
2015-11-19,13.992,14.179,13.992,14.134,503181
2015-11-22,14.254,14.592,14.254,14.359,1745010
2015-11-23,14.329,14.329,14.029,14.044,841790
2015-11-24,14.067,14.179,13.954,14.044,984989
2015-11-25,14.067,14.067,13.842,13.849,810574
2015-11-26,13.879,13.992,13.692,13.827,1937650
2015-11-29,13.879,13.917,13.729,13.774,430075
2015-11-30,13.767,14.067,13.729,13.857,1319728
2015-12-01,13.879,14.067,13.842,14.014,1450785
2015-12-02,14.067,14.067,13.879,13.902,1225601
2015-12-03,13.879,13.954,13.729,13.782,1391672
2015-12-06,13.692,13.842,13.692,13.804,752147
2015-12-07,13.804,13.804,13.654,13.692,501760
2015-12-08,13.654,13.654,13.354,13.504,681862
2015-12-09,13.579,13.804,13.467,13.692,1377198
2015-12-10,13.729,13.767,13.617,13.692,1099538
2015-12-13,13.242,13.579,13.242,13.429,721319
2015-12-14,13.504,13.504,12.754,12.814,1546615
2015-12-15,12.904,13.092,12.866,12.994,927304
2015-12-16,13.054,13.129,12.904,13.017,696803
2015-12-17,13.017,13.167,13.017,13.114,2134940
2015-12-20,12.979,13.054,12.942,12.979,645117
2015-12-21,12.979,13.204,12.979,13.167,860401
2015-12-22,13.204,13.354,13.204,13.264,876454
2015-12-23,13.279,13.429,13.167,13.197,921661
2015-12-24,13.279,13.279,13.167,13.167,298363
2015-12-27,13.204,13.317,13.092,13.242,1120824
2015-12-28,13.242,13.354,13.167,13.227,859672
2015-12-29,13.017,13.354,12.791,13.294,1466416
2015-12-30,13.354,13.767,13.279,13.692,1909797
2015-12-31,13.617,13.804,13.579,13.744,1154980
2016-01-03,13.542,13.804,13.542,13.639,633456
2016-01-04,13.579,13.579,13.242,13.264,1116010
2016-01-05,13.279,13.504,13.167,13.429,777507
2016-01-06,13.429,13.467,13.092,13.107,865947
2016-01-07,12.754,12.754,12.379,12.544,1302304
2016-01-10,12.454,12.604,11.779,11.944,870574
2016-01-11,12.079,12.529,11.966,12.424,2571420
2016-01-12,12.304,12.304,11.966,12.004,2513956
2016-01-13,12.079,12.191,11.966,12.064,1407873
2016-01-14,11.929,12.004,10.878,11.314,2132459
2016-01-17,10.878,11.103,10.203,10.323,2761049
2016-01-18,10.878,11.329,10.803,11.329,7031903
2016-01-19,11.441,12.191,11.441,12.146,5277974
2016-01-20,11.704,11.854,11.591,11.651,2488336
2016-01-21,11.554,12.791,11.554,12.611,3304363
2016-01-24,13.129,13.354,12.454,12.499,4038716
2016-01-25,12.491,12.491,12.116,12.191,1788112
2016-01-26,11.779,12.266,11.704,12.191,2584756
2016-01-27,12.266,12.379,12.116,12.236,2127368
2016-01-28,12.341,12.791,12.341,12.746,4518410
2016-01-31,13.017,13.129,12.634,12.634,4352209
2016-02-01,12.566,12.604,12.454,12.499,2661737
2016-02-02,12.416,12.979,12.379,12.746,6402074
2016-02-03,12.679,13.204,12.679,13.107,5186649
2016-02-04,13.317,13.429,12.754,12.844,4288424
2016-02-07,12.754,12.829,12.529,12.619,1669813
2016-02-08,12.716,12.829,12.566,12.671,2114012
2016-02-09,12.491,12.641,12.491,12.566,4265969
2016-02-10,12.454,13.204,12.454,13.137,4217884
2016-02-11,13.129,13.129,12.754,12.829,2959337
2016-02-14,12.979,13.017,12.641,12.656,2806891
2016-02-15,12.716,12.866,12.679,12.769,2017325
2016-02-16,12.942,13.017,12.754,12.821,2056216
2016-02-17,12.791,12.904,12.791,12.829,1997406
2016-02-18,12.866,13.242,12.866,13.152,3916788
2016-02-21,13.204,13.729,13.129,13.429,2764427
2016-02-22,13.542,13.729,13.504,13.587,979243
2016-02-23,13.579,13.692,13.542,13.617,549124
2016-02-24,13.467,13.579,13.354,13.429,667076
2016-02-25,13.467,13.992,13.429,13.714,1724303
2016-02-28,14.029,14.517,13.842,14.427,2388339
2016-02-29,14.442,14.479,14.029,14.097,1548986
2016-03-01,14.254,14.442,14.254,14.412,717571
2016-03-02,14.555,14.592,14.254,14.352,792428
2016-03-03,14.367,14.93,14.367,14.66,1193736
2016-03-06,14.93,14.93,14.78,14.81,859912
2016-03-07,14.817,14.892,14.705,14.705,606173
2016-03-08,14.855,14.855,14.442,14.682,977602
2016-03-09,14.63,14.667,14.555,14.592,713364
2016-03-10,14.63,14.63,14.517,14.525,468119
2016-03-13,14.592,14.667,14.517,14.592,526499
2016-03-14,14.63,14.63,14.404,14.404,380530
2016-03-15,14.404,14.442,14.367,14.374,225683
2016-03-16,14.404,14.742,14.367,14.69,537878
2016-03-17,14.78,14.892,14.78,14.855,829448
2016-03-20,14.892,15.155,14.892,15.042,629245
2016-03-21,15.005,15.042,14.855,14.967,947542
2016-03-22,15.005,15.042,14.78,14.945,906574
2016-03-23,14.967,15.23,14.93,15.132,1307295
2016-03-24,15.155,15.267,15.005,15.155,1089585
2016-03-27,15.305,15.755,15.305,15.35,2298599
2016-03-28,15.455,15.567,15.23,15.44,1562761
2016-03-29,15.38,15.455,15.305,15.357,572184
2016-03-30,15.38,15.492,15.305,15.425,891126
2016-03-31,15.455,15.455,15.267,15.365,1408514
2016-04-03,15.192,15.192,14.705,14.84,1201040
2016-04-04,14.93,15.08,14.817,14.967,741193
2016-04-05,14.892,14.967,14.892,14.93,469364
2016-04-06,15.005,15.267,15.005,15.005,2296149
2016-04-07,15.042,15.155,14.967,14.99,642871
2016-04-10,15.08,15.117,15.005,15.042,567195
2016-04-11,15.005,15.042,14.967,14.997,721732
2016-04-12,15.005,15.23,15.005,15.185,1465927
2016-04-13,15.23,15.305,15.192,15.282,801537
2016-04-14,15.23,15.417,15.23,15.387,889334
2016-04-17,15.417,15.417,15.117,15.245,793023
2016-04-18,15.08,15.192,15.005,15.185,842252
2016-04-19,15.342,15.455,15.23,15.38,993303
2016-04-20,15.38,15.83,15.305,15.605,1589363
2016-04-21,15.642,15.905,15.642,15.815,2015847
2016-04-24,15.642,15.905,15.642,15.747,1732753
2016-04-25,15.717,15.792,15.605,15.717,1612455
2016-04-26,15.755,15.905,15.642,15.867,1189498
2016-04-27,15.905,16.092,15.867,16.04,1164843
2016-04-28,16.092,16.205,16.017,16.077,2188485
2016-05-01,14.967,15.005,14.517,14.69,10132307
2016-05-02,14.705,14.742,14.442,14.555,1623439
2016-05-03,14.555,14.592,14.142,14.179,1380918
2016-05-04,14.104,14.104,13.804,14.059,1968575
2016-05-05,14.142,14.217,14.067,14.119,658622
2016-05-08,14.179,14.292,14.067,14.209,1164471
2016-05-09,14.254,14.329,14.179,14.239,541752
2016-05-10,14.217,14.329,14.142,14.269,643832
2016-05-11,14.329,14.667,14.254,14.57,2376858
2016-05-12,14.592,14.78,14.592,14.667,1489657
2016-05-15,14.63,14.855,14.592,14.667,665854
2016-05-16,14.667,14.705,14.555,14.555,557035
2016-05-17,14.592,14.78,14.592,14.667,721026
2016-05-18,14.592,14.667,14.555,14.645,605797
2016-05-19,14.555,14.667,14.479,14.54,408537
2016-05-22,14.555,14.555,14.479,14.517,342987
2016-05-23,14.479,14.555,14.179,14.232,689161
2016-05-24,14.254,14.254,13.879,13.977,653715
2016-05-25,14.067,14.142,13.804,13.842,2689414
2016-05-26,13.879,13.879,13.542,13.564,1807825
2016-05-29,13.504,13.504,13.204,13.234,808981
2016-05-30,13.204,13.242,12.791,12.866,537252
2016-05-31,12.942,13.317,12.829,13.272,731938
2016-06-01,13.204,13.279,13.129,13.242,740354
2016-06-02,13.242,13.504,13.167,13.467,479557
2016-06-05,13.429,13.504,13.279,13.317,359564
2016-06-06,13.242,13.429,13.242,13.422,190510
2016-06-07,13.429,13.692,13.317,13.572,842429
2016-06-08,13.654,14.179,13.654,14.037,2503797
2016-06-09,14.029,14.067,13.917,13.992,405622
2016-06-12,13.879,13.917,13.729,13.842,282358
2016-06-13,13.767,13.954,13.729,13.812,252272
2016-06-14,13.804,13.804,13.729,13.789,465572
2016-06-15,13.767,13.767,13.504,13.549,321032
2016-06-16,13.504,13.504,13.354,13.354,174095
2016-06-19,13.467,13.467,13.354,13.399,133432
2016-06-20,13.392,13.392,13.354,13.392,39348
2016-06-21,13.392,14.517,13.392,14.284,1068102
2016-06-22,14.179,14.78,13.879,14.337,1644287
2016-06-23,14.254,14.479,14.104,14.367,797016
2016-06-26,13.654,14.967,13.654,14.832,2759802
2016-06-27,14.892,15.53,14.892,15.222,2237088
2016-06-28,15.155,15.417,15.005,15.17,534228
2016-06-29,15.192,15.267,14.93,14.96,286883
2016-06-30,15.08,15.567,15.005,15.245,1061306
2016-07-10,15.98,16.655,15.905,16.153,1796691
2016-07-11,16.168,16.168,15.755,15.77,553523
2016-07-12,15.792,15.867,15.755,15.777,577726
2016-07-13,15.717,15.98,15.717,15.837,676931
2016-07-14,15.83,15.867,15.717,15.762,287063
2016-07-17,15.83,15.83,15.68,15.717,366297
2016-07-18,15.755,15.792,15.68,15.747,287945
2016-07-19,15.755,15.905,15.68,15.89,630783
2016-07-20,15.942,16.505,15.942,16.423,2686359
2016-07-21,16.468,16.58,16.318,16.453,1603445
2016-07-24,16.43,16.43,16.205,16.22,550877
2016-07-25,16.205,16.543,15.98,16.445,619830
2016-07-26,16.355,16.505,16.243,16.318,276090
2016-07-27,16.205,16.243,15.98,16.04,519885
2016-07-28,15.942,16.505,15.867,16.408,1255508
2016-07-31,16.28,16.993,16.28,16.925,4393980
2016-08-01,16.58,16.58,16.168,16.228,2766675
2016-08-02,16.205,16.28,15.68,15.897,1353375
2016-08-03,15.792,16.243,15.755,16.025,549662
2016-08-04,16.13,16.13,15.942,15.995,213611
2016-08-07,16.017,16.168,16.017,16.085,263056
2016-08-08,16.055,16.205,16.017,16.205,590654
2016-08-09,16.243,16.393,16.243,16.355,584961
2016-08-10,16.355,16.393,16.28,16.318,584820
2016-08-11,16.28,16.318,16.017,16.047,803708
2016-08-14,15.605,15.755,15.605,15.732,953823
2016-08-15,15.717,15.867,15.717,15.755,680605
2016-08-16,15.792,15.83,15.68,15.68,228128
2016-08-17,15.68,15.68,15.38,15.395,429084
2016-08-18,15.267,15.267,14.667,14.885,996280
2016-08-21,15.755,15.792,14.667,14.697,463082
2016-08-22,14.63,14.63,14.254,14.254,526431
2016-08-23,14.329,14.517,14.254,14.329,166367
2016-08-24,14.404,14.63,14.404,14.585,603525
2016-08-25,14.404,14.479,14.254,14.442,485793
2016-08-28,14.404,15.53,14.404,15.485,783052
2016-08-29,15.155,15.717,15.155,15.65,671071
2016-08-30,15.605,15.68,15.417,15.462,396538
2016-08-31,15.305,15.417,15.042,15.065,572821
2016-09-01,15.042,15.267,14.63,15.087,543545
2016-09-04,15.267,15.417,15.005,15.357,453095
2016-09-05,15.417,15.68,15.38,15.605,622574
2016-09-06,15.53,15.605,15.38,15.455,483068
2016-09-07,15.455,15.567,15.23,15.492,1167716
2016-09-08,15.53,15.755,15.492,15.717,581932
2016-09-18,15.455,15.605,15.38,15.387,85279
2016-09-19,15.08,15.155,14.855,15.005,246372
2016-09-20,15.005,15.192,14.855,15.192,252082
2016-09-21,15.605,15.605,15.005,15.177,354882
2016-09-25,15.192,15.192,14.892,15.005,303968
2016-09-26,14.93,15.08,14.892,15.08,135895
2016-09-27,14.855,14.855,14.254,14.419,590009
2016-09-28,14.442,14.442,13.729,13.917,473701
2016-09-29,13.242,14.442,13.242,14.232,458842
2016-10-02,13.504,14.329,13.504,14.119,403697
2016-10-03,14.254,14.254,13.992,13.992,593200
2016-10-04,14.217,14.404,13.954,14.382,494344
2016-10-05,14.254,14.404,14.142,14.292,51631
2016-10-06,14.404,14.404,14.179,14.202,227047
2016-10-09,14.142,14.142,13.879,13.894,161034
2016-10-10,13.579,13.654,13.242,13.399,730740
2016-10-11,13.504,13.579,13.467,13.474,949771
2016-10-12,13.467,13.504,13.354,13.452,384987
2016-10-13,13.429,13.692,13.429,13.579,724943
2016-10-16,13.617,13.879,13.617,13.632,978650
2016-10-17,13.617,13.617,13.092,13.189,807206
2016-10-18,13.054,13.204,12.754,12.769,675349
2016-10-19,12.679,12.679,12.304,12.461,1219242
2016-10-20,12.379,12.716,12.379,12.664,517269
2016-10-23,12.754,12.829,12.604,12.731,875792
2016-10-24,12.716,12.791,12.641,12.709,511255
2016-10-25,12.716,12.754,12.604,12.716,608657
2016-10-26,12.679,13.017,12.679,12.889,580823
2016-10-27,12.791,13.392,12.791,13.362,790019
2016-10-30,13.354,13.542,13.354,13.519,392400
2016-10-31,13.467,13.504,13.354,13.444,294538
2016-11-01,13.504,13.767,13.504,13.662,488762
2016-11-02,13.542,13.729,13.542,13.692,476784
2016-11-03,13.692,14.254,13.692,14.217,300418
2016-11-06,14.254,14.63,14.254,14.6,316353
2016-11-07,14.555,14.892,14.479,14.682,124245
2016-11-08,14.667,14.93,14.667,14.862,347526
2016-11-09,14.442,14.967,14.179,14.945,349661
2016-11-10,15.005,15.155,14.855,14.892,643836
2016-11-13,14.78,15.567,14.78,15.387,634371
2016-11-14,15.23,15.305,14.892,14.93,983696
2016-11-15,14.817,14.967,14.329,14.367,351611
2016-11-16,14.479,14.817,14.442,14.69,765652
2016-11-17,14.705,14.705,14.404,14.479,267597
2016-11-20,14.517,14.517,14.292,14.404,123108
2016-11-21,14.404,14.63,14.367,14.367,216158
2016-11-22,14.367,14.592,14.329,14.464,573677
2016-11-23,14.479,14.817,14.479,14.727,1233176
2016-11-24,14.892,15.005,14.63,14.772,1321890
2016-11-27,14.705,14.93,14.705,14.885,517134
2016-11-28,14.855,14.892,14.78,14.78,1492139
2016-11-29,14.78,14.855,14.742,14.81,1256592
2016-11-30,14.78,15.08,14.78,14.9,1508176
2016-12-01,15.155,15.267,15.005,15.177,1779824
2016-12-04,15.155,15.83,15.117,15.56,2180084
2016-12-05,15.68,15.68,15.417,15.567,1072859
2016-12-06,15.605,16.017,15.605,15.942,1558607
2016-12-07,15.98,16.505,15.98,16.265,1213736
2016-12-08,16.318,16.58,16.243,16.333,1061023
2016-12-11,16.318,16.768,16.318,16.468,1110994
2016-12-12,16.58,16.768,16.43,16.588,1823302
2016-12-13,16.468,16.58,16.205,16.34,684444
2016-12-14,16.205,16.505,16.055,16.168,369062
2016-12-15,15.905,16.28,15.755,16.25,1131653
2016-12-18,16.355,16.505,16.28,16.468,584799
2016-12-19,16.318,16.73,16.318,16.58,962999
2016-12-20,16.505,16.655,16.505,16.618,587884
2016-12-21,16.655,16.88,16.655,16.835,1055171
2016-12-22,16.88,17.18,16.88,17.075,866413
2016-12-25,17.218,17.518,17.218,17.255,1316116
2016-12-26,17.255,17.405,17.03,17.15,720719
2016-12-27,17.143,17.255,17.068,17.143,374485
2016-12-28,17.105,17.18,17.03,17.053,968726
2016-12-29,17.03,17.105,16.955,17.068,754714
2017-01-01,17.068,17.33,17.03,17.158,994157
2017-01-02,17.18,17.33,17.18,17.203,597917
2017-01-03,17.18,17.18,16.993,17.098,834032
2017-01-04,17.105,17.105,16.58,16.828,1092179
2017-01-05,16.768,16.918,16.655,16.753,326236
2017-01-08,16.768,16.768,16.505,16.528,284720
2017-01-09,16.505,16.505,15.792,16.025,426989
2017-01-10,15.98,15.98,15.68,15.71,622106
2017-01-11,15.642,15.905,15.605,15.77,492541
2017-01-12,15.755,16.092,15.605,15.755,1073350
2017-01-15,16.055,16.055,15.417,15.98,1369025
2017-01-16,16.055,16.055,15.642,15.732,454926
2017-01-17,15.605,15.867,15.417,15.777,368575
2017-01-18,15.755,15.942,15.755,15.867,352723
2017-01-19,15.867,16.055,15.83,15.98,348149
2017-01-22,15.905,16.243,15.717,16.145,822254
2017-01-23,16.205,16.393,16.168,16.243,282830
2017-01-24,16.318,16.805,16.28,16.678,538650
2017-01-25,16.655,16.993,16.618,16.753,818121
2017-01-26,16.768,17.03,16.768,16.843,466913
2017-01-29,16.73,16.805,16.618,16.73,632304
2017-01-30,16.693,16.918,16.618,16.82,536343
2017-01-31,16.805,16.843,16.58,16.828,432457
2017-02-01,16.655,17.105,16.655,16.993,708044
2017-02-02,16.955,17.33,16.955,17.105,603549
2017-02-05,17.18,17.18,16.843,16.873,354237
2017-02-06,16.843,16.843,16.693,16.768,588106
2017-02-07,16.805,16.805,16.768,16.768,392444
2017-02-08,16.693,16.693,16.355,16.475,336920
2017-02-09,16.505,16.58,16.355,16.543,244833
2017-02-12,16.505,16.655,16.505,16.618,116673
2017-02-13,16.618,16.693,16.505,16.64,228341
2017-02-14,16.618,16.618,16.468,16.49,212563
2017-02-15,16.468,16.768,16.468,16.715,255954
2017-02-16,16.768,16.843,16.768,16.798,284044
2017-02-19,16.88,16.918,16.73,16.843,212229
2017-02-20,16.843,16.843,16.505,16.58,282944
2017-02-21,16.505,16.505,16.355,16.498,263692
2017-02-22,16.505,16.58,16.43,16.445,161009
2017-02-23,16.468,16.468,16.243,16.295,328370
2017-02-26,16.28,16.43,16.28,16.318,120533
2017-02-27,16.355,16.355,15.942,15.987,319313
2017-02-28,15.905,15.98,15.755,15.83,349670
2017-03-01,15.905,16.017,15.867,15.942,105386
2017-03-02,15.98,16.092,15.867,15.957,343311
2017-03-05,15.942,16.055,15.755,15.792,348945
2017-03-06,15.792,15.98,15.68,15.927,352657
2017-03-07,15.942,16.017,15.867,15.897,192328
2017-03-08,15.942,15.98,15.755,15.83,131014
2017-03-09,15.717,15.717,15.605,15.702,218570
2017-03-12,15.53,15.68,15.53,15.53,77113
2017-03-13,15.267,15.567,15.267,15.41,129934
2017-03-14,15.38,15.455,15.155,15.41,221534
2017-03-15,15.455,15.605,15.455,15.515,82926
2017-03-16,15.642,15.867,15.642,15.8,341370
2017-03-19,15.83,16.017,15.83,15.89,398656
2017-03-20,15.98,15.98,15.867,15.882,336102
2017-03-21,15.905,15.98,15.867,15.875,214700
2017-03-22,15.83,15.867,15.755,15.792,345909
2017-03-23,15.68,15.942,15.68,15.935,170174
2017-03-26,15.942,16.13,15.905,16.002,767911
2017-03-27,15.792,15.905,15.755,15.867,421808
2017-03-28,15.905,16.055,15.905,15.98,408391
2017-03-29,16.017,16.055,15.98,16.017,158716
2017-03-30,16.092,16.092,16.055,16.092,264869
2017-04-02,16.092,16.168,16.092,16.175,333171
2017-04-03,16.205,16.318,16.205,16.258,375240
2017-04-04,16.243,16.468,16.205,16.43,440686
2017-04-05,16.28,16.618,16.28,16.573,798156
2017-04-06,16.28,16.355,16.017,16.055,897411
2017-04-09,16.017,16.017,15.792,15.792,284680
2017-04-10,15.792,16.355,15.792,16.22,694786
2017-04-11,16.205,16.28,16.205,16.213,251317
2017-04-12,16.168,16.318,16.168,16.25,181348
2017-04-13,16.205,16.243,16.13,16.19,96137
2017-04-16,16.13,16.28,15.98,15.987,90019
2017-04-17,16.017,16.017,15.867,15.905,60100
2017-04-18,15.942,15.942,15.605,15.567,187158
2017-04-19,15.455,15.53,15.305,15.357,208943
2017-04-20,15.38,15.417,15.155,15.245,191631
2017-04-23,15.455,15.605,15.305,15.567,506190
2017-04-24,15.455,15.605,15.417,15.455,229218
2017-04-25,15.455,15.492,15.342,15.35,142496
2017-04-26,15.38,15.455,15.38,15.38,206371
2017-04-27,15.342,15.455,15.305,15.432,101181
2017-04-30,15.455,15.492,15.38,15.455,280656
2017-05-01,15.38,15.567,15.38,15.417,722040
2017-05-02,15.38,15.53,15.38,15.485,112938
2017-05-03,15.455,15.492,15.417,15.455,62278
2017-05-04,15.38,15.455,15.342,15.342,134021
2017-05-07,15.342,15.38,15.305,15.305,38244
2017-05-08,15.38,15.417,15.192,15.267,150064
2017-05-09,15.267,15.267,15.155,15.155,192756
2017-05-10,15.155,15.155,15.042,15.065,204502
2017-05-11,15.08,15.117,14.967,14.937,110090
2017-05-14,15.005,15.005,14.855,14.9,85010
2017-05-15,14.93,15.042,14.93,15.02,65120
2017-05-16,15.08,15.342,15.08,15.23,205744
2017-05-17,15.192,15.342,15.155,15.297,233827
2017-05-18,15.305,15.305,15.192,15.2,163044
2017-05-21,15.305,15.417,15.23,15.23,639299
2017-05-22,15.267,15.267,15.155,15.192,137888
2017-05-23,15.23,15.23,15.08,15.08,228161
2017-05-24,15.042,15.192,15.005,15.08,399361
2017-05-25,15.042,15.267,15.042,15.185,185024
2017-05-28,15.155,15.155,14.967,15.005,161394
2017-05-29,15.042,15.042,14.967,15.005,181390
2017-05-30,15.005,15.042,14.967,14.99,68548
2017-05-31,15.005,15.005,14.967,14.967,104606
2017-06-01,15.005,15.005,14.93,14.93,124090
2017-06-04,14.975,14.99,14.975,14.93,24846
2017-06-05,14.93,14.975,14.855,14.982,132291
2017-06-06,14.96,14.975,14.93,14.93,67627
2017-06-07,14.99,14.99,14.87,14.87,166434
2017-06-08,14.87,14.87,14.84,14.855,342296
2017-06-11,14.855,14.87,14.705,14.862,154220
2017-06-12,14.765,14.87,14.705,14.727,342458
2017-06-13,14.705,14.72,14.705,14.705,23685
2017-06-14,14.72,14.81,14.705,14.802,57161
2017-06-15,14.72,14.72,14.645,14.637,163657
2017-06-18,14.63,14.78,14.63,14.75,16187
2017-06-19,14.705,14.825,14.675,14.712,321759
2017-06-20,14.735,14.735,14.63,14.63,150769
2017-06-21,14.66,14.84,14.645,14.742,384292
2017-06-22,14.75,14.81,14.705,14.802,359183
2017-07-02,14.84,14.885,14.81,14.855,150855
2017-07-03,14.855,14.855,14.78,14.84,156874
2017-07-04,14.81,14.855,14.795,14.795,244745
2017-07-05,14.825,14.825,14.78,14.825,90140
2017-07-06,14.825,14.84,14.78,14.787,88198
2017-07-09,14.795,14.825,14.78,14.795,104674
2017-07-10,14.81,14.855,14.81,14.855,203889
2017-07-11,14.81,14.825,14.78,14.78,123252
2017-07-12,14.78,14.915,14.78,14.892,307235
2017-07-13,14.855,14.99,14.825,14.96,261328
2017-07-16,15.005,15.065,14.93,14.975,306188
2017-07-17,15.005,15.065,14.975,14.99,252379
2017-07-18,14.99,14.99,14.975,14.99,43053
2017-07-19,14.99,15.065,14.96,15.057,73740
2017-07-20,15.065,15.14,15.05,15.065,131800
2017-07-23,15.05,15.245,15.035,15.2,353990
2017-07-24,15.17,15.17,15.065,15.08,480023
2017-07-25,15.08,15.08,15.005,15.05,211177
2017-07-26,15.035,15.065,14.975,15.005,260271
2017-07-27,14.975,15.005,14.93,14.96,121226
2017-07-30,14.96,14.96,14.855,14.87,157642
2017-07-31,14.87,14.945,14.87,14.907,52035
2017-08-01,14.975,14.99,14.885,14.907,84547
2017-08-02,14.87,14.87,14.795,14.802,333371
2017-08-03,14.825,14.825,14.75,14.765,243578
2017-08-06,14.795,14.825,14.72,14.78,108145
2017-08-07,14.78,14.78,14.63,14.675,132318
2017-08-08,14.69,14.78,14.69,14.78,168836
2017-08-09,14.765,14.81,14.765,14.795,113927
2017-08-10,14.75,14.93,14.75,14.922,444357
2017-08-13,14.615,14.615,14.269,14.412,316680
2017-08-14,14.404,14.404,14.359,14.359,55083
2017-08-15,14.359,14.359,14.314,14.322,111007
2017-08-16,14.329,14.329,14.284,14.314,80799
2017-08-17,14.329,14.389,14.329,14.382,90185
2017-08-20,14.389,14.434,14.314,14.322,261821
2017-08-21,14.329,14.344,14.284,14.292,150396
2017-08-22,14.299,14.329,14.254,14.269,289125
2017-08-23,14.299,14.299,14.239,14.269,122949
2017-08-24,14.284,14.284,14.239,14.284,82726
2017-08-27,14.254,14.254,14.104,14.127,92133
2017-08-28,14.104,14.179,14.089,14.097,130867
2017-08-29,14.149,14.149,14.104,14.104,46246
2017-09-06,14.164,14.164,14.029,14.089,89836
2017-09-07,14.074,14.194,14.074,14.149,1082855
2017-09-10,14.179,14.254,14.119,14.172,578461
2017-09-11,14.179,14.209,14.164,14.179,215972
2017-09-12,14.179,14.179,14.074,14.134,207954
2017-09-13,14.134,14.134,14.014,14.022,255403
2017-09-14,14.029,14.029,13.504,13.587,790338
2017-09-17,13.579,13.699,13.564,13.692,325382
2017-09-18,13.699,13.714,13.549,13.572,280881
2017-09-19,13.609,13.639,13.549,13.549,174567
2017-09-20,13.594,13.594,13.474,13.489,224869
2017-09-21,13.504,13.519,13.444,13.452,358662
2017-09-25,13.474,13.474,13.354,13.407,127655
2017-09-26,13.414,13.444,13.399,13.399,162280
2017-09-27,13.429,13.444,13.384,13.444,113324
2017-09-28,13.459,13.579,13.459,13.572,491294
2017-10-01,13.504,13.579,13.489,13.519,133417
2017-10-02,13.519,13.519,13.474,13.512,126005
2017-10-03,13.489,13.534,13.459,13.459,133459
2017-10-04,13.474,13.504,13.444,13.489,92867
2017-10-05,13.474,13.519,13.444,13.489,113050
2017-10-08,13.519,13.669,13.519,13.557,267406
2017-10-09,13.564,13.564,13.489,13.512,173406
2017-10-10,13.504,13.504,13.324,13.347,150131
2017-10-11,13.264,13.279,13.159,13.197,237537
2017-10-12,13.009,13.369,13.009,13.347,257386
2017-10-15,13.219,13.474,13.219,13.272,238415
2017-10-16,13.234,13.234,13.174,13.212,205802
2017-10-17,13.234,13.234,13.129,13.129,219901
2017-10-18,13.114,13.159,13.069,13.107,126129
2017-10-19,13.114,13.114,12.889,12.934,301622
2017-10-22,12.964,12.964,12.634,12.671,250204
2017-10-23,12.679,12.679,12.559,12.649,157827
2017-10-24,12.664,12.709,12.454,12.626,483613
2017-10-25,12.739,12.919,12.709,12.844,295200
2017-10-26,12.979,12.979,12.829,12.844,236036
2017-10-29,12.904,12.904,12.859,12.889,196571
2017-10-30,12.829,12.874,12.769,12.791,476440
2017-10-31,12.769,12.769,12.679,12.709,242224
2017-11-01,12.724,12.754,12.649,12.656,212925
2017-11-02,12.694,12.694,12.619,12.649,162379
2017-11-05,12.529,12.529,12.319,12.491,707046
2017-11-06,12.364,12.364,12.274,12.281,598386
2017-11-07,12.304,12.319,12.004,12.169,576433
2017-11-08,12.184,12.244,12.109,12.109,597212
2017-11-09,12.124,12.169,12.094,12.124,551882
2017-11-12,12.184,12.184,12.064,12.079,501615
2017-11-13,12.079,12.079,11.989,11.989,317876
2017-11-14,11.989,12.109,11.989,12.049,725202
2017-11-15,12.064,12.064,12.004,12.019,248818
2017-11-16,12.004,12.034,11.974,11.981,760191
2017-11-19,12.034,12.034,11.929,11.951,773563
2017-11-20,11.989,12.004,11.929,11.929,602353
2017-11-21,11.929,11.974,11.854,11.884,766357
2017-11-22,11.899,12.754,11.899,12.589,2202952
2017-11-23,12.529,12.784,12.469,12.709,1317483
2017-11-26,12.664,13.084,12.664,13.024,505650
2017-11-27,13.054,13.504,13.054,13.339,1498767
2017-11-28,13.339,13.594,13.309,13.572,934552
2017-11-29,13.579,13.654,13.564,13.564,565291
2017-11-30,13.609,13.609,13.354,13.377,481020
2017-12-03,13.414,13.684,13.414,13.624,498253
2017-12-04,13.609,13.669,13.504,13.512,271001
2017-12-05,13.384,13.429,13.384,13.422,200043
2017-12-06,13.414,13.534,13.384,13.474,174767
2017-12-07,13.459,13.489,13.384,13.444,168566
2017-12-10,13.504,13.594,13.489,13.557,155554
2017-12-11,13.609,13.609,13.534,13.549,182141
2017-12-12,13.549,13.579,13.519,13.519,170431
2017-12-13,13.519,13.534,13.489,13.512,83200
2017-12-14,13.579,13.864,13.579,13.639,363326
2017-12-17,13.654,13.894,13.654,13.804,258965
2017-12-18,13.834,13.864,13.729,13.842,231831
2017-12-19,13.834,13.879,13.774,13.804,209154
2017-12-20,13.864,14.029,13.804,13.992,471067
2017-12-21,13.954,13.984,13.849,13.947,199647
2017-12-24,13.909,13.969,13.819,13.954,164112
2017-12-25,13.909,14.089,13.909,14.037,198088
2017-12-26,13.819,14.074,13.819,14.007,148191
2017-12-27,14.074,14.089,13.954,13.999,310037
2017-12-28,13.999,14.119,13.999,14.074,186550
2017-12-31,13.999,14.059,13.984,13.999,253225
2018-01-01,13.954,13.984,13.894,13.894,128743
2018-01-02,13.879,13.879,13.789,13.819,111815
2018-01-03,13.879,13.909,13.789,13.797,91258
2018-01-04,13.804,13.969,13.804,13.872,337485
2018-01-07,13.909,13.939,13.879,13.924,112147
2018-01-08,13.924,13.924,13.879,13.879,96373
2018-01-09,13.879,13.879,13.789,13.857,41033
2018-01-10,13.909,13.909,13.804,13.894,52413
2018-01-11,13.894,13.969,13.894,13.969,150560
2018-01-14,14.029,14.344,13.924,14.179,763912
2018-01-15,14.224,14.404,14.179,14.374,693757
2018-01-16,14.389,14.479,14.374,14.464,363670
2018-01-17,14.449,14.645,14.449,14.592,465829
2018-01-18,14.6,14.6,14.404,14.517,268873
2018-01-21,14.479,14.479,14.344,14.434,97411
2018-01-22,14.419,14.419,14.329,14.329,193220
2018-01-23,14.254,14.434,14.254,14.419,87691
2018-01-24,14.404,14.419,14.359,14.412,54967
2018-01-25,14.464,14.54,14.464,14.509,174086
2018-01-28,14.509,14.645,14.509,14.622,144213
2018-01-29,14.675,14.675,14.585,14.645,150461
2018-01-30,14.6,14.705,14.585,14.682,134974
2018-01-31,14.735,14.75,14.66,14.69,142638
2018-02-01,14.765,14.81,14.75,14.802,91309
2018-02-04,14.675,14.78,14.585,14.637,176597
2018-02-05,14.555,14.63,14.464,14.577,93118
2018-02-06,14.359,14.449,14.359,14.352,110122
2018-02-07,14.359,14.494,14.194,14.224,146379
2018-02-08,14.119,14.239,14.089,14.164,120659
2018-02-11,14.044,14.104,13.879,13.962,186966
2018-02-12,14.014,14.179,13.999,14.052,107476
2018-02-13,14.104,14.164,14.104,14.127,80584
2018-02-14,14.104,14.329,14.104,14.299,124619
2018-02-15,14.314,14.404,14.269,14.359,273397
2018-02-18,14.299,14.434,14.254,14.397,195134
2018-02-19,14.404,14.494,14.359,14.487,294971
2018-02-20,14.479,14.93,14.449,14.877,582486
2018-02-21,14.93,15.23,14.93,15.065,511459
2018-02-22,15.005,15.065,14.645,15.005,397181
2018-02-25,15.02,15.02,14.945,15.012,266432
2018-02-26,15.05,15.065,14.93,14.945,180227
2018-02-27,14.855,14.915,14.705,14.78,193744
2018-02-28,14.645,14.93,14.645,14.87,68775
2018-03-01,14.63,14.93,14.63,14.892,302877
2018-03-04,15.38,15.455,14.945,15.05,953076
2018-03-05,15.155,15.155,15.02,15.057,249047
2018-03-06,15.05,15.08,15.005,15.035,147316
2018-03-07,15.065,15.095,14.975,14.975,258517
2018-03-08,15.095,15.095,15.035,15.035,243291
2018-03-11,15.11,15.23,15.02,15.11,610920
2018-03-12,15.08,15.08,14.93,14.982,1036668
2018-03-13,15.005,15.035,14.915,14.937,597839
2018-03-14,14.93,14.93,14.9,14.915,104264
2018-03-15,14.9,15.005,14.9,14.982,150632
2018-03-18,14.99,15.005,14.9,14.9,331980
2018-03-19,14.975,14.975,14.855,14.87,130549
2018-03-20,14.84,14.84,14.78,14.78,376998
2018-03-21,14.795,14.795,14.705,14.727,391830
2018-03-22,14.735,15.005,14.735,14.952,1111270
2018-03-25,15.005,15.005,14.9,14.915,110844
2018-03-26,14.885,14.96,14.855,14.937,179784
2018-03-27,14.93,14.99,14.9,14.945,217886
2018-03-28,14.93,15.035,14.93,15.027,463143
2018-03-29,15.05,15.065,14.915,14.96,667096
2018-04-01,14.9,14.96,14.855,14.855,208734
2018-04-02,14.87,14.87,14.825,14.855,64011
2018-04-03,14.825,14.885,14.825,14.877,125269
2018-04-04,14.885,15.065,14.885,15.05,638371
2018-04-05,15.08,15.14,15.05,15.102,179244
2018-04-08,14.96,15.065,14.93,14.952,537327
2018-04-09,14.945,14.99,14.915,14.937,202592
2018-04-10,14.915,14.99,14.795,14.967,401208
2018-04-11,14.99,15.095,14.78,14.81,398911
2018-04-12,14.795,14.96,14.795,14.862,199782
2018-04-15,14.96,15.08,14.96,15.072,269547
2018-04-16,15.11,15.275,15.08,15.14,1464179
2018-04-17,14.494,14.66,14.479,14.54,814411
2018-04-18,14.57,14.615,14.479,14.517,635055
2018-04-19,14.525,14.525,14.434,14.494,483895
2018-04-22,14.494,14.494,14.254,14.337,460930
2018-04-23,14.359,14.404,14.314,14.344,186133
2018-04-24,14.329,14.449,14.254,14.367,263154
2018-04-25,14.419,14.419,14.269,14.329,173320
2018-04-26,14.344,14.359,14.239,14.337,205612
2018-04-29,14.374,14.374,14.239,14.247,292484
2018-04-30,14.239,14.254,14.059,14.104,319793
2018-05-01,14.104,14.104,13.999,14.059,148034
2018-05-02,14.104,14.119,13.879,13.939,201327
2018-05-03,13.894,13.969,13.864,13.879,94529
2018-05-06,13.924,13.984,13.879,13.902,248030
2018-05-07,13.939,13.939,13.819,13.864,156623
2018-05-08,13.879,13.924,13.714,13.902,326588
2018-05-09,14.78,14.78,13.834,13.849,272853
2018-05-10,13.939,14.029,13.939,13.947,147520
2018-05-13,14.029,14.074,13.984,14.037,97655
2018-05-14,14.029,14.104,13.909,13.962,141973
2018-05-15,13.909,13.954,13.804,13.819,150225
2018-05-16,13.849,13.849,13.759,13.774,109034
2018-05-17,13.834,13.939,13.834,13.864,122341
2018-05-20,13.954,13.954,13.654,13.774,223073
2018-05-21,13.789,13.789,13.744,13.737,74004
2018-05-22,13.744,13.804,13.669,13.684,316405
2018-05-23,13.729,13.774,13.624,13.677,416331
2018-05-24,13.639,13.744,13.639,13.684,221658
2018-05-27,13.729,13.729,13.564,13.609,323980
2018-05-28,13.609,13.714,13.594,13.639,76054
2018-05-29,13.609,13.714,13.609,13.639,138338
2018-05-30,13.654,13.669,13.609,13.639,135067
2018-05-31,13.609,13.639,13.579,13.594,255490
2018-06-03,13.594,13.669,13.579,13.639,354694
2018-06-04,13.639,13.684,13.624,13.654,119810
2018-06-05,13.654,13.669,13.639,13.654,146277
2018-06-06,13.654,13.759,13.654,13.699,767299
2018-06-07,13.699,13.699,13.654,13.669,59981
2018-06-10,13.654,13.654,13.534,13.579,343011
2018-06-11,13.579,13.579,13.459,13.504,233895
2018-06-12,13.504,13.549,13.429,13.549,602209
2018-06-20,13.639,13.639,13.474,13.534,262677
2018-06-21,13.579,13.579,13.489,13.504,172577
2018-06-24,13.534,13.564,13.489,13.504,306096
2018-06-25,13.504,13.519,13.474,13.504,164732
2018-06-26,13.504,13.504,13.444,13.459,305804
2018-06-27,13.489,13.489,13.414,13.414,468940
2018-06-28,13.429,13.504,13.339,13.369,904889
2018-07-01,13.369,13.369,13.234,13.279,1143623
2018-07-02,13.324,13.324,13.099,13.099,315382
2018-07-03,13.084,13.114,13.024,13.024,483481
2018-07-04,12.994,13.144,12.994,13.099,242101
2018-07-05,13.084,13.084,12.979,12.979,211768
2018-07-08,13.009,13.084,12.934,12.934,508817
2018-07-09,12.964,13.069,12.814,12.814,826380
2018-07-10,12.844,12.979,12.829,12.904,230271
2018-07-11,12.904,13.054,12.904,12.919,269247
2018-07-12,12.994,13.114,12.949,13.084,271251
2018-07-15,13.204,13.504,13.144,13.429,930629
2018-07-16,13.414,13.444,13.339,13.444,449107
2018-07-17,13.459,13.459,13.354,13.429,229160
2018-07-18,13.399,13.399,13.354,13.369,144394
2018-07-19,13.369,13.429,13.369,13.429,205070
2018-07-22,13.429,13.489,13.414,13.444,265479
2018-07-23,13.429,13.444,13.324,13.339,367915
2018-07-24,13.294,13.339,13.219,13.234,466335
2018-07-25,13.234,13.264,13.189,13.234,221807
2018-07-26,13.234,13.264,13.219,13.234,356889
2018-07-29,13.249,13.489,13.114,13.309,662215
2018-07-30,12.979,12.994,12.859,12.904,315801
2018-07-31,12.829,12.889,12.829,12.874,220484
2018-08-01,12.829,12.859,12.709,12.709,142910
2018-08-02,12.589,12.679,12.589,12.664,172720
2018-08-05,12.514,12.679,12.514,12.604,81740
2018-08-06,12.589,12.739,12.589,12.649,52900
2018-08-07,12.619,12.619,12.589,12.604,114922
2018-08-08,12.634,12.649,12.574,12.589,190213
2018-08-09,12.574,12.619,12.544,12.544,26544
2018-08-12,12.529,12.589,12.499,12.529,191978
2018-08-13,12.529,12.574,12.394,12.394,192332
2018-08-14,12.454,12.574,12.409,12.484,144652
2018-08-15,12.544,12.634,12.529,12.634,140764
2018-08-16,12.694,12.694,12.559,12.649,114225
2018-08-26,12.679,12.769,12.679,12.769,85118
2018-08-27,12.799,12.874,12.799,12.829,157684
2018-08-28,12.814,12.859,12.799,12.814,246041
2018-08-29,12.799,12.829,12.709,12.829,145852
2018-08-30,12.754,12.754,12.664,12.754,97650
2018-09-02,12.754,12.754,12.604,12.679,108309
2018-09-03,12.679,12.739,12.544,12.544,160372
2018-09-04,12.709,12.979,12.679,12.769,396374
2018-09-05,12.754,12.754,12.514,12.529,181853
2018-09-06,12.529,12.649,12.529,12.604,133636
2018-09-09,12.619,12.634,12.499,12.619,97402
2018-09-10,12.544,12.589,12.454,12.454,115076
2018-09-11,12.559,12.559,12.304,12.379,652192
2018-09-12,12.379,12.379,12.154,12.184,297636
2018-09-13,12.169,12.184,12.034,12.064,403531
2018-09-16,12.079,12.079,11.854,11.884,467780
2018-09-17,11.869,12.004,11.854,11.989,597835
2018-09-18,11.989,12.004,11.824,11.824,549327
2018-09-19,11.854,12.004,11.839,11.989,266275
2018-09-20,12.004,12.034,11.854,11.959,366878
2018-09-25,11.989,12.124,11.929,11.989,623400
2018-09-26,11.959,11.989,11.899,11.899,145294
2018-09-27,11.959,11.974,11.854,11.944,381292
2018-09-30,11.929,12.064,11.899,12.019,347584
2018-10-01,12.094,12.094,11.929,12.004,111400
2018-10-02,12.034,12.364,12.004,12.229,1168983
2018-10-03,12.229,12.229,12.139,12.154,341881
2018-10-04,12.214,12.214,12.079,12.154,197044
2018-10-07,12.184,12.184,11.929,11.974,590242
2018-10-08,11.929,11.929,11.824,11.899,999533
2018-10-09,11.854,11.899,11.809,11.869,316500
2018-10-10,11.854,11.854,11.689,11.704,404537
2018-10-11,11.629,11.629,11.253,11.449,982194
2018-10-14,11.268,11.299,10.683,10.863,704524
2018-10-15,10.878,11.944,10.878,11.944,1830447
2018-10-16,11.854,12.454,11.494,12.184,2895739
2018-10-17,12.154,12.469,12.154,12.454,1008374
2018-10-18,12.499,12.784,12.484,12.559,1212316
2018-10-21,12.364,13.009,12.004,12.679,1663386
2018-10-22,12.604,12.754,12.079,12.109,419843
2018-10-23,12.094,12.484,12.094,12.334,253501
2018-10-24,12.379,12.439,12.379,12.379,69047
2018-10-25,12.484,13.519,12.484,13.174,2838524
2018-10-28,13.129,13.339,13.084,13.129,183703
2018-10-29,13.114,13.264,12.994,12.994,200620
2018-10-30,12.994,12.994,12.829,12.904,246933
2018-10-31,12.874,13.054,12.874,13.054,93244
2018-11-01,12.979,13.114,12.919,13.039,126206
2018-11-04,12.919,12.934,12.829,12.859,92929
2018-11-05,12.769,12.889,12.769,12.859,91201
2018-11-06,12.859,12.889,12.859,12.859,25748
2018-11-07,13.009,13.174,13.009,13.159,251295
2018-11-08,13.144,13.159,12.979,12.979,87245
2018-11-11,12.904,12.904,12.784,12.859,83240
2018-11-12,12.784,13.024,12.784,12.904,63402
2018-11-13,12.904,12.964,12.829,12.964,136822
2018-11-14,12.859,13.009,12.844,12.904,99557
2018-11-15,13.009,13.264,12.904,13.204,236105
2018-11-18,13.504,13.594,13.009,13.009,830594
2018-11-19,12.979,13.054,12.889,12.949,119586
2018-11-20,12.904,12.949,12.844,12.949,113630
2018-11-21,12.874,12.934,12.829,12.934,132634
2018-11-22,12.829,12.979,12.829,12.934,110114
2018-11-25,12.859,12.919,12.829,12.919,113274
2018-11-26,12.919,12.919,12.814,12.829,128159
2018-11-27,12.814,12.859,12.784,12.829,103147
2018-11-28,12.874,12.904,12.829,12.829,55987
2018-11-29,12.889,12.964,12.889,12.964,98999
2018-12-02,12.964,13.114,12.964,13.084,331852
2018-12-03,13.084,13.204,13.084,13.129,102052
2018-12-04,13.114,13.204,13.024,13.054,181900
2018-12-05,13.024,13.099,13.009,13.054,88672
2018-12-06,13.024,13.444,13.024,13.174,510063
2018-12-09,13.174,13.264,13.159,13.204,153123
2018-12-10,13.204,13.249,13.114,13.204,206203
2018-12-11,13.144,13.159,13.054,13.159,88759
2018-12-12,13.129,13.249,13.129,13.234,82397
2018-12-13,13.159,13.249,13.159,13.234,65874
2018-12-16,13.249,13.309,13.129,13.279,376559
2018-12-17,13.219,13.444,13.219,13.429,567447
2018-12-18,13.324,13.474,13.309,13.384,84274
2018-12-19,13.444,13.444,13.354,13.384,212447
2018-12-20,13.354,13.354,13.114,13.144,246514
2018-12-23,13.054,13.069,12.994,13.069,49099
2018-12-24,13.144,13.144,13.084,13.129,109525
2018-12-25,13.114,13.204,12.994,13.144,133519
2018-12-26,13.084,13.189,13.069,13.129,22277
2018-12-27,13.204,13.204,13.084,13.099,71214
2018-12-30,13.159,13.219,13.159,13.219,23815
2018-12-31,13.189,13.219,13.129,13.159,87045
2019-01-01,13.204,13.204,13.129,13.129,128171
2019-01-02,13.129,13.129,13.054,13.069,33806
2019-01-03,13.084,13.099,12.979,13.099,171104
2019-01-06,13.129,13.159,13.054,13.099,219149
2019-01-07,13.099,13.159,13.084,13.129,612854
2019-01-08,13.084,13.189,13.084,13.129,132742
2019-01-09,13.174,13.174,13.024,13.069,689967
2019-01-10,13.054,13.069,13.009,13.024,240104
2019-01-13,13.039,13.144,13.009,13.129,780707
2019-01-14,13.129,13.369,13.099,13.324,408992
2019-01-15,13.339,13.414,13.339,13.369,383932
2019-01-16,13.354,13.354,13.264,13.264,95586
2019-01-17,13.234,13.324,13.204,13.324,77480
2019-01-20,13.414,13.489,13.384,13.474,231779
2019-01-21,13.504,13.504,13.279,13.429,51519
2019-01-22,13.459,13.519,13.369,13.369,128051
2019-01-23,13.429,13.504,13.429,13.504,91501
2019-01-24,13.504,13.504,13.399,13.504,90468
2019-01-27,13.549,13.789,13.489,13.774,372113
2019-01-28,13.744,13.834,13.744,13.804,165570
2019-01-29,13.684,13.894,13.669,13.894,191874
2019-01-30,13.909,13.999,13.804,13.864,204173
2019-01-31,13.879,13.879,13.729,13.759,149946
2019-02-03,13.744,13.819,13.519,13.819,112149
2019-02-04,13.594,13.819,13.594,13.789,92615
2019-02-05,13.714,13.774,13.654,13.729,135695
2019-02-06,13.699,13.714,13.654,13.654,87362
2019-02-07,13.609,13.654,13.579,13.654,113026
2019-02-10,13.699,13.699,13.594,13.594,15848
2019-02-11,13.654,13.774,13.654,13.669,143661
2019-02-12,13.699,13.894,13.699,13.774,164858
2019-02-13,13.759,14.449,13.759,14.074,437494
2019-02-14,14.179,14.254,13.939,14.044,172140
2019-02-17,13.954,14.044,13.879,13.954,95916
2019-02-18,13.879,14.179,13.879,14.164,166956
2019-02-19,14.119,14.119,13.879,14.119,123930
2019-02-20,14.119,14.239,14.119,14.239,170206
2019-02-21,14.254,14.314,14.119,14.254,161872
2019-02-24,14.78,15.665,14.78,15.425,5770169
2019-02-25,15.47,15.5,14.945,15.035,2511733
2019-02-26,15.08,15.08,14.825,14.855,1441113
2019-02-27,14.87,15.05,14.78,15.035,858923
2019-02-28,15.02,15.14,14.975,15.05,685846
2019-03-03,15.005,15.08,15.005,15.02,411571
2019-03-04,15.005,15.2,15.005,15.17,470679
2019-03-05,15.17,15.215,15.08,15.185,365208
2019-03-06,15.17,15.29,15.155,15.245,294866
2019-03-07,15.29,15.305,15.185,15.2,336928
2019-03-10,15.305,15.32,15.155,15.185,186607
2019-03-11,15.17,15.29,15.155,15.2,249768
2019-03-12,15.29,15.305,15.245,15.275,143771
2019-03-13,15.29,15.59,15.29,15.5,598485
2019-03-14,15.53,15.605,15.5,15.59,611890
2019-03-17,15.605,15.695,15.59,15.635,377900
2019-03-18,15.65,15.95,15.62,15.89,676393
2019-03-19,15.905,15.95,15.755,15.83,733277
2019-03-20,15.815,15.815,15.53,15.575,758372
2019-03-21,15.605,15.845,15.59,15.71,1008173
2019-03-24,15.74,15.755,15.605,15.68,539779
2019-03-25,15.71,15.74,15.605,15.71,348408
2019-03-26,15.755,15.755,15.59,15.65,316640
2019-03-27,15.68,15.755,15.65,15.725,399525
2019-03-28,15.68,15.755,15.68,15.71,281706
2019-03-31,15.74,15.785,15.71,15.755,461112
2019-04-01,15.755,15.86,15.74,15.815,409634
2019-04-02,15.86,16.025,15.83,16.025,575284
2019-04-03,16.04,16.22,15.965,16.085,771394
2019-04-04,16.175,16.19,16.055,16.115,476123
2019-04-07,16.13,16.205,16.1,16.19,265320
2019-04-08,16.205,16.31,16.04,16.04,903742
2019-04-09,16.055,16.055,15.755,15.98,1039431
2019-04-10,16.025,16.13,16.01,16.07,304598
2019-04-11,16.04,16.055,15.83,15.86,1078258
2019-04-14,15.83,15.905,15.68,15.815,646094
2019-04-15,15.845,15.905,15.8,15.86,579320
2019-04-16,15.86,15.86,15.815,15.83,672597
2019-04-17,15.905,15.935,15.83,15.935,638005
2019-04-18,15.935,15.95,15.815,15.95,681975
2019-04-21,15.92,16.205,15.875,16.19,633680
2019-04-22,16.28,16.34,16.205,16.265,948820
2019-04-23,16.28,16.385,16.265,16.295,689489
2019-04-24,16.295,16.295,16.205,16.28,531594
2019-04-25,16.265,16.265,16.115,16.265,488231
2019-04-28,16.28,16.43,16.25,16.37,870854
2019-04-29,16.415,16.43,16.34,16.385,625583
2019-04-30,16.385,16.4,16.25,16.325,948001
2019-05-01,16.28,16.37,16.28,16.325,646077
2019-05-02,16.34,16.43,16.325,16.4,1420525
2019-05-05,15.7,15.8,15.54,15.64,935811
2019-05-06,15.54,15.54,15.24,15.26,383426
2019-05-07,15.24,15.26,14.98,15,459028
2019-05-08,14.96,14.96,14.68,14.9,746737
2019-05-09,14.82,14.82,14.66,14.74,522726
2019-05-12,14.64,14.64,14,14.12,408288
2019-05-13,14.1,14.18,13.76,13.76,439985
2019-05-14,13.9,14.08,13.6,13.62,618668
2019-05-15,13.9,14,13.8,14,481685
2019-05-16,13.98,14.16,13.96,14.16,304607
2019-05-19,14.14,14.14,13.78,13.82,348693
2019-05-20,13.82,13.82,13.5,13.64,372521
2019-05-21,13.7,13.9,13.68,13.84,273805
2019-05-22,13.9,14.12,13.9,14.1,220670
2019-05-23,14,14.1,13.92,13.94,355625
2019-05-26,13.9,13.9,13.68,13.7,319531
2019-05-27,13.76,13.76,13.6,13.66,348041
2019-05-28,13.7,14.54,13.58,14.54,1469199
2019-05-29,14.46,14.48,14.02,14.48,383927
2019-05-30,14.42,14.48,14.24,14.48,339291
2019-06-09,13.5,14.52,13.5,14.44,409156
2019-06-10,14.5,14.7,14.4,14.48,641487
2019-06-11,14.46,14.6,14.46,14.54,208747
2019-06-12,14.54,14.54,14.4,14.44,559527
2019-06-13,14.4,14.44,14.32,14.34,243101
2019-06-16,14.32,14.4,14.3,14.38,127407
2019-06-17,14.38,14.5,14.36,14.4,560898
2019-06-18,14.44,14.52,14.42,14.46,739707
2019-06-19,14.48,14.5,14.36,14.36,580981
2019-06-20,14.4,14.54,14.3,14.42,595489
2019-06-23,14.44,14.46,14.36,14.42,212075
2019-06-24,14.46,14.48,14.32,14.42,205241
2019-06-25,14.48,14.64,14.48,14.64,414969
2019-06-26,14.66,14.9,14.58,14.74,447721
2019-06-27,14.8,14.96,14.76,14.96,252772
2019-06-30,14.88,15.12,14.88,14.9,623512
2019-07-01,14.98,14.98,14.9,14.94,109589
2019-07-02,14.88,14.9,14.88,14.88,184255
2019-07-03,14.86,14.9,14.84,14.88,157427
2019-07-04,14.86,14.88,14.84,14.86,70064
2019-07-07,14.84,14.86,14.82,14.86,85279
2019-07-08,14.84,14.88,14.8,14.88,105100
2019-07-09,14.88,14.92,14.84,14.9,137809
2019-07-10,14.88,14.88,14.78,14.84,244483
2019-07-11,14.8,14.9,14.8,14.9,56296
2019-07-14,14.9,14.94,14.88,14.9,120421
2019-07-15,14.92,14.92,14.8,14.9,280200
2019-07-16,14.9,14.92,14.86,14.9,137107
2019-07-17,14.88,14.92,14.86,14.86,99051
2019-07-18,14.94,15.04,14.92,15,362144
2019-07-21,14.98,15.14,14.94,15.14,824235
2019-07-22,15.18,15.4,15.18,15.26,552388
2019-07-23,15.26,15.26,15.1,15.1,208776
2019-07-24,15.06,15.1,14.9,14.98,341779
2019-07-25,14.96,15.06,14.92,14.98,128103
2019-07-28,15.02,15.08,14.96,15.08,179374
2019-07-29,15.1,15.2,15.02,15.14,423037
2019-07-30,15.14,15.2,15.08,15.14,237046
2019-07-31,15.14,15.18,15.06,15.14,72773
2019-08-01,15.16,15.16,15.08,15.1,196595
2019-08-04,15.1,15.1,15,15.02,234483
2019-08-05,15,15.02,14.9,15.02,215237
2019-08-06,14.9,15.1,14.86,15.1,370081
2019-08-07,15.1,15.16,15.08,15.16,299342
2019-08-08,15.16,15.2,15.1,15.2,196282
2019-08-18,15.12,15.64,15.12,15.42,461910
2019-08-19,15.42,15.44,15.36,15.42,404841
2019-08-20,15.42,15.52,15.4,15.44,174411
2019-08-21,15.46,15.48,15.2,15.48,242631
2019-08-22,15.44,15.54,15.4,15.5,262683
2019-08-25,15.36,15.44,15.24,15.24,222950
2019-08-26,15.28,15.44,15.24,15.4,326087
2019-08-27,15.36,15.9,15.32,15.9,1224268
2019-08-28,15.7,15.72,15.4,15.7,499528
2019-08-29,15.68,15.78,15.66,15.66,391878
2019-09-01,15.66,15.66,15.5,15.5,227201
2019-09-02,15.52,15.7,15.5,15.64,154582
2019-09-03,15.64,15.64,15.5,15.52,198591
2019-09-04,15.54,15.72,15.48,15.72,201023
2019-09-05,15.72,15.96,15.72,15.82,489024
2019-09-08,15.84,15.96,15.82,15.86,1056280
2019-09-09,15.86,16.04,15.86,15.94,1133555
2019-09-10,15.32,15.52,15.32,15.42,948714
2019-09-11,15.36,15.36,15.24,15.24,367258
2019-09-12,15.24,15.3,15.2,15.3,401487
2019-09-15,15.08,15.18,15.04,15.1,231513
2019-09-16,15.16,15.2,15.06,15.2,240300
2019-09-17,15.18,15.18,15,15.04,555244
2019-09-18,15.08,15.12,15.06,15.08,108834
2019-09-19,15.04,15.1,14.96,15,860495
2019-09-22,15.04,15.06,14.98,14.98,119992
2019-09-24,15.06,15.12,15,15.12,345043
2019-09-25,15.12,15.12,14.96,14.98,499081
2019-09-26,14.98,15.06,14.94,14.94,249300
2019-09-29,14.94,15,14.9,15,209765
2019-09-30,15.02,15.08,15.02,15.06,210315
2019-10-01,15.06,15.08,15.04,15.08,93330
2019-10-02,15.08,15.1,14.98,15.02,145751
2019-10-03,14.96,14.96,14.88,14.88,545952
2019-10-06,15,15.04,14.96,15,173700
2019-10-07,14.96,14.98,14.92,14.96,150272
2019-10-08,14.9,14.92,14.74,14.8,430644
2019-10-09,14.82,14.82,14.5,14.52,414509
2019-10-10,14.44,14.48,14.2,14.2,434398
2019-10-13,14.28,14.28,14.02,14.04,373357
2019-10-14,14,14.1,13.94,14.02,362309
2019-10-15,14.06,14.06,13.82,13.88,409475
2019-10-16,13.98,14.16,13.92,14.16,619118
2019-10-17,14.14,14.4,14.1,14.4,211306
2019-10-20,14.5,14.7,14.44,14.44,356146
2019-10-21,14.42,14.5,14.36,14.4,490381
2019-10-22,14.46,14.48,14.32,14.34,538860
2019-10-23,14.32,14.42,14.32,14.34,228635
2019-10-24,14.34,14.44,14.3,14.44,222741
2019-10-27,14.38,14.42,14.34,14.34,136937
2019-10-28,14.34,14.38,14.16,14.18,367091
2019-10-29,14.02,14.08,13.96,14,383371
2019-10-30,14.04,14.1,14,14.1,258951
2019-10-31,14.1,14.1,13.92,14.02,518550
2019-11-03,13.8,13.8,13.46,13.66,516787
2019-11-04,13.7,13.78,13.64,13.7,180570
2019-11-05,13.7,13.92,13.68,13.92,423053
2019-11-06,13.86,13.86,13.8,13.84,166406
2019-11-07,13.84,14.06,13.84,13.94,490829
2019-11-10,13.9,14.1,13.9,14,255426
2019-11-11,14,14.04,13.92,13.98,163164
2019-11-12,14,14.08,13.98,14.04,756914
2019-11-13,14.06,14.1,14,14.02,115221
2019-11-14,14,14.08,14,14,75247
2019-11-17,14.02,14.14,14,14.08,322052
2019-11-18,14.1,14.18,14.04,14.16,238929
2019-11-19,14.18,14.18,14.12,14.14,155291
2019-11-20,14.12,14.18,14.1,14.16,153080
2019-11-21,14.14,14.2,14.14,14.2,130503
2019-11-24,14.2,14.3,14.1,14.1,608834
2019-11-25,14.1,14.2,14,14.14,1190502
2019-11-26,14.08,14.14,13.96,14.14,908647
2019-11-27,14.14,14.14,14.04,14.08,102205
2019-11-28,14.08,14.08,14,14.04,136030
2019-12-01,14.06,14.18,14,14.18,334137
2019-12-02,14.18,14.18,13.92,13.96,819215
2019-12-03,13.98,14,13.9,13.94,424402
2019-12-04,13.96,13.98,13.9,13.98,218072
2019-12-05,13.96,14.02,13.96,13.98,80930
2019-12-08,13.98,14.1,13.98,14.06,351897
2019-12-09,14.12,14.14,14,14,531466
2019-12-10,14.02,14.04,13.96,14,351436
2019-12-11,14,14.14,14,14.12,205326
2019-12-12,14.12,14.14,13.96,14,482435
2019-12-15,14,14.02,13.98,14,278371
2019-12-16,14.02,14.14,14.02,14.1,1012324
2019-12-17,14.1,14.18,14.08,14.12,930810
2019-12-18,14.12,14.36,14.12,14.34,739662
2019-12-19,14.38,14.42,14.34,14.36,582959
2019-12-22,14.36,14.7,14.34,14.58,704566
2019-12-23,14.64,14.88,14.64,14.8,640673
2019-12-24,14.8,14.8,14.64,14.78,759596
2019-12-25,14.76,14.8,14.6,14.6,309262
2019-12-26,14.58,15.1,14.58,15,1547554
2019-12-29,15.04,15.32,15,15.2,816641
2019-12-30,15.2,15.22,15.04,15.04,1149888
2019-12-31,15.04,15.18,14.94,15,856045
2020-01-01,15.1,15.1,14.98,15.02,557969
2020-01-02,15.04,15.06,14.98,15,671766
2020-01-05,14.88,14.88,14.6,14.6,826409
2020-01-06,14.62,14.7,14.54,14.6,673569
2020-01-07,14.68,14.7,14.54,14.64,905736
2020-01-08,14.5,14.52,14.2,14.42,685675
2020-01-09,14.6,14.82,14.6,14.8,822837
2020-01-12,14.88,14.96,14.88,14.9,475725
2020-01-13,14.98,15.06,14.98,15.06,763094
2020-01-14,15.08,15.12,14.92,14.94,1252147
2020-01-15,15,15.06,14.94,14.94,689153
2020-01-16,14.98,15.04,14.96,14.98,601932
2020-01-19,15.04,15.04,14.96,15,604851
2020-01-20,15.02,15.28,15,15.24,2071014
2020-01-21,15.26,15.66,15.24,15.62,5323299
2020-01-22,15.68,15.82,15.46,15.48,2508996
2020-01-23,15.44,15.68,15.32,15.62,2490018
2020-01-26,15.58,15.78,15.48,15.68,1395494
2020-01-27,15.72,15.84,15.52,15.6,1959290
2020-01-28,15.5,15.74,15.5,15.68,1399962
2020-01-29,15.64,15.78,15.6,15.6,1160457
2020-01-30,15.62,15.72,15.58,15.72,866478
2020-02-02,15.64,16,15.52,16,2413164
2020-02-03,16.06,16.4,16.06,16.26,3945713
2020-02-04,16.24,16.44,16.12,16.22,1692488
2020-02-05,16.38,16.38,16.12,16.2,1189015
2020-02-06,16.2,16.64,16.16,16.28,3517378
2020-02-09,16.3,16.32,15.86,16.06,1734366
2020-02-10,16.08,16.18,15.9,16,1204651
2020-02-11,15.98,16,15.86,15.92,1237092
2020-02-12,15.9,15.96,15.7,15.76,1359082
2020-02-13,15.78,15.86,15.68,15.74,573241
2020-02-16,15.72,15.96,15.62,15.84,769198
2020-02-17,15.8,16.18,15.8,16.16,914494
2020-02-18,16.2,16.38,16.12,16.18,1599047
2020-02-19,16.2,16.32,16.2,16.3,819463
2020-02-20,16.38,16.38,16.2,16.26,846871
2020-02-23,16.26,16.32,16.06,16.3,1120109
2020-02-24,16.22,16.32,16.1,16.12,2214484
2020-02-25,16,16.3,15.9,16.3,1324505
2020-02-26,16.3,16.82,16.18,16.78,4710917
2020-02-27,16.8,16.9,16.3,16.34,2207350
2020-03-01,15.98,15.98,15.6,15.84,1450949
2020-03-02,16,16.18,15.82,15.86,1530959
2020-03-03,16.18,16.26,15.96,16.08,3374516
2020-03-04,15.98,16.08,15.78,15.88,2856592
2020-03-05,15.96,16.04,15.86,15.98,1614418
2020-03-08,15.5,15.5,14.4,14.44,2670251
2020-03-09,13,14.34,13,14.06,2026117
2020-03-10,14.7,15.2,14.5,15.2,1235102
2020-03-11,15.18,15.24,14.12,14.3,1393005
2020-03-12,14,14,13.46,13.58,2238583
2020-03-15,13.98,13.98,13.16,13.16,1143988
2020-03-16,13.2,13.48,12.9,13,1391340
2020-03-17,13,13.2,12.92,13.06,832892
2020-03-18,13.08,13.16,12.9,12.96,1237146
2020-03-19,12.86,13.14,12.82,13,2117489
2020-03-22,12.74,12.92,12.72,12.84,972002
2020-03-23,12.7,12.7,12.26,12.38,706005
2020-03-24,12.5,12.92,12.4,12.92,1200215
2020-03-25,13,13.26,12.52,12.68,1356946
2020-03-26,12.98,13.14,12.9,13.06,512678
2020-03-29,13.04,13.14,13,13.06,529667
2020-03-30,13.08,13.2,13.06,13.1,480556
2020-03-31,13.16,13.5,13.16,13.5,749814
2020-04-01,13.5,13.56,13.34,13.4,552277
2020-04-02,13.48,13.6,13.48,13.56,713132
2020-04-05,13.66,13.8,13.58,13.76,718433
2020-04-06,13.76,14.1,13.7,14,575899
2020-04-07,14,14.04,13.9,13.98,549851
2020-04-08,13.94,14,13.86,13.94,539377
2020-04-09,13.98,14.04,13.88,13.96,341621
2020-04-12,13.96,13.96,13.84,13.86,367340
2020-04-13,13.96,13.96,13.8,13.8,339525
2020-04-14,13.8,13.96,13.8,13.94,356355
2020-04-15,13.92,14.04,13.84,13.84,679645
2020-04-16,13.9,13.9,13.5,13.62,865157
2020-04-19,13.76,13.86,13.74,13.82,694156
2020-04-20,13.38,13.38,13.02,13.2,501212
2020-04-21,12.98,13.02,12.9,12.92,569060
2020-04-22,12.74,12.88,12.74,12.88,347967
2020-04-23,12.9,13,12.88,13,327416
2020-04-26,13.3,13.38,13.1,13.38,574583
2020-04-27,13.4,13.46,13.3,13.38,333479
2020-04-28,13.36,13.42,13.32,13.42,377268
2020-04-29,13.44,13.7,13.44,13.6,454753
2020-04-30,13.8,14,13.7,13.92,1108630
2020-05-03,13,13.38,12.54,12.54,1304318
2020-05-04,12.36,12.72,12.36,12.5,1249473
2020-05-05,12.7,12.94,12.62,12.72,857168
2020-05-06,12.9,12.9,12.6,12.66,706742
2020-05-07,12.66,12.7,12.56,12.66,589680
2020-05-10,12.72,12.72,12.5,12.6,463005
2020-05-11,12.5,12.5,12.24,12.36,971287
2020-05-12,12.36,12.4,12.28,12.34,1335427
2020-05-13,12.38,12.42,12.3,12.32,977946
2020-05-14,12.3,12.32,12.24,12.26,556302
2020-05-17,12.32,12.52,12.32,12.36,739590
2020-05-18,12.42,12.46,12.34,12.4,1007822
2020-05-19,12.5,12.74,12.42,12.6,1718030
2020-05-20,12.64,12.64,12.48,12.52,702246
2020-05-21,12.6,12.7,12.54,12.7,741705
2020-05-31,13.1,13.52,12.82,13.46,4971861
2020-06-01,13.4,13.82,13.36,13.62,3018548
2020-06-02,13.7,13.94,13.58,13.92,2646744
2020-06-03,13.92,13.98,13.68,13.78,1977663
2020-06-04,13.78,13.78,13.48,13.48,1378099
2020-06-07,13.58,13.62,13.44,13.52,976909
2020-06-08,13.48,13.86,13.46,13.8,1373394
2020-06-09,13.8,13.9,13.76,13.9,964219
2020-06-10,13.92,14.08,13.84,13.94,1338963
2020-06-11,13.92,13.96,13.8,13.82,570295
2020-06-14,13.82,14.2,13.78,14.18,1784820
2020-06-15,14.28,14.3,13.98,14.12,1788070
2020-06-16,14.18,14.24,14.14,14.24,1050325
2020-06-17,14.28,14.34,14.18,14.26,1857427
2020-06-18,14.24,14.32,14.22,14.22,1380851
2020-06-21,14.28,14.3,14.14,14.14,553092
2020-06-22,14.12,14.12,13.7,13.76,840949
2020-06-23,13.72,14.06,13.58,13.96,1602481
2020-06-24,13.96,14.04,13.82,13.84,542014
2020-06-25,13.76,14.4,13.7,14.28,2640483
2020-06-28,14.4,14.58,14.3,14.46,1642351
2020-06-29,14.48,14.78,14.3,14.78,2160577
2020-06-30,14.8,14.86,14.48,14.76,2278277
2020-07-01,14.66,14.66,14.46,14.52,1618013
2020-07-02,14.5,14.52,14.38,14.42,1059730
2020-07-05,14.46,14.52,14.4,14.48,900570
2020-07-06,14.48,14.66,14.38,14.4,1792704
2020-07-07,14.4,14.46,14.38,14.4,731190
2020-07-08,14.4,14.44,14.32,14.38,527782
2020-07-09,14.42,14.52,14.36,14.42,1170948
2020-07-12,14.48,14.72,14.48,14.68,1280149
2020-07-13,14.78,15.06,14.58,14.7,2374715
2020-07-14,14.66,14.72,14.5,14.6,752668
2020-07-15,14.7,14.7,14.58,14.68,555393
2020-07-16,14.68,14.68,14.62,14.64,401812
2020-07-19,14.68,14.72,14.62,14.64,326579
2020-07-20,14.6,14.6,14.24,14.5,751980
2020-07-21,14.5,14.88,14.46,14.8,1356252
2020-07-22,14.86,14.88,14.74,14.8,813042
2020-07-23,15,15.02,14.8,14.8,2646540
2020-07-26,14.86,14.94,14.76,14.9,758328
2020-07-27,14.9,15.02,14.82,15.02,722985
2020-07-28,15.02,15.32,15,15.22,1130250
2020-08-05,15.22,15.4,15.18,15.34,832374
2020-08-06,15.38,15.46,15.34,15.4,539113
2020-08-09,15.4,15.5,15.34,15.48,838496
2020-08-10,15.5,15.5,15.26,15.48,1580284
2020-08-11,15.42,15.7,15.42,15.7,2673117
2020-08-12,15.7,15.7,15.52,15.64,894017
2020-08-13,15.68,15.74,15.62,15.7,757060
2020-08-16,15.7,15.78,15.64,15.7,817919
2020-08-17,15.66,15.72,15.58,15.7,984611
2020-08-18,15.72,16.38,15.72,16.3,3729901
2020-08-19,16.3,16.38,16.14,16.2,916126
2020-08-20,16.12,16.28,16.12,16.26,518851
2020-08-23,16.22,16.24,16.14,16.16,757769
2020-08-24,16.16,16.24,16.1,16.18,661271
2020-08-25,16.18,16.32,16.18,16.18,781051
2020-08-26,16.24,16.24,16.1,16.14,818599
2020-08-27,16.16,16.24,16.14,16.2,545070
2020-08-30,16.18,16.42,16.16,16.4,980240
2020-08-31,16.44,16.66,16.42,16.5,1171173
2020-09-01,16.5,16.96,16.5,16.8,1610388
2020-09-02,16.74,17.26,16.5,17,3207308
2020-09-03,17,17.16,16.84,17,1456825
2020-09-06,16.98,17.14,16.84,17.1,986858
2020-09-07,17.1,17.18,17.08,17.16,1479748
2020-09-08,17.18,17.44,17.18,17.22,1757450
2020-09-09,17.2,17.32,17.1,17.32,1414097
2020-09-10,17.38,17.4,17.26,17.28,1321647
2020-09-13,17.3,17.34,17.24,17.3,2368920
2020-09-14,16.74,16.96,16.68,16.86,2073798
2020-09-15,16.84,16.86,16.74,16.76,1343309
2020-09-16,16.74,16.8,16.62,16.78,993806
2020-09-17,16.78,16.9,16.66,16.9,1064830
2020-09-20,16.9,16.96,16.76,16.88,718737
2020-09-21,16.92,16.92,16.7,16.76,749492
2020-09-22,16.7,16.74,16,16.44,1296579
2020-09-24,16.5,16.5,16.34,16.4,425415
2020-09-27,16.38,16.66,16.38,16.66,1024679
2020-09-28,16.66,16.92,16.6,16.8,1835250
2020-09-29,16.86,16.88,16.72,16.76,1266188
2020-09-30,16.76,16.78,16.64,16.74,1038106
2020-10-01,16.78,16.96,16.76,16.84,1779294
2020-10-04,17.1,17.14,16.8,16.82,1818940
2020-10-05,16.8,16.82,16.5,16.8,676829
2020-10-06,16.82,16.92,16.7,16.9,744950
2020-10-07,16.9,17.4,16.9,17.2,3584545
2020-10-08,17.18,17.62,17.16,17.44,2520704
2020-10-11,17.5,17.98,17.46,17.74,1757386
2020-10-12,17.78,17.84,17.58,17.72,844844
2020-10-13,17.66,18.08,17.64,17.86,2000961
2020-10-14,17.9,18.26,17.8,18.2,1977149
2020-10-15,18.18,18.44,18,18.22,2194867
2020-10-18,18.36,18.5,18.22,18.34,1384731
2020-10-19,18.26,18.34,18.06,18.18,821764
2020-10-20,17.96,18.3,17.66,18.2,1379622
2020-10-21,18.3,18.94,18.28,18.68,2875154
2020-10-22,18.6,18.6,18.1,18.16,1668447
2020-10-25,18.22,18.32,16.6,16.68,1486003
2020-10-26,16.62,17.38,16.62,17.2,1478007
2020-10-27,17.14,17.28,17,17.1,786762
2020-10-28,17.12,17.12,16.88,16.92,557287
2020-10-29,16.8,16.9,16.58,16.78,979160
2020-11-01,16.62,16.72,16.54,16.56,455989
2020-11-02,16.56,16.98,16.56,16.96,458429
2020-11-03,17,17.06,16.8,16.84,450617
2020-11-04,16.98,17,16.84,16.9,850146
2020-11-05,16.86,16.88,16.6,16.64,432698
2020-11-08,16.6,16.76,16.5,16.72,1184822
2020-11-09,16.78,17.14,16.74,17.1,2829128
2020-11-10,17.16,17.46,16.5,17.06,2642333
2020-11-11,17.06,17.2,16.94,17.14,1496692
2020-11-12,17.16,17.16,16.92,17,1355783
2020-11-15,17.1,17.12,16.96,17,1287643
2020-11-16,17.02,17.16,16.88,17.04,1554709
2020-11-17,17.12,17.24,17.04,17.14,1528488
2020-11-18,17.12,17.34,17.1,17.34,1643536
2020-11-19,17.38,17.68,17.36,17.54,2796197
2020-11-22,17.66,17.76,17.56,17.6,1014606
2020-11-23,17.66,17.66,17.4,17.62,897632
2020-11-24,17.6,17.7,17.58,17.6,782656
2020-11-25,17.66,17.66,17.5,17.58,806319
2020-11-26,17.48,17.5,17.38,17.48,856948
2020-11-29,17.5,17.58,17.5,17.54,629980
2020-11-30,17.5,17.64,17.46,17.64,928989
2020-12-01,17.5,17.58,17.46,17.5,940544
2020-12-02,17.46,17.46,17.12,17.3,1052897
2020-12-03,17.22,17.34,17.2,17.34,629873
2020-12-06,17.34,17.36,17.1,17.12,370838
2020-12-07,17.08,17.1,16.98,17.04,871306
2020-12-08,17.08,17.14,17,17.04,327558
2020-12-09,17.04,17.1,17,17.08,413472
2020-12-10,17.08,17.1,17,17.1,424737
2020-12-13,17,17.06,16.84,16.84,1310928
2020-12-14,16.94,16.94,16.74,16.74,847268
2020-12-15,16.74,16.94,16.74,16.9,559870
2020-12-16,16.96,17.1,16.94,17.08,673164
2020-12-17,17.08,17.36,17.08,17.34,1390593
2020-12-20,17.34,17.38,17.2,17.2,573247
2020-12-21,16.96,17.64,16.8,17.08,2823748
2020-12-22,17.2,17.28,17.08,17.24,644230
2020-12-23,17.22,17.28,17.2,17.24,499341
2020-12-24,17.24,17.24,17.12,17.14,606403
2020-12-27,17.16,17.24,17.14,17.22,364277
2020-12-28,17.14,17.22,17.14,17.2,444093
2020-12-29,17.2,17.24,17.08,17.24,562660
2020-12-30,17.24,17.3,17.24,17.3,543596
2020-12-31,17.3,17.3,17.18,17.18,199058
2021-01-03,17.2,17.2,16.96,17.02,441352
2021-01-04,17.08,17.16,17.04,17.16,255624
2021-01-05,17.1,17.18,17.06,17.16,232129
2021-01-06,17.18,17.2,17.02,17.02,272277
2021-01-07,17.02,17.08,16.98,17.06,357458
2021-01-10,17.1,17.24,17.1,17.24,290258
2021-01-11,17.24,17.36,17.18,17.28,357292
2021-01-12,17.3,17.3,17.2,17.26,224079
2021-01-13,17.28,17.28,17.2,17.22,123393
2021-01-14,17.24,17.3,17.16,17.3,560778
2021-01-17,17.22,17.38,17.22,17.28,314522
2021-01-18,17.32,17.86,17.28,17.64,1972918
2021-01-19,17.64,17.68,17.56,17.58,441886
2021-01-20,17.6,17.68,17.52,17.64,362792
2021-01-21,17.68,17.88,17.6,17.82,1127772
2021-01-24,17.8,17.8,17.6,17.6,392512
2021-01-25,17.5,18.26,17.5,18.2,2134947
2021-01-26,18.1,18.12,17.92,17.96,445813
2021-01-27,18,18.18,17.9,18.16,409090
2021-01-28,18.1,18.18,18.04,18.14,400373
2021-01-31,18.2,18.38,17.9,18.02,1016018
2021-02-01,18.02,18.02,17.48,17.5,1142558
2021-02-02,17.52,17.62,17.34,17.46,440985
2021-02-03,17.42,17.48,17.26,17.32,366219
2021-02-04,17.2,17.5,17.02,17.46,801488
2021-02-07,17.38,17.7,17.36,17.64,460767
2021-02-08,17.52,17.74,17.52,17.7,382566
2021-02-09,17.68,17.74,17.64,17.66,337533
2021-02-10,17.68,17.9,17.52,17.88,740067
2021-02-11,17.88,17.96,17.8,17.9,386641
2021-02-14,17.9,17.9,17.8,17.86,370493
2021-02-15,17.86,18.2,17.84,18.2,1489710
2021-02-16,18.2,18.74,18.1,18.54,2375657
2021-02-17,18.58,18.8,18.44,18.5,1181325
2021-02-18,18.5,18.52,18.42,18.42,436354
2021-02-21,18.4,18.98,18.38,18.96,1226392
2021-02-22,19,19.34,18.8,18.9,1485421
2021-02-23,18.98,19.04,18.8,18.8,475848
2021-02-24,18.8,18.8,18.1,18.1,1080626
2021-02-25,18.12,18.54,18,18.14,1299080
2021-02-28,18,18.1,17.86,18,476685
2021-03-01,18,18.9,18,18.64,1921497
2021-03-02,18.72,19.24,18.7,18.86,2268288
2021-03-03,18.88,19.48,18.86,19.04,3041196
2021-03-04,18.88,19.4,18.86,19.12,2866690
2021-03-07,19.36,19.78,19.28,19.52,4073266
2021-03-08,19.52,19.62,19.18,19.18,1533133
2021-03-09,19.2,19.2,18.84,19.02,1313395
2021-03-10,19.02,19.2,18.82,18.94,1061616
2021-03-11,20,20.64,19.9,20.08,8193108
2021-03-14,20.12,20.12,19.86,19.88,2105025
2021-03-15,19.88,19.9,19.78,19.78,1454801
2021-03-16,19.78,20.18,19.72,19.9,2820777
2021-03-17,19.96,20,19.68,19.68,1270738
2021-03-18,19.68,19.72,19,19,2156105
2021-03-21,19.82,20.1,19.56,19.9,4604543
2021-03-22,19.94,19.98,19.82,19.94,1388128
2021-03-23,19.98,20.2,19.9,20.1,2297937
2021-03-24,20.1,20.18,19.92,20.14,911489
2021-03-25,20.14,20.24,20.04,20.2,1487978
2021-03-28,20.24,20.6,20.22,20.42,1448877
2021-03-29,20.46,20.56,20.42,20.44,771739
2021-03-30,20.48,21,20.44,21,1900352
2021-03-31,21.06,22.1,20.94,21.82,4154773
2021-04-01,21.82,22.44,21.78,22.02,2565697
2021-04-04,22.1,22.1,22,22.02,818171
2021-04-05,22.02,22.04,21.78,21.86,1144496
2021-04-06,21.84,22.02,21.82,21.88,903856
2021-04-07,21.9,22.02,21.84,21.9,852911
2021-04-08,21.98,21.98,21.84,21.94,411764
2021-04-11,21.98,22.34,21.96,22.34,1473547
2021-04-12,22.3,23,22.3,22.8,2778682
2021-04-13,22.96,23.48,22.9,23.48,2408505
2021-04-14,23.54,23.6,23.04,23.28,1309516
2021-04-15,23.3,23.3,22.9,22.94,1897975
2021-04-18,22.98,23.24,22.92,23.12,2079224
2021-04-19,22.5,22.62,22.46,22.54,1053275
2021-04-20,22.54,22.54,22.22,22.36,748755
2021-04-21,22.4,22.46,22.24,22.4,472344
2021-04-22,22.46,22.9,22.44,22.86,1529617
2021-04-25,22.86,23.04,22.66,22.74,718465
2021-04-26,22.62,22.84,22.62,22.8,627546
2021-04-27,22.82,22.84,22.72,22.8,624803
2021-04-28,22.92,22.92,22.56,22.68,966492
2021-04-29,22.6,22.74,22.54,22.58,663512
2021-05-02,22.68,22.82,22.6,22.82,689620
2021-05-03,22.82,23.22,22.68,23.18,1660777
2021-05-04,23.18,23.2,22.94,23,724882
2021-05-05,23.2,24.3,23.2,23.48,5484760
2021-05-06,23.24,23.44,23.14,23.24,1470362
2021-05-09,23.24,23.3,23.06,23.18,950548
2021-05-10,23.18,23.24,23.1,23.24,715520
2021-05-17,23.28,23.28,23.14,23.26,750620
2021-05-18,23.3,23.3,23.18,23.24,894716
2021-05-19,23.24,23.24,23.16,23.24,485911
2021-05-20,23.32,23.34,23.12,23.18,589125
2021-05-23,23.2,23.24,23,23.24,739309
2021-05-24,23.24,24,23.2,23.84,2304312
2021-05-25,23.94,24,23.62,23.62,1359426
2021-05-26,23.64,23.7,23.4,23.5,1267075
2021-05-27,23.52,23.8,23.5,23.8,629247
2021-05-30,23.7,23.84,23.66,23.8,760677
2021-05-31,23.8,23.82,23.7,23.76,508643
2021-06-01,23.78,24.18,23.72,23.84,3388855
2021-06-02,23.86,24.02,23.84,24.02,604664
2021-06-03,24.04,24.1,23.9,23.96,713333
2021-06-06,23.94,24.1,23.76,23.96,1472990
2021-06-07,23.98,23.98,23.88,23.96,466074
2021-06-08,23.96,23.96,23.66,23.86,1034263
2021-06-09,23.88,23.98,23.88,23.96,868092
2021-06-10,23.96,23.96,23.88,23.92,391014
2021-06-13,23.9,23.98,23.88,23.94,526460
2021-06-14,23.96,24,23.82,23.96,743130
2021-06-15,23.88,24.1,23.86,23.98,848176
2021-06-16,23.98,24,23.9,23.92,226367
2021-06-17,23.94,24.5,23.88,24.22,3020025
2021-06-20,24.22,24.66,24,24.34,1641081
2021-06-21,24.22,24.68,24.14,24.62,1256659
2021-06-22,24.66,25,24.5,25,2856176
2021-06-23,25,25.3,24.72,24.74,1957878
2021-06-24,24.78,24.78,24.4,24.42,1142079
2021-06-27,24.42,24.5,24.26,24.26,1652178
2021-06-28,24.4,24.5,24.24,24.34,732248
2021-06-29,24.3,24.66,24.28,24.62,2266062
2021-06-30,24.6,24.6,24.36,24.48,895463
2021-07-01,24.4,24.48,24.34,24.38,433125
2021-07-04,24.42,24.48,24.36,24.38,600359
2021-07-05,24.38,24.6,24.38,24.48,774398
2021-07-06,24.48,24.54,24.36,24.36,712338
2021-07-07,24.36,24.46,24.36,24.4,741870
2021-07-08,24.4,24.4,24.2,24.34,881202
2021-07-11,24.32,24.36,24.04,24.1,710717
2021-07-12,24.1,24.48,24.1,24.48,1035268
2021-07-13,24.48,25.1,24.34,24.84,2594563
2021-07-14,25.95,27.3,25.8,27.3,16979440
2021-07-15,28.1,29.6,27.7,28.8,12933721
2021-07-25,29.5,29.5,28.5,28.6,3190478
2021-07-26,28.6,28.6,27.8,28.05,2218438
2021-07-27,28.1,29.15,28,28.85,4552884
2021-07-28,28.9,28.9,28.5,28.65,968946
2021-07-29,28.7,28.8,28.55,28.65,740540
2021-08-01,28.9,29.4,28.6,29.15,2574593
2021-08-02,29.15,29.3,29,29.2,1264646
2021-08-03,29.1,29.3,28.9,29,1112728
2021-08-04,28.85,29.7,28.85,29,3677563
2021-08-05,29,29.3,28.75,29.2,1338601
2021-08-08,29.3,29.6,29,29.55,1799430
2021-08-09,29.55,30.5,29.35,29.85,4693888
2021-08-10,29.8,30.65,29.8,30.5,2210221
2021-08-11,30.5,30.8,30.15,30.55,1889148
2021-08-12,30.5,31.6,30.4,31.15,3971322
2021-08-15,31.15,31.8,30.85,31.7,2449128
2021-08-16,31.75,31.85,31.1,31.15,1346357
2021-08-17,31.15,31.3,30.85,31,1167448
2021-08-18,30.95,31.15,30.9,31.05,814037
2021-08-19,31.05,31.05,30.2,30.45,1259934
2021-08-22,30.25,30.4,29.6,29.7,1301076
2021-08-23,29.7,30.7,29.7,30.1,1641225
2021-08-24,30.15,31,30.15,30.9,1244290
2021-08-25,31.25,31.4,30.95,31.25,1389817
2021-08-26,31.25,31.3,30.85,31,725558
2021-08-29,31.1,31.3,30.95,31.2,931086
2021-08-30,31.2,31.55,31.1,31.45,990401
2021-08-31,31.45,31.6,31.1,31.2,1396306
2021-09-01,31.2,31.25,31.05,31.1,977507
2021-09-02,31.1,31.1,30.95,31,937421
2021-09-05,31,31.3,30.95,31.3,1078971
2021-09-06,31.3,31.5,31.3,31.4,885731
2021-09-07,31.4,31.45,31.3,31.35,703230
2021-09-08,31.35,31.45,31.15,31.2,988121
2021-09-09,31.25,31.45,31.15,31.35,2113254
2021-09-12,30.15,30.3,29.9,30,1383932
2021-09-13,29.95,30,29.8,30,511601
2021-09-14,30,30,29.8,29.85,377027
2021-09-15,29.85,30.05,29.4,29.65,1042980
2021-09-16,29.35,29.55,28.6,29,2144265
2021-09-19,29,29,28.3,28.5,1123799
2021-09-20,28.55,28.95,28.4,28.55,717031
2021-09-21,28.5,28.55,28.2,28.5,513654
2021-09-22,28.45,28.55,28.3,28.45,526318
2021-09-26,28.55,28.8,28.1,28.4,555654
2021-09-27,28.4,28.4,27.6,27.6,1294249
2021-09-28,27.65,28.1,27.35,27.5,1213385
2021-09-29,27.5,27.6,27.2,27.4,789270
2021-09-30,27.5,27.55,27.35,27.5,857721
2021-10-03,27.5,27.7,27.4,27.65,424090
2021-10-04,27.65,27.95,27.5,27.55,764042
2021-10-05,27.5,27.75,27.3,27.7,645752
2021-10-06,27.8,27.8,27.4,27.55,511511
2021-10-07,27.5,27.5,27.3,27.3,411247
2021-10-10,27.4,27.45,26.95,26.95,719170
2021-10-11,26.95,27.1,25.75,26.3,789100
2021-10-12,26.4,26.65,26.1,26.45,445775
2021-10-13,26.4,26.8,26.3,26.8,347622
2021-10-14,26.8,26.9,26.5,26.6,621668
2021-10-17,26.7,27.15,26.7,27.1,618252
2021-10-18,27.1,27.7,26.9,27.6,699823
2021-10-19,27.65,27.95,27.6,27.75,568185
2021-10-20,27.65,27.9,27.45,27.6,252842
2021-10-21,27.5,27.8,27.25,27.4,898720
2021-10-24,27.4,27.4,27.1,27.15,396782
2021-10-25,27.2,27.35,27.05,27.15,272609
2021-10-26,27.1,27.2,26.8,26.8,806066
2021-10-27,26.8,26.95,26.25,26.25,477811
2021-10-28,26.25,26.7,26.1,26.6,253394
2021-10-31,26.6,26.75,26.5,26.55,306311
2021-11-01,26.5,26.6,26.45,26.55,156855
2021-11-02,26.5,26.55,25.8,25.8,657781
2021-11-03,25.75,26,25.3,26,585742
2021-11-04,26,26.2,25.75,26.2,319731
2021-11-07,26.3,27.3,26.3,27.3,922737
2021-11-08,27.4,27.4,26.8,27.2,1221538
2021-11-09,27,27.4,26.6,26.9,863295
2021-11-10,26.75,27.2,26.75,27.15,275091
2021-11-11,26.9,27.25,26.9,27.2,439723
2021-11-14,27.25,27.8,27.2,27.8,982389
2021-11-15,27.85,28.75,27.7,28.2,1963998
2021-11-16,28.4,28.4,27.8,27.8,993138
2021-11-17,28.05,28.25,27.8,28.1,608009
2021-11-18,28.1,28.4,27.8,27.8,799973
2021-11-21,27.75,27.85,26.3,27,1476355
2021-11-22,27,27,25.8,25.9,1251722
2021-11-23,25.8,26.55,25.7,26.55,1171853
2021-11-24,26.6,26.75,26.35,26.65,723316
2021-11-25,26.55,27.15,26.5,27,314683
2021-11-28,25,26.15,25,25.5,828786
2021-11-29,25.5,26,25.3,25.6,1042731
2021-11-30,25.55,26.1,24.98,26.1,1285079
2021-12-01,26.1,26.1,25.35,26,1059577
2021-12-02,25.6,26,25.6,25.8,352329
2021-12-05,25.9,26.4,25.9,26.35,336519
2021-12-06,26.5,26.5,25.95,26.25,626574
2021-12-07,26.45,26.65,26.2,26.55,572651
2021-12-08,26.7,27.05,26.55,26.55,494706
2021-12-09,26.55,26.8,26.35,26.35,259195
2021-12-12,26.4,26.65,26.25,26.5,221748
2021-12-13,26.65,27.1,26.5,26.65,570907
2021-12-14,26.65,26.85,26.35,26.7,341029
2021-12-15,26.5,26.7,26.5,26.6,348414
2021-12-16,26.5,26.85,26.15,26.15,661759
2021-12-19,25.95,26.2,25.85,26,429346
2021-12-20,25.8,26.2,25.75,25.85,359476
2021-12-21,26,26.05,25.9,26,167850
2021-12-22,26.1,26.25,25.9,25.95,257930
2021-12-23,25.95,26.1,25.85,26.05,235434
2021-12-26,25.85,26.05,25.75,25.75,265668
2021-12-27,25.75,25.8,25.55,25.75,164093
2021-12-28,25.8,26.15,25.8,26.05,499628
2021-12-29,26.2,26.55,25.6,25.75,1385383
2021-12-30,25.65,25.95,25.25,25.4,1335609
2022-01-02,25.25,25.7,25.15,25.3,502262
2022-01-03,25.5,25.5,24.8,24.8,892108
2022-01-04,24.86,25,24.74,24.82,514736
2022-01-05,24.82,24.88,24.68,24.7,646440
2022-01-06,24.68,24.88,24.56,24.84,565509
2022-01-09,24.82,25.5,24.82,25.5,1088827
2022-01-10,25.4,25.55,25.25,25.55,868380
2022-01-11,25.55,25.75,25.35,25.45,723697
2022-01-12,25.6,25.95,25.4,25.8,1659823
2022-01-13,25.8,26.05,25.65,26.05,870310
2022-01-16,26.2,26.4,25.95,26.2,848288
2022-01-17,26.2,26.35,26.05,26.35,389984
2022-01-18,26.35,26.4,26.1,26.15,577110
2022-01-19,26.2,26.85,26.15,26.85,1137439
2022-01-20,26.95,27.9,26.8,27.6,2536800
2022-01-23,27.55,27.55,26.7,26.85,933909
2022-01-24,26.85,27.4,26.75,27.4,666384
2022-01-25,27.25,27.4,27,27.05,590690
2022-01-26,27.1,27.6,27,27.35,639791
2022-01-27,27.3,27.45,26.95,27,594230
2022-01-30,27.2,27.25,26.95,27.15,735379
2022-01-31,27.05,27.2,26.95,27,834275
2022-02-01,27,27.05,26.8,26.8,852755
2022-02-02,26.8,26.8,26.35,26.4,722377
2022-02-03,26.35,26.45,26.1,26.15,590527
2022-02-06,26.3,26.35,26.05,26.15,588625
2022-02-07,26.35,26.4,26.15,26.3,342310
2022-02-08,26.35,26.7,26.3,26.4,499057
2022-02-09,26.45,26.55,26.3,26.4,303711
2022-02-10,26.3,26.6,26.25,26.6,278469
2022-02-13,26.4,26.4,25.55,25.9,821865
2022-02-14,25.85,26.05,25.7,26.05,633566
2022-02-15,26.05,26.4,25.9,26.35,443313
2022-02-16,26.35,26.5,26.3,26.35,341789
2022-02-17,26.4,26.6,26.15,26.4,623399
2022-02-20,26,26.35,25.65,25.7,2390777
2022-02-21,25.85,25.9,24.84,25.4,2501268
2022-02-23,25.4,26.15,25.15,26.05,692012
2022-02-24,25.45,26.3,25.3,26.05,2319661
2022-02-27,26.05,26.2,25.9,26,931810
2022-02-28,26.05,26.25,25.9,26,714147
2022-03-01,26.1,26.1,25.8,25.95,642145
2022-03-02,25.95,26,25.7,25.75,457753
2022-03-03,25.85,25.85,25.55,25.65,432515
2022-03-06,25.85,26,25.85,25.95,304801
2022-03-07,25.95,25.95,25.75,25.75,272142
2022-03-08,25.7,25.95,25.55,25.8,350638
2022-03-09,25.8,26.15,25.75,25.95,775107
2022-03-10,25.95,26.5,25.8,26.45,667021
2022-03-13,26.55,27.25,26.2,27,1857181
2022-03-14,27.15,27.35,26.4,27.05,1392465
2022-03-15,26.8,27.15,26.65,27.05,573053
2022-03-16,27.05,27.2,26.8,26.9,720860
2022-03-17,26.8,27,26.75,27,726986
2022-03-20,26.8,27,26.7,26.9,209278
2022-03-21,26.9,26.9,26.6,26.7,335965
2022-03-22,26.7,26.7,26.45,26.45,235129
2022-03-23,26.45,26.65,26.4,26.6,124711
2022-03-24,26.7,26.85,26.5,26.85,323534
2022-03-27,26.85,26.95,26.75,26.8,319086
2022-03-28,26.7,26.9,26.7,26.9,226653
2022-03-29,27,27,26.8,26.85,348982
2022-03-30,26.9,28.2,26.9,28.15,2831051
2022-03-31,28.2,28.55,27.6,27.65,1704547
2022-04-03,27.55,28.3,27.55,28.15,503361
2022-04-04,28.2,28.2,27.65,27.95,443950
2022-04-05,28.05,28.15,27.7,27.85,848630
2022-04-06,27.95,28,27.5,27.7,346018
2022-04-07,27.5,27.95,27.35,27.8,470771
2022-04-10,27.8,28.1,27.8,28.1,575450
2022-04-11,28.1,28.4,27.8,27.85,613320
2022-04-12,27.9,28,27.7,27.95,290075
2022-04-13,27.95,28.25,27.8,28.1,529950
2022-04-14,28,28.9,27.8,28.75,1240851
2022-04-17,29.05,29.35,28.6,28.75,1557667
2022-04-18,28.9,29,28.7,28.8,344668
2022-04-19,29,29.4,28.8,29,942393
2022-04-20,29.2,29.4,28.8,28.8,750553
2022-04-21,28.8,28.8,28.1,28.1,497082
2022-04-24,28.15,28.15,27.75,28.05,416260
2022-04-25,28,28.15,27.7,27.95,248937
2022-04-26,28.05,29.35,27.9,29.25,1144647
2022-04-27,29.25,30.05,29.25,29.9,2233408
2022-04-28,29.9,30.75,29.6,30.6,1463828
2022-05-08,30.2,30.7,29.6,30,881113
2022-05-09,30,30.15,29.75,29.75,1637631
2022-05-10,29.7,29.9,29.3,29.55,853316
2022-05-11,29.35,29.55,28.85,28.95,689190
2022-05-12,28.65,28.85,27.5,27.5,531070
2022-05-15,27.3,27.6,27.05,27.5,794742
2022-05-16,27.5,27.55,26.7,26.95,544387
2022-05-17,26.95,26.95,26.35,26.5,388152
2022-05-18,26.6,26.75,25.6,25.65,480293
2022-05-19,25.55,25.6,24.94,25.55,864506
2022-05-22,25.65,25.8,25,25.2,389114
2022-05-23,25.3,25.3,24.94,25.05,472428
2022-05-24,25.35,25.35,24.98,25.05,337689
2022-05-25,25.1,25.1,24.92,25,636040
2022-05-26,25.1,25.1,24.88,24.96,374041
2022-05-29,25.1,25.6,24.98,25.6,1282516
2022-05-30,25.6,25.65,25.05,25.15,1179417
2022-05-31,25.2,25.2,24.44,24.44,1731527
2022-06-01,24.6,24.96,24.52,24.92,746638
2022-06-02,24.94,24.94,24.52,24.7,1442817
2022-06-05,24.74,24.84,24.62,24.82,489193
2022-06-06,24.86,24.98,24.66,24.7,514804
2022-06-07,24.78,24.78,24.4,24.46,660685
2022-06-08,24.48,24.64,24.4,24.5,386298
2022-06-09,24.5,24.68,24.3,24.64,437287
2022-06-12,24.52,24.52,23.9,24,533109
2022-06-13,24.1,24.1,23.26,23.52,592333
2022-06-14,23.04,23.42,22.62,23.22,682026
2022-06-15,23.4,23.4,22.98,23.06,405229
2022-06-16,23.1,23.16,22.78,23,535173
2022-06-19,22.9,22.9,21.9,21.9,1309857
2022-06-20,21.96,23,21.96,23,763885
2022-06-21,23,23.18,22.6,23.14,779968
2022-06-22,23,23,22.18,22.28,492729
2022-06-23,22.36,22.6,22.06,22.54,421821
2022-06-26,22.88,22.98,22.6,22.64,344196
2022-06-27,22.64,23,22.1,22.1,513712
2022-06-28,22.2,22.6,22.1,22.6,199550
2022-06-29,22.6,22.72,22.52,22.64,227809
2022-06-30,22.4,22.54,22.2,22.52,213473
2022-07-03,22.5,22.6,22.26,22.3,100025
2022-07-04,22.2,22.48,22.14,22.34,179860
2022-07-05,22.34,22.46,22.18,22.22,93245
2022-07-06,22.1,22.3,21.98,22.3,489469
2022-07-13,22.3,22.3,21.94,21.96,213065
2022-07-14,21.96,21.96,21.32,21.32,275581
2022-07-17,21.98,22,21.28,21.3,284589
2022-07-18,21.28,21.4,21.26,21.26,493135
2022-07-19,21.24,21.66,21,21.48,662538
2022-07-20,21.64,22.46,21.58,22.4,840851
2022-07-21,22.36,22.4,22.1,22.4,295851
2022-07-24,22.5,22.6,22.28,22.44,298740
2022-07-25,22.4,22.4,21.94,22.3,423220
2022-07-26,22.42,22.76,22.42,22.42,313344
2022-07-27,22.58,22.72,22.42,22.5,316593
2022-07-28,22.78,22.9,22.68,22.88,401089
2022-07-31,23.1,23.66,23,23.58,679696
2022-08-01,23.58,23.58,23.3,23.5,488670
2022-08-02,23,23.16,22.74,22.74,1019958
2022-08-03,22.58,22.66,22.4,22.44,373773
2022-08-04,22.48,22.6,22.46,22.5,797413
2022-08-07,22.54,22.58,22.34,22.34,310882
2022-08-08,22.36,22.56,22.22,22.56,344748
2022-08-09,22.58,22.8,22.5,22.78,437034
2022-08-10,22.8,23.18,22.6,22.9,768274
2022-08-11,23.08,23.18,23,23,497897
2022-08-14,23.12,23.4,23.12,23.32,418252
2022-08-15,23.4,24.18,23.4,24.02,1400747
2022-08-16,24.02,24.26,23.88,24.08,724348
2022-08-17,24.1,24.1,23.78,24.04,486941
2022-08-18,24.06,24.16,23.88,24,313451
2022-08-21,23.9,23.98,23.7,23.74,272854
2022-08-22,23.66,23.78,23.4,23.4,344424
2022-08-23,23.4,23.4,22.8,22.8,601881
2022-08-24,22.68,22.68,22.26,22.68,479947
2022-08-25,22.68,23.56,22.68,23.5,631505
2022-08-28,23.2,23.46,23.1,23.24,278084
2022-08-29,23.38,23.44,23.16,23.2,265620
2022-08-30,23.12,23.2,22.8,22.8,316736
2022-08-31,22.7,23,22.64,22.82,252447
2022-09-01,22.8,22.9,22.64,22.9,162568
2022-09-04,22.7,23.2,22.64,23.1,263100
2022-09-05,23.1,23.14,22.96,23.06,182276
2022-09-06,23.12,23.12,22.7,23.1,207555
2022-09-07,23.1,23.1,22.7,23.02,366776
2022-09-08,22.9,23.02,22.8,22.98,444728
2022-09-11,22.92,23.38,22.92,23.08,418450
2022-09-12,23.1,23.78,23,23.74,748821
2022-09-13,23.78,23.88,23.32,23.86,608653
2022-09-14,23.26,23.58,23.26,23.56,363874
2022-09-15,23.52,23.54,22.9,22.9,231080
2022-09-18,22.92,22.96,22.3,22.3,341087
2022-09-19,22.3,22.34,22,22.02,241464
2022-09-20,22.04,22.34,21.98,22,272624
2022-09-21,21.98,21.98,21.68,21.72,236414
2022-09-25,21.5,21.5,20.7,20.8,270397
2022-09-26,20.8,21.04,20.5,20.5,179920
2022-09-27,20.9,21.08,20.6,20.6,448183
2022-09-28,20.98,20.98,20.48,20.9,362640
2022-09-29,20.96,20.96,20.46,20.5,1284970
2022-10-02,20.34,20.74,19.96,20.68,640046
2022-10-03,20.74,20.9,20.7,20.7,495151
2022-10-04,20.82,21.22,20.76,21,1151357
2022-10-05,21.1,21.2,20.84,20.96,1170201
2022-10-06,20.92,21.02,20.72,20.72,609421
2022-10-09,20.7,20.7,20.46,20.5,315849
2022-10-10,20.48,20.58,20.26,20.46,351157
2022-10-11,20.22,20.28,20.14,20.24,214028
2022-10-12,20.28,20.48,20.2,20.24,363763
2022-10-13,20.24,20.24,20,20,324924
2022-10-16,20.1,20.16,19.66,19.66,529505
2022-10-17,19.92,20,19.64,19.78,503483
2022-10-18,19.9,20.02,19.7,20,538217
2022-10-19,20.14,20.36,20.08,20.08,467032
2022-10-20,20.1,20.7,20.1,20.7,678446
2022-10-23,20.74,20.8,20.46,20.46,352008
2022-10-24,20.38,20.42,20.24,20.3,405455
2022-10-25,20.3,20.36,20.2,20.2,455786
2022-10-26,20.2,20.36,20.16,20.3,229600
2022-10-27,20.3,20.34,20.18,20.22,272691
2022-10-30,20.24,20.32,20.14,20.32,303047
2022-10-31,20.34,20.38,20.12,20.3,378654
2022-11-01,20.38,20.38,19.96,19.96,362077
2022-11-02,19.86,20,19.6,19.9,361572
2022-11-03,19.88,19.98,19.82,19.84,282962
2022-11-06,20,20.02,19.9,19.9,117143
2022-11-07,19.92,19.92,19.72,19.72,194831
2022-11-08,19.7,19.74,19.48,19.64,223979
2022-11-09,19.72,19.72,19.44,19.68,107611
2022-11-10,19.6,19.6,19.38,19.46,196773
2022-11-13,19.5,19.5,19.18,19.42,195790
2022-11-14,19.2,19.22,19.04,19.08,209678
2022-11-15,19.2,19.24,19.08,19.12,132753
2022-11-16,19.08,19.26,19.08,19.18,194312
2022-11-17,19.22,19.3,19.2,19.26,144801
2022-11-20,19.26,19.32,19.14,19.18,132384
2022-11-21,19.14,19.14,18.92,19.04,225714
2022-11-22,19.08,19.24,19,19.1,132249
2022-11-24,19.08,19.08,18.98,19,105844
2022-11-27,18.86,18.86,18.52,18.7,115461
2022-11-28,18.5,18.72,18.46,18.72,159275
2022-11-29,18.78,18.78,18.5,18.58,121596
2022-11-30,18.6,18.6,18.42,18.42,338022
2022-12-01,18.52,18.92,18.5,18.68,267683
2022-12-04,18.68,18.68,18.4,18.48,260563
2022-12-05,18.38,18.38,18.18,18.18,258405
2022-12-06,18.02,18.2,18,18.06,334902
2022-12-07,18.1,18.1,17.9,17.94,222810
2022-12-08,18.04,18.04,17.82,18,293433
2022-12-11,17.98,18,17.4,17.4,428629
2022-12-12,17.38,17.38,16.9,16.94,685207
2022-12-13,17.18,17.34,17,17.3,341978
2022-12-14,17.28,17.34,16.96,17,593725
2022-12-15,17,17.06,16.92,16.96,342790
2022-12-18,17,17.14,16.96,17,547696
2022-12-19,17.1,17.3,16.9,16.9,675100
2022-12-20,16.9,17.12,16.54,17.02,405291
2022-12-21,17.1,17.3,16.98,17.2,448712
2022-12-22,17.24,18,17.22,17.92,3610170
2022-12-25,18,18,17.6,17.92,264012
2022-12-26,17.92,17.92,17.66,17.7,202654
2022-12-27,17.62,17.94,17.62,17.84,125969
2022-12-28,17.8,17.94,17.8,17.94,72226
2022-12-29,17.98,18.2,17.9,18.08,391200
2023-01-01,18.1,18.18,17.88,18.16,199880
2023-01-02,18.1,18.5,18.06,18.46,366044
2023-01-03,18.5,18.56,18.38,18.42,247755
2023-01-04,18.42,18.48,18,18.3,334782
2023-01-05,18.3,18.36,18.22,18.3,107918
2023-01-08,18.36,18.46,18.3,18.46,145227
2023-01-09,18.5,18.9,18.48,18.9,337148
2023-01-10,18.9,19.2,18.78,19.16,234038
2023-01-11,19,19.2,18.98,19.08,383815
2023-01-12,19.2,19.24,19.06,19.1,175408
2023-01-15,19.16,19.16,18.9,19.08,130761
2023-01-16,19,19.7,18.94,19,677506
2023-01-17,19.02,19.02,18.74,19,248826
2023-01-18,18.94,19,18.82,18.82,69961
2023-01-19,18.82,18.82,18.6,18.76,148843
2023-01-22,18.62,18.9,18.62,18.9,110539
2023-01-23,18.9,18.9,18.82,18.9,69250
2023-01-24,18.9,18.9,18.82,18.86,86341
2023-01-25,18.86,18.88,18.72,18.88,69760
2023-01-26,18.84,18.9,18.84,18.9,73094
2023-01-29,18.9,18.96,18.86,18.9,168501
2023-01-30,18.9,18.94,18.72,18.78,115166
2023-01-31,18.72,18.98,18.68,18.98,131376
2023-02-01,19,19,18.68,18.68,221827
2023-02-02,18.78,18.82,18.7,18.76,128041
2023-02-05,18.76,19,18.76,18.86,492285
2023-02-06,18.86,18.92,18.68,18.8,165200
2023-02-07,18.72,18.74,18.66,18.7,150291
2023-02-08,18.54,18.9,18.54,18.9,119403
2023-02-09,18.9,18.92,18.76,18.9,210212
2023-02-12,18.9,19.16,18.88,19.1,392531
2023-02-13,19.16,19.28,19.08,19.2,281155
2023-02-14,19.2,19.2,19,19.1,136358
2023-02-15,19.12,19.24,19.12,19.14,113709
2023-02-16,19.2,19.6,19.18,19.44,379772
2023-02-19,19.42,19.42,19.22,19.22,119517
2023-02-20,19.14,19.2,19,19,109829
2023-02-21,18.94,18.94,18.8,18.9,133057
2023-02-23,18.8,18.8,18.6,18.6,100630
2023-02-26,18.58,18.8,18.36,18.62,156772
2023-02-27,18.4,18.54,18.32,18.5,118748
2023-02-28,18.52,18.9,18.46,18.46,176803
2023-03-01,18.5,18.7,18.5,18.6,101124
2023-03-02,18.62,18.78,18.62,18.72,82097
2023-03-05,18.74,18.88,18.7,18.82,52543
2023-03-06,18.78,18.78,18.64,18.68,153812
2023-03-07,18.8,18.82,18.68,18.68,80837
2023-03-08,18.66,18.66,18.38,18.64,235234
2023-03-09,18.54,18.64,18.5,18.6,122392
2023-03-12,18.6,18.74,18.54,18.54,80171
2023-03-13,18.6,19.08,18.6,18.78,200598
2023-03-14,18.86,19.48,18.8,19.1,575486
2023-03-15,19.2,19.2,18.8,18.8,252132
2023-03-16,18.78,19.12,18.6,18.8,225309
2023-03-19,18.8,19.04,18.5,19.04,87335
2023-03-20,19.04,19.04,18.72,18.72,120916
2023-03-21,18.84,19.04,18.8,19,123136
2023-03-22,18.7,18.84,18,18.04,953832
2023-03-23,17.92,18.1,17.92,18.04,193932
2023-03-26,18.02,18.08,17.72,17.92,668964
2023-03-27,17.92,18,17.8,17.88,549488
2023-03-28,17.9,18.06,17.88,17.98,268943
2023-03-29,18,18.3,18,18.2,348409
2023-03-30,18.22,18.32,18.22,18.28,209972
2023-04-02,18.3,18.46,18.28,18.42,319432
2023-04-03,18.44,18.7,18.4,18.6,352287
2023-04-04,18.7,19.1,18.66,19,470757
2023-04-05,19.02,19.02,18.7,18.72,245906
2023-04-06,18.9,18.92,18.78,18.9,176300
2023-04-09,18.92,19.1,18.92,19.08,213756
2023-04-10,19.08,19.2,18.96,19,270965
2023-04-11,19.02,19.28,18.98,19.2,276607
2023-04-12,19.24,19.34,19.2,19.26,246704
2023-04-13,19.3,19.64,19.3,19.54,291092
2023-04-16,19.54,20.66,19.54,20.58,840050
2023-04-17,20.54,20.54,19.98,20.1,532612
2023-04-25,20.1,20.26,19.98,20.18,301603
2023-04-26,20.18,20.42,20.1,20.22,289880
2023-04-27,20.18,20.26,20.12,20.2,183725
2023-04-30,20.16,20.26,20.02,20.08,293008
2023-05-01,19.94,19.94,19.8,19.86,210561
2023-05-02,19.82,19.86,19.74,19.8,151899
2023-05-03,19.66,19.7,19.5,19.58,162241
2023-05-04,19.56,19.8,19.56,19.8,131613
2023-05-07,20,20,19.86,19.9,222850
2023-05-08,19.94,20.06,19.88,19.98,168340
2023-05-09,19.5,19.6,19.16,19.18,601238
2023-05-10,19.06,19.38,18.86,19.3,436276
2023-05-11,19.34,19.6,19.32,19.42,244269
2023-05-14,19.58,19.6,19.42,19.46,133778
2023-05-15,19.5,19.8,19.5,19.7,350561
2023-05-16,19.6,19.78,19.4,19.5,363448
2023-05-17,19.5,19.82,19.46,19.8,292299
2023-05-18,19.8,20.14,19.78,20.14,383713
2023-05-21,20.14,20.38,20.04,20.14,327342
2023-05-22,20.12,20.24,19.86,20.24,360436
2023-05-23,20.26,20.26,19.9,20,422365
2023-05-24,20,20.14,19.9,20.1,327708
2023-05-25,19.98,20.42,19.98,20.42,474098
2023-05-28,20.42,20.84,20.42,20.84,486743
2023-05-29,20.9,21.1,20.7,20.72,510806
2023-05-30,20.7,20.74,20.54,20.68,222158
2023-05-31,20.52,20.52,20.26,20.26,360968
2023-06-01,20.26,20.32,20.22,20.22,89478
2023-06-04,20.32,20.4,20.12,20.38,108858
2023-06-05,20.5,20.56,20.36,20.36,361335
2023-06-06,20.36,20.44,20.28,20.42,117064
2023-06-07,20.4,20.56,20.4,20.42,112805
2023-06-08,20.56,20.6,20.42,20.6,159394
2023-06-11,20.66,20.68,20.46,20.5,182484
2023-06-12,20.46,20.46,20.38,20.44,177139
2023-06-13,20.42,20.68,20.2,20.48,695524
2023-06-14,20.48,20.64,20.44,20.62,137032
2023-06-15,20.5,20.54,20.32,20.32,255774
2023-06-18,20.32,20.5,20.28,20.4,199665
2023-06-19,20.4,20.4,20.1,20.1,150925
2023-06-20,20.02,20.28,19.94,20.1,212675
2023-06-21,20.12,20.2,20.1,20.2,90955
2023-06-22,20.32,20.32,20.02,20.16,152432
2023-07-02,20.1,20.3,20.1,20.12,104605
2023-07-03,20.2,20.2,20.08,20.08,143292
2023-07-04,20.08,20.16,20.04,20.12,103496
2023-07-05,20.14,20.3,20.14,20.24,152520
2023-07-06,20.26,20.58,20.18,20.56,438777
2023-07-09,20.7,20.76,20.56,20.68,170043
2023-07-10,20.72,21.04,20.66,21,916069
2023-07-11,21.08,21.1,20.8,20.9,391888
2023-07-12,20.84,20.9,20.64,20.72,224720
2023-07-13,20.6,20.62,20.4,20.4,354711
2023-07-16,20.42,20.48,20.34,20.4,90152
2023-07-17,20.4,20.5,19.98,20.1,439575
2023-07-18,20,20.1,19.74,19.86,456653
2023-07-19,19.86,20.06,19.8,20.04,116788
2023-07-20,20,20.04,19.9,19.94,220780
2023-07-23,20.08,20.08,19.86,19.98,105905
2023-07-24,19.98,20,19.88,19.94,192482
2023-07-25,19.94,20,19.86,19.96,111089
2023-07-26,19.96,19.96,19.84,19.92,87409
2023-07-27,19.92,20.14,19.88,20.12,368883
2023-07-30,20.1,20.3,19.92,19.98,304004
2023-07-31,19.9,20.1,19.88,20.04,282318
2023-08-01,19.92,20.08,19.92,19.96,109190
2023-08-02,19.94,20.04,19.9,19.96,154957
2023-08-03,20,20.08,19.9,20.02,207649
2023-08-06,19.92,20,19.86,19.88,137193
2023-08-07,19.88,19.9,19.38,19.4,326755
2023-08-08,19.4,19.58,19.4,19.48,102906
2023-08-09,19.56,19.88,19.46,19.68,167449
2023-08-10,19.68,19.76,19.62,19.7,155201
2023-08-13,19.6,19.64,19.48,19.58,95938
2023-08-14,19.58,19.66,19.5,19.58,99744
2023-08-15,19.58,19.62,19.36,19.4,102132
2023-08-16,19.22,19.36,19.16,19.2,79812
2023-08-17,19.1,19.16,19,19.08,106981
2023-08-20,19.04,19.36,19,19.34,90883
2023-08-21,19.34,19.34,19.16,19.3,126029
2023-08-22,19.16,19.2,18.96,19,145177
2023-08-23,18.98,19.06,18.9,18.98,122983
2023-08-24,18.98,19.06,18.94,18.98,73054
2023-08-27,18.98,19.08,18.94,19.08,78059
2023-08-28,19.1,19.1,19.02,19.06,90345
2023-08-29,19.06,19.1,18.92,18.92,140573
2023-08-30,18.96,20.7,18.96,20.52,1814165
2023-08-31,20.58,21.78,20.02,21.4,2108975
2023-09-03,21.4,21.42,20.76,20.78,239499
2023-09-04,20.8,21.46,20.76,20.8,404676
2023-09-05,21,21.1,20.8,20.9,659479
2023-09-06,20.94,20.94,20.38,20.58,319857
2023-09-07,20.6,20.74,20.1,20.38,168679
2023-09-10,20.04,20.4,20.02,20.32,98884
2023-09-11,20.24,20.8,20.14,20.8,241804
2023-09-12,20.9,20.92,20.64,20.8,296385
2023-09-13,20.8,20.8,20.62,20.68,252507
2023-09-14,20.6,20.64,20.34,20.4,193428
2023-09-17,20.4,20.5,20.34,20.38,68344
2023-09-18,20.4,20.42,20.18,20.26,274726
2023-09-19,20.2,21.28,20.16,21.28,1346387
2023-09-20,21,21.6,21,21.4,829800
2023-09-21,21.36,21.7,21.28,21.56,446311
2023-09-25,21.26,21.56,21.16,21.3,252408
2023-09-26,21.08,21.94,20.9,21.7,962069
2023-09-27,21.84,21.86,21.2,21.62,435861
2023-09-28,21.6,21.6,21.2,21.2,137896
2023-10-01,20.94,21.4,20.94,21.12,132157
2023-10-02,20.98,21.4,20.98,21.18,180752
2023-10-03,21.02,21.18,20.94,21.18,148878
2023-10-04,21.14,21.14,20.78,20.98,242053
2023-10-05,20.66,21.1,20.66,20.9,258296
2023-10-08,20.66,20.84,20.24,20.24,91072
2023-10-09,20.1,20.4,20,20.22,91565
2023-10-10,20.22,20.68,20.18,20.2,178030
2023-10-11,20.2,20.6,20.1,20.1,276040
2023-10-12,20.1,20.7,19.96,20.7,180593
2023-10-15,20.52,20.78,20.5,20.7,81751
2023-10-16,20.8,20.8,20.44,20.6,59936
2023-10-17,20.5,20.7,20.5,20.54,39874
2023-10-18,20.58,20.6,20.02,20.02,82641
2023-10-19,20.1,20.42,20.06,20.42,49553
2023-10-22,20.4,20.4,19.88,19.98,99298
2023-10-23,20,20,19.06,19.06,167908
2023-10-24,19.06,19.22,18.58,18.6,158781
2023-10-25,18.8,19.52,18.64,19.52,210723
2023-10-26,19.3,19.62,19.16,19.5,91750
2023-10-29,19.6,19.6,19.02,19.1,197693
2023-10-30,19.18,19.52,19.18,19.44,57551
2023-10-31,19.34,20,19.34,20,206231
2023-11-01,20,20.1,19.7,19.94,93588
2023-11-02,20,20.6,19.86,20.52,322237
2023-11-05,20.52,20.52,20.1,20.2,99304
2023-11-06,20.1,20.3,19.84,19.96,134205
2023-11-07,20,20.1,19.92,19.96,48880
2023-11-08,19.9,20.06,19.7,19.78,121369
2023-11-09,19.72,19.88,19.42,19.88,66218
2023-11-12,19.9,20,19.64,19.68,71566
2023-11-13,19.58,19.94,19.52,19.64,92477
2023-11-14,19.66,19.98,19.66,19.96,41115
2023-11-15,20,20.06,19.88,19.92,72597
2023-11-16,19.7,20.16,19.7,20.1,224286
2023-11-19,20.2,20.28,20.1,20.2,74971
2023-11-20,20.2,20.5,20.1,20.5,309628
2023-11-21,20.64,21,20.5,20.74,274510
2023-11-22,20.6,20.8,20.6,20.78,93061
2023-11-23,20.78,20.96,20.58,20.7,292669
2023-11-26,20.8,20.98,20.52,20.62,60694
2023-11-27,20.6,20.96,20.54,20.84,157712
2023-11-28,20.8,20.98,20.7,20.94,106781
2023-11-29,20.96,21,20.7,21,374672
2023-11-30,21,21.2,20.76,21.16,228252
2023-12-03,21.18,21.4,21.18,21.22,96810
2023-12-04,21.2,21.22,20.94,20.96,88064
2023-12-05,20.84,20.9,20.7,20.7,132882
2023-12-06,20.6,20.82,20.6,20.74,83247
2023-12-07,20.64,20.72,20.46,20.48,110008
2023-12-10,20.56,20.66,20.46,20.64,63462
2023-12-11,20.66,21.6,20.58,21.46,526890
2023-12-12,21.6,21.6,20.98,21.1,193499
2023-12-13,21.12,21.12,20.98,21,115574
2023-12-14,21,21.3,20.88,20.9,149022
2023-12-17,20.9,21.34,20.9,21.26,145266
2023-12-18,21.34,21.34,21.06,21.1,105168
2023-12-19,21.08,21.16,20.8,21.14,224685
2023-12-20,21.02,21.14,20.86,20.94,112197
2023-12-21,20.94,21.08,20.46,20.52,485872
2023-12-24,20.5,20.82,20.4,20.78,149433
2023-12-25,20.9,21,20.72,20.9,127531
2023-12-26,20.86,21,20.8,20.98,151493
2023-12-27,20.98,21.24,20.92,21.14,163200
2023-12-28,21.14,21.14,21,21.02,81248
2023-12-31,21.02,21.14,20.92,21.12,140429
2024-01-01,20.94,21.08,20.9,21,115325
2024-01-02,21.06,21.62,21.04,21.58,569622
2024-01-03,21.64,22.56,21.6,22.5,1331089
2024-01-04,22.46,22.92,22.04,22.8,917853
2024-01-07,23,23.3,22.84,23.18,797723
2024-01-08,23.04,23.16,22.88,23.04,645720
2024-01-09,22.94,23.16,22.84,23.16,314630
2024-01-10,23.16,23.3,22.96,23.14,164066
2024-01-11,22.98,23.24,22.96,23.04,187265
2024-01-14,23,23.34,22.52,23.2,248828
2024-01-15,23.3,23.5,23.08,23.2,327070
2024-01-16,23.2,23.2,22.86,22.9,263011
2024-01-17,22.76,23.14,22.7,22.86,192381
2024-01-18,22.72,22.82,22.44,22.66,204212
2024-01-21,22.46,22.76,22.44,22.48,275255
2024-01-22,22.48,22.52,22.28,22.4,81818
2024-01-23,22.44,22.7,22.3,22.3,380962
2024-01-24,22.32,22.66,22.32,22.58,160911
2024-01-25,22.58,23.24,22.5,23.04,638984
2024-01-28,23.08,23.08,22.9,22.94,57513
2024-01-29,22.9,22.98,22.74,22.76,110347
2024-01-30,22.76,22.96,22.6,22.6,228363
2024-01-31,22.6,22.64,21.66,21.9,470833
2024-02-01,21.86,21.96,21.66,21.9,384528
2024-02-04,22,22.3,21.9,22,388915
2024-02-05,22,22.54,22,22.36,755077
2024-02-06,22.4,22.6,22.36,22.5,392512
2024-02-07,22.6,22.6,22.08,22.38,262680
2024-02-08,22.08,22.48,22.08,22.48,214006
2024-02-11,22.22,22.66,22.2,22.6,187369
2024-02-12,22.6,22.6,22.3,22.48,240963
2024-02-13,22.5,22.5,22.16,22.3,313141
2024-02-14,22.22,22.34,22.08,22.3,232108
2024-02-15,22.3,22.44,22.18,22.42,224568
2024-02-18,22.42,22.6,22.3,22.4,137635
2024-02-19,22.32,22.5,22.16,22.16,443088
2024-02-20,22.16,22.46,22.08,22.3,377264
2024-02-21,22.24,22.5,22.18,22.5,485266
2024-02-25,22.6,23.98,22.6,23.98,1594710
2024-02-26,23.8,24.2,23.64,23.78,1347040
2024-02-27,23.78,24,23.42,23.74,508476
2024-02-28,24,24,23.44,23.66,251781
2024-02-29,23.74,23.84,23.42,23.64,308369
2024-03-03,23.5,23.7,23.32,23.4,101595
2024-03-04,23.3,23.36,22.8,22.94,242250
2024-03-05,22.82,23.1,22.72,23,197150
2024-03-06,23,23.4,22.92,23.18,426619
2024-03-07,23.18,23.7,23.1,23.5,397329
2024-03-10,24.02,24.98,23.92,24.08,2072539
2024-03-11,24.12,24.68,24,24.5,1566804
2024-03-12,24.56,24.6,24.02,24.32,357387
2024-03-13,24.32,24.72,24.32,24.72,764943
2024-03-14,24.8,24.92,24.2,24.92,751292
2024-03-17,24.92,25,24.52,24.76,593920
2024-03-18,24.98,25.15,24.64,25.15,986143
2024-03-19,25.15,25.75,24.84,25.75,817203
2024-03-20,25.7,25.85,25.15,25.75,379425
2024-03-21,25.7,25.7,25.2,25.65,194982
2024-03-24,25.1,25.35,24.7,24.78,290204
2024-03-25,24.76,25.1,24.64,24.8,175869
2024-03-26,24.8,24.98,24.4,24.48,326077
2024-03-27,24.42,24.92,24.26,24.86,284807
2024-03-28,24.9,24.98,23.6,24,414584
2024-03-31,23.98,23.98,23.34,23.5,103811
2024-04-01,23.2,23.98,23.2,23.94,134160
2024-04-02,23.88,24.18,23.48,24.16,312539
2024-04-03,24.18,24.92,23.94,24.24,3435933
2024-04-04,24.26,24.38,23.86,23.92,157258
2024-04-14,23.48,23.78,23.2,23.66,109060
2024-04-15,23.66,23.88,23.64,23.8,158629
2024-04-16,23.78,24.16,23.52,23.7,378053
2024-04-17,23.7,23.7,23.22,23.42,196390
2024-04-18,23.38,24.48,23.38,24.38,464474
2024-04-21,24.48,24.6,24.22,24.3,189241
2024-04-22,24.22,24.3,23.9,24.1,217842
2024-04-23,24.22,24.22,23.86,24.02,152177
2024-04-24,23.02,23.68,22.44,22.6,1039642
2024-04-25,22.96,22.96,22.36,22.56,162816
2024-04-28,22.56,22.6,22.4,22.5,56328
2024-04-29,22.6,23.12,22.36,23.12,306427
2024-04-30,22.96,23.38,22.94,23.38,295832
2024-05-01,23.48,23.84,23.02,23.46,311071
2024-05-02,23.78,23.9,23.32,23.56,195269
2024-05-05,23.78,23.92,23.5,23.9,55879
2024-05-06,23.72,23.86,23.42,23.78,219015
2024-05-07,23.6,23.66,23.44,23.58,167977
2024-05-08,23.42,23.58,23.32,23.56,283233
2024-05-09,23.62,24.46,23.62,24.1,1082491
2024-05-12,24.34,24.34,23.8,24.1,235208
2024-05-13,24,24.18,23.9,24,298226
2024-05-14,24,24,23.3,23.3,351801
2024-05-15,23.38,23.46,23,23.02,174662
2024-05-16,23,23.14,22.7,22.76,263974
2024-05-19,22.96,22.96,22.64,22.76,108332
2024-05-20,22.74,22.76,22.36,22.4,154510
2024-05-21,22.44,22.7,22.12,22.14,188781
2024-05-22,22.16,22.4,22.02,22.16,85245
2024-05-23,22.16,22.28,22,22.22,122020
2024-05-26,22.22,22.22,22,22.02,70813
2024-05-27,22,22.08,21.5,21.74,107853
2024-05-28,21.72,21.78,21.36,21.38,200356
2024-05-29,21.38,21.66,21.14,21.32,271981
2024-05-30,21.32,22,21.3,21.66,368900
2024-06-02,21.52,21.9,21.5,21.52,101567
2024-06-03,21.56,22.18,21.52,22.16,690863
2024-06-04,22.2,22.2,21.74,21.9,207521
2024-06-05,21.84,22.26,21.58,22.08,169652
2024-06-06,22.28,22.3,21.74,22,232831
2024-06-09,22,22.8,22,22.8,280620
2024-06-10,22.8,22.92,22.5,22.62,81979
2024-06-11,22.6,23,22.54,22.92,209723
2024-06-12,22.84,23.04,22.58,22.72,221050
2024-06-13,22.6,22.94,22.5,22.86,196426
2024-06-23,22.8,22.8,22.36,22.4,59466
2024-06-24,22.4,22.4,22,22,82690
2024-06-25,21.92,22.16,21.74,21.8,187540
2024-06-26,21.72,22,21.58,21.6,148263
2024-06-27,21.4,21.66,20.98,21.38,353039
2024-06-30,21.34,21.62,21.34,21.52,86308
2024-07-01,21.52,21.52,21.12,21.12,169476
2024-07-02,21.22,21.54,21.22,21.28,128401
2024-07-03,21.3,21.3,21.1,21.14,81356
2024-07-04,21.12,21.3,21.08,21.18,49477
2024-07-07,21.2,21.46,21.2,21.3,90948
2024-07-08,21.2,21.54,21.2,21.5,192004
2024-07-09,21.5,21.5,21.04,21.08,339024
2024-07-10,21.04,21.5,21.04,21.38,205688
2024-07-11,21.26,21.62,21.24,21.52,248355
2024-07-14,21.46,21.78,21.46,21.6,82155
2024-07-15,21.78,22.08,21.58,22.06,204399
2024-07-16,21.9,22.12,21.9,22.12,142366
2024-07-17,22.12,22.4,22,22.22,273471
2024-07-18,22.22,22.46,22.22,22.38,530253
2024-07-21,22.42,22.86,22.3,22.7,631112
2024-07-22,22.62,22.72,22.5,22.72,170035
2024-07-23,22.7,22.7,22.34,22.34,297624
2024-07-24,22.34,22.5,22.34,22.5,59966
2024-07-25,22.5,23.5,22.5,23.24,905629
2024-07-28,23.6,24.08,23.4,24.02,1561554
2024-07-29,24.02,24.2,23.58,24,674807
2024-07-30,24.02,24.4,24,24.18,566641
2024-07-31,24.18,24.4,23.62,23.88,475852
2024-08-01,23.9,23.9,23.24,23.66,608204
2024-08-04,22.84,23.3,22.84,23.18,881771
2024-08-05,22.84,23.1,22.1,23.06,547694
2024-08-06,22.84,23.88,22.84,23.64,1042736
2024-08-07,23.64,24.52,23.52,23.94,886539
2024-08-08,24.06,24.36,23.74,24.36,973710
2024-08-11,24.4,24.86,24.4,24.68,546765
2024-08-12,24.78,25.4,24.66,25,1376912
2024-08-13,25,25.2,24.82,24.92,753738
2024-08-14,24.76,25.3,24.76,25.05,657552
2024-08-15,25,25.45,25,25.35,679906
2024-08-18,25.4,25.55,25.25,25.5,386324
2024-08-19,25.5,26.05,25.3,25.85,814236
2024-08-20,25.9,25.9,25.25,25.4,264681
2024-08-21,25.4,26,25.3,25.7,403488
2024-08-22,25.7,25.9,25.55,25.75,354384
2024-08-25,26,26,25.35,25.4,284148
2024-08-26,25.5,26.2,25.45,25.7,594147
2024-08-27,25.6,26,25.4,25.5,325597
2024-08-28,25.45,25.5,25,25.3,800427
2024-08-29,25.3,25.6,25,25,409574
2024-09-01,25,25.55,25,25.2,378693
2024-09-02,25.9,25.95,24.86,25.35,2030930
2024-09-03,25.35,25.75,25,25.6,808273
2024-09-04,25.2,26.7,25.1,26.5,1571144
2024-09-05,26.5,26.8,25.7,26,642286
2024-09-08,25.45,25.85,25.15,25.15,284857
2024-09-09,25,25.4,24.86,25.35,448999
2024-09-10,25.25,25.7,25.2,25.7,306352
2024-09-11,25.7,25.7,24.88,25,462161
2024-09-12,25,25.5,24.96,25.5,406341
2024-09-15,25.5,25.7,25.05,25.05,252087
2024-09-16,25.05,25.4,25.05,25.15,158562
2024-09-17,25.1,26.1,25.05,25.65,1080486
2024-09-18,25.65,26.45,25.55,26.4,1014885
2024-09-19,26.4,27.5,26.4,26.95,1481395
2024-09-22,27.45,27.8,27,27.2,622637
2024-09-24,27.05,27.75,27.05,27.75,682505
2024-09-25,27.7,27.9,27.2,27.8,533816
2024-09-26,27.8,28,27.6,27.65,459745
2024-09-29,27.5,28.1,27.35,27.95,733057
2024-09-30,27.95,28.35,27.8,28,563794
2024-10-01,28.2,28.5,28,28.35,820896
2024-10-02,27.75,28.3,27.15,27.55,999418
2024-10-03,27.4,28.45,27.4,28.2,885121
2024-10-06,28.2,28.3,27,27.8,281345
2024-10-07,27.5,28.4,27.4,28.4,503883
2024-10-08,28.5,29,28.3,28.95,753648
2024-10-09,29,29,28.1,28.1,515669
2024-10-10,28.05,28.9,28.05,28.7,559096
2024-10-13,28.9,29.9,28.7,29.5,1205615
2024-10-14,29.5,29.55,28.8,29.2,1210147
2024-10-15,29.2,29.8,29,29.45,844433
2024-10-16,29.6,29.75,28.95,29,511271
2024-10-17,29,29.35,28.6,29,415048
2024-10-20,29,29.25,28.55,29.2,149123
2024-10-21,29.2,29.4,29.1,29.25,233374
2024-10-22,29.25,29.75,29,29.7,431916
2024-10-23,29.7,30.45,29.7,30.05,808881
2024-10-24,30.05,30.05,29.65,29.8,197709
2024-10-27,29.8,30,29.35,29.5,617870
2024-10-28,29.75,30.45,29.55,30,770195
2024-10-29,30.25,30.6,30.1,30.3,649548
2024-10-30,30.3,30.55,30,30.1,348161
2024-10-31,30.05,30.35,29.9,30.1,1020093
2024-11-03,29.8,30.1,29.25,29.65,556776
2024-11-04,29.3,29.95,29.15,29.8,250987
2024-11-05,29.6,29.65,28.9,29.25,512977
2024-11-06,29.05,29.3,28.6,28.7,259159
2024-11-07,28.55,28.7,27.75,27.95,488733
2024-11-10,27.6,27.85,27.25,27.55,192516
2024-11-11,27,28.35,26.9,28,703198
2024-11-12,28,28.45,27.85,27.9,346965
2024-11-13,27.65,28.1,27.6,27.65,212770
2024-11-14,27.7,27.9,27.4,27.5,236400
2024-11-17,27,27.45,26.05,26.05,570247
2024-11-18,26.05,27.95,26.05,27.55,914432
2024-11-19,27,28.15,27,28.1,763950
2024-11-20,28.15,28.25,27.45,27.5,713868
2024-11-21,27.55,27.55,27.15,27.2,252085
2024-11-24,27.25,27.45,26.8,26.8,80654
2024-11-25,26.7,27.5,26.6,27.5,252029
2024-11-26,27.2,27.35,26.65,26.9,138707
2024-11-27,26.9,27.15,26.5,26.9,104942
2024-11-28,26.9,26.9,26.2,26.2,129381
2024-12-01,26.1,27.05,26.1,26.25,218028
2024-12-02,26.3,26.9,26.3,26.8,184360
2024-12-03,26.8,27,26.7,26.8,166136
2024-12-04,26.8,27.4,26.75,27,129087
2024-12-05,27.4,27.75,27.3,27.5,252779
2024-12-08,27.5,28,27.5,27.75,157378
2024-12-09,27.5,28.1,27.5,28,516890
2024-12-10,28.1,28.2,27.85,28,503723
2024-12-11,27.9,28.45,27.55,28.2,230143
2024-12-12,28.2,29.1,28.15,28.7,524243
2024-12-15,28.5,29.5,28.5,29.4,517624
2024-12-16,29.5,29.75,29.2,29.35,226241
2024-12-17,29.45,30.85,29.45,30.5,1312075
2024-12-18,30.3,30.65,29.8,30.5,602199
2024-12-19,30.45,30.6,30,30,678900
2024-12-22,29.95,31.35,29.95,30.2,718371
2024-12-23,30.1,30.65,29.7,30.35,415880
2024-12-24,30.15,31.2,30.15,30.65,401510
2024-12-25,30.7,31.25,30.65,31.2,322462
2024-12-26,31.2,31.95,31.15,31.6,843826
2024-12-29,31.5,34.75,31.4,34.55,2796822
2024-12-30,34.2,34.5,33.45,33.85,1117715
2024-12-31,33.55,35.75,33.2,33.6,1418473
2025-01-01,33.55,33.75,32.9,33.35,521304
2025-01-02,33.15,34.45,33,33.3,913509
2025-01-05,33.4,34.45,33.4,34.35,683820
2025-01-06,34.1,35.4,33.75,35,822673
2025-01-07,35,36,34.5,35.85,661301
2025-01-08,35.85,36.45,35.6,36.25,563967
2025-01-09,36.25,36.5,35.7,36.3,488649
2025-01-12,36,36.75,35.8,36.55,319743
2025-01-13,36.5,36.75,35.8,35.95,245825
2025-01-14,35.85,36.45,35.35,35.65,341287
2025-01-15,35.6,35.65,34.5,34.8,1165931
2025-01-16,34.75,35.35,34.6,35.1,414328
2025-01-19,35,35.7,35,35.1,157353
2025-01-20,35.1,35.55,34.85,35.2,264371
2025-01-21,35.2,36.1,35.1,36.05,282873
2025-01-22,36.05,36.75,35.8,36.7,623131
2025-01-23,36.75,37.15,35.9,36.4,979827
2025-01-26,36.3,37.8,36.3,37.65,474829
2025-01-27,37.65,38.4,37.3,37.6,650117
2025-01-28,37.7,37.75,37,37.1,281805
2025-01-29,37.8,37.8,35.3,35.65,364116
2025-01-30,35.35,35.35,34.7,34.8,350647
2025-02-02,34.7,35.9,34.25,34.9,391319
2025-02-03,34.65,36.1,34.65,35.95,432687
2025-02-04,36,36.7,35.8,36,324900
2025-02-05,36,36.35,35.8,36.1,234456
2025-02-06,36.1,36.1,35.35,36.05,240910
2025-02-09,36.05,36.5,35.95,36.5,143920
2025-02-10,36.2,36.35,35.7,36.25,323367
2025-02-11,35.95,36.05,35.5,35.55,168744
2025-02-12,35.45,35.45,34.45,35,416046
2025-02-13,35,35.4,34.9,35.2,328856
2025-02-16,35.2,35.55,34.75,34.9,118970
2025-02-17,34.9,35.2,34.65,34.85,139324
2025-02-18,35,35.05,34.7,35.05,182580
2025-02-19,34.7,35.2,33.5,33.5,283510
2025-02-20,33.5,34.15,33,34.15,408650
2025-02-24,34.15,34.15,33.65,34,136581
2025-02-25,34,34.1,33.75,34.1,332050
2025-02-26,34,34,32.35,33,562076
2025-02-27,32.95,33.3,32.8,32.85,192351
2025-03-02,32.45,33.35,32.45,33,112820
2025-03-03,33,33.25,32.45,33.2,230946
2025-03-04,33.05,33.1,32.5,32.5,236964
2025-03-05,32.5,32.85,31.65,32.8,233703
2025-03-06,32.4,33.15,32.15,32.55,602855
2025-03-09,32.55,32.55,30.65,32.05,253918
2025-03-10,31.95,32.5,31.3,32.2,251619
2025-03-11,32,32.15,31.35,32,184917
2025-03-12,32.15,33.25,32.1,32.45,189697
2025-03-13,32.25,33.3,32.25,32.8,255942
2025-03-16,32.8,36.05,32.8,36.05,505468
2025-03-17,36.05,36.2,34.5,34.65,759796
2025-03-18,34.75,35.45,33.2,33.65,347932
2025-03-19,33.7,33.85,32.5,32.65,244576
2025-03-20,32.75,32.75,31.85,32.25,209371
2025-03-23,32,34.85,32,34.2,414213
2025-03-24,34,34.4,33.15,33.15,123390
2025-03-25,33.15,33.45,32.05,32.6,133618
2025-03-26,32.7,33.55,32.45,33.2,294577
2025-03-27,33.35,34,33.3,33.3,110410
2025-04-03,33.25,34.75,32.5,33.8,268243
2025-04-06,32.6,32.6,30.5,30.85,475942
2025-04-07,29.5,31,28.6,30.45,409624
2025-04-08,30.45,31.7,30.45,31.4,237890
2025-04-09,31,32.15,30.55,30.7,188966
2025-04-10,32.2,32.2,31.2,31.4,358451
2025-04-13,32,33.3,32,32.4,184540
2025-04-14,32.45,33.4,32,32.55,226490
2025-04-15,32.5,32.7,32.3,32.4,125046
2025-04-16,32.4,33.55,32.25,33,177084
2025-04-17,32.95,34,32.7,32.85,266478
2025-04-20,32.85,33.85,32.85,33.2,101935
2025-04-21,33.15,33.4,32.9,33.05,74487
2025-04-22,33,33.5,32.7,33.5,156682
2025-04-23,33.5,34.25,33.4,34.2,324641
2025-04-24,33.9,34.55,33.6,34.1,266641
2025-04-27,34.1,35,34.1,34.7,172147
2025-04-28,34.7,34.7,33.75,34.4,507847
2025-04-29,34.45,35.25,34.4,35.1,322483
2025-04-30,35.05,35.15,34,34.3,353318
2025-05-01,34.05,34.3,33.45,33.65,245758
2025-05-04,33.8,34.2,33.75,33.8,79423
2025-05-05,33.8,34.05,33.2,33.95,490717
2025-05-06,33.2,34.45,33.2,33.7,266971
2025-05-07,33.7,33.9,32.3,32.7,274024
2025-05-08,32.55,33.45,32.5,32.5,222847
2025-05-11,31.95,33.5,31.95,33.1,169929
2025-05-12,32.5,33.05,32.4,32.75,373876
2025-05-13,32.75,33.15,32.65,33,150199
2025-05-14,33,33.3,32.7,33,168888
2025-05-15,33,33.3,32.7,33.1,311738
2025-05-18,33.1,33.2,32.5,33,121129
2025-05-19,33,33.35,32.8,32.95,245584
2025-05-20,33,33.95,32.95,33.8,262746
2025-05-21,33.2,34.25,33.2,33.3,241126
2025-05-22,32.9,33.7,32.9,33.45,165487
2025-05-25,33.45,34.25,33.45,33.7,142476
2025-05-26,33.8,34.1,32.5,32.85,408951
2025-05-27,32.9,32.95,31.7,32,183078
2025-05-28,32.2,32.3,31.65,31.9,160558
2025-05-29,32.15,33.65,32.15,32.35,629118
2025-06-01,32.5,32.7,31.7,32.05,177983
2025-06-02,31.8,32.05,31.25,31.75,201344
2025-06-03,31.75,32,31.3,32,111872
2025-06-04,32.05,32.25,31.7,32.2,100359
2025-06-11,31.95,32.8,31.95,32.4,98882
2025-06-12,32.15,32.15,31.05,31.25,182162
2025-06-15,30.8,31.2,30.05,30.85,245892
2025-06-16,30.8,32.4,30.8,32.4,205696
2025-06-17,32.4,32.75,31.95,32.15,300867
2025-06-18,31.85,32.1,31.05,31.15,322948
2025-06-19,31.15,32.45,30.4,32.45,763456
2025-06-22,32.5,33,32,32.4,130889
2025-06-23,32.05,32.75,32.05,32.65,198610
2025-06-24,32.9,33.5,32.8,32.95,322642
2025-06-25,32.95,33.3,32.55,33.2,149253
2025-06-26,33.4,33.8,33.25,33.75,139369
2025-06-29,33.76,35.26,33.7,35.1,485591
2025-06-30,35.1,35.92,34.82,35.3,366800
2025-07-01,35.3,35.6,34.5,34.5,175314
2025-07-02,34.6,34.98,34,34.5,155886
2025-07-03,34.02,34.5,33.76,33.98,328699
2025-07-06,33.5,34.34,33.5,33.88,168702
2025-07-07,33.88,34.1,32.58,33.24,548025
2025-07-08,33,33.4,33,33.28,164196
2025-07-09,33.16,33.96,33.16,33.52,437448
2025-07-10,33.52,33.8,33.06,33.18,159562
2025-07-13,33.18,33.3,32.68,32.8,121676
2025-07-14,32.78,33.16,32.7,33.16,98821
2025-07-15,33.1,33.16,32.4,32.4,239057
2025-07-16,32.38,32.4,31.32,31.32,148188
2025-07-17,31.3,31.62,31.04,31.42,297050
2025-07-20,31.42,32.96,31.4,32,439529
2025-07-21,32,32.28,31.34,31.48,445562
2025-07-22,31.46,31.48,30.7,30.8,323616
2025-07-23,30.78,31.24,30.5,31.2,243843
2025-07-24,31.3,32.2,31.1,32,212612
2025-07-27,31.52,32.4,31.52,32,114741
2025-07-28,31.98,32.2,31.6,31.92,813266
2025-07-29,31.72,32.24,31.62,31.76,151456
2025-07-30,31.7,32.2,31.7,32.1,111057
2025-07-31,32.16,32.32,31.5,32.04,187631
2025-08-03,31.8,32.16,31.6,31.9,88429
2025-08-04,31.52,32.08,31.52,31.94,204014
2025-08-05,32,32.58,31.94,32,217972
2025-08-06,32,32.26,31.9,31.98,103945
2025-08-07,32,32.2,31.82,31.92,37754
2025-08-10,31.92,33.26,31.92,33,229646
2025-08-11,33,33.8,32.94,33.56,221113
2025-08-12,33.54,34.06,33.32,33.42,390588
2025-08-13,33.5,33.9,32.02,32.04,310006
2025-08-14,32.04,32.7,32.04,32.7,156822
2025-08-17,32.7,33.2,32.46,33.08,83953
2025-08-18,33.2,33.38,32.74,33.06,193884
2025-08-19,32.84,33.24,32.42,32.74,183174
2025-08-20,32.52,32.82,32.3,32.42,79510
2025-08-21,32.42,33.1,32.42,32.7,58953
2025-08-24,32.7,33.42,32.7,32.7,92775
2025-08-25,32.7,33.1,32.7,32.72,51349
2025-08-26,32.72,33.5,32.72,33.5,261922
2025-08-27,33.5,33.68,33.1,33.1,83382
2025-08-28,33.1,33.7,33.04,33.14,126949
2025-08-31,33.02,33.36,33,33.3,146835
2025-09-01,33.28,34.48,33.12,33.94,415208
2025-09-02,33.94,34.16,32.6,33.02,328112
2025-09-03,33.02,33.24,32.92,32.92,55738
2025-09-04,33.02,33.58,32.68,33.32,122259
2025-09-07,33.32,33.32,31.42,31.42,189086
2025-09-08,31.12,31.6,30.8,30.98,514518
2025-09-09,30.7,31.26,30.6,31.08,155465
2025-09-10,31.08,31.08,30.18,30.22,111356
2025-09-11,30.26,30.34,28.64,28.64,221426
2025-09-14,28.64,28.8,27.12,27.96,389024
2025-09-15,27.8,28.98,27.5,28.88,206255
2025-09-16,28.88,29.84,28.82,29.48,344075
2025-09-17,29.56,30.16,29.44,29.82,207633
2025-09-18,29.82,30.38,29.52,30,195212
2025-09-21,29.5,30.18,29.5,29.8,166007
2025-09-22,29.8,30.58,29.76,30.16,131140
2025-09-24,30.2,32,30.2,31.98,459749
2025-09-25,31.52,31.52,29.92,30.28,315485
2025-09-28,30.74,30.74,29.28,29.4,335954
2025-09-29,29.02,29.9,28.42,29.9,482251
2025-09-30,29.9,30.3,29.54,29.54,347604
2025-10-01,29.92,30.12,29.42,29.92,279549
2025-10-02,29.64,30.18,29.64,29.86,149002
2025-10-05,29.84,30.08,29.52,29.6,298370
2025-10-06,29.6,30.26,29.6,29.88,241465
2025-10-07,30.1,30.1,29.26,29.46,306078
2025-10-08,29.46,29.46,29.06,29.44,145644
2025-10-09,29.44,29.72,29.28,29.72,160556
2025-10-12,29.08,29.7,29.08,29.46,135673
2025-10-13,29.46,29.68,29.28,29.58,132363
2025-10-14,29.62,29.9,29.4,29.7,232917
2025-10-15,29.74,29.9,29.16,29.9,290487
2025-10-16,29.98,29.98,29.2,29.3,144192
2025-10-19,29.08,29.48,29.08,29.4,40198
2025-10-20,29.46,29.5,28.7,28.78,128554
2025-10-21,28.72,28.72,27.84,28.22,84272
2025-10-22,28,28.8,28,28.8,94945
2025-10-23,28.8,28.8,27.86,28.64,175267
2025-10-26,28.76,29.46,28.76,29.16,106540
2025-10-27,28.84,29.38,28.78,29.32,180229
2025-10-28,29.4,29.78,29.16,29.54,148402
2025-10-29,29.54,29.74,29.34,29.44,165931
2025-10-30,30,30.4,29.24,29.44,241759
2025-11-02,29.56,29.56,28.5,28.98,93235
2025-11-03,29.48,29.48,28.72,28.84,213355
2025-11-04,29.14,29.16,28.66,29.16,78931
2025-11-05,28.58,28.98,28.5,28.52,78204
2025-11-06,28.52,29.06,28.5,28.86,190584
2025-11-09,28.92,29.18,28.62,28.82,58536
2025-11-10,28.62,28.98,28.06,28.24,90041
2025-11-11,28.24,28.26,27.56,27.98,104142
2025-11-12,27.98,28.12,27.32,27.4,153099
2025-11-13,27.32,27.64,27.1,27.12,91698
2025-11-16,27,27.12,26.54,26.6,58028
2025-11-17,26.5,27.12,26.4,26.98,48001
2025-11-18,26.68,27.26,26.66,27.26,67360
2025-11-19,27.26,27.36,26.72,27.08,50438
2025-11-20,27.08,27.08,26.52,26.8,48418
2025-11-23,27.56,27.98,27.14,27.64,130022
2025-11-24,28,28,27,27.98,175988
2025-11-25,27.16,27.4,26.6,26.6,83891
2025-11-26,26.6,26.66,25.72,25.74,99872
2025-11-27,25.52,26.42,25.4,26.42,173170
2025-11-30,26.28,26.4,25.5,25.5,36870
2025-12-01,25.8,25.8,25.22,25.74,121251
2025-12-02,25.8,25.84,25.38,25.6,64024
2025-12-03,25.4,25.6,24.88,25.24,141275
2025-12-04,25.24,25.68,25.2,25.38,104880
2025-12-07,25.68,25.68,25.14,25.18,69652
2025-12-08,25.18,25.18,24.51,24.97,196283
2025-12-09,24.98,25.08,24.62,25.08,70822
2025-12-10,24.86,25.12,24.86,25,32681
2025-12-11,25,25.12,24.56,24.79,29270
2025-12-14,24.5,24.79,23.86,23.9,43784
2025-12-15,23.86,24.3,23.8,24.2,77781
2025-12-16,24.3,24.3,23.6,23.79,70314
2025-12-17,23.78,23.88,23.34,23.5,75120
2025-12-18,23.53,23.64,22.95,23.64,146448
2025-12-21,23.33,23.76,23,23.05,155170
2025-12-22,23.12,23.43,22.88,23.11,119643
2025-12-23,23.01,23.33,23,23,65084
2025-12-24,23.01,23.24,22.62,22.71,49385
2025-12-25,22.9,22.9,22.32,22.32,33766
2025-12-28,22.04,22.29,21.81,22.07,203883
2025-12-29,22.16,22.45,21.99,22.37,79410
2025-12-30,22.38,22.44,22.11,22.39,46086
2025-12-31,22.12,22.58,22.12,22.39,106154
2026-01-01,22.43,23,22.32,23,53428
2026-01-04,22.8,22.8,21.94,21.96,124657
2026-01-05,21.7,22.28,21.2,21.2,177017
2026-01-06,21.4,21.58,21.13,21.3,100020
2026-01-07,21.7,22,20.82,20.86,300853
2026-01-08,20.86,21.56,20.74,21.21,352455
2026-01-11,20.83,21.33,20.83,21.07,267366
2026-01-12,21.46,21.9,21.21,21.67,371953
2026-01-13,21.67,23.5,21.57,22.94,740410
2026-01-14,23.4,23.4,22.32,22.58,161072
2026-01-15,22.5,22.6,22,22.15,134098
2026-01-18,22.15,22.58,22.15,22.25,54190
2026-01-19,22.4,22.4,22.15,22.17,54121
2026-01-20,22.2,22.22,21.86,21.95,65282
2026-01-21,21.8,21.81,21.35,21.69,256145
2026-01-22,21.69,22.08,21.69,22.06,176011
2026-01-25,21.78,22.41,21.78,22.11,382703
2026-01-26,22.11,22.14,21.69,21.8,337887
2026-01-27,21.7,22.28,21.51,22.1,711355
2026-01-28,22.1,22.16,21.72,22.05,345442
2026-01-29,22,22.04,21.44,21.63,328121
2026-02-01,21.59,21.59,20.27,20.4,363682
2026-02-02,20.41,20.52,20.16,20.42,498706
2026-02-03,20.51,20.86,20.49,20.53,229653
2026-02-04,20.51,20.51,20.31,20.39,165698
2026-02-05,20.36,20.36,19.91,20.09,339067
2026-02-08,20.08,20.38,20,20.02,101330
2026-02-09,20.03,20.09,19.7,19.84,227332
2026-02-10,19.84,19.9,19.72,19.86,247886
2026-02-11,19.78,19.78,19.21,19.39,525803
2026-02-12,19.39,19.39,19.1,19.22,430607
2026-02-15,19.4,19.67,19.32,19.36,265396
2026-02-16,19.29,19.42,19.17,19.3,304712
2026-02-17,19.26,19.26,18.75,19,474461
2026-02-18,18.99,19.3,18.84,19.3,400534
2026-02-19,19.3,19.3,18.8,18.95,389799
2026-02-23,18.94,19.19,18.62,18.84,176706
2026-02-24,18.84,18.84,18.5,18.5,113722
2026-02-25,18.51,19.03,17.73,17.91,390896
2026-02-26,17.91,18.17,17.78,18.03,254108
2026-03-01,17.1,17.87,17.1,17.57,118035
2026-03-02,17.59,17.88,17.17,17.3,184984
2026-03-03,17.02,18.08,17.02,18.01,214654
2026-03-04,18.09,18.35,17.69,17.99,259683
2026-03-05,17.95,18.4,17.9,17.97,204995
2026-03-08,17.85,18.18,17.76,18.05,363358
2026-03-09,18.1,18.54,17.72,17.79,276531
2026-03-10,17.79,18.4,17.61,18.1,253161
2026-03-11,18.18,18.78,17.92,18.25,346521
2026-03-12,18.22,18.25,17.63,17.99,283250
2026-03-15,18,18.04,17.6,17.88,128486
2026-03-16,17.93,19.04,17.64,19.04,720273
2026-03-24,19.05,19.05,18.02,18.02,426273
2026-03-25,18.25,18.91,18.24,18.77,323832
2026-03-26,18.61,18.82,18.44,18.58,257850
2026-03-29,18.7,19.13,18.55,19.08,192746
2026-03-30,19.08,19.09,18.5,18.68,577684
2026-03-31,18.68,18.79,18.52,18.79,219566
2026-04-01,19,19.4,18.74,18.89,429348
2026-04-02,18.88,18.96,18.72,18.75,278437
2026-04-05,18.79,19.21,18.7,18.83,281407
2026-04-06,18.79,18.79,18.38,18.47,281473
2026-04-07,18.48,18.48,17.8,17.8,250222
2026-04-08,18.04,18.62,18.04,18.46,202667
2026-04-09,18.44,18.44,18,18.2,181899
2026-04-12,18.22,18.37,18.09,18.16,78214
2026-04-13,18.2,18.2,17.97,18.02,391204
2026-04-14,18.05,18.67,18.03,18.6,208170
2026-04-15,18.71,18.92,18.67,18.78,290759
2026-04-16,18.77,18.83,18.53,18.8,360659
2026-04-19,18.8,19.14,18.7,18.84,416443
2026-04-20,18.65,18.77,18.4,18.68,242369
2026-04-21,18.52,18.88,18.52,18.62,201966
2026-04-22,18.89,18.89,18.55,18.6,91050
2026-04-23,18.56,18.56,18,18,301326
2026-04-26,18.01,18.01,17.72,17.86,232348
2026-04-27,17.86,18.1,17.78,18.04,93698
2026-04-28,18.03,18.03,17.88,17.97,133852
2026-04-29,18,18.2,17.89,18.07,281304
2026-04-30,18.25,18.25,17.93,18.07,141186
2026-05-03,18.29,18.35,17.9,18.07,282883
2026-05-04,18.02,18.18,17.92,18.05,271819
2026-05-05,18,18.14,17.72,18.07,222173
2026-05-06,18.01,18.43,18.01,18.04,369484
2026-05-07,18.24,18.29,17.96,18.22,172408
2026-05-10,18.22,18.87,17.94,18.78,499939
2026-05-11,18.68,18.79,18.5,18.73,395248
2026-05-12,18.73,18.73,18.25,18.37,355395
2026-05-13,18.38,18.56,18.15,18.35,184118
2026-05-14,18.03,18.4,18.02,18.08,258264
2026-05-17,18.14,18.14,17.9,17.95,108652
2026-05-18,17.9,18.17,17.8,17.93,151335
2026-05-19,17.93,18.35,17.93,18.06,568682
2026-05-20,18.06,18.28,17.93,18.17,299750
2026-05-21,18.17,18.43,18.17,18.38,179714
2026-05-31,18.4,18.7,18.29,18.54,75205
2026-06-01,18.55,18.66,18.42,18.5,167659
2026-06-02,18.37,18.53,18.22,18.39,194575
2026-06-03,18.22,18.61,18.22,18.52,181038
2026-06-04,18.52,18.8,18.4,18.65,492705
2026-06-07,18.57,18.65,18.16,18.23,312379
2026-06-08,18.16,18.18,17.9,18.01,252965
2026-06-09,18.1,18.47,18.1,18.3,188847
2026-06-10,18.3,18.36,18.15,18.15,131051
2026-06-11,18.15,18.43,18.11,18.32,194017
2026-06-14,18.42,18.53,18.34,18.44,160989
2026-06-15,18.5,18.68,18.43,18.53,157850
2026-06-16,18.6,18.6,18.43,18.54,113027
2026-06-17,18.54,18.54,18.18,18.23,106364
2026-06-18,18.18,18.42,17.92,17.99,387457
2026-06-21,18.06,18.06,17.81,17.89,137842
2026-06-22,17.9,18.18,17.85,18,226048
2026-06-23,18.1,18.1,17.71,17.8,155792
2026-06-24,17.82,18.34,17.82,18.15,639022
2026-06-25,18.08,18.08,17.66,17.8,533529
2026-06-28,17.79,17.83,17.57,17.64,204268
2026-06-29,17.7,17.76,17.5,17.75,277465
2026-06-30,17.74,18.1,17.69,17.89,340654
2026-07-01,18,18.58,17.97,18.5,1159519
2026-07-02,18.5,18.55,18.17,18.21,251434
2026-07-05,18.21,18.59,18.21,18.52,452173
2026-07-06,18.52,18.69,18.31,18.49,288419
2026-07-07,18.34,18.54,18.26,18.27,137864
2026-07-08,18.4,18.49,18.14,18.41,512407
2026-07-09,18.12,18.66,18.12,18.45,299611
2026-07-12,19,19,18.38,18.49,148404
2026-07-13,18.46,18.74,18.39,18.7,292716
2026-07-14,18.7,18.78,18.43,18.75,324279
2026-07-15,18.52,19.29,18.52,18.82,1286503
2026-07-16,18.7,18.79,18.24,18.38,422972
2026-07-19,18.22,18.26,18.02,18.15,85559
2026-07-20,18.15,18.15,17.84,17.95,284389
2026-07-21,17.95,17.95,17.7,17.77,122332
2026-07-22,17.74,17.92,17.71,17.88,123259
2026-07-23,18.01,18.02,17.71,17.8,153809
2026-07-26,17.8,17.86,17.72,17.75,42899
2026-07-27,17.7,17.75,17.16,17.21,670307
2026-07-28,17.25,17.3,16.92,16.95,321972
2026-07-29,16.93,16.95,16,16.19,876011
2026-07-30,16.2,16.2,16.06,16.18,196100
2026-08-02,16.14,16.23,15.92,16.2,443177
2026-08-03,16.2,16.51,15.93,16.19,727592
2026-08-04,16.2,16.2,15.86,15.97,967025
2026-08-05,15.99,16.06,15.83,16,616035
2026-08-06,16.05,16.05,15.7,15.78,507350
2026-08-09,15.78,15.79,15.49,15.65,479856
2026-08-10,15.59,15.89,15.57,15.8,221417
2026-08-11,15.88,15.88,15.5,15.58,605797
2026-08-12,15.63,15.76,15.4,15.71,475332
2026-08-13,15.71,15.75,15.38,15.5,422688
2026-08-16,15.69,15.69,15.38,15.42,206696
2026-08-17,15.42,15.48,15.34,15.44,373662
2026-08-18,15.44,15.49,15.25,15.38,628515
2026-08-19,15.42,15.64,15.32,15.58,402976
2026-08-20,15.59,15.81,15.57,15.72,540853
2026-08-23,15.79,15.96,15.79,15.83,220672
2026-08-24,15.85,16.04,15.82,15.91,365783
2026-08-25,15.9,16.01,15.86,15.99,170108
2026-08-26,15.99,16.16,15.98,16.08,248963
2026-08-27,16.05,16.89,16.01,16.24,372937
2026-08-30,16.3,16.34,16.07,16.14,158227
2026-08-31,16.14,16.14,15.8,15.8,313886
2026-09-01,15.82,16,15.77,15.84,217264
2026-09-02,15.8,15.89,15.74,15.77,138000
2026-09-03,15.77,15.93,15.75,15.82,157358
2026-09-06,15.77,15.9,15.77,15.87,85177
2026-09-07,15.82,15.9,15.78,15.85,167158
2026-09-08,15.8,15.81,15.66,15.73,115458
2026-09-09,15.77,15.81,15.67,15.81,110563
2026-09-10,15.73,15.94,15.73,15.85,133149
2026-09-13,15.66,16.86,15.66,16.75,923687
2026-09-14,16.72,17.54,16.58,17.05,1268484
2026-09-15,17.05,17.32,16.54,16.57,501473
2026-09-16,16.51,17.01,16.45,16.45,328797
2026-09-17,16.88,16.88,16.35,16.53,323335
2026-09-20,16.53,16.92,16.53,16.65,244203
2026-09-21,16.65,16.85,16.63,16.68,206071
