Date,Open,High,Low,Close,Volume
1993-01-02,3.754,3.754,3.719,3.736,43408
1993-01-03,3.736,3.736,3.719,3.736,26897
1993-01-04,3.736,3.754,3.736,3.736,11435
1993-01-05,3.736,3.736,3.736,3.736,2917
1993-01-06,3.771,3.805,3.771,3.805,99477
1993-01-09,3.788,3.805,3.068,3.068,35182
1993-01-10,3.805,3.805,3.788,3.788,17503
1993-01-11,3.788,3.788,3.788,3.788,4843
1993-01-12,3.788,3.788,3.771,3.771,67913
1993-01-13,3.771,3.771,3.702,3.736,289330
1993-01-16,3.736,3.736,3.736,3.736,5543
1993-01-17,3.736,3.736,3.719,3.719,3034
1993-01-18,3.719,3.719,3.719,3.719,292
1993-01-19,3.685,3.702,3.685,3.702,7585
1993-01-20,3.685,3.685,3.668,3.685,120423
1993-01-23,3.736,3.771,3.685,3.685,29931
1993-01-24,3.685,3.702,3.685,3.702,4201
1993-01-25,3.719,3.719,3.685,3.702,42241
1993-01-27,3.685,3.685,3.685,3.685,2801
1993-01-30,3.685,3.719,3.685,3.719,31973
1993-01-31,3.702,3.702,3.702,3.702,8402
1993-02-01,3.736,3.736,3.702,3.719,82791
1993-02-02,3.736,3.736,3.702,3.702,13011
1993-02-03,3.702,3.702,3.702,3.702,1925
1993-02-06,3.685,3.702,3.685,3.685,11552
1993-02-07,3.685,3.702,3.685,3.702,16395
1993-02-08,3.702,3.719,3.685,3.685,9802
1993-02-09,3.685,3.685,3.685,3.685,12194
1993-02-10,3.685,3.685,3.685,3.685,10735
1993-02-13,3.702,3.702,3.668,3.702,52802
1993-02-14,3.668,3.668,3.668,3.668,5834
1993-02-15,3.634,3.668,3.634,3.668,8168
1993-02-16,3.668,3.668,3.634,3.651,26313
1993-02-17,3.685,3.702,3.634,3.651,83491
1993-02-20,3.651,3.685,3.651,3.685,30106
1993-02-21,3.668,3.668,3.668,3.668,3967
1993-02-22,3.685,3.771,3.685,3.771,16220
1993-02-23,3.685,3.685,3.685,3.685,6476
1993-02-24,3.685,3.685,3.685,3.685,50176
1993-02-27,3.702,3.702,3.685,3.702,22113
1993-02-28,3.685,3.685,3.685,3.685,583
1993-03-01,3.702,3.719,3.702,3.702,12077
1993-03-02,3.702,3.702,3.685,3.685,14819
1993-03-03,3.685,3.719,3.685,3.685,46092
1993-03-06,3.685,3.702,3.668,3.702,52335
1993-03-07,3.719,3.719,3.685,3.702,84949
1993-03-08,3.702,3.702,3.685,3.685,23863
1993-03-09,3.685,3.702,3.668,3.685,17737
1993-03-10,3.702,3.702,3.685,3.685,5834
1993-03-13,3.685,3.685,3.668,3.685,41950
1993-03-14,3.668,3.668,3.651,3.651,6185
1993-03-15,3.668,3.685,3.668,3.685,34015
1993-03-16,3.668,3.668,3.651,3.668,22754
1993-03-17,3.651,3.685,3.651,3.685,13478
1993-03-20,3.651,3.668,3.651,3.668,16395
1993-03-21,3.651,3.668,3.651,3.668,3034
1993-03-29,3.668,3.668,3.668,3.668,1634
1993-03-30,3.685,3.702,3.685,3.702,14003
1993-03-31,3.702,3.719,3.685,3.702,7410
1993-04-03,3.702,3.719,3.702,3.702,39616
1993-04-04,3.685,3.702,3.685,3.702,13594
1993-04-05,3.702,3.702,3.668,3.668,13653
1993-04-06,3.685,3.685,3.685,3.685,14294
1993-04-07,3.651,3.651,3.651,3.651,8810
1993-04-10,3.668,3.685,3.599,3.616,147203
1993-04-11,3.616,3.616,3.599,3.599,44692
1993-04-12,3.582,3.599,3.548,3.548,52743
1993-04-13,3.582,3.599,3.548,3.599,23571
1993-04-14,3.616,3.634,3.599,3.634,54319
1993-04-17,3.634,3.634,3.599,3.616,10035
1993-04-18,3.599,3.616,3.599,3.599,56419
1993-04-19,3.599,3.599,3.599,3.599,6943
1993-04-20,3.599,3.616,3.582,3.616,46617
1993-04-21,3.582,3.582,3.582,3.582,4843
1993-04-24,3.582,3.599,3.565,3.565,48134
1993-04-25,3.582,3.582,3.565,3.565,10619
1993-04-26,3.599,3.599,3.565,3.582,97668
1993-04-27,3.548,3.548,3.548,3.548,5893
1993-04-28,3.514,3.565,3.514,3.565,19837
1993-05-01,3.565,3.565,3.548,3.565,56127
1993-05-02,3.565,3.565,3.514,3.531,33606
1993-05-03,3.531,3.531,3.531,3.531,5251
1993-05-04,3.531,3.531,3.514,3.514,32673
1993-05-05,3.514,3.514,3.479,3.479,3792
1993-05-08,3.496,3.514,3.496,3.496,58519
1993-05-09,3.496,3.496,3.479,3.479,66046
1993-05-10,3.479,3.479,3.428,3.428,51460
1993-05-11,3.428,3.496,3.428,3.496,18437
1993-05-12,3.445,3.445,3.445,3.445,7410
1993-05-15,3.479,3.496,3.479,3.479,27422
1993-05-16,3.462,3.496,3.462,3.462,10502
1993-05-17,3.479,3.496,3.445,3.496,38216
1993-05-18,3.496,3.496,3.479,3.496,8460
1993-05-19,3.479,3.496,3.479,3.479,55135
1993-05-22,3.479,3.496,3.479,3.496,36232
1993-05-23,3.496,3.496,3.428,3.462,35765
1993-05-24,3.445,3.479,3.445,3.445,13478
1993-05-25,3.445,3.514,3.445,3.479,26372
1993-05-26,3.479,3.514,3.479,3.514,34598
1993-06-05,3.514,3.514,3.462,3.462,82324
1993-06-06,3.479,3.479,3.479,3.479,4317
1993-06-07,3.479,3.479,3.479,3.479,16862
1993-06-08,3.496,3.496,3.479,3.496,25788
1993-06-09,3.479,3.496,3.462,3.479,29522
1993-06-12,3.514,3.514,3.496,3.514,27889
1993-06-13,3.514,3.514,3.496,3.496,25555
1993-06-14,3.496,3.496,3.496,3.496,21821
1993-06-15,3.514,3.514,3.496,3.496,58519
1993-06-16,3.479,3.496,3.479,3.479,45450
1993-06-19,3.479,3.479,3.479,3.479,34131
1993-06-20,3.479,3.479,3.394,3.428,59336
1993-06-21,3.479,3.496,3.479,3.479,60036
1993-06-22,3.496,3.514,3.428,3.428,41950
1993-06-23,3.462,3.462,3.445,3.462,60386
1993-06-26,3.462,3.479,3.445,3.445,21821
1993-06-27,3.445,3.462,3.445,3.462,33840
1993-06-28,3.445,3.462,3.445,3.445,55019
1993-06-29,3.445,3.445,3.445,3.445,26255
1993-06-30,3.445,3.445,3.428,3.428,18554
1993-07-03,3.428,3.428,3.359,3.359,1342
1993-07-04,3.394,3.394,3.359,3.359,14761
1993-07-05,3.394,3.428,3.394,3.428,58636
1993-07-06,3.428,3.428,3.394,3.394,114530
1993-07-07,3.394,3.394,3.342,3.394,192945
1993-07-10,3.291,3.394,3.291,3.394,15286
1993-07-11,3.308,3.342,3.291,3.342,31039
1993-07-12,3.308,3.342,3.188,3.257,58169
1993-07-13,3.257,3.257,3.188,3.188,19779
1993-07-14,3.188,3.188,3.171,3.188,38916
1993-07-17,3.188,3.188,3.085,3.085,290847
1993-07-18,3.188,3.188,3.017,3.085,60795
1993-07-19,3.051,3.085,3.051,3.085,36115
1993-07-20,3.034,3.257,3.034,3.171,56652
1993-07-21,3.119,3.257,3.119,3.137,44108
1993-07-24,3.188,3.188,3.119,3.119,42008
1993-07-25,3.119,3.137,3.085,3.102,108521
1993-07-26,3.205,3.205,3.102,3.102,204380
1993-07-27,3.119,3.171,3.102,3.171,128533
1993-07-28,3.119,3.188,3.119,3.188,94810
1993-07-31,3.119,3.137,3.119,3.137,83024
1993-08-01,3.188,3.222,3.102,3.154,97844
1993-08-02,3.171,3.188,3.171,3.188,122523
1993-08-03,3.239,3.257,3.188,3.257,290555
1993-08-04,3.222,3.291,3.222,3.257,188044
1993-08-07,3.257,3.291,3.222,3.222,62195
1993-08-08,3.257,3.291,3.222,3.291,69021
1993-08-09,3.274,3.291,3.257,3.291,89675
1993-08-10,3.291,3.291,3.257,3.257,102219
1993-08-11,3.239,3.291,3.239,3.291,79057
1993-08-14,3.291,3.291,3.239,3.257,6535
1993-08-15,3.274,3.291,3.257,3.274,29055
1993-08-16,3.274,3.291,3.274,3.291,15695
1993-08-17,3.291,3.325,3.291,3.308,41366
1993-08-18,3.308,3.308,3.291,3.308,52218
1993-08-21,3.308,3.308,3.308,3.308,12661
1993-08-22,3.308,3.325,3.291,3.325,37165
1993-08-23,3.291,3.291,3.291,3.291,4551
1993-08-24,3.291,3.291,3.257,3.291,48367
1993-08-25,3.257,3.257,3.257,3.257,9510
1993-08-28,3.257,3.257,3.257,3.257,81974
1993-08-29,3.274,3.274,3.274,3.274,14469
1993-08-30,3.274,3.291,3.274,3.274,18378
1993-08-31,3.274,3.325,3.274,3.325,74039
1993-09-01,3.291,3.308,3.274,3.274,107295
1993-09-04,3.274,3.274,3.257,3.274,11085
1993-09-05,3.291,3.291,3.257,3.257,65054
1993-09-06,3.257,3.257,3.239,3.239,123165
1993-09-07,3.239,3.239,3.102,3.137,21646
1993-09-08,3.154,3.171,3.154,3.171,4609
1993-09-11,3.222,3.257,3.154,3.154,155604
1993-09-12,3.257,3.257,3.239,3.257,17328
1993-09-13,3.257,3.274,3.239,3.239,117156
1993-09-14,3.257,3.257,3.239,3.239,30806
1993-09-15,3.257,3.274,3.257,3.274,53152
1993-09-18,3.257,3.274,3.257,3.257,42358
1993-09-19,3.257,3.257,3.257,3.257,45275
1993-09-20,3.274,3.274,3.257,3.257,96852
1993-09-21,3.257,3.257,3.257,3.257,30806
1993-09-22,3.257,3.257,3.257,3.257,62954
1993-09-25,3.257,3.257,3.257,3.257,38857
1993-09-26,3.257,3.257,3.257,3.257,7585
1993-09-27,3.257,3.257,3.239,3.239,101461
1993-09-28,3.239,3.239,3.171,3.171,51868
1993-09-29,3.205,3.222,3.205,3.205,65112
1993-09-30,3.068,3.068,2.999,2.999,12369
1993-10-02,3.205,3.205,3.171,3.188,111146
1993-10-03,3.171,3.171,3.154,3.154,71122
1993-10-04,3.137,3.171,3.085,3.085,260799
1993-10-05,3.068,3.085,3.051,3.085,178709
1993-10-06,3.068,3.085,3.068,3.068,50760
1993-10-09,3.068,3.085,2.999,2.999,119606
1993-10-10,2.965,3.017,2.965,2.999,35007
1993-10-11,2.999,2.999,2.914,2.914,363719
1993-10-12,2.914,2.914,2.742,2.914,58461
1993-10-13,2.914,2.948,2.914,2.948,62895
1993-10-16,2.914,2.948,2.879,2.897,207998
1993-10-17,2.914,2.931,2.914,2.914,101286
1993-10-18,2.914,2.931,2.828,2.914,274569
1993-10-19,2.914,2.965,2.914,2.965,178242
1993-10-20,2.965,2.965,2.914,2.948,57353
1993-10-23,2.948,2.965,2.948,2.965,78181
1993-10-24,2.965,2.965,2.948,2.965,551004
1993-10-25,2.982,3.017,2.965,2.999,65287
1993-10-26,2.982,3.034,2.965,2.982,40841
1993-10-30,2.982,2.982,2.965,2.965,18437
1993-10-31,2.965,2.965,2.948,2.965,123398
1993-11-01,2.948,2.948,2.862,2.862,78707
1993-11-02,2.845,2.845,2.828,2.828,26955
1993-11-03,2.828,2.897,2.828,2.879,134717
1993-11-06,2.879,2.897,2.879,2.879,25263
1993-11-07,2.879,2.914,2.879,2.879,27188
1993-11-08,2.879,2.879,2.862,2.862,83724
1993-11-09,2.828,2.862,2.828,2.862,12077
1993-11-10,2.862,2.862,2.845,2.845,20887
1993-11-13,2.845,2.862,2.828,2.828,103911
1993-11-14,2.777,2.777,2.777,2.777,40841
1993-11-15,2.777,2.777,2.759,2.777,16511
1993-11-16,2.777,2.777,2.759,2.759,113655
1993-11-17,2.759,2.862,2.759,2.828,101636
1993-11-20,2.862,2.862,2.777,2.777,71589
1993-11-21,2.777,2.777,2.777,2.777,15986
1993-11-22,2.794,2.794,2.742,2.742,121473
1993-11-23,2.777,2.777,2.742,2.742,36524
1993-11-24,2.708,2.725,2.708,2.725,2334
1993-11-27,2.708,2.742,2.708,2.725,31273
1993-11-28,2.725,2.725,2.708,2.725,21296
1993-11-29,2.725,2.725,2.725,2.725,16453
1993-11-30,2.725,2.725,2.725,2.725,26197
1993-12-01,2.725,2.742,2.708,2.725,94518
1993-12-04,2.725,2.725,2.725,2.725,19837
1993-12-05,2.725,2.742,2.657,2.657,144461
1993-12-06,2.708,2.708,2.691,2.691,23571
1993-12-07,2.691,2.725,2.691,2.691,10910
1993-12-08,2.691,2.708,2.691,2.708,56186
1993-12-11,2.708,2.708,2.657,2.657,51926
1993-12-12,2.657,2.708,2.657,2.708,60678
1993-12-13,2.674,2.708,2.657,2.657,42825
1993-12-14,2.674,2.708,2.657,2.657,43233
1993-12-15,2.674,2.708,2.571,2.571,85591
1993-12-18,2.657,2.725,2.657,2.674,33956
1993-12-19,2.674,2.674,2.657,2.657,46034
1993-12-20,2.64,2.674,2.64,2.674,73106
1993-12-21,2.674,2.674,2.657,2.674,67504
1993-12-22,2.708,2.708,2.674,2.691,89150
1993-12-25,2.691,2.708,2.674,2.674,26722
1993-12-26,2.674,2.708,2.674,2.674,78065
1993-12-27,2.674,2.708,2.657,2.657,60678
1993-12-28,2.674,2.708,2.674,2.708,40666
1993-12-29,2.708,2.708,2.691,2.708,44692
1994-01-01,2.691,2.742,2.674,2.742,66104
1994-01-02,2.742,2.742,2.708,2.708,13653
1994-01-03,2.708,2.708,2.708,2.708,14819
1994-01-04,2.708,2.708,2.674,2.708,112838
1994-01-05,2.674,2.674,2.674,2.674,6885
1994-01-08,2.691,2.742,2.691,2.742,56302
1994-01-09,2.708,2.708,2.691,2.691,62253
1994-01-10,2.691,2.708,2.691,2.708,121998
1994-01-11,2.708,2.708,2.691,2.708,50760
1994-01-12,2.691,2.691,2.691,2.691,141894
1994-01-15,2.674,2.674,2.657,2.657,35182
1994-01-16,2.657,2.657,2.605,2.657,72580
1994-01-17,2.605,2.657,2.605,2.622,9102
1994-01-18,2.64,2.657,2.622,2.622,14936
1994-01-19,2.622,2.622,2.571,2.605,10385
1994-01-22,2.605,2.622,2.588,2.605,33606
1994-01-23,2.605,2.605,2.605,2.605,23688
1994-01-24,2.605,2.605,2.588,2.588,16395
1994-01-25,2.605,2.605,2.571,2.571,82207
1994-01-26,2.571,2.588,2.571,2.588,2917
1994-01-29,2.571,2.571,2.554,2.571,54552
1994-01-30,2.571,2.588,2.554,2.571,22988
1994-01-31,2.588,2.588,2.588,2.588,7818
1994-02-01,2.571,2.571,2.571,2.571,7235
1994-02-02,2.571,2.571,2.571,2.571,16278
1994-02-05,2.348,2.348,2.348,2.348,2567
1994-02-06,2.485,2.485,2.485,2.485,2859
1994-02-07,2.485,2.52,2.468,2.485,52218
1994-02-08,2.451,2.468,2.451,2.468,76431
1994-02-09,2.468,2.468,2.434,2.434,67213
1994-02-12,2.434,2.451,2.417,2.451,9218
1994-02-13,2.417,2.417,2.314,2.314,145569
1994-02-14,2.314,2.4,2.314,2.4,2217
1994-02-15,2.4,2.4,2.314,2.4,105137
1994-02-16,2.382,2.382,2.382,2.382,48367
1994-02-19,2.365,2.365,2.365,2.365,7235
1994-02-20,2.365,2.365,2.314,2.314,61203
1994-02-21,2.382,2.382,2.331,2.382,18145
1994-02-22,2.348,2.348,2.348,2.348,5834
1994-02-23,2.331,2.331,2.314,2.314,89967
1994-02-26,2.314,2.331,2.297,2.314,22638
1994-02-27,2.297,2.314,2.297,2.314,33431
1994-02-28,2.297,2.348,2.28,2.314,57819
1994-03-02,2.314,2.331,2.297,2.297,12311
1994-03-05,2.314,2.331,2.314,2.314,90375
1994-03-06,2.314,2.314,2.314,2.314,7760
1994-03-07,2.331,2.348,2.331,2.331,30689
1994-03-08,2.348,2.348,2.331,2.348,13478
1994-03-09,2.348,2.571,2.348,2.571,5776
1994-03-20,2.348,2.348,2.348,2.348,1517
1994-03-21,2.365,2.365,2.365,2.365,1050
1994-03-22,2.382,2.382,2.365,2.365,60678
1994-03-23,2.365,2.365,2.314,2.348,15403
1994-03-26,2.314,2.314,2.228,2.228,270951
1994-03-27,2.228,2.228,2.074,2.074,7351
1994-03-28,2.194,2.228,2.142,2.16,37515
1994-03-29,2.177,2.314,2.177,2.314,62312
1994-04-02,2.194,2.228,2.194,2.228,21529
1994-04-03,2.245,2.28,2.245,2.28,4551
1994-04-04,2.28,2.28,2.245,2.245,20479
1994-04-05,2.262,2.262,2.262,2.262,17503
1994-04-06,2.245,2.245,2.245,2.245,29055
1994-04-09,2.245,2.245,2.194,2.194,158697
1994-04-10,2.194,2.194,2.142,2.142,143936
1994-04-11,2.142,2.16,2.125,2.16,47726
1994-04-12,2.108,2.125,2.108,2.108,32148
1994-04-13,2.125,2.125,1.954,1.954,33490
1994-04-16,2.005,2.125,1.971,2.125,84308
1994-04-17,2.142,2.142,2.057,2.057,63595
1994-04-18,2.091,2.091,2.091,2.091,40491
1994-04-19,2.091,2.125,2.091,2.125,11085
1994-04-20,2.108,2.16,2.108,2.16,23921
1994-04-23,2.16,2.16,2.125,2.142,53443
1994-04-24,2.16,2.16,2.16,2.16,55194
1994-04-25,2.211,2.211,2.16,2.177,12252
1994-04-26,2.177,2.194,2.177,2.194,31448
1994-04-27,2.211,2.211,2.194,2.194,14469
1994-04-30,2.177,2.194,2.16,2.16,157705
1994-05-01,2.177,2.177,2.177,2.177,50701
1994-05-02,2.177,2.177,2.142,2.177,115697
1994-05-03,2.16,2.177,2.16,2.177,57236
1994-05-04,2.16,2.177,2.16,2.16,46792
1994-05-07,2.16,2.16,2.16,2.16,10035
1994-05-08,2.16,2.16,2.16,2.16,94284
1994-05-09,2.16,2.16,2.142,2.142,2217
1994-05-10,2.142,2.142,2.142,2.142,74039
1994-05-11,2.16,2.16,2.142,2.142,40958
1994-05-14,2.142,2.16,2.142,2.142,68030
1994-05-15,2.142,2.142,2.142,2.142,7585
1994-05-16,2.142,2.142,2.142,2.142,24505
1994-05-17,2.16,2.16,2.142,2.142,135126
1994-05-28,2.142,2.142,2.142,2.142,20712
1994-05-29,2.142,2.16,2.142,2.16,44225
1994-05-30,2.142,2.142,2.142,2.142,22054
1994-05-31,2.04,2.16,2.04,2.16,110213
1994-06-01,2.142,2.142,2.142,2.142,1517
1994-06-02,2.142,2.142,2.142,2.142,8693
1994-06-04,2.142,2.142,2.142,2.142,1750
1994-06-05,2.142,2.142,2.142,2.142,17853
1994-06-06,2.142,2.142,2.142,2.142,8810
1994-06-07,2.142,2.142,2.142,2.142,74973
1994-06-08,2.142,2.142,2.108,2.142,63479
1994-06-11,2.125,2.125,2.125,2.125,3267
1994-06-12,2.142,2.142,2.125,2.125,39557
1994-06-13,2.125,2.125,2.125,2.125,24038
1994-06-14,2.108,2.108,2.057,2.057,14703
1994-06-15,2.057,2.091,2.057,2.091,24155
1994-06-16,2.057,2.057,2.057,2.057,43175
1994-06-19,2.091,2.228,2.091,2.228,165056
1994-06-20,2.142,2.177,2.142,2.177,28064
1994-06-21,2.142,2.142,2.108,2.108,39266
1994-06-22,2.125,2.125,2.125,2.125,36174
1994-06-23,2.125,2.142,2.125,2.125,76023
1994-06-25,2.125,2.125,2.108,2.108,34832
1994-06-26,2.108,2.108,2.108,2.108,5368
1994-06-27,2.108,2.108,2.108,2.108,44984
1994-06-28,2.108,2.108,2.057,2.057,17095
1994-06-30,2.074,2.074,2.074,2.074,525
1994-07-02,2.057,2.074,2.057,2.074,12369
1994-07-03,2.057,2.057,2.057,2.057,101636
1994-07-04,2.022,2.057,2.022,2.057,12719
1994-07-05,2.057,2.057,2.022,2.022,8985
1994-07-06,1.988,1.988,1.988,1.988,1225
1994-07-09,1.988,1.988,1.971,1.971,26547
1994-07-10,2.022,2.022,2.022,2.022,29172
1994-07-11,1.988,1.988,1.988,1.988,2509
1994-07-12,2.022,2.022,2.022,2.022,2334
1994-07-13,2.022,2.04,2.022,2.04,61203
1994-07-14,2.04,2.04,2.04,2.04,1400
1994-07-16,1.988,1.988,1.971,1.971,84249
1994-07-17,1.988,2.022,1.988,2.022,58344
1994-07-18,2.022,2.057,2.022,2.022,58636
1994-07-19,2.022,2.091,2.022,2.091,10035
1994-07-20,2.022,2.022,2.022,2.022,12894
1994-07-21,1.988,1.988,1.988,1.988,1342
1994-07-23,1.988,2.022,1.988,2.022,8577
1994-07-24,1.988,2.005,1.988,2.005,15345
1994-07-25,2.022,2.022,2.022,2.022,1750
1994-07-26,1.988,1.988,1.988,1.988,16862
1994-07-27,2.005,2.005,2.005,2.005,32089
1994-07-28,2.005,2.005,2.005,2.005,8635
1994-07-30,2.005,2.005,2.005,2.005,16803
1994-07-31,2.005,2.005,2.005,2.005,16511
1994-08-01,2.005,2.022,2.005,2.022,16220
1994-08-02,2.005,2.005,2.005,2.005,4317
1994-08-03,2.005,2.022,2.005,2.022,7410
1994-08-04,2.005,2.005,2.005,2.005,5834
1994-08-06,2.022,2.04,2.022,2.022,38566
1994-08-07,2.022,2.022,2.022,2.022,47959
1994-08-08,2.022,2.057,2.022,2.057,23571
1994-08-09,2.022,2.057,2.022,2.057,13303
1994-08-10,2.057,2.057,2.057,2.057,18612
1994-08-13,2.074,2.108,2.057,2.057,113071
1994-08-14,2.04,2.04,2.04,2.04,2567
1994-08-15,2.057,2.057,2.04,2.04,13186
1994-08-16,2.057,2.057,2.057,2.057,2450
1994-08-17,2.057,2.057,2.057,2.057,9218
1994-08-18,2.057,2.057,2.057,2.057,6885
1994-08-20,2.057,2.057,2.057,2.057,6126
1994-08-21,2.057,2.057,2.057,2.057,1225
1994-08-22,2.074,2.074,2.074,2.074,51985
1994-08-23,2.074,2.074,2.057,2.057,14703
1994-08-24,2.057,2.057,2.057,2.057,11144
1994-08-25,2.074,2.074,2.057,2.057,9860
1994-08-27,2.057,2.057,2.057,2.057,17212
1994-08-28,2.074,2.074,2.057,2.074,18554
1994-08-29,2.074,2.074,2.057,2.057,5834
1994-08-30,2.057,2.074,2.057,2.074,25963
1994-09-01,2.091,2.091,2.074,2.074,34540
1994-09-03,2.057,2.074,2.057,2.074,50001
1994-09-04,2.057,2.074,2.057,2.057,78123
1994-09-05,2.057,2.262,2.057,2.262,224684
1994-09-06,2.245,2.245,2.074,2.194,23396
1994-09-07,2.091,2.142,2.091,2.142,16103
1994-09-08,2.142,2.142,2.142,2.142,1050
1994-09-10,2.142,2.194,2.091,2.091,52160
1994-09-11,2.091,2.108,2.091,2.108,6185
1994-09-12,2.125,2.142,2.125,2.125,21704
1994-09-13,2.16,2.16,2.125,2.125,45859
1994-09-14,2.108,2.108,2.091,2.091,34540
1994-09-15,2.091,2.142,2.091,2.142,26488
1994-09-17,2.142,2.177,2.142,2.177,99535
1994-09-18,2.16,2.16,2.16,2.16,4084
1994-09-19,2.177,2.211,2.16,2.194,318735
1994-09-20,2.228,2.365,2.228,2.331,265992
1994-09-21,2.228,2.245,2.194,2.245,53210
1994-09-22,2.245,2.245,2.194,2.194,40724
1994-09-24,2.245,2.245,2.194,2.194,43758
1994-09-25,2.194,2.228,2.194,2.228,46967
1994-09-26,2.228,2.245,2.228,2.228,30164
1994-09-27,2.211,2.228,2.211,2.211,44984
1994-09-28,2.211,2.211,2.142,2.142,51751
1994-10-01,2.04,2.091,2.04,2.091,5251
1994-10-02,2.142,2.142,2.142,2.142,10152
1994-10-03,2.142,2.16,2.142,2.142,26722
1994-10-04,2.142,2.228,2.142,2.228,86933
1994-10-05,2.194,2.194,2.177,2.194,89092
1994-10-06,2.211,2.211,2.211,2.211,2917
1994-10-08,2.194,2.194,2.074,2.125,138451
1994-10-09,2.108,2.177,2.108,2.125,158638
1994-10-10,2.125,2.125,2.125,2.125,3267
1994-10-11,2.108,2.108,2.108,2.108,2859
1994-10-12,2.125,2.125,2.125,2.125,11669
1994-10-13,2.108,2.108,2.091,2.091,11260
1994-10-15,2.057,2.108,2.057,2.108,5543
1994-10-16,2.108,2.108,2.091,2.091,7351
1994-10-17,2.108,2.108,2.108,2.108,11085
1994-10-18,2.091,2.091,2.057,2.091,155021
1994-10-19,2.074,2.074,2.057,2.057,60912
1994-10-20,2.074,2.074,2.074,2.074,2859
1994-10-22,2.074,2.074,2.074,2.074,24505
1994-10-23,2.074,2.091,2.074,2.074,77890
1994-10-24,2.074,2.074,2.057,2.074,118906
1994-10-25,2.074,2.074,2.057,2.057,241546
1994-10-26,2.057,2.074,2.057,2.057,86350
1994-10-27,2.057,2.057,2.057,2.057,1050
1994-10-29,2.057,2.074,2.057,2.057,25905
1994-10-30,2.057,2.074,2.057,2.057,5543
1994-10-31,2.057,2.074,2.057,2.057,82149
1994-11-01,2.057,2.057,2.057,2.057,9627
1994-11-02,2.057,2.057,2.04,2.04,3967
1994-11-03,2.04,2.04,2.04,2.04,4201
1994-11-05,2.057,2.057,2.057,2.057,18787
1994-11-06,2.057,2.057,2.057,2.057,4259
1994-11-07,2.057,2.057,2.04,2.04,22638
1994-11-08,2.04,2.04,2.04,2.04,1867
1994-11-10,2.04,2.04,2.04,2.04,8752
1994-11-12,2.04,2.04,2.022,2.022,156655
1994-11-13,2.022,2.057,2.022,2.022,154554
1994-11-14,2.022,2.022,1.971,1.971,197146
1994-11-15,1.971,2.005,1.971,2.005,24738
1994-11-17,2.022,2.057,2.022,2.057,36757
1994-11-19,2.022,2.022,2.005,2.005,3151
1994-11-20,2.005,2.022,2.005,2.005,42591
1994-11-21,2.005,2.022,2.005,2.005,62662
1994-11-22,2.005,2.005,1.954,1.954,83432
1994-11-23,1.971,2.005,1.971,2.005,16220
1994-11-24,1.971,1.971,1.971,1.971,1517
1994-11-26,1.971,1.971,1.954,1.954,24038
1994-11-27,1.954,1.954,1.954,1.954,32264
1994-11-28,1.954,1.954,1.937,1.937,25613
1994-11-29,1.937,1.937,1.92,1.92,87517
1994-11-30,1.92,1.92,1.885,1.885,22171
1994-12-03,1.92,1.92,1.92,1.92,58344
1994-12-04,1.92,1.937,1.902,1.902,44342
1994-12-05,1.954,2.057,1.954,2.022,16395
1994-12-06,1.954,1.954,1.954,1.954,1517
1994-12-07,1.954,1.954,1.92,1.92,17620
1994-12-08,1.885,1.92,1.885,1.92,21179
1994-12-10,1.902,1.902,1.902,1.902,15403
1994-12-11,1.92,1.92,1.92,1.92,45975
1994-12-12,1.902,1.937,1.902,1.937,39557
1994-12-13,1.954,1.954,1.92,1.954,11494
1994-12-14,1.954,2.022,1.937,1.971,94284
1994-12-15,1.937,1.937,1.937,1.937,1225
1994-12-17,1.954,1.971,1.954,1.971,24971
1994-12-18,1.937,1.971,1.937,1.971,29522
1994-12-19,1.971,1.971,1.971,1.971,8927
1994-12-20,1.988,1.988,1.988,1.988,58344
1994-12-21,1.988,2.005,1.988,2.005,153329
1994-12-22,1.988,2.022,1.988,2.022,92768
1994-12-24,1.988,2.005,1.988,1.988,7876
1994-12-25,1.988,2.005,1.988,2.005,15111
1994-12-26,1.988,2.005,1.988,2.005,7001
1994-12-27,2.005,2.005,1.988,1.988,7935
1994-12-28,1.988,2.005,1.988,1.988,115288
1994-12-29,1.988,2.057,1.988,2.057,155838
1995-01-02,2.005,2.005,1.988,1.988,52452
1995-01-03,1.988,1.988,1.988,1.988,32264
1995-01-04,1.971,1.971,1.971,1.971,1517
1995-01-05,1.954,1.988,1.954,1.988,6943
1995-01-07,1.988,2.04,1.988,1.988,57644
1995-01-08,1.988,2.022,1.988,2.022,15811
1995-01-09,1.988,1.988,1.971,1.971,21529
1995-01-10,1.971,1.988,1.954,1.954,128358
1995-01-11,1.954,1.954,1.937,1.954,25555
1995-01-12,1.954,1.954,1.954,1.954,7701
1995-01-14,1.954,1.954,1.954,1.954,1284
1995-01-15,1.954,1.954,1.954,1.954,3501
1995-01-16,1.971,1.971,1.971,1.971,31564
1995-01-17,1.971,2.005,1.971,2.005,17853
1995-01-18,1.971,1.971,1.92,1.92,33023
1995-01-21,1.937,1.937,1.937,1.937,4609
1995-01-22,1.937,1.937,1.937,1.937,3851
1995-01-23,1.937,1.954,1.937,1.937,8343
1995-01-24,1.971,1.971,1.971,1.971,9102
1995-01-28,1.937,1.971,1.937,1.937,259808
1995-01-29,1.971,1.971,1.971,1.971,78765
1995-01-30,1.937,1.971,1.937,1.937,5543
1995-01-31,1.971,1.971,1.937,1.937,7176
1995-02-04,1.937,1.971,1.937,1.971,7935
1995-02-05,1.971,1.971,1.971,1.971,3151
1995-02-06,1.971,1.971,1.868,1.954,64179
1995-02-07,1.937,1.954,1.937,1.954,14936
1995-02-08,1.954,1.954,1.954,1.954,3267
1995-02-09,1.954,1.954,1.954,1.954,583
1995-02-11,1.954,1.954,1.954,1.954,5018
1995-02-12,1.954,1.954,1.954,1.954,6009
1995-02-13,1.954,1.954,1.954,1.954,3501
1995-02-14,1.954,1.954,1.954,1.954,15870
1995-02-15,1.954,1.954,1.954,1.954,2100
1995-02-16,1.954,1.954,1.954,1.954,233
1995-02-18,1.92,1.92,1.885,1.902,29756
1995-02-19,1.954,1.954,1.92,1.92,24446
1995-02-20,1.92,1.92,1.92,1.92,10969
1995-02-21,1.92,1.92,1.902,1.902,5543
1995-02-22,1.902,1.954,1.902,1.954,17970
1995-02-23,1.885,1.902,1.885,1.902,1459
1995-02-26,1.902,1.902,1.902,1.902,175033
1995-02-27,1.92,1.92,1.92,1.92,1750
1995-03-07,1.902,1.902,1.902,1.902,583
1995-03-09,1.902,1.937,1.885,1.885,150704
1995-03-11,1.885,1.937,1.885,1.937,25496
1995-03-12,1.885,1.937,1.885,1.937,11786
1995-03-13,1.954,1.971,1.92,1.92,21937
1995-03-14,1.937,1.937,1.937,1.937,7585
1995-03-15,1.92,1.937,1.902,1.92,52627
1995-03-16,1.92,1.92,1.902,1.902,58461
1995-03-18,1.937,1.971,1.937,1.954,162431
1995-03-19,1.937,1.954,1.902,1.954,17678
1995-03-20,1.92,1.937,1.92,1.92,25321
1995-03-21,1.937,1.971,1.902,1.902,93876
1995-03-22,1.954,1.954,1.902,1.902,6943
1995-03-23,1.902,1.902,1.902,1.902,1050
1995-03-25,1.92,1.92,1.92,1.92,1517
1995-03-26,1.902,1.92,1.902,1.92,249947
1995-03-27,1.902,1.902,1.902,1.902,5368
1995-03-28,1.902,1.902,1.902,1.902,5018
1995-03-29,1.902,1.902,1.902,1.902,4434
1995-03-30,1.902,1.902,1.902,1.902,10444
1995-04-01,1.92,1.92,1.902,1.902,60095
1995-04-02,1.902,1.92,1.902,1.902,65754
1995-04-03,1.902,1.92,1.902,1.92,5368
1995-04-04,1.902,1.902,1.902,1.902,8052
1995-04-05,1.902,1.902,1.902,1.902,1517
1995-04-06,1.902,1.902,1.902,1.902,9160
1995-04-08,1.902,1.902,1.902,1.902,63070
1995-04-09,1.902,1.902,1.902,1.902,7118
1995-04-10,1.902,1.902,1.885,1.885,71238
1995-04-11,1.885,1.902,1.885,1.885,45742
1995-04-12,1.902,1.902,1.902,1.902,27422
1995-04-13,1.885,1.885,1.885,1.885,8227
1995-04-15,1.885,1.885,1.8,1.8,164064
1995-04-16,1.885,1.885,1.8,1.817,13886
1995-04-17,1.817,1.834,1.817,1.817,16978
1995-04-18,1.817,1.817,1.817,1.817,37515
1995-04-19,1.817,1.817,1.817,1.817,408
1995-04-20,1.817,1.817,1.817,1.817,5426
1995-04-22,1.817,1.817,1.8,1.817,31331
1995-04-23,1.817,1.817,1.817,1.817,11902
1995-04-24,1.817,1.817,1.817,1.817,10502
1995-04-25,1.817,1.834,1.817,1.834,15403
1995-04-27,1.765,1.783,1.765,1.783,3676
1995-04-29,1.817,1.817,1.783,1.783,15345
1995-04-30,1.783,1.783,1.783,1.783,21587
1995-05-01,1.748,1.748,1.748,1.748,63595
1995-05-02,1.731,1.783,1.731,1.731,33665
1995-05-03,1.765,1.765,1.765,1.765,5601
1995-05-14,1.748,1.748,1.748,1.748,2334
1995-05-15,1.765,1.765,1.714,1.714,219316
1995-05-16,1.731,1.731,1.731,1.731,36757
1995-05-17,1.731,1.765,1.731,1.731,83491
1995-05-18,1.731,1.731,1.731,1.731,10852
1995-05-20,1.731,1.731,1.731,1.731,1750
1995-05-21,1.731,1.731,1.731,1.731,63245
1995-05-22,1.731,1.731,1.731,1.731,7001
1995-05-23,1.731,1.731,1.731,1.731,17737
1995-05-24,1.714,1.714,1.714,1.714,1050
1995-05-25,1.731,1.731,1.731,1.731,10969
1995-05-27,1.714,1.714,1.714,1.714,6768
1995-05-28,1.731,1.731,1.731,1.731,11669
1995-05-29,1.731,1.731,1.714,1.714,42941
1995-05-30,1.714,1.714,1.714,1.714,2100
1995-05-31,1.68,1.68,1.68,1.68,11319
1995-06-01,1.68,1.68,1.68,1.68,8868
1995-06-03,1.68,1.68,1.68,1.68,1225
1995-06-04,1.68,1.697,1.663,1.663,8693
1995-06-05,1.663,1.663,1.628,1.628,71530
1995-06-07,1.628,1.645,1.628,1.645,19662
1995-06-08,1.645,1.645,1.645,1.645,6126
1995-06-10,1.645,1.697,1.645,1.697,69080
1995-06-11,1.663,1.663,1.663,1.663,20070
1995-06-12,1.663,1.714,1.645,1.714,200646
1995-06-13,1.714,1.8,1.68,1.714,94693
1995-06-14,1.714,1.765,1.714,1.714,7526
1995-06-15,1.731,1.731,1.714,1.714,32031
1995-06-17,1.731,1.765,1.731,1.765,90375
1995-06-18,1.748,1.783,1.731,1.765,57294
1995-06-19,1.783,1.8,1.783,1.8,60095
1995-06-20,1.748,1.902,1.748,1.902,297615
1995-06-21,1.868,1.868,1.8,1.817,237928
1995-06-22,1.817,1.817,1.817,1.817,42125
1995-06-24,1.8,1.8,1.731,1.731,51343
1995-06-25,1.731,1.748,1.731,1.748,68321
1995-06-26,1.748,1.765,1.731,1.748,100119
1995-06-27,1.765,1.765,1.748,1.748,107354
1995-06-28,1.748,1.748,1.731,1.748,77073
1995-06-29,1.748,1.748,1.748,1.748,6185
1995-07-01,1.765,1.765,1.748,1.765,154963
1995-07-02,1.748,1.765,1.748,1.765,206889
1995-07-03,1.748,1.765,1.748,1.765,205606
1995-07-04,1.748,1.765,1.748,1.748,104028
1995-07-05,1.748,1.765,1.748,1.765,138918
1995-07-06,1.748,1.765,1.748,1.748,68321
1995-07-08,1.748,1.765,1.748,1.765,20654
1995-07-09,1.765,1.783,1.765,1.783,62604
1995-07-10,1.783,1.8,1.783,1.783,24038
1995-07-11,1.783,1.783,1.783,1.783,66571
1995-07-12,1.783,1.817,1.783,1.817,64762
1995-07-13,1.817,1.817,1.765,1.765,43817
1995-07-15,1.765,1.765,1.765,1.765,8927
1995-07-16,1.8,1.834,1.8,1.834,59395
1995-07-17,1.817,1.834,1.817,1.817,38741
1995-07-18,1.817,1.817,1.8,1.8,100469
1995-07-19,1.8,1.8,1.765,1.765,33431
1995-07-20,1.765,1.765,1.765,1.765,7001
1995-07-22,1.765,1.765,1.765,1.765,72289
1995-07-23,1.765,1.765,1.765,1.765,11611
1995-07-24,1.748,1.748,1.748,1.748,9335
1995-07-25,1.765,1.765,1.765,1.765,5834
1995-07-26,1.765,1.765,1.765,1.765,22346
1995-07-27,1.765,1.765,1.765,1.765,10269
1995-07-29,1.783,1.8,1.765,1.765,91309
1995-07-30,1.765,1.783,1.748,1.765,59045
1995-07-31,1.765,1.765,1.748,1.765,28180
1995-08-01,1.765,1.783,1.765,1.783,65346
1995-08-02,1.765,1.765,1.765,1.765,44400
1995-08-03,1.765,1.765,1.765,1.765,3267
1995-08-05,1.765,1.765,1.765,1.765,20887
1995-08-06,1.765,1.765,1.765,1.765,9802
1995-08-07,1.765,1.783,1.765,1.783,94868
1995-08-08,1.783,1.8,1.783,1.783,194287
1995-08-09,1.765,1.765,1.765,1.765,3034
1995-08-10,1.783,1.783,1.783,1.783,10794
1995-08-12,1.783,1.8,1.783,1.8,46676
1995-08-13,1.783,1.817,1.783,1.817,206772
1995-08-14,1.783,1.8,1.783,1.8,28064
1995-08-15,1.783,1.834,1.783,1.8,135884
1995-08-16,1.8,1.817,1.8,1.8,101694
1995-08-17,1.8,1.817,1.8,1.817,18203
1995-08-19,1.8,1.817,1.8,1.817,80224
1995-08-20,1.817,1.834,1.817,1.834,36232
1995-08-21,1.817,1.817,1.817,1.817,19020
1995-08-22,1.834,1.834,1.817,1.817,329296
1995-08-23,1.817,1.817,1.817,1.817,26080
1995-08-24,1.817,1.817,1.8,1.8,3676
1995-08-26,1.8,1.8,1.8,1.8,8052
1995-08-27,1.8,1.817,1.8,1.8,33606
1995-08-28,1.8,1.817,1.8,1.8,30164
1995-08-29,1.8,1.8,1.8,1.8,3267
1995-08-30,1.817,1.817,1.817,1.817,29172
1995-08-31,1.8,1.8,1.8,1.8,10794
1995-09-02,1.8,1.8,1.8,1.8,8518
1995-09-03,1.8,1.8,1.8,1.8,8052
1995-09-04,1.8,1.817,1.783,1.817,57528
1995-09-05,1.8,1.8,1.8,1.8,4493
1995-09-06,1.8,1.8,1.8,1.8,18087
1995-09-07,1.8,1.8,1.783,1.783,16628
1995-09-10,1.783,1.8,1.783,1.8,151462
1995-09-11,1.783,1.783,1.783,1.783,5776
1995-09-12,1.783,1.783,1.783,1.783,8752
1995-09-13,1.783,1.8,1.783,1.8,17970
1995-09-14,1.8,1.8,1.8,1.8,47842
1995-09-16,1.783,1.8,1.783,1.8,9685
1995-09-17,1.783,1.783,1.783,1.783,2334
1995-09-18,1.783,1.783,1.783,1.783,11202
1995-09-19,1.783,1.783,1.783,1.783,105953
1995-09-20,1.783,1.817,1.783,1.817,14878
1995-09-21,1.783,1.783,1.783,1.783,6535
1995-09-23,1.783,1.902,1.783,1.885,565007
1995-09-24,1.885,1.885,1.851,1.885,571250
1995-09-25,1.868,1.868,1.851,1.851,330288
1995-09-26,1.834,1.851,1.834,1.851,170716
1995-09-27,1.834,1.834,1.834,1.834,31273
1995-09-30,1.851,1.868,1.851,1.851,111963
1995-10-01,1.868,1.868,1.851,1.851,203097
1995-10-02,1.851,1.851,1.834,1.834,26838
1995-10-03,1.851,1.954,1.834,1.868,370078
1995-10-04,1.851,1.902,1.851,1.902,24155
1995-10-05,1.851,1.851,1.851,1.851,58169
1995-10-07,1.851,1.885,1.851,1.868,52510
1995-10-08,1.868,1.885,1.868,1.868,104903
1995-10-09,1.868,1.868,1.868,1.868,117
1995-10-10,1.851,1.885,1.851,1.885,49184
1995-10-11,1.851,1.868,1.851,1.851,23163
1995-10-12,1.868,1.868,1.851,1.851,11377
1995-10-14,1.851,1.885,1.851,1.851,23746
1995-10-15,1.851,1.851,1.851,1.851,26722
1995-10-16,1.851,1.851,1.834,1.834,14061
1995-10-17,1.834,1.834,1.834,1.834,45392
1995-10-18,1.834,1.834,1.834,1.834,138159
1995-10-19,1.834,1.834,1.834,1.834,61495
1995-10-21,1.834,1.834,1.8,1.8,112196
1995-10-22,1.8,1.817,1.8,1.8,104670
1995-10-23,1.8,1.817,1.8,1.8,108754
1995-10-24,1.8,1.8,1.8,1.8,275035
1995-10-25,1.8,1.834,1.8,1.817,146794
1995-10-26,1.817,1.817,1.817,1.817,10735
1995-10-28,1.817,1.817,1.8,1.817,59161
1995-10-29,1.817,1.817,1.817,1.817,101344
1995-10-30,1.8,1.834,1.8,1.834,312317
1995-10-31,1.834,1.834,1.817,1.834,273635
1995-11-01,1.868,1.954,1.868,1.885,547562
1995-11-02,1.868,1.902,1.868,1.902,44225
1995-11-04,1.868,1.937,1.868,1.92,283729
1995-11-05,1.937,1.937,1.92,1.92,179876
1995-11-06,1.92,1.937,1.92,1.937,63595
1995-11-07,1.937,1.937,1.902,1.902,73864
1995-11-08,1.902,1.937,1.902,1.902,50235
1995-11-09,1.902,1.92,1.902,1.92,62545
1995-11-11,1.902,1.902,1.902,1.902,48367
1995-11-12,1.902,1.902,1.902,1.902,2100
1995-11-13,1.885,1.885,1.885,1.885,8810
1995-11-14,1.885,1.902,1.885,1.902,7643
1995-11-15,1.885,1.885,1.885,1.885,1517
1995-11-16,1.92,1.937,1.902,1.902,101869
1995-11-18,1.885,1.902,1.885,1.902,14878
1995-11-19,1.885,1.902,1.885,1.902,10560
1995-11-20,1.92,1.92,1.92,1.92,105662
1995-11-21,1.902,1.902,1.902,1.902,12369
1995-11-22,1.902,1.92,1.902,1.92,46792
1995-11-23,1.902,1.902,1.902,1.902,7351
1995-11-25,1.902,1.902,1.885,1.885,75906
1995-11-26,1.885,1.902,1.885,1.885,213949
1995-11-27,1.885,1.902,1.885,1.902,86583
1995-11-28,1.92,1.937,1.92,1.92,197904
1995-11-29,1.902,1.937,1.902,1.937,96152
1995-11-30,1.92,1.92,1.92,1.92,3384
1995-12-02,1.92,1.92,1.902,1.92,108346
1995-12-03,1.92,1.92,1.92,1.92,18670
1995-12-04,1.902,1.92,1.902,1.92,63829
1995-12-05,1.92,1.92,1.92,1.92,7760
1995-12-06,1.937,1.937,1.92,1.92,66979
1995-12-07,1.92,1.92,1.92,1.92,2917
1995-12-09,1.937,1.937,1.937,1.937,341373
1995-12-10,1.92,1.92,1.92,1.92,48834
1995-12-11,1.92,1.92,1.885,1.902,50760
1995-12-12,1.902,1.902,1.902,1.902,19487
1995-12-13,1.937,1.937,1.92,1.92,4784
1995-12-14,1.92,1.92,1.92,1.92,1750
1995-12-16,1.92,1.92,1.902,1.92,295981
1995-12-17,1.92,1.92,1.92,1.92,9102
1995-12-18,1.92,1.92,1.92,1.92,3092
1995-12-19,1.937,1.971,1.937,1.971,177017
1995-12-20,1.971,1.971,1.971,1.971,58344
1995-12-21,1.937,1.937,1.937,1.937,1517
1995-12-23,1.937,1.937,1.937,1.937,14586
1995-12-24,1.937,1.988,1.937,1.988,46500
1995-12-25,1.988,2.005,1.971,1.971,64996
1995-12-26,1.971,1.988,1.971,1.988,132617
1995-12-27,1.954,2.005,1.954,2.005,130750
1995-12-28,1.988,1.988,1.988,1.988,3734
1995-12-30,2.005,2.005,1.988,1.988,12836
1995-12-31,1.988,1.988,1.988,1.988,1400
1996-01-01,1.988,1.988,1.988,1.988,16862
1996-01-02,1.988,1.988,1.988,1.988,1925
1996-01-03,1.988,1.988,1.988,1.988,53560
1996-01-04,1.988,1.988,1.971,1.971,129641
1996-01-06,1.954,1.954,1.954,1.954,1750
1996-01-07,1.954,1.954,1.937,1.937,391257
1996-01-08,1.954,1.971,1.937,1.937,125849
1996-01-09,1.937,1.971,1.937,1.971,32731
1996-01-10,1.954,1.954,1.954,1.954,5834
1996-01-11,1.954,1.954,1.954,1.954,2100
1996-01-13,1.971,1.971,1.954,1.971,36349
1996-01-14,1.971,1.988,1.971,1.988,73397
1996-01-15,2.005,2.005,2.005,2.005,2100
1996-01-16,2.005,2.057,2.005,2.057,214532
1996-01-17,2.057,2.091,2.057,2.091,31506
1996-01-20,2.057,2.091,2.057,2.074,19079
1996-01-21,2.074,2.074,2.074,2.074,6768
1996-01-22,2.074,2.074,2.074,2.074,78940
1996-01-23,2.091,2.091,2.057,2.057,20421
1996-01-24,2.057,2.057,2.057,2.057,11319
1996-01-25,2.057,2.057,2.057,2.057,1750
1996-01-27,2.057,2.057,2.057,2.057,114588
1996-01-29,2.022,2.04,2.022,2.04,19720
1996-01-30,2.022,2.022,2.022,2.022,1517
1996-01-31,1.988,1.988,1.971,1.988,32615
1996-02-03,2.005,2.005,2.005,2.005,124974
1996-02-04,1.988,1.988,1.988,1.988,37866
1996-02-05,1.988,1.988,1.988,1.988,2567
1996-02-06,1.988,2.005,1.988,2.005,6768
1996-02-07,1.988,1.988,1.988,1.988,1750
1996-02-10,2.005,2.005,1.988,1.988,6301
1996-02-11,1.988,1.988,1.954,1.954,148836
1996-02-14,1.971,1.988,1.971,1.988,29172
1996-02-24,1.937,1.937,1.937,1.937,3034
1996-02-25,1.988,2.005,1.937,1.937,20421
1996-02-26,1.937,1.988,1.937,1.988,8868
1996-02-28,1.834,1.834,1.834,1.834,1575
1996-03-02,1.902,1.902,1.885,1.885,84833
1996-03-03,1.885,1.902,1.885,1.902,30631
1996-03-04,1.885,1.885,1.885,1.885,6068
1996-03-05,1.885,1.92,1.885,1.92,54144
1996-03-06,1.885,1.885,1.885,1.885,6009
1996-03-07,1.885,1.885,1.885,1.885,6185
1996-03-09,1.885,1.902,1.868,1.868,136876
1996-03-10,1.868,1.92,1.851,1.851,20304
1996-03-11,1.8,1.8,1.8,1.8,4142
1996-03-13,1.8,1.817,1.8,1.8,9393
1996-03-14,1.868,1.868,1.868,1.868,2917
1996-03-16,1.817,1.885,1.8,1.817,22288
1996-03-17,1.817,1.834,1.817,1.834,29464
1996-03-18,1.834,1.834,1.834,1.834,1925
1996-03-19,1.817,1.834,1.817,1.834,3034
1996-03-20,1.834,1.834,1.834,1.834,6360
1996-03-24,1.834,1.868,1.834,1.851,15461
1996-03-25,1.851,1.851,1.834,1.834,13536
1996-03-26,1.851,1.868,1.851,1.851,152162
1996-03-27,1.885,1.902,1.851,1.851,21821
1996-03-28,1.851,1.851,1.851,1.851,5601
1996-03-30,1.851,1.851,1.851,1.851,63595
1996-03-31,1.851,1.885,1.851,1.885,28647
1996-04-01,1.885,1.885,1.851,1.851,104495
1996-04-02,1.868,1.868,1.868,1.868,1517
1996-04-03,1.868,1.902,1.851,1.868,299307
1996-04-06,1.868,1.885,1.868,1.868,122698
1996-04-07,1.851,1.885,1.851,1.885,327195
1996-04-08,1.868,1.92,1.868,1.885,74447
1996-04-09,1.937,1.988,1.937,1.988,630119
1996-04-10,1.92,1.937,1.92,1.92,192478
1996-04-11,1.92,1.92,1.92,1.92,7001
1996-04-13,1.92,1.92,1.92,1.92,5076
1996-04-14,1.92,1.92,1.902,1.92,179701
1996-04-15,1.92,1.937,1.92,1.937,54844
1996-04-16,1.937,1.937,1.937,1.937,292
1996-04-17,1.92,1.954,1.92,1.954,93059
1996-04-18,1.937,1.937,1.937,1.937,4493
1996-04-20,1.954,1.971,1.937,1.971,14353
1996-04-21,1.937,1.971,1.937,1.971,97960
1996-04-22,1.954,2.005,1.954,1.988,22813
1996-04-23,2.022,2.022,2.005,2.005,177367
1996-04-24,2.022,2.022,2.022,2.022,50176
1996-05-04,2.022,2.04,2.005,2.005,57703
1996-05-05,2.005,2.022,2.005,2.022,23104
1996-05-06,2.04,2.04,2.022,2.022,24971
1996-05-07,2.022,2.04,2.022,2.04,83316
1996-05-08,2.022,2.074,2.022,2.074,272760
1996-05-09,2.04,2.057,2.04,2.057,32848
1996-05-11,2.057,2.057,2.057,2.057,5543
1996-05-12,2.057,2.057,2.04,2.057,21004
1996-05-13,2.04,2.057,2.04,2.057,54960
1996-05-14,2.04,2.057,2.04,2.04,30456
1996-05-15,2.04,2.04,2.022,2.022,27714
1996-05-16,2.022,2.022,2.022,2.022,5368
1996-05-18,2.04,2.091,2.022,2.091,1525122
1996-05-19,2.057,2.057,2.04,2.04,64937
1996-05-20,2.04,2.091,2.04,2.04,200471
1996-05-21,2.04,2.04,2.04,2.04,10619
1996-05-22,2.04,2.04,2.04,2.04,19545
1996-05-23,2.04,2.04,2.04,2.04,13361
1996-05-25,2.04,2.04,2.04,2.04,41191
1996-05-26,2.04,2.057,2.04,2.057,579651
1996-05-27,2.04,2.04,2.04,2.04,65346
1996-05-28,2.04,2.04,2.022,2.022,79698
1996-05-29,2.04,2.04,2.04,2.04,48426
1996-05-30,2.04,2.04,2.022,2.022,5251
1996-06-01,2.04,2.04,2.022,2.022,134075
1996-06-02,2.022,2.022,1.971,1.971,35998
1996-06-03,1.971,1.971,1.971,1.971,5718
1996-06-04,1.988,1.988,1.988,1.988,1342
1996-06-05,1.988,1.988,1.988,1.988,5193
1996-06-08,1.988,1.988,1.988,1.988,3617
1996-06-09,1.988,1.988,1.971,1.971,7818
1996-06-10,1.971,1.971,1.971,1.971,10619
1996-06-11,1.971,1.988,1.971,1.971,3442
1996-06-12,1.971,1.971,1.971,1.971,1750
1996-06-15,1.937,1.971,1.937,1.971,9277
1996-06-16,1.937,1.937,1.937,1.937,5251
1996-06-17,1.937,1.937,1.937,1.937,5543
1996-06-18,1.937,1.937,1.937,1.937,2567
1996-06-20,1.92,1.937,1.92,1.937,4843
1996-06-22,1.937,1.937,1.92,1.92,11027
1996-06-23,1.954,1.954,1.902,1.902,33840
1996-06-24,1.937,1.937,1.92,1.937,6126
1996-06-25,1.971,1.971,1.954,1.954,27947
1996-06-26,1.937,1.988,1.937,1.954,37749
1996-06-27,1.954,1.971,1.954,1.971,9744
1996-06-29,1.954,2.142,1.954,2.057,77015
1996-06-30,2.005,2.005,1.988,2.005,32323
1996-07-01,2.005,2.005,1.988,1.988,42241
1996-07-02,2.005,2.005,2.005,2.005,18262
1996-07-03,2.005,2.005,1.988,1.988,12194
1996-07-06,1.988,1.988,1.988,1.988,5834
1996-07-07,1.988,1.988,1.988,1.988,7643
1996-07-08,1.988,1.988,1.988,1.988,3034
1996-07-09,1.988,1.988,1.971,1.988,81099
1996-07-10,1.988,1.988,1.988,1.988,46676
1996-07-11,1.988,1.988,1.971,1.988,168965
1996-07-13,1.971,1.971,1.954,1.954,43233
1996-07-14,1.971,1.971,1.92,1.92,7993
1996-07-15,1.868,1.868,1.868,1.868,5951
1996-07-17,1.868,1.954,1.868,1.954,78765
1996-07-18,1.971,1.971,1.954,1.971,40608
1996-07-24,1.8,1.834,1.8,1.834,12252
1996-07-25,1.834,1.834,1.834,1.834,9802
1996-07-27,1.851,1.851,1.851,1.851,24563
1996-07-28,1.851,1.851,1.817,1.817,13536
1996-07-29,1.817,1.817,1.817,1.817,3034
1996-07-30,1.817,1.851,1.817,1.851,36290
1996-07-31,1.851,1.885,1.851,1.868,64587
1996-08-01,1.851,1.851,1.851,1.851,34598
1996-08-03,1.851,1.868,1.851,1.851,136176
1996-08-04,1.851,1.851,1.851,1.851,583
1996-08-05,1.851,1.851,1.851,1.851,32323
1996-08-06,1.851,1.851,1.851,1.851,34832
1996-08-07,1.851,1.851,1.851,1.851,3617
1996-08-08,1.851,1.851,1.851,1.851,14936
1996-08-10,1.851,1.885,1.851,1.851,142710
1996-08-11,1.851,1.868,1.851,1.868,6301
1996-08-12,1.868,1.868,1.868,1.868,35182
1996-08-13,1.885,1.885,1.885,1.885,1575
1996-08-14,1.851,1.885,1.851,1.851,54085
1996-08-15,1.851,1.851,1.851,1.851,467
1996-08-17,1.851,1.868,1.851,1.868,9977
1996-08-18,1.885,1.902,1.885,1.885,27013
1996-08-19,1.885,1.885,1.885,1.885,1400
1996-08-20,1.885,1.885,1.885,1.885,30689
1996-08-21,1.902,1.902,1.902,1.902,49593
1996-08-22,1.902,1.902,1.902,1.902,1867
1996-08-24,1.902,1.902,1.902,1.902,4434
1996-08-25,1.902,1.902,1.902,1.902,7351
1996-08-26,1.902,1.92,1.885,1.902,160797
1996-08-27,1.902,1.902,1.902,1.902,25088
1996-08-28,1.902,1.902,1.902,1.902,1925
1996-08-29,1.902,1.902,1.902,1.902,3851
1996-08-31,1.885,1.885,1.885,1.885,1517
1996-09-01,1.885,1.954,1.885,1.954,53969
1996-09-02,1.885,1.885,1.885,1.885,4084
1996-09-03,1.92,1.92,1.92,1.92,35007
1996-09-04,1.92,1.92,1.92,1.92,6068
1996-09-05,1.92,1.92,1.92,1.92,1400
1996-09-07,1.92,1.92,1.92,1.92,15170
1996-09-08,1.92,1.92,1.902,1.902,74914
1996-09-10,1.902,1.92,1.902,1.92,62604
1996-09-14,1.92,1.954,1.92,1.937,81157
1996-09-15,1.954,1.954,1.954,1.954,72405
1996-09-16,1.954,1.954,1.954,1.954,32615
1996-09-17,1.954,1.954,1.954,1.954,583
1996-09-18,1.937,1.937,1.92,1.92,23338
1996-09-19,1.937,1.937,1.92,1.92,8868
1996-09-21,1.92,1.937,1.92,1.92,13944
1996-09-22,1.92,1.92,1.92,1.92,31856
1996-09-23,1.902,1.92,1.902,1.92,43992
1996-09-24,1.92,1.92,1.92,1.92,1517
1996-09-26,1.92,1.92,1.92,1.92,10619
1996-09-28,1.92,1.92,1.902,1.902,32673
1996-09-30,1.902,1.902,1.902,1.902,20596
1996-10-01,1.902,1.902,1.902,1.902,5834
1996-10-02,1.902,1.902,1.902,1.902,4434
1996-10-03,1.902,1.902,1.902,1.902,3326
1996-10-05,1.902,1.937,1.902,1.937,138801
1996-10-06,1.937,1.937,1.937,1.937,60270
1996-10-07,1.92,1.937,1.92,1.92,15111
1996-10-08,1.937,1.954,1.92,1.92,91076
1996-10-09,1.937,1.937,1.937,1.937,7176
1996-10-10,1.937,1.954,1.92,1.954,55077
1996-10-12,1.971,1.971,1.92,1.937,19254
1996-10-13,1.937,1.937,1.937,1.937,30689
1996-10-14,1.937,1.937,1.937,1.937,51110
1996-10-15,1.937,1.937,1.937,1.937,4784
1996-10-16,1.937,1.937,1.937,1.937,1167
1996-10-17,1.937,1.937,1.937,1.937,7351
1996-10-19,1.937,1.937,1.937,1.937,28122
1996-10-20,1.937,1.954,1.937,1.937,16862
1996-10-21,1.937,1.937,1.937,1.937,7935
1996-10-22,1.937,1.937,1.937,1.937,63129
1996-10-23,1.937,1.954,1.937,1.954,27188
1996-10-24,1.937,1.937,1.937,1.937,5834
1996-10-26,1.937,1.971,1.937,1.971,228185
1996-10-27,1.988,1.988,1.971,1.971,61787
1996-10-28,1.971,1.988,1.954,1.954,193645
1996-10-29,1.971,2.005,1.92,1.92,896695
1996-10-30,1.954,2.057,1.954,2.022,486184
1996-10-31,2.022,2.022,1.954,1.971,897453
1996-11-02,1.971,1.971,1.954,1.954,87108
1996-11-03,1.971,1.971,1.937,1.954,934210
1996-11-04,1.937,1.954,1.937,1.954,24446
1996-11-05,1.954,1.988,1.954,1.971,746750
1996-11-06,1.954,1.954,1.92,1.937,760752
1996-11-07,1.937,1.937,1.92,1.92,87517
1996-11-09,1.92,1.92,1.92,1.92,187869
1996-11-10,1.902,1.92,1.902,1.92,169024
1996-11-11,1.92,1.92,1.92,1.92,61087
1996-11-12,1.92,1.92,1.885,1.92,817463
1996-11-13,1.885,1.902,1.885,1.885,452869
1996-11-14,1.885,1.885,1.868,1.868,110913
1996-11-16,1.885,1.885,1.885,1.885,21354
1996-11-17,1.885,1.885,1.868,1.868,49418
1996-11-18,1.885,1.92,1.885,1.902,299948
1996-11-19,1.902,1.902,1.902,1.902,30806
1996-11-20,1.885,1.885,1.885,1.885,50410
1996-11-21,1.885,1.885,1.885,1.885,3792
1996-11-23,1.885,1.902,1.885,1.885,203972
1996-11-24,1.885,1.902,1.885,1.885,13419
1996-11-25,1.885,1.92,1.885,1.902,371420
1996-11-26,1.902,1.902,1.885,1.885,36407
1996-11-27,1.885,1.902,1.885,1.885,145686
1996-11-28,1.885,1.885,1.885,1.885,52860
1996-11-30,1.885,1.885,1.885,1.885,12894
1996-12-01,1.937,1.937,1.902,1.902,21121
1996-12-02,1.902,1.902,1.902,1.902,82324
1996-12-03,1.902,1.902,1.885,1.902,104145
1996-12-04,1.902,1.92,1.902,1.92,114355
1996-12-07,1.902,1.92,1.902,1.92,215466
1996-12-08,1.902,1.92,1.902,1.92,334313
1996-12-09,1.902,1.92,1.902,1.92,30689
1996-12-10,1.902,1.902,1.885,1.885,447093
1996-12-11,1.885,1.885,1.885,1.885,59278
1996-12-12,1.885,1.885,1.885,1.885,1517
1996-12-14,1.885,1.92,1.885,1.902,279294
1996-12-15,1.885,1.885,1.885,1.885,8402
1996-12-16,1.885,1.885,1.885,1.885,41191
1996-12-17,1.885,1.885,1.885,1.885,67679
1996-12-18,1.885,1.885,1.885,1.885,29172
1996-12-19,1.885,1.902,1.885,1.902,99185
1996-12-21,1.885,1.885,1.885,1.885,583
1996-12-22,1.885,1.885,1.885,1.885,18495
1996-12-23,1.885,1.885,1.885,1.885,44575
1996-12-24,1.902,1.902,1.885,1.885,41891
1996-12-25,1.885,1.902,1.885,1.902,135417
1996-12-26,1.885,1.902,1.885,1.902,5893
1996-12-28,1.885,1.885,1.885,1.885,6535
1996-12-29,1.885,1.885,1.885,1.885,1925
1996-12-30,1.885,1.885,1.885,1.885,73106
1996-12-31,1.868,1.868,1.868,1.868,3734
1997-01-01,1.885,1.902,1.868,1.868,178067
1997-01-02,1.885,1.885,1.868,1.868,12836
1997-01-04,1.868,1.885,1.868,1.868,101753
1997-01-05,1.885,1.885,1.868,1.868,41308
1997-01-06,1.885,1.902,1.868,1.902,182151
1997-01-07,1.885,1.902,1.885,1.885,194520
1997-01-08,1.885,1.902,1.885,1.885,85766
1997-01-09,1.902,1.902,1.902,1.902,11669
1997-01-11,1.885,1.885,1.885,1.885,10852
1997-01-12,1.885,1.885,1.885,1.885,41249
1997-01-14,1.885,1.885,1.885,1.885,7585
1997-01-15,1.885,1.885,1.885,1.885,5718
1997-01-16,1.885,1.902,1.885,1.902,237053
1997-01-18,1.885,1.885,1.885,1.885,25730
1997-01-19,1.885,1.885,1.885,1.885,120481
1997-01-20,1.885,1.885,1.885,1.885,18729
1997-01-21,1.885,1.885,1.885,1.885,5193
1997-01-22,1.885,1.885,1.885,1.885,23454
1997-01-25,1.885,1.902,1.868,1.902,98135
1997-01-26,1.885,1.902,1.885,1.902,91134
1997-01-27,1.885,1.885,1.885,1.885,26605
1997-01-28,1.902,1.902,1.885,1.885,13186
1997-01-29,1.885,1.885,1.885,1.885,19254
1997-01-30,1.885,1.885,1.885,1.885,6126
1997-02-01,1.885,1.902,1.885,1.902,111788
1997-02-02,1.885,1.885,1.885,1.885,577318
1997-02-03,1.885,1.937,1.885,1.902,81799
1997-02-04,1.902,1.92,1.902,1.902,85358
1997-02-05,1.902,1.954,1.902,1.92,210798
1997-02-15,1.92,1.937,1.902,1.937,402576
1997-02-16,1.937,1.971,1.937,1.954,214649
1997-02-17,1.954,1.971,1.92,1.971,185185
1997-02-18,1.937,1.937,1.937,1.937,134192
1997-02-19,1.954,1.954,1.92,1.92,45742
1997-02-20,1.92,1.937,1.92,1.937,58461
1997-02-22,1.92,1.954,1.92,1.954,90609
1997-02-23,1.954,1.988,1.954,1.988,1639419
1997-02-24,1.988,2.005,1.954,2.005,2319714
1997-02-25,1.971,2.005,1.971,1.988,1244252
1997-02-26,2.005,2.022,2.005,2.022,774697
1997-02-27,2.005,2.005,1.988,1.988,379005
1997-03-01,1.988,2.005,1.988,2.005,545695
1997-03-02,1.988,2.005,1.971,1.971,118206
1997-03-03,1.988,1.988,1.988,1.988,77423
1997-03-04,1.988,1.988,1.971,1.971,293122
1997-03-05,1.971,1.971,1.971,1.971,322528
1997-03-06,1.971,1.971,1.971,1.971,467
1997-03-08,1.971,1.971,1.971,1.971,37690
1997-03-09,1.971,1.971,1.971,1.971,70247
1997-03-10,1.954,1.954,1.937,1.937,146153
1997-03-11,1.954,1.954,1.937,1.937,272760
1997-03-12,1.937,1.937,1.937,1.937,5834
1997-03-13,1.937,1.937,1.937,1.937,1517
1997-03-15,1.954,1.954,1.954,1.954,82499
1997-03-16,1.954,1.954,1.954,1.954,102161
1997-03-17,1.954,1.954,1.954,1.954,61378
1997-03-18,1.954,1.954,1.954,1.954,22929
1997-03-19,1.954,1.954,1.954,1.954,3034
1997-03-20,1.954,1.954,1.954,1.954,103678
1997-03-22,1.954,1.954,1.954,1.954,13361
1997-03-23,1.954,1.954,1.954,1.954,2801
1997-03-24,1.954,1.954,1.954,1.954,4493
1997-03-25,1.954,1.954,1.954,1.954,5718
1997-03-26,1.954,1.954,1.954,1.954,247672
1997-03-27,1.954,1.954,1.954,1.954,105020
1997-03-29,1.937,1.954,1.937,1.937,38157
1997-03-30,1.937,1.937,1.937,1.937,62954
1997-03-31,1.937,1.937,1.937,1.937,16395
1997-04-01,1.937,1.937,1.937,1.937,234078
1997-04-02,1.937,1.937,1.937,1.937,141427
1997-04-03,1.937,1.937,1.92,1.92,59395
1997-04-05,1.92,1.92,1.92,1.92,51810
1997-04-06,1.92,1.937,1.92,1.937,71997
1997-04-07,1.937,1.937,1.92,1.92,17678
1997-04-08,1.937,1.937,1.92,1.92,6710
1997-04-09,1.92,1.92,1.92,1.92,7468
1997-04-10,1.92,1.92,1.885,1.885,122523
1997-04-12,1.885,1.92,1.885,1.92,200121
1997-04-13,1.92,1.92,1.902,1.902,14936
1997-04-14,1.92,1.92,1.902,1.902,152279
1997-04-23,1.902,1.902,1.902,1.902,1050
1997-04-24,1.902,1.902,1.902,1.902,1342
1997-04-26,1.902,1.937,1.902,1.92,112838
1997-04-27,1.902,1.902,1.902,1.902,49418
1997-04-28,1.902,1.902,1.902,1.902,58344
1997-04-29,1.885,1.885,1.885,1.885,8577
1997-04-30,1.902,1.902,1.885,1.885,35765
1997-05-01,1.885,1.885,1.885,1.885,1517
1997-05-03,1.885,1.902,1.885,1.885,48543
1997-05-04,1.868,1.868,1.851,1.851,229585
1997-05-05,1.851,1.885,1.851,1.885,17445
1997-05-06,1.902,1.902,1.885,1.902,29639
1997-05-07,1.902,1.902,1.902,1.902,2100
1997-05-08,1.885,1.885,1.885,1.885,6068
1997-05-10,1.885,1.885,1.885,1.885,5834
1997-05-11,1.885,1.885,1.885,1.885,222584
1997-05-12,1.902,1.902,1.902,1.902,4784
1997-05-13,1.902,1.902,1.885,1.885,30456
1997-05-14,1.885,1.885,1.885,1.885,19487
1997-05-17,1.885,1.885,1.868,1.868,234894
1997-05-18,1.868,1.868,1.868,1.868,84833
1997-05-19,1.868,1.868,1.868,1.868,16336
1997-05-20,1.851,1.868,1.851,1.868,205606
1997-05-21,1.868,1.868,1.868,1.868,43758
1997-05-22,1.868,1.902,1.868,1.885,537585
1997-05-24,1.868,1.902,1.868,1.902,532567
1997-05-25,1.851,1.868,1.851,1.868,63479
1997-05-26,1.868,1.868,1.868,1.868,10677
1997-05-29,1.868,1.868,1.868,1.868,7526
1997-05-31,1.868,1.868,1.868,1.868,60736
1997-06-01,1.868,1.868,1.868,1.868,11669
1997-06-02,1.868,1.868,1.868,1.868,3034
1997-06-03,1.868,1.868,1.868,1.868,7235
1997-06-04,1.868,1.868,1.851,1.851,184076
1997-06-05,1.851,1.851,1.851,1.851,1750
1997-06-07,1.851,1.868,1.851,1.868,7643
1997-06-08,1.868,1.868,1.868,1.868,1750
1997-06-09,1.868,1.868,1.851,1.868,109454
1997-06-10,1.868,1.868,1.868,1.868,85766
1997-06-11,1.868,1.868,1.868,1.868,13419
1997-06-14,1.868,1.868,1.851,1.851,100352
1997-06-15,1.851,1.851,1.851,1.851,1750
1997-06-16,1.851,1.851,1.851,1.851,9102
1997-06-17,1.851,1.868,1.851,1.868,2801
1997-06-19,1.851,1.868,1.851,1.868,62078
1997-06-21,1.851,1.851,1.851,1.851,12661
1997-06-22,1.851,1.851,1.851,1.851,59861
1997-06-23,1.851,1.851,1.851,1.851,2392
1997-06-24,1.851,1.851,1.851,1.851,6418
1997-06-25,1.851,1.851,1.851,1.851,63654
1997-06-28,1.851,1.851,1.851,1.851,117856
1997-06-29,1.834,1.834,1.834,1.834,583
1997-06-30,1.834,1.834,1.817,1.817,62545
1997-07-01,1.817,1.817,1.817,1.817,4142
1997-07-02,1.817,1.834,1.817,1.834,12836
1997-07-03,1.817,1.817,1.817,1.817,1400
1997-07-05,1.834,1.834,1.834,1.834,19837
1997-07-06,1.834,1.834,1.817,1.817,10152
1997-07-07,1.817,1.817,1.817,1.817,1750
1997-07-08,1.817,1.834,1.817,1.834,25321
1997-07-09,1.834,1.834,1.834,1.834,7818
1997-07-10,1.834,1.851,1.834,1.851,120831
1997-07-12,1.851,1.851,1.851,1.851,16220
1997-07-13,1.851,1.851,1.834,1.834,3267
1997-07-14,1.817,1.817,1.817,1.817,583
1997-07-15,1.834,1.834,1.834,1.834,11961
1997-07-16,1.834,1.851,1.834,1.851,109979
1997-07-17,1.851,1.851,1.851,1.851,18787
1997-07-19,1.851,1.851,1.834,1.851,20304
1997-07-20,1.834,1.834,1.834,1.834,3676
1997-07-21,1.851,1.902,1.851,1.868,1015542
1997-07-22,1.868,1.902,1.868,1.885,1222665
1997-07-23,1.885,1.885,1.868,1.868,92884
1997-07-24,1.868,1.868,1.868,1.868,67446
1997-07-26,1.868,1.885,1.868,1.885,491026
1997-07-28,1.868,1.868,1.868,1.868,89559
1997-07-29,1.885,1.902,1.885,1.902,356834
1997-07-30,1.885,1.885,1.885,1.885,541261
1997-07-31,1.885,1.885,1.885,1.885,64179
1997-08-02,1.868,1.885,1.868,1.885,55077
1997-08-03,1.885,1.885,1.868,1.885,229060
1997-08-04,1.868,1.902,1.868,1.902,226960
1997-08-05,1.885,1.885,1.885,1.885,58344
1997-08-06,1.868,1.885,1.868,1.885,81215
1997-08-09,1.868,1.885,1.868,1.885,227601
1997-08-10,1.885,1.885,1.868,1.868,410511
1997-08-11,1.885,1.954,1.885,1.92,2466567
1997-08-12,1.937,1.937,1.902,1.92,997514
1997-08-13,1.92,1.92,1.902,1.902,462554
1997-08-16,1.902,1.92,1.902,1.92,396158
1997-08-17,1.902,1.902,1.902,1.902,588870
1997-08-18,1.92,1.92,1.902,1.92,385890
1997-08-19,1.92,1.937,1.902,1.92,808128
1997-08-20,1.937,1.937,1.92,1.937,835492
1997-08-21,1.92,1.92,1.92,1.92,18028
1997-08-23,1.937,1.971,1.937,1.971,507654
1997-08-24,1.971,1.971,1.937,1.937,668860
1997-08-25,1.954,1.954,1.92,1.937,76081
1997-08-26,1.937,1.954,1.937,1.937,102686
1997-08-27,1.937,1.937,1.937,1.937,50001
1997-08-28,1.937,1.937,1.92,1.92,315410
1997-08-30,1.937,1.954,1.937,1.937,453511
1997-08-31,1.937,1.937,1.937,1.937,59745
1997-09-01,1.954,1.988,1.954,1.971,1161753
1997-09-02,1.971,1.988,1.954,1.971,243121
1997-09-03,1.971,2.005,1.971,2.005,630353
1997-09-04,1.971,2.005,1.971,1.988,202163
1997-09-06,1.988,2.022,1.988,2.005,1338070
1997-09-07,1.988,2.022,1.988,2.005,770496
1997-09-08,1.988,1.988,1.971,1.988,240787
1997-09-09,1.988,1.988,1.971,1.988,208873
1997-09-10,1.971,1.988,1.971,1.971,44283
1997-09-11,1.971,1.971,1.971,1.971,351583
1997-09-13,1.971,1.971,1.971,1.971,126957
1997-09-14,1.988,1.988,1.954,1.954,525800
1997-09-15,1.954,1.971,1.954,1.954,836367
1997-09-16,1.954,2.005,1.954,1.971,2017606
1997-09-17,1.971,1.971,1.971,1.971,461271
1997-09-18,1.971,1.971,1.954,1.954,489393
1997-09-20,1.954,1.954,1.954,1.954,396508
1997-09-21,1.954,1.954,1.954,1.954,700424
1997-09-22,1.971,1.971,1.954,1.954,13886
1997-09-23,1.954,1.954,1.937,1.954,67913
1997-09-24,1.954,1.971,1.954,1.954,259983
1997-09-27,1.954,1.988,1.954,1.988,599780
1997-09-28,1.971,1.988,1.971,1.988,55369
1997-09-29,1.971,1.971,1.971,1.971,357943
1997-09-30,1.971,1.971,1.954,1.954,530350
1997-10-01,1.954,1.988,1.954,1.971,386823
1997-10-02,1.971,1.971,1.971,1.971,205722
1997-10-04,1.971,1.988,1.971,1.988,135767
1997-10-05,1.971,1.971,1.954,1.971,78882
1997-10-06,1.971,1.971,1.954,1.971,139035
1997-10-07,1.954,1.988,1.954,1.971,649898
1997-10-08,1.971,1.988,1.971,1.971,150295
1997-10-09,1.971,1.988,1.971,1.988,33490
1997-10-11,1.971,1.971,1.971,1.971,115230
1997-10-12,1.971,1.988,1.971,1.971,228827
1997-10-13,1.971,1.988,1.954,1.954,556955
1997-10-14,1.971,1.971,1.971,1.971,213715
1997-10-15,1.954,1.971,1.954,1.971,223751
1997-10-16,1.971,1.971,1.954,1.954,411211
1997-10-18,1.954,1.954,1.954,1.954,467455
1997-10-19,1.954,1.954,1.937,1.954,24855
1997-10-20,1.954,1.954,1.954,1.954,355434
1997-10-21,1.954,1.954,1.937,1.937,318327
1997-10-22,1.954,1.954,1.954,1.954,291664
1997-10-23,1.937,1.937,1.937,1.937,4668
1997-10-25,1.954,1.954,1.937,1.954,135184
1997-10-26,1.954,1.954,1.954,1.954,27305
1997-10-27,1.971,2.005,1.971,1.971,801943
1997-10-28,1.971,1.971,1.937,1.937,651357
1997-10-29,1.954,1.954,1.937,1.954,230927
1997-10-30,1.954,1.954,1.954,1.954,62370
1997-11-01,1.971,1.988,1.971,1.988,1092265
1997-11-02,2.005,2.005,1.971,1.988,2198649
1997-11-03,1.971,1.971,1.971,1.971,137518
1997-11-04,1.988,1.988,1.988,1.988,226376
1997-11-05,1.988,1.988,1.971,1.988,185885
1997-11-06,1.971,1.988,1.971,1.988,6885
1997-11-08,1.971,1.988,1.971,1.988,89384
1997-11-09,1.971,1.971,1.954,1.954,603572
1997-11-10,1.937,1.937,1.937,1.937,6943
1997-11-11,1.954,1.954,1.954,1.954,58344
1997-11-12,1.954,1.971,1.954,1.954,158230
1997-11-13,1.954,1.971,1.954,1.971,60561
1997-11-15,1.971,1.971,1.954,1.954,217449
1997-11-16,1.954,1.954,1.937,1.954,144694
1997-11-17,1.954,1.971,1.954,1.971,18087
1997-11-18,1.954,1.971,1.954,1.971,315876
1997-11-19,1.954,1.954,1.954,1.954,6418
1997-11-20,1.954,1.954,1.954,1.954,65462
1997-11-22,1.954,1.971,1.954,1.954,104378
1997-11-23,1.954,1.971,1.954,1.971,558297
1997-11-24,1.954,1.954,1.954,1.954,398200
1997-11-25,1.954,1.954,1.954,1.954,21646
1997-11-26,1.954,1.971,1.954,1.971,72055
1997-11-29,1.971,1.971,1.954,1.971,529884
1997-11-30,1.954,1.971,1.954,1.954,787357
1997-12-01,1.954,1.954,1.954,1.954,11494
1997-12-02,1.954,1.954,1.954,1.954,11435
1997-12-03,1.954,1.971,1.954,1.954,28005
1997-12-06,1.954,1.971,1.954,1.971,395458
1997-12-07,1.971,1.971,1.971,1.971,280053
1997-12-08,1.971,1.971,1.954,1.971,135592
1997-12-09,1.971,1.988,1.971,1.971,15753
1997-12-10,1.971,2.005,1.971,1.988,643947
1997-12-11,1.988,1.988,1.971,1.971,436766
1997-12-13,1.971,1.971,1.954,1.971,357651
1997-12-14,1.971,1.988,1.971,1.971,790158
1997-12-15,1.971,1.971,1.971,1.971,60445
1997-12-16,1.954,1.954,1.954,1.954,6068
1997-12-17,1.954,1.954,1.954,1.954,300415
1997-12-18,1.971,1.971,1.971,1.971,768512
1997-12-20,1.971,1.988,1.971,1.971,388048
1997-12-21,1.971,1.988,1.971,1.971,733155
1997-12-22,1.971,1.988,1.954,1.971,533151
1997-12-23,1.971,1.971,1.971,1.971,282970
1997-12-24,1.971,1.988,1.954,1.971,358818
1997-12-25,1.971,1.988,1.971,1.971,192536
1997-12-27,1.971,1.988,1.971,1.988,2586056
1997-12-29,1.868,1.885,1.851,1.851,1349505
1997-12-30,1.851,1.851,1.851,1.851,86758
1998-01-03,1.868,1.868,1.851,1.868,160447
1998-01-04,1.868,1.868,1.868,1.868,204205
1998-01-05,1.851,1.851,1.851,1.851,16336
1998-01-06,1.851,1.851,1.851,1.851,542719
1998-01-07,1.851,1.851,1.851,1.851,61145
1998-01-08,1.851,1.851,1.851,1.851,2917
1998-01-10,1.851,1.851,1.851,1.851,13419
1998-01-11,1.851,1.851,1.834,1.834,879833
1998-01-12,1.834,1.834,1.834,1.834,97435
1998-01-13,1.834,1.834,1.834,1.834,56594
1998-01-14,1.851,1.851,1.851,1.851,49184
1998-01-17,1.851,1.851,1.834,1.834,45859
1998-01-18,1.851,1.851,1.834,1.834,79348
1998-01-19,1.834,1.834,1.834,1.834,99069
1998-01-20,1.834,1.851,1.834,1.851,11669
1998-01-21,1.834,1.834,1.834,1.834,14586
1998-01-22,1.834,1.834,1.834,1.834,1342
1998-01-24,1.834,1.834,1.834,1.834,28297
1998-01-25,1.851,1.851,1.817,1.817,719386
1998-02-04,1.817,1.817,1.817,1.817,8752
1998-02-05,1.817,1.817,1.765,1.765,1925
1998-02-07,1.765,1.765,1.765,1.765,116689
1998-02-08,1.765,1.817,1.748,1.817,33548
1998-02-09,1.765,1.8,1.765,1.783,161964
1998-02-10,1.765,1.783,1.765,1.765,360802
1998-02-11,1.765,1.765,1.748,1.748,219667
1998-02-12,1.748,1.748,1.748,1.748,3034
1998-02-14,1.748,1.765,1.748,1.765,75848
1998-02-15,1.748,1.765,1.731,1.765,197204
1998-02-16,1.748,1.783,1.748,1.783,59686
1998-02-17,1.8,1.817,1.765,1.783,180984
1998-02-18,1.783,1.783,1.783,1.783,2976
1998-02-19,1.783,1.783,1.783,1.783,65171
1998-02-21,1.783,1.8,1.783,1.8,140026
1998-02-22,1.8,1.8,1.8,1.8,58344
1998-02-23,1.8,1.868,1.8,1.868,198021
1998-02-24,1.834,1.834,1.783,1.783,51343
1998-02-25,1.783,1.783,1.783,1.783,5134
1998-02-26,1.817,1.817,1.817,1.817,58344
1998-02-28,1.783,1.783,1.783,1.783,1750
1998-03-01,1.783,1.783,1.783,1.783,10327
1998-03-02,1.8,1.8,1.8,1.8,16920
1998-03-03,1.8,1.8,1.8,1.8,20129
1998-03-04,1.8,1.8,1.783,1.783,79640
1998-03-05,1.783,1.8,1.783,1.783,23221
1998-03-07,1.783,1.783,1.765,1.765,166398
1998-03-08,1.765,1.765,1.731,1.748,761161
1998-03-09,1.748,1.765,1.748,1.748,521540
1998-03-10,1.748,1.748,1.748,1.748,528542
1998-03-11,1.748,1.748,1.748,1.748,45217
1998-03-12,1.748,1.765,1.748,1.765,10152
1998-03-14,1.765,1.765,1.748,1.765,178534
1998-03-15,1.748,1.748,1.748,1.748,121356
1998-03-16,1.748,1.748,1.748,1.748,2275
1998-03-17,1.765,1.765,1.748,1.748,52510
1998-03-18,1.748,1.748,1.748,1.748,65812
1998-03-19,1.748,1.748,1.748,1.748,1517
1998-03-21,1.748,1.748,1.731,1.748,167507
1998-03-22,1.748,1.748,1.748,1.748,17503
1998-03-23,1.748,1.765,1.748,1.765,206306
1998-03-24,1.765,1.765,1.765,1.765,64179
1998-03-25,1.748,1.765,1.748,1.765,60736
1998-03-26,1.748,1.748,1.748,1.748,2917
1998-03-28,1.748,1.748,1.748,1.748,2801
1998-03-30,1.765,1.765,1.765,1.765,5251
1998-03-31,1.8,1.8,1.8,1.8,875
1998-04-01,1.765,1.765,1.765,1.765,53093
1998-04-11,1.765,1.765,1.765,1.765,14061
1998-04-13,1.765,1.765,1.765,1.765,1284
1998-04-14,1.765,1.765,1.765,1.765,1342
1998-04-16,1.783,1.783,1.783,1.783,58344
1998-04-18,1.765,1.8,1.765,1.8,374979
1998-04-19,1.765,1.765,1.765,1.765,3442
1998-04-21,1.8,1.8,1.783,1.783,322994
1998-04-22,1.783,1.783,1.783,1.783,6418
1998-04-23,1.8,1.8,1.8,1.8,5951
1998-04-25,1.8,1.834,1.8,1.834,190844
1998-04-26,1.817,1.817,1.817,1.817,58344
1998-04-27,1.8,1.8,1.8,1.8,49009
1998-04-28,1.8,1.8,1.8,1.8,44167
1998-04-29,1.8,1.8,1.8,1.8,78707
1998-04-30,1.8,1.8,1.8,1.8,3034
1998-05-02,1.8,1.8,1.8,1.8,2159
1998-05-03,1.783,1.817,1.783,1.8,10152
1998-05-04,1.8,1.8,1.783,1.783,23221
1998-05-05,1.783,1.8,1.783,1.783,121531
1998-05-06,1.8,1.8,1.783,1.8,39849
1998-05-07,1.783,1.783,1.783,1.783,12602
1998-05-09,1.783,1.8,1.783,1.8,186702
1998-05-10,1.8,1.8,1.8,1.8,19312
1998-05-11,1.8,1.8,1.8,1.8,3034
1998-05-12,1.8,1.8,1.8,1.8,1750
1998-05-13,1.8,1.817,1.8,1.8,130750
1998-05-14,1.8,1.817,1.8,1.817,61670
1998-05-16,1.8,1.8,1.8,1.8,7060
1998-05-17,1.834,1.834,1.817,1.834,291022
1998-05-18,1.817,1.817,1.817,1.817,181043
1998-05-19,1.817,1.817,1.8,1.8,60153
1998-05-20,1.8,1.817,1.8,1.817,14644
1998-05-21,1.817,1.817,1.817,1.817,121706
1998-05-23,1.817,1.817,1.8,1.8,250414
1998-05-24,1.817,1.817,1.817,1.817,64879
1998-05-25,1.8,1.8,1.8,1.8,475448
1998-05-26,1.8,1.8,1.8,1.8,26255
1998-05-27,1.8,1.8,1.765,1.8,266634
1998-05-30,1.765,1.765,1.765,1.765,456836
1998-05-31,1.748,1.748,1.748,1.748,40199
1998-06-01,1.765,1.765,1.765,1.765,36232
1998-06-02,1.765,1.783,1.765,1.765,204205
1998-06-03,1.765,1.765,1.765,1.765,6651
1998-06-04,1.765,1.765,1.765,1.765,5309
1998-06-06,1.765,1.765,1.748,1.748,37632
1998-06-07,1.748,1.748,1.748,1.748,104495
1998-06-08,1.765,1.765,1.765,1.765,102686
1998-06-09,1.765,1.765,1.748,1.748,2100
1998-06-10,1.748,1.748,1.748,1.748,4201
1998-06-13,1.748,1.748,1.748,1.748,7235
1998-06-14,1.748,1.748,1.748,1.748,340556
1998-06-15,1.748,1.748,1.731,1.731,118322
1998-06-16,1.731,1.731,1.731,1.731,469906
1998-06-17,1.748,1.748,1.748,1.748,161906
1998-06-18,1.765,1.765,1.765,1.765,71472
1998-06-21,1.748,1.765,1.748,1.748,107004
1998-06-22,1.765,1.765,1.748,1.748,15461
1998-06-23,1.748,1.748,1.748,1.748,7001
1998-06-24,1.748,1.748,1.748,1.748,64529
1998-06-25,1.748,1.748,1.748,1.748,20946
1998-06-27,1.748,1.748,1.748,1.748,700
1998-06-28,1.748,1.748,1.748,1.748,46676
1998-06-29,1.731,1.748,1.731,1.748,3851
1998-06-30,1.731,1.731,1.731,1.731,1750
1998-07-01,1.748,1.748,1.731,1.731,35648
1998-07-02,1.731,1.731,1.731,1.731,6710
1998-07-04,1.731,1.731,1.731,1.731,1342
1998-07-05,1.731,1.731,1.731,1.731,13069
1998-07-06,1.731,1.748,1.714,1.714,69546
1998-07-07,1.714,1.714,1.714,1.714,3909
1998-07-08,1.731,1.731,1.714,1.714,1177389
1998-07-09,1.731,1.731,1.731,1.731,2801
1998-07-11,1.731,1.731,1.714,1.714,102569
1998-07-12,1.714,1.714,1.714,1.714,66746
1998-07-13,1.714,1.714,1.714,1.714,1517
1998-07-14,1.714,1.714,1.714,1.714,32323
1998-07-15,1.714,1.731,1.714,1.731,82849
1998-07-19,1.731,1.748,1.731,1.748,2917
1998-07-21,1.731,1.731,1.731,1.731,19429
1998-07-22,1.748,1.765,1.748,1.765,12252
1998-07-23,1.731,1.731,1.731,1.731,68671
1998-07-26,1.731,1.731,1.731,1.731,1517
1998-07-27,1.731,1.731,1.731,1.731,1634
1998-07-28,1.731,1.731,1.731,1.731,1225
1998-07-29,1.731,1.731,1.731,1.731,13186
1998-07-30,1.731,1.731,1.731,1.731,1517
1998-08-01,1.731,1.731,1.731,1.731,8868
1998-08-02,1.731,1.731,1.714,1.714,415470
1998-08-03,1.731,1.731,1.731,1.731,24738
1998-08-04,1.731,1.731,1.731,1.731,167798
1998-08-08,1.714,1.714,1.714,1.714,14178
1998-08-09,1.714,1.731,1.714,1.731,30631
1998-08-10,1.714,1.714,1.714,1.714,141894
1998-08-11,1.731,1.731,1.714,1.731,283087
1998-08-12,1.731,1.731,1.731,1.731,175267
1998-08-13,1.731,1.748,1.731,1.748,22754
1998-08-15,1.748,1.748,1.748,1.748,495927
1998-08-16,1.731,1.731,1.731,1.731,583
1998-08-17,1.731,1.731,1.731,1.731,5309
1998-08-18,1.731,1.731,1.731,1.731,59861
1998-08-20,1.748,1.748,1.731,1.731,18554
1998-08-22,1.748,1.748,1.731,1.731,26255
1998-08-23,1.731,1.731,1.731,1.731,1342
1998-08-24,1.748,1.748,1.748,1.748,2625
1998-08-25,1.748,1.748,1.748,1.748,3676
1998-08-26,1.731,1.731,1.731,1.731,14995
1998-08-27,1.748,1.748,1.748,1.748,52043
1998-08-29,1.731,1.731,1.714,1.714,117739
1998-08-30,1.714,1.731,1.714,1.731,5834
1998-08-31,1.748,1.748,1.748,1.748,11669
1998-09-01,1.731,1.731,1.714,1.714,156013
1998-09-02,1.731,1.748,1.731,1.748,175033
1998-09-03,1.731,1.731,1.731,1.731,1750
1998-09-05,1.731,1.731,1.731,1.731,3501
1998-09-07,1.731,1.748,1.731,1.748,64295
1998-09-08,1.783,1.783,1.783,1.783,85591
1998-09-12,1.748,1.748,1.731,1.731,109337
1998-09-13,1.731,1.731,1.731,1.731,1517
1998-09-15,1.765,1.765,1.731,1.731,64062
1998-09-16,1.731,1.731,1.731,1.731,3501
1998-09-17,1.731,1.731,1.731,1.731,4901
1998-09-19,1.731,1.731,1.714,1.714,181334
1998-09-20,1.731,1.731,1.714,1.714,126141
1998-09-21,1.714,1.714,1.714,1.714,180926
1998-09-22,1.714,1.731,1.714,1.731,12661
1998-09-23,1.714,1.714,1.714,1.714,14995
1998-09-24,1.714,1.714,1.714,1.714,1750
1998-09-27,1.731,1.731,1.714,1.714,12194
1998-09-28,1.714,1.714,1.714,1.714,2801
1998-09-29,1.714,1.714,1.714,1.714,1517
1998-09-30,1.731,1.731,1.731,1.731,73397
1998-10-03,1.731,1.731,1.731,1.731,47201
1998-10-04,1.731,1.731,1.731,1.731,259983
1998-10-05,1.731,1.731,1.714,1.714,103970
1998-10-06,1.714,1.714,1.714,1.714,6185
1998-10-07,1.714,1.714,1.68,1.68,61728
1998-10-08,1.68,1.68,1.68,1.68,8868
1998-10-10,1.697,1.697,1.68,1.68,31214
1998-10-11,1.68,1.68,1.68,1.68,28005
1998-10-12,1.68,1.68,1.68,1.68,58344
1998-10-13,1.68,1.68,1.68,1.68,11669
1998-10-15,1.663,1.663,1.663,1.663,28239
1998-10-17,1.663,1.663,1.663,1.663,30106
1998-10-20,1.645,1.645,1.645,1.645,28239
1998-10-21,1.645,1.645,1.645,1.645,11144
1998-10-22,1.628,1.628,1.628,1.628,4609
1998-10-24,1.628,1.628,1.628,1.628,2684
1998-10-25,1.577,1.628,1.577,1.628,13419
1998-10-27,1.611,1.628,1.611,1.628,21296
1998-10-28,1.628,1.628,1.628,1.628,10735
1998-10-29,1.628,1.628,1.628,1.628,4434
1998-10-31,1.645,1.645,1.645,1.645,43758
1998-11-01,1.663,1.663,1.645,1.645,15403
1998-11-02,1.645,1.714,1.645,1.714,626444
1998-11-03,1.714,1.714,1.663,1.663,13419
1998-11-04,1.663,1.663,1.663,1.663,60620
1998-11-05,1.663,1.663,1.645,1.645,16803
1998-11-07,1.645,1.645,1.628,1.628,359110
1998-11-08,1.628,1.628,1.628,1.628,77598
1998-11-09,1.628,1.645,1.628,1.628,108054
1998-11-10,1.628,1.628,1.628,1.628,1400
1998-11-11,1.628,1.628,1.628,1.628,14703
1998-11-14,1.628,1.628,1.611,1.611,99419
1998-11-16,1.611,1.628,1.611,1.628,68030
1998-11-17,1.628,1.645,1.628,1.645,9102
1998-11-18,1.645,1.645,1.645,1.645,12836
1998-11-21,1.628,1.645,1.628,1.628,7818
1998-11-22,1.663,1.663,1.628,1.628,117739
1998-11-23,1.628,1.645,1.628,1.645,10852
1998-11-24,1.645,1.645,1.628,1.628,37924
1998-11-25,1.628,1.628,1.628,1.628,1342
1998-11-28,1.628,1.628,1.628,1.628,30514
1998-11-29,1.628,1.628,1.577,1.577,58344
1998-11-30,1.577,1.594,1.577,1.594,6476
1998-12-02,1.577,1.577,1.577,1.577,6418
1998-12-05,1.577,1.577,1.543,1.543,29172
1998-12-06,1.56,1.56,1.543,1.543,4784
1998-12-07,1.543,1.543,1.543,1.543,1517
1998-12-08,1.543,1.543,1.491,1.491,14878
1998-12-09,1.491,1.543,1.457,1.543,32031
1998-12-10,1.491,1.491,1.457,1.457,31564
1998-12-13,1.457,1.457,1.457,1.457,12252
1998-12-14,1.543,1.56,1.543,1.56,31214
1998-12-17,1.543,1.543,1.543,1.543,58344
1998-12-19,1.525,1.525,1.525,1.525,11435
1998-12-22,1.577,1.577,1.543,1.543,90259
1998-12-26,1.594,1.611,1.594,1.611,86700
1998-12-27,1.577,1.577,1.56,1.577,64412
1998-12-29,1.577,1.577,1.577,1.577,605206
1998-12-30,1.577,1.628,1.577,1.628,32615
1999-01-02,1.56,1.56,1.56,1.56,1050
1999-01-04,1.577,1.577,1.577,1.577,583
1999-01-09,1.594,1.594,1.594,1.594,58344
1999-01-11,1.628,1.628,1.628,1.628,14236
1999-01-27,1.577,1.577,1.56,1.56,192536
1999-01-30,1.628,1.628,1.611,1.628,22171
1999-01-31,1.611,1.611,1.543,1.543,27655
1999-02-01,1.543,1.543,1.543,1.543,201113
1999-02-02,1.543,1.543,1.543,1.543,29172
1999-02-03,1.543,1.543,1.543,1.543,1517
1999-02-07,1.56,1.56,1.56,1.56,1342
1999-02-08,1.56,1.56,1.56,1.56,1400
1999-02-10,1.56,1.56,1.56,1.56,20187
1999-02-11,1.56,1.56,1.56,1.56,5018
1999-02-14,1.56,1.611,1.56,1.611,152629
1999-02-15,1.56,1.56,1.56,1.56,8227
1999-02-16,1.56,1.56,1.525,1.525,131450
1999-02-17,1.543,1.543,1.543,1.543,6301
1999-02-18,1.543,1.543,1.543,1.543,8752
1999-02-20,1.543,1.543,1.543,1.543,4317
1999-02-21,1.543,1.543,1.543,1.543,22813
1999-02-22,1.543,1.543,1.543,1.543,75089
1999-02-23,1.525,1.525,1.525,1.525,992
1999-02-27,1.525,1.525,1.525,1.525,3792
1999-02-28,1.525,1.525,1.525,1.525,1750
1999-03-02,1.525,1.525,1.508,1.508,36407
1999-03-03,1.525,1.525,1.525,1.525,8110
1999-03-04,1.525,1.525,1.525,1.525,1517
1999-03-07,1.525,1.525,1.525,1.525,3151
1999-03-10,1.508,1.508,1.508,1.508,875
1999-03-14,1.525,1.525,1.525,1.525,12252
1999-03-16,1.525,1.525,1.525,1.525,9510
1999-03-17,1.543,1.543,1.543,1.543,1225
1999-03-21,1.543,1.543,1.543,1.543,372937
1999-03-22,1.56,1.56,1.56,1.56,14586
1999-03-23,1.543,1.543,1.543,1.543,1225
1999-04-03,1.577,1.577,1.577,1.577,58344
1999-04-06,1.56,1.56,1.56,1.56,3151
1999-04-07,1.56,1.56,1.56,1.56,12544
1999-04-08,1.56,1.56,1.56,1.56,120656
1999-04-10,1.56,1.56,1.56,1.56,246272
1999-04-12,1.525,1.525,1.525,1.525,6009
1999-04-13,1.525,1.525,1.525,1.525,1050
1999-04-14,1.525,1.525,1.525,1.525,24505
1999-04-15,1.525,1.525,1.525,1.525,11786
1999-04-17,1.525,1.525,1.525,1.525,3034
1999-04-19,1.525,1.543,1.525,1.543,7351
1999-04-20,1.525,1.525,1.525,1.525,2450
1999-04-21,1.525,1.525,1.525,1.525,2100
1999-04-22,1.525,1.543,1.525,1.525,7643
1999-04-24,1.543,1.577,1.543,1.577,36815
1999-04-25,1.577,1.594,1.577,1.577,239445
1999-04-26,1.573,1.594,1.568,1.594,697449
1999-04-27,1.573,1.573,1.568,1.568,30339
1999-04-28,1.585,1.59,1.564,1.564,351583
1999-04-29,1.564,1.564,1.564,1.564,1400
1999-05-01,1.563,1.568,1.563,1.568,130458
1999-05-02,1.568,1.568,1.568,1.568,8985
1999-05-03,1.577,1.585,1.563,1.563,293472
1999-05-04,1.563,1.563,1.563,1.563,61670
1999-05-05,1.563,1.563,1.563,1.563,101694
1999-05-08,1.563,1.563,1.563,1.563,1050
1999-05-10,1.564,1.564,1.564,1.564,2042
1999-05-11,1.568,1.577,1.568,1.577,78590
1999-05-12,1.577,1.577,1.56,1.56,2917
1999-05-13,1.56,1.573,1.56,1.573,8518
1999-05-15,1.56,1.56,1.543,1.547,112430
1999-05-17,1.543,1.543,1.543,1.543,58344
1999-05-19,1.517,1.517,1.517,1.517,2334
1999-05-22,1.534,1.538,1.534,1.534,22579
1999-05-23,1.547,1.577,1.547,1.551,551588
1999-05-24,1.564,1.564,1.56,1.56,11669
1999-05-25,1.56,1.56,1.56,1.56,79407
1999-05-26,1.573,1.573,1.555,1.555,404852
1999-05-27,1.56,1.56,1.56,1.56,1050
1999-05-29,1.56,1.56,1.547,1.551,12019
1999-05-30,1.551,1.551,1.547,1.547,8285
1999-05-31,1.547,1.547,1.538,1.538,47784
1999-06-02,1.534,1.543,1.525,1.543,60095
1999-06-05,1.53,1.53,1.53,1.53,11902
1999-06-06,1.53,1.543,1.53,1.543,16803
1999-06-07,1.538,1.538,1.538,1.538,12836
1999-06-08,1.538,1.538,1.538,1.538,5659
1999-06-09,1.538,1.538,1.538,1.538,1750
1999-06-13,1.543,1.543,1.53,1.53,138626
1999-06-14,1.538,1.543,1.538,1.543,5834
1999-06-15,1.534,1.534,1.534,1.534,1925
1999-06-16,1.534,1.534,1.534,1.534,3326
1999-06-19,1.543,1.543,1.543,1.543,48426
1999-06-21,1.401,1.478,1.401,1.478,19254
1999-06-22,1.491,1.491,1.483,1.483,75848
1999-06-23,1.478,1.478,1.474,1.474,59861
1999-06-26,1.461,1.461,1.461,1.461,29639
1999-06-27,1.461,1.461,1.461,1.461,3151
1999-06-28,1.461,1.461,1.461,1.461,58811
1999-06-29,1.457,1.461,1.457,1.461,48776
1999-06-30,1.465,1.465,1.457,1.457,58344
1999-07-03,1.457,1.461,1.457,1.461,4317
1999-07-04,1.461,1.461,1.457,1.457,89034
1999-07-05,1.457,1.457,1.457,1.457,28822
1999-07-06,1.44,1.44,1.44,1.44,6301
1999-07-07,1.431,1.431,1.431,1.431,5834
1999-07-08,1.435,1.435,1.435,1.435,1517
1999-07-11,1.44,1.44,1.44,1.44,4609
1999-07-12,1.457,1.457,1.44,1.44,35882
1999-07-13,1.44,1.44,1.44,1.44,2742
1999-07-14,1.448,1.448,1.448,1.448,1400
1999-07-17,1.453,1.453,1.448,1.448,61612
1999-07-19,1.444,1.444,1.44,1.44,4317
1999-07-20,1.44,1.44,1.44,1.44,2801
1999-07-21,1.448,1.448,1.448,1.448,233
1999-07-24,1.448,1.448,1.423,1.423,22813
1999-07-27,1.427,1.465,1.427,1.44,152979
1999-07-31,1.44,1.44,1.44,1.44,3151
1999-08-01,1.44,1.448,1.44,1.444,23338
1999-08-02,1.44,1.444,1.44,1.444,50818
1999-08-03,1.457,1.457,1.448,1.448,4843
1999-08-04,1.461,1.47,1.448,1.448,106770
1999-08-05,1.457,1.457,1.457,1.457,1517
1999-08-07,1.457,1.474,1.457,1.474,185185
1999-08-09,1.457,1.457,1.457,1.457,3034
1999-08-10,1.457,1.457,1.431,1.431,55077
1999-08-11,1.431,1.431,1.431,1.431,1517
1999-08-12,1.483,1.483,1.483,1.483,181976
1999-08-14,1.491,1.525,1.491,1.525,818105
1999-08-15,1.495,1.495,1.457,1.457,352342
1999-08-16,1.461,1.474,1.461,1.474,419554
1999-08-17,1.474,1.474,1.474,1.474,2859
1999-08-18,1.474,1.474,1.474,1.474,45859
1999-08-22,1.448,1.448,1.444,1.444,248314
1999-08-23,1.44,1.44,1.44,1.44,11902
1999-08-24,1.444,1.444,1.444,1.444,2917
1999-08-28,1.444,1.444,1.44,1.44,9218
1999-08-29,1.44,1.444,1.44,1.444,30806
1999-08-30,1.444,1.444,1.444,1.444,7118
1999-09-01,1.444,1.444,1.444,1.444,16920
1999-09-04,1.444,1.444,1.444,1.444,26838
1999-09-05,1.44,1.44,1.44,1.44,5776
1999-09-06,1.44,1.44,1.431,1.431,25146
1999-09-07,1.423,1.423,1.423,1.423,5251
1999-09-08,1.405,1.405,1.405,1.405,10094
1999-09-11,1.414,1.414,1.414,1.414,5134
1999-09-12,1.414,1.44,1.414,1.44,42241
1999-09-13,1.427,1.448,1.427,1.448,20771
1999-09-14,1.448,1.448,1.448,1.448,5834
1999-09-15,1.444,1.444,1.444,1.444,3792
1999-09-16,1.448,1.465,1.448,1.465,173516
1999-09-18,1.457,1.457,1.457,1.457,3151
1999-09-19,1.461,1.465,1.461,1.461,30222
1999-09-20,1.465,1.474,1.461,1.461,7468
1999-09-21,1.461,1.474,1.461,1.465,43350
1999-09-22,1.465,1.495,1.457,1.457,641905
1999-09-23,1.457,1.474,1.457,1.474,160330
1999-09-25,1.483,1.483,1.44,1.44,227426
1999-09-26,1.444,1.457,1.444,1.457,73047
1999-09-27,1.457,1.474,1.457,1.457,118439
1999-09-28,1.457,1.461,1.457,1.457,350066
1999-09-29,1.457,1.491,1.448,1.491,385014
1999-09-30,1.474,1.474,1.474,1.474,23221
1999-10-02,1.474,1.495,1.474,1.495,148778
1999-10-03,1.504,1.504,1.504,1.504,1167
1999-10-04,1.457,1.457,1.457,1.457,1750
1999-10-05,1.457,1.5,1.457,1.5,512439
1999-10-06,1.461,1.461,1.461,1.461,4317
1999-10-07,1.461,1.483,1.461,1.483,52160
1999-10-09,1.483,1.491,1.474,1.474,189736
1999-10-11,1.474,1.474,1.474,1.474,3034
1999-10-12,1.491,1.491,1.474,1.491,212782
1999-10-13,1.478,1.478,1.478,1.478,7643
1999-10-16,1.491,1.491,1.478,1.478,13536
1999-10-17,1.491,1.5,1.491,1.5,56127
1999-10-18,1.5,1.521,1.495,1.521,97318
1999-10-19,1.495,1.495,1.491,1.491,169957
1999-10-20,1.478,1.483,1.478,1.483,4317
1999-10-23,1.478,1.5,1.478,1.491,74856
1999-10-24,1.487,1.521,1.487,1.5,360276
1999-10-26,1.517,1.521,1.5,1.517,255782
1999-10-27,1.5,1.525,1.5,1.525,590153
1999-10-28,1.508,1.53,1.508,1.525,186702
1999-10-30,1.5,1.504,1.5,1.504,176433
1999-10-31,1.525,1.534,1.525,1.534,286004
1999-11-01,1.508,1.508,1.508,1.508,10619
1999-11-02,1.508,1.508,1.5,1.5,11669
1999-11-03,1.513,1.543,1.513,1.543,293822
1999-11-06,1.504,1.543,1.504,1.543,92768
1999-11-07,1.517,1.534,1.517,1.534,193295
1999-11-08,1.543,1.585,1.543,1.577,505904
1999-11-09,1.568,1.568,1.543,1.551,130808
1999-11-10,1.555,1.555,1.555,1.555,7585
1999-11-13,1.56,1.65,1.56,1.65,537643
1999-11-14,1.65,1.65,1.611,1.611,147320
1999-11-15,1.611,1.611,1.594,1.598,262958
1999-11-16,1.598,1.628,1.59,1.628,84599
1999-11-17,1.615,1.628,1.615,1.628,159514
1999-11-18,1.615,1.65,1.615,1.628,165698
1999-11-20,1.645,1.663,1.645,1.663,82032
1999-11-21,1.663,1.663,1.62,1.62,154788
1999-11-22,1.654,1.654,1.628,1.628,51985
1999-11-23,1.628,1.663,1.628,1.663,149128
1999-11-24,1.65,1.783,1.65,1.783,1030128
1999-11-25,1.727,1.748,1.727,1.727,97202
1999-11-27,1.748,1.808,1.731,1.808,770438
1999-11-28,1.731,1.74,1.714,1.731,306191
1999-11-29,1.74,1.748,1.731,1.731,370312
1999-11-30,1.765,1.774,1.765,1.765,354734
1999-12-01,1.714,1.714,1.714,1.714,127074
1999-12-02,1.714,1.714,1.71,1.714,31039
1999-12-04,1.71,1.71,1.705,1.71,122990
1999-12-05,1.71,1.71,1.71,1.71,1342
1999-12-06,1.714,1.714,1.71,1.71,144052
1999-12-07,1.71,1.71,1.701,1.705,86933
1999-12-08,1.68,1.68,1.68,1.68,1225
1999-12-09,1.68,1.68,1.68,1.68,1050
1999-12-11,1.68,1.68,1.675,1.675,32731
1999-12-12,1.628,1.628,1.628,1.628,4551
1999-12-13,1.628,1.628,1.628,1.628,112255
1999-12-14,1.645,1.663,1.628,1.628,77073
1999-12-15,1.628,1.628,1.628,1.628,4668
1999-12-16,1.628,1.628,1.628,1.628,5834
1999-12-18,1.628,1.633,1.624,1.624,195045
1999-12-19,1.628,1.663,1.628,1.628,20304
1999-12-20,1.663,1.68,1.663,1.675,207006
1999-12-21,1.675,1.675,1.654,1.654,35123
1999-12-22,1.68,1.697,1.658,1.697,164940
1999-12-23,1.658,1.658,1.654,1.654,38449
1999-12-25,1.654,1.654,1.654,1.654,19895
1999-12-26,1.663,1.663,1.663,1.663,29172
1999-12-27,1.663,1.663,1.658,1.658,28589
1999-12-28,1.663,1.688,1.663,1.688,248664
1999-12-29,1.684,1.697,1.667,1.671,101986
2000-01-15,1.624,1.624,1.624,1.624,29289
2000-01-16,1.637,1.637,1.628,1.628,460920
2000-01-17,1.637,1.68,1.611,1.68,563315
2000-01-18,1.701,1.71,1.654,1.654,222759
2000-01-19,1.658,1.663,1.645,1.645,989929
2000-01-20,1.663,1.663,1.645,1.645,408411
2000-01-22,1.645,1.645,1.645,1.645,4668
2000-01-23,1.658,1.658,1.633,1.633,206831
2000-01-24,1.633,1.645,1.633,1.645,115172
2000-01-25,1.633,1.637,1.633,1.637,14294
2000-01-26,1.645,1.654,1.645,1.645,168090
2000-01-27,1.641,1.641,1.641,1.641,5484
2000-01-29,1.633,1.637,1.633,1.637,8752
2000-01-30,1.637,1.637,1.633,1.633,93293
2000-01-31,1.577,1.594,1.577,1.594,11786
2000-02-01,1.594,1.594,1.564,1.577,805152
2000-02-02,1.56,1.56,1.56,1.56,2801
2000-02-03,1.577,1.577,1.577,1.577,12719
2000-02-05,1.611,1.611,1.611,1.611,3559
2000-02-06,1.594,1.594,1.594,1.594,642
2000-02-07,1.594,1.594,1.594,1.594,1517
2000-02-08,1.628,1.633,1.628,1.633,5076
2000-02-12,1.594,1.624,1.594,1.598,150528
2000-02-13,1.598,1.598,1.594,1.594,156246
2000-02-14,1.594,1.594,1.594,1.594,5718
2000-02-15,1.594,1.598,1.594,1.598,72114
2000-02-16,1.594,1.594,1.594,1.594,2334
2000-02-17,1.59,1.59,1.577,1.577,199129
2000-02-19,1.577,1.577,1.564,1.564,42241
2000-02-20,1.56,1.568,1.56,1.568,56711
2000-02-21,1.56,1.56,1.56,1.56,6593
2000-02-22,1.56,1.56,1.551,1.551,35182
2000-02-23,1.551,1.628,1.551,1.628,265409
2000-02-24,1.628,1.628,1.59,1.615,163831
2000-02-26,1.611,1.628,1.598,1.598,563490
2000-02-27,1.598,1.598,1.594,1.594,187752
2000-02-29,1.598,1.603,1.594,1.603,391199
2000-03-01,1.598,1.598,1.577,1.577,46676
2000-03-02,1.581,1.581,1.581,1.581,46967
2000-03-04,1.581,1.581,1.577,1.581,60328
2000-03-05,1.581,1.581,1.577,1.577,127424
2000-03-06,1.577,1.581,1.577,1.581,17445
2000-03-07,1.577,1.577,1.568,1.568,135067
2000-03-08,1.568,1.573,1.547,1.555,325970
2000-03-09,1.573,1.573,1.573,1.573,29172
2000-03-11,1.564,1.577,1.547,1.577,144986
2000-03-23,1.551,1.551,1.551,1.551,43525
2000-03-25,1.551,1.551,1.551,1.551,1400
2000-03-27,1.551,1.551,1.53,1.53,163773
2000-03-28,1.53,1.53,1.53,1.53,18554
2000-03-29,1.53,1.53,1.525,1.525,5018
2000-03-30,1.517,1.517,1.517,1.517,1517
2000-04-01,1.525,1.525,1.517,1.517,5018
2000-04-02,1.517,1.517,1.504,1.504,20421
2000-04-03,1.538,1.551,1.538,1.551,13536
2000-04-04,1.555,1.56,1.543,1.551,239679
2000-04-05,1.547,1.56,1.543,1.547,50176
2000-04-06,1.525,1.525,1.521,1.521,40841
2000-04-08,1.508,1.508,1.508,1.508,66863
2000-04-10,1.474,1.478,1.474,1.478,2392
2000-04-11,1.517,1.543,1.478,1.543,3034
2000-04-15,1.542,1.542,1.542,1.542,478
2000-04-16,1.542,1.542,1.542,1.542,1276
2000-04-17,1.59,1.59,1.59,1.59,1754
2000-04-20,1.608,1.608,1.608,1.608,1382
2000-04-22,1.637,1.674,1.618,1.618,28335
2000-04-23,1.674,1.674,1.618,1.665,102442
2000-04-24,1.627,1.665,1.618,1.655,76818
2000-04-25,1.59,1.646,1.58,1.646,186064
2000-04-27,1.608,1.608,1.608,1.608,797
2000-04-29,1.608,1.665,1.608,1.655,124025
2000-04-30,1.655,1.684,1.655,1.684,106322
2000-05-01,1.684,1.684,1.655,1.655,81124
2000-05-02,1.684,1.693,1.684,1.693,299032
2000-05-03,1.693,1.74,1.693,1.712,347621
2000-05-04,1.712,1.731,1.702,1.731,69110
2000-05-06,1.712,1.712,1.702,1.702,17224
2000-05-07,1.702,1.712,1.702,1.712,26900
2000-05-08,1.693,1.749,1.693,1.721,346292
2000-05-09,1.721,1.731,1.712,1.712,66770
2000-05-10,1.712,1.787,1.712,1.787,344697
2000-05-11,1.731,1.787,1.731,1.787,53002
2000-05-13,1.731,1.768,1.731,1.74,185054
2000-05-14,1.768,1.787,1.749,1.749,290898
2000-05-15,1.749,1.749,1.749,1.749,1914
2000-05-17,1.768,1.787,1.768,1.787,32163
2000-05-20,1.749,1.787,1.749,1.749,309132
2000-05-21,1.74,1.759,1.693,1.759,345813
2000-05-22,1.684,1.684,1.655,1.655,338849
2000-05-23,1.684,1.731,1.627,1.721,653457
2000-05-24,1.655,1.655,1.618,1.618,212645
2000-05-25,1.618,1.618,1.618,1.618,2499
2000-05-27,1.618,1.618,1.618,1.618,76339
2000-05-28,1.637,1.646,1.627,1.627,117646
2000-05-29,1.637,1.646,1.627,1.627,93617
2000-05-30,1.627,1.637,1.627,1.637,34767
2000-05-31,1.637,1.637,1.627,1.627,31897
2000-06-03,1.637,1.637,1.627,1.627,46383
2000-06-04,1.627,1.627,1.627,1.627,10499
2000-06-05,1.627,1.627,1.618,1.618,12121
2000-06-06,1.618,1.618,1.59,1.59,67621
2000-06-07,1.618,1.684,1.599,1.599,305305
2000-06-08,1.627,1.665,1.627,1.665,28175
2000-06-10,1.608,1.608,1.599,1.599,28813
2000-06-12,1.618,1.618,1.618,1.618,3243
2000-06-13,1.618,1.618,1.618,1.618,10313
2000-06-14,1.618,1.618,1.618,1.618,2233
2000-06-17,1.618,1.618,1.618,1.618,2605
2000-06-18,1.618,1.646,1.608,1.637,299244
2000-06-19,1.618,1.618,1.608,1.608,67834
2000-06-20,1.608,1.608,1.599,1.599,3828
2000-06-21,1.58,1.58,1.58,1.58,2552
2000-06-24,1.608,1.618,1.608,1.618,53214
2000-06-25,1.618,1.618,1.618,1.618,6220
2000-06-26,1.618,1.655,1.618,1.618,192656
2000-06-27,1.618,1.618,1.618,1.618,1329
2000-06-29,1.618,1.618,1.618,1.618,26581
2000-07-01,1.608,1.655,1.608,1.655,74054
2000-07-02,1.627,1.627,1.618,1.627,69960
2000-07-03,1.608,1.655,1.599,1.599,135029
2000-07-04,1.608,1.618,1.608,1.618,24507
2000-07-05,1.618,1.618,1.618,1.618,2764
2000-07-08,1.618,1.618,1.608,1.618,59328
2000-07-09,1.618,1.618,1.618,1.618,4147
2000-07-10,1.646,1.646,1.646,1.646,53161
2000-07-11,1.618,1.618,1.618,1.618,5316
2000-07-12,1.618,1.618,1.618,1.618,2313
2000-07-15,1.627,1.627,1.627,1.627,2605
2000-07-16,1.637,1.637,1.618,1.618,55819
2000-07-17,1.618,1.637,1.618,1.637,132850
2000-07-18,1.637,1.637,1.618,1.618,6220
2000-07-19,1.618,1.618,1.618,1.618,87716
2000-07-20,1.618,1.618,1.618,1.618,7655
2000-07-22,1.618,1.618,1.618,1.618,3881
2000-07-23,1.608,1.608,1.608,1.608,1382
2000-07-24,1.608,1.655,1.608,1.618,219556
2000-07-25,1.618,1.627,1.618,1.627,11111
2000-07-26,1.627,1.627,1.627,1.627,1223
2000-07-30,1.627,1.627,1.627,1.627,9994
2000-07-31,1.655,1.712,1.655,1.712,245870
2000-08-05,1.646,1.646,1.646,1.646,19298
2000-08-07,1.655,1.702,1.655,1.702,72273
2000-08-08,1.655,1.655,1.646,1.646,29558
2000-08-09,1.646,1.693,1.646,1.674,53055
2000-08-10,1.674,1.721,1.674,1.721,3934
2000-08-12,1.674,1.674,1.665,1.665,26581
2000-08-13,1.674,1.693,1.674,1.693,41067
2000-08-14,1.674,1.684,1.674,1.684,15789
2000-08-15,1.674,1.674,1.665,1.665,145768
2000-08-16,1.655,1.655,1.646,1.646,74532
2000-08-19,1.646,1.646,1.646,1.646,5635
2000-08-20,1.655,1.749,1.655,1.749,339966
2000-08-21,1.655,1.655,1.655,1.655,4572
2000-08-22,1.655,1.674,1.655,1.674,357881
2000-08-23,1.674,1.674,1.674,1.674,24587
2000-08-27,1.655,1.655,1.646,1.646,10951
2000-08-28,1.646,1.646,1.646,1.646,1595
2000-08-29,1.655,1.655,1.655,1.655,3190
2000-08-30,1.655,1.693,1.655,1.693,79742
2000-09-02,1.693,1.731,1.665,1.665,420212
2000-09-03,1.665,1.665,1.665,1.665,532
2000-09-05,1.693,1.712,1.674,1.674,259639
2000-09-06,1.712,1.712,1.665,1.674,102973
2000-09-07,1.674,1.674,1.674,1.674,22062
2000-09-09,1.674,1.674,1.674,1.674,4093
2000-09-10,1.674,1.693,1.674,1.674,17331
2000-09-11,1.684,1.684,1.674,1.674,42954
2000-09-12,1.684,1.684,1.665,1.674,88354
2000-09-16,1.674,1.674,1.665,1.665,154114
2000-09-17,1.655,1.655,1.655,1.655,7974
2000-09-18,1.655,1.674,1.618,1.618,9330
2000-09-19,1.618,1.627,1.618,1.627,8931
2000-09-20,1.627,1.627,1.618,1.618,26049
2000-09-21,1.618,1.618,1.618,1.618,1382
2000-09-23,1.58,1.58,1.58,1.58,1382
2000-09-24,1.58,1.59,1.58,1.59,10898
2000-09-25,1.599,1.599,1.599,1.599,9463
2000-09-26,1.608,1.627,1.608,1.618,20467
2000-09-30,1.618,1.618,1.618,1.618,4678
2000-10-01,1.618,1.618,1.618,1.618,50822
2000-10-02,1.618,1.618,1.599,1.599,28175
2000-10-04,1.618,1.674,1.618,1.674,62305
2000-10-05,1.665,1.684,1.665,1.684,115439
2000-10-07,1.665,1.684,1.655,1.655,160759
2000-10-08,1.674,1.693,1.674,1.684,281223
2000-10-09,1.655,1.731,1.618,1.731,256024
2000-10-10,1.721,1.731,1.674,1.674,101006
2000-10-11,1.665,1.787,1.665,1.787,140611
2000-10-14,1.74,1.787,1.693,1.787,186649
2000-10-15,1.731,1.749,1.712,1.731,169292
2000-10-16,1.731,1.731,1.731,1.731,64671
2000-10-17,1.731,1.768,1.731,1.768,6486
2000-10-18,1.759,1.806,1.759,1.806,23391
2000-10-19,1.759,1.806,1.759,1.806,39871
2000-10-21,1.806,1.806,1.759,1.759,379730
2000-10-22,1.759,1.759,1.759,1.759,10234
2000-10-23,1.759,1.759,1.759,1.759,12759
2000-10-24,1.759,1.815,1.749,1.749,185426
2000-10-25,1.749,1.749,1.749,1.749,16719
2000-10-29,1.759,1.759,1.759,1.759,106322
2000-11-01,1.749,1.768,1.749,1.768,10526
2000-11-05,1.74,1.759,1.74,1.749,102016
2000-11-06,1.749,1.749,1.749,1.749,3190
2000-11-07,1.749,1.749,1.749,1.749,15364
2000-11-08,1.749,1.749,1.749,1.749,5635
2000-11-09,1.749,1.749,1.749,1.749,2977
2000-11-11,1.749,1.749,1.749,1.749,190689
2000-11-12,1.749,1.749,1.749,1.749,9622
2000-11-13,1.749,1.787,1.749,1.749,55075
2000-11-14,1.749,1.749,1.749,1.749,16374
2000-11-15,1.749,1.806,1.749,1.806,14460
2000-11-16,1.806,1.806,1.759,1.759,73921
2000-11-18,1.759,1.759,1.759,1.759,11164
2000-11-19,1.749,1.749,1.749,1.749,24241
2000-11-20,1.749,1.749,1.749,1.749,3190
2000-11-21,1.749,1.749,1.749,1.749,1595
2000-11-22,1.749,1.749,1.749,1.749,1595
2000-11-25,1.749,1.749,1.749,1.749,10526
2000-11-26,1.768,1.768,1.674,1.674,6273
2000-11-29,1.702,1.702,1.702,1.702,4785
2000-12-02,1.702,1.702,1.702,1.702,3934
2000-12-03,1.702,1.702,1.702,1.702,957
2000-12-04,1.702,1.702,1.693,1.693,11323
2000-12-06,1.712,1.712,1.712,1.712,1914
2000-12-12,1.58,1.58,1.58,1.58,1063
2000-12-13,1.618,1.618,1.618,1.618,2871
2000-12-16,1.655,1.693,1.655,1.655,3296
2000-12-18,1.665,1.665,1.665,1.665,4253
2000-12-19,1.693,1.693,1.693,1.693,159
2000-12-20,1.684,1.684,1.684,1.684,1489
2000-12-23,1.806,1.843,1.768,1.843,633734
2001-01-01,1.749,2.022,1.74,2.022,705794
2001-01-02,1.966,1.966,1.966,1.966,13290
2001-01-03,1.89,1.919,1.881,1.881,41147
2001-01-07,1.815,1.815,1.815,1.815,1116
2001-01-09,1.759,1.759,1.749,1.749,9303
2001-01-10,1.768,1.768,1.749,1.749,51460
2001-01-11,1.806,1.806,1.806,1.806,1223
2001-01-13,1.796,1.796,1.796,1.796,2658
2001-01-14,1.815,1.975,1.815,1.975,133541
2001-01-15,1.881,1.919,1.881,1.909,15576
2001-01-16,1.9,1.9,1.843,1.843,42476
2001-01-17,1.89,1.89,1.843,1.853,42104
2001-01-18,1.843,1.843,1.843,1.843,3987
2001-01-20,1.862,1.862,1.862,1.862,12652
2001-01-21,1.843,2.022,1.843,2.013,666295
2001-01-22,1.966,1.966,1.919,1.938,17517
2001-01-23,1.938,1.938,1.938,1.938,5901
2001-01-24,1.938,1.938,1.928,1.928,10180
2001-01-25,1.9,1.9,1.9,1.9,1382
2001-01-27,1.956,1.994,1.956,1.966,47473
2001-01-28,1.966,1.994,1.966,1.985,26554
2001-01-29,1.985,2.013,1.985,2.013,74240
2001-01-30,2.013,2.107,1.975,2.107,270962
2001-01-31,2.069,2.229,2.041,2.088,467287
2001-02-01,2.107,2.107,2.097,2.107,62836
2001-02-03,2.126,2.314,2.116,2.257,870594
2001-02-04,2.286,2.445,2.257,2.445,166979
2001-02-05,2.22,2.238,2.22,2.238,53533
2001-02-06,2.238,2.238,2.107,2.22,148479
2001-02-07,2.144,2.144,2.003,2.003,1359544
2001-02-08,1.966,1.994,1.938,1.994,373723
2001-02-10,1.994,2.013,1.938,2.013,160866
2001-02-11,1.956,1.966,1.881,1.966,330184
2001-02-12,1.89,1.947,1.862,1.947,277448
2001-02-13,1.947,1.947,1.872,1.881,376753
2001-02-14,1.872,1.919,1.872,1.881,273115
2001-02-15,1.881,1.909,1.881,1.881,96753
2001-02-17,1.881,1.9,1.872,1.881,450860
2001-02-18,1.9,1.909,1.872,1.881,851270
2001-02-19,1.881,1.881,1.693,1.731,3155115
2001-02-20,1.74,1.778,1.731,1.749,379704
2001-02-21,1.749,1.759,1.721,1.731,500884
2001-02-22,1.731,1.731,1.731,1.731,33252
2001-02-24,1.759,1.768,1.74,1.749,67834
2001-02-25,1.749,1.843,1.749,1.834,912804
2001-02-26,1.825,1.872,1.787,1.787,498917
2001-02-27,1.787,1.787,1.778,1.778,115626
2001-02-28,1.825,1.825,1.806,1.806,19935
2001-03-01,1.806,1.815,1.806,1.815,99465
2001-03-10,1.787,1.787,1.778,1.778,69110
2001-03-11,1.787,1.834,1.778,1.778,129049
2001-03-12,1.778,1.778,1.731,1.731,194782
2001-03-13,1.749,1.749,1.749,1.749,2977
2001-03-14,1.74,1.74,1.731,1.731,132903
2001-03-15,1.731,1.759,1.712,1.759,88168
2001-03-17,1.712,1.712,1.712,1.712,38595
2001-03-18,1.712,1.712,1.693,1.693,146725
2001-03-20,1.674,1.674,1.674,1.674,116210
2001-03-21,1.674,1.731,1.674,1.731,86174
2001-03-24,1.693,1.749,1.693,1.74,239544
2001-03-25,1.731,1.778,1.731,1.778,199354
2001-03-26,1.768,1.778,1.74,1.778,107386
2001-03-27,1.74,1.74,1.731,1.731,294513
2001-03-28,1.702,1.731,1.674,1.731,486318
2001-03-29,1.693,1.693,1.693,1.693,1223
2001-03-31,1.693,1.731,1.693,1.731,77084
2001-04-01,1.693,1.731,1.693,1.721,114084
2001-04-03,1.702,1.712,1.684,1.712,118230
2001-04-05,1.684,1.684,1.684,1.684,19935
2001-04-08,1.674,1.693,1.674,1.693,3934
2001-04-09,1.702,1.702,1.693,1.693,73097
2001-04-10,1.684,1.693,1.674,1.693,88035
2001-04-11,1.674,1.684,1.674,1.684,48430
2001-04-12,1.674,1.712,1.674,1.712,23178
2001-04-14,1.674,1.674,1.674,1.674,1116
2001-04-15,1.702,1.787,1.702,1.731,679479
2001-04-16,1.731,1.768,1.731,1.749,336058
2001-04-17,1.731,1.731,1.712,1.712,128969
2001-04-18,1.712,1.712,1.712,1.712,53161
2001-04-21,1.731,1.749,1.731,1.731,466675
2001-04-22,1.749,1.749,1.74,1.74,53161
2001-04-24,1.712,1.731,1.712,1.731,146193
2001-04-25,1.731,1.731,1.702,1.702,64750
2001-04-28,1.712,1.712,1.702,1.702,63793
2001-04-29,1.702,1.712,1.702,1.702,134498
2001-04-30,1.693,1.721,1.693,1.693,95238
2001-05-01,1.731,1.787,1.731,1.768,221469
2001-05-02,1.749,1.768,1.74,1.768,83091
2001-05-03,1.74,1.74,1.74,1.74,1382
2001-05-05,1.74,1.74,1.74,1.74,8293
2001-05-06,1.74,1.74,1.74,1.74,1382
2001-05-07,1.74,1.778,1.74,1.74,88939
2001-05-08,1.74,1.74,1.731,1.731,83516
2001-05-09,1.731,1.731,1.731,1.731,161769
2001-05-12,1.712,1.731,1.712,1.731,162992
2001-05-14,1.731,1.731,1.731,1.731,39871
2001-05-15,1.721,1.731,1.721,1.731,16267
2001-05-16,1.731,1.731,1.712,1.712,48908
2001-05-19,1.712,1.712,1.712,1.712,4359
2001-05-20,1.731,1.768,1.731,1.768,400277
2001-05-21,1.74,1.749,1.74,1.749,25943
2001-05-22,1.749,1.768,1.749,1.749,178303
2001-05-23,1.749,1.768,1.749,1.768,54915
2001-05-24,1.749,1.749,1.749,1.749,2552
2001-05-26,1.768,1.768,1.74,1.74,183884
2001-05-27,1.768,1.768,1.768,1.768,555109
2001-05-28,1.749,1.749,1.749,1.749,16161
2001-05-29,1.759,1.759,1.759,1.759,27697
2001-05-30,1.749,1.768,1.749,1.749,38994
2001-05-31,1.749,1.749,1.749,1.749,8027
2001-06-03,1.74,1.787,1.74,1.787,85430
2001-06-04,1.721,1.759,1.721,1.749,354346
2001-06-05,1.74,1.815,1.74,1.815,193374
2001-06-06,1.806,1.843,1.778,1.843,112967
2001-06-07,1.796,1.862,1.787,1.862,203714
2001-06-09,1.806,1.853,1.806,1.853,70970
2001-06-10,1.853,1.881,1.834,1.853,86201
2001-06-11,1.843,1.9,1.834,1.9,256210
2001-06-12,1.843,1.881,1.843,1.881,42848
2001-06-13,1.881,1.938,1.862,1.862,24773
2001-06-14,1.872,1.872,1.872,1.872,1276
2001-06-16,1.881,1.881,1.881,1.881,42821
2001-06-17,1.872,1.881,1.843,1.881,130776
2001-06-18,1.872,2.022,1.853,2.022,602794
2001-06-19,2.022,2.032,1.928,1.994,196484
2001-06-20,1.947,1.956,1.909,1.909,604283
2001-06-21,1.919,1.919,1.919,1.919,31897
2001-06-23,1.919,1.947,1.89,1.947,116822
2001-06-24,1.89,1.89,1.881,1.89,16613
2001-06-25,1.89,1.919,1.843,1.919,18846
2001-06-26,1.843,1.919,1.843,1.919,23976
2001-06-27,1.872,1.881,1.862,1.881,37213
2001-06-28,1.881,1.919,1.881,1.919,5795
2001-06-30,1.881,1.881,1.806,1.881,187606
2001-07-01,1.843,1.881,1.843,1.881,54437
2001-07-02,1.919,1.956,1.9,1.956,204670
2001-07-03,1.89,1.919,1.881,1.919,34688
2001-07-04,1.909,1.938,1.881,1.938,204352
2001-07-05,1.928,1.928,1.928,1.928,13290
2001-07-07,1.881,1.881,1.825,1.881,562392
2001-07-08,1.862,1.881,1.862,1.881,54065
2001-07-09,1.872,1.909,1.853,1.909,260756
2001-07-10,1.853,1.89,1.843,1.881,163417
2001-07-11,1.843,1.881,1.843,1.881,33279
2001-07-12,1.853,1.853,1.843,1.843,53161
2001-07-14,1.853,1.881,1.843,1.843,61135
2001-07-15,1.862,1.862,1.862,1.862,93032
2001-07-16,1.843,1.843,1.843,1.843,53161
2001-07-17,1.843,1.853,1.825,1.825,130803
2001-07-18,1.825,1.853,1.825,1.853,3854
2001-07-21,1.825,1.834,1.74,1.74,177771
2001-07-22,1.759,1.806,1.759,1.806,3748
2001-07-24,1.759,1.806,1.759,1.806,8851
2001-07-25,1.768,1.806,1.759,1.806,108954
2001-07-26,1.749,1.749,1.749,1.749,2658
2001-07-28,1.806,1.862,1.806,1.862,9915
2001-07-29,1.768,1.806,1.768,1.806,5582
2001-07-31,1.806,1.843,1.778,1.806,161424
2001-08-01,1.787,1.806,1.768,1.768,128969
2001-08-02,1.778,1.778,1.778,1.778,26235
2001-08-04,1.806,1.843,1.749,1.806,1992560
2001-08-05,1.768,1.815,1.759,1.796,1130339
2001-08-06,1.787,1.787,1.768,1.778,482012
2001-08-07,1.787,1.806,1.787,1.806,382441
2001-08-08,1.787,1.825,1.778,1.787,212671
2001-08-09,1.787,1.796,1.787,1.796,27963
2001-08-11,1.796,1.796,1.768,1.787,173890
2001-08-12,1.806,1.806,1.768,1.806,400038
2001-08-13,1.796,1.881,1.796,1.834,1584788
2001-08-14,1.834,1.843,1.825,1.825,164587
2001-08-15,1.834,1.843,1.825,1.825,142392
2001-08-16,1.843,1.843,1.834,1.843,121473
2001-08-18,1.843,1.843,1.806,1.806,84579
2001-08-19,1.825,1.834,1.815,1.815,72831
2001-08-20,1.815,1.815,1.787,1.806,584108
2001-08-21,1.843,1.843,1.806,1.815,281382
2001-08-22,1.825,1.825,1.825,1.825,39871
2001-08-23,1.834,1.834,1.834,1.834,79742
2001-08-25,1.806,1.825,1.806,1.825,43273
2001-08-26,1.815,1.834,1.815,1.825,70359
2001-08-27,1.815,1.834,1.815,1.825,105073
2001-08-28,1.825,1.825,1.806,1.806,107439
2001-08-29,1.815,1.834,1.815,1.834,110841
2001-08-30,1.815,1.815,1.815,1.815,48855
2001-09-01,1.815,1.843,1.806,1.825,57520
2001-09-02,1.825,1.825,1.815,1.825,86865
2001-09-03,1.815,1.834,1.815,1.825,139814
2001-09-04,1.815,1.843,1.815,1.834,116795
2001-09-05,1.815,1.834,1.815,1.815,85802
2001-09-06,1.815,1.815,1.806,1.806,22912
2001-09-08,1.825,1.825,1.796,1.806,303843
2001-09-09,1.815,1.853,1.815,1.834,1195116
2001-09-10,1.843,1.853,1.806,1.806,294938
2001-09-11,1.815,1.815,1.693,1.693,1537368
2001-09-12,1.768,1.806,1.768,1.796,299643
2001-09-13,1.768,1.787,1.768,1.787,101937
2001-09-15,1.778,1.778,1.702,1.731,217828
2001-09-16,1.674,1.693,1.674,1.693,21902
2001-09-17,1.693,1.749,1.665,1.749,114562
2001-09-18,1.731,1.759,1.693,1.721,300892
2001-09-19,1.759,1.787,1.759,1.787,69110
2001-09-20,1.759,1.787,1.712,1.787,111878
2001-09-22,1.712,1.712,1.655,1.665,140877
2001-09-23,1.674,1.674,1.665,1.665,38409
2001-09-24,1.674,1.712,1.674,1.693,60604
2001-09-25,1.674,1.674,1.674,1.674,86653
2001-09-26,1.674,1.674,1.674,1.674,6539
2001-09-27,1.665,1.665,1.655,1.655,160148
2001-09-29,1.693,1.693,1.693,1.693,1382
2001-09-30,1.655,1.655,1.655,1.655,26687
2001-10-01,1.731,1.731,1.731,1.731,1648
2001-10-02,1.684,1.731,1.665,1.731,280000
2001-10-03,1.684,1.693,1.684,1.693,27112
2001-10-06,1.674,1.674,1.674,1.674,2658
2001-10-08,1.665,1.665,1.646,1.646,188722
2001-10-11,1.655,1.655,1.655,1.655,79742
2001-10-13,1.731,1.731,1.731,1.731,7974
2001-10-15,1.693,1.693,1.693,1.693,2764
2001-10-18,1.637,1.637,1.637,1.637,5316
2001-10-21,1.655,1.655,1.655,1.655,1276
2001-10-23,1.674,1.731,1.674,1.731,388874
2001-10-24,1.749,1.749,1.731,1.731,39871
2001-10-25,1.712,1.712,1.693,1.693,99943
2001-10-27,1.731,1.731,1.731,1.731,26581
2001-10-28,1.693,1.778,1.693,1.768,390256
2001-10-29,1.787,1.806,1.731,1.731,487222
2001-10-30,1.768,1.768,1.731,1.731,427947
2001-11-01,1.768,1.768,1.768,1.768,24800
2001-11-03,1.721,1.721,1.721,1.721,20733
2001-11-04,1.712,1.712,1.712,1.712,8931
2001-11-05,1.712,1.712,1.712,1.712,26581
2001-11-06,1.712,1.731,1.712,1.731,54862
2001-11-07,1.731,1.749,1.731,1.749,89842
2001-11-10,1.731,1.731,1.693,1.693,54809
2001-11-11,1.702,1.749,1.702,1.731,82426
2001-11-12,1.749,1.759,1.74,1.74,95982
2001-11-13,1.74,1.768,1.693,1.74,736521
2001-11-14,1.731,1.74,1.721,1.731,234653
2001-11-15,1.731,1.731,1.712,1.731,93032
2001-11-17,1.731,1.731,1.721,1.731,39871
2001-11-18,1.731,1.731,1.731,1.731,39871
2001-11-19,1.731,1.731,1.693,1.731,212884
2001-11-20,1.731,1.731,1.731,1.731,87822
2001-11-21,1.731,1.731,1.731,1.731,79742
2001-11-24,1.731,1.731,1.712,1.712,86759
2001-11-25,1.712,1.731,1.721,1.721,53161
2001-11-26,1.721,1.74,1.731,1.74,121420
2001-11-27,1.74,1.731,1.721,1.721,73894
2001-11-28,1.721,1.721,1.721,1.721,4147
2001-12-01,1.721,1.731,1.731,1.731,26049
2001-12-02,1.731,1.702,1.693,1.693,53693
2001-12-03,1.693,1.731,1.712,1.731,6738469
2001-12-04,1.731,1.731,1.712,1.712,107917
2001-12-05,1.712,1.731,1.731,1.731,115891
2001-12-08,1.731,1.731,1.731,1.731,2658
2001-12-09,1.731,1.702,1.702,1.702,79742
2001-12-11,1.702,1.721,1.712,1.721,338956
2001-12-19,1.721,1.768,1.74,1.768,255333
2001-12-22,1.768,1.787,1.759,1.759,66451
2001-12-23,1.759,1.749,1.749,1.749,386535
2001-12-25,1.749,1.749,1.749,1.749,2658
2001-12-26,1.749,1.768,1.749,1.768,247572
2001-12-27,1.768,1.768,1.768,1.768,3190
2001-12-29,1.768,1.768,1.768,1.768,5316
2001-12-30,1.768,1.768,1.768,1.768,2658
2001-12-31,1.768,1.768,1.749,1.749,153370
2002-01-01,1.749,1.749,1.749,1.749,7974
2002-01-02,1.749,1.768,1.768,1.768,82931
2002-01-05,1.768,1.768,1.768,1.768,4040
2002-01-06,1.768,1.768,1.749,1.749,167458
2002-01-07,1.749,1.768,1.768,1.768,196882
2002-01-08,1.768,1.759,1.759,1.759,13875
2002-01-09,1.759,1.759,1.759,1.759,13662
2002-01-10,1.759,1.759,1.759,1.759,73043
2002-01-12,1.759,1.768,1.768,1.768,147522
2002-01-13,1.768,1.768,1.768,1.768,132903
2002-01-14,1.768,1.749,1.749,1.749,13981
2002-01-15,1.749,1.768,1.768,1.768,181652
2002-01-16,1.768,1.759,1.759,1.759,184469
2002-01-17,1.759,1.759,1.759,1.759,7230
2002-01-19,1.759,1.759,1.749,1.749,325612
2002-01-20,1.749,1.759,1.731,1.749,635542
2002-01-21,1.749,1.759,1.749,1.749,64139
2002-01-22,1.749,1.74,1.74,1.74,9782
2002-01-23,1.74,1.74,1.74,1.74,38276
2002-01-24,1.74,1.74,1.731,1.74,79742
2002-01-26,1.74,1.731,1.731,1.731,64750
2002-01-27,1.731,1.749,1.749,1.749,33279
2002-01-28,1.749,1.749,1.749,1.749,24454
2002-01-29,1.749,1.768,1.759,1.768,323007
2002-01-30,1.768,1.768,1.768,1.768,5103
2002-01-31,1.768,1.768,1.768,1.768,1223
2002-02-02,1.768,1.768,1.768,1.768,1276
2002-02-03,1.768,1.768,1.768,1.768,1382
2002-02-04,1.768,1.768,1.759,1.768,88088
2002-02-05,1.768,1.74,1.74,1.74,18766
2002-02-06,1.74,1.768,1.759,1.759,114190
2002-02-07,1.759,1.749,1.749,1.749,19989
2002-02-09,1.749,1.749,1.749,1.749,15417
2002-02-10,1.749,1.787,1.749,1.787,262031
2002-02-11,1.787,1.768,1.768,1.768,128358
2002-02-12,1.768,1.778,1.759,1.759,126098
2002-02-13,1.759,1.778,1.759,1.778,83357
2002-02-16,1.778,1.778,1.778,1.778,12918
2002-02-17,1.778,1.778,1.768,1.778,40721
2002-02-18,1.778,1.768,1.759,1.768,116689
2002-02-19,1.768,1.759,1.759,1.759,125115
2002-02-26,1.759,1.778,1.778,1.778,53161
2002-02-27,1.778,1.768,1.768,1.768,53161
2002-03-02,1.768,1.768,1.768,1.768,107545
2002-03-03,1.768,1.768,1.768,1.768,31897
2002-03-04,1.768,1.768,1.759,1.759,233909
2002-03-05,1.759,1.768,1.749,1.759,303178
2002-03-06,1.759,1.759,1.749,1.749,132903
2002-03-07,1.749,1.759,1.759,1.759,53161
2002-03-09,1.759,1.74,1.74,1.74,45187
2002-03-10,1.74,1.749,1.74,1.749,83729
2002-03-11,1.749,1.74,1.74,1.74,32322
2002-03-12,1.74,1.74,1.74,1.74,5529
2002-03-13,1.74,1.749,1.749,1.749,37000
2002-03-14,1.749,1.749,1.749,1.749,27803
2002-03-16,1.749,1.778,1.759,1.768,184257
2002-03-17,1.768,1.778,1.759,1.778,212910
2002-03-18,1.778,1.768,1.768,1.768,35193
2002-03-19,1.778,1.778,1.778,1.778,62092
2002-03-20,1.787,1.787,1.759,1.759,347116
2002-03-21,1.778,1.928,1.778,1.928,3463184
2002-03-23,1.975,1.975,1.862,1.862,2094762
2002-03-24,1.881,1.966,1.853,1.938,1787943
2002-03-25,1.881,1.881,1.768,1.768,1638560
2002-03-26,1.778,1.834,1.768,1.815,1079570
2002-03-27,1.834,1.834,1.796,1.796,258629
2002-03-28,1.796,1.796,1.796,1.796,77084
2002-03-30,1.768,1.768,1.768,1.768,155762
2002-03-31,1.759,1.759,1.693,1.693,147841
2002-04-01,1.731,1.759,1.731,1.759,73735
2002-04-02,1.759,1.759,1.749,1.749,57201
2002-04-03,1.749,1.768,1.749,1.768,290047
2002-04-04,1.731,1.768,1.731,1.768,79742
2002-04-06,1.74,1.768,1.74,1.768,344697
2002-04-07,1.787,1.796,1.749,1.749,273833
2002-04-08,1.749,1.759,1.749,1.759,67834
2002-04-09,1.768,1.768,1.759,1.768,87663
2002-04-10,1.749,1.749,1.74,1.74,181705
2002-04-11,1.74,1.74,1.74,1.74,2764
2002-04-13,1.74,1.749,1.74,1.749,75914
2002-04-14,1.759,1.759,1.759,1.759,71927
2002-04-15,1.768,1.778,1.768,1.778,165305
2002-04-16,1.759,1.806,1.759,1.806,348312
2002-04-17,1.778,1.796,1.759,1.796,207329
2002-04-20,1.768,1.768,1.768,1.768,108342
2002-04-21,1.778,1.843,1.778,1.834,820011
2002-04-22,1.825,1.825,1.825,1.825,176522
2002-04-23,1.825,1.834,1.815,1.825,449531
2002-04-24,1.825,1.881,1.815,1.881,2904141
2002-04-25,1.9,1.919,1.9,1.919,258682
2002-04-27,1.919,1.919,1.919,1.919,8665
2002-04-28,1.834,1.909,1.834,1.909,101352
2002-04-29,1.881,1.919,1.881,1.919,344538
2002-04-30,1.881,1.881,1.881,1.881,255944
2002-05-01,1.881,1.881,1.881,1.881,160547
2002-05-02,1.881,1.89,1.881,1.89,160095
2002-05-04,1.872,1.872,1.853,1.862,132398
2002-05-05,1.862,1.862,1.862,1.862,5821
2002-05-06,1.862,1.862,1.862,1.862,10154
2002-05-07,1.843,1.843,1.843,1.843,148320
2002-05-08,1.881,1.881,1.881,1.881,136917
2002-05-09,1.881,1.881,1.881,1.881,14672
2002-05-12,1.806,1.806,1.806,1.806,86812
2002-05-13,1.862,1.862,1.862,1.862,58743
2002-05-14,1.815,1.815,1.815,1.815,54543
2002-05-15,1.834,1.909,1.834,1.909,230214
2002-05-18,1.881,1.881,1.881,1.881,46622
2002-05-19,1.881,1.881,1.881,1.881,43486
2002-05-20,1.862,1.862,1.853,1.862,167697
2002-05-21,1.862,1.862,1.862,1.862,3402
2002-05-22,1.862,1.862,1.862,1.862,17171
2002-05-23,1.862,1.862,1.862,1.862,51380
2002-05-25,1.872,1.872,1.872,1.872,9888
2002-05-26,1.853,1.89,1.843,1.89,379890
2002-05-27,1.843,1.862,1.843,1.862,53640
2002-05-29,1.843,1.843,1.843,1.843,10340
2002-05-30,1.843,1.843,1.843,1.843,54543
2002-06-01,1.843,1.843,1.843,1.843,13290
2002-06-02,1.843,1.843,1.843,1.843,1382
2002-06-03,1.843,1.843,1.843,1.843,2764
2002-06-04,1.843,1.843,1.843,1.843,52098
2002-06-05,1.843,1.843,1.843,1.843,8825
2002-06-08,1.843,1.843,1.843,1.843,6858
2002-06-09,1.843,1.843,1.843,1.843,6539
2002-06-10,1.843,1.843,1.843,1.843,1116
2002-06-11,1.815,1.815,1.806,1.806,32216
2002-06-12,1.806,1.806,1.806,1.806,7655
2002-06-13,1.806,1.806,1.806,1.806,2047
2002-06-15,1.815,1.815,1.815,1.815,216951
2002-06-16,1.806,1.806,1.806,1.806,34555
2002-06-17,1.806,1.825,1.806,1.825,76951
2002-06-18,1.825,1.825,1.815,1.815,63740
2002-06-22,1.815,1.815,1.815,1.815,2126
2002-06-23,1.815,1.815,1.815,1.815,319
2002-06-24,1.787,1.787,1.787,1.787,641124
2002-06-25,1.787,1.787,1.787,1.787,1595
2002-06-26,1.787,1.787,1.787,1.787,6167
2002-06-29,1.787,1.787,1.787,1.787,5688
2002-06-30,1.787,1.787,1.787,1.787,9037
2002-07-01,1.787,1.787,1.787,1.787,5741
2002-07-02,1.834,1.881,1.834,1.881,79742
2002-07-03,1.806,1.806,1.806,1.806,18553
2002-07-06,1.806,1.806,1.806,1.806,3828
2002-07-07,1.834,1.834,1.834,1.834,28920
2002-07-08,1.825,1.825,1.825,1.825,55394
2002-07-09,1.825,1.843,1.825,1.843,100342
2002-07-10,1.843,1.843,1.843,1.843,7203
2002-07-11,1.843,1.843,1.843,1.843,5741
2002-07-13,1.843,1.881,1.843,1.881,93776
2002-07-15,1.825,1.825,1.815,1.815,191859
2002-07-18,1.834,1.834,1.834,1.834,199142
2002-07-20,1.834,1.834,1.834,1.834,957
2002-07-21,1.834,1.834,1.834,1.834,5502
2002-07-22,1.825,1.825,1.825,1.825,16055
2002-07-23,1.825,1.825,1.806,1.806,29132
2002-07-24,1.806,1.806,1.806,1.806,13290
2002-07-27,1.853,1.956,1.853,1.89,1194505
2002-07-28,1.853,1.89,1.853,1.89,27059
2002-07-29,1.881,1.881,1.881,1.881,17809
2002-07-30,1.89,1.919,1.89,1.919,214691
2002-07-31,1.956,1.956,1.956,1.956,40030
2002-08-01,1.89,1.89,1.89,1.89,17809
2002-08-03,1.919,1.919,1.919,1.919,59168
2002-08-04,1.89,1.89,1.89,1.89,86227
2002-08-05,1.9,1.9,1.9,1.9,15948
2002-08-06,1.881,1.881,1.881,1.881,27537
2002-08-07,1.881,1.881,1.881,1.881,33624
2002-08-08,1.9,1.9,1.9,1.9,26581
2002-08-10,1.881,1.919,1.881,1.919,282791
2002-08-11,1.9,1.9,1.9,1.9,55367
2002-08-12,1.9,1.9,1.9,1.9,135428
2002-08-13,1.9,1.9,1.9,1.9,9994
2002-08-14,1.9,1.9,1.9,1.9,7336
2002-08-17,1.9,1.9,1.9,1.9,2605
2002-08-18,1.881,1.881,1.881,1.881,77137
2002-08-20,1.862,1.862,1.862,1.862,52018
2002-08-21,1.862,1.9,1.862,1.9,61029
2002-08-22,1.881,1.938,1.881,1.928,258204
2002-08-24,1.938,2.013,1.938,1.975,226732
2002-08-25,1.956,1.956,1.881,1.881,63395
2002-08-26,1.919,1.956,1.919,1.956,77217
2002-08-27,1.975,2.013,1.919,1.975,1765004
2002-08-28,1.975,1.975,1.956,1.975,1105646
2002-08-29,1.966,1.966,1.919,1.919,187685
2002-08-31,1.919,1.919,1.9,1.919,117406
2002-09-01,1.919,1.938,1.919,1.928,119586
2002-09-02,1.938,1.947,1.919,1.947,271441
2002-09-03,1.956,1.966,1.947,1.947,118151
2002-09-04,1.938,1.956,1.938,1.956,134285
2002-09-05,1.956,1.956,1.956,1.956,13795
2002-09-07,1.928,1.928,1.9,1.9,306580
2002-09-08,1.89,1.966,1.881,1.966,1069975
2002-09-09,1.928,1.966,1.928,1.947,261686
2002-09-10,1.947,2.041,1.9,1.956,1701875
2002-09-11,1.956,1.956,1.919,1.919,360193
2002-09-12,1.928,1.928,1.928,1.928,29558
2002-09-14,1.966,1.975,1.928,1.928,548942
2002-09-15,1.985,2.013,1.956,1.966,2061457
2002-09-16,1.956,1.975,1.919,1.938,737558
2002-09-17,1.938,1.938,1.938,1.938,19351
2002-09-18,1.956,1.956,1.956,1.956,50928
2002-09-21,1.938,1.994,1.938,1.994,722168
2002-09-22,1.985,2.003,1.985,1.994,810017
2002-09-23,1.994,1.994,1.994,1.994,86706
2002-09-24,1.938,1.938,1.938,1.938,17171
2002-09-25,1.975,2.022,1.966,1.994,485308
2002-09-26,1.994,1.994,1.994,1.994,7974
2002-09-28,1.966,1.966,1.956,1.956,113074
2002-09-29,1.985,1.985,1.985,1.985,44017
2002-09-30,1.975,1.975,1.956,1.966,824317
2002-10-01,1.975,1.994,1.956,1.956,127215
2002-10-02,1.994,1.994,1.994,1.994,55234
2002-10-03,1.956,1.956,1.956,1.956,140133
2002-10-05,1.956,1.956,1.919,1.919,68259
2002-10-06,1.928,1.928,1.928,1.928,34980
2002-10-07,1.919,1.919,1.919,1.919,62305
2002-10-08,1.956,1.994,1.956,1.994,267401
2002-10-12,1.956,1.956,1.956,1.956,15496
2002-10-13,1.956,1.956,1.956,1.956,1409
2002-10-14,1.966,1.985,1.956,1.956,134604
2002-10-15,1.975,1.975,1.975,1.975,19616
2002-10-16,1.975,1.975,1.975,1.975,6964
2002-10-17,1.975,1.975,1.975,1.975,5954
2002-10-19,1.919,1.994,1.919,1.994,685646
2002-10-20,1.956,1.956,1.956,1.956,2231626
2002-10-21,1.994,1.994,1.994,1.994,30116
2002-10-22,1.956,1.956,1.956,1.956,39871
2002-10-23,1.956,1.956,1.956,1.956,2764
2002-10-24,1.985,2.022,1.975,1.975,514866
2002-10-26,1.966,2.003,1.956,1.966,274179
2002-10-27,1.966,1.966,1.966,1.966,5848
2002-10-28,1.956,1.956,1.956,1.956,24241
2002-10-29,1.956,1.956,1.956,1.956,13928
2002-10-30,1.956,1.956,1.919,1.919,113340
2002-10-31,1.919,1.919,1.919,1.919,21424
2002-11-02,1.919,1.919,1.919,1.919,13024
2002-11-03,1.919,1.919,1.919,1.919,49546
2002-11-04,1.919,1.919,1.919,1.919,2977
2002-11-05,1.919,1.919,1.919,1.919,1382
2002-11-06,1.919,1.919,1.919,1.919,1276
2002-11-09,1.919,1.919,1.919,1.919,2233
2002-11-10,1.919,1.919,1.919,1.919,8187
2002-11-11,1.919,1.919,1.919,1.919,8453
2002-11-12,1.89,1.89,1.89,1.89,20520
2002-11-13,1.89,1.9,1.89,1.9,113233
2002-11-16,1.9,1.9,1.9,1.9,27856
2002-11-17,1.9,1.9,1.9,1.9,5316
2002-11-18,1.9,1.9,1.9,1.9,1382
2002-11-19,1.881,1.881,1.862,1.862,252250
2002-11-20,1.806,1.806,1.806,1.806,15310
2002-11-21,1.806,1.806,1.806,1.806,2764
2002-11-23,1.806,1.806,1.806,1.806,1382
2002-11-24,1.796,1.796,1.796,1.796,33704
2002-11-26,1.872,1.872,1.872,1.872,26581
2002-11-30,1.778,1.778,1.778,1.778,16746
2002-12-01,1.778,1.778,1.778,1.778,2977
2002-12-02,1.778,1.778,1.778,1.778,3137
2002-12-10,1.778,1.778,1.778,1.778,1382
2002-12-15,1.778,1.778,1.778,1.778,4040
2002-12-16,1.778,1.778,1.778,1.778,3934
2002-12-17,1.759,1.759,1.749,1.749,59567
2002-12-18,1.731,1.731,1.731,1.731,40296
2002-12-19,1.731,1.731,1.731,1.731,6034
2002-12-21,1.731,1.731,1.731,1.731,5582
2002-12-23,1.731,1.731,1.731,1.731,2339
2002-12-25,1.768,1.768,1.749,1.749,67249
2002-12-26,1.749,1.749,1.749,1.749,3349
2002-12-28,1.749,1.749,1.749,1.749,3934
2002-12-29,1.749,1.749,1.749,1.749,3668
2002-12-30,1.825,1.825,1.815,1.825,187446
2002-12-31,1.825,1.825,1.825,1.825,184682
2003-01-01,1.806,1.806,1.778,1.778,32800
2003-01-04,1.806,1.881,1.806,1.881,151881
2003-01-05,1.881,1.881,1.881,1.881,31152
2003-01-06,1.881,1.881,1.881,1.881,15948
2003-01-08,1.881,1.89,1.881,1.881,162939
2003-01-09,1.881,1.881,1.881,1.881,9037
2003-01-11,1.843,1.843,1.834,1.834,91490
2003-01-12,1.834,1.834,1.834,1.834,718
2003-01-13,1.834,1.834,1.834,1.834,27351
2003-01-14,1.843,1.881,1.843,1.881,83330
2003-01-15,1.881,1.881,1.881,1.881,62996
2003-01-18,1.872,1.872,1.872,1.872,13290
2003-01-19,1.881,1.881,1.881,1.881,83463
2003-01-20,1.881,1.881,1.881,1.881,1223
2003-01-21,1.872,1.872,1.872,1.872,22062
2003-01-22,1.862,1.862,1.843,1.843,56191
2003-01-25,1.909,1.919,1.909,1.919,160866
2003-01-26,1.89,1.89,1.89,1.89,265806
2003-01-27,1.843,1.919,1.843,1.919,256822
2003-01-29,1.919,1.919,1.919,1.919,8107
2003-02-01,1.843,1.843,1.806,1.806,148772
2003-02-02,1.815,1.815,1.806,1.806,171073
2003-02-03,1.787,1.787,1.787,1.787,1887
2003-02-04,1.825,1.825,1.815,1.815,62624
2003-02-15,1.815,1.815,1.815,1.815,5316
2003-02-18,1.815,1.815,1.815,1.815,1595
2003-02-19,1.872,1.872,1.872,1.872,55713
2003-02-20,1.872,1.872,1.872,1.872,2658
2003-02-22,1.872,1.872,1.872,1.872,26581
2003-02-23,1.815,1.815,1.815,1.815,10632
2003-02-24,1.815,1.815,1.815,1.815,2552
2003-02-25,1.815,1.853,1.768,1.853,264530
2003-02-26,1.862,1.862,1.862,1.862,17171
2003-02-27,1.862,1.862,1.862,1.862,4519
2003-03-01,1.862,1.862,1.862,1.862,1382
2003-03-03,1.862,1.862,1.862,1.862,4625
2003-03-04,1.862,1.862,1.862,1.862,2658
2003-03-05,1.862,1.862,1.862,1.862,10792
2003-03-06,1.843,1.9,1.843,1.9,691334
2003-03-08,1.881,1.89,1.872,1.89,705927
2003-03-09,1.806,1.806,1.806,1.806,162035
2003-03-10,1.806,1.806,1.806,1.806,3083
2003-03-11,1.815,1.815,1.815,1.815,27963
2003-03-12,1.815,1.815,1.815,1.815,28149
2003-03-15,1.862,1.881,1.825,1.834,293981
2003-03-16,1.834,1.834,1.825,1.825,145715
2003-03-17,1.825,1.825,1.825,1.825,51593
2003-03-18,1.825,1.825,1.825,1.825,5316
2003-03-19,1.825,1.825,1.825,1.825,797
2003-03-22,1.881,1.89,1.881,1.89,193746
2003-03-23,1.881,1.881,1.881,1.881,78227
2003-03-24,1.872,1.872,1.872,1.872,86068
2003-03-25,1.872,1.872,1.872,1.872,21637
2003-03-26,1.89,1.89,1.872,1.872,123892
2003-03-27,1.881,1.881,1.881,1.881,12493
2003-03-29,1.89,1.89,1.89,1.89,49653
2003-03-30,1.89,1.89,1.89,1.89,9303
2003-03-31,1.881,1.881,1.881,1.881,45187
2003-04-01,1.825,1.825,1.806,1.806,77376
2003-04-02,1.843,1.872,1.843,1.872,69375
2003-04-03,1.862,1.862,1.862,1.862,37213
2003-04-05,1.872,1.985,1.872,1.985,300998
2003-04-06,1.928,1.966,1.89,1.89,774345
2003-04-07,1.89,1.909,1.881,1.909,260144
2003-04-08,1.862,1.862,1.862,1.862,61773
2003-04-09,1.862,1.862,1.862,1.862,7602
2003-04-10,1.843,1.843,1.843,1.843,54543
2003-04-12,1.815,1.815,1.815,1.815,56351
2003-04-13,1.843,1.872,1.843,1.872,60710
2003-04-14,1.843,1.843,1.843,1.843,21530
2003-04-15,1.806,1.843,1.806,1.843,80167
2003-04-16,1.862,1.862,1.853,1.862,101697
2003-04-19,1.881,1.881,1.815,1.815,122164
2003-04-20,1.815,1.853,1.815,1.853,29159
2003-04-21,1.853,1.853,1.853,1.853,15895
2003-04-22,1.862,1.872,1.862,1.872,41599
2003-04-23,1.872,1.881,1.872,1.881,142844
2003-04-26,1.881,1.881,1.881,1.881,23125
2003-04-27,1.825,1.825,1.825,1.834,37691
2003-04-28,1.825,1.825,1.825,1.825,33890
2003-04-29,1.825,1.825,1.825,1.825,42768
2003-04-30,1.825,1.825,1.825,1.825,532
2003-05-03,1.825,1.825,1.825,1.825,7443
2003-05-04,1.834,1.834,1.834,1.834,16055
2003-05-05,1.843,1.843,1.843,1.843,26793
2003-05-06,1.853,1.853,1.843,1.843,78253
2003-05-07,1.843,1.881,1.834,1.834,195234
2003-05-08,1.881,1.881,1.881,1.881,62172
2003-05-10,1.862,1.862,1.862,1.862,50264
2003-05-11,1.862,1.862,1.862,1.862,23896
2003-05-12,1.853,1.956,1.853,1.956,810920
2003-05-13,1.956,1.956,1.956,1.956,5582
2003-05-14,1.928,1.956,1.881,1.956,131707
2003-05-15,1.947,1.947,1.947,1.947,20467
2003-05-17,1.9,1.9,1.9,1.9,85483
2003-05-18,1.89,1.994,1.89,1.975,1986101
2003-05-19,2.003,2.173,1.985,2.173,1879220
2003-05-20,2.032,2.032,2.032,2.032,96541
2003-05-21,2.06,2.229,2.06,2.22,2479012
2003-05-22,2.144,2.163,2.126,2.126,563189
2003-05-24,2.135,2.135,2.107,2.126,251665
2003-05-25,2.088,2.088,2.069,2.069,797471
2003-05-26,2.107,2.163,2.107,2.163,334091
2003-05-27,2.144,2.182,2.116,2.182,418113
2003-05-28,2.182,2.182,2.182,2.182,302912
2003-05-29,2.182,2.182,2.182,2.182,21264
2003-05-31,2.21,2.22,2.182,2.22,690510
2003-06-01,2.21,2.295,2.21,2.295,526960
2003-06-02,2.295,2.295,2.295,2.295,17224
2003-06-03,2.295,2.304,2.286,2.304,118470
2003-06-04,2.304,2.304,2.304,2.304,17729
2003-06-05,2.314,2.314,2.304,2.304,30833
2003-06-07,2.304,2.323,2.257,2.323,145768
2003-06-08,2.257,2.257,2.257,2.257,23178
2003-06-09,2.257,2.257,2.22,2.22,281834
2003-06-10,2.257,2.257,2.22,2.22,201614
2003-06-11,2.257,2.257,2.22,2.22,175857
2003-06-12,2.257,2.257,2.257,2.257,55713
2003-06-14,2.229,2.229,2.229,2.229,46968
2003-06-15,2.267,2.276,2.257,2.276,196005
2003-06-16,2.304,2.37,2.304,2.333,568798
2003-06-17,2.333,2.333,2.333,2.333,28335
2003-06-18,2.361,2.361,2.342,2.351,161583
2003-06-19,2.351,2.351,2.351,2.351,6805
2003-06-21,2.333,2.333,2.333,2.333,54543
2003-06-22,2.351,2.37,2.351,2.37,64910
2003-06-23,2.389,2.605,2.389,2.605,1103918
2003-06-24,2.671,2.765,2.615,2.615,2108956
2003-06-25,2.671,2.671,2.577,2.596,470024
2003-06-26,2.596,2.596,2.596,2.596,1595
2003-06-28,2.634,2.718,2.634,2.709,497642
2003-06-29,2.681,2.822,2.634,2.822,1496221
2003-06-30,2.812,2.812,2.718,2.718,226626
2003-07-01,2.699,2.737,2.681,2.681,321678
2003-07-02,2.681,2.681,2.681,2.681,15364
2003-07-03,2.671,2.709,2.671,2.709,116450
2003-07-05,2.737,2.737,2.615,2.671,392303
2003-07-06,2.671,2.671,2.634,2.634,121447
2003-07-07,2.643,2.69,2.634,2.69,93112
2003-07-08,2.671,2.756,2.671,2.709,468137
2003-07-09,2.709,2.709,2.709,2.709,17437
2003-07-10,2.671,2.671,2.671,2.671,43752
2003-07-12,2.699,2.709,2.652,2.709,179180
2003-07-13,2.69,2.69,2.69,2.69,16320
2003-07-14,2.681,2.681,2.652,2.652,147469
2003-07-15,2.671,2.671,2.652,2.652,107332
2003-07-16,2.652,2.652,2.652,2.652,16958
2003-07-17,2.662,2.662,2.662,2.662,204006
2003-07-19,2.662,2.662,2.662,2.662,67701
2003-07-20,2.662,2.662,2.662,2.662,7602
2003-07-21,2.558,2.558,2.558,2.558,23125
2003-07-22,2.596,2.596,2.596,2.596,1382
2003-07-23,2.634,2.634,2.634,2.634,112914
2003-07-24,2.615,2.615,2.615,2.634,180801
2003-07-26,2.605,2.634,2.605,2.634,201853
2003-07-27,2.568,2.634,2.568,2.634,316203
2003-07-28,2.634,2.634,2.634,2.634,8027
2003-07-29,2.596,2.634,2.577,2.634,211023
2003-07-30,2.615,2.615,2.605,2.605,23178
2003-07-31,2.624,2.634,2.624,2.634,86945
2003-08-02,2.624,2.671,2.624,2.671,480763
2003-08-03,2.662,2.671,2.634,2.634,74957
2003-08-04,2.634,2.652,2.634,2.652,69322
2003-08-05,2.652,2.652,2.652,2.652,2764
2003-08-06,2.605,2.605,2.596,2.596,86121
2003-08-09,2.605,2.737,2.558,2.652,1386071
2003-08-10,2.652,2.652,2.615,2.624,209003
2003-08-11,2.634,2.671,2.624,2.652,193560
2003-08-12,2.643,2.643,2.643,2.643,27006
2003-08-13,2.643,2.671,2.634,2.634,142180
2003-08-14,2.634,2.634,2.634,2.634,1223
2003-08-16,2.624,2.643,2.624,2.643,51619
2003-08-17,2.615,2.671,2.615,2.671,137103
2003-08-18,2.662,2.709,2.662,2.681,270059
2003-08-19,2.69,2.746,2.69,2.737,523053
2003-08-20,2.746,2.784,2.709,2.746,419920
2003-08-21,2.662,2.784,2.662,2.784,229630
2003-08-23,2.775,2.784,2.728,2.784,307830
2003-08-24,2.728,2.784,2.728,2.784,240448
2003-08-25,2.746,2.746,2.728,2.728,119506
2003-08-26,2.746,2.756,2.728,2.756,309292
2003-08-27,2.756,2.822,2.728,2.793,839548
2003-08-28,2.859,2.925,2.822,2.906,1425038
2003-08-30,2.85,2.934,2.784,2.869,589903
2003-08-31,2.916,2.934,2.84,2.859,405806
2003-09-01,2.84,2.84,2.793,2.793,150526
2003-09-02,2.822,2.878,2.793,2.859,340843
2003-09-03,2.859,2.859,2.84,2.84,93298
2003-09-04,2.831,2.84,2.812,2.812,115865
2003-09-06,2.812,2.85,2.784,2.831,246269
2003-09-07,2.84,2.84,2.84,2.84,19111
2003-09-08,2.803,2.822,2.765,2.803,282924
2003-09-09,2.812,2.812,2.793,2.812,107359
2003-09-10,2.803,2.803,2.652,2.784,296586
2003-09-11,2.793,2.803,2.793,2.803,58477
2003-09-13,2.784,2.793,2.765,2.765,553620
2003-09-14,2.775,2.793,2.775,2.793,31365
2003-09-15,2.775,2.775,2.652,2.652,901268
2003-09-16,2.492,2.709,2.492,2.709,42369
2003-09-17,2.737,2.737,2.671,2.728,66265
2003-09-18,2.671,2.671,2.671,2.671,68897
2003-09-20,2.652,2.652,2.634,2.634,421781
2003-09-21,2.634,2.652,2.634,2.643,586394
2003-09-22,2.652,2.652,2.643,2.643,320642
2003-09-23,2.643,2.671,2.643,2.643,118177
2003-09-24,2.634,2.822,2.634,2.765,329360
2003-09-25,2.634,2.671,2.634,2.671,68737
2003-09-27,2.643,2.643,2.605,2.605,236647
2003-09-28,2.634,2.746,2.634,2.746,101857
2003-09-29,2.662,2.662,2.652,2.652,97630
2003-09-30,2.652,2.69,2.652,2.681,71555
2003-10-01,2.662,2.671,2.662,2.671,28813
2003-10-02,2.671,2.671,2.671,2.671,8080
2003-10-04,2.69,2.69,2.671,2.681,256423
2003-10-05,2.681,2.681,2.681,2.681,7655
2003-10-06,2.681,2.709,2.681,2.709,248741
2003-10-07,2.681,2.681,2.681,2.681,14327
2003-10-08,2.681,2.681,2.681,2.681,51779
2003-10-09,2.681,2.681,2.681,2.681,13290
2003-10-11,2.671,2.671,2.671,2.671,96434
2003-10-12,2.643,2.671,2.643,2.671,34023
2003-10-13,2.671,2.671,2.596,2.596,175963
2003-10-14,2.558,2.605,2.558,2.605,54889
2003-10-15,2.615,2.615,2.615,2.615,18792
2003-10-16,2.615,2.615,2.615,2.615,31152
2003-10-18,2.615,2.615,2.615,2.615,3562
2003-10-19,2.577,2.577,2.577,2.577,12865
2003-10-20,2.577,2.577,2.577,2.577,10127
2003-10-21,2.615,2.671,2.615,2.671,63501
2003-10-22,2.69,2.709,2.69,2.69,148958
2003-10-23,2.671,2.737,2.671,2.737,184017
2003-10-25,2.681,2.681,2.681,2.681,13556
2003-10-26,2.746,2.746,2.746,2.746,36256
2003-10-27,2.681,2.737,2.681,2.69,444853
2003-10-28,2.709,2.709,2.699,2.699,108023
2003-10-29,2.699,2.699,2.69,2.699,284439
2003-10-30,2.699,2.699,2.699,2.699,7762
2003-11-01,2.699,2.699,2.699,2.699,11908
2003-11-02,2.709,2.709,2.709,2.709,35326
2003-11-03,2.728,2.746,2.728,2.746,227264
2003-11-04,2.756,2.756,2.718,2.718,213920
2003-11-05,2.699,2.699,2.69,2.69,40668
2003-11-08,2.718,2.718,2.718,2.718,11908
2003-11-09,2.709,2.746,2.709,2.746,216685
2003-11-10,2.746,2.859,2.737,2.756,136305
2003-11-11,2.756,2.756,2.756,2.756,13822
2003-11-12,2.728,2.803,2.728,2.803,172136
2003-11-13,2.803,2.803,2.803,2.803,1595
2003-11-15,2.803,2.803,2.803,2.803,3455
2003-11-16,2.784,2.784,2.784,2.784,118709
2003-11-17,2.784,2.784,2.784,2.784,2499
2003-11-18,2.737,2.859,2.737,2.784,419548
2003-11-19,2.822,2.897,2.784,2.784,243744
2003-11-20,2.784,2.784,2.784,2.784,1914
2003-11-29,2.784,2.784,2.784,2.784,23444
2003-11-30,2.784,2.784,2.784,2.784,5848
2003-12-01,3.057,3.057,3.047,3.057,1000068
2003-12-02,3.085,3.113,2.934,2.934,553514
2003-12-03,2.972,3.01,2.972,2.972,60843
2003-12-04,3.01,3.047,3.01,3.047,238827
2003-12-06,3.047,3.066,2.934,3.057,170727
2003-12-07,3.066,3.085,2.972,3.029,204511
2003-12-08,3.038,3.085,3.029,3.029,152307
2003-12-09,3.029,3.123,3.029,3.123,421276
2003-12-10,3.104,3.104,3.066,3.066,124450
2003-12-11,3.085,3.085,3.085,3.085,14619
2003-12-13,3.085,3.085,3.085,3.085,10047
2003-12-14,3.066,3.066,3.066,3.066,327845
2003-12-15,3.047,3.066,3.038,3.066,56138
2003-12-16,3.047,3.047,3.047,3.047,31152
2003-12-17,3.047,3.047,3.038,3.038,47313
2003-12-20,3.038,3.038,3.038,3.038,21956
2003-12-21,3.038,3.038,3.01,3.01,316282
2003-12-22,2.991,2.991,2.916,2.916,72538
2003-12-23,2.916,3.01,2.916,3.01,103983
2003-12-24,3.01,3.01,3.01,3.01,24188
2003-12-25,3.047,3.047,3.047,3.047,53799
2003-12-27,3.047,3.273,3.047,3.273,1275894
2003-12-28,3.264,3.536,3.254,3.461,3785846
2003-12-30,3.668,3.8,3.48,3.8,8030817
2003-12-31,3.866,3.875,3.687,3.753,6514980
2004-01-01,3.696,3.743,3.386,3.649,299111
2004-01-03,3.649,3.649,3.433,3.489,818735
2004-01-04,3.499,3.649,3.499,3.593,1082096
2004-01-05,3.612,3.772,3.612,3.687,6279211
2004-01-06,3.677,3.706,3.593,3.668,5078672
2004-01-07,3.677,3.677,3.536,3.536,2807840
2004-01-08,3.518,3.555,3.424,3.508,1657565
2004-01-10,3.536,3.687,3.48,3.612,5892808
2004-01-11,3.583,3.649,3.536,3.583,3359865
2004-01-12,3.621,3.941,3.593,3.941,19920842
2004-01-13,4.016,4.326,3.96,4.326,11136812
2004-01-14,4.703,4.703,3.894,3.894,5734150
2004-01-15,3.536,3.875,3.527,3.762,2887209
2004-01-17,3.847,3.969,3.837,3.875,2635970
2004-01-18,3.931,4.232,3.884,4.176,14357713
2004-01-19,4.195,4.232,3.875,3.969,5858785
2004-01-20,3.922,3.988,3.894,3.894,1191634
2004-01-21,3.884,4.044,3.762,3.96,3490642
2004-01-22,3.95,4.016,3.922,3.95,560797
2004-01-24,3.988,3.988,3.894,3.903,550005
2004-01-25,3.903,3.941,3.866,3.875,580307
2004-01-26,3.903,3.913,3.856,3.875,698936
2004-01-27,3.875,3.875,3.837,3.837,383691
2004-01-28,3.856,3.866,3.837,3.866,688915
2004-02-07,3.837,3.837,3.8,3.819,487169
2004-02-08,3.837,3.941,3.819,3.875,632060
2004-02-09,3.847,3.847,3.828,3.828,454501
2004-02-10,3.828,3.837,3.819,3.819,295922
2004-02-11,3.819,3.828,3.8,3.809,523744
2004-02-12,3.819,3.819,3.819,3.819,263759
2004-02-14,3.819,3.913,3.819,3.847,828198
2004-02-15,3.847,3.847,3.819,3.819,293529
2004-02-16,3.819,3.875,3.809,3.837,771608
2004-02-17,3.828,3.913,3.819,3.875,875405
2004-02-18,3.875,3.894,3.828,3.875,502373
2004-02-19,3.903,3.95,3.884,3.922,1815294
2004-02-21,3.941,4.308,3.894,4.308,13045563
2004-02-22,4.477,4.552,3.997,4.101,14471239
2004-02-23,4.082,4.101,3.931,3.988,1881320
2004-02-24,3.96,4.148,3.95,4.101,2527920
2004-02-25,4.082,4.12,4.035,4.035,413089
2004-02-26,4.11,4.11,3.96,4.082,338052
2004-02-28,4.082,4.232,4.007,4.138,2388238
2004-02-29,4.214,4.232,4.157,4.214,1389447
2004-03-01,4.251,4.627,4.251,4.627,13354244
2004-03-02,4.627,5.088,4.571,5.088,23080290
2004-03-03,5.117,5.521,4.9,5.258,27111074
2004-03-04,5.154,5.286,5.117,5.126,2075013
2004-03-06,5.079,5.126,4.928,5.004,3151022
2004-03-07,5.069,5.154,5.004,5.06,2535362
2004-03-08,5.022,5.041,4.881,4.975,1546086
2004-03-09,4.919,4.985,4.853,4.891,1763037
2004-03-10,4.891,4.928,4.778,4.881,1572507
2004-03-11,4.853,4.928,4.844,4.891,540622
2004-03-13,4.872,4.872,4.787,4.816,908551
2004-03-14,4.806,5.107,4.797,5.004,3660864
2004-03-15,5.041,5.06,4.9,4.9,759992
2004-03-16,4.9,4.975,4.834,4.957,277980
2004-03-17,4.9,4.938,4.816,4.844,827241
2004-03-18,4.844,4.881,4.816,4.881,250070
2004-03-20,4.891,4.891,4.834,4.853,357057
2004-03-21,4.872,4.947,4.834,4.863,868467
2004-03-22,4.928,4.928,4.825,4.928,680410
2004-03-23,4.834,4.891,4.825,4.881,347435
2004-03-24,4.891,4.919,4.834,4.881,282924
2004-03-25,4.891,4.91,4.881,4.91,362798
2004-03-27,4.928,5.192,4.91,5.051,4556789
2004-03-28,4.994,5.098,4.891,4.966,2294516
2004-03-29,4.891,4.966,4.853,4.891,731843
2004-03-30,4.881,4.891,4.787,4.853,1134964
2004-03-31,4.834,4.853,4.816,4.816,923463
2004-04-01,4.816,4.881,4.816,4.834,258842
2004-04-03,4.825,4.853,4.787,4.816,387013
2004-04-04,4.816,4.891,4.816,4.853,937790
2004-04-05,4.891,4.891,4.853,4.853,828012
2004-04-06,4.853,4.928,4.816,4.853,1451060
2004-04-07,4.853,4.928,4.816,4.844,499609
2004-04-08,4.853,4.881,4.853,4.881,245658
2004-04-10,4.891,4.919,4.863,4.9,768498
2004-04-11,4.919,4.966,4.872,4.957,1080580
2004-04-12,4.947,4.966,4.891,4.9,1106231
2004-04-13,4.947,5.342,4.9,5.126,7252990
2004-04-14,5.154,5.634,5.079,5.634,17484042
2004-04-15,5.634,5.765,5.53,5.671,6541614
2004-04-17,5.643,6.01,5.643,5.831,7856822
2004-04-18,5.841,5.841,5.446,5.568,2262752
2004-04-19,5.53,5.756,5.38,5.747,3536626
2004-04-20,5.662,6.32,5.662,6.32,18311788
2004-04-21,6.922,6.922,5.737,6.208,8036080
2004-04-22,6.123,6.565,6.123,6.443,1864814
2004-04-24,6.509,6.537,6.057,6.179,2068554
2004-04-25,6.132,6.396,6.132,6.283,1528835
2004-04-26,6.377,6.377,5.944,6.198,1152773
2004-04-27,6.226,6.471,6.17,6.433,4893778
2004-04-28,6.367,6.537,6.349,6.396,3355400
2004-04-29,6.405,6.471,6.358,6.358,1081484
2004-05-01,6.396,6.988,6.358,6.988,7340307
2004-05-02,7.035,7.374,6.875,7.148,7277284
2004-05-03,7.139,7.139,6.866,6.979,2684320
2004-05-04,6.847,7.148,6.659,6.979,2351106
2004-05-05,6.857,7.186,6.857,7.007,4900183
2004-05-06,6.96,7.035,6.885,6.932,591923
2004-05-08,6.885,7.035,6.847,6.96,1458795
2004-05-09,6.941,7.411,6.922,7.28,7096296
2004-05-10,7.223,7.261,7.016,7.148,3895517
2004-05-11,6.847,7.336,6.828,7.261,5048556
2004-05-12,7.346,7.985,7.346,7.985,8786929
2004-05-13,8.089,8.089,7.863,7.901,820330
2004-05-15,7.712,8.653,7.712,8.239,6726906
2004-05-16,8.427,8.672,7.976,8.051,5987967
2004-05-17,7.901,8.089,7.675,7.712,3336262
2004-05-18,7.675,7.703,6.941,6.951,3351412
2004-05-19,6.697,6.772,6.264,6.264,1728429
2004-05-20,5.643,6.772,5.643,6.574,1578594
2004-05-22,7.035,7.035,6.546,6.8,1444017
2004-05-23,6.734,6.772,6.123,6.396,1951041
2004-05-24,5.982,6.302,5.756,5.756,1387613
2004-05-25,5.643,6.019,5.267,5.417,781177
2004-05-26,5.417,5.417,4.881,4.881,682855
2004-05-27,4.411,4.411,4.402,4.402,147310
2004-05-29,3.978,4.834,3.969,4.834,344059
2004-05-30,5.229,5.314,5.22,5.314,1283709
2004-05-31,5.587,5.841,5.314,5.841,2886385
2004-06-01,5.831,6.386,5.455,5.643,5272736
2004-06-02,5.756,5.756,5.117,5.7,998712
2004-06-03,5.747,5.991,5.69,5.907,479780
2004-06-05,5.954,6.49,5.954,6.49,14624582
2004-06-06,6.471,6.697,5.841,5.841,8015400
2004-06-07,5.643,5.972,5.267,5.681,2569678
2004-06-08,5.493,5.662,5.408,5.493,1537235
2004-06-09,5.417,5.549,5.342,5.521,1013225
2004-06-10,5.512,5.794,5.493,5.709,1285543
2004-06-12,5.718,5.907,5.483,5.747,3290702
2004-06-13,5.493,5.7,5.465,5.587,673260
2004-06-14,5.634,5.634,5.342,5.455,691733
2004-06-15,5.493,5.53,4.91,4.966,918572
2004-06-16,4.975,5.455,4.59,5.323,1071915
2004-06-17,5.455,5.634,5.38,5.399,866527
2004-06-19,5.38,5.493,5.117,5.229,224367
2004-06-20,5.248,5.267,5.004,5.032,256662
2004-06-21,4.975,5.267,4.975,5.154,174209
2004-06-22,5.117,5.493,5.117,5.493,1675640
2004-06-23,5.493,5.624,5.436,5.568,2392837
2004-06-24,5.643,5.643,5.53,5.634,867537
2004-06-26,5.718,6.132,5.53,5.737,4633394
2004-06-27,5.662,5.831,5.568,5.681,1381765
2004-06-28,5.831,5.869,5.681,5.718,3117556
2004-06-29,5.747,5.747,5.653,5.69,560930
2004-06-30,5.643,5.784,5.643,5.765,1739938
2004-07-01,5.794,5.907,5.737,5.765,2656144
2004-07-03,5.869,6.001,5.794,5.907,4788864
2004-07-04,5.907,5.944,5.718,5.813,1399255
2004-07-05,5.831,5.85,5.747,5.765,557740
2004-07-06,5.765,5.831,5.737,5.756,481986
2004-07-07,5.794,5.944,5.784,5.86,1480592
2004-07-08,5.869,6.085,5.831,5.963,2831789
2004-07-10,6.095,6.255,5.888,6.095,16972604
2004-07-11,6.085,6.123,5.972,6.019,2315408
2004-07-12,5.982,6.019,5.907,5.916,1247719
2004-07-13,5.907,5.907,5.7,5.86,1374030
2004-07-14,5.888,5.944,5.794,5.944,1173160
2004-07-15,5.954,6.001,5.907,5.954,643383
2004-07-17,6.057,6.123,5.869,5.982,4854358
2004-07-18,5.982,6.095,5.944,5.991,4617180
2004-07-19,5.991,6.076,5.944,5.954,1186318
2004-07-20,5.944,5.982,5.718,5.916,1578488
2004-07-21,5.916,6.076,5.916,6.048,2494534
2004-07-22,6.095,6.104,5.982,6.001,2590065
2004-07-24,6.029,6.057,5.982,6.01,1857451
2004-07-25,6.019,6.057,5.982,6.019,2168045
2004-07-26,6.048,6.226,5.982,6.057,8293220
2004-07-27,6.019,6.095,6.019,6.029,1283204
2004-07-28,6.029,6.161,6.019,6.132,2872829
2004-07-29,6.132,6.264,6.085,6.132,4687911
2004-07-31,6.189,6.687,6.113,6.659,12647864
2004-08-01,6.584,6.734,6.104,6.113,8954599
2004-08-02,6.217,6.32,6.113,6.283,2200712
2004-08-03,6.311,6.367,6.208,6.367,1496646
2004-08-04,6.302,6.358,6.245,6.302,1357710
2004-08-05,6.302,6.339,6.208,6.283,533020
2004-08-07,6.292,6.593,6.292,6.593,6956802
2004-08-08,6.471,6.603,6.349,6.499,2121742
2004-08-09,6.527,6.621,6.48,6.584,4379204
2004-08-10,6.556,6.584,6.48,6.509,2047502
2004-08-11,6.527,6.697,6.433,6.631,5223483
2004-08-12,6.621,6.678,6.574,6.584,1329002
2004-08-14,6.621,6.621,6.509,6.574,2617523
2004-08-15,6.546,6.584,6.518,6.546,1107427
2004-08-16,6.556,6.64,6.518,6.518,2588975
2004-08-17,6.509,6.988,6.461,6.857,12740286
2004-08-18,6.941,7.299,6.894,6.979,14317232
2004-08-19,6.979,7.11,6.847,6.922,1991444
2004-08-21,6.922,7.223,6.847,7.186,8827172
2004-08-22,7.299,7.901,7.289,7.901,21201256
2004-08-23,7.825,7.863,7.289,7.496,8880972
2004-08-24,7.515,7.665,7.449,7.449,2409530
2004-08-25,7.487,7.665,7.487,7.553,5556138
2004-08-26,7.524,7.524,7.421,7.449,1042836
2004-08-28,7.487,7.505,7.374,7.393,2311527
2004-08-29,7.421,7.477,6.697,7.317,2232662
2004-08-30,7.28,7.308,6.706,6.772,5670249
2004-08-31,6.697,7.073,6.659,7.063,2593866
2004-09-01,7.082,7.299,7.035,7.205,4342470
2004-09-02,7.336,7.393,7.223,7.261,2654762
2004-09-04,7.167,7.261,7.092,7.148,1359224
2004-09-05,7.101,7.148,6.96,7.129,980372
2004-09-06,7.252,7.28,7.092,7.176,1675055
2004-09-07,7.186,7.261,7.11,7.195,2834739
2004-09-08,7.205,7.252,7.148,7.223,2010050
2004-09-09,7.223,7.261,7.148,7.176,1139031
2004-09-11,7.148,7.261,7.092,7.223,1398032
2004-09-12,7.261,7.524,7.223,7.223,6149231
2004-09-13,7.261,7.28,7.073,7.261,2989278
2004-09-14,7.336,7.6,7.223,7.43,10880920
2004-09-15,7.393,7.769,7.393,7.618,12923134
2004-09-16,7.618,7.618,7.336,7.496,3327171
2004-09-18,7.524,7.59,7.411,7.468,2142448
2004-09-19,7.449,7.581,7.43,7.44,2765444
2004-09-20,7.43,7.515,7.308,7.468,2950072
2004-09-21,7.496,7.515,7.374,7.44,1736749
2004-09-22,7.374,7.449,7.317,7.449,1175659
2004-09-23,7.383,7.487,7.374,7.421,775834
2004-09-25,7.393,7.44,7.374,7.374,871710
2004-09-26,7.402,7.411,7.355,7.374,849834
2004-09-27,7.402,7.421,7.374,7.374,647237
2004-09-28,7.346,7.402,7.346,7.402,557740
2004-09-29,7.402,7.43,7.355,7.393,1054478
2004-09-30,7.411,7.411,7.317,7.317,439005
2004-10-02,7.327,7.374,7.242,7.327,430260
2004-10-03,7.261,7.355,7.186,7.223,1262471
2004-10-04,7.261,7.261,7.035,7.035,1179540
2004-10-05,6.414,6.941,6.339,6.715,1417835
2004-10-06,6.828,6.96,6.574,6.734,1215743
2004-10-07,6.772,7.299,6.668,6.969,2604100
2004-10-09,7.054,7.082,6.715,6.885,1106390
2004-10-10,6.734,7.261,6.715,7.12,2788489
2004-10-11,7.157,7.261,7.035,7.223,3205884
2004-10-12,7.11,7.186,7.035,7.073,432519
2004-10-13,7.016,7.045,6.988,7.035,365616
2004-10-14,7.016,7.016,6.979,6.998,340444
2004-10-16,6.922,7.223,6.922,7.12,2354136
2004-10-17,7.129,7.411,7.101,7.261,6565032
2004-10-18,7.261,7.261,7.063,7.129,1859657
2004-10-19,7.11,7.11,7.007,7.054,726819
2004-10-20,7.035,7.035,6.941,6.979,832557
2004-10-21,6.941,6.988,6.866,6.922,524780
2004-10-23,6.885,7.148,6.885,6.951,1205934
2004-10-24,6.941,7.007,6.913,6.922,699362
2004-10-25,6.913,6.988,6.828,6.96,801059
2004-10-26,6.96,6.998,6.894,6.979,771076
2004-10-27,6.988,6.988,6.922,6.96,601705
2004-10-28,6.96,6.96,6.904,6.904,155470
2004-10-30,6.922,6.96,6.875,6.913,419574
2004-10-31,6.922,6.922,6.875,6.894,377683
2004-11-01,6.922,6.922,6.819,6.847,719138
2004-11-02,6.809,6.885,6.809,6.866,428160
2004-11-03,6.847,6.913,6.828,6.838,333746
2004-11-04,6.838,6.885,6.772,6.885,1694512
2004-11-06,6.941,6.979,6.809,6.866,4131420
2004-11-07,6.847,6.857,6.772,6.781,2048007
2004-11-08,6.772,6.894,6.734,6.828,1998594
2004-11-09,6.847,6.904,6.772,6.847,3590877
2004-11-10,6.875,6.894,6.819,6.866,804063
2004-11-20,6.866,6.885,6.866,6.875,647423
2004-11-21,6.875,7.092,6.847,6.979,5282066
2004-11-22,6.998,7.016,6.885,6.904,2555484
2004-11-23,6.922,6.96,6.847,6.866,1129170
2004-11-24,6.847,6.969,6.753,6.847,3926297
2004-11-25,6.791,6.838,6.386,6.734,1429982
2004-11-27,6.706,7.035,6.706,7.026,5021497
2004-11-28,7.129,7.148,6.809,6.932,8302710
2004-11-29,6.885,7.073,6.847,6.96,3154238
2004-11-30,6.951,7.035,6.885,6.941,2567817
2004-12-01,6.913,6.951,6.894,6.904,1058173
2004-12-02,6.894,6.904,6.857,6.866,615553
2004-12-04,6.847,6.847,6.659,6.697,1782574
2004-12-05,6.697,6.809,6.697,6.734,1520755
2004-12-06,6.753,6.781,6.678,6.706,1336658
2004-12-07,6.762,6.791,6.725,6.772,1028748
2004-12-08,6.734,6.828,6.697,6.809,2025440
2004-12-09,6.838,6.847,6.772,6.847,575895
2004-12-11,6.847,7.054,6.781,6.922,2797925
2004-12-12,6.875,6.904,6.791,6.847,770093
2004-12-13,6.894,6.894,6.809,6.828,530362
2004-12-14,6.847,6.866,6.828,6.847,559920
2004-12-15,6.838,6.847,6.809,6.809,504127
2004-12-16,6.847,6.847,6.781,6.828,191168
2004-12-18,6.772,6.828,6.725,6.762,668767
2004-12-19,6.744,6.762,6.668,6.715,628312
2004-12-20,6.715,6.847,6.697,6.791,854486
2004-12-21,6.772,6.875,6.753,6.809,1289025
2004-12-22,6.828,6.904,6.753,6.847,1441359
2004-12-23,6.838,6.847,6.772,6.791,364393
2004-12-25,6.819,6.828,6.744,6.762,302620
2004-12-26,6.734,6.781,6.697,6.734,318940
2004-12-27,6.725,6.725,6.405,6.546,586368
2004-12-28,6.433,6.687,6.405,6.678,473427
2004-12-29,6.697,6.941,6.668,6.932,3561718
2004-12-30,6.847,6.922,6.809,6.809,617626
2005-01-01,6.809,6.875,6.762,6.819,1573836
2005-01-02,6.809,6.885,6.753,6.838,1436362
2005-01-03,6.819,6.979,6.809,6.875,4608886
2005-01-04,6.885,6.885,6.772,6.857,1554672
2005-01-05,6.866,7.148,6.847,7.045,10192590
2005-01-06,6.998,7.045,6.96,7.007,978936
2005-01-08,7.026,7.026,6.904,6.922,1051581
2005-01-09,6.904,6.904,6.772,6.828,1282992
2005-01-10,6.847,6.866,6.781,6.828,686364
2005-01-11,6.8,6.998,6.8,6.941,1581571
2005-01-12,6.941,7.016,6.941,6.96,1354387
2005-01-13,6.951,7.129,6.941,7.016,5753845
2005-01-15,6.988,7.336,6.941,7.12,27278638
2005-01-16,7.148,7.205,7.054,7.101,5022932
2005-01-17,7.082,7.129,7.016,7.092,638545
2005-01-18,6.998,7.073,6.922,6.951,804754
2005-01-19,6.988,7.073,6.951,7.016,417767
2005-01-29,7.073,7.073,6.922,6.951,444746
2005-01-30,6.941,6.941,6.847,6.847,410617
2005-01-31,6.847,6.866,6.734,6.781,576081
2005-02-01,6.791,6.847,6.791,6.809,184974
2005-02-02,6.809,6.819,6.659,6.659,247625
2005-02-03,6.734,6.734,6.396,6.565,324310
2005-02-05,6.565,6.565,6.208,6.208,1049189
2005-02-06,6.066,6.828,6.029,6.828,1865638
2005-02-07,6.809,7.261,6.687,7.148,5777156
2005-02-08,6.96,7.186,6.96,6.96,2892286
2005-02-09,6.96,7.148,6.922,7.054,3019288
2005-02-10,7.11,7.148,7.016,7.148,1752803
2005-02-12,7.092,7.261,7.073,7.129,5754590
2005-02-13,7.082,7.11,6.922,7.007,2756965
2005-02-14,7.016,7.016,6.885,6.922,2479144
2005-02-15,6.941,6.979,6.838,6.857,1912127
2005-02-16,6.866,6.866,6.593,6.753,2426728
2005-02-17,6.678,6.772,6.659,6.734,809644
2005-02-19,6.706,6.904,6.659,6.904,1827840
2005-02-20,6.904,6.904,6.772,6.809,2384597
2005-02-21,6.772,6.847,6.762,6.772,1798309
2005-02-22,6.8,7.035,6.791,7.016,5950276
2005-02-23,7.026,7.054,6.857,6.857,4868420
2005-02-24,6.894,6.913,6.875,6.904,702020
2005-02-26,6.904,6.998,6.847,6.932,3071120
2005-02-27,6.922,6.96,6.866,6.913,1634785
2005-02-28,6.913,6.998,6.875,6.904,2357086
2005-03-01,6.885,6.941,6.847,6.904,1583113
2005-03-02,6.922,6.96,6.809,6.875,1804502
2005-03-03,6.847,6.913,6.838,6.885,451551
2005-03-05,6.904,6.913,6.838,6.857,1689223
2005-03-06,6.847,6.866,6.772,6.838,856984
2005-03-07,6.838,6.885,6.819,6.866,1027977
2005-03-08,6.875,6.885,6.772,6.819,1799000
2005-03-09,6.772,6.819,6.603,6.715,2425292
2005-03-10,6.715,6.772,6.697,6.772,662999
2005-03-12,6.772,6.847,6.715,6.772,1186504
2005-03-13,6.781,6.828,6.744,6.772,1392636
2005-03-14,6.772,6.979,6.734,6.875,7524431
2005-03-15,7.12,7.562,7.12,7.562,34829248
2005-03-16,7.712,7.788,7.411,7.628,19870898
2005-03-17,7.618,7.618,7.458,7.458,2446849
2005-03-19,7.393,7.75,7.186,7.75,23680664
2005-03-20,7.75,7.769,7.524,7.628,12015910
2005-03-21,7.581,7.844,7.562,7.675,16545614
2005-03-22,7.778,8.399,7.75,8.239,39792992
2005-03-23,8.239,8.427,8.145,8.211,16717618
2005-03-24,8.239,8.267,8.173,8.201,2866290
2005-03-26,8.22,8.361,8.173,8.23,8347976
2005-03-27,8.201,8.277,8.154,8.201,4374606
2005-03-28,8.201,8.286,8.089,8.136,9649947
2005-03-29,7.863,8.145,7.863,7.929,4499216
2005-03-30,7.882,8.032,7.684,7.769,4043332
2005-03-31,7.769,7.788,7.148,7.487,1423231
2005-04-02,7.44,7.853,7.44,7.656,3160697
2005-04-03,7.712,7.722,7.524,7.628,1894053
2005-04-04,7.628,8.107,7.628,7.901,6948137
2005-04-05,7.938,7.976,7.769,7.901,3318479
2005-04-06,7.91,8.013,7.722,8.013,3519854
2005-04-07,7.901,8.013,7.901,7.976,1815427
2005-04-09,7.938,7.948,7.853,7.872,1471926
2005-04-10,8.164,8.427,8.154,8.183,14947908
2005-04-11,8.164,8.22,7.938,8.089,4498444
2005-04-12,8.117,8.117,7.901,7.976,3833690
2005-04-13,7.863,7.985,7.825,7.863,2151166
2005-04-14,7.882,8.051,7.825,7.863,1988440
2005-04-16,7.901,8.032,7.75,7.957,3771891
2005-04-17,8.004,8.408,7.995,8.239,14826515
2005-04-18,8.258,8.277,8.098,8.183,3071864
2005-04-19,8.258,8.258,7.712,8.013,3894294
2005-04-20,8.004,8.239,7.948,8.164,5966676
2005-04-21,8.164,8.183,8.089,8.098,1556213
2005-04-23,8.183,8.314,8.042,8.183,5667140
2005-04-24,8.173,8.973,8.126,8.973,24015846
2005-04-25,9.33,9.65,8.803,9.217,32452524
2005-04-26,9.029,9.142,8.879,8.973,6060559
2005-04-27,8.992,9.067,8.841,8.954,4380373
2005-04-28,8.954,9.02,8.841,8.907,1787783
2005-04-30,8.879,9.067,8.766,8.963,1784035
2005-05-01,8.916,9.142,8.85,9.048,2048645
2005-05-02,9.048,9.048,8.916,8.926,894649
2005-05-03,8.916,9.104,8.916,9.001,1990753
2005-05-04,9.01,9.481,9.01,9.217,5376746
2005-05-05,9.189,9.245,9.104,9.245,893373
2005-05-07,9.349,10.158,9.255,10.007,6747268
2005-05-08,10.092,10.365,10.045,10.289,7212720
2005-05-09,10.346,10.985,10.233,10.609,6754764
2005-05-10,10.609,10.76,10.271,10.543,3247110
2005-05-11,10.421,11.023,10.384,10.91,5184010
2005-05-12,10.91,10.91,10.543,10.722,2230031
2005-05-14,10.722,10.976,10.534,10.722,4574252
2005-05-15,10.797,10.91,10.59,10.656,3299315
2005-05-16,10.797,10.938,10.76,10.76,5876408
2005-05-17,11.23,11.832,11.098,11.832,11774532
2005-05-18,12.246,12.754,11.926,12.566,8197052
2005-05-19,12.735,13.468,12.34,13.309,8042300
2005-05-21,12.979,13.356,12.603,13.026,7809135
2005-05-22,13.205,13.28,12.039,12.716,6722042
2005-05-23,12.754,12.754,11.851,11.964,4466708
2005-05-24,11.851,11.926,10.769,11.051,6790701
2005-05-25,11.089,11.089,9.951,9.97,3757670
2005-05-26,10.158,10.308,9.556,10.214,1690950
2005-05-28,9.518,11.23,9.518,11.089,5855117
2005-05-29,11.851,12.114,11.324,11.446,7029899
2005-05-30,11.587,11.587,10.91,11.362,3750812
2005-05-31,11.663,12.377,11.663,12.133,10951970
2005-06-01,12.34,12.49,11.898,12.34,8898594
2005-06-02,12.415,13.158,12.34,12.904,8653892
2005-06-04,13.092,13.497,12.951,13.036,7312238
2005-06-05,13.017,13.168,12.453,13.168,4576378
2005-06-06,12.904,13.374,12.65,13.036,7569778
2005-06-07,13.168,13.732,12.829,13.431,12870504
2005-06-08,13.544,14.099,13.168,13.581,11465214
2005-06-09,13.6,13.807,13.393,13.563,3454067
2005-06-11,13.506,13.882,13.506,13.638,5418239
2005-06-12,13.619,13.882,13.356,13.769,8083793
2005-06-13,13.732,14.447,13.544,14.259,10468364
2005-06-14,14.296,14.371,14.108,14.117,4145268
2005-06-15,14.221,15.086,14.221,14.522,12205669
2005-06-16,14.334,14.71,14.334,14.597,1665964
2005-06-18,14.936,15.5,14.898,15.237,5471267
2005-06-19,15.237,16.629,13.713,15.011,6662609
2005-06-20,16.347,16.506,15.613,16.506,7575492
2005-06-21,17.682,18.152,17.607,18.152,20706166
2005-06-22,18.858,19.469,17.118,17.494,18650104
2005-06-23,17.532,18.623,17.118,18.143,8800723
2005-06-25,18.435,18.547,17.24,17.306,4922804
2005-06-26,17.118,17.372,16.553,16.779,3758334
2005-06-27,16.553,17.795,16.102,17.682,6469978
2005-06-28,17.833,18.359,17.795,17.889,7045954
2005-06-29,17.889,18.002,17.08,17.306,2906055
2005-06-30,17.494,17.682,17.306,17.532,925934
2005-07-02,17.419,17.494,16.742,17.155,2136414
2005-07-03,17.268,18.049,16.365,18.049,2519653
2005-07-04,17.532,17.833,17.343,17.607,3968747
2005-07-05,17.616,17.616,17.043,17.155,2144282
2005-07-06,17.043,17.165,16.742,16.93,1310396
2005-07-07,16.93,16.93,16.441,16.441,922426
2005-07-09,16.177,16.629,15.049,15.575,1591619
2005-07-10,15.556,15.876,15.077,15.801,2206215
2005-07-11,15.951,16.328,15.415,15.801,2431698
2005-07-12,15.425,15.745,15.086,15.161,1712773
2005-07-13,15.274,15.876,15.086,15.688,1798282
2005-07-14,15.792,15.914,15.566,15.688,1001025
2005-07-16,15.425,15.801,15.425,15.585,796593
2005-07-17,15.575,15.575,14.371,14.597,708585
2005-07-18,14.672,14.672,13.139,13.139,1596244
2005-07-19,12.791,14.447,12.791,14.447,2507320
2005-07-20,14.503,15.613,14.146,15.35,3133904
2005-07-21,15.331,15.688,15.049,15.086,1049933
2005-07-23,15.049,15.049,14.672,14.898,1060512
2005-07-24,14.71,15.415,14.71,15.086,1320709
2005-07-25,15.049,15.425,14.672,15.049,1748417
2005-07-26,15.312,15.425,15.049,15.293,1267867
2005-07-27,15.35,16.817,15.35,16.817,7464732
2005-07-28,17.87,18.284,17.635,17.72,9180082
2005-07-30,17.87,18.435,17.306,18.058,9149328
2005-07-31,18.096,18.134,17.682,17.833,4480183
2005-08-01,16.629,17.757,16.553,17.682,4048488
2005-08-02,17.644,17.833,17.616,17.767,2202600
2005-08-03,17.87,18.435,17.682,18.068,7476852
2005-08-04,18.096,19.874,17.898,19.874,19871828
2005-08-06,19.874,20.428,19.027,19.836,16714083
2005-08-07,19.921,20.871,19.563,20.316,17436462
2005-08-08,20.541,21.087,20.316,20.729,11259268
2005-08-09,20.654,20.918,20.504,20.645,5927550
2005-08-10,20.617,22.535,20.504,22.234,27996742
2005-08-11,22.573,22.968,22.385,22.498,10192643
2005-08-13,22.46,22.488,21.82,22.187,9099968
2005-08-14,22.31,22.789,22.197,22.291,9584797
2005-08-15,22.272,22.451,21.933,22.197,7941454
2005-08-16,21.933,22.46,21.905,22.253,9928539
2005-08-17,22.197,22.197,20.24,20.457,12368954
2005-08-18,20.513,20.729,19.563,19.958,8460120
2005-08-20,19.939,19.949,18.811,18.961,7819050
2005-08-21,18.811,19.827,18.453,19.337,8445234
2005-08-22,19.488,19.563,19.187,19.328,4054974
2005-08-23,19.262,19.3,18.632,18.867,3842968
2005-08-24,18.811,18.989,18.435,18.717,3401676
2005-08-25,18.529,18.924,18.435,18.877,2995180
2005-08-27,18.961,18.999,18.547,18.613,2699736
2005-08-28,18.547,18.961,17.757,18.547,4448286
2005-08-29,18.51,18.651,18.209,18.284,2200633
2005-08-30,18.246,18.246,17.908,18.039,1813035
2005-08-31,17.908,18.989,17.908,18.378,7374542
2005-09-01,18.359,18.67,18.359,18.435,1370654
2005-09-03,18.284,18.51,16.629,17.381,5633143
2005-09-04,17.306,17.72,17.118,17.485,1929617
2005-09-05,17.494,17.56,17.306,17.325,1579471
2005-09-06,17.146,18.312,16.742,18.228,9461836
2005-09-07,18.397,19.526,18.246,18.952,31449370
2005-09-08,19.149,19.149,18.453,18.547,3869255
2005-09-10,18.397,18.924,18.293,18.924,6251328
2005-09-11,19.112,19.356,18.933,18.942,12192139
2005-09-12,19.121,19.366,18.848,19.112,9228698
2005-09-13,19.3,19.939,19.262,19.751,35200024
2005-09-14,19.939,19.939,19.535,19.563,10006233
2005-09-15,19.554,19.714,19.45,19.469,2728629
2005-09-17,19.488,19.714,19.112,19.262,7750074
2005-09-18,19.225,19.253,18.246,18.886,7719080
2005-09-19,18.886,19.018,18.66,18.801,5222818
2005-09-20,18.98,18.98,18.623,18.66,2934283
2005-09-21,18.66,19.168,18.435,18.735,5541520
2005-09-22,18.811,18.924,18.585,18.66,1376954
2005-09-25,18.66,18.999,18.058,18.322,3968295
2005-09-26,18.435,18.529,18.058,18.246,2042399
2005-09-27,18.171,18.698,18.171,18.66,3262235
2005-09-28,18.698,19.253,18.632,18.717,9452241
2005-09-29,18.924,18.924,18.5,18.585,1800303
2005-10-01,18.585,18.585,18.303,18.435,2734796
2005-10-02,18.322,18.416,18.124,18.171,3017534
2005-10-03,18.181,18.303,18.021,18.209,2930270
2005-10-04,18.171,18.209,17.908,18.021,2323435
2005-10-05,17.87,18.021,16.93,16.93,2106804
2005-10-06,16.854,17.456,16.553,17.08,530389
2005-10-08,17.306,17.607,17.249,17.419,1263428
2005-10-09,17.438,17.494,17.165,17.193,997543
2005-10-10,17.155,17.419,16.939,17.193,832610
2005-10-11,17.024,17.306,17.005,17.193,1373498
2005-10-12,17.137,17.381,17.137,17.212,1761282
2005-10-13,17.343,18.134,17.259,17.682,2612446
2005-10-15,17.729,18.322,17.682,17.757,5136458
2005-10-16,17.833,18.171,17.118,17.917,5267872
2005-10-17,17.927,17.936,17.005,17.513,2941699
2005-10-18,17.532,17.682,17.306,17.626,2673847
2005-10-19,17.682,17.72,17.494,17.541,1946124
2005-10-20,17.466,17.654,17.419,17.456,810495
2005-10-22,17.456,17.532,17.353,17.419,1773323
2005-10-23,17.381,17.494,17.381,17.456,1573570
2005-10-24,17.494,17.851,17.4,17.644,3499334
2005-10-25,17.814,18.143,17.532,17.908,5870109
2005-10-26,17.908,17.927,17.569,17.748,3023302
2005-10-27,17.739,17.739,17.56,17.616,835826
2005-10-29,17.607,17.607,17.391,17.494,2051516
2005-10-30,17.532,17.607,17.456,17.485,1408026
2005-10-31,17.466,17.569,17.306,17.325,748908
2005-11-08,17.569,17.569,17.343,17.438,1419536
2005-11-09,17.456,17.833,17.306,17.569,4741683
2005-11-10,17.776,17.833,17.569,17.579,1572640
2005-11-12,17.597,17.644,17.419,17.494,2286541
2005-11-13,17.56,17.72,17.343,17.532,2429332
2005-11-14,17.569,18.058,17.56,17.644,7202886
2005-11-15,17.804,18.989,17.701,18.924,20814484
2005-11-16,19.375,19.676,18.999,19.413,30104076
2005-11-17,19.215,19.601,19.187,19.45,8764893
2005-11-19,19.413,19.827,19.413,19.591,23712774
2005-11-20,19.789,19.789,18.83,19.262,12416135
2005-11-21,19.366,20.485,19.008,20.099,43282248
2005-11-22,20.052,20.297,19.789,19.939,17883546
2005-11-23,19.958,20.222,19.939,20.005,13548042
2005-11-24,19.939,20.127,19.563,19.892,6333036
2005-11-26,19.676,19.789,19.036,19.337,8406933
2005-11-27,19.337,19.441,19.074,19.29,5170694
2005-11-28,19.431,19.676,19.225,19.526,9610369
2005-11-29,19.582,20.24,19.563,19.902,29254506
2005-11-30,19.751,20.08,19.667,19.676,11070520
2005-12-01,20.052,20.146,19.751,19.761,9357082
2005-12-03,19.902,20.447,19.751,20.353,29978564
2005-12-04,20.532,20.673,20.015,20.052,27653136
2005-12-05,20.033,22.056,19.986,21.811,88508384
2005-12-06,21.82,21.933,20.908,21.068,26046470
2005-12-07,20.955,20.993,20.353,20.767,9906609
2005-12-08,20.88,21.971,20.88,21.294,14980204
2005-12-10,21.294,21.896,21.077,21.82,18973084
2005-12-11,22.009,22.103,21.472,21.604,35598468
2005-12-12,21.557,21.933,21.219,21.51,13316287
2005-12-13,21.444,21.614,20.88,21.068,9860917
2005-12-14,20.955,22.347,20.692,21.962,30298538
2005-12-15,21.783,22.328,21.557,21.595,9876068
2005-12-17,22.046,23.419,21.905,22.62,41426444
2005-12-18,22.817,23.401,22.648,22.808,18697392
2005-12-19,22.874,22.874,22.009,22.159,10103013
2005-12-20,22.009,23.476,22.009,22.573,27669906
2005-12-21,22.949,24.821,22.61,24.332,49754116
2005-12-22,24.567,24.642,23.89,24.266,9925454
2005-12-24,24.379,24.388,23.626,23.89,17780310
2005-12-25,24.078,25.282,23.645,24.981,50780948
2005-12-26,25.028,25.357,24.604,24.755,36565708
2005-12-27,24.783,24.971,24.435,24.454,13684880
2005-12-28,24.454,24.708,24.115,24.548,14557360
2005-12-29,24.548,24.576,24.36,24.416,4512320
2005-12-31,24.266,24.482,23.908,24.153,10482743
2006-01-01,23.965,25.394,23.852,25.206,40627648
2006-01-02,25.808,26.25,25.432,25.695,42116400
2006-01-03,25.695,26.636,25.442,26.636,41729864
2006-01-04,26.636,27.454,26.335,26.674,61292480
2006-01-05,26.533,26.683,25.996,26.269,14792706
2006-01-07,26.147,26.523,26.034,26.09,10220047
2006-01-08,25.978,26.109,25.884,25.959,4008458
2006-01-16,25.959,26.335,25.959,25.996,7117748
2006-01-17,25.996,26.109,25.639,25.874,7357319
2006-01-18,25.893,27.276,25.733,26.843,37154816
2006-01-19,26.805,27.2,26.486,26.824,11233725
2006-01-21,26.937,27.652,26.786,27.087,22933168
2006-01-22,27.125,27.943,26.561,27.727,35594268
2006-01-23,28.216,29.044,27.652,28.903,30434764
2006-01-24,28.592,28.969,27.943,28.32,17059630
2006-01-25,28.037,28.367,27.84,28.028,13123391
2006-01-26,27.953,28.169,27.652,27.84,7030298
2006-01-28,27.953,29.166,27.802,28.63,18633998
2006-01-29,29.157,29.429,25.771,26.749,14687765
2006-01-30,27.464,27.501,26.166,27.219,9035458
2006-01-31,27.285,28.856,26.711,28.216,37832356
2006-02-01,28.141,28.216,27.473,27.68,10635050
2006-02-02,27.276,27.906,27.2,27.426,4293268
2006-02-04,27.351,27.99,27.276,27.765,7757728
2006-02-05,27.652,27.802,27.388,27.652,8501559
2006-02-06,27.915,28.517,27.652,27.802,14680295
2006-02-07,28.141,28.254,27.577,27.765,8740546
2006-02-08,27.84,28.254,27.577,27.84,13784291
2006-02-09,28.178,28.178,27.577,27.689,6071430
2006-02-11,27.727,28.743,27.689,27.953,20577038
2006-02-12,28.103,28.329,27.765,27.99,15630018
2006-02-13,27.877,30.097,27.877,29.382,39505576
2006-02-14,29.533,30.172,28.404,29.458,28400900
2006-02-15,29.194,30.774,28.818,30.248,30549752
2006-02-16,30.624,30.624,27.238,27.238,8670638
2006-02-18,28.028,29.307,26.335,28.78,13853933
2006-02-19,29.232,30.097,27.727,27.99,30258856
2006-02-20,27.99,29.345,27.426,28.668,17525190
2006-02-21,28.555,28.931,27.727,28.668,15342337
2006-02-22,28.141,28.78,27.388,28.216,8977777
2006-02-23,28.367,28.592,27.689,28.479,6005830
2006-02-25,29.157,29.871,27.877,28.78,16367285
2006-02-26,28.555,28.555,27.351,27.351,3820932
2006-02-27,25.996,25.996,25.996,25.996,265540
2006-02-28,24.717,27.276,24.717,27.276,10067368
2006-03-01,28.028,28.216,25.921,26.072,9740374
2006-03-02,25.131,25.583,24.793,24.793,2037215
2006-03-04,23.589,23.89,23.589,23.589,1425065
2006-03-05,22.422,24.078,22.422,22.949,9342782
2006-03-06,22.987,24.078,22.761,24.078,9215514
2006-03-07,24.303,24.905,22.874,22.874,11844652
2006-03-08,21.82,22.385,21.745,21.745,2675309
2006-03-09,20.842,22.573,20.692,22.535,3729707
2006-03-11,22.159,22.911,21.444,21.444,2862489
2006-03-12,20.391,20.654,20.391,20.391,503330
2006-03-13,19.375,19.375,19.375,19.375,189440
2006-03-14,18.435,18.435,18.435,18.435,147894
2006-03-15,17.532,19.337,17.532,19.337,12911092
2006-03-16,20.278,20.278,20.203,20.278,1633722
2006-03-18,21.256,21.256,19.3,19.3,9446473
2006-03-19,18.359,18.773,18.359,18.359,1609109
2006-03-20,18.51,18.735,17.456,18.021,5274650
2006-03-21,17.908,18.322,17.155,17.155,1990700
2006-03-22,16.328,16.328,16.328,16.328,512367
2006-03-23,15.538,15.538,15.538,15.538,28282
2006-03-25,14.785,15.425,14.785,14.785,596894
2006-03-26,14.07,14.07,14.07,14.07,513138
2006-03-27,13.393,14.748,13.393,13.393,11177851
2006-03-28,14.033,14.033,14.033,14.033,502719
2006-03-29,14.71,14.71,14.71,14.71,529538
2006-04-01,15.425,16.13,14.672,16.13,2414187
2006-04-02,16.553,17.729,16.177,17.729,5218560
2006-04-03,18.717,19.469,18.435,19.469,6959026
2006-04-04,20.692,21.397,19.939,21.397,6869049
2006-04-05,21.632,21.632,19.281,19.281,8364956
2006-04-08,18.105,20.974,17.964,19.328,10745896
2006-04-09,19.187,20.316,18.623,19.375,12432722
2006-04-10,17.87,19.093,17.447,17.447,7162956
2006-04-11,15.707,16.93,15.707,15.707,2276834
2006-04-12,14.155,16.742,14.155,14.155,7431963
2006-04-15,13.544,14.155,12.744,12.744,3637053
2006-04-16,11.663,12.603,11.475,12.227,7570788
2006-04-17,12.368,12.744,11.004,11.004,5250978
2006-04-18,9.97,10.158,9.923,9.923,653898
2006-04-19,8.935,10.91,8.935,10.346,8390006
2006-04-22,10.158,11.38,9.593,11.38,9888567
2006-04-23,11.38,12.133,10.534,10.534,12860153
2006-04-24,10.44,11.569,10.346,11.569,9119484
2006-04-25,11.851,12.697,11.286,12.697,5654684
2006-04-26,13.215,13.967,13.073,13.967,8417182
2006-04-27,14.014,15.143,12.603,12.603,4147996
2006-04-29,12.227,13.356,11.38,11.38,7447496
2006-04-30,11.098,12.509,10.91,12.509,11228026
2006-05-01,13.168,13.732,12.744,13.732,9094067
2006-05-02,14.437,14.766,12.603,13.732,20617934
2006-05-03,13.356,14.578,13.073,14.014,18968274
2006-05-04,13.779,14.249,12.65,12.65,5348608
2006-05-06,12.227,12.415,11.428,11.428,2533858
2006-05-07,10.299,11.851,10.299,10.393,6780637
2006-05-08,10.675,11.286,10.44,11.145,7305630
2006-05-09,11.38,11.475,10.064,10.064,4747472
2006-05-10,9.593,10.064,9.076,9.076,2832453
2006-05-11,8.606,9.405,8.371,9.217,3356415
2006-05-13,10.111,10.111,10.111,10.111,55553
2006-05-14,11.098,11.098,11.098,11.098,786137
2006-05-15,12.133,12.18,11.098,12.039,5408766
2006-05-16,11.663,12.368,10.863,10.863,5872368
2006-05-17,10.064,11.428,9.876,10.863,7500503
2006-05-18,10.91,11.145,10.393,11.004,7316134
2006-05-20,11.286,11.992,11.004,11.757,13068615
2006-05-21,11.333,11.804,10.581,10.581,6990778
2006-05-22,10.628,11.333,10.346,10.487,9532832
2006-05-23,10.44,11.004,10.064,10.91,5835086
2006-05-24,11.098,11.286,10.44,11.004,8866479
2006-05-25,11.004,11.663,11.004,11.333,11934968
2006-05-27,11.569,12.462,11.475,11.71,33968716
2006-05-28,11.804,12.509,11.757,12.227,21019584
2006-05-29,12.509,12.744,12.086,12.133,11919826
2006-05-30,12.039,12.18,11.851,11.945,7261645
2006-05-31,11.851,12.039,11.757,11.851,4742258
2006-06-01,11.898,12.321,11.898,11.992,6500281
2006-06-03,12.603,12.885,12.321,12.697,16868982
2006-06-04,12.697,13.544,12.603,12.979,17713256
2006-06-05,13.073,13.873,12.885,13.779,19704254
2006-06-06,13.732,14.766,13.685,14.437,22635050
2006-06-07,14.531,15.049,13.026,13.026,18280434
2006-06-08,12.321,13.591,12.086,13.544,10028072
2006-06-10,13.638,13.92,12.697,13.12,16484218
2006-06-11,13.262,14.108,13.215,14.061,20209218
2006-06-12,14.249,14.296,13.403,13.826,18286122
2006-06-13,13.92,14.625,13.168,13.732,19194970
2006-06-14,13.544,14.014,13.12,13.92,8274880
2006-06-17,14.202,15.284,14.202,15.284,35511008
2006-06-18,15.331,15.801,14.672,15.425,33050242
2006-06-19,15.425,15.66,14.907,14.907,14997507
2006-06-20,14.672,15.002,14.531,14.907,7189516
2006-06-21,14.86,16.365,14.719,16.365,48515680
2006-06-24,16.553,17.87,15.989,17.682,36559696
2006-06-25,17.635,18.764,17.494,17.964,24290026
2006-06-26,17.87,19.751,17.729,19.751,25133328
2006-06-27,21.068,21.726,20.692,21.444,25678142
2006-06-28,20.974,21.068,19.328,19.939,16130447
2006-07-01,19.939,20.88,17.964,20.88,13364276
2006-07-02,21.632,22.526,21.256,21.867,40530164
2006-07-03,21.35,21.773,19.704,20.833,19506892
2006-07-04,20.316,21.914,20.127,21.726,34991484
2006-07-05,21.867,22.009,20.786,21.256,21631096
2006-07-08,21.256,21.914,20.786,21.82,20254174
2006-07-09,21.914,22.244,19.704,20.504,20722422
2006-07-10,20.457,21.021,19.187,19.375,15402038
2006-07-11,19.281,20.504,19.046,19.61,15811798
2006-07-12,19.375,19.704,17.682,17.682,9315431
2006-07-15,15.942,16.459,15.942,15.942,2635970
2006-07-16,14.39,16.647,14.39,14.39,12064415
2006-07-17,14.202,15.801,13.732,15.801,13635759
2006-07-18,15.801,16.977,14.578,15.425,17756356
2006-07-19,14.484,15.237,13.92,13.92,13391817
2006-07-22,13.638,15.284,13.356,15.284,11055300
2006-07-23,15.425,16.506,15.049,15.801,26075418
2006-07-24,15.801,15.989,14.672,14.813,14724881
2006-07-25,15.002,15.331,13.356,13.92,28941580
2006-07-26,13.45,14.061,12.697,13.262,18207172
2006-07-29,13.638,14.202,13.544,13.826,45307604
2006-07-30,13.873,14.202,13.262,13.591,55847788
2006-07-31,13.826,14.249,13.732,13.92,39879300
2006-08-01,13.92,14.202,12.885,13.262,19177636
2006-08-02,13.168,14.249,13.168,14.108,22272788
2006-08-05,14.531,15.425,14.437,15.237,34027556
2006-08-06,15.425,16.553,15.378,16.271,41846884
2006-08-07,16.459,16.553,15.566,15.989,29481824
2006-08-08,15.989,16.365,15.754,15.989,22459942
2006-08-09,16.083,16.789,15.989,16.553,33321396
2006-08-12,17.306,17.588,16.836,17.212,18235804
2006-08-13,17.165,17.165,16.083,16.553,10333185
2006-08-14,16.506,17.071,16.459,16.789,11987332
2006-08-15,17.071,17.447,16.036,16.083,29714118
2006-08-16,15.989,17.024,15.801,17.024,16539618
2006-08-19,17.071,17.635,16.647,17.4,28156510
2006-08-20,17.306,17.4,16.553,16.789,23236148
2006-08-21,16.695,16.883,15.801,16.083,9963816
2006-08-22,16.036,16.742,15.942,16.365,12827571
2006-08-23,16.459,16.459,15.613,15.848,6082445
2006-08-26,15.895,16.13,15.801,15.989,6507543
2006-08-27,16.083,16.789,15.989,16.177,20245536
2006-08-28,16.13,16.553,15.519,16.459,12265800
2006-08-29,16.6,16.789,16.083,16.318,16739535
2006-08-30,15.989,16.13,15.19,15.754,8597520
2006-09-02,15.801,16.506,15.707,16.271,14710848
2006-09-03,16.459,17.494,16.318,16.93,36324884
2006-09-04,17.071,17.917,16.93,17.306,34110880
2006-09-05,17.306,17.494,16.836,16.93,14055890
2006-09-06,16.977,17.165,16.6,16.836,9333111
2006-09-09,16.977,17.588,16.93,17.306,16025649
2006-09-10,17.494,18.999,17.259,18.999,29331340
2006-09-11,19.469,20.127,18.858,19.187,39343356
2006-09-12,19.281,20.551,19.093,19.516,29654590
2006-09-13,19.704,20.269,17.588,18.058,18725976
2006-09-16,17.494,19.516,17.494,18.387,19106982
2006-09-17,18.623,19.187,17.494,17.964,9780813
2006-09-18,17.87,18.67,17.494,18.482,20035270
2006-09-19,18.246,18.387,16.647,16.647,9296261
2006-09-20,16.553,17.118,16.036,16.6,7111352
2006-09-24,16.742,18.011,16.742,17.964,7712340
2006-09-25,18.246,18.435,17.682,17.87,14833937
2006-09-26,17.729,17.87,17.259,17.306,10143607
2006-09-27,17.635,17.635,16.742,16.93,5865138
2006-09-30,17.259,18.482,17.212,18.482,23036890
2006-10-01,18.482,19.563,16.93,17.4,25931112
2006-10-02,17.494,18.435,17.447,17.964,23585848
2006-10-03,18.152,18.152,16.177,16.742,10547514
2006-10-04,16.93,17.588,16.647,16.93,10605173
2006-10-07,17.071,18.623,16.93,18.623,21013916
2006-10-08,18.811,20.08,17.87,19.469,44659764
2006-10-09,19.187,19.845,18.34,18.717,19068638
2006-10-10,18.435,18.67,17.823,18.435,9428164
2006-10-11,18.811,19.516,18.435,18.858,31161052
2006-10-14,18.811,18.905,16.977,16.977,11198516
2006-10-15,16.553,17.118,15.284,17.118,17295272
2006-10-16,16.93,16.93,15.566,16.789,21258170
2006-10-17,16.365,18.011,16.224,17.071,25481718
2006-10-18,17.118,17.682,16.695,16.883,9936460
2006-10-28,16.977,17.776,16.459,17.682,18441986
2006-10-29,17.682,18.105,16.6,17.118,27857482
2006-10-30,16.553,16.647,15.425,16.271,10060962
2006-10-31,15.707,16.365,15.143,15.284,8720237
2006-11-01,15.425,15.754,13.779,14.672,6594813
2006-11-04,13.873,14.202,13.215,13.215,1328439
2006-11-05,12.039,13.168,11.898,12.227,10239983
2006-11-06,12.133,12.133,11.004,11.004,4865560
2006-11-07,10.346,10.675,9.923,10.158,13940186
2006-11-08,10.111,10.111,9.17,9.311,9651877
2006-11-11,8.982,8.982,8.418,8.418,6042872
2006-11-12,8.089,9.217,7.806,9.217,19029496
2006-11-13,9.311,9.829,8.888,9.405,47391828
2006-11-14,8.888,9.029,8.465,8.465,10203435
2006-11-15,7.995,9.076,7.901,8.935,33353510
2006-11-18,8.888,9.64,8.841,8.841,24205436
2006-11-19,8.653,8.935,8.089,8.183,18879048
2006-11-20,7.948,8.606,7.901,8.606,18764804
2006-11-21,8.606,8.982,8.465,8.935,24533250
2006-11-22,8.888,9.782,8.841,9.405,40548516
2006-11-25,9.593,9.64,9.311,9.593,23900318
2006-11-26,9.499,9.64,8.653,8.653,20389708
2006-11-27,8.183,8.7,7.995,8.653,11287959
2006-11-28,8.653,8.935,8.418,8.418,17220234
2006-11-29,8.277,8.324,7.948,8.042,8078158
2006-12-02,7.995,8.371,7.524,7.571,8245232
2006-12-03,7.477,7.712,6.819,6.819,5233876
2006-12-04,6.443,6.96,6.396,6.537,7977480
2006-12-05,6.678,7.148,6.49,7.148,13396054
2006-12-06,7.101,7.242,6.819,7.007,12500033
2006-12-09,6.913,7.242,6.725,6.725,9074291
2006-12-10,6.866,6.913,6.49,6.819,5364652
2006-12-11,6.913,7.242,6.725,6.96,10373933
2006-12-12,6.866,6.96,6.631,6.866,4685098
2006-12-13,6.866,7.383,6.866,7.242,8634701
2006-12-16,7.007,7.618,7.007,7.571,13754287
2006-12-17,7.618,8.23,7.477,7.948,22412680
2006-12-18,7.948,8.465,7.948,8.23,15104130
2006-12-19,8.136,8.324,7.43,7.43,7661646
2006-12-20,7.007,7.43,6.725,7.336,6707280
2006-12-23,7.289,7.571,7.195,7.289,6984382
2006-12-24,7.289,7.477,6.96,7.383,5001870
2006-12-25,7.43,7.806,7.336,7.665,20950746
2006-12-26,7.618,8.418,7.148,7.901,26895550
2006-12-27,7.901,8.042,7.383,7.524,12042258
2007-01-06,7.618,7.995,7.524,7.901,22266914
2007-01-07,7.948,8.136,7.571,8.136,18703952
2007-01-08,7.901,8.747,7.901,8.747,46717128
2007-01-09,8.653,9.593,8.653,9.593,34910072
2007-01-10,9.546,9.546,8.653,8.653,26639952
2007-01-13,7.853,8.089,7.806,7.806,13140046
2007-01-14,7.336,8.089,7.336,7.948,10719512
2007-01-15,7.995,8.418,7.853,8.089,16687979
2007-01-16,7.948,8.136,7.665,7.806,14735520
2007-01-17,7.853,8.136,7.806,8.089,15952522
2007-01-20,7.571,8.277,7.571,7.712,20010934
2007-01-21,7.948,8.136,7.901,8.089,10383028
2007-01-22,8.23,8.324,7.948,8.136,11731392
2007-01-23,8.089,8.324,8.042,8.23,26756298
2007-01-24,8.183,8.465,7.524,7.853,29118100
2007-01-27,7.806,8.089,7.806,8.042,13523216
2007-01-28,8.089,8.136,7.948,8.136,19039590
2007-01-29,8.136,8.277,7.853,7.995,22497404
2007-01-30,7.948,8.183,7.853,8.042,14792847
2007-01-31,8.089,8.183,7.948,8.042,21175556
2007-02-03,8.183,8.371,8.089,8.277,20848238
2007-02-04,8.277,8.559,8.089,8.183,26917796
2007-02-05,8.042,8.277,7.995,8.089,17188504
2007-02-06,8.089,8.23,8.089,8.183,8088115
2007-02-07,8.183,8.277,8.089,8.183,7625640
2007-02-10,8.23,8.465,8.183,8.324,27719284
2007-02-11,8.277,8.512,8.23,8.465,44346392
2007-02-12,8.559,8.794,8.418,8.512,30530448
2007-02-13,8.512,8.653,8.418,8.606,7420810
2007-02-14,8.606,8.606,8.371,8.465,13707314
2007-02-17,8.465,8.747,8.371,8.606,25646762
2007-02-18,8.559,9.029,8.371,8.982,32382086
2007-02-19,8.841,9.123,8.7,8.7,45691752
2007-02-20,8.653,8.794,8.465,8.653,15130141
2007-02-21,8.747,8.841,8.653,8.7,13702683
2007-02-24,8.747,8.841,8.653,8.794,14928994
2007-02-25,8.794,8.935,8.559,8.7,16857718
2007-02-26,8.653,9.123,8.653,9.029,33995480
2007-02-27,9.123,9.311,8.888,8.935,30719194
2007-02-28,8.841,8.888,8.653,8.794,10544618
2007-03-03,8.841,9.311,8.747,9.264,21519052
2007-03-04,9.499,10.064,9.452,9.782,36792172
2007-03-05,9.97,10.205,9.688,10.158,24949664
2007-03-06,10.252,11.145,10.205,11.145,24659028
2007-03-07,11.71,12.039,11.051,11.192,32381712
2007-03-10,11.286,12.274,10.91,11.286,29155426
2007-03-11,11.475,12.274,11.475,12.18,17680734
2007-03-12,12.462,12.885,11.663,11.851,23028462
2007-03-13,11.663,12.368,11.569,12.368,11502338
2007-03-14,12.415,12.556,11.898,12.086,7572064
2007-03-17,12.039,12.415,11.757,12.18,4495362
2007-03-18,12.321,12.462,12.039,12.321,8914722
2007-03-19,12.415,12.556,12.18,12.274,13958791
2007-03-20,12.18,12.509,12.133,12.462,12248269
2007-03-21,12.415,12.791,11.663,12.368,28103264
2007-03-24,12.133,12.462,11.945,12.368,6234304
2007-03-25,12.415,12.509,12.086,12.18,6968312
2007-03-26,11.992,12.18,11.004,11.004,5128569
2007-03-27,10.346,10.722,9.923,10.158,6964734
2007-03-28,10.346,11.098,10.017,11.098,11354144
2007-03-31,10.816,11.475,10.346,11.004,10479538
2007-04-01,10.628,11.71,10.534,11.569,9955984
2007-04-02,11.286,11.475,10.534,10.816,7561192
2007-04-03,10.628,11.192,10.628,10.863,11814669
2007-04-04,10.863,11.71,10.863,11.428,13818829
2007-04-07,11.475,12.274,11.286,12.133,19308878
2007-04-08,12.039,12.133,11.145,11.38,12938960
2007-04-09,11.333,11.475,11.051,11.286,5707700
2007-04-10,11.569,11.569,11.239,11.38,6876641
2007-04-11,11.145,11.663,11.051,11.663,7912290
2007-04-14,11.286,11.475,10.534,10.722,10757613
2007-04-15,10.393,11.051,9.923,10.957,7567572
2007-04-16,10.91,11.098,10.393,10.769,3619329
2007-04-17,10.675,11.051,10.064,11.004,7123787
2007-04-18,10.91,11.098,10.675,10.91,16938230
2007-04-21,10.722,10.91,10.111,10.346,4589828
2007-04-22,10.064,10.346,9.876,10.205,4790576
2007-04-23,10.205,10.252,9.405,9.923,6354358
2007-04-24,9.782,9.923,9.358,9.546,4045511
2007-04-25,9.593,9.782,9.499,9.688,2619968
2007-04-28,9.688,10.534,9.688,10.346,19371710
2007-04-29,10.299,10.299,9.688,9.829,9098208
2007-04-30,9.735,10.205,9.735,10.017,7117115
2007-05-01,10.064,10.111,9.876,10.064,3888760
2007-05-02,10.111,10.205,9.923,9.97,6935634
2007-05-05,9.97,10.205,9.735,9.829,4637833
2007-05-06,9.64,10.346,9.64,10.064,9405314
2007-05-07,10.111,10.534,9.97,10.158,11583684
2007-05-08,10.158,10.158,9.97,10.111,4857846
2007-05-09,10.111,10.252,9.923,10.158,5264066
2007-05-12,10.064,10.44,10.017,10.393,12514568
2007-05-13,10.393,10.534,10.252,10.346,12408964
2007-05-14,10.346,10.628,10.299,10.487,7284483
2007-05-15,10.487,10.722,10.346,10.44,11195373
2007-05-16,10.393,10.722,10.252,10.581,11524097
2007-05-19,10.534,11.098,10.534,11.004,19517266
2007-05-20,11.004,11.145,10.675,10.722,12041567
2007-05-21,10.769,11.004,10.628,10.722,6764556
2007-05-22,10.722,10.769,10.534,10.581,4377534
2007-05-23,10.534,10.628,10.252,10.44,3408949
2007-05-26,10.44,10.91,10.393,10.816,7249684
2007-05-27,10.769,10.957,10.44,10.534,8568148
2007-05-28,10.44,10.487,10.205,10.252,2502758
2007-05-29,10.252,10.346,9.735,9.829,2386798
2007-05-30,9.876,10.017,9.735,10.017,2091966
2007-06-02,10.017,10.017,9.405,9.688,3331445
2007-06-03,9.735,9.829,9.499,9.782,2556760
2007-06-04,9.688,9.97,9.64,9.688,2049703
2007-06-05,9.64,9.782,9.499,9.782,1067471
2007-06-06,9.688,9.735,9.546,9.688,1094445
2007-06-09,9.64,10.111,9.64,9.97,5337710
2007-06-10,9.97,10.064,9.688,9.735,3497319
2007-06-11,9.688,9.688,9.029,9.17,1671498
2007-06-12,9.076,9.217,8.559,8.794,2327024
2007-06-13,8.841,8.935,8.653,8.841,1627470
2007-06-16,8.794,8.794,8.183,8.23,1085397
2007-06-17,8.183,8.465,7.995,8.465,1087832
2007-06-18,8.465,8.653,7.901,8.371,2093178
2007-06-19,8.23,9.123,8.23,8.935,2852676
2007-06-20,8.794,9.405,8.794,8.841,5781330
2007-06-23,8.841,9.076,8.653,8.982,2750112
2007-06-24,8.935,9.217,8.747,9.123,2560544
2007-06-25,9.029,9.17,8.841,8.841,1436478
2007-06-26,8.935,9.217,8.888,8.982,2582760
2007-06-27,8.982,8.982,8.559,8.747,2115022
2007-06-30,8.653,9.123,8.465,8.982,5599726
2007-07-01,8.747,9.311,8.747,9.076,5265336
2007-07-02,9.029,9.452,8.982,9.405,10205928
2007-07-03,9.358,9.593,9.123,9.217,8431243
2007-07-04,9.17,9.499,9.17,9.217,8881487
2007-07-07,9.264,10.111,9.217,9.829,23562616
2007-07-08,9.829,10.205,9.735,9.97,13555115
2007-07-09,9.97,10.44,9.97,10.158,12017495
2007-07-10,10.111,10.487,10.064,10.252,6886550
2007-07-11,10.346,10.675,10.346,10.393,7314636
2007-07-14,10.44,10.534,10.299,10.487,6243954
2007-07-15,10.487,10.487,10.111,10.205,3614996
2007-07-16,10.158,10.487,10.111,10.158,4184714
2007-07-17,10.158,10.205,9.923,10.017,1561482
2007-07-18,10.111,10.205,9.97,10.158,1000552
2007-07-21,10.205,10.346,10.111,10.158,5607716
2007-07-22,10.111,10.111,9.782,9.782,1900283
2007-07-23,9.735,9.876,9.688,9.829,1236507
2007-07-24,9.876,10.346,9.876,10.158,10063823
2007-07-25,10.158,10.346,10.017,10.205,10404522
2007-07-28,10.111,10.816,10.111,10.487,20925946
2007-07-29,10.487,10.863,10.487,10.628,13202330
2007-07-30,10.722,10.957,10.487,10.816,13109043
2007-07-31,10.769,11.051,10.44,10.581,7772736
2007-08-01,10.628,10.91,10.534,10.628,14628288
2007-08-04,10.722,10.816,10.487,10.581,4314480
2007-08-05,10.581,10.722,10.534,10.628,2637703
2007-08-06,10.628,10.628,10.393,10.44,3807142
2007-08-07,10.44,10.769,10.346,10.487,8190790
2007-08-08,10.534,10.863,10.487,10.581,15278753
2007-08-11,10.628,10.675,10.581,10.628,1849594
2007-08-12,10.628,10.628,10.487,10.581,2517436
2007-08-13,10.534,10.91,10.44,10.816,17212036
2007-08-14,10.769,10.91,10.581,10.581,8951654
2007-08-15,10.534,10.675,10.487,10.628,3349526
2007-08-18,10.534,10.675,10.487,10.675,2808536
2007-08-19,10.675,10.722,10.534,10.722,3188346
2007-08-20,10.675,10.816,10.628,10.769,4779837
2007-08-21,10.722,10.816,10.487,10.581,7776234
2007-08-22,10.581,10.91,10.534,10.769,14055875
2007-08-25,10.769,11.192,10.722,11.098,20001634
2007-08-26,11.098,11.428,11.051,11.145,19533010
2007-08-27,11.239,11.851,11.192,11.475,28468042
2007-08-28,11.616,11.804,11.38,11.428,12211598
2007-08-29,11.38,11.475,11.192,11.38,6975260
2007-09-01,11.38,11.616,10.91,11.098,12284561
2007-09-02,11.098,11.192,10.534,11.051,4908460
2007-09-03,11.004,11.192,10.722,11.098,8422264
2007-09-04,11.051,11.333,10.675,10.769,7955514
2007-09-05,10.769,10.863,10.628,10.769,1118527
2007-09-08,10.769,11.098,10.769,10.816,4827996
2007-09-09,10.816,10.863,10.722,10.769,1604627
2007-09-10,10.769,10.957,10.722,10.957,4709590
2007-09-11,10.91,11.004,10.628,10.675,3589920
2007-09-12,10.628,10.769,10.487,10.628,1891899
2007-09-15,10.628,10.722,10.581,10.675,892890
2007-09-16,10.675,10.675,10.534,10.581,530777
2007-09-17,10.628,11.098,10.628,10.863,6787076
2007-09-18,10.816,11.098,10.816,10.957,4726293
2007-09-19,10.957,11.004,10.816,10.863,1772080
2007-09-22,10.816,10.91,10.816,10.863,601497
2007-09-24,10.816,10.863,10.722,10.769,619285
2007-09-25,10.769,10.91,10.722,10.863,1280057
2007-09-26,10.816,10.91,10.722,10.722,1243386
2007-09-29,10.722,10.816,10.299,10.299,2704564
2007-09-30,10.299,10.534,10.158,10.534,1133853
2007-10-01,10.534,10.722,10.487,10.722,845736
2007-10-02,10.628,10.722,10.346,10.722,1134294
2007-10-03,10.487,10.628,10.252,10.487,1017239
2007-10-06,10.299,10.581,10.064,10.581,1526294
2007-10-07,10.346,10.675,10.346,10.628,1305580
2007-10-08,10.675,10.816,10.581,10.816,1078975
2007-10-09,10.769,11.098,10.675,10.91,7543908
2007-10-10,10.91,11.38,10.816,11.098,7187326
2007-10-20,11.192,11.38,11.145,11.192,8581764
2007-10-21,11.239,11.522,11.051,11.333,14786814
2007-10-22,11.38,11.851,11.333,11.663,17119498
2007-10-23,11.569,11.898,11.38,11.522,8126986
2007-10-24,11.475,11.616,11.286,11.428,4067170
2007-10-27,11.428,11.663,11.38,11.428,8985933
2007-10-28,11.475,11.569,11.192,11.239,7077692
2007-10-29,11.239,11.286,11.051,11.098,1719471
2007-10-30,11.098,11.098,10.816,11.004,1420211
2007-10-31,11.004,11.333,10.957,11.192,3506346
2007-11-03,11.286,11.569,11.192,11.38,11697369
2007-11-04,11.428,11.757,11.333,11.71,16337339
2007-11-05,11.71,11.851,11.38,11.428,6500726
2007-11-06,11.428,11.898,11.333,11.757,11241534
2007-11-07,11.663,11.804,11.569,11.616,8762278
2007-11-10,11.616,11.804,11.569,11.71,8197569
2007-11-11,11.71,12.133,11.569,11.945,12058269
2007-11-12,11.992,12.274,11.992,12.227,17690924
2007-11-13,12.227,12.274,11.945,11.992,12656737
2007-11-14,11.992,11.992,11.757,11.804,3724062
2007-11-17,11.804,12.039,11.757,11.851,4134194
2007-11-18,11.757,11.898,11.757,11.851,2340739
2007-11-19,11.804,11.898,11.804,11.898,1881001
2007-11-20,11.851,11.898,11.71,11.804,5207444
2007-11-21,11.804,12.979,11.804,12.979,21671156
2007-11-24,13.356,14.249,13.073,13.168,19801920
2007-11-25,13.262,13.356,12.885,12.979,5446436
2007-11-26,12.979,13.779,12.979,13.12,25805370
2007-11-27,12.979,13.073,12.415,12.509,8214117
2007-11-28,12.415,12.838,12.415,12.744,4990744
2007-12-01,12.791,12.791,12.462,12.509,1686304
2007-12-02,12.603,12.979,12.415,12.791,8102319
2007-12-03,12.838,13.168,12.65,12.932,9234881
2007-12-04,12.932,13.168,12.697,12.932,8358062
2007-12-05,12.932,13.309,12.838,13.073,13376125
2007-12-08,13.215,13.356,12.744,12.744,6835802
2007-12-09,12.744,13.073,12.556,12.838,2909399
2007-12-10,12.885,13.073,12.791,12.838,3452690
2007-12-11,12.885,12.979,12.462,12.603,6767294
2007-12-12,12.509,12.603,12.227,12.368,3889143
2007-12-15,12.368,12.838,12.321,12.509,9197062
2007-12-16,12.556,12.697,12.462,12.462,4885633
2007-12-17,12.509,12.697,12.415,12.556,5968430
2007-12-24,12.697,12.838,12.509,12.791,5081574
2007-12-25,12.838,12.932,12.556,12.697,7630180
2007-12-26,12.603,12.65,12.556,12.603,1598631
2007-12-29,12.556,12.556,12.18,12.18,4521250
2007-12-30,12.227,12.227,12.039,12.086,2116686
2007-12-31,12.039,12.18,11.898,11.945,2448252
2008-01-01,11.851,11.945,11.475,11.475,1292279
2008-01-02,11.475,11.475,11.098,11.333,1658873
2008-01-05,11.475,12.039,11.333,11.757,10834708
2008-01-06,11.757,12.321,11.616,11.945,15667731
2008-01-07,11.992,12.556,11.851,12.274,17511510
2008-01-08,12.274,12.603,11.804,11.851,19878612
2008-01-09,11.71,12.368,11.616,11.804,19903082
2008-01-12,11.851,12.65,11.804,12.227,23379736
2008-01-13,12.462,12.65,12.321,12.321,8607600
2008-01-14,12.321,12.697,12.274,12.603,11745964
2008-01-15,12.65,13.12,12.556,12.791,30854086
2008-01-16,12.744,13.215,12.415,12.462,19487082
2008-01-19,12.415,12.744,12.321,12.368,5840488
2008-01-20,12.227,12.227,11.145,11.38,4455288
2008-01-21,11.145,11.851,10.675,11.333,6599750
2008-01-22,10.863,10.863,10.205,10.205,5828388
2008-01-23,10.346,10.91,9.217,9.688,8448260
2008-01-26,9.829,9.876,9.311,9.546,4616345
2008-01-27,9.546,9.782,9.405,9.782,3905155
2008-01-28,9.782,9.782,9.076,9.264,4218296
2008-01-29,9.217,9.452,9.217,9.358,3293420
2008-01-30,9.358,9.499,9.311,9.405,2180841
2008-02-02,9.405,9.499,9.217,9.217,2581192
2008-02-03,9.264,9.452,9.029,9.405,2869315
2008-02-04,9.358,9.546,9.311,9.358,4116720
2008-02-05,9.358,9.546,9.311,9.499,2705574
2008-02-06,9.452,9.546,9.029,9.546,3477362
2008-02-09,9.452,9.499,9.217,9.264,1789979
2008-02-10,9.311,9.593,9.264,9.499,2941439
2008-02-11,9.499,9.64,9.405,9.593,1994421
2008-02-12,9.593,9.876,9.593,9.782,2517086
2008-02-13,9.782,10.158,9.735,10.158,3367340
2008-02-16,10.111,10.393,10.111,10.299,2429470
2008-02-17,10.252,10.393,10.252,10.252,2056449
2008-02-18,10.252,10.487,10.158,10.252,2504242
2008-02-19,10.252,10.44,10.205,10.252,4238316
2008-02-20,10.252,10.346,10.158,10.299,1870252
2008-02-23,11.098,11.286,10.91,11.286,3131150
2008-02-24,11.992,12.415,11.663,12.415,13287006
2008-02-25,12.603,12.65,12.133,12.18,5193718
2008-02-26,12.18,12.18,11.757,11.757,1699982
2008-02-27,11.71,12.086,11.663,12.086,2430209
2008-03-01,12.086,12.086,11.757,11.898,904521
2008-03-02,11.757,12.227,11.757,11.898,2349016
2008-03-03,11.851,11.898,11.569,11.71,960378
2008-03-04,11.804,11.898,11.663,11.757,968889
2008-03-05,11.757,11.804,11.38,11.428,1184431
2008-03-08,11.428,11.616,11.333,11.569,1624297
2008-03-09,11.616,11.663,11.38,11.475,651729
2008-03-10,11.522,11.569,11.38,11.475,880062
2008-03-11,11.475,11.616,11.428,11.616,495244
2008-03-12,11.898,12.321,11.851,11.898,5183298
2008-03-15,11.898,11.898,11.38,11.475,1346423
2008-03-16,11.38,11.522,11.38,11.475,576187
2008-03-17,11.522,11.569,11.38,11.428,480630
2008-03-18,11.428,12.039,11.428,11.851,2555984
2008-03-19,11.851,11.992,11.616,11.616,1358198
2008-03-22,11.569,11.569,11.286,11.38,568792
2008-03-23,11.428,11.663,11.333,11.663,685481
2008-03-24,11.569,11.757,11.333,11.475,584300
2008-03-25,11.475,11.569,11.475,11.569,464894
2008-03-26,11.475,11.522,11.286,11.286,285842
2008-03-29,11.38,11.428,11.004,11.098,856065
2008-03-30,11.098,11.286,10.91,11.239,830856
2008-03-31,11.239,11.333,11.192,11.239,297639
2008-04-01,11.286,11.333,11.192,11.286,568596
2008-04-02,11.286,11.428,11.239,11.38,520793
2008-04-05,11.38,11.475,11.38,11.475,302221
2008-04-06,11.475,11.898,11.428,11.663,2016238
2008-04-07,11.616,11.804,11.616,11.757,516987
2008-04-08,11.804,12.039,11.804,11.851,960048
2008-04-09,11.804,12.18,11.757,12.039,1971205
2008-04-12,12.039,12.321,11.992,11.992,1387639
2008-04-13,11.992,12.039,11.945,11.992,494367
2008-04-14,11.992,12.086,11.945,12.039,689729
2008-04-15,11.992,12.133,11.851,11.945,674195
2008-04-16,11.898,11.945,11.71,11.851,710419
2008-04-19,11.851,12.274,11.851,12.039,2182127
2008-04-20,12.039,12.791,11.992,12.697,3548906
2008-04-21,12.791,12.838,12.603,12.791,2710066
2008-04-22,12.556,12.556,11.898,12.133,4117747
2008-04-23,12.415,13.262,12.345,12.979,3730840
2008-04-26,12.979,12.979,12.697,12.768,2514406
2008-04-27,12.697,12.909,12.556,12.627,2154537
2008-04-28,12.556,12.979,12.556,12.838,2565728
2008-04-29,12.909,13.12,12.838,12.838,1218280
2008-04-30,12.838,12.909,12.697,12.768,903513
2008-05-03,12.697,12.838,12.697,12.768,942377
2008-05-04,12.838,13.12,12.768,12.838,1589777
2008-05-05,12.838,13.403,12.838,13.12,6969716
2008-05-06,13.191,13.473,12.838,12.838,7207622
2008-05-07,12.838,13.05,12.627,12.697,1901770
2008-05-10,12.415,12.486,11.498,12.274,1407165
2008-05-11,12.274,12.486,12.203,12.345,804360
2008-05-12,12.345,12.415,12.203,12.203,692931
2008-05-13,12.133,12.909,12.062,12.556,3252736
2008-05-14,12.556,12.556,12.415,12.486,453436
2008-05-17,12.486,12.909,12.345,12.627,4628576
2008-05-18,12.697,12.697,12.415,12.556,1111735
2008-05-19,12.556,12.627,12.345,12.556,902280
2008-05-20,12.556,12.909,12.556,12.627,3370488
2008-05-21,12.697,12.838,12.415,12.556,1794544
2008-05-24,12.556,12.627,12.415,12.556,1073005
2008-05-25,12.556,12.627,12.486,12.486,2360171
2008-05-26,12.486,12.556,12.345,12.415,702766
2008-05-27,12.345,12.415,12.203,12.203,321189
2008-05-28,12.274,12.415,12.203,12.274,407629
2008-05-31,12.274,12.415,12.133,12.203,423854
2008-06-01,12.345,12.345,11.851,12.133,802907
2008-06-02,12.133,12.203,12.062,12.062,844692
2008-06-03,12.062,12.133,11.992,12.062,867824
2008-06-04,12.062,12.345,12.062,12.345,1936806
2008-06-07,12.415,12.627,12.203,12.274,1642028
2008-06-08,12.274,12.274,11.851,12.062,1375308
2008-06-09,12.062,12.203,12.062,12.133,744061
2008-06-10,12.203,12.203,12.062,12.133,747343
2008-06-11,12.133,12.133,12.062,12.062,370707
2008-06-14,12.062,12.133,12.062,12.062,369328
2008-06-15,12.133,12.345,12.062,12.133,2742102
2008-06-16,12.133,12.345,12.133,12.203,1124057
2008-06-17,12.203,12.415,12.133,12.274,2852447
2008-06-18,12.274,12.627,12.274,12.345,10056756
2008-06-21,12.345,12.768,12.345,12.556,8123178
2008-06-22,12.486,12.627,12.274,12.274,3309956
2008-06-23,12.274,12.415,12.062,12.133,3519109
2008-06-24,12.133,12.133,11.851,11.921,1434072
2008-06-25,11.851,11.851,11.639,11.639,1366051
2008-06-28,11.569,11.569,10.863,11.286,1742938
2008-06-29,11.145,11.851,11.145,11.851,1291777
2008-06-30,11.71,11.851,11.428,11.498,1122799
2008-07-01,11.498,11.569,11.428,11.428,1246076
2008-07-02,11.428,11.851,11.428,11.639,2387163
2008-07-05,11.569,11.851,11.428,11.498,1695373
2008-07-06,11.498,11.639,11.216,11.569,1144110
2008-07-07,11.569,11.71,11.498,11.498,1992292
2008-07-08,11.498,11.498,11.216,11.286,831444
2008-07-09,11.286,11.357,11.004,11.145,613792
2008-07-12,11.004,11.145,10.722,11.004,851128
2008-07-13,11.075,11.216,10.934,11.004,562902
2008-07-14,11.004,11.216,11.004,11.075,409646
2008-07-15,11.004,11.004,10.369,10.369,760222
2008-07-16,10.299,10.722,10.017,10.51,794469
2008-07-19,10.581,10.793,10.51,10.793,507802
2008-07-20,10.722,10.722,10.581,10.652,382151
2008-07-21,10.652,10.793,10.652,10.722,241780
2008-07-22,10.793,11.216,10.652,11.004,1480950
2008-07-23,11.004,11.004,10.652,10.793,846712
2008-07-26,10.652,10.722,10.51,10.722,680488
2008-07-27,10.652,10.793,10.581,10.652,573924
2008-07-28,10.581,10.722,10.44,10.722,316546
2008-07-29,10.581,10.581,10.369,10.51,636846
2008-07-30,10.581,10.581,10.44,10.44,252512
2008-08-02,10.299,10.581,10.158,10.51,385535
2008-08-03,10.44,10.652,10.44,10.51,435560
2008-08-04,10.44,10.51,10.369,10.44,675320
2008-08-05,10.44,10.44,10.299,10.44,258175
2008-08-06,10.44,10.51,10.369,10.44,206886
2008-08-09,10.44,10.51,10.369,10.369,339955
2008-08-10,10.369,10.369,10.158,10.228,307793
2008-08-11,10.087,10.44,10.087,10.44,206074
2008-08-12,10.44,10.934,10.299,10.51,788192
2008-08-13,10.51,11.004,10.44,10.51,2136108
2008-08-16,10.581,11.216,10.581,11.004,2609968
2008-08-17,11.004,11.498,10.934,11.004,1818813
2008-08-18,10.934,10.934,10.793,10.863,479046
2008-08-19,10.934,11.004,10.793,10.793,351324
2008-08-20,10.793,10.863,10.722,10.793,197249
2008-08-23,10.863,11.004,10.863,10.934,609539
2008-08-24,11.004,11.004,10.863,10.863,390483
2008-08-25,10.863,11.075,10.722,11.075,718197
2008-08-26,11.004,11.075,10.934,10.934,361159
2008-08-27,10.934,11.357,10.934,11.075,1308388
2008-08-30,11.075,11.286,11.004,11.075,905466
2008-08-31,11.075,11.145,10.934,11.004,726274
2008-09-01,11.145,11.216,11.075,11.145,400243
2008-09-02,11.145,11.145,10.934,11.075,238020
2008-09-03,10.934,11.004,10.934,10.934,156170
2008-09-06,10.934,10.934,9.876,10.299,635333
2008-09-07,10.369,10.722,10.299,10.299,594636
2008-09-08,10.369,10.581,10.369,10.369,424502
2008-09-09,10.44,10.51,10.228,10.228,269573
2008-09-10,10.228,10.369,10.017,10.299,249882
2008-09-13,10.214,10.214,9.311,9.593,213336
2008-09-14,9.311,9.876,9.029,9.876,415493
2008-09-15,9.593,9.593,9.029,9.029,431722
2008-09-16,8.888,9.932,8.465,9.565,493740
2008-09-17,9.876,9.96,9.34,9.735,328685
2008-09-20,9.876,10.073,9.847,9.847,301264
2008-09-21,9.735,9.819,9.593,9.791,244063
2008-09-22,9.65,9.791,9.622,9.735,134806
2008-09-24,9.593,9.593,9.086,9.198,317294
2008-09-27,9.057,9.17,9.057,9.057,117504
2008-09-28,9.255,9.537,9.114,9.424,405559
2008-10-06,8.549,8.549,8.493,8.493,148359
2008-10-07,7.957,8.267,7.647,8.042,693718
2008-10-08,7.618,7.675,7.252,7.336,929165
2008-10-11,6.631,7.054,6.617,6.814,589983
2008-10-12,6.814,7.477,6.814,7.421,1939511
2008-10-13,7.759,8.154,7.675,8.154,387120
2008-10-14,8.747,8.944,8.465,8.944,601827
2008-10-15,8.183,9.509,8.07,9.34,486145
2008-10-18,8.691,9.311,8.691,9.029,327512
2008-10-19,9.029,9.678,8.747,9.029,1079600
2008-10-20,9.029,9.622,9.029,9.509,843675
2008-10-21,9.593,9.763,9.424,9.763,669781
2008-10-22,9.311,9.622,9.311,9.311,427490
2008-10-25,9.311,9.34,8.465,8.832,1053792
2008-10-26,8.747,9.311,8.606,9.057,4773298
2008-10-27,9.283,9.368,9.001,9.311,732341
2008-10-28,9.227,9.509,9.227,9.34,978353
2008-10-29,9.622,9.65,9.198,9.198,729201
2008-11-01,9.311,9.819,9.17,9.819,1214010
2008-11-02,9.678,9.706,9.396,9.396,1199833
2008-11-03,9.311,9.622,9.311,9.396,1078700
2008-11-04,9.565,9.65,9.452,9.481,935222
2008-11-05,9.622,10.384,9.593,10.101,2030055
2008-11-08,9.876,10.722,9.735,10.045,2398168
2008-11-09,10.299,10.355,10.045,10.13,1434104
2008-11-10,10.158,10.44,10.101,10.13,1008910
2008-11-11,10.045,10.045,9.34,9.368,525845
2008-11-12,9.17,9.565,9.17,9.424,372890
2008-11-15,9.283,9.311,9.029,9.142,406084
2008-11-16,9.142,9.424,8.916,9.368,425449
2008-11-17,9.452,9.509,9.283,9.311,368985
2008-11-18,9.311,9.452,8.803,9.452,473421
2008-11-19,9.227,9.537,9.142,9.255,350764
2008-11-22,8.973,9.142,8.352,8.352,263559
2008-11-23,8.324,8.521,7.647,7.675,495855
2008-11-24,7.901,8.408,7.618,8.183,567460
2008-11-25,8.324,8.578,8.239,8.239,624374
2008-11-26,8.239,8.408,8.098,8.154,236464
2008-11-29,8.324,8.944,8.324,8.944,802475
2008-11-30,9.029,9.17,8.493,8.578,547397
2008-12-01,8.352,8.662,8.324,8.578,331339
2008-12-02,7.872,8.352,7.816,8.154,252519
2008-12-03,8.437,8.437,8.042,8.07,295654
2008-12-13,8.296,8.465,8.267,8.38,476569
2008-12-14,8.324,8.437,8.296,8.324,298847
2008-12-15,8.352,8.465,8.352,8.465,378135
2008-12-16,8.408,9.057,8.324,8.691,1178884
2008-12-17,8.747,8.973,8.747,8.747,465504
2008-12-20,8.634,8.916,8.38,8.916,694618
2008-12-21,8.775,9.396,8.775,9.198,692630
2008-12-22,9.255,9.311,8.973,8.973,435844
2008-12-23,9.255,9.255,9.029,9.029,208860
2008-12-24,8.944,8.944,8.634,8.747,262294
2008-12-27,8.606,8.888,8.493,8.549,168060
2008-12-28,8.465,9.029,8.465,9.001,483316
2008-12-29,9.001,9.086,8.86,8.916,749005
2008-12-30,8.916,8.973,8.888,8.973,250531
2008-12-31,9.029,9.086,8.916,8.916,479691
2009-01-03,9.029,9.34,9.001,9.255,995326
2009-01-04,9.255,9.593,9.17,9.424,1455893
2009-01-05,9.452,9.706,9.452,9.537,1153980
2009-01-06,9.593,9.735,9.537,9.65,582685
2009-01-07,9.65,9.988,9.65,9.847,839769
2009-01-10,9.819,9.819,9.34,9.565,507632
2009-01-11,9.678,9.847,9.593,9.678,759623
2009-01-12,9.678,9.735,9.452,9.593,472121
2009-01-13,9.509,9.65,9.311,9.622,616421
2009-01-14,9.481,9.735,8.662,9.255,867030
2009-01-17,9.255,9.311,8.916,9.001,262722
2009-01-18,9.001,9.17,8.916,8.916,215005
2009-01-19,8.832,9.142,8.832,9.142,175542
2009-01-20,8.267,9.142,8.267,8.916,306329
2009-01-21,8.916,9.029,8.86,8.944,168570
2009-01-24,8.888,9.819,8.888,9.791,1358838
2009-01-25,9.622,10.13,9.34,9.593,1483349
2009-01-26,9.791,10.045,9.452,9.791,641389
2009-01-27,10.44,10.44,9.311,9.452,2841570
2009-01-28,9.565,9.593,9.424,9.509,620214
2009-01-31,9.509,9.622,9.452,9.481,443513
2009-02-01,9.509,9.565,9.396,9.396,236096
2009-02-02,9.396,9.396,9.17,9.198,200896
2009-02-03,9.227,9.311,9.17,9.283,226966
2009-02-04,9.311,9.396,9.311,9.34,397241
2009-02-07,9.396,9.537,9.368,9.537,389561
2009-02-08,9.537,9.735,9.481,9.481,699948
2009-02-09,9.537,9.735,9.509,9.65,582366
2009-02-10,9.565,9.763,9.537,9.537,720040
2009-02-11,10.44,10.468,9.932,10.468,2123438
2009-02-14,10.496,10.863,10.412,10.412,4071922
2009-02-15,10.412,11.061,10.073,10.242,4280834
2009-02-16,10.186,11.258,10.186,11.258,4864831
2009-02-17,11.456,11.823,10.496,10.863,7924001
2009-02-18,10.835,11.71,10.496,11.484,6196132
2009-02-21,11.315,12.133,11.004,11.738,5397534
2009-02-22,11.794,11.851,10.581,10.581,7374894
2009-02-23,10.355,10.581,10.186,10.242,3505026
2009-02-24,10.017,10.017,9.255,9.509,1985527
2009-02-25,9.706,9.876,9.34,9.706,3950704
2009-02-28,9.537,9.763,9.142,9.65,2187844
2009-03-01,9.622,9.706,9.424,9.537,1840907
2009-03-02,9.537,9.876,9.34,9.396,3115648
2009-03-03,9.17,9.565,8.888,9.17,4212593
2009-03-04,9.396,9.396,9.086,9.086,2784954
2009-03-07,9.17,9.17,8.973,9.029,1489016
2009-03-08,9.029,9.114,8.126,8.126,4010442
2009-03-09,8.296,8.296,7.703,7.901,2836778
2009-03-10,7.929,8.691,7.901,8.606,5036142
2009-03-11,8.775,8.775,8.154,8.183,3881332
2009-03-14,8.465,8.465,8.239,8.437,1748751
2009-03-15,8.437,8.832,8.38,8.662,1970946
2009-03-16,8.662,8.86,8.606,8.719,1517538
2009-03-17,8.691,8.719,8.549,8.606,703425
2009-03-18,8.634,8.691,8.465,8.606,1749534
2009-03-21,8.437,8.465,8.296,8.437,735683
2009-03-22,8.437,8.437,8.352,8.38,503964
2009-03-23,8.352,8.38,8.239,8.38,670717
2009-03-24,8.578,8.578,8.408,8.408,1619817
2009-03-25,8.352,8.719,8.324,8.634,2302538
2009-03-28,8.634,8.775,8.521,8.662,3269234
2009-03-29,8.634,8.662,8.521,8.521,1651746
2009-03-30,8.465,8.493,8.211,8.267,932262
2009-03-31,8.183,8.296,8.154,8.296,744916
2009-04-01,8.352,8.38,8.267,8.267,454021
2009-04-04,8.437,8.578,8.437,8.549,1255837
2009-04-05,8.578,8.832,8.549,8.662,2488874
2009-04-06,8.719,8.888,8.719,8.719,1331871
2009-04-07,8.691,8.747,8.578,8.634,993469
2009-04-08,8.549,8.719,8.521,8.634,2231032
2009-04-11,8.775,8.973,8.747,8.803,3132748
2009-04-12,8.832,8.973,8.775,8.916,3521923
2009-04-13,8.944,9.198,8.888,8.944,3485253
2009-04-14,9.029,9.311,8.916,9.227,3325780
2009-04-15,9.198,9.622,9.029,9.622,4899946
2009-04-18,9.311,9.678,9.283,9.593,3425748
2009-04-19,9.622,10.242,9.029,9.34,4954506
2009-04-20,9.227,9.791,9.142,9.509,1745224
2009-04-21,9.283,9.452,8.747,9.34,1207627
2009-04-22,9.368,9.678,9.34,9.593,1389937
2009-04-25,9.735,9.932,9.706,9.706,1323390
2009-04-26,9.706,9.847,9.537,9.593,1284246
2009-04-27,9.565,9.819,9.481,9.622,844114
2009-04-28,9.65,9.735,9.622,9.678,408164
2009-04-29,9.735,9.988,9.706,9.904,2610574
2009-05-02,10.242,10.242,9.819,9.932,2757005
2009-05-03,9.876,10.017,9.735,10.017,1253374
2009-05-04,10.158,10.553,10.101,10.384,3804744
2009-05-05,10.384,10.468,10.158,10.242,1835860
2009-05-06,10.214,10.581,10.214,10.44,3165896
2009-05-09,10.525,10.976,10.525,10.891,3516873
2009-05-10,10.948,10.948,10.637,10.722,1633823
2009-05-11,10.694,11.117,10.666,10.666,2572093
2009-05-12,10.637,11.23,10.637,10.976,1819391
2009-05-13,11.004,11.371,10.948,11.004,1476906
2009-05-16,10.976,10.976,10.468,10.637,467960
2009-05-17,10.666,11.004,10.637,10.92,973097
2009-05-18,10.92,11.061,10.863,10.948,608996
2009-05-19,10.976,11.145,10.891,10.92,1822106
2009-05-20,10.92,10.976,10.835,10.891,498691
2009-05-23,10.863,10.948,10.807,10.948,355932
2009-05-24,10.976,11.004,10.863,10.92,610779
2009-05-25,10.891,10.891,10.722,10.807,361219
2009-05-26,10.807,11.145,10.722,10.722,1215069
2009-05-27,10.891,11.032,10.807,10.835,766456
2009-05-30,10.948,11.653,10.948,11.202,3936400
2009-05-31,11.286,11.512,11.23,11.315,1494910
2009-06-01,11.428,11.569,11.286,11.315,1518939
2009-06-02,11.315,11.399,11.202,11.23,1031628
2009-06-03,11.23,11.428,11.202,11.428,788377
2009-06-06,11.484,11.484,11.23,11.258,595189
2009-06-07,11.145,11.202,11.004,11.202,472667
2009-06-08,11.174,11.174,11.004,11.004,212574
2009-06-09,11.061,11.061,10.92,10.948,130596
2009-06-10,11.004,11.145,11.004,11.061,314175
2009-06-13,11.004,11.145,10.976,11.117,209264
2009-06-14,11.089,11.23,11.089,11.174,321806
2009-06-15,11.145,11.174,10.863,11.032,293737
2009-06-16,11.004,11.089,11.004,11.032,197370
2009-06-17,11.061,11.117,11.004,11.032,288477
2009-06-20,10.948,11.004,10.863,11.004,159937
2009-06-21,11.032,11.202,10.412,10.581,711257
2009-06-22,10.468,10.779,10.468,10.722,319091
2009-06-23,10.44,10.722,10.327,10.44,248787
2009-06-24,10.581,10.779,10.525,10.637,308452
2009-06-27,10.694,10.75,10.637,10.75,211830
2009-06-28,10.694,10.75,10.525,10.722,103274
2009-06-29,10.722,10.863,10.722,10.779,180039
2009-06-30,10.779,11.145,10.779,11.117,426392
2009-07-01,11.117,11.371,11.061,11.174,596231
2009-07-04,11.004,11.371,10.863,11.089,460960
2009-07-05,11.032,11.258,11.004,11.258,238268
2009-07-06,11.258,11.258,10.92,10.948,409327
2009-07-07,11.032,11.145,10.976,11.089,280400
2009-07-08,11.004,11.004,10.807,10.976,166221
2009-07-11,11.004,11.117,11.004,11.117,79852
2009-07-12,11.117,11.286,11.089,11.145,360458
2009-07-13,11.089,11.089,11.004,11.089,108041
2009-07-14,11.145,11.286,11.061,11.145,309646
2009-07-15,11.23,11.428,11.117,11.258,1096527
2009-07-18,10.92,11.089,10.863,11.004,817307
2009-07-19,11.004,11.004,10.92,11.004,154628
2009-07-20,11.032,11.032,10.948,11.004,194205
2009-07-21,10.948,11.004,10.948,11.004,123578
2009-07-22,10.976,11.089,10.976,11.004,321923
2009-07-25,10.779,11.061,10.779,11.004,411269
2009-07-26,11.032,11.286,11.004,11.174,535212
2009-07-27,11.202,11.569,11.202,11.23,623984
2009-07-28,11.286,11.286,11.089,11.117,253118
2009-07-29,11.174,11.174,11.004,11.117,100237
2009-08-01,11.258,11.258,11.061,11.174,77509
2009-08-02,11.089,11.145,11.032,11.145,90700
2009-08-03,11.145,11.174,11.061,11.145,81081
2009-08-04,11.117,11.315,11.117,11.117,185238
2009-08-05,11.117,11.117,11.089,11.089,29338
2009-08-08,11.061,11.399,10.75,10.863,775313
2009-08-09,10.92,10.976,10.807,10.92,175481
2009-08-10,10.92,11.004,10.891,11.004,258119
2009-08-11,11.004,11.004,10.948,10.976,78710
2009-08-12,10.976,11.061,10.976,11.032,381892
2009-08-15,11.061,11.089,10.976,11.032,73841
2009-08-16,10.948,11.032,10.92,10.976,54122
2009-08-17,10.92,10.948,10.835,10.835,167029
2009-08-18,11.004,11.004,10.835,10.976,54763
2009-08-19,10.835,10.976,10.807,10.891,53193
2009-08-22,11.004,11.032,10.92,11.032,116058
2009-08-23,10.891,11.004,10.863,11.004,39336
2009-08-24,11.004,11.004,10.948,11.004,41657
2009-08-25,10.976,11.032,10.891,11.032,58587
2009-08-26,11.004,11.004,10.92,10.948,13425
2009-08-29,10.948,10.948,10.863,10.948,56439
2009-08-30,10.891,10.976,10.863,10.976,68837
2009-08-31,10.976,10.976,10.835,10.891,46314
2009-09-01,10.976,11.004,10.891,10.891,115455
2009-09-02,10.863,10.863,10.75,10.863,38067
2009-09-05,10.779,10.948,10.779,10.863,81209
2009-09-06,10.835,10.835,10.779,10.779,45538
2009-09-07,10.75,10.863,10.75,10.863,41636
2009-09-08,10.863,10.863,10.807,10.835,65324
2009-09-09,10.75,10.835,10.722,10.722,166830
2009-09-12,10.694,10.835,10.694,10.779,68004
2009-09-13,10.863,10.863,10.779,10.835,78321
2009-09-14,10.807,10.807,10.722,10.779,47827
2009-09-15,10.807,10.807,10.722,10.807,109172
2009-09-16,10.807,10.976,10.807,10.835,369364
2009-09-26,10.891,11.061,10.891,11.032,215250
2009-09-27,11.061,11.061,10.891,11.004,98245
2009-09-28,10.948,11.061,10.948,11.004,92082
2009-09-29,11.032,11.117,10.976,11.089,203497
2009-09-30,11.004,11.145,11.004,11.061,290551
2009-10-03,11.004,11.032,10.976,11.004,73160
2009-10-04,11.032,11.061,11.004,11.032,53923
2009-10-05,11.004,11.061,11.004,11.004,121059
2009-10-06,11.061,11.061,11.004,11.032,46941
2009-10-07,11.061,12.105,11.061,11.681,1742449
2009-10-10,11.569,11.935,11.54,11.766,1641769
2009-10-11,11.738,11.823,11.653,11.738,302218
2009-10-12,11.71,11.71,11.569,11.71,435780
2009-10-13,11.625,11.71,11.597,11.625,87649
2009-10-14,11.456,11.766,11.456,11.597,552504
2009-10-17,11.681,11.681,11.54,11.569,269616
2009-10-18,11.484,11.54,10.807,10.863,1552912
2009-10-19,10.948,11.061,10.92,11.032,579357
2009-10-20,10.948,11.032,10.722,10.779,1355985
2009-10-21,10.722,10.863,10.722,10.807,311850
2009-10-24,10.722,10.891,10.722,10.863,208608
2009-10-25,10.863,10.863,10.553,10.666,1196002
2009-10-26,10.666,10.722,10.609,10.694,607203
2009-10-27,10.666,10.722,10.553,10.666,776805
2009-10-28,10.609,10.609,10.525,10.553,313141
2009-10-31,10.073,10.525,10.073,10.44,446742
2009-11-01,10.44,10.468,10.355,10.468,228972
2009-11-02,10.553,10.637,10.468,10.609,454269
2009-11-03,10.581,10.694,10.412,10.412,926457
2009-11-04,10.44,10.44,10.299,10.44,404755
2009-11-07,10.44,10.666,10.327,10.496,949292
2009-11-08,10.44,10.496,10.271,10.44,331963
2009-11-09,10.412,10.496,10.355,10.496,163538
2009-11-10,10.525,10.525,10.384,10.412,318949
2009-11-11,10.327,10.412,10.299,10.327,159771
2009-11-14,10.327,10.722,10.327,10.468,1527862
2009-11-15,10.468,10.496,10.384,10.468,528635
2009-11-16,10.468,10.468,10.384,10.44,453139
2009-11-17,10.468,10.468,10.384,10.412,266242
2009-11-18,10.412,10.412,10.13,10.158,1673457
2009-11-21,10.158,10.158,10.045,10.045,269024
2009-11-22,10.045,10.13,10.017,10.073,238584
2009-11-23,10.073,10.158,10.073,10.101,143510
2009-11-24,10.101,10.158,10.045,10.073,215678
2009-11-25,10.045,10.271,10.045,10.101,829562
2009-12-05,9.763,9.96,9.65,9.904,632370
2009-12-06,9.96,10.101,9.96,10.017,1347827
2009-12-07,10.017,10.017,9.876,9.932,366727
2009-12-08,9.932,9.932,9.65,9.706,378103
2009-12-09,9.622,9.65,9.481,9.565,462151
2009-12-12,9.706,9.763,9.565,9.565,235408
2009-12-13,9.537,9.565,9.311,9.424,199330
2009-12-14,9.593,9.593,9.396,9.593,434564
2009-12-15,9.565,9.65,9.481,9.593,320342
2009-12-16,9.537,9.65,9.537,9.622,170917
2009-12-19,9.65,9.65,9.537,9.593,230585
2009-12-20,9.565,9.593,9.537,9.593,194946
2009-12-21,9.565,9.593,8.634,9.565,636974
2009-12-22,9.537,9.735,9.537,9.565,598304
2009-12-23,9.593,9.593,9.537,9.537,283632
2009-12-26,9.565,9.593,9.537,9.565,273231
2009-12-27,9.565,9.593,9.509,9.593,236578
2009-12-28,9.593,9.65,9.481,9.481,235979
2009-12-29,9.509,9.509,9.396,9.424,141621
2009-12-30,9.396,9.509,9.396,9.509,124720
2010-01-02,9.509,9.509,9.424,9.481,82162
2010-01-03,9.509,9.509,9.368,9.424,173865
2010-01-04,9.396,9.396,9.311,9.368,140299
2010-01-05,9.396,9.452,9.34,9.368,177300
2010-01-06,9.34,9.368,9.311,9.311,94942
2010-01-09,9.368,9.452,9.34,9.396,259366
2010-01-10,9.368,9.65,9.368,9.481,436577
2010-01-11,9.481,9.593,9.481,9.537,180365
2010-01-12,9.509,9.593,9.509,9.509,112553
2010-01-13,9.537,9.537,9.481,9.509,61865
2010-01-16,9.452,9.481,9.368,9.396,319226
2010-01-17,9.452,9.452,9.34,9.424,115721
2010-01-18,9.396,9.452,9.368,9.396,147122
2010-01-19,9.368,9.396,9.311,9.34,154614
2010-01-20,9.34,9.396,9.255,9.368,705867
2010-01-23,8.803,9.114,8.775,9.086,398397
2010-01-24,9.057,9.057,9.029,9.029,195282
2010-01-25,9.001,9.086,8.973,9.029,385674
2010-01-26,9.057,9.057,8.944,8.944,201350
2010-01-27,8.944,8.973,8.832,8.86,165927
2010-01-30,8.86,8.888,8.691,8.719,402061
2010-01-31,8.662,8.662,8.634,8.662,195201
2010-02-01,8.662,8.662,8.578,8.606,272221
2010-02-02,8.606,8.606,8.521,8.549,205404
2010-02-03,8.549,8.549,8.465,8.493,718455
2010-02-06,8.521,8.521,8.296,8.352,506332
2010-02-07,8.352,8.408,8.324,8.38,463941
2010-02-08,8.38,8.38,8.239,8.239,491415
2010-02-09,8.296,8.324,8.239,8.267,430389
2010-02-10,8.324,8.324,8.267,8.267,349304
2010-02-13,8.352,8.38,8.296,8.38,328029
2010-02-14,8.437,8.719,8.437,8.549,2209151
2010-02-15,8.465,8.493,8.38,8.408,630991
2010-02-16,8.437,8.465,8.408,8.437,519030
2010-02-17,8.437,8.437,8.352,8.352,343138
2010-02-20,8.352,8.38,8.296,8.324,814631
2010-02-21,8.352,8.408,8.324,8.38,456477
2010-02-22,8.352,8.38,8.324,8.352,238360
2010-02-23,8.352,8.352,8.296,8.296,309880
2010-02-24,8.296,8.324,8.239,8.296,195658
2010-02-27,8.324,8.352,8.267,8.267,324010
2010-02-28,8.239,8.267,8.183,8.211,404234
2010-03-01,8.211,8.239,8.183,8.239,223851
2010-03-02,8.239,8.267,8.211,8.211,470356
2010-03-03,8.211,8.296,8.211,8.267,600058
2010-03-06,8.296,8.324,8.296,8.324,354588
2010-03-07,8.324,8.352,8.267,8.352,505435
2010-03-08,8.38,8.38,8.324,8.352,184654
2010-03-09,8.38,8.38,8.296,8.324,337215
2010-03-10,8.324,8.352,8.296,8.296,146831
2010-03-13,8.352,8.38,8.352,8.38,159735
2010-03-14,8.38,8.662,8.38,8.493,1378292
2010-03-15,8.521,8.634,8.493,8.634,653255
2010-03-16,8.578,8.606,8.493,8.493,618360
2010-03-17,8.521,8.775,8.521,8.662,1720490
2010-03-20,8.662,8.747,8.634,8.634,627479
2010-03-21,8.662,8.747,8.634,8.719,518644
2010-03-22,8.719,8.747,8.606,8.606,378752
2010-03-23,8.634,8.719,8.606,8.662,319020
2010-03-24,8.634,8.691,8.634,8.662,351463
2010-03-27,8.691,8.691,8.634,8.634,222352
2010-03-28,8.606,8.634,8.521,8.606,557806
2010-03-29,8.578,8.606,8.549,8.578,85738
2010-03-30,8.578,8.803,8.549,8.719,982564
2010-03-31,8.719,8.775,8.662,8.691,503993
2010-04-03,8.747,8.747,8.634,8.634,427037
2010-04-04,8.606,8.691,8.578,8.691,268570
2010-04-05,8.691,8.719,8.634,8.719,270204
2010-04-06,8.719,8.803,8.662,8.691,452561
2010-04-07,8.691,8.747,8.634,8.719,420445
2010-04-10,8.719,8.747,8.691,8.719,414544
2010-04-11,8.719,8.916,8.691,8.86,1280433
2010-04-12,8.888,8.973,8.86,8.888,949370
2010-04-13,8.888,8.916,8.606,8.719,1252498
2010-04-14,8.719,8.775,8.634,8.719,581813
2010-04-17,8.691,8.747,8.521,8.549,916590
2010-04-18,8.549,8.549,8.437,8.521,545880
2010-04-19,8.493,8.578,8.324,8.465,871676
2010-04-20,8.437,8.437,8.126,8.126,494321
2010-04-21,8.183,8.324,8.098,8.324,360305
2010-04-24,8.324,8.38,8.183,8.352,316259
2010-04-25,8.408,8.408,8.296,8.296,477242
2010-04-26,8.296,8.38,8.296,8.324,364271
2010-04-27,8.352,8.352,8.267,8.296,259012
2010-04-28,8.239,8.324,8.211,8.324,288860
2010-05-01,8.324,8.408,8.211,8.324,754314
2010-05-02,8.324,8.324,8.267,8.267,586148
2010-05-03,8.267,8.324,8.267,8.296,445643
2010-05-04,8.296,8.408,8.267,8.352,850717
2010-05-05,8.267,8.352,8.239,8.296,362180
2010-05-08,8.154,8.154,7.618,7.618,1236139
2010-05-09,7.675,7.759,7.562,7.759,572021
2010-05-10,7.816,8.183,7.816,7.957,847198
2010-05-11,8.013,8.013,7.844,7.872,369435
2010-05-12,7.929,7.929,7.816,7.901,301888
2010-05-15,7.788,7.788,7.562,7.647,1121385
2010-05-16,7.675,7.675,7.59,7.675,329982
2010-05-17,7.647,7.675,7.59,7.647,338073
2010-05-18,7.675,7.703,7.647,7.703,358739
2010-05-19,7.618,7.618,7.505,7.562,541432
2010-05-22,7.477,7.477,7.336,7.477,305450
2010-05-23,7.505,7.59,7.477,7.477,441589
2010-05-24,7.477,7.534,7.336,7.393,517226
2010-05-25,7.28,7.28,6.772,6.814,399680
2010-05-26,7.026,7.393,6.913,7.054,494792
2010-05-29,7.11,7.308,7.11,7.28,396986
2010-05-30,7.252,7.421,7.082,7.195,383246
2010-05-31,7.167,7.28,7.167,7.252,151407
2010-06-01,7.195,7.223,6.998,6.998,577514
2010-06-02,6.927,7.026,6.927,6.998,159937
2010-06-05,6.913,7.618,6.885,7.449,1473408
2010-06-06,7.336,7.703,7.308,7.308,1252473
2010-06-07,7.252,7.562,7.223,7.336,845163
2010-06-08,7.364,7.364,7.308,7.336,250424
2010-06-09,7.393,7.393,7.336,7.336,355900
2010-06-12,7.421,7.59,7.421,7.505,452228
2010-06-13,7.477,7.477,7.336,7.364,555910
2010-06-14,7.364,7.393,7.364,7.393,221962
2010-06-15,7.393,7.731,7.336,7.449,853580
2010-06-16,7.505,7.618,7.477,7.477,482604
2010-06-19,7.477,7.562,7.477,7.534,191898
2010-06-20,7.505,7.534,7.505,7.534,123490
2010-06-21,7.534,7.562,7.505,7.562,220197
2010-06-22,7.505,7.534,7.477,7.505,141901
2010-06-23,7.477,7.505,7.364,7.505,122313
2010-06-26,7.449,7.505,7.421,7.477,200116
2010-06-27,7.449,7.449,7.393,7.449,214087
2010-06-28,7.449,7.477,7.421,7.421,221065
2010-06-29,7.421,7.421,7.28,7.28,219159
2010-06-30,7.252,7.336,7.252,7.28,53431
2010-07-03,7.28,7.28,7.11,7.223,142646
2010-07-04,7.223,7.223,7.139,7.167,175138
2010-07-05,7.195,7.28,7.195,7.223,137269
2010-07-06,7.252,7.336,7.252,7.336,177101
2010-07-07,7.308,7.336,7.223,7.28,174439
2010-07-10,7.364,7.534,7.336,7.421,1858110
2010-07-11,7.421,7.477,7.336,7.364,622996
2010-07-12,7.364,7.393,7.364,7.393,100351
2010-07-13,7.364,7.393,7.336,7.364,243808
2010-07-14,7.364,7.393,7.223,7.252,394456
2010-07-17,7.167,7.195,7.012,7.11,423457
2010-07-18,7.082,7.11,7.054,7.054,214076
2010-07-19,6.913,7.04,6.913,7.04,102987
2010-07-20,7.054,7.082,6.941,6.941,298922
2010-07-21,6.913,6.913,6.786,6.842,665851
2010-07-24,6.857,6.885,6.842,6.857,286985
2010-07-25,6.871,6.899,6.842,6.899,110923
2010-07-26,6.871,6.913,6.857,6.871,153086
2010-07-27,6.885,7.026,6.885,6.969,344403
2010-07-28,6.955,7.012,6.955,6.983,322575
2010-07-31,7.012,7.139,7.012,7.054,457668
2010-08-01,7.11,7.364,7.11,7.223,1073575
2010-08-02,7.223,7.223,7.11,7.167,365557
2010-08-03,7.195,7.28,7.167,7.167,442751
2010-08-04,7.195,7.223,7.054,7.082,310543
2010-08-07,7.11,7.139,6.998,7.082,402228
2010-08-08,7.054,7.139,7.054,7.082,290189
2010-08-09,7.082,7.082,7.026,7.026,150106
2010-08-10,7.054,7.054,6.913,6.998,178877
2010-08-11,6.955,6.955,6.772,6.842,243524
2010-08-14,6.857,6.857,6.786,6.814,180231
2010-08-15,6.842,6.885,6.828,6.871,149883
2010-08-16,6.899,6.899,6.842,6.857,167631
2010-08-17,6.885,6.899,6.828,6.885,263428
2010-08-18,6.913,6.913,6.828,6.842,195374
2010-08-21,6.828,6.828,6.786,6.814,163605
2010-08-22,6.814,6.842,6.8,6.842,159115
2010-08-23,6.814,6.941,6.814,6.941,182761
2010-08-24,6.885,6.913,6.786,6.828,133792
2010-08-25,6.828,6.857,6.786,6.814,215186
2010-08-28,6.913,6.913,6.857,6.857,150311
2010-08-29,6.842,6.871,6.842,6.842,49762
2010-08-30,6.828,6.857,6.814,6.828,68390
2010-08-31,6.828,6.828,6.786,6.814,98823
2010-09-01,6.842,6.857,6.828,6.857,129692
2010-09-04,6.871,6.913,6.828,6.913,271856
2010-09-05,6.871,6.885,6.857,6.857,115835
2010-09-06,6.899,6.983,6.871,6.871,222646
2010-09-14,6.969,6.969,6.871,6.941,443194
2010-09-15,6.941,6.969,6.927,6.955,381446
2010-09-18,6.941,6.998,6.941,6.955,179199
2010-09-19,6.998,7.308,6.998,7.167,2068742
2010-09-20,7.223,7.252,7.054,7.054,684308
2010-09-21,7.11,7.336,7.082,7.308,3588832
2010-09-25,7.336,7.421,7.252,7.252,2075093
2010-09-26,7.252,7.336,7.195,7.252,767158
2010-09-27,7.252,7.336,7.195,7.28,717158
2010-09-28,7.252,7.449,7.195,7.336,3072577
2010-09-29,7.505,7.505,7.195,7.195,2026642
2010-10-02,7.252,7.28,7.139,7.167,518215
2010-10-03,7.11,7.167,7.054,7.082,922910
2010-10-04,7.082,7.11,7.04,7.04,726600
2010-10-05,7.04,7.082,7.026,7.054,1102584
2010-10-06,7.082,7.082,7.026,7.04,554262
2010-10-09,7.054,7.11,7.04,7.04,658688
2010-10-10,7.026,7.054,7.012,7.026,475151
2010-10-11,7.026,7.054,6.998,7.054,441631
2010-10-12,7.012,7.054,6.998,7.04,247447
2010-10-13,7.04,7.04,6.998,7.04,315962
2010-10-16,7.026,7.026,6.955,6.969,438406
2010-10-17,6.969,7.054,6.941,7.04,616028
2010-10-18,6.969,7.04,6.969,7.04,289923
2010-10-19,6.969,7.026,6.969,6.983,231279
2010-10-20,6.969,7.054,6.899,7.054,451296
2010-10-23,6.828,6.899,6.631,6.772,1357080
2010-10-24,6.786,6.828,6.758,6.758,640684
2010-10-25,7.336,7.421,7.28,7.421,7659206
2010-10-26,7.449,7.505,7.139,7.167,5591413
2010-10-27,7.082,7.11,7.012,7.054,2183548
2010-10-30,7.054,7.393,7.054,7.252,3138196
2010-10-31,7.28,7.364,7.167,7.167,1496799
2010-11-01,7.139,7.252,7.139,7.223,981897
2010-11-02,7.167,7.223,7.11,7.139,896262
2010-11-03,7.167,7.167,7.054,7.082,766903
2010-11-06,7.139,7.139,7.054,7.054,668884
2010-11-07,7.054,7.082,7.026,7.054,480871
2010-11-08,7.04,7.082,7.012,7.026,555343
2010-11-09,7.012,7.012,6.955,6.983,336489
2010-11-10,7.012,7.054,6.969,6.983,397766
2010-11-20,6.969,7.026,6.941,6.955,223979
2010-11-21,6.955,6.998,6.941,6.998,274138
2010-11-22,6.969,7.012,6.955,6.969,196930
2010-11-23,6.941,6.941,6.899,6.913,498014
2010-11-24,6.927,6.941,6.899,6.913,168886
2010-11-27,6.913,6.955,6.913,6.941,142522
2010-11-28,6.955,6.955,6.927,6.941,188697
2010-11-29,6.941,6.969,6.913,6.927,228051
2010-11-30,6.927,6.927,6.899,6.927,176644
2010-12-01,6.927,6.955,6.913,6.941,196877
2010-12-04,6.969,6.998,6.969,6.969,252430
2010-12-05,6.998,7.28,6.772,7.054,2035754
2010-12-06,7.054,7.11,7.04,7.082,743533
2010-12-07,7.082,7.11,7.026,7.026,427958
2010-12-08,7.04,7.082,7.04,7.04,381325
2010-12-11,7.04,7.139,7.04,7.082,782483
2010-12-12,7.082,7.139,7.054,7.082,710680
2010-12-13,7.082,7.11,7.04,7.082,592811
2010-12-14,7.082,7.252,7.082,7.223,1842807
2010-12-15,7.167,7.195,7.139,7.167,512569
2010-12-18,7.167,7.252,7.139,7.195,989935
2010-12-19,7.195,7.28,7.167,7.223,1194188
2010-12-20,7.223,7.308,7.195,7.308,1256804
2010-12-21,7.308,7.393,7.28,7.308,1517330
2010-12-22,7.308,7.393,7.28,7.393,1336092
2010-12-25,7.336,7.477,7.336,7.421,2907980
2010-12-26,7.393,7.393,7.336,7.364,1015080
2010-12-27,7.364,7.393,7.28,7.28,817590
2010-12-28,7.252,7.336,7.195,7.195,1490175
2010-12-29,7.223,7.393,7.223,7.364,1269003
2011-01-01,7.421,7.477,7.336,7.393,1387049
2011-01-02,7.393,7.562,7.393,7.477,2211036
2011-01-03,7.477,7.618,7.449,7.534,1947935
2011-01-04,7.562,7.618,7.449,7.505,2584678
2011-01-05,7.477,7.788,7.477,7.618,4930393
2011-01-08,7.618,8.296,7.618,7.929,7585024
2011-01-09,7.957,8.38,7.901,8.38,9098267
2011-01-10,8.38,8.521,8.07,8.098,6971438
2011-01-11,8.098,8.296,8.042,8.267,3997248
2011-01-12,8.267,8.267,8.042,8.126,1975600
2011-01-15,8.154,8.154,8.042,8.07,1449425
2011-01-16,8.07,8.07,7.844,7.929,1541128
2011-01-17,7.929,7.929,7.816,7.816,679428
2011-01-18,7.816,7.816,7.59,7.647,1278951
2011-01-19,7.59,7.618,7.477,7.59,948409
2011-01-22,7.477,7.816,7.477,7.731,1705850
2011-01-23,7.759,7.816,7.675,7.703,951177
2011-01-24,7.731,7.788,7.647,7.647,1262407
2011-01-25,7.618,7.647,7.534,7.618,516602
2011-01-26,7.562,7.59,7.534,7.534,442733
2011-01-29,7.336,7.336,6.8,6.828,861066
2011-01-30,6.828,7.195,6.786,7.054,615372
2011-01-31,7.11,7.223,6.998,7.054,776539
2011-02-01,7.082,7.11,6.998,7.026,634996
2011-02-02,7.082,7.195,7.012,7.026,3115471
2011-02-05,7.054,7.11,7.012,7.11,1476090
2011-02-06,7.139,7.364,7.139,7.223,4351319
2011-02-07,7.252,7.336,7.223,7.308,1091076
2011-02-08,7.336,7.449,7.308,7.336,2208828
2011-02-09,7.364,7.59,7.336,7.477,4051504
2011-02-12,7.562,7.731,7.534,7.618,4341772
2011-02-13,7.647,7.675,7.534,7.59,1865226
2011-02-14,7.562,7.59,7.477,7.505,1446228
2011-02-15,7.534,7.562,7.449,7.477,1456453
2011-02-16,7.449,7.449,7.223,7.28,1076336
2011-02-19,7.139,7.195,7.054,7.167,807546
2011-02-20,7.167,7.223,7.054,7.139,1309643
2011-02-21,7.11,7.167,7.11,7.139,746110
2011-02-22,7.11,7.139,7.04,7.11,809921
2011-02-23,7.167,7.195,7.026,7.054,1470739
2011-02-27,7.054,7.082,6.49,6.603,1497415
2011-02-28,6.603,6.701,6.264,6.518,780498
2011-03-01,6.617,6.631,5.869,5.869,1212798
2011-03-02,5.587,5.686,5.361,5.474,876603
2011-03-05,5.53,6.01,5.53,6.01,869982
2011-03-06,6.208,6.208,5.827,6.066,855515
2011-03-07,6.01,6.081,5.954,6.066,537980
2011-03-08,6.095,6.49,6.095,6.405,1814029
2011-03-09,6.32,6.574,6.32,6.405,1297281
2011-03-12,6.433,6.758,6.433,6.687,1411135
2011-03-13,6.758,6.899,6.645,6.73,1608777
2011-03-14,6.687,6.8,6.574,6.687,1127637
2011-03-15,6.645,6.645,6.208,6.264,1195438
2011-03-16,6.292,6.447,6.292,6.335,845762
2011-03-20,6.758,6.772,6.56,6.673,1372402
2011-03-21,6.645,6.744,6.574,6.631,1270048
2011-03-22,6.659,6.73,6.645,6.645,1472004
2011-03-23,6.645,6.673,6.546,6.645,824622
2011-03-26,6.673,7.026,6.659,6.955,3865585
2011-03-27,7.012,7.082,6.885,7.082,2956845
2011-03-28,7.026,7.252,7.026,7.167,1235600
2011-03-29,7.223,7.393,7.167,7.364,1490508
2011-03-30,7.421,7.421,7.223,7.308,1301002
2011-04-02,7.364,7.364,7.167,7.28,1542843
2011-04-03,7.223,7.28,7.167,7.223,1109052
2011-04-04,7.223,7.28,7.167,7.252,1268985
2011-04-05,7.252,7.252,7.054,7.11,671876
2011-04-06,7.11,7.11,7.026,7.054,667123
2011-04-09,7.139,7.195,7.082,7.082,771797
2011-04-10,7.082,7.195,7.082,7.195,999997
2011-04-11,7.195,7.308,7.195,7.223,1715982
2011-04-12,7.223,7.28,7.167,7.195,441195
2011-04-13,7.195,7.195,7.082,7.11,647131
2011-04-16,7.195,7.223,7.11,7.223,632462
2011-04-17,7.223,7.252,7.11,7.11,543140
2011-04-18,7.308,7.336,7.167,7.195,1271991
2011-04-19,7.252,7.252,6.998,7.139,582576
2011-04-20,7.139,7.139,7.082,7.11,227221
2011-04-23,7.11,7.139,7.04,7.054,2166700
2011-04-24,7.04,7.139,7.04,7.139,893044
2011-04-25,7.139,7.195,7.11,7.167,926319
2011-04-26,7.195,7.252,7.11,7.223,1357896
2011-04-27,7.223,7.28,7.167,7.223,878183
2011-04-30,7.252,7.477,7.223,7.364,3608441
2011-05-01,7.393,7.421,7.28,7.336,2112887
2011-05-02,7.336,7.393,7.28,7.364,1557601
2011-05-03,7.393,7.59,7.393,7.477,4599110
2011-05-04,7.505,7.59,7.477,7.505,1953963
2011-05-07,7.505,7.703,7.505,7.618,5509215
2011-05-08,7.675,7.901,7.675,7.816,4920112
2011-05-09,7.844,7.929,7.759,7.844,3419832
2011-05-10,7.844,7.844,7.731,7.759,1700714
2011-05-11,7.759,7.759,7.562,7.562,2275659
2011-05-14,7.534,7.759,7.505,7.731,2581694
2011-05-15,7.703,7.816,7.675,7.731,3169044
2011-05-16,7.675,8.267,7.59,7.901,17755548
2011-05-17,8.013,8.324,7.816,8.183,11908264
2011-05-18,8.239,8.408,8.126,8.183,10313840
2011-05-21,8.267,8.296,8.183,8.183,4000484
2011-05-22,8.211,8.267,7.844,7.957,4115039
2011-05-23,7.985,7.985,7.816,7.872,2024799
2011-05-24,7.844,8.07,7.816,7.901,3385271
2011-05-25,7.816,7.985,7.788,7.901,2579436
2011-05-28,7.985,8.07,7.929,7.957,1478933
2011-05-29,7.957,8.239,7.957,8.183,3682357
2011-05-30,8.296,8.437,8.183,8.211,5455423
2011-05-31,8.239,8.296,8.154,8.154,2290154
2011-06-01,8.183,8.267,8.183,8.183,3243001
2011-06-04,8.013,8.042,7.816,7.901,1990269
2011-06-05,7.929,7.985,7.703,7.788,2083156
2011-06-06,7.759,7.816,7.675,7.731,1882635
2011-06-07,7.759,8.013,7.647,7.675,4612153
2011-06-08,7.675,7.929,7.421,7.449,4872632
2011-06-11,7.477,7.618,7.421,7.477,1462173
2011-06-12,7.59,7.59,7.449,7.534,725225
2011-06-13,7.534,7.59,7.477,7.534,895050
2011-06-14,7.562,7.562,7.421,7.449,1230816
2011-06-15,7.534,7.534,7.364,7.421,803740
2011-06-18,7.393,7.449,7.336,7.364,831306
2011-06-19,7.393,7.477,7.336,7.393,622457
2011-06-20,7.393,7.393,7.11,7.195,701352
2011-06-21,7.252,7.364,7.252,7.364,795546
2011-06-22,7.393,7.421,7.28,7.364,419470
2011-06-25,7.195,7.393,7.195,7.393,611144
2011-06-26,7.421,7.562,7.364,7.562,607746
2011-06-27,7.534,7.562,7.477,7.505,733518
2011-06-28,7.477,7.562,7.449,7.449,488824
2011-06-29,7.477,7.562,7.477,7.534,518190
2011-07-02,7.618,7.788,7.562,7.703,1141866
2011-07-03,7.759,7.929,7.675,7.844,2686680
2011-07-04,7.872,7.901,7.788,7.844,1291600
2011-07-05,7.872,8.013,7.816,7.957,1473071
2011-07-06,7.985,7.985,7.844,7.872,565089
2011-07-09,7.872,7.929,7.844,7.901,693229
2011-07-10,7.901,7.985,7.816,7.957,949232
2011-07-11,7.957,7.957,7.788,7.788,969617
2011-07-12,7.731,7.731,7.618,7.618,638490
2011-07-13,7.675,7.844,7.647,7.844,650062
2011-07-16,7.816,7.816,7.59,7.647,1821227
2011-07-17,7.562,7.618,7.477,7.562,643537
2011-07-18,7.477,7.477,7.28,7.308,997307
2011-07-19,7.336,7.364,7.28,7.308,424570
2011-07-20,7.336,7.449,7.28,7.364,1980590
2011-07-23,7.421,7.477,7.393,7.449,597340
2011-07-24,7.449,7.59,7.393,7.562,1746387
2011-07-25,7.477,7.562,7.421,7.505,1766489
2011-07-26,7.477,7.534,7.364,7.505,666028
2011-07-27,7.477,7.477,7.336,7.336,804194
2011-07-30,7.11,7.195,7.11,7.139,1042302
2011-07-31,7.11,7.308,7.11,7.167,635765
2011-08-01,7.223,7.308,7.223,7.28,903718
2011-08-02,7.28,7.28,7.167,7.195,513133
2011-08-03,7.11,7.139,7.012,7.139,1023002
2011-08-06,7.026,7.026,6.49,6.631,833865
2011-08-07,6.546,6.715,6.49,6.574,783369
2011-08-08,6.603,6.659,6.49,6.631,539380
2011-08-09,6.151,6.546,5.996,6.546,2308198
2011-08-10,6.687,6.772,6.546,6.546,733989
2011-08-13,6.631,6.772,6.631,6.758,1356666
2011-08-14,6.772,6.786,6.659,6.659,536559
2011-08-15,6.715,6.828,6.715,6.744,762009
2011-08-16,6.8,6.8,6.56,6.631,503078
2011-08-17,6.631,6.673,6.603,6.617,313158
2011-08-20,6.49,6.56,6.433,6.56,241681
2011-08-21,6.574,6.603,6.518,6.574,151435
2011-08-22,6.617,6.673,6.617,6.659,259710
2011-08-23,6.687,6.701,6.603,6.603,124085
2011-08-24,6.659,6.715,6.645,6.659,513427
2011-09-03,6.715,6.814,6.715,6.814,887721
2011-09-04,6.8,6.913,6.786,6.842,1183959
2011-09-05,6.8,6.814,6.772,6.772,734127
2011-09-06,6.758,6.8,6.701,6.701,1062036
2011-09-07,6.744,6.786,6.744,6.758,723236
2011-09-10,6.744,6.814,6.715,6.8,686786
2011-09-11,6.828,6.955,6.828,6.857,1811782
2011-09-12,6.842,7.139,6.8,6.842,3374306
2011-09-13,6.941,6.998,6.885,6.941,1775608
2011-09-14,6.969,6.983,6.913,6.941,955132
2011-09-17,7.026,7.054,6.998,7.04,1393861
2011-09-18,7.054,7.082,6.969,6.998,1017646
2011-09-19,6.955,7.026,6.955,6.983,746751
2011-09-20,7.012,7.054,6.998,7.054,788373
2011-09-21,7.082,7.647,7.054,7.364,6450990
2011-09-25,7.252,7.364,7.252,7.28,1359614
2011-09-26,7.28,7.449,7.223,7.393,1721575
2011-09-27,7.449,7.477,7.308,7.393,2000253
2011-09-28,7.364,7.449,7.336,7.393,3167303
2011-10-01,7.449,8.013,7.421,7.985,9166898
2011-10-02,7.957,7.957,7.562,7.562,4988604
2011-10-03,7.505,7.562,7.364,7.449,2101964
2011-10-04,7.336,7.534,7.308,7.477,1339232
2011-10-05,7.59,7.59,7.449,7.562,889698
2011-10-08,7.618,7.929,7.562,7.816,3136342
2011-10-09,7.872,7.872,7.618,7.759,1711297
2011-10-10,7.788,7.957,7.675,7.844,2082496
2011-10-11,7.957,8.183,7.872,8.098,6815584
2011-10-12,8.042,8.154,7.929,8.013,2969143
2011-10-15,8.042,8.183,7.957,8.126,3223686
2011-10-16,8.07,8.098,7.985,8.07,1051255
2011-10-17,8.154,8.154,7.872,7.872,3922103
2011-10-18,7.844,7.957,7.731,7.816,2198257
2011-10-19,7.759,7.872,7.731,7.759,1299762
2011-10-22,7.562,7.844,7.562,7.759,1024377
2011-10-23,7.788,7.816,7.703,7.703,897885
2011-10-24,7.703,7.759,7.647,7.675,562179
2011-10-25,7.675,7.703,7.562,7.618,801146
2011-10-26,7.562,7.618,7.505,7.534,519966
2011-10-29,7.534,7.703,7.534,7.59,1526735
2011-10-30,7.618,7.844,7.618,7.788,3473642
2011-10-31,7.788,7.788,7.647,7.647,1109970
2011-11-01,7.562,7.59,7.421,7.477,624016
2011-11-02,7.477,7.534,7.449,7.477,605966
2011-11-12,7.59,7.731,7.505,7.703,1934194
2011-11-13,7.731,7.731,7.618,7.618,993008
2011-11-14,7.675,7.703,7.59,7.618,1119496
2011-11-15,7.618,7.675,7.59,7.618,761945
2011-11-16,7.618,7.618,7.534,7.562,578163
2011-11-19,7.562,7.647,7.505,7.618,899536
2011-11-20,7.618,7.675,7.59,7.647,777159
2011-11-21,7.675,7.731,7.618,7.647,1625257
2011-11-22,7.59,7.618,7.336,7.505,608713
2011-11-23,7.505,7.562,7.477,7.505,430357
2011-11-26,7.534,7.647,7.421,7.505,601058
2011-11-27,7.562,7.618,7.534,7.534,558096
2011-11-28,7.562,7.647,7.562,7.59,490837
2011-11-29,7.647,7.731,7.647,7.675,1310029
2011-11-30,7.731,7.788,7.618,7.675,1079976
2011-12-03,7.731,7.985,7.675,7.985,5058330
2011-12-04,7.929,8.154,7.844,8.126,5135552
2011-12-05,8.154,8.183,7.957,7.957,3794325
2011-12-06,7.957,8.042,7.901,7.957,1721575
2011-12-07,7.985,8.154,7.929,7.985,4667770
2011-12-10,8.042,8.154,8.013,8.126,3447069
2011-12-11,8.154,8.154,7.985,8.07,2254753
2011-12-12,8.07,8.634,8.042,8.408,12530557
2011-12-13,8.437,8.803,7.59,7.703,7118077
2011-12-14,7.901,8.154,7.844,8.07,2804064
2011-12-17,8.154,8.437,8.154,8.352,2861428
2011-12-18,8.408,8.437,8.211,8.324,1758943
2011-12-19,8.352,8.352,8.154,8.211,2091636
2011-12-20,8.211,8.521,8.154,8.521,5514627
2011-12-21,8.578,9.114,8.549,8.662,14993649
2011-12-24,8.719,8.775,8.578,8.662,4721941
2011-12-25,8.606,8.634,8.38,8.408,2832192
2011-12-26,8.465,8.521,8.324,8.352,4150472
2011-12-27,8.38,8.606,8.296,8.437,4676066
2011-12-28,8.408,8.465,8.296,8.324,1654219
2011-12-31,8.38,8.437,8.267,8.408,1736588
2012-01-01,8.408,8.521,8.324,8.352,3401602
2012-01-02,8.352,8.549,8.352,8.437,2828372
2012-01-03,8.465,8.493,8.352,8.38,1836828
2012-01-04,8.408,8.408,8.324,8.352,1473929
2012-01-07,8.352,8.408,8.267,8.296,1316242
2012-01-08,8.267,8.352,8.211,8.352,1987940
2012-01-09,8.38,8.38,8.267,8.267,1368223
2012-01-10,8.267,8.296,8.211,8.296,2070096
2012-01-11,8.296,8.465,8.267,8.324,4245202
2012-01-14,8.324,8.352,8.267,8.296,1642811
2012-01-15,8.296,8.324,8.126,8.267,2217809
2012-01-16,8.267,8.267,7.816,8.013,2228105
2012-01-17,8.013,8.07,7.844,7.957,1909127
2012-01-18,7.901,8.098,7.788,8.013,2617166
2012-01-21,8.07,8.267,8.013,8.154,2185678
2012-01-22,8.183,8.437,8.154,8.408,3840220
2012-01-23,8.408,8.437,8.296,8.296,2812980
2012-01-24,8.296,8.606,8.267,8.549,7018202
2012-01-25,8.521,8.549,8.38,8.408,3162086
2012-01-28,8.437,8.493,8.38,8.408,2362436
2012-01-29,8.408,8.606,8.408,8.437,3853316
2012-01-30,8.437,8.437,8.296,8.352,2047810
2012-01-31,8.352,8.408,8.324,8.352,2530468
2012-02-01,8.352,9.17,8.352,9.17,25348312
2012-02-04,9.198,9.227,8.86,8.888,11885744
2012-02-05,8.944,9.029,8.691,8.973,7163304
2012-02-06,9.001,9.086,8.803,8.916,4957112
2012-02-07,8.888,8.973,8.803,8.888,2587762
2012-02-08,8.888,8.973,8.803,8.832,3368312
2012-02-11,8.832,8.888,8.803,8.888,2503232
2012-02-12,8.86,8.888,8.719,8.747,3240793
2012-02-13,8.775,8.888,8.691,8.747,7308558
2012-02-14,8.747,8.775,8.606,8.691,3657045
2012-02-15,8.691,8.691,8.606,8.662,1957812
2012-02-18,8.747,8.775,8.662,8.747,4397041
2012-02-19,8.747,8.775,8.662,8.747,4036704
2012-02-20,8.888,9.001,8.775,8.803,8507229
2012-02-21,8.803,8.86,8.691,8.747,3959482
2012-02-22,8.775,8.832,8.719,8.775,4337717
2012-02-25,8.832,9.001,8.832,8.888,5822579
2012-02-26,8.888,8.916,8.691,8.775,4592327
2012-02-27,8.775,8.832,8.747,8.775,3756332
2012-02-28,8.803,8.832,8.239,8.719,8513873
2012-02-29,8.691,8.719,8.493,8.634,5013488
2012-03-03,8.634,8.691,8.578,8.634,3470609
2012-03-04,8.662,8.719,8.521,8.606,7583057
2012-03-05,8.606,8.944,8.549,8.803,11685171
2012-03-06,8.775,9.34,8.634,9.029,21737054
2012-03-07,8.86,9.65,8.775,9.311,32606390
2012-03-10,9.537,10.073,9.509,9.847,21442596
2012-03-11,9.847,9.847,9.65,9.678,6803183
2012-03-12,9.706,9.791,9.565,9.706,6415432
2012-03-13,9.706,9.706,9.537,9.593,6750086
2012-03-14,9.65,9.678,9.509,9.593,3319198
2012-03-17,9.565,9.593,9.396,9.481,4682360
2012-03-18,9.481,9.65,9.424,9.565,4452027
2012-03-19,9.537,9.593,9.424,9.481,3698666
2012-03-20,9.424,9.481,9.255,9.368,2972092
2012-03-21,9.34,9.481,9.34,9.396,2193638
2012-03-24,9.424,9.481,9.424,9.481,1614969
2012-03-25,9.481,9.791,9.481,9.622,6417761
2012-03-26,9.622,9.65,9.452,9.509,2124568
2012-03-27,9.565,9.593,9.34,9.368,2016282
2012-03-28,9.368,9.396,9.255,9.311,2313464
2012-03-31,9.396,9.424,9.34,9.34,1422454
2012-04-01,9.255,9.255,9.17,9.198,2564962
2012-04-02,9.227,9.283,9.142,9.198,1458012
2012-04-03,9.283,9.565,9.227,9.537,7624533
2012-04-04,9.509,9.565,9.34,9.34,2773188
2012-04-07,9.368,9.424,9.311,9.396,2220304
2012-04-08,9.424,9.481,8.493,9.283,3489148
2012-04-09,9.17,9.368,9.114,9.227,1311975
2012-04-10,9.227,9.227,9.001,9.057,1363885
2012-04-11,9.001,9.029,8.606,8.916,1470331
2012-04-14,9.001,9.001,8.803,8.832,831912
2012-04-15,8.803,9.311,8.747,9.001,4405192
2012-04-16,9.17,9.255,8.521,8.916,2499255
2012-04-17,9.029,9.114,8.888,9.057,1692109
2012-04-18,9.086,9.086,8.719,8.775,2454192
2012-04-21,8.803,8.916,8.803,8.888,1243542
2012-04-22,8.86,8.944,8.803,8.86,1604599
2012-04-23,8.832,8.832,8.549,8.634,1554025
2012-04-24,8.662,8.86,8.634,8.775,1925398
2012-04-25,8.832,8.944,8.747,8.803,1823697
2012-04-28,8.888,8.944,8.832,8.888,1788497
2012-04-29,8.888,8.888,8.747,8.803,1342404
2012-04-30,8.747,8.775,8.662,8.747,864836
2012-05-01,8.747,8.888,8.747,8.803,1730141
2012-05-02,8.832,8.832,8.719,8.747,799941
2012-05-05,8.691,8.916,8.691,8.803,3108464
2012-05-06,8.803,8.832,8.719,8.747,1517776
2012-05-07,8.634,8.747,8.606,8.719,928059
2012-05-08,8.719,8.747,8.634,8.691,733014
2012-05-09,8.634,8.634,8.465,8.465,1063932
2012-05-12,8.437,8.437,7.929,8.408,860045
2012-05-13,8.437,8.437,8.239,8.324,625363
2012-05-14,8.126,8.267,8.098,8.154,517896
2012-05-15,8.183,8.267,8.154,8.211,391557
2012-05-16,8.098,8.324,7.985,8.211,485918
2012-05-19,8.098,8.239,8.098,8.183,331701
2012-05-20,8.211,8.521,8.211,8.352,1101730
2012-05-21,8.352,8.493,8.267,8.465,466854
2012-05-22,8.493,8.578,8.38,8.437,1632395
2012-05-23,8.324,8.408,8.324,8.38,201250
2012-05-26,8.324,8.549,8.324,8.437,817668
2012-05-27,8.352,8.493,8.324,8.408,800728
2012-05-28,8.465,8.493,8.38,8.493,411531
2012-05-29,8.521,8.521,8.437,8.437,367818
2012-05-30,8.437,8.493,8.324,8.437,299294
2012-06-02,8.042,8.239,8.042,8.098,763660
2012-06-03,8.098,8.267,8.013,8.267,412864
2012-06-04,8.183,8.211,8.042,8.211,919777
2012-06-05,8.183,8.239,8.154,8.211,341238
2012-06-06,8.183,8.267,8.07,8.211,493952
2012-06-09,8.267,8.296,8.042,8.154,254465
2012-06-10,8.183,8.183,8.042,8.126,379099
2012-06-11,8.183,8.267,8.126,8.267,650562
2012-06-12,8.183,8.324,8.154,8.324,335454
2012-06-13,8.296,8.324,8.239,8.239,375123
2012-06-16,8.296,8.38,7.618,8.267,838252
2012-06-17,8.239,8.352,8.183,8.267,515933
2012-06-18,8.324,8.38,8.239,8.324,448322
2012-06-19,8.324,8.437,8.296,8.437,505626
2012-06-20,8.408,8.437,8.352,8.408,296916
2012-06-23,8.465,8.465,8.324,8.408,419473
2012-06-24,8.408,8.408,8.324,8.324,174393
2012-06-25,8.324,8.324,8.154,8.183,247433
2012-06-26,8.183,8.183,8.098,8.098,203267
2012-06-27,8.098,8.098,7.759,7.844,325587
2012-06-30,7.901,8.098,7.788,7.788,685035
2012-07-01,7.816,7.872,7.675,7.844,358271
2012-07-02,7.844,7.901,7.788,7.872,405251
2012-07-03,7.901,8.013,7.901,7.957,554393
2012-07-04,7.957,8.126,7.929,8.098,596954
2012-07-07,8.098,8.324,7.957,8.324,657416
2012-07-08,8.296,8.408,8.296,8.408,282963
2012-07-09,8.38,8.437,8.126,8.183,543789
2012-07-10,8.154,8.183,8.098,8.098,102654
2012-07-11,8.098,8.154,7.957,8.154,302434
2012-07-14,8.098,8.239,8.098,8.211,143333
2012-07-15,8.126,8.183,8.126,8.183,147955
2012-07-16,8.126,8.126,7.901,8.07,225290
2012-07-17,8.098,8.126,8.07,8.07,90952
2012-07-18,8.07,8.154,8.07,8.07,167142
2012-07-21,8.183,8.578,8.098,8.549,1070467
2012-07-22,8.437,8.606,8.437,8.437,1356942
2012-07-23,8.465,8.634,8.465,8.634,1208903
2012-07-24,8.549,8.803,8.549,8.747,1067253
2012-07-25,8.634,8.719,8.493,8.719,402926
2012-07-28,8.549,8.86,8.549,8.747,529538
2012-07-29,8.719,8.86,8.634,8.86,323114
2012-07-30,8.803,8.916,8.691,8.803,665876
2012-07-31,8.747,8.775,8.662,8.691,512750
2012-08-01,8.775,8.86,8.691,8.775,923707
2012-08-04,8.775,8.86,8.775,8.803,450644
2012-08-05,8.803,8.832,8.606,8.832,280758
2012-08-06,8.775,8.832,8.719,8.803,392662
2012-08-07,8.803,8.803,8.719,8.719,166178
2012-08-08,8.747,8.775,8.662,8.662,118620
2012-08-11,8.634,8.719,8.634,8.634,243021
2012-08-12,8.606,8.944,8.408,8.832,3227092
2012-08-13,8.803,8.86,8.719,8.86,641365
2012-08-14,8.86,8.86,8.691,8.747,325360
2012-08-15,8.691,8.747,8.662,8.747,309869
2012-08-25,8.832,8.973,8.747,8.86,716152
2012-08-26,8.916,9.029,8.832,9.029,1234197
2012-08-27,8.973,9.114,8.944,9.086,925635
2012-08-28,9.029,9.142,9.029,9.057,726316
2012-08-29,9.057,9.114,9.029,9.029,1087298
2012-09-01,9.057,9.17,9.057,9.057,1810007
2012-09-02,8.832,9.001,8.832,8.888,954044
2012-09-03,8.832,8.973,8.832,8.888,648049
2012-09-04,8.888,8.888,8.775,8.86,599771
2012-09-05,8.803,8.86,8.803,8.86,209069
2012-09-08,8.916,8.973,8.888,8.916,435089
2012-09-09,8.944,8.944,8.86,8.916,222160
2012-09-10,8.916,8.944,8.775,8.888,691499
2012-09-11,8.888,8.916,8.803,8.832,457264
2012-09-12,8.86,8.86,8.775,8.803,409178
2012-09-15,8.888,8.916,8.803,8.86,204954
2012-09-16,8.86,8.86,8.832,8.832,177158
2012-09-17,8.888,8.888,8.803,8.803,208122
2012-09-18,8.803,8.832,8.747,8.803,227282
2012-09-19,8.832,8.86,8.549,8.775,521284
2012-09-22,8.634,8.775,8.634,8.775,94655
2012-09-24,8.691,8.747,8.549,8.719,367613
2012-09-25,8.719,9.001,8.662,8.888,1061657
2012-09-26,8.832,8.86,8.606,8.775,443368
2012-09-29,8.832,9.255,8.775,9.029,1411904
2012-09-30,9.029,9.029,8.775,8.916,239073
2012-10-01,8.944,9.086,8.944,9.001,249882
2012-10-02,8.973,9.057,8.973,9.057,323057
2012-10-03,8.973,9.17,8.973,9.086,470618
2012-10-06,9.029,9.17,8.973,9.057,528454
2012-10-07,9.001,9.17,8.888,9.142,261727
2012-10-08,9.057,9.142,8.775,8.916,1040676
2012-10-09,8.803,8.888,8.691,8.775,392276
2012-10-10,8.606,8.747,8.606,8.634,134023
2012-10-13,8.493,8.578,8.352,8.437,251509
2012-10-14,8.352,8.493,8.352,8.493,144765
2012-10-15,8.437,8.578,8.437,8.578,132102
2012-10-16,8.662,8.747,8.493,8.578,1137592
2012-10-17,8.578,8.803,8.521,8.747,791655
2012-10-20,8.549,8.832,8.493,8.747,1175680
2012-10-21,8.747,8.86,8.691,8.719,464412
2012-10-22,8.691,8.832,8.606,8.719,334830
2012-10-23,8.747,8.775,8.691,8.691,111220
2012-10-24,8.691,8.691,8.549,8.578,634344
2012-11-03,8.578,8.634,8.437,8.549,612137
2012-11-04,8.549,8.606,8.521,8.521,308367
2012-11-05,8.521,8.549,8.465,8.493,741885
2012-11-06,8.493,8.549,8.465,8.521,548878
2012-11-07,8.521,8.549,8.493,8.521,771259
2012-11-10,8.521,8.634,8.465,8.634,434210
2012-11-11,8.634,8.662,8.493,8.578,638614
2012-11-12,8.549,8.662,8.521,8.549,815964
2012-11-13,8.549,8.578,8.521,8.578,155525
2012-11-14,8.549,8.578,8.437,8.465,436326
2012-11-17,8.38,8.408,8.38,8.408,97122
2012-11-18,8.408,8.493,8.154,8.183,771099
2012-11-19,8.183,8.183,7.816,7.985,725884
2012-11-20,8.013,8.07,7.872,7.957,345243
2012-11-21,7.957,7.957,7.618,7.675,1239063
2012-11-24,7.731,7.759,7.618,7.618,861392
2012-11-25,7.618,7.618,7.252,7.28,750852
2012-11-26,7.336,7.477,7.195,7.449,459454
2012-11-27,7.393,7.59,7.252,7.308,630190
2012-11-28,7.336,7.364,7.195,7.252,1125021
2012-12-01,7.364,7.477,7.336,7.477,947548
2012-12-02,7.505,7.534,7.449,7.505,407278
2012-12-03,7.477,7.534,7.477,7.534,500509
2012-12-04,7.505,7.562,7.336,7.477,849200
2012-12-05,7.449,7.505,7.421,7.449,501657
2012-12-08,7.477,7.562,7.449,7.505,661669
2012-12-09,7.505,7.534,7.449,7.477,563962
2012-12-10,7.449,7.449,7.364,7.449,308994
2012-12-11,7.393,7.505,7.393,7.477,217525
2012-12-12,7.505,7.505,7.421,7.477,281527
2012-12-15,7.534,7.703,7.505,7.618,680466
2012-12-16,7.647,7.647,7.59,7.618,614919
2012-12-17,7.618,7.703,7.618,7.675,775111
2012-12-18,7.703,7.703,7.618,7.675,358615
2012-12-19,7.675,7.703,7.618,7.675,216221
2012-12-22,7.675,7.703,7.618,7.703,296012
2012-12-23,7.703,7.703,7.647,7.703,117153
2012-12-24,7.675,7.844,7.675,7.759,1059686
2012-12-25,7.759,7.788,7.703,7.703,400506
2012-12-26,7.675,7.703,7.534,7.703,1292266
2012-12-29,7.703,7.759,7.675,7.759,982840
2012-12-30,7.759,7.788,7.647,7.788,1125078
2012-12-31,7.759,7.759,7.618,7.703,770497
2013-01-01,7.731,7.759,7.675,7.731,644891
2013-01-02,7.675,7.788,7.675,7.731,1635429
2013-01-05,7.788,7.901,7.788,7.872,1675207
2013-01-06,7.872,8.07,7.788,7.957,1836587
2013-01-07,8.013,8.013,7.872,7.985,1262648
2013-01-08,7.957,7.985,7.816,7.844,996949
2013-01-09,7.872,7.985,7.816,7.985,892707
2013-01-12,8.013,8.098,7.957,8.042,1173703
2013-01-13,8.042,8.07,7.957,8.013,603567
2013-01-14,8.013,8.07,7.985,8.042,594019
2013-01-15,8.013,8.013,7.816,7.901,486953
2013-01-16,7.872,7.929,7.816,7.816,683132
2013-01-19,7.731,7.731,7.675,7.731,1243585
2013-01-20,7.703,7.703,7.618,7.675,836445
2013-01-21,7.618,7.647,7.534,7.562,853325
2013-01-22,7.59,7.675,7.562,7.59,657894
2013-01-23,7.59,7.59,7.477,7.477,799746
2013-01-26,7.505,7.534,7.449,7.449,933875
2013-01-27,7.534,7.534,7.28,7.364,694154
2013-01-28,7.393,7.477,7.336,7.393,1211323
2013-01-29,7.393,7.449,7.28,7.393,2942541
2013-01-30,7.393,7.421,7.336,7.364,1195198
2013-02-02,7.393,7.421,7.308,7.336,1827844
2013-02-03,7.336,7.364,7.28,7.336,1548326
2013-02-04,7.336,7.364,7.336,7.336,849005
2013-02-05,7.308,7.364,7.223,7.308,1307573
2013-02-06,7.336,7.336,7.223,7.252,1313715
2013-02-09,7.28,7.308,7.223,7.252,959002
2013-02-10,7.252,7.28,7.223,7.252,755066
2013-02-11,7.28,7.308,7.195,7.28,1386068
2013-02-12,7.28,7.336,7.252,7.28,828853
2013-02-13,7.308,7.336,7.195,7.223,1746879
2013-02-16,7.252,7.28,7.195,7.252,1095793
2013-02-17,7.308,7.308,7.195,7.195,2293688
2013-02-18,7.223,7.252,7.195,7.223,1509270
2013-02-19,7.308,7.364,7.252,7.308,2557048
2013-02-20,7.336,7.364,7.28,7.308,1330925
2013-02-23,7.336,7.336,7.28,7.28,831636
2013-02-24,7.308,7.308,7.223,7.252,951964
2013-02-25,7.252,7.28,7.195,7.223,1181773
2013-02-26,7.223,7.252,7.167,7.195,849016
2013-02-27,7.195,7.223,7.167,7.223,796655
2013-03-02,7.252,7.252,7.195,7.223,718211
2013-03-03,7.223,7.223,7.054,7.11,1638643
2013-03-04,7.11,7.11,6.998,7.012,1213499
2013-03-05,7.012,7.026,6.969,6.998,2856735
2013-03-06,6.998,7.026,6.983,6.998,904661
2013-03-09,7.026,7.082,6.927,6.969,1642737
2013-03-10,6.955,7.012,6.941,6.998,1156060
2013-03-11,6.983,7.012,6.983,6.998,777751
2013-03-12,6.998,6.998,6.941,6.941,881051
2013-03-13,6.941,6.983,6.927,6.983,751865
2013-03-16,6.983,7.026,6.969,7.012,944358
2013-03-17,7.012,7.04,6.998,7.04,1169794
2013-03-18,7.04,7.04,6.941,6.969,998841
2013-03-19,6.998,7.012,6.983,6.983,836048
2013-03-20,6.983,7.012,6.969,6.983,775887
2013-03-23,7.012,7.026,6.998,7.026,951691
2013-03-24,7.012,7.167,6.998,7.139,2326208
2013-03-25,7.139,7.534,7.139,7.449,4817440
2013-03-26,7.449,7.562,7.336,7.421,3859401
2013-03-27,7.393,7.703,7.364,7.647,8359578
2013-03-30,7.675,7.675,7.477,7.618,3472955
2013-03-31,7.618,7.759,7.534,7.647,6569263
2013-04-01,7.731,8.013,7.675,7.703,9528709
2013-04-02,7.731,7.816,7.534,7.759,4712063
2013-04-03,7.759,8.154,7.703,8.013,7624258
2013-04-06,7.985,8.324,7.872,7.985,11450504
2013-04-07,7.872,7.957,7.759,7.901,3841858
2013-04-08,7.901,8.042,7.816,7.929,6516364
2013-04-09,7.929,7.929,7.731,7.731,5157614
2013-04-10,7.759,7.759,7.449,7.505,8038988
2013-04-13,7.534,7.618,7.505,7.534,4421368
2013-04-14,7.562,7.647,7.505,7.534,4827586
2013-04-15,7.562,7.562,7.393,7.393,2682604
2013-04-16,7.28,7.393,7.28,7.393,1740599
2013-04-17,7.336,7.421,7.195,7.252,2175504
2013-04-20,7.252,7.364,7.223,7.28,4300536
2013-04-21,7.28,7.336,7.252,7.336,1883691
2013-04-22,7.336,7.449,7.308,7.364,5158699
2013-04-23,7.364,7.393,7.308,7.308,2989819
2013-04-24,7.336,7.336,7.223,7.252,3602009
2013-04-27,7.28,7.364,7.252,7.308,4094083
2013-04-28,7.223,7.223,7.167,7.223,3240952
2013-04-29,7.223,7.223,7.167,7.195,1469644
2013-04-30,7.195,7.223,7.167,7.195,1874438
2013-05-01,7.167,7.195,7.082,7.139,2385143
2013-05-04,7.195,7.223,7.139,7.195,2425372
2013-05-05,7.195,7.28,7.167,7.252,2892818
2013-05-06,7.28,7.421,7.28,7.393,10469240
2013-05-07,7.364,7.364,7.28,7.308,3397586
2013-05-08,7.28,7.364,7.28,7.28,1431453
2013-05-11,7.28,7.336,7.28,7.28,1107404
2013-05-12,7.308,7.308,7.252,7.28,1226049
2013-05-13,7.223,7.252,7.11,7.167,2042594
2013-05-14,7.139,7.167,7.026,7.054,1876390
2013-05-15,7.054,7.082,6.941,6.983,2326800
2013-05-18,7.012,7.139,7.012,7.11,3616171
2013-05-19,7.139,7.195,7.082,7.167,2019008
2013-05-20,7.167,7.223,7.167,7.195,1997144
2013-05-21,7.195,7.28,7.195,7.195,1765199
2013-05-22,7.223,7.223,7.167,7.223,1465536
2013-05-25,7.195,7.223,7.167,7.195,973817
2013-05-26,7.195,7.252,7.167,7.223,1087061
2013-05-27,7.252,7.28,7.195,7.252,1637406
2013-05-28,7.252,7.308,7.252,7.28,854725
2013-05-29,7.308,7.59,7.308,7.477,9901458
2013-06-01,7.505,7.505,7.393,7.505,2353969
2013-06-02,7.505,7.505,7.421,7.449,1765603
2013-06-03,7.449,7.449,7.364,7.364,2143968
2013-06-04,7.393,7.505,7.364,7.505,4608236
2013-06-05,7.477,7.505,7.421,7.477,1519151
2013-06-08,7.477,7.59,7.449,7.505,3864933
2013-06-09,7.534,7.534,7.421,7.449,1791893
2013-06-10,7.449,7.562,7.421,7.562,4924063
2013-06-11,7.647,7.703,7.534,7.534,4950964
2013-06-12,7.534,7.534,7.477,7.505,1200950
2013-06-15,7.421,7.421,7.012,7.054,2531442
2013-06-16,7.054,7.139,7.026,7.082,2336167
2013-06-17,7.11,7.308,7.11,7.308,1685584
2013-06-18,7.308,7.336,7.223,7.252,1586733
2013-06-19,7.252,7.364,7.252,7.28,3064900
2013-06-22,7.195,7.393,7.139,7.364,2578306
2013-06-23,7.364,7.618,7.336,7.562,9538002
2013-06-24,7.562,7.59,7.421,7.59,4240914
2013-06-25,7.59,7.59,7.505,7.534,4118601
2013-06-26,7.562,7.675,7.534,7.562,4920105
2013-06-30,7.534,7.562,7.449,7.477,1793913
2013-07-01,7.449,7.534,7.449,7.505,1265987
2013-07-02,7.534,7.562,7.477,7.534,1424542
2013-07-03,7.477,7.505,7.449,7.505,1696270
2013-07-04,7.505,7.562,7.505,7.534,2228725
2013-07-07,7.505,7.618,7.505,7.59,2001617
2013-07-08,7.59,7.618,7.534,7.562,1486397
2013-07-09,7.59,7.647,7.534,7.647,3071092
2013-07-10,7.675,7.731,7.618,7.647,3386451
2013-07-11,7.647,7.703,7.618,7.703,1645030
2013-07-14,7.759,7.816,7.703,7.788,4107706
2013-07-15,7.816,7.816,7.731,7.788,2480308
2013-07-16,7.788,7.929,7.731,7.872,5177423
2013-07-17,7.872,7.901,7.788,7.816,2269631
2013-07-18,7.816,7.816,7.675,7.759,1768576
2013-07-21,7.759,7.844,7.675,7.844,1691641
2013-07-22,7.816,7.901,7.788,7.816,2682778
2013-07-23,7.816,7.901,7.759,7.872,2957933
2013-07-24,7.872,7.957,7.816,7.872,2423582
2013-07-25,7.844,7.872,7.816,7.844,1795199
2013-07-28,7.844,7.872,7.816,7.844,862373
2013-07-29,7.844,7.844,7.788,7.816,869919
2013-07-30,7.816,7.901,7.788,7.901,2072743
2013-07-31,7.929,8.042,7.872,7.901,4424146
2013-08-01,7.901,7.929,7.844,7.872,1097480
2013-08-04,7.872,8.013,7.872,7.929,2440069
2013-08-05,7.901,8.013,7.901,7.901,2830711
2013-08-13,7.985,8.013,7.929,7.985,1412329
2013-08-14,7.985,7.985,7.872,7.901,1255748
2013-08-15,7.901,7.985,7.901,7.985,1980728
2013-08-18,8.013,8.013,7.929,7.957,1476778
2013-08-19,7.929,7.985,7.901,7.985,1258757
2013-08-20,7.957,8.098,7.929,8.013,2941156
2013-08-21,8.013,8.098,7.985,8.042,2123994
2013-08-22,8.013,8.07,7.957,7.985,2118852
2013-08-25,7.985,8.013,7.872,7.929,1853673
2013-08-26,7.901,7.957,7.759,7.816,1818059
2013-08-27,7.731,7.731,7.308,7.336,4102762
2013-08-28,7.195,7.364,7.167,7.364,5089281
2013-08-29,7.421,7.421,7.28,7.308,2363053
2013-09-01,7.393,7.477,7.364,7.449,2152237
2013-09-02,7.477,7.477,7.364,7.449,2365076
2013-09-03,7.449,7.477,7.308,7.393,1797942
2013-09-04,7.364,7.393,7.223,7.252,1218057
2013-09-05,7.252,7.308,7.167,7.252,1317202
2013-09-08,7.28,7.336,7.195,7.195,1261734
2013-09-09,7.223,7.308,7.167,7.28,770128
2013-09-10,7.449,7.534,7.364,7.421,2759362
2013-09-11,7.477,7.534,7.393,7.505,2096584
2013-09-12,7.534,7.59,7.505,7.534,1875955
2013-09-15,7.618,7.675,7.562,7.675,2654950
2013-09-16,7.675,7.731,7.647,7.731,2105572
2013-09-17,7.703,7.731,7.618,7.618,2200854
2013-09-18,7.647,7.788,7.618,7.788,3440566
2013-09-19,7.844,7.957,7.816,7.844,7377472
2013-09-24,7.872,8.042,7.816,7.929,6042834
2013-09-25,7.957,7.957,7.901,7.929,2098246
2013-09-26,7.929,7.957,7.788,7.788,2212770
2013-09-29,7.816,8.098,7.759,7.929,5945250
2013-09-30,7.929,8.183,7.901,8.154,7064066
2013-10-01,8.183,8.267,8.07,8.183,4083678
2013-10-02,8.154,8.267,8.126,8.183,1878389
2013-10-03,8.154,8.267,8.126,8.239,2284254
2013-10-06,8.239,8.267,7.929,8.098,2900998
2013-10-07,8.07,8.07,7.901,7.901,3613874
2013-10-08,7.901,7.957,7.844,7.929,1033049
2013-10-09,7.901,7.957,7.872,7.901,767523
2013-10-10,7.929,7.929,7.872,7.929,927875
2013-10-20,8.013,8.098,8.013,8.098,1501647
2013-10-21,8.098,8.098,8.042,8.07,847105
2013-10-22,8.07,8.183,8.07,8.098,1361840
2013-10-23,8.126,8.183,8.042,8.042,1497486
2013-10-24,8.013,8.098,7.985,8.07,1344340
2013-10-27,8.098,8.126,8.042,8.126,1444116
2013-10-28,8.07,8.098,7.985,8.042,985597
2013-10-29,8.042,8.042,7.901,7.985,1258335
2013-10-30,7.985,8.013,7.929,7.985,771850
2013-10-31,7.985,7.985,7.901,7.957,782738
2013-11-03,7.957,8.042,7.929,8.013,1293025
2013-11-04,7.985,8.098,7.957,8.042,1875434
2013-11-05,8.098,8.239,8.042,8.183,3420442
2013-11-06,8.183,8.211,8.098,8.154,1053481
2013-11-07,8.126,8.154,8.042,8.126,1272852
2013-11-10,8.098,8.126,8.042,8.126,1332605
2013-11-11,8.07,8.098,8.042,8.07,788235
2013-11-12,8.07,8.098,8.013,8.042,1238538
2013-11-13,8.07,8.07,7.985,8.013,715315
2013-11-14,7.985,8.098,7.985,8.098,1262106
2013-11-17,8.126,8.324,8.126,8.239,7344118
2013-11-18,8.239,8.296,8.211,8.211,1549620
2013-11-19,8.211,8.211,8.183,8.183,861299
2013-11-20,8.211,8.38,8.211,8.352,2493258
2013-11-21,8.352,8.578,8.324,8.493,5151246
2013-11-24,8.493,8.606,8.465,8.493,1290441
2013-11-25,8.493,8.493,8.38,8.408,768175
2013-11-26,8.408,8.437,8.38,8.38,817466
2013-11-27,8.352,8.437,8.324,8.408,341589
2013-11-28,8.408,8.634,8.38,8.493,5249934
2013-12-01,8.521,8.691,8.493,8.578,2855956
2013-12-02,8.549,8.662,8.521,8.634,2756130
2013-12-03,8.634,8.747,8.493,8.493,3656546
2013-12-04,8.521,8.578,8.493,8.578,1426569
2013-12-05,8.549,8.606,8.521,8.549,1436815
2013-12-08,8.549,8.634,8.521,8.578,2346498
2013-12-09,8.549,8.606,8.549,8.606,1084523
2013-12-10,8.606,8.606,8.521,8.578,2255373
2013-12-11,8.606,8.606,8.549,8.578,1766956
2013-12-12,8.521,8.549,8.465,8.549,1447557
2013-12-15,8.493,8.578,8.493,8.549,863738
2013-12-16,8.521,8.549,8.493,8.521,756338
2013-12-17,8.493,8.578,8.493,8.578,1144216
2013-12-18,8.549,8.578,8.493,8.521,841839
2013-12-19,8.493,8.578,8.465,8.521,2713832
2013-12-22,8.521,8.549,8.465,8.521,1137000
2013-12-23,8.493,8.521,8.437,8.493,1168762
2013-12-24,8.465,8.549,8.465,8.493,562704
2013-12-25,8.493,8.578,8.465,8.493,1280957
2013-12-26,8.493,8.606,8.465,8.606,2058425
2013-12-29,8.578,8.634,8.549,8.634,1609355
2013-12-30,8.606,8.634,8.465,8.549,2000469
2013-12-31,8.521,8.549,8.493,8.521,1000004
2014-01-01,8.493,8.521,8.465,8.521,1624311
2014-01-02,8.521,8.521,8.493,8.493,556760
2014-01-05,8.493,8.521,8.465,8.493,1449811
2014-01-06,8.465,8.521,8.465,8.493,2723840
2014-01-07,8.521,8.691,8.493,8.493,10094776
2014-01-08,8.521,8.521,8.465,8.521,1788540
2014-01-09,8.521,8.86,8.521,8.775,10425307
2014-01-12,8.832,9.057,8.803,9.029,9386897
2014-01-13,9.001,9.086,8.916,8.973,2912370
2014-01-14,8.973,9.396,8.888,9.255,6883973
2014-01-15,9.255,9.452,9.255,9.283,3829829
2014-01-16,9.34,9.565,9.255,9.509,3500843
2014-01-19,9.537,9.706,9.424,9.509,3243217
2014-01-20,9.452,9.622,9.368,9.509,1716088
2014-01-21,9.481,9.593,9.424,9.509,2171697
2014-01-22,9.509,9.537,9.34,9.396,945617
2014-01-23,9.255,9.509,9.255,9.34,765886
2014-01-26,9.255,9.255,8.747,9.057,1687470
2014-01-27,9.057,9.142,8.916,8.916,814433
2014-01-28,8.888,9.086,8.888,8.944,1034732
2014-01-29,9.029,9.114,9.001,9.029,947013
2014-01-30,9.001,9.311,8.973,9.17,880367
2014-02-02,9.198,9.34,9.17,9.198,2209520
2014-02-03,9.227,9.311,9.198,9.198,568980
2014-02-04,9.17,9.424,9.142,9.311,1240590
2014-02-05,9.311,9.481,9.255,9.311,1375322
2014-02-06,9.34,9.396,9.283,9.34,1111550
2014-02-09,9.396,9.481,9.311,9.481,1664483
2014-02-10,9.452,9.678,9.452,9.622,3242112
2014-02-11,9.622,9.763,9.537,9.65,1676990
2014-02-12,9.65,9.791,9.65,9.678,1621837
2014-02-13,9.791,9.847,9.424,9.424,3285842
2014-02-16,9.452,9.452,9.34,9.396,1419552
2014-02-17,9.424,9.481,9.311,9.34,809942
2014-02-18,9.368,9.424,9.311,9.396,610244
2014-02-19,9.368,9.481,9.255,9.424,2376282
2014-02-20,9.481,9.622,9.452,9.593,2386865
2014-02-23,9.65,9.65,9.537,9.565,1145517
2014-02-24,9.537,9.593,9.481,9.509,1210632
2014-02-25,9.509,9.593,9.452,9.509,1287287
2014-02-26,9.565,9.593,9.424,9.452,2032745
2014-02-27,9.452,9.537,9.424,9.481,2015021
2014-03-02,9.481,9.481,9.368,9.424,1061242
2014-03-03,9.424,9.735,9.368,9.65,2537708
2014-03-04,9.593,9.735,9.593,9.706,1034835
2014-03-05,9.65,9.706,9.509,9.706,1192610
2014-03-06,9.735,9.791,9.706,9.763,1098930
2014-03-09,9.735,9.791,9.678,9.763,1222926
2014-03-10,9.735,9.876,9.706,9.819,1978396
2014-03-11,9.791,9.96,9.791,9.904,1743800
2014-03-12,9.904,9.96,9.791,9.96,1095932
2014-03-13,9.988,10.44,9.988,10.186,2461900
2014-03-16,10.271,10.609,10.158,10.553,2332006
2014-03-17,10.553,10.637,10.384,10.581,1747262
2014-03-18,10.609,10.666,10.44,10.553,1350981
2014-03-19,10.525,10.694,10.384,10.525,1091962
2014-03-20,11.018,11.018,10.491,10.623,1346765
2014-03-23,10.623,11.347,10.557,11.215,1600110
2014-03-24,11.215,11.544,11.215,11.248,2060795
2014-03-25,11.412,11.412,11.182,11.182,627782
2014-03-26,11.182,11.248,11.083,11.149,516910
2014-03-27,11.083,11.248,11.018,11.182,982302
2014-03-30,11.116,11.412,11.116,11.116,1332009
2014-03-31,11.116,11.281,11.051,11.248,1273356
2014-04-01,11.215,11.281,11.182,11.248,368026
2014-04-02,11.248,11.379,11.182,11.379,716529
2014-04-03,11.314,11.478,11.215,11.347,631892
2014-04-06,11.248,11.314,11.182,11.215,483689
2014-04-07,11.215,11.215,10.919,11.149,538277
2014-04-08,11.149,11.511,11.149,11.347,2294872
2014-04-09,11.379,11.478,11.083,11.281,2258316
2014-04-10,11.248,11.347,11.182,11.281,1234370
2014-04-13,11.215,11.379,11.116,11.297,810024
2014-04-14,11.248,11.511,11.248,11.498,1113237
2014-04-15,11.511,11.708,11.511,11.616,1234118
2014-04-16,11.643,12.169,11.577,11.84,3879448
2014-04-17,11.84,11.939,11.774,11.876,854185
2014-04-20,11.84,12.103,11.84,11.994,1365887
2014-04-21,12.004,12.037,11.84,11.896,1592241
2014-04-22,11.906,12.267,11.873,12.014,2085885
2014-04-23,12.103,12.136,11.906,11.955,739443
2014-04-24,11.971,12.037,11.84,11.883,1005030
2014-04-27,11.873,12.004,11.873,11.945,841347
2014-04-28,12.004,12.037,11.939,11.939,1607259
2014-04-29,11.939,12.07,11.873,11.939,861616
2014-04-30,12.004,12.037,11.84,11.945,1073677
2014-05-01,11.971,11.971,11.84,11.846,1906225
2014-05-04,11.873,11.939,11.873,11.929,1051158
2014-05-05,11.906,11.939,11.84,11.873,484723
2014-05-06,11.873,12.004,11.84,11.965,657497
2014-05-07,11.971,11.971,11.906,11.939,317130
2014-05-08,11.906,12.103,11.906,12.018,1032574
2014-05-11,12.136,12.136,11.971,12.004,471247
2014-05-12,11.971,12.235,11.971,12.116,1105116
2014-05-13,12.235,13.32,12.235,13.32,3014913
2014-05-14,14.307,14.635,14.043,14.609,14416165
2014-05-15,14.734,15.26,14.307,14.399,13257638
2014-05-18,14.307,14.339,13.912,14.053,3252202
2014-05-19,14.011,14.011,13.155,13.514,5418620
2014-05-20,13.616,14.339,13.419,13.912,6439972
2014-05-21,13.912,14.208,13.747,14.086,4611978
2014-05-22,14.142,14.208,13.912,13.932,2818645
2014-05-25,13.78,13.879,13.353,13.639,1474967
2014-05-26,13.78,14.372,13.715,14.113,5180642
2014-05-27,14.142,14.241,13.978,14.024,2111867
2014-05-28,13.945,14.537,13.945,14.126,4235036
2014-05-29,14.109,14.405,13.945,14.083,2517852
2014-06-01,14.142,14.274,14.011,14.037,773543
2014-06-02,14.043,14.076,13.846,14.066,768556
2014-06-03,14.076,14.57,14.076,14.524,3677397
2014-06-04,14.603,15.951,14.537,15.951,3327556
2014-06-05,16.855,17.431,16.444,16.717,14011712
2014-06-08,16.773,17.02,16.017,16.201,6778678
2014-06-09,16.28,17.02,15.885,16.148,6836275
2014-06-10,16.115,16.609,15.622,16.379,5738204
2014-06-11,16.691,17.267,16.313,16.408,9479110
2014-06-12,16.379,16.527,16.181,16.247,2436474
2014-06-15,16.115,16.181,15.787,16.017,2089057
2014-06-16,16.05,16.083,15.063,15.273,2269292
2014-06-17,15.129,15.227,14.537,14.997,5886470
2014-06-18,14.997,15.096,14.8,14.836,2548638
2014-06-19,14.899,14.899,14.339,14.409,3402306
2014-06-22,14.339,14.471,13.912,13.935,2058694
2014-06-23,13.813,13.813,13.188,13.323,2681410
2014-06-24,13.32,13.912,12.958,13.767,3842439
2014-06-25,14.076,14.372,13.945,14.066,6666088
2014-06-26,14.043,14.57,13.945,14.06,5818621
2014-06-29,13.978,14.142,13.715,13.895,1606879
2014-06-30,13.912,13.945,13.419,13.629,3279141
2014-07-01,13.616,14.076,13.616,13.886,3912171
2014-07-02,13.945,14.043,13.912,13.948,1477056
2014-07-03,14.011,14.011,13.747,13.774,1407181
2014-07-06,13.813,13.978,13.715,13.787,1676584
2014-07-07,13.78,13.813,13.715,13.78,535911
2014-07-08,13.813,13.912,13.715,13.817,911843
2014-07-09,13.846,13.879,13.715,13.741,619551
2014-07-10,13.747,13.978,13.747,13.813,2515681
2014-07-13,13.846,13.879,13.78,13.863,1239445
2014-07-14,13.912,14.011,13.813,13.997,1346099
2014-07-15,14.142,14.471,14.142,14.201,5991279
2014-07-16,14.241,14.241,13.945,13.961,1897769
2014-07-17,13.945,14.043,13.879,13.988,968273
2014-07-20,13.912,13.978,13.813,13.823,770381
2014-07-21,13.846,13.879,13.715,13.79,938685
2014-07-22,13.879,13.945,13.813,13.882,1042706
2014-07-23,13.912,13.978,13.846,13.912,1033465
2014-07-24,13.945,13.978,13.813,13.826,1332374
2014-08-03,13.879,14.076,13.78,14.011,2257109
2014-08-04,14.043,14.274,13.879,14.178,2381142
2014-08-05,14.208,14.372,14.011,14.083,2836782
2014-08-06,14.011,14.274,14.011,14.106,1239491
2014-08-07,14.142,14.899,14.109,14.441,6818826
2014-08-10,14.537,14.734,14.405,14.688,3821845
2014-08-11,14.701,14.964,14.635,14.724,3098277
2014-08-12,14.734,14.734,14.57,14.603,1526830
2014-08-13,14.603,14.734,14.504,14.589,2789216
2014-08-14,14.701,14.931,14.57,14.606,3887673
2014-08-17,14.635,14.701,14.537,14.593,972557
2014-08-18,14.57,14.635,14.537,14.56,1392440
2014-08-19,14.668,14.833,14.603,14.705,3820902
2014-08-20,14.734,14.964,14.701,14.81,4645819
2014-08-21,14.833,14.899,14.635,14.675,1429617
2014-08-24,14.767,14.833,14.701,14.76,1361098
2014-08-25,14.8,15.918,14.471,15.267,16950022
2014-08-26,15.359,15.885,15.03,15.635,6682384
2014-08-27,15.754,16.083,15.458,15.468,3768915
2014-08-28,15.523,15.523,15.162,15.3,1649146
2014-08-31,15.359,15.984,15.326,15.935,5956696
2014-09-01,16.181,16.411,16.017,16.037,12531881
2014-09-02,16.05,16.214,15.819,16.073,4041124
2014-09-03,16.083,16.247,15.951,16.027,3905777
2014-09-04,16.05,16.148,15.918,16.043,2008248
2014-09-07,16.05,16.083,15.951,15.954,1851939
2014-09-08,15.951,15.951,15.754,15.816,3394564
2014-09-09,15.852,15.885,15.589,15.75,1280587
2014-09-10,15.754,15.754,15.655,15.675,837097
2014-09-11,15.721,16.083,15.688,15.813,3898248
2014-09-14,15.819,15.819,15.655,15.717,1205105
2014-09-15,15.655,15.721,15.425,15.504,1189814
2014-09-16,15.458,15.523,15.26,15.398,1052372
2014-09-17,15.425,15.458,15.326,15.385,624206
2014-09-18,15.425,15.425,15.26,15.297,903767
2014-09-21,15.293,15.392,15.063,15.076,812946
2014-09-22,14.997,15.096,14.8,14.978,812690
2014-09-24,14.997,14.997,14.372,14.553,1014477
2014-09-25,14.537,14.767,14.471,14.573,638852
2014-09-28,14.603,15.03,14.603,14.734,1903607
2014-09-29,14.8,15.03,14.603,14.948,1164702
2014-09-30,14.997,15.063,14.899,14.899,986738
2014-10-01,14.866,14.899,14.767,14.78,295719
2014-10-02,14.734,14.734,14.603,14.652,346946
2014-10-12,14.208,14.208,13.188,13.241,1184335
2014-10-13,13.188,13.813,12.925,13.511,2216930
2014-10-14,13.649,13.813,13.386,13.724,1914805
2014-10-15,13.616,13.649,13.287,13.287,714851
2014-10-16,12.958,12.991,11.971,12.021,1967328
2014-10-19,12.498,12.596,12.235,12.531,1682102
2014-10-20,12.991,13.09,12.629,12.863,1518781
2014-10-21,12.958,13.419,12.892,13.353,1696651
2014-10-22,13.451,13.484,13.057,13.29,2342706
2014-10-23,13.221,13.221,13.057,13.136,823317
2014-10-26,13.221,13.353,13.155,13.261,796487
2014-10-27,13.287,13.32,13.09,13.103,959090
2014-10-28,13.09,13.221,13.057,13.155,1008253
2014-10-29,13.155,13.451,13.057,13.126,2505264
2014-10-30,13.123,13.123,12.662,12.988,930421
2014-11-02,13.057,13.188,13.024,13.152,916434
2014-11-03,13.155,13.287,13.057,13.218,1282311
2014-11-04,13.09,13.254,12.563,12.619,1084848
2014-11-05,12.596,12.728,12.202,12.577,1237745
2014-11-06,12.662,12.662,12.399,12.586,682831
2014-11-09,12.596,13.09,12.596,12.932,1317074
2014-11-10,12.991,13.024,12.827,12.935,617815
2014-11-11,12.859,13.024,12.596,12.823,839690
2014-11-12,12.794,12.958,12.794,12.869,559734
2014-11-13,12.827,12.958,12.761,12.836,474881
2014-11-16,12.827,12.827,12.267,12.363,1140250
2014-11-17,12.333,12.432,11.675,11.814,2300467
2014-11-18,11.873,12.004,11.84,11.981,677774
2014-11-19,12.004,12.202,11.971,12.166,626203
2014-11-20,12.136,12.169,12.037,12.067,432891
2014-11-23,12.169,12.366,12.136,12.314,694659
2014-11-24,12.333,12.399,12.169,12.225,1020981
2014-11-25,11.939,12.037,11.873,11.893,623516
2014-11-26,11.873,11.873,11.511,11.81,703638
2014-11-27,11.807,11.971,11.708,11.856,495417
2014-11-30,11.511,11.511,11.116,11.185,1093924
2014-12-01,11.018,11.511,11.018,11.291,859466
2014-12-02,11.445,11.478,10.853,10.926,2607515
2014-12-03,10.952,11.051,10.853,10.968,1398354
2014-12-04,11.051,11.215,11.051,11.097,1684462
2014-12-07,11.182,11.708,11.051,11.603,2704092
2014-12-08,11.675,11.774,11.478,11.511,1265342
2014-12-09,11.182,11.445,11.149,11.281,1003902
2014-12-10,11.412,11.807,11.149,11.314,837373
2014-12-11,11.051,11.379,10.919,11.317,762408
2014-12-14,11.116,11.116,10.689,10.705,720807
2014-12-15,11.018,11.018,9.636,9.719,546395
2014-12-16,9.472,9.472,8.748,8.768,1195910
2014-12-17,8.584,9.209,7.959,8.992,2355997
2014-12-18,9.242,9.867,9.242,9.837,1027412
2014-12-21,10.459,10.459,9.834,9.876,1671840
2014-12-22,9.932,10.031,9.571,9.837,1414697
2014-12-23,9.669,10.261,9.669,10.087,1515038
2014-12-24,10.228,10.491,10.097,10.156,2587976
2014-12-25,10.13,10.327,9.932,10.123,1549302
2014-12-28,10.327,10.787,10.294,10.61,3519349
2014-12-29,10.755,11.149,10.656,10.768,2423078
2014-12-30,10.524,10.524,10.163,10.281,1045974
2014-12-31,10.327,10.524,9.275,10.067,2178641
2015-01-01,10.031,10.327,9.932,10.265,986267
2015-01-04,10.36,10.491,10.228,10.367,480542
2015-01-05,10.031,10.261,10.031,10.097,303512
2015-01-06,9.867,10.59,9.669,10.38,690481
2015-01-07,10.097,10.886,10.097,10.725,1123676
2015-01-08,11.018,11.182,10.722,10.771,930491
2015-01-11,10.853,10.919,10.755,10.853,581635
2015-01-12,10.853,10.985,10.755,10.771,973703
2015-01-13,10.36,10.689,10.36,10.587,1377441
2015-01-14,10.623,10.722,10.426,10.659,896020
2015-01-15,10.755,10.82,10.59,10.745,1017083
2015-01-18,10.853,10.985,10.755,10.791,1375431
2015-01-19,10.82,11.018,10.82,10.847,1170704
2015-01-20,10.787,10.952,10.722,10.883,773960
2015-01-21,10.853,11.083,10.722,10.781,1655053
2015-01-22,10.689,10.919,10.689,10.82,441979
2015-01-26,10.853,10.952,10.853,10.916,420157
2015-01-27,10.952,11.412,10.952,11.307,1424071
2015-01-28,11.511,11.741,11.445,11.62,1852574
2015-01-29,11.643,12.169,11.347,12.07,2410632
2015-02-01,12.3,12.563,12.3,12.383,4969516
2015-02-02,12.3,13.09,12.202,12.889,7248490
2015-02-03,13.057,13.32,12.827,13.202,6451780
2015-02-04,13.221,13.32,12.794,12.856,6349390
2015-02-05,12.794,12.925,12.695,12.869,2348988
2015-02-08,12.991,13.386,12.991,13.244,8008338
2015-02-09,13.353,13.386,12.892,13.086,4048473
2015-02-10,13.057,13.188,12.958,13.149,3798968
2015-02-11,13.123,13.254,12.531,12.623,3269922
2015-02-12,12.531,13.254,12.498,13.106,10497889
2015-02-15,13.419,13.682,13.188,13.514,35748160
2015-02-16,13.583,13.616,12.827,12.935,13703966
2015-02-17,12.892,12.925,12.037,12.228,9212307
2015-02-18,12.3,12.366,11.906,12.267,9875160
2015-02-19,12.235,12.662,12.169,12.56,8100178
2015-02-22,12.662,12.958,12.662,12.863,5973252
2015-02-23,12.958,13.221,12.136,12.287,14343022
2015-02-24,12.267,12.662,12.136,12.57,9080100
2015-02-25,12.563,12.629,12.3,12.314,3647980
2015-02-26,12.399,12.432,12.202,12.254,1559944
2015-03-01,12.333,12.333,12.136,12.159,1678472
2015-03-02,12.169,12.169,12.037,12.067,1515349
2015-03-03,12.103,12.465,12.103,12.346,4566918
2015-03-04,12.465,12.498,12.366,12.366,2490353
2015-03-05,12.366,12.432,12.366,12.422,1072588
2015-03-08,12.432,12.498,12.333,12.468,1494089
2015-03-09,12.498,12.761,12.465,12.725,2787939
2015-03-10,12.695,12.958,12.695,12.85,2314305
2015-03-11,12.761,12.892,12.629,12.827,1073446
2015-03-12,12.827,12.859,12.728,12.82,1225306
2015-03-15,12.827,13.024,12.728,12.856,1942404
2015-03-16,12.827,13.057,12.465,12.662,3719843
2015-03-17,12.596,12.991,12.596,12.718,4477922
2015-03-18,12.988,13.024,11.794,12.449,2153084
2015-03-19,12.554,12.879,12.517,12.796,2039580
2015-03-22,12.771,12.952,12.734,12.771,1157456
2015-03-23,12.771,13.132,12.771,13.024,3322252
2015-03-24,12.988,13.205,12.988,13.107,1564830
2015-03-25,13.132,13.675,12.3,12.796,4092017
2015-03-26,11.975,13.241,11.975,13.075,1639495
2015-03-29,13.494,13.494,13.205,13.328,1229100
2015-03-30,13.386,13.422,12.771,13.013,1080952
2015-03-31,12.843,13.313,12.734,12.886,1968943
2015-04-01,12.879,13.024,12.734,12.843,623282
2015-04-02,12.915,12.915,11.939,12.293,563728
2015-04-05,12.264,12.409,12.011,12.264,403847
2015-04-06,12.3,12.3,12.156,12.264,2401653
2015-04-07,12.264,12.373,12.192,12.253,4419350
2015-04-08,12.373,12.373,12.156,12.192,1453462
2015-04-09,12.156,12.373,12.119,12.192,1159026
2015-04-12,12.264,12.517,12.228,12.268,1433110
2015-04-13,12.228,12.373,12.228,12.333,1049778
2015-04-14,12.337,12.59,12.264,12.536,1870664
2015-04-15,12.59,12.771,12.59,12.706,1446596
2015-04-16,12.771,13.205,12.734,12.872,5067172
2015-04-19,13.205,13.277,12.952,13.161,3736044
2015-04-20,13.205,13.205,12.662,12.843,1219215
2015-04-21,12.807,12.988,12.59,12.796,951187
2015-04-22,12.952,12.988,12.626,12.644,1968130
2015-04-23,12.662,12.807,12.662,12.742,1407835
2015-04-26,12.734,12.952,12.734,12.876,1708817
2015-04-27,12.879,12.988,12.734,12.76,2541212
2015-04-28,12.807,12.879,12.517,12.64,2580369
2015-04-29,12.734,12.807,12.59,12.695,2219070
2015-04-30,12.734,13.132,12.59,12.792,5857090
2015-05-03,12.952,12.988,12.59,12.644,5241230
2015-05-04,12.662,12.698,12.554,12.59,2504435
2015-05-05,12.662,12.698,12.481,12.517,2812916
2015-05-06,12.517,12.59,12.445,12.485,1374502
2015-05-07,12.445,12.481,12.083,12.214,2589286
2015-05-10,12.264,12.481,12.192,12.347,2821442
2015-05-11,12.409,12.409,11.975,12.094,2003746
2015-05-12,12.083,12.119,12.011,12.105,2193239
2015-05-13,12.119,12.119,11.939,12.04,2437460
2015-05-14,12.047,12.554,12.011,12.456,6019691
2015-05-17,12.481,12.662,12.409,12.539,2582544
2015-05-18,12.554,12.626,12.445,12.478,1330912
2015-05-19,12.445,12.771,12.445,12.554,2399094
2015-05-20,12.59,12.59,12.373,12.507,1452169
2015-05-21,12.481,12.554,12.445,12.485,770464
2015-05-24,12.445,12.662,12.337,12.586,1622689
2015-05-25,12.59,12.807,12.59,12.655,2674916
2015-05-26,12.662,12.734,12.517,12.561,1821943
2015-05-27,12.59,12.626,12.517,12.539,794446
2015-05-28,12.554,12.626,12.481,12.521,888761
2015-05-31,12.517,12.517,12.337,12.38,788569
2015-06-01,12.337,12.373,12.192,12.326,694771
2015-06-02,12.373,12.445,12.337,12.38,842526
2015-06-03,12.409,12.626,12.373,12.438,4142090
2015-06-04,12.445,12.481,12.3,12.438,1203736
2015-06-07,12.373,12.409,12.3,12.308,505103
2015-06-08,12.264,12.3,12.192,12.199,510366
2015-06-09,12.156,12.156,11.975,11.996,638407
2015-06-10,12.083,12.228,12.047,12.195,691534
2015-06-11,12.156,12.192,12.083,12.119,877829
2015-06-14,12.119,12.409,12.119,12.373,587378
2015-06-15,12.445,12.481,12.264,12.3,1433022
2015-06-16,12.337,12.409,12.337,12.384,420620
2015-06-17,12.373,12.626,12.373,12.51,1743162
2015-06-18,12.481,12.59,12.481,12.557,655268
2015-06-21,12.554,12.554,12.083,12.228,907016
2015-06-22,12.156,12.264,12.047,12.109,565580
2015-06-23,12.156,12.192,12.083,12.174,292704
2015-06-24,12.156,12.626,12.156,12.467,1590360
2015-06-25,12.626,12.662,12.3,12.376,2557634
2015-06-28,12.373,12.445,11.939,12.072,1078918
2015-06-29,11.975,12.047,11.107,11.732,653118
2015-06-30,11.577,12.264,11.432,12.174,677968
2015-07-01,12.083,12.264,11.975,12.156,1108578
2015-07-02,12.156,12.337,12.011,12.239,2079475
2015-07-05,12.156,12.337,12.119,12.17,1327365
2015-07-06,12.083,12.373,12.011,12.148,2573614
2015-07-07,12.083,12.156,12.011,12.051,615280
2015-07-08,11.975,12.337,11.975,12.192,1162760
2015-07-09,12.119,12.337,12.119,12.232,608565
2015-07-12,12.264,12.409,12.156,12.3,887927
2015-07-13,12.445,13.386,12.445,13.183,5394576
2015-07-14,13.06,13.205,12.879,12.97,1929053
2015-07-15,12.915,12.988,12.771,12.868,929278
2015-07-22,12.915,13.422,12.879,13.212,2346655
2015-07-23,13.169,13.53,13.096,13.436,2441952
2015-07-26,13.422,13.422,13.096,13.122,804792
2015-07-27,13.024,13.024,12.807,12.894,1129143
2015-07-28,12.879,13.096,12.698,12.897,766865
2015-07-29,12.988,12.988,12.771,12.81,352429
2015-07-30,12.879,12.879,12.662,12.709,275196
2015-08-02,12.698,12.698,12.156,12.416,543390
2015-08-03,12.3,12.445,12.228,12.387,273888
2015-08-04,12.3,12.445,12.264,12.423,141519
2015-08-05,12.445,12.662,12.373,12.481,264722
2015-08-06,12.481,12.481,12.264,12.297,332729
2015-08-09,12.373,12.445,12.264,12.409,553935
2015-08-10,12.445,12.771,12.409,12.702,439342
2015-08-11,12.843,13.024,12.481,12.586,1328860
2015-08-12,12.409,12.807,12.3,12.738,665836
2015-08-13,12.879,12.879,12.734,12.774,298058
2015-08-16,12.807,12.879,11.541,11.964,1552107
2015-08-17,11.902,12.083,11.324,12.08,1582797
2015-08-18,11.939,11.975,11.324,11.591,393518
2015-08-19,11.577,11.794,10.709,10.824,897145
2015-08-20,10.672,11.36,9.949,11.266,477609
2015-08-23,10.672,10.962,10.311,10.459,905247
2015-08-24,9.659,10.564,9.442,9.529,1803865
2015-08-25,9.659,10.455,9.623,10.455,1060796
2015-08-26,10.455,10.564,10.166,10.39,677426
2015-08-27,10.781,11.396,10.781,11.117,1719520
2015-08-30,11.758,11.758,11.034,11.157,1861075
2015-08-31,11.034,11.07,10.672,10.846,615307
2015-09-01,10.962,10.962,10.491,10.528,464871
2015-09-02,10.455,10.491,10.13,10.419,894718
2015-09-03,10.528,10.672,10.311,10.354,518612
2015-09-06,10.202,10.455,10.202,10.358,282410
2015-09-07,10.491,10.672,10.383,10.528,647692
2015-09-08,10.491,10.672,10.491,10.651,588039
2015-09-09,10.781,10.962,10.672,10.737,1359661
2015-09-10,10.491,10.636,10.383,10.611,883128
2015-09-13,10.672,10.998,10.672,10.875,763935
2015-09-14,10.853,10.962,10.672,10.672,565342
2015-09-15,10.745,10.781,10.6,10.672,163068
2015-09-16,10.745,10.817,10.672,10.756,95037
2015-09-17,10.6,10.672,10.491,10.524,723051
2015-09-20,10.238,10.564,10.238,10.383,260996
2015-09-21,10.491,10.491,10.383,10.444,370056
2015-09-29,10.311,10.347,10.311,10.347,39831
2015-09-30,10.491,10.817,10.491,10.763,907478
2015-10-01,10.817,10.817,10.419,10.441,1856392
2015-10-04,10.419,10.672,10.347,10.506,1494748
2015-10-05,10.528,10.745,10.528,10.745,807700
2015-10-06,10.781,11.07,10.781,10.9,1471971
2015-10-07,11.07,11.215,10.889,11.128,648339
2015-10-08,11.215,11.324,11.179,11.298,632818
2015-10-11,11.287,12.409,11.287,12.214,4545462
2015-10-12,12.373,12.662,12.083,12.192,1699190
2015-10-13,12.264,12.264,11.939,11.978,394947
2015-10-14,11.939,11.939,11.613,11.779,399574
2015-10-15,11.722,11.722,11.251,11.349,537474
2015-10-18,11.396,11.577,11.251,11.515,1382449
2015-10-19,11.577,11.649,11.504,11.602,762852
2015-10-20,11.649,11.794,11.649,11.656,1078280
2015-10-21,11.504,11.504,11.396,11.396,364815
2015-10-22,11.324,11.613,11.324,11.515,784498
2015-10-25,11.577,12.047,11.577,11.613,2056718
2015-10-26,11.685,11.685,11.432,11.646,522736
2015-10-27,11.685,11.794,11.577,11.588,1172017
2015-10-28,11.432,11.83,11.432,11.725,291595
2015-10-29,11.794,11.902,11.722,11.736,166153
2015-11-01,11.577,11.685,11.577,11.646,257461
2015-11-02,11.685,11.83,11.251,11.501,522932
2015-11-03,11.432,11.722,11.432,11.494,480602
2015-11-04,11.577,11.577,11.215,11.523,274883
2015-11-05,11.432,11.613,11.432,11.577,174603
2015-11-08,11.613,12.047,11.577,11.797,1410494
2015-11-09,11.794,11.794,11.541,11.631,1112420
2015-11-10,11.577,11.685,11.504,11.541,705175
2015-11-11,11.577,11.758,11.541,11.58,861659
2015-11-12,11.541,11.722,11.541,11.577,664915
2015-11-15,11.468,11.468,11.107,11.132,738121
2015-11-16,11.36,11.36,11.107,11.215,553454
2015-11-17,11.287,11.324,11.143,11.164,258934
2015-11-18,11.143,11.251,11.143,11.215,163109
2015-11-19,11.396,11.939,11.36,11.562,1837156
2015-11-22,11.722,11.722,11.577,11.631,555121
2015-11-23,11.613,11.613,11.577,11.613,308429
2015-11-24,11.577,11.685,11.577,11.649,374285
2015-11-25,11.613,12.047,11.577,11.986,957033
2015-11-26,12.011,12.156,11.939,11.913,475046
2015-11-29,11.939,11.939,11.685,11.725,350535
2015-11-30,11.685,11.866,11.685,11.732,476677
2015-12-01,11.83,11.939,11.722,11.939,427967
2015-12-02,12.011,12.264,11.794,12.047,726277
2015-12-03,12.047,12.047,11.794,11.859,279922
2015-12-06,11.758,12.083,11.758,11.859,461485
2015-12-07,11.939,12.011,11.794,11.931,313313
2015-12-08,11.83,11.83,11.287,11.504,781778
2015-12-09,11.504,11.577,11.143,11.193,464520
2015-12-10,11.143,11.179,10.853,10.893,527164
2015-12-13,10.311,10.6,10.238,10.517,1054165
2015-12-14,10.6,10.926,10.491,10.553,612137
2015-12-15,10.636,10.781,10.383,10.43,409926
2015-12-16,10.491,10.564,10.491,10.51,248422
2015-12-17,10.6,10.636,10.528,10.6,446570
2015-12-20,10.455,10.6,10.455,10.56,519947
2015-12-21,10.6,10.926,10.528,10.73,697883
2015-12-22,10.781,11.287,10.709,11.179,757188
2015-12-23,11.215,12.228,11.07,11.732,3307981
2015-12-24,11.866,12.59,11.504,11.794,1776586
2015-12-27,11.975,12.264,11.758,11.942,839139
2015-12-28,12.047,12.192,11.794,11.852,659155
2015-12-29,11.794,11.902,11.649,11.772,337646
2015-12-30,11.758,12.011,11.758,11.812,301776
2015-12-31,11.794,11.866,11.504,11.609,484107
2016-01-03,11.685,11.758,11.577,11.646,231569
2016-01-04,11.613,11.794,11.468,11.49,523151
2016-01-05,11.468,11.577,11.215,11.327,402880
2016-01-06,11.251,11.287,10.781,10.926,259819
2016-01-07,10.6,10.672,10.13,10.405,535094
2016-01-10,10.491,10.491,9.37,9.37,2375598
2016-01-11,8.936,9.117,8.447,8.549,13770688
2016-01-12,7.959,8.031,7.706,7.706,14059393
2016-01-13,7.724,7.887,7.453,7.568,7433466
2016-01-14,7.453,7.453,6.819,6.819,3618126
2016-01-17,6.729,6.729,6.15,6.295,5782864
2016-01-18,6.168,6.62,6.168,6.537,5379746
2016-01-19,6.584,6.928,6.566,6.838,7401880
2016-01-20,6.62,6.62,6.259,6.295,3047803
2016-01-21,6.186,6.295,6.024,6.208,4487842
2016-01-24,6.765,6.765,6.385,6.469,2020859
2016-01-25,6.422,6.602,6.331,6.548,1666299
2016-01-26,6.367,6.765,6.331,6.715,1853689
2016-01-27,6.693,6.801,6.675,6.696,2190116
2016-01-28,6.729,7.018,6.729,6.791,3658546
2016-01-31,6.91,7.109,6.838,6.845,4310561
2016-02-01,6.765,6.892,6.747,6.834,2730028
2016-02-02,6.765,6.819,6.62,6.653,2066177
2016-02-03,6.584,6.765,6.548,6.747,1165251
2016-02-04,6.856,7.055,6.801,6.838,4116866
2016-02-07,6.747,6.838,6.657,6.668,1753809
2016-02-08,6.675,6.747,6.512,6.566,6665548
2016-02-09,6.476,6.602,6.422,6.458,8958200
2016-02-10,6.403,6.53,6.367,6.422,3313702
2016-02-11,6.403,6.476,6.204,6.251,2436205
2016-02-14,6.349,6.367,6.096,6.096,3334105
2016-02-15,6.096,6.295,6.06,6.223,1508643
2016-02-16,6.295,6.422,6.223,6.273,2646120
2016-02-17,6.277,6.476,6.241,6.367,2360053
2016-02-18,6.476,6.566,6.403,6.487,2163690
2016-02-21,6.548,6.729,6.512,6.617,4697520
2016-02-22,6.729,6.874,6.657,6.682,5018205
2016-02-23,6.675,6.783,6.657,6.733,5924903
2016-02-24,6.675,6.711,6.602,6.671,3964855
2016-02-25,6.693,6.765,6.675,6.689,2727960
2016-02-28,6.783,6.91,6.783,6.885,4589900
2016-02-29,6.91,7.018,6.856,6.935,2743200
2016-03-01,6.982,7.615,6.982,7.615,9456395
2016-03-02,7.887,8.375,7.67,8.115,13669642
2016-03-03,8.23,8.809,8.194,8.256,14676328
2016-03-06,8.502,8.791,8.303,8.563,9360158
2016-03-07,8.683,8.809,8.484,8.766,6353318
2016-03-08,8.791,9.623,8.791,9.497,9790729
2016-03-09,9.515,9.587,9.225,9.29,5038563
2016-03-10,9.37,9.37,8.954,9.023,3900606
2016-03-13,9.153,9.298,8.972,9.214,2524777
2016-03-14,9.189,9.406,8.863,8.99,2206449
2016-03-15,9.081,9.081,8.646,8.82,1194564
2016-03-16,8.845,8.845,8.719,8.784,1609593
2016-03-17,8.845,8.9,8.791,8.791,1261534
2016-03-20,8.845,9.081,8.827,8.932,3867198
2016-03-21,8.9,8.9,8.755,8.827,2566347
2016-03-22,8.827,8.863,8.773,8.82,1197658
2016-03-23,8.9,8.9,8.755,8.784,762379
2016-03-24,8.755,8.755,8.61,8.61,904230
2016-03-27,8.502,8.592,8.285,8.303,1029758
2016-03-28,8.375,8.393,8.158,8.198,1294746
2016-03-29,8.248,8.248,7.995,8.06,655711
2016-03-30,8.14,8.14,7.977,7.977,926915
2016-03-31,7.959,7.959,7.706,7.775,1807909
2016-04-03,7.67,8.285,7.344,7.966,5241598
2016-04-04,8.013,8.248,7.959,8.053,3923860
2016-04-05,8.068,8.303,8.013,8.23,6713520
2016-04-06,8.267,8.393,8.23,8.263,3429915
2016-04-07,8.357,8.375,8.248,8.317,2622998
2016-04-10,7.939,8.437,7.939,8.21,3884937
2016-04-11,8.277,8.317,8.178,8.262,2087729
2016-04-12,8.437,8.556,8.357,8.381,3762837
2016-04-13,8.397,8.417,8.277,8.285,1504276
2016-04-14,8.297,8.317,8.238,8.277,1129975
2016-04-17,8.277,8.874,8.059,8.277,3507581
2016-04-18,8.277,8.516,8.118,8.329,1890530
2016-04-19,8.397,8.476,8.377,8.413,1442198
2016-04-20,8.476,8.476,8.377,8.437,1516408
2016-04-21,8.476,8.516,8.337,8.365,2583401
2016-04-24,8.417,8.437,8.337,8.377,4756382
2016-04-25,8.377,8.377,8.238,8.317,3151426
2016-04-26,8.337,8.636,8.258,8.528,8565548
2016-04-27,8.596,8.934,8.596,8.827,11303041
2016-04-28,8.815,8.974,8.755,8.807,4662690
2016-05-01,8.835,8.954,8.815,8.843,3783719
2016-05-02,8.874,8.874,8.675,8.759,2535096
2016-05-03,8.954,8.954,8.636,8.644,3038834
2016-05-04,8.655,8.675,8.377,8.433,2192820
2016-05-05,8.437,8.655,8.417,8.54,3419387
2016-05-08,8.636,8.775,8.576,8.62,3334658
2016-05-09,8.616,8.655,8.556,8.588,1271344
2016-05-10,8.536,8.576,8.456,8.512,1092197
2016-05-11,8.556,8.596,8.476,8.496,953640
2016-05-12,8.536,8.596,8.496,8.576,1492679
2016-05-15,8.556,8.675,8.536,8.556,1750808
2016-05-16,8.596,8.835,8.576,8.759,6788210
2016-05-17,8.835,9.193,8.795,9.097,11378477
2016-05-18,9.093,9.193,9.014,9.038,4242456
2016-05-19,8.954,8.974,8.775,8.823,2481711
2016-05-22,8.775,8.994,8.655,8.783,5308022
2016-05-23,8.854,8.854,8.118,8.17,2475486
2016-05-24,8.118,8.337,8.118,8.277,985481
2016-05-25,8.317,8.437,8.258,8.345,1127772
2016-05-26,8.357,8.496,8.238,8.246,2168164
2016-05-29,8.198,8.317,8.059,8.273,1554614
2016-05-30,8.297,8.377,8.138,8.202,924876
2016-05-31,8.258,8.277,8.178,8.265,943755
2016-06-01,8.277,8.476,8.218,8.353,2650386
2016-06-02,8.377,8.496,8.317,8.353,1424756
2016-06-05,8.337,8.377,8.218,8.222,869834
2016-06-06,8.218,8.277,8.138,8.262,592512
2016-06-07,8.277,8.516,8.277,8.456,2615812
2016-06-08,8.536,8.695,8.437,8.648,3092994
2016-06-09,8.715,8.715,8.516,8.628,1549409
2016-06-12,8.576,8.815,8.556,8.763,1918290
2016-06-13,8.775,8.914,8.755,8.827,1407357
2016-06-14,8.835,8.835,8.735,8.767,784832
2016-06-15,8.755,8.815,8.556,8.588,927122
2016-06-16,8.576,8.675,8.516,8.528,679500
2016-06-19,8.576,8.655,8.556,8.568,602109
2016-06-20,8.616,8.616,8.536,8.564,193337
2016-06-21,8.576,8.616,8.536,8.552,343920
2016-06-22,8.596,8.755,8.596,8.739,1635251
2016-06-23,8.735,8.854,8.636,8.815,1938807
2016-06-26,8.059,8.536,8.059,8.528,1022352
2016-06-27,8.516,8.835,8.516,8.648,1811091
2016-06-28,8.576,8.695,8.576,8.588,588137
2016-06-29,8.675,8.854,8.596,8.671,1142102
2016-06-30,8.675,8.775,8.636,8.64,540092
2016-07-10,8.755,9.073,8.755,8.962,1348174
2016-07-11,8.994,9.014,8.894,8.914,941405
2016-07-12,8.954,8.994,8.914,8.954,1217058
2016-07-13,8.954,9.073,8.954,9.053,1696751
2016-07-14,9.034,9.034,8.954,9.002,1209422
2016-07-17,9.034,9.292,9.034,9.256,1928138
2016-07-18,9.312,9.412,9.173,9.256,2579285
2016-07-19,9.312,9.352,8.755,8.942,2564356
2016-07-20,8.974,9.053,8.854,8.894,1107694
2016-07-21,8.894,8.894,8.755,8.771,1237172
2016-07-24,8.715,8.755,8.516,8.536,967305
2016-07-25,8.556,8.556,8.317,8.508,1428222
2016-07-26,8.516,8.516,8.437,8.476,341792
2016-07-27,8.377,8.476,8.337,8.433,593995
2016-07-28,8.437,8.556,8.158,8.341,938312
2016-07-31,8.377,8.377,8.258,8.349,414710
2016-08-01,8.397,8.456,8.397,8.437,282559
2016-08-02,8.437,8.437,8.277,8.365,509859
2016-08-03,8.297,8.397,8.297,8.341,220903
2016-08-04,8.417,8.476,8.337,8.353,704895
2016-08-07,8.397,8.397,8.357,8.357,233869
2016-08-08,8.357,8.417,8.337,8.353,419959
2016-08-09,8.357,8.437,8.357,8.409,377439
2016-08-10,8.437,8.437,8.357,8.377,330255
2016-08-11,8.377,8.377,8.317,8.329,214397
2016-08-14,8.397,8.397,8.337,8.365,375162
2016-08-15,8.377,8.397,8.317,8.321,249087
2016-08-16,8.337,8.496,8.258,8.297,2337596
2016-08-17,8.317,8.397,7.979,8.059,1064870
2016-08-18,8.059,8.078,7.919,8.051,415650
2016-08-21,8.078,8.078,7.979,7.979,136119
2016-08-22,7.979,7.979,7.82,7.82,454622
2016-08-23,7.84,7.86,7.68,7.836,302460
2016-08-24,7.86,7.86,7.501,7.577,407410
2016-08-25,7.561,7.561,7.203,7.489,1156941
2016-08-28,7.521,7.72,7.521,7.692,611861
2016-08-29,7.661,7.68,7.621,7.653,430787
2016-08-30,7.661,7.76,7.621,7.732,537277
2016-08-31,7.8,7.82,7.442,7.517,622873
2016-09-01,7.482,7.76,7.283,7.617,1172752
2016-09-04,7.581,7.661,7.561,7.593,1001978
2016-09-05,7.601,7.72,7.561,7.673,1893626
2016-09-06,7.7,7.7,7.581,7.589,840059
2016-09-07,7.581,7.601,7.462,7.501,1192714
2016-09-08,7.521,7.541,7.462,7.485,1256505
2016-09-18,7.442,7.442,7.203,7.211,775217
2016-09-19,7.183,7.283,6.904,6.964,700563
2016-09-20,6.964,7.064,6.765,6.976,486460
2016-09-21,7.044,7.322,7.004,7.163,1003423
2016-09-25,7.183,7.482,7.044,7.366,858252
2016-09-26,7.442,7.442,7.342,7.37,568462
2016-09-27,6.964,7.283,6.964,7.195,1539441
2016-09-28,7.203,7.302,6.785,6.936,629517
2016-09-29,6.845,7.203,6.845,7.163,690516
2016-10-02,7.203,7.203,6.964,6.984,542511
2016-10-03,6.566,7.163,6.566,6.98,807852
2016-10-04,7.044,7.064,6.825,7.024,516863
2016-10-05,7.004,7.103,6.944,7.076,495192
2016-10-06,7.143,7.263,7.123,7.235,653575
2016-10-09,7.243,7.74,7.123,7.577,1813001
2016-10-10,7.561,7.879,7.561,7.868,997239
2016-10-11,7.82,8.277,7.82,8.25,1335296
2016-10-12,8.158,8.417,8.019,8.341,1038253
2016-10-13,8.118,8.158,7.8,7.816,2636530
2016-10-16,7.82,7.82,7.621,7.661,251050
2016-10-17,7.641,7.641,7.501,7.517,535548
2016-10-18,7.482,7.74,7.283,7.414,732742
2016-10-19,7.402,7.402,7.302,7.354,342111
2016-10-20,7.362,7.462,7.342,7.398,701430
2016-10-23,7.521,7.661,7.521,7.625,502781
2016-10-24,7.581,7.78,7.581,7.617,468862
2016-10-25,7.621,7.78,7.541,7.728,1602106
2016-10-26,7.74,7.76,7.621,7.645,385948
2016-10-27,7.621,7.7,7.621,7.621,163962
2016-10-30,7.641,7.641,7.601,7.601,253839
2016-10-31,7.601,7.72,7.601,7.637,410702
2016-11-01,7.621,7.82,7.621,7.657,837280
2016-11-02,7.601,7.68,7.422,7.509,755069
2016-11-03,7.501,7.661,7.501,7.593,427935
2016-11-06,7.561,7.7,7.561,7.649,404392
2016-11-07,7.661,7.82,7.661,7.764,838137
2016-11-08,7.76,7.899,7.76,7.891,1157675
2016-11-09,7.72,8.019,7.7,7.987,1204884
2016-11-10,8.019,8.277,8.019,8.214,1012879
2016-11-13,8.198,8.655,8.198,8.584,1797519
2016-11-14,8.437,8.755,8.277,8.345,1121100
2016-11-15,8.357,8.476,8.039,8.122,750714
2016-11-16,8.178,8.675,8.178,8.632,1912452
2016-11-17,8.675,9.233,8.536,8.926,3790614
2016-11-20,8.934,9.053,8.755,8.974,804527
2016-11-21,8.954,9.193,8.894,9.014,1515760
2016-11-22,9.073,9.173,8.755,9.057,1672022
2016-11-23,9.073,9.233,9.053,9.133,2795087
2016-11-24,9.153,9.272,8.974,9.177,1987270
2016-11-27,9.312,9.63,9.213,9.428,4226714
2016-11-28,9.471,9.491,9.352,9.36,2709826
2016-11-29,9.352,9.551,9.312,9.511,4708210
2016-11-30,9.451,9.571,9.451,9.543,3280624
2016-12-01,9.591,9.611,9.511,9.587,3242542
2016-12-04,9.63,9.77,9.451,9.511,2341458
2016-12-05,9.511,9.551,9.312,9.519,1159446
2016-12-06,9.551,9.67,9.531,9.595,1338312
2016-12-07,9.571,9.81,9.571,9.702,3614882
2016-12-08,9.75,9.949,9.67,9.726,2813808
2016-12-11,9.75,9.849,9.65,9.682,1368828
2016-12-12,9.75,9.77,9.551,9.555,1532475
2016-12-13,9.551,9.591,9.471,9.551,1192779
2016-12-14,9.213,9.551,9.193,9.34,553978
2016-12-15,9.272,9.471,9.193,9.443,661581
2016-12-18,9.591,9.77,9.551,9.674,2082545
2016-12-19,9.69,9.69,9.352,9.396,1058057
2016-12-20,9.252,9.272,9.133,9.197,789332
2016-12-21,9.272,9.272,9.133,9.173,724676
2016-12-22,9.153,9.292,9.153,9.244,1330982
2016-12-25,9.292,9.531,9.292,9.372,595907
2016-12-26,9.412,9.471,9.352,9.392,319508
2016-12-27,9.392,9.511,9.332,9.487,647348
2016-12-28,9.551,9.71,9.551,9.559,844082
2016-12-29,9.591,9.611,9.471,9.535,337535
2017-01-01,9.611,9.611,9.511,9.607,576963
2017-01-02,9.611,9.949,9.571,9.726,4951417
2017-01-03,9.75,9.829,9.71,9.778,897774
2017-01-04,9.77,9.79,9.551,9.603,941521
2017-01-05,9.63,9.63,9.332,9.364,1761822
2017-01-08,9.392,9.392,9.272,9.268,838871
2017-01-09,9.272,9.272,9.034,9.089,555272
2017-01-10,9.113,9.173,8.914,9.121,700264
2017-01-11,9.073,9.153,8.974,9.053,543625
2017-01-12,9.093,9.113,8.835,8.898,315233
2017-01-15,8.954,8.954,8.835,8.886,517762
2017-01-16,8.954,9.014,8.775,8.815,933369
2017-01-17,8.815,8.894,8.616,8.87,851882
2017-01-18,8.695,8.755,8.596,8.64,807108
2017-01-19,8.636,8.655,8.556,8.651,221875
2017-01-22,8.556,8.914,8.536,8.862,675623
2017-01-23,8.914,9.014,8.914,8.954,455343
2017-01-24,9.014,9.053,8.994,9.038,714263
2017-01-25,8.994,9.093,8.974,8.99,965808
2017-01-26,9.034,9.073,8.954,8.974,678661
2017-01-29,8.954,9.073,8.934,9.045,347875
2017-01-30,8.994,9.213,8.994,9.077,1539325
2017-01-31,9.093,9.093,8.934,8.998,650554
2017-02-01,8.994,9.034,8.934,8.994,240765
2017-02-02,8.934,9.053,8.914,9.002,367744
2017-02-05,8.994,9.073,8.974,8.986,399492
2017-02-06,8.974,9.014,8.914,8.994,478785
2017-02-07,9.014,9.034,8.954,8.966,357484
2017-02-08,8.954,8.954,8.755,8.763,594274
2017-02-09,8.775,8.795,8.576,8.719,248942
2017-02-12,8.755,8.994,8.755,8.922,830779
2017-02-13,8.914,8.974,8.894,8.91,287815
2017-02-14,8.974,8.974,8.894,8.906,369109
2017-02-15,8.954,8.954,8.874,8.934,245808
2017-02-16,8.934,9.053,8.934,8.954,907208
2017-02-19,8.974,9.014,8.934,8.966,460276
2017-02-20,8.934,9.093,8.914,8.958,922715
2017-02-21,8.934,8.954,8.775,8.862,438791
2017-02-22,8.854,9.014,8.854,8.922,617432
2017-02-23,8.914,9.053,8.874,9.022,933744
2017-02-26,9.053,9.292,9.053,9.181,1059761
2017-02-27,9.133,9.352,8.934,8.958,1300234
2017-02-28,8.954,9.193,8.874,9.181,642073
2017-03-01,9.153,9.571,9.133,9.451,1550284
2017-03-02,9.471,9.591,9.431,9.467,1155725
2017-03-05,9.471,9.869,9.451,9.782,1859348
2017-03-06,9.71,10.148,9.591,9.949,1605901
2017-03-07,9.949,10.108,9.67,9.714,1211797
2017-03-08,9.67,9.75,9.571,9.634,440715
2017-03-09,9.571,9.571,9.352,9.372,678130
2017-03-12,9.292,9.312,9.272,9.312,212166
2017-03-13,9.312,9.451,9.292,9.332,143964
2017-03-14,9.352,9.352,9.113,9.209,215716
2017-03-15,9.213,9.233,9.153,9.213,92589
2017-03-16,9.213,9.332,9.193,9.209,252578
2017-03-19,9.272,9.412,9.213,9.396,181328
2017-03-20,9.551,9.79,9.412,9.686,1797803
2017-03-21,9.849,9.869,9.591,9.626,996068
2017-03-22,9.551,9.69,9.511,9.658,532500
2017-03-23,10.028,10.586,10.028,10.586,3914430
2017-03-26,10.705,10.864,10.028,10.116,7054890
2017-03-27,10.068,11.103,9.989,11.103,5957551
2017-03-28,11.342,12.098,11.023,11.855,9100107
2017-03-29,11.939,12.098,11.501,11.656,4316852
2017-03-30,11.58,11.7,11.182,11.27,2847015
2017-04-02,11.302,11.66,11.143,11.182,3341076
2017-04-03,11.302,11.302,10.904,10.94,1003511
2017-04-04,10.984,12.018,10.944,11.425,8918470
2017-04-05,11.461,12.536,11.302,12.532,8672284
2017-04-06,12.615,13.69,12.615,13.511,8280774
2017-04-09,13.57,14.406,12.695,12.858,11015024
2017-04-10,12.933,13.331,12.536,12.77,8524935
2017-04-11,12.933,13.849,12.933,13.745,15005514
2017-04-12,13.928,14.207,13.331,13.511,7695536
2017-04-13,13.57,13.61,13.172,13.228,3750170
2017-04-16,13.411,13.411,12.854,12.941,2991922
2017-04-17,13.093,13.57,13.013,13.2,6192768
2017-04-18,13.331,13.451,13.053,13.176,4431768
2017-04-19,13.172,13.331,13.013,13.105,2406458
2017-04-20,13.093,13.093,12.536,12.563,2583918
2017-04-23,12.774,12.894,12.536,12.615,1547477
2017-04-24,12.575,12.575,12.376,12.448,1237832
2017-04-25,12.456,12.456,12.177,12.261,1357515
2017-04-26,12.536,12.854,12.496,12.579,3259639
2017-04-27,12.695,12.695,12.337,12.364,1751667
2017-04-30,12.337,12.774,12.297,12.436,2991374
2017-05-01,12.456,12.496,12.337,12.364,817680
2017-05-02,12.416,12.416,12.217,12.253,714758
2017-05-03,12.257,12.257,12.018,12.034,714130
2017-05-04,12.098,12.098,11.541,11.652,1052609
2017-05-07,11.74,11.74,11.342,11.441,677985
2017-05-08,11.342,11.501,11.222,11.338,1541180
2017-05-09,11.381,11.899,11.302,11.672,4127466
2017-05-10,11.66,11.819,11.58,11.648,1021880
2017-05-11,11.66,11.66,10.984,11.127,1536197
2017-05-14,11.023,11.182,10.984,11.063,509724
2017-05-15,11.063,11.381,11.063,11.37,1176963
2017-05-16,11.421,11.58,11.342,11.417,1290937
2017-05-17,11.342,11.461,11.222,11.27,618767
2017-05-18,11.222,12.337,11.143,11.974,9834158
2017-05-21,12.138,12.297,11.978,11.99,4535474
2017-05-22,12.018,12.018,11.58,11.636,1646386
2017-05-23,11.58,12.138,11.461,11.576,4449268
2017-05-24,11.62,11.74,11.381,11.473,1461024
2017-05-25,11.541,11.62,11.143,11.218,932977
2017-05-28,11.222,11.222,10.586,10.725,802326
2017-05-29,10.745,10.984,10.665,10.972,943529
2017-05-30,10.984,11.182,10.864,10.991,2144977
2017-05-31,11.023,11.421,10.984,11.115,2386951
2017-06-01,11.143,11.182,11.023,11.055,516918
2017-06-04,11.063,11.222,11.023,11.095,500496
2017-06-05,11.083,11.123,10.904,11.075,921800
2017-06-06,11.083,11.083,10.924,10.98,639535
2017-06-07,10.984,11.023,10.864,11.007,338344
2017-06-08,10.964,10.964,10.665,10.713,559903
2017-06-11,10.546,10.645,10.168,10.204,1038158
2017-06-12,10.188,10.486,10.188,10.283,813674
2017-06-13,10.347,10.347,10.247,10.327,232889
2017-06-14,10.347,10.426,10.327,10.335,326717
2017-06-15,10.347,10.466,10.267,10.279,581174
2017-06-18,10.347,10.347,10.227,10.291,179167
2017-06-19,10.307,10.566,10.307,10.506,683807
2017-06-20,10.705,10.705,10.267,10.363,595985
2017-06-21,10.546,10.625,10.426,10.498,885700
2017-06-22,10.546,11.342,10.506,10.765,2491805
2017-07-02,10.864,11.023,10.745,10.844,1042510
2017-07-03,10.864,11.103,10.844,10.956,1478431
2017-07-04,10.964,11.063,10.844,10.892,1260785
2017-07-05,10.844,11.461,10.844,11.115,4214446
2017-07-06,11.023,11.143,10.964,11.055,562828
2017-07-09,10.964,11.182,10.964,11.103,731325
2017-07-10,11.202,11.242,11.083,11.091,871010
2017-07-11,11.143,11.441,11.143,11.226,1716786
2017-07-12,11.262,11.342,11.163,11.175,743002
2017-07-13,11.202,11.58,11.182,11.393,3798595
2017-07-16,11.461,11.779,11.461,11.64,2165658
2017-07-17,11.62,11.66,11.342,11.417,996696
2017-07-18,11.421,11.64,11.421,11.441,775846
2017-07-19,11.481,11.521,11.401,11.425,369483
2017-07-20,11.461,11.561,11.421,11.453,392629
2017-07-23,11.541,11.68,11.441,11.596,873108
2017-07-24,11.58,11.6,11.461,11.473,462210
2017-07-25,11.362,11.461,11.342,11.377,491473
2017-07-26,11.143,11.222,10.944,10.956,1208527
2017-07-27,10.964,11.063,10.765,10.796,584504
2017-07-30,10.824,10.984,10.705,10.852,399276
2017-07-31,10.964,11.342,10.944,11.194,1957098
2017-08-01,11.262,11.62,11.202,11.465,2321101
2017-08-02,11.521,11.521,11.242,11.433,724822
2017-08-03,11.401,11.501,11.242,11.278,611452
2017-08-06,11.262,11.262,11.143,11.206,481821
2017-08-07,11.143,11.401,11.103,11.362,1271055
2017-08-08,11.461,11.76,11.401,11.704,2890794
2017-08-09,11.74,11.859,11.64,11.64,1322591
2017-08-10,11.64,11.74,11.501,11.517,791121
2017-08-13,11.58,11.7,11.501,11.604,985875
2017-08-14,11.64,11.68,11.521,11.537,599307
2017-08-15,11.839,11.919,11.182,11.421,1953226
2017-08-16,11.242,11.381,11.143,11.358,579079
2017-08-17,11.362,11.381,11.242,11.246,473478
2017-08-20,11.222,11.282,11.182,11.202,418170
2017-08-21,11.202,11.242,11.163,11.167,363412
2017-08-22,11.182,11.262,11.083,11.159,508218
2017-08-23,11.163,11.282,11.103,11.135,529595
2017-08-24,11.163,11.182,10.964,11.079,615316
2017-08-27,11.103,11.143,11.083,11.131,163926
2017-08-28,11.083,11.262,11.083,11.242,297711
2017-08-29,11.262,11.978,11.262,11.457,4530418
2017-09-06,11.541,11.6,11.481,11.553,700404
2017-09-07,11.66,11.978,11.66,11.712,1427940
2017-09-10,11.74,11.74,11.541,11.656,483869
2017-09-11,11.66,11.799,11.66,11.771,917882
2017-09-12,11.799,11.839,11.64,11.763,649147
2017-09-13,11.859,11.859,11.74,11.775,469842
2017-09-14,11.74,11.839,11.62,11.803,761346
2017-09-17,11.819,11.859,11.74,11.827,516770
2017-09-18,11.839,12.317,11.819,11.911,3361903
2017-09-19,11.978,12.297,11.958,12.177,1567329
2017-09-20,12.297,12.496,12.018,12.094,1630542
2017-09-21,12.078,12.277,12.018,12.225,709632
2017-09-25,12.257,12.376,11.939,12.002,705350
2017-09-26,12.018,12.058,11.899,11.911,266645
2017-09-27,11.939,11.978,11.76,11.907,289170
2017-09-28,11.939,11.958,11.799,11.931,227210
2017-10-01,11.799,12.376,11.799,12.245,2018033
2017-10-02,12.376,12.516,12.197,12.44,931354
2017-10-03,12.436,12.476,12.237,12.253,823371
2017-10-04,12.257,12.376,12.197,12.249,686634
2017-10-05,12.257,12.277,12.177,12.209,295138
2017-10-08,12.615,13.013,12.496,12.663,3720696
2017-10-09,12.635,12.715,12.157,12.237,1274392
2017-10-10,12.217,12.734,12.177,12.269,1693316
2017-10-11,12.337,12.555,12.177,12.356,1719651
2017-10-12,12.416,12.635,12.217,12.52,1447440
2017-10-15,12.655,12.814,12.476,12.5,1012489
2017-10-16,12.496,12.695,12.376,12.571,735223
2017-10-17,12.655,12.655,12.456,12.484,261544
2017-10-18,12.496,12.496,12.257,12.297,495079
2017-10-19,11.998,12.118,11.839,11.99,1143359
2017-10-22,12.018,12.157,11.978,12.01,394931
2017-10-23,12.038,12.038,11.819,11.891,371926
2017-10-24,11.939,11.978,11.799,11.875,179192
2017-10-25,11.939,12.018,11.859,11.998,121906
2017-10-26,12.058,12.138,11.978,12.022,360053
2017-10-29,12.078,12.138,11.958,11.982,170410
2017-10-30,11.978,11.978,11.899,11.955,240775
2017-10-31,11.998,12.018,11.74,11.851,157931
2017-11-01,11.859,12.018,11.779,11.986,184597
2017-11-02,12.038,12.118,11.939,11.947,453973
2017-11-05,11.939,11.939,11.143,11.497,680586
2017-11-06,11.64,11.64,11.362,11.549,253985
2017-11-07,11.561,11.561,10.566,11.342,792242
2017-11-08,11.322,11.322,10.984,11.155,318367
2017-11-09,11.063,11.302,10.944,11.067,420072
2017-11-12,11.063,11.083,10.944,10.948,271454
2017-11-13,10.984,11.501,10.904,11.389,910975
2017-11-14,11.461,12.138,11.421,12.11,1188377
2017-11-15,12.138,12.337,11.939,11.99,869392
2017-11-16,11.939,12.098,11.72,12.026,534656
2017-11-19,11.978,13.033,11.978,12.758,2243077
2017-11-20,12.575,12.854,12.536,12.727,641903
2017-11-21,12.516,12.894,12.516,12.846,914533
2017-11-22,13.132,13.928,12.953,13.093,4184937
2017-11-23,13.172,13.431,13.033,13.264,1500225
2017-11-26,13.252,13.491,13.212,13.312,1329172
2017-11-27,13.312,13.351,12.973,13.101,1425229
2017-11-28,13.053,13.292,12.953,13.124,732657
2017-11-29,13.212,13.232,12.993,13.077,565388
2017-11-30,13.033,13.073,12.914,12.957,789330
2017-12-03,13.013,13.172,12.973,13.077,883582
2017-12-04,13.093,13.132,13.073,13.109,410614
2017-12-05,13.093,13.192,13.013,13.073,312655
2017-12-06,13.093,13.093,12.973,12.973,215144
2017-12-07,12.953,13.172,12.774,13.136,832598
2017-12-10,13.172,13.371,13.053,13.292,682711
2017-12-11,13.371,13.371,13.132,13.14,323983
2017-12-12,13.172,13.252,13.132,13.16,216779
2017-12-13,13.152,13.232,13.152,13.22,249381
2017-12-14,13.053,13.172,13.053,13.105,115742
2017-12-17,13.172,13.331,13.073,13.109,482715
2017-12-18,13.093,13.212,13.053,13.109,137466
2017-12-19,13.132,13.132,12.973,12.985,187158
2017-12-20,13.013,13.113,12.854,12.894,205680
2017-12-21,12.874,12.933,12.754,12.894,197187
2017-12-24,12.834,13.152,12.834,12.941,388893
2017-12-25,12.933,12.993,12.814,12.941,105329
2017-12-26,12.854,13.292,12.854,13.001,920458
2017-12-27,12.973,13.073,12.953,12.989,262963
2017-12-28,12.973,13.013,12.894,12.914,312575
2017-12-31,12.933,13.053,12.854,12.874,259096
2018-01-01,12.834,12.874,12.695,12.838,128925
2018-01-02,12.814,12.814,12.734,12.778,130955
2018-01-03,12.774,12.774,12.675,12.687,132264
2018-01-04,12.734,13.013,12.734,12.866,302905
2018-01-07,13.033,13.033,12.894,12.997,179953
2018-01-08,13.033,13.053,12.814,12.862,127683
2018-01-09,12.973,13.232,12.894,13.117,776403
2018-01-10,13.192,13.212,12.953,13.033,236538
2018-01-11,13.053,13.132,12.834,12.977,242308
2018-01-14,12.914,12.993,12.854,12.949,397376
2018-01-15,12.933,12.953,12.734,12.738,462806
2018-01-16,12.854,12.854,12.655,12.711,610474
2018-01-17,12.695,12.854,12.675,12.719,365867
2018-01-18,12.814,12.814,12.675,12.727,201154
2018-01-21,12.655,12.774,12.416,12.528,227449
2018-01-22,12.536,12.536,12.257,12.297,146480
2018-01-23,12.177,12.257,12.098,12.181,333838
2018-01-24,12.217,12.476,12.157,12.177,416054
2018-01-25,12.138,12.138,12.018,12.118,252688
2018-01-28,12.138,12.376,12.118,12.233,365664
2018-01-29,12.356,12.356,12.138,12.201,171824
2018-01-30,12.177,12.217,12.098,12.126,135383
2018-01-31,12.098,12.257,12.098,12.15,302056
2018-02-01,12.217,12.217,12.098,12.118,106784
2018-02-04,12.078,12.098,12.038,12.046,97120
2018-02-05,12.018,12.376,12.018,12.165,543989
2018-02-06,12.138,12.138,11.939,12.014,391556
2018-02-07,12.098,12.138,11.939,11.978,264484
2018-02-08,11.939,12.138,11.939,11.994,190133
2018-02-11,11.939,12.018,11.839,11.851,207580
2018-02-12,11.839,11.958,11.819,11.927,131058
2018-02-13,11.958,12.098,11.958,11.986,247409
2018-02-14,11.978,12.078,11.879,11.907,248972
2018-02-15,11.919,12.018,11.779,11.974,557528
2018-02-18,11.939,12.098,11.859,12.006,716736
2018-02-19,11.978,12.018,11.899,11.943,448769
2018-02-20,11.939,12.376,11.879,12.233,1218642
2018-02-21,12.277,12.595,12.177,12.504,1134298
2018-02-22,12.436,12.536,12.277,12.404,521609
2018-02-25,12.416,12.536,12.337,12.532,626627
2018-02-26,12.536,12.794,12.496,12.687,781206
2018-02-27,12.655,13.053,12.655,12.794,991012
2018-02-28,12.715,12.814,12.536,12.719,371690
2018-03-01,12.615,12.814,12.575,12.651,301674
2018-03-04,12.655,12.814,12.536,12.806,511133
2018-03-05,12.854,13.152,12.814,13.073,1285878
2018-03-06,13.132,13.511,13.093,13.383,1240893
2018-03-07,13.371,13.65,13.331,13.427,960425
2018-03-08,13.331,13.769,13.331,13.662,974424
2018-03-11,13.69,14.326,13.69,14.167,930118
2018-03-12,14.167,15.023,14.167,14.497,1137185
2018-03-13,14.525,14.645,14.207,14.322,572962
2018-03-14,14.446,14.784,14.326,14.549,1327212
2018-03-15,14.565,14.565,14.287,14.509,578202
2018-03-18,14.605,14.744,14.406,14.72,738630
2018-03-19,14.724,15.281,14.724,15.09,1478999
2018-03-20,14.366,14.485,14.008,14.402,1653356
2018-03-21,14.386,15.281,14.287,14.792,1729385
2018-03-22,15.043,15.082,14.744,14.939,688835
2018-03-25,15.222,16.197,15.222,15.671,3339415
2018-03-26,15.719,15.878,15.52,15.572,1441497
2018-03-27,15.54,15.858,15.48,15.624,1847452
2018-03-28,15.679,15.918,15.48,15.552,1886120
2018-03-29,15.659,15.739,15.441,15.532,580242
2018-04-01,15.52,15.6,15.441,15.492,577712
2018-04-02,15.52,15.52,15.043,15.297,394403
2018-04-03,15.361,15.799,15.321,15.488,1499969
2018-04-04,15.56,15.56,15.242,15.317,565577
2018-04-05,15.261,15.421,15.003,15.106,857302
2018-04-08,15.122,15.162,14.784,15.027,557237
2018-04-09,15.122,15.142,14.923,14.979,594422
2018-04-10,14.963,15.222,14.883,15.138,716595
2018-04-11,15.182,15.202,14.446,14.772,306159
2018-04-12,15.082,15.082,14.267,14.541,505736
2018-04-15,14.684,14.804,14.645,14.696,435984
2018-04-16,14.724,15.082,14.724,14.856,530098
2018-04-17,14.963,15.202,14.844,15.182,941885
2018-04-18,15.321,15.52,15.242,15.293,790561
2018-04-19,15.421,15.421,15.122,15.198,317407
2018-04-22,15.122,15.401,15.082,15.325,485706
2018-04-23,15.321,15.381,15.082,15.114,638367
2018-04-24,15.082,15.202,14.804,14.931,432725
2018-04-25,14.824,14.943,14.724,14.911,262511
2018-04-26,14.744,14.923,14.684,14.907,158376
2018-04-29,14.963,14.963,14.784,14.808,110571
2018-04-30,14.764,14.844,14.406,14.824,231995
2018-05-01,14.724,15.063,14.724,14.812,226132
2018-05-02,14.844,14.844,14.724,14.84,183406
2018-05-03,14.724,14.724,14.605,14.716,129382
2018-05-06,14.764,14.844,14.565,14.744,209002
2018-05-07,14.525,14.704,14.525,14.688,130485
2018-05-08,14.585,14.605,14.048,14.434,355756
2018-05-09,13.968,14.127,13.61,13.678,294098
2018-05-10,13.53,13.928,13.351,13.881,451563
2018-05-13,13.928,14.207,13.928,14.111,182811
2018-05-14,14.207,14.207,13.968,14.02,135089
2018-05-15,13.908,14.167,13.908,13.936,178501
2018-05-16,13.988,14.008,13.411,13.53,281759
2018-05-17,13.729,13.789,13.53,13.57,69360
2018-05-20,13.61,13.69,13.491,13.534,85885
2018-05-21,13.53,13.67,13.53,13.666,83608
2018-05-22,13.63,13.65,13.53,13.57,162504
2018-05-23,13.55,13.59,13.491,13.574,110186
2018-05-24,13.57,13.57,13.53,13.566,72830
2018-05-27,13.53,13.61,13.53,13.61,65995
2018-05-28,13.61,13.709,13.55,13.61,163238
2018-05-29,13.61,13.63,13.511,13.511,160999
2018-05-30,13.451,13.511,13.391,13.391,99567
2018-05-31,13.331,13.411,13.212,13.292,91443
2018-06-03,13.53,13.53,13.212,13.511,137654
2018-06-04,13.511,14.724,13.511,14.386,654319
2018-06-05,14.326,14.565,14.088,14.346,308647
2018-06-06,14.406,14.406,14.247,14.306,158609
2018-06-07,14.366,14.406,14.247,14.287,69782
2018-06-10,14.267,14.267,14.247,14.247,71539
2018-06-11,14.326,14.346,13.928,14.346,114320
2018-06-12,14.326,14.326,14.048,14.127,99145
2018-06-20,14.326,14.326,13.988,14.008,43663
2018-06-21,13.988,14.187,13.988,14.088,26360
2018-06-24,14.127,14.326,14.127,14.287,38326
2018-06-25,14.326,14.326,14.088,14.287,110945
2018-06-26,14.267,14.287,14.068,14.068,53921
2018-06-27,14.088,14.306,14.088,14.287,102615
2018-06-28,14.306,14.326,14.207,14.227,108259
2018-07-01,14.207,14.207,14.107,14.127,47646
2018-07-02,13.968,14.127,13.928,14.127,25124
2018-07-03,14.366,15.202,14.366,14.585,1202195
2018-07-04,14.485,14.605,14.287,14.326,181828
2018-07-05,14.326,14.326,14.127,14.227,279108
2018-07-08,14.127,14.287,14.127,14.187,59663
2018-07-09,14.048,14.167,13.829,14.127,192686
2018-07-10,14.008,14.127,14.008,14.068,87448
2018-07-11,13.928,14.247,13.928,14.088,71172
2018-07-12,14.088,14.107,13.928,14.107,120796
2018-07-15,14.107,14.127,14.048,14.068,75929
2018-07-16,14.068,14.088,13.968,14.048,63761
2018-07-17,13.968,14.028,13.948,14.008,44317
2018-07-18,13.928,13.948,13.67,13.809,286089
2018-07-19,13.729,13.769,13.65,13.709,174903
2018-07-22,13.709,13.789,13.69,13.729,31627
2018-07-23,13.769,13.769,13.61,13.61,36449
2018-07-24,13.61,13.61,13.351,13.411,299327
2018-07-25,13.411,13.411,13.312,13.331,46420
2018-07-26,13.272,13.292,13.232,13.252,26370
2018-07-29,13.53,13.53,13.132,13.272,162705
2018-07-30,13.292,13.331,13.272,13.331,67619
2018-07-31,13.331,13.53,13.252,13.411,172370
2018-08-01,13.451,13.451,13.252,13.331,146673
2018-08-02,13.252,13.292,13.172,13.292,41636
2018-08-05,13.172,13.351,13.172,13.292,46913
2018-08-06,13.232,13.232,13.152,13.172,66789
2018-08-07,13.132,13.331,13.132,13.292,51107
2018-08-08,13.292,13.391,13.252,13.292,105171
2018-08-09,13.252,13.69,13.232,13.292,295877
2018-08-12,13.292,13.331,13.093,13.152,96436
2018-08-13,13.132,13.132,12.356,12.914,195031
2018-08-14,12.695,12.933,12.695,12.854,144927
2018-08-15,12.814,12.814,12.536,12.715,101680
2018-08-16,12.496,12.894,12.496,12.834,43332
2018-08-26,12.734,12.933,12.734,12.794,82934
2018-08-27,12.874,13.272,12.834,13.093,227527
2018-08-28,13.113,13.113,12.933,13.013,116393
2018-08-29,13.013,13.073,12.774,12.933,74330
2018-08-30,12.774,13.073,12.774,13.073,58258
2018-09-02,13.053,13.093,12.894,12.933,88294
2018-09-03,12.933,12.933,12.854,12.933,24186
2018-09-04,12.874,13.093,12.874,12.973,87468
2018-09-05,12.854,12.854,12.157,12.536,197450
2018-09-06,12.177,12.496,11.939,12.317,150427
2018-09-09,12.317,12.715,12.317,12.555,62382
2018-09-10,12.715,12.734,12.536,12.575,25480
2018-09-11,12.396,12.675,12.337,12.675,56489
2018-09-12,12.456,12.456,12.138,12.337,92418
2018-09-13,12.337,12.416,12.157,12.217,110229
2018-09-16,12.157,12.257,12.038,12.237,51215
2018-09-17,12.257,12.655,12.257,12.655,86942
2018-09-18,12.516,12.814,12.516,12.814,91415
2018-09-19,12.675,12.814,12.536,12.635,86420
2018-09-20,12.635,12.635,12.416,12.496,59175
2018-09-25,12.675,12.675,12.555,12.575,79457
2018-09-26,12.516,12.774,12.476,12.595,106580
2018-09-27,12.536,12.536,12.436,12.436,99358
2018-09-30,12.635,12.655,12.555,12.555,102821
2018-10-01,12.695,12.695,12.575,12.655,65558
2018-10-02,12.734,12.734,12.536,12.655,43364
2018-10-03,12.536,12.774,12.536,12.774,37077
2018-10-04,12.655,12.655,12.516,12.595,213234
2018-10-07,12.456,12.496,11.521,12.416,147148
2018-10-08,12.436,12.436,12.098,12.217,68712
2018-10-09,12.058,12.237,12.058,12.098,66724
2018-10-10,12.118,12.138,12.038,12.138,33811
2018-10-11,11.541,11.859,11.541,11.62,308303
2018-10-14,11.541,11.58,10.466,10.466,511073
2018-10-15,10.466,10.904,10.446,10.665,454353
2018-10-16,10.586,10.864,10.446,10.486,478308
2018-10-17,10.526,10.745,10.506,10.566,171289
2018-10-18,10.566,10.625,10.426,10.506,294276
2018-10-21,9.471,10.327,9.471,10.307,400382
2018-10-22,10.048,10.148,9.941,10.108,287634
2018-10-23,9.949,10.426,9.949,10.168,334713
2018-10-24,10.207,10.347,10.148,10.188,212301
2018-10-25,10.168,10.546,10.068,10.347,315263
2018-10-28,10.227,10.824,10.227,10.625,506937
2018-10-29,10.785,10.944,10.745,10.904,620021
2018-10-30,10.844,11.003,10.824,10.904,458597
2018-10-31,10.904,11.083,10.824,10.864,578146
2018-11-01,10.944,11.182,10.804,10.904,857408
2018-11-04,10.904,10.944,10.745,10.785,334542
2018-11-05,10.745,10.884,10.665,10.685,374278
2018-11-06,10.645,10.785,10.625,10.665,154051
2018-11-07,11.202,11.541,10.984,11.143,2301714
2018-11-08,11.182,11.222,10.944,11.043,519602
2018-11-11,10.964,10.964,10.785,10.864,418180
2018-11-12,10.864,11.063,10.864,10.904,325315
2018-11-13,11.003,11.043,10.844,11.043,305089
2018-11-14,10.904,11.461,10.864,11.262,1337530
2018-11-15,11.302,11.68,11.302,11.421,1133011
2018-11-18,11.401,11.541,11.143,11.143,317827
2018-11-19,11.262,11.262,11.043,11.063,211749
2018-11-20,11.143,11.143,10.944,10.944,98404
2018-11-21,10.984,10.984,10.745,10.884,385299
2018-11-22,11.023,11.262,10.944,11.242,251510
2018-11-25,11.143,11.143,11.023,11.063,86158
2018-11-26,11.003,11.003,10.745,10.904,109907
2018-11-27,10.944,11.143,10.944,11.063,189176
2018-11-28,11.043,11.043,10.745,11.003,419050
2018-11-29,11.003,11.182,10.944,11.182,339266
2018-12-02,11.222,11.381,11.163,11.242,363422
2018-12-03,11.222,11.64,11.143,11.342,1203939
2018-12-04,11.342,11.461,11.302,11.342,285815
2018-12-05,11.322,11.401,11.322,11.381,135888
2018-12-06,11.421,11.541,11.302,11.401,285534
2018-12-09,11.461,11.481,11.342,11.381,174360
2018-12-10,11.461,11.461,11.282,11.302,108317
2018-12-11,11.302,11.381,11.282,11.381,82432
2018-12-12,11.381,11.381,11.322,11.362,123394
2018-12-13,11.342,11.481,11.342,11.342,259581
2018-12-16,11.441,11.441,11.322,11.342,124957
2018-12-17,11.342,11.421,11.262,11.342,564790
2018-12-18,11.222,11.461,11.222,11.322,353353
2018-12-19,11.262,11.262,11.182,11.182,149787
2018-12-20,11.202,11.202,10.705,10.785,410051
2018-12-23,10.347,10.625,10.347,10.526,503389
2018-12-24,10.586,10.645,10.526,10.645,305375
2018-12-25,10.546,10.745,10.506,10.745,179255
2018-12-26,10.745,10.864,10.705,10.824,127093
2018-12-27,10.864,11.063,10.824,11.063,222702
2018-12-30,11.103,11.282,10.944,11.282,244119
2018-12-31,11.222,11.859,11.143,11.72,828573
2019-01-01,11.74,11.779,11.421,11.421,475853
2019-01-02,11.401,11.561,11.362,11.362,137916
2019-01-03,11.342,11.461,11.143,11.461,188027
2019-01-06,11.521,11.521,11.401,11.501,83457
2019-01-07,11.501,11.64,11.501,11.58,178509
2019-01-08,11.421,11.521,11.421,11.521,148226
2019-01-09,11.541,11.541,11.501,11.541,161876
2019-01-10,11.58,11.58,11.401,11.481,160403
2019-01-13,11.381,11.501,11.282,11.342,316306
2019-01-14,11.322,11.322,11.182,11.222,203032
2019-01-15,11.262,11.322,11.143,11.202,343850
2019-01-16,11.282,11.401,11.143,11.242,511083
2019-01-17,11.222,11.501,11.143,11.501,429727
2019-01-20,11.501,11.541,11.302,11.381,314665
2019-01-21,11.362,11.381,11.262,11.302,289529
2019-01-22,11.182,11.222,11.143,11.143,457607
2019-01-23,11.163,11.262,11.163,11.202,125140
2019-01-24,11.202,11.66,11.202,11.342,1712514
2019-01-27,11.342,11.461,11.222,11.222,736655
2019-01-28,11.302,11.342,11.202,11.282,890718
2019-01-29,11.242,11.302,11.182,11.302,873618
2019-01-30,11.242,11.302,11.163,11.222,915440
2019-01-31,11.222,11.242,11.103,11.182,1124540
2019-02-03,11.143,11.202,11.103,11.182,528475
2019-02-04,11.182,11.262,11.103,11.202,1072051
2019-02-05,11.222,11.222,11.123,11.163,671992
2019-02-06,11.381,11.66,11.182,11.322,6457542
2019-02-07,11.342,11.381,11.123,11.123,1967059
2019-02-10,11.143,11.182,10.944,10.944,1068162
2019-02-11,10.944,11.023,10.904,10.944,538121
2019-02-12,10.944,11.103,10.924,11.083,952814
2019-02-13,11.083,11.103,10.964,11.003,400676
2019-02-14,10.984,11.103,10.984,11.103,447628
2019-02-17,11.083,11.163,11.003,11.143,582426
2019-02-18,11.143,11.163,10.984,11.043,534113
2019-02-19,11.003,11.023,10.944,10.944,287293
2019-02-20,10.884,11.003,10.884,10.984,504628
2019-02-21,10.944,11.003,10.884,10.984,148206
2019-02-24,10.964,11.003,10.884,10.964,291007
2019-02-25,10.904,10.944,10.785,10.904,500572
2019-02-26,10.904,10.924,10.864,10.924,103613
2019-02-27,10.924,10.924,10.804,10.884,245828
2019-02-28,10.884,10.884,10.804,10.804,220790
2019-03-03,10.824,10.944,10.824,10.904,493757
2019-03-04,10.904,10.924,10.745,10.745,916767
2019-03-05,10.765,10.785,10.705,10.745,2074346
2019-03-06,10.824,10.824,10.705,10.745,831840
2019-03-07,10.745,10.765,10.645,10.685,542589
2019-03-10,10.685,10.745,10.645,10.665,381118
2019-03-11,10.685,10.705,10.586,10.625,309572
2019-03-12,10.566,10.645,10.566,10.645,363083
2019-03-13,10.586,10.785,10.586,10.765,461057
2019-03-14,10.745,10.944,10.725,10.884,1409865
2019-03-17,10.904,10.944,10.804,10.824,336809
2019-03-18,10.864,11.123,10.844,11.103,1622622
2019-03-19,11.103,11.182,10.984,11.063,875664
2019-03-20,11.063,11.063,10.944,10.964,437524
2019-03-21,10.964,11.063,10.944,11.063,382095
2019-03-24,10.984,11.043,10.944,11.023,499386
2019-03-25,10.984,11.023,10.924,10.964,437944
2019-03-26,10.944,10.984,10.924,10.984,292532
2019-03-27,10.964,11.242,10.944,11.242,1639847
2019-03-28,11.242,11.262,11.143,11.143,823122
2019-03-31,10.904,10.904,10.685,10.745,1410385
2019-04-01,10.745,10.785,10.705,10.725,502997
2019-04-02,10.725,10.924,10.705,10.924,521803
2019-04-03,10.884,10.904,10.765,10.904,422683
2019-04-04,10.904,11.043,10.864,10.944,622998
2019-04-07,10.944,11.103,10.884,11.043,458559
2019-04-08,11.063,11.103,10.864,11.103,587208
2019-04-09,11.083,11.123,11.003,11.043,496373
2019-04-10,11.043,11.182,11.023,11.023,423867
2019-04-11,10.944,11.043,10.904,10.924,422909
2019-04-14,10.904,10.904,10.745,10.844,495312
2019-04-15,10.844,10.844,10.745,10.765,206107
2019-04-16,10.765,10.844,10.745,10.785,336278
2019-04-17,10.824,10.844,10.725,10.785,490020
2019-04-18,10.785,10.785,10.745,10.785,141783
2019-04-21,10.785,10.824,10.745,10.804,376610
2019-04-22,10.785,10.785,10.745,10.745,214153
2019-04-23,10.765,11.023,10.745,10.864,634960
2019-04-24,10.844,10.864,10.765,10.844,371273
2019-04-25,10.785,10.824,10.745,10.765,206374
2019-04-28,10.745,10.804,10.745,10.745,304242
2019-04-29,10.745,10.765,10.705,10.765,113888
2019-04-30,10.745,10.964,10.745,10.864,973160
2019-05-01,10.804,10.904,10.804,10.904,175184
2019-05-02,10.904,10.904,10.725,10.725,675914
2019-05-05,10.745,10.824,10.705,10.804,316150
2019-05-06,10.785,10.785,10.645,10.665,183280
2019-05-07,10.705,10.725,10.665,10.725,158994
2019-05-08,10.645,10.665,10.466,10.506,182326
2019-05-09,10.586,10.586,10.307,10.506,576689
2019-05-12,10.009,10.267,10.009,10.188,184391
2019-05-13,10.028,10.028,9.551,9.845,473214
2019-05-14,9.758,9.969,9.352,9.75,567075
2019-05-15,9.79,9.949,9.742,9.949,495518
2019-05-16,9.782,9.941,9.782,9.941,154413
2019-05-19,9.798,9.829,9.71,9.71,97672
2019-05-20,9.623,9.623,9.384,9.551,187449
2019-05-21,9.551,9.551,9.424,9.447,596040
2019-05-22,9.455,9.487,9.408,9.471,398625
2019-05-23,9.471,9.471,9.392,9.431,293314
2019-05-26,9.416,9.416,9.113,9.153,646519
2019-05-27,9.153,9.471,9.081,9.129,429621
2019-05-28,9.153,9.623,9.129,9.623,1757492
2019-05-29,9.312,9.392,9.312,9.352,143374
2019-05-30,9.447,9.447,9.113,9.225,1024536
2019-06-09,9.312,9.312,9.256,9.28,396240
2019-06-10,9.288,9.471,9.288,9.352,1240242
2019-06-11,9.424,9.471,9.368,9.463,653276
2019-06-12,9.487,9.893,9.471,9.742,1211347
2019-06-13,9.734,9.734,9.551,9.607,753197
2019-06-16,9.638,9.734,9.607,9.646,404960
2019-06-17,9.67,9.774,9.646,9.75,746498
2019-06-18,9.75,10.227,9.75,10.108,1383171
2019-06-19,10.068,10.128,9.989,10.048,712584
2019-06-20,9.969,10.028,9.869,9.869,1134287
2019-06-23,9.869,9.869,9.376,9.376,1274063
2019-06-24,9.392,9.463,9.312,9.384,669587
2019-06-25,9.352,9.591,9.153,9.424,560893
2019-06-26,9.431,9.519,9.392,9.424,508382
2019-06-27,9.471,9.519,9.455,9.495,310846
2019-06-30,9.551,9.63,9.527,9.63,520416
2019-07-01,9.638,9.654,9.607,9.607,192065
2019-07-02,9.599,9.646,9.591,9.63,253078
2019-07-03,9.591,9.646,9.591,9.623,150749
2019-07-04,9.615,9.646,9.607,9.638,149729
2019-07-07,9.662,9.662,9.623,9.63,192407
2019-07-08,9.623,9.623,9.591,9.615,142386
2019-07-09,9.615,9.646,9.607,9.607,123683
2019-07-10,9.63,9.63,9.551,9.551,180557
2019-07-11,9.551,9.623,9.551,9.623,168563
2019-07-14,9.623,9.71,9.623,9.63,546032
2019-07-15,9.646,9.79,9.638,9.734,605662
2019-07-16,9.734,9.941,9.734,9.869,765925
2019-07-17,9.909,10.068,9.869,9.989,851842
2019-07-18,9.989,9.989,9.909,9.909,272128
2019-07-21,9.901,9.949,9.63,9.877,437871
2019-07-22,9.869,9.869,9.798,9.845,195144
2019-07-23,9.798,9.798,9.734,9.742,95705
2019-07-24,9.853,10.068,9.829,9.869,564059
2019-07-25,9.893,9.933,9.877,9.933,83816
2019-07-28,9.893,9.941,9.829,9.909,333600
2019-07-29,9.901,9.925,9.853,9.861,97230
2019-07-30,9.909,9.909,9.766,9.829,148608
2019-07-31,9.829,9.909,9.829,9.885,209791
2019-08-01,9.829,9.885,9.766,9.806,176521
2019-08-04,9.646,9.79,9.638,9.734,421874
2019-08-05,9.726,9.75,9.63,9.638,132078
2019-08-06,9.591,9.694,9.551,9.694,162346
2019-08-07,9.694,9.758,9.67,9.67,144861
2019-08-08,9.71,9.71,9.623,9.71,394421
2019-08-18,9.75,9.798,9.726,9.782,169244
2019-08-19,9.853,9.853,9.766,9.766,116403
2019-08-20,9.782,9.798,9.75,9.75,55356
2019-08-21,9.75,9.758,9.734,9.75,190100
2019-08-22,9.71,9.71,9.63,9.694,164997
2019-08-25,9.654,9.654,9.439,9.599,320581
2019-08-26,9.479,9.758,9.479,9.559,256148
2019-08-27,9.782,9.782,9.686,9.75,981805
2019-08-28,9.75,9.885,9.734,9.75,181612
2019-08-29,9.718,9.766,9.694,9.766,114908
2019-09-01,9.567,9.75,9.567,9.75,158295
2019-09-02,9.71,9.766,9.591,9.766,237460
2019-09-03,9.758,9.829,9.75,9.829,146155
2019-09-04,9.782,9.909,9.782,9.909,122489
2019-09-05,9.949,10.088,9.949,9.949,271502
2019-09-08,9.949,10.108,9.933,9.933,172267
2019-09-09,9.969,10.128,9.949,10.009,261677
2019-09-10,10.009,10.009,9.901,9.933,168115
2019-09-11,9.949,9.949,9.766,9.798,109463
2019-09-12,9.853,9.909,9.853,9.909,40417
2019-09-15,9.71,9.869,9.551,9.869,77399
2019-09-16,9.901,9.949,9.901,9.949,185731
2019-09-17,9.969,9.989,9.909,9.949,92828
2019-09-18,9.861,9.949,9.861,9.949,79158
2019-09-19,9.989,10.048,9.71,10.048,620212
2019-09-22,10.048,10.068,9.989,9.989,68820
2019-09-24,9.989,10.028,9.949,10.028,147927
2019-09-25,10.068,10.068,10.009,10.048,130983
2019-09-26,10.028,10.387,9.969,10.128,504726
2019-09-29,10.088,10.307,10.088,10.207,187133
2019-09-30,10.128,10.506,10.128,10.506,397763
2019-10-01,10.625,10.665,10.466,10.546,411478
2019-10-02,10.546,10.625,10.307,10.466,176365
2019-10-03,10.287,10.486,10.267,10.347,226760
2019-10-06,10.347,10.506,10.347,10.466,140675
2019-10-07,10.506,10.546,10.307,10.387,417680
2019-10-08,10.387,10.426,10.247,10.426,146447
2019-10-09,10.387,10.426,10.247,10.247,101703
2019-10-10,10.247,10.367,10.088,10.367,105075
2019-10-13,10.347,10.347,10.188,10.327,129153
2019-10-14,10.188,10.327,10.148,10.307,116742
2019-10-15,10.188,10.307,10.048,10.307,172324
2019-10-16,10.188,10.347,10.088,10.347,134345
2019-10-17,10.307,10.327,10.207,10.327,84578
2019-10-20,10.367,10.546,10.267,10.446,185122
2019-10-21,10.347,10.446,10.307,10.446,79909
2019-10-22,10.426,10.446,10.347,10.446,92818
2019-10-23,10.466,10.466,10.387,10.446,63193
2019-10-24,10.387,10.406,10.347,10.367,99120
2019-10-27,10.566,10.844,10.566,10.685,693939
2019-10-28,10.725,10.745,10.446,10.566,255201
2019-10-29,10.466,10.466,10.048,10.267,164997
2019-10-30,10.148,10.426,10.148,10.426,213540
2019-10-31,10.327,10.347,10.128,10.128,104902
2019-11-03,10.048,10.188,9.949,9.989,144640
2019-11-04,10.108,10.128,10.108,10.128,56730
2019-11-05,10.108,10.287,10.108,10.247,96748
2019-11-06,10.227,10.227,10.128,10.128,93511
2019-11-07,10.128,10.267,10.128,10.188,56155
2019-11-10,10.625,10.804,10.446,10.466,550379
2019-11-11,10.367,10.506,10.367,10.387,67968
2019-11-12,10.267,10.546,10.227,10.426,323606
2019-11-13,10.387,10.486,10.327,10.327,152837
2019-11-14,10.267,10.347,10.247,10.327,50918
2019-11-17,10.207,10.247,10.188,10.247,159192
2019-11-18,10.227,10.227,10.148,10.207,137592
2019-11-19,10.207,10.247,10.148,10.227,81977
2019-11-20,10.426,10.426,10.247,10.247,85362
2019-11-21,10.307,10.347,10.267,10.347,104485
2019-11-24,10.347,10.426,10.148,10.188,130716
2019-11-25,10.247,10.287,10.068,10.267,154428
2019-11-26,10.267,10.347,10.108,10.347,227939
2019-11-27,10.188,10.426,10.188,10.267,232751
2019-11-28,10.307,10.347,10.148,10.188,169357
2019-12-01,10.267,10.347,10.148,10.247,256470
2019-12-02,10.188,10.267,10.188,10.207,84022
2019-12-03,10.188,10.247,10.148,10.188,106621
2019-12-04,10.148,10.227,10.148,10.227,98770
2019-12-05,10.188,10.267,10.168,10.168,55406
2019-12-08,10.267,10.307,10.168,10.307,172985
2019-12-09,10.287,10.287,10.188,10.227,188711
2019-12-10,10.188,10.267,10.108,10.267,332554
2019-12-11,10.168,10.347,10.168,10.227,155410
2019-12-12,10.227,10.227,10.148,10.148,134320
2019-12-15,10.148,10.188,10.068,10.188,146615
2019-12-16,10.267,10.526,10.247,10.466,514714
2019-12-17,10.387,10.387,10.307,10.307,221516
2019-12-18,10.327,10.347,10.287,10.327,133079
2019-12-19,10.327,10.327,10.227,10.327,429568
2019-12-22,10.347,10.446,10.347,10.406,403261
2019-12-23,10.446,10.705,10.426,10.625,855224
2019-12-24,10.526,10.665,10.506,10.665,369956
2019-12-25,10.665,10.824,10.665,10.745,602207
2019-12-26,10.745,11.083,10.625,11.003,951592
2019-12-29,10.904,11.262,10.904,11.143,1160597
2019-12-30,11.103,11.222,10.984,10.984,432187
2019-12-31,10.844,11.003,10.824,10.984,274739
2020-01-01,10.984,11.103,10.904,10.944,196832
2020-01-02,11.023,11.103,10.964,11.063,279151
2020-01-05,10.944,10.944,10.745,10.745,252289
2020-01-06,10.785,10.785,10.486,10.725,479403
2020-01-07,10.745,10.824,10.645,10.645,255354
2020-01-08,10.347,10.586,10.347,10.486,269645
2020-01-09,10.785,10.864,10.546,10.785,315877
2020-01-12,10.804,10.884,10.804,10.864,232545
2020-01-13,10.884,11.222,10.844,11.103,1049742
2020-01-14,11.143,11.302,11.143,11.182,563062
2020-01-15,11.182,11.222,10.924,10.924,212317
2020-01-16,10.944,11.103,10.864,11.043,176018
2020-01-19,11.143,11.143,10.984,11.023,163942
2020-01-20,11.043,11.043,10.924,10.964,326576
2020-01-21,11.003,11.063,10.964,11.003,280669
2020-01-22,10.964,11.003,10.944,10.964,150460
2020-01-23,10.964,10.964,10.844,10.864,241079
2020-01-26,10.785,10.944,10.765,10.844,242009
2020-01-27,10.844,10.844,10.765,10.765,155420
2020-01-28,10.745,10.785,10.625,10.745,165017
2020-01-29,10.685,10.745,10.665,10.705,138926
2020-01-30,10.745,10.804,10.705,10.725,205688
2020-02-02,10.665,10.705,10.605,10.705,116386
2020-02-03,10.864,11.202,10.864,11.083,1439308
2020-02-04,11.063,11.063,10.864,10.964,249901
2020-02-05,10.984,11.242,10.904,11.202,712868
2020-02-06,11.262,11.58,10.984,11.063,2587693
2020-02-09,11.063,11.421,10.904,11.023,2177258
2020-02-10,11.063,11.123,10.944,11.063,468960
2020-02-11,11.103,11.103,10.864,10.864,227627
2020-02-12,10.864,10.864,10.665,10.765,308031
2020-02-13,10.844,10.844,10.665,10.665,436431
2020-02-16,10.725,10.745,10.645,10.645,201144
2020-02-17,10.745,10.745,10.566,10.566,255377
2020-02-18,10.625,10.785,10.586,10.625,706880
2020-02-19,10.665,10.765,10.566,10.765,474971
2020-02-20,10.745,10.924,10.665,10.824,1265446
2020-02-23,10.824,11.262,10.824,11.182,1651751
2020-02-24,11.143,11.143,10.526,10.526,1478482
2020-02-25,10.605,10.665,10.446,10.645,451455
2020-02-26,10.486,10.625,10.466,10.586,310590
2020-02-27,10.466,10.466,10.207,10.267,298905
2020-03-01,9.869,10.168,9.615,10.009,363500
2020-03-02,9.989,10.267,9.909,9.909,675530
2020-03-03,10.048,10.108,9.909,10.108,542720
2020-03-04,10.009,10.466,9.949,10.347,858672
2020-03-05,10.446,10.546,10.267,10.307,377276
2020-03-08,9.599,9.933,9.28,9.28,590949
2020-03-09,8.357,8.357,8.357,8.357,2063309
2020-03-10,8.556,8.938,8.277,8.874,1786078
2020-03-11,8.874,9.479,8.596,8.978,1956488
2020-03-12,8.357,8.954,8.349,8.922,352600
2020-03-15,9.153,9.193,8.675,8.946,438439
2020-03-16,8.118,8.954,8.118,8.285,656409
2020-03-17,8.715,8.715,8.285,8.5,495918
2020-03-18,8.468,8.572,8.277,8.277,1372986
2020-03-19,8.277,8.532,8.198,8.46,2801997
2020-03-22,8.421,8.421,8.238,8.301,537162
2020-03-23,8.214,8.349,8.031,8.277,408061
2020-03-24,8.357,8.516,8.333,8.492,844952
2020-03-25,8.357,8.572,8.277,8.357,2171355
2020-03-26,8.317,8.453,8.317,8.437,335070
2020-03-29,8.421,8.5,8.421,8.484,553837
2020-03-30,8.484,8.5,8.421,8.437,607371
2020-03-31,8.492,8.715,8.492,8.715,978020
2020-04-01,8.755,8.874,8.715,8.827,683634
2020-04-02,8.85,9.041,8.835,9.002,879908
2020-04-05,9.193,9.431,9.081,9.264,961729
2020-04-06,9.248,10.028,9.24,10.009,1742206
2020-04-07,10.188,10.586,10.108,10.526,1978209
2020-04-08,10.765,11.242,10.765,10.984,3485100
2020-04-09,11.023,11.103,10.546,10.605,1677754
2020-04-12,10.745,11.043,10.605,10.864,1657432
2020-04-13,11.043,11.103,10.765,10.765,1338085
2020-04-14,10.844,11.023,10.625,11.023,1002234
2020-04-15,11.103,11.123,10.864,10.924,954769
2020-04-16,10.904,11.7,10.864,11.182,4123762
2020-04-19,11.342,11.541,11.262,11.461,1661963
2020-04-20,11.421,11.521,11.222,11.421,1323355
2020-04-21,11.103,11.421,10.984,11.182,1407267
2020-04-22,11.083,11.222,11.003,11.083,961096
2020-04-23,11.103,11.262,11.103,11.182,641616
2020-04-26,11.342,11.441,11.222,11.362,1132732
2020-04-27,11.362,11.541,11.242,11.421,826769
2020-04-28,11.342,11.461,11.282,11.322,417014
2020-04-29,11.342,11.819,11.322,11.58,2509819
2020-04-30,11.481,11.919,11.481,11.7,2217506
2020-05-03,11.143,11.202,10.546,10.546,1399947
2020-05-04,10.148,11.202,9.989,10.924,1545276
2020-05-05,11.342,11.342,10.605,10.745,1540024
2020-05-06,11.222,11.776,10.926,11.49,1965626
2020-05-07,11.461,11.557,11.165,11.26,973296
2020-05-10,11.27,11.461,10.993,11.089,1390483
2020-05-11,10.124,11.442,10.124,11.28,2939908
2020-05-12,11.423,11.814,11.413,11.547,4667258
2020-05-13,11.451,11.528,11.203,11.318,1990497
2020-05-14,11.318,11.318,11.089,11.117,688423
2020-05-17,11.108,11.28,11.041,11.079,1559248
2020-05-18,11.127,11.127,11.003,11.022,1974513
2020-05-19,11.079,11.098,10.964,10.964,1845210
2020-05-20,10.964,10.974,10.878,10.907,1030666
2020-05-21,10.964,10.964,10.84,10.85,1494877
2020-05-31,11.127,11.194,10.907,11.127,5749235
2020-06-01,11.155,11.394,11.089,11.194,4076560
2020-06-02,11.27,11.919,11.232,11.604,8482739
2020-06-03,11.614,12.416,11.557,12.201,8964041
2020-06-04,12.13,12.512,12.106,12.321,9204145
2020-06-07,12.416,13.491,12.345,13.467,5375608
2020-06-08,13.443,14.279,13.276,13.371,8181882
2020-06-09,13.371,13.467,13.085,13.109,2537660
2020-06-10,13.109,13.61,13.109,13.514,3186985
2020-06-11,13.371,13.562,13.3,13.419,2432074
2020-06-14,13.323,13.467,13.228,13.276,1405664
2020-06-15,13.204,13.228,12.822,12.894,2072031
2020-06-16,13.132,13.371,13.037,13.085,2518135
2020-06-17,13.132,13.228,13.037,13.156,2137962
2020-06-18,13.252,13.443,13.013,13.419,3901355
2020-06-21,13.514,13.729,13.3,13.61,5632025
2020-06-22,13.634,14.541,13.61,13.992,8996436
2020-06-23,14.064,14.732,13.849,14.541,6487406
2020-06-24,14.565,14.565,13.562,13.777,8077963
2020-06-25,13.753,13.801,13.276,13.443,3351956
2020-06-28,13.467,13.514,13.276,13.3,1409691
2020-06-29,13.323,13.634,13.276,13.419,2230222
2020-06-30,13.491,13.491,13.323,13.347,1226357
2020-07-01,13.323,13.682,13.323,13.538,1638307
2020-07-02,13.586,13.682,13.562,13.586,636388
2020-07-05,13.682,13.849,13.682,13.825,1242306
2020-07-06,13.873,14.04,13.777,13.873,1533726
2020-07-07,13.92,14.111,13.897,13.897,984425
2020-07-08,13.92,14.183,13.92,14.016,1191481
2020-07-09,14.088,14.159,14.04,14.04,633873
2020-07-12,14.135,14.255,14.016,14.04,1179897
2020-07-13,14.064,14.231,14.064,14.159,1095686
2020-07-14,14.04,14.541,14.016,14.302,2475992
2020-07-15,14.326,14.613,14.255,14.565,1484248
2020-07-16,14.565,14.565,14.374,14.565,841913
2020-07-19,14.565,14.565,14.422,14.565,823506
2020-07-20,14.398,14.446,13.897,14.183,1237912
2020-07-21,14.279,14.493,14.159,14.422,663253
2020-07-22,14.565,15.043,14.541,14.684,2945139
2020-07-23,14.708,15.114,14.684,14.732,2507382
2020-07-26,14.732,14.804,14.541,14.589,525378
2020-07-27,14.661,14.661,14.47,14.589,240828
2020-07-28,14.422,14.565,14.326,14.47,468875
2020-08-05,14.517,14.852,14.422,14.684,742102
2020-08-06,14.684,15.043,14.565,14.947,1261181
2020-08-09,14.899,15.09,14.756,14.804,2809440
2020-08-10,14.804,14.923,14.684,14.708,1317708
2020-08-11,14.756,14.923,14.732,14.875,1203134
2020-08-12,14.875,15.043,14.756,14.971,1467447
2020-08-13,15.019,15.186,14.971,15.066,1967324
2020-08-16,14.995,15.019,14.875,14.947,759290
2020-08-17,15.066,15.114,14.78,14.971,1277153
2020-08-18,14.971,15.377,14.852,15.21,4242635
2020-08-19,15.234,15.425,14.947,15.21,1949150
2020-08-20,15.162,15.64,15.138,15.425,2785811
2020-08-23,15.52,15.52,15.305,15.472,781416
2020-08-24,15.425,15.854,15.425,15.711,2355806
2020-08-25,15.854,16.427,15.281,15.377,8667185
2020-08-26,15.377,15.401,15.162,15.305,3280499
2020-08-27,15.329,15.329,15.162,15.186,1375200
2020-08-30,15.186,15.186,14.995,15.138,1582760
2020-08-31,15.162,15.377,15.162,15.329,1998184
2020-09-01,15.329,15.711,15.066,15.138,5987917
2020-09-02,15.138,15.234,14.804,14.995,1795342
2020-09-03,15.019,15.162,14.947,15.019,1178104
2020-09-06,14.995,15.162,14.947,15.043,1108370
2020-09-07,15.019,15.305,15.019,15.234,2436287
2020-09-08,15.281,15.568,15.114,15.281,4824197
2020-09-09,15.234,15.329,15.019,15.138,1759611
2020-09-10,15.162,15.496,15.138,15.234,3187550
2020-09-13,15.329,16.284,15.329,16.141,12261873
2020-09-14,16.427,16.451,15.281,16.045,9708650
2020-09-15,16.141,16.165,15.759,15.831,2600498
2020-09-16,15.95,15.95,15.401,15.449,1922602
2020-09-17,15.377,15.735,15.186,15.52,2030125
2020-09-20,15.616,15.998,15.544,15.759,3940931
2020-09-21,15.735,15.759,15.449,15.544,1511975
2020-09-22,15.377,15.568,15.329,15.401,951434
2020-09-24,15.472,15.472,15.258,15.377,929815
2020-09-27,15.401,15.449,15.329,15.353,1579584
2020-09-28,15.377,15.425,15.281,15.281,2006950
2020-09-29,15.305,15.329,15.186,15.258,1091048
2020-09-30,15.186,15.377,15.09,15.305,1072508
2020-10-01,15.353,15.377,15.186,15.281,2104924
2020-10-04,15.281,15.305,14.995,14.995,817132
2020-10-05,14.899,15.114,14.708,15.114,911488
2020-10-06,15.186,15.496,15.019,15.377,3159256
2020-10-07,15.377,15.472,15.21,15.329,1459680
2020-10-08,15.329,15.449,15.21,15.258,828695
2020-10-11,15.281,15.353,15.234,15.281,821705
2020-10-12,15.281,15.544,15.234,15.329,3324185
2020-10-13,15.353,15.449,15.281,15.305,1628729
2020-10-14,15.305,15.353,15.21,15.21,1216017
2020-10-15,15.281,15.329,15.138,15.186,1072606
2020-10-18,15.305,15.329,15.186,15.234,1247495
2020-10-19,15.281,15.281,15.138,15.138,1601092
2020-10-20,15.043,15.401,14.947,15.21,2306586
2020-10-21,15.329,15.353,15.138,15.162,1873825
2020-10-22,15.043,15.21,14.995,15.043,836054
2020-10-25,15.019,15.09,13.562,13.562,917893
2020-10-26,13.586,14.231,13.204,13.777,999695
2020-10-27,13.801,13.825,13.538,13.825,491076
2020-10-28,13.849,14.135,13.634,13.729,864150
2020-10-29,13.443,13.514,13.204,13.514,626188
2020-11-01,13.467,13.538,13.371,13.443,244518
2020-11-02,13.443,13.705,13.443,13.705,422533
2020-11-03,13.705,13.777,13.443,13.562,459361
2020-11-04,13.61,14.398,13.586,14.398,2570034
2020-11-05,14.326,14.708,13.849,13.944,3001104
2020-11-08,13.777,14.446,13.777,14.326,1119211
2020-11-09,14.422,14.756,14.422,14.661,2041711
2020-11-10,14.804,14.947,14.326,14.637,2279099
2020-11-11,14.326,14.493,14.255,14.446,2350263
2020-11-12,14.446,14.517,14.279,14.35,626734
2020-11-15,14.422,14.804,13.849,14.756,1494951
2020-11-16,14.78,14.899,14.517,14.541,888294
2020-11-17,14.565,14.661,14.374,14.446,556666
2020-11-18,14.398,14.541,14.35,14.422,356945
2020-11-19,14.398,14.852,14.374,14.47,2194977
2020-11-22,14.47,14.541,14.35,14.35,597602
2020-11-23,14.35,14.374,14.279,14.374,391219
2020-11-24,14.398,14.493,14.374,14.446,606282
2020-11-25,14.47,14.565,14.374,14.398,707272
2020-11-26,14.326,14.35,14.255,14.326,638719
2020-11-29,14.374,14.565,14.326,14.446,1084067
2020-11-30,14.493,15.138,14.374,14.899,5591944
2020-12-01,14.875,15.043,14.708,14.875,2360126
2020-12-02,14.923,14.995,14.732,14.804,905978
2020-12-03,14.78,14.828,14.613,14.637,674845
2020-12-06,14.684,14.708,14.279,14.279,615119
2020-12-07,14.255,14.398,14.088,14.374,1198146
2020-12-08,14.35,14.35,14.088,14.207,1408048
2020-12-09,14.207,14.255,14.135,14.159,306439
2020-12-10,14.159,14.183,14.111,14.183,619757
2020-12-13,14.231,14.279,13.992,14.064,614530
2020-12-14,14.088,14.088,13.992,14.064,344369
2020-12-15,13.992,14.183,13.873,14.04,586185
2020-12-16,14.135,14.135,13.849,14.064,519234
2020-12-17,14.016,14.111,14.016,14.016,353951
2020-12-20,14.064,14.064,13.849,13.873,447381
2020-12-21,13.849,13.849,13.204,13.658,1136248
2020-12-22,13.61,13.944,13.61,13.801,890606
2020-12-23,13.944,14.04,13.849,13.944,537206
2020-12-24,13.992,14.207,13.944,13.968,711382
2020-12-27,14.064,14.088,13.897,13.897,570057
2020-12-28,13.897,14.04,13.873,14.04,481242
2020-12-29,14.04,14.159,13.944,14.064,653354
2020-12-30,14.064,15.114,14.04,14.613,11659940
2020-12-31,14.637,14.708,14.231,14.231,3557160
2021-01-03,14.231,14.374,13.873,13.92,1616039
2021-01-04,14.016,14.088,13.92,14.088,436054
2021-01-05,14.326,14.661,14.088,14.111,2586453
2021-01-06,14.183,14.326,14.135,14.135,440389
2021-01-07,14.255,14.255,13.968,14.088,387012
2021-01-10,14.279,14.374,14.159,14.183,740067
2021-01-11,14.183,14.326,14.111,14.302,744757
2021-01-12,14.279,14.279,14.016,14.088,926990
2021-01-13,14.279,14.493,14.231,14.326,1483570
2021-01-14,14.326,14.47,14.207,14.326,1278937
2021-01-17,14.326,14.35,14.135,14.159,575070
2021-01-18,14.135,14.302,13.944,13.992,998359
2021-01-19,14.064,14.088,13.92,13.992,734501
2021-01-20,14.016,14.016,13.897,13.92,511019
2021-01-21,13.944,14.183,13.897,14.04,1075087
2021-01-24,13.944,14.064,13.897,13.944,505403
2021-01-25,13.992,13.992,13.873,13.944,557704
2021-01-26,13.897,13.897,13.777,13.849,391395
2021-01-27,13.873,13.897,13.753,13.753,540726
2021-01-28,13.729,13.849,13.658,13.777,331578
2021-01-31,13.753,13.753,13.562,13.562,763685
2021-02-01,13.491,13.538,13.419,13.419,524490
2021-02-02,13.419,13.443,13.204,13.323,595667
2021-02-03,13.252,13.276,12.918,12.941,816585
2021-02-04,12.846,13.323,12.583,13.061,1912016
2021-02-07,13.132,13.467,13.132,13.419,997266
2021-02-08,13.514,13.944,13.443,13.825,2005574
2021-02-09,13.968,14.446,13.777,14.302,5495026
2021-02-10,14.47,15.043,14.326,14.756,11826507
2021-02-11,14.828,14.947,14.422,14.446,4397850
2021-02-14,14.446,15.09,14.446,14.875,5420496
2021-02-15,15.043,15.329,14.708,15.066,7963778
2021-02-16,15.234,15.663,14.947,15.496,11755789
2021-02-17,15.544,15.759,14.995,15.066,7495610
2021-02-18,15.066,15.186,14.852,15.043,1787311
2021-02-21,14.852,15.043,14.804,14.875,1856478
2021-02-22,14.875,15.663,14.828,15.52,7195106
2021-02-23,15.544,15.544,15.186,15.258,3671305
2021-02-24,15.258,15.258,14.661,14.852,2389108
2021-02-25,14.852,15.281,14.852,14.971,2481412
2021-02-28,14.565,15.09,14.47,14.852,1508618
2021-03-01,14.875,14.947,14.78,14.828,1483682
2021-03-02,14.875,15.663,14.852,15.258,6907058
2021-03-03,15.472,15.902,15.281,15.831,7549286
2021-03-04,15.831,15.831,15.52,15.592,4307241
2021-03-07,15.735,15.854,15.568,15.592,2306491
2021-03-08,15.663,16.308,15.592,15.759,8387763
2021-03-09,15.902,15.902,15.425,15.568,2935249
2021-03-10,15.568,15.592,15.09,15.186,1335667
2021-03-11,15.234,15.234,14.899,14.995,1073785
2021-03-14,15.09,15.138,14.971,15.019,1325582
2021-03-15,15.019,15.21,14.995,15.186,1035453
2021-03-16,15.066,15.114,14.661,14.804,3131482
2021-03-17,14.852,14.875,14.589,14.661,1046734
2021-03-18,14.589,14.708,14.565,14.708,547437
2021-03-21,14.732,15.138,14.732,15.066,2040327
2021-03-22,15.066,15.138,14.875,14.947,1006555
2021-03-23,14.852,15.043,14.756,14.923,1727382
2021-03-24,14.804,14.923,14.756,14.828,727207
2021-03-25,14.828,14.995,14.78,14.923,701802
2021-03-28,14.899,15.09,14.899,14.923,1113951
2021-03-29,14.947,15.377,14.947,15.138,2887770
2021-03-30,15.138,15.21,14.947,15.043,1053609
2021-03-31,15.138,15.186,14.995,15.043,1141383
2021-04-01,15.066,15.425,15.043,15.329,2646165
2021-04-04,15.425,16.045,15.353,15.472,4772480
2021-04-05,15.52,15.687,15.401,15.663,1394342
2021-04-06,15.735,16.595,15.52,16.571,5884152
2021-04-07,16.619,17.144,16.332,16.38,8006020
2021-04-08,16.404,16.595,16.045,16.26,1922922
2021-04-11,16.213,16.81,16.165,16.714,2225596
2021-04-12,16.714,16.738,16.332,16.332,1200925
2021-04-13,16.427,16.451,16.117,16.117,496292
2021-04-14,15.998,16.738,15.902,16.236,1444088
2021-04-15,16.284,16.523,15.998,16.475,947256
2021-04-18,16.595,16.714,16.38,16.523,1775413
2021-04-19,16.619,16.666,16.236,16.475,669317
2021-04-20,16.499,18.123,16.427,18.123,6589738
2021-04-21,18.672,19.197,18.242,18.863,17993472
2021-04-22,18.863,18.863,18.242,18.242,4602753
2021-04-25,18.338,20.057,18.027,20.057,10232592
2021-04-26,20.033,21.824,19.651,20.105,23539782
2021-04-27,20.105,20.725,19.699,20.081,10249579
2021-04-28,20.081,20.343,19.723,19.723,7168706
2021-04-29,19.699,19.77,19.46,19.46,3341459
2021-05-02,19.484,19.985,19.245,19.293,3930506
2021-05-03,19.269,19.675,19.03,19.173,3344985
2021-05-04,19.149,19.293,18.624,19.03,2526268
2021-05-05,19.054,19.651,18.839,19.078,4181617
2021-05-06,19.102,19.89,19.078,19.508,5850671
2021-05-09,19.579,19.842,19.317,19.388,3091416
2021-05-10,19.388,19.532,19.149,19.341,2208412
2021-05-17,19.341,19.675,19.078,19.364,3600490
2021-05-18,19.46,19.555,19.245,19.269,1653906
2021-05-19,19.341,19.436,19.078,19.102,2118098
2021-05-20,19.102,19.102,18.911,18.958,1430404
2021-05-23,18.958,18.958,18.624,18.744,1611866
2021-05-24,18.672,19.412,18.6,18.935,3533531
2021-05-25,19.149,19.436,18.958,18.982,3012050
2021-05-26,18.982,19.293,18.982,19.173,1791544
2021-05-27,19.293,19.364,19.173,19.269,1898271
2021-05-30,19.293,19.675,19.126,19.579,5347927
2021-05-31,19.627,19.627,19.388,19.388,2421572
2021-06-01,19.508,19.532,19.054,19.102,2414676
2021-06-02,19.102,19.508,19.03,19.197,2046038
2021-06-03,19.149,19.436,19.102,19.221,1977512
2021-06-06,19.149,19.508,19.126,19.173,2826768
2021-06-07,19.293,19.46,19.173,19.221,2285628
2021-06-08,19.173,19.937,18.744,19.341,13865814
2021-06-09,19.388,19.699,19.245,19.293,6097342
2021-06-10,19.317,19.364,19.102,19.173,2075067
2021-06-13,19.173,19.603,19.126,19.245,7114530
2021-06-14,19.173,19.269,18.624,19.078,4921145
2021-06-15,19.102,19.149,18.815,18.911,1591323
2021-06-16,18.863,18.911,18.672,18.863,790085
2021-06-17,18.863,19.221,18.839,19.006,4128080
2021-06-20,19.006,19.603,18.911,19.293,14354769
2021-06-21,19.388,20.152,19.341,19.675,17569162
2021-06-22,19.89,19.914,19.627,19.818,6518730
2021-06-23,19.866,19.914,19.579,19.651,5573278
2021-06-24,19.651,19.723,19.388,19.388,5098017
2021-06-27,19.436,19.532,19.293,19.317,3013438
2021-06-28,19.364,19.675,19.293,19.436,3852639
2021-06-29,19.436,19.508,19.221,19.221,2396056
2021-06-30,19.197,19.341,19.149,19.221,1972677
2021-07-01,19.221,19.579,19.197,19.46,3683631
2021-07-04,19.555,19.579,19.102,19.126,2312313
2021-07-05,19.173,19.221,19.054,19.126,1677686
2021-07-06,19.078,19.293,19.078,19.221,1362387
2021-07-07,19.173,19.221,19.054,19.054,1194612
2021-07-08,18.958,19.102,18.815,18.839,1370246
2021-07-11,18.911,18.958,18.481,18.505,1569989
2021-07-12,18.385,18.553,17.956,18.553,1784954
2021-07-13,18.791,19.149,18.648,18.72,3062906
2021-07-14,18.863,18.863,18.529,18.672,911475
2021-07-15,18.767,18.767,18.6,18.6,629597
2021-07-25,18.6,18.815,18.553,18.767,822369
2021-07-26,18.815,18.815,18.624,18.648,505966
2021-07-27,18.672,18.911,18.624,18.72,762404
2021-07-28,18.72,18.863,18.672,18.744,458953
2021-07-29,18.767,18.815,18.672,18.72,559323
2021-08-01,18.744,18.815,18.744,18.744,681492
2021-08-02,18.839,18.982,18.72,18.767,1673927
2021-08-03,18.815,19.341,18.815,19.03,6736391
2021-08-04,18.72,18.815,18.433,18.481,3498621
2021-08-05,18.385,18.409,18.171,18.338,932164
2021-08-08,18.362,18.433,18.314,18.338,609105
2021-08-09,18.338,18.338,18.147,18.194,694379
2021-08-10,18.194,18.385,18.147,18.147,546047
2021-08-11,18.194,18.362,18.194,18.194,485139
2021-08-12,18.266,18.29,17.765,17.812,1005584
2021-08-15,17.812,18.123,17.788,17.932,444546
2021-08-16,17.932,18.003,17.693,17.717,423201
2021-08-17,17.717,17.765,17.55,17.645,453186
2021-08-18,17.669,17.669,17.502,17.502,446567
2021-08-19,17.43,17.43,16.953,17.144,1505253
2021-08-22,17.144,17.263,16.953,17.048,470227
2021-08-23,17.072,17.287,17.001,17.001,563618
2021-08-24,17.024,17.836,16.977,17.478,1680829
2021-08-25,17.621,17.645,17.001,17.192,1066630
2021-08-26,17.215,17.287,17.048,17.239,337427
2021-08-29,17.263,17.311,17.192,17.287,365508
2021-08-30,17.335,17.86,17.335,17.86,1692038
2021-08-31,17.86,17.908,17.693,17.717,1176728
2021-09-01,17.812,18.051,17.812,17.908,990408
2021-09-02,17.908,18.385,17.86,18.147,2016325
2021-09-05,18.194,18.266,18.075,18.123,738364
2021-09-06,18.147,18.147,18.027,18.075,629377
2021-09-07,18.194,18.266,18.099,18.171,964251
2021-09-08,18.147,18.171,17.98,18.003,400680
2021-09-09,18.123,18.385,18.123,18.171,2889554
2021-09-12,18.194,18.29,18.051,18.099,928127
2021-09-13,18.099,18.147,18.027,18.051,562636
2021-09-14,19.078,19.245,18.576,18.6,7640084
2021-09-15,18.6,18.648,18.147,18.242,2123230
2021-09-16,18.242,18.362,18.099,18.099,978051
2021-09-19,18.147,18.29,18.051,18.194,862650
2021-09-20,18.147,18.171,17.908,17.98,808743
2021-09-21,17.884,18.027,17.717,17.956,476721
2021-09-22,17.98,18.051,17.788,17.788,390008
2021-09-26,17.741,17.884,17.621,17.717,773335
2021-09-27,17.717,17.717,17.478,17.502,664884
2021-09-28,17.502,17.574,17.335,17.43,598044
2021-09-29,17.383,17.383,17.168,17.287,916614
2021-09-30,17.287,17.454,17.263,17.43,461644
2021-10-03,17.478,17.574,17.406,17.43,463286
2021-10-04,17.574,17.574,17.215,17.239,420270
2021-10-05,17.192,17.311,17.192,17.215,476874
2021-10-06,17.215,17.215,17.048,17.168,421419
2021-10-07,17.168,17.335,17.144,17.215,608397
2021-10-10,17.192,17.287,16.714,16.762,960543
2021-10-11,16.762,16.81,15.281,16.475,1071010
2021-10-12,16.499,16.523,16.093,16.236,386989
2021-10-13,16.236,17.024,16.165,16.762,1538878
2021-10-14,16.762,16.881,16.714,16.762,505479
2021-10-17,16.786,16.929,16.786,16.881,568084
2021-10-18,16.929,17.12,16.905,17.12,689032
2021-10-19,17.144,17.239,16.881,16.905,855126
2021-10-20,16.905,16.953,16.189,16.833,385487
2021-10-21,16.929,16.929,16.236,16.69,463126
2021-10-24,16.833,17.263,16.833,17.024,1229827
2021-10-25,16.953,17.168,16.953,17.024,312233
2021-10-26,17.048,17.502,17.048,17.359,1638979
2021-10-27,17.454,17.454,16.929,16.953,889766
2021-10-28,16.905,16.953,16.714,16.953,333492
2021-10-31,16.881,16.953,16.714,16.762,465976
2021-11-01,16.81,16.857,16.738,16.738,293714
2021-11-02,16.714,16.833,16.547,16.69,270687
2021-11-03,16.69,16.69,16.165,16.189,947019
2021-11-04,16.236,16.666,16.236,16.595,1232476
2021-11-07,16.762,17.239,16.762,17.072,3458311
2021-11-08,17.072,17.096,16.451,16.666,912882
2021-11-09,16.666,16.666,16.26,16.26,544972
2021-11-10,16.26,16.26,15.95,16.069,463032
2021-11-11,16.069,16.117,15.878,15.878,684541
2021-11-14,15.878,16.022,15.878,15.926,438961
2021-11-15,15.878,16.141,15.878,16.045,790278
2021-11-16,16.045,16.213,15.807,16.213,1141521
2021-11-17,16.332,16.666,16.308,16.475,1465060
2021-11-18,16.499,16.499,16.117,16.213,884667
2021-11-21,16.093,16.093,15.759,15.807,702627
2021-11-22,15.807,15.878,15.52,15.568,479261
2021-11-23,15.472,15.783,15.305,15.64,723597
2021-11-24,15.735,15.807,15.616,15.711,543666
2021-11-25,15.711,16.022,15.711,15.759,972806
2021-11-28,14.398,14.995,14.398,14.422,1311143
2021-11-29,14.589,14.732,14.183,14.374,643275
2021-11-30,14.326,14.804,14.231,14.398,1942994
2021-12-01,14.517,14.732,14.35,14.374,950422
2021-12-02,14.374,14.637,14.374,14.47,605882
2021-12-05,14.684,14.899,14.565,14.852,1234281
2021-12-06,14.947,15.162,14.78,15.066,1130138
2021-12-07,15.09,15.329,15.09,15.281,861021
2021-12-08,15.496,15.52,15.138,15.186,948791
2021-12-09,15.138,15.21,14.947,14.995,418320
2021-12-12,15.09,15.329,15.043,15.21,800057
2021-12-13,15.281,15.64,15.258,15.377,1058488
2021-12-14,15.353,15.568,15.329,15.449,593242
2021-12-15,15.401,15.735,15.401,15.64,757410
2021-12-16,15.687,15.759,15.401,15.401,874080
2021-12-19,15.234,15.377,15.09,15.162,645594
2021-12-20,15.114,15.425,14.995,15.377,1276382
2021-12-21,15.377,15.449,15.281,15.329,658168
2021-12-22,15.353,15.377,15.043,15.043,578502
2021-12-23,15.043,15.138,14.852,14.899,595026
2021-12-26,14.971,14.995,14.708,14.804,558138
2021-12-27,14.78,15.019,14.756,14.899,418557
2021-12-28,14.995,15.043,14.923,14.995,244047
2021-12-29,14.995,14.995,14.517,14.613,993564
2021-12-30,14.613,14.637,14.446,14.493,728061
2022-01-02,14.47,15.186,14.47,15.186,860175
2022-01-03,15.186,15.353,14.923,14.947,1086699
2022-01-04,15.138,15.353,14.899,15.186,710252
2022-01-05,15.258,15.425,15.258,15.377,785434
2022-01-06,15.425,15.449,15.234,15.377,406920
2022-01-09,15.472,15.472,15.281,15.353,377030
2022-01-10,15.353,15.52,15.258,15.449,1092277
2022-01-11,15.449,15.449,15.258,15.377,531585
2022-01-12,15.329,15.616,15.305,15.544,768575
2022-01-13,15.687,15.711,15.52,15.52,549280
2022-01-16,15.544,15.64,15.425,15.496,646818
2022-01-17,15.496,15.64,15.425,15.52,535922
2022-01-18,15.568,15.95,15.568,15.902,2521783
2022-01-19,15.926,16.117,15.878,15.95,1557927
2022-01-20,15.95,15.974,15.759,15.902,563126
2022-01-23,15.854,15.854,15.52,15.52,411918
2022-01-24,15.52,15.687,15.401,15.496,315544
2022-01-25,15.52,15.64,15.353,15.568,377400
2022-01-26,15.568,15.831,15.52,15.759,526520
2022-01-27,15.711,15.807,15.616,15.616,318951
2022-01-30,15.663,15.759,15.663,15.735,317569
2022-01-31,15.735,15.831,15.687,15.759,430813
2022-02-01,15.759,15.759,15.568,15.616,312591
2022-02-02,15.663,15.711,15.568,15.592,290631
2022-02-03,15.592,15.663,15.544,15.544,261739
2022-02-06,15.544,15.711,15.52,15.568,156991
2022-02-07,15.544,15.616,15.449,15.496,283700
2022-02-08,15.52,15.64,15.496,15.52,274029
2022-02-09,15.496,15.544,15.353,15.377,278967
2022-02-10,15.353,15.496,15.353,15.353,153205
2022-02-13,15.281,15.281,14.804,14.947,462058
2022-02-14,14.804,15.162,14.637,15.162,346134
2022-02-15,15.09,15.162,14.804,14.995,1292071
2022-02-16,15.043,15.114,14.947,15.019,835365
2022-02-17,14.995,15.043,14.923,15.043,403515
2022-02-20,15.019,15.019,14.804,14.804,512251
2022-02-21,14.732,14.852,14.708,14.756,353714
2022-02-23,14.613,14.804,14.589,14.661,287748
2022-02-24,14.565,14.565,13.849,13.968,1091117
2022-02-27,14.111,14.756,14.111,14.708,918170
2022-02-28,14.732,14.78,14.589,14.708,235891
2022-03-01,14.684,14.923,14.684,14.684,518474
2022-03-02,14.637,14.708,14.398,14.422,355469
2022-03-03,14.446,14.565,14.326,14.446,483118
2022-03-06,14.565,14.613,14.493,14.517,325041
2022-03-07,14.517,14.565,14.35,14.374,466655
2022-03-08,14.326,14.422,14.279,14.302,357676
2022-03-09,14.374,14.661,14.326,14.47,808913
2022-03-10,14.446,14.661,14.446,14.589,653212
2022-03-13,14.708,14.923,14.517,14.565,613462
2022-03-14,14.47,14.47,14.302,14.326,539325
2022-03-15,14.374,14.565,14.302,14.35,222912
2022-03-16,14.398,14.517,14.398,14.398,257503
2022-03-17,14.47,14.708,14.231,14.231,523659
2022-03-20,14.422,14.47,14.231,14.47,681624
2022-03-21,14.47,14.47,14.326,14.374,324264
2022-03-22,14.374,14.47,14.302,14.446,340193
2022-03-23,14.374,14.613,14.374,14.565,375650
2022-03-24,14.589,14.589,14.398,14.446,240734
2022-03-27,13.849,14.374,13.419,14.302,2145444
2022-03-28,14.302,14.493,14.207,14.422,642785
2022-03-29,14.493,14.613,14.35,14.589,680926
2022-03-30,14.565,14.613,14.446,14.517,290311
2022-03-31,14.47,14.47,14.35,14.47,337069
2022-04-03,14.517,14.637,14.374,14.637,428216
2022-04-04,14.661,15.019,14.661,14.923,1567618
2022-04-05,14.971,15.329,14.947,15.09,1149418
2022-04-06,15.281,16.595,15.138,16.595,35238012
2022-04-07,16.953,17.956,16.451,16.881,13420791
2022-04-10,17.168,17.168,16.141,16.284,3453078
2022-04-11,16.236,16.236,15.616,15.831,2749894
2022-04-12,16.189,16.953,16.045,16.308,5073439
2022-04-13,16.547,16.547,15.926,16.045,1197378
2022-04-14,16.045,16.499,15.926,16.499,1120053
2022-04-17,16.499,16.857,16.356,16.499,1476180
2022-04-18,16.571,16.571,16.284,16.308,641816
2022-04-19,16.236,16.427,16.117,16.165,726468
2022-04-20,16.165,16.165,15.998,16.093,389617
2022-04-21,16.117,16.141,15.759,15.854,385496
2022-04-24,15.663,15.663,15.138,15.138,772194
2022-04-25,15.019,15.616,15.019,15.281,501542
2022-04-26,15.234,15.616,15.234,15.234,419807
2022-04-27,15.281,15.353,15.162,15.234,386884
2022-04-28,15.138,15.496,15.138,15.329,573931
2022-05-08,15.353,15.353,14.565,14.971,1237228
2022-05-09,15.043,15.138,14.947,15.066,701067
2022-05-10,14.947,14.947,14.804,14.828,428321
2022-05-11,14.828,15.043,14.756,14.756,678250
2022-05-12,14.828,14.828,14.279,14.422,761284
2022-05-15,14.493,14.613,14.374,14.47,312170
2022-05-16,14.47,14.684,14.326,14.35,452960
2022-05-17,14.374,14.374,14.111,14.374,585444
2022-05-18,14.422,14.637,14.326,14.493,611238
2022-05-19,14.326,14.398,14.207,14.279,576716
2022-05-22,14.493,14.637,14.255,14.422,817565
2022-05-23,14.517,14.565,14.159,14.231,379327
2022-05-24,14.326,14.374,14.159,14.231,335852
2022-05-25,14.326,14.661,14.183,14.517,868003
2022-05-26,14.613,14.684,14.326,14.398,484387
2022-05-29,15.258,15.401,14.804,14.828,2120975
2022-05-30,14.756,15.066,14.684,14.828,1001860
2022-05-31,14.804,14.852,14.708,14.732,479426
2022-06-01,14.78,14.899,14.684,14.899,457581
2022-06-02,14.899,14.899,14.708,14.732,482448
2022-06-05,14.708,15.258,14.684,15.138,1275590
2022-06-06,15.234,16.619,15.138,16.117,9088181
2022-06-07,16.308,16.81,15.854,15.854,3780290
2022-06-08,15.95,16.141,15.64,15.783,1084098
2022-06-09,15.687,15.95,15.663,15.831,903555
2022-06-12,15.831,16.571,15.52,15.52,3046164
2022-06-13,15.52,15.878,15.281,15.305,1390499
2022-06-14,15.281,15.281,14.326,15.019,992000
2022-06-15,15.138,15.568,14.828,15.281,1098009
2022-06-16,15.401,15.401,14.899,15.281,605830
2022-06-19,14.875,15.353,14.804,15.281,1121110
2022-06-20,15.305,15.902,15.234,15.52,1238084
2022-06-21,15.663,15.807,15.377,15.472,915732
2022-06-22,15.425,15.449,15.138,15.186,689554
2022-06-23,15.09,15.281,14.756,15.043,473345
2022-06-26,15.186,15.998,15.09,15.64,1285158
2022-06-27,15.64,15.64,15.043,15.043,675365
2022-06-28,15.066,15.353,15.043,15.186,402927
2022-06-29,15.138,15.258,14.947,15.019,429584
2022-06-30,15.019,15.186,14.899,15.019,224197
2022-07-03,15.019,15.138,14.923,14.923,148738
2022-07-04,14.828,14.923,14.565,14.589,307595
2022-07-05,14.565,14.852,14.565,14.732,248983
2022-07-06,14.708,14.756,14.565,14.708,139855
2022-07-13,14.708,14.78,14.517,14.541,261668
2022-07-14,14.541,14.541,13.944,14.088,452120
2022-07-17,14.374,14.374,14.135,14.279,209407
2022-07-18,14.255,14.47,14.088,14.326,389244
2022-07-19,14.47,14.565,14.374,14.374,537009
2022-07-20,14.422,14.661,14.374,14.541,741461
2022-07-21,14.47,14.613,14.35,14.541,497433
2022-07-24,14.565,14.947,14.517,14.852,932497
2022-07-25,14.828,14.875,14.565,14.565,569242
2022-07-26,14.565,14.637,14.35,14.35,449216
2022-07-27,14.398,14.446,14.159,14.207,526806
2022-07-28,14.302,14.493,14.255,14.374,617877
2022-07-31,14.422,15.043,14.422,15.043,1868745
2022-08-01,15.138,15.138,14.923,15.043,1324974
2022-08-02,14.947,15.234,14.78,15.09,1307280
2022-08-03,14.995,15.09,14.875,14.947,749607
2022-08-04,15.066,15.186,14.947,15.138,788456
2022-08-07,15.138,15.377,15.09,15.234,984139
2022-08-08,15.138,15.258,14.971,14.971,544742
2022-08-09,14.971,15.09,14.804,14.947,652634
2022-08-10,14.947,14.971,14.804,14.923,581572
2022-08-11,14.947,15.21,14.947,15.186,726101
2022-08-14,15.401,15.449,15.138,15.186,1751800
2022-08-15,15.138,15.186,15.043,15.114,561800
2022-08-16,15.138,15.138,15.019,15.043,469961
2022-08-17,15.019,15.305,14.995,15.21,1439326
2022-08-18,15.329,15.568,15.09,15.21,2304615
2022-08-21,15.234,15.258,14.995,15.043,464963
2022-08-22,15.09,15.138,14.995,14.995,388689
2022-08-23,14.971,15.162,14.613,14.613,432440
2022-08-24,14.613,14.804,14.422,14.804,395453
2022-08-25,14.804,14.923,14.708,14.708,236140
2022-08-28,14.708,14.852,14.637,14.828,335561
2022-08-29,14.828,15.019,14.828,14.899,507204
2022-08-30,14.971,15.114,14.852,14.923,333913
2022-08-31,14.852,14.923,14.637,14.708,314250
2022-09-01,14.661,14.732,14.517,14.541,278869
2022-09-04,14.589,14.661,14.446,14.613,461240
2022-09-05,14.613,14.923,14.517,14.899,1375408
2022-09-06,14.923,15.425,14.708,14.708,3637777
2022-09-07,14.565,14.78,14.183,14.183,1092548
2022-09-08,14.279,14.374,14.064,14.231,865132
2022-09-11,14.326,14.446,14.279,14.302,940109
2022-09-12,14.326,14.446,14.279,14.35,354462
2022-09-13,14.326,14.422,14.231,14.302,573615
2022-09-14,14.04,14.135,13.873,13.992,461487
2022-09-15,14.064,14.088,13.61,13.61,432053
2022-09-18,13.682,13.682,13.061,13.204,670109
2022-09-19,13.18,13.18,12.941,13.037,476618
2022-09-20,13.18,13.252,12.918,12.941,506509
2022-09-21,12.989,12.989,12.894,12.894,296469
2022-09-25,12.464,12.559,12.13,12.177,478606
2022-09-26,12.345,12.512,11.929,11.962,828576
2022-09-27,12.201,12.201,11.939,12.106,1133126
2022-09-28,12.177,12.273,12.106,12.249,935408
2022-09-29,12.297,12.512,12.273,12.297,1252447
2022-10-02,12.297,12.655,12.177,12.631,1395366
2022-10-03,12.75,12.87,12.655,12.703,1139098
2022-10-04,12.727,13.013,12.727,12.87,1288802
2022-10-05,13.013,13.013,12.703,12.727,822160
2022-10-06,12.798,12.87,12.679,12.822,407906
2022-10-09,12.655,12.703,12.464,12.559,337777
2022-10-10,12.44,12.583,12.368,12.464,302444
2022-10-11,12.44,12.559,12.368,12.512,323805
2022-10-12,12.559,12.607,12.44,12.559,547680
2022-10-13,12.512,12.536,12.392,12.416,438109
2022-10-16,12.416,12.512,12.321,12.368,433211
2022-10-17,12.416,12.488,12.416,12.416,404577
2022-10-18,12.464,12.631,12.464,12.583,644907
2022-10-19,12.631,12.727,12.512,12.536,818501
2022-10-20,12.536,12.679,12.464,12.559,527634
2022-10-23,12.87,13.061,12.631,12.631,2059946
2022-10-24,12.631,12.846,12.631,12.75,668565
2022-10-25,12.75,12.822,12.464,12.488,649386
2022-10-26,12.559,12.607,12.44,12.536,590855
2022-10-27,12.536,12.583,12.368,12.416,226381
2022-10-30,12.512,12.536,12.368,12.368,308399
2022-10-31,12.512,12.703,12.416,12.464,754903
2022-11-01,12.536,12.536,12.297,12.321,501701
2022-11-02,12.249,12.345,12.13,12.249,288367
2022-11-03,12.273,12.392,12.177,12.273,512768
2022-11-06,12.464,12.464,12.321,12.368,511844
2022-11-07,12.368,12.392,12.177,12.225,297347
2022-11-08,12.201,12.273,12.13,12.225,328722
2022-11-09,12.249,12.368,11.986,11.986,457123
2022-11-10,11.962,11.986,11.7,11.814,327683
2022-11-13,11.939,12.058,11.786,11.939,338637
2022-11-14,12.034,12.106,11.862,11.862,381513
2022-11-15,11.881,11.91,11.7,11.7,320559
2022-11-16,11.7,11.709,11.557,11.604,482222
2022-11-17,11.566,11.748,11.557,11.719,354232
2022-11-20,11.795,11.843,11.728,11.728,180122
2022-11-21,11.7,11.7,11.442,11.451,270468
2022-11-22,11.423,11.48,11.413,11.423,242411
2022-11-24,11.432,11.432,11.241,11.289,168169
2022-11-27,11.222,11.222,11.079,11.079,190881
2022-11-28,10.984,11.175,10.984,11.165,218118
2022-11-29,11.203,11.299,11.108,11.127,176353
2022-11-30,11.127,11.203,11.108,11.184,135305
2022-12-01,11.241,11.356,11.175,11.289,273493
2022-12-04,11.27,11.28,11.06,11.069,243027
2022-12-05,11.079,11.079,10.917,10.964,214531
2022-12-06,10.936,11.022,10.812,10.869,384388
2022-12-07,10.859,10.878,10.458,10.458,682308
2022-12-08,10.468,10.592,10.41,10.535,437826
2022-12-11,10.516,10.516,9.79,9.981,488272
2022-12-12,9.799,9.885,9.36,9.427,1401328
2022-12-13,9.694,9.742,9.551,9.656,457458
2022-12-14,9.675,9.847,9.675,9.694,322574
2022-12-15,9.713,9.751,9.618,9.723,273910
2022-12-18,9.847,9.952,9.799,9.895,776296
2022-12-19,9.952,10.067,9.866,9.962,496372
2022-12-20,9.847,9.971,9.742,9.971,304722
2022-12-21,10.028,10.057,9.971,10.028,194625
2022-12-22,10.105,10.172,10.028,10.028,490276
2022-12-25,10.114,10.114,9.885,9.885,172855
2022-12-26,9.818,9.876,9.78,9.78,179500
2022-12-27,9.704,9.885,9.704,9.78,280885
2022-12-28,9.78,9.828,9.751,9.761,218703
2022-12-29,9.866,9.866,9.751,9.751,235193
2023-01-01,9.79,9.866,9.761,9.866,268457
2023-01-02,9.895,10.048,9.876,10.019,471492
2023-01-03,10.019,10.239,10.019,10.219,435941
2023-01-04,10.219,10.554,10.21,10.458,1228328
2023-01-05,10.458,10.85,10.286,10.85,1191406
2023-01-08,10.85,10.964,10.764,10.783,475462
2023-01-09,10.764,10.84,10.754,10.831,239873
2023-01-10,10.831,11.079,10.783,11.079,648827
2023-01-11,11.108,11.175,10.984,11.031,386095
2023-01-12,10.984,11.069,10.984,11.041,238093
2023-01-15,11.05,11.108,10.898,10.936,278360
2023-01-16,10.907,10.974,10.888,10.964,179290
2023-01-17,10.888,10.936,10.878,10.878,125681
2023-01-18,10.888,10.936,10.888,10.936,152633
2023-01-19,10.936,10.974,10.888,10.974,91137
2023-01-22,10.945,10.974,10.926,10.945,247016
2023-01-23,10.945,10.984,10.917,10.974,167384
2023-01-24,10.984,10.984,10.936,10.955,130451
2023-01-25,10.926,10.936,10.917,10.936,137531
2023-01-26,10.926,11.06,10.926,10.964,289737
2023-01-29,11.06,11.06,10.955,10.955,175398
2023-01-30,10.926,10.984,10.792,10.984,424717
2023-01-31,10.984,11.366,10.984,11.098,1364960
2023-02-01,11.232,11.289,11.079,11.098,290296
2023-02-02,11.213,11.27,11.175,11.27,388966
2023-02-05,11.26,11.576,11.222,11.537,1566984
2023-02-06,11.48,11.537,11.318,11.375,359670
2023-02-07,11.461,11.461,11.327,11.327,243061
2023-02-08,11.289,11.404,11.289,11.394,192026
2023-02-09,11.366,11.404,11.232,11.356,159918
2023-02-12,11.366,11.652,11.366,11.604,608895
2023-02-13,11.604,11.604,11.432,11.49,527014
2023-02-14,11.461,11.528,11.394,11.432,216686
2023-02-15,11.366,11.49,11.366,11.375,116852
2023-02-16,11.404,11.461,11.366,11.366,197969
2023-02-19,11.557,11.643,11.461,11.557,552203
2023-02-20,11.509,11.509,11.451,11.471,272490
2023-02-21,11.337,11.48,11.337,11.461,219425
2023-02-23,11.413,11.509,11.375,11.451,209711
2023-02-26,11.461,11.471,11.442,11.461,469785
2023-02-27,11.48,11.623,11.48,11.595,428715
2023-02-28,11.566,11.595,11.451,11.461,348687
2023-03-01,11.518,11.557,11.509,11.509,187116
2023-03-02,11.528,11.709,11.499,11.7,365611
2023-03-05,11.748,11.853,11.681,11.709,220784
2023-03-06,11.709,11.719,11.595,11.595,135770
2023-03-07,11.576,11.7,11.576,11.652,205851
2023-03-08,11.509,11.7,11.471,11.528,290799
2023-03-09,11.595,11.595,11.547,11.576,158101
2023-03-12,11.48,11.566,11.461,11.518,303005
2023-03-13,11.48,11.595,11.48,11.537,118308
2023-03-14,11.49,12.273,11.49,12.249,1389808
2023-03-15,12.273,12.559,12.01,12.273,1608452
2023-03-16,12.153,12.225,11.881,12.034,495873
2023-03-19,11.939,12.321,11.939,12.297,395893
2023-03-20,12.345,12.631,12.201,12.273,566103
2023-03-21,12.297,12.607,12.249,12.44,1136395
2023-03-22,12.44,12.559,12.368,12.44,510707
2023-03-23,12.44,12.965,12.44,12.894,1099228
2023-03-26,12.894,13.228,12.894,13.156,881308
2023-03-27,13.156,13.252,13.037,13.061,415434
2023-03-28,13.061,13.467,13.061,13.228,874555
2023-03-29,13.132,13.228,13.061,13.156,315695
2023-03-30,13.18,13.228,13.132,13.204,414086
2023-04-02,13.276,13.682,13.228,13.562,702621
2023-04-03,13.658,14.326,13.61,13.849,1436091
2023-04-04,13.849,14.04,13.252,13.323,5503605
2023-04-05,13.276,13.276,12.846,12.846,1953558
2023-04-06,12.774,12.894,12.655,12.846,684666
2023-04-09,12.846,13.037,12.846,12.918,775345
2023-04-10,12.965,12.989,12.703,12.774,455293
2023-04-11,12.774,12.774,12.464,12.559,1017340
2023-04-12,12.536,12.774,12.488,12.703,945514
2023-04-13,12.727,12.822,12.631,12.727,2256774
2023-04-16,12.727,13.085,12.727,12.965,3295421
2023-04-17,13.109,13.228,13.037,13.156,1569149
2023-04-25,13.276,13.538,13.252,13.514,1026183
2023-04-26,13.562,13.897,13.514,13.897,1199935
2023-04-27,13.873,13.992,13.777,13.992,716996
2023-04-30,14.088,14.398,14.064,14.35,1235345
2023-05-01,14.35,14.398,14.183,14.326,782775
2023-05-02,14.326,14.35,13.968,14.04,709648
2023-05-03,14.565,14.947,14.35,14.374,2985682
2023-05-04,14.446,14.947,14.183,14.899,2674753
2023-05-07,14.971,15.401,14.971,15.281,1199298
2023-05-08,15.281,15.52,15.066,15.425,1224868
2023-05-09,15.329,15.353,14.899,15.186,753766
2023-05-10,15.09,15.472,15.043,15.162,709412
2023-05-11,15.186,15.21,15.066,15.09,514060
2023-05-14,15.114,15.114,14.661,14.661,569921
2023-05-15,15.281,15.281,14.804,14.804,495435
2023-05-16,14.923,15.138,14.804,14.804,398385
2023-05-17,14.78,14.947,14.732,14.804,498669
2023-05-18,14.804,15.234,14.804,15.09,1034762
2023-05-21,15.09,15.234,14.947,15.138,539695
2023-05-22,15.138,15.281,15.138,15.281,624374
2023-05-23,15.258,15.281,15.21,15.21,380070
2023-05-24,15.21,15.21,14.947,14.947,396387
2023-05-25,14.947,15.21,14.947,15.138,252779
2023-05-28,15.234,15.663,15.21,15.663,1133587
2023-05-29,15.735,15.759,15.449,15.544,537691
2023-05-30,15.425,16.427,15.425,16.189,1955210
2023-05-31,16.045,16.213,15.926,16.045,515731
2023-06-01,16.045,16.404,15.902,16.26,617960
2023-06-04,16.284,16.69,16.284,16.475,1222410
2023-06-05,16.451,16.666,16.284,16.571,304058
2023-06-06,16.642,17.239,16.642,17.239,2023286
2023-06-07,17.239,17.741,17.239,17.741,1256489
2023-06-08,17.645,17.645,17.192,17.335,999810
2023-06-11,17.335,17.836,17.239,17.717,867481
2023-06-12,17.669,17.908,17.43,17.454,695235
2023-06-13,17.12,17.574,17.001,17.335,1066860
2023-06-14,17.215,17.693,17.192,17.55,1078329
2023-06-15,17.359,18.385,17.359,18.099,2736590
2023-06-18,18.147,18.624,18.123,18.457,1570452
2023-06-19,18.457,19.436,18.457,19.221,4798558
2023-06-20,19.221,19.341,18.72,19.102,1651935
2023-06-21,19.054,19.579,19.054,19.555,1776223
2023-06-22,19.579,20.057,19.508,19.723,2296333
2023-07-02,19.723,19.961,19.508,19.579,379762
2023-07-03,19.532,19.555,19.03,19.03,725128
2023-07-04,19.03,19.89,18.672,19.603,1278941
2023-07-05,19.46,19.77,19.412,19.412,658702
2023-07-06,19.412,20.152,19.388,19.961,1298878
2023-07-09,19.961,20.534,19.412,20.105,1027990
2023-07-10,20.296,20.916,19.914,20.916,2771538
2023-07-11,20.916,21.561,20.678,21.489,3562994
2023-07-12,21.513,22.23,21.036,21.394,3342734
2023-07-13,21.442,22.206,21.203,22.063,1790392
2023-07-16,22.325,22.373,22.11,22.23,987495
2023-07-17,22.254,22.636,22.158,22.516,982158
2023-07-18,22.516,22.874,21.513,22.588,1306400
2023-07-19,22.588,22.827,22.206,22.301,552643
2023-07-20,22.301,22.683,22.23,22.325,345669
2023-07-23,22.325,22.325,21.991,22.063,268935
2023-07-24,21.752,22.612,21.752,22.23,467735
2023-07-25,22.23,23.304,22.23,23.185,2437713
2023-07-26,23.185,23.209,22.492,23.185,891720
2023-07-27,23.185,23.782,23.185,23.638,940798
2023-07-30,23.877,24.928,23.686,24.45,2116640
2023-07-31,24.45,24.593,22.922,23.877,909724
2023-08-01,23.829,24.355,23.424,23.925,807183
2023-08-02,23.782,24.116,23.232,23.638,549747
2023-08-03,23.662,23.662,22.588,22.922,479667
2023-08-06,22.683,22.898,20.63,20.63,2622820
2023-08-07,20.152,21.203,20.009,21.036,1281525
2023-08-08,20.678,21.68,20.678,21.633,758926
2023-08-09,21.919,23.328,21.657,23.209,1386998
2023-08-10,23.28,24.116,23.28,23.829,1574514
2023-08-13,24.116,24.116,23.4,23.519,328896
2023-08-14,23.4,23.806,23.161,23.4,251625
2023-08-15,23.4,23.615,23.089,23.543,260029
2023-08-16,23.304,24.02,23.304,23.638,418973
2023-08-17,23.424,23.638,23.041,23.4,293571
2023-08-20,23.4,23.543,23.185,23.4,311739
2023-08-21,23.304,24.211,23.304,23.973,608336
2023-08-22,23.853,24.068,23.352,23.4,359333
2023-08-23,23.4,23.615,23.304,23.495,168043
2023-08-24,23.495,23.853,23.209,23.304,214567
2023-08-27,23.4,23.447,23.185,23.304,349049
2023-08-28,23.161,23.758,23.161,23.352,421139
2023-08-29,23.209,23.591,23.209,23.424,122751
2023-08-30,23.424,23.829,23.352,23.4,195013
2023-08-31,23.328,23.567,23.304,23.352,301342
2023-09-03,23.447,23.519,23.256,23.304,156685
2023-09-04,23.161,23.734,23.065,23.424,400722
2023-09-05,23.4,23.638,21.346,22.922,352847
2023-09-06,22.874,23.137,21.776,22.015,641005
2023-09-07,21.824,22.086,21.203,21.37,337647
2023-09-10,21.394,21.489,20.749,20.893,183768
2023-09-11,20.893,21.776,20.534,21.346,314805
2023-09-12,21.155,21.585,20.463,20.725,235524
2023-09-13,20.725,21.084,20.678,20.964,123790
2023-09-14,20.845,21.537,20.845,21.537,308303
2023-09-17,21.633,21.967,21.251,21.633,180168
2023-09-18,21.585,22.659,21.585,22.134,759763
2023-09-19,22.158,22.612,21.657,22.492,599068
2023-09-20,22.468,22.755,22.158,22.445,200865
2023-09-21,22.636,23.4,22.301,23.328,1029360
2023-09-25,23.4,23.543,22.373,22.564,756153
2023-09-26,22.349,23.686,22.206,23.686,1444589
2023-09-27,23.686,23.686,23.161,23.328,594220
2023-09-28,23.376,23.877,22.683,22.683,1730305
2023-10-01,22.636,22.683,21.967,21.991,331203
2023-10-02,21.991,22.516,21.967,22.349,563258
2023-10-03,22.254,23.352,22.254,22.588,651997
2023-10-04,22.85,23.638,22.803,23.4,945275
2023-10-05,23.615,23.615,21.991,22.206,1012666
2023-10-08,22.206,22.206,20.534,20.582,593975
2023-10-09,20.534,21.585,20.51,21.036,493961
2023-10-10,21.036,21.322,20.773,20.797,192891
2023-10-11,21.012,22.277,21.012,21.776,1066772
2023-10-12,21.346,22.158,21.203,21.967,366186
2023-10-15,22.254,22.254,21.609,21.895,183916
2023-10-16,21.871,22.015,21.561,21.776,395438
2023-10-17,21.68,22.659,21.68,22.445,355513
2023-10-18,22.445,22.683,22.015,22.039,210496
2023-10-19,22.015,22.54,21.943,22.301,238833
2023-10-22,21.227,23.686,21.227,22.421,846890
2023-10-23,22.206,22.922,21.585,21.585,272670
2023-10-24,21.585,21.967,20.845,21.322,243475
2023-10-25,21.322,22.254,21.322,21.967,392042
2023-10-26,21.967,22.158,21.824,21.895,238971
2023-10-29,22.301,22.636,22.254,22.445,473819
2023-10-30,22.54,22.874,22.254,22.445,648860
2023-10-31,22.516,23.137,21.824,21.848,1038666
2023-11-01,21.967,22.636,21.967,22.492,829594
2023-11-02,22.492,23.089,22.349,22.683,613714
2023-11-05,22.683,23.185,22.349,22.54,738029
2023-11-06,24.78,24.78,23.2,23.72,805654
2023-11-07,24,24,22.64,22.98,359121
2023-11-08,22.98,22.98,21.88,22.02,599279
2023-11-09,21.5,22.1,20.4,20.48,799336
2023-11-12,20.5,20.88,19.9,20.1,594197
2023-11-13,20.1,20.46,20,20.24,662203
2023-11-14,20.24,20.7,19.78,19.96,1591458
2023-11-15,19.94,20.6,19.86,20.24,743856
2023-11-16,20.12,21,20.12,20.9,1138528
2023-11-19,21.38,22.98,21,22.96,1167032
2023-11-20,23.2,23.74,22.2,22.56,1397791
2023-11-21,22.7,22.7,22.1,22.1,519279
2023-11-22,22.1,22.88,22.1,22.62,663864
2023-11-23,22.62,22.7,22.16,22.34,469509
2023-11-26,22.4,22.42,21.6,21.7,454227
2023-11-27,21.86,21.88,21.46,21.54,275212
2023-11-28,21.54,22.28,21.52,21.68,400040
2023-11-29,22,23.38,21.9,23.1,2140383
2023-11-30,23.1,23.26,22.7,22.78,1031952
2023-12-03,22.7,23.44,22.64,23.12,1214755
2023-12-04,22.98,23.56,22.34,22.6,4371528
2023-12-05,22.84,24.28,22.5,24.12,3221170
2023-12-06,24,26.5,23.9,26.5,5056148
2023-12-07,27,28.35,25.95,28,7057920
2023-12-10,27.95,27.95,27,27.8,1815401
2023-12-11,27.8,29.1,26.9,27.9,3204368
2023-12-12,28.5,28.85,27.3,27.4,1754502
2023-12-13,27.55,27.65,26.8,26.9,891903
2023-12-14,26.9,27.6,26.5,27,1603701
2023-12-17,27.05,27.05,26.3,26.5,802300
2023-12-18,26.65,27.15,26.5,26.85,2170992
2023-12-19,27,27.4,26.5,26.85,1139443
2023-12-20,27.4,27.75,26.7,26.8,2154506
2023-12-21,26.85,27,26.6,26.7,447205
2023-12-24,27.2,27.2,26.55,26.75,649568
2023-12-25,26.75,26.9,26.5,26.75,711360
2023-12-26,26.75,26.9,26.55,26.55,490058
2023-12-27,26.8,26.8,26.5,26.75,558118
2023-12-28,26.75,28.15,26.7,27.9,2772733
2023-12-31,28,28.2,27.65,27.85,563022
2024-01-01,27.55,28.45,27.55,28.3,903537
2024-01-02,28.3,28.8,27.95,28.6,898722
2024-01-03,28.6,28.65,27.3,27.3,1152940
2024-01-04,27.3,28.3,27.25,28,821771
2024-01-07,28,28.1,27.1,27.5,1263254
2024-01-08,27.35,27.35,26.4,26.6,2705137
2024-01-09,26.8,26.8,25.9,26.3,1932248
2024-01-10,26.4,26.55,25.9,26.3,1265132
2024-01-11,26.3,26.6,25.35,25.9,2202321
2024-01-14,25.9,26.25,25.4,26,1269627
2024-01-15,25.8,27.1,25.8,26.9,2648923
2024-01-16,27,28.95,26.8,28.95,4842287
2024-01-17,29.1,30.1,28.85,29.2,2972769
2024-01-18,28.95,30,28.8,29.7,2001929
2024-01-21,30.1,30.45,29.15,29.15,1555106
2024-01-22,29.35,29.6,28.55,28.8,1685657
2024-01-23,28.9,30.15,28.65,28.95,1276780
2024-01-24,29,30.9,29,30.1,2715431
2024-01-25,29.85,30.3,29.3,29.45,1396957
2024-01-28,29.75,29.8,29.35,29.45,561755
2024-01-29,29.5,31,29.5,29.9,2446840
2024-01-30,30.1,30.2,29.4,29.4,814225
2024-01-31,29.5,30.45,29.45,29.95,1577922
2024-02-01,30,32.4,29.75,31.45,3801646
2024-02-04,32,32.85,31.5,32.15,1489674
2024-02-05,32,32.45,31.2,31.35,1420443
2024-02-06,31.4,32.55,31.4,32.05,1204247
2024-02-07,32.2,32.3,31.15,31.5,1134933
2024-02-08,31.7,32.7,31.5,31.65,1891866
2024-02-11,31.7,32.5,31.65,32,994201
2024-02-12,32,32.15,31.5,31.9,1437650
2024-02-13,31.75,32.15,30.9,31.45,2560826
2024-02-14,31.2,31.95,31,31.65,2218084
2024-02-15,31.6,32.5,31.5,32.1,1861540
2024-02-18,34.5,35.3,33.6,35.3,5378859
2024-02-19,35.4,35.45,34.3,34.55,2314460
2024-02-20,34.55,36.05,33.8,34,2910142
2024-02-21,34.05,35.25,34,34.15,1332790
2024-02-25,34.25,34.95,34.25,34.4,736010
2024-02-26,34.7,34.7,33.15,33.5,1118986
2024-02-27,33.5,34,32.85,33,861860
2024-02-28,33.25,33.8,33.1,33.25,1552861
2024-02-29,33.2,33.45,33,33.05,953722
2024-03-03,33,34.45,32.95,33.7,1031084
2024-03-04,34,34,32.55,32.6,702971
2024-03-05,32.9,33.7,32.65,33.65,840335
2024-03-06,33.6,33.65,32.05,32.25,1735122
2024-03-07,32.35,32.55,31.15,31.65,2157254
2024-03-10,31.65,31.7,30.7,30.8,2112431
2024-03-11,30.85,30.85,28.4,28.8,4323748
2024-03-12,29,30.05,27.9,29.75,6060912
2024-03-13,30,30.85,29.9,30.6,3734180
2024-03-14,31,31.4,30.3,31.2,3011542
2024-03-17,31.4,32.6,31.4,31.95,3868497
2024-03-18,31.95,32.5,31.55,32.05,2220596
2024-03-19,32.1,32.2,31.4,31.75,1031619
2024-03-20,31.75,32.2,31.55,31.85,810183
2024-03-21,31.95,32.8,31.9,32.4,1769299
2024-03-24,32.45,32.8,31.85,32.2,1160439
2024-03-25,32.35,32.45,31.7,32,831288
2024-03-26,32,32.25,30.8,30.9,1536297
2024-03-27,30.9,31.1,30.2,30.9,1416724
2024-03-28,31.2,31.35,29.5,29.6,1613850
2024-03-31,29.4,30,28.8,29,1495817
2024-04-01,29.25,30.3,29,29.4,1256030
2024-04-02,29.45,30.05,28.95,29.45,1667029
2024-04-03,29.6,29.6,28.95,29.2,1319752
2024-04-04,29.4,29.4,28.5,29.1,1951194
2024-04-14,28.6,29.7,28.05,29.15,2234420
2024-04-15,29.4,31.25,29.4,30.8,4594348
2024-04-16,31,31.95,30.75,31.55,4000991
2024-04-17,31.95,33.25,31.55,32.95,4478629
2024-04-18,32.9,34.15,32.9,33.9,4900280
2024-04-21,33.9,34.4,33.1,33.4,1547251
2024-04-22,33.5,34,32.85,33.7,1492998
2024-04-23,33.9,33.95,33.05,33.6,2189739
2024-04-24,33.5,33.8,31.35,32.65,2028564
2024-04-25,32.5,32.7,31.6,31.65,1342044
2024-04-28,32,33.1,31.85,32.7,1695269
2024-04-29,32.95,33.1,32.25,32.7,1675194
2024-04-30,32.9,35.1,32.7,35.1,3862877
2024-05-01,34.5,34.85,33.8,34.3,1837039
2024-05-02,34.45,35.6,34.2,35.35,2779792
2024-05-05,33.7,34.1,32.65,33.75,3999496
2024-05-06,33.9,34,32.9,33.25,2704203
2024-05-07,33.25,33.6,32.55,32.9,1970805
2024-05-08,32.9,33.25,32.65,33.2,996281
2024-05-09,33.2,33.55,32.2,32.4,1462095
2024-05-12,32.4,32.8,32,32.6,722902
2024-05-13,32.45,32.75,32.15,32.2,860758
2024-05-14,32.2,32.35,31.4,31.85,886343
2024-05-15,31.8,32.1,31.45,31.7,510730
2024-05-16,31.7,32.15,30.75,30.85,742607
2024-05-19,30.9,32.3,30.6,31.5,810727
2024-05-20,31.25,32.6,31.25,32.35,845246
2024-05-21,32.35,32.6,31.65,31.95,633638
2024-05-22,31.8,32.6,31.8,32,770433
2024-05-23,32.2,32.3,31.8,32,475999
2024-05-26,31.85,32,30.95,31,420759
2024-05-27,31.4,31.5,30.7,31.2,763082
2024-05-28,31.2,31.5,30.5,30.5,1266923
2024-05-29,30.6,30.8,30.1,30.15,501438
2024-05-30,30.15,30.4,29.55,29.7,932424
2024-06-02,29.5,29.85,28.9,29.2,1057307
2024-06-03,29.2,30.1,29.2,29.85,1528479
2024-06-04,29.9,30.3,29.3,29.45,1696796
2024-06-05,29.4,29.7,28.3,29.45,1116025
2024-06-06,29.45,29.5,28.6,28.7,1040598
2024-06-09,29,29.85,28.65,29.5,1376242
2024-06-10,30,31.4,30,31.1,1747362
2024-06-11,31.2,32.45,31,32.05,1873485
2024-06-12,32.05,32.2,31.2,31.25,3967049
2024-06-13,31.4,31.7,31.05,31.65,462552
2024-06-23,31.65,31.75,30.8,31.05,655929
2024-06-24,31,31.35,30.9,31.15,619405
2024-06-25,31.5,32.9,31.5,32.75,3129397
2024-06-26,32.95,32.95,31.9,32.05,856019
2024-06-27,32.15,32.15,31.65,31.85,674749
2024-06-30,31.85,32,31.1,31.15,579072
2024-07-01,31.15,31.5,31.1,31.15,788724
2024-07-02,31.35,31.5,31.1,31.2,740720
2024-07-03,31.2,31.3,30.45,30.7,415256
2024-07-04,30.5,30.65,30.2,30.4,422264
2024-07-07,30.4,31.2,30.4,31.2,1292177
2024-07-08,31.45,31.45,29.8,30.5,2127793
2024-07-09,30.45,30.75,30.3,30.7,346875
2024-07-10,30.8,31.1,30.6,30.8,1120498
2024-07-11,30.9,31.1,30.7,30.9,932961
2024-07-14,31,31.15,30.75,30.95,731490
2024-07-15,30.95,31.1,30.65,30.95,728181
2024-07-16,31,31.15,30.75,31.05,849005
2024-07-17,31.05,31.1,30.9,31,1590096
2024-07-18,30.9,31.1,30.6,30.95,697216
2024-07-21,31,31.15,30,30.3,1078164
2024-07-22,30.5,30.5,29.95,30.1,1270037
2024-07-23,30.2,30.2,29.85,30,549128
2024-07-24,30.05,30.3,29.9,30.3,1410169
2024-07-25,30.1,30.35,29.9,30,1156238
2024-07-28,30,30.15,29.7,29.9,1160034
2024-07-29,30.05,30.05,29.25,29.5,915180
2024-07-30,29.5,29.65,28.9,29.2,629855
2024-07-31,29.2,29.25,28.7,28.8,600878
2024-08-01,28.9,29,28.15,28.45,686710
2024-08-04,26.8,27.85,26.8,27,1253163
2024-08-05,26.85,26.95,25.05,26.2,1733001
2024-08-06,26.6,27.15,26.3,26.75,1713082
2024-08-07,27.25,27.6,26.6,27.2,3049408
2024-08-08,27.25,27.25,26.2,27.15,2647107
2024-08-11,27.3,27.85,27.3,27.6,863928
2024-08-12,27.55,27.55,26.85,26.95,1105419
2024-08-13,27,27.15,26.75,27.05,653845
2024-08-14,27.25,28.1,27.1,27.95,1282760
2024-08-15,28.1,28.4,27.8,27.95,941763
2024-08-18,28,28.3,27.95,28.1,692741
2024-08-19,28.15,28.3,28,28.05,982285
2024-08-20,28.2,28.85,28.05,28.65,1778164
2024-08-21,28.7,29,28.3,28.8,1271143
2024-08-22,29.5,30.1,29.4,29.4,2427871
2024-08-25,29.4,29.6,29.05,29.3,1071013
2024-08-26,29.1,29.3,28.55,28.9,1019602
2024-08-27,28.75,29.1,28.7,28.8,539792
2024-08-28,28.8,29.1,28.1,29,1313210
2024-08-29,29,29.35,28.1,28.1,1778788
2024-09-01,28.2,28.4,27.85,28,1727515
2024-09-02,28,28.1,27.35,27.45,1823634
2024-09-03,27.45,27.7,27.45,27.5,1624688
2024-09-04,27.1,27.65,27,27.5,1514143
2024-09-05,27.6,27.65,27,27.25,1558969
2024-09-08,27.25,27.3,26.85,26.95,632033
2024-09-09,27,27.1,26.9,26.95,536735
2024-09-10,27,27.5,27,27.45,941295
2024-09-11,27.55,27.85,27.2,27.2,986136
2024-09-12,27.7,28.6,27.5,28.5,2622232
2024-09-15,28.7,29.35,28.7,29.1,3001835
2024-09-16,29.3,29.3,28.7,29,1418985
2024-09-17,29.1,29.1,28.1,28.35,1696749
2024-09-18,28.45,28.75,28.05,28.5,1111474
2024-09-19,28.65,29.05,28.25,29,1774893
2024-09-22,29.2,29.4,28.8,28.85,1129751
2024-09-24,28.75,28.85,28.5,28.6,880055
2024-09-25,28.6,28.75,28.35,28.55,911098
2024-09-26,28.6,28.85,28.55,28.55,1058307
2024-09-29,28.65,28.7,28.05,28.15,1235142
2024-09-30,28.15,28.2,27.7,27.75,1407853
2024-10-01,27.75,27.95,27.5,27.6,1415185
2024-10-02,27.3,27.4,26.85,27,1531717
2024-10-03,27.05,27.35,26.85,27.1,1043828
2024-10-06,27.2,27.35,26.3,26.5,839452
2024-10-07,26.4,27.1,26.4,27,924174
2024-10-08,27.1,27.15,26.65,26.85,759052
2024-10-09,27.05,27.35,26.75,26.9,1211748
2024-10-10,27,27.65,27,27.45,1235081
2024-10-13,27.65,27.85,27.5,27.75,696539
2024-10-14,28,28,27.5,27.55,2005222
2024-10-15,27.65,27.75,27.5,27.65,556049
2024-10-16,27.75,27.75,27.6,27.65,521364
2024-10-17,27.65,27.95,27.3,27.45,745006
2024-10-20,27.9,28.15,27.15,27.2,1766630
2024-10-21,27.35,27.55,27.25,27.3,1369614
2024-10-22,27.55,27.6,27.05,27.1,793838
2024-10-23,27.15,27.15,26.55,26.7,785490
2024-10-24,26.7,26.75,26.55,26.7,544316
2024-10-27,27,27.05,26.85,26.95,739944
2024-10-28,27.05,27.1,26.9,26.95,549628
2024-10-29,26.95,27,26.7,26.8,434122
2024-10-30,26.65,26.8,26.4,26.5,631126
2024-10-31,26.4,26.65,26.35,26.5,559855
2024-11-03,26.65,26.65,26.3,26.35,486535
2024-11-04,26.45,26.45,25.9,26.05,832400
2024-11-05,26.05,26.05,25.6,25.85,777271
2024-11-06,26,26.3,25.7,25.9,844593
2024-11-07,26,26.2,25.8,26.1,823339
2024-11-10,26.25,26.25,25.8,25.9,1489853
2024-11-11,26,26,25.25,25.35,1233156
2024-11-12,25.25,25.35,24.6,24.66,1742124
2024-11-13,24.7,24.72,24.32,24.38,2018154
2024-11-14,24.4,24.5,24,24.1,1040089
2024-11-17,24.1,24.18,23.92,24.06,1343458
2024-11-18,24.08,24.48,23.98,24.34,2115659
2024-11-19,24.4,24.42,24.12,24.22,1090769
2024-11-20,24.22,24.3,24,24,2137356
2024-11-21,24.06,24.06,23.54,23.82,2013475
2024-11-24,23.92,24.22,23.88,24.1,1941365
2024-11-25,24.14,24.24,23.92,23.98,1660469
2024-11-26,23.98,24.1,23.94,23.94,1539470
2024-11-27,24,24,23.56,23.8,1277449
2024-11-28,23.94,24.22,23.86,24.02,1180202
2024-12-01,24.04,24.14,23.98,24.06,1258186
2024-12-02,24.06,24.08,23.74,23.78,1243050
2024-12-03,23.78,24.86,23.68,24.82,4434627
2024-12-04,24.84,26.4,24.34,25.9,5884314
2024-12-05,26.1,26.3,25.6,26.2,2461888
2024-12-08,26.2,26.55,25.75,26,1841848
2024-12-09,26.4,26.4,25.85,26,900722
2024-12-10,26,26.05,25.25,25.3,2006751
2024-12-11,25.65,25.65,25.2,25.55,1828187
2024-12-12,25.65,26.25,25.4,25.9,1749170
2024-12-15,26,26.3,25.9,26,1751096
2024-12-16,26,26.05,25.45,25.8,1266457
2024-12-17,25.9,26.15,25.15,25.2,1819116
2024-12-18,25.2,25.75,25,25.5,742199
2024-12-19,25.2,25.7,25,25.55,1215752
2024-12-22,25.5,26.15,25.3,25.8,2158834
2024-12-23,25.8,25.8,25,25.55,1274075
2024-12-24,25.65,25.8,25.4,25.45,971884
2024-12-25,25.5,25.65,25,25.05,826131
2024-12-26,25.05,25.4,24.78,24.96,1044391
2024-12-29,24.94,24.94,24.34,24.5,1327907
2024-12-30,24.52,24.66,24.34,24.58,911518
2024-12-31,24.6,24.78,24.44,24.68,1347941
2025-01-01,24.58,24.6,24.44,24.52,843141
2025-01-02,24.52,24.52,23.9,24.14,2055139
2025-01-05,24.2,24.22,23.96,23.98,1461863
2025-01-06,24.02,24.26,23.94,24.08,1856966
2025-01-07,24.1,24.4,23.98,24.24,1560659
2025-01-08,24.28,24.46,24.14,24.28,1126324
2025-01-09,24.28,24.32,24.12,24.18,711598
2025-01-12,24.2,25.05,24.2,25.05,2682516
2025-01-13,25.3,25.6,25.1,25.6,3156351
2025-01-14,25.65,25.7,25.25,25.3,1303052
2025-01-15,25.4,25.5,25.05,25.15,2119916
2025-01-16,25.15,25.75,25,25.65,3234471
2025-01-19,25.65,25.95,25.4,25.75,2034412
2025-01-20,25.8,25.8,25.3,25.35,1587395
2025-01-21,25.35,25.7,25.2,25.4,1306323
2025-01-22,25.5,25.6,25.25,25.35,1183141
2025-01-23,25.45,25.45,25,25.05,1286642
2025-01-26,25.05,25.35,24.98,25.3,1115090
2025-01-27,25.15,25.45,25.15,25.4,1486300
2025-01-28,25.3,25.9,25.25,25.5,3382020
2025-01-29,25.5,25.6,25.2,25.3,2106844
2025-01-30,25.25,25.6,25.1,25.6,1957739
2025-02-02,25.65,26.4,25.55,25.8,5323806
2025-02-03,25.65,25.9,25.35,25.4,2338821
2025-02-04,25.45,25.55,25.25,25.45,2799746
2025-02-05,25.45,26.3,25.25,26.3,4682795
2025-02-06,26.3,26.9,26,26.85,4300713
2025-02-09,26.8,27.6,26.65,27.55,4223426
2025-02-10,27.55,27.7,27.15,27.55,3034261
2025-02-11,27.5,27.5,27,27.15,2067325
2025-02-12,27,27.15,26.75,27.15,2069376
2025-02-13,27.15,27.25,26.85,27.2,1168135
2025-02-16,27.45,28,27.15,27.95,5113712
2025-02-17,28,28,27.55,27.75,2097544
2025-02-18,27.65,27.8,27.35,27.55,1356683
2025-02-19,27.55,27.55,26.9,27,1690049
2025-02-20,27,27.05,26.65,26.95,1128789
2025-02-24,26.5,26.65,25.35,25.45,5135161
2025-02-25,25.4,25.45,24.84,25.05,2194021
2025-02-26,25.15,25.35,24.84,25.15,1280042
2025-02-27,25.15,25.55,25,25.3,1076451
2025-03-02,25.25,25.3,24.3,24.46,1460584
2025-03-03,24.52,25.05,24.36,24.94,2476854
2025-03-04,24.84,25.05,24.62,24.76,4441823
2025-03-05,24.76,24.8,24.56,24.76,1388473
2025-03-06,24.78,24.78,24.44,24.44,4634697
2025-03-09,24.46,24.66,24.28,24.56,939161
2025-03-10,24.7,24.86,24.48,24.56,1170787
2025-03-11,24.5,24.5,24.12,24.2,2397799
2025-03-12,24.12,24.16,23.66,23.66,1813793
2025-03-13,23.7,23.96,23.4,23.94,1317353
2025-03-16,24.1,24.4,24.02,24.36,1255548
2025-03-17,24.32,24.72,24.24,24.5,1480462
2025-03-18,24.5,24.76,24.34,24.52,1087501
2025-03-19,24.46,24.52,24.26,24.52,578395
2025-03-20,24.5,24.7,24.36,24.46,960075
2025-03-23,24.46,24.68,24.46,24.6,335043
2025-03-24,24.62,24.98,24.58,24.8,517632
2025-03-25,24.82,25,24.78,24.92,610444
2025-03-26,24.94,25.1,24.82,25.1,1263417
2025-03-27,25.1,25.3,25,25.1,1137210
2025-04-03,25,25.05,24.5,24.9,631486
2025-04-06,22.8,23.8,22.8,23.38,1478891
2025-04-07,23,23.36,22,23.14,2320911
2025-04-08,23.3,24.2,23.3,23.5,2292845
2025-04-09,23.24,23.46,22.42,22.52,1601220
2025-04-10,23.94,23.94,23.04,23.18,1554103
2025-04-13,23.32,23.76,23.3,23.64,806535
2025-04-14,23.64,23.7,23.46,23.56,1244460
2025-04-15,23.6,23.66,23.14,23.2,1267908
2025-04-16,23.2,23.22,22.94,23.12,1049841
2025-04-17,23.12,23.36,22.9,23,1292555
2025-04-20,23.14,23.44,23.14,23.34,1017583
2025-04-21,23.4,23.54,23.1,23.16,814252
2025-04-22,23.12,23.18,22.96,23,862299
2025-04-23,23.14,23.22,23.04,23.1,1213588
2025-04-24,23.1,23.3,23.06,23.2,1109555
2025-04-27,23.3,23.44,23.14,23.38,1549428
2025-04-28,23.44,23.44,23.04,23.06,1868828
2025-04-29,23.14,23.22,22.72,22.72,3773180
2025-04-30,22.8,22.8,22.18,22.26,2131125
2025-05-01,22.3,22.32,21.94,22.02,2645399
2025-05-04,22.2,22.28,21.66,21.68,1510981
2025-05-05,21.7,21.9,21.6,21.6,2136932
2025-05-06,21.64,21.66,21.22,21.36,2187916
2025-05-07,21.38,21.64,21.24,21.48,1284339
2025-05-08,21.58,21.58,21.18,21.2,1090570
2025-05-11,21.18,21.3,20.82,20.86,1340547
2025-05-12,20.92,21.6,20.92,21.5,3854522
2025-05-13,21.6,21.9,21.36,21.8,1449922
2025-05-14,21.84,21.9,21.7,21.84,1471469
2025-05-15,21.96,21.96,21.54,21.58,1038764
2025-05-18,21.6,21.64,21.3,21.44,584115
2025-05-19,21.4,21.66,21.22,21.24,688231
2025-05-20,21.24,21.42,21.14,21.3,515975
2025-05-21,21.3,21.4,21.04,21.1,520619
2025-05-22,21.02,21.22,21,21.06,590174
2025-05-25,21.02,21.08,20.66,20.68,982540
2025-05-26,20.74,20.8,20.24,20.72,1202150
2025-05-27,20.76,20.76,20.3,20.34,569781
2025-05-28,20.42,20.64,20.34,20.34,869264
2025-05-29,20.4,21.32,20.38,21.3,2553220
2025-06-01,21.28,21.28,20.64,20.78,968703
2025-06-02,20.98,20.98,20.6,20.72,963764
2025-06-03,20.74,20.82,20.54,20.72,668463
2025-06-04,20.74,20.76,20.36,20.42,1698473
2025-06-11,20.56,21.14,20.52,20.72,1616112
2025-06-12,20.54,20.6,19.8,19.8,1707939
2025-06-15,18.2,19.34,18.2,19.2,1886772
2025-06-16,19.28,20.08,19.28,20.02,1464085
2025-06-17,20,20,19.4,19.44,917229
2025-06-18,19.46,19.46,19.1,19.14,672364
2025-06-19,19.14,19.44,19.04,19.26,637482
2025-06-22,19.22,19.62,19.18,19.22,575730
2025-06-23,19.24,19.84,19.24,19.78,774207
2025-06-24,20.06,20.58,20.06,20.48,1307923
2025-06-25,20.6,20.76,20.4,20.76,787319
2025-06-26,20.78,21,20.56,21,688997
2025-06-29,21.04,21.24,21.02,21.22,712016
2025-06-30,21.21,21.29,21,21.12,697064
2025-07-01,21.14,21.3,21.01,21.14,850073
2025-07-02,21.15,21.9,21.11,21.53,1787141
2025-07-03,21.55,21.8,21.29,21.65,1214422
2025-07-06,21.8,21.86,21.58,21.67,947811
2025-07-07,21.8,21.8,21.52,21.58,786786
2025-07-08,21.58,21.61,21.36,21.41,854066
2025-07-09,21.36,21.61,21.31,21.59,582687
2025-07-10,21.59,22.04,21.39,21.82,1529732
2025-07-13,21.86,21.96,21.62,21.62,624901
2025-07-14,21.6,21.7,21.42,21.7,637315
2025-07-15,21.7,21.77,21.52,21.58,372756
2025-07-16,21.58,21.65,21.3,21.4,595953
2025-07-17,21.4,21.6,21.25,21.6,503095
2025-07-20,21.6,21.7,21.34,21.38,274853
2025-07-21,21.46,21.46,21.01,21.19,380594
2025-07-22,21.18,21.26,21.03,21.03,610568
2025-07-23,20.99,21,20.72,20.9,864698
2025-07-24,20.92,21.07,20.82,20.9,384831
2025-07-27,21.02,21.17,20.64,20.73,826905
2025-07-28,20.75,20.75,20.31,20.37,670365
2025-07-29,20.38,20.62,20.25,20.52,590061
2025-07-30,20.52,20.63,20.37,20.56,320578
2025-07-31,20.41,20.72,20.3,20.58,611962
2025-08-03,20.49,20.49,20.07,20.39,527468
2025-08-04,20.39,20.65,20.17,20.64,362538
2025-08-05,20.72,20.97,20.56,20.95,468836
2025-08-06,20.95,21,20.79,20.93,384577
2025-08-07,20.86,21.25,20.86,21.1,580481
2025-08-10,21.27,21.27,21,21.12,319079
2025-08-11,21.12,21.12,20.5,20.54,462285
2025-08-12,20.49,20.73,20.38,20.68,502478
2025-08-13,20.68,21.16,20.68,21.1,539163
2025-08-14,21.03,21.54,21.03,21.34,740662
2025-08-17,21.45,21.54,21.28,21.47,234119
2025-08-18,21.47,21.47,21.29,21.39,281030
2025-08-19,21.39,21.52,21.24,21.39,317889
2025-08-20,21.35,21.41,21.25,21.35,230801
2025-08-21,21.35,21.46,21.05,21.09,491455
2025-08-24,21.3,21.45,21.24,21.29,317269
2025-08-25,21.29,21.32,21.1,21.26,362609
2025-08-26,21.26,21.3,21.17,21.3,299217
2025-08-27,21.32,21.35,21.2,21.2,450851
2025-08-28,21.24,21.24,20.8,20.87,516263
2025-08-31,20.87,21.23,20.64,20.82,727646
2025-09-01,20.8,21.1,20.61,21.01,425835
2025-09-02,21,21.21,20.9,21.13,460274
2025-09-03,21.13,21.23,20.95,20.98,462036
2025-09-04,20.9,21.03,20.67,20.69,631705
2025-09-07,20.69,20.77,20.55,20.7,426684
2025-09-08,20.56,20.73,20.51,20.68,455441
2025-09-09,20.61,21,20.3,20.88,874825
2025-09-10,20.56,20.96,20.56,20.89,282750
2025-09-11,20.79,20.85,20.42,20.64,460180
2025-09-14,20.6,20.66,20.29,20.5,517495
2025-09-15,20.36,20.54,20.23,20.37,607074
2025-09-16,20.44,20.64,20.3,20.63,505159
2025-09-17,20.64,21.2,20.63,21.14,473006
2025-09-18,21,21.22,20.9,21.22,779526
2025-09-21,21.22,21.46,21.13,21.3,652718
2025-09-22,21.25,21.56,21.2,21.42,706906
2025-09-24,21.66,22.17,21.66,21.97,1739095
2025-09-25,21.97,22.03,21.48,21.66,980139
2025-09-28,21.65,21.7,21.55,21.6,462599
2025-09-29,21.52,21.89,21.46,21.83,836290
2025-09-30,21.83,21.93,21.75,21.81,876401
2025-10-01,21.82,22,21.77,21.92,747727
2025-10-02,22.14,22.41,21.99,22.3,1448823
2025-10-05,22.4,22.7,22.4,22.66,1369987
2025-10-06,22.7,22.7,22.37,22.4,984024
2025-10-07,22.4,22.47,22.25,22.37,569096
2025-10-08,22.36,22.36,22.03,22.05,496225
2025-10-09,22.05,22.08,21.78,21.99,684871
2025-10-12,21.5,21.8,21.36,21.77,459720
2025-10-13,21.8,22.22,21.8,22.09,583899
2025-10-14,22.1,22.17,21.88,22.08,380377
2025-10-15,22,22.19,21.95,22.19,368849
2025-10-16,22.2,22.27,22.11,22.24,472159
2025-10-19,22.29,22.36,22.09,22.17,342249
2025-10-20,22.08,22.16,21.8,21.8,398067
2025-10-21,21.95,21.95,21.55,21.6,259990
2025-10-22,21.52,21.75,21.52,21.69,359821
2025-10-23,21.69,21.7,21.56,21.63,326402
2025-10-26,21.61,21.66,21.23,21.36,869796
2025-10-27,21.32,21.41,20.99,21.03,1202916
2025-10-28,21.04,21.16,20.91,21,700892
2025-10-29,20.95,20.97,20.76,20.82,769434
2025-10-30,20.82,21,20.76,20.84,1189667
2025-11-02,20.8,20.91,20.72,20.82,551144
2025-11-03,20.83,20.85,20.6,20.67,760044
2025-11-04,20.66,20.74,20.54,20.57,744231
2025-11-05,20.55,20.8,20.38,20.66,975492
2025-11-06,20.55,21,20.55,21,506645
2025-11-09,20.96,20.96,20.43,20.56,869762
2025-11-10,20.6,20.7,20.39,20.57,649785
2025-11-11,20.57,20.57,20.32,20.39,1244530
2025-11-12,20.39,20.42,20.22,20.25,954641
2025-11-13,20.25,20.25,19.94,19.96,895141
2025-11-16,19.96,19.96,19.2,19.29,1402776
2025-11-17,19.29,19.44,19.03,19.28,956090
2025-11-18,19.3,19.54,19.11,19.51,1610683
2025-11-19,19.51,19.7,19.24,19.35,1527015
2025-11-20,19.36,19.5,19.22,19.39,1351239
2025-11-23,19.39,19.39,19.03,19.1,1640244
2025-11-24,19.1,19.12,18.86,19.02,852959
2025-11-25,19,19.06,18.64,18.76,666805
2025-11-26,18.76,18.86,18.35,18.81,1714919
2025-11-27,18.84,18.95,18.64,18.79,620663
2025-11-30,18.8,18.84,18.35,18.47,860470
2025-12-01,18.42,18.62,18.33,18.52,457768
2025-12-02,18.6,18.77,18.18,18.18,1000320
2025-12-03,18.18,18.52,18.02,18.52,1085485
2025-12-04,18.51,18.63,18.35,18.42,1108671
2025-12-07,18.45,18.5,18.29,18.35,404240
2025-12-08,18.35,18.45,18.27,18.4,340989
2025-12-09,18.4,18.62,18.29,18.62,915630
2025-12-10,18.61,18.68,18.52,18.59,432141
2025-12-11,18.62,18.66,18.38,18.46,551254
2025-12-14,18.46,18.5,18.23,18.24,663796
2025-12-15,18.25,18.41,18.16,18.28,523742
2025-12-16,18.22,18.6,18.16,18.29,625032
2025-12-17,18.28,18.49,18.13,18.49,392640
2025-12-18,18.49,18.66,18.34,18.36,500052
2025-12-21,18.44,18.7,18.39,18.45,308111
2025-12-22,18.45,18.69,18.32,18.53,707478
2025-12-23,18.53,18.61,18.37,18.55,498300
2025-12-24,18.55,18.56,18.41,18.48,195575
2025-12-25,18.48,18.57,18.33,18.4,214267
2025-12-28,18.4,18.47,18.1,18.23,614518
2025-12-29,18.23,18.43,18.08,18.43,693260
2025-12-30,18.45,18.76,17.95,18.1,1382165
2025-12-31,18.2,18.4,18.2,18.39,637434
2026-01-01,18.4,18.73,18.4,18.73,217308
2026-01-04,18.56,18.73,18.32,18.5,268354
2026-01-05,18.65,18.73,18.26,18.32,335901
2026-01-06,18.28,18.41,18.24,18.34,232389
2026-01-07,18.76,18.86,18.37,18.51,330764
2026-01-08,18.4,18.4,18.19,18.4,470249
2026-01-11,18.31,18.58,18.31,18.56,282057
2026-01-12,18.58,19.39,18.58,19.31,885986
2026-01-13,19.4,19.46,19.14,19.45,682308
2026-01-14,19.32,19.5,19.19,19.19,795027
2026-01-15,19.2,19.28,19,19,434858
2026-01-18,18.96,19.28,18.96,19.03,329475
2026-01-19,19.06,19.17,19.05,19.12,194266
2026-01-20,19.17,19.24,18.93,18.93,506245
2026-01-21,18.91,19,18.8,18.92,517658
2026-01-22,19.01,19.38,19,19.38,555890
2026-01-25,19.4,19.88,19.38,19.85,1103122
2026-01-26,19.85,20.15,19.62,19.93,1188118
2026-01-27,20,20.24,19.87,20,635554
2026-01-28,20,20.06,19.82,19.98,564286
2026-01-29,19.95,19.98,19.67,19.78,542860
2026-02-01,19.12,19.38,18.27,18.57,1559861
2026-02-02,18.55,18.55,18.11,18.39,1563482
2026-02-03,18.4,18.5,18.07,18.2,1707498
2026-02-04,18.21,18.21,17.89,18,1917183
2026-02-05,18,18,17.45,17.6,2414570
2026-02-08,17.64,17.81,17.49,17.79,1212747
2026-02-09,17.78,17.78,17.46,17.63,562639
2026-02-10,17.6,17.84,17.52,17.61,503514
2026-02-11,17.61,17.71,17.52,17.68,284506
2026-02-12,17.67,17.81,17.58,17.75,1052234
2026-02-15,17.76,18.09,17.76,17.98,490152
2026-02-16,17.97,17.97,17.65,17.8,807241
2026-02-17,17.77,17.77,17.56,17.7,307414
2026-02-18,17.61,17.74,17.5,17.67,1006606
2026-02-19,17.64,17.66,17.2,17.25,863719
2026-02-23,17.3,17.49,17,17.39,844642
2026-02-24,17.31,17.39,17.04,17.22,370635
2026-02-25,17.04,17.28,17.01,17.1,386037
2026-02-26,17.07,17.2,16.9,17.2,437863
2026-03-01,15.8,16.93,15.8,16.9,997383
2026-03-02,16.98,17.02,16.46,16.79,948142
2026-03-03,16.51,16.72,16.31,16.49,796925
2026-03-04,16.4,16.72,16.38,16.64,900443
2026-03-05,16.65,16.96,16.6,16.92,887334
2026-03-08,16.9,17.4,16.88,17.16,599397
2026-03-09,17.15,17.21,16.77,16.85,495462
2026-03-10,16.86,17.15,16.8,17.14,506515
2026-03-11,17.14,17.14,16.85,17,330150
2026-03-12,16.88,16.99,16.7,16.77,562056
2026-03-15,16.77,16.86,16.63,16.85,200795
2026-03-16,16.76,16.99,16.64,16.99,317917
2026-03-24,16.86,17.02,16.83,16.99,620207
2026-03-25,17.02,17.19,16.99,17.12,509258
2026-03-26,17.19,17.27,17.12,17.19,402471
2026-03-29,17.17,17.36,17.13,17.18,507477
2026-03-30,17.18,17.46,17,17.4,828871
2026-03-31,17.4,17.81,17.33,17.8,1144895
2026-04-01,17.8,17.8,17.61,17.68,483059
2026-04-02,17.67,17.67,17.48,17.49,501498
2026-04-05,17.64,17.68,17.46,17.5,373857
2026-04-06,17.5,17.61,17.09,17.15,640007
2026-04-07,17.1,17.1,16.73,16.8,950125
2026-04-08,17.1,17.25,17.04,17.24,1044866
2026-04-09,17.1,17.14,16.94,16.97,449001
2026-04-12,16.98,17.1,16.79,16.98,589216
2026-04-13,16.98,17.1,16.89,17.1,693473
2026-04-14,17.09,17.23,17.02,17.12,749458
2026-04-15,17.06,17.22,17.06,17.2,676605
2026-04-16,17.23,17.27,17.17,17.19,814570
2026-04-19,17.2,17.38,17.13,17.19,731933
2026-04-20,17.15,17.16,16.98,17.01,498301
2026-04-21,17.02,17.1,16.97,16.97,491629
2026-04-22,17,17.02,16.85,16.85,642714
2026-04-23,16.92,16.99,16.85,16.87,376671
2026-04-26,16.84,16.84,15.95,16.15,2697102
2026-04-27,16.15,16.34,15.95,16.15,1547252
2026-04-28,16.15,16.27,16.08,16.1,724082
2026-04-29,16.11,16.18,16.07,16.1,805287
2026-04-30,16.1,16.1,16,16.03,916405
2026-05-03,16.14,16.22,16.09,16.12,714265
2026-05-04,16.1,16.36,16.07,16.3,1725849
2026-05-05,16.31,16.35,16.07,16.1,984373
2026-05-06,16.12,16.19,15.72,15.72,2758148
2026-05-07,15.72,15.92,15.54,15.72,1219928
2026-05-10,15.73,16.02,15.7,15.99,1056911
2026-05-11,16,17.58,15.98,17.44,8353144
2026-05-12,17.42,17.89,17.09,17.3,5083549
2026-05-13,17.27,17.45,16.91,17,1170927
2026-05-14,17.04,17.09,16.28,16.29,2412246
2026-05-17,16.3,16.69,16.22,16.5,1724213
2026-05-18,16.48,16.48,16.14,16.16,973276
2026-05-19,16.16,17,16.16,16.9,3238100
2026-05-20,16.74,16.93,16.62,16.68,1903959
2026-05-21,16.69,17.15,16.65,16.8,1336388
2026-05-31,17.15,17.15,16.83,16.92,478934
2026-06-01,16.93,17,16.73,16.79,872476
2026-06-02,16.79,16.95,16.7,16.9,658060
2026-06-03,16.89,17.2,16.85,16.95,1134436
2026-06-04,16.95,16.97,16.69,16.69,839508
2026-06-07,16.6,16.69,16.43,16.69,497368
2026-06-08,16.5,16.63,16.4,16.5,457378
2026-06-09,16.57,16.72,16.53,16.53,918390
2026-06-10,16.54,16.82,16.25,16.25,1579717
2026-06-11,16.31,16.5,16.3,16.34,451648
2026-06-14,16.44,16.53,16.26,16.26,1493933
2026-06-15,16.31,16.48,16.28,16.37,868753
2026-06-16,16.43,16.48,16.12,16.12,1445696
2026-06-17,16.07,16.2,16.02,16.02,993277
2026-06-18,16.01,16.19,16,16.1,785504
2026-06-21,16.1,16.66,16.1,16.42,1231286
2026-06-22,16.42,16.43,16.26,16.38,438842
2026-06-23,16.31,16.43,16,16,1211697
2026-06-24,16.02,16.27,16,16.17,1172217
2026-06-25,16.19,16.2,15.95,15.98,1336370
2026-06-28,15.98,16.04,15.82,15.82,795577
2026-06-29,15.82,15.87,15.73,15.75,569921
2026-06-30,15.81,15.96,15.75,15.82,835003
2026-07-01,15.83,16.04,15.8,15.96,684034
2026-07-02,15.99,16.12,15.93,15.98,839685
2026-07-05,16.06,16.29,15.75,15.99,2256720
2026-07-06,15.99,15.99,15.82,15.84,741391
2026-07-07,15.83,15.86,15.76,15.82,736902
2026-07-08,15.79,15.79,15.56,15.65,869793
2026-07-09,15.6,15.85,15.54,15.67,539036
2026-07-12,15.63,15.72,15.57,15.66,253636
2026-07-13,15.76,15.8,15.58,15.68,475624
2026-07-14,15.68,15.7,15.36,15.36,900871
2026-07-15,15.38,15.45,15.34,15.34,449479
2026-07-16,15.34,15.52,15.34,15.47,226916
2026-07-19,15.35,15.48,15.18,15.45,377008
2026-07-20,15.2,15.2,14.78,14.87,1642400
2026-07-21,14.8,14.96,14.5,14.52,868971
2026-07-22,14.62,14.66,14.5,14.56,667811
2026-07-23,14.58,14.64,14.55,14.61,682548
2026-07-26,14.59,14.64,14.31,14.31,687451
2026-07-27,14.44,14.53,14.36,14.4,653263
2026-07-28,14.42,14.45,14.29,14.29,322672
2026-07-29,14.29,14.37,14.02,14.1,614757
2026-07-30,14.11,14.25,14.05,14.05,601609
2026-08-02,14.1,14.32,14.08,14.25,400461
2026-08-03,14.33,14.62,14.26,14.54,604333
2026-08-04,14.55,14.61,14.49,14.54,516227
2026-08-05,14.59,14.72,14.54,14.65,647441
2026-08-06,14.67,14.67,14.36,14.36,536674
2026-08-09,14.4,14.53,14.33,14.34,321612
2026-08-10,14.35,14.53,14.3,14.4,645211
2026-08-11,14.4,14.51,14.36,14.5,400543
2026-08-12,14.48,14.5,14.34,14.34,407151
2026-08-13,14.36,14.49,14.2,14.2,826481
2026-08-16,14.41,14.51,14.32,14.36,392628
2026-08-17,14.35,14.51,14.3,14.3,618703
2026-08-18,14.38,14.53,14.33,14.42,304893
2026-08-19,14.41,14.5,14.33,14.34,518102
2026-08-20,14.4,14.63,14.4,14.59,797975
2026-08-23,14.65,14.8,14.44,14.44,774914
2026-08-24,14.46,14.7,14.43,14.65,556841
2026-08-25,14.71,15.02,14.64,15,1415901
2026-08-26,15,15.3,14.88,15.13,990744
2026-08-27,15.12,15.47,15.06,15.3,830649
2026-08-30,15.4,15.4,15.22,15.32,421571
2026-08-31,15.25,15.31,15.2,15.3,341591
2026-09-01,15.3,15.43,15.2,15.22,194751
2026-09-02,15.2,15.4,14.98,15.2,778626
2026-09-03,15.2,15.28,15.07,15.12,829672
2026-09-06,15.12,15.38,15.09,15.18,750242
2026-09-07,15.17,15.19,15.02,15.13,683169
2026-09-08,15.02,15.1,14.88,14.97,389973
2026-09-09,14.96,14.97,14.68,14.72,491623
2026-09-10,14.71,14.94,14.71,14.8,931302
2026-09-13,14.71,14.71,14.5,14.56,341043
2026-09-14,14.56,14.57,14.4,14.44,317590
2026-09-15,14.3,14.41,14.17,14.18,447749
2026-09-16,14.17,14.26,14.08,14.16,311384
2026-09-17,14.16,14.27,14.12,14.13,434652
2026-09-20,14.13,14.14,13.85,13.92,411726
2026-09-21,13.92,14.01,13.78,13.8,465890
