Date,Time,Open,High,Low,Close,Volume
2025-07-22,10:00:00,7.7,8.18,7.59,7.93,9639240
2025-07-22,10:15:00,7.92,8.12,7.78,8.1,5635414
2025-07-22,10:30:00,8.1,9.02,8.1,8.5,7010936
2025-07-22,10:45:00,8.52,9.21,8.49,9.12,5599877
2025-07-22,11:00:00,9.1,9.18,8.7,8.91,4021150
2025-07-22,11:15:00,8.91,8.98,8.65,8.71,2781504
2025-07-22,11:30:00,8.71,8.76,8.58,8.7,2990451
2025-07-22,11:45:00,8.7,8.99,8.68,8.8,2052397
2025-07-22,12:00:00,8.83,8.84,8.69,8.78,2334872
2025-07-22,12:15:00,8.79,8.9,8.76,8.86,1240704
2025-07-22,12:30:00,8.86,8.99,8.86,8.88,2227532
2025-07-22,12:45:00,8.88,8.98,8.77,8.79,2083394
2025-07-22,13:00:00,8.79,8.84,8.67,8.77,1751137
2025-07-22,13:15:00,8.77,8.85,8.75,8.8,748469
2025-07-22,13:30:00,8.8,8.94,8.8,8.88,1384960
2025-07-22,13:45:00,8.88,8.9,8.79,8.84,783867
2025-07-22,14:00:00,8.83,8.85,8.75,8.8,735237
2025-07-22,14:15:00,8.8,8.82,8.73,8.77,549570
2025-07-22,14:30:00,8.76,9.17,8.73,9.15,2516344
2025-07-22,14:45:00,9.15,9.4,9.04,9.17,6572707
2025-07-22,15:00:00,9.3,9.3,9.3,9.3,668424
2025-07-22,15:15:00,9.3,9.3,9.3,9.3,52326
2025-07-23,10:00:00,9.6,10.16,9.55,9.95,10649221
2025-07-23,10:15:00,9.95,10.15,9.9,10.13,3625593
2025-07-23,10:30:00,10.11,10.43,10.03,10.42,6779287
2025-07-23,10:45:00,10.42,11.63,10.42,11.0,7742770
2025-07-23,11:00:00,11.02,11.39,10.67,11.12,6926638
2025-07-23,11:15:00,11.12,11.16,10.94,11.0,3773964
2025-07-23,11:30:00,11.0,11.08,10.9,10.98,2872820
2025-07-23,11:45:00,10.99,11.18,10.87,11.07,3407561
2025-07-23,12:00:00,11.07,11.08,10.94,11.03,1709657
2025-07-23,12:15:00,11.04,11.3,11.03,11.23,3121631
2025-07-23,12:30:00,11.24,11.3,11.13,11.2,2762069
2025-07-23,12:45:00,11.2,11.25,11.12,11.12,1268411
2025-07-23,13:00:00,11.12,11.49,11.12,11.43,4222243
2025-07-23,13:15:00,11.43,11.53,11.32,11.39,4332028
2025-07-23,13:30:00,11.4,11.42,11.18,11.28,2926056
2025-07-23,13:45:00,11.28,11.34,10.98,11.11,2780790
2025-07-23,14:00:00,11.13,11.29,11.03,11.1,2973909
2025-07-23,14:15:00,11.1,11.23,11.06,11.09,1956300
2025-07-23,14:30:00,11.07,11.15,10.76,10.95,4436730
2025-07-23,14:45:00,10.95,11.13,10.9,11.03,2970808
2025-07-23,15:00:00,11.03,11.03,11.03,11.03,309389
2025-07-23,15:15:00,11.03,11.03,11.03,11.03,24001
2025-07-24,10:00:00,11.6,12.01,11.11,11.7,10832423
2025-07-24,10:15:00,11.68,11.92,11.55,11.91,5158358
2025-07-24,10:30:00,11.93,11.94,11.75,11.8,3471228
2025-07-24,10:45:00,11.81,11.81,11.41,11.65,4637919
2025-07-24,11:00:00,11.62,11.65,11.21,11.3,3633539
2025-07-24,11:15:00,11.3,11.3,10.37,11.0,6435071
2025-07-24,11:30:00,11.02,11.16,10.8,10.95,3681079
2025-07-24,11:45:00,10.95,11.0,10.86,11.0,1756083
2025-07-24,12:00:00,11.0,11.05,10.85,10.9,1662128
2025-07-24,12:15:00,10.9,10.9,10.47,10.47,2848658
2025-07-24,12:30:00,10.49,10.79,10.48,10.69,2452311
2025-07-24,12:45:00,10.69,10.99,10.66,10.93,2043637
2025-07-24,13:00:00,10.93,10.94,10.78,10.85,977193
2025-07-24,13:15:00,10.84,10.87,10.79,10.83,563860
2025-07-24,13:30:00,10.84,11.1,10.84,11.0,2918064
2025-07-24,13:45:00,11.0,11.24,11.0,11.07,3570297
2025-07-24,14:00:00,11.07,11.16,10.81,10.93,2491039
2025-07-24,14:15:00,10.93,10.98,10.52,10.69,2802994
2025-07-24,14:30:00,10.69,10.71,10.06,10.29,3897026
2025-07-24,14:45:00,10.27,10.37,10.01,10.13,3201620
2025-07-24,15:00:00,10.22,10.22,10.22,10.22,558628
2025-07-24,15:15:00,10.22,10.22,10.22,10.22,113253
2025-07-27,10:00:00,10.5,10.72,10.3,10.47,3468295
2025-07-27,10:15:00,10.47,10.53,10.31,10.42,1847823
2025-07-27,10:30:00,10.42,10.55,10.38,10.49,1253236
2025-07-27,10:45:00,10.49,10.52,10.24,10.25,1461939
2025-07-27,11:00:00,10.24,10.33,10.16,10.26,1664667
2025-07-27,11:15:00,10.27,10.28,10.15,10.16,813936
2025-07-27,11:30:00,10.17,10.22,10.03,10.12,878541
2025-07-27,11:45:00,10.11,10.15,9.9,10.03,2139778
2025-07-27,12:00:00,10.03,10.2,9.96,10.2,1171756
2025-07-27,12:15:00,10.2,10.23,10.08,10.22,926556
2025-07-27,12:30:00,10.23,10.37,10.18,10.29,1957598
2025-07-27,12:45:00,10.29,10.32,10.17,10.22,610508
2025-07-27,13:00:00,10.23,10.3,10.17,10.21,488501
2025-07-27,13:15:00,10.2,10.23,10.15,10.19,379371
2025-07-27,13:30:00,10.19,10.34,10.18,10.22,972313
2025-07-27,13:45:00,10.23,10.24,10.12,10.15,689507
2025-07-27,14:00:00,10.16,10.2,10.06,10.08,800778
2025-07-27,14:15:00,10.08,10.1,10.02,10.06,620531
2025-07-27,14:30:00,10.06,10.13,10.04,10.05,446920
2025-07-27,14:45:00,10.05,10.13,9.95,10.13,1083790
2025-07-27,15:00:00,10.18,10.18,10.18,10.18,413491
2025-07-27,15:15:00,10.18,10.18,10.18,10.18,36806
2025-07-28,10:00:00,10.25,10.28,10.06,10.2,1703675
2025-07-28,10:15:00,10.2,10.28,10.07,10.28,1460982
2025-07-28,10:30:00,10.28,10.67,10.23,10.6,4709051
2025-07-28,10:45:00,10.6,11.1,10.57,11.03,5840534
2025-07-28,11:00:00,11.0,11.04,10.82,10.99,2642338
2025-07-28,11:15:00,10.99,11.0,10.86,10.9,1516218
2025-07-28,11:30:00,10.9,10.93,10.8,10.84,1086239
2025-07-28,11:45:00,10.84,10.95,10.75,10.93,1462221
2025-07-28,12:00:00,10.94,11.19,10.86,11.19,3871862
2025-07-28,12:15:00,11.19,11.19,11.19,11.19,604242
2025-07-28,12:30:00,11.19,11.19,10.96,10.98,3797258
2025-07-28,12:45:00,10.98,11.08,10.87,11.05,3466460
2025-07-28,13:00:00,11.06,11.13,10.94,11.05,1332912
2025-07-28,13:15:00,11.05,11.13,11.01,11.11,1352317
2025-07-28,13:30:00,11.11,11.16,11.1,11.15,1365159
2025-07-28,13:45:00,11.14,11.19,11.1,11.19,2113858
2025-07-28,14:00:00,11.19,11.19,10.96,10.99,5513274
2025-07-28,14:15:00,10.99,11.09,10.96,11.01,1566962
2025-07-28,14:30:00,11.01,11.19,10.99,11.1,3464657
2025-07-28,14:45:00,11.1,11.19,11.1,11.19,1659515
2025-07-28,15:00:00,11.19,11.19,11.19,11.19,39697
2025-07-28,15:15:00,11.19,11.19,11.19,11.19,1963
2025-07-29,10:00:00,11.52,11.8,11.4,11.67,6870332
2025-07-29,10:15:00,11.68,11.82,11.58,11.74,4611473
2025-07-29,10:30:00,11.75,11.77,11.07,11.28,7064345
2025-07-29,10:45:00,11.28,11.39,11.17,11.34,1834024
2025-07-29,11:00:00,11.34,11.56,11.32,11.48,1972234
2025-07-29,11:15:00,11.46,11.48,11.35,11.4,965588
2025-07-29,11:30:00,11.4,11.54,11.34,11.45,2421037
2025-07-29,11:45:00,11.45,11.47,11.23,11.33,3045892
2025-07-29,12:00:00,11.33,11.35,11.28,11.29,693969
2025-07-29,12:15:00,11.29,11.29,10.96,11.08,3528514
2025-07-29,12:30:00,11.08,11.23,10.97,11.19,1365628
2025-07-29,12:45:00,11.17,11.23,11.16,11.21,637475
2025-07-29,13:00:00,11.22,11.32,11.1,11.2,1662830
2025-07-29,13:15:00,11.2,11.2,11.1,11.17,427312
2025-07-29,13:30:00,11.16,11.22,11.03,11.19,914074
2025-07-29,13:45:00,11.19,11.3,11.17,11.2,1012914
2025-07-29,14:00:00,11.2,11.21,11.11,11.18,518720
2025-07-29,14:15:00,11.18,11.23,11.06,11.22,561217
2025-07-29,14:30:00,11.22,11.25,11.08,11.12,1039579
2025-07-29,14:45:00,11.11,11.13,11.0,11.06,1254660
2025-07-29,15:00:00,11.02,11.02,11.02,11.02,324343
2025-07-29,15:15:00,11.02,11.02,11.02,11.02,32950
2025-07-30,10:00:00,10.91,11.07,10.86,10.95,2012793
2025-07-30,10:15:00,10.94,10.95,10.73,10.75,2337113
2025-07-30,10:30:00,10.75,10.88,10.69,10.88,1286268
2025-07-30,10:45:00,10.87,11.0,10.86,10.92,1182860
2025-07-30,11:00:00,10.93,10.97,10.85,10.85,793659
2025-07-30,11:15:00,10.85,10.86,10.79,10.82,528823
2025-07-30,11:30:00,10.81,10.85,10.76,10.8,774744
2025-07-30,11:45:00,10.8,10.85,10.79,10.81,348938
2025-07-30,12:00:00,10.81,10.83,10.65,10.67,1029959
2025-07-30,12:15:00,10.67,10.76,10.65,10.67,427274
2025-07-30,12:30:00,10.67,10.77,10.66,10.72,319499
2025-07-30,12:45:00,10.72,10.73,10.41,10.48,1705814
2025-07-30,13:00:00,10.48,10.52,10.39,10.46,1046907
2025-07-30,13:15:00,10.45,10.46,10.18,10.28,2750810
2025-07-30,13:30:00,10.28,10.38,10.18,10.28,2121365
2025-07-30,13:45:00,10.27,10.46,10.27,10.4,1008521
2025-07-30,14:00:00,10.37,10.39,10.25,10.27,709956
2025-07-30,14:15:00,10.27,10.3,10.16,10.28,998809
2025-07-30,14:30:00,10.28,10.3,10.19,10.19,582309
2025-07-30,14:45:00,10.2,10.27,10.2,10.23,713176
2025-07-30,15:00:00,10.23,10.23,10.23,10.23,515900
2025-07-30,15:15:00,10.23,10.23,10.23,10.23,132118
2025-07-31,10:00:00,10.24,10.6,10.24,10.59,2274654
2025-07-31,10:15:00,10.6,10.78,10.51,10.76,2643409
2025-07-31,10:30:00,10.77,10.88,10.7,10.73,2133728
2025-07-31,10:45:00,10.72,10.73,10.62,10.66,1206567
2025-07-31,11:00:00,10.65,10.77,10.65,10.69,767771
2025-07-31,11:15:00,10.72,11.0,10.69,10.96,2382199
2025-07-31,11:30:00,10.96,11.14,10.92,11.08,2271036
2025-07-31,11:45:00,11.09,11.1,10.95,10.98,1246178
2025-07-31,12:00:00,10.98,11.07,10.97,11.04,590028
2025-07-31,12:15:00,11.03,11.04,10.92,10.93,445272
2025-07-31,12:30:00,10.93,11.05,10.92,10.99,465608
2025-07-31,12:45:00,10.98,11.25,10.98,11.23,3208303
2025-07-31,13:00:00,11.23,11.25,11.15,11.25,4525829
2025-07-31,13:15:00,11.25,11.25,11.25,11.25,424496
2025-07-31,13:30:00,11.25,11.25,11.25,11.25,196728
2025-07-31,13:45:00,11.25,11.25,11.25,11.25,105827
2025-07-31,14:00:00,11.25,11.25,11.25,11.25,64448
2025-07-31,14:15:00,11.25,11.25,11.25,11.25,66302
2025-07-31,14:30:00,11.25,11.25,11.25,11.25,21530
2025-07-31,14:45:00,11.25,11.25,11.25,11.25,78725
2025-07-31,15:00:00,11.25,11.25,11.25,11.25,7880
2025-07-31,15:15:00,11.25,11.25,11.25,11.25,585
2025-08-03,10:00:00,11.9,11.92,11.28,11.4,6776950
2025-08-03,10:15:00,11.4,11.8,11.34,11.7,3513759
2025-08-03,10:30:00,11.68,11.84,11.6,11.8,2312729
2025-08-03,10:45:00,11.81,11.86,11.5,11.61,2815539
2025-08-03,11:00:00,11.61,11.63,11.43,11.52,1414965
2025-08-03,11:15:00,11.51,11.56,11.28,11.34,2254612
2025-08-03,11:30:00,11.33,11.55,11.28,11.52,1126903
2025-08-03,11:45:00,11.53,11.75,11.42,11.68,1983161
2025-08-03,12:00:00,11.66,11.66,11.54,11.61,758989
2025-08-03,12:15:00,11.61,11.68,11.46,11.64,961141
2025-08-03,12:30:00,11.63,11.8,11.57,11.75,1520948
2025-08-03,12:45:00,11.75,11.78,11.63,11.66,1090926
2025-08-03,13:00:00,11.66,11.71,11.61,11.68,449441
2025-08-03,13:15:00,11.68,12.25,11.61,12.22,4552161
2025-08-03,13:30:00,12.22,12.36,12.17,12.27,3580384
2025-08-03,13:45:00,12.27,12.37,12.26,12.37,2457671
2025-08-03,14:00:00,12.37,12.37,12.37,12.37,330020
2025-08-03,14:15:00,12.37,12.37,12.37,12.37,144347
2025-08-03,14:30:00,12.37,12.37,12.37,12.37,68545
2025-08-03,14:45:00,12.37,12.37,12.37,12.37,159541
2025-08-03,15:00:00,12.37,12.37,12.37,12.37,51470
2025-08-03,15:15:00,12.37,12.37,12.37,12.37,1311
2025-08-04,10:00:00,12.38,12.78,12.38,12.68,5364522
2025-08-04,10:15:00,12.68,13.29,12.68,13.28,4956808
2025-08-04,10:30:00,13.29,13.46,12.9,13.22,5456732
2025-08-04,10:45:00,13.21,13.27,12.99,13.22,2401431
2025-08-04,11:00:00,13.22,13.34,13.08,13.15,2428493
2025-08-04,11:15:00,13.15,13.21,13.09,13.18,1016483
2025-08-04,11:30:00,13.18,13.18,12.95,13.0,2549718
2025-08-04,11:45:00,12.98,13.0,12.54,12.84,4264420
2025-08-04,12:00:00,12.84,12.93,12.7,12.93,1105901
2025-08-04,12:15:00,12.94,13.06,12.93,13.01,1395725
2025-08-04,12:30:00,13.01,13.16,13.0,13.11,1516006
2025-08-04,12:45:00,13.11,13.29,13.04,13.24,1868609
2025-08-04,13:00:00,13.25,13.3,13.13,13.26,1224414
2025-08-04,13:15:00,13.29,13.3,13.03,13.14,1358654
2025-08-04,13:30:00,13.14,13.16,12.8,13.06,2177988
2025-08-04,13:45:00,13.07,13.11,12.85,12.91,1411771
2025-08-04,14:00:00,12.9,13.0,12.86,12.9,790053
2025-08-04,14:15:00,12.91,12.97,12.6,12.81,1840812
2025-08-04,14:30:00,12.82,12.82,12.4,12.56,2687998
2025-08-04,14:45:00,12.54,12.7,12.38,12.52,2128798
2025-08-04,15:00:00,12.65,12.65,12.65,12.65,399591
2025-08-04,15:15:00,12.65,12.65,12.65,12.65,43333
2025-08-05,10:00:00,12.7,13.15,12.7,13.0,4402816
2025-08-05,10:15:00,13.0,13.07,12.79,12.88,2376494
2025-08-05,10:30:00,12.89,12.94,12.72,12.74,1424024
2025-08-05,10:45:00,12.74,12.79,12.51,12.58,1880602
2025-08-05,11:00:00,12.58,12.95,12.57,12.94,2292565
2025-08-05,11:15:00,12.94,12.95,12.76,12.83,858803
2025-08-05,11:30:00,12.84,12.93,12.75,12.9,907293
2025-08-05,11:45:00,12.9,13.02,12.85,12.95,1550981
2025-08-05,12:00:00,12.94,12.97,12.84,12.86,687251
2025-08-05,12:15:00,12.85,12.92,12.85,12.9,261735
2025-08-05,12:30:00,12.9,12.91,12.7,12.74,913380
2025-08-05,12:45:00,12.74,12.79,12.6,12.69,955574
2025-08-05,13:00:00,12.69,12.7,12.51,12.62,1247968
2025-08-05,13:15:00,12.62,12.67,12.4,12.5,1361053
2025-08-05,13:30:00,12.5,12.57,12.18,12.27,1576498
2025-08-05,13:45:00,12.27,12.38,12.1,12.35,1703816
2025-08-05,14:00:00,12.35,12.52,12.3,12.37,933685
2025-08-05,14:15:00,12.37,12.49,12.35,12.47,523723
2025-08-05,14:30:00,12.47,12.47,12.25,12.34,890165
2025-08-05,14:45:00,12.34,12.43,12.28,12.33,1362826
2025-08-05,15:00:00,12.35,12.35,12.35,12.35,438854
2025-08-05,15:15:00,12.35,12.35,12.35,12.35,115327
2025-08-06,10:00:00,12.41,12.54,12.2,12.3,1537803
2025-08-06,10:15:00,12.3,12.65,12.29,12.55,2043086
2025-08-06,10:30:00,12.55,12.55,12.39,12.46,896177
2025-08-06,10:45:00,12.46,12.73,12.41,12.7,1839774
2025-08-06,11:00:00,12.72,12.9,12.71,12.88,2632401
2025-08-06,11:15:00,12.88,12.89,12.64,12.7,1814881
2025-08-06,11:30:00,12.7,12.73,12.54,12.58,1196031
2025-08-06,11:45:00,12.58,12.68,12.55,12.65,589169
2025-08-06,12:00:00,12.62,12.67,12.47,12.55,957567
2025-08-06,12:15:00,12.56,12.6,12.54,12.55,390031
2025-08-06,12:30:00,12.56,12.56,12.43,12.53,696786
2025-08-06,12:45:00,12.52,12.56,12.45,12.52,447971
2025-08-06,13:00:00,12.52,12.54,12.47,12.52,346913
2025-08-06,13:15:00,12.53,12.55,12.38,12.45,733276
2025-08-06,13:30:00,12.45,12.48,12.41,12.46,212852
2025-08-06,13:45:00,12.47,12.47,12.32,12.43,547303
2025-08-06,14:00:00,12.43,12.68,12.41,12.63,1405268
2025-08-06,14:15:00,12.62,12.63,12.46,12.48,624625
2025-08-06,14:30:00,12.48,12.82,12.4,12.68,3079667
2025-08-06,14:45:00,12.69,12.85,12.64,12.84,1528796
2025-08-06,15:00:00,12.9,12.9,12.9,12.9,882303
2025-08-06,15:15:00,12.9,12.9,12.9,12.9,138497
2025-08-07,10:00:00,13.1,13.36,13.02,13.32,4792991
2025-08-07,10:15:00,13.31,13.33,13.15,13.21,2049074
2025-08-07,10:30:00,13.22,13.25,13.1,13.15,1787957
2025-08-07,10:45:00,13.15,13.17,13.08,13.16,941963
2025-08-07,11:00:00,13.16,13.31,13.13,13.25,1887566
2025-08-07,11:15:00,13.25,13.35,13.18,13.24,1420904
2025-08-07,11:30:00,13.24,13.25,13.15,13.16,1013159
2025-08-07,11:45:00,13.16,13.2,13.01,13.11,1978015
2025-08-07,12:00:00,13.11,13.11,12.71,12.79,3915544
2025-08-07,12:15:00,12.79,12.95,12.75,12.94,1121104
2025-08-07,12:30:00,12.94,12.97,12.74,12.8,852753
2025-08-07,12:45:00,12.8,12.83,12.61,12.62,1262402
2025-08-07,13:00:00,12.62,12.71,12.56,12.62,989193
2025-08-07,13:15:00,12.6,12.85,12.6,12.81,942787
2025-08-07,13:30:00,12.82,12.84,12.73,12.76,456487
2025-08-07,13:45:00,12.76,12.83,12.74,12.78,277500
2025-08-07,14:00:00,12.78,12.79,12.68,12.72,413698
2025-08-07,14:15:00,12.72,13.1,12.72,13.0,2052008
2025-08-07,14:30:00,13.0,13.02,12.88,12.95,994262
2025-08-07,14:45:00,12.94,12.96,12.85,12.91,1028715
2025-08-07,15:00:00,12.85,12.85,12.85,12.85,354693
2025-08-07,15:15:00,12.85,12.85,12.85,12.85,42724
2025-08-10,10:00:00,12.9,12.98,12.63,12.67,1835859
2025-08-10,10:15:00,12.67,12.94,12.64,12.9,1013517
2025-08-10,10:30:00,12.9,13.04,12.81,12.87,1453769
2025-08-10,10:45:00,12.86,12.86,12.72,12.81,962942
2025-08-10,11:00:00,12.82,12.82,12.72,12.75,408055
2025-08-10,11:15:00,12.74,12.77,12.65,12.72,655806
2025-08-10,11:30:00,12.72,12.78,12.7,12.77,339206
2025-08-10,11:45:00,12.75,12.78,12.7,12.75,261997
2025-08-10,12:00:00,12.75,12.76,12.7,12.75,186068
2025-08-10,12:15:00,12.74,12.87,12.73,12.8,332995
2025-08-10,12:30:00,12.8,12.84,12.77,12.81,342895
2025-08-10,12:45:00,12.81,12.9,12.79,12.79,367141
2025-08-10,13:00:00,12.79,12.94,12.77,12.94,556265
2025-08-10,13:15:00,12.94,12.99,12.84,12.88,802533
2025-08-10,13:30:00,12.87,12.92,12.84,12.88,174881
2025-08-10,13:45:00,12.88,12.89,12.8,12.8,387920
2025-08-10,14:00:00,12.81,12.81,12.75,12.79,333070
2025-08-10,14:15:00,12.8,12.8,12.71,12.74,461595
2025-08-10,14:30:00,12.74,12.77,12.6,12.68,1053552
2025-08-10,14:45:00,12.68,12.75,12.61,12.67,826263
2025-08-10,15:00:00,12.67,12.67,12.67,12.67,204555
2025-08-10,15:15:00,12.67,12.67,12.67,12.67,8061
2025-08-11,10:00:00,12.64,12.67,12.53,12.59,905513
2025-08-11,10:15:00,12.58,12.59,12.31,12.42,1378916
2025-08-11,10:30:00,12.44,12.45,12.2,12.21,1116070
2025-08-11,10:45:00,12.21,12.28,11.41,12.26,6262398
2025-08-11,11:00:00,12.26,12.33,11.99,12.09,1608929
2025-08-11,11:15:00,12.09,12.15,11.94,12.05,1191626
2025-08-11,11:30:00,12.06,12.17,11.99,12.08,891672
2025-08-11,11:45:00,12.08,12.12,12.0,12.04,461347
2025-08-11,12:00:00,12.04,12.06,11.93,12.0,1020667
2025-08-11,12:15:00,12.0,12.03,11.94,12.03,350656
2025-08-11,12:30:00,12.03,12.34,12.0,12.34,1606030
2025-08-11,12:45:00,12.35,12.38,12.16,12.31,1208658
2025-08-11,13:00:00,12.32,12.36,12.17,12.22,835957
2025-08-11,13:15:00,12.24,12.27,12.14,12.2,391807
2025-08-11,13:30:00,12.19,12.2,12.02,12.13,626485
2025-08-11,13:45:00,12.1,12.16,12.05,12.12,279340
2025-08-11,14:00:00,12.12,12.18,12.06,12.08,282865
2025-08-11,14:15:00,12.08,12.14,12.07,12.1,189457
2025-08-11,14:30:00,12.1,12.22,12.09,12.14,438106
2025-08-11,14:45:00,12.14,12.39,12.1,12.38,1121827
2025-08-11,15:00:00,12.37,12.37,12.37,12.37,248443
2025-08-11,15:15:00,12.37,12.37,12.37,12.37,76324
2025-08-12,10:00:00,12.39,12.65,12.22,12.63,2016415
2025-08-12,10:15:00,12.62,12.72,12.45,12.52,2177806
2025-08-12,10:30:00,12.52,12.53,12.38,12.48,939699
2025-08-12,10:45:00,12.48,12.5,12.42,12.45,313124
2025-08-12,11:00:00,12.43,12.45,12.26,12.36,914698
2025-08-12,11:15:00,12.35,12.35,12.24,12.32,517902
2025-08-12,11:30:00,12.33,12.38,12.31,12.35,195490
2025-08-12,11:45:00,12.35,12.42,12.3,12.3,379681
2025-08-12,12:00:00,12.3,12.36,12.28,12.3,221626
2025-08-12,12:15:00,12.31,12.44,12.28,12.38,379493
2025-08-12,12:30:00,12.4,12.4,12.26,12.29,405135
2025-08-12,12:45:00,12.29,12.31,12.23,12.27,423952
2025-08-12,13:00:00,12.27,12.29,12.18,12.24,509195
2025-08-12,13:15:00,12.25,12.26,12.19,12.23,300348
2025-08-12,13:30:00,12.24,12.25,12.06,12.15,591613
2025-08-12,13:45:00,12.15,12.2,12.14,12.16,247642
2025-08-12,14:00:00,12.16,12.16,11.95,12.08,1232334
2025-08-12,14:15:00,12.08,12.13,11.9,12.07,999124
2025-08-12,14:30:00,12.07,12.13,12.01,12.1,427550
2025-08-12,14:45:00,12.1,12.14,11.98,12.09,556478
2025-08-12,15:00:00,12.09,12.09,12.09,12.09,149295
2025-08-12,15:15:00,12.09,12.09,12.09,12.09,57481
2025-08-13,10:00:00,12.2,12.21,12.0,12.04,1143173
2025-08-13,10:15:00,12.04,12.07,11.95,12.01,963240
2025-08-13,10:30:00,12.01,12.01,11.81,11.95,1368415
2025-08-13,10:45:00,11.95,12.31,11.87,12.15,2125017
2025-08-13,11:00:00,12.15,12.19,12.06,12.13,497236
2025-08-13,11:15:00,12.13,12.13,12.02,12.1,352134
2025-08-13,11:30:00,12.09,12.16,12.05,12.14,216844
2025-08-13,11:45:00,12.14,12.24,12.09,12.2,651822
2025-08-13,12:00:00,12.2,12.2,12.12,12.13,315177
2025-08-13,12:15:00,12.12,12.13,12.06,12.09,198082
2025-08-13,12:30:00,12.09,12.12,12.05,12.09,353241
2025-08-13,12:45:00,12.07,12.12,12.05,12.09,199936
2025-08-13,13:00:00,12.09,12.09,12.0,12.02,387855
2025-08-13,13:15:00,12.03,12.03,11.94,11.98,396716
2025-08-13,13:30:00,11.98,12.04,11.9,11.97,470437
2025-08-13,13:45:00,11.97,12.0,11.9,11.95,429609
2025-08-13,14:00:00,11.95,11.97,11.81,11.83,532240
2025-08-13,14:15:00,11.83,11.92,11.81,11.86,532236
2025-08-13,14:30:00,11.87,11.88,11.81,11.84,431238
2025-08-13,14:45:00,11.84,11.92,11.46,11.65,1681095
2025-08-13,15:00:00,11.57,11.57,11.57,11.57,276196
2025-08-13,15:15:00,11.57,11.57,11.57,11.57,75630
2025-08-14,10:00:00,11.63,11.85,11.48,11.71,2494204
2025-08-14,10:15:00,11.71,11.91,11.7,11.82,1524099
2025-08-14,10:30:00,11.83,11.83,11.62,11.68,823572
2025-08-14,10:45:00,11.67,11.7,11.57,11.63,544157
2025-08-14,11:00:00,11.66,11.67,11.55,11.61,405360
2025-08-14,11:15:00,11.61,11.61,11.45,11.55,881155
2025-08-14,11:30:00,11.54,11.68,11.5,11.64,512625
2025-08-14,11:45:00,11.62,11.66,11.58,11.64,279097
2025-08-14,12:00:00,11.64,11.73,11.62,11.7,312408
2025-08-14,12:15:00,11.68,11.68,11.58,11.6,161401
2025-08-14,12:30:00,11.6,11.62,11.56,11.6,108106
2025-08-14,12:45:00,11.61,11.63,11.56,11.61,200853
2025-08-14,13:00:00,11.61,11.62,11.56,11.61,170174
2025-08-14,13:15:00,11.62,11.63,11.5,11.51,347886
2025-08-14,13:30:00,11.54,11.56,11.48,11.55,332979
2025-08-14,13:45:00,11.55,11.64,11.49,11.59,410953
2025-08-14,14:00:00,11.59,11.63,11.53,11.57,235494
2025-08-14,14:15:00,11.58,11.66,11.55,11.62,255695
2025-08-14,14:30:00,11.65,11.72,11.62,11.65,504669
2025-08-14,14:45:00,11.65,11.8,11.62,11.79,606600
2025-08-14,15:00:00,11.81,11.81,11.81,11.81,300400
2025-08-14,15:15:00,11.81,11.81,11.81,11.81,8170
2025-08-17,10:00:00,11.82,11.92,11.73,11.77,962054
2025-08-17,10:15:00,11.77,11.8,11.7,11.74,573761
2025-08-17,10:30:00,11.74,11.76,11.65,11.71,453187
2025-08-17,10:45:00,11.72,11.73,11.7,11.71,169803
2025-08-17,11:00:00,11.71,11.76,11.65,11.76,301721
2025-08-17,11:15:00,11.74,11.81,11.7,11.73,415041
2025-08-17,11:30:00,11.73,11.73,11.68,11.73,293889
2025-08-17,11:45:00,11.73,11.77,11.69,11.73,536584
2025-08-17,12:00:00,11.74,11.78,11.7,11.76,269670
2025-08-17,12:15:00,11.77,11.81,11.74,11.76,316342
2025-08-17,12:30:00,11.76,11.78,11.73,11.75,311509
2025-08-17,12:45:00,11.76,11.81,11.73,11.78,505456
2025-08-17,13:00:00,11.78,11.8,11.69,11.79,677029
2025-08-17,13:15:00,11.79,12.41,11.79,12.24,4460595
2025-08-17,13:30:00,12.25,12.29,12.12,12.21,983158
2025-08-17,13:45:00,12.2,12.33,12.19,12.26,1148513
2025-08-17,14:00:00,12.25,12.52,12.24,12.37,2758757
2025-08-17,14:15:00,12.37,12.43,12.26,12.35,1068090
2025-08-17,14:30:00,12.34,12.34,12.26,12.3,444221
2025-08-17,14:45:00,12.3,12.33,12.12,12.24,1424859
2025-08-17,15:00:00,12.24,12.24,12.24,12.24,151944
2025-08-17,15:15:00,12.24,12.24,12.24,12.24,65220
2025-08-18,10:00:00,12.26,12.47,12.15,12.47,1880470
2025-08-18,10:15:00,12.46,12.49,12.36,12.41,865715
2025-08-18,10:30:00,12.4,12.42,12.29,12.3,520906
2025-08-18,10:45:00,12.31,12.34,12.24,12.31,644482
2025-08-18,11:00:00,12.32,12.34,12.27,12.28,384445
2025-08-18,11:15:00,12.28,12.35,12.27,12.3,329031
2025-08-18,11:30:00,12.3,12.34,12.26,12.29,338207
2025-08-18,11:45:00,12.28,12.28,12.19,12.23,622723
2025-08-18,12:00:00,12.22,12.23,12.13,12.17,635605
2025-08-18,12:15:00,12.18,12.2,12.17,12.18,140084
2025-08-18,12:30:00,12.18,12.2,12.15,12.17,265997
2025-08-18,12:45:00,12.16,12.17,12.05,12.05,800047
2025-08-18,13:00:00,12.06,12.1,12.0,12.05,584165
2025-08-18,13:15:00,12.06,12.09,12.04,12.07,112096
2025-08-18,13:30:00,12.07,12.13,12.05,12.12,179445
2025-08-18,13:45:00,12.13,12.32,12.13,12.2,1219107
2025-08-18,14:00:00,12.21,12.26,12.16,12.2,305503
2025-08-18,14:15:00,12.2,12.2,12.11,12.17,267140
2025-08-18,14:30:00,12.17,12.18,12.11,12.15,216870
2025-08-18,14:45:00,12.15,12.15,12.05,12.1,604880
2025-08-18,15:00:00,12.05,12.05,12.05,12.05,195013
2025-08-18,15:15:00,12.05,12.05,12.05,12.05,20192
2025-08-19,10:00:00,12.1,12.28,12.07,12.14,1259951
2025-08-19,10:15:00,12.14,12.15,12.01,12.06,647603
2025-08-19,10:30:00,12.06,12.09,11.98,12.03,607471
2025-08-19,10:45:00,12.03,12.09,12.01,12.02,249847
2025-08-19,11:00:00,12.03,12.06,12.01,12.02,130749
2025-08-19,11:15:00,12.02,12.04,11.98,12.02,263010
2025-08-19,11:30:00,12.03,12.09,12.03,12.07,186368
2025-08-19,11:45:00,12.08,12.12,12.07,12.09,242211
2025-08-19,12:00:00,12.09,12.1,12.04,12.08,120597
2025-08-19,12:15:00,12.08,12.09,12.05,12.06,87445
2025-08-19,12:30:00,12.06,12.07,12.03,12.05,105138
2025-08-19,12:45:00,12.06,12.06,12.03,12.05,95006
2025-08-19,13:00:00,12.05,12.06,12.03,12.04,119461
2025-08-19,13:15:00,12.06,12.06,12.01,12.03,137664
2025-08-19,13:30:00,12.04,12.08,12.01,12.06,161993
2025-08-19,13:45:00,12.06,12.09,12.03,12.08,144846
2025-08-19,14:00:00,12.09,12.14,12.0,12.06,569725
2025-08-19,14:15:00,12.04,12.05,11.94,11.99,485421
2025-08-19,14:30:00,11.99,12.0,11.94,11.96,253637
2025-08-19,14:45:00,11.96,11.97,11.9,11.93,517452
2025-08-19,15:00:00,11.93,11.93,11.93,11.93,116194
2025-08-19,15:15:00,11.93,11.93,11.93,11.93,18677
2025-08-20,10:00:00,11.95,11.97,11.85,11.88,563738
2025-08-20,10:15:00,11.89,11.89,11.83,11.85,295090
2025-08-20,10:30:00,11.85,11.94,11.84,11.89,319444
2025-08-20,10:45:00,11.89,11.93,11.83,11.91,261801
2025-08-20,11:00:00,11.91,11.92,11.84,11.88,134531
2025-08-20,11:15:00,11.88,12.01,11.86,11.97,458325
2025-08-20,11:30:00,11.97,11.97,11.89,11.92,207256
2025-08-20,11:45:00,11.92,11.98,11.9,11.98,326191
2025-08-20,12:00:00,11.99,12.05,11.91,11.95,607708
2025-08-20,12:15:00,11.93,11.99,11.92,11.97,125169
2025-08-20,12:30:00,11.98,12.11,11.98,12.09,665420
2025-08-20,12:45:00,12.09,12.09,11.99,12.03,360646
2025-08-20,13:00:00,12.03,12.04,11.96,12.0,242200
2025-08-20,13:15:00,12.0,12.02,11.95,11.97,160306
2025-08-20,13:30:00,11.96,12.0,11.93,11.93,210630
2025-08-20,13:45:00,11.94,12.01,11.93,11.95,142378
2025-08-20,14:00:00,11.96,11.96,11.9,11.92,256220
2025-08-20,14:15:00,11.92,11.92,11.87,11.9,228096
2025-08-20,14:30:00,11.9,11.93,11.84,11.86,414567
2025-08-20,14:45:00,11.88,11.88,11.82,11.86,407028
2025-08-20,15:00:00,11.87,11.87,11.87,11.87,121926
2025-08-20,15:15:00,11.87,11.87,11.87,11.87,70070
2025-08-21,10:00:00,11.9,11.92,11.81,11.82,263199
2025-08-21,10:15:00,11.82,11.86,11.74,11.77,682746
2025-08-21,10:30:00,11.76,11.82,11.73,11.78,608035
2025-08-21,10:45:00,11.78,11.85,11.77,11.81,176394
2025-08-21,11:00:00,11.82,11.82,11.76,11.78,181084
2025-08-21,11:15:00,11.79,11.8,11.76,11.78,112351
2025-08-21,11:30:00,11.78,11.81,11.74,11.74,266470
2025-08-21,11:45:00,11.74,11.77,11.68,11.7,402404
2025-08-21,12:00:00,11.7,11.75,11.7,11.73,175552
2025-08-21,12:15:00,11.74,11.95,11.73,11.93,1397783
2025-08-21,12:30:00,11.94,12.07,11.92,11.99,1892659
2025-08-21,12:45:00,11.99,12.05,11.97,12.04,709491
2025-08-21,13:00:00,12.05,12.05,11.94,11.94,354964
2025-08-21,13:15:00,11.95,11.97,11.89,11.91,389293
2025-08-21,13:30:00,11.9,11.95,11.88,11.89,149077
2025-08-21,13:45:00,11.89,11.96,11.87,11.92,172151
2025-08-21,14:00:00,11.93,11.93,11.82,11.86,215311
2025-08-21,14:15:00,11.87,11.9,11.84,11.87,229207
2025-08-21,14:30:00,11.88,11.94,11.86,11.92,151888
2025-08-21,14:45:00,11.91,12.01,11.88,12.01,458381
2025-08-21,15:00:00,12.02,12.02,12.02,12.02,153238
2025-08-21,15:15:00,12.02,12.02,12.02,12.02,56895
2025-08-24,10:00:00,12.2,12.22,12.05,12.06,926245
2025-08-24,10:15:00,12.07,12.19,12.04,12.16,627809
2025-08-24,10:30:00,12.15,12.18,12.07,12.13,379413
2025-08-24,10:45:00,12.12,12.14,12.07,12.1,236142
2025-08-24,11:00:00,12.1,12.11,12.04,12.06,380878
2025-08-24,11:15:00,12.06,12.1,12.05,12.07,163723
2025-08-24,11:30:00,12.07,12.11,12.06,12.08,269936
2025-08-24,11:45:00,12.07,12.11,12.07,12.09,101593
2025-08-24,12:00:00,12.09,12.13,12.07,12.09,266755
2025-08-24,12:15:00,12.09,12.13,12.08,12.09,145448
2025-08-24,12:30:00,12.09,12.09,12.05,12.07,207806
2025-08-24,12:45:00,12.08,12.08,12.02,12.05,299955
2025-08-24,13:00:00,12.06,12.06,11.96,12.0,347359
2025-08-24,13:15:00,11.99,12.0,11.98,12.0,122544
2025-08-24,13:30:00,12.0,12.0,11.92,11.94,147449
2025-08-24,13:45:00,11.94,11.97,11.92,11.93,156933
2025-08-24,14:00:00,11.94,11.95,11.89,11.89,326776
2025-08-24,14:15:00,11.9,11.91,11.85,11.88,293053
2025-08-24,14:30:00,11.89,11.9,11.82,11.83,239380
2025-08-24,14:45:00,11.84,11.9,11.82,11.84,364830
2025-08-24,15:00:00,11.83,11.83,11.83,11.83,115343
2025-08-24,15:15:00,11.83,11.83,11.83,11.83,26411
2025-08-25,10:00:00,11.85,11.94,11.85,11.91,441261
2025-08-25,10:15:00,11.91,11.91,11.83,11.83,204154
2025-08-25,10:30:00,11.84,11.84,11.74,11.78,378411
2025-08-25,10:45:00,11.78,11.79,11.69,11.7,380967
2025-08-25,11:00:00,11.7,11.75,11.69,11.7,344520
2025-08-25,11:15:00,11.7,11.72,11.58,11.59,669509
2025-08-25,11:30:00,11.59,11.69,11.57,11.6,625150
2025-08-25,11:45:00,11.6,11.69,11.6,11.66,179381
2025-08-25,12:00:00,11.67,11.68,11.62,11.64,178298
2025-08-25,12:15:00,11.63,11.67,11.62,11.63,92695
2025-08-25,12:30:00,11.63,11.67,11.62,11.65,67776
2025-08-25,12:45:00,11.65,11.67,11.62,11.64,141770
2025-08-25,13:00:00,11.64,11.68,11.63,11.66,146788
2025-08-25,13:15:00,11.66,11.8,11.65,11.79,304277
2025-08-25,13:30:00,11.79,11.8,11.7,11.7,208731
2025-08-25,13:45:00,11.71,11.75,11.68,11.71,189586
2025-08-25,14:00:00,11.73,11.74,11.62,11.65,146687
2025-08-25,14:15:00,11.64,11.68,11.6,11.6,302743
2025-08-25,14:30:00,11.61,11.63,11.52,11.59,352385
2025-08-25,14:45:00,11.59,11.61,11.55,11.59,476833
2025-08-25,15:00:00,11.56,11.56,11.56,11.56,115410
2025-08-25,15:15:00,11.56,11.56,11.56,11.56,36057
2025-08-26,10:00:00,11.56,11.7,11.46,11.64,1322638
2025-08-26,10:15:00,11.64,11.75,11.55,11.55,854307
2025-08-26,10:30:00,11.55,11.61,11.51,11.6,349630
2025-08-26,10:45:00,11.58,11.62,11.55,11.56,259421
2025-08-26,11:00:00,11.56,11.62,11.52,11.59,493794
2025-08-26,11:15:00,11.59,11.59,11.52,11.54,370438
2025-08-26,11:30:00,11.54,11.54,11.48,11.53,293494
2025-08-26,11:45:00,11.53,11.53,11.5,11.51,100343
2025-08-26,12:00:00,11.52,11.55,11.5,11.52,178615
2025-08-26,12:15:00,11.52,11.53,11.5,11.52,53672
2025-08-26,12:30:00,11.52,11.52,11.49,11.5,129368
2025-08-26,12:45:00,11.5,11.58,11.49,11.52,126077
2025-08-26,13:00:00,11.52,11.56,11.52,11.54,48011
2025-08-26,13:15:00,11.53,11.54,11.51,11.53,62191
2025-08-26,13:30:00,11.53,11.53,11.5,11.52,104055
2025-08-26,13:45:00,11.51,11.53,11.5,11.52,98564
2025-08-26,14:00:00,11.53,11.57,11.51,11.57,119926
2025-08-26,14:15:00,11.57,11.62,11.52,11.54,282771
2025-08-26,14:30:00,11.55,11.56,11.51,11.52,134880
2025-08-26,14:45:00,11.52,11.54,11.49,11.5,317243
2025-08-26,15:00:00,11.5,11.5,11.5,11.5,104191
2025-08-26,15:15:00,11.5,11.5,11.5,11.5,21637
2025-08-27,10:00:00,11.54,11.6,11.52,11.57,344930
2025-08-27,10:15:00,11.56,11.57,11.49,11.55,254934
2025-08-27,10:30:00,11.54,11.56,11.51,11.53,178183
2025-08-27,10:45:00,11.53,11.63,11.52,11.6,342099
2025-08-27,11:00:00,11.61,11.62,11.53,11.55,179727
2025-08-27,11:15:00,11.55,11.57,11.52,11.54,120797
2025-08-27,11:30:00,11.54,11.56,11.53,11.56,74532
2025-08-27,11:45:00,11.56,11.58,11.54,11.54,197611
2025-08-27,12:00:00,11.54,11.56,11.51,11.53,157910
2025-08-27,12:15:00,11.53,11.53,11.5,11.52,102650
2025-08-27,12:30:00,11.53,11.53,11.48,11.5,301875
2025-08-27,12:45:00,11.49,11.52,11.48,11.5,113773
2025-08-27,13:00:00,11.5,11.51,11.48,11.5,99565
2025-08-27,13:15:00,11.5,11.51,11.49,11.51,122678
2025-08-27,13:30:00,11.51,11.51,11.48,11.5,57632
2025-08-27,13:45:00,11.5,11.51,11.47,11.47,125317
2025-08-27,14:00:00,11.47,11.49,11.17,11.26,1088165
2025-08-27,14:15:00,11.27,11.37,11.2,11.27,432838
2025-08-27,14:30:00,11.28,11.3,11.18,11.27,406009
2025-08-27,14:45:00,11.28,11.28,11.17,11.19,532187
2025-08-27,15:00:00,11.17,11.17,11.17,11.17,151518
2025-08-27,15:15:00,11.17,11.17,11.17,11.17,203710
2025-08-28,10:00:00,11.2,11.82,11.2,11.77,4394440
2025-08-28,10:15:00,11.78,11.92,11.7,11.79,2227681
2025-08-28,10:30:00,11.79,11.87,11.7,11.79,835693
2025-08-28,10:45:00,11.79,11.8,11.7,11.73,397575
2025-08-28,11:00:00,11.72,11.74,11.66,11.7,233595
2025-08-28,11:15:00,11.7,12.03,11.67,11.99,2363938
2025-08-28,11:30:00,11.99,12.02,11.87,11.93,1593756
2025-08-28,11:45:00,11.93,12.02,11.9,11.97,1068402
2025-08-28,12:00:00,11.97,12.05,11.92,12.01,677639
2025-08-28,12:15:00,12.0,12.02,11.96,12.02,201649
2025-08-28,12:30:00,12.01,12.1,12.0,12.04,807929
2025-08-28,12:45:00,12.04,12.04,11.95,11.97,541781
2025-08-28,13:00:00,11.99,12.0,11.9,11.97,393748
2025-08-28,13:15:00,11.97,11.99,11.91,11.94,144891
2025-08-28,13:30:00,11.93,11.99,11.85,11.86,399259
2025-08-28,13:45:00,11.86,11.93,11.79,11.83,485129
2025-08-28,14:00:00,11.84,11.84,11.73,11.79,473362
2025-08-28,14:15:00,11.78,11.83,11.69,11.78,377894
2025-08-28,14:30:00,11.78,11.85,11.75,11.79,203450
2025-08-28,14:45:00,11.78,11.8,11.67,11.76,456082
2025-08-28,15:00:00,11.76,11.76,11.76,11.76,255804
2025-08-28,15:15:00,11.76,11.76,11.76,11.76,8055
2025-08-31,10:00:00,11.86,11.9,11.68,11.83,1302566
2025-08-31,10:15:00,11.85,11.85,11.74,11.78,332812
2025-08-31,10:30:00,11.77,11.88,11.75,11.77,436465
2025-08-31,10:45:00,11.77,11.77,11.65,11.68,535397
2025-08-31,11:00:00,11.68,11.72,11.66,11.66,171169
2025-08-31,11:15:00,11.66,11.66,11.61,11.65,199373
2025-08-31,11:30:00,11.64,11.65,11.53,11.57,367739
2025-08-31,11:45:00,11.56,11.63,11.54,11.58,349543
2025-08-31,12:00:00,11.58,11.6,11.55,11.56,165814
2025-08-31,12:15:00,11.56,11.59,11.55,11.58,111702
2025-08-31,12:30:00,11.57,11.59,11.53,11.54,202467
2025-08-31,12:45:00,11.55,11.56,11.44,11.48,404760
2025-08-31,13:00:00,11.48,11.5,11.4,11.44,269549
2025-08-31,13:15:00,11.44,11.5,11.39,11.45,263331
2025-08-31,13:30:00,11.46,11.49,11.4,11.42,154227
2025-08-31,13:45:00,11.42,11.43,11.37,11.39,145125
2025-08-31,14:00:00,11.4,11.4,11.29,11.37,553602
2025-08-31,14:15:00,11.39,11.77,11.38,11.69,1384590
2025-08-31,14:30:00,11.68,11.84,11.58,11.62,1031994
2025-08-31,14:45:00,11.61,11.65,11.51,11.52,459836
2025-08-31,15:00:00,11.57,11.57,11.57,11.57,205762
2025-08-31,15:15:00,11.57,11.57,11.57,11.57,171184
2025-09-01,10:00:00,11.57,11.63,11.51,11.52,366525
2025-09-01,10:15:00,11.53,11.61,11.52,11.58,256656
2025-09-01,10:30:00,11.57,11.58,11.5,11.57,269033
2025-09-01,10:45:00,11.57,11.58,11.51,11.54,136595
2025-09-01,11:00:00,11.53,11.56,11.47,11.47,237550
2025-09-01,11:15:00,11.47,11.55,11.46,11.49,221266
2025-09-01,11:30:00,11.49,11.51,11.46,11.47,228291
2025-09-01,11:45:00,11.49,11.52,11.46,11.48,131169
2025-09-01,12:00:00,11.48,11.51,11.47,11.5,57457
2025-09-01,12:15:00,11.5,11.5,11.47,11.49,70592
2025-09-01,12:30:00,11.48,11.49,11.43,11.45,164591
2025-09-01,12:45:00,11.44,11.47,11.43,11.46,103470
2025-09-01,13:00:00,11.46,11.46,11.4,11.43,113353
2025-09-01,13:15:00,11.44,11.45,11.39,11.42,119090
2025-09-01,13:30:00,11.42,11.42,11.4,11.41,52830
2025-09-01,13:45:00,11.4,11.42,11.39,11.4,117338
2025-09-01,14:00:00,11.41,11.51,11.35,11.44,340019
2025-09-01,14:15:00,11.44,11.46,11.41,11.43,86731
2025-09-01,14:30:00,11.43,11.45,11.39,11.39,105807
2025-09-01,14:45:00,11.4,11.41,11.36,11.38,318072
2025-09-01,15:00:00,11.38,11.38,11.38,11.38,88947
2025-09-01,15:15:00,11.38,11.38,11.38,11.38,20463
2025-09-02,10:00:00,11.31,11.38,11.05,11.07,1175425
2025-09-02,10:15:00,11.07,11.12,10.95,11.02,1003694
2025-09-02,10:30:00,11.02,11.1,11.0,11.02,328021
2025-09-02,10:45:00,11.03,11.04,10.95,11.0,450141
2025-09-02,11:00:00,11.0,11.03,10.97,11.02,182691
2025-09-02,11:15:00,11.01,11.06,10.99,11.06,415629
2025-09-02,11:30:00,11.06,11.16,11.02,11.11,542547
2025-09-02,11:45:00,11.12,11.17,11.1,11.11,285497
2025-09-02,12:00:00,11.14,11.14,11.05,11.07,311581
2025-09-02,12:15:00,11.07,11.09,11.05,11.08,101006
2025-09-02,12:30:00,11.07,11.14,11.07,11.14,96939
2025-09-02,12:45:00,11.13,11.15,11.06,11.06,149016
2025-09-02,13:00:00,11.07,11.1,11.03,11.03,176463
2025-09-02,13:15:00,11.02,11.05,10.98,11.02,398331
2025-09-02,13:30:00,11.01,11.1,11.0,11.09,167466
2025-09-02,13:45:00,11.08,11.09,11.04,11.07,174627
2025-09-02,14:00:00,11.07,11.1,10.99,11.04,513969
2025-09-02,14:15:00,11.04,11.05,11.0,11.02,203274
2025-09-02,14:30:00,11.02,11.03,11.0,11.0,291843
2025-09-02,14:45:00,11.01,11.02,10.89,10.89,743996
2025-09-02,15:00:00,10.91,10.91,10.91,10.91,135351
2025-09-02,15:15:00,10.91,10.91,10.91,10.91,5213
2025-09-03,10:00:00,10.96,11.05,10.95,10.99,838194
2025-09-03,10:15:00,10.99,10.99,10.92,10.98,355736
2025-09-03,10:30:00,10.98,10.99,10.85,10.89,373085
2025-09-03,10:45:00,10.88,10.99,10.88,10.99,299840
2025-09-03,11:00:00,10.99,11.01,10.88,10.89,240094
2025-09-03,11:15:00,10.9,10.91,10.83,10.85,299644
2025-09-03,11:30:00,10.85,10.85,10.77,10.8,351745
2025-09-03,11:45:00,10.81,10.81,10.74,10.77,224875
2025-09-03,12:00:00,10.77,10.86,10.77,10.81,257281
2025-09-03,12:15:00,10.81,10.83,10.78,10.78,159096
2025-09-03,12:30:00,10.78,10.8,10.75,10.8,85063
2025-09-03,12:45:00,10.81,10.83,10.77,10.78,103760
2025-09-03,13:00:00,10.77,10.8,10.76,10.79,57434
2025-09-03,13:15:00,10.78,10.81,10.77,10.8,77924
2025-09-03,13:30:00,10.79,10.81,10.78,10.8,43245
2025-09-03,13:45:00,10.79,10.8,10.75,10.76,143486
2025-09-03,14:00:00,10.76,10.77,10.73,10.76,190772
2025-09-03,14:15:00,10.75,10.85,10.74,10.79,241652
2025-09-03,14:30:00,10.8,10.83,10.76,10.82,131776
2025-09-03,14:45:00,10.82,10.93,10.78,10.9,402743
2025-09-03,15:00:00,10.91,10.91,10.91,10.91,146779
2025-09-03,15:15:00,10.91,10.91,10.91,10.91,8482
2025-09-04,10:00:00,11.0,11.06,10.94,11.0,821084
2025-09-04,10:15:00,11.0,11.02,10.95,10.97,280685
2025-09-04,10:30:00,10.98,10.99,10.91,10.93,231094
2025-09-04,10:45:00,10.93,10.94,10.84,10.84,257156
2025-09-04,11:00:00,10.85,10.85,10.77,10.81,424957
2025-09-04,11:15:00,10.81,10.85,10.76,10.78,188660
2025-09-04,11:30:00,10.78,10.82,10.78,10.8,154560
2025-09-04,11:45:00,10.8,10.83,10.8,10.82,125767
2025-09-04,12:00:00,10.8,10.81,10.78,10.78,157312
2025-09-04,12:15:00,10.78,10.82,10.78,10.82,86093
2025-09-04,12:30:00,10.82,10.84,10.78,10.8,99945
2025-09-04,12:45:00,10.8,10.8,10.76,10.78,287615
2025-09-04,13:00:00,10.78,10.81,10.77,10.78,120517
2025-09-04,13:15:00,10.79,10.81,10.77,10.81,126801
2025-09-04,13:30:00,10.81,10.84,10.8,10.8,153496
2025-09-04,13:45:00,10.8,10.83,10.78,10.8,189565
2025-09-04,14:00:00,10.79,10.8,10.75,10.78,387274
2025-09-04,14:15:00,10.77,10.8,10.76,10.78,154960
2025-09-04,14:30:00,10.77,10.79,10.75,10.77,164526
2025-09-04,14:45:00,10.78,10.79,10.75,10.76,266244
2025-09-04,15:00:00,10.75,10.75,10.75,10.75,197196
2025-09-04,15:15:00,10.75,10.75,10.75,10.75,30101
2025-09-07,10:00:00,10.75,10.79,10.6,10.71,572959
2025-09-07,10:15:00,10.71,10.73,10.62,10.72,359927
2025-09-07,10:30:00,10.73,10.74,10.67,10.69,135178
2025-09-07,10:45:00,10.68,10.71,10.65,10.65,123344
2025-09-07,11:00:00,10.65,10.7,10.65,10.68,157300
2025-09-07,11:15:00,10.68,10.72,10.66,10.68,113693
2025-09-07,11:30:00,10.69,10.71,10.64,10.67,131119
2025-09-07,11:45:00,10.66,10.69,10.65,10.67,110700
2025-09-07,12:00:00,10.66,10.68,10.62,10.65,162298
2025-09-07,12:15:00,10.65,10.68,10.62,10.63,78511
2025-09-07,12:30:00,10.63,10.65,10.58,10.59,306055
2025-09-07,12:45:00,10.59,10.6,10.48,10.52,379359
2025-09-07,13:00:00,10.52,10.58,10.52,10.57,173067
2025-09-07,13:15:00,10.56,10.6,10.55,10.56,213103
2025-09-07,13:30:00,10.58,10.71,10.57,10.63,359536
2025-09-07,13:45:00,10.62,10.65,10.58,10.59,147982
2025-09-07,14:00:00,10.59,10.73,10.58,10.64,324081
2025-09-07,14:15:00,10.64,10.64,10.54,10.57,199550
2025-09-07,14:30:00,10.57,10.62,10.56,10.58,191233
2025-09-07,14:45:00,10.59,10.61,10.53,10.53,371600
2025-09-07,15:00:00,10.51,10.51,10.51,10.51,127764
2025-09-07,15:15:00,10.51,10.51,10.51,10.51,30939
2025-09-08,10:00:00,10.53,10.66,10.41,10.64,797023
2025-09-08,10:15:00,10.64,10.95,10.64,10.75,2001965
2025-09-08,10:30:00,10.74,10.76,10.61,10.73,557722
2025-09-08,10:45:00,10.73,10.73,10.6,10.66,415826
2025-09-08,11:00:00,10.66,10.69,10.62,10.63,103482
2025-09-08,11:15:00,10.63,10.64,10.57,10.57,232390
2025-09-08,11:30:00,10.57,10.61,10.57,10.57,235671
2025-09-08,11:45:00,10.58,10.6,10.53,10.55,237931
2025-09-08,12:00:00,10.56,10.57,10.54,10.54,91717
2025-09-08,12:15:00,10.54,10.55,10.49,10.53,241398
2025-09-08,12:30:00,10.53,10.55,10.51,10.54,103403
2025-09-08,12:45:00,10.54,10.54,10.5,10.52,97240
2025-09-08,13:00:00,10.53,10.53,10.45,10.48,202396
2025-09-08,13:15:00,10.48,10.49,10.43,10.46,354744
2025-09-08,13:30:00,10.47,10.49,10.35,10.38,324619
2025-09-08,13:45:00,10.38,10.41,10.29,10.34,278359
2025-09-08,14:00:00,10.35,10.4,10.31,10.39,184295
2025-09-08,14:15:00,10.39,10.41,10.35,10.36,151812
2025-09-08,14:30:00,10.35,10.39,10.32,10.33,113387
2025-09-08,14:45:00,10.33,10.35,10.28,10.33,273924
2025-09-08,15:00:00,10.34,10.34,10.34,10.34,60340
2025-09-08,15:15:00,10.34,10.34,10.34,10.34,8627
2025-09-09,10:00:00,10.39,10.41,10.26,10.26,401258
2025-09-09,10:15:00,10.26,10.4,10.26,10.34,267241
2025-09-09,10:30:00,10.35,10.35,10.21,10.21,298874
2025-09-09,10:45:00,10.22,10.28,10.2,10.24,479342
2025-09-09,11:00:00,10.24,10.3,10.21,10.24,240587
2025-09-09,11:15:00,10.25,10.27,10.22,10.26,104017
2025-09-09,11:30:00,10.26,10.27,10.23,10.24,54983
2025-09-09,11:45:00,10.24,10.25,10.18,10.19,237772
2025-09-09,12:00:00,10.19,10.21,10.15,10.18,217344
2025-09-09,12:15:00,10.18,10.21,10.15,10.19,240229
2025-09-09,12:30:00,10.18,10.27,10.18,10.2,328769
2025-09-09,12:45:00,10.21,10.3,10.2,10.25,190272
2025-09-09,13:00:00,10.25,10.26,10.2,10.24,101988
2025-09-09,13:15:00,10.23,10.28,10.21,10.24,83149
2025-09-09,13:30:00,10.25,10.27,10.22,10.24,150590
2025-09-09,13:45:00,10.23,10.31,10.23,10.24,184026
2025-09-09,14:00:00,10.24,10.36,10.23,10.34,209501
2025-09-09,14:15:00,10.33,10.42,10.31,10.41,457646
2025-09-09,14:30:00,10.42,10.44,10.33,10.44,354316
2025-09-09,14:45:00,10.43,10.5,10.4,10.48,468759
2025-09-09,15:00:00,10.48,10.48,10.48,10.48,37137
2025-09-09,15:15:00,10.48,10.48,10.48,10.48,18027
2025-09-10,10:00:00,10.37,10.38,10.02,10.05,1825357
2025-09-10,10:15:00,10.05,10.09,9.94,10.04,984674
2025-09-10,10:30:00,10.04,10.09,10.0,10.04,599315
2025-09-10,10:45:00,10.04,10.05,9.97,10.0,488622
2025-09-10,11:00:00,10.01,10.03,9.98,10.01,227442
2025-09-10,11:15:00,10.02,10.04,9.99,10.02,181841
2025-09-10,11:30:00,10.01,10.02,9.95,10.0,361813
2025-09-10,11:45:00,10.0,10.06,10.0,10.06,158564
2025-09-10,12:00:00,10.05,10.08,9.99,10.08,230951
2025-09-10,12:15:00,10.07,10.11,10.04,10.05,202574
2025-09-10,12:30:00,10.05,10.12,10.04,10.12,158278
2025-09-10,12:45:00,10.12,10.15,10.1,10.12,251436
2025-09-10,13:00:00,10.12,10.14,10.07,10.13,130805
2025-09-10,13:15:00,10.13,10.13,10.07,10.07,83502
2025-09-10,13:30:00,10.08,10.11,10.06,10.09,140516
2025-09-10,13:45:00,10.07,10.1,10.06,10.08,157626
2025-09-10,14:00:00,10.08,10.1,10.05,10.07,130059
2025-09-10,14:15:00,10.06,10.19,10.06,10.15,245308
2025-09-10,14:30:00,10.15,10.27,10.1,10.18,704543
2025-09-10,14:45:00,10.2,10.33,10.2,10.26,630242
2025-09-10,15:00:00,10.33,10.33,10.33,10.33,143313
2025-09-10,15:15:00,10.33,10.33,10.33,10.33,9746
2025-09-11,10:00:00,10.27,10.32,10.24,10.29,352863
2025-09-11,10:15:00,10.3,10.3,10.13,10.19,387500
2025-09-11,10:30:00,10.19,10.22,10.14,10.2,204469
2025-09-11,10:45:00,10.17,10.25,10.15,10.17,184543
2025-09-11,11:00:00,10.17,10.18,10.11,10.15,183474
2025-09-11,11:15:00,10.15,10.16,10.06,10.09,188651
2025-09-11,11:30:00,10.08,10.13,10.07,10.11,165096
2025-09-11,11:45:00,10.11,10.13,10.07,10.08,118342
2025-09-11,12:00:00,10.07,10.1,10.05,10.08,105034
2025-09-11,12:15:00,10.08,10.15,10.07,10.12,161860
2025-09-11,12:30:00,10.13,10.15,10.11,10.15,64753
2025-09-11,12:45:00,10.14,10.15,10.1,10.1,110833
2025-09-11,13:00:00,10.11,10.14,10.1,10.1,84273
2025-09-11,13:15:00,10.1,10.11,10.08,10.09,89288
2025-09-11,13:30:00,10.08,10.1,10.04,10.08,223677
2025-09-11,13:45:00,10.05,10.16,10.04,10.1,180439
2025-09-11,14:00:00,10.1,10.13,10.07,10.09,120222
2025-09-11,14:15:00,10.09,10.09,10.06,10.07,79320
2025-09-11,14:30:00,10.08,10.1,10.06,10.08,137568
2025-09-11,14:45:00,10.08,10.09,10.0,10.01,507438
2025-09-11,15:00:00,9.97,9.97,9.97,9.97,158994
2025-09-11,15:15:00,9.97,9.97,9.97,9.97,21454
2025-09-14,10:00:00,9.95,10.04,9.88,9.91,516347
2025-09-14,10:15:00,9.91,9.95,9.85,9.88,358616
2025-09-14,10:30:00,9.86,9.9,9.73,9.8,579489
2025-09-14,10:45:00,9.79,9.84,9.75,9.76,212866
2025-09-14,11:00:00,9.77,9.8,9.72,9.75,144113
2025-09-14,11:15:00,9.75,9.75,9.64,9.67,394873
2025-09-14,11:30:00,9.67,9.73,9.6,9.7,403863
2025-09-14,11:45:00,9.69,9.8,9.68,9.77,319875
2025-09-14,12:00:00,9.78,9.81,9.72,9.72,244995
2025-09-14,12:15:00,9.71,9.74,9.66,9.68,158278
2025-09-14,12:30:00,9.67,9.71,9.65,9.7,69984
2025-09-14,12:45:00,9.7,9.75,9.68,9.74,128855
2025-09-14,13:00:00,9.74,9.85,9.72,9.82,388471
2025-09-14,13:15:00,9.81,9.85,9.77,9.77,241813
2025-09-14,13:30:00,9.8,9.89,9.76,9.88,131101
2025-09-14,13:45:00,9.89,9.93,9.79,9.8,358107
2025-09-14,14:00:00,9.8,9.83,9.74,9.78,137693
2025-09-14,14:15:00,9.78,9.83,9.74,9.78,207611
2025-09-14,14:30:00,9.79,9.89,9.72,9.76,316648
2025-09-14,14:45:00,9.78,9.78,9.68,9.71,253336
2025-09-14,15:00:00,9.71,9.71,9.71,9.71,128860
2025-09-14,15:15:00,9.71,9.71,9.71,9.71,19073
2025-09-15,10:00:00,9.7,9.9,9.68,9.89,643420
2025-09-15,10:15:00,9.89,9.95,9.83,9.89,519728
2025-09-15,10:30:00,9.9,9.91,9.79,9.83,528006
2025-09-15,10:45:00,9.84,9.85,9.79,9.79,173889
2025-09-15,11:00:00,9.79,9.84,9.76,9.77,129089
2025-09-15,11:15:00,9.77,9.79,9.75,9.77,165597
2025-09-15,11:30:00,9.77,9.77,9.72,9.77,159407
2025-09-15,11:45:00,9.76,9.79,9.76,9.76,61680
2025-09-15,12:00:00,9.76,9.8,9.76,9.79,23196
2025-09-15,12:15:00,9.78,9.83,9.78,9.8,86529
2025-09-15,12:30:00,9.8,9.81,9.78,9.81,28088
2025-09-15,12:45:00,9.81,9.83,9.76,9.78,73837
2025-09-15,13:00:00,9.78,9.79,9.72,9.77,98195
2025-09-15,13:15:00,9.78,9.78,9.75,9.77,19841
2025-09-15,13:30:00,9.76,9.78,9.72,9.75,71983
2025-09-15,13:45:00,9.75,9.75,9.71,9.71,103265
2025-09-15,14:00:00,9.72,9.76,9.71,9.72,59409
2025-09-15,14:15:00,9.71,9.76,9.71,9.73,60479
2025-09-15,14:30:00,9.73,9.79,9.71,9.76,164510
2025-09-15,14:45:00,9.77,9.81,9.75,9.76,182567
2025-09-15,15:00:00,9.76,9.76,9.76,9.76,88323
2025-09-15,15:15:00,9.76,9.76,9.76,9.76,8887
2025-09-16,10:00:00,9.9,10.25,9.88,10.15,2020921
2025-09-16,10:15:00,10.14,10.22,10.01,10.21,1221035
2025-09-16,10:30:00,10.21,10.22,10.03,10.1,760071
2025-09-16,10:45:00,10.1,10.29,10.09,10.2,1220453
2025-09-16,11:00:00,10.19,10.25,10.11,10.16,519213
2025-09-16,11:15:00,10.17,10.17,10.08,10.11,601747
2025-09-16,11:30:00,10.1,10.13,10.05,10.08,391388
2025-09-16,11:45:00,10.07,10.17,10.07,10.12,358115
2025-09-16,12:00:00,10.17,10.17,10.11,10.15,227365
2025-09-16,12:15:00,10.14,10.2,10.12,10.18,284674
2025-09-16,12:30:00,10.18,10.19,10.15,10.19,112378
2025-09-16,12:45:00,10.19,10.2,10.14,10.15,97027
2025-09-16,13:00:00,10.15,10.21,10.15,10.2,172881
2025-09-16,13:15:00,10.21,10.22,10.18,10.21,185717
2025-09-16,13:30:00,10.21,10.34,10.2,10.31,933960
2025-09-16,13:45:00,10.31,10.33,10.24,10.26,473548
2025-09-16,14:00:00,10.26,10.28,10.19,10.2,439358
2025-09-16,14:15:00,10.19,10.22,10.15,10.17,301949
2025-09-16,14:30:00,10.17,10.18,10.15,10.16,131365
2025-09-16,14:45:00,10.17,10.22,10.16,10.17,356982
2025-09-16,15:00:00,10.18,10.18,10.18,10.18,94039
2025-09-16,15:15:00,10.18,10.18,10.18,10.18,19147
2025-09-17,10:00:00,10.17,10.17,10.08,10.14,597224
2025-09-17,10:15:00,10.13,10.14,10.1,10.13,483458
2025-09-17,10:30:00,10.12,10.15,10.11,10.13,157515
2025-09-17,10:45:00,10.14,10.17,10.11,10.13,131761
2025-09-17,11:00:00,10.13,10.13,10.1,10.12,83585
2025-09-17,11:15:00,10.12,10.13,10.11,10.12,89723
2025-09-17,11:30:00,10.12,10.13,10.11,10.12,51536
2025-09-17,11:45:00,10.13,10.14,10.1,10.12,130764
2025-09-17,12:00:00,10.12,10.12,10.1,10.11,68676
2025-09-17,12:15:00,10.12,10.14,10.11,10.12,58707
2025-09-17,12:30:00,10.13,10.14,10.11,10.13,22713
2025-09-17,12:45:00,10.13,10.15,10.11,10.13,62759
2025-09-17,13:00:00,10.12,10.14,10.11,10.14,64859
2025-09-17,13:15:00,10.13,10.14,10.11,10.12,64722
2025-09-17,13:30:00,10.12,10.13,10.1,10.11,86223
2025-09-17,13:45:00,10.11,10.12,10.1,10.11,47065
2025-09-17,14:00:00,10.11,10.14,10.11,10.12,83348
2025-09-17,14:15:00,10.12,10.15,10.11,10.13,78602
2025-09-17,14:30:00,10.14,10.14,10.05,10.1,615916
2025-09-17,14:45:00,10.1,10.1,10.06,10.09,221913
2025-09-17,15:00:00,10.09,10.09,10.09,10.09,173810
2025-09-17,15:15:00,10.09,10.09,10.09,10.09,25211
2025-09-18,10:00:00,10.11,10.16,10.09,10.11,272621
2025-09-18,10:15:00,10.11,10.14,10.07,10.08,181335
2025-09-18,10:30:00,10.08,10.11,10.07,10.11,153240
2025-09-18,10:45:00,10.11,10.19,10.1,10.14,635353
2025-09-18,11:00:00,10.15,10.15,10.11,10.14,174546
2025-09-18,11:15:00,10.14,10.15,10.11,10.12,126156
2025-09-18,11:30:00,10.12,10.15,10.11,10.13,85656
2025-09-18,11:45:00,10.13,10.16,10.12,10.15,122954
2025-09-18,12:00:00,10.15,10.15,10.12,10.13,58855
2025-09-18,12:15:00,10.14,10.23,10.13,10.23,455666
2025-09-18,12:30:00,10.23,10.27,10.21,10.23,647272
2025-09-18,12:45:00,10.22,10.24,10.16,10.17,258323
2025-09-18,13:00:00,10.18,10.19,10.15,10.18,137999
2025-09-18,13:15:00,10.18,10.22,10.17,10.22,144211
2025-09-18,13:30:00,10.22,10.24,10.21,10.21,196857
2025-09-18,13:45:00,10.2,10.21,10.17,10.18,116074
2025-09-18,14:00:00,10.19,10.21,10.15,10.15,173444
2025-09-18,14:15:00,10.15,10.18,10.12,10.17,157264
2025-09-18,14:30:00,10.16,10.16,10.12,10.12,271316
2025-09-18,14:45:00,10.12,10.16,10.11,10.14,153590
2025-09-18,15:00:00,10.13,10.13,10.13,10.13,36367
2025-09-18,15:15:00,10.13,10.13,10.13,10.13,29740
2025-09-21,10:00:00,10.22,10.39,10.22,10.27,909363
2025-09-21,10:15:00,10.27,10.49,10.26,10.39,1089464
2025-09-21,10:30:00,10.38,10.39,10.31,10.33,391090
2025-09-21,10:45:00,10.32,10.33,10.28,10.32,356882
2025-09-21,11:00:00,10.32,10.35,10.29,10.29,199672
2025-09-21,11:15:00,10.29,10.31,10.27,10.29,176923
2025-09-21,11:30:00,10.29,10.3,10.26,10.28,151391
2025-09-21,11:45:00,10.28,10.31,10.27,10.27,142288
2025-09-21,12:00:00,10.26,10.3,10.26,10.3,175364
2025-09-21,12:15:00,10.3,10.36,10.29,10.32,404515
2025-09-21,12:30:00,10.32,10.32,10.29,10.31,89701
2025-09-21,12:45:00,10.31,10.31,10.29,10.3,85951
2025-09-21,13:00:00,10.3,10.31,10.27,10.28,111765
2025-09-21,13:15:00,10.29,10.3,10.26,10.28,143295
2025-09-21,13:30:00,10.27,10.3,10.26,10.29,133098
2025-09-21,13:45:00,10.29,10.29,10.27,10.29,106239
2025-09-21,14:00:00,10.3,10.3,10.27,10.28,120720
2025-09-21,14:15:00,10.27,10.29,10.26,10.28,76282
2025-09-21,14:30:00,10.28,10.29,10.22,10.23,293375
2025-09-21,14:45:00,10.23,10.26,10.22,10.24,175730
2025-09-21,15:00:00,10.24,10.24,10.24,10.24,42784
2025-09-21,15:15:00,10.24,10.24,10.24,10.24,1066
2025-09-22,10:00:00,10.33,10.33,10.14,10.16,268421
2025-09-22,10:15:00,10.17,10.18,10.13,10.15,131872
2025-09-22,10:30:00,10.14,10.17,10.13,10.15,195202
2025-09-22,10:45:00,10.16,10.17,10.08,10.09,490396
2025-09-22,11:00:00,10.09,10.12,10.08,10.11,172838
2025-09-22,11:15:00,10.12,10.12,10.08,10.1,331810
2025-09-22,11:30:00,10.11,10.14,10.09,10.12,183669
2025-09-22,11:45:00,10.12,10.14,10.1,10.13,74273
2025-09-22,12:00:00,10.13,10.14,10.1,10.11,122065
2025-09-22,12:15:00,10.1,10.12,10.09,10.09,121517
2025-09-22,12:30:00,10.1,10.12,10.08,10.1,153185
2025-09-22,12:45:00,10.1,10.11,10.08,10.08,66441
2025-09-22,13:00:00,10.08,10.09,10.05,10.08,261828
2025-09-22,13:15:00,10.08,10.1,10.07,10.08,62660
2025-09-22,13:30:00,10.08,10.11,10.07,10.1,62339
2025-09-22,13:45:00,10.1,10.11,10.08,10.08,37280
2025-09-22,14:00:00,10.08,10.1,10.06,10.08,84349
2025-09-22,14:15:00,10.09,10.09,10.07,10.08,75401
2025-09-22,14:30:00,10.08,10.09,10.06,10.07,99559
2025-09-22,14:45:00,10.07,10.09,10.06,10.07,175000
2025-09-22,15:00:00,10.07,10.07,10.07,10.07,32181
2025-09-22,15:15:00,10.07,10.07,10.07,10.07,16293
2025-09-24,10:00:00,10.17,10.27,10.17,10.24,618653
2025-09-24,10:15:00,10.24,10.27,10.2,10.23,559678
2025-09-24,10:30:00,10.24,10.24,10.17,10.18,240194
2025-09-24,10:45:00,10.18,10.2,10.14,10.15,190432
2025-09-24,11:00:00,10.15,10.18,10.11,10.14,158125
2025-09-24,11:15:00,10.14,10.16,10.11,10.14,208381
2025-09-24,11:30:00,10.14,10.19,10.14,10.15,132832
2025-09-24,11:45:00,10.15,10.19,10.14,10.17,94494
2025-09-24,12:00:00,10.17,10.19,10.16,10.17,125621
2025-09-24,12:15:00,10.17,10.19,10.17,10.19,58551
2025-09-24,12:30:00,10.18,10.19,10.16,10.18,97755
2025-09-24,12:45:00,10.18,10.19,10.17,10.19,97028
2025-09-24,13:00:00,10.19,10.23,10.19,10.21,403331
2025-09-24,13:15:00,10.2,10.22,10.19,10.19,108341
2025-09-24,13:30:00,10.2,10.3,10.19,10.29,674700
2025-09-24,13:45:00,10.28,10.29,10.21,10.27,157837
2025-09-24,14:00:00,10.26,10.28,10.22,10.22,221823
2025-09-24,14:15:00,10.22,10.23,10.21,10.22,181722
2025-09-24,14:30:00,10.21,10.21,10.18,10.19,175030
2025-09-24,14:45:00,10.19,10.21,10.16,10.19,257262
2025-09-24,15:00:00,10.19,10.19,10.19,10.19,36099
2025-09-24,15:15:00,10.19,10.19,10.19,10.19,1407
2025-09-25,10:00:00,10.2,10.21,10.12,10.14,469243
2025-09-25,10:15:00,10.14,10.14,10.1,10.11,267986
2025-09-25,10:30:00,10.12,10.13,10.05,10.1,516282
2025-09-25,10:45:00,10.08,10.11,10.05,10.07,261877
2025-09-25,11:00:00,10.06,10.08,10.03,10.07,121712
2025-09-25,11:15:00,10.07,10.07,10.03,10.04,169064
2025-09-25,11:30:00,10.05,10.05,10.0,10.02,270396
2025-09-25,11:45:00,10.02,10.03,9.99,10.01,235073
2025-09-25,12:00:00,10.0,10.02,9.99,10.0,199892
2025-09-25,12:15:00,10.0,10.02,9.97,9.97,139882
2025-09-25,12:30:00,9.98,9.99,9.95,9.97,195739
2025-09-25,12:45:00,9.98,10.0,9.96,9.99,148429
2025-09-25,13:00:00,9.99,10.02,9.99,10.01,169029
2025-09-25,13:15:00,10.0,10.01,9.98,10.0,173539
2025-09-25,13:30:00,9.99,10.01,9.98,9.99,127552
2025-09-25,13:45:00,10.0,10.0,9.98,10.0,59204
2025-09-25,14:00:00,10.0,10.01,9.99,10.01,105426
2025-09-25,14:15:00,10.0,10.01,10.0,10.01,54034
2025-09-25,14:30:00,10.0,10.03,10.0,10.01,109989
2025-09-25,14:45:00,10.01,10.01,9.97,9.99,167741
2025-09-25,15:00:00,9.98,9.98,9.98,9.98,142751
2025-09-25,15:15:00,9.98,9.98,9.98,9.98,997
2025-09-28,10:00:00,9.97,10.03,9.91,9.99,478934
2025-09-28,10:15:00,9.99,10.06,9.97,10.02,426281
2025-09-28,10:30:00,10.03,10.24,10.02,10.23,1309534
2025-09-28,10:45:00,10.23,10.4,10.22,10.36,1735748
2025-09-28,11:00:00,10.35,10.36,10.26,10.28,808262
2025-09-28,11:15:00,10.29,10.29,10.22,10.25,284721
2025-09-28,11:30:00,10.24,10.25,10.21,10.23,157447
2025-09-28,11:45:00,10.22,10.24,10.2,10.22,257726
2025-09-28,12:00:00,10.22,10.23,10.2,10.21,128176
2025-09-28,12:15:00,10.2,10.27,10.17,10.26,331655
2025-09-28,12:30:00,10.26,10.27,10.23,10.25,161129
2025-09-28,12:45:00,10.25,10.26,10.2,10.23,257646
2025-09-28,13:00:00,10.26,10.26,10.23,10.24,142095
2025-09-28,13:15:00,10.24,10.34,10.24,10.3,562004
2025-09-28,13:30:00,10.3,10.3,10.17,10.2,321800
2025-09-28,13:45:00,10.2,10.22,10.16,10.18,366016
2025-09-28,14:00:00,10.18,10.21,10.17,10.19,88571
2025-09-28,14:15:00,10.19,10.2,10.15,10.18,77095
2025-09-28,14:30:00,10.18,10.2,10.17,10.19,101907
2025-09-28,14:45:00,10.19,10.2,10.17,10.18,121322
2025-09-28,15:00:00,10.19,10.19,10.19,10.19,69375
2025-09-28,15:15:00,10.19,10.19,10.19,10.19,6405
2025-09-29,10:00:00,10.22,10.22,10.15,10.18,283288
2025-09-29,10:15:00,10.17,10.24,10.16,10.24,361891
2025-09-29,10:30:00,10.24,10.26,10.21,10.24,236327
2025-09-29,10:45:00,10.24,10.35,10.24,10.31,718410
2025-09-29,11:00:00,10.3,10.32,10.27,10.28,144157
2025-09-29,11:15:00,10.29,10.32,10.27,10.31,243733
2025-09-29,11:30:00,10.3,10.35,10.29,10.34,568349
2025-09-29,11:45:00,10.33,10.34,10.27,10.29,160883
2025-09-29,12:00:00,10.3,10.32,10.27,10.3,105635
2025-09-29,12:15:00,10.29,10.3,10.25,10.26,153144
2025-09-29,12:30:00,10.26,10.27,10.22,10.23,182857
2025-09-29,12:45:00,10.23,10.25,10.2,10.21,229260
2025-09-29,13:00:00,10.23,10.23,10.19,10.2,364273
2025-09-29,13:15:00,10.2,10.22,10.17,10.2,296025
2025-09-29,13:30:00,10.2,10.22,10.17,10.18,178107
2025-09-29,13:45:00,10.18,10.18,10.07,10.08,1051425
2025-09-29,14:00:00,10.08,10.15,10.06,10.12,645025
2025-09-29,14:15:00,10.12,10.15,10.12,10.14,116334
2025-09-29,14:30:00,10.15,10.15,10.13,10.14,74088
2025-09-29,14:45:00,10.14,10.16,10.13,10.16,254257
2025-09-29,15:00:00,10.14,10.14,10.14,10.14,67994
2025-09-29,15:15:00,10.14,10.14,10.14,10.14,2105
2025-09-30,10:00:00,10.16,10.21,10.16,10.19,391349
2025-09-30,10:15:00,10.19,10.25,10.18,10.23,524448
2025-09-30,10:30:00,10.22,10.26,10.21,10.25,227532
2025-09-30,10:45:00,10.25,10.26,10.22,10.25,156383
2025-09-30,11:00:00,10.25,10.25,10.21,10.22,153937
2025-09-30,11:15:00,10.23,10.24,10.21,10.22,101300
2025-09-30,11:30:00,10.21,10.22,10.21,10.21,85622
2025-09-30,11:45:00,10.21,10.22,10.19,10.19,150799
2025-09-30,12:00:00,10.2,10.21,10.19,10.2,34990
2025-09-30,12:15:00,10.19,10.21,10.17,10.19,101431
2025-09-30,12:30:00,10.19,10.21,10.19,10.19,92704
2025-09-30,12:45:00,10.19,10.21,10.18,10.19,73428
2025-09-30,13:00:00,10.19,10.19,10.16,10.17,180193
2025-09-30,13:15:00,10.17,10.17,10.15,10.16,123424
2025-09-30,13:30:00,10.16,10.16,10.13,10.14,117598
2025-09-30,13:45:00,10.15,10.16,10.13,10.14,90249
2025-09-30,14:00:00,10.14,10.16,10.11,10.14,89357
2025-09-30,14:15:00,10.14,10.15,10.1,10.11,232975
2025-09-30,14:30:00,10.12,10.12,10.1,10.1,251789
2025-09-30,14:45:00,10.11,10.12,10.1,10.11,149518
2025-09-30,15:00:00,10.11,10.11,10.11,10.11,60745
2025-09-30,15:15:00,10.11,10.11,10.11,10.11,9341
2025-10-01,10:00:00,10.12,10.14,10.08,10.12,278640
2025-10-01,10:15:00,10.12,10.12,10.09,10.1,179983
2025-10-01,10:30:00,10.1,10.1,10.08,10.09,91594
2025-10-01,10:45:00,10.09,10.14,10.09,10.12,155858
2025-10-01,11:00:00,10.12,10.13,10.11,10.11,100343
2025-10-01,11:15:00,10.12,10.15,10.1,10.14,165947
2025-10-01,11:30:00,10.13,10.16,10.13,10.13,105303
2025-10-01,11:45:00,10.14,10.14,10.12,10.13,74842
2025-10-01,12:00:00,10.13,10.14,10.11,10.14,51484
2025-10-01,12:15:00,10.12,10.14,10.11,10.14,60634
2025-10-01,12:30:00,10.14,10.14,10.11,10.13,72782
2025-10-01,12:45:00,10.13,10.14,10.12,10.14,87087
2025-10-01,13:00:00,10.14,10.14,10.13,10.14,104853
2025-10-01,13:15:00,10.13,10.15,10.12,10.13,69450
2025-10-01,13:30:00,10.13,10.14,10.11,10.12,69845
2025-10-01,13:45:00,10.12,10.13,10.1,10.1,46018
2025-10-01,14:00:00,10.11,10.12,10.1,10.11,52366
2025-10-01,14:15:00,10.1,10.13,10.1,10.12,78809
2025-10-01,14:30:00,10.12,10.13,10.1,10.12,65759
2025-10-01,14:45:00,10.12,10.13,10.1,10.11,102901
2025-10-01,15:00:00,10.11,10.11,10.11,10.11,16558
2025-10-01,15:15:00,10.11,10.11,10.11,10.11,25
2025-10-02,10:00:00,10.13,10.26,10.12,10.18,928886
2025-10-02,10:15:00,10.17,10.27,10.17,10.25,572584
2025-10-02,10:30:00,10.25,10.26,10.2,10.25,458643
2025-10-02,10:45:00,10.23,10.33,10.23,10.27,1250943
2025-10-02,11:00:00,10.27,10.36,10.26,10.35,1184359
2025-10-02,11:15:00,10.35,10.36,10.28,10.29,531165
2025-10-02,11:30:00,10.3,10.32,10.27,10.28,203404
2025-10-02,11:45:00,10.29,10.36,10.28,10.32,352578
2025-10-02,12:00:00,10.32,10.35,10.3,10.34,205134
2025-10-02,12:15:00,10.34,10.52,10.33,10.49,2025036
2025-10-02,12:30:00,10.49,10.68,10.48,10.55,2507368
2025-10-02,12:45:00,10.54,10.58,10.47,10.52,1132432
2025-10-02,13:00:00,10.51,10.51,10.42,10.44,609589
2025-10-02,13:15:00,10.44,10.45,10.38,10.42,600001
2025-10-02,13:30:00,10.42,10.44,10.38,10.39,286876
2025-10-02,13:45:00,10.38,10.57,10.38,10.51,840135
2025-10-02,14:00:00,10.51,10.52,10.43,10.46,358390
2025-10-02,14:15:00,10.45,10.45,10.35,10.39,523820
2025-10-02,14:30:00,10.4,10.43,10.37,10.43,192435
2025-10-02,14:45:00,10.43,10.64,10.43,10.61,1639971
2025-10-02,15:00:00,10.64,10.64,10.64,10.64,455478
2025-10-02,15:15:00,10.64,10.64,10.64,10.64,264440
2025-10-05,10:00:00,10.98,11.16,10.91,11.1,3751802
2025-10-05,10:15:00,11.1,11.1,10.95,10.99,1864970
2025-10-05,10:30:00,10.99,11.04,10.84,10.91,1813331
2025-10-05,10:45:00,10.92,10.99,10.9,10.97,465245
2025-10-05,11:00:00,10.98,10.98,10.93,10.94,393663
2025-10-05,11:15:00,10.93,11.1,10.92,11.04,992949
2025-10-05,11:30:00,11.04,11.28,11.03,11.25,1955133
2025-10-05,11:45:00,11.24,11.27,11.16,11.21,986366
2025-10-05,12:00:00,11.21,11.42,11.2,11.36,2323888
2025-10-05,12:15:00,11.36,11.37,11.3,11.3,537815
2025-10-05,12:30:00,11.3,11.31,11.16,11.2,760840
2025-10-05,12:45:00,11.19,11.29,11.19,11.24,478187
2025-10-05,13:00:00,11.25,11.27,11.19,11.24,336164
2025-10-05,13:15:00,11.24,11.27,11.22,11.23,171529
2025-10-05,13:30:00,11.23,11.38,11.21,11.35,445877
2025-10-05,13:45:00,11.34,11.45,11.31,11.43,1340206
2025-10-05,14:00:00,11.42,11.43,11.27,11.29,680290
2025-10-05,14:15:00,11.29,11.39,11.28,11.36,312298
2025-10-05,14:30:00,11.36,11.38,11.21,11.21,556679
2025-10-05,14:45:00,11.22,11.28,11.14,11.19,853953
2025-10-05,15:00:00,11.19,11.19,11.19,11.19,140342
2025-10-05,15:15:00,11.19,11.19,11.19,11.19,225656
2025-10-06,10:00:00,11.2,11.21,11.0,11.03,1491559
2025-10-06,10:15:00,11.03,11.06,10.94,11.04,1220152
2025-10-06,10:30:00,11.04,11.09,11.02,11.03,735457
2025-10-06,10:45:00,11.03,11.11,11.03,11.04,661389
2025-10-06,11:00:00,11.04,11.05,10.99,11.02,682064
2025-10-06,11:15:00,11.02,11.04,10.98,11.0,688858
2025-10-06,11:30:00,11.0,11.02,10.92,10.93,707846
2025-10-06,11:45:00,10.93,10.98,10.92,10.95,412639
2025-10-06,12:00:00,10.95,10.97,10.85,10.88,874705
2025-10-06,12:15:00,10.88,10.95,10.86,10.94,660659
2025-10-06,12:30:00,10.95,10.98,10.91,10.96,340912
2025-10-06,12:45:00,10.96,10.97,10.91,10.93,263465
2025-10-06,13:00:00,10.92,10.96,10.91,10.96,168628
2025-10-06,13:15:00,10.96,11.0,10.93,11.0,275718
2025-10-06,13:30:00,11.0,11.0,10.88,10.93,1006622
2025-10-06,13:45:00,10.92,10.93,10.87,10.92,245504
2025-10-06,14:00:00,10.92,10.92,10.87,10.88,245967
2025-10-06,14:15:00,10.88,10.92,10.87,10.88,296439
2025-10-06,14:30:00,10.88,10.9,10.87,10.89,176248
2025-10-06,14:45:00,10.89,10.9,10.86,10.88,471535
2025-10-06,15:00:00,10.85,10.85,10.85,10.85,234723
2025-10-06,15:15:00,10.85,10.85,10.85,10.85,18838
2025-10-07,10:00:00,10.86,11.09,10.86,10.95,1315393
2025-10-07,10:15:00,10.98,10.99,10.9,10.91,494108
2025-10-07,10:30:00,10.92,10.95,10.89,10.9,404306
2025-10-07,10:45:00,10.9,10.91,10.88,10.91,326149
2025-10-07,11:00:00,10.91,10.96,10.9,10.96,218150
2025-10-07,11:15:00,10.95,10.96,10.9,10.93,209984
2025-10-07,11:30:00,10.93,10.94,10.91,10.91,156341
2025-10-07,11:45:00,10.92,10.94,10.9,10.92,121022
2025-10-07,12:00:00,10.92,10.92,10.88,10.89,257544
2025-10-07,12:15:00,10.88,10.9,10.86,10.9,150237
2025-10-07,12:30:00,10.9,10.92,10.89,10.89,59119
2025-10-07,12:45:00,10.9,10.91,10.87,10.9,98668
2025-10-07,13:00:00,10.91,10.93,10.9,10.92,121731
2025-10-07,13:15:00,10.91,10.92,10.88,10.9,95330
2025-10-07,13:30:00,10.9,10.9,10.88,10.9,74258
2025-10-07,13:45:00,10.9,10.9,10.84,10.88,310946
2025-10-07,14:00:00,10.87,10.88,10.85,10.86,103438
2025-10-07,14:15:00,10.85,10.86,10.8,10.83,266634
2025-10-07,14:30:00,10.83,10.83,10.78,10.79,295285
2025-10-07,14:45:00,10.79,10.84,10.79,10.82,331653
2025-10-07,15:00:00,10.82,10.82,10.82,10.82,79593
2025-10-07,15:15:00,10.82,10.82,10.82,10.82,41752
2025-10-08,10:00:00,10.85,10.92,10.8,10.92,432497
2025-10-08,10:15:00,10.92,10.92,10.8,10.84,343285
2025-10-08,10:30:00,10.85,10.87,10.82,10.84,164003
2025-10-08,10:45:00,10.83,10.85,10.8,10.81,153725
2025-10-08,11:00:00,10.81,10.82,10.75,10.77,278983
2025-10-08,11:15:00,10.77,10.77,10.73,10.73,179328
2025-10-08,11:30:00,10.73,10.74,10.72,10.74,198774
2025-10-08,11:45:00,10.73,10.75,10.72,10.74,184887
2025-10-08,12:00:00,10.74,10.75,10.73,10.74,72928
2025-10-08,12:15:00,10.75,10.77,10.73,10.77,62343
2025-10-08,12:30:00,10.77,10.78,10.75,10.75,76957
2025-10-08,12:45:00,10.76,10.76,10.72,10.74,114168
2025-10-08,13:00:00,10.73,10.74,10.73,10.73,58754
2025-10-08,13:15:00,10.73,10.74,10.71,10.72,161824
2025-10-08,13:30:00,10.73,10.74,10.7,10.72,98408
2025-10-08,13:45:00,10.72,10.74,10.7,10.71,122679
2025-10-08,14:00:00,10.71,10.73,10.71,10.72,66715
2025-10-08,14:15:00,10.72,10.75,10.72,10.73,92096
2025-10-08,14:30:00,10.73,10.75,10.73,10.74,90709
2025-10-08,14:45:00,10.74,10.81,10.73,10.8,268328
2025-10-08,15:00:00,10.81,10.81,10.81,10.81,92263
2025-10-08,15:15:00,10.81,10.81,10.81,10.81,34246
2025-10-09,10:00:00,10.84,10.84,10.74,10.77,256189
2025-10-09,10:15:00,10.76,10.82,10.75,10.79,276182
2025-10-09,10:30:00,10.8,10.93,10.76,10.92,658735
2025-10-09,10:45:00,10.92,11.08,10.9,11.0,2854537
2025-10-09,11:00:00,11.0,11.13,10.99,11.11,1635280
2025-10-09,11:15:00,11.11,11.13,11.06,11.07,1058196
2025-10-09,11:30:00,11.08,11.19,11.06,11.12,1630388
2025-10-09,11:45:00,11.12,11.17,11.11,11.13,649434
2025-10-09,12:00:00,11.14,11.15,11.07,11.13,405382
2025-10-09,12:15:00,11.12,11.22,11.11,11.18,951522
2025-10-09,12:30:00,11.18,11.19,11.11,11.13,328104
2025-10-09,12:45:00,11.14,11.16,11.06,11.06,446051
2025-10-09,13:00:00,11.07,11.1,11.01,11.05,655658
2025-10-09,13:15:00,11.05,11.06,11.02,11.03,250103
2025-10-09,13:30:00,11.04,11.06,11.01,11.04,301560
2025-10-09,13:45:00,11.04,11.07,11.02,11.05,125817
2025-10-09,14:00:00,11.05,11.07,11.02,11.03,230485
2025-10-09,14:15:00,11.04,11.04,10.92,10.94,554138
2025-10-09,14:30:00,10.96,10.97,10.93,10.94,170479
2025-10-09,14:45:00,10.93,10.94,10.87,10.89,573949
2025-10-09,15:00:00,10.92,10.92,10.92,10.92,147500
2025-10-09,15:15:00,10.92,10.92,10.92,10.92,23720
2025-10-12,10:00:00,10.61,10.84,10.6,10.77,841285
2025-10-12,10:15:00,10.76,10.8,10.75,10.79,234777
2025-10-12,10:30:00,10.8,10.82,10.76,10.77,227677
2025-10-12,10:45:00,10.76,10.81,10.75,10.79,174396
2025-10-12,11:00:00,10.79,10.81,10.75,10.78,160092
2025-10-12,11:15:00,10.78,10.89,10.78,10.88,361214
2025-10-12,11:30:00,10.88,10.88,10.81,10.87,95359
2025-10-12,11:45:00,10.88,10.88,10.84,10.87,36288
2025-10-12,12:00:00,10.87,10.88,10.85,10.86,38205
2025-10-12,12:15:00,10.86,10.87,10.84,10.86,128109
2025-10-12,12:30:00,10.86,10.87,10.8,10.84,139598
2025-10-12,12:45:00,10.82,10.84,10.77,10.78,184947
2025-10-12,13:00:00,10.8,10.8,10.76,10.76,116245
2025-10-12,13:15:00,10.76,10.8,10.76,10.79,84128
2025-10-12,13:30:00,10.79,10.79,10.77,10.79,80766
2025-10-12,13:45:00,10.78,10.83,10.77,10.82,145737
2025-10-12,14:00:00,10.82,10.83,10.78,10.81,103211
2025-10-12,14:15:00,10.8,10.82,10.79,10.82,52084
2025-10-12,14:30:00,10.81,10.83,10.79,10.81,131015
2025-10-12,14:45:00,10.81,10.83,10.79,10.81,177972
2025-10-12,15:00:00,10.81,10.81,10.81,10.81,55001
2025-10-12,15:15:00,10.81,10.81,10.81,10.81,84564
2025-10-13,10:00:00,10.89,10.9,10.83,10.87,258103
2025-10-13,10:15:00,10.86,10.87,10.82,10.85,225085
2025-10-13,10:30:00,10.86,10.96,10.86,10.92,490259
2025-10-13,10:45:00,10.91,10.92,10.86,10.86,216295
2025-10-13,11:00:00,10.86,10.9,10.84,10.87,126202
2025-10-13,11:15:00,10.86,10.87,10.83,10.86,148716
2025-10-13,11:30:00,10.86,10.86,10.81,10.82,133985
2025-10-13,11:45:00,10.82,10.84,10.81,10.83,185452
2025-10-13,12:00:00,10.83,10.85,10.8,10.81,194810
2025-10-13,12:15:00,10.82,10.83,10.77,10.79,213369
2025-10-13,12:30:00,10.79,10.82,10.77,10.8,97047
2025-10-13,12:45:00,10.8,10.8,10.78,10.79,80296
2025-10-13,13:00:00,10.79,10.82,10.78,10.82,60585
2025-10-13,13:15:00,10.82,10.84,10.8,10.83,314067
2025-10-13,13:30:00,10.83,10.89,10.83,10.88,247510
2025-10-13,13:45:00,10.87,10.94,10.85,10.91,271714
2025-10-13,14:00:00,10.91,10.99,10.9,10.99,493984
2025-10-13,14:15:00,10.97,11.0,10.9,10.93,542868
2025-10-13,14:30:00,10.93,10.94,10.9,10.91,158113
2025-10-13,14:45:00,10.9,10.94,10.87,10.88,206384
2025-10-13,15:00:00,10.88,10.88,10.88,10.88,32778
2025-10-13,15:15:00,10.88,10.88,10.88,10.88,15147
2025-10-14,10:00:00,10.85,10.95,10.85,10.89,268277
2025-10-14,10:15:00,10.9,10.92,10.84,10.85,188358
2025-10-14,10:30:00,10.85,10.87,10.79,10.81,327485
2025-10-14,10:45:00,10.81,10.84,10.81,10.82,100855
2025-10-14,11:00:00,10.82,10.84,10.8,10.84,396212
2025-10-14,11:15:00,10.83,10.83,10.8,10.81,68708
2025-10-14,11:30:00,10.81,10.82,10.8,10.81,124145
2025-10-14,11:45:00,10.81,10.83,10.8,10.83,60000
2025-10-14,12:00:00,10.82,10.83,10.8,10.82,48263
2025-10-14,12:15:00,10.82,10.83,10.81,10.82,74368
2025-10-14,12:30:00,10.83,10.92,10.82,10.87,286028
2025-10-14,12:45:00,10.88,10.89,10.84,10.85,81068
2025-10-14,13:00:00,10.84,10.86,10.8,10.82,168739
2025-10-14,13:15:00,10.82,10.83,10.81,10.83,59330
2025-10-14,13:30:00,10.83,10.87,10.82,10.85,111788
2025-10-14,13:45:00,10.84,10.85,10.81,10.81,119204
2025-10-14,14:00:00,10.82,10.85,10.81,10.84,59315
2025-10-14,14:15:00,10.83,10.84,10.82,10.83,52349
2025-10-14,14:30:00,10.83,10.83,10.8,10.81,124616
2025-10-14,14:45:00,10.8,10.82,10.77,10.78,261074
2025-10-14,15:00:00,10.78,10.78,10.78,10.78,42070
2025-10-14,15:15:00,10.78,10.78,10.78,10.78,26967
2025-10-15,10:00:00,10.79,10.84,10.79,10.79,147465
2025-10-15,10:15:00,10.79,10.82,10.77,10.78,122073
2025-10-15,10:30:00,10.78,10.78,10.74,10.75,136271
2025-10-15,10:45:00,10.75,10.77,10.75,10.77,146563
2025-10-15,11:00:00,10.76,10.79,10.75,10.78,136760
2025-10-15,11:15:00,10.77,10.78,10.75,10.75,82971
2025-10-15,11:30:00,10.76,10.77,10.73,10.75,87133
2025-10-15,11:45:00,10.74,10.77,10.74,10.75,78659
2025-10-15,12:00:00,10.74,10.78,10.74,10.77,64724
2025-10-15,12:15:00,10.78,10.81,10.76,10.77,297129
2025-10-15,12:30:00,10.77,10.78,10.75,10.76,54808
2025-10-15,12:45:00,10.76,10.78,10.74,10.78,188889
2025-10-15,13:00:00,10.78,10.79,10.75,10.78,62374
2025-10-15,13:15:00,10.78,10.8,10.75,10.78,146742
2025-10-15,13:30:00,10.79,10.8,10.75,10.76,85391
2025-10-15,13:45:00,10.75,10.77,10.73,10.75,93679
2025-10-15,14:00:00,10.75,10.76,10.73,10.75,120421
2025-10-15,14:15:00,10.75,10.76,10.71,10.72,82669
2025-10-15,14:30:00,10.72,10.75,10.7,10.74,132793
2025-10-15,14:45:00,10.75,10.75,10.7,10.71,180098
2025-10-15,15:00:00,10.71,10.71,10.71,10.71,26169
2025-10-15,15:15:00,10.71,10.71,10.71,10.71,2251
2025-10-16,10:00:00,10.73,10.78,10.71,10.78,135644
2025-10-16,10:15:00,10.77,10.8,10.75,10.78,196133
2025-10-16,10:30:00,10.78,10.9,10.78,10.9,412997
2025-10-16,10:45:00,10.9,11.0,10.87,11.0,1364751
2025-10-16,11:00:00,11.0,11.06,10.9,10.94,1421379
2025-10-16,11:15:00,10.94,10.94,10.84,10.87,670050
2025-10-16,11:30:00,10.87,10.87,10.8,10.86,298534
2025-10-16,11:45:00,10.85,10.88,10.81,10.87,183873
2025-10-16,12:00:00,10.87,10.89,10.85,10.85,113788
2025-10-16,12:15:00,10.87,10.87,10.83,10.84,126894
2025-10-16,12:30:00,10.85,10.88,10.83,10.84,94961
2025-10-16,12:45:00,10.86,10.87,10.84,10.86,61944
2025-10-16,13:00:00,10.85,10.86,10.82,10.84,81940
2025-10-16,13:15:00,10.84,10.86,10.81,10.81,128776
2025-10-16,13:30:00,10.83,10.84,10.81,10.84,60289
2025-10-16,13:45:00,10.83,10.84,10.81,10.83,49816
2025-10-16,14:00:00,10.83,10.84,10.81,10.83,98393
2025-10-16,14:15:00,10.84,10.84,10.81,10.83,92839
2025-10-16,14:30:00,10.84,10.84,10.81,10.81,122012
2025-10-16,14:45:00,10.81,10.82,10.79,10.81,215952
2025-10-16,15:00:00,10.8,10.8,10.8,10.8,42235
2025-10-16,15:15:00,10.8,10.8,10.8,10.8,39260
2025-10-19,10:00:00,10.81,10.83,10.75,10.75,360586
2025-10-19,10:15:00,10.75,10.79,10.74,10.76,216662
2025-10-19,10:30:00,10.76,10.78,10.75,10.76,55725
2025-10-19,10:45:00,10.77,10.81,10.76,10.77,117336
2025-10-19,11:00:00,10.76,10.78,10.75,10.76,208190
2025-10-19,11:15:00,10.75,10.77,10.74,10.77,66915
2025-10-19,11:30:00,10.77,10.78,10.74,10.77,135950
2025-10-19,11:45:00,10.76,10.78,10.75,10.77,42413
2025-10-19,12:00:00,10.78,10.78,10.74,10.75,90002
2025-10-19,12:15:00,10.75,10.75,10.74,10.75,42946
2025-10-19,12:30:00,10.74,10.77,10.74,10.75,123918
2025-10-19,12:45:00,10.77,10.77,10.72,10.74,125002
2025-10-19,13:00:00,10.75,10.76,10.72,10.74,131037
2025-10-19,13:15:00,10.74,10.74,10.71,10.73,60078
2025-10-19,13:30:00,10.72,10.74,10.71,10.73,79361
2025-10-19,13:45:00,10.73,10.74,10.72,10.73,79898
2025-10-19,14:00:00,10.73,10.74,10.71,10.73,85153
2025-10-19,14:15:00,10.73,10.73,10.7,10.71,134813
2025-10-19,14:30:00,10.7,10.72,10.7,10.71,73616
2025-10-19,14:45:00,10.71,10.73,10.71,10.71,93593
2025-10-19,15:00:00,10.7,10.7,10.7,10.7,21588
2025-10-19,15:15:00,10.7,10.7,10.7,10.7,4462
2025-10-20,10:00:00,10.72,10.75,10.71,10.72,185648
2025-10-20,10:15:00,10.72,10.74,10.71,10.72,123329
2025-10-20,10:30:00,10.72,10.73,10.7,10.7,84681
2025-10-20,10:45:00,10.7,10.7,10.63,10.64,178796
2025-10-20,11:00:00,10.65,10.65,10.59,10.6,216280
2025-10-20,11:15:00,10.59,10.63,10.58,10.59,127561
2025-10-20,11:30:00,10.59,10.6,10.55,10.59,313602
2025-10-20,11:45:00,10.59,10.61,10.58,10.59,72511
2025-10-20,12:00:00,10.6,10.61,10.58,10.61,47283
2025-10-20,12:15:00,10.62,10.63,10.58,10.58,94347
2025-10-20,12:30:00,10.58,10.59,10.57,10.59,17043
2025-10-20,12:45:00,10.59,10.59,10.56,10.57,59872
2025-10-20,13:00:00,10.57,10.57,10.51,10.52,203830
2025-10-20,13:15:00,10.52,10.54,10.49,10.51,215098
2025-10-20,13:30:00,10.51,10.52,10.46,10.52,148791
2025-10-20,13:45:00,10.52,10.53,10.51,10.51,102616
2025-10-20,14:00:00,10.51,10.53,10.5,10.51,55834
2025-10-20,14:15:00,10.5,10.52,10.49,10.51,75454
2025-10-20,14:30:00,10.51,10.51,10.48,10.49,69681
2025-10-20,14:45:00,10.49,10.5,10.47,10.47,210823
2025-10-20,15:00:00,10.49,10.49,10.49,10.49,41202
2025-10-20,15:15:00,10.49,10.49,10.49,10.49,506
2025-10-21,10:00:00,10.49,10.5,10.41,10.45,128002
2025-10-21,10:15:00,10.45,10.45,10.32,10.41,209317
2025-10-21,10:30:00,10.41,10.44,10.39,10.39,65729
2025-10-21,10:45:00,10.39,10.4,10.35,10.37,45474
2025-10-21,11:00:00,10.38,10.38,10.36,10.36,47592
2025-10-21,11:15:00,10.35,10.39,10.34,10.37,53668
2025-10-21,11:30:00,10.37,10.4,10.35,10.38,35806
2025-10-21,11:45:00,10.36,10.37,10.35,10.36,15767
2025-10-21,12:00:00,10.35,10.37,10.34,10.35,33922
2025-10-21,12:15:00,10.35,10.37,10.35,10.36,21477
2025-10-21,12:30:00,10.36,10.36,10.34,10.36,18680
2025-10-21,12:45:00,10.36,10.45,10.36,10.41,156958
2025-10-21,13:00:00,10.42,10.43,10.4,10.41,41584
2025-10-21,13:15:00,10.41,10.42,10.4,10.4,22444
2025-10-21,13:30:00,10.4,10.42,10.4,10.4,13411
2025-10-21,13:45:00,10.41,10.47,10.39,10.47,101657
2025-10-21,14:00:00,10.47,10.47,10.45,10.46,51132
2025-10-21,14:15:00,10.47,10.47,10.43,10.44,64907
2025-10-21,14:30:00,10.43,10.45,10.4,10.41,61336
2025-10-21,14:45:00,10.41,10.42,10.36,10.37,170289
2025-10-21,15:00:00,10.37,10.37,10.37,10.37,41213
2025-10-21,15:15:00,10.37,10.37,10.37,10.37,53613
2025-10-22,10:00:00,10.4,10.4,10.31,10.32,143411
2025-10-22,10:15:00,10.32,10.35,10.28,10.31,239540
2025-10-22,10:30:00,10.31,10.36,10.3,10.32,133963
2025-10-22,10:45:00,10.32,10.35,10.3,10.34,70116
2025-10-22,11:00:00,10.35,10.36,10.3,10.35,137900
2025-10-22,11:15:00,10.35,10.37,10.34,10.34,130989
2025-10-22,11:30:00,10.35,10.36,10.34,10.34,35247
2025-10-22,11:45:00,10.35,10.4,10.35,10.38,111485
2025-10-22,12:00:00,10.37,10.4,10.35,10.38,43146
2025-10-22,12:15:00,10.38,10.38,10.34,10.36,102176
2025-10-22,12:30:00,10.36,10.38,10.35,10.37,32375
2025-10-22,12:45:00,10.38,10.38,10.36,10.37,39512
2025-10-22,13:00:00,10.37,10.37,10.35,10.36,28798
2025-10-22,13:15:00,10.36,10.37,10.34,10.35,36446
2025-10-22,13:30:00,10.35,10.35,10.33,10.35,46539
2025-10-22,13:45:00,10.35,10.35,10.29,10.31,318226
2025-10-22,14:00:00,10.3,10.31,10.29,10.31,40604
2025-10-22,14:15:00,10.3,10.32,10.29,10.3,50402
2025-10-22,14:30:00,10.29,10.31,10.28,10.28,56112
2025-10-22,14:45:00,10.29,10.31,10.27,10.27,78340
2025-10-22,15:00:00,10.27,10.27,10.27,10.27,35497
2025-10-22,15:15:00,10.27,10.27,10.27,10.27,2100
2025-10-23,10:00:00,10.26,10.28,10.24,10.24,185993
2025-10-23,10:15:00,10.25,10.25,10.17,10.21,169037
2025-10-23,10:30:00,10.21,10.25,10.2,10.24,77332
2025-10-23,10:45:00,10.23,10.3,10.22,10.26,106943
2025-10-23,11:00:00,10.25,10.27,10.24,10.27,22150
2025-10-23,11:15:00,10.27,10.27,10.24,10.27,30044
2025-10-23,11:30:00,10.28,10.3,10.27,10.28,75750
2025-10-23,11:45:00,10.27,10.28,10.26,10.27,34904
2025-10-23,12:00:00,10.27,10.29,10.26,10.27,36899
2025-10-23,12:15:00,10.27,10.27,10.25,10.25,27003
2025-10-23,12:30:00,10.25,10.25,10.21,10.21,59687
2025-10-23,12:45:00,10.21,10.26,10.2,10.26,54900
2025-10-23,13:00:00,10.26,10.27,10.23,10.23,36777
2025-10-23,13:15:00,10.23,10.24,10.21,10.21,52171
2025-10-23,13:30:00,10.21,10.23,10.2,10.21,120203
2025-10-23,13:45:00,10.21,10.21,10.19,10.21,121963
2025-10-23,14:00:00,10.21,10.21,10.18,10.21,65783
2025-10-23,14:15:00,10.2,10.22,10.2,10.22,30222
2025-10-23,14:30:00,10.22,10.23,10.21,10.22,57213
2025-10-23,14:45:00,10.22,10.3,10.21,10.27,221880
2025-10-23,15:00:00,10.28,10.28,10.28,10.28,36549
2025-10-23,15:15:00,10.28,10.28,10.28,10.28,7274
2025-10-26,10:00:00,10.31,10.34,10.26,10.28,105461
2025-10-26,10:15:00,10.29,10.36,10.28,10.34,180169
2025-10-26,10:30:00,10.34,10.34,10.32,10.33,39971
2025-10-26,10:45:00,10.32,10.32,10.28,10.3,87176
2025-10-26,11:00:00,10.29,10.3,10.24,10.25,118085
2025-10-26,11:15:00,10.25,10.26,10.22,10.23,60532
2025-10-26,11:30:00,10.24,10.29,10.24,10.28,59325
2025-10-26,11:45:00,10.27,10.28,10.25,10.27,24975
2025-10-26,12:00:00,10.28,10.29,10.24,10.25,20910
2025-10-26,12:15:00,10.25,10.26,10.24,10.26,6162
2025-10-26,12:30:00,10.25,10.26,10.22,10.22,63138
2025-10-26,12:45:00,10.24,10.26,10.22,10.26,15840
2025-10-26,13:00:00,10.25,10.27,10.24,10.26,12441
2025-10-26,13:15:00,10.26,10.26,10.24,10.25,25972
2025-10-26,13:30:00,10.25,10.26,10.23,10.24,26023
2025-10-26,13:45:00,10.24,10.25,10.23,10.24,15749
2025-10-26,14:00:00,10.24,10.25,10.22,10.22,51600
2025-10-26,14:15:00,10.24,10.24,10.22,10.22,33889
2025-10-26,14:30:00,10.22,10.24,10.21,10.22,49312
2025-10-26,14:45:00,10.22,10.24,10.22,10.22,66050
2025-10-26,15:00:00,10.22,10.22,10.22,10.22,10280
2025-10-26,15:15:00,10.22,10.22,10.22,10.22,1668
2025-10-27,10:00:00,10.25,10.26,10.18,10.21,118034
2025-10-27,10:15:00,10.21,10.22,10.18,10.19,72295
2025-10-27,10:30:00,10.19,10.2,10.18,10.2,49439
2025-10-27,10:45:00,10.2,10.2,10.11,10.14,215505
2025-10-27,11:00:00,10.14,10.15,10.12,10.15,59318
2025-10-27,11:15:00,10.15,10.17,10.14,10.15,69662
2025-10-27,11:30:00,10.15,10.17,10.14,10.16,97597
2025-10-27,11:45:00,10.17,10.19,10.15,10.16,69003
2025-10-27,12:00:00,10.15,10.17,10.14,10.16,135003
2025-10-27,12:15:00,10.15,10.19,10.15,10.18,70678
2025-10-27,12:30:00,10.19,10.22,10.17,10.17,94832
2025-10-27,12:45:00,10.18,10.18,10.15,10.16,36575
2025-10-27,13:00:00,10.17,10.18,10.15,10.16,14851
2025-10-27,13:15:00,10.16,10.16,10.14,10.16,33722
2025-10-27,13:30:00,10.16,10.17,10.12,10.13,98194
2025-10-27,13:45:00,10.13,10.16,10.13,10.15,19829
2025-10-27,14:00:00,10.15,10.16,10.13,10.13,36438
2025-10-27,14:15:00,10.13,10.15,10.12,10.13,36745
2025-10-27,14:30:00,10.13,10.14,10.12,10.13,66951
2025-10-27,14:45:00,10.12,10.13,10.11,10.12,168735
2025-10-27,15:00:00,10.12,10.12,10.12,10.12,44984
2025-10-27,15:15:00,10.12,10.12,10.12,10.12,1900
2025-10-28,10:00:00,10.15,10.2,10.12,10.17,108463
2025-10-28,10:15:00,10.17,10.17,10.13,10.16,50536
2025-10-28,10:30:00,10.17,10.17,10.11,10.11,68506
2025-10-28,10:45:00,10.13,10.17,10.12,10.13,57694
2025-10-28,11:00:00,10.13,10.16,10.13,10.13,108432
2025-10-28,11:15:00,10.13,10.17,10.13,10.16,37091
2025-10-28,11:30:00,10.16,10.16,10.13,10.16,15117
2025-10-28,11:45:00,10.16,10.16,10.13,10.15,23365
2025-10-28,12:00:00,10.16,10.16,10.13,10.15,41328
2025-10-28,12:15:00,10.15,10.15,10.13,10.14,21836
2025-10-28,12:30:00,10.14,10.17,10.14,10.17,82105
2025-10-28,12:45:00,10.18,10.21,10.16,10.17,196411
2025-10-28,13:00:00,10.16,10.17,10.14,10.14,46216
2025-10-28,13:15:00,10.14,10.15,10.12,10.13,94428
2025-10-28,13:30:00,10.13,10.14,10.11,10.14,66060
2025-10-28,13:45:00,10.14,10.14,10.12,10.12,50729
2025-10-28,14:00:00,10.12,10.14,10.11,10.13,31148
2025-10-28,14:15:00,10.13,10.14,10.12,10.13,67658
2025-10-28,14:30:00,10.13,10.14,10.12,10.12,44066
2025-10-28,14:45:00,10.13,10.14,10.11,10.13,123698
2025-10-28,15:00:00,10.11,10.11,10.11,10.11,21858
2025-10-28,15:15:00,10.11,10.11,10.11,10.11,9197
2025-10-29,10:00:00,10.11,10.17,10.1,10.17,301088
2025-10-29,10:15:00,10.17,10.17,10.13,10.14,239726
2025-10-29,10:30:00,10.14,10.16,10.12,10.14,68654
2025-10-29,10:45:00,10.13,10.15,10.12,10.13,66486
2025-10-29,11:00:00,10.14,10.14,10.12,10.13,58608
2025-10-29,11:15:00,10.14,10.15,10.11,10.12,35265
2025-10-29,11:30:00,10.12,10.13,10.1,10.12,109211
2025-10-29,11:45:00,10.12,10.13,10.1,10.12,52509
2025-10-29,12:00:00,10.12,10.12,10.1,10.11,119670
2025-10-29,12:15:00,10.1,10.12,10.09,10.11,91811
2025-10-29,12:30:00,10.1,10.11,10.09,10.1,46214
2025-10-29,12:45:00,10.09,10.12,10.07,10.12,130580
2025-10-29,13:00:00,10.12,10.12,10.1,10.1,57851
2025-10-29,13:15:00,10.1,10.11,10.09,10.09,100068
2025-10-29,13:30:00,10.1,10.11,10.08,10.1,68515
2025-10-29,13:45:00,10.09,10.1,10.06,10.07,122607
2025-10-29,14:00:00,10.06,10.09,10.06,10.09,54618
2025-10-29,14:15:00,10.09,10.09,10.06,10.07,87174
2025-10-29,14:30:00,10.07,10.08,10.05,10.07,76352
2025-10-29,14:45:00,10.07,10.08,10.05,10.06,80561
2025-10-29,15:00:00,10.06,10.06,10.06,10.06,28068
2025-10-29,15:15:00,10.06,10.06,10.06,10.06,14458
2025-10-30,10:00:00,10.09,10.1,9.99,10.06,274104
2025-10-30,10:15:00,10.07,10.15,10.06,10.12,443739
2025-10-30,10:30:00,10.13,10.15,10.11,10.14,235831
2025-10-30,10:45:00,10.14,10.16,10.12,10.14,227565
2025-10-30,11:00:00,10.14,10.16,10.13,10.15,174989
2025-10-30,11:15:00,10.14,10.15,10.11,10.11,91784
2025-10-30,11:30:00,10.11,10.13,10.1,10.12,91621
2025-10-30,11:45:00,10.12,10.13,10.1,10.11,40130
2025-10-30,12:00:00,10.11,10.18,10.11,10.16,184080
2025-10-30,12:15:00,10.16,10.16,10.12,10.15,74730
2025-10-30,12:30:00,10.13,10.16,10.13,10.14,48858
2025-10-30,12:45:00,10.14,10.15,10.13,10.14,34867
2025-10-30,13:00:00,10.13,10.16,10.13,10.15,48855
2025-10-30,13:15:00,10.15,10.15,10.1,10.11,124486
2025-10-30,13:30:00,10.11,10.11,10.08,10.08,152579
2025-10-30,13:45:00,10.08,10.09,10.05,10.06,110833
2025-10-30,14:00:00,10.06,10.06,10.04,10.06,92843
2025-10-30,14:15:00,10.06,10.1,10.06,10.08,39023
2025-10-30,14:30:00,10.08,10.11,10.07,10.1,64806
2025-10-30,14:45:00,10.08,10.11,10.07,10.1,43791
2025-10-30,15:00:00,10.08,10.08,10.08,10.08,15345
2025-10-30,15:15:00,10.08,10.08,10.08,10.08,21730
2025-11-02,10:00:00,10.3,10.58,10.3,10.53,1740205
2025-11-02,10:15:00,10.54,10.7,10.53,10.55,1828367
2025-11-02,10:30:00,10.55,10.61,10.52,10.59,501620
2025-11-02,10:45:00,10.6,10.61,10.53,10.57,417956
2025-11-02,11:00:00,10.58,10.68,10.54,10.55,711521
2025-11-02,11:15:00,10.55,10.55,10.47,10.53,611203
2025-11-02,11:30:00,10.52,10.53,10.49,10.51,210957
2025-11-02,11:45:00,10.51,10.52,10.44,10.5,299263
2025-11-02,12:00:00,10.5,10.51,10.48,10.51,94945
2025-11-02,12:15:00,10.5,10.69,10.5,10.66,671652
2025-11-02,12:30:00,10.66,10.75,10.61,10.7,821819
2025-11-02,12:45:00,10.7,10.7,10.6,10.67,351001
2025-11-02,13:00:00,10.66,10.72,10.61,10.66,387933
2025-11-02,13:15:00,10.66,10.67,10.58,10.65,264490
2025-11-02,13:30:00,10.66,10.67,10.61,10.65,125025
2025-11-02,13:45:00,10.64,10.69,10.63,10.64,196929
2025-11-02,14:00:00,10.64,10.68,10.64,10.67,182185
2025-11-02,14:15:00,10.67,10.68,10.51,10.52,338550
2025-11-02,14:30:00,10.52,10.52,10.43,10.5,462582
2025-11-02,14:45:00,10.5,10.51,10.44,10.46,301553
2025-11-02,15:00:00,10.44,10.44,10.44,10.44,103112
2025-11-02,15:15:00,10.44,10.44,10.44,10.44,12851
2025-11-03,10:00:00,10.45,10.5,10.33,10.4,504884
2025-11-03,10:15:00,10.41,10.42,10.35,10.36,129016
2025-11-03,10:30:00,10.35,10.36,10.26,10.27,315913
2025-11-03,10:45:00,10.26,10.31,10.25,10.31,168260
2025-11-03,11:00:00,10.31,10.35,10.28,10.29,68338
2025-11-03,11:15:00,10.29,10.33,10.26,10.27,87879
2025-11-03,11:30:00,10.27,10.27,10.19,10.25,274963
2025-11-03,11:45:00,10.26,10.32,10.23,10.29,103145
2025-11-03,12:00:00,10.29,10.33,10.28,10.32,61754
2025-11-03,12:15:00,10.31,10.34,10.28,10.28,93355
2025-11-03,12:30:00,10.28,10.29,10.26,10.26,46006
2025-11-03,12:45:00,10.26,10.26,10.2,10.23,151055
2025-11-03,13:00:00,10.24,10.25,10.22,10.23,40298
2025-11-03,13:15:00,10.23,10.24,10.19,10.22,119867
2025-11-03,13:30:00,10.21,10.23,10.19,10.22,105239
2025-11-03,13:45:00,10.22,10.26,10.21,10.25,40752
2025-11-03,14:00:00,10.24,10.3,10.24,10.27,83045
2025-11-03,14:15:00,10.27,10.27,10.22,10.22,70718
2025-11-03,14:30:00,10.23,10.26,10.22,10.24,30822
2025-11-03,14:45:00,10.24,10.25,10.21,10.22,106793
2025-11-03,15:00:00,10.22,10.22,10.22,10.22,25819
2025-11-03,15:15:00,10.22,10.22,10.22,10.22,274
2025-11-04,10:00:00,10.29,10.47,10.25,10.41,522173
2025-11-04,10:15:00,10.43,10.44,10.39,10.4,337970
2025-11-04,10:30:00,10.41,10.45,10.37,10.37,389791
2025-11-04,10:45:00,10.38,10.41,10.36,10.39,111832
2025-11-04,11:00:00,10.39,10.4,10.35,10.35,99252
2025-11-04,11:15:00,10.35,10.35,10.31,10.31,87254
2025-11-04,11:30:00,10.31,10.33,10.3,10.33,59366
2025-11-04,11:45:00,10.32,10.35,10.3,10.32,108607
2025-11-04,12:00:00,10.33,10.35,10.3,10.35,34637
2025-11-04,12:15:00,10.35,10.59,10.35,10.53,1220643
2025-11-04,12:30:00,10.52,10.56,10.44,10.5,304346
2025-11-04,12:45:00,10.49,10.49,10.41,10.45,117857
2025-11-04,13:00:00,10.45,10.52,10.41,10.46,210665
2025-11-04,13:15:00,10.48,10.5,10.41,10.44,131571
2025-11-04,13:30:00,10.44,10.57,10.43,10.5,440909
2025-11-04,13:45:00,10.48,10.52,10.45,10.47,130945
2025-11-04,14:00:00,10.46,10.6,10.46,10.57,591372
2025-11-04,14:15:00,10.58,10.59,10.47,10.49,324597
2025-11-04,14:30:00,10.5,10.51,10.4,10.45,250702
2025-11-04,14:45:00,10.45,10.51,10.36,10.39,251463
2025-11-04,15:00:00,10.37,10.37,10.37,10.37,35446
2025-11-04,15:15:00,10.37,10.37,10.37,10.37,23916
2025-11-05,10:00:00,10.34,10.45,10.25,10.43,360964
2025-11-05,10:15:00,10.42,10.45,10.37,10.38,144853
2025-11-05,10:30:00,10.38,10.4,10.28,10.34,184731
2025-11-05,10:45:00,10.34,10.39,10.32,10.34,121619
2025-11-05,11:00:00,10.33,10.37,10.31,10.34,67943
2025-11-05,11:15:00,10.33,10.36,10.32,10.34,31594
2025-11-05,11:30:00,10.35,10.36,10.32,10.34,75048
2025-11-05,11:45:00,10.34,10.43,10.32,10.43,88245
2025-11-05,12:00:00,10.43,10.43,10.41,10.41,54988
2025-11-05,12:15:00,10.41,10.42,10.38,10.38,55690
2025-11-05,12:30:00,10.38,10.4,10.34,10.39,46428
2025-11-05,12:45:00,10.38,10.39,10.37,10.38,10770
2025-11-05,13:00:00,10.38,10.38,10.34,10.37,54158
2025-11-05,13:15:00,10.38,10.38,10.35,10.35,28575
2025-11-05,13:30:00,10.35,10.38,10.34,10.34,81202
2025-11-05,13:45:00,10.34,10.37,10.34,10.35,79186
2025-11-05,14:00:00,10.35,10.36,10.32,10.33,40535
2025-11-05,14:15:00,10.33,10.33,10.3,10.32,31013
2025-11-05,14:30:00,10.32,10.33,10.3,10.32,167472
2025-11-05,14:45:00,10.32,10.32,10.28,10.32,101115
2025-11-05,15:00:00,10.32,10.32,10.32,10.32,9020
2025-11-05,15:15:00,10.32,10.32,10.32,10.32,2164
2025-11-06,10:00:00,10.32,10.36,10.3,10.3,116076
2025-11-06,10:15:00,10.3,10.37,10.28,10.35,122148
2025-11-06,10:30:00,10.34,10.36,10.32,10.34,71601
2025-11-06,10:45:00,10.34,10.35,10.3,10.31,67512
2025-11-06,11:00:00,10.32,10.33,10.3,10.33,28364
2025-11-06,11:15:00,10.33,10.33,10.3,10.3,39939
2025-11-06,11:30:00,10.3,10.31,10.28,10.29,70217
2025-11-06,11:45:00,10.3,10.31,10.25,10.26,138378
2025-11-06,12:00:00,10.25,10.3,10.25,10.28,97780
2025-11-06,12:15:00,10.29,10.3,10.27,10.29,56064
2025-11-06,12:30:00,10.29,10.3,10.25,10.25,112229
2025-11-06,12:45:00,10.25,10.26,10.24,10.25,28217
2025-11-06,13:00:00,10.24,10.25,10.22,10.24,33109
2025-11-06,13:15:00,10.25,10.26,10.16,10.17,183785
2025-11-06,13:30:00,10.17,10.22,10.17,10.21,114857
2025-11-06,13:45:00,10.22,10.22,10.18,10.18,53719
2025-11-06,14:00:00,10.19,10.22,10.17,10.18,97719
2025-11-06,14:15:00,10.18,10.23,10.15,10.22,88126
2025-11-06,14:30:00,10.22,10.26,10.21,10.23,83703
2025-11-06,14:45:00,10.23,10.25,10.21,10.22,107267
2025-11-06,15:00:00,10.22,10.22,10.22,10.22,17840
2025-11-06,15:15:00,10.22,10.22,10.22,10.22,2001
2025-11-09,10:00:00,10.23,10.24,10.11,10.12,184552
2025-11-09,10:15:00,10.12,10.14,10.08,10.1,193938
2025-11-09,10:30:00,10.1,10.17,10.1,10.13,78353
2025-11-09,10:45:00,10.13,10.15,10.08,10.09,114514
2025-11-09,11:00:00,10.09,10.12,10.08,10.1,80827
2025-11-09,11:15:00,10.1,10.13,10.06,10.06,111833
2025-11-09,11:30:00,10.07,10.09,10.03,10.09,82885
2025-11-09,11:45:00,10.09,10.09,10.02,10.02,82630
2025-11-09,12:00:00,10.03,10.04,10.0,10.0,116304
2025-11-09,12:15:00,10.0,10.06,9.99,10.03,136615
2025-11-09,12:30:00,10.03,10.03,10.01,10.02,72994
2025-11-09,12:45:00,10.03,10.06,10.02,10.06,173564
2025-11-09,13:00:00,10.06,10.06,10.04,10.05,75890
2025-11-09,13:15:00,10.04,10.11,10.04,10.1,136860
2025-11-09,13:30:00,10.1,10.11,10.08,10.1,31130
2025-11-09,13:45:00,10.11,10.11,10.08,10.09,23913
2025-11-09,14:00:00,10.09,10.1,10.07,10.1,56522
2025-11-09,14:15:00,10.09,10.1,10.08,10.08,30287
2025-11-09,14:30:00,10.07,10.09,10.07,10.08,33822
2025-11-09,14:45:00,10.08,10.1,10.07,10.07,76977
2025-11-09,15:00:00,10.07,10.07,10.07,10.07,29425
2025-11-09,15:15:00,10.07,10.07,10.07,10.07,2541
2025-11-10,10:00:00,10.1,10.12,10.03,10.1,91941
2025-11-10,10:15:00,10.1,10.11,10.08,10.09,90481
2025-11-10,10:30:00,10.08,10.09,10.0,10.05,275082
2025-11-10,10:45:00,10.04,10.07,10.02,10.04,71663
2025-11-10,11:00:00,10.04,10.08,10.04,10.06,49768
2025-11-10,11:15:00,10.06,10.07,10.03,10.06,64864
2025-11-10,11:30:00,10.05,10.08,10.05,10.08,39113
2025-11-10,11:45:00,10.08,10.11,10.06,10.08,128487
2025-11-10,12:00:00,10.08,10.08,10.04,10.07,72448
2025-11-10,12:15:00,10.06,10.07,10.05,10.05,50355
2025-11-10,12:30:00,10.05,10.06,10.04,10.04,20529
2025-11-10,12:45:00,10.05,10.07,10.04,10.06,16861
2025-11-10,13:00:00,10.07,10.1,10.06,10.08,31941
2025-11-10,13:15:00,10.08,10.09,10.0,10.04,339448
2025-11-10,13:30:00,10.04,10.06,10.0,10.02,212006
2025-11-10,13:45:00,10.03,10.05,10.03,10.04,61127
2025-11-10,14:00:00,10.04,10.04,10.01,10.02,48598
2025-11-10,14:15:00,10.02,10.04,10.02,10.03,30922
2025-11-10,14:30:00,10.04,10.05,10.03,10.04,23561
2025-11-10,14:45:00,10.04,10.06,10.03,10.04,107053
2025-11-10,15:00:00,10.06,10.06,10.06,10.06,22377
2025-11-10,15:15:00,10.06,10.06,10.06,10.06,12119
2025-11-11,10:00:00,10.08,10.08,10.01,10.03,127834
2025-11-11,10:15:00,10.04,10.05,10.03,10.04,56263
2025-11-11,10:30:00,10.04,10.05,10.02,10.03,82421
2025-11-11,10:45:00,10.03,10.04,10.02,10.02,44535
2025-11-11,11:00:00,10.01,10.04,10.01,10.01,116421
2025-11-11,11:15:00,10.01,10.03,10.0,10.02,71030
2025-11-11,11:30:00,10.02,10.02,10.0,10.01,52444
2025-11-11,11:45:00,10.01,10.02,10.0,10.01,56792
2025-11-11,12:00:00,10.01,10.02,10.0,10.01,70360
2025-11-11,12:15:00,10.0,10.03,10.0,10.02,65575
2025-11-11,12:30:00,10.02,10.03,10.0,10.0,74068
2025-11-11,12:45:00,10.0,10.02,9.98,10.01,67418
2025-11-11,13:00:00,10.02,10.04,10.01,10.02,59345
2025-11-11,13:15:00,10.03,10.2,10.03,10.11,664209
2025-11-11,13:30:00,10.14,10.17,10.11,10.14,85812
2025-11-11,13:45:00,10.14,10.15,10.09,10.14,110933
2025-11-11,14:00:00,10.14,10.17,10.12,10.15,89677
2025-11-11,14:15:00,10.14,10.14,10.09,10.12,62411
2025-11-11,14:30:00,10.12,10.2,10.1,10.16,186078
2025-11-11,14:45:00,10.17,10.17,10.11,10.12,88896
2025-11-11,15:00:00,10.12,10.12,10.12,10.12,10595
2025-11-11,15:15:00,10.12,10.12,10.12,10.12,2918
2025-11-12,10:00:00,10.14,10.21,10.12,10.16,200204
2025-11-12,10:15:00,10.18,10.19,10.15,10.16,114622
2025-11-12,10:30:00,10.15,10.2,10.15,10.18,92328
2025-11-12,10:45:00,10.18,10.19,10.16,10.18,68710
2025-11-12,11:00:00,10.19,10.19,10.17,10.18,76238
2025-11-12,11:15:00,10.18,10.19,10.15,10.16,149628
2025-11-12,11:30:00,10.16,10.16,10.14,10.15,67848
2025-11-12,11:45:00,10.15,10.18,10.14,10.18,60383
2025-11-12,12:00:00,10.18,10.19,10.16,10.17,64649
2025-11-12,12:15:00,10.18,10.21,10.17,10.18,162990
2025-11-12,12:30:00,10.18,10.2,10.18,10.19,34154
2025-11-12,12:45:00,10.2,10.2,10.18,10.19,52321
2025-11-12,13:00:00,10.19,10.2,10.16,10.18,58466
2025-11-12,13:15:00,10.18,10.18,10.12,10.13,103356
2025-11-12,13:30:00,10.14,10.16,10.13,10.15,38357
2025-11-12,13:45:00,10.14,10.15,10.12,10.13,117157
2025-11-12,14:00:00,10.14,10.14,10.12,10.13,14183
2025-11-12,14:15:00,10.13,10.14,10.12,10.13,28034
2025-11-12,14:30:00,10.13,10.15,10.12,10.13,89713
2025-11-12,14:45:00,10.14,10.14,10.11,10.12,55202
2025-11-12,15:00:00,10.11,10.11,10.11,10.11,24343
2025-11-12,15:15:00,10.11,10.11,10.11,10.11,29818
2025-11-13,10:00:00,10.1,10.14,10.09,10.11,77022
2025-11-13,10:15:00,10.11,10.15,10.09,10.11,86403
2025-11-13,10:30:00,10.11,10.12,10.08,10.11,60987
2025-11-13,10:45:00,10.1,10.11,10.06,10.07,74462
2025-11-13,11:00:00,10.07,10.09,10.04,10.07,140974
2025-11-13,11:15:00,10.08,10.09,10.05,10.08,53763
2025-11-13,11:30:00,10.08,10.1,10.07,10.09,43772
2025-11-13,11:45:00,10.1,10.1,10.07,10.09,38525
2025-11-13,12:00:00,10.09,10.11,10.08,10.08,20312
2025-11-13,12:15:00,10.09,10.1,10.08,10.09,33117
2025-11-13,12:30:00,10.09,10.09,10.06,10.08,65218
2025-11-13,12:45:00,10.08,10.09,10.06,10.08,55993
2025-11-13,13:00:00,10.07,10.08,10.06,10.06,94058
2025-11-13,13:15:00,10.06,10.07,10.06,10.07,29043
2025-11-13,13:30:00,10.07,10.08,10.06,10.07,33228
2025-11-13,13:45:00,10.07,10.07,10.04,10.05,59250
2025-11-13,14:00:00,10.05,10.06,10.02,10.04,60667
2025-11-13,14:15:00,10.05,10.08,10.04,10.05,44292
2025-11-13,14:30:00,10.05,10.07,10.04,10.05,33610
2025-11-13,14:45:00,10.06,10.07,10.05,10.06,41828
2025-11-13,15:00:00,10.06,10.06,10.06,10.06,30857
2025-11-13,15:15:00,10.06,10.06,10.06,10.06,1138
2025-11-16,10:00:00,10.05,10.19,10.05,10.15,376872
2025-11-16,10:15:00,10.13,10.16,10.08,10.1,115317
2025-11-16,10:30:00,10.1,10.15,10.09,10.12,129864
2025-11-16,10:45:00,10.14,10.19,10.12,10.15,212021
2025-11-16,11:00:00,10.15,10.15,10.13,10.14,48562
2025-11-16,11:15:00,10.14,10.14,10.11,10.12,35851
2025-11-16,11:30:00,10.12,10.15,10.1,10.1,58212
2025-11-16,11:45:00,10.1,10.14,10.1,10.1,17917
2025-11-16,12:00:00,10.11,10.15,10.11,10.14,26560
2025-11-16,12:15:00,10.14,10.14,10.1,10.11,90447
2025-11-16,12:30:00,10.11,10.12,10.09,10.11,65952
2025-11-16,12:45:00,10.12,10.13,10.09,10.09,53015
2025-11-16,13:00:00,10.1,10.11,10.08,10.08,36731
2025-11-16,13:15:00,10.08,10.12,10.08,10.09,17652
2025-11-16,13:30:00,10.08,10.11,10.08,10.09,109781
2025-11-16,13:45:00,10.09,10.11,10.08,10.08,14971
2025-11-16,14:00:00,10.08,10.1,10.07,10.08,128295
2025-11-16,14:15:00,10.08,10.1,10.05,10.09,137707
2025-11-16,14:30:00,10.09,10.1,10.06,10.07,79465
2025-11-16,14:45:00,10.06,10.1,10.05,10.07,137402
2025-11-16,15:00:00,10.06,10.06,10.06,10.06,10585
2025-11-16,15:15:00,10.06,10.06,10.06,10.06,4403
2025-11-17,10:00:00,10.04,10.13,10.02,10.1,167508
2025-11-17,10:15:00,10.1,10.11,10.07,10.08,93842
2025-11-17,10:30:00,10.08,10.08,10.05,10.05,50712
2025-11-17,10:45:00,10.05,10.06,10.02,10.04,73792
2025-11-17,11:00:00,10.04,10.04,10.02,10.02,47829
2025-11-17,11:15:00,10.02,10.05,10.0,10.05,76634
2025-11-17,11:30:00,10.05,10.06,10.02,10.05,21094
2025-11-17,11:45:00,10.05,10.06,10.03,10.03,154024
2025-11-17,12:00:00,10.04,10.05,10.0,10.02,144256
2025-11-17,12:15:00,10.04,10.04,10.02,10.03,8166
2025-11-17,12:30:00,10.03,10.03,10.01,10.02,26256
2025-11-17,12:45:00,10.02,10.03,10.01,10.02,37461
2025-11-17,13:00:00,10.03,10.03,9.98,10.0,144066
2025-11-17,13:15:00,9.99,10.0,9.95,9.98,137999
2025-11-17,13:30:00,9.98,10.0,9.96,9.98,101365
2025-11-17,13:45:00,9.97,9.98,9.92,9.92,111425
2025-11-17,14:00:00,9.93,9.93,9.9,9.93,113900
2025-11-17,14:15:00,9.93,9.94,9.91,9.93,50084
2025-11-17,14:30:00,9.94,9.95,9.92,9.95,65412
2025-11-17,14:45:00,9.94,9.97,9.9,9.96,172361
2025-11-17,15:00:00,9.96,9.96,9.96,9.96,34711
2025-11-17,15:15:00,9.96,9.96,9.96,9.96,442
2025-11-18,10:00:00,9.89,9.93,9.74,9.74,323021
2025-11-18,10:15:00,9.75,9.81,9.73,9.78,163116
2025-11-18,10:30:00,9.78,9.84,9.77,9.8,126592
2025-11-18,10:45:00,9.79,9.8,9.77,9.77,49655
2025-11-18,11:00:00,9.78,9.85,9.78,9.85,194735
2025-11-18,11:15:00,9.84,9.89,9.84,9.86,100278
2025-11-18,11:30:00,9.86,9.87,9.84,9.86,34403
2025-11-18,11:45:00,9.86,9.87,9.83,9.83,46381
2025-11-18,12:00:00,9.85,9.87,9.82,9.86,18175
2025-11-18,12:15:00,9.87,9.9,9.85,9.9,80808
2025-11-18,12:30:00,9.9,9.91,9.86,9.87,73413
2025-11-18,12:45:00,9.87,9.89,9.85,9.87,93147
2025-11-18,13:00:00,9.87,9.87,9.83,9.84,77969
2025-11-18,13:15:00,9.84,9.86,9.83,9.83,22481
2025-11-18,13:30:00,9.84,9.85,9.82,9.83,62920
2025-11-18,13:45:00,9.84,9.84,9.82,9.84,60839
2025-11-18,14:00:00,9.85,9.86,9.8,9.83,66052
2025-11-18,14:15:00,9.81,9.84,9.81,9.84,75675
2025-11-18,14:30:00,9.84,9.85,9.82,9.82,53481
2025-11-18,14:45:00,9.82,9.84,9.81,9.82,121403
2025-11-18,15:00:00,9.8,9.8,9.8,9.8,23073
2025-11-18,15:15:00,9.8,9.8,9.8,9.8,1902
2025-11-19,10:00:00,9.81,9.9,9.81,9.84,185511
2025-11-19,10:15:00,9.83,9.86,9.81,9.84,61135
2025-11-19,10:30:00,9.84,9.85,9.82,9.84,69088
2025-11-19,10:45:00,9.84,9.85,9.82,9.82,46449
2025-11-19,11:00:00,9.81,9.83,9.79,9.8,30777
2025-11-19,11:15:00,9.8,9.81,9.79,9.81,53171
2025-11-19,11:30:00,9.8,9.82,9.78,9.79,36104
2025-11-19,11:45:00,9.79,9.79,9.77,9.78,46770
2025-11-19,12:00:00,9.78,9.79,9.76,9.77,42330
2025-11-19,12:15:00,9.77,9.79,9.73,9.74,81538
2025-11-19,12:30:00,9.74,9.77,9.72,9.77,28365
2025-11-19,12:45:00,9.77,9.79,9.74,9.74,29228
2025-11-19,13:00:00,9.74,9.78,9.73,9.75,26029
2025-11-19,13:15:00,9.75,9.78,9.74,9.76,12091
2025-11-19,13:30:00,9.76,9.78,9.74,9.74,44590
2025-11-19,13:45:00,9.77,9.78,9.73,9.75,16769
2025-11-19,14:00:00,9.75,9.76,9.7,9.72,109200
2025-11-19,14:15:00,9.72,9.73,9.69,9.72,101814
2025-11-19,14:30:00,9.71,9.74,9.7,9.72,69465
2025-11-19,14:45:00,9.71,9.72,9.69,9.71,77783
2025-11-19,15:00:00,9.69,9.69,9.69,9.69,30126
2025-11-19,15:15:00,9.69,9.69,9.69,9.69,4557
2025-11-20,10:00:00,9.71,9.74,9.67,9.69,72049
2025-11-20,10:15:00,9.7,9.72,9.69,9.7,45844
2025-11-20,10:30:00,9.7,9.71,9.68,9.7,21896
2025-11-20,10:45:00,9.7,9.7,9.69,9.7,20876
2025-11-20,11:00:00,9.7,9.74,9.7,9.71,39300
2025-11-20,11:15:00,9.71,9.72,9.7,9.72,48883
2025-11-20,11:30:00,9.72,9.74,9.69,9.69,28311
2025-11-20,11:45:00,9.69,9.71,9.68,9.69,63258
2025-11-20,12:00:00,9.69,9.71,9.69,9.69,21743
2025-11-20,12:15:00,9.69,9.7,9.68,9.69,23158
2025-11-20,12:30:00,9.69,9.69,9.67,9.69,19340
2025-11-20,12:45:00,9.68,9.69,9.68,9.68,21475
2025-11-20,13:00:00,9.69,9.69,9.67,9.69,21386
2025-11-20,13:15:00,9.7,9.71,9.68,9.7,43260
2025-11-20,13:30:00,9.7,9.72,9.7,9.71,35635
2025-11-20,13:45:00,9.71,9.72,9.69,9.69,38625
2025-11-20,14:00:00,9.7,9.71,9.69,9.7,34514
2025-11-20,14:15:00,9.7,9.71,9.69,9.7,28900
2025-11-20,14:30:00,9.69,9.7,9.69,9.7,23236
2025-11-20,14:45:00,9.7,9.7,9.68,9.69,46023
2025-11-20,15:00:00,9.68,9.68,9.68,9.68,11621
2025-11-20,15:15:00,9.68,9.68,9.68,9.68,20876
2025-11-23,10:00:00,9.69,9.73,9.66,9.73,87308
2025-11-23,10:15:00,9.73,9.74,9.7,9.7,53551
2025-11-23,10:30:00,9.7,9.73,9.7,9.7,27138
2025-11-23,10:45:00,9.7,9.72,9.7,9.72,65481
2025-11-23,11:00:00,9.72,9.73,9.7,9.7,26892
2025-11-23,11:15:00,9.7,9.71,9.68,9.68,31690
2025-11-23,11:30:00,9.69,9.7,9.68,9.69,12912
2025-11-23,11:45:00,9.69,9.7,9.68,9.69,21431
2025-11-23,12:00:00,9.7,9.7,9.68,9.68,17277
2025-11-23,12:15:00,9.68,9.68,9.66,9.67,17522
2025-11-23,12:30:00,9.67,9.68,9.66,9.67,31315
2025-11-23,12:45:00,9.67,9.68,9.65,9.66,24803
2025-11-23,13:00:00,9.65,9.66,9.63,9.63,17037
2025-11-23,13:15:00,9.62,9.65,9.62,9.65,11984
2025-11-23,13:30:00,9.65,9.65,9.64,9.65,31046
2025-11-23,13:45:00,9.66,9.66,9.64,9.64,22143
2025-11-23,14:00:00,9.64,9.65,9.62,9.62,45021
2025-11-23,14:15:00,9.63,9.63,9.61,9.62,58167
2025-11-23,14:30:00,9.62,9.64,9.61,9.61,23104
2025-11-23,14:45:00,9.62,9.65,9.61,9.62,90053
2025-11-23,15:00:00,9.62,9.62,9.62,9.62,12986
2025-11-23,15:15:00,9.62,9.62,9.62,9.62,2402
2025-11-24,10:00:00,9.62,9.64,9.56,9.6,61715
2025-11-24,10:15:00,9.58,9.6,9.54,9.54,35630
2025-11-24,10:30:00,9.54,9.54,9.48,9.5,127335
2025-11-24,10:45:00,9.52,9.53,9.49,9.51,36384
2025-11-24,11:00:00,9.51,9.55,9.5,9.53,65660
2025-11-24,11:15:00,9.53,9.54,9.5,9.53,61981
2025-11-24,11:30:00,9.53,9.53,9.5,9.52,42650
2025-11-24,11:45:00,9.51,9.52,9.48,9.5,71639
2025-11-24,12:00:00,9.5,9.51,9.5,9.5,14456
2025-11-24,12:15:00,9.5,9.52,9.49,9.52,17690
2025-11-24,12:30:00,9.51,9.52,9.5,9.52,17458
2025-11-24,12:45:00,9.52,9.53,9.46,9.48,54320
2025-11-24,13:00:00,9.48,9.5,9.46,9.5,38381
2025-11-24,13:15:00,9.49,9.51,9.49,9.51,17541
2025-11-24,13:30:00,9.51,9.52,9.5,9.51,17652
2025-11-24,13:45:00,9.51,9.51,9.47,9.49,56503
2025-11-24,14:00:00,9.49,9.49,9.45,9.47,34603
2025-11-24,14:15:00,9.46,9.48,9.45,9.47,53346
2025-11-24,14:30:00,9.48,9.49,9.46,9.46,34749
2025-11-24,14:45:00,9.46,9.47,9.45,9.45,84575
2025-11-24,15:00:00,9.44,9.44,9.44,9.44,12310
2025-11-24,15:15:00,9.44,9.44,9.44,9.44,365
2025-11-25,10:00:00,9.46,9.54,9.44,9.45,78227
2025-11-25,10:15:00,9.44,9.45,9.37,9.38,125744
2025-11-25,10:30:00,9.38,9.39,9.36,9.37,104251
2025-11-25,10:45:00,9.37,9.4,9.36,9.38,38068
2025-11-25,11:00:00,9.38,9.41,9.37,9.4,58836
2025-11-25,11:15:00,9.41,9.41,9.34,9.34,60240
2025-11-25,11:30:00,9.35,9.36,9.31,9.32,106512
2025-11-25,11:45:00,9.32,9.32,9.2,9.22,157594
2025-11-25,12:00:00,9.23,9.29,9.2,9.26,109395
2025-11-25,12:15:00,9.27,9.27,9.22,9.23,46057
2025-11-25,12:30:00,9.23,9.23,9.17,9.18,92870
2025-11-25,12:45:00,9.19,9.21,9.15,9.18,86405
2025-11-25,13:00:00,9.17,9.19,9.14,9.17,375792
2025-11-25,13:15:00,9.17,9.19,9.17,9.17,33085
2025-11-25,13:30:00,9.17,9.18,9.1,9.12,212812
2025-11-25,13:45:00,9.13,9.14,9.07,9.11,155162
2025-11-25,14:00:00,9.1,9.1,9.04,9.05,92108
2025-11-25,14:15:00,9.04,9.07,9.03,9.05,60306
2025-11-25,14:30:00,9.05,9.06,9.0,9.03,183416
2025-11-25,14:45:00,9.04,9.05,9.0,9.02,123155
2025-11-25,15:00:00,9.0,9.0,9.0,9.0,54693
2025-11-25,15:15:00,9.0,9.0,9.0,9.0,4406
2025-11-26,10:00:00,9.0,9.06,8.94,8.95,134057
2025-11-26,10:15:00,8.95,9.04,8.95,8.99,145520
2025-11-26,10:30:00,9.0,9.0,8.96,8.97,22740
2025-11-26,10:45:00,8.97,8.99,8.91,8.92,44379
2025-11-26,11:00:00,8.91,8.94,8.9,8.92,117941
2025-11-26,11:15:00,8.92,8.92,8.87,8.88,53614
2025-11-26,11:30:00,8.87,8.92,8.83,8.92,265712
2025-11-26,11:45:00,8.92,8.92,8.88,8.9,67848
2025-11-26,12:00:00,8.88,8.9,8.82,8.84,69724
2025-11-26,12:15:00,8.83,8.84,8.81,8.82,68642
2025-11-26,12:30:00,8.81,8.86,8.81,8.85,37446
2025-11-26,12:45:00,8.85,8.89,8.84,8.84,41407
2025-11-26,13:00:00,8.84,8.86,8.82,8.85,26034
2025-11-26,13:15:00,8.85,8.9,8.84,8.9,44655
2025-11-26,13:30:00,8.9,8.93,8.89,8.9,101076
2025-11-26,13:45:00,8.9,8.92,8.89,8.9,20040
2025-11-26,14:00:00,8.89,8.94,8.89,8.9,51158
2025-11-26,14:15:00,8.92,8.94,8.9,8.92,53992
2025-11-26,14:30:00,8.93,8.94,8.88,8.89,53744
2025-11-26,14:45:00,8.89,8.9,8.85,8.87,59143
2025-11-26,15:00:00,8.84,8.84,8.84,8.84,62942
2025-11-26,15:15:00,8.84,8.84,8.84,8.84,7450
2025-11-27,10:00:00,8.89,8.92,8.79,8.79,195089
2025-11-27,10:15:00,8.79,8.85,8.79,8.82,87037
2025-11-27,10:30:00,8.81,8.86,8.79,8.85,51927
2025-11-27,10:45:00,8.86,8.87,8.83,8.87,65471
2025-11-27,11:00:00,8.87,8.88,8.8,8.81,104137
2025-11-27,11:15:00,8.81,8.82,8.78,8.8,54368
2025-11-27,11:30:00,8.8,8.8,8.74,8.78,75019
2025-11-27,11:45:00,8.77,8.79,8.73,8.76,75264
2025-11-27,12:00:00,8.76,8.77,8.73,8.75,52989
2025-11-27,12:15:00,8.75,8.8,8.74,8.79,116026
2025-11-27,12:30:00,8.79,8.8,8.77,8.78,45104
2025-11-27,12:45:00,8.78,8.79,8.75,8.78,38604
2025-11-27,13:00:00,8.78,8.84,8.77,8.81,66447
2025-11-27,13:15:00,8.83,8.9,8.82,8.9,104659
2025-11-27,13:30:00,8.89,8.9,8.83,8.84,37421
2025-11-27,13:45:00,8.84,8.89,8.81,8.84,107687
2025-11-27,14:00:00,8.82,8.84,8.79,8.84,62455
2025-11-27,14:15:00,8.84,8.84,8.79,8.8,26449
2025-11-27,14:30:00,8.79,8.8,8.76,8.77,49617
2025-11-27,14:45:00,8.77,8.79,8.73,8.77,151422
2025-11-27,15:00:00,8.76,8.76,8.76,8.76,81199
2025-11-27,15:15:00,8.76,8.76,8.76,8.76,3407
2025-11-30,10:00:00,8.76,8.81,8.65,8.67,176681
2025-11-30,10:15:00,8.68,8.73,8.64,8.65,132524
2025-11-30,10:30:00,8.64,8.66,8.55,8.63,359013
2025-11-30,10:45:00,8.63,9.06,8.61,9.0,589338
2025-11-30,11:00:00,9.0,9.1,8.93,8.93,765111
2025-11-30,11:15:00,8.93,8.96,8.86,8.88,240609
2025-11-30,11:30:00,8.89,9.0,8.87,8.95,157797
2025-11-30,11:45:00,8.95,8.97,8.85,8.9,131022
2025-11-30,12:00:00,8.9,8.92,8.86,8.86,66681
2025-11-30,12:15:00,8.86,8.94,8.85,8.93,80515
2025-11-30,12:30:00,8.93,9.05,8.93,8.99,252831
2025-11-30,12:45:00,8.99,8.99,8.9,8.92,53936
2025-11-30,13:00:00,8.93,8.93,8.86,8.89,53096
2025-11-30,13:15:00,8.89,8.95,8.88,8.95,79015
2025-11-30,13:30:00,8.94,8.95,8.89,8.91,50066
2025-11-30,13:45:00,8.92,8.93,8.9,8.9,19016
2025-11-30,14:00:00,8.91,8.97,8.9,8.92,96984
2025-11-30,14:15:00,8.92,8.92,8.8,8.8,135443
2025-11-30,14:30:00,8.8,8.81,8.69,8.74,168270
2025-11-30,14:45:00,8.74,8.78,8.66,8.75,225920
2025-11-30,15:00:00,8.71,8.71,8.71,8.71,35770
2025-11-30,15:15:00,8.71,8.71,8.71,8.71,700
2025-12-01,10:00:00,8.73,8.8,8.66,8.68,280375
2025-12-01,10:15:00,8.68,8.79,8.66,8.7,157162
2025-12-01,10:30:00,8.7,8.75,8.68,8.7,80865
2025-12-01,10:45:00,8.69,8.71,8.66,8.68,76859
2025-12-01,11:00:00,8.67,8.71,8.65,8.7,51089
2025-12-01,11:15:00,8.71,8.71,8.66,8.67,108908
2025-12-01,11:30:00,8.67,8.69,8.61,8.65,96402
2025-12-01,11:45:00,8.65,8.66,8.61,8.66,41804
2025-12-01,12:00:00,8.66,8.69,8.63,8.69,35731
2025-12-01,12:15:00,8.69,8.74,8.61,8.7,102276
2025-12-01,12:30:00,8.69,8.7,8.67,8.68,31038
2025-12-01,12:45:00,8.7,8.71,8.66,8.66,34586
2025-12-01,13:00:00,8.67,8.71,8.66,8.69,25616
2025-12-01,13:15:00,8.69,8.72,8.67,8.71,46241
2025-12-01,13:30:00,8.71,8.73,8.7,8.72,30809
2025-12-01,13:45:00,8.72,8.77,8.71,8.71,88382
2025-12-01,14:00:00,8.72,8.77,8.68,8.7,88483
2025-12-01,14:15:00,8.7,8.7,8.66,8.67,28011
2025-12-01,14:30:00,8.66,8.68,8.59,8.65,249678
2025-12-01,14:45:00,8.65,8.65,8.55,8.59,273866
2025-12-01,15:00:00,8.6,8.6,8.6,8.6,29838
2025-12-01,15:15:00,8.6,8.6,8.6,8.6,28489
2025-12-02,10:00:00,8.6,8.65,8.55,8.58,254065
2025-12-02,10:15:00,8.59,8.62,8.45,8.51,591787
2025-12-02,10:30:00,8.51,8.53,8.46,8.49,322126
2025-12-02,10:45:00,8.49,8.55,8.45,8.53,140942
2025-12-02,11:00:00,8.54,8.57,8.48,8.5,196314
2025-12-02,11:15:00,8.5,8.54,8.48,8.51,95972
2025-12-02,11:30:00,8.5,8.51,8.48,8.49,34177
2025-12-02,11:45:00,8.49,8.5,8.48,8.48,64832
2025-12-02,12:00:00,8.49,8.51,8.47,8.51,51133
2025-12-02,12:15:00,8.51,8.51,8.47,8.49,30913
2025-12-02,12:30:00,8.49,8.49,8.46,8.47,61767
2025-12-02,12:45:00,8.46,8.49,8.46,8.48,18109
2025-12-02,13:00:00,8.47,8.48,8.45,8.47,71056
2025-12-02,13:15:00,8.47,8.47,8.45,8.46,18883
2025-12-02,13:30:00,8.46,8.48,8.44,8.47,46038
2025-12-02,13:45:00,8.47,8.48,8.45,8.46,38257
2025-12-02,14:00:00,8.46,8.47,8.45,8.47,57195
2025-12-02,14:15:00,8.47,8.5,8.43,8.45,61179
2025-12-02,14:30:00,8.45,8.46,8.42,8.43,67341
2025-12-02,14:45:00,8.43,8.45,8.43,8.45,52874
2025-12-02,15:00:00,8.45,8.45,8.45,8.45,22731
2025-12-02,15:15:00,8.45,8.45,8.45,8.45,1083
2025-12-03,10:00:00,8.47,8.5,8.45,8.47,140334
2025-12-03,10:15:00,8.48,8.52,8.47,8.5,108707
2025-12-03,10:30:00,8.5,8.5,8.46,8.48,19964
2025-12-03,10:45:00,8.48,8.48,8.44,8.46,37648
2025-12-03,11:00:00,8.48,8.5,8.46,8.5,18929
2025-12-03,11:15:00,8.5,8.58,8.5,8.58,117365
2025-12-03,11:30:00,8.57,8.59,8.56,8.56,123034
2025-12-03,11:45:00,8.58,8.62,8.57,8.59,135455
2025-12-03,12:00:00,8.6,8.62,8.56,8.59,47277
2025-12-03,12:15:00,8.59,8.59,8.52,8.57,51668
2025-12-03,12:30:00,8.54,8.58,8.53,8.55,32020
2025-12-03,12:45:00,8.54,8.55,8.51,8.52,27476
2025-12-03,13:00:00,8.52,8.54,8.51,8.54,18232
2025-12-03,13:15:00,8.54,8.56,8.52,8.54,35571
2025-12-03,13:30:00,8.54,8.55,8.51,8.53,13485
2025-12-03,13:45:00,8.52,8.54,8.51,8.52,15520
2025-12-03,14:00:00,8.51,8.54,8.5,8.53,33279
2025-12-03,14:15:00,8.53,8.54,8.5,8.54,61145
2025-12-03,14:30:00,8.54,8.54,8.49,8.49,70327
2025-12-03,14:45:00,8.5,8.52,8.48,8.5,49776
2025-12-03,15:00:00,8.5,8.5,8.5,8.5,4212
2025-12-03,15:15:00,8.5,8.5,8.5,8.5,510
2025-12-04,10:00:00,8.6,8.61,8.55,8.57,134045
2025-12-04,10:15:00,8.57,8.61,8.57,8.58,58026
2025-12-04,10:30:00,8.58,8.69,8.58,8.67,142828
2025-12-04,10:45:00,8.67,8.69,8.65,8.65,97570
2025-12-04,11:00:00,8.65,8.66,8.61,8.65,62946
2025-12-04,11:15:00,8.66,8.68,8.64,8.68,40845
2025-12-04,11:30:00,8.68,8.68,8.65,8.67,37400
2025-12-04,11:45:00,8.68,8.74,8.67,8.73,179906
2025-12-04,12:00:00,8.72,8.73,8.68,8.73,53925
2025-12-04,12:15:00,8.73,8.77,8.72,8.73,99297
2025-12-04,12:30:00,8.73,8.75,8.72,8.73,52164
2025-12-04,12:45:00,8.73,8.74,8.71,8.71,15826
2025-12-04,13:00:00,8.72,8.72,8.68,8.7,118649
2025-12-04,13:15:00,8.7,8.71,8.68,8.68,67360
2025-12-04,13:30:00,8.68,8.7,8.67,8.7,14755
2025-12-04,13:45:00,8.7,8.71,8.68,8.69,30819
2025-12-04,14:00:00,8.7,8.72,8.69,8.71,37460
2025-12-04,14:15:00,8.71,8.73,8.64,8.65,113511
2025-12-04,14:30:00,8.66,8.68,8.63,8.65,64656
2025-12-04,14:45:00,8.65,8.65,8.6,8.65,140663
2025-12-04,15:00:00,8.62,8.62,8.62,8.62,13662
2025-12-04,15:15:00,8.62,8.62,8.62,8.62,2176
2025-12-07,10:00:00,8.62,8.69,8.58,8.64,131476
2025-12-07,10:15:00,8.64,8.67,8.57,8.65,54108
2025-12-07,10:30:00,8.66,8.72,8.65,8.67,89920
2025-12-07,10:45:00,8.68,8.75,8.67,8.73,144264
2025-12-07,11:00:00,8.72,8.72,8.62,8.62,91616
2025-12-07,11:15:00,8.63,8.67,8.61,8.66,76054
2025-12-07,11:30:00,8.66,8.7,8.66,8.69,27854
2025-12-07,11:45:00,8.68,8.68,8.65,8.65,31494
2025-12-07,12:00:00,8.65,8.67,8.63,8.67,29318
2025-12-07,12:15:00,8.67,8.67,8.61,8.62,49727
2025-12-07,12:30:00,8.62,8.63,8.59,8.62,41725
2025-12-07,12:45:00,8.63,8.65,8.62,8.62,51374
2025-12-07,13:00:00,8.63,8.67,8.61,8.61,49350
2025-12-07,13:15:00,8.62,8.63,8.55,8.56,78391
2025-12-07,13:30:00,8.57,8.58,8.55,8.56,28833
2025-12-07,13:45:00,8.58,8.58,8.5,8.55,130909
2025-12-07,14:00:00,8.55,8.55,8.5,8.54,59212
2025-12-07,14:15:00,8.55,8.57,8.53,8.56,27389
2025-12-07,14:30:00,8.57,8.57,8.55,8.57,8513
2025-12-07,14:45:00,8.56,8.6,8.55,8.57,48578
2025-12-07,15:00:00,8.59,8.59,8.59,8.59,22847
2025-12-07,15:15:00,8.59,8.59,8.59,8.59,20180
2025-12-08,10:00:00,8.64,8.64,8.49,8.51,200664
2025-12-08,10:15:00,8.51,8.55,8.51,8.52,85558
2025-12-08,10:30:00,8.52,8.54,8.51,8.53,30917
2025-12-08,10:45:00,8.54,8.54,8.47,8.48,165940
2025-12-08,11:00:00,8.48,8.53,8.48,8.53,80011
2025-12-08,11:15:00,8.53,8.57,8.52,8.55,56979
2025-12-08,11:30:00,8.56,8.61,8.55,8.55,86023
2025-12-08,11:45:00,8.55,8.57,8.54,8.54,63893
2025-12-08,12:00:00,8.56,8.57,8.53,8.54,20564
2025-12-08,12:15:00,8.53,8.54,8.52,8.53,13761
2025-12-08,12:30:00,8.53,8.54,8.53,8.54,20576
2025-12-08,12:45:00,8.54,8.54,8.53,8.53,25414
2025-12-08,13:00:00,8.53,8.53,8.52,8.52,19663
2025-12-08,13:15:00,8.52,8.53,8.51,8.51,43953
2025-12-08,13:30:00,8.51,8.52,8.46,8.47,150975
2025-12-08,13:45:00,8.49,8.49,8.46,8.49,59351
2025-12-08,14:00:00,8.48,8.5,8.47,8.49,20882
2025-12-08,14:15:00,8.49,8.53,8.49,8.51,33179
2025-12-08,14:30:00,8.51,8.55,8.51,8.55,60969
2025-12-08,14:45:00,8.55,8.57,8.54,8.55,91829
2025-12-08,15:00:00,8.54,8.54,8.54,8.54,25903
2025-12-08,15:15:00,8.54,8.54,8.54,8.54,15103
2025-12-09,10:00:00,8.54,8.58,8.51,8.51,81519
2025-12-09,10:15:00,8.52,8.54,8.51,8.51,24449
2025-12-09,10:30:00,8.51,8.53,8.48,8.48,34390
2025-12-09,10:45:00,8.48,8.5,8.47,8.48,41713
2025-12-09,11:00:00,8.48,8.49,8.45,8.46,106498
2025-12-09,11:15:00,8.47,8.51,8.46,8.5,37802
2025-12-09,11:30:00,8.5,8.56,8.5,8.54,59505
2025-12-09,11:45:00,8.56,8.61,8.55,8.61,112078
2025-12-09,12:00:00,8.6,8.6,8.58,8.6,53555
2025-12-09,12:15:00,8.6,8.62,8.59,8.6,71762
2025-12-09,12:30:00,8.6,8.62,8.59,8.6,64800
2025-12-09,12:45:00,8.6,8.62,8.59,8.6,30104
2025-12-09,13:00:00,8.61,8.69,8.6,8.6,163666
2025-12-09,13:15:00,8.62,8.64,8.62,8.63,11630
2025-12-09,13:30:00,8.63,8.67,8.63,8.64,46332
2025-12-09,13:45:00,8.64,8.65,8.63,8.65,15053
2025-12-09,14:00:00,8.64,8.71,8.63,8.67,153830
2025-12-09,14:15:00,8.67,8.69,8.66,8.67,29545
2025-12-09,14:30:00,8.67,8.7,8.67,8.68,22711
2025-12-09,14:45:00,8.68,8.68,8.65,8.66,74846
2025-12-09,15:00:00,8.7,8.7,8.7,8.7,52007
2025-12-09,15:15:00,8.7,8.7,8.7,8.7,628
2025-12-10,10:00:00,8.7,8.75,8.7,8.72,102726
2025-12-10,10:15:00,8.74,8.83,8.73,8.75,206444
2025-12-10,10:30:00,8.75,8.8,8.74,8.75,104376
2025-12-10,10:45:00,8.74,8.83,8.74,8.79,160818
2025-12-10,11:00:00,8.8,8.92,8.8,8.88,353076
2025-12-10,11:15:00,8.89,9.01,8.84,8.95,323123
2025-12-10,11:30:00,8.95,8.97,8.84,8.85,211754
2025-12-10,11:45:00,8.85,8.87,8.8,8.81,111343
2025-12-10,12:00:00,8.84,8.84,8.79,8.82,72770
2025-12-10,12:15:00,8.8,8.82,8.76,8.78,116233
2025-12-10,12:30:00,8.78,8.83,8.76,8.76,77999
2025-12-10,12:45:00,8.77,8.77,8.73,8.75,107780
2025-12-10,13:00:00,8.75,8.77,8.73,8.73,59598
2025-12-10,13:15:00,8.73,8.74,8.72,8.73,75289
2025-12-10,13:30:00,8.74,8.78,8.74,8.76,68940
2025-12-10,13:45:00,8.76,8.77,8.73,8.75,51088
2025-12-10,14:00:00,8.77,8.77,8.75,8.76,31490
2025-12-10,14:15:00,8.77,8.8,8.75,8.77,79029
2025-12-10,14:30:00,8.77,8.8,8.77,8.77,49238
2025-12-10,14:45:00,8.77,8.79,8.75,8.76,114581
2025-12-10,15:00:00,8.76,8.76,8.76,8.76,9317
2025-12-10,15:15:00,8.76,8.76,8.76,8.76,5576
2025-12-11,10:00:00,8.78,8.81,8.74,8.76,113939
2025-12-11,10:15:00,8.75,8.76,8.7,8.7,141038
2025-12-11,10:30:00,8.7,8.72,8.68,8.7,55939
2025-12-11,10:45:00,8.7,8.82,8.7,8.82,101936
2025-12-11,11:00:00,8.8,8.83,8.74,8.77,49083
2025-12-11,11:15:00,8.78,8.78,8.73,8.77,108912
2025-12-11,11:30:00,8.75,8.78,8.75,8.78,24212
2025-12-11,11:45:00,8.78,8.8,8.78,8.8,46520
2025-12-11,12:00:00,8.79,8.8,8.76,8.76,34128
2025-12-11,12:15:00,8.75,8.77,8.7,8.71,39068
2025-12-11,12:30:00,8.72,8.73,8.7,8.7,54488
2025-12-11,12:45:00,8.7,8.7,8.67,8.69,53360
2025-12-11,13:00:00,8.69,8.72,8.67,8.7,33966
2025-12-11,13:15:00,8.7,8.7,8.69,8.69,15538
2025-12-11,13:30:00,8.69,8.71,8.67,8.68,23238
2025-12-11,13:45:00,8.69,8.69,8.65,8.68,78403
2025-12-11,14:00:00,8.68,8.7,8.67,8.68,11509
2025-12-11,14:15:00,8.67,8.7,8.67,8.67,19081
2025-12-11,14:30:00,8.69,8.7,8.67,8.68,27615
2025-12-11,14:45:00,8.69,8.74,8.68,8.7,67743
2025-12-11,15:00:00,8.68,8.68,8.68,8.68,7434
2025-12-11,15:15:00,8.68,8.68,8.68,8.68,840
2025-12-14,10:00:00,8.69,8.75,8.5,8.68,118253
2025-12-14,10:15:00,8.65,8.67,8.6,8.66,78066
2025-12-14,10:30:00,8.64,8.67,8.63,8.63,46075
2025-12-14,10:45:00,8.63,8.65,8.63,8.65,20637
2025-12-14,11:00:00,8.65,8.65,8.63,8.64,10029
2025-12-14,11:15:00,8.64,8.76,8.64,8.75,104427
2025-12-14,11:30:00,8.75,8.82,8.73,8.77,112350
2025-12-14,11:45:00,8.77,8.85,8.76,8.77,124307
2025-12-14,12:00:00,8.79,8.84,8.77,8.82,89065
2025-12-14,12:15:00,8.81,8.87,8.78,8.85,110707
2025-12-14,12:30:00,8.85,8.93,8.83,8.92,287321
2025-12-14,12:45:00,8.91,8.93,8.8,8.93,381344
2025-12-14,13:00:00,8.92,8.97,8.88,8.91,269153
2025-12-14,13:15:00,8.92,9.13,8.88,9.09,548848
2025-12-14,13:30:00,9.08,9.17,9.0,9.12,575667
2025-12-14,13:45:00,9.12,9.15,9.0,9.14,371190
2025-12-14,14:00:00,9.15,9.16,9.05,9.1,210083
2025-12-14,14:15:00,9.1,9.15,9.05,9.09,251448
2025-12-14,14:30:00,9.07,9.09,8.98,9.01,177817
2025-12-14,14:45:00,9.02,9.02,8.9,9.0,246863
2025-12-14,15:00:00,9.0,9.0,9.0,9.0,44797
2025-12-14,15:15:00,9.0,9.0,9.0,9.0,4016
2025-12-15,10:00:00,9.02,9.03,8.87,8.92,173043
2025-12-15,10:15:00,8.91,8.96,8.85,8.87,131022
2025-12-15,10:30:00,8.9,8.92,8.87,8.88,59587
2025-12-15,10:45:00,8.89,8.98,8.85,8.98,142642
2025-12-15,11:00:00,8.98,9.12,8.95,9.08,229888
2025-12-15,11:15:00,9.07,9.09,9.01,9.03,68311
2025-12-15,11:30:00,9.04,9.08,9.03,9.04,80540
2025-12-15,11:45:00,9.04,9.05,9.0,9.03,121971
2025-12-15,12:00:00,9.04,9.05,9.03,9.03,13704
2025-12-15,12:15:00,9.03,9.04,9.0,9.03,48474
2025-12-15,12:30:00,9.02,9.05,9.01,9.04,33183
2025-12-15,12:45:00,9.04,9.05,9.0,9.0,41428
2025-12-15,13:00:00,9.0,9.04,9.0,9.02,119235
2025-12-15,13:15:00,9.01,9.02,9.0,9.01,26463
2025-12-15,13:30:00,9.0,9.04,9.0,9.01,26441
2025-12-15,13:45:00,9.02,9.03,9.01,9.02,21152
2025-12-15,14:00:00,9.02,9.21,9.02,9.18,224655
2025-12-15,14:15:00,9.2,9.28,9.15,9.24,205766
2025-12-15,14:30:00,9.24,9.25,9.2,9.25,126954
2025-12-15,14:45:00,9.24,9.26,9.2,9.22,179615
2025-12-15,15:00:00,9.22,9.22,9.22,9.22,14709
2025-12-15,15:15:00,9.22,9.22,9.22,9.22,6121
2025-12-16,10:00:00,9.21,9.37,9.2,9.29,271238
2025-12-16,10:15:00,9.28,9.28,9.2,9.22,148103
2025-12-16,10:30:00,9.22,9.22,9.13,9.14,194596
2025-12-16,10:45:00,9.15,9.21,9.14,9.18,64774
2025-12-16,11:00:00,9.18,9.18,9.08,9.1,123939
2025-12-16,11:15:00,9.1,9.12,9.09,9.1,89080
2025-12-16,11:30:00,9.1,9.1,8.98,8.99,304996
2025-12-16,11:45:00,8.98,9.01,8.96,8.98,175280
2025-12-16,12:00:00,8.97,8.97,8.91,8.94,57701
2025-12-16,12:15:00,8.94,8.96,8.91,8.92,77511
2025-12-16,12:30:00,8.92,8.94,8.88,8.9,120297
2025-12-16,12:45:00,8.9,8.95,8.88,8.9,130718
2025-12-16,13:00:00,8.9,8.92,8.87,8.91,150909
2025-12-16,13:15:00,8.92,8.94,8.88,8.89,65828
2025-12-16,13:30:00,8.9,8.91,8.85,8.88,107480
2025-12-16,13:45:00,8.88,8.91,8.87,8.9,43805
2025-12-16,14:00:00,8.89,8.89,8.86,8.87,82209
2025-12-16,14:15:00,8.87,8.87,8.78,8.81,256523
2025-12-16,14:30:00,8.81,8.82,8.76,8.79,94901
2025-12-16,14:45:00,8.79,8.82,8.74,8.75,154173
2025-12-16,15:00:00,8.75,8.75,8.75,8.75,45457
2025-12-16,15:15:00,8.75,8.75,8.75,8.75,15531
2025-12-17,10:00:00,8.73,8.84,8.73,8.82,122248
2025-12-17,10:15:00,8.81,8.81,8.73,8.74,120748
2025-12-17,10:30:00,8.74,8.8,8.74,8.76,89259
2025-12-17,10:45:00,8.76,8.77,8.73,8.76,30282
2025-12-17,11:00:00,8.75,8.75,8.72,8.73,28266
2025-12-17,11:15:00,8.72,8.76,8.7,8.74,33575
2025-12-17,11:30:00,8.74,8.8,8.74,8.77,51174
2025-12-17,11:45:00,8.77,8.78,8.74,8.74,69994
2025-12-17,12:00:00,8.74,8.75,8.73,8.74,37108
2025-12-17,12:15:00,8.75,8.75,8.72,8.74,80431
2025-12-17,12:30:00,8.74,8.74,8.71,8.73,32305
2025-12-17,12:45:00,8.71,8.71,8.66,8.66,50521
2025-12-17,13:00:00,8.67,8.72,8.66,8.72,22147
2025-12-17,13:15:00,8.72,8.72,8.68,8.68,69704
2025-12-17,13:30:00,8.69,8.7,8.66,8.7,26149
2025-12-17,13:45:00,8.7,8.7,8.67,8.67,13449
2025-12-17,14:00:00,8.69,8.69,8.66,8.69,49043
2025-12-17,14:15:00,8.68,8.73,8.68,8.72,52991
2025-12-17,14:30:00,8.72,8.72,8.69,8.71,43659
2025-12-17,14:45:00,8.7,8.73,8.7,8.7,39015
2025-12-17,15:00:00,8.7,8.7,8.7,8.7,11613
2025-12-17,15:15:00,8.7,8.7,8.7,8.7,501
2025-12-18,10:00:00,8.77,8.77,8.66,8.68,64414
2025-12-18,10:15:00,8.68,8.69,8.61,8.65,84395
2025-12-18,10:30:00,8.65,8.65,8.6,8.61,62386
2025-12-18,10:45:00,8.61,8.64,8.6,8.62,83115
2025-12-18,11:00:00,8.62,8.66,8.62,8.63,41190
2025-12-18,11:15:00,8.64,8.66,8.63,8.66,10572
2025-12-18,11:30:00,8.63,8.68,8.62,8.64,21848
2025-12-18,11:45:00,8.67,8.67,8.62,8.66,92200
2025-12-18,12:00:00,8.63,8.75,8.63,8.7,38957
2025-12-18,12:15:00,8.7,8.72,8.69,8.71,9057
2025-12-18,12:30:00,8.71,8.82,8.71,8.75,127362
2025-12-18,12:45:00,8.74,8.77,8.72,8.74,16959
2025-12-18,13:00:00,8.74,8.79,8.74,8.78,27729
2025-12-18,13:15:00,8.76,8.78,8.75,8.77,12408
2025-12-18,13:30:00,8.77,8.79,8.73,8.77,33534
2025-12-18,13:45:00,8.76,8.77,8.75,8.77,11931
2025-12-18,14:00:00,8.76,8.78,8.74,8.77,30845
2025-12-18,14:15:00,8.78,8.81,8.77,8.79,59413
2025-12-18,14:30:00,8.8,8.8,8.78,8.78,47880
2025-12-18,14:45:00,8.78,8.8,8.77,8.8,28896
2025-12-18,15:00:00,8.73,8.73,8.73,8.73,51823
2025-12-18,15:15:00,8.73,8.73,8.73,8.73,20470
2025-12-21,10:00:00,8.74,8.85,8.74,8.81,75262
2025-12-21,10:15:00,8.83,8.89,8.79,8.88,176696
2025-12-21,10:30:00,8.88,8.88,8.82,8.85,57381
2025-12-21,10:45:00,8.86,8.87,8.81,8.84,85118
2025-12-21,11:00:00,8.82,8.89,8.82,8.85,61736
2025-12-21,11:15:00,8.86,8.87,8.81,8.83,43319
2025-12-21,11:30:00,8.83,8.84,8.74,8.78,102784
2025-12-21,11:45:00,8.79,8.8,8.76,8.79,21037
2025-12-21,12:00:00,8.8,8.8,8.77,8.78,65318
2025-12-21,12:15:00,8.78,8.78,8.76,8.77,28237
2025-12-21,12:30:00,8.78,8.79,8.76,8.78,22933
2025-12-21,12:45:00,8.78,8.79,8.77,8.78,31045
2025-12-21,13:00:00,8.78,8.79,8.77,8.77,25156
2025-12-21,13:15:00,8.78,8.8,8.78,8.79,20936
2025-12-21,13:30:00,8.8,8.84,8.8,8.8,39310
2025-12-21,13:45:00,8.81,8.84,8.8,8.8,19985
2025-12-21,14:00:00,8.8,8.85,8.8,8.82,70818
2025-12-21,14:15:00,8.82,8.86,8.82,8.86,45598
2025-12-21,14:30:00,8.86,8.9,8.84,8.9,210314
2025-12-21,14:45:00,8.9,8.92,8.85,8.88,86487
2025-12-21,15:00:00,8.92,8.92,8.92,8.92,75709
2025-12-21,15:15:00,8.92,8.92,8.92,8.92,4291
2025-12-22,10:00:00,8.94,8.94,8.84,8.85,70395
2025-12-22,10:15:00,8.86,8.89,8.84,8.87,31567
2025-12-22,10:30:00,8.87,8.87,8.85,8.86,26884
2025-12-22,10:45:00,8.86,8.9,8.86,8.9,52586
2025-12-22,11:00:00,8.9,8.94,8.88,8.92,98020
2025-12-22,11:15:00,8.92,8.92,8.89,8.91,38740
2025-12-22,11:30:00,8.9,8.91,8.83,8.85,74192
2025-12-22,11:45:00,8.84,8.86,8.8,8.84,81980
2025-12-22,12:00:00,8.84,8.84,8.78,8.78,55014
2025-12-22,12:15:00,8.8,8.82,8.78,8.8,25444
2025-12-22,12:30:00,8.8,8.8,8.78,8.8,10972
2025-12-22,12:45:00,8.8,8.87,8.8,8.86,60018
2025-12-22,13:00:00,8.86,8.92,8.85,8.89,58193
2025-12-22,13:15:00,8.88,8.89,8.85,8.85,17269
2025-12-22,13:30:00,8.85,8.87,8.84,8.85,13862
2025-12-22,13:45:00,8.85,8.85,8.81,8.84,21166
2025-12-22,14:00:00,8.84,8.84,8.78,8.81,96795
2025-12-22,14:15:00,8.81,8.83,8.81,8.83,12798
2025-12-22,14:30:00,8.83,8.86,8.81,8.85,27554
2025-12-22,14:45:00,8.84,8.85,8.81,8.85,36025
2025-12-22,15:00:00,8.85,8.85,8.85,8.85,13639
2025-12-22,15:15:00,8.85,8.85,8.85,8.85,3512
2025-12-23,10:00:00,8.88,8.92,8.88,8.91,53115
2025-12-23,10:15:00,8.92,9.07,8.84,9.06,223833
2025-12-23,10:30:00,9.06,9.07,8.95,8.97,270170
2025-12-23,10:45:00,8.97,8.99,8.94,8.97,62433
2025-12-23,11:00:00,8.97,9.0,8.94,9.0,37761
2025-12-23,11:15:00,8.99,9.0,8.93,8.94,52523
2025-12-23,11:30:00,8.94,8.96,8.9,8.93,99474
2025-12-23,11:45:00,8.94,8.94,8.89,8.9,71498
2025-12-23,12:00:00,8.92,8.92,8.88,8.88,40732
2025-12-23,12:15:00,8.89,8.93,8.88,8.92,14093
2025-12-23,12:30:00,8.92,8.93,8.89,8.9,37330
2025-12-23,12:45:00,8.89,8.9,8.87,8.88,25878
2025-12-23,13:00:00,8.87,8.91,8.87,8.9,14167
2025-12-23,13:15:00,8.89,8.9,8.87,8.89,18212
2025-12-23,13:30:00,8.89,8.9,8.84,8.85,35972
2025-12-23,13:45:00,8.84,8.89,8.83,8.85,57269
2025-12-23,14:00:00,8.85,8.88,8.84,8.88,50036
2025-12-23,14:15:00,8.85,8.88,8.85,8.87,22711
2025-12-23,14:30:00,8.87,8.89,8.84,8.86,41723
2025-12-23,14:45:00,8.87,8.88,8.79,8.83,207417
2025-12-23,15:00:00,8.81,8.81,8.81,8.81,10124
2025-12-23,15:15:00,8.81,8.81,8.81,8.81,2720
2025-12-24,10:00:00,8.83,8.86,8.81,8.82,73735
2025-12-24,10:15:00,8.82,8.82,8.79,8.81,34486
2025-12-24,10:30:00,8.81,8.82,8.79,8.81,34289
2025-12-24,10:45:00,8.81,8.81,8.77,8.78,41309
2025-12-24,11:00:00,8.8,8.8,8.76,8.77,30179
2025-12-24,11:15:00,8.78,8.79,8.77,8.77,24288
2025-12-24,11:30:00,8.78,8.81,8.77,8.8,15563
2025-12-24,11:45:00,8.8,8.83,8.79,8.8,14567
2025-12-24,12:00:00,8.8,8.82,8.8,8.81,6387
2025-12-24,12:15:00,8.8,8.82,8.8,8.82,3357
2025-12-24,12:30:00,8.81,8.82,8.8,8.8,15138
2025-12-24,12:45:00,8.8,8.83,8.78,8.82,30277
2025-12-24,13:00:00,8.81,8.81,8.78,8.79,15846
2025-12-24,13:15:00,8.79,8.79,8.77,8.78,43315
2025-12-24,13:30:00,8.78,8.78,8.7,8.73,99577
2025-12-24,13:45:00,8.75,8.75,8.69,8.73,157186
2025-12-24,14:00:00,8.73,8.77,8.73,8.76,8244
2025-12-24,14:15:00,8.75,8.77,8.74,8.75,30255
2025-12-24,14:30:00,8.75,8.77,8.74,8.75,13506
2025-12-24,14:45:00,8.76,8.76,8.73,8.75,50085
2025-12-24,15:00:00,8.74,8.74,8.74,8.74,12865
2025-12-24,15:15:00,8.74,8.74,8.74,8.74,1
2025-12-25,10:00:00,8.74,8.8,8.7,8.75,34524
2025-12-25,10:15:00,8.75,8.75,8.71,8.74,47460
2025-12-25,10:30:00,8.74,8.78,8.74,8.78,21422
2025-12-25,10:45:00,8.78,8.79,8.75,8.78,3428
2025-12-25,11:00:00,8.76,8.77,8.76,8.77,5713
2025-12-25,11:15:00,8.77,8.78,8.76,8.77,23262
2025-12-25,11:30:00,8.77,8.78,8.75,8.77,7318
2025-12-25,11:45:00,8.78,8.78,8.76,8.77,5261
2025-12-25,12:00:00,8.77,8.8,8.76,8.77,21739
2025-12-25,12:15:00,8.76,8.77,8.75,8.75,2880
2025-12-25,12:30:00,8.75,8.76,8.74,8.76,1949
2025-12-25,12:45:00,8.77,8.77,8.75,8.75,4156
2025-12-25,13:00:00,8.75,8.75,8.73,8.73,3007
2025-12-25,13:15:00,8.73,8.75,8.72,8.74,26985
2025-12-25,13:30:00,8.75,8.76,8.74,8.75,10533
2025-12-25,13:45:00,8.75,8.77,8.74,8.75,7178
2025-12-25,14:00:00,8.76,8.76,8.73,8.73,7549
2025-12-25,14:15:00,8.74,8.76,8.72,8.74,17616
2025-12-25,14:30:00,8.74,8.75,8.73,8.75,8435
2025-12-25,14:45:00,8.75,8.85,8.74,8.8,155057
2025-12-25,15:00:00,8.81,8.81,8.81,8.81,45477
2025-12-25,15:15:00,8.81,8.81,8.81,8.81,1
2025-12-28,10:00:00,8.81,8.81,8.69,8.7,65500
2025-12-28,10:15:00,8.7,8.7,8.62,8.65,59469
2025-12-28,10:30:00,8.64,8.66,8.62,8.64,45515
2025-12-28,10:45:00,8.63,8.64,8.54,8.55,90687
2025-12-28,11:00:00,8.56,8.56,8.47,8.53,114348
2025-12-28,11:15:00,8.53,8.54,8.47,8.5,101424
2025-12-28,11:30:00,8.5,8.52,8.48,8.49,64238
2025-12-28,11:45:00,8.49,8.54,8.48,8.53,31615
2025-12-28,12:00:00,8.53,8.53,8.51,8.51,5196
2025-12-28,12:15:00,8.51,8.51,8.42,8.45,116249
2025-12-28,12:30:00,8.44,8.46,8.44,8.45,38078
2025-12-28,12:45:00,8.45,8.49,8.44,8.47,21446
2025-12-28,13:00:00,8.48,8.53,8.47,8.48,52689
2025-12-28,13:15:00,8.49,8.5,8.46,8.48,14169
2025-12-28,13:30:00,8.48,8.48,8.42,8.44,42809
2025-12-28,13:45:00,8.44,8.45,8.38,8.39,82179
2025-12-28,14:00:00,8.39,8.43,8.38,8.4,58840
2025-12-28,14:15:00,8.39,8.4,8.36,8.36,35980
2025-12-28,14:30:00,8.36,8.36,8.32,8.34,92678
2025-12-28,14:45:00,8.34,8.35,8.31,8.34,79245
2025-12-28,15:00:00,8.32,8.32,8.32,8.32,21319
2025-12-28,15:15:00,8.32,8.32,8.32,8.32,1581
2025-12-29,10:00:00,8.33,8.4,8.25,8.25,95662
2025-12-29,10:15:00,8.26,8.39,8.26,8.37,80071
2025-12-29,10:30:00,8.37,8.38,8.32,8.38,71912
2025-12-29,10:45:00,8.38,8.41,8.37,8.38,58108
2025-12-29,11:00:00,8.38,8.4,8.37,8.37,24831
2025-12-29,11:15:00,8.37,8.39,8.36,8.38,5164
2025-12-29,11:30:00,8.39,8.4,8.37,8.37,24944
2025-12-29,11:45:00,8.37,8.39,8.36,8.38,105488
2025-12-29,12:00:00,8.38,8.4,8.37,8.39,22477
2025-12-29,12:15:00,8.38,8.4,8.37,8.37,28998
2025-12-29,12:30:00,8.37,8.37,8.3,8.32,28922
2025-12-29,12:45:00,8.32,8.34,8.29,8.31,40747
2025-12-29,13:00:00,8.31,8.34,8.3,8.33,56647
2025-12-29,13:15:00,8.33,8.34,8.31,8.33,34226
2025-12-29,13:30:00,8.33,8.34,8.32,8.34,15782
2025-12-29,13:45:00,8.33,8.36,8.32,8.35,22395
2025-12-29,14:00:00,8.36,8.37,8.35,8.36,24075
2025-12-29,14:15:00,8.36,8.38,8.35,8.37,23014
2025-12-29,14:30:00,8.37,8.4,8.37,8.37,24691
2025-12-29,14:45:00,8.37,8.38,8.36,8.38,12971
2025-12-29,15:00:00,8.42,8.42,8.42,8.42,63872
2025-12-29,15:15:00,8.42,8.42,8.42,8.42,5082
2025-12-30,10:00:00,8.42,8.42,8.24,8.25,145524
2025-12-30,10:15:00,8.27,8.28,8.2,8.21,76815
2025-12-30,10:30:00,8.22,8.26,8.21,8.24,117462
2025-12-30,10:45:00,8.24,8.27,8.23,8.24,57940
2025-12-30,11:00:00,8.23,8.26,8.22,8.22,46834
2025-12-30,11:15:00,8.24,8.25,8.23,8.24,21401
2025-12-30,11:30:00,8.24,8.24,8.2,8.22,62850
2025-12-30,11:45:00,8.21,8.22,8.17,8.2,95458
2025-12-30,12:00:00,8.2,8.2,8.14,8.15,133981
2025-12-30,12:15:00,8.14,8.16,8.08,8.12,173155
2025-12-30,12:30:00,8.12,8.12,8.05,8.08,141504
2025-12-30,12:45:00,8.11,8.12,8.07,8.07,75827
2025-12-30,13:00:00,8.08,8.1,8.0,8.1,290615
2025-12-30,13:15:00,8.11,8.13,8.1,8.12,65309
2025-12-30,13:30:00,8.11,8.13,8.1,8.12,73548
2025-12-30,13:45:00,8.11,8.12,8.08,8.09,86900
2025-12-30,14:00:00,8.09,8.09,7.99,8.0,303479
2025-12-30,14:15:00,8.0,8.01,7.9,7.99,176334
2025-12-30,14:30:00,7.99,8.0,7.95,7.98,89408
2025-12-30,14:45:00,7.96,7.99,7.93,7.98,105092
2025-12-30,15:00:00,7.98,7.98,7.98,7.98,29925
2025-12-30,15:15:00,7.98,7.98,7.98,7.98,2217
2025-12-31,10:00:00,8.04,8.19,8.04,8.17,193403
2025-12-31,10:15:00,8.18,8.19,8.14,8.18,115051
2025-12-31,10:30:00,8.17,8.18,8.12,8.15,112265
2025-12-31,10:45:00,8.15,8.16,8.13,8.15,39129
2025-12-31,11:00:00,8.15,8.23,8.15,8.23,249237
2025-12-31,11:15:00,8.22,8.25,8.2,8.25,113776
2025-12-31,11:30:00,8.25,8.27,8.16,8.2,107675
2025-12-31,11:45:00,8.19,8.2,8.16,8.18,71837
2025-12-31,12:00:00,8.18,8.19,8.16,8.18,23708
2025-12-31,12:15:00,8.18,8.2,8.16,8.17,17195
2025-12-31,12:30:00,8.17,8.2,8.17,8.19,27170
2025-12-31,12:45:00,8.18,8.2,8.16,8.16,17719
2025-12-31,13:00:00,8.16,8.17,8.15,8.17,51700
2025-12-31,13:15:00,8.15,8.18,8.15,8.18,10212
2025-12-31,13:30:00,8.17,8.17,8.11,8.13,103712
2025-12-31,13:45:00,8.14,8.23,8.13,8.23,157083
2025-12-31,14:00:00,8.2,8.23,8.2,8.2,61368
2025-12-31,14:15:00,8.2,8.22,8.19,8.21,90760
2025-12-31,14:30:00,8.21,8.23,8.2,8.2,54645
2025-12-31,14:45:00,8.2,8.26,8.2,8.25,154590
2025-12-31,15:00:00,8.25,8.25,8.25,8.25,5025
2025-12-31,15:15:00,8.25,8.25,8.25,8.25,184
2026-01-01,10:00:00,8.26,8.45,8.26,8.41,184740
2026-01-01,10:15:00,8.42,8.46,8.4,8.43,164337
2026-01-01,10:30:00,8.41,8.45,8.4,8.41,51807
2026-01-01,10:45:00,8.42,8.44,8.4,8.41,52507
2026-01-01,11:00:00,8.41,8.43,8.41,8.42,25103
2026-01-01,11:15:00,8.43,8.5,8.41,8.5,171426
2026-01-01,11:30:00,8.5,8.53,8.48,8.49,90740
2026-01-01,11:45:00,8.49,8.5,8.48,8.48,21304
2026-01-01,12:00:00,8.48,8.48,8.45,8.45,59300
2026-01-01,12:15:00,8.44,8.47,8.44,8.45,22458
2026-01-01,12:30:00,8.46,8.47,8.45,8.47,5472
2026-01-01,12:45:00,8.46,8.48,8.46,8.46,13821
2026-01-01,13:00:00,8.47,8.47,8.45,8.46,10007
2026-01-01,13:15:00,8.47,8.5,8.47,8.48,18706
2026-01-01,13:30:00,8.47,8.48,8.46,8.46,12663
2026-01-01,13:45:00,8.47,8.48,8.45,8.47,20161
2026-01-01,14:00:00,8.46,8.48,8.45,8.45,8635
2026-01-01,14:15:00,8.45,8.46,8.4,8.41,48470
2026-01-01,14:30:00,8.42,8.42,8.38,8.38,33328
2026-01-01,14:45:00,8.38,8.4,8.37,8.39,38042
2026-01-01,15:00:00,8.4,8.4,8.4,8.4,10444
2026-01-01,15:15:00,8.4,8.4,8.4,8.4,2
2026-01-04,10:00:00,8.38,8.38,8.23,8.27,120408
2026-01-04,10:15:00,8.27,8.29,8.2,8.27,148324
2026-01-04,10:30:00,8.25,8.27,8.23,8.24,32538
2026-01-04,10:45:00,8.24,8.26,8.23,8.25,49385
2026-01-04,11:00:00,8.22,8.26,8.22,8.24,13620
2026-01-04,11:15:00,8.24,8.27,8.24,8.27,43509
2026-01-04,11:30:00,8.27,8.28,8.25,8.27,39149
2026-01-04,11:45:00,8.25,8.26,8.22,8.22,28525
2026-01-04,12:00:00,8.25,8.25,8.2,8.2,54157
2026-01-04,12:15:00,8.2,8.23,8.19,8.2,83828
2026-01-04,12:30:00,8.2,8.21,8.19,8.21,14436
2026-01-04,12:45:00,8.2,8.22,8.19,8.2,29614
2026-01-04,13:00:00,8.2,8.21,8.19,8.2,10311
2026-01-04,13:15:00,8.19,8.24,8.19,8.2,48572
2026-01-04,13:30:00,8.19,8.22,8.17,8.19,88817
2026-01-04,13:45:00,8.2,8.22,8.19,8.2,19358
2026-01-04,14:00:00,8.21,8.21,8.19,8.2,10273
2026-01-04,14:15:00,8.2,8.22,8.19,8.2,29806
2026-01-04,14:30:00,8.22,8.22,8.2,8.22,29765
2026-01-04,14:45:00,8.21,8.23,8.21,8.22,45787
2026-01-04,15:00:00,8.2,8.2,8.2,8.2,16958
2026-01-04,15:15:00,8.2,8.2,8.2,8.2,15795
2026-01-05,10:00:00,8.21,8.35,8.21,8.29,173761
2026-01-05,10:15:00,8.3,8.3,8.26,8.29,30735
2026-01-05,10:30:00,8.28,8.28,8.24,8.24,29809
2026-01-05,10:45:00,8.24,8.24,8.15,8.19,124989
2026-01-05,11:00:00,8.18,8.19,8.16,8.17,39909
2026-01-05,11:15:00,8.19,8.24,8.18,8.24,75996
2026-01-05,11:30:00,8.24,8.25,8.21,8.23,33390
2026-01-05,11:45:00,8.24,8.26,8.23,8.24,47957
2026-01-05,12:00:00,8.25,8.25,8.24,8.24,50669
2026-01-05,12:15:00,8.25,8.27,8.22,8.26,52057
2026-01-05,12:30:00,8.26,8.26,8.24,8.25,3796
2026-01-05,12:45:00,8.25,8.26,8.21,8.21,35619
2026-01-05,13:00:00,8.22,8.23,8.19,8.19,72895
2026-01-05,13:15:00,8.22,8.23,8.19,8.22,52550
2026-01-05,13:30:00,8.21,8.29,8.21,8.26,82553
2026-01-05,13:45:00,8.25,8.3,8.24,8.3,59293
2026-01-05,14:00:00,8.3,8.44,8.29,8.35,239290
2026-01-05,14:15:00,8.33,8.33,8.25,8.27,35623
2026-01-05,14:30:00,8.27,8.3,8.25,8.26,50606
2026-01-05,14:45:00,8.26,8.29,8.24,8.26,38524
2026-01-05,15:00:00,8.27,8.27,8.27,8.27,7174
2026-01-06,10:00:00,8.27,8.33,8.25,8.26,37263
2026-01-06,10:15:00,8.26,8.26,8.21,8.25,36077
2026-01-06,10:30:00,8.24,8.26,8.22,8.22,33101
2026-01-06,10:45:00,8.21,8.25,8.21,8.24,21099
2026-01-06,11:00:00,8.23,8.25,8.19,8.2,100804
2026-01-06,11:15:00,8.2,8.23,8.2,8.2,35652
2026-01-06,11:30:00,8.2,8.21,8.17,8.2,61228
2026-01-06,11:45:00,8.2,8.22,8.19,8.22,77185
2026-01-06,12:00:00,8.21,8.22,8.19,8.19,61914
2026-01-06,12:15:00,8.19,8.21,8.19,8.19,33127
2026-01-06,12:30:00,8.2,8.25,8.19,8.21,23720
2026-01-06,12:45:00,8.21,8.21,8.16,8.19,117052
2026-01-06,13:00:00,8.19,8.2,8.15,8.19,81963
2026-01-06,13:15:00,8.19,8.19,8.15,8.15,34411
2026-01-06,13:30:00,8.15,8.16,8.11,8.13,50747
2026-01-06,13:45:00,8.13,8.16,8.12,8.15,14584
2026-01-06,14:00:00,8.14,8.15,8.13,8.14,16873
2026-01-06,14:15:00,8.15,8.15,8.1,8.13,61494
2026-01-06,14:30:00,8.13,8.14,8.11,8.13,15929
2026-01-06,14:45:00,8.12,8.14,8.1,8.13,97617
2026-01-06,15:00:00,8.13,8.13,8.13,8.13,16456
2026-01-06,15:15:00,8.13,8.13,8.13,8.13,277
2026-01-07,10:00:00,8.4,8.45,8.15,8.31,358794
2026-01-07,10:15:00,8.3,8.32,8.25,8.26,87945
2026-01-07,10:30:00,8.25,8.28,8.24,8.24,37434
2026-01-07,10:45:00,8.25,8.27,8.2,8.22,33470
2026-01-07,11:00:00,8.21,8.22,8.19,8.19,18297
2026-01-07,11:15:00,8.2,8.22,8.19,8.2,25123
2026-01-07,11:30:00,8.2,8.22,8.18,8.19,34297
2026-01-07,11:45:00,8.19,8.21,8.18,8.21,6629
2026-01-07,12:00:00,8.21,8.23,8.17,8.2,66997
2026-01-07,12:15:00,8.2,8.21,8.15,8.21,51126
2026-01-07,12:30:00,8.2,8.22,8.18,8.2,54261
2026-01-07,12:45:00,8.2,8.22,8.18,8.2,55484
2026-01-07,13:00:00,8.19,8.2,8.18,8.19,34775
2026-01-07,13:15:00,8.19,8.24,8.19,8.24,18819
2026-01-07,13:30:00,8.23,8.25,8.2,8.21,18098
2026-01-07,13:45:00,8.22,8.23,8.19,8.22,25061
2026-01-07,14:00:00,8.23,8.26,8.23,8.26,45434
2026-01-07,14:15:00,8.24,8.24,8.21,8.22,30951
2026-01-07,14:30:00,8.22,8.23,8.2,8.22,32007
2026-01-07,14:45:00,8.2,8.2,8.18,8.19,34566
2026-01-07,15:00:00,8.18,8.18,8.18,8.18,19503
2026-01-07,15:15:00,8.18,8.18,8.18,8.18,680
2026-01-08,10:00:00,8.2,8.2,8.1,8.1,156968
2026-01-08,10:15:00,8.1,8.11,8.07,8.1,69186
2026-01-08,10:30:00,8.1,8.13,8.09,8.1,86820
2026-01-08,10:45:00,8.1,8.13,8.08,8.13,50269
2026-01-08,11:00:00,8.13,8.14,8.1,8.13,37971
2026-01-08,11:15:00,8.13,8.14,8.11,8.14,28601
2026-01-08,11:30:00,8.14,8.16,8.12,8.16,27829
2026-01-08,11:45:00,8.15,8.16,8.11,8.13,19001
2026-01-08,12:00:00,8.14,8.14,8.09,8.1,49180
2026-01-08,12:15:00,8.12,8.12,8.09,8.09,56613
2026-01-08,12:30:00,8.09,8.1,8.07,8.1,96420
2026-01-08,12:45:00,8.1,8.11,8.08,8.1,10713
2026-01-08,13:00:00,8.1,8.1,8.05,8.07,33291
2026-01-08,13:15:00,8.06,8.09,8.06,8.08,20143
2026-01-08,13:30:00,8.08,8.09,8.06,8.08,23929
2026-01-08,13:45:00,8.08,8.08,8.07,8.08,11584
2026-01-08,14:00:00,8.08,8.08,8.06,8.08,15086
2026-01-08,14:15:00,8.09,8.1,8.08,8.09,17209
2026-01-08,14:30:00,8.09,8.1,8.08,8.1,17159
2026-01-08,14:45:00,8.09,8.1,8.03,8.03,97510
2026-01-08,15:00:00,8.01,8.01,8.01,8.01,29205
2026-01-08,15:15:00,8.01,8.01,8.01,8.01,26386
2026-01-11,10:00:00,8.17,8.17,8.02,8.08,60292
2026-01-11,10:15:00,8.06,8.1,8.06,8.1,23482
2026-01-11,10:30:00,8.1,8.14,8.1,8.12,41256
2026-01-11,10:45:00,8.12,8.12,8.09,8.09,14931
2026-01-11,11:00:00,8.1,8.1,8.08,8.09,14082
2026-01-11,11:15:00,8.09,8.1,8.08,8.09,19051
2026-01-11,11:30:00,8.1,8.14,8.08,8.12,43673
2026-01-11,11:45:00,8.12,8.18,8.12,8.16,124318
2026-01-11,12:00:00,8.16,8.21,8.16,8.16,165021
2026-01-11,12:15:00,8.16,8.18,8.14,8.16,6214
2026-01-11,12:30:00,8.16,8.16,8.14,8.14,2746
2026-01-11,12:45:00,8.14,8.14,8.12,8.13,35221
2026-01-11,13:00:00,8.14,8.14,8.12,8.13,35263
2026-01-11,13:15:00,8.13,8.14,8.11,8.14,30028
2026-01-11,13:30:00,8.15,8.19,8.14,8.18,41734
2026-01-11,13:45:00,8.17,8.2,8.17,8.19,88007
2026-01-11,14:00:00,8.19,8.21,8.17,8.17,65399
2026-01-11,14:15:00,8.18,8.22,8.18,8.2,64157
2026-01-11,14:30:00,8.21,8.21,8.18,8.2,65030
2026-01-11,14:45:00,8.2,8.26,8.2,8.26,171302
2026-01-11,15:00:00,8.26,8.26,8.26,8.26,71670
2026-01-11,15:15:00,8.26,8.26,8.26,8.26,3220
2026-01-12,10:00:00,8.29,8.35,8.26,8.28,253800
2026-01-12,10:15:00,8.28,8.31,8.28,8.31,31906
2026-01-12,10:30:00,8.31,8.32,8.26,8.31,64215
2026-01-12,10:45:00,8.32,8.33,8.3,8.32,43709
2026-01-12,11:00:00,8.31,8.33,8.31,8.32,51063
2026-01-12,11:15:00,8.33,8.36,8.31,8.36,127667
2026-01-12,11:30:00,8.36,8.4,8.35,8.35,85015
2026-01-12,11:45:00,8.35,8.36,8.33,8.34,42780
2026-01-12,12:00:00,8.35,8.38,8.34,8.34,32822
2026-01-12,12:15:00,8.34,8.34,8.3,8.31,88205
2026-01-12,12:30:00,8.3,8.32,8.29,8.31,24973
2026-01-12,12:45:00,8.3,8.32,8.3,8.3,21413
2026-01-12,13:00:00,8.3,8.32,8.3,8.32,11613
2026-01-12,13:15:00,8.32,8.32,8.3,8.31,23835
2026-01-12,13:30:00,8.3,8.32,8.3,8.31,10745
2026-01-12,13:45:00,8.31,8.36,8.29,8.35,70513
2026-01-12,14:00:00,8.35,8.42,8.34,8.4,221682
2026-01-12,14:15:00,8.4,8.5,8.36,8.44,219259
2026-01-12,14:30:00,8.44,8.44,8.39,8.41,91235
2026-01-12,14:45:00,8.41,8.45,8.39,8.45,63779
2026-01-12,15:00:00,8.45,8.45,8.45,8.45,13659
2026-01-12,15:15:00,8.45,8.45,8.45,8.45,129
2026-01-13,10:00:00,8.45,8.49,8.38,8.45,98984
2026-01-13,10:15:00,8.45,8.47,8.38,8.38,151744
2026-01-13,10:30:00,8.38,8.38,8.32,8.37,67898
2026-01-13,10:45:00,8.36,8.36,8.3,8.3,55460
2026-01-13,11:00:00,8.3,8.37,8.3,8.36,71568
2026-01-13,11:15:00,8.36,8.38,8.35,8.37,21387
2026-01-13,11:30:00,8.37,8.39,8.3,8.39,108213
2026-01-13,11:45:00,8.39,8.39,8.35,8.38,21120
2026-01-13,12:00:00,8.37,8.39,8.36,8.37,13587
2026-01-13,12:15:00,8.37,8.43,8.37,8.4,88024
2026-01-13,12:30:00,8.4,8.43,8.35,8.42,61595
2026-01-13,12:45:00,8.43,8.45,8.42,8.44,60485
2026-01-13,13:00:00,8.44,8.48,8.44,8.47,71726
2026-01-13,13:15:00,8.47,8.51,8.46,8.49,143607
2026-01-13,13:30:00,8.49,8.51,8.48,8.51,77523
2026-01-13,13:45:00,8.5,8.54,8.46,8.49,227517
2026-01-13,14:00:00,8.49,8.5,8.47,8.48,89513
2026-01-13,14:15:00,8.49,8.49,8.48,8.48,16023
2026-01-13,14:30:00,8.49,8.51,8.45,8.47,52496
2026-01-13,14:45:00,8.47,8.48,8.43,8.46,122450
2026-01-13,15:00:00,8.46,8.46,8.46,8.46,27708
2026-01-13,15:15:00,8.46,8.46,8.46,8.46,12440
2026-01-14,10:00:00,8.4,8.49,8.4,8.43,141517
2026-01-14,10:15:00,8.43,8.46,8.42,8.43,58581
2026-01-14,10:30:00,8.43,8.43,8.35,8.36,106564
2026-01-14,10:45:00,8.36,8.4,8.35,8.39,29633
2026-01-14,11:00:00,8.39,8.42,8.37,8.42,26922
2026-01-14,11:15:00,8.4,8.45,8.39,8.45,45690
2026-01-14,11:30:00,8.45,8.46,8.43,8.43,26052
2026-01-14,11:45:00,8.46,8.49,8.45,8.49,86578
2026-01-14,12:00:00,8.48,8.57,8.47,8.48,156079
2026-01-14,12:15:00,8.47,8.47,8.44,8.46,31497
2026-01-14,12:30:00,8.45,8.46,8.44,8.46,39727
2026-01-14,12:45:00,8.46,8.47,8.45,8.47,84779
2026-01-14,13:00:00,8.47,8.48,8.43,8.46,144766
2026-01-14,13:15:00,8.47,8.49,8.45,8.46,66088
2026-01-14,13:30:00,8.46,8.48,8.46,8.47,72181
2026-01-14,13:45:00,8.46,8.47,8.39,8.39,158393
2026-01-14,14:00:00,8.39,8.39,8.34,8.34,140137
2026-01-14,14:15:00,8.33,8.39,8.33,8.39,70109
2026-01-14,14:30:00,8.39,8.45,8.37,8.41,179739
2026-01-14,14:45:00,8.41,8.43,8.39,8.42,29723
2026-01-14,15:00:00,8.36,8.36,8.36,8.36,36236
2026-01-14,15:15:00,8.36,8.36,8.36,8.36,8801
2026-01-15,10:00:00,8.34,8.4,8.31,8.4,78115
2026-01-15,10:15:00,8.4,8.43,8.38,8.4,52645
2026-01-15,10:30:00,8.4,8.43,8.35,8.4,80269
2026-01-15,10:45:00,8.41,8.41,8.33,8.34,76904
2026-01-15,11:00:00,8.33,8.37,8.33,8.37,28524
2026-01-15,11:15:00,8.35,8.37,8.28,8.29,83361
2026-01-15,11:30:00,8.29,8.34,8.28,8.31,39876
2026-01-15,11:45:00,8.33,8.36,8.3,8.3,28679
2026-01-15,12:00:00,8.29,8.3,8.28,8.3,67941
2026-01-15,12:15:00,8.29,8.31,8.28,8.3,41330
2026-01-15,12:30:00,8.31,8.31,8.28,8.3,7348
2026-01-15,12:45:00,8.31,8.31,8.28,8.3,13123
2026-01-15,13:00:00,8.3,8.31,8.23,8.27,93144
2026-01-15,13:15:00,8.25,8.28,8.24,8.28,77620
2026-01-15,13:30:00,8.27,8.28,8.23,8.24,45530
2026-01-15,13:45:00,8.24,8.24,8.23,8.24,5984
2026-01-15,14:00:00,8.23,8.27,8.23,8.24,14207
2026-01-15,14:15:00,8.24,8.24,8.2,8.22,51964
2026-01-15,14:30:00,8.22,8.23,8.19,8.2,54634
2026-01-15,14:45:00,8.2,8.22,8.19,8.2,38905
2026-01-15,15:00:00,8.2,8.2,8.2,8.2,21113
2026-01-15,15:15:00,8.2,8.2,8.2,8.2,742
2026-01-18,10:00:00,8.22,8.39,8.22,8.34,115873
2026-01-18,10:15:00,8.37,8.4,8.32,8.38,135767
2026-01-18,10:30:00,8.37,8.39,8.35,8.35,40966
2026-01-18,10:45:00,8.35,8.38,8.34,8.36,22230
2026-01-18,11:00:00,8.38,8.4,8.37,8.38,31556
2026-01-18,11:15:00,8.38,8.39,8.37,8.37,18455
2026-01-18,11:30:00,8.37,8.39,8.34,8.34,38911
2026-01-18,11:45:00,8.37,8.41,8.37,8.4,116152
2026-01-18,12:00:00,8.42,8.42,8.38,8.41,12239
2026-01-18,12:15:00,8.4,8.42,8.4,8.41,20638
2026-01-18,12:30:00,8.41,8.43,8.41,8.42,37066
2026-01-18,12:45:00,8.4,8.42,8.39,8.4,15994
2026-01-18,13:00:00,8.39,8.44,8.39,8.4,46484
2026-01-18,13:15:00,8.4,8.42,8.38,8.4,19396
2026-01-18,13:30:00,8.41,8.41,8.39,8.39,8371
2026-01-18,13:45:00,8.4,8.4,8.38,8.39,10208
2026-01-18,14:00:00,8.39,8.41,8.38,8.4,10800
2026-01-18,14:15:00,8.4,8.41,8.4,8.4,7964
2026-01-18,14:30:00,8.41,8.41,8.38,8.39,7532
2026-01-18,14:45:00,8.4,8.5,8.39,8.46,208775
2026-01-18,15:00:00,8.46,8.46,8.46,8.46,10905
2026-01-18,15:15:00,8.46,8.46,8.46,8.46,17200
2026-01-19,10:00:00,8.5,8.5,8.4,8.42,154439
2026-01-19,10:15:00,8.41,8.5,8.39,8.48,78351
2026-01-19,10:30:00,8.48,8.5,8.4,8.4,50463
2026-01-19,10:45:00,8.4,8.47,8.4,8.43,15193
2026-01-19,11:00:00,8.47,8.47,8.43,8.47,20592
2026-01-19,11:15:00,8.44,8.46,8.43,8.44,10773
2026-01-19,11:30:00,8.45,8.47,8.44,8.45,10533
2026-01-19,11:45:00,8.45,8.47,8.42,8.42,59758
2026-01-19,12:00:00,8.43,8.43,8.4,8.41,12100
2026-01-19,12:15:00,8.41,8.42,8.41,8.42,1758
2026-01-19,12:30:00,8.42,8.42,8.38,8.39,78871
2026-01-19,12:45:00,8.39,8.42,8.38,8.41,41151
2026-01-19,13:00:00,8.4,8.42,8.37,8.39,42693
2026-01-19,13:15:00,8.39,8.41,8.38,8.4,36133
2026-01-19,13:30:00,8.42,8.42,8.39,8.39,10737
2026-01-19,13:45:00,8.39,8.42,8.38,8.41,42644
2026-01-19,14:00:00,8.4,8.41,8.37,8.37,30146
2026-01-19,14:15:00,8.38,8.38,8.35,8.36,66136
2026-01-19,14:30:00,8.37,8.46,8.33,8.38,166965
2026-01-19,14:45:00,8.36,8.37,8.32,8.36,84006
2026-01-19,15:00:00,8.36,8.36,8.36,8.36,3765
2026-01-19,15:15:00,8.36,8.36,8.36,8.36,8
2026-01-20,10:00:00,8.4,8.41,8.35,8.35,76926
2026-01-20,10:15:00,8.37,8.38,8.34,8.37,45285
2026-01-20,10:30:00,8.36,8.37,8.33,8.35,38317
2026-01-20,10:45:00,8.33,8.34,8.31,8.31,67116
2026-01-20,11:00:00,8.33,8.34,8.3,8.34,28468
2026-01-20,11:15:00,8.33,8.36,8.31,8.35,8398
2026-01-20,11:30:00,8.35,8.37,8.34,8.37,9872
2026-01-20,11:45:00,8.36,8.38,8.35,8.36,36562
2026-01-20,12:00:00,8.37,8.38,8.36,8.37,35172
2026-01-20,12:15:00,8.37,8.38,8.36,8.36,21798
2026-01-20,12:30:00,8.38,8.39,8.37,8.37,19564
2026-01-20,12:45:00,8.37,8.37,8.35,8.36,16108
2026-01-20,13:00:00,8.35,8.36,8.32,8.32,38137
2026-01-20,13:15:00,8.32,8.35,8.3,8.31,72601
2026-01-20,13:30:00,8.32,8.33,8.29,8.31,46950
2026-01-20,13:45:00,8.3,8.33,8.29,8.29,32536
2026-01-20,14:00:00,8.28,8.3,8.28,8.28,44061
2026-01-20,14:15:00,8.29,8.29,8.24,8.25,45549
2026-01-20,14:30:00,8.25,8.3,8.24,8.25,50800
2026-01-20,14:45:00,8.24,8.29,8.22,8.25,60905
2026-01-20,15:00:00,8.25,8.25,8.25,8.25,5634
2026-01-20,15:15:00,8.25,8.25,8.25,8.25,1413
2026-01-21,10:00:00,8.21,8.21,8.15,8.21,100422
2026-01-21,10:15:00,8.22,8.27,8.21,8.25,19107
2026-01-21,10:30:00,8.25,8.28,8.22,8.25,38504
2026-01-21,10:45:00,8.26,8.26,8.22,8.24,8176
2026-01-21,11:00:00,8.25,8.27,8.22,8.27,18761
2026-01-21,11:15:00,8.26,8.27,8.24,8.26,22362
2026-01-21,11:30:00,8.27,8.27,8.24,8.25,24784
2026-01-21,11:45:00,8.25,8.26,8.25,8.26,12061
2026-01-21,12:00:00,8.26,8.27,8.24,8.26,33823
2026-01-21,12:15:00,8.26,8.31,8.25,8.28,47279
2026-01-21,12:30:00,8.29,8.29,8.26,8.28,2170
2026-01-21,12:45:00,8.26,8.28,8.24,8.28,25000
2026-01-21,13:00:00,8.27,8.3,8.24,8.3,31334
2026-01-21,13:15:00,8.28,8.3,8.26,8.29,8062
2026-01-21,13:30:00,8.29,8.3,8.27,8.28,36351
2026-01-21,13:45:00,8.28,8.3,8.28,8.29,21160
2026-01-21,14:00:00,8.3,8.31,8.29,8.29,62544
2026-01-21,14:15:00,8.3,8.3,8.27,8.3,65006
2026-01-21,14:30:00,8.3,8.3,8.28,8.29,26676
2026-01-21,14:45:00,8.29,8.29,8.28,8.29,32194
2026-01-21,15:00:00,8.28,8.28,8.28,8.28,8221
2026-01-21,15:15:00,8.28,8.28,8.28,8.28,325
2026-01-22,10:00:00,8.32,8.36,8.3,8.33,171460
2026-01-22,10:15:00,8.35,8.35,8.28,8.32,42711
2026-01-22,10:30:00,8.3,8.33,8.29,8.33,28123
2026-01-22,10:45:00,8.32,8.33,8.3,8.33,35182
2026-01-22,11:00:00,8.32,8.36,8.31,8.33,42318
2026-01-22,11:15:00,8.32,8.35,8.32,8.34,11992
2026-01-22,11:30:00,8.35,8.42,8.34,8.41,201381
2026-01-22,11:45:00,8.42,8.42,8.4,8.41,57648
2026-01-22,12:00:00,8.42,8.42,8.4,8.42,21438
2026-01-22,12:15:00,8.42,8.45,8.41,8.43,112832
2026-01-22,12:30:00,8.43,8.45,8.43,8.44,83268
2026-01-22,12:45:00,8.44,8.46,8.44,8.45,91339
2026-01-22,13:00:00,8.46,8.52,8.43,8.52,164587
2026-01-22,13:15:00,8.52,8.63,8.51,8.56,601025
2026-01-22,13:30:00,8.55,8.64,8.53,8.61,269337
2026-01-22,13:45:00,8.6,8.6,8.55,8.57,166990
2026-01-22,14:00:00,8.58,8.58,8.52,8.53,98960
2026-01-22,14:15:00,8.55,8.55,8.5,8.52,186550
2026-01-22,14:30:00,8.52,8.56,8.5,8.52,119765
2026-01-22,14:45:00,8.52,8.56,8.51,8.55,76352
2026-01-22,15:00:00,8.53,8.53,8.53,8.53,22656
2026-01-22,15:15:00,8.53,8.53,8.53,8.53,3278
2026-01-25,10:00:00,8.53,8.6,8.51,8.59,276018
2026-01-25,10:15:00,8.59,8.62,8.56,8.59,150969
2026-01-25,10:30:00,8.59,8.6,8.55,8.58,93794
2026-01-25,10:45:00,8.58,8.59,8.53,8.54,84629
2026-01-25,11:00:00,8.54,8.55,8.51,8.52,85766
2026-01-25,11:15:00,8.53,8.57,8.52,8.55,20432
2026-01-25,11:30:00,8.55,8.57,8.55,8.57,16640
2026-01-25,11:45:00,8.57,8.58,8.52,8.56,51288
2026-01-25,12:00:00,8.53,8.55,8.51,8.53,24146
2026-01-25,12:15:00,8.53,8.55,8.52,8.54,24604
2026-01-25,12:30:00,8.53,8.54,8.53,8.53,5727
2026-01-25,12:45:00,8.54,8.57,8.53,8.57,18816
2026-01-25,13:00:00,8.57,8.61,8.56,8.59,66243
2026-01-25,13:15:00,8.58,8.63,8.58,8.61,99438
2026-01-25,13:30:00,8.61,8.73,8.6,8.7,250065
2026-01-25,13:45:00,8.7,8.72,8.68,8.72,39080
2026-01-25,14:00:00,8.72,8.76,8.68,8.73,135004
2026-01-25,14:15:00,8.72,8.74,8.7,8.7,65419
2026-01-25,14:30:00,8.7,8.74,8.68,8.74,125790
2026-01-25,14:45:00,8.73,8.8,8.7,8.74,319987
2026-01-25,15:00:00,8.72,8.72,8.72,8.72,14436
2026-01-25,15:15:00,8.72,8.72,8.72,8.72,30304
2026-01-26,10:00:00,8.72,8.77,8.6,8.73,339251
2026-01-26,10:15:00,8.75,8.86,8.71,8.83,375858
2026-01-26,10:30:00,8.84,8.85,8.7,8.79,326152
2026-01-26,10:45:00,8.78,8.9,8.78,8.88,447653
2026-01-26,11:00:00,8.88,8.94,8.86,8.92,420176
2026-01-26,11:15:00,8.92,8.92,8.85,8.91,254865
2026-01-26,11:30:00,8.9,8.96,8.88,8.93,190345
2026-01-26,11:45:00,8.93,9.09,8.93,9.04,649082
2026-01-26,12:00:00,9.04,9.05,8.96,8.96,263671
2026-01-26,12:15:00,8.98,9.0,8.94,8.95,217346
2026-01-26,12:30:00,8.97,9.07,8.96,9.07,246483
2026-01-26,12:45:00,9.08,9.3,9.07,9.22,1001112
2026-01-26,13:00:00,9.24,9.3,9.17,9.17,531817
2026-01-26,13:15:00,9.16,9.18,9.12,9.15,251966
2026-01-26,13:30:00,9.15,9.15,9.11,9.15,123326
2026-01-26,13:45:00,9.15,9.17,9.1,9.14,171388
2026-01-26,14:00:00,9.14,9.2,9.1,9.11,126456
2026-01-26,14:15:00,9.11,9.14,9.05,9.12,240553
2026-01-26,14:30:00,9.13,9.17,9.12,9.15,218405
2026-01-26,14:45:00,9.14,9.14,9.06,9.08,302527
2026-01-26,15:00:00,9.08,9.08,9.08,9.08,80611
2026-01-26,15:15:00,9.08,9.08,9.08,9.08,21103
2026-01-27,10:00:00,9.08,9.12,9.02,9.05,286128
2026-01-27,10:15:00,9.03,9.1,8.99,9.0,253467
2026-01-27,10:30:00,9.0,9.06,8.98,9.05,118725
2026-01-27,10:45:00,9.05,9.07,9.04,9.06,55621
2026-01-27,11:00:00,9.06,9.09,9.01,9.04,83717
2026-01-27,11:15:00,9.03,9.05,9.0,9.05,153165
2026-01-27,11:30:00,9.04,9.05,9.0,9.01,149993
2026-01-27,11:45:00,9.02,9.02,8.98,9.0,214216
2026-01-27,12:00:00,9.0,9.01,8.97,8.97,122411
2026-01-27,12:15:00,8.97,9.0,8.97,8.98,46780
2026-01-27,12:30:00,8.99,8.99,8.94,8.94,200953
2026-01-27,12:45:00,8.94,8.99,8.93,8.95,156386
2026-01-27,13:00:00,8.95,8.95,8.92,8.94,94319
2026-01-27,13:15:00,8.93,8.95,8.88,8.92,319613
2026-01-27,13:30:00,8.92,8.97,8.92,8.97,76021
2026-01-27,13:45:00,8.97,8.98,8.95,8.97,67485
2026-01-27,14:00:00,8.97,9.05,8.96,8.99,197953
2026-01-27,14:15:00,8.99,9.02,8.98,9.0,94347
2026-01-27,14:30:00,9.0,9.0,8.97,8.99,100490
2026-01-27,14:45:00,8.98,9.03,8.96,8.99,140756
2026-01-27,15:00:00,9.0,9.0,9.0,9.0,46259
2026-01-27,15:15:00,9.0,9.0,9.0,9.0,14965
2026-01-28,10:00:00,9.0,9.05,8.99,9.03,166129
2026-01-28,10:15:00,9.03,9.04,9.0,9.01,151427
2026-01-28,10:30:00,9.01,9.02,8.93,8.94,195936
2026-01-28,10:45:00,8.93,8.96,8.9,8.91,135194
2026-01-28,11:00:00,8.9,8.93,8.88,8.92,99696
2026-01-28,11:15:00,8.91,8.95,8.89,8.93,121026
2026-01-28,11:30:00,8.93,8.95,8.9,8.9,125534
2026-01-28,11:45:00,8.9,8.91,8.88,8.9,124672
2026-01-28,12:00:00,8.9,8.9,8.87,8.88,99861
2026-01-28,12:15:00,8.89,8.9,8.87,8.88,47613
2026-01-28,12:30:00,8.89,8.89,8.85,8.87,75382
2026-01-28,12:45:00,8.88,8.89,8.86,8.86,22531
2026-01-28,13:00:00,8.87,8.93,8.87,8.92,72265
2026-01-28,13:15:00,8.91,8.92,8.91,8.92,11675
2026-01-28,13:30:00,8.92,8.94,8.9,8.91,49649
2026-01-28,13:45:00,8.92,8.94,8.9,8.91,72966
2026-01-28,14:00:00,8.92,8.93,8.89,8.9,71944
2026-01-28,14:15:00,8.89,8.97,8.89,8.95,104391
2026-01-28,14:30:00,8.95,8.97,8.92,8.95,32384
2026-01-28,14:45:00,8.96,8.96,8.9,8.9,53773
2026-01-28,15:00:00,8.92,8.92,8.92,8.92,10033
2026-01-28,15:15:00,8.92,8.92,8.92,8.92,10302
2026-01-29,10:00:00,8.91,8.96,8.87,8.88,62603
2026-01-29,10:15:00,8.88,8.91,8.81,8.83,97622
2026-01-29,10:30:00,8.83,8.85,8.81,8.85,116053
2026-01-29,10:45:00,8.85,8.88,8.84,8.85,85025
2026-01-29,11:00:00,8.85,8.88,8.83,8.84,63369
2026-01-29,11:15:00,8.86,8.87,8.83,8.84,64360
2026-01-29,11:30:00,8.85,8.85,8.8,8.85,100384
2026-01-29,11:45:00,8.85,8.85,8.79,8.84,61349
2026-01-29,12:00:00,8.83,8.83,8.78,8.8,86826
2026-01-29,12:15:00,8.8,8.81,8.7,8.8,140435
2026-01-29,12:30:00,8.8,8.8,8.78,8.79,38107
2026-01-29,12:45:00,8.79,8.8,8.76,8.76,13352
2026-01-29,13:00:00,8.77,8.78,8.74,8.74,73348
2026-01-29,13:15:00,8.74,8.78,8.72,8.75,115581
2026-01-29,13:30:00,8.76,8.8,8.75,8.78,137398
2026-01-29,13:45:00,8.78,8.8,8.77,8.77,27799
2026-01-29,14:00:00,8.78,8.78,8.72,8.75,52259
2026-01-29,14:15:00,8.75,8.78,8.75,8.76,74668
2026-01-29,14:30:00,8.76,8.78,8.73,8.76,66341
2026-01-29,14:45:00,8.74,8.77,8.73,8.75,44065
2026-01-29,15:00:00,8.74,8.74,8.74,8.74,24118
2026-01-29,15:15:00,8.74,8.74,8.74,8.74,5052
2026-02-01,10:00:00,8.76,8.8,8.64,8.64,124979
2026-02-01,10:15:00,8.64,8.64,8.56,8.56,108335
2026-02-01,10:30:00,8.56,8.58,8.48,8.5,162741
2026-02-01,10:45:00,8.51,8.56,8.49,8.52,84770
2026-02-01,11:00:00,8.51,8.53,8.49,8.52,38292
2026-02-01,11:15:00,8.52,8.54,8.5,8.54,20322
2026-02-01,11:30:00,8.54,8.59,8.52,8.55,69642
2026-02-01,11:45:00,8.54,8.55,8.52,8.53,45881
2026-02-01,12:00:00,8.54,8.56,8.52,8.55,10173
2026-02-01,12:15:00,8.54,8.59,8.53,8.53,26435
2026-02-01,12:30:00,8.55,8.57,8.5,8.51,29740
2026-02-01,12:45:00,8.51,8.51,8.48,8.5,74622
2026-02-01,13:00:00,8.49,8.53,8.49,8.51,22765
2026-02-01,13:15:00,8.51,8.53,8.5,8.52,4029
2026-02-01,13:30:00,8.52,8.54,8.51,8.53,21199
2026-02-01,13:45:00,8.53,8.54,8.5,8.53,43224
2026-02-01,14:00:00,8.51,8.52,8.49,8.5,20799
2026-02-01,14:15:00,8.5,8.51,8.47,8.48,36315
2026-02-01,14:30:00,8.47,8.47,8.43,8.45,44287
2026-02-01,14:45:00,8.44,8.47,8.44,8.45,51050
2026-02-01,15:00:00,8.45,8.45,8.45,8.45,14132
2026-02-01,15:15:00,8.45,8.45,8.45,8.45,5250
2026-02-02,10:00:00,8.47,8.51,8.39,8.51,127224
2026-02-02,10:15:00,8.47,8.5,8.46,8.49,43666
2026-02-02,10:30:00,8.49,8.54,8.49,8.52,69388
2026-02-02,10:45:00,8.52,8.52,8.48,8.5,77339
2026-02-02,11:00:00,8.51,8.55,8.49,8.54,22665
2026-02-02,11:15:00,8.54,8.56,8.52,8.54,84230
2026-02-02,11:30:00,8.54,8.54,8.5,8.52,58843
2026-02-02,11:45:00,8.51,8.53,8.5,8.5,39858
2026-02-02,12:00:00,8.52,8.54,8.51,8.54,9882
2026-02-02,12:15:00,8.54,8.54,8.51,8.52,16268
2026-02-02,12:30:00,8.53,8.53,8.51,8.51,13903
2026-02-02,12:45:00,8.52,8.54,8.51,8.54,20815
2026-02-02,13:00:00,8.54,8.6,8.54,8.59,67457
2026-02-02,13:15:00,8.59,8.62,8.59,8.62,70719
2026-02-02,13:30:00,8.61,8.62,8.6,8.61,33648
2026-02-02,13:45:00,8.61,8.61,8.57,8.58,54597
2026-02-02,14:00:00,8.58,8.61,8.58,8.61,41706
2026-02-02,14:15:00,8.6,8.61,8.58,8.59,30378
2026-02-02,14:30:00,8.59,8.59,8.52,8.57,219877
2026-02-02,14:45:00,8.57,8.6,8.55,8.6,82222
2026-02-02,15:00:00,8.6,8.6,8.6,8.6,7968
2026-02-02,15:15:00,8.6,8.6,8.6,8.6,22270
2026-02-03,10:00:00,8.61,8.64,8.58,8.6,151335
2026-02-03,10:15:00,8.59,8.62,8.57,8.59,93680
2026-02-03,10:30:00,8.59,8.63,8.57,8.62,69936
2026-02-03,10:45:00,8.63,8.63,8.6,8.63,15407
2026-02-03,11:00:00,8.64,8.64,8.6,8.61,53419
2026-02-03,11:15:00,8.6,8.62,8.57,8.6,144823
2026-02-03,11:30:00,8.6,8.68,8.57,8.64,139419
2026-02-03,11:45:00,8.63,8.65,8.62,8.63,201485
2026-02-03,12:00:00,8.63,8.65,8.6,8.61,105720
2026-02-03,12:15:00,8.61,8.72,8.6,8.72,135329
2026-02-03,12:30:00,8.73,8.73,8.56,8.6,150995
2026-02-03,12:45:00,8.59,8.6,8.57,8.58,114853
2026-02-03,13:00:00,8.59,8.61,8.58,8.59,35560
2026-02-03,13:15:00,8.59,8.59,8.54,8.54,102030
2026-02-03,13:30:00,8.55,8.57,8.54,8.54,45275
2026-02-03,13:45:00,8.55,8.56,8.54,8.56,15576
2026-02-03,14:00:00,8.55,8.55,8.5,8.5,172510
2026-02-03,14:15:00,8.51,8.52,8.5,8.51,37715
2026-02-03,14:30:00,8.51,8.52,8.49,8.5,53326
2026-02-03,14:45:00,8.49,8.54,8.49,8.5,144333
2026-02-03,15:00:00,8.45,8.45,8.45,8.45,77203
2026-02-03,15:15:00,8.45,8.45,8.45,8.45,7462
2026-02-04,10:00:00,8.49,8.49,8.43,8.47,132733
2026-02-04,10:15:00,8.48,8.51,8.47,8.48,98779
2026-02-04,10:30:00,8.47,8.48,8.44,8.46,107660
2026-02-04,10:45:00,8.47,8.47,8.42,8.44,55255
2026-02-04,11:00:00,8.43,8.44,8.41,8.42,64881
2026-02-04,11:15:00,8.43,8.44,8.41,8.41,27923
2026-02-04,11:30:00,8.42,8.42,8.39,8.39,119959
2026-02-04,11:45:00,8.4,8.41,8.38,8.4,46959
2026-02-04,12:00:00,8.4,8.41,8.37,8.39,43126
2026-02-04,12:15:00,8.38,8.38,8.35,8.37,65643
2026-02-04,12:30:00,8.38,8.39,8.33,8.35,111233
2026-02-04,12:45:00,8.35,8.37,8.33,8.35,75448
2026-02-04,13:00:00,8.34,8.36,8.29,8.31,122114
2026-02-04,13:15:00,8.31,8.34,8.29,8.34,64928
2026-02-04,13:30:00,8.34,8.37,8.31,8.36,144552
2026-02-04,13:45:00,8.36,8.38,8.35,8.37,40297
2026-02-04,14:00:00,8.37,8.38,8.34,8.37,25894
2026-02-04,14:15:00,8.36,8.38,8.34,8.35,16849
2026-02-04,14:30:00,8.34,8.36,8.33,8.36,18201
2026-02-04,14:45:00,8.36,8.41,8.36,8.38,209993
2026-02-04,15:00:00,8.4,8.4,8.4,8.4,37876
2026-02-04,15:15:00,8.4,8.4,8.4,8.4,691
2026-02-05,10:00:00,8.31,8.36,8.28,8.29,177145
2026-02-05,10:15:00,8.28,8.28,8.25,8.26,112290
2026-02-05,10:30:00,8.28,8.28,8.25,8.26,57725
2026-02-05,10:45:00,8.26,8.26,8.19,8.2,138649
2026-02-05,11:00:00,8.2,8.27,8.19,8.22,98192
2026-02-05,11:15:00,8.22,8.23,8.2,8.22,25679
2026-02-05,11:30:00,8.2,8.22,8.19,8.21,72855
2026-02-05,11:45:00,8.21,8.23,8.19,8.22,40085
2026-02-05,12:00:00,8.21,8.22,8.19,8.2,65040
2026-02-05,12:15:00,8.19,8.2,8.15,8.15,86034
2026-02-05,12:30:00,8.19,8.19,8.1,8.12,111405
2026-02-05,12:45:00,8.12,8.14,8.1,8.12,67402
2026-02-05,13:00:00,8.11,8.13,8.09,8.13,34997
2026-02-05,13:15:00,8.12,8.14,8.11,8.13,21932
2026-02-05,13:30:00,8.13,8.18,8.13,8.16,45160
2026-02-05,13:45:00,8.15,8.15,8.11,8.11,135553
2026-02-05,14:00:00,8.14,8.14,8.12,8.14,25816
2026-02-05,14:15:00,8.14,8.14,8.09,8.12,84840
2026-02-05,14:30:00,8.13,8.13,8.08,8.13,77969
2026-02-05,14:45:00,8.1,8.11,8.07,8.07,126065
2026-02-05,15:00:00,8.06,8.06,8.06,8.06,22486
2026-02-05,15:15:00,8.06,8.06,8.06,8.06,216
2026-02-08,10:00:00,8.08,8.25,8.06,8.19,214573
2026-02-08,10:15:00,8.19,8.23,8.17,8.21,61376
2026-02-08,10:30:00,8.2,8.27,8.18,8.23,240203
2026-02-08,10:45:00,8.22,8.31,8.22,8.25,180014
2026-02-08,11:00:00,8.25,8.25,8.2,8.23,68165
2026-02-08,11:15:00,8.24,8.24,8.19,8.19,47735
2026-02-08,11:30:00,8.18,8.2,8.17,8.18,34600
2026-02-08,11:45:00,8.18,8.18,8.15,8.16,23852
2026-02-08,12:00:00,8.16,8.2,8.12,8.2,70352
2026-02-08,12:15:00,8.17,8.23,8.17,8.2,43083
2026-02-08,12:30:00,8.2,8.21,8.16,8.19,8805
2026-02-08,12:45:00,8.19,8.19,8.16,8.17,26899
2026-02-08,13:00:00,8.16,8.21,8.16,8.2,14884
2026-02-08,13:15:00,8.2,8.25,8.18,8.23,75691
2026-02-08,13:30:00,8.23,8.26,8.22,8.22,60595
2026-02-08,13:45:00,8.22,8.3,8.22,8.23,136973
2026-02-08,14:00:00,8.22,8.26,8.22,8.24,42248
2026-02-08,14:15:00,8.24,8.24,8.22,8.23,41362
2026-02-08,14:30:00,8.22,8.22,8.2,8.22,19048
2026-02-08,14:45:00,8.22,8.24,8.2,8.22,43182
2026-02-08,15:00:00,8.22,8.22,8.22,8.22,13697
2026-02-08,15:15:00,8.22,8.22,8.22,8.22,1300
2026-02-09,10:00:00,8.24,8.25,8.2,8.2,41948
2026-02-09,10:15:00,8.2,8.26,8.19,8.19,59263
2026-02-09,10:30:00,8.2,8.21,8.18,8.2,13013
2026-02-09,10:45:00,8.19,8.2,8.16,8.19,30164
2026-02-09,11:00:00,8.17,8.19,8.17,8.19,57377
2026-02-09,11:15:00,8.17,8.19,8.17,8.18,12895
2026-02-09,11:30:00,8.17,8.19,8.17,8.17,17482
2026-02-09,11:45:00,8.18,8.18,8.16,8.18,38743
2026-02-09,12:00:00,8.18,8.18,8.17,8.18,21428
2026-02-09,12:15:00,8.18,8.19,8.17,8.18,30070
2026-02-09,12:30:00,8.18,8.19,8.17,8.18,26466
2026-02-09,12:45:00,8.18,8.18,8.16,8.18,25336
2026-02-09,13:00:00,8.17,8.17,8.14,8.15,32381
2026-02-09,13:15:00,8.16,8.16,8.13,8.13,35336
2026-02-09,13:30:00,8.13,8.15,8.12,8.14,26432
2026-02-09,13:45:00,8.13,8.15,8.13,8.13,18931
2026-02-09,14:00:00,8.13,8.16,8.12,8.15,28257
2026-02-09,14:15:00,8.16,8.16,8.14,8.16,5700
2026-02-09,14:30:00,8.16,8.18,8.15,8.17,23500
2026-02-09,14:45:00,8.17,8.17,8.11,8.15,112450
2026-02-09,15:00:00,8.12,8.12,8.12,8.12,14039
2026-02-09,15:15:00,8.12,8.12,8.12,8.12,48
2026-02-10,10:00:00,8.22,8.22,8.12,8.12,69900
2026-02-10,10:15:00,8.15,8.2,8.14,8.18,56083
2026-02-10,10:30:00,8.19,8.2,8.16,8.2,18439
2026-02-10,10:45:00,8.19,8.24,8.18,8.21,105050
2026-02-10,11:00:00,8.22,8.28,8.21,8.27,110237
2026-02-10,11:15:00,8.26,8.26,8.22,8.22,57947
2026-02-10,11:30:00,8.22,8.25,8.22,8.23,41725
2026-02-10,11:45:00,8.23,8.23,8.2,8.2,54698
2026-02-10,12:00:00,8.2,8.21,8.2,8.2,18527
2026-02-10,12:15:00,8.2,8.24,8.19,8.2,20615
2026-02-10,12:30:00,8.21,8.23,8.2,8.21,43532
2026-02-10,12:45:00,8.21,8.22,8.2,8.2,5421
2026-02-10,13:00:00,8.22,8.22,8.21,8.22,2775
2026-02-10,13:15:00,8.22,8.22,8.2,8.21,33379
2026-02-10,13:30:00,8.21,8.21,8.2,8.21,9534
2026-02-10,13:45:00,8.2,8.22,8.2,8.22,38155
2026-02-10,14:00:00,8.22,8.22,8.2,8.21,14912
2026-02-10,14:15:00,8.21,8.21,8.2,8.2,20780
2026-02-10,14:30:00,8.21,8.22,8.2,8.21,36151
2026-02-10,14:45:00,8.21,8.21,8.16,8.17,94305
2026-02-10,15:00:00,8.17,8.17,8.17,8.17,12557
2026-02-10,15:15:00,8.17,8.17,8.17,8.17,500
2026-02-11,10:00:00,8.22,8.3,8.17,8.3,360361
2026-02-11,10:15:00,8.29,8.48,8.25,8.32,700832
2026-02-11,10:30:00,8.31,8.4,8.3,8.36,450460
2026-02-11,10:45:00,8.37,8.37,8.27,8.3,736037
2026-02-11,11:00:00,8.3,8.4,8.28,8.38,372659
2026-02-11,11:15:00,8.38,8.39,8.27,8.32,196372
2026-02-11,11:30:00,8.32,8.36,8.3,8.33,206791
2026-02-11,11:45:00,8.32,8.33,8.28,8.32,233992
2026-02-11,12:00:00,8.32,8.36,8.28,8.3,141509
2026-02-11,12:15:00,8.31,8.33,8.29,8.29,20514
2026-02-11,12:30:00,8.3,8.31,8.28,8.29,50919
2026-02-11,12:45:00,8.29,8.3,8.27,8.27,97640
2026-02-11,13:00:00,8.27,8.27,8.19,8.2,180849
2026-02-11,13:15:00,8.2,8.28,8.19,8.24,172359
2026-02-11,13:30:00,8.24,8.24,8.2,8.21,67723
2026-02-11,13:45:00,8.21,8.28,8.2,8.25,46860
2026-02-11,14:00:00,8.24,8.27,8.21,8.24,81510
2026-02-11,14:15:00,8.24,8.26,8.21,8.26,64520
2026-02-11,14:30:00,8.26,8.29,8.23,8.27,56789
2026-02-11,14:45:00,8.28,8.29,8.25,8.28,75535
2026-02-11,15:00:00,8.23,8.23,8.23,8.23,34961
2026-02-11,15:15:00,8.23,8.23,8.23,8.23,1339
2026-02-12,10:00:00,8.24,8.28,8.23,8.25,74997
2026-02-12,10:15:00,8.26,8.32,8.25,8.31,111568
2026-02-12,10:30:00,8.3,8.31,8.27,8.3,210540
2026-02-12,10:45:00,8.29,8.36,8.29,8.35,105440
2026-02-12,11:00:00,8.35,8.42,8.35,8.36,366852
2026-02-12,11:15:00,8.35,8.42,8.35,8.41,120763
2026-02-12,11:30:00,8.4,8.41,8.38,8.4,149253
2026-02-12,11:45:00,8.41,8.45,8.4,8.43,204246
2026-02-12,12:00:00,8.43,8.45,8.4,8.45,299199
2026-02-12,12:15:00,8.44,8.44,8.42,8.44,31817
2026-02-12,12:30:00,8.42,8.47,8.41,8.47,170238
2026-02-12,12:45:00,8.46,8.54,8.45,8.54,357859
2026-02-12,13:00:00,8.54,8.57,8.51,8.56,240541
2026-02-12,13:15:00,8.55,8.58,8.52,8.54,205768
2026-02-12,13:30:00,8.54,8.55,8.5,8.54,87788
2026-02-12,13:45:00,8.55,8.55,8.48,8.53,285359
2026-02-12,14:00:00,8.53,8.53,8.46,8.52,260096
2026-02-12,14:15:00,8.53,8.54,8.49,8.49,217684
2026-02-12,14:30:00,8.49,8.5,8.43,8.47,96097
2026-02-12,14:45:00,8.47,8.51,8.46,8.47,94536
2026-02-12,15:00:00,8.47,8.47,8.47,8.47,26211
2026-02-12,15:15:00,8.47,8.47,8.47,8.47,3075
2026-02-15,10:00:00,8.49,8.55,8.49,8.55,94728
2026-02-15,10:15:00,8.53,8.62,8.53,8.61,139829
2026-02-15,10:30:00,8.6,8.61,8.5,8.5,138100
2026-02-15,10:45:00,8.5,8.53,8.49,8.53,114660
2026-02-15,11:00:00,8.52,8.54,8.5,8.53,50248
2026-02-15,11:15:00,8.53,8.54,8.52,8.53,5723
2026-02-15,11:30:00,8.53,8.53,8.51,8.51,34548
2026-02-15,11:45:00,8.52,8.52,8.5,8.5,49564
2026-02-15,12:00:00,8.51,8.52,8.5,8.51,28969
2026-02-15,12:15:00,8.51,8.58,8.5,8.55,66720
2026-02-15,12:30:00,8.55,8.59,8.55,8.56,47515
2026-02-15,12:45:00,8.56,8.56,8.56,8.56,18135
2026-02-15,13:00:00,8.56,8.58,8.55,8.57,35319
2026-02-15,13:15:00,8.55,8.58,8.55,8.56,11821
2026-02-15,13:30:00,8.55,8.56,8.51,8.52,20682
2026-02-15,13:45:00,8.52,8.55,8.51,8.51,8852
2026-02-15,14:00:00,8.52,8.53,8.48,8.51,127226
2026-02-15,14:15:00,8.52,8.53,8.51,8.51,5013
2026-02-15,14:30:00,8.51,8.54,8.51,8.51,36719
2026-02-15,14:45:00,8.51,8.53,8.51,8.52,47626
2026-02-15,15:00:00,8.53,8.53,8.53,8.53,10720
2026-02-15,15:15:00,8.53,8.53,8.53,8.53,1
2026-02-16,10:00:00,8.53,8.77,8.5,8.71,449757
2026-02-16,10:15:00,8.72,8.85,8.71,8.82,540594
2026-02-16,10:30:00,8.83,8.84,8.7,8.72,482607
2026-02-16,10:45:00,8.71,8.78,8.71,8.75,117408
2026-02-16,11:00:00,8.74,8.75,8.65,8.66,229197
2026-02-16,11:15:00,8.67,8.69,8.61,8.63,94827
2026-02-16,11:30:00,8.64,8.65,8.59,8.61,85979
2026-02-16,11:45:00,8.62,8.65,8.6,8.62,85991
2026-02-16,12:00:00,8.64,8.66,8.59,8.6,57543
2026-02-16,12:15:00,8.6,8.63,8.6,8.62,26494
2026-02-16,12:30:00,8.62,8.66,8.62,8.65,38886
2026-02-16,12:45:00,8.64,8.65,8.62,8.64,13334
2026-02-16,13:00:00,8.63,8.7,8.63,8.68,75957
2026-02-16,13:15:00,8.67,8.71,8.65,8.7,124333
2026-02-16,13:30:00,8.7,8.73,8.7,8.71,55259
2026-02-16,13:45:00,8.7,8.71,8.63,8.64,37109
2026-02-16,14:00:00,8.64,8.67,8.63,8.64,34336
2026-02-16,14:15:00,8.63,8.64,8.61,8.64,60657
2026-02-16,14:30:00,8.66,8.66,8.62,8.66,48516
2026-02-16,14:45:00,8.64,8.68,8.62,8.65,60733
2026-02-16,15:00:00,8.65,8.65,8.65,8.65,31815
2026-02-16,15:15:00,8.65,8.65,8.65,8.65,222
2026-02-17,10:00:00,8.62,8.77,8.62,8.72,115479
2026-02-17,10:15:00,8.7,8.72,8.66,8.7,102727
2026-02-17,10:30:00,8.7,8.71,8.61,8.64,125197
2026-02-17,10:45:00,8.64,8.64,8.52,8.55,142750
2026-02-17,11:00:00,8.54,8.58,8.53,8.58,44928
2026-02-17,11:15:00,8.58,8.61,8.56,8.59,70268
2026-02-17,11:30:00,8.6,8.6,8.53,8.53,74996
2026-02-17,11:45:00,8.53,8.55,8.51,8.53,45705
2026-02-17,12:00:00,8.52,8.53,8.47,8.51,69212
2026-02-17,12:15:00,8.51,8.51,8.48,8.51,11251
2026-02-17,12:30:00,8.49,8.49,8.46,8.46,6066
2026-02-17,12:45:00,8.47,8.52,8.45,8.48,34196
2026-02-17,13:00:00,8.48,8.49,8.46,8.47,41356
2026-02-17,13:15:00,8.47,8.48,8.45,8.47,20700
2026-02-17,13:30:00,8.46,8.47,8.44,8.46,24642
2026-02-17,13:45:00,8.47,8.47,8.44,8.47,8535
2026-02-17,14:00:00,8.46,8.46,8.41,8.41,55914
2026-02-17,14:15:00,8.41,8.47,8.41,8.46,40800
2026-02-17,14:30:00,8.46,8.47,8.44,8.44,19883
2026-02-17,14:45:00,8.44,8.45,8.41,8.43,57893
2026-02-17,15:00:00,8.41,8.41,8.41,8.41,4483
2026-02-17,15:15:00,8.41,8.41,8.41,8.41,3830
2026-02-18,10:00:00,8.53,8.53,8.33,8.37,44777
2026-02-18,10:15:00,8.36,8.38,8.34,8.38,39150
2026-02-18,10:30:00,8.37,8.4,8.34,8.37,29257
2026-02-18,10:45:00,8.37,8.42,8.37,8.41,16129
2026-02-18,11:00:00,8.4,8.43,8.38,8.38,41435
2026-02-18,11:15:00,8.38,8.39,8.36,8.38,24366
2026-02-18,11:30:00,8.38,8.4,8.37,8.37,30599
2026-02-18,11:45:00,8.37,8.38,8.35,8.38,27645
2026-02-18,12:00:00,8.36,8.41,8.36,8.39,16960
2026-02-18,12:15:00,8.38,8.39,8.34,8.36,34863
2026-02-18,12:30:00,8.35,8.38,8.33,8.36,19369
2026-02-18,12:45:00,8.37,8.38,8.35,8.37,5506
2026-02-18,13:00:00,8.37,8.37,8.35,8.35,5546
2026-02-18,13:15:00,8.36,8.37,8.35,8.35,8948
2026-02-18,13:30:00,8.36,8.37,8.34,8.35,9969
2026-02-18,13:45:00,8.35,8.36,8.34,8.36,10525
2026-02-18,14:00:00,8.36,8.36,8.33,8.35,35682
2026-02-18,14:15:00,8.35,8.39,8.35,8.37,93319
2026-02-18,14:30:00,8.36,8.4,8.36,8.37,11429
2026-02-18,14:45:00,8.36,8.39,8.36,8.38,19058
2026-02-18,15:00:00,8.38,8.38,8.38,8.38,2950
2026-02-18,15:15:00,8.38,8.38,8.38,8.38,6549
2026-02-19,10:00:00,8.31,8.38,8.28,8.29,164605
2026-02-19,10:15:00,8.3,8.33,8.21,8.21,42667
2026-02-19,10:30:00,8.2,8.25,8.2,8.24,20649
2026-02-19,10:45:00,8.24,8.28,8.2,8.22,35572
2026-02-19,11:00:00,8.21,8.22,8.06,8.14,289126
2026-02-19,11:15:00,8.17,8.19,8.15,8.16,25502
2026-02-19,11:30:00,8.15,8.17,8.13,8.16,24587
2026-02-19,11:45:00,8.16,8.16,8.14,8.15,31687
2026-02-19,12:00:00,8.14,8.16,8.1,8.1,35611
2026-02-19,12:15:00,8.1,8.13,8.08,8.1,67811
2026-02-19,12:30:00,8.1,8.11,7.99,8.0,257215
2026-02-19,12:45:00,8.03,8.03,7.99,8.02,140305
2026-02-19,13:00:00,8.02,8.03,7.99,8.02,172843
2026-02-19,13:15:00,8.02,8.02,7.9,7.93,287691
2026-02-19,13:30:00,7.93,7.97,7.88,7.89,222754
2026-02-19,13:45:00,7.89,7.97,7.89,7.92,231709
2026-02-19,14:00:00,7.93,7.96,7.92,7.92,95269
2026-02-19,14:15:00,7.93,7.93,7.89,7.9,128875
2026-02-19,14:30:00,7.91,7.96,7.91,7.95,48478
2026-02-19,14:45:00,7.95,7.98,7.95,7.96,87971
2026-02-19,15:00:00,7.97,7.97,7.97,7.97,22430
2026-02-19,15:15:00,7.97,7.97,7.97,7.97,25421
2026-02-23,10:00:00,7.95,8.02,7.77,7.81,136269
2026-02-23,10:15:00,7.79,7.85,7.74,7.82,148672
2026-02-23,10:30:00,7.85,7.87,7.79,7.8,51824
2026-02-23,10:45:00,7.8,7.85,7.79,7.79,52954
2026-02-23,11:00:00,7.78,7.82,7.75,7.76,54444
2026-02-23,11:15:00,7.77,7.77,7.68,7.71,109014
2026-02-23,11:30:00,7.72,7.73,7.6,7.66,159892
2026-02-23,11:45:00,7.67,7.71,7.64,7.71,114150
2026-02-23,12:00:00,7.7,7.73,7.68,7.7,117055
2026-02-23,12:15:00,7.7,7.7,7.63,7.65,114954
2026-02-23,12:30:00,7.65,7.68,7.59,7.59,192514
2026-02-23,12:45:00,7.62,7.62,7.52,7.56,224939
2026-02-23,13:00:00,7.55,7.6,7.54,7.6,86859
2026-02-23,13:15:00,7.6,7.6,7.47,7.52,255875
2026-02-23,13:30:00,7.53,7.53,7.48,7.5,138663
2026-02-23,13:45:00,7.5,7.51,7.45,7.46,140409
2026-02-23,14:00:00,7.45,7.48,7.36,7.42,248100
2026-02-23,14:15:00,7.43,7.45,7.39,7.42,256930
2026-02-23,14:30:00,7.42,7.43,7.37,7.4,80081
2026-02-23,14:45:00,7.4,7.41,7.38,7.4,141212
2026-02-23,15:00:00,7.42,7.42,7.42,7.42,78125
2026-02-23,15:15:00,7.42,7.42,7.42,7.42,28698
2026-02-24,10:00:00,7.42,7.42,7.32,7.4,156240
2026-02-24,10:15:00,7.39,7.47,7.37,7.42,167788
2026-02-24,10:30:00,7.43,7.46,7.36,7.37,71290
2026-02-24,10:45:00,7.37,7.38,7.29,7.3,58285
2026-02-24,11:00:00,7.29,7.32,7.26,7.31,113980
2026-02-24,11:15:00,7.3,7.3,7.26,7.27,13730
2026-02-24,11:30:00,7.28,7.33,7.24,7.24,91873
2026-02-24,11:45:00,7.24,7.25,7.19,7.24,146664
2026-02-24,12:00:00,7.24,7.24,7.18,7.2,115991
2026-02-24,12:15:00,7.2,7.22,7.18,7.22,101000
2026-02-24,12:30:00,7.2,7.22,7.19,7.19,44550
2026-02-24,12:45:00,7.19,7.2,7.15,7.18,91375
2026-02-24,13:00:00,7.17,7.18,7.13,7.17,104557
2026-02-24,13:15:00,7.17,7.2,7.15,7.2,143187
2026-02-24,13:30:00,7.21,7.21,7.12,7.18,394019
2026-02-24,13:45:00,7.18,7.18,7.1,7.13,143823
2026-02-24,14:00:00,7.11,7.14,7.09,7.11,175236
2026-02-24,14:15:00,7.1,7.11,7.05,7.09,265996
2026-02-24,14:30:00,7.1,7.15,7.09,7.1,121858
2026-02-24,14:45:00,7.1,7.11,7.03,7.07,297005
2026-02-24,15:00:00,7.07,7.07,7.07,7.07,33961
2026-02-24,15:15:00,7.07,7.07,7.07,7.07,4130
2026-02-25,10:00:00,7.12,7.18,7.1,7.17,75627
2026-02-25,10:15:00,7.17,7.2,7.07,7.08,142194
2026-02-25,10:30:00,7.07,7.1,7.0,7.1,187009
2026-02-25,10:45:00,7.1,7.13,7.08,7.13,37057
2026-02-25,11:00:00,7.12,7.13,7.1,7.12,34641
2026-02-25,11:15:00,7.11,7.13,7.09,7.1,33432
2026-02-25,11:30:00,7.09,7.1,7.0,7.06,126927
2026-02-25,11:45:00,7.08,7.09,7.06,7.07,30594
2026-02-25,12:00:00,7.07,7.07,7.0,7.04,70924
2026-02-25,12:15:00,7.04,7.08,7.02,7.02,31868
2026-02-25,12:30:00,7.02,7.02,6.9,6.97,132818
2026-02-25,12:45:00,6.95,6.98,6.9,6.95,226703
2026-02-25,13:00:00,6.94,6.95,6.89,6.93,179862
2026-02-25,13:15:00,6.94,6.94,6.86,6.89,173586
2026-02-25,13:30:00,6.9,6.91,6.85,6.86,84733
2026-02-25,13:45:00,6.87,6.89,6.8,6.84,182062
2026-02-25,14:00:00,6.85,6.88,6.78,6.86,273947
2026-02-25,14:15:00,6.86,6.91,6.86,6.87,112330
2026-02-25,14:30:00,6.87,6.91,6.87,6.91,42598
2026-02-25,14:45:00,6.91,6.91,6.87,6.9,73411
2026-02-25,15:00:00,6.94,6.94,6.94,6.94,33111
2026-02-25,15:15:00,6.94,6.94,6.94,6.94,1984
2026-02-26,10:00:00,6.96,7.1,6.9,7.02,222922
2026-02-26,10:15:00,7.02,7.02,6.96,6.98,25461
2026-02-26,10:30:00,6.98,6.98,6.92,6.94,33015
2026-02-26,10:45:00,6.94,6.96,6.8,6.85,269755
2026-02-26,11:00:00,6.85,6.89,6.83,6.87,76674
2026-02-26,11:15:00,6.87,6.89,6.82,6.84,63773
2026-02-26,11:30:00,6.83,6.87,6.81,6.86,88221
2026-02-26,11:45:00,6.86,6.9,6.85,6.88,82632
2026-02-26,12:00:00,6.89,6.93,6.88,6.93,55737
2026-02-26,12:15:00,6.93,6.96,6.91,6.96,56939
2026-02-26,12:30:00,6.95,6.97,6.92,6.96,39514
2026-02-26,12:45:00,6.96,6.96,6.9,6.93,49593
2026-02-26,13:00:00,6.93,6.94,6.9,6.9,87320
2026-02-26,13:15:00,6.9,6.91,6.87,6.9,40561
2026-02-26,13:30:00,6.9,6.92,6.89,6.9,29394
2026-02-26,13:45:00,6.91,6.93,6.89,6.91,96719
2026-02-26,14:00:00,6.91,6.91,6.89,6.89,24057
2026-02-26,14:15:00,6.9,6.9,6.88,6.9,16229
2026-02-26,14:30:00,6.89,6.92,6.88,6.9,46970
2026-02-26,14:45:00,6.91,6.93,6.89,6.89,101079
2026-02-26,15:00:00,6.86,6.86,6.86,6.86,27834
2026-02-26,15:15:00,6.86,6.86,6.86,6.86,1300
2026-03-01,10:00:00,6.33,6.68,6.33,6.61,376999
2026-03-01,10:15:00,6.6,6.77,6.6,6.77,307413
2026-03-01,10:30:00,6.78,6.79,6.72,6.79,110232
2026-03-01,10:45:00,6.77,6.77,6.72,6.72,48228
2026-03-01,11:00:00,6.73,6.73,6.65,6.65,40740
2026-03-01,11:15:00,6.68,6.7,6.64,6.64,27618
2026-03-01,11:30:00,6.64,6.65,6.6,6.6,64512
2026-03-01,11:45:00,6.59,6.61,6.53,6.59,122838
2026-03-01,12:00:00,6.59,6.68,6.56,6.67,66606
2026-03-01,12:15:00,6.66,6.72,6.66,6.72,112754
2026-03-01,12:30:00,6.72,6.76,6.69,6.72,118640
2026-03-01,12:45:00,6.72,6.77,6.71,6.76,64850
2026-03-01,13:00:00,6.74,6.76,6.7,6.73,45258
2026-03-01,13:15:00,6.74,6.76,6.72,6.72,49492
2026-03-01,13:30:00,6.72,6.79,6.71,6.78,74482
2026-03-01,13:45:00,6.78,6.78,6.7,6.74,79135
2026-03-01,14:00:00,6.74,6.75,6.71,6.74,53328
2026-03-01,14:15:00,6.76,6.76,6.7,6.75,59558
2026-03-01,14:30:00,6.75,6.78,6.75,6.77,69400
2026-03-01,14:45:00,6.78,6.79,6.76,6.78,71211
2026-03-01,15:00:00,6.78,6.78,6.78,6.78,6022
2026-03-01,15:15:00,6.78,6.78,6.78,6.78,265
2026-03-02,10:00:00,6.84,6.89,6.79,6.86,88548
2026-03-02,10:15:00,6.84,6.85,6.65,6.76,106120
2026-03-02,10:30:00,6.76,6.79,6.7,6.7,70627
2026-03-02,10:45:00,6.69,6.74,6.68,6.7,13308
2026-03-02,11:00:00,6.7,6.7,6.66,6.68,33900
2026-03-02,11:15:00,6.67,6.68,6.6,6.62,115075
2026-03-02,11:30:00,6.62,6.66,6.62,6.64,74087
2026-03-02,11:45:00,6.66,6.67,6.59,6.6,39556
2026-03-02,12:00:00,6.6,6.64,6.58,6.6,57332
2026-03-02,12:15:00,6.6,6.63,6.58,6.61,24225
2026-03-02,12:30:00,6.62,6.66,6.6,6.65,22200
2026-03-02,12:45:00,6.65,6.68,6.65,6.68,22437
2026-03-02,13:00:00,6.67,6.69,6.65,6.66,27810
2026-03-02,13:15:00,6.67,6.73,6.67,6.71,76969
2026-03-02,13:30:00,6.71,6.77,6.71,6.73,35828
2026-03-02,13:45:00,6.73,6.73,6.67,6.68,24764
2026-03-02,14:00:00,6.68,6.71,6.67,6.68,25688
2026-03-02,14:15:00,6.67,6.67,6.64,6.66,30165
2026-03-02,14:30:00,6.67,6.67,6.65,6.66,19665
2026-03-02,14:45:00,6.65,6.67,6.63,6.65,35303
2026-03-02,15:00:00,6.68,6.68,6.68,6.68,10545
2026-03-02,15:15:00,6.68,6.68,6.68,6.68,1950
2026-03-03,10:00:00,6.69,6.69,6.6,6.6,38439
2026-03-03,10:15:00,6.61,6.63,6.6,6.6,28956
2026-03-03,10:30:00,6.6,6.61,6.55,6.56,50127
2026-03-03,10:45:00,6.56,6.61,6.56,6.6,27021
2026-03-03,11:00:00,6.6,6.61,6.57,6.58,16410
2026-03-03,11:15:00,6.58,6.58,6.55,6.56,27425
2026-03-03,11:30:00,6.58,6.6,6.54,6.56,43742
2026-03-03,11:45:00,6.56,6.56,6.52,6.56,11063
2026-03-03,12:00:00,6.56,6.56,6.53,6.53,39106
2026-03-03,12:15:00,6.53,6.54,6.48,6.49,105501
2026-03-03,12:30:00,6.49,6.51,6.46,6.5,32763
2026-03-03,12:45:00,6.5,6.53,6.48,6.53,87990
2026-03-03,13:00:00,6.53,6.53,6.51,6.53,11473
2026-03-03,13:15:00,6.53,6.57,6.53,6.54,10984
2026-03-03,13:30:00,6.56,6.58,6.56,6.58,23158
2026-03-03,13:45:00,6.58,6.59,6.57,6.57,12573
2026-03-03,14:00:00,6.57,6.58,6.55,6.55,58608
2026-03-03,14:15:00,6.58,6.61,6.54,6.58,226125
2026-03-03,14:30:00,6.56,6.61,6.54,6.6,51256
2026-03-03,14:45:00,6.61,6.61,6.56,6.58,42358
2026-03-03,15:00:00,6.56,6.56,6.56,6.56,5648
2026-03-04,10:00:00,6.56,6.69,6.56,6.61,93978
2026-03-04,10:15:00,6.61,6.67,6.6,6.64,24225
2026-03-04,10:30:00,6.64,6.67,6.63,6.63,12351
2026-03-04,10:45:00,6.63,6.67,6.63,6.66,28343
2026-03-04,11:00:00,6.67,6.67,6.64,6.67,32901
2026-03-04,11:15:00,6.67,6.73,6.67,6.73,148293
2026-03-04,11:30:00,6.73,6.74,6.71,6.71,20868
2026-03-04,11:45:00,6.72,6.77,6.7,6.76,47051
2026-03-04,12:00:00,6.75,6.79,6.75,6.77,68707
2026-03-04,12:15:00,6.78,6.84,6.78,6.81,54572
2026-03-04,12:30:00,6.83,6.91,6.81,6.89,154462
2026-03-04,12:45:00,6.89,6.91,6.87,6.87,86269
2026-03-04,13:00:00,6.86,6.9,6.86,6.88,28302
2026-03-04,13:15:00,6.87,6.89,6.85,6.89,21915
2026-03-04,13:30:00,6.88,6.9,6.85,6.86,32953
2026-03-04,13:45:00,6.85,6.9,6.84,6.86,58293
2026-03-04,14:00:00,6.84,6.88,6.81,6.88,61912
2026-03-04,14:15:00,6.89,6.89,6.84,6.87,45020
2026-03-04,14:30:00,6.87,6.88,6.84,6.88,42222
2026-03-04,14:45:00,6.85,6.9,6.85,6.87,71876
2026-03-04,15:00:00,6.9,6.9,6.9,6.9,23443
2026-03-04,15:15:00,6.9,6.9,6.9,6.9,760
2026-03-05,10:00:00,6.9,6.98,6.86,6.9,156760
2026-03-05,10:15:00,6.9,6.93,6.87,6.93,21706
2026-03-05,10:30:00,6.93,6.98,6.93,6.96,59779
2026-03-05,10:45:00,6.96,6.98,6.94,6.95,43389
2026-03-05,11:00:00,6.94,6.97,6.92,6.97,80663
2026-03-05,11:15:00,6.96,6.97,6.94,6.94,50985
2026-03-05,11:30:00,6.94,6.98,6.94,6.98,56196
2026-03-05,11:45:00,6.99,6.99,6.95,6.97,23714
2026-03-05,12:00:00,6.96,7.03,6.96,7.01,75440
2026-03-05,12:15:00,7.01,7.04,7.01,7.02,60839
2026-03-05,12:30:00,7.02,7.02,6.98,7.02,30278
2026-03-05,12:45:00,7.0,7.01,6.98,6.99,89445
2026-03-05,13:00:00,6.98,7.0,6.94,6.96,44489
2026-03-05,13:15:00,6.96,7.0,6.96,6.96,35527
2026-03-05,13:30:00,6.96,6.99,6.95,6.96,31963
2026-03-05,13:45:00,6.97,7.0,6.96,6.99,57105
2026-03-05,14:00:00,6.99,7.01,6.96,6.99,44914
2026-03-05,14:15:00,6.98,7.0,6.96,6.98,44335
2026-03-05,14:30:00,6.98,6.99,6.96,6.97,25793
2026-03-05,14:45:00,6.98,6.99,6.96,6.99,53013
2026-03-05,15:00:00,7.0,7.0,7.0,7.0,18620
2026-03-05,15:15:00,7.0,7.0,7.0,7.0,18010
2026-03-08,10:00:00,7.02,7.13,7.02,7.11,203389
2026-03-08,10:15:00,7.1,7.14,7.1,7.14,106262
2026-03-08,10:30:00,7.14,7.2,7.09,7.1,166513
2026-03-08,10:45:00,7.1,7.1,7.05,7.07,67473
2026-03-08,11:00:00,7.07,7.08,7.05,7.07,97688
2026-03-08,11:15:00,7.06,7.08,7.02,7.07,127962
2026-03-08,11:30:00,7.08,7.09,7.05,7.09,31990
2026-03-08,11:45:00,7.09,7.12,7.06,7.1,31366
2026-03-08,12:00:00,7.11,7.11,7.06,7.08,48587
2026-03-08,12:15:00,7.08,7.09,7.06,7.08,44138
2026-03-08,12:30:00,7.08,7.09,7.07,7.09,15832
2026-03-08,12:45:00,7.08,7.11,7.08,7.11,21641
2026-03-08,13:00:00,7.1,7.13,7.1,7.13,64870
2026-03-08,13:15:00,7.13,7.15,7.11,7.12,62346
2026-03-08,13:30:00,7.12,7.15,7.11,7.14,41321
2026-03-08,13:45:00,7.15,7.15,7.12,7.12,34992
2026-03-08,14:00:00,7.13,7.14,7.12,7.13,30061
2026-03-08,14:15:00,7.13,7.14,7.11,7.13,51291
2026-03-08,14:30:00,7.13,7.14,7.12,7.13,20348
2026-03-08,14:45:00,7.13,7.16,7.12,7.16,77561
2026-03-08,15:00:00,7.15,7.15,7.15,7.15,19562
2026-03-08,15:15:00,7.15,7.15,7.15,7.15,4482
2026-03-09,10:00:00,7.16,7.16,7.06,7.12,103142
2026-03-09,10:15:00,7.12,7.16,7.1,7.14,85258
2026-03-09,10:30:00,7.13,7.13,7.08,7.1,85003
2026-03-09,10:45:00,7.1,7.12,7.06,7.07,102075
2026-03-09,11:00:00,7.07,7.08,7.01,7.03,71788
2026-03-09,11:15:00,7.01,7.04,6.99,7.0,74011
2026-03-09,11:30:00,7.01,7.01,6.97,6.98,48400
2026-03-09,11:45:00,6.99,6.99,6.9,6.98,82827
2026-03-09,12:00:00,6.98,6.98,6.93,6.98,33411
2026-03-09,12:15:00,6.97,6.97,6.93,6.93,79002
2026-03-09,12:30:00,6.95,6.95,6.9,6.92,18080
2026-03-09,12:45:00,6.92,6.94,6.9,6.93,45597
2026-03-09,13:00:00,6.93,6.94,6.91,6.93,64992
2026-03-09,13:15:00,6.94,6.94,6.92,6.92,12569
2026-03-09,13:30:00,6.92,6.93,6.9,6.93,23004
2026-03-09,13:45:00,6.92,6.93,6.9,6.93,47651
2026-03-09,14:00:00,6.93,6.94,6.91,6.91,29108
2026-03-09,14:15:00,6.91,6.92,6.89,6.9,71197
2026-03-09,14:30:00,6.89,6.91,6.89,6.9,21131
2026-03-09,14:45:00,6.9,6.9,6.87,6.87,64451
2026-03-09,15:00:00,6.87,6.87,6.87,6.87,14165
2026-03-09,15:15:00,6.87,6.87,6.87,6.87,1000
2026-03-10,10:00:00,6.88,7.0,6.88,6.95,87964
2026-03-10,10:15:00,6.98,6.98,6.91,6.95,25444
2026-03-10,10:30:00,6.95,6.95,6.92,6.95,10029
2026-03-10,10:45:00,6.94,6.95,6.92,6.94,65191
2026-03-10,11:00:00,6.94,6.97,6.93,6.95,24124
2026-03-10,11:15:00,6.95,6.95,6.94,6.95,1847
2026-03-10,11:30:00,6.95,6.95,6.94,6.95,17532
2026-03-10,11:45:00,6.95,6.98,6.95,6.96,22381
2026-03-10,12:00:00,6.98,6.98,6.94,6.96,17399
2026-03-10,12:15:00,6.95,6.97,6.94,6.96,8142
2026-03-10,12:30:00,6.96,6.96,6.93,6.94,10745
2026-03-10,12:45:00,6.95,6.96,6.92,6.94,12844
2026-03-10,13:00:00,6.94,6.94,6.92,6.94,6588
2026-03-10,13:15:00,6.94,6.95,6.93,6.93,12340
2026-03-10,13:30:00,6.95,6.96,6.93,6.93,8885
2026-03-10,13:45:00,6.94,6.94,6.8,6.9,172833
2026-03-10,14:00:00,6.91,7.03,6.9,7.01,119626
2026-03-10,14:15:00,7.02,7.06,7.0,7.03,96187
2026-03-10,14:30:00,7.04,7.05,7.01,7.04,28060
2026-03-10,14:45:00,7.04,7.06,7.01,7.02,80458
2026-03-10,15:00:00,7.03,7.03,7.03,7.03,3203
2026-03-10,15:15:00,7.03,7.03,7.03,7.03,10
2026-03-11,10:00:00,7.05,7.05,6.93,6.94,31516
2026-03-11,10:15:00,6.94,6.98,6.92,6.96,21685
2026-03-11,10:30:00,6.96,6.96,6.93,6.94,22575
2026-03-11,10:45:00,6.93,6.97,6.93,6.93,26626
2026-03-11,11:00:00,6.93,7.0,6.93,6.95,14914
2026-03-11,11:15:00,6.94,6.95,6.92,6.95,43577
2026-03-11,11:30:00,6.93,6.95,6.91,6.93,9011
2026-03-11,11:45:00,6.93,6.95,6.93,6.94,6522
2026-03-11,12:00:00,6.94,6.94,6.91,6.93,18738
2026-03-11,12:15:00,6.92,6.94,6.91,6.92,24026
2026-03-11,12:30:00,6.93,6.93,6.88,6.89,70964
2026-03-11,12:45:00,6.89,6.91,6.85,6.86,87833
2026-03-11,13:00:00,6.86,6.87,6.83,6.84,64095
2026-03-11,13:15:00,6.84,6.84,6.8,6.81,59095
2026-03-11,13:30:00,6.81,6.82,6.8,6.81,12940
2026-03-11,13:45:00,6.82,6.83,6.81,6.82,16042
2026-03-11,14:00:00,6.82,6.84,6.82,6.83,15163
2026-03-11,14:15:00,6.82,6.87,6.82,6.86,73960
2026-03-11,14:30:00,6.85,6.88,6.84,6.84,57473
2026-03-11,14:45:00,6.84,6.84,6.8,6.83,74102
2026-03-11,15:00:00,6.8,6.8,6.8,6.8,16957
2026-03-11,15:15:00,6.8,6.8,6.8,6.8,2500
2026-03-12,10:00:00,6.82,6.85,6.8,6.81,38053
2026-03-12,10:15:00,6.8,6.82,6.78,6.8,20926
2026-03-12,10:30:00,6.79,6.8,6.77,6.79,40917
2026-03-12,10:45:00,6.8,6.8,6.78,6.8,51139
2026-03-12,11:00:00,6.8,6.8,6.76,6.77,23518
2026-03-12,11:15:00,6.78,6.79,6.77,6.78,19132
2026-03-12,11:30:00,6.78,6.78,6.76,6.77,21763
2026-03-12,11:45:00,6.77,6.77,6.75,6.75,34658
2026-03-12,12:00:00,6.75,6.77,6.74,6.75,21918
2026-03-12,12:15:00,6.76,6.79,6.74,6.79,65577
2026-03-12,12:30:00,6.79,6.8,6.78,6.8,10917
2026-03-12,12:45:00,6.8,6.81,6.77,6.8,50066
2026-03-12,13:00:00,6.81,6.81,6.78,6.79,18048
2026-03-12,13:15:00,6.79,6.8,6.78,6.79,16574
2026-03-12,13:30:00,6.79,6.8,6.77,6.8,24883
2026-03-12,13:45:00,6.8,6.82,6.79,6.82,35524
2026-03-12,14:00:00,6.83,6.83,6.8,6.82,31865
2026-03-12,14:15:00,6.82,6.85,6.82,6.85,29457
2026-03-12,14:30:00,6.85,6.86,6.82,6.86,50906
2026-03-12,14:45:00,6.84,6.87,6.83,6.84,67694
2026-03-12,15:00:00,6.83,6.83,6.83,6.83,17028
2026-03-12,15:15:00,6.83,6.83,6.83,6.83,3756
2026-03-15,10:00:00,6.84,6.87,6.83,6.83,15907
2026-03-15,10:15:00,6.83,6.83,6.77,6.78,42562
2026-03-15,10:30:00,6.77,6.78,6.75,6.77,38366
2026-03-15,10:45:00,6.77,6.77,6.75,6.76,38769
2026-03-15,11:00:00,6.76,6.77,6.75,6.76,16713
2026-03-15,11:15:00,6.76,6.76,6.74,6.76,18855
2026-03-15,11:30:00,6.77,6.78,6.76,6.77,3361
2026-03-15,11:45:00,6.76,6.76,6.75,6.76,29924
2026-03-15,12:00:00,6.76,6.8,6.76,6.8,5919
2026-03-15,12:15:00,6.8,6.81,6.78,6.81,4370
2026-03-15,12:30:00,6.81,6.81,6.78,6.81,4833
2026-03-15,12:45:00,6.81,6.81,6.79,6.79,11608
2026-03-15,13:00:00,6.79,6.83,6.79,6.83,59326
2026-03-15,13:15:00,6.82,6.84,6.81,6.83,19954
2026-03-15,13:30:00,6.84,6.84,6.82,6.83,21363
2026-03-15,13:45:00,6.83,6.83,6.82,6.83,5995
2026-03-15,14:00:00,6.83,6.86,6.82,6.85,25374
2026-03-15,14:15:00,6.85,6.91,6.85,6.89,39969
2026-03-15,14:30:00,6.9,6.91,6.89,6.9,29334
2026-03-15,14:45:00,6.89,6.92,6.89,6.9,14992
2026-03-15,15:00:00,6.9,6.9,6.9,6.9,6199
2026-03-15,15:15:00,6.9,6.9,6.9,6.9,150
2026-03-16,10:00:00,6.9,6.93,6.87,6.9,85132
2026-03-16,10:15:00,6.9,6.9,6.86,6.87,6814
2026-03-16,10:30:00,6.86,6.88,6.85,6.88,8190
2026-03-16,10:45:00,6.87,6.88,6.86,6.87,1412
2026-03-16,11:00:00,6.88,6.92,6.87,6.92,22682
2026-03-16,11:15:00,6.93,6.94,6.93,6.93,8609
2026-03-16,11:30:00,6.94,6.94,6.9,6.92,2249
2026-03-16,11:45:00,6.92,6.94,6.92,6.93,10895
2026-03-16,12:00:00,6.93,6.96,6.92,6.93,37114
2026-03-16,12:15:00,6.94,6.94,6.93,6.93,348
2026-03-16,12:30:00,6.93,6.94,6.93,6.93,4284
2026-03-16,12:45:00,6.92,6.93,6.91,6.93,8433
2026-03-16,13:00:00,6.93,6.93,6.9,6.93,6261
2026-03-16,13:15:00,6.93,6.93,6.9,6.91,21352
2026-03-16,13:30:00,6.91,6.91,6.9,6.91,10695
2026-03-16,13:45:00,6.93,6.94,6.93,6.93,14232
2026-03-16,14:00:00,6.93,6.95,6.92,6.92,10890
2026-03-16,14:15:00,6.93,6.96,6.92,6.95,71550
2026-03-16,14:30:00,6.97,6.97,6.94,6.95,43563
2026-03-16,14:45:00,6.96,7.03,6.95,6.99,108677
2026-03-16,15:00:00,6.96,6.96,6.96,6.96,12606
2026-03-24,10:00:00,7.01,7.08,6.99,7.0,105088
2026-03-24,10:15:00,6.99,7.03,6.97,7.01,42651
2026-03-24,10:30:00,7.0,7.01,6.98,7.01,9781
2026-03-24,10:45:00,7.01,7.05,7.01,7.02,26763
2026-03-24,11:00:00,7.04,7.05,7.02,7.03,10133
2026-03-24,11:15:00,7.03,7.04,7.01,7.03,37861
2026-03-24,11:30:00,7.03,7.04,7.02,7.03,6020
2026-03-24,11:45:00,7.03,7.03,7.0,7.0,23341
2026-03-24,12:00:00,7.0,7.0,6.98,7.0,22621
2026-03-24,12:15:00,6.99,6.99,6.97,6.97,22924
2026-03-24,12:30:00,6.98,7.0,6.96,6.99,2751
2026-03-24,12:45:00,6.98,6.99,6.95,6.95,27799
2026-03-24,13:00:00,6.96,6.99,6.96,6.97,12719
2026-03-24,13:15:00,6.98,6.98,6.94,6.95,33946
2026-03-24,13:30:00,6.95,6.97,6.95,6.97,9478
2026-03-24,13:45:00,6.97,6.97,6.96,6.96,17368
2026-03-24,14:00:00,6.97,6.97,6.95,6.97,7460
2026-03-24,14:15:00,6.96,6.97,6.95,6.96,6151
2026-03-24,14:30:00,6.96,6.96,6.93,6.95,11467
2026-03-24,14:45:00,6.95,6.96,6.94,6.96,13438
2026-03-24,15:00:00,6.96,6.96,6.96,6.96,1705
2026-03-24,15:15:00,6.96,6.96,6.96,6.96,5137
2026-03-25,10:00:00,6.93,7.0,6.93,7.0,25274
2026-03-25,10:15:00,7.0,7.08,7.0,7.05,99212
2026-03-25,10:30:00,7.05,7.06,7.04,7.06,11615
2026-03-25,10:45:00,7.05,7.05,7.02,7.04,15573
2026-03-25,11:00:00,7.02,7.05,7.02,7.05,10271
2026-03-25,11:15:00,7.05,7.06,7.04,7.06,24727
2026-03-25,11:30:00,7.05,7.12,7.04,7.1,186125
2026-03-25,11:45:00,7.1,7.14,7.08,7.13,138634
2026-03-25,12:00:00,7.12,7.13,7.1,7.11,35402
2026-03-25,12:15:00,7.11,7.11,7.08,7.08,54262
2026-03-25,12:30:00,7.09,7.1,7.07,7.07,13486
2026-03-25,12:45:00,7.08,7.08,7.06,7.07,11991
2026-03-25,13:00:00,7.07,7.08,7.06,7.08,14700
2026-03-25,13:15:00,7.09,7.16,7.08,7.15,148939
2026-03-25,13:30:00,7.14,7.15,7.11,7.11,39213
2026-03-25,13:45:00,7.11,7.15,7.11,7.14,25096
2026-03-25,14:00:00,7.13,7.15,7.13,7.13,12528
2026-03-25,14:15:00,7.14,7.15,7.08,7.11,88438
2026-03-25,14:30:00,7.11,7.11,7.09,7.09,2817
2026-03-25,14:45:00,7.09,7.11,7.08,7.09,34648
2026-03-25,15:00:00,7.1,7.1,7.1,7.1,14350
2026-03-25,15:15:00,7.1,7.1,7.1,7.1,265
2026-03-26,10:00:00,7.11,7.21,7.09,7.16,173585
2026-03-26,10:15:00,7.17,7.18,7.15,7.16,83968
2026-03-26,10:30:00,7.15,7.16,7.06,7.08,224266
2026-03-26,10:45:00,7.06,7.07,7.04,7.07,118854
2026-03-26,11:00:00,7.07,7.07,7.04,7.05,43375
2026-03-26,11:15:00,7.06,7.08,7.06,7.06,32956
2026-03-26,11:30:00,7.07,7.08,7.05,7.07,32895
2026-03-26,11:45:00,7.07,7.09,7.07,7.09,30345
2026-03-26,12:00:00,7.09,7.1,7.06,7.07,33348
2026-03-26,12:15:00,7.09,7.09,7.05,7.05,86095
2026-03-26,12:30:00,7.05,7.06,7.04,7.05,17671
2026-03-26,12:45:00,7.05,7.05,7.04,7.05,31295
2026-03-26,13:00:00,7.04,7.05,7.04,7.05,11922
2026-03-26,13:15:00,7.05,7.06,7.04,7.05,12225
2026-03-26,13:30:00,7.05,7.06,7.04,7.05,44984
2026-03-26,13:45:00,7.05,7.06,7.04,7.05,25003
2026-03-26,14:00:00,7.04,7.05,7.01,7.02,93187
2026-03-26,14:15:00,7.02,7.03,7.01,7.02,45381
2026-03-26,14:30:00,7.03,7.05,7.03,7.04,26922
2026-03-26,14:45:00,7.04,7.04,7.0,7.02,93790
2026-03-26,15:00:00,7.01,7.01,7.01,7.01,35209
2026-03-26,15:15:00,7.01,7.01,7.01,7.01,5291
2026-03-29,10:00:00,7.01,7.03,6.97,6.99,180968
2026-03-29,10:15:00,7.0,7.0,6.95,6.97,283171
2026-03-29,10:30:00,6.97,6.98,6.96,6.97,56968
2026-03-29,10:45:00,6.98,7.0,6.97,7.0,45904
2026-03-29,11:00:00,7.0,7.0,6.94,6.95,106553
2026-03-29,11:15:00,6.95,6.97,6.94,6.96,78371
2026-03-29,11:30:00,6.97,6.98,6.95,6.98,14427
2026-03-29,11:45:00,6.97,6.98,6.96,6.97,17324
2026-03-29,12:00:00,6.98,6.98,6.96,6.97,58769
2026-03-29,12:15:00,6.97,6.97,6.95,6.96,11810
2026-03-29,12:30:00,6.96,6.97,6.94,6.94,53997
2026-03-29,12:45:00,6.96,6.96,6.91,6.93,33466
2026-03-29,13:00:00,6.92,6.93,6.92,6.93,19401
2026-03-29,13:15:00,6.93,7.05,6.9,7.05,321202
2026-03-29,13:30:00,7.04,7.1,6.98,7.03,448643
2026-03-29,13:45:00,7.06,7.06,6.97,7.04,199468
2026-03-29,14:00:00,7.03,7.05,6.98,6.98,69557
2026-03-29,14:15:00,6.99,7.0,6.97,6.98,29977
2026-03-29,14:30:00,6.98,6.99,6.97,6.97,35221
2026-03-29,14:45:00,6.97,6.99,6.95,6.96,31741
2026-03-29,15:00:00,6.96,6.96,6.96,6.96,36261
2026-03-29,15:15:00,6.96,6.96,6.96,6.96,7027
2026-03-30,10:00:00,6.98,7.0,6.94,6.95,75090
2026-03-30,10:15:00,6.95,6.96,6.9,6.91,317924
2026-03-30,10:30:00,6.92,6.93,6.88,6.88,142574
2026-03-30,10:45:00,6.89,6.91,6.88,6.88,74170
2026-03-30,11:00:00,6.89,6.9,6.84,6.85,209039
2026-03-30,11:15:00,6.85,6.87,6.83,6.86,80348
2026-03-30,11:30:00,6.87,6.88,6.84,6.87,71339
2026-03-30,11:45:00,6.87,6.88,6.85,6.85,43901
2026-03-30,12:00:00,6.85,6.88,6.84,6.87,90617
2026-03-30,12:15:00,6.86,6.89,6.85,6.89,21069
2026-03-30,12:30:00,6.89,6.89,6.85,6.88,38652
2026-03-30,12:45:00,6.88,6.88,6.8,6.86,123146
2026-03-30,13:00:00,6.86,6.89,6.84,6.88,57965
2026-03-30,13:15:00,6.88,6.9,6.87,6.88,73996
2026-03-30,13:30:00,6.88,6.9,6.87,6.89,41563
2026-03-30,13:45:00,6.89,6.9,6.87,6.9,65404
2026-03-30,14:00:00,6.89,6.91,6.87,6.88,214495
2026-03-30,14:15:00,6.88,6.9,6.86,6.86,30978
2026-03-30,14:30:00,6.87,6.88,6.85,6.85,75033
2026-03-30,14:45:00,6.86,6.9,6.85,6.88,67623
2026-03-30,15:00:00,6.88,6.88,6.88,6.88,40414
2026-03-30,15:15:00,6.88,6.88,6.88,6.88,25078
2026-03-31,10:00:00,6.85,6.89,6.81,6.85,164526
2026-03-31,10:15:00,6.85,6.88,6.85,6.85,93188
2026-03-31,10:30:00,6.86,6.89,6.85,6.88,137234
2026-03-31,10:45:00,6.89,6.9,6.84,6.85,162651
2026-03-31,11:00:00,6.85,6.94,6.84,6.91,320652
2026-03-31,11:15:00,6.91,6.97,6.89,6.94,237877
2026-03-31,11:30:00,6.94,7.01,6.92,6.96,412448
2026-03-31,11:45:00,6.96,7.01,6.93,6.94,376290
2026-03-31,12:00:00,6.94,6.96,6.9,6.92,190616
2026-03-31,12:15:00,6.91,6.99,6.89,6.98,722942
2026-03-31,12:30:00,6.98,7.0,6.98,6.99,582178
2026-03-31,12:45:00,6.98,6.99,6.94,6.98,185036
2026-03-31,13:00:00,6.98,6.99,6.95,6.98,243791
2026-03-31,13:15:00,6.99,6.99,6.97,6.99,181807
2026-03-31,13:30:00,6.99,6.99,6.97,6.98,78494
2026-03-31,13:45:00,6.98,7.0,6.97,6.99,248775
2026-03-31,14:00:00,7.0,7.0,6.97,6.99,161049
2026-03-31,14:15:00,6.99,6.99,6.96,6.98,78944
2026-03-31,14:30:00,6.98,6.99,6.97,6.99,99883
2026-03-31,14:45:00,6.99,7.0,6.95,7.0,356097
2026-03-31,15:00:00,7.0,7.0,7.0,7.0,45293
2026-03-31,15:15:00,7.0,7.0,7.0,7.0,120421
2026-04-01,10:00:00,7.01,7.05,6.94,7.0,776699
2026-04-01,10:15:00,7.0,7.05,6.98,7.01,466986
2026-04-01,10:30:00,7.02,7.05,7.01,7.04,203594
2026-04-01,10:45:00,7.05,7.07,7.02,7.04,173247
2026-04-01,11:00:00,7.04,7.05,6.99,7.02,270579
2026-04-01,11:15:00,7.01,7.03,6.96,6.97,328166
2026-04-01,11:30:00,6.97,7.02,6.94,7.01,286852
2026-04-01,11:45:00,7.01,7.1,6.99,7.09,511175
2026-04-01,12:00:00,7.09,7.11,6.99,7.02,494152
2026-04-01,12:15:00,7.02,7.04,7.01,7.03,61418
2026-04-01,12:30:00,7.04,7.05,6.99,7.02,182050
2026-04-01,12:45:00,7.01,7.02,6.98,7.0,169578
2026-04-01,13:00:00,6.99,7.0,6.98,6.99,30663
2026-04-01,13:15:00,7.0,7.03,6.99,7.01,120959
2026-04-01,13:30:00,7.02,7.03,7.0,7.03,50355
2026-04-01,13:45:00,7.02,7.03,7.0,7.0,100029
2026-04-01,14:00:00,7.0,7.0,6.95,6.98,280809
2026-04-01,14:15:00,6.99,7.01,6.98,7.01,114313
2026-04-01,14:30:00,7.0,7.01,6.97,6.97,423047
2026-04-01,14:45:00,6.97,6.97,6.94,6.94,354721
2026-04-01,15:00:00,6.94,6.94,6.94,6.94,85412
2026-04-01,15:15:00,6.94,6.94,6.94,6.94,23845
2026-04-02,10:00:00,6.92,6.92,6.82,6.88,627834
2026-04-02,10:15:00,6.88,6.9,6.84,6.89,220774
2026-04-02,10:30:00,6.89,6.94,6.89,6.91,170859
2026-04-02,10:45:00,6.91,6.94,6.89,6.9,229902
2026-04-02,11:00:00,6.9,6.9,6.84,6.85,242600
2026-04-02,11:15:00,6.85,6.87,6.81,6.83,567155
2026-04-02,11:30:00,6.82,6.87,6.82,6.87,164111
2026-04-02,11:45:00,6.86,6.87,6.85,6.86,62708
2026-04-02,12:00:00,6.85,6.89,6.84,6.88,122681
2026-04-02,12:15:00,6.87,6.89,6.87,6.87,73988
2026-04-02,12:30:00,6.86,6.89,6.86,6.89,38631
2026-04-02,12:45:00,6.89,6.9,6.85,6.86,211747
2026-04-02,13:00:00,6.85,6.86,6.85,6.86,73836
2026-04-02,13:15:00,6.86,6.86,6.84,6.85,92216
2026-04-02,13:30:00,6.85,6.85,6.83,6.84,154022
2026-04-02,13:45:00,6.84,6.86,6.83,6.85,66497
2026-04-02,14:00:00,6.85,6.85,6.82,6.82,117748
2026-04-02,14:15:00,6.83,6.84,6.82,6.83,73880
2026-04-02,14:30:00,6.84,6.85,6.83,6.85,173903
2026-04-02,14:45:00,6.86,6.86,6.84,6.85,110845
2026-04-02,15:00:00,6.83,6.83,6.83,6.83,159883
2026-04-02,15:15:00,6.83,6.83,6.83,6.83,31916
2026-04-05,10:00:00,6.85,6.89,6.81,6.88,269060
2026-04-05,10:15:00,6.88,6.88,6.84,6.85,102828
2026-04-05,10:30:00,6.85,6.9,6.85,6.87,202327
2026-04-05,10:45:00,6.86,6.86,6.83,6.85,159228
2026-04-05,11:00:00,6.86,6.86,6.83,6.85,39307
2026-04-05,11:15:00,6.85,6.85,6.82,6.83,174543
2026-04-05,11:30:00,6.82,6.85,6.81,6.83,87087
2026-04-05,11:45:00,6.83,6.85,6.82,6.84,69773
2026-04-05,12:00:00,6.84,6.85,6.82,6.83,64905
2026-04-05,12:15:00,6.83,6.83,6.81,6.83,204076
2026-04-05,12:30:00,6.82,6.83,6.81,6.81,12965
2026-04-05,12:45:00,6.82,6.82,6.8,6.8,179220
2026-04-05,13:00:00,6.81,6.83,6.81,6.81,56214
2026-04-05,13:15:00,6.83,6.84,6.81,6.83,30170
2026-04-05,13:30:00,6.83,6.84,6.82,6.84,44818
2026-04-05,13:45:00,6.83,6.85,6.83,6.84,20633
2026-04-05,14:00:00,6.84,6.89,6.83,6.86,231295
2026-04-05,14:15:00,6.85,6.87,6.84,6.85,21387
2026-04-05,14:30:00,6.85,6.85,6.83,6.84,99518
2026-04-05,14:45:00,6.84,6.84,6.82,6.82,88914
2026-04-05,15:00:00,6.82,6.82,6.82,6.82,52593
2026-04-05,15:15:00,6.82,6.82,6.82,6.82,5122
2026-04-06,10:00:00,6.84,6.85,6.83,6.85,71366
2026-04-06,10:15:00,6.84,6.87,6.82,6.84,107605
2026-04-06,10:30:00,6.84,6.85,6.78,6.8,294542
2026-04-06,10:45:00,6.8,6.81,6.78,6.8,151998
2026-04-06,11:00:00,6.79,6.79,6.76,6.78,208155
2026-04-06,11:15:00,6.78,6.79,6.76,6.78,70392
2026-04-06,11:30:00,6.78,6.79,6.77,6.79,26777
2026-04-06,11:45:00,6.79,6.79,6.77,6.79,23021
2026-04-06,12:00:00,6.79,6.8,6.78,6.79,41409
2026-04-06,12:15:00,6.79,6.8,6.78,6.8,19227
2026-04-06,12:30:00,6.79,6.8,6.77,6.78,86197
2026-04-06,12:45:00,6.78,6.78,6.76,6.77,45382
2026-04-06,13:00:00,6.77,6.78,6.75,6.78,61855
2026-04-06,13:15:00,6.78,6.79,6.77,6.78,30936
2026-04-06,13:30:00,6.77,6.78,6.77,6.78,22350
2026-04-06,13:45:00,6.77,6.79,6.77,6.79,27914
2026-04-06,14:00:00,6.79,6.79,6.77,6.78,13335
2026-04-06,14:15:00,6.78,6.79,6.78,6.79,11967
2026-04-06,14:30:00,6.79,6.79,6.77,6.79,70622
2026-04-06,14:45:00,6.78,6.79,6.78,6.78,83169
2026-04-06,15:00:00,6.78,6.78,6.78,6.78,262962
2026-04-06,15:15:00,6.78,6.78,6.78,6.78,20053
2026-04-07,10:00:00,6.78,6.78,6.68,6.72,157824
2026-04-07,10:15:00,6.73,6.73,6.63,6.64,248211
2026-04-07,10:30:00,6.63,6.65,6.62,6.65,116047
2026-04-07,10:45:00,6.65,6.68,6.6,6.64,192722
2026-04-07,11:00:00,6.63,6.64,6.6,6.6,248359
2026-04-07,11:15:00,6.6,6.6,6.56,6.59,196548
2026-04-07,11:30:00,6.58,6.6,6.57,6.59,49062
2026-04-07,11:45:00,6.59,6.62,6.58,6.61,47202
2026-04-07,12:00:00,6.6,6.62,6.59,6.61,45993
2026-04-07,12:15:00,6.62,6.62,6.6,6.61,14205
2026-04-07,12:30:00,6.6,6.61,6.58,6.6,40245
2026-04-07,12:45:00,6.61,6.61,6.58,6.59,41865
2026-04-07,13:00:00,6.59,6.6,6.58,6.59,97009
2026-04-07,13:15:00,6.59,6.61,6.58,6.6,60788
2026-04-07,13:30:00,6.59,6.61,6.59,6.6,39460
2026-04-07,13:45:00,6.59,6.6,6.58,6.59,58361
2026-04-07,14:00:00,6.59,6.6,6.55,6.59,169441
2026-04-07,14:15:00,6.59,6.59,6.52,6.54,161778
2026-04-07,14:30:00,6.54,6.55,6.51,6.53,122814
2026-04-07,14:45:00,6.52,6.57,6.52,6.54,103160
2026-04-07,15:00:00,6.53,6.53,6.53,6.53,17805
2026-04-07,15:15:00,6.53,6.53,6.53,6.53,4842
2026-04-08,10:00:00,6.76,6.8,6.71,6.75,590086
2026-04-08,10:15:00,6.76,6.78,6.74,6.75,260254
2026-04-08,10:30:00,6.76,6.79,6.75,6.78,192885
2026-04-08,10:45:00,6.78,6.8,6.77,6.79,80386
2026-04-08,11:00:00,6.8,6.8,6.77,6.78,146347
2026-04-08,11:15:00,6.78,6.81,6.78,6.8,166645
2026-04-08,11:30:00,6.79,6.81,6.78,6.8,81409
2026-04-08,11:45:00,6.79,6.8,6.78,6.79,38873
2026-04-08,12:00:00,6.79,6.82,6.77,6.82,292974
2026-04-08,12:15:00,6.81,6.82,6.8,6.81,50446
2026-04-08,12:30:00,6.8,6.83,6.8,6.81,131267
2026-04-08,12:45:00,6.81,6.82,6.79,6.82,144712
2026-04-08,13:00:00,6.81,6.83,6.81,6.83,126993
2026-04-08,13:15:00,6.82,6.83,6.81,6.83,86079
2026-04-08,13:30:00,6.83,6.88,6.82,6.88,325417
2026-04-08,13:45:00,6.88,6.88,6.85,6.87,92025
2026-04-08,14:00:00,6.87,6.88,6.84,6.85,109794
2026-04-08,14:15:00,6.85,6.86,6.84,6.86,75651
2026-04-08,14:30:00,6.85,6.87,6.84,6.85,55877
2026-04-08,14:45:00,6.85,6.86,6.83,6.85,86907
2026-04-08,15:00:00,6.86,6.86,6.86,6.86,14230
2026-04-08,15:15:00,6.86,6.86,6.86,6.86,15163
2026-04-09,10:00:00,6.82,6.82,6.75,6.76,252950
2026-04-09,10:15:00,6.77,6.77,6.72,6.75,181295
2026-04-09,10:30:00,6.74,6.76,6.73,6.74,99583
2026-04-09,10:45:00,6.74,6.76,6.73,6.73,52185
2026-04-09,11:00:00,6.74,6.76,6.73,6.75,112056
2026-04-09,11:15:00,6.75,6.76,6.74,6.75,44382
2026-04-09,11:30:00,6.75,6.77,6.73,6.75,81562
2026-04-09,11:45:00,6.74,6.76,6.74,6.75,21875
2026-04-09,12:00:00,6.74,6.76,6.73,6.75,96740
2026-04-09,12:15:00,6.75,6.76,6.74,6.76,52519
2026-04-09,12:30:00,6.75,6.76,6.75,6.76,5185
2026-04-09,12:45:00,6.75,6.76,6.74,6.74,17403
2026-04-09,13:00:00,6.75,6.75,6.74,6.74,11174
2026-04-09,13:15:00,6.75,6.76,6.74,6.76,35982
2026-04-09,13:30:00,6.75,6.77,6.75,6.77,49880
2026-04-09,13:45:00,6.77,6.77,6.74,6.74,141044
2026-04-09,14:00:00,6.73,6.75,6.73,6.73,88294
2026-04-09,14:15:00,6.74,6.75,6.74,6.74,73557
2026-04-09,14:30:00,6.74,6.74,6.72,6.74,29365
2026-04-09,14:45:00,6.73,6.74,6.72,6.73,82889
2026-04-09,15:00:00,6.74,6.74,6.74,6.74,39997
2026-04-09,15:15:00,6.74,6.74,6.74,6.74,3500
2026-04-12,10:00:00,6.66,6.67,6.62,6.65,508189
2026-04-12,10:15:00,6.64,6.7,6.64,6.66,271854
2026-04-12,10:30:00,6.67,6.69,6.65,6.66,88892
2026-04-12,10:45:00,6.67,6.68,6.63,6.66,131398
2026-04-12,11:00:00,6.66,6.68,6.65,6.67,34197
2026-04-12,11:15:00,6.68,6.68,6.62,6.64,260554
2026-04-12,11:30:00,6.65,6.65,6.62,6.64,123249
2026-04-12,11:45:00,6.65,6.65,6.62,6.64,67506
2026-04-12,12:00:00,6.64,6.64,6.63,6.63,69550
2026-04-12,12:15:00,6.63,6.63,6.58,6.6,220513
2026-04-12,12:30:00,6.6,6.62,6.59,6.6,92214
2026-04-12,12:45:00,6.6,6.61,6.59,6.6,289086
2026-04-12,13:00:00,6.61,6.61,6.59,6.6,85299
2026-04-12,13:15:00,6.59,6.6,6.58,6.59,95370
2026-04-12,13:30:00,6.6,6.61,6.58,6.59,58258
2026-04-12,13:45:00,6.6,6.61,6.58,6.58,120363
2026-04-12,14:00:00,6.58,6.6,6.57,6.59,66426
2026-04-12,14:15:00,6.6,6.61,6.58,6.59,85389
2026-04-12,14:30:00,6.6,6.6,6.56,6.57,206043
2026-04-12,14:45:00,6.56,6.57,6.54,6.54,382778
2026-04-12,15:00:00,6.54,6.54,6.54,6.54,267387
2026-04-12,15:15:00,6.54,6.54,6.54,6.54,110173
2026-04-13,10:00:00,6.6,6.6,6.5,6.51,444449
2026-04-13,10:15:00,6.51,6.54,6.49,6.5,315537
2026-04-13,10:30:00,6.52,6.53,6.47,6.48,291999
2026-04-13,10:45:00,6.5,6.5,6.49,6.5,321011
2026-04-13,11:00:00,6.49,6.5,6.48,6.49,49232
2026-04-13,11:15:00,6.5,6.5,6.47,6.5,284957
2026-04-13,11:30:00,6.51,6.51,6.48,6.5,69085
2026-04-13,11:45:00,6.5,6.5,6.49,6.5,70773
2026-04-13,12:00:00,6.49,6.5,6.48,6.49,133595
2026-04-13,12:15:00,6.5,6.5,6.48,6.49,86333
2026-04-13,12:30:00,6.49,6.5,6.48,6.49,81447
2026-04-13,12:45:00,6.5,6.5,6.48,6.5,36977
2026-04-13,13:00:00,6.49,6.5,6.49,6.5,126229
2026-04-13,13:15:00,6.5,6.5,6.49,6.5,93976
2026-04-13,13:30:00,6.5,6.5,6.49,6.49,50546
2026-04-13,13:45:00,6.49,6.53,6.48,6.52,110129
2026-04-13,14:00:00,6.52,6.55,6.5,6.5,199809
2026-04-13,14:15:00,6.52,6.52,6.49,6.51,66261
2026-04-13,14:30:00,6.5,6.52,6.48,6.49,208392
2026-04-13,14:45:00,6.49,6.5,6.48,6.5,179117
2026-04-13,15:00:00,6.49,6.49,6.49,6.49,146073
2026-04-13,15:15:00,6.49,6.49,6.49,6.49,14724
2026-04-14,10:00:00,6.5,6.6,6.5,6.59,462762
2026-04-14,10:15:00,6.58,6.63,6.57,6.58,366139
2026-04-14,10:30:00,6.58,6.62,6.58,6.59,191345
2026-04-14,10:45:00,6.59,6.64,6.59,6.64,271610
2026-04-14,11:00:00,6.63,6.66,6.62,6.64,198941
2026-04-14,11:15:00,6.63,6.66,6.63,6.65,110191
2026-04-14,11:30:00,6.64,6.65,6.63,6.64,119791
2026-04-14,11:45:00,6.63,6.65,6.63,6.64,78227
2026-04-14,12:00:00,6.64,6.65,6.63,6.64,53746
2026-04-14,12:15:00,6.64,6.66,6.64,6.65,225749
2026-04-14,12:30:00,6.64,6.66,6.64,6.64,44738
2026-04-14,12:45:00,6.64,6.65,6.62,6.62,31128
2026-04-14,13:00:00,6.62,6.64,6.62,6.64,14459
2026-04-14,13:15:00,6.64,6.68,6.64,6.68,143732
2026-04-14,13:30:00,6.68,6.69,6.67,6.68,86493
2026-04-14,13:45:00,6.68,6.72,6.67,6.7,625418
2026-04-14,14:00:00,6.71,6.75,6.68,6.75,492235
2026-04-14,14:15:00,6.76,6.77,6.72,6.74,193312
2026-04-14,14:30:00,6.74,6.75,6.69,6.71,126779
2026-04-14,14:45:00,6.71,6.75,6.69,6.74,300797
2026-04-14,15:00:00,6.73,6.73,6.73,6.73,25101
2026-04-14,15:15:00,6.73,6.73,6.73,6.73,6114
2026-04-15,10:00:00,6.74,6.75,6.69,6.75,190238
2026-04-15,10:15:00,6.75,6.76,6.69,6.71,247747
2026-04-15,10:30:00,6.71,6.74,6.66,6.73,594249
2026-04-15,10:45:00,6.74,6.77,6.72,6.76,222273
2026-04-15,11:00:00,6.76,6.81,6.74,6.78,529877
2026-04-15,11:15:00,6.77,6.84,6.77,6.82,417527
2026-04-15,11:30:00,6.83,6.88,6.8,6.88,377129
2026-04-15,11:45:00,6.87,6.88,6.84,6.84,342943
2026-04-15,12:00:00,6.83,6.85,6.81,6.85,45602
2026-04-15,12:15:00,6.84,6.87,6.84,6.86,186968
2026-04-15,12:30:00,6.85,6.88,6.85,6.87,163917
2026-04-15,12:45:00,6.87,6.93,6.87,6.9,569863
2026-04-15,13:00:00,6.91,6.91,6.89,6.9,107893
2026-04-15,13:15:00,6.9,6.9,6.85,6.88,248156
2026-04-15,13:30:00,6.88,6.9,6.87,6.9,285021
2026-04-15,13:45:00,6.89,6.91,6.89,6.89,39625
2026-04-15,14:00:00,6.9,6.92,6.9,6.91,204621
2026-04-15,14:15:00,6.9,6.9,6.87,6.89,109483
2026-04-15,14:30:00,6.88,6.92,6.88,6.92,212970
2026-04-15,14:45:00,6.91,6.92,6.86,6.89,383979
2026-04-15,15:00:00,6.9,6.9,6.9,6.9,36196
2026-04-15,15:15:00,6.9,6.9,6.9,6.9,42329
2026-04-16,10:00:00,6.92,7.41,6.91,7.41,3583383
2026-04-16,10:15:00,7.41,7.54,7.31,7.4,2753213
2026-04-16,10:30:00,7.4,7.4,7.28,7.3,1503859
2026-04-16,10:45:00,7.3,7.32,7.21,7.26,1300414
2026-04-16,11:00:00,7.26,7.29,7.23,7.26,499113
2026-04-16,11:15:00,7.26,7.28,7.25,7.26,262859
2026-04-16,11:30:00,7.27,7.33,7.25,7.32,476847
2026-04-16,11:45:00,7.32,7.33,7.25,7.26,379058
2026-04-16,12:00:00,7.26,7.27,7.22,7.24,344981
2026-04-16,12:15:00,7.24,7.25,7.21,7.22,314909
2026-04-16,12:30:00,7.23,7.24,7.19,7.2,350872
2026-04-16,12:45:00,7.19,7.24,7.19,7.23,148591
2026-04-16,13:00:00,7.24,7.26,7.22,7.25,192878
2026-04-16,13:15:00,7.24,7.25,7.22,7.23,108349
2026-04-16,13:30:00,7.22,7.25,7.18,7.2,481931
2026-04-16,13:45:00,7.19,7.2,7.17,7.19,283238
2026-04-16,14:00:00,7.18,7.19,7.1,7.13,1032585
2026-04-16,14:15:00,7.13,7.17,7.11,7.17,457498
2026-04-16,14:30:00,7.17,7.18,7.12,7.14,345835
2026-04-16,14:45:00,7.14,7.16,7.12,7.14,385429
2026-04-16,15:00:00,7.15,7.15,7.15,7.15,178468
2026-04-16,15:15:00,7.15,7.15,7.15,7.15,9193
2026-04-19,10:00:00,7.26,7.42,7.25,7.35,2000969
2026-04-19,10:15:00,7.34,7.41,7.33,7.4,931811
2026-04-19,10:30:00,7.4,7.41,7.36,7.38,412331
2026-04-19,10:45:00,7.39,7.57,7.37,7.57,1702471
2026-04-19,11:00:00,7.57,7.62,7.48,7.52,1513344
2026-04-19,11:15:00,7.52,7.53,7.45,7.46,471737
2026-04-19,11:30:00,7.46,7.46,7.4,7.42,712052
2026-04-19,11:45:00,7.43,7.45,7.41,7.43,217286
2026-04-19,12:00:00,7.43,7.59,7.42,7.56,1193381
2026-04-19,12:15:00,7.55,7.57,7.49,7.54,548199
2026-04-19,12:30:00,7.54,7.66,7.49,7.66,1048744
2026-04-19,12:45:00,7.66,7.67,7.52,7.56,876795
2026-04-19,13:00:00,7.55,7.64,7.54,7.64,739198
2026-04-19,13:15:00,7.62,7.66,7.59,7.61,779082
2026-04-19,13:30:00,7.63,7.75,7.59,7.61,1691393
2026-04-19,13:45:00,7.61,7.63,7.5,7.56,941583
2026-04-19,14:00:00,7.55,7.6,7.55,7.59,303056
2026-04-19,14:15:00,7.57,7.61,7.52,7.52,412877
2026-04-19,14:30:00,7.52,7.59,7.52,7.56,420565
2026-04-19,14:45:00,7.56,7.57,7.51,7.55,427337
2026-04-19,15:00:00,7.54,7.54,7.54,7.54,140094
2026-04-19,15:15:00,7.54,7.54,7.54,7.54,16438
2026-04-20,10:00:00,7.65,7.65,7.46,7.49,1279358
2026-04-20,10:15:00,7.48,7.52,7.46,7.46,651809
2026-04-20,10:30:00,7.46,7.49,7.38,7.43,793390
2026-04-20,10:45:00,7.43,7.46,7.41,7.43,435518
2026-04-20,11:00:00,7.41,7.45,7.4,7.43,442847
2026-04-20,11:15:00,7.43,7.44,7.4,7.43,171566
2026-04-20,11:30:00,7.42,7.44,7.4,7.42,160529
2026-04-20,11:45:00,7.41,7.44,7.38,7.41,326730
2026-04-20,12:00:00,7.41,7.43,7.39,7.41,196514
2026-04-20,12:15:00,7.41,7.43,7.4,7.4,277563
2026-04-20,12:30:00,7.39,7.41,7.38,7.4,198023
2026-04-20,12:45:00,7.41,7.42,7.37,7.38,149990
2026-04-20,13:00:00,7.39,7.41,7.38,7.4,106350
2026-04-20,13:15:00,7.41,7.41,7.36,7.38,202145
2026-04-20,13:30:00,7.37,7.38,7.34,7.35,307830
2026-04-20,13:45:00,7.36,7.38,7.35,7.35,158853
2026-04-20,14:00:00,7.35,7.36,7.31,7.32,331918
2026-04-20,14:15:00,7.33,7.35,7.31,7.32,259968
2026-04-20,14:30:00,7.33,7.35,7.31,7.34,149361
2026-04-20,14:45:00,7.34,7.35,7.3,7.33,275901
2026-04-20,15:00:00,7.33,7.33,7.33,7.33,48436
2026-04-20,15:15:00,7.33,7.33,7.33,7.33,2063
2026-04-21,10:00:00,7.36,7.49,7.36,7.37,935435
2026-04-21,10:15:00,7.37,7.42,7.36,7.39,173818
2026-04-21,10:30:00,7.4,7.4,7.34,7.37,303922
2026-04-21,10:45:00,7.36,7.36,7.32,7.34,149228
2026-04-21,11:00:00,7.35,7.36,7.31,7.34,196393
2026-04-21,11:15:00,7.33,7.36,7.32,7.35,125610
2026-04-21,11:30:00,7.36,7.36,7.31,7.33,136670
2026-04-21,11:45:00,7.33,7.36,7.31,7.33,197305
2026-04-21,12:00:00,7.33,7.33,7.29,7.3,86953
2026-04-21,12:15:00,7.29,7.34,7.26,7.34,220590
2026-04-21,12:30:00,7.34,7.34,7.31,7.34,88005
2026-04-21,12:45:00,7.33,7.35,7.33,7.35,75942
2026-04-21,13:00:00,7.35,7.35,7.33,7.34,56307
2026-04-21,13:15:00,7.34,7.35,7.29,7.29,183663
2026-04-21,13:30:00,7.3,7.31,7.28,7.28,76116
2026-04-21,13:45:00,7.28,7.3,7.26,7.27,164983
2026-04-21,14:00:00,7.27,7.28,7.24,7.25,153074
2026-04-21,14:15:00,7.25,7.28,7.25,7.27,56181
2026-04-21,14:30:00,7.27,7.29,7.26,7.27,84016
2026-04-21,14:45:00,7.27,7.29,7.26,7.29,145461
2026-04-21,15:00:00,7.28,7.28,7.28,7.28,15513
2026-04-21,15:15:00,7.28,7.28,7.28,7.28,8972
2026-04-22,10:00:00,7.29,7.31,7.26,7.28,298587
2026-04-22,10:15:00,7.29,7.33,7.27,7.3,142851
2026-04-22,10:30:00,7.3,7.32,7.26,7.3,128479
2026-04-22,10:45:00,7.27,7.31,7.26,7.3,154755
2026-04-22,11:00:00,7.3,7.34,7.27,7.32,343210
2026-04-22,11:15:00,7.33,7.42,7.3,7.3,658684
2026-04-22,11:30:00,7.33,7.33,7.25,7.29,221519
2026-04-22,11:45:00,7.3,7.3,7.26,7.29,182889
2026-04-22,12:00:00,7.27,7.3,7.26,7.28,101360
2026-04-22,12:15:00,7.28,7.28,7.22,7.24,196118
2026-04-22,12:30:00,7.25,7.27,7.23,7.24,71597
2026-04-22,12:45:00,7.23,7.26,7.22,7.22,74722
2026-04-22,13:00:00,7.23,7.23,7.19,7.2,475935
2026-04-22,13:15:00,7.2,7.21,7.19,7.2,72117
2026-04-22,13:30:00,7.19,7.2,7.15,7.2,208964
2026-04-22,13:45:00,7.2,7.2,7.16,7.17,58462
2026-04-22,14:00:00,7.17,7.19,7.15,7.15,99466
2026-04-22,14:15:00,7.16,7.17,7.15,7.16,93594
2026-04-22,14:30:00,7.16,7.18,7.16,7.18,69037
2026-04-22,14:45:00,7.17,7.25,7.15,7.24,343062
2026-04-22,15:00:00,7.24,7.24,7.24,7.24,57453
2026-04-22,15:15:00,7.24,7.24,7.24,7.24,755
2026-04-23,10:00:00,7.23,7.23,7.15,7.19,207623
2026-04-23,10:15:00,7.2,7.22,7.16,7.2,183631
2026-04-23,10:30:00,7.19,7.22,7.16,7.18,91110
2026-04-23,10:45:00,7.18,7.18,7.14,7.15,57945
2026-04-23,11:00:00,7.16,7.2,7.13,7.15,122091
2026-04-23,11:15:00,7.16,7.19,7.14,7.15,168222
2026-04-23,11:30:00,7.16,7.19,7.09,7.15,322188
2026-04-23,11:45:00,7.14,7.16,7.13,7.16,163305
2026-04-23,12:00:00,7.16,7.16,7.11,7.13,54357
2026-04-23,12:15:00,7.13,7.14,7.1,7.14,61975
2026-04-23,12:30:00,7.14,7.14,7.11,7.13,43952
2026-04-23,12:45:00,7.13,7.14,7.11,7.12,33038
2026-04-23,13:00:00,7.12,7.13,7.1,7.12,35654
2026-04-23,13:15:00,7.11,7.14,7.11,7.14,74373
2026-04-23,13:30:00,7.13,7.14,7.1,7.11,47009
2026-04-23,13:45:00,7.12,7.12,7.1,7.1,124476
2026-04-23,14:00:00,7.09,7.13,7.09,7.13,72576
2026-04-23,14:15:00,7.12,7.15,7.12,7.13,67337
2026-04-23,14:30:00,7.13,7.14,7.11,7.13,39090
2026-04-23,14:45:00,7.14,7.14,7.08,7.12,132047
2026-04-23,15:00:00,7.16,7.16,7.16,7.16,102332
2026-04-23,15:15:00,7.16,7.16,7.16,7.16,997
2026-04-26,10:00:00,7.17,7.35,7.16,7.33,787659
2026-04-26,10:15:00,7.32,7.38,7.3,7.32,559539
2026-04-26,10:30:00,7.32,7.35,7.25,7.28,451412
2026-04-26,10:45:00,7.28,7.31,7.26,7.29,290841
2026-04-26,11:00:00,7.29,7.3,7.27,7.3,163948
2026-04-26,11:15:00,7.3,7.33,7.27,7.29,133011
2026-04-26,11:30:00,7.29,7.31,7.28,7.28,88131
2026-04-26,11:45:00,7.28,7.3,7.27,7.28,169315
2026-04-26,12:00:00,7.29,7.3,7.26,7.29,71910
2026-04-26,12:15:00,7.29,7.29,7.25,7.26,79804
2026-04-26,12:30:00,7.25,7.25,7.22,7.23,165029
2026-04-26,12:45:00,7.24,7.24,7.22,7.24,47163
2026-04-26,13:00:00,7.24,7.27,7.23,7.23,45362
2026-04-26,13:15:00,7.24,7.27,7.23,7.25,33987
2026-04-26,13:30:00,7.25,7.26,7.22,7.23,24591
2026-04-26,13:45:00,7.24,7.25,7.23,7.24,18123
2026-04-26,14:00:00,7.25,7.27,7.22,7.27,155080
2026-04-26,14:15:00,7.27,7.29,7.25,7.27,65827
2026-04-26,14:30:00,7.25,7.27,7.24,7.24,58562
2026-04-26,14:45:00,7.24,7.28,7.23,7.27,156831
2026-04-26,15:00:00,7.29,7.29,7.29,7.29,90894
2026-04-26,15:15:00,7.29,7.29,7.29,7.29,43325
2026-04-27,10:00:00,7.33,7.39,7.28,7.37,867085
2026-04-27,10:15:00,7.37,7.53,7.3,7.44,1382640
2026-04-27,10:30:00,7.45,7.48,7.42,7.46,489329
2026-04-27,10:45:00,7.45,7.46,7.41,7.46,373498
2026-04-27,11:00:00,7.45,7.49,7.41,7.42,293596
2026-04-27,11:15:00,7.42,7.44,7.35,7.37,238898
2026-04-27,11:30:00,7.38,7.4,7.35,7.4,252606
2026-04-27,11:45:00,7.36,7.39,7.35,7.36,138962
2026-04-27,12:00:00,7.36,7.4,7.35,7.38,127461
2026-04-27,12:15:00,7.39,7.43,7.37,7.41,148391
2026-04-27,12:30:00,7.41,7.42,7.38,7.42,91097
2026-04-27,12:45:00,7.42,7.43,7.39,7.41,118872
2026-04-27,13:00:00,7.4,7.46,7.4,7.46,132466
2026-04-27,13:15:00,7.45,7.53,7.44,7.52,762012
2026-04-27,13:30:00,7.52,7.62,7.52,7.56,1794113
2026-04-27,13:45:00,7.56,7.57,7.51,7.55,388488
2026-04-27,14:00:00,7.55,7.56,7.48,7.53,473857
2026-04-27,14:15:00,7.53,7.59,7.51,7.53,387489
2026-04-27,14:30:00,7.54,7.62,7.49,7.5,892151
2026-04-27,14:45:00,7.51,7.53,7.46,7.47,463441
2026-04-27,15:00:00,7.47,7.47,7.47,7.47,124677
2026-04-27,15:15:00,7.47,7.47,7.47,7.47,159481
2026-04-28,10:00:00,7.49,7.5,7.29,7.32,1445521
2026-04-28,10:15:00,7.32,7.34,7.23,7.27,1048850
2026-04-28,10:30:00,7.26,7.29,7.24,7.27,454610
2026-04-28,10:45:00,7.27,7.28,7.22,7.26,373150
2026-04-28,11:00:00,7.26,7.28,7.24,7.27,152273
2026-04-28,11:15:00,7.26,7.27,7.23,7.24,140429
2026-04-28,11:30:00,7.25,7.27,7.24,7.26,74206
2026-04-28,11:45:00,7.27,7.31,7.26,7.31,160026
2026-04-28,12:00:00,7.31,7.34,7.3,7.32,195201
2026-04-28,12:15:00,7.31,7.33,7.27,7.3,116735
2026-04-28,12:30:00,7.3,7.31,7.27,7.28,65669
2026-04-28,12:45:00,7.28,7.3,7.28,7.29,76276
2026-04-28,13:00:00,7.3,7.3,7.27,7.29,172228
2026-04-28,13:15:00,7.28,7.29,7.26,7.26,177770
2026-04-28,13:30:00,7.26,7.28,7.26,7.27,127836
2026-04-28,13:45:00,7.27,7.28,7.26,7.27,176265
2026-04-28,14:00:00,7.27,7.3,7.26,7.27,153255
2026-04-28,14:15:00,7.28,7.29,7.26,7.28,84580
2026-04-28,14:30:00,7.28,7.28,7.26,7.26,109804
2026-04-28,14:45:00,7.26,7.28,7.26,7.27,131661
2026-04-28,15:00:00,7.27,7.27,7.27,7.27,32728
2026-04-28,15:15:00,7.27,7.27,7.27,7.27,35071
2026-04-29,10:00:00,7.26,7.28,7.22,7.24,295024
2026-04-29,10:15:00,7.23,7.27,7.23,7.24,84776
2026-04-29,10:30:00,7.24,7.27,7.23,7.24,111801
2026-04-29,10:45:00,7.24,7.28,7.23,7.23,223485
2026-04-29,11:00:00,7.23,7.26,7.22,7.25,101617
2026-04-29,11:15:00,7.24,7.25,7.22,7.24,80864
2026-04-29,11:30:00,7.24,7.25,7.22,7.24,125704
2026-04-29,11:45:00,7.24,7.26,7.24,7.25,46965
2026-04-29,12:00:00,7.24,7.25,7.23,7.24,88744
2026-04-29,12:15:00,7.24,7.25,7.21,7.22,174251
2026-04-29,12:30:00,7.22,7.24,7.22,7.22,61262
2026-04-29,12:45:00,7.23,7.27,7.23,7.27,81783
2026-04-29,13:00:00,7.27,7.32,7.27,7.29,283603
2026-04-29,13:15:00,7.3,7.3,7.27,7.29,73699
2026-04-29,13:30:00,7.29,7.3,7.26,7.28,50448
2026-04-29,13:45:00,7.28,7.28,7.26,7.27,93958
2026-04-29,14:00:00,7.26,7.28,7.26,7.26,79424
2026-04-29,14:15:00,7.27,7.28,7.26,7.26,86378
2026-04-29,14:30:00,7.27,7.28,7.26,7.26,119863
2026-04-29,14:45:00,7.27,7.28,7.25,7.27,254745
2026-04-29,15:00:00,7.26,7.26,7.26,7.26,42036
2026-04-29,15:15:00,7.26,7.26,7.26,7.26,2271
2026-04-30,10:00:00,7.28,7.28,7.18,7.22,327379
2026-04-30,10:15:00,7.22,7.24,7.21,7.21,123303
2026-04-30,10:30:00,7.21,7.23,7.2,7.23,107153
2026-04-30,10:45:00,7.23,7.24,7.2,7.22,85257
2026-04-30,11:00:00,7.24,7.25,7.23,7.23,50411
2026-04-30,11:15:00,7.22,7.25,7.22,7.24,70391
2026-04-30,11:30:00,7.24,7.26,7.22,7.25,93993
2026-04-30,11:45:00,7.25,7.26,7.23,7.25,24973
2026-04-30,12:00:00,7.25,7.26,7.24,7.25,61824
2026-04-30,12:15:00,7.24,7.26,7.23,7.25,48907
2026-04-30,12:30:00,7.25,7.29,7.25,7.29,163881
2026-04-30,12:45:00,7.29,7.33,7.28,7.29,267844
2026-04-30,13:00:00,7.29,7.32,7.27,7.28,87872
2026-04-30,13:15:00,7.28,7.29,7.26,7.27,65216
2026-04-30,13:30:00,7.27,7.27,7.25,7.26,106881
2026-04-30,13:45:00,7.26,7.26,7.23,7.25,76961
2026-04-30,14:00:00,7.25,7.25,7.22,7.22,129545
2026-04-30,14:15:00,7.22,7.24,7.22,7.24,56464
2026-04-30,14:30:00,7.23,7.24,7.18,7.19,278829
2026-04-30,14:45:00,7.18,7.22,7.18,7.21,167195
2026-04-30,15:00:00,7.19,7.19,7.19,7.19,63943
2026-04-30,15:15:00,7.19,7.19,7.19,7.19,25973
2026-05-03,10:00:00,7.2,7.26,7.2,7.26,151749
2026-05-03,10:15:00,7.26,7.28,7.25,7.28,203720
2026-05-03,10:30:00,7.27,7.27,7.24,7.25,47804
2026-05-03,10:45:00,7.25,7.27,7.25,7.27,99073
2026-05-03,11:00:00,7.27,7.27,7.25,7.25,102606
2026-05-03,11:15:00,7.24,7.26,7.23,7.23,165721
2026-05-03,11:30:00,7.23,7.25,7.23,7.25,32417
2026-05-03,11:45:00,7.24,7.25,7.23,7.25,126449
2026-05-03,12:00:00,7.25,7.26,7.23,7.24,19450
2026-05-03,12:15:00,7.24,7.25,7.2,7.22,72470
2026-05-03,12:30:00,7.21,7.23,7.19,7.19,161771
2026-05-03,12:45:00,7.2,7.21,7.16,7.19,153825
2026-05-03,13:00:00,7.19,7.22,7.19,7.21,37885
2026-05-03,13:15:00,7.21,7.22,7.19,7.19,137141
2026-05-03,13:30:00,7.2,7.21,7.18,7.2,70236
2026-05-03,13:45:00,7.2,7.22,7.2,7.21,35127
2026-05-03,14:00:00,7.21,7.22,7.2,7.21,28684
2026-05-03,14:15:00,7.21,7.22,7.2,7.22,26475
2026-05-03,14:30:00,7.21,7.22,7.2,7.2,48501
2026-05-03,14:45:00,7.2,7.23,7.19,7.23,98522
2026-05-03,15:00:00,7.23,7.23,7.23,7.23,25102
2026-05-03,15:15:00,7.23,7.23,7.23,7.23,5508
2026-05-04,10:00:00,7.23,7.24,7.17,7.18,107532
2026-05-04,10:15:00,7.17,7.21,7.17,7.2,67493
2026-05-04,10:30:00,7.21,7.22,7.18,7.19,33568
2026-05-04,10:45:00,7.18,7.2,7.15,7.2,219195
2026-05-04,11:00:00,7.2,7.2,7.15,7.16,153639
2026-05-04,11:15:00,7.17,7.17,7.14,7.16,157389
2026-05-04,11:30:00,7.16,7.17,7.14,7.17,44602
2026-05-04,11:45:00,7.17,7.18,7.15,7.18,39564
2026-05-04,12:00:00,7.17,7.18,7.15,7.17,30892
2026-05-04,12:15:00,7.17,7.18,7.15,7.16,38211
2026-05-04,12:30:00,7.16,7.18,7.15,7.18,47068
2026-05-04,12:45:00,7.16,7.21,7.16,7.2,146529
2026-05-04,13:00:00,7.2,7.22,7.18,7.22,141287
2026-05-04,13:15:00,7.22,7.22,7.19,7.22,80965
2026-05-04,13:30:00,7.22,7.23,7.2,7.21,61656
2026-05-04,13:45:00,7.21,7.23,7.2,7.21,80828
2026-05-04,14:00:00,7.21,7.22,7.18,7.2,141718
2026-05-04,14:15:00,7.2,7.21,7.18,7.19,47257
2026-05-04,14:30:00,7.18,7.21,7.18,7.2,37292
2026-05-04,14:45:00,7.2,7.21,7.18,7.21,172384
2026-05-04,15:00:00,7.21,7.21,7.21,7.21,11306
2026-05-04,15:15:00,7.21,7.21,7.21,7.21,356
2026-05-05,10:00:00,7.16,7.43,7.08,7.38,1707562
2026-05-05,10:15:00,7.38,7.44,7.28,7.33,1548989
2026-05-05,10:30:00,7.34,7.47,7.31,7.47,1705920
2026-05-05,10:45:00,7.47,7.5,7.36,7.4,1142826
2026-05-05,11:00:00,7.4,7.46,7.39,7.4,627342
2026-05-05,11:15:00,7.42,7.45,7.32,7.36,556533
2026-05-05,11:30:00,7.36,7.38,7.32,7.36,144984
2026-05-05,11:45:00,7.37,7.39,7.36,7.36,191140
2026-05-05,12:00:00,7.36,7.38,7.35,7.38,116330
2026-05-05,12:15:00,7.39,7.45,7.38,7.4,293686
2026-05-05,12:30:00,7.39,7.41,7.37,7.4,94184
2026-05-05,12:45:00,7.41,7.41,7.36,7.39,166167
2026-05-05,13:00:00,7.4,7.41,7.38,7.38,162403
2026-05-05,13:15:00,7.38,7.38,7.33,7.33,223538
2026-05-05,13:30:00,7.34,7.39,7.32,7.35,187352
2026-05-05,13:45:00,7.35,7.42,7.33,7.35,532682
2026-05-05,14:00:00,7.35,7.38,7.35,7.36,55387
2026-05-05,14:15:00,7.36,7.39,7.35,7.37,183316
2026-05-05,14:30:00,7.37,7.43,7.37,7.41,421946
2026-05-05,14:45:00,7.41,7.44,7.36,7.37,856419
2026-05-05,15:00:00,7.32,7.32,7.32,7.32,196666
2026-05-05,15:15:00,7.32,7.32,7.32,7.32,33405
2026-05-06,10:00:00,7.31,7.32,7.23,7.27,805172
2026-05-06,10:15:00,7.27,7.3,7.24,7.24,313852
2026-05-06,10:30:00,7.25,7.26,7.19,7.22,444050
2026-05-06,10:45:00,7.23,7.25,7.22,7.24,64785
2026-05-06,11:00:00,7.24,7.25,7.21,7.23,144943
2026-05-06,11:15:00,7.23,7.24,7.19,7.24,250154
2026-05-06,11:30:00,7.24,7.24,7.18,7.19,227595
2026-05-06,11:45:00,7.19,7.21,7.18,7.21,78043
2026-05-06,12:00:00,7.2,7.22,7.19,7.21,98274
2026-05-06,12:15:00,7.21,7.23,7.2,7.22,58575
2026-05-06,12:30:00,7.21,7.23,7.2,7.23,78223
2026-05-06,12:45:00,7.23,7.24,7.18,7.19,287128
2026-05-06,13:00:00,7.19,7.19,7.16,7.19,271393
2026-05-06,13:15:00,7.19,7.2,7.18,7.19,111310
2026-05-06,13:30:00,7.2,7.2,7.19,7.2,89147
2026-05-06,13:45:00,7.2,7.2,7.17,7.18,76302
2026-05-06,14:00:00,7.19,7.2,7.18,7.2,97726
2026-05-06,14:15:00,7.19,7.2,7.18,7.19,99531
2026-05-06,14:30:00,7.18,7.19,7.17,7.18,103630
2026-05-06,14:45:00,7.18,7.2,7.17,7.18,197520
2026-05-06,15:00:00,7.17,7.17,7.17,7.17,65111
2026-05-06,15:15:00,7.17,7.17,7.17,7.17,4208
2026-05-07,10:00:00,7.2,7.23,7.18,7.21,629914
2026-05-07,10:15:00,7.21,7.21,7.12,7.13,323921
2026-05-07,10:30:00,7.13,7.14,7.07,7.1,366921
2026-05-07,10:45:00,7.1,7.11,7.07,7.1,239578
2026-05-07,11:00:00,7.1,7.1,7.06,7.09,157512
2026-05-07,11:15:00,7.09,7.1,7.08,7.09,41076
2026-05-07,11:30:00,7.09,7.11,7.08,7.11,35108
2026-05-07,11:45:00,7.11,7.11,7.09,7.11,21627
2026-05-07,12:00:00,7.11,7.11,7.09,7.1,16185
2026-05-07,12:15:00,7.1,7.1,7.05,7.06,295654
2026-05-07,12:30:00,7.06,7.06,7.03,7.06,229317
2026-05-07,12:45:00,7.07,7.07,7.04,7.05,145450
2026-05-07,13:00:00,7.05,7.05,7.0,7.01,446986
2026-05-07,13:15:00,7.02,7.04,7.01,7.03,97701
2026-05-07,13:30:00,7.03,7.04,7.02,7.04,41985
2026-05-07,13:45:00,7.03,7.05,7.03,7.04,112314
2026-05-07,14:00:00,7.04,7.05,7.03,7.04,79996
2026-05-07,14:15:00,7.04,7.04,6.99,7.01,272801
2026-05-07,14:30:00,7.01,7.02,6.94,7.0,222401
2026-05-07,14:45:00,6.99,7.01,6.98,6.98,201152
2026-05-07,15:00:00,6.97,6.97,6.97,6.97,106691
2026-05-07,15:15:00,6.97,6.97,6.97,6.97,10768
2026-05-10,10:00:00,6.98,6.99,6.87,6.89,339824
2026-05-10,10:15:00,6.89,6.92,6.88,6.9,124328
2026-05-10,10:30:00,6.9,6.93,6.89,6.91,128913
2026-05-10,10:45:00,6.91,6.94,6.9,6.93,124296
2026-05-10,11:00:00,6.93,6.94,6.91,6.92,90843
2026-05-10,11:15:00,6.92,6.94,6.9,6.93,85069
2026-05-10,11:30:00,6.93,7.09,6.9,7.06,630099
2026-05-10,11:45:00,7.06,7.06,7.0,7.05,130025
2026-05-10,12:00:00,7.05,7.12,7.04,7.06,257766
2026-05-10,12:15:00,7.06,7.08,7.04,7.08,34656
2026-05-10,12:30:00,7.08,7.08,7.03,7.08,52138
2026-05-10,12:45:00,7.08,7.08,7.03,7.04,41850
2026-05-10,13:00:00,7.04,7.08,7.04,7.07,90265
2026-05-10,13:15:00,7.08,7.08,7.03,7.03,28415
2026-05-10,13:30:00,7.03,7.05,6.99,7.05,302610
2026-05-10,13:45:00,7.05,7.06,6.98,7.0,142740
2026-05-10,14:00:00,7.02,7.04,6.99,7.0,31908
2026-05-10,14:15:00,7.0,7.03,6.99,6.99,50377
2026-05-10,14:30:00,6.99,7.0,6.99,7.0,25561
2026-05-10,14:45:00,6.99,7.0,6.96,6.99,84973
2026-05-10,15:00:00,6.97,6.97,6.97,6.97,29695
2026-05-10,15:15:00,6.97,6.97,6.97,6.97,6273
2026-05-11,10:00:00,7.02,7.02,6.94,6.99,132581
2026-05-11,10:15:00,7.0,7.02,6.99,7.01,115630
2026-05-11,10:30:00,7.0,7.02,6.95,6.95,143287
2026-05-11,10:45:00,6.96,6.99,6.94,6.98,166327
2026-05-11,11:00:00,6.98,6.98,6.95,6.97,82307
2026-05-11,11:15:00,6.97,6.98,6.94,6.94,344824
2026-05-11,11:30:00,6.95,6.97,6.94,6.96,52281
2026-05-11,11:45:00,6.96,6.98,6.95,6.97,28774
2026-05-11,12:00:00,6.97,6.98,6.95,6.98,81164
2026-05-11,12:15:00,6.98,6.98,6.96,6.98,58732
2026-05-11,12:30:00,6.98,6.98,6.94,6.96,135145
2026-05-11,12:45:00,6.96,6.96,6.93,6.95,131759
2026-05-11,13:00:00,6.95,6.95,6.93,6.95,59803
2026-05-11,13:15:00,6.95,6.95,6.93,6.95,104073
2026-05-11,13:30:00,6.96,7.0,6.94,6.99,330913
2026-05-11,13:45:00,7.0,7.0,6.97,7.0,139604
2026-05-11,14:00:00,6.98,7.0,6.97,6.99,104038
2026-05-11,14:15:00,6.99,6.99,6.96,6.97,80984
2026-05-11,14:30:00,6.98,7.06,6.97,7.03,452034
2026-05-11,14:45:00,7.03,7.1,7.02,7.06,354429
2026-05-11,15:00:00,7.05,7.05,7.05,7.05,12856
2026-05-11,15:15:00,7.05,7.05,7.05,7.05,4825
2026-05-12,10:00:00,7.1,7.1,6.96,7.0,294892
2026-05-12,10:15:00,7.0,7.02,6.96,7.01,181350
2026-05-12,10:30:00,7.0,7.01,6.98,6.99,72721
2026-05-12,10:45:00,6.99,7.01,6.98,7.0,115817
2026-05-12,11:00:00,7.0,7.02,6.98,7.0,325634
2026-05-12,11:15:00,6.99,7.03,6.98,7.01,126074
2026-05-12,11:30:00,7.01,7.02,6.99,7.0,18830
2026-05-12,11:45:00,7.0,7.0,6.97,6.98,100728
2026-05-12,12:00:00,6.98,6.98,6.95,6.96,133200
2026-05-12,12:15:00,6.97,6.98,6.96,6.98,43724
2026-05-12,12:30:00,6.97,6.98,6.96,6.97,57251
2026-05-12,12:45:00,6.98,6.99,6.97,6.99,35979
2026-05-12,13:00:00,6.99,7.01,6.98,7.0,67859
2026-05-12,13:15:00,7.0,7.03,6.98,7.0,148880
2026-05-12,13:30:00,7.01,7.02,6.99,6.99,118024
2026-05-12,13:45:00,6.99,7.0,6.98,6.99,31238
2026-05-12,14:00:00,6.99,7.0,6.98,6.98,88003
2026-05-12,14:15:00,6.98,6.99,6.95,6.97,155130
2026-05-12,14:30:00,6.97,6.97,6.95,6.95,94974
2026-05-12,14:45:00,6.96,6.97,6.95,6.96,125907
2026-05-12,15:00:00,6.95,6.95,6.95,6.95,83050
2026-05-12,15:15:00,6.95,6.95,6.95,6.95,24968
2026-05-13,10:00:00,6.95,6.95,6.91,6.93,146643
2026-05-13,10:15:00,6.94,6.98,6.94,6.97,98025
2026-05-13,10:30:00,6.97,6.97,6.93,6.94,163339
2026-05-13,10:45:00,6.94,6.97,6.94,6.95,49594
2026-05-13,11:00:00,6.96,6.97,6.94,6.95,58049
2026-05-13,11:15:00,6.95,6.96,6.93,6.94,96339
2026-05-13,11:30:00,6.94,6.95,6.93,6.94,22237
2026-05-13,11:45:00,6.94,6.95,6.94,6.95,8318
2026-05-13,12:00:00,6.94,6.95,6.91,6.93,122589
2026-05-13,12:15:00,6.94,6.96,6.93,6.93,60260
2026-05-13,12:30:00,6.94,6.94,6.92,6.94,51184
2026-05-13,12:45:00,6.94,6.95,6.92,6.93,52581
2026-05-13,13:00:00,6.94,6.94,6.9,6.92,112360
2026-05-13,13:15:00,6.92,6.93,6.91,6.92,37889
2026-05-13,13:30:00,6.92,6.93,6.9,6.93,54442
2026-05-13,13:45:00,6.92,6.94,6.92,6.92,34591
2026-05-13,14:00:00,6.92,6.94,6.92,6.92,16742
2026-05-13,14:15:00,6.92,6.93,6.91,6.91,85968
2026-05-13,14:30:00,6.91,6.94,6.91,6.92,63715
2026-05-13,14:45:00,6.92,6.94,6.92,6.93,66887
2026-05-13,15:00:00,6.94,6.94,6.94,6.94,14696
2026-05-13,15:15:00,6.94,6.94,6.94,6.94,13813
2026-05-14,10:00:00,6.93,6.95,6.9,6.93,124732
2026-05-14,10:15:00,6.94,6.96,6.93,6.95,83579
2026-05-14,10:30:00,6.95,6.97,6.94,6.97,85777
2026-05-14,10:45:00,6.97,6.97,6.95,6.97,83232
2026-05-14,11:00:00,6.97,7.03,6.97,7.01,258032
2026-05-14,11:15:00,7.01,7.03,6.98,7.01,109901
2026-05-14,11:30:00,7.0,7.02,6.99,7.0,78167
2026-05-14,11:45:00,6.99,7.01,6.99,6.99,52384
2026-05-14,12:00:00,7.0,7.01,6.98,7.0,57242
2026-05-14,12:15:00,7.01,7.01,6.99,6.99,13429
2026-05-14,12:30:00,6.99,6.99,6.96,6.97,93110
2026-05-14,12:45:00,6.97,6.97,6.93,6.94,65975
2026-05-14,13:00:00,6.93,6.95,6.93,6.94,5845
2026-05-14,13:15:00,6.95,6.96,6.94,6.94,19696
2026-05-14,13:30:00,6.95,6.95,6.92,6.93,71916
2026-05-14,13:45:00,6.94,6.94,6.92,6.94,21569
2026-05-14,14:00:00,6.95,6.97,6.94,6.94,73193
2026-05-14,14:15:00,6.94,6.94,6.92,6.94,34436
2026-05-14,14:30:00,6.93,6.95,6.92,6.93,57773
2026-05-14,14:45:00,6.93,6.94,6.91,6.92,63626
2026-05-14,15:00:00,6.93,6.93,6.93,6.93,46745
2026-05-14,15:15:00,6.93,6.93,6.93,6.93,1603
2026-05-17,10:00:00,6.91,6.91,6.8,6.83,252563
2026-05-17,10:15:00,6.82,6.84,6.8,6.82,156062
2026-05-17,10:30:00,6.82,6.82,6.76,6.8,126427
2026-05-17,10:45:00,6.79,6.8,6.75,6.78,100916
2026-05-17,11:00:00,6.78,6.8,6.77,6.78,90588
2026-05-17,11:15:00,6.78,6.85,6.78,6.84,81313
2026-05-17,11:30:00,6.84,6.85,6.81,6.82,37114
2026-05-17,11:45:00,6.82,6.85,6.81,6.84,44590
2026-05-17,12:00:00,6.85,6.85,6.82,6.82,17308
2026-05-17,12:15:00,6.83,6.83,6.8,6.82,16030
2026-05-17,12:30:00,6.82,6.83,6.81,6.83,9585
2026-05-17,12:45:00,6.83,6.85,6.82,6.84,15948
2026-05-17,13:00:00,6.82,6.86,6.82,6.84,19317
2026-05-17,13:15:00,6.84,6.85,6.82,6.82,34398
2026-05-17,13:30:00,6.83,6.83,6.8,6.82,78165
2026-05-17,13:45:00,6.81,6.83,6.81,6.82,9894
2026-05-17,14:00:00,6.81,6.81,6.79,6.8,35299
2026-05-17,14:15:00,6.79,6.81,6.78,6.78,110778
2026-05-17,14:30:00,6.79,6.8,6.76,6.77,116594
2026-05-17,14:45:00,6.76,6.79,6.76,6.77,142269
2026-05-17,15:00:00,6.77,6.77,6.77,6.77,34523
2026-05-17,15:15:00,6.77,6.77,6.77,6.77,2048
2026-05-18,10:00:00,6.8,6.84,6.8,6.83,142861
2026-05-18,10:15:00,6.83,6.84,6.81,6.84,107808
2026-05-18,10:30:00,6.83,6.84,6.79,6.81,77030
2026-05-18,10:45:00,6.81,6.82,6.8,6.8,21018
2026-05-18,11:00:00,6.8,6.82,6.79,6.81,44164
2026-05-18,11:15:00,6.81,6.81,6.78,6.78,56273
2026-05-18,11:30:00,6.79,6.8,6.78,6.79,12748
2026-05-18,11:45:00,6.79,6.8,6.78,6.8,40808
2026-05-18,12:00:00,6.8,6.81,6.78,6.78,16577
2026-05-18,12:15:00,6.78,6.79,6.75,6.77,221003
2026-05-18,12:30:00,6.78,6.78,6.76,6.77,24733
2026-05-18,12:45:00,6.77,6.79,6.76,6.77,16443
2026-05-18,13:00:00,6.77,6.78,6.75,6.77,26577
2026-05-18,13:15:00,6.78,6.81,6.78,6.8,73445
2026-05-18,13:30:00,6.8,6.81,6.78,6.79,51574
2026-05-18,13:45:00,6.79,6.8,6.78,6.79,31371
2026-05-18,14:00:00,6.79,6.8,6.78,6.78,13689
2026-05-18,14:15:00,6.79,6.79,6.77,6.77,47960
2026-05-18,14:30:00,6.77,6.78,6.76,6.76,56368
2026-05-18,14:45:00,6.77,6.77,6.73,6.75,316067
2026-05-18,15:00:00,6.73,6.73,6.73,6.73,23854
2026-05-18,15:15:00,6.73,6.73,6.73,6.73,7187
2026-05-19,10:00:00,6.71,6.76,6.71,6.75,59619
2026-05-19,10:15:00,6.75,6.8,6.75,6.78,109481
2026-05-19,10:30:00,6.78,6.79,6.76,6.76,65218
2026-05-19,10:45:00,6.77,6.8,6.75,6.78,169758
2026-05-19,11:00:00,6.78,6.79,6.76,6.77,25599
2026-05-19,11:15:00,6.77,6.78,6.75,6.78,27355
2026-05-19,11:30:00,6.76,6.78,6.76,6.76,64886
2026-05-19,11:45:00,6.76,6.77,6.75,6.77,35159
2026-05-19,12:00:00,6.76,6.77,6.76,6.76,12945
2026-05-19,12:15:00,6.76,6.77,6.75,6.77,10386
2026-05-19,12:30:00,6.75,6.77,6.75,6.76,14197
2026-05-19,12:45:00,6.77,6.77,6.74,6.74,27782
2026-05-19,13:00:00,6.74,6.76,6.74,6.75,31816
2026-05-19,13:15:00,6.76,6.78,6.75,6.78,52383
2026-05-19,13:30:00,6.78,6.78,6.77,6.78,19196
2026-05-19,13:45:00,6.77,6.82,6.77,6.81,146638
2026-05-19,14:00:00,6.8,6.8,6.79,6.79,27385
2026-05-19,14:15:00,6.8,6.8,6.77,6.78,45313
2026-05-19,14:30:00,6.79,6.79,6.77,6.77,38244
2026-05-19,14:45:00,6.78,6.78,6.75,6.75,35680
2026-05-19,15:00:00,6.77,6.77,6.77,6.77,15908
2026-05-19,15:15:00,6.77,6.77,6.77,6.77,10135
2026-05-20,10:00:00,6.76,6.77,6.72,6.72,96231
2026-05-20,10:15:00,6.72,6.74,6.71,6.72,103489
2026-05-20,10:30:00,6.71,6.72,6.67,6.72,168148
2026-05-20,10:45:00,6.71,6.73,6.69,6.72,23894
2026-05-20,11:00:00,6.72,6.74,6.71,6.72,51999
2026-05-20,11:15:00,6.72,6.75,6.71,6.74,73800
2026-05-20,11:30:00,6.74,6.74,6.72,6.72,9295
2026-05-20,11:45:00,6.72,6.74,6.71,6.74,42142
2026-05-20,12:00:00,6.74,6.74,6.71,6.72,8622
2026-05-20,12:15:00,6.72,6.73,6.7,6.72,19131
2026-05-20,12:30:00,6.72,6.73,6.71,6.72,21258
2026-05-20,12:45:00,6.72,6.74,6.71,6.74,27739
2026-05-20,13:00:00,6.75,6.75,6.72,6.73,32597
2026-05-20,13:15:00,6.73,6.75,6.73,6.74,43026
2026-05-20,13:30:00,6.74,6.76,6.72,6.74,49947
2026-05-20,13:45:00,6.75,6.79,6.74,6.76,88271
2026-05-20,14:00:00,6.77,6.84,6.75,6.8,284682
2026-05-20,14:15:00,6.82,6.84,6.78,6.82,70700
2026-05-20,14:30:00,6.81,6.82,6.77,6.79,39467
2026-05-20,14:45:00,6.79,6.83,6.76,6.82,116113
2026-05-20,15:00:00,6.81,6.81,6.81,6.81,25693
2026-05-20,15:15:00,6.81,6.81,6.81,6.81,144
2026-05-21,10:00:00,6.84,6.84,6.75,6.78,93891
2026-05-21,10:15:00,6.76,6.78,6.76,6.77,31828
2026-05-21,10:30:00,6.78,6.79,6.75,6.77,96493
2026-05-21,10:45:00,6.76,6.77,6.74,6.77,60500
2026-05-21,11:00:00,6.77,6.78,6.76,6.78,13925
2026-05-21,11:15:00,6.78,6.79,6.75,6.77,306412
2026-05-21,11:30:00,6.76,6.77,6.75,6.75,21957
2026-05-21,11:45:00,6.76,6.79,6.76,6.79,20062
2026-05-21,12:00:00,6.79,6.81,6.79,6.81,35399
2026-05-21,12:15:00,6.8,6.81,6.77,6.77,24866
2026-05-21,12:30:00,6.78,6.78,6.76,6.78,19629
2026-05-21,12:45:00,6.79,6.8,6.78,6.79,9208
2026-05-21,13:00:00,6.78,6.79,6.77,6.78,12898
2026-05-21,13:15:00,6.77,6.79,6.77,6.79,41297
2026-05-21,13:30:00,6.78,6.79,6.78,6.79,10413
2026-05-21,13:45:00,6.78,6.8,6.77,6.79,31868
2026-05-21,14:00:00,6.79,6.8,6.77,6.77,64541
2026-05-21,14:15:00,6.77,6.79,6.77,6.78,12294
2026-05-21,14:30:00,6.77,6.78,6.76,6.78,26358
2026-05-21,14:45:00,6.77,6.8,6.76,6.79,211929
2026-05-21,15:00:00,6.78,6.78,6.78,6.78,3389
2026-05-21,15:15:00,6.78,6.78,6.78,6.78,7994
2026-05-31,10:00:00,6.78,6.82,6.78,6.81,41317
2026-05-31,10:15:00,6.8,6.84,6.8,6.84,84799
2026-05-31,10:30:00,6.84,6.84,6.82,6.82,26112
2026-05-31,10:45:00,6.83,6.83,6.81,6.82,24789
2026-05-31,11:00:00,6.82,6.83,6.81,6.81,25975
2026-05-31,11:15:00,6.82,6.82,6.79,6.81,87401
2026-05-31,11:30:00,6.82,6.84,6.81,6.84,57544
2026-05-31,11:45:00,6.83,6.85,6.82,6.85,39495
2026-05-31,12:00:00,6.85,6.86,6.84,6.85,40788
2026-05-31,12:15:00,6.86,6.86,6.8,6.82,165005
2026-05-31,12:30:00,6.81,6.83,6.8,6.83,22748
2026-05-31,12:45:00,6.83,6.83,6.8,6.81,35794
2026-05-31,13:00:00,6.81,6.84,6.81,6.82,9737
2026-05-31,13:15:00,6.82,6.83,6.81,6.81,31914
2026-05-31,13:30:00,6.82,6.86,6.81,6.86,188025
2026-05-31,13:45:00,6.85,6.86,6.84,6.85,22469
2026-05-31,14:00:00,6.85,6.87,6.83,6.84,121855
2026-05-31,14:15:00,6.84,6.87,6.84,6.85,69968
2026-05-31,14:30:00,6.86,6.87,6.85,6.86,35069
2026-05-31,14:45:00,6.86,6.93,6.86,6.93,370514
2026-05-31,15:00:00,6.89,6.89,6.89,6.89,38783
2026-05-31,15:15:00,6.89,6.89,6.89,6.89,275
2026-06-01,10:00:00,6.89,6.94,6.89,6.93,111028
2026-06-01,10:15:00,6.91,6.98,6.91,6.96,209079
2026-06-01,10:30:00,6.97,6.98,6.95,6.95,78816
2026-06-01,10:45:00,6.95,7.02,6.95,7.0,563388
2026-06-01,11:00:00,7.0,7.01,6.98,6.99,152023
2026-06-01,11:15:00,6.99,6.99,6.95,6.98,145986
2026-06-01,11:30:00,6.98,6.98,6.95,6.95,134506
2026-06-01,11:45:00,6.95,6.97,6.94,6.97,176634
2026-06-01,12:00:00,6.97,6.98,6.95,6.97,35390
2026-06-01,12:15:00,6.97,6.98,6.94,6.98,92605
2026-06-01,12:30:00,6.97,6.98,6.93,6.96,103916
2026-06-01,12:45:00,6.96,6.97,6.94,6.94,37611
2026-06-01,13:00:00,6.94,6.95,6.93,6.95,72696
2026-06-01,13:15:00,6.96,7.05,6.95,7.05,601162
2026-06-01,13:30:00,7.05,7.08,7.03,7.03,349322
2026-06-01,13:45:00,7.03,7.07,7.02,7.03,112061
2026-06-01,14:00:00,7.03,7.07,7.0,7.04,352389
2026-06-01,14:15:00,7.04,7.05,7.0,7.01,184187
2026-06-01,14:30:00,7.01,7.03,6.99,7.02,129818
2026-06-01,14:45:00,7.03,7.03,7.01,7.02,108249
2026-06-01,15:00:00,7.02,7.02,7.02,7.02,72447
2026-06-01,15:15:00,7.02,7.02,7.02,7.02,1010
2026-06-02,10:00:00,7.02,7.06,7.0,7.05,238669
2026-06-02,10:15:00,7.04,7.05,7.0,7.03,190707
2026-06-02,10:30:00,7.01,7.04,7.01,7.03,35365
2026-06-02,10:45:00,7.03,7.03,6.99,7.0,107826
2026-06-02,11:00:00,7.0,7.02,6.99,7.0,64630
2026-06-02,11:15:00,7.02,7.02,7.0,7.0,95853
2026-06-02,11:30:00,7.01,7.01,7.0,7.01,57664
2026-06-02,11:45:00,7.02,7.02,7.0,7.0,55456
2026-06-02,12:00:00,7.02,7.02,6.99,6.99,51289
2026-06-02,12:15:00,7.0,7.0,6.97,6.98,97781
2026-06-02,12:30:00,6.99,7.0,6.96,7.0,42293
2026-06-02,12:45:00,6.98,7.04,6.98,7.03,235347
2026-06-02,13:00:00,7.03,7.06,7.0,7.0,227179
2026-06-02,13:15:00,7.0,7.01,6.97,7.0,103364
2026-06-02,13:30:00,6.99,7.0,6.95,6.99,187783
2026-06-02,13:45:00,6.97,6.99,6.97,6.98,38794
2026-06-02,14:00:00,6.98,6.99,6.96,6.98,92984
2026-06-02,14:15:00,6.98,6.99,6.97,6.98,25624
2026-06-02,14:30:00,6.99,6.99,6.96,6.97,66728
2026-06-02,14:45:00,6.96,6.99,6.96,6.98,76907
2026-06-02,15:00:00,6.98,6.98,6.98,6.98,82252
2026-06-02,15:15:00,6.98,6.98,6.98,6.98,231
2026-06-03,10:00:00,6.96,7.01,6.96,6.99,124251
2026-06-03,10:15:00,6.99,7.03,6.98,7.01,67551
2026-06-03,10:30:00,7.0,7.01,6.99,6.99,23915
2026-06-03,10:45:00,6.99,7.01,6.98,7.0,23055
2026-06-03,11:00:00,7.01,7.01,6.97,6.98,52796
2026-06-03,11:15:00,6.98,7.0,6.97,6.98,40333
2026-06-03,11:30:00,6.98,6.99,6.97,6.99,29204
2026-06-03,11:45:00,6.98,6.98,6.96,6.96,21881
2026-06-03,12:00:00,6.97,6.97,6.94,6.94,37904
2026-06-03,12:15:00,6.94,6.95,6.92,6.94,101841
2026-06-03,12:30:00,6.94,6.94,6.92,6.94,42735
2026-06-03,12:45:00,6.93,6.93,6.91,6.91,63696
2026-06-03,13:00:00,6.92,6.93,6.92,6.93,14850
2026-06-03,13:15:00,6.92,6.94,6.92,6.94,23463
2026-06-03,13:30:00,6.93,6.94,6.93,6.93,40193
2026-06-03,13:45:00,6.93,6.94,6.92,6.93,60503
2026-06-03,14:00:00,6.92,6.94,6.91,6.94,45933
2026-06-03,14:15:00,6.94,6.94,6.92,6.92,147752
2026-06-03,14:30:00,6.93,6.94,6.92,6.93,25201
2026-06-03,14:45:00,6.92,6.94,6.91,6.92,102965
2026-06-03,15:00:00,6.91,6.91,6.91,6.91,5995
2026-06-04,10:00:00,6.97,6.97,6.92,6.94,56983
2026-06-04,10:15:00,6.94,6.94,6.91,6.92,57635
2026-06-04,10:30:00,6.93,6.94,6.92,6.93,16117
2026-06-04,10:45:00,6.94,6.95,6.93,6.94,27528
2026-06-04,11:00:00,6.94,6.94,6.92,6.94,26459
2026-06-04,11:15:00,6.94,6.94,6.92,6.94,21588
2026-06-04,11:30:00,6.93,6.93,6.91,6.93,54494
2026-06-04,11:45:00,6.92,6.93,6.91,6.92,23413
2026-06-04,12:00:00,6.92,6.93,6.91,6.92,30364
2026-06-04,12:15:00,6.92,6.94,6.92,6.93,5491
2026-06-04,12:30:00,6.94,6.94,6.92,6.93,10215
2026-06-04,12:45:00,6.92,6.96,6.92,6.95,34868
2026-06-04,13:00:00,6.95,6.96,6.93,6.94,17842
2026-06-04,13:15:00,6.93,6.94,6.92,6.94,79493
2026-06-04,13:30:00,6.94,6.96,6.92,6.94,53575
2026-06-04,13:45:00,6.94,6.96,6.92,6.95,64469
2026-06-04,14:00:00,6.96,6.96,6.93,6.95,65631
2026-06-04,14:15:00,6.95,6.95,6.92,6.92,127433
2026-06-04,14:30:00,6.93,6.93,6.89,6.9,145186
2026-06-04,14:45:00,6.9,6.94,6.89,6.92,161043
2026-06-04,15:00:00,6.92,6.92,6.92,6.92,10265
2026-06-04,15:15:00,6.92,6.92,6.92,6.92,3439
2026-06-07,10:00:00,6.88,6.88,6.82,6.87,212320
2026-06-07,10:15:00,6.88,6.9,6.85,6.87,73815
2026-06-07,10:30:00,6.86,6.87,6.83,6.83,66973
2026-06-07,10:45:00,6.83,6.87,6.82,6.84,47546
2026-06-07,11:00:00,6.87,6.87,6.84,6.84,56356
2026-06-07,11:15:00,6.85,6.85,6.83,6.85,58320
2026-06-07,11:30:00,6.85,6.86,6.84,6.86,20114
2026-06-07,11:45:00,6.87,6.87,6.85,6.86,20287
2026-06-07,12:00:00,6.86,6.89,6.85,6.88,38118
2026-06-07,12:15:00,6.87,6.88,6.86,6.87,78273
2026-06-07,12:30:00,6.85,6.86,6.84,6.86,25701
2026-06-07,12:45:00,6.84,6.89,6.84,6.85,69104
2026-06-07,13:00:00,6.85,6.87,6.85,6.87,8603
2026-06-07,13:15:00,6.87,6.87,6.86,6.87,6102
2026-06-07,13:30:00,6.86,6.89,6.86,6.86,22690
2026-06-07,13:45:00,6.88,6.88,6.85,6.85,18224
2026-06-07,14:00:00,6.85,6.85,6.84,6.85,23355
2026-06-07,14:15:00,6.85,6.87,6.84,6.85,16780
2026-06-07,14:30:00,6.85,6.87,6.85,6.87,26118
2026-06-07,14:45:00,6.86,6.88,6.84,6.87,50214
2026-06-07,15:00:00,6.86,6.86,6.86,6.86,5130
2026-06-07,15:15:00,6.86,6.86,6.86,6.86,2
2026-06-08,10:00:00,6.78,6.82,6.73,6.81,208644
2026-06-08,10:15:00,6.81,6.81,6.76,6.78,89912
2026-06-08,10:30:00,6.78,6.8,6.77,6.77,24482
2026-06-08,10:45:00,6.77,6.78,6.75,6.77,50246
2026-06-08,11:00:00,6.78,6.79,6.76,6.79,59643
2026-06-08,11:15:00,6.8,6.8,6.78,6.78,45304
2026-06-08,11:30:00,6.79,6.8,6.77,6.78,58105
2026-06-08,11:45:00,6.78,6.82,6.78,6.78,258476
2026-06-08,12:00:00,6.78,6.78,6.76,6.76,24316
2026-06-08,12:15:00,6.76,6.77,6.75,6.77,53235
2026-06-08,12:30:00,6.76,6.79,6.75,6.77,27555
2026-06-08,12:45:00,6.76,6.79,6.76,6.78,8958
2026-06-08,13:00:00,6.77,6.77,6.74,6.77,49910
2026-06-08,13:15:00,6.78,6.78,6.75,6.77,28868
2026-06-08,13:30:00,6.76,6.77,6.74,6.76,28378
2026-06-08,13:45:00,6.76,6.77,6.74,6.76,66541
2026-06-08,14:00:00,6.76,6.79,6.75,6.77,31519
2026-06-08,14:15:00,6.77,6.8,6.76,6.8,37276
2026-06-08,14:30:00,6.79,6.8,6.77,6.78,52797
2026-06-08,14:45:00,6.78,6.79,6.77,6.79,91750
2026-06-08,15:00:00,6.78,6.78,6.78,6.78,32035
2026-06-08,15:15:00,6.78,6.78,6.78,6.78,300
2026-06-09,10:00:00,6.79,6.85,6.79,6.83,65601
2026-06-09,10:15:00,6.85,6.88,6.83,6.87,65893
2026-06-09,10:30:00,6.88,6.9,6.86,6.87,80673
2026-06-09,10:45:00,6.87,6.88,6.85,6.87,91283
2026-06-09,11:00:00,6.86,6.87,6.84,6.85,46437
2026-06-09,11:15:00,6.85,6.85,6.84,6.85,61221
2026-06-09,11:30:00,6.84,6.85,6.83,6.85,29539
2026-06-09,11:45:00,6.84,6.87,6.83,6.84,57581
2026-06-09,12:00:00,6.84,6.87,6.84,6.86,109995
2026-06-09,12:15:00,6.86,6.92,6.86,6.89,205092
2026-06-09,12:30:00,6.88,6.88,6.86,6.88,72527
2026-06-09,12:45:00,6.87,6.9,6.87,6.88,20290
2026-06-09,13:00:00,6.88,6.89,6.87,6.89,5867
2026-06-09,13:15:00,6.89,6.92,6.88,6.9,127919
2026-06-09,13:30:00,6.89,6.9,6.89,6.89,7882
2026-06-09,13:45:00,6.89,6.95,6.87,6.91,202203
2026-06-09,14:00:00,6.91,6.94,6.9,6.91,74524
2026-06-09,14:15:00,6.91,6.93,6.91,6.92,34367
2026-06-09,14:30:00,6.93,6.94,6.91,6.92,89233
2026-06-09,14:45:00,6.92,6.94,6.88,6.92,120372
2026-06-09,15:00:00,6.92,6.92,6.92,6.92,11065
2026-06-09,15:15:00,6.92,6.92,6.92,6.92,472
2026-06-10,10:00:00,6.88,6.98,6.87,6.97,176060
2026-06-10,10:15:00,6.98,7.02,6.95,6.97,621578
2026-06-10,10:30:00,6.97,6.98,6.93,6.98,170382
2026-06-10,10:45:00,6.97,6.99,6.94,6.96,102181
2026-06-10,11:00:00,6.96,6.96,6.9,6.9,152742
2026-06-10,11:15:00,6.91,6.94,6.9,6.94,68731
2026-06-10,11:30:00,6.93,6.96,6.92,6.94,76547
2026-06-10,11:45:00,6.95,7.0,6.94,6.98,166575
2026-06-10,12:00:00,6.97,7.0,6.95,6.99,165058
2026-06-10,12:15:00,6.99,6.99,6.96,6.98,70297
2026-06-10,12:30:00,6.97,6.99,6.96,6.96,88621
2026-06-10,12:45:00,6.96,6.97,6.95,6.95,68663
2026-06-10,13:00:00,6.97,6.97,6.93,6.95,114526
2026-06-10,13:15:00,6.95,7.0,6.95,7.0,582855
2026-06-10,13:30:00,7.0,7.0,6.96,6.97,62048
2026-06-10,13:45:00,6.97,6.99,6.94,6.95,73496
2026-06-10,14:00:00,6.94,6.95,6.93,6.94,140799
2026-06-10,14:15:00,6.95,6.97,6.93,6.96,144770
2026-06-10,14:30:00,6.97,6.98,6.91,6.94,163562
2026-06-10,14:45:00,6.94,6.95,6.92,6.93,98906
2026-06-10,15:00:00,6.94,6.94,6.94,6.94,46715
2026-06-10,15:15:00,6.94,6.94,6.94,6.94,13571
2026-06-11,10:00:00,6.93,7.2,6.93,7.2,2616424
2026-06-11,10:15:00,7.19,7.21,7.14,7.17,1332157
2026-06-11,10:30:00,7.16,7.17,7.11,7.15,753291
2026-06-11,10:45:00,7.16,7.18,7.13,7.14,487416
2026-06-11,11:00:00,7.14,7.22,7.14,7.16,930049
2026-06-11,11:15:00,7.15,7.16,7.11,7.15,504183
2026-06-11,11:30:00,7.15,7.17,7.09,7.1,760745
2026-06-11,11:45:00,7.1,7.14,7.0,7.1,726931
2026-06-11,12:00:00,7.1,7.12,7.06,7.08,306776
2026-06-11,12:15:00,7.08,7.09,7.04,7.04,391457
2026-06-11,12:30:00,7.05,7.09,7.04,7.06,192100
2026-06-11,12:45:00,7.07,7.08,7.02,7.04,232376
2026-06-11,13:00:00,7.05,7.06,7.02,7.04,190318
2026-06-11,13:15:00,7.04,7.05,7.01,7.01,292990
2026-06-11,13:30:00,7.01,7.02,6.95,6.97,864867
2026-06-11,13:45:00,6.96,6.98,6.95,6.96,196903
2026-06-11,14:00:00,6.97,7.0,6.96,6.99,206574
2026-06-11,14:15:00,7.0,7.0,6.93,6.95,331755
2026-06-11,14:30:00,6.95,6.97,6.94,6.95,196023
2026-06-11,14:45:00,6.95,6.97,6.92,6.93,418041
2026-06-11,15:00:00,6.91,6.91,6.91,6.91,142652
2026-06-11,15:15:00,6.91,6.91,6.91,6.91,23283
2026-06-14,10:00:00,6.95,7.07,6.95,6.99,547050
2026-06-14,10:15:00,7.0,7.0,6.96,6.96,169687
2026-06-14,10:30:00,6.96,6.99,6.94,6.94,305412
2026-06-14,10:45:00,6.95,6.98,6.92,6.95,264256
2026-06-14,11:00:00,6.96,6.96,6.92,6.94,261264
2026-06-14,11:15:00,6.95,6.95,6.91,6.92,156764
2026-06-14,11:30:00,6.93,6.93,6.91,6.92,87262
2026-06-14,11:45:00,6.92,6.93,6.91,6.93,65924
2026-06-14,12:00:00,6.94,6.95,6.92,6.94,71487
2026-06-14,12:15:00,6.95,6.96,6.92,6.92,84935
2026-06-14,12:30:00,6.92,6.95,6.92,6.94,58289
2026-06-14,12:45:00,6.93,6.94,6.92,6.94,53141
2026-06-14,13:00:00,6.94,6.95,6.93,6.94,71659
2026-06-14,13:15:00,6.94,6.97,6.93,6.95,74475
2026-06-14,13:30:00,6.95,6.97,6.93,6.95,93908
2026-06-14,13:45:00,6.94,6.96,6.93,6.95,22360
2026-06-14,14:00:00,6.95,6.96,6.93,6.94,36311
2026-06-14,14:15:00,6.94,6.95,6.93,6.95,29383
2026-06-14,14:30:00,6.95,6.96,6.94,6.94,45817
2026-06-14,14:45:00,6.93,6.94,6.92,6.93,53833
2026-06-14,15:00:00,6.93,6.93,6.93,6.93,28717
2026-06-14,15:15:00,6.93,6.93,6.93,6.93,59280
2026-06-15,10:00:00,6.93,6.99,6.93,6.98,351251
2026-06-15,10:15:00,6.98,7.03,6.97,7.02,1065812
2026-06-15,10:30:00,7.01,7.05,7.0,7.04,563615
2026-06-15,10:45:00,7.04,7.05,7.0,7.02,219135
2026-06-15,11:00:00,7.03,7.05,7.02,7.02,209893
2026-06-15,11:15:00,7.02,7.03,6.99,6.99,188127
2026-06-15,11:30:00,6.99,7.01,6.99,7.0,117567
2026-06-15,11:45:00,7.0,7.01,6.98,7.0,212963
2026-06-15,12:00:00,7.0,7.05,6.99,7.02,382202
2026-06-15,12:15:00,7.02,7.03,7.01,7.01,62773
2026-06-15,12:30:00,7.01,7.02,6.99,7.01,72321
2026-06-15,12:45:00,7.02,7.02,7.0,7.02,25912
2026-06-15,13:00:00,7.01,7.02,6.99,7.0,106534
2026-06-15,13:15:00,6.99,7.01,6.98,6.99,122909
2026-06-15,13:30:00,7.0,7.03,6.99,7.01,144179
2026-06-15,13:45:00,7.01,7.06,7.01,7.04,572851
2026-06-15,14:00:00,7.05,7.06,7.02,7.04,99278
2026-06-15,14:15:00,7.03,7.04,7.02,7.02,81141
2026-06-15,14:30:00,7.02,7.03,7.0,7.02,105085
2026-06-15,14:45:00,7.02,7.05,7.02,7.03,223426
2026-06-15,15:00:00,7.03,7.03,7.03,7.03,29802
2026-06-15,15:15:00,7.03,7.03,7.03,7.03,7218
2026-06-16,10:00:00,7.06,7.06,7.0,7.0,225437
2026-06-16,10:15:00,7.01,7.03,6.99,7.0,337314
2026-06-16,10:30:00,7.0,7.02,6.98,6.98,89630
2026-06-16,10:45:00,6.98,6.99,6.97,6.97,130140
2026-06-16,11:00:00,6.97,7.0,6.97,6.98,64208
2026-06-16,11:15:00,6.98,6.98,6.97,6.98,44147
2026-06-16,11:30:00,6.98,6.99,6.95,6.96,290684
2026-06-16,11:45:00,6.96,6.97,6.95,6.96,75088
2026-06-16,12:00:00,6.97,6.97,6.96,6.97,49447
2026-06-16,12:15:00,6.96,6.98,6.96,6.98,91795
2026-06-16,12:30:00,6.98,6.98,6.97,6.98,21674
2026-06-16,12:45:00,6.97,6.98,6.95,6.96,64985
2026-06-16,13:00:00,6.96,6.96,6.94,6.95,121188
2026-06-16,13:15:00,6.95,6.98,6.94,6.97,86366
2026-06-16,13:30:00,6.97,6.97,6.94,6.95,36295
2026-06-16,13:45:00,6.94,6.96,6.94,6.94,74911
2026-06-16,14:00:00,6.94,6.95,6.93,6.93,80225
2026-06-16,14:15:00,6.94,6.94,6.92,6.94,95312
2026-06-16,14:30:00,6.93,6.95,6.93,6.95,102051
2026-06-16,14:45:00,6.95,6.95,6.93,6.95,137025
2026-06-16,15:00:00,6.93,6.93,6.93,6.93,37077
2026-06-16,15:15:00,6.93,6.93,6.93,6.93,1279
2026-06-17,10:00:00,6.93,6.96,6.91,6.95,172944
2026-06-17,10:15:00,6.95,6.96,6.93,6.94,38033
2026-06-17,10:30:00,6.93,6.95,6.92,6.95,72984
2026-06-17,10:45:00,6.95,6.95,6.92,6.93,50473
2026-06-17,11:00:00,6.93,6.95,6.92,6.93,195552
2026-06-17,11:15:00,6.94,6.94,6.91,6.92,157261
2026-06-17,11:30:00,6.91,6.94,6.91,6.94,68207
2026-06-17,11:45:00,6.93,6.94,6.92,6.93,27585
2026-06-17,12:00:00,6.93,6.93,6.92,6.93,7524
2026-06-17,12:15:00,6.93,6.94,6.92,6.92,12485
2026-06-17,12:30:00,6.93,6.94,6.91,6.92,61303
2026-06-17,12:45:00,6.92,6.92,6.91,6.92,12722
2026-06-17,13:00:00,6.92,6.92,6.91,6.92,18856
2026-06-17,13:15:00,6.92,6.92,6.91,6.91,96312
2026-06-17,13:30:00,6.91,6.93,6.91,6.91,36266
2026-06-17,13:45:00,6.91,6.93,6.91,6.92,8464
2026-06-17,14:00:00,6.91,6.92,6.91,6.92,49565
2026-06-17,14:15:00,6.92,6.92,6.91,6.92,47175
2026-06-17,14:30:00,6.92,6.92,6.9,6.91,36886
2026-06-17,14:45:00,6.91,6.92,6.9,6.91,35885
2026-06-17,15:00:00,6.91,6.91,6.91,6.91,1915
2026-06-17,15:15:00,6.91,6.91,6.91,6.91,152
2026-06-18,10:00:00,6.94,6.95,6.91,6.93,67673
2026-06-18,10:15:00,6.93,6.95,6.92,6.94,183721
2026-06-18,10:30:00,6.94,6.95,6.92,6.93,51047
2026-06-18,10:45:00,6.93,6.93,6.91,6.92,41399
2026-06-18,11:00:00,6.92,6.93,6.91,6.92,15941
2026-06-18,11:15:00,6.92,6.93,6.92,6.93,47463
2026-06-18,11:30:00,6.93,6.93,6.91,6.92,45509
2026-06-18,11:45:00,6.92,6.92,6.91,6.92,43884
2026-06-18,12:00:00,6.92,6.92,6.91,6.91,23745
2026-06-18,12:15:00,6.91,6.91,6.9,6.91,102969
2026-06-18,12:30:00,6.91,6.91,6.9,6.91,22893
2026-06-18,12:45:00,6.91,6.93,6.9,6.91,68942
2026-06-18,13:00:00,6.91,6.93,6.91,6.93,59363
2026-06-18,13:15:00,6.91,6.94,6.91,6.94,35700
2026-06-18,13:30:00,6.93,6.94,6.91,6.93,47311
2026-06-18,13:45:00,6.93,6.94,6.92,6.92,20339
2026-06-18,14:00:00,6.93,6.94,6.92,6.94,32247
2026-06-18,14:15:00,6.93,6.94,6.92,6.92,80265
2026-06-18,14:30:00,6.92,6.93,6.92,6.92,52788
2026-06-18,14:45:00,6.92,6.93,6.91,6.91,84583
2026-06-18,15:00:00,6.91,6.91,6.91,6.91,31925
2026-06-18,15:15:00,6.91,6.91,6.91,6.91,46691
2026-06-21,10:00:00,6.95,6.95,6.91,6.94,130799
2026-06-21,10:15:00,6.94,6.96,6.93,6.93,146454
2026-06-21,10:30:00,6.94,6.97,6.94,6.94,140564
2026-06-21,10:45:00,6.95,6.96,6.93,6.94,48703
2026-06-21,11:00:00,6.94,6.96,6.93,6.93,26188
2026-06-21,11:15:00,6.94,6.95,6.92,6.95,42099
2026-06-21,11:30:00,6.95,6.95,6.93,6.95,30681
2026-06-21,11:45:00,6.95,6.96,6.93,6.94,17205
2026-06-21,12:00:00,6.94,6.96,6.94,6.94,15352
2026-06-21,12:15:00,6.94,6.96,6.93,6.94,39805
2026-06-21,12:30:00,6.95,6.95,6.93,6.93,13774
2026-06-21,12:45:00,6.95,6.95,6.92,6.92,58546
2026-06-21,13:00:00,6.93,6.93,6.92,6.93,34499
2026-06-21,13:15:00,6.94,6.95,6.93,6.94,22401
2026-06-21,13:30:00,6.94,6.95,6.92,6.95,32710
2026-06-21,13:45:00,6.95,6.95,6.94,6.95,9486
2026-06-21,14:00:00,6.95,6.95,6.93,6.95,12941
2026-06-21,14:15:00,6.94,6.95,6.93,6.94,43822
2026-06-21,14:30:00,6.94,6.95,6.92,6.93,45914
2026-06-21,14:45:00,6.93,6.94,6.92,6.94,12343
2026-06-21,15:00:00,6.95,6.95,6.95,6.95,20366
2026-06-21,15:15:00,6.95,6.95,6.95,6.95,2136
2026-06-22,10:00:00,6.97,6.98,6.94,6.95,75260
2026-06-22,10:15:00,6.95,6.95,6.93,6.94,49561
2026-06-22,10:30:00,6.94,6.96,6.93,6.94,67075
2026-06-22,10:45:00,6.94,6.95,6.93,6.94,51987
2026-06-22,11:00:00,6.94,6.95,6.93,6.94,60935
2026-06-22,11:15:00,6.94,6.95,6.93,6.93,35281
2026-06-22,11:30:00,6.93,6.95,6.93,6.94,39335
2026-06-22,11:45:00,6.93,6.94,6.91,6.91,85438
2026-06-22,12:00:00,6.91,6.92,6.91,6.91,72395
2026-06-22,12:15:00,6.91,6.92,6.89,6.9,93758
2026-06-22,12:30:00,6.9,6.91,6.89,6.9,81948
2026-06-22,12:45:00,6.9,6.92,6.88,6.92,37894
2026-06-22,13:00:00,6.92,6.92,6.9,6.91,14135
2026-06-22,13:15:00,6.91,6.91,6.88,6.89,27588
2026-06-22,13:30:00,6.9,6.92,6.9,6.9,65409
2026-06-22,13:45:00,6.9,6.92,6.89,6.9,44548
2026-06-22,14:00:00,6.91,6.92,6.9,6.92,38318
2026-06-22,14:15:00,6.91,6.93,6.9,6.93,63527
2026-06-22,14:30:00,6.91,6.94,6.91,6.92,20954
2026-06-22,14:45:00,6.91,6.94,6.91,6.92,32701
2026-06-22,15:00:00,6.92,6.92,6.92,6.92,2026
2026-06-22,15:15:00,6.92,6.92,6.92,6.92,2000
2026-06-23,10:00:00,6.92,6.92,6.87,6.89,92702
2026-06-23,10:15:00,6.9,6.9,6.88,6.89,71331
2026-06-23,10:30:00,6.89,6.9,6.88,6.89,62439
2026-06-23,10:45:00,6.89,6.9,6.88,6.89,146107
2026-06-23,11:00:00,6.89,6.9,6.88,6.89,55327
2026-06-23,11:15:00,6.88,6.89,6.87,6.88,44296
2026-06-23,11:30:00,6.88,6.89,6.87,6.88,21693
2026-06-23,11:45:00,6.88,6.89,6.85,6.86,93466
2026-06-23,12:00:00,6.86,6.87,6.82,6.84,139660
2026-06-23,12:15:00,6.83,6.89,6.82,6.89,86295
2026-06-23,12:30:00,6.87,6.87,6.85,6.87,17247
2026-06-23,12:45:00,6.87,6.87,6.85,6.87,8044
2026-06-23,13:00:00,6.87,6.87,6.86,6.86,16203
2026-06-23,13:15:00,6.86,6.89,6.85,6.85,83323
2026-06-23,13:30:00,6.86,6.88,6.84,6.85,67003
2026-06-23,13:45:00,6.85,6.86,6.84,6.86,12702
2026-06-23,14:00:00,6.86,6.87,6.84,6.85,17521
2026-06-23,14:15:00,6.84,6.87,6.84,6.87,23228
2026-06-23,14:30:00,6.86,6.86,6.84,6.86,44947
2026-06-23,14:45:00,6.85,6.87,6.84,6.85,93845
2026-06-23,15:00:00,6.84,6.84,6.84,6.84,34568
2026-06-23,15:15:00,6.84,6.84,6.84,6.84,2250
2026-06-24,10:00:00,6.82,6.87,6.82,6.86,103461
2026-06-24,10:15:00,6.87,6.87,6.86,6.86,19492
2026-06-24,10:30:00,6.86,6.87,6.85,6.86,25089
2026-06-24,10:45:00,6.85,6.86,6.84,6.85,61886
2026-06-24,11:00:00,6.85,6.87,6.84,6.86,71750
2026-06-24,11:15:00,6.85,6.86,6.83,6.85,96528
2026-06-24,11:30:00,6.84,6.85,6.82,6.83,160032
2026-06-24,11:45:00,6.83,6.85,6.82,6.83,69280
2026-06-24,12:00:00,6.83,6.86,6.82,6.85,70456
2026-06-24,12:15:00,6.84,6.86,6.82,6.85,61671
2026-06-24,12:30:00,6.85,6.86,6.85,6.85,21509
2026-06-24,12:45:00,6.85,6.86,6.84,6.84,13698
2026-06-24,13:00:00,6.85,6.87,6.84,6.86,36667
2026-06-24,13:15:00,6.86,6.88,6.85,6.88,62955
2026-06-24,13:30:00,6.89,6.91,6.88,6.9,212649
2026-06-24,13:45:00,6.88,6.94,6.88,6.93,319602
2026-06-24,14:00:00,6.94,6.96,6.92,6.92,124308
2026-06-24,14:15:00,6.93,6.94,6.88,6.92,116680
2026-06-24,14:30:00,6.91,6.93,6.9,6.9,48599
2026-06-24,14:45:00,6.91,6.95,6.9,6.94,189724
2026-06-24,15:00:00,6.95,6.95,6.95,6.95,105174
2026-06-24,15:15:00,6.95,6.95,6.95,6.95,113557
2026-06-25,10:00:00,6.99,7.0,6.9,6.9,169114
2026-06-25,10:15:00,6.91,6.92,6.89,6.89,113023
2026-06-25,10:30:00,6.88,6.91,6.88,6.91,58265
2026-06-25,10:45:00,6.91,6.92,6.9,6.92,13873
2026-06-25,11:00:00,6.92,6.92,6.9,6.9,12361
2026-06-25,11:15:00,6.9,6.94,6.9,6.93,56174
2026-06-25,11:30:00,6.93,6.95,6.92,6.93,96318
2026-06-25,11:45:00,6.94,6.94,6.92,6.92,49607
2026-06-25,12:00:00,6.92,6.93,6.9,6.91,95043
2026-06-25,12:15:00,6.92,6.93,6.91,6.93,6488
2026-06-25,12:30:00,6.93,6.94,6.92,6.93,27555
2026-06-25,12:45:00,6.93,6.93,6.91,6.93,27612
2026-06-25,13:00:00,6.91,6.93,6.91,6.91,29815
2026-06-25,13:15:00,6.92,6.94,6.91,6.93,36831
2026-06-25,13:30:00,6.92,6.93,6.89,6.9,92761
2026-06-25,13:45:00,6.9,6.91,6.89,6.89,64302
2026-06-25,14:00:00,6.91,6.91,6.89,6.9,21098
2026-06-25,14:15:00,6.9,6.91,6.89,6.9,53754
2026-06-25,14:30:00,6.89,6.9,6.89,6.9,11002
2026-06-25,14:45:00,6.91,6.91,6.88,6.9,25299
2026-06-25,15:00:00,6.9,6.9,6.9,6.9,12269
2026-06-25,15:15:00,6.9,6.9,6.9,6.9,8263
2026-06-28,10:00:00,6.89,6.91,6.87,6.89,40831
2026-06-28,10:15:00,6.9,6.9,6.83,6.85,45601
2026-06-28,10:30:00,6.83,6.86,6.8,6.85,179866
2026-06-28,10:45:00,6.85,6.86,6.84,6.86,62319
2026-06-28,11:00:00,6.85,6.88,6.85,6.87,37069
2026-06-28,11:15:00,6.86,6.88,6.85,6.88,20748
2026-06-28,11:30:00,6.88,6.88,6.85,6.85,36137
2026-06-28,11:45:00,6.85,6.87,6.85,6.86,22253
2026-06-28,12:00:00,6.85,6.88,6.85,6.86,19041
2026-06-28,12:15:00,6.86,6.86,6.85,6.86,20267
2026-06-28,12:30:00,6.86,6.86,6.82,6.84,32585
2026-06-28,12:45:00,6.86,6.86,6.85,6.86,9336
2026-06-28,13:00:00,6.85,6.86,6.84,6.85,80788
2026-06-28,13:15:00,6.85,6.86,6.84,6.85,16141
2026-06-28,13:30:00,6.85,6.86,6.85,6.85,26694
2026-06-28,13:45:00,6.85,6.87,6.85,6.86,25924
2026-06-28,14:00:00,6.86,6.87,6.86,6.87,10476
2026-06-28,14:15:00,6.87,6.87,6.85,6.86,22940
2026-06-28,14:30:00,6.85,6.86,6.85,6.85,26300
2026-06-28,14:45:00,6.85,6.87,6.84,6.85,115630
2026-06-28,15:00:00,6.86,6.86,6.86,6.86,10043
2026-06-29,10:00:00,6.86,6.87,6.82,6.85,58337
2026-06-29,10:15:00,6.85,6.85,6.83,6.83,19220
2026-06-29,10:30:00,6.83,6.85,6.8,6.82,85376
2026-06-29,10:45:00,6.82,6.85,6.81,6.85,63439
2026-06-29,11:00:00,6.85,6.86,6.83,6.85,27544
2026-06-29,11:15:00,6.85,6.86,6.83,6.84,58437
2026-06-29,11:30:00,6.85,6.86,6.84,6.85,34159
2026-06-29,11:45:00,6.85,6.86,6.84,6.86,3452
2026-06-29,12:00:00,6.86,6.86,6.84,6.85,22627
2026-06-29,12:15:00,6.85,6.86,6.84,6.85,21124
2026-06-29,12:30:00,6.85,6.85,6.8,6.85,114816
2026-06-29,12:45:00,6.85,6.86,6.82,6.83,30343
2026-06-29,13:00:00,6.84,6.85,6.8,6.82,76969
2026-06-29,13:15:00,6.84,6.88,6.82,6.86,67457
2026-06-29,13:30:00,6.86,6.86,6.84,6.86,68252
2026-06-29,13:45:00,6.85,6.86,6.8,6.85,78693
2026-06-29,14:00:00,6.84,6.85,6.82,6.84,40229
2026-06-29,14:15:00,6.84,6.85,6.81,6.85,129391
2026-06-29,14:30:00,6.83,6.85,6.82,6.83,102078
2026-06-29,14:45:00,6.85,6.85,6.82,6.84,74212
2026-06-29,15:00:00,6.84,6.84,6.84,6.84,7385
2026-06-29,15:15:00,6.84,6.84,6.84,6.84,23510
2026-06-30,10:00:00,6.82,6.9,6.82,6.9,123487
2026-06-30,10:15:00,6.9,6.95,6.88,6.94,195013
2026-06-30,10:30:00,6.94,6.95,6.92,6.94,109187
2026-06-30,10:45:00,6.95,6.95,6.93,6.93,144874
2026-06-30,11:00:00,6.94,6.97,6.93,6.95,326103
2026-06-30,11:15:00,6.94,6.98,6.94,6.97,157624
2026-06-30,11:30:00,6.98,7.01,6.95,7.01,271229
2026-06-30,11:45:00,7.01,7.01,6.98,7.01,219307
2026-06-30,12:00:00,7.0,7.01,6.98,7.0,177994
2026-06-30,12:15:00,7.0,7.01,6.98,6.99,110604
2026-06-30,12:30:00,7.0,7.01,6.98,6.98,132586
2026-06-30,12:45:00,6.97,6.98,6.95,6.96,73800
2026-06-30,13:00:00,6.96,7.0,6.95,7.0,229580
2026-06-30,13:15:00,7.01,7.01,6.98,6.98,78895
2026-06-30,13:30:00,6.98,7.02,6.98,7.01,404346
2026-06-30,13:45:00,7.01,7.1,7.0,7.07,704927
2026-06-30,14:00:00,7.08,7.08,7.01,7.05,308508
2026-06-30,14:15:00,7.06,7.06,7.02,7.02,60892
2026-06-30,14:30:00,7.03,7.04,7.01,7.01,55651
2026-06-30,14:45:00,7.02,7.1,7.01,7.08,1052004
2026-06-30,15:00:00,7.03,7.03,7.03,7.03,72907
2026-06-30,15:15:00,7.03,7.03,7.03,7.03,43790
2026-07-01,10:00:00,7.05,7.07,7.02,7.04,208597
2026-07-01,10:15:00,7.04,7.06,7.0,7.01,228617
2026-07-01,10:30:00,7.02,7.03,6.98,7.0,203048
2026-07-01,10:45:00,6.99,7.02,6.99,7.02,54790
2026-07-01,11:00:00,7.02,7.02,6.95,6.98,317344
2026-07-01,11:15:00,6.98,6.98,6.93,6.95,220429
2026-07-01,11:30:00,6.96,6.98,6.95,6.97,70346
2026-07-01,11:45:00,6.96,6.98,6.96,6.97,43726
2026-07-01,12:00:00,6.96,6.97,6.94,6.97,44434
2026-07-01,12:15:00,6.97,6.97,6.95,6.96,39400
2026-07-01,12:30:00,6.95,6.98,6.94,6.96,135677
2026-07-01,12:45:00,6.96,6.98,6.95,6.95,57067
2026-07-01,13:00:00,6.95,6.96,6.93,6.95,116533
2026-07-01,13:15:00,6.95,6.95,6.94,6.94,104668
2026-07-01,13:30:00,6.94,6.96,6.94,6.96,60902
2026-07-01,13:45:00,6.96,6.97,6.94,6.95,109168
2026-07-01,14:00:00,6.95,6.95,6.94,6.94,18656
2026-07-01,14:15:00,6.95,6.95,6.92,6.92,148275
2026-07-01,14:30:00,6.93,6.94,6.91,6.93,77737
2026-07-01,14:45:00,6.94,6.94,6.91,6.93,119848
2026-07-01,15:00:00,6.92,6.92,6.92,6.92,25116
2026-07-01,15:15:00,6.92,6.92,6.92,6.92,26010
2026-07-02,10:00:00,6.94,6.95,6.9,6.93,171502
2026-07-02,10:15:00,6.93,6.98,6.92,6.93,155709
2026-07-02,10:30:00,6.92,6.95,6.92,6.93,95135
2026-07-02,10:45:00,6.93,6.94,6.9,6.92,66571
2026-07-02,11:00:00,6.94,6.94,6.91,6.93,62872
2026-07-02,11:15:00,6.92,6.92,6.89,6.9,266029
2026-07-02,11:30:00,6.91,6.91,6.89,6.9,50553
2026-07-02,11:45:00,6.9,6.94,6.89,6.93,65988
2026-07-02,12:00:00,6.92,6.94,6.91,6.93,145351
2026-07-02,12:15:00,6.92,6.94,6.91,6.92,62634
2026-07-02,12:30:00,6.93,6.93,6.9,6.93,41149
2026-07-02,12:45:00,6.92,6.93,6.91,6.92,23195
2026-07-02,13:00:00,6.92,6.93,6.91,6.92,44955
2026-07-02,13:15:00,6.93,6.93,6.92,6.92,16641
2026-07-02,13:30:00,6.92,6.93,6.9,6.9,79616
2026-07-02,13:45:00,6.9,6.9,6.87,6.89,100216
2026-07-02,14:00:00,6.89,6.9,6.88,6.9,44788
2026-07-02,14:15:00,6.91,6.91,6.89,6.9,44644
2026-07-02,14:30:00,6.91,6.91,6.89,6.89,26774
2026-07-02,14:45:00,6.89,6.92,6.88,6.9,142319
2026-07-02,15:00:00,6.89,6.89,6.89,6.89,15744
2026-07-02,15:15:00,6.89,6.89,6.89,6.89,9021
2026-07-05,10:00:00,6.9,6.92,6.88,6.89,129696
2026-07-05,10:15:00,6.9,6.9,6.87,6.89,120103
2026-07-05,10:30:00,6.89,6.9,6.87,6.88,59378
2026-07-05,10:45:00,6.88,6.88,6.87,6.88,41721
2026-07-05,11:00:00,6.88,6.89,6.87,6.88,54322
2026-07-05,11:15:00,6.87,6.89,6.87,6.88,17851
2026-07-05,11:30:00,6.89,6.91,6.89,6.9,63756
2026-07-05,11:45:00,6.91,6.92,6.9,6.91,224834
2026-07-05,12:00:00,6.91,6.93,6.9,6.91,91337
2026-07-05,12:15:00,6.91,6.93,6.91,6.93,91550
2026-07-05,12:30:00,6.93,6.97,6.92,6.97,451183
2026-07-05,12:45:00,6.97,7.0,6.96,6.99,736886
2026-07-05,13:00:00,6.99,7.0,6.95,6.97,330857
2026-07-05,13:15:00,6.96,7.0,6.95,6.98,405284
2026-07-05,13:30:00,6.98,6.99,6.96,6.96,68698
2026-07-05,13:45:00,6.97,6.99,6.96,6.99,120769
2026-07-05,14:00:00,6.99,7.01,6.97,6.97,340899
2026-07-05,14:15:00,6.98,6.99,6.97,6.98,126422
2026-07-05,14:30:00,6.98,7.0,6.97,6.97,122026
2026-07-05,14:45:00,6.97,6.99,6.95,6.95,114407
2026-07-05,15:00:00,6.97,6.97,6.97,6.97,10502
2026-07-05,15:15:00,6.97,6.97,6.97,6.97,10168
2026-07-06,10:00:00,6.98,6.99,6.93,6.95,340295
2026-07-06,10:15:00,6.96,6.97,6.93,6.94,54775
2026-07-06,10:30:00,6.95,6.95,6.93,6.93,77239
2026-07-06,10:45:00,6.93,6.95,6.92,6.93,84631
2026-07-06,11:00:00,6.94,6.95,6.93,6.94,45470
2026-07-06,11:15:00,6.93,6.94,6.91,6.92,159544
2026-07-06,11:30:00,6.91,6.93,6.91,6.92,77522
2026-07-06,11:45:00,6.92,6.92,6.89,6.91,194826
2026-07-06,12:00:00,6.91,6.92,6.9,6.92,99408
2026-07-06,12:15:00,6.92,6.92,6.91,6.91,7164
2026-07-06,12:30:00,6.92,6.92,6.9,6.91,33803
2026-07-06,12:45:00,6.91,6.93,6.9,6.91,42285
2026-07-06,13:00:00,6.9,6.92,6.9,6.91,47495
2026-07-06,13:15:00,6.9,6.92,6.9,6.9,83104
2026-07-06,13:30:00,6.89,6.91,6.88,6.91,115160
2026-07-06,13:45:00,6.91,6.91,6.89,6.89,42404
2026-07-06,14:00:00,6.89,6.9,6.88,6.89,100610
2026-07-06,14:15:00,6.89,6.89,6.88,6.89,58359
2026-07-06,14:30:00,6.89,6.9,6.88,6.89,72584
2026-07-06,14:45:00,6.9,6.9,6.88,6.89,153298
2026-07-06,15:00:00,6.88,6.88,6.88,6.88,9021
2026-07-06,15:15:00,6.88,6.88,6.88,6.88,6150
2026-07-07,10:00:00,6.89,6.9,6.87,6.89,82941
2026-07-07,10:15:00,6.89,6.89,6.87,6.88,21338
2026-07-07,10:30:00,6.88,6.89,6.87,6.88,74248
2026-07-07,10:45:00,6.88,6.89,6.87,6.88,44532
2026-07-07,11:00:00,6.88,6.9,6.87,6.89,74902
2026-07-07,11:15:00,6.89,6.9,6.88,6.89,40966
2026-07-07,11:30:00,6.89,6.9,6.88,6.89,21966
2026-07-07,11:45:00,6.89,6.9,6.87,6.89,50131
2026-07-07,12:00:00,6.9,6.9,6.88,6.9,25278
2026-07-07,12:15:00,6.89,6.9,6.87,6.89,36651
2026-07-07,12:30:00,6.88,6.89,6.88,6.89,10536
2026-07-07,12:45:00,6.89,6.9,6.89,6.89,86739
2026-07-07,13:00:00,6.89,6.91,6.89,6.91,189848
2026-07-07,13:15:00,6.91,6.92,6.9,6.92,224705
2026-07-07,13:30:00,6.92,6.92,6.9,6.92,195456
2026-07-07,13:45:00,6.92,6.93,6.91,6.92,108378
2026-07-07,14:00:00,6.91,6.92,6.9,6.91,161243
2026-07-07,14:15:00,6.91,6.92,6.89,6.92,124727
2026-07-07,14:30:00,6.91,6.92,6.9,6.9,31996
2026-07-07,14:45:00,6.9,6.93,6.9,6.93,159392
2026-07-07,15:00:00,6.93,6.93,6.93,6.93,10173
2026-07-07,15:15:00,6.93,6.93,6.93,6.93,27783
2026-07-08,10:00:00,6.92,6.92,6.88,6.89,155049
2026-07-08,10:15:00,6.89,6.9,6.89,6.9,44320
2026-07-08,10:30:00,6.89,6.9,6.87,6.87,71575
2026-07-08,10:45:00,6.88,6.9,6.88,6.89,70667
2026-07-08,11:00:00,6.9,6.9,6.89,6.9,52917
2026-07-08,11:15:00,6.89,6.9,6.85,6.87,342561
2026-07-08,11:30:00,6.87,6.87,6.85,6.86,104247
2026-07-08,11:45:00,6.85,6.88,6.85,6.86,55588
2026-07-08,12:00:00,6.86,6.87,6.85,6.87,53074
2026-07-08,12:15:00,6.86,6.88,6.86,6.87,78020
2026-07-08,12:30:00,6.87,6.88,6.87,6.88,42132
2026-07-08,12:45:00,6.89,6.89,6.87,6.87,65815
2026-07-08,13:00:00,6.88,6.88,6.85,6.88,109196
2026-07-08,13:15:00,6.88,6.88,6.87,6.87,11807
2026-07-08,13:30:00,6.87,6.89,6.87,6.87,25153
2026-07-08,13:45:00,6.88,6.9,6.87,6.88,99876
2026-07-08,14:00:00,6.88,6.89,6.88,6.88,84506
2026-07-08,14:15:00,6.88,6.89,6.87,6.87,76836
2026-07-08,14:30:00,6.88,6.88,6.87,6.87,54692
2026-07-08,14:45:00,6.87,6.9,6.87,6.87,83085
2026-07-08,15:00:00,6.87,6.87,6.87,6.87,39432
2026-07-09,10:00:00,6.88,6.88,6.83,6.86,74395
2026-07-09,10:15:00,6.84,6.87,6.83,6.83,65235
2026-07-09,10:30:00,6.83,6.84,6.82,6.83,121830
2026-07-09,10:45:00,6.83,6.84,6.81,6.83,60540
2026-07-09,11:00:00,6.83,6.83,6.82,6.83,44665
2026-07-09,11:15:00,6.83,6.85,6.83,6.85,27119
2026-07-09,11:30:00,6.84,6.85,6.83,6.84,18214
2026-07-09,11:45:00,6.83,6.84,6.83,6.83,32357
2026-07-09,12:00:00,6.84,6.85,6.82,6.82,50431
2026-07-09,12:15:00,6.82,6.85,6.82,6.83,7502
2026-07-09,12:30:00,6.84,6.86,6.83,6.84,17002
2026-07-09,12:45:00,6.84,6.86,6.83,6.84,23269
2026-07-09,13:00:00,6.84,6.85,6.83,6.85,25617
2026-07-09,13:15:00,6.84,6.85,6.83,6.84,17873
2026-07-09,13:30:00,6.83,6.85,6.83,6.83,21982
2026-07-09,13:45:00,6.84,6.84,6.83,6.83,27094
2026-07-09,14:00:00,6.83,6.83,6.82,6.82,44840
2026-07-09,14:15:00,6.82,6.83,6.8,6.82,173769
2026-07-09,14:30:00,6.82,6.82,6.8,6.8,105919
2026-07-09,14:45:00,6.8,6.82,6.79,6.82,62622
2026-07-09,15:00:00,6.81,6.81,6.81,6.81,2050
2026-07-12,10:00:00,6.81,6.81,6.74,6.76,119830
2026-07-12,10:15:00,6.76,6.83,6.76,6.78,60437
2026-07-12,10:30:00,6.78,6.78,6.75,6.76,91129
2026-07-12,10:45:00,6.77,6.77,6.75,6.77,69555
2026-07-12,11:00:00,6.77,6.77,6.73,6.75,134874
2026-07-12,11:15:00,6.75,6.76,6.73,6.74,133923
2026-07-12,11:30:00,6.74,6.75,6.72,6.75,98509
2026-07-12,11:45:00,6.75,6.75,6.73,6.75,31494
2026-07-12,12:00:00,6.75,6.76,6.74,6.75,9462
2026-07-12,12:15:00,6.75,6.76,6.74,6.74,19179
2026-07-12,12:30:00,6.75,6.76,6.74,6.75,12901
2026-07-12,12:45:00,6.76,6.76,6.74,6.75,35909
2026-07-12,13:00:00,6.75,6.76,6.74,6.75,21339
2026-07-12,13:15:00,6.75,6.76,6.75,6.76,19381
2026-07-12,13:30:00,6.76,6.76,6.75,6.75,19836
2026-07-12,13:45:00,6.75,6.77,6.75,6.77,20386
2026-07-12,14:00:00,6.76,6.77,6.75,6.76,36972
2026-07-12,14:15:00,6.75,6.77,6.74,6.77,54038
2026-07-12,14:30:00,6.76,6.77,6.75,6.77,26761
2026-07-12,14:45:00,6.77,6.77,6.74,6.76,18057
2026-07-12,15:00:00,6.75,6.75,6.75,6.75,28113
2026-07-12,15:15:00,6.75,6.75,6.75,6.75,2611
2026-07-13,10:00:00,6.76,6.78,6.74,6.77,41054
2026-07-13,10:15:00,6.77,6.78,6.76,6.77,26484
2026-07-13,10:30:00,6.77,6.78,6.77,6.77,25123
2026-07-13,10:45:00,6.77,6.77,6.75,6.76,42604
2026-07-13,11:00:00,6.76,6.79,6.75,6.79,101106
2026-07-13,11:15:00,6.79,6.83,6.79,6.82,94836
2026-07-13,11:30:00,6.8,6.83,6.8,6.82,42112
2026-07-13,11:45:00,6.81,6.85,6.81,6.84,61531
2026-07-13,12:00:00,6.82,6.85,6.82,6.85,83282
2026-07-13,12:15:00,6.84,6.85,6.81,6.81,65167
2026-07-13,12:30:00,6.82,6.82,6.8,6.82,10618
2026-07-13,12:45:00,6.81,6.81,6.79,6.79,32875
2026-07-13,13:00:00,6.79,6.82,6.79,6.8,30031
2026-07-13,13:15:00,6.82,6.83,6.8,6.8,32448
2026-07-13,13:30:00,6.8,6.83,6.8,6.81,10104
2026-07-13,13:45:00,6.8,6.82,6.8,6.82,13576
2026-07-13,14:00:00,6.82,6.83,6.81,6.81,34459
2026-07-13,14:15:00,6.81,6.86,6.81,6.84,248728
2026-07-13,14:30:00,6.82,6.83,6.79,6.81,71142
2026-07-13,14:45:00,6.81,6.86,6.8,6.85,123865
2026-07-13,15:00:00,6.9,6.9,6.9,6.9,286705
2026-07-13,15:15:00,6.9,6.9,6.9,6.9,27237
2026-07-14,10:00:00,6.93,7.08,6.87,7.05,1362972
2026-07-14,10:15:00,7.04,7.05,6.93,6.93,417974
2026-07-14,10:30:00,6.94,6.98,6.93,6.94,249309
2026-07-14,10:45:00,6.95,7.02,6.94,6.98,290490
2026-07-14,11:00:00,6.98,6.99,6.96,6.97,80742
2026-07-14,11:15:00,6.97,6.98,6.95,6.97,59054
2026-07-14,11:30:00,6.96,6.97,6.93,6.94,127788
2026-07-14,11:45:00,6.95,6.99,6.94,6.96,188302
2026-07-14,12:00:00,6.97,6.97,6.94,6.96,65946
2026-07-14,12:15:00,6.95,6.98,6.95,6.97,64692
2026-07-14,12:30:00,6.96,6.99,6.96,6.98,130532
2026-07-14,12:45:00,6.99,7.03,6.97,7.0,355493
2026-07-14,13:00:00,7.0,7.0,6.97,6.98,119734
2026-07-14,13:15:00,6.98,7.0,6.97,6.99,127703
2026-07-14,13:30:00,6.99,7.03,6.98,7.01,169478
2026-07-14,13:45:00,7.0,7.06,6.99,7.06,468852
2026-07-14,14:00:00,7.05,7.09,6.98,6.99,1040742
2026-07-14,14:15:00,6.99,7.03,6.95,6.98,253018
2026-07-14,14:30:00,6.98,7.03,6.96,7.01,266439
2026-07-14,14:45:00,7.01,7.04,7.01,7.04,574976
2026-07-14,15:00:00,7.01,7.01,7.01,7.01,64495
2026-07-14,15:15:00,7.01,7.01,7.01,7.01,5425
2026-07-15,10:00:00,7.06,7.1,7.01,7.09,734626
2026-07-15,10:15:00,7.08,7.09,7.02,7.05,358754
2026-07-15,10:30:00,7.04,7.06,6.98,7.0,587045
2026-07-15,10:45:00,7.01,7.03,6.98,6.99,219983
2026-07-15,11:00:00,7.0,7.0,6.97,6.99,116949
2026-07-15,11:15:00,7.0,7.01,6.98,6.99,168517
2026-07-15,11:30:00,6.98,7.02,6.97,6.99,189895
2026-07-15,11:45:00,6.99,7.0,6.98,6.99,82810
2026-07-15,12:00:00,6.99,7.0,6.98,6.99,76874
2026-07-15,12:15:00,6.98,6.99,6.97,6.99,41607
2026-07-15,12:30:00,6.98,6.99,6.97,6.99,81718
2026-07-15,12:45:00,6.99,6.99,6.96,6.96,193826
2026-07-15,13:00:00,6.97,6.97,6.91,6.94,276637
2026-07-15,13:15:00,6.93,6.96,6.91,6.95,150691
2026-07-15,13:30:00,6.95,6.95,6.93,6.94,48251
2026-07-15,13:45:00,6.94,6.95,6.93,6.93,37840
2026-07-15,14:00:00,6.93,6.94,6.92,6.93,46741
2026-07-15,14:15:00,6.93,6.93,6.91,6.92,108435
2026-07-15,14:30:00,6.91,6.92,6.87,6.87,353839
2026-07-15,14:45:00,6.88,6.88,6.85,6.86,313927
2026-07-15,15:00:00,6.86,6.86,6.86,6.86,35332
2026-07-15,15:15:00,6.86,6.86,6.86,6.86,11501
2026-07-16,10:00:00,6.86,6.88,6.8,6.84,251908
2026-07-16,10:15:00,6.85,6.86,6.83,6.84,47926
2026-07-16,10:30:00,6.84,6.85,6.83,6.84,75834
2026-07-16,10:45:00,6.85,6.85,6.83,6.85,43948
2026-07-16,11:00:00,6.85,6.86,6.83,6.86,35122
2026-07-16,11:15:00,6.85,6.86,6.83,6.84,17277
2026-07-16,11:30:00,6.84,6.86,6.84,6.85,40881
2026-07-16,11:45:00,6.85,6.85,6.83,6.84,29227
2026-07-16,12:00:00,6.84,6.86,6.83,6.85,41823
2026-07-16,12:15:00,6.85,6.86,6.83,6.84,28328
2026-07-16,12:30:00,6.84,6.85,6.82,6.83,42579
2026-07-16,12:45:00,6.82,6.84,6.82,6.83,15298
2026-07-16,13:00:00,6.82,6.83,6.81,6.83,139010
2026-07-16,13:15:00,6.83,6.84,6.81,6.81,112902
2026-07-16,13:30:00,6.82,6.82,6.78,6.79,161199
2026-07-16,13:45:00,6.79,6.82,6.79,6.81,32894
2026-07-16,14:00:00,6.81,6.83,6.8,6.81,61590
2026-07-16,14:15:00,6.81,6.81,6.79,6.8,57234
2026-07-16,14:30:00,6.8,6.82,6.8,6.81,46963
2026-07-16,14:45:00,6.83,6.85,6.81,6.83,159806
2026-07-16,15:00:00,6.83,6.83,6.83,6.83,22691
2026-07-16,15:15:00,6.83,6.83,6.83,6.83,85271
2026-07-19,10:00:00,6.82,6.82,6.76,6.79,143103
2026-07-19,10:15:00,6.79,6.79,6.67,6.71,368937
2026-07-19,10:30:00,6.7,6.76,6.7,6.74,69139
2026-07-19,10:45:00,6.75,6.75,6.72,6.72,18145
2026-07-19,11:00:00,6.73,6.75,6.72,6.74,73697
2026-07-19,11:15:00,6.75,6.77,6.74,6.75,43359
2026-07-19,11:30:00,6.75,6.78,6.74,6.78,23799
2026-07-19,11:45:00,6.78,6.81,6.76,6.8,163598
2026-07-19,12:00:00,6.8,6.8,6.77,6.79,89247
2026-07-19,12:15:00,6.8,6.8,6.75,6.75,21952
2026-07-19,12:30:00,6.76,6.77,6.74,6.76,30058
2026-07-19,12:45:00,6.76,6.78,6.76,6.77,24469
2026-07-19,13:00:00,6.76,6.77,6.74,6.74,18388
2026-07-19,13:15:00,6.75,6.78,6.75,6.77,48103
2026-07-19,13:30:00,6.76,6.76,6.73,6.73,20881
2026-07-19,13:45:00,6.73,6.77,6.73,6.77,28500
2026-07-19,14:00:00,6.77,6.79,6.76,6.78,60646
2026-07-19,14:15:00,6.78,6.79,6.77,6.79,26556
2026-07-19,14:30:00,6.79,6.81,6.77,6.8,51814
2026-07-19,14:45:00,6.8,6.81,6.76,6.76,106003
2026-07-19,15:00:00,6.75,6.75,6.75,6.75,13078
2026-07-19,15:15:00,6.75,6.75,6.75,6.75,5468
2026-07-20,10:00:00,6.72,6.74,6.7,6.72,78605
2026-07-20,10:15:00,6.72,6.72,6.68,6.7,219114
2026-07-20,10:30:00,6.7,6.71,6.69,6.71,77656
2026-07-20,10:45:00,6.71,6.73,6.69,6.69,147268
2026-07-20,11:00:00,6.69,6.71,6.69,6.71,40991
2026-07-20,11:15:00,6.72,6.72,6.71,6.71,7434
2026-07-20,11:30:00,6.72,6.74,6.71,6.71,89520
2026-07-20,11:45:00,6.71,6.71,6.7,6.71,51622
2026-07-20,12:00:00,6.7,6.71,6.69,6.69,13983
2026-07-20,12:15:00,6.7,6.7,6.68,6.69,167770
2026-07-20,12:30:00,6.7,6.7,6.68,6.68,82029
2026-07-20,12:45:00,6.68,6.73,6.68,6.71,71190
2026-07-20,13:00:00,6.72,6.74,6.71,6.74,341533
2026-07-20,13:15:00,6.74,6.76,6.73,6.73,116151
2026-07-20,13:30:00,6.74,6.75,6.73,6.75,41618
2026-07-20,13:45:00,6.75,6.75,6.72,6.72,76972
2026-07-20,14:00:00,6.72,6.73,6.71,6.72,41746
2026-07-20,14:15:00,6.73,6.73,6.7,6.7,169738
2026-07-20,14:30:00,6.71,6.71,6.69,6.7,59428
2026-07-20,14:45:00,6.71,6.71,6.69,6.7,40297
2026-07-20,15:00:00,6.72,6.72,6.72,6.72,36497
2026-07-20,15:15:00,6.72,6.72,6.72,6.72,2498
2026-07-21,10:00:00,6.69,6.7,6.67,6.67,135588
2026-07-21,10:15:00,6.66,6.69,6.66,6.67,62338
2026-07-21,10:30:00,6.67,6.69,6.67,6.69,29363
2026-07-21,10:45:00,6.68,6.69,6.66,6.69,73546
2026-07-21,11:00:00,6.69,6.69,6.66,6.66,46105
2026-07-21,11:15:00,6.67,6.68,6.66,6.67,39039
2026-07-21,11:30:00,6.67,6.73,6.66,6.73,99000
2026-07-21,11:45:00,6.68,6.7,6.66,6.66,49254
2026-07-21,12:00:00,6.67,6.68,6.66,6.67,49288
2026-07-21,12:15:00,6.68,6.7,6.68,6.7,14917
2026-07-21,12:30:00,6.69,6.7,6.67,6.67,14532
2026-07-21,12:45:00,6.69,6.69,6.68,6.68,3479
2026-07-21,13:00:00,6.68,6.68,6.66,6.67,24263
2026-07-21,13:15:00,6.67,6.68,6.65,6.66,47473
2026-07-21,13:30:00,6.65,6.68,6.65,6.65,51429
2026-07-21,13:45:00,6.65,6.66,6.62,6.63,78740
2026-07-21,14:00:00,6.63,6.65,6.62,6.64,48029
2026-07-21,14:15:00,6.63,6.65,6.62,6.63,24381
2026-07-21,14:30:00,6.62,6.64,6.62,6.62,20994
2026-07-21,14:45:00,6.62,6.64,6.61,6.61,80969
2026-07-21,15:00:00,6.61,6.61,6.61,6.61,38039
2026-07-21,15:15:00,6.61,6.61,6.61,6.61,7864
2026-07-22,10:00:00,6.6,6.66,6.6,6.64,56193
2026-07-22,10:15:00,6.65,6.65,6.58,6.61,77667
2026-07-22,10:30:00,6.61,6.64,6.6,6.62,88741
2026-07-22,10:45:00,6.61,6.63,6.6,6.63,20796
2026-07-22,11:00:00,6.63,6.65,6.6,6.62,38010
2026-07-22,11:15:00,6.62,6.62,6.6,6.61,19684
2026-07-22,11:30:00,6.61,6.62,6.6,6.61,15811
2026-07-22,11:45:00,6.61,6.63,6.61,6.62,44703
2026-07-22,12:00:00,6.62,6.63,6.62,6.63,19098
2026-07-22,12:15:00,6.63,6.64,6.61,6.61,21236
2026-07-22,12:30:00,6.63,6.63,6.61,6.61,5919
2026-07-22,12:45:00,6.62,6.63,6.61,6.63,48791
2026-07-22,13:00:00,6.62,6.63,6.61,6.63,4668
2026-07-22,13:15:00,6.63,6.63,6.61,6.62,2848
2026-07-22,13:30:00,6.62,6.63,6.61,6.63,19681
2026-07-22,13:45:00,6.62,6.63,6.61,6.62,21046
2026-07-22,14:00:00,6.62,6.63,6.61,6.63,15763
2026-07-22,14:15:00,6.62,6.65,6.61,6.65,94091
2026-07-22,14:30:00,6.64,6.64,6.63,6.64,6683
2026-07-22,14:45:00,6.63,6.64,6.61,6.62,93548
2026-07-22,15:00:00,6.62,6.62,6.62,6.62,3569
2026-07-22,15:15:00,6.62,6.62,6.62,6.62,6790
2026-07-23,10:00:00,6.66,6.66,6.62,6.62,65664
2026-07-23,10:15:00,6.62,6.64,6.61,6.62,18582
2026-07-23,10:30:00,6.62,6.64,6.61,6.62,40387
2026-07-23,10:45:00,6.62,6.64,6.6,6.6,108164
2026-07-23,11:00:00,6.61,6.62,6.6,6.61,14066
2026-07-23,11:15:00,6.61,6.62,6.59,6.61,19525
2026-07-23,11:30:00,6.61,6.62,6.61,6.61,10827
2026-07-23,11:45:00,6.62,6.62,6.61,6.61,22911
2026-07-23,12:00:00,6.62,6.62,6.59,6.61,42937
2026-07-23,12:15:00,6.61,6.63,6.59,6.6,90841
2026-07-23,12:30:00,6.6,6.67,6.59,6.65,138329
2026-07-23,12:45:00,6.63,6.66,6.63,6.66,52348
2026-07-23,13:00:00,6.66,6.67,6.63,6.65,66868
2026-07-23,13:15:00,6.66,6.67,6.64,6.66,87550
2026-07-23,13:30:00,6.66,6.66,6.63,6.63,34715
2026-07-23,13:45:00,6.64,6.67,6.63,6.65,32898
2026-07-23,14:00:00,6.66,6.66,6.65,6.65,9817
2026-07-23,14:15:00,6.66,6.67,6.65,6.66,32337
2026-07-23,14:30:00,6.66,6.68,6.66,6.68,36949
2026-07-23,14:45:00,6.67,6.7,6.67,6.7,72855
2026-07-23,15:00:00,6.69,6.69,6.69,6.69,103680
2026-07-23,15:15:00,6.69,6.69,6.69,6.69,21510
2026-07-26,10:00:00,6.7,6.73,6.67,6.73,69077
2026-07-26,10:15:00,6.73,6.76,6.7,6.7,124285
2026-07-26,10:30:00,6.7,6.72,6.69,6.71,84316
2026-07-26,10:45:00,6.71,6.71,6.7,6.7,23960
2026-07-26,11:00:00,6.7,6.72,6.7,6.7,23855
2026-07-26,11:15:00,6.7,6.71,6.7,6.71,87487
2026-07-26,11:30:00,6.72,6.73,6.71,6.73,37509
2026-07-26,11:45:00,6.73,6.73,6.71,6.72,2645
2026-07-26,12:00:00,6.72,6.75,6.72,6.73,44753
2026-07-26,12:15:00,6.73,6.76,6.73,6.74,50864
2026-07-26,12:30:00,6.73,6.74,6.73,6.74,9997
2026-07-26,12:45:00,6.74,6.76,6.74,6.74,54127
2026-07-26,13:00:00,6.75,6.81,6.74,6.79,184319
2026-07-26,13:15:00,6.78,6.84,6.75,6.8,156959
2026-07-26,13:30:00,6.8,6.83,6.8,6.81,63422
2026-07-26,13:45:00,6.81,6.83,6.8,6.8,54470
2026-07-26,14:00:00,6.8,6.81,6.77,6.78,88238
2026-07-26,14:15:00,6.77,6.78,6.76,6.77,23655
2026-07-26,14:30:00,6.77,6.79,6.77,6.79,5543
2026-07-26,14:45:00,6.79,6.82,6.77,6.78,44243
2026-07-26,15:00:00,6.78,6.78,6.78,6.78,9891
2026-07-26,15:15:00,6.78,6.78,6.78,6.78,1389
2026-07-27,10:00:00,6.79,6.87,6.79,6.85,293150
2026-07-27,10:15:00,6.84,6.9,6.82,6.88,262339
2026-07-27,10:30:00,6.88,6.94,6.88,6.9,180848
2026-07-27,10:45:00,6.9,6.92,6.89,6.89,172698
2026-07-27,11:00:00,6.89,6.9,6.86,6.87,86933
2026-07-27,11:15:00,6.88,6.88,6.85,6.85,49989
2026-07-27,11:30:00,6.86,6.89,6.85,6.88,60627
2026-07-27,11:45:00,6.88,6.88,6.86,6.86,36521
2026-07-27,12:00:00,6.87,6.87,6.86,6.86,39417
2026-07-27,12:15:00,6.86,6.89,6.86,6.88,41359
2026-07-27,12:30:00,6.89,6.89,6.87,6.88,9737
2026-07-27,12:45:00,6.87,6.91,6.87,6.91,109413
2026-07-27,13:00:00,6.9,6.91,6.88,6.88,30982
2026-07-27,13:15:00,6.89,6.89,6.87,6.89,47710
2026-07-27,13:30:00,6.87,6.9,6.86,6.89,27824
2026-07-27,13:45:00,6.88,6.88,6.86,6.87,4622
2026-07-27,14:00:00,6.86,6.87,6.85,6.85,49290
2026-07-27,14:15:00,6.86,6.86,6.82,6.83,53573
2026-07-27,14:30:00,6.83,6.83,6.81,6.81,72763
2026-07-27,14:45:00,6.83,6.88,6.81,6.85,109172
2026-07-27,15:00:00,6.84,6.84,6.84,6.84,10535
2026-07-27,15:15:00,6.84,6.84,6.84,6.84,193
2026-07-28,10:00:00,6.86,6.86,6.8,6.81,41727
2026-07-28,10:15:00,6.81,6.83,6.79,6.81,155873
2026-07-28,10:30:00,6.81,6.81,6.79,6.8,40496
2026-07-28,10:45:00,6.81,6.81,6.79,6.8,52355
2026-07-28,11:00:00,6.8,6.82,6.8,6.81,22291
2026-07-28,11:15:00,6.81,6.81,6.79,6.8,117189
2026-07-28,11:30:00,6.8,6.83,6.79,6.83,71261
2026-07-28,11:45:00,6.82,6.94,6.82,6.93,344497
2026-07-28,12:00:00,6.93,6.94,6.85,6.86,85400
2026-07-28,12:15:00,6.85,6.88,6.83,6.83,50726
2026-07-28,12:30:00,6.83,6.86,6.83,6.83,35437
2026-07-28,12:45:00,6.83,6.85,6.83,6.83,19850
2026-07-28,13:00:00,6.83,6.84,6.83,6.84,51006
2026-07-28,13:15:00,6.84,6.84,6.81,6.81,54165
2026-07-28,13:30:00,6.81,6.82,6.8,6.81,122426
2026-07-28,13:45:00,6.81,6.82,6.8,6.82,18974
2026-07-28,14:00:00,6.82,6.82,6.8,6.81,17462
2026-07-28,14:15:00,6.8,6.81,6.79,6.79,21197
2026-07-28,14:30:00,6.8,6.81,6.78,6.78,48993
2026-07-28,14:45:00,6.78,6.79,6.74,6.74,95455
2026-07-28,15:00:00,6.74,6.74,6.74,6.74,13997
2026-07-29,10:00:00,6.75,6.77,6.71,6.75,85163
2026-07-29,10:15:00,6.73,6.75,6.69,6.75,92082
2026-07-29,10:30:00,6.75,6.78,6.72,6.75,72683
2026-07-29,10:45:00,6.75,6.78,6.75,6.76,90090
2026-07-29,11:00:00,6.76,6.78,6.75,6.75,32680
2026-07-29,11:15:00,6.75,6.77,6.74,6.75,56020
2026-07-29,11:30:00,6.75,6.77,6.73,6.76,28378
2026-07-29,11:45:00,6.73,6.77,6.73,6.76,12176
2026-07-29,12:00:00,6.76,6.77,6.75,6.76,63780
2026-07-29,12:15:00,6.75,6.78,6.75,6.78,36327
2026-07-29,12:30:00,6.78,6.78,6.75,6.75,111148
2026-07-29,12:45:00,6.77,6.79,6.75,6.79,60687
2026-07-29,13:00:00,6.78,6.79,6.75,6.75,49841
2026-07-29,13:15:00,6.75,6.78,6.75,6.77,52891
2026-07-29,13:30:00,6.78,6.8,6.75,6.78,56048
2026-07-29,13:45:00,6.78,6.85,6.77,6.79,191043
2026-07-29,14:00:00,6.78,6.81,6.76,6.79,61979
2026-07-29,14:15:00,6.81,6.83,6.77,6.78,79096
2026-07-29,14:30:00,6.78,6.79,6.75,6.78,121803
2026-07-29,14:45:00,6.79,6.79,6.75,6.75,46500
2026-07-29,15:00:00,6.77,6.77,6.77,6.77,4089
2026-07-29,15:15:00,6.77,6.77,6.77,6.77,1000
2026-07-30,10:00:00,6.78,6.89,6.78,6.86,126123
2026-07-30,10:15:00,6.84,6.9,6.84,6.89,112103
2026-07-30,10:30:00,6.9,6.9,6.86,6.87,20542
2026-07-30,10:45:00,6.86,6.9,6.86,6.89,128824
2026-07-30,11:00:00,6.88,6.89,6.86,6.86,45347
2026-07-30,11:15:00,6.86,6.86,6.83,6.83,43643
2026-07-30,11:30:00,6.82,6.84,6.82,6.84,60446
2026-07-30,11:45:00,6.84,6.84,6.82,6.84,13747
2026-07-30,12:00:00,6.82,6.85,6.82,6.84,15657
2026-07-30,12:15:00,6.84,6.91,6.82,6.9,250296
2026-07-30,12:30:00,6.89,6.91,6.88,6.88,143344
2026-07-30,12:45:00,6.89,6.91,6.88,6.89,77424
2026-07-30,13:00:00,6.89,6.9,6.85,6.85,77601
2026-07-30,13:15:00,6.85,6.85,6.82,6.83,24212
2026-07-30,13:30:00,6.82,6.84,6.82,6.82,34290
2026-07-30,13:45:00,6.82,6.84,6.81,6.83,90304
2026-07-30,14:00:00,6.83,6.86,6.83,6.85,23976
2026-07-30,14:15:00,6.84,6.85,6.84,6.85,19921
2026-07-30,14:30:00,6.85,6.88,6.84,6.88,67006
2026-07-30,14:45:00,6.88,6.91,6.87,6.89,271684
2026-07-30,15:00:00,6.9,6.9,6.9,6.9,33197
2026-08-02,10:00:00,7.1,7.5,7.03,7.4,4362575
2026-08-02,10:15:00,7.42,7.53,7.37,7.46,2291105
2026-08-02,10:30:00,7.45,7.45,7.36,7.37,591221
2026-08-02,10:45:00,7.36,7.38,7.3,7.32,585131
2026-08-02,11:00:00,7.31,7.34,7.24,7.3,596581
2026-08-02,11:15:00,7.3,7.33,7.23,7.25,284965
2026-08-02,11:30:00,7.24,7.26,7.16,7.17,472059
2026-08-02,11:45:00,7.17,7.25,7.15,7.24,531817
2026-08-02,12:00:00,7.24,7.28,7.22,7.25,387204
2026-08-02,12:15:00,7.24,7.27,7.22,7.22,220899
2026-08-02,12:30:00,7.23,7.24,7.2,7.2,129649
2026-08-02,12:45:00,7.2,7.21,7.17,7.2,124983
2026-08-02,13:00:00,7.19,7.21,7.18,7.2,99756
2026-08-02,13:15:00,7.2,7.22,7.18,7.19,91636
2026-08-02,13:30:00,7.19,7.22,7.19,7.2,65276
2026-08-02,13:45:00,7.2,7.21,7.18,7.19,85100
2026-08-02,14:00:00,7.19,7.19,7.16,7.18,138990
2026-08-02,14:15:00,7.17,7.19,7.15,7.17,137477
2026-08-02,14:30:00,7.16,7.19,7.16,7.19,93390
2026-08-02,14:45:00,7.19,7.22,7.17,7.19,285194
2026-08-02,15:00:00,7.17,7.17,7.17,7.17,78910
2026-08-02,15:15:00,7.17,7.17,7.17,7.17,82979
2026-08-03,10:00:00,7.18,7.44,7.17,7.36,1370709
2026-08-03,10:15:00,7.36,7.37,7.28,7.3,356578
2026-08-03,10:30:00,7.31,7.32,7.28,7.29,194485
2026-08-03,10:45:00,7.29,7.3,7.26,7.28,149318
2026-08-03,11:00:00,7.27,7.3,7.27,7.3,200132
2026-08-03,11:15:00,7.29,7.38,7.26,7.34,668971
2026-08-03,11:30:00,7.35,7.38,7.34,7.35,261203
2026-08-03,11:45:00,7.35,7.39,7.34,7.38,162173
2026-08-03,12:00:00,7.39,7.4,7.36,7.37,97014
2026-08-03,12:15:00,7.37,7.39,7.36,7.38,83068
2026-08-03,12:30:00,7.38,7.39,7.36,7.37,103580
2026-08-03,12:45:00,7.38,7.38,7.36,7.38,54335
2026-08-03,13:00:00,7.36,7.39,7.36,7.37,177630
2026-08-03,13:15:00,7.37,7.37,7.34,7.35,91519
2026-08-03,13:30:00,7.36,7.38,7.35,7.37,48929
2026-08-03,13:45:00,7.37,7.39,7.35,7.35,216635
2026-08-03,14:00:00,7.35,7.37,7.33,7.35,151257
2026-08-03,14:15:00,7.34,7.37,7.3,7.34,663113
2026-08-03,14:30:00,7.36,7.38,7.34,7.36,116233
2026-08-03,14:45:00,7.37,7.38,7.32,7.36,158837
2026-08-03,15:00:00,7.37,7.37,7.37,7.37,4000
2026-08-03,15:15:00,7.37,7.37,7.37,7.37,1400
2026-08-04,10:00:00,7.35,7.45,7.35,7.41,516819
2026-08-04,10:15:00,7.4,7.44,7.39,7.4,180093
2026-08-04,10:30:00,7.39,7.44,7.39,7.42,78094
2026-08-04,10:45:00,7.42,7.43,7.39,7.43,56541
2026-08-04,11:00:00,7.42,7.47,7.39,7.43,439380
2026-08-04,11:15:00,7.43,7.43,7.34,7.4,224405
2026-08-04,11:30:00,7.38,7.44,7.38,7.44,121203
2026-08-04,11:45:00,7.43,7.43,7.41,7.43,103868
2026-08-04,12:00:00,7.41,7.45,7.4,7.44,200967
2026-08-04,12:15:00,7.43,7.47,7.42,7.46,285450
2026-08-04,12:30:00,7.47,7.47,7.41,7.44,184306
2026-08-04,12:45:00,7.43,7.46,7.43,7.45,148379
2026-08-04,13:00:00,7.46,7.61,7.46,7.55,1326164
2026-08-04,13:15:00,7.55,7.59,7.55,7.58,241662
2026-08-04,13:30:00,7.58,7.6,7.56,7.56,199787
2026-08-04,13:45:00,7.56,7.58,7.55,7.57,84237
2026-08-04,14:00:00,7.57,7.63,7.56,7.6,417536
2026-08-04,14:15:00,7.61,7.61,7.53,7.53,150684
2026-08-04,14:30:00,7.54,7.55,7.5,7.51,251470
2026-08-04,14:45:00,7.52,7.54,7.47,7.49,810039
2026-08-04,15:00:00,7.5,7.5,7.5,7.5,130160
2026-08-04,15:15:00,7.5,7.5,7.5,7.5,74666
2026-08-05,10:00:00,7.5,7.56,7.43,7.55,338061
2026-08-05,10:15:00,7.55,7.59,7.52,7.59,178241
2026-08-05,10:30:00,7.6,7.64,7.57,7.62,193387
2026-08-05,10:45:00,7.62,7.74,7.59,7.68,609536
2026-08-05,11:00:00,7.69,7.71,7.66,7.68,143563
2026-08-05,11:15:00,7.68,7.84,7.68,7.84,989898
2026-08-05,11:30:00,7.83,8.06,7.81,8.01,1772729
2026-08-05,11:45:00,8.01,8.05,7.95,8.02,748083
2026-08-05,12:00:00,8.04,8.1,8.0,8.03,576487
2026-08-05,12:15:00,8.03,8.05,7.95,7.99,644590
2026-08-05,12:30:00,7.99,8.01,7.97,7.98,278492
2026-08-05,12:45:00,7.98,8.03,7.9,7.97,565937
2026-08-05,13:00:00,7.97,8.02,7.96,8.02,258488
2026-08-05,13:15:00,8.01,8.2,8.0,8.17,974749
2026-08-05,13:30:00,8.17,8.22,8.16,8.2,784100
2026-08-05,13:45:00,8.2,8.25,8.19,8.22,3017089
2026-08-05,14:00:00,8.22,8.25,8.18,8.21,796179
2026-08-05,14:15:00,8.2,8.24,8.2,8.22,212422
2026-08-05,14:30:00,8.23,8.25,8.21,8.24,385141
2026-08-05,14:45:00,8.25,8.25,8.23,8.25,328650
2026-08-05,15:00:00,8.25,8.25,8.25,8.25,27926
2026-08-05,15:15:00,8.25,8.25,8.25,8.25,2609
2026-08-06,10:00:00,8.36,8.43,8.13,8.2,1400911
2026-08-06,10:15:00,8.18,8.2,8.09,8.1,416859
2026-08-06,10:30:00,8.1,8.14,8.03,8.04,363835
2026-08-06,10:45:00,8.05,8.08,7.97,7.99,493650
2026-08-06,11:00:00,7.99,8.04,7.96,8.03,270376
2026-08-06,11:15:00,8.04,8.07,7.98,8.0,465938
2026-08-06,11:30:00,8.0,8.1,8.0,8.05,456252
2026-08-06,11:45:00,8.02,8.07,7.99,8.01,203054
2026-08-06,12:00:00,8.01,8.01,7.89,7.93,425520
2026-08-06,12:15:00,7.94,7.96,7.9,7.93,366014
2026-08-06,12:30:00,7.93,7.97,7.93,7.93,163626
2026-08-06,12:45:00,7.94,7.98,7.92,7.98,160673
2026-08-06,13:00:00,7.96,7.99,7.92,7.96,240214
2026-08-06,13:15:00,7.96,8.0,7.94,7.96,288961
2026-08-06,13:30:00,7.96,7.96,7.88,7.89,376085
2026-08-06,13:45:00,7.89,7.91,7.83,7.91,367052
2026-08-06,14:00:00,7.92,7.93,7.88,7.89,128820
2026-08-06,14:15:00,7.9,7.92,7.85,7.89,148376
2026-08-06,14:30:00,7.87,7.88,7.83,7.87,95143
2026-08-06,14:45:00,7.87,8.0,7.86,7.95,323976
2026-08-06,15:00:00,7.93,7.93,7.93,7.93,87185
2026-08-06,15:15:00,7.93,7.93,7.93,7.93,6854
2026-08-09,10:00:00,8.1,8.11,7.95,8.01,315073
2026-08-09,10:15:00,7.99,8.02,7.92,7.95,178217
2026-08-09,10:30:00,7.94,8.02,7.92,7.98,129817
2026-08-09,10:45:00,7.99,8.0,7.94,7.97,85635
2026-08-09,11:00:00,7.97,7.98,7.94,7.96,58256
2026-08-09,11:15:00,7.96,8.04,7.95,8.04,139860
2026-08-09,11:30:00,8.04,8.18,8.01,8.15,385908
2026-08-09,11:45:00,8.15,8.2,8.04,8.1,465083
2026-08-09,12:00:00,8.08,8.14,8.05,8.1,162778
2026-08-09,12:15:00,8.1,8.12,8.06,8.08,102278
2026-08-09,12:30:00,8.08,8.1,8.05,8.1,58389
2026-08-09,12:45:00,8.09,8.12,8.05,8.06,35363
2026-08-09,13:00:00,8.06,8.12,8.05,8.1,82354
2026-08-09,13:15:00,8.09,8.16,8.06,8.14,172558
2026-08-09,13:30:00,8.12,8.15,8.1,8.12,60274
2026-08-09,13:45:00,8.12,8.16,8.09,8.1,230103
2026-08-09,14:00:00,8.1,8.11,8.04,8.05,144869
2026-08-09,14:15:00,8.04,8.11,8.0,8.06,324959
2026-08-09,14:30:00,8.05,8.09,8.04,8.05,104870
2026-08-09,14:45:00,8.07,8.12,8.02,8.08,192804
2026-08-09,15:00:00,8.09,8.09,8.09,8.09,40437
2026-08-09,15:15:00,8.09,8.09,8.09,8.09,11101
2026-08-10,10:00:00,8.02,8.14,8.02,8.08,232497
2026-08-10,10:15:00,8.07,8.13,8.06,8.09,94140
2026-08-10,10:30:00,8.08,8.09,8.05,8.05,35323
2026-08-10,10:45:00,8.05,8.05,7.95,8.0,392867
2026-08-10,11:00:00,8.0,8.05,7.99,8.0,263105
2026-08-10,11:15:00,8.0,8.03,7.99,8.02,238095
2026-08-10,11:30:00,8.0,8.04,8.0,8.02,59818
2026-08-10,11:45:00,8.04,8.06,8.02,8.03,60635
2026-08-10,12:00:00,8.04,8.05,8.0,8.02,49677
2026-08-10,12:15:00,8.03,8.06,8.02,8.04,45030
2026-08-10,12:30:00,8.06,8.18,8.05,8.17,342377
2026-08-10,12:45:00,8.18,8.22,8.14,8.18,473784
2026-08-10,13:00:00,8.17,8.19,8.13,8.14,75828
2026-08-10,13:15:00,8.13,8.13,8.1,8.1,37539
2026-08-10,13:30:00,8.11,8.18,8.11,8.17,84904
2026-08-10,13:45:00,8.17,8.18,8.11,8.13,64355
2026-08-10,14:00:00,8.14,8.15,8.11,8.12,56256
2026-08-10,14:15:00,8.12,8.16,8.12,8.16,35254
2026-08-10,14:30:00,8.15,8.19,8.15,8.19,198692
2026-08-10,14:45:00,8.19,8.22,8.18,8.2,281837
2026-08-10,15:00:00,8.21,8.21,8.21,8.21,18406
2026-08-10,15:15:00,8.21,8.21,8.21,8.21,4100
2026-08-11,10:00:00,8.21,8.27,8.18,8.24,161665
2026-08-11,10:15:00,8.24,8.24,8.16,8.18,155257
2026-08-11,10:30:00,8.18,8.2,8.13,8.14,59649
2026-08-11,10:45:00,8.14,8.18,8.11,8.16,66773
2026-08-11,11:00:00,8.17,8.25,8.16,8.23,106458
2026-08-11,11:15:00,8.24,8.31,8.14,8.17,422662
2026-08-11,11:30:00,8.16,8.33,8.16,8.27,454485
2026-08-11,11:45:00,8.26,8.28,8.21,8.26,154743
2026-08-11,12:00:00,8.26,8.3,8.24,8.27,140470
2026-08-11,12:15:00,8.27,8.27,8.18,8.18,64301
2026-08-11,12:30:00,8.2,8.21,8.18,8.18,41859
2026-08-11,12:45:00,8.18,8.2,8.15,8.15,188647
2026-08-11,13:00:00,8.16,8.16,8.13,8.16,103551
2026-08-11,13:15:00,8.17,8.2,8.16,8.19,102695
2026-08-11,13:30:00,8.19,8.19,8.14,8.14,46219
2026-08-11,13:45:00,8.15,8.16,8.12,8.13,63025
2026-08-11,14:00:00,8.13,8.15,8.12,8.13,36377
2026-08-11,14:15:00,8.12,8.14,8.08,8.09,211339
2026-08-11,14:30:00,8.1,8.11,8.06,8.07,134009
2026-08-11,14:45:00,8.08,8.11,8.0,8.1,481136
2026-08-11,15:00:00,8.06,8.06,8.06,8.06,21221
2026-08-11,15:15:00,8.06,8.06,8.06,8.06,11300
2026-08-12,10:00:00,8.05,8.1,8.04,8.09,68624
2026-08-12,10:15:00,8.09,8.11,8.04,8.05,78732
2026-08-12,10:30:00,8.05,8.2,8.05,8.1,147443
2026-08-12,10:45:00,8.11,8.13,8.07,8.07,195574
2026-08-12,11:00:00,8.06,8.1,8.0,8.09,498241
2026-08-12,11:15:00,8.09,8.12,8.07,8.09,87576
2026-08-12,11:30:00,8.09,8.12,8.08,8.09,41990
2026-08-12,11:45:00,8.1,8.1,8.03,8.08,77553
2026-08-12,12:00:00,8.08,8.12,8.07,8.12,65909
2026-08-12,12:15:00,8.12,8.12,8.07,8.09,129772
2026-08-12,12:30:00,8.09,8.11,8.08,8.1,87136
2026-08-12,12:45:00,8.1,8.11,8.09,8.09,11095
2026-08-12,13:00:00,8.09,8.19,8.09,8.16,117847
2026-08-12,13:15:00,8.18,8.26,8.15,8.26,491344
2026-08-12,13:30:00,8.25,8.3,8.23,8.23,258204
2026-08-12,13:45:00,8.23,8.25,8.21,8.23,29617
2026-08-12,14:00:00,8.23,8.24,8.21,8.23,63182
2026-08-12,14:15:00,8.23,8.23,8.2,8.22,92649
2026-08-12,14:30:00,8.22,8.28,8.22,8.26,136146
2026-08-12,14:45:00,8.25,8.25,8.24,8.25,109366
2026-08-12,15:00:00,8.24,8.24,8.24,8.24,18142
2026-08-12,15:15:00,8.24,8.24,8.24,8.24,28562
2026-08-13,10:00:00,8.28,8.28,8.22,8.26,93649
2026-08-13,10:15:00,8.28,8.3,8.25,8.28,165312
2026-08-13,10:30:00,8.27,8.33,8.26,8.3,244012
2026-08-13,10:45:00,8.3,8.32,8.25,8.31,160585
2026-08-13,11:00:00,8.31,8.51,8.31,8.5,1001760
2026-08-13,11:15:00,8.5,8.79,8.48,8.65,1641618
2026-08-13,11:30:00,8.65,8.74,8.55,8.57,813550
2026-08-13,11:45:00,8.57,8.69,8.56,8.66,553592
2026-08-13,12:00:00,8.66,8.68,8.61,8.67,272786
2026-08-13,12:15:00,8.67,8.75,8.65,8.69,387837
2026-08-13,12:30:00,8.71,8.71,8.56,8.59,185807
2026-08-13,12:45:00,8.57,8.65,8.55,8.62,117442
2026-08-13,13:00:00,8.62,8.62,8.5,8.58,240710
2026-08-13,13:15:00,8.58,8.58,8.5,8.53,200109
2026-08-13,13:30:00,8.52,8.53,8.49,8.5,68507
2026-08-13,13:45:00,8.51,8.52,8.45,8.48,147806
2026-08-13,14:00:00,8.48,8.6,8.47,8.55,244375
2026-08-13,14:15:00,8.55,8.55,8.5,8.51,64407
2026-08-13,14:30:00,8.51,8.55,8.49,8.49,81800
2026-08-13,14:45:00,8.49,8.5,8.4,8.43,488815
2026-08-13,15:00:00,8.43,8.43,8.43,8.43,55214
2026-08-13,15:15:00,8.43,8.43,8.43,8.43,37879
2026-08-16,10:00:00,8.65,8.65,8.5,8.58,253792
2026-08-16,10:15:00,8.58,8.65,8.52,8.65,215014
2026-08-16,10:30:00,8.62,8.7,8.6,8.65,193480
2026-08-16,10:45:00,8.65,8.7,8.65,8.66,145739
2026-08-16,11:00:00,8.65,8.65,8.57,8.57,102800
2026-08-16,11:15:00,8.58,8.58,8.52,8.54,102906
2026-08-16,11:30:00,8.54,8.61,8.53,8.59,123918
2026-08-16,11:45:00,8.56,8.6,8.54,8.58,194570
2026-08-16,12:00:00,8.56,8.58,8.53,8.54,67958
2026-08-16,12:15:00,8.53,8.55,8.47,8.49,277816
2026-08-16,12:30:00,8.52,8.52,8.49,8.51,28691
2026-08-16,12:45:00,8.5,8.51,8.47,8.47,60169
2026-08-16,13:00:00,8.47,8.51,8.46,8.48,49491
2026-08-16,13:15:00,8.48,8.49,8.46,8.46,18460
2026-08-16,13:30:00,8.48,8.48,8.44,8.45,46369
2026-08-16,13:45:00,8.45,8.46,8.44,8.46,49008
2026-08-16,14:00:00,8.45,8.46,8.44,8.46,20730
2026-08-16,14:15:00,8.46,8.46,8.44,8.44,44449
2026-08-16,14:30:00,8.44,8.45,8.42,8.43,21366
2026-08-16,14:45:00,8.42,8.49,8.42,8.49,35629
2026-08-16,15:00:00,8.5,8.5,8.5,8.5,46738
2026-08-16,15:15:00,8.5,8.5,8.5,8.5,21357
2026-08-17,10:00:00,8.43,8.48,8.41,8.48,67000
2026-08-17,10:15:00,8.47,8.49,8.44,8.46,25656
2026-08-17,10:30:00,8.46,8.47,8.43,8.45,44222
2026-08-17,10:45:00,8.45,8.46,8.44,8.45,16802
2026-08-17,11:00:00,8.45,8.46,8.44,8.45,7255
2026-08-17,11:15:00,8.45,8.47,8.44,8.44,26036
2026-08-17,11:30:00,8.43,8.51,8.42,8.5,239223
2026-08-17,11:45:00,8.5,8.51,8.46,8.46,92606
2026-08-17,12:00:00,8.48,8.48,8.42,8.44,45121
2026-08-17,12:15:00,8.42,8.44,8.42,8.44,4285
2026-08-17,12:30:00,8.43,8.45,8.4,8.44,112926
2026-08-17,12:45:00,8.42,8.44,8.39,8.4,150857
2026-08-17,13:00:00,8.4,8.45,8.4,8.44,73337
2026-08-17,13:15:00,8.45,8.48,8.43,8.47,98212
2026-08-17,13:30:00,8.47,8.52,8.46,8.51,136591
2026-08-17,13:45:00,8.52,8.52,8.46,8.46,64707
2026-08-17,14:00:00,8.47,8.48,8.44,8.44,44602
2026-08-17,14:15:00,8.43,8.45,8.42,8.44,26320
2026-08-17,14:30:00,8.44,8.44,8.39,8.39,60381
2026-08-17,14:45:00,8.39,8.42,8.37,8.39,76268
2026-08-17,15:00:00,8.37,8.37,8.37,8.37,37704
2026-08-17,15:15:00,8.37,8.37,8.37,8.37,1526
2026-08-18,10:00:00,8.37,8.45,8.36,8.39,79263
2026-08-18,10:15:00,8.39,8.39,8.3,8.31,181031
2026-08-18,10:30:00,8.33,8.4,8.33,8.38,48528
2026-08-18,10:45:00,8.36,8.41,8.34,8.38,55468
2026-08-18,11:00:00,8.37,8.42,8.36,8.4,42647
2026-08-18,11:15:00,8.42,8.42,8.35,8.39,25210
2026-08-18,11:30:00,8.38,8.4,8.35,8.35,26848
2026-08-18,11:45:00,8.35,8.4,8.35,8.38,45483
2026-08-18,12:00:00,8.38,8.4,8.38,8.4,11364
2026-08-18,12:15:00,8.4,8.4,8.38,8.4,8169
2026-08-18,12:30:00,8.39,8.41,8.39,8.4,23817
2026-08-18,12:45:00,8.4,8.43,8.4,8.41,28271
2026-08-18,13:00:00,8.42,8.43,8.4,8.42,13433
2026-08-18,13:15:00,8.41,8.46,8.41,8.46,60147
2026-08-18,13:30:00,8.46,8.47,8.43,8.46,87836
2026-08-18,13:45:00,8.45,8.46,8.4,8.41,68664
2026-08-18,14:00:00,8.42,8.45,8.41,8.44,26155
2026-08-18,14:15:00,8.44,8.44,8.4,8.41,53509
2026-08-18,14:30:00,8.4,8.42,8.37,8.39,65266
2026-08-18,14:45:00,8.4,8.4,8.37,8.39,124632
2026-08-18,15:00:00,8.35,8.35,8.35,8.35,50007
2026-08-18,15:15:00,8.35,8.35,8.35,8.35,12170
2026-08-19,10:30:00,8.35,8.35,8.2,8.33,107309
2026-08-19,10:45:00,8.31,8.33,8.26,8.31,61761
2026-08-19,11:00:00,8.31,8.35,8.3,8.35,50275
2026-08-19,11:15:00,8.32,8.35,8.3,8.34,44278
2026-08-19,11:30:00,8.3,8.36,8.3,8.32,199023
2026-08-19,11:45:00,8.36,8.36,8.31,8.32,24188
2026-08-19,12:00:00,8.31,8.33,8.3,8.32,34845
2026-08-19,12:15:00,8.33,8.35,8.32,8.32,18297
2026-08-19,12:30:00,8.33,8.35,8.33,8.33,16340
2026-08-19,12:45:00,8.33,8.36,8.33,8.34,35685
2026-08-19,13:00:00,8.34,8.35,8.31,8.32,61876
2026-08-19,13:15:00,8.33,8.33,8.3,8.33,33258
2026-08-19,13:30:00,8.33,8.36,8.33,8.35,42251
2026-08-19,13:45:00,8.34,8.36,8.34,8.34,28551
2026-08-19,14:00:00,8.34,8.35,8.32,8.33,26051
2026-08-19,14:15:00,8.33,8.34,8.32,8.34,71582
2026-08-19,14:30:00,8.34,8.35,8.32,8.33,36782
2026-08-19,14:45:00,8.32,8.34,8.3,8.33,105182
2026-08-19,15:00:00,8.3,8.3,8.3,8.3,14096
2026-08-19,15:15:00,8.3,8.3,8.3,8.3,1199
2026-08-20,10:00:00,8.3,8.37,8.3,8.37,271754
2026-08-20,10:15:00,8.37,8.48,8.36,8.42,395311
2026-08-20,10:30:00,8.42,8.49,8.38,8.4,262064
2026-08-20,10:45:00,8.39,8.41,8.36,8.37,48466
2026-08-20,11:00:00,8.4,8.41,8.35,8.38,53861
2026-08-20,11:15:00,8.38,8.4,8.37,8.38,78067
2026-08-20,11:30:00,8.38,8.4,8.37,8.37,14117
2026-08-20,11:45:00,8.37,8.41,8.37,8.41,30692
2026-08-20,12:00:00,8.41,8.41,8.38,8.38,6770
2026-08-20,12:15:00,8.4,8.41,8.38,8.4,9510
2026-08-20,12:30:00,8.39,8.45,8.39,8.44,64125
2026-08-20,12:45:00,8.45,8.52,8.42,8.52,240460
2026-08-20,13:00:00,8.5,8.53,8.42,8.44,130904
2026-08-20,13:15:00,8.44,8.46,8.43,8.44,9414
2026-08-20,13:30:00,8.43,8.44,8.42,8.42,26063
2026-08-20,13:45:00,8.43,8.51,8.43,8.5,144038
2026-08-20,14:00:00,8.48,8.51,8.44,8.48,82853
2026-08-20,14:15:00,8.48,8.5,8.46,8.48,50569
2026-08-20,14:30:00,8.48,8.49,8.42,8.45,136736
2026-08-20,14:45:00,8.43,8.48,8.4,8.43,164741
2026-08-20,15:00:00,8.43,8.43,8.43,8.43,39454
2026-08-20,15:15:00,8.43,8.43,8.43,8.43,7453
2026-08-23,10:00:00,8.54,8.54,8.42,8.44,204836
2026-08-23,10:15:00,8.43,8.5,8.41,8.45,143583
2026-08-23,10:30:00,8.43,8.47,8.4,8.44,181678
2026-08-23,10:45:00,8.45,8.45,8.42,8.44,38378
2026-08-23,11:00:00,8.45,8.45,8.41,8.42,46182
2026-08-23,11:15:00,8.42,8.42,8.39,8.4,132412
2026-08-23,11:30:00,8.39,8.4,8.32,8.38,89130
2026-08-23,11:45:00,8.37,8.38,8.35,8.37,35220
2026-08-23,12:00:00,8.37,8.37,8.34,8.34,76421
2026-08-23,12:15:00,8.34,8.37,8.33,8.35,50547
2026-08-23,12:30:00,8.36,8.39,8.35,8.38,55757
2026-08-23,12:45:00,8.36,8.4,8.35,8.4,52780
2026-08-23,13:00:00,8.38,8.39,8.36,8.37,14443
2026-08-23,13:15:00,8.37,8.41,8.36,8.4,62852
2026-08-23,13:30:00,8.38,8.39,8.35,8.37,38028
2026-08-23,13:45:00,8.36,8.38,8.36,8.37,18757
2026-08-23,14:00:00,8.38,8.38,8.35,8.36,17250
2026-08-23,14:15:00,8.37,8.39,8.35,8.37,13778
2026-08-23,14:30:00,8.39,8.39,8.36,8.36,35491
2026-08-23,14:45:00,8.37,8.38,8.35,8.35,69472
2026-08-23,15:00:00,8.36,8.36,8.36,8.36,2918
2026-08-23,15:15:00,8.36,8.36,8.36,8.36,100
2026-08-24,10:00:00,8.36,8.43,8.36,8.41,112164
2026-08-24,10:15:00,8.41,8.44,8.4,8.42,64272
2026-08-24,10:30:00,8.42,8.44,8.41,8.42,55855
2026-08-24,10:45:00,8.42,8.43,8.4,8.4,23078
2026-08-24,11:00:00,8.41,8.42,8.38,8.4,11721
2026-08-24,11:15:00,8.39,8.4,8.39,8.4,11444
2026-08-24,11:30:00,8.39,8.41,8.39,8.41,60626
2026-08-24,11:45:00,8.41,8.41,8.4,8.4,28189
2026-08-24,12:00:00,8.41,8.46,8.4,8.46,106375
2026-08-24,12:15:00,8.46,8.49,8.46,8.49,70084
2026-08-24,12:30:00,8.49,8.5,8.47,8.48,26217
2026-08-24,12:45:00,8.47,8.48,8.43,8.45,53552
2026-08-24,13:00:00,8.46,8.49,8.46,8.48,19603
2026-08-24,13:15:00,8.49,8.5,8.48,8.48,20312
2026-08-24,13:30:00,8.49,8.5,8.48,8.49,99573
2026-08-24,13:45:00,8.49,8.5,8.48,8.49,34635
2026-08-24,14:00:00,8.49,8.5,8.48,8.49,20171
2026-08-24,14:15:00,8.49,8.5,8.48,8.48,24201
2026-08-24,14:30:00,8.49,8.49,8.46,8.46,37944
2026-08-24,14:45:00,8.48,8.5,8.45,8.5,86314
2026-08-24,15:00:00,8.5,8.5,8.5,8.5,4396
2026-08-24,15:15:00,8.5,8.5,8.5,8.5,5650
2026-08-25,10:00:00,8.53,8.57,8.51,8.51,113862
2026-08-25,10:15:00,8.51,8.52,8.47,8.49,51195
2026-08-25,10:30:00,8.49,8.49,8.46,8.48,24503
2026-08-25,10:45:00,8.48,8.57,8.47,8.52,151319
2026-08-25,11:00:00,8.53,8.54,8.5,8.53,64075
2026-08-25,11:15:00,8.53,8.54,8.52,8.53,11940
2026-08-25,11:30:00,8.53,8.54,8.5,8.52,28126
2026-08-25,11:45:00,8.53,8.53,8.51,8.52,19101
2026-08-25,12:00:00,8.53,8.57,8.51,8.54,103562
2026-08-25,12:15:00,8.54,8.56,8.54,8.56,22049
2026-08-25,12:30:00,8.56,8.56,8.54,8.56,4223
2026-08-25,12:45:00,8.55,8.55,8.51,8.51,10661
2026-08-25,13:00:00,8.52,8.57,8.51,8.55,48186
2026-08-25,13:15:00,8.55,8.59,8.55,8.57,137570
2026-08-25,13:30:00,8.56,8.59,8.52,8.53,117554
2026-08-25,13:45:00,8.52,8.54,8.51,8.52,14707
2026-08-25,14:00:00,8.52,8.52,8.5,8.51,105160
2026-08-25,14:15:00,8.51,8.52,8.5,8.5,28342
2026-08-25,14:30:00,8.5,8.51,8.49,8.49,43563
2026-08-25,14:45:00,8.48,8.5,8.45,8.45,71884
2026-08-25,15:00:00,8.44,8.44,8.44,8.44,53164
2026-08-25,15:15:00,8.44,8.44,8.44,8.44,25102
2026-08-26,10:00:00,8.44,8.5,8.4,8.44,95538
2026-08-26,10:15:00,8.42,8.47,8.42,8.47,14770
2026-08-26,10:30:00,8.48,8.49,8.47,8.48,16117
2026-08-26,10:45:00,8.47,8.52,8.44,8.45,97875
2026-08-26,11:00:00,8.45,8.46,8.42,8.43,35194
2026-08-26,11:15:00,8.43,8.5,8.4,8.5,112057
2026-08-26,11:30:00,8.5,8.54,8.49,8.49,132572
2026-08-26,11:45:00,8.47,8.48,8.45,8.45,33186
2026-08-26,12:00:00,8.46,8.46,8.43,8.44,23914
2026-08-26,12:15:00,8.44,8.45,8.43,8.44,5239
2026-08-26,12:30:00,8.43,8.44,8.4,8.42,10194
2026-08-26,12:45:00,8.43,8.43,8.41,8.43,26387
2026-08-26,13:00:00,8.42,8.44,8.42,8.42,29128
2026-08-26,13:15:00,8.43,8.54,8.43,8.5,162286
2026-08-26,13:30:00,8.5,8.54,8.5,8.51,73299
2026-08-26,13:45:00,8.51,8.52,8.49,8.51,32036
2026-08-26,14:00:00,8.52,8.52,8.48,8.5,27601
2026-08-26,14:15:00,8.5,8.5,8.48,8.48,26268
2026-08-26,14:30:00,8.47,8.5,8.47,8.47,17355
2026-08-26,14:45:00,8.47,8.48,8.43,8.45,75191
2026-08-26,15:00:00,8.46,8.46,8.46,8.46,42141
2026-08-26,15:15:00,8.46,8.46,8.46,8.46,2007
2026-08-27,10:00:00,8.45,8.48,8.33,8.43,269102
2026-08-27,10:15:00,8.42,8.52,8.4,8.47,106793
2026-08-27,10:30:00,8.45,8.47,8.4,8.42,48536
2026-08-27,10:45:00,8.42,8.42,8.41,8.42,14208
2026-08-27,11:00:00,8.42,8.42,8.41,8.41,35045
2026-08-27,11:15:00,8.41,8.44,8.41,8.44,13937
2026-08-27,11:30:00,8.43,8.44,8.43,8.43,10445
2026-08-27,11:45:00,8.42,8.42,8.4,8.41,23290
2026-08-27,12:00:00,8.4,8.41,8.38,8.38,83387
2026-08-27,12:15:00,8.39,8.39,8.37,8.39,28408
2026-08-27,12:30:00,8.39,8.39,8.33,8.37,58586
2026-08-27,12:45:00,8.36,8.37,8.34,8.34,23388
2026-08-27,13:00:00,8.34,8.36,8.3,8.35,124235
2026-08-27,13:15:00,8.36,8.36,8.33,8.33,37732
2026-08-27,13:30:00,8.33,8.34,8.31,8.34,15726
2026-08-27,13:45:00,8.33,8.35,8.32,8.33,48760
2026-08-27,14:00:00,8.33,8.35,8.31,8.34,35729
2026-08-27,14:15:00,8.34,8.35,8.33,8.34,20264
2026-08-27,14:30:00,8.34,8.37,8.34,8.36,21092
2026-08-27,14:45:00,8.35,8.37,8.34,8.35,35552
2026-08-27,15:00:00,8.33,8.33,8.33,8.33,9508
2026-08-30,10:00:00,8.32,8.42,8.32,8.38,94882
2026-08-30,10:15:00,8.38,8.38,8.33,8.35,43356
2026-08-30,10:30:00,8.35,8.35,8.31,8.34,68933
2026-08-30,10:45:00,8.32,8.35,8.32,8.33,5280
2026-08-30,11:00:00,8.32,8.32,8.28,8.29,59917
2026-08-30,11:15:00,8.29,8.31,8.28,8.29,30765
2026-08-30,11:30:00,8.29,8.32,8.28,8.3,30935
2026-08-30,11:45:00,8.29,8.32,8.29,8.3,21366
2026-08-30,12:00:00,8.3,8.33,8.3,8.33,12367
2026-08-30,12:15:00,8.33,8.33,8.31,8.31,8291
2026-08-30,12:30:00,8.31,8.34,8.3,8.34,9804
2026-08-30,12:45:00,8.33,8.35,8.31,8.34,13964
2026-08-30,13:00:00,8.34,8.35,8.32,8.34,18620
2026-08-30,13:15:00,8.34,8.34,8.31,8.31,10043
2026-08-30,13:30:00,8.31,8.34,8.31,8.32,24348
2026-08-30,13:45:00,8.32,8.32,8.29,8.3,56564
2026-08-30,14:00:00,8.29,8.29,8.24,8.29,82904
2026-08-30,14:15:00,8.29,8.29,8.26,8.27,10803
2026-08-30,14:30:00,8.27,8.28,8.26,8.26,9762
2026-08-30,14:45:00,8.25,8.27,8.25,8.25,43154
2026-08-30,15:00:00,8.25,8.25,8.25,8.25,6735
2026-08-30,15:15:00,8.25,8.25,8.25,8.25,3100
2026-08-31,10:00:00,8.24,8.24,8.18,8.2,134261
2026-08-31,10:15:00,8.19,8.22,8.09,8.1,407491
2026-08-31,10:30:00,8.11,8.12,8.02,8.08,287894
2026-08-31,10:45:00,8.09,8.1,8.03,8.06,277533
2026-08-31,11:00:00,8.05,8.06,7.99,8.0,463622
2026-08-31,11:15:00,8.0,8.05,8.0,8.0,314743
2026-08-31,11:30:00,8.02,8.12,8.02,8.06,197656
2026-08-31,11:45:00,8.06,8.14,8.0,8.12,633970
2026-08-31,12:00:00,8.15,8.19,8.13,8.14,86323
2026-08-31,12:15:00,8.14,8.19,8.13,8.19,122799
2026-08-31,12:30:00,8.19,8.19,8.15,8.17,31053
2026-08-31,12:45:00,8.18,8.2,8.16,8.19,57531
2026-08-31,13:00:00,8.18,8.19,8.18,8.18,16267
2026-08-31,13:15:00,8.19,8.19,8.16,8.17,50644
2026-08-31,13:30:00,8.16,8.19,8.16,8.18,33001
2026-08-31,13:45:00,8.19,8.19,8.15,8.17,21097
2026-08-31,14:00:00,8.16,8.16,8.15,8.15,16095
2026-08-31,14:15:00,8.15,8.17,8.1,8.13,70081
2026-08-31,14:30:00,8.11,8.13,8.11,8.13,10527
2026-08-31,14:45:00,8.11,8.14,8.1,8.11,29837
2026-08-31,15:00:00,8.12,8.12,8.12,8.12,180393
2026-08-31,15:15:00,8.12,8.12,8.12,8.12,6070
2026-09-01,10:00:00,8.1,8.18,8.08,8.16,36956
2026-09-01,10:15:00,8.17,8.19,8.15,8.18,20626
2026-09-01,10:30:00,8.17,8.23,8.17,8.22,52491
2026-09-01,10:45:00,8.22,8.26,8.21,8.25,69256
2026-09-01,11:00:00,8.27,8.28,8.24,8.26,56387
2026-09-01,11:15:00,8.25,8.32,8.25,8.3,71305
2026-09-01,11:30:00,8.3,8.31,8.29,8.29,41646
2026-09-01,11:45:00,8.28,8.31,8.25,8.29,35863
2026-09-01,12:00:00,8.29,8.31,8.29,8.31,37216
2026-09-01,12:15:00,8.31,8.34,8.3,8.33,109212
2026-09-01,12:30:00,8.33,8.34,8.3,8.31,45573
2026-09-01,12:45:00,8.31,8.31,8.29,8.29,31259
2026-09-01,13:00:00,8.3,8.3,8.25,8.26,43414
2026-09-01,13:15:00,8.26,8.3,8.26,8.26,17317
2026-09-01,13:30:00,8.28,8.3,8.25,8.29,45877
2026-09-01,13:45:00,8.29,8.31,8.29,8.3,12424
2026-09-01,14:00:00,8.28,8.3,8.28,8.28,3236
2026-09-01,14:15:00,8.28,8.29,8.27,8.28,13393
2026-09-01,14:30:00,8.26,8.26,8.25,8.26,41795
2026-09-01,14:45:00,8.25,8.28,8.25,8.28,45810
2026-09-01,15:00:00,8.27,8.27,8.27,8.27,2374
2026-09-01,15:15:00,8.27,8.27,8.27,8.27,3
2026-09-02,10:00:00,8.27,8.28,8.23,8.26,69003
2026-09-02,10:15:00,8.23,8.25,8.23,8.23,23920
2026-09-02,10:30:00,8.24,8.27,8.24,8.25,2459
2026-09-02,10:45:00,8.24,8.28,8.24,8.28,9642
2026-09-02,11:00:00,8.28,8.29,8.27,8.28,36516
2026-09-02,11:15:00,8.28,8.29,8.27,8.28,21189
2026-09-02,11:30:00,8.28,8.29,8.26,8.29,52054
2026-09-02,11:45:00,8.29,8.32,8.28,8.32,27676
2026-09-02,12:00:00,8.32,8.32,8.31,8.31,11276
2026-09-02,12:15:00,8.31,8.34,8.31,8.33,26557
2026-09-02,12:30:00,8.33,8.42,8.33,8.39,195707
2026-09-02,12:45:00,8.39,8.42,8.33,8.33,129229
2026-09-02,13:00:00,8.33,8.39,8.31,8.37,75021
2026-09-02,13:15:00,8.36,8.41,8.36,8.4,70565
2026-09-02,13:30:00,8.4,8.41,8.37,8.37,73366
2026-09-02,13:45:00,8.36,8.37,8.32,8.33,22439
2026-09-02,14:00:00,8.35,8.35,8.3,8.31,20217
2026-09-02,14:15:00,8.32,8.36,8.32,8.35,12988
2026-09-02,14:30:00,8.35,8.36,8.34,8.36,12073
2026-09-02,14:45:00,8.35,8.4,8.35,8.4,21877
2026-09-02,15:00:00,8.39,8.39,8.39,8.39,1745
2026-09-03,10:00:00,8.39,8.41,8.36,8.4,29823
2026-09-03,10:15:00,8.39,8.41,8.36,8.39,30025
2026-09-03,10:30:00,8.38,8.43,8.38,8.42,31959
2026-09-03,10:45:00,8.41,8.42,8.41,8.42,13684
2026-09-03,11:00:00,8.42,8.42,8.41,8.42,35140
2026-09-03,11:15:00,8.43,8.44,8.42,8.42,30475
2026-09-03,11:30:00,8.42,8.44,8.4,8.43,43967
2026-09-03,11:45:00,8.42,8.42,8.39,8.39,32539
2026-09-03,12:00:00,8.38,8.38,8.33,8.38,61227
2026-09-03,12:15:00,8.38,8.38,8.35,8.35,8431
2026-09-03,12:30:00,8.34,8.36,8.32,8.36,19378
2026-09-03,12:45:00,8.34,8.4,8.34,8.4,24673
2026-09-03,13:00:00,8.4,8.4,8.39,8.39,6398
2026-09-03,13:15:00,8.4,8.42,8.4,8.42,8420
2026-09-03,13:30:00,8.41,8.43,8.41,8.41,25512
2026-09-03,13:45:00,8.42,8.42,8.41,8.41,8982
2026-09-03,14:00:00,8.4,8.41,8.4,8.4,33124
2026-09-03,14:15:00,8.39,8.39,8.37,8.37,33880
2026-09-03,14:30:00,8.37,8.42,8.37,8.42,57148
2026-09-03,14:45:00,8.4,8.41,8.38,8.38,38870
2026-09-03,15:00:00,8.36,8.36,8.36,8.36,23020
2026-09-03,15:15:00,8.36,8.36,8.36,8.36,25
2026-09-06,10:00:00,8.44,8.44,8.38,8.43,27393
2026-09-06,10:15:00,8.42,8.45,8.4,8.44,39966
2026-09-06,10:30:00,8.43,8.45,8.42,8.44,11913
2026-09-06,10:45:00,8.44,8.46,8.43,8.43,30021
2026-09-06,11:00:00,8.44,8.46,8.42,8.43,30396
2026-09-06,11:15:00,8.43,8.46,8.41,8.41,43089
2026-09-06,11:30:00,8.41,8.43,8.4,8.42,11400
2026-09-06,11:45:00,8.42,8.42,8.39,8.42,35675
2026-09-06,12:00:00,8.43,8.44,8.41,8.41,14988
2026-09-06,12:15:00,8.41,8.42,8.36,8.41,38259
2026-09-06,12:30:00,8.38,8.41,8.38,8.41,3229
2026-09-06,12:45:00,8.4,8.4,8.39,8.39,3323
2026-09-06,13:00:00,8.39,8.4,8.38,8.38,9756
2026-09-06,13:15:00,8.39,8.39,8.36,8.37,8554
2026-09-06,13:30:00,8.35,8.37,8.35,8.36,16648
2026-09-06,13:45:00,8.37,8.37,8.36,8.37,8992
2026-09-06,14:00:00,8.36,8.38,8.36,8.36,6604
2026-09-06,14:15:00,8.38,8.4,8.37,8.4,30091
2026-09-06,14:30:00,8.4,8.41,8.39,8.4,16163
2026-09-06,14:45:00,8.39,8.4,8.38,8.39,12530
2026-09-06,15:00:00,8.4,8.4,8.4,8.4,14
2026-09-06,15:15:00,8.4,8.4,8.4,8.4,24772
2026-09-07,10:00:00,8.43,8.49,8.35,8.44,100303
2026-09-07,10:15:00,8.45,8.46,8.44,8.44,26224
2026-09-07,10:30:00,8.44,8.44,8.41,8.42,9548
2026-09-07,10:45:00,8.43,8.49,8.43,8.43,150318
2026-09-07,11:00:00,8.44,8.46,8.43,8.45,8091
2026-09-07,11:15:00,8.43,8.45,8.41,8.41,8203
2026-09-07,11:30:00,8.41,8.41,8.37,8.37,4675
2026-09-07,11:45:00,8.38,8.44,8.37,8.39,43906
2026-09-07,12:00:00,8.4,8.43,8.39,8.43,83466
2026-09-07,12:15:00,8.43,8.48,8.41,8.48,47284
2026-09-07,12:30:00,8.46,8.48,8.45,8.47,51448
2026-09-07,12:45:00,8.45,8.47,8.44,8.44,43290
2026-09-07,13:00:00,8.44,8.47,8.44,8.46,18433
2026-09-07,13:15:00,8.46,8.49,8.46,8.46,64419
2026-09-07,13:30:00,8.48,8.48,8.44,8.47,61432
2026-09-07,13:45:00,8.46,8.47,8.45,8.46,4880
2026-09-07,14:00:00,8.46,8.47,8.44,8.44,11641
2026-09-07,14:15:00,8.44,8.45,8.43,8.44,8633
2026-09-07,14:30:00,8.44,8.45,8.43,8.43,10020
2026-09-07,14:45:00,8.43,8.45,8.43,8.43,50363
2026-09-07,15:00:00,8.45,8.45,8.45,8.45,22691
2026-09-08,10:00:00,8.45,8.47,8.42,8.42,30634
2026-09-08,10:15:00,8.41,8.42,8.39,8.39,13784
2026-09-08,10:30:00,8.39,8.4,8.38,8.4,15798
2026-09-08,10:45:00,8.38,8.39,8.36,8.38,20659
2026-09-08,11:00:00,8.38,8.39,8.37,8.37,15385
2026-09-08,11:15:00,8.38,8.39,8.37,8.38,33615
2026-09-08,11:30:00,8.37,8.43,8.37,8.43,40624
2026-09-08,11:45:00,8.43,8.43,8.4,8.4,8619
2026-09-08,12:00:00,8.4,8.47,8.4,8.45,30048
2026-09-08,12:15:00,8.45,8.45,8.44,8.44,5292
2026-09-08,12:30:00,8.42,8.44,8.42,8.44,9747
2026-09-08,12:45:00,8.4,8.43,8.4,8.4,10021
2026-09-08,13:00:00,8.4,8.43,8.4,8.41,10269
2026-09-08,13:15:00,8.41,8.46,8.36,8.45,121999
2026-09-08,13:30:00,8.44,8.45,8.41,8.41,11929
2026-09-08,13:45:00,8.41,8.43,8.4,8.4,39607
2026-09-08,14:00:00,8.4,8.42,8.4,8.4,5087
2026-09-08,14:15:00,8.4,8.41,8.39,8.4,12531
2026-09-08,14:30:00,8.4,8.42,8.39,8.4,40546
2026-09-08,14:45:00,8.4,8.42,8.4,8.42,38733
2026-09-08,15:00:00,8.45,8.45,8.45,8.45,28221
2026-09-09,10:00:00,8.38,8.44,8.38,8.42,37341
2026-09-09,10:15:00,8.42,8.43,8.4,8.43,18761
2026-09-09,10:30:00,8.42,8.44,8.42,8.42,11230
2026-09-09,10:45:00,8.42,8.43,8.4,8.42,7175
2026-09-09,11:00:00,8.43,8.44,8.39,8.42,14228
2026-09-09,11:15:00,8.41,8.43,8.41,8.42,2352
2026-09-09,11:30:00,8.42,8.42,8.36,8.4,75199
2026-09-09,11:45:00,8.38,8.41,8.36,8.36,42984
2026-09-09,12:00:00,8.37,8.37,8.34,8.37,52339
2026-09-09,12:15:00,8.36,8.38,8.33,8.37,65029
2026-09-09,12:30:00,8.37,8.39,8.34,8.36,79967
2026-09-09,12:45:00,8.36,8.43,8.35,8.4,134478
2026-09-09,13:00:00,8.37,8.4,8.37,8.39,46810
2026-09-09,13:15:00,8.39,8.39,8.36,8.38,7144
2026-09-09,13:30:00,8.36,8.37,8.35,8.37,28879
2026-09-09,13:45:00,8.37,8.37,8.36,8.37,1459
2026-09-09,14:00:00,8.38,8.4,8.38,8.4,15000
2026-09-09,14:15:00,8.39,8.4,8.35,8.38,36677
2026-09-09,14:30:00,8.38,8.41,8.38,8.4,27134
2026-09-09,14:45:00,8.4,8.43,8.39,8.42,49793
2026-09-09,15:00:00,8.44,8.44,8.44,8.44,58670
2026-09-09,15:15:00,8.44,8.44,8.44,8.44,2000
2026-09-10,10:00:00,8.49,8.49,8.4,8.43,66859
2026-09-10,10:15:00,8.43,8.46,8.38,8.42,28031
2026-09-10,10:30:00,8.42,8.44,8.4,8.42,13161
2026-09-10,10:45:00,8.42,8.44,8.39,8.44,72034
2026-09-10,11:00:00,8.41,8.42,8.38,8.38,15674
2026-09-10,11:15:00,8.38,8.4,8.38,8.39,10312
2026-09-10,11:30:00,8.4,8.4,8.38,8.38,24992
2026-09-10,11:45:00,8.39,8.39,8.32,8.33,65771
2026-09-10,12:00:00,8.35,8.35,8.32,8.34,15443
2026-09-10,12:15:00,8.35,8.36,8.35,8.36,5886
2026-09-10,12:30:00,8.36,8.36,8.32,8.33,15440
2026-09-10,12:45:00,8.33,8.35,8.33,8.35,26101
2026-09-10,13:00:00,8.34,8.34,8.33,8.33,18210
2026-09-10,13:15:00,8.33,8.34,8.32,8.33,33521
2026-09-10,13:30:00,8.33,8.33,8.26,8.26,103806
2026-09-10,13:45:00,8.26,8.27,8.2,8.2,157706
2026-09-10,14:00:00,8.2,8.21,8.17,8.21,71137
2026-09-10,14:15:00,8.22,8.22,8.17,8.21,54900
2026-09-10,14:30:00,8.21,8.22,8.18,8.2,27024
2026-09-10,14:45:00,8.18,8.25,8.18,8.23,136911
2026-09-10,15:00:00,8.2,8.2,8.2,8.2,21002
2026-09-10,15:15:00,8.2,8.2,8.2,8.2,44
2026-09-13,10:00:00,8.04,8.19,8.01,8.11,87268
2026-09-13,10:15:00,8.11,8.16,8.09,8.15,20124
2026-09-13,10:30:00,8.14,8.19,8.13,8.17,14091
2026-09-13,10:45:00,8.17,8.17,8.1,8.12,27797
2026-09-13,11:00:00,8.11,8.12,8.11,8.12,15462
2026-09-13,11:15:00,8.11,8.11,8.07,8.08,29417
2026-09-13,11:30:00,8.08,8.09,8.06,8.09,9703
2026-09-13,11:45:00,8.09,8.1,8.07,8.08,9173
2026-09-13,12:00:00,8.09,8.11,8.09,8.1,11023
2026-09-13,12:15:00,8.1,8.12,8.09,8.12,4660
2026-09-13,12:30:00,8.1,8.13,8.1,8.12,6194
2026-09-13,12:45:00,8.11,8.14,8.11,8.11,22615
2026-09-13,13:00:00,8.13,8.15,8.13,8.13,5577
2026-09-13,13:15:00,8.14,8.14,8.11,8.12,28298
2026-09-13,13:30:00,8.12,8.12,8.1,8.11,24034
2026-09-13,13:45:00,8.11,8.12,8.09,8.11,10387
2026-09-13,14:00:00,8.11,8.11,8.1,8.1,3397
2026-09-13,14:15:00,8.1,8.11,8.09,8.1,3301
2026-09-13,14:30:00,8.1,8.11,8.09,8.11,29782
2026-09-13,14:45:00,8.12,8.14,8.1,8.14,8456
2026-09-13,15:00:00,8.13,8.13,8.13,8.13,8073
2026-09-13,15:15:00,8.13,8.13,8.13,8.13,10
2026-09-14,10:00:00,8.13,8.23,8.11,8.21,43544
2026-09-14,10:15:00,8.22,8.3,8.17,8.26,119603
2026-09-14,10:30:00,8.26,8.33,8.24,8.33,155055
2026-09-14,10:45:00,8.34,8.39,8.3,8.34,143038
2026-09-14,11:00:00,8.34,8.34,8.28,8.29,86385
2026-09-14,11:15:00,8.29,8.3,8.24,8.24,40651
2026-09-14,11:30:00,8.26,8.3,8.24,8.27,33678
2026-09-14,11:45:00,8.27,8.28,8.26,8.28,6848
2026-09-14,12:00:00,8.28,8.3,8.26,8.26,23246
2026-09-14,12:15:00,8.27,8.27,8.2,8.2,50708
2026-09-14,12:30:00,8.2,8.21,8.18,8.18,11067
2026-09-14,12:45:00,8.18,8.19,8.17,8.18,38588
2026-09-14,13:00:00,8.18,8.19,8.17,8.17,8989
2026-09-14,13:15:00,8.16,8.17,8.15,8.17,5032
2026-09-14,13:30:00,8.16,8.17,8.14,8.14,5914
2026-09-14,13:45:00,8.15,8.16,8.13,8.14,27907
2026-09-14,14:00:00,8.14,8.14,8.13,8.14,6841
2026-09-14,14:15:00,8.14,8.16,8.13,8.16,9760
2026-09-14,14:30:00,8.16,8.18,8.15,8.15,71679
2026-09-14,14:45:00,8.15,8.17,8.15,8.16,14070
2026-09-14,15:00:00,8.17,8.17,8.17,8.17,6059
2026-09-15,10:00:00,8.12,8.15,8.12,8.14,5084
2026-09-15,10:15:00,8.15,8.16,8.06,8.07,57368
2026-09-15,10:30:00,8.08,8.09,8.04,8.05,19508
2026-09-15,10:45:00,8.04,8.05,7.98,8.01,44393
2026-09-15,11:00:00,8.02,8.03,8.01,8.01,34760
2026-09-15,11:15:00,8.02,8.02,8.0,8.0,25113
2026-09-15,11:30:00,8.0,8.02,7.99,8.01,26156
2026-09-15,11:45:00,8.01,8.02,8.01,8.02,5019
2026-09-15,12:00:00,8.02,8.07,8.02,8.05,26198
2026-09-15,12:15:00,8.04,8.05,7.99,8.0,39056
2026-09-15,12:30:00,8.0,8.02,8.0,8.0,17523
2026-09-15,12:45:00,8.0,8.01,7.99,8.0,37255
2026-09-15,13:00:00,8.0,8.02,7.99,8.0,35527
2026-09-15,13:15:00,8.01,8.03,7.99,8.02,15766
2026-09-15,13:30:00,8.03,8.06,8.02,8.06,21282
2026-09-15,13:45:00,8.06,8.07,8.02,8.03,60835
2026-09-15,14:00:00,8.03,8.04,8.02,8.02,21218
2026-09-15,14:15:00,8.02,8.03,7.99,7.99,27054
2026-09-15,14:30:00,7.99,8.01,7.98,7.98,51466
2026-09-15,14:45:00,7.98,8.0,7.93,7.98,85850
2026-09-15,15:00:00,7.98,7.98,7.98,7.98,5413
2026-09-15,15:15:00,7.98,7.98,7.98,7.98,11955
2026-09-16,10:00:00,7.91,8.08,7.91,8.04,100852
2026-09-16,10:15:00,8.02,8.03,8.0,8.01,16355
2026-09-16,10:30:00,8.0,8.02,7.96,8.01,67524
2026-09-16,10:45:00,8.03,8.03,7.99,8.0,32764
2026-09-16,11:00:00,8.0,8.0,7.97,7.98,7092
2026-09-16,11:15:00,7.99,8.0,7.97,7.97,7333
2026-09-16,11:30:00,7.97,7.98,7.94,7.96,5446
2026-09-16,11:45:00,7.96,7.98,7.95,7.95,1156
2026-09-16,12:00:00,7.97,7.97,7.93,7.94,31607
2026-09-16,12:15:00,7.93,7.94,7.93,7.94,17684
2026-09-16,12:30:00,7.94,7.99,7.94,7.99,36576
2026-09-16,12:45:00,7.99,7.99,7.98,7.98,24449
2026-09-16,13:00:00,7.98,7.98,7.92,7.92,26675
2026-09-16,13:15:00,7.93,7.97,7.93,7.94,31713
2026-09-16,13:30:00,7.94,7.95,7.92,7.92,14266
2026-09-16,13:45:00,7.93,7.94,7.91,7.92,11744
2026-09-16,14:00:00,7.92,7.94,7.91,7.94,11962
2026-09-16,14:15:00,7.94,8.0,7.93,7.96,50783
2026-09-16,14:30:00,7.98,7.98,7.95,7.98,10608
2026-09-16,14:45:00,7.97,7.98,7.95,7.97,31012
2026-09-16,15:00:00,7.95,7.95,7.95,7.95,4730
2026-09-16,15:15:00,7.95,7.95,7.95,7.95,3039
2026-09-17,10:00:00,7.9,8.09,7.89,8.07,147686
2026-09-17,10:15:00,8.08,8.17,8.05,8.13,142607
2026-09-17,10:30:00,8.14,8.16,8.09,8.11,117085
2026-09-17,10:45:00,8.11,8.12,8.08,8.11,29526
2026-09-17,11:00:00,8.11,8.14,8.09,8.09,41251
2026-09-17,11:15:00,8.09,8.1,8.06,8.07,10174
2026-09-17,11:30:00,8.06,8.07,8.06,8.06,17597
2026-09-17,11:45:00,8.06,8.09,8.06,8.09,35883
2026-09-17,12:00:00,8.09,8.09,8.04,8.04,13129
2026-09-17,12:15:00,8.05,8.06,8.04,8.06,15275
2026-09-17,12:30:00,8.06,8.06,8.04,8.04,9539
2026-09-17,12:45:00,8.05,8.07,8.03,8.04,13975
2026-09-17,13:00:00,8.03,8.05,8.02,8.05,10290
2026-09-17,13:15:00,8.05,8.05,8.03,8.05,12161
2026-09-17,13:30:00,8.05,8.06,8.02,8.06,12975
2026-09-17,13:45:00,8.05,8.07,8.04,8.06,13126
2026-09-17,14:00:00,8.06,8.07,8.03,8.04,24285
2026-09-17,14:15:00,8.04,8.04,8.0,8.02,40324
2026-09-17,14:30:00,8.02,8.03,8.0,8.03,10424
2026-09-17,14:45:00,8.01,8.06,8.01,8.05,32272
2026-09-17,15:00:00,8.09,8.09,8.09,8.09,58520
2026-09-17,15:15:00,8.09,8.09,8.09,8.09,251
2026-09-20,10:00:00,8.09,8.09,7.96,7.96,55600
2026-09-20,10:15:00,7.96,8.03,7.96,8.03,31521
2026-09-20,10:30:00,8.03,8.03,8.0,8.02,22131
2026-09-20,10:45:00,8.03,8.06,8.0,8.05,72479
2026-09-20,11:00:00,8.04,8.05,8.02,8.02,6560
2026-09-20,11:15:00,8.04,8.04,7.99,7.99,13615
2026-09-20,11:30:00,7.99,8.0,7.93,7.95,75269
2026-09-20,11:45:00,7.95,7.99,7.94,7.98,51837
2026-09-20,12:00:00,8.0,8.0,7.95,7.97,15769
2026-09-20,12:15:00,7.98,8.03,7.98,8.03,110291
2026-09-20,12:30:00,8.0,8.03,8.0,8.0,7862
2026-09-20,12:45:00,8.0,8.01,7.97,7.98,14536
2026-09-20,13:00:00,7.98,8.0,7.94,7.97,56245
2026-09-20,13:15:00,7.99,8.01,7.95,7.95,42435
2026-09-20,13:30:00,7.97,8.01,7.97,7.99,7416
2026-09-20,13:45:00,7.99,8.01,7.97,7.98,14511
2026-09-20,14:00:00,7.98,8.02,7.98,8.02,24522
2026-09-20,14:15:00,8.02,8.06,8.0,8.03,54777
2026-09-20,14:30:00,8.03,8.06,8.03,8.05,3127
2026-09-20,14:45:00,8.05,8.09,7.99,8.02,82807
2026-09-20,15:00:00,8.14,8.14,8.14,8.14,23528
2026-09-21,10:00:00,7.98,8.1,7.98,8.06,56576
2026-09-21,10:15:00,8.06,8.07,8.01,8.03,43742
2026-09-21,10:30:00,8.03,8.06,8.01,8.02,19018
2026-09-21,10:45:00,8.04,8.06,8.04,8.06,6468
2026-09-21,11:00:00,8.04,8.06,8.02,8.05,14814
2026-09-21,11:15:00,8.04,8.06,8.04,8.05,20381
2026-09-21,11:30:00,8.05,8.05,8.04,8.04,5567
2026-09-21,11:45:00,8.04,8.08,8.03,8.08,11064
2026-09-21,12:00:00,8.05,8.05,8.02,8.02,15894
2026-09-21,12:15:00,8.03,8.03,8.0,8.02,5469
2026-09-21,12:30:00,8.0,8.01,7.99,8.0,20311
2026-09-21,12:45:00,7.99,8.0,7.98,7.99,5208
2026-09-21,13:00:00,8.0,8.0,7.98,8.0,8679
2026-09-21,13:15:00,8.0,8.0,7.98,7.99,20646
2026-09-21,13:30:00,7.99,7.99,7.95,7.96,65437
2026-09-21,13:45:00,7.96,7.97,7.94,7.94,15824
2026-09-21,14:00:00,7.95,7.96,7.92,7.93,28653
2026-09-21,14:15:00,7.93,7.94,7.92,7.93,9739
2026-09-21,14:30:00,7.92,7.93,7.89,7.9,85663
2026-09-21,14:45:00,7.88,7.95,7.88,7.95,40397
2026-09-21,15:00:00,7.99,7.99,7.99,7.99,11361
2026-09-21,15:15:00,7.99,7.99,7.99,7.99,1045
