strategy_id,strategy,family,timeframe,ticker,stock_name,sector,window,costs_bps,entry_time,exit_time,holding_days,side,entry,exit,qty,pnl,gross_pnl,fees,reason
483,5 EMA No-Touch Breakout,breakout,4h,1182,أملاك,الخدمات المالية,test,17.825/20,2025-12-31 14:00:00,2026-01-04 10:00:00,3.8333333333333335,long,10.6212,11.08778,13304,5692.565318867582,6207.380319999982,514.8150011324,signal
483,5 EMA No-Touch Breakout,breakout,4h,1182,أملاك,الخدمات المالية,test,17.825/20,2026-01-07 14:00:00,2026-01-08 10:00:00,0.8333333333333334,long,11.15226,11.13768,13181,-715.8840737170565,-192.17898000000636,523.7050937170501,signal
483,5 EMA No-Touch Breakout,breakout,4h,1182,أملاك,الخدمات المالية,test,17.825/20,2026-01-11 14:00:00,2026-01-14 10:00:00,2.8333333333333335,long,11.01198,11.2275,13284,2336.365037739596,2862.967679999996,526.6026422604,signal
483,5 EMA No-Touch Breakout,breakout,4h,1182,أملاك,الخدمات المالية,test,17.825/20,2026-01-18 14:00:00,2026-01-26 10:00:00,7.833333333333333,long,11.23242,11.34726,13231,986.9230526123656,1519.4480399999654,532.5249873875999,signal
483,5 EMA No-Touch Breakout,breakout,4h,1182,أملاك,الخدمات المالية,test,17.825/20,2026-01-27 14:00:00,2026-01-29 10:00:00,1.8333333333333333,long,11.36268,11.5768,13166,2280.751142265416,2819.103920000016,538.3527777346001,signal
483,5 EMA No-Touch Breakout,breakout,4h,1182,أملاك,الخدمات المالية,test,17.825/20,2026-02-02 14:00:00,2026-02-03 14:00:00,1.0,long,11.3226,11.4271,13414,857.8073218864737,1401.7629999999738,543.9556781135001,signal
483,5 EMA No-Touch Breakout,breakout,4h,1182,أملاك,الخدمات المالية,test,17.825/20,2026-02-03 14:00:00,2026-02-04 10:00:00,0.8333333333333334,long,11.4729,11.26742,13313,-3275.192641385196,-2735.555239999996,539.6374013852,signal
483,5 EMA No-Touch Breakout,breakout,4h,1182,أملاك,الخدمات المالية,test,17.825/20,2026-02-08 14:00:00,2026-02-11 10:00:00,2.8333333333333335,long,11.2725,11.3273,13259,192.46574133347883,726.5931999999789,534.1274586665,signal
483,5 EMA No-Touch Breakout,breakout,4h,1182,أملاك,الخدمات المالية,test,17.825/20,2026-02-19 10:00:00,2026-02-23 10:00:00,4.0,long,11.18232,10.99796,13383,-2996.4048400053216,-2467.2898800000216,529.1149600053,signal
483,5 EMA No-Touch Breakout,breakout,4h,1182,أملاك,الخدمات المالية,test,17.825/20,2026-03-04 10:00:00,2026-03-05 10:00:00,1.0,long,10.13022,10.2295,14478,911.9518333698038,1437.3758400000038,525.4240066302,signal
483,5 EMA No-Touch Breakout,breakout,4h,1182,أملاك,الخدمات المالية,test,17.825/20,2026-03-16 14:00:00,2026-03-24 10:00:00,7.833333333333333,long,10.19034,10.19956,14482,-392.8242029334871,133.52404000001297,526.3482429335,signal
483,5 EMA No-Touch Breakout,breakout,4h,1182,أملاك,الخدمات المالية,test,17.825/20,2026-04-02 10:00:00,2026-04-06 10:00:00,4.0,long,10.04004,9.99996,14659,-1111.1712566999952,-587.5327199999952,523.6385367,signal
483,5 EMA No-Touch Breakout,breakout,4h,1182,أملاك,الخدمات المالية,test,17.825/20,2026-04-08 14:00:00,2026-04-28 10:00:00,19.833333333333332,long,9.95988,10.50894,14666,7517.415099581086,8052.513959999986,535.0988604189,signal
483,5 EMA No-Touch Breakout,breakout,4h,1182,أملاك,الخدمات المالية,test,17.825/20,2026-04-29 14:00:00,2026-05-11 10:00:00,11.833333333333334,long,10.53102,10.54886,14584,-287.81357888240524,260.17855999999466,547.9921388823999,signal
483,5 EMA No-Touch Breakout,breakout,4h,1182,أملاك,الخدمات المالية,test,17.825/20,2026-05-17 10:00:00,2026-05-18 10:00:00,1.0,long,9.719399999999998,9.60076,15773,-2414.502215159587,-1871.3087199999875,543.1934951595999,signal
483,5 EMA No-Touch Breakout,breakout,4h,1182,أملاك,الخدمات المالية,test,17.825/20,2026-05-19 14:00:00,2026-06-02 10:00:00,13.833333333333334,long,9.63924,9.75046,15653,1199.9254786667689,1740.926660000019,541.00118133325,signal
483,5 EMA No-Touch Breakout,breakout,4h,1182,أملاك,الخدمات المالية,test,17.825/20,2026-06-09 14:00:00,2026-06-10 10:00:00,0.8333333333333334,long,9.30858,9.3313,16338,-171.64026570180602,371.19935999999393,542.8396257018,signal
483,5 EMA No-Touch Breakout,breakout,4h,1182,أملاك,الخدمات المالية,test,17.825/20,2026-06-15 14:00:00,2026-06-17 10:00:00,1.8333333333333333,long,9.28854,9.22152,16355,-1635.7319457922406,-1096.1120999999905,539.6198457922501,signal
483,5 EMA No-Touch Breakout,breakout,4h,1182,أملاك,الخدمات المالية,test,17.825/20,2026-06-18 14:00:00,2026-06-21 10:00:00,2.8333333333333335,long,9.2685,9.2315,16214,-1134.5949174999844,-599.9179999999843,534.6769175000001,signal
483,5 EMA No-Touch Breakout,breakout,4h,1182,أملاك,الخدمات المالية,test,17.825/20,2026-06-25 10:00:00,2026-06-29 10:00:00,4.0,long,8.95788,8.86224,16649,-2121.155254571092,-1592.3103599999918,528.8448945711,signal
483,5 EMA No-Touch Breakout,breakout,4h,1182,أملاك,الخدمات المالية,test,17.825/20,2026-06-30 14:00:00,2026-07-05 10:00:00,4.833333333333333,long,8.8677,8.982,16580,1367.5666436550014,1895.0940000000007,527.5273563449999,signal
483,5 EMA No-Touch Breakout,breakout,4h,1182,أملاك,الخدمات المالية,test,17.825/20,2026-07-05 10:00:00,2026-07-06 10:00:00,1.0,long,9.018,8.86224,16455,-3087.4767899490125,-2563.0308000000127,524.445989949,signal
483,5 EMA No-Touch Breakout,breakout,4h,1182,أملاك,الخدمات المالية,test,17.825/20,2026-07-13 14:00:00,2026-07-19 10:00:00,5.833333333333333,long,8.58714,8.56284,16921,-928.4525516413536,-411.1803000000036,517.27225164135,signal
483,5 EMA No-Touch Breakout,breakout,4h,1182,أملاك,الخدمات المالية,test,17.825/20,2026-07-22 14:00:00,2026-07-26 14:00:00,4.0,long,8.49696,8.50296,16991,-412.9213545833961,101.94600000000386,514.8673545834,signal
483,5 EMA No-Touch Breakout,breakout,4h,1182,أملاك,الخدمات المالية,test,17.825/20,2026-07-30 14:00:00,2026-08-05 10:00:00,5.833333333333333,long,8.53704,9.07182,16863,8488.702787484173,9017.995140000025,529.29235251585,signal
483,5 EMA No-Touch Breakout,breakout,4h,1182,أملاك,الخدمات المالية,test,17.825/20,2026-08-09 14:00:00,2026-08-10 10:00:00,0.8333333333333334,long,9.0681,9.02192,16812,-1318.4888444478242,-776.3781600000242,542.1106844477999,signal
483,5 EMA No-Touch Breakout,breakout,4h,1182,أملاك,الخدمات المالية,test,17.825/20,2026-08-13 14:00:00,2026-08-19 10:00:00,5.833333333333333,long,8.58714,8.80236,17600,3242.3286060000078,3787.872000000007,545.5433939999999,signal
483,5 EMA No-Touch Breakout,breakout,4h,1182,أملاك,الخدمات المالية,test,17.825/20,2026-08-20 14:00:00,2026-08-24 10:00:00,3.8333333333333335,long,8.83764,8.9321,17468,1096.736038844596,1650.027279999996,553.2912411554,signal
483,5 EMA No-Touch Breakout,breakout,4h,1182,أملاك,الخدمات المالية,test,17.825/20,2026-08-25 14:00:00,2026-08-30 10:00:00,4.833333333333333,long,8.94786,8.9321,17375,-827.5891236625038,-273.8300000000038,553.7591236625,signal
483,5 EMA No-Touch Breakout,breakout,4h,1182,أملاك,الخدمات المالية,test,17.825/20,2026-09-03 14:00:00,2026-09-09 10:00:00,5.833333333333333,long,8.707379999999999,8.82232,17760,1486.3931811600123,2041.3344000000125,554.9412188399999,signal
483,5 EMA No-Touch Breakout,breakout,4h,2040,الخزف السعودي,السلع الرأسمالية,test,17.825/20,2025-12-31 14:00:00,2026-01-04 10:00:00,3.8333333333333335,long,27.07404,27.5448,5621,2098.892179391712,2646.141960000012,547.2497806083001,signal
483,5 EMA No-Touch Breakout,breakout,4h,2040,الخزف السعودي,السلع الرأسمالية,test,17.825/20,2026-01-11 14:00:00,2026-01-14 10:00:00,2.8333333333333335,long,27.49488,28.08372,5611,2748.1058974004864,3303.9812399999864,555.8753425995,signal
483,5 EMA No-Touch Breakout,breakout,4h,2040,الخزف السعودي,السلع الرأسمالية,test,17.825/20,2026-01-22 14:00:00,2026-01-28 10:00:00,5.833333333333333,long,27.3546,28.7424,5740,7392.012739649992,7965.971999999992,573.95926035,signal
483,5 EMA No-Touch Breakout,breakout,4h,2040,الخزف السعودي,السلع الرأسمالية,test,17.825/20,2026-02-02 14:00:00,2026-02-05 10:00:00,2.8333333333333335,long,27.39468,27.445,6002,-284.6852410592045,302.0206399999955,586.7058810592,signal
483,5 EMA No-Touch Breakout,breakout,4h,2040,الخزف السعودي,السلع الرأسمالية,test,17.825/20,2026-02-12 14:00:00,2026-02-17 10:00:00,4.833333333333333,long,27.17424,28.42304,6040,6944.175004335996,7542.751999999996,598.576995664,signal
483,5 EMA No-Touch Breakout,breakout,4h,2040,الخزف السعودي,السلع الرأسمالية,test,17.825/20,2026-03-01 14:00:00,2026-03-09 10:00:00,7.833333333333333,long,26.4528,28.0438,6467,9660.791394503509,10288.997000000008,628.2056054965,signal
483,5 EMA No-Touch Breakout,breakout,4h,2040,الخزف السعودي,السلع الرأسمالية,test,17.825/20,2026-03-10 14:00:00,2026-03-11 10:00:00,0.8333333333333334,long,27.31452,27.42504,6617,85.66854086308354,731.3108399999835,645.6422991369,signal
483,5 EMA No-Touch Breakout,breakout,4h,2040,الخزف السعودي,السلع الرأسمالية,test,17.825/20,2026-03-11 10:00:00,2026-03-12 10:00:00,1.0,long,27.53496,27.12564,6567,-3327.843795556507,-2688.0044400000065,639.8393555565001,signal
483,5 EMA No-Touch Breakout,breakout,4h,2040,الخزف السعودي,السلع الرأسمالية,test,17.825/20,2026-03-16 14:00:00,2026-04-01 10:00:00,15.833333333333334,long,27.4548,29.20148,6465,10639.38701951851,11292.28620000001,652.8991804815,signal
483,5 EMA No-Touch Breakout,breakout,4h,2040,الخزف السعودي,السلع الرأسمالية,test,17.825/20,2026-04-02 14:00:00,2026-04-07 10:00:00,4.833333333333333,long,28.79748,28.68252,6533,-1420.392447300023,-751.0336800000229,669.3587673,signal
483,5 EMA No-Touch Breakout,breakout,4h,2040,الخزف السعودي,السلع الرأسمالية,test,17.825/20,2026-04-12 14:00:00,2026-04-16 14:00:00,4.0,long,28.97784,29.66056,6443,3725.323606035999,4398.764959999999,673.4413539640001,signal
483,5 EMA No-Touch Breakout,breakout,4h,2040,الخزف السعودي,السلع الرأسمالية,test,17.825/20,2026-04-26 14:00:00,2026-04-28 10:00:00,1.8333333333333333,long,28.97784,29.42104,6572,2228.5914643408064,2912.7104000000063,684.1189356591999,signal
483,5 EMA No-Touch Breakout,breakout,4h,2040,الخزف السعودي,السلع الرأسمالية,test,17.825/20,2026-04-30 10:00:00,2026-05-04 10:00:00,4.0,long,29.63916,30.69848,6500,6186.493018550021,6885.580000000021,699.0869814499999,signal
483,5 EMA No-Touch Breakout,breakout,4h,2040,الخزف السعودي,السلع الرأسمالية,test,17.825/20,2026-05-06 14:00:00,2026-05-12 10:00:00,5.833333333333333,long,30.32052,29.94,6558,-3199.8736437102043,-2495.450160000004,704.4234837102001,signal
483,5 EMA No-Touch Breakout,breakout,4h,2040,الخزف السعودي,السلع الرأسمالية,test,17.825/20,2026-05-31 14:00:00,2026-06-01 10:00:00,0.8333333333333334,long,27.6552,27.5448,7075,-1477.2175499999894,-781.0799999999894,696.13755,signal
483,5 EMA No-Touch Breakout,breakout,4h,2040,الخزف السعودي,السلع الرأسمالية,test,17.825/20,2026-06-02 10:00:00,2026-06-02 14:00:00,0.16666666666666666,long,27.87564,27.62464,6966,-2437.6071492306087,-1748.4660000000083,689.1411492306,signal
483,5 EMA No-Touch Breakout,breakout,4h,2040,الخزف السعودي,السلع الرأسمالية,test,17.825/20,2026-06-09 14:00:00,2026-06-10 10:00:00,0.8333333333333334,long,27.555,27.445,6958,-1447.524924999996,-765.379999999996,682.1449250000001,signal
483,5 EMA No-Touch Breakout,breakout,4h,2040,الخزف السعودي,السلع الرأسمالية,test,17.825/20,2026-06-14 14:00:00,2026-06-16 10:00:00,1.8333333333333333,long,27.53496,27.8442,6911,1454.949659490269,2137.157639999969,682.2079805097001,signal
483,5 EMA No-Touch Breakout,breakout,4h,2040,الخزف السعودي,السلع الرأسمالية,test,17.825/20,2026-06-16 10:00:00,2026-06-16 14:00:00,0.16666666666666666,long,27.9558,27.5448,6859,-3497.608631950485,-2819.048999999985,678.5596319505,signal
483,5 EMA No-Touch Breakout,breakout,4h,2040,الخزف السعودي,السلع الرأسمالية,test,17.825/20,2026-06-24 14:00:00,2026-06-25 10:00:00,0.8333333333333334,long,26.41272,26.60668,7127,708.8009572765042,1382.352920000004,673.5519627235,signal
483,5 EMA No-Touch Breakout,breakout,4h,2040,الخزف السعودي,السلع الرأسمالية,test,17.825/20,2026-06-25 10:00:00,2026-06-25 14:00:00,0.16666666666666666,long,26.71332,26.2474,7073,-3963.160925088204,-3295.452160000004,667.7087650881999,signal
483,5 EMA No-Touch Breakout,breakout,4h,2040,الخزف السعودي,السلع الرأسمالية,test,17.825/20,2026-06-29 14:00:00,2026-07-01 10:00:00,1.8333333333333333,long,26.51292,26.7464,6977,966.630293671701,1628.989960000001,662.3596663283,signal
483,5 EMA No-Touch Breakout,breakout,4h,2040,الخزف السعودي,السلع الرأسمالية,test,17.825/20,2026-07-06 14:00:00,2026-07-08 10:00:00,1.8333333333333333,long,26.51292,26.26736,7014,-2382.240915587408,-1722.357840000008,659.8830755874,signal
483,5 EMA No-Touch Breakout,breakout,4h,2040,الخزف السعودي,السلع الرأسمالية,test,17.825/20,2026-07-16 14:00:00,2026-07-19 10:00:00,2.8333333333333335,long,25.1502,24.94002,7299,-2185.800999377884,-1534.1038200000344,651.69717937785,signal
483,5 EMA No-Touch Breakout,breakout,4h,2040,الخزف السعودي,السلع الرأسمالية,test,17.825/20,2026-07-22 14:00:00,2026-07-26 10:00:00,3.8333333333333335,long,24.53898,25.1496,7392,3858.9943846608057,4513.703040000006,654.7086553391999,signal
483,5 EMA No-Touch Breakout,breakout,4h,2040,الخزف السعودي,السلع الرأسمالية,test,17.825/20,2026-07-30 14:00:00,2026-08-05 10:00:00,5.833333333333333,long,23.97786,25.62864,7726,12070.765652632508,12753.926280000009,683.1606273675001,signal
483,5 EMA No-Touch Breakout,breakout,4h,2040,الخزف السعودي,السلع الرأسمالية,test,17.825/20,2026-08-17 14:00:00,2026-08-19 10:00:00,1.8333333333333333,long,25.05,24.95,7877,-1489.7376250000111,-787.7000000000112,702.037625,signal
483,5 EMA No-Touch Breakout,breakout,4h,2040,الخزف السعودي,السلع الرأسمالية,test,17.825/20,2026-08-20 14:00:00,2026-08-31 10:00:00,10.833333333333334,long,25.39068,25.76836,7713,2209.689743385612,2913.045840000012,703.3560966144001,signal
483,5 EMA No-Touch Breakout,breakout,4h,2040,الخزف السعودي,السلع الرأسمالية,test,17.825/20,2026-09-03 14:00:00,2026-09-07 10:00:00,3.8333333333333335,long,25.37064,25.22944,7806,-1806.2665801356104,-1102.2072000000103,704.0593801356,signal
483,5 EMA No-Touch Breakout,breakout,4h,2040,الخزف السعودي,السلع الرأسمالية,test,17.825/20,2026-09-13 10:00:00,2026-09-13 14:00:00,0.16666666666666666,long,24.67926,24.2514,7951,-4095.3923454289434,-3401.914859999992,693.4774854289501,signal
483,5 EMA No-Touch Breakout,breakout,4h,2040,الخزف السعودي,السلع الرأسمالية,test,17.825/20,2026-09-17 14:00:00,2026-09-20 10:00:00,2.8333333333333335,long,23.35662,23.453,8226,106.4596774310993,792.8218799999993,686.3622025689,signal
483,5 EMA No-Touch Breakout,breakout,4h,2070,الدوائية,الادوية,test,17.825/20,2025-12-31 14:00:00,2026-01-04 10:00:00,3.8333333333333335,long,25.99188,26.2474,5473,888.834264648184,1398.460959999984,509.6266953518,signal
483,5 EMA No-Touch Breakout,breakout,4h,2070,الدوائية,الادوية,test,17.825/20,2026-01-08 14:00:00,2026-01-20 14:00:00,12.0,long,26.07204,27.28532,5490,6138.756076841986,6660.907199999986,522.151123158,signal
483,5 EMA No-Touch Breakout,breakout,4h,2070,الدوائية,الادوية,test,17.825/20,2026-01-22 14:00:00,2026-01-26 10:00:00,3.8333333333333335,long,27.67524,28.8422,5394,5751.178075300779,6294.582239999979,543.4041646992,signal
483,5 EMA No-Touch Breakout,breakout,4h,2070,الدوائية,الادوية,test,17.825/20,2026-02-02 14:00:00,2026-02-08 14:00:00,6.0,long,28.21632,30.29928,5494,10870.735750842,11443.78224,573.0464891580001,signal
483,5 EMA No-Touch Breakout,breakout,4h,2070,الدوائية,الادوية,test,17.825/20,2026-02-12 14:00:00,2026-02-17 10:00:00,4.833333333333333,long,29.4588,31.05776,5632,8397.81455349761,9005.34272000001,607.5281665024,signal
483,5 EMA No-Touch Breakout,breakout,4h,2070,الدوائية,الادوية,test,17.825/20,2026-02-18 14:00:00,2026-02-19 10:00:00,0.8333333333333334,long,30.52092,30.1396,5711,-2795.233969475913,-2177.718520000013,617.5154494758999,signal
483,5 EMA No-Touch Breakout,breakout,4h,2070,الدوائية,الادوية,test,17.825/20,2026-03-04 14:00:00,2026-03-09 10:00:00,4.833333333333333,long,26.7534,27.6446,6411,5091.844207215009,5713.483200000009,621.6389927849999,signal
483,5 EMA No-Touch Breakout,breakout,4h,2070,الدوائية,الادوية,test,17.825/20,2026-03-11 10:00:00,2026-03-12 10:00:00,1.0,long,27.555,27.30528,6409,-2227.1816502819,-1600.4554799999996,626.7261702819,signal
483,5 EMA No-Touch Breakout,breakout,4h,2070,الدوائية,الادوية,test,17.825/20,2026-03-15 14:00:00,2026-03-31 10:00:00,15.833333333333334,long,27.93576,32.47492,6242,27661.2854444218,28333.436719999994,672.1512755781999,signal
483,5 EMA No-Touch Breakout,breakout,4h,2070,الدوائية,الادوية,test,17.825/20,2026-04-01 14:00:00,2026-04-06 10:00:00,4.833333333333333,long,31.20228,31.45696,6475,925.8596329324798,1649.05299999998,723.1933670675,signal
483,5 EMA No-Touch Breakout,breakout,4h,2070,الدوائية,الادوية,test,17.825/20,2026-04-08 14:00:00,2026-04-12 10:00:00,3.8333333333333335,long,29.7594,29.68052,6820,-1260.551903468011,-537.961600000011,722.590303468,signal
483,5 EMA No-Touch Breakout,breakout,4h,2070,الدوائية,الادوية,test,17.825/20,2026-04-13 14:00:00,2026-04-22 10:00:00,8.833333333333334,long,29.79948,32.934,6768,20457.617166619188,21214.431359999988,756.8141933807999,signal
483,5 EMA No-Touch Breakout,breakout,4h,2070,الدوائية,الادوية,test,17.825/20,2026-04-22 10:00:00,2026-04-23 10:00:00,1.0,long,33.066,32.49488,6718,-4621.864880454803,-3836.7841600000033,785.0807204548,signal
483,5 EMA No-Touch Breakout,breakout,4h,2070,الدوائية,الادوية,test,17.825/20,2026-04-27 14:00:00,2026-04-28 10:00:00,0.8333333333333334,long,31.34256,31.69648,6940,1676.3772037279907,2456.204799999991,779.8275962720002,signal
483,5 EMA No-Touch Breakout,breakout,4h,2070,الدوائية,الادوية,test,17.825/20,2026-04-28 10:00:00,2026-05-04 10:00:00,6.0,long,31.82352,31.3372,6888,-4125.250637659219,-3349.772160000019,775.4784776592,signal
483,5 EMA No-Touch Breakout,breakout,4h,2070,الدوائية,الادوية,test,17.825/20,2026-05-06 14:00:00,2026-05-07 10:00:00,0.8333333333333334,long,30.62112,30.3392,7024,-2743.4463552895963,-1980.2060799999963,763.2402752895999,signal
483,5 EMA No-Touch Breakout,breakout,4h,2070,الدوائية,الادوية,test,17.825/20,2026-05-11 14:00:00,2026-05-12 10:00:00,0.8333333333333334,long,30.06,29.94,7064,-1603.174799999982,-847.6799999999819,755.4948,signal
483,5 EMA No-Touch Breakout,breakout,4h,2070,الدوائية,الادوية,test,17.825/20,2026-05-14 10:00:00,2026-05-17 10:00:00,3.0,long,29.79948,29.50088,7072,-2859.230050102403,-2111.6992000000027,747.5308501024001,signal
483,5 EMA No-Touch Breakout,breakout,4h,2070,الدوائية,الادوية,test,17.825/20,2026-05-20 14:00:00,2026-06-01 10:00:00,11.833333333333334,long,29.01792,29.36116,7164,1713.4804328436107,2458.971360000011,745.4909271564001,signal
483,5 EMA No-Touch Breakout,breakout,4h,2070,الدوائية,الادوية,test,17.825/20,2026-06-09 14:00:00,2026-06-10 10:00:00,0.8333333333333334,long,28.61712,28.3432,7324,-2749.808766409603,-2006.1900800000028,743.6186864096,signal
483,5 EMA No-Touch Breakout,breakout,4h,2070,الدوائية,الادوية,test,17.825/20,2026-06-14 14:00:00,2026-06-15 10:00:00,0.8333333333333334,long,28.9578,28.942,7143,-850.0626687704906,-112.85939999999074,737.2032687704999,signal
483,5 EMA No-Touch Breakout,breakout,4h,2070,الدوائية,الادوية,test,17.825/20,2026-06-17 14:00:00,2026-06-21 10:00:00,3.8333333333333335,long,28.81752,29.02184,7148,723.5301440383686,1460.479359999969,736.9492159616001,signal
483,5 EMA No-Touch Breakout,breakout,4h,2070,الدوائية,الادوية,test,17.825/20,2026-06-22 14:00:00,2026-06-25 10:00:00,2.8333333333333335,long,28.97784,29.42104,7133,2418.8288063212067,3161.3456000000065,742.5167936788,signal
483,5 EMA No-Touch Breakout,breakout,4h,2070,الدوائية,الادوية,test,17.825/20,2026-07-01 14:00:00,2026-07-05 14:00:00,4.0,long,29.01792,28.80228,7207,-2296.903378345504,-1554.1174800000035,742.7858983455,signal
483,5 EMA No-Touch Breakout,breakout,4h,2070,الدوائية,الادوية,test,17.825/20,2026-07-06 14:00:00,2026-07-14 10:00:00,7.833333333333333,long,29.47884,30.11964,7016,3750.513017150391,4495.852799999991,745.3397828495999,signal
483,5 EMA No-Touch Breakout,breakout,4h,2070,الدوائية,الادوية,test,17.825/20,2026-07-21 10:00:00,2026-07-23 10:00:00,2.0,long,29.2584,30.61864,7197,9021.505541111406,9789.647280000008,768.1417388885999,signal
483,5 EMA No-Touch Breakout,breakout,4h,2070,الدوائية,الادوية,test,17.825/20,2026-07-26 14:00:00,2026-07-29 10:00:00,2.8333333333333335,long,30.44076,30.27932,7214,-1945.424936316392,-1164.6281599999922,780.7967763164,signal
483,5 EMA No-Touch Breakout,breakout,4h,2070,الدوائية,الادوية,test,17.825/20,2026-07-30 14:00:00,2026-08-02 14:00:00,3.0,long,31.563,31.25736,6896,-2879.8888435632025,-2107.6934400000023,772.1954035632,signal
483,5 EMA No-Touch Breakout,breakout,4h,2070,الدوائية,الادوية,test,17.825/20,2026-08-04 14:00:00,2026-08-06 10:00:00,1.8333333333333333,long,31.54296,31.81624,6809,1091.770216833998,1860.7635199999984,768.9933031660001,signal
483,5 EMA No-Touch Breakout,breakout,4h,2070,الدوائية,الادوية,test,17.825/20,2026-08-10 14:00:00,2026-08-11 10:00:00,0.8333333333333334,long,31.34256,31.15756,6887,-2041.351316879316,-1274.0950000000155,767.2563168793,signal
483,5 EMA No-Touch Breakout,breakout,4h,2070,الدوائية,الادوية,test,17.825/20,2026-08-11 10:00:00,2026-08-12 10:00:00,1.0,long,31.28244,30.8382,6835,-3793.2202288680046,-3036.380400000005,756.8398288679999,signal
483,5 EMA No-Touch Breakout,breakout,4h,2070,الدوائية,الادوية,test,17.825/20,2026-08-16 10:00:00,2026-08-23 10:00:00,7.0,long,31.08204,31.29728,6758,703.1622100718097,1454.5919200000096,751.4297099281999,signal
483,5 EMA No-Touch Breakout,breakout,4h,2070,الدوائية,الادوية,test,17.825/20,2026-08-24 14:00:00,2026-08-25 10:00:00,0.8333333333333334,long,31.40268,31.09768,6711,-2794.5066501986985,-2046.8549999999984,747.6516501987,signal
483,5 EMA No-Touch Breakout,breakout,4h,2070,الدوائية,الادوية,test,17.825/20,2026-09-01 14:00:00,2026-09-09 10:00:00,7.833333333333333,long,30.72132,32.135600000000004,6769,8814.845908936933,9573.261320000034,758.4154110631,signal
483,5 EMA No-Touch Breakout,breakout,4h,2070,الدوائية,الادوية,test,17.825/20,2026-09-10 14:00:00,2026-09-13 10:00:00,2.8333333333333335,long,31.78344,31.437,6820,-3131.2695619259835,-2362.720799999984,768.5487619259999,signal
483,5 EMA No-Touch Breakout,breakout,4h,2070,الدوائية,الادوية,test,17.825/20,2026-09-17 14:00:00,2026-09-20 10:00:00,2.8333333333333335,long,32.84556,32.67452,6504,-1872.043345070386,-1112.444159999986,759.5991850703999,signal
483,5 EMA No-Touch Breakout,breakout,4h,2090,جبسكو,المواد الاساسية,test,17.825/20,2026-01-05 14:00:00,2026-01-06 10:00:00,0.8333333333333334,long,15.531,15.29934,6458,-1850.9601934208983,-1496.0602799999983,354.8999134209,signal
483,5 EMA No-Touch Breakout,breakout,4h,2090,جبسكو,المواد الاساسية,test,17.825/20,2026-01-07 14:00:00,2026-01-08 10:00:00,0.8333333333333334,long,15.64122,15.9181,6295,1388.8375986695014,1742.9596000000015,354.1220013305,signal
483,5 EMA No-Touch Breakout,breakout,4h,2090,جبسكو,المواد الاساسية,test,17.825/20,2026-01-11 14:00:00,2026-01-13 10:00:00,1.8333333333333333,long,15.531,16.22748,6429,4113.727504932595,4477.669919999996,363.9424150674,signal
483,5 EMA No-Touch Breakout,breakout,4h,2090,جبسكو,المواد الاساسية,test,17.825/20,2026-01-14 14:00:00,2026-01-15 10:00:00,0.8333333333333334,long,16.32258,16.1676,6369,-1355.9202673186394,-987.0676199999896,368.85264731865,signal
483,5 EMA No-Touch Breakout,breakout,4h,2090,جبسكو,المواد الاساسية,test,17.825/20,2026-01-18 14:00:00,2026-01-19 10:00:00,0.8333333333333334,long,16.46286,16.267400000000002,6232,-1581.6921224203818,-1218.1067199999818,363.5854024204,signal
483,5 EMA No-Touch Breakout,breakout,4h,2090,جبسكو,المواد الاساسية,test,17.825/20,2026-01-21 14:00:00,2026-01-26 10:00:00,4.833333333333333,long,16.16226,16.55682,6250,2101.4889993749903,2465.9999999999905,364.511000625,signal
483,5 EMA No-Touch Breakout,breakout,4h,2090,جبسكو,المواد الاساسية,test,17.825/20,2026-01-27 14:00:00,2026-01-28 10:00:00,0.8333333333333334,long,16.533,16.407120000000003,6237,-1151.3237794442916,-785.1135599999916,366.2102194443,signal
483,5 EMA No-Touch Breakout,breakout,4h,2090,جبسكو,المواد الاساسية,test,17.825/20,2026-02-02 14:00:00,2026-02-04 10:00:00,1.8333333333333333,long,15.26046,15.3692,6682,361.7810606761064,726.6006800000064,364.8196193239,signal
483,5 EMA No-Touch Breakout,breakout,4h,2090,جبسكو,المواد الاساسية,test,17.825/20,2026-02-08 14:00:00,2026-02-09 10:00:00,0.8333333333333334,long,15.10014,15.00992,6777,-975.1505400751528,-611.4209400000028,363.72960007515,signal
483,5 EMA No-Touch Breakout,breakout,4h,2090,جبسكو,المواد الاساسية,test,17.825/20,2026-02-10 14:00:00,2026-02-11 10:00:00,0.8333333333333334,long,15.01998,14.97,6748,-697.9938163337979,-337.2650399999979,360.7287763338,signal
483,5 EMA No-Touch Breakout,breakout,4h,2090,جبسكو,المواد الاساسية,test,17.825/20,2026-02-12 14:00:00,2026-02-16 10:00:00,3.8333333333333335,long,14.95986,15.45902,6729,2993.990132925611,3358.847640000011,364.8575070744,signal
483,5 EMA No-Touch Breakout,breakout,4h,2090,جبسكو,المواد الاساسية,test,17.825/20,2026-02-25 14:00:00,2026-02-26 10:00:00,0.8333333333333334,long,14.29854,14.2714,7249,-565.8998399444447,-196.73785999999475,369.16197994445,signal
483,5 EMA No-Touch Breakout,breakout,4h,2090,جبسكو,المواد الاساسية,test,17.825/20,2026-03-04 14:00:00,2026-03-09 10:00:00,4.833333333333333,long,13.65726,14.60074,7548,6741.195148019994,7121.387039999994,380.19189198,signal
483,5 EMA No-Touch Breakout,breakout,4h,2090,جبسكو,المواد الاساسية,test,17.825/20,2026-03-16 14:00:00,2026-03-30 14:00:00,14.0,long,14.56908,15.14964,7538,3976.9461445008014,4376.2612800000015,399.3151354992,signal
483,5 EMA No-Touch Breakout,breakout,4h,2090,جبسكو,المواد الاساسية,test,17.825/20,2026-04-05 14:00:00,2026-04-06 10:00:00,0.8333333333333334,long,15.571079999999998,15.17958,7309,-3262.102093048029,-2861.4734999999787,400.62859304804994,signal
483,5 EMA No-Touch Breakout,breakout,4h,2090,جبسكو,المواد الاساسية,test,17.825/20,2026-04-08 14:00:00,2026-04-09 10:00:00,0.8333333333333334,long,14.93982,14.75044,7399,-1792.7990716415625,-1401.2226200000125,391.57645164155,signal
483,5 EMA No-Touch Breakout,breakout,4h,2090,جبسكو,المواد الاساسية,test,17.825/20,2026-04-14 14:00:00,2026-04-19 10:00:00,4.833333333333333,long,14.69934,14.97,7398,1611.095021927109,2002.342680000009,391.2476580729,signal
483,5 EMA No-Touch Breakout,breakout,4h,2090,جبسكو,المواد الاساسية,test,17.825/20,2026-04-29 14:00:00,2026-05-05 10:00:00,5.833333333333333,long,14.96988,14.98996,7372,-245.66021390559925,148.02976000000072,393.6899739056,signal
483,5 EMA No-Touch Breakout,breakout,4h,2090,جبسكو,المواد الاساسية,test,17.825/20,2026-05-06 14:00:00,2026-05-07 10:00:00,0.8333333333333334,long,14.9298,14.84026,7376,-1051.8554532632097,-660.4470400000095,391.4084132632,signal
483,5 EMA No-Touch Breakout,breakout,4h,2090,جبسكو,المواد الاساسية,test,17.825/20,2026-05-11 14:00:00,2026-05-12 10:00:00,0.8333333333333334,long,14.8797,14.66062,7330,-1991.822097532,-1605.8563999999997,385.965697532,signal
483,5 EMA No-Touch Breakout,breakout,4h,2090,جبسكو,المواد الاساسية,test,17.825/20,2026-05-12 10:00:00,2026-05-13 10:00:00,1.0,long,14.71938,14.48098,7274,-2112.73069372579,-1734.12159999999,378.6090937258,signal
483,5 EMA No-Touch Breakout,breakout,4h,2090,جبسكو,المواد الاساسية,test,17.825/20,2026-05-19 14:00:00,2026-05-20 10:00:00,0.8333333333333334,long,14.068079999999998,13.96202,7461,-1164.092476898232,-791.3136599999821,372.77881689825,signal
483,5 EMA No-Touch Breakout,breakout,4h,2090,جبسكو,المواد الاساسية,test,17.825/20,2026-05-31 14:00:00,2026-06-02 10:00:00,1.8333333333333333,long,14.24844,14.56082,7285,1901.5852941542444,2275.6882999999943,374.10300584575,signal
483,5 EMA No-Touch Breakout,breakout,4h,2090,جبسكو,المواد الاساسية,test,17.825/20,2026-06-09 14:00:00,2026-06-10 10:00:00,0.8333333333333334,long,14.1783,14.13168,7455,-723.7503308542557,-347.55210000000574,376.19823085425,signal
483,5 EMA No-Touch Breakout,breakout,4h,2090,جبسكو,المواد الاساسية,test,17.825/20,2026-06-11 14:00:00,2026-06-16 10:00:00,4.833333333333333,long,14.19834,14.471,7393,1637.970172419851,2015.775380000001,377.80520758015,signal
483,5 EMA No-Touch Breakout,breakout,4h,2090,جبسكو,المواد الاساسية,test,17.825/20,2026-06-22 14:00:00,2026-06-23 10:00:00,0.8333333333333334,long,14.16828,13.98198,7525,-1779.4957343362578,-1401.9075000000078,377.5882343362501,signal
483,5 EMA No-Touch Breakout,breakout,4h,2090,جبسكو,المواد الاساسية,test,17.825/20,2026-06-24 14:00:00,2026-07-01 10:00:00,6.833333333333333,long,14.2284,14.97,7368,5080.632781536014,5464.108800000014,383.476018464,signal
483,5 EMA No-Touch Breakout,breakout,4h,2090,جبسكو,المواد الاساسية,test,17.825/20,2026-07-02 14:00:00,2026-07-05 10:00:00,2.8333333333333335,long,14.7294,14.6207,7462,-1201.505520351492,-811.1193999999919,390.3861203515,signal
483,5 EMA No-Touch Breakout,breakout,4h,2090,جبسكو,المواد الاساسية,test,17.825/20,2026-07-07 14:00:00,2026-07-08 10:00:00,0.8333333333333334,long,14.88972,15.02988,7301,633.9335132130118,1023.3081600000118,389.374646787,signal
483,5 EMA No-Touch Breakout,breakout,4h,2090,جبسكو,المواد الاساسية,test,17.825/20,2026-07-19 14:00:00,2026-07-20 10:00:00,0.8333333333333334,long,14.13822,14.06182,7734,-979.6392624341968,-590.8775999999967,388.7616624342,signal
483,5 EMA No-Touch Breakout,breakout,4h,2090,جبسكو,المواد الاساسية,test,17.825/20,2026-07-23 14:00:00,2026-07-27 10:00:00,3.8333333333333335,long,14.03802,14.04186,7719,-356.7134083058978,29.64096000000222,386.3543683059,signal
483,5 EMA No-Touch Breakout,breakout,4h,2090,جبسكو,المواد الاساسية,test,17.825/20,2026-07-30 14:00:00,2026-08-06 10:00:00,6.833333333333333,long,13.64724,14.33128,7914,5018.807832023396,5413.492559999996,394.6847279766,signal
483,5 EMA No-Touch Breakout,breakout,4h,2090,جبسكو,المواد الاساسية,test,17.825/20,2026-08-16 14:00:00,2026-08-17 10:00:00,0.8333333333333334,long,13.4268,13.2235,8418,-2111.269416775504,-1711.379400000004,399.8900167755,signal
483,5 EMA No-Touch Breakout,breakout,4h,2090,جبسكو,المواد الاساسية,test,17.825/20,2026-08-18 14:00:00,2026-08-25 10:00:00,6.833333333333333,long,13.4268,13.682580000000002,8261,1713.8066565691618,2112.998580000012,399.19192343085007,signal
483,5 EMA No-Touch Breakout,breakout,4h,2090,جبسكو,المواد الاساسية,test,17.825/20,2026-08-27 14:00:00,2026-08-30 10:00:00,2.8333333333333335,long,13.76748,13.69256,8181,-1013.3601917553044,-612.9205200000044,400.4396717553,signal
483,5 EMA No-Touch Breakout,breakout,4h,2090,جبسكو,المواد الاساسية,test,17.825/20,2026-09-06 14:00:00,2026-09-08 10:00:00,1.8333333333333333,long,13.2264,13.01392,8439,-2187.8391928056094,-1793.1187200000095,394.7204728056,signal
483,5 EMA No-Touch Breakout,breakout,4h,2230,الكيميائية,الرعاية الصحية,test,17.825/20,2025-12-31 14:00:00,2026-01-05 10:00:00,4.833333333333333,long,6.40278,6.676620000000001,24814,6216.551407173019,6795.065760000019,578.514352827,signal
483,5 EMA No-Touch Breakout,breakout,4h,2230,الكيميائية,الرعاية الصحية,test,17.825/20,2026-01-06 14:00:00,2026-01-08 10:00:00,1.8333333333333333,long,6.49296,6.55686,25427,1033.320119377957,1624.7853000000073,591.46518062205,signal
483,5 EMA No-Touch Breakout,breakout,4h,2230,الكيميائية,الرعاية الصحية,test,17.825/20,2026-01-11 14:00:00,2026-01-15 10:00:00,3.8333333333333335,long,6.52302,7.16564,25468,15744.826031691398,16366.24616,621.4201283085999,signal
483,5 EMA No-Touch Breakout,breakout,4h,2230,الكيميائية,الرعاية الصحية,test,17.825/20,2026-01-25 14:00:00,2026-02-01 10:00:00,6.833333333333333,long,7.314599999999999,7.67462,24864,8287.21385046241,8951.537280000011,664.3234295376,signal
483,5 EMA No-Touch Breakout,breakout,4h,2230,الكيميائية,الرعاية الصحية,test,17.825/20,2026-02-02 14:00:00,2026-02-09 10:00:00,6.833333333333333,long,7.6653,8.52292,24808,20559.98966266277,21275.83695999997,715.8472973372,signal
483,5 EMA No-Touch Breakout,breakout,4h,2230,الكيميائية,الرعاية الصحية,test,17.825/20,2026-02-18 14:00:00,2026-02-19 10:00:00,0.8333333333333334,long,8.29656,8.2335,25398,-2349.945681866103,-1601.597880000003,748.3478018660999,signal
483,5 EMA No-Touch Breakout,breakout,4h,2230,الكيميائية,الرعاية الصحية,test,17.825/20,2026-03-03 14:00:00,2026-03-05 10:00:00,1.8333333333333333,long,7.19436,7.794379999999999,28963,16604.562362424844,17378.379259999994,773.81689757515,signal
483,5 EMA No-Touch Breakout,breakout,4h,2230,الكيميائية,الرعاية الصحية,test,17.825/20,2026-03-08 14:00:00,2026-03-09 10:00:00,0.8333333333333334,long,7.75548,7.67462,29008,-3143.427357476011,-2345.5868800000108,797.840477476,signal
483,5 EMA No-Touch Breakout,breakout,4h,2230,الكيميائية,الرعاية الصحية,test,17.825/20,2026-03-15 14:00:00,2026-04-01 10:00:00,16.833333333333332,long,7.05408,8.17362,31447,34352.59665851324,35206.17437999999,853.5777214867501,signal
483,5 EMA No-Touch Breakout,breakout,4h,2230,الكيميائية,الرعاية الصحية,test,17.825/20,2026-04-08 14:00:00,2026-04-09 10:00:00,0.8333333333333334,long,8.146260000000002,8.15366,31448,-680.9940935152397,232.7151999999604,913.7092935152,signal
483,5 EMA No-Touch Breakout,breakout,4h,2230,الكيميائية,الرعاية الصحية,test,17.825/20,2026-04-13 14:00:00,2026-04-19 10:00:00,5.833333333333333,long,8.0661,8.41314,31676,10062.380445877194,10992.839039999992,930.4585941228,signal
483,5 EMA No-Touch Breakout,breakout,4h,2230,الكيميائية,الرعاية الصحية,test,17.825/20,2026-04-27 14:00:00,2026-04-29 10:00:00,1.8333333333333333,long,8.19636,8.61274,32400,12519.936047700006,13490.712000000009,970.7759523000002,signal
483,5 EMA No-Touch Breakout,breakout,4h,2230,الكيميائية,الرعاية الصحية,test,17.825/20,2026-05-03 14:00:00,2026-05-04 10:00:00,0.8333333333333334,long,8.52702,8.2335,32612,-10546.578184462827,-9572.27424000003,974.3039444628,signal
483,5 EMA No-Touch Breakout,breakout,4h,2230,الكيميائية,الرعاية الصحية,test,17.825/20,2026-05-10 14:00:00,2026-05-12 10:00:00,1.8333333333333333,long,8.476920000000002,8.49298,31561,-447.8141922768213,506.8696599999288,954.68385227675,signal
483,5 EMA No-Touch Breakout,breakout,4h,2230,الكيميائية,الرعاية الصحية,test,17.825/20,2026-05-18 14:00:00,2026-05-20 10:00:00,1.8333333333333333,long,8.59716,8.60276,31067,-778.5035228458191,173.97519999998084,952.4787228458,signal
483,5 EMA No-Touch Breakout,breakout,4h,2230,الكيميائية,الرعاية الصحية,test,17.825/20,2026-05-21 14:00:00,2026-06-01 10:00:00,10.833333333333334,long,8.57712,8.8323,31049,6959.562212083628,7923.083819999978,963.52160791635,signal
483,5 EMA No-Touch Breakout,breakout,4h,2230,الكيميائية,الرعاية الصحية,test,17.825/20,2026-06-02 14:00:00,2026-06-03 10:00:00,0.8333333333333334,long,8.887739999999999,8.76244,30747,-4819.944175549928,-3852.5990999999785,967.34507554995,signal
483,5 EMA No-Touch Breakout,breakout,4h,2230,الكيميائية,الرعاية الصحية,test,17.825/20,2026-06-15 14:00:00,2026-06-16 10:00:00,0.8333333333333334,long,8.65728,8.56284,31009,-3880.3069946751166,-2928.4899600000163,951.8170346751,signal
483,5 EMA No-Touch Breakout,breakout,4h,2230,الكيميائية,الرعاية الصحية,test,17.825/20,2026-06-24 14:00:00,2026-06-25 10:00:00,0.8333333333333334,long,8.356679999999999,8.24348,31660,-4520.724599431971,-3583.9119999999707,936.812599432,signal
483,5 EMA No-Touch Breakout,breakout,4h,2230,الكيميائية,الرعاية الصحية,test,17.825/20,2026-07-01 14:00:00,2026-07-02 10:00:00,0.8333333333333334,long,8.226420000000001,8.19358,31612,-1963.3786438000063,-1038.1380800000063,925.2405638,signal
483,5 EMA No-Touch Breakout,breakout,4h,2230,الكيميائية,الرعاية الصحية,test,17.825/20,2026-07-06 14:00:00,2026-07-12 10:00:00,5.833333333333333,long,8.226420000000001,8.2335,31373,-698.3569375602495,222.12083999995045,920.4777775602,signal
483,5 EMA No-Touch Breakout,breakout,4h,2230,الكيميائية,الرعاية الصحية,test,17.825/20,2026-07-13 14:00:00,2026-07-14 10:00:00,0.8333333333333334,long,8.376719999999999,8.2834,30727,-3779.933031655254,-2867.4436399999545,912.4893916553,signal
483,5 EMA No-Touch Breakout,breakout,4h,2230,الكيميائية,الرعاية الصحية,test,17.825/20,2026-07-15 14:00:00,2026-07-16 10:00:00,0.8333333333333334,long,8.466899999999999,8.4331,29953,-1914.7230602499817,-1012.4113999999817,902.31166025,signal
483,5 EMA No-Touch Breakout,breakout,4h,2230,الكيميائية,الرعاية الصحية,test,17.825/20,2026-07-23 14:00:00,2026-07-26 10:00:00,2.8333333333333335,long,8.356679999999999,8.31334,30119,-2200.3227824673145,-1305.3574599999645,894.96532246735,signal
483,5 EMA No-Touch Breakout,breakout,4h,2230,الكيميائية,الرعاية الصحية,test,17.825/20,2026-07-27 14:00:00,2026-07-28 10:00:00,0.8333333333333334,long,8.4168,8.44308,29642,-111.8314434762042,778.9917599999958,890.8232034762,signal
483,5 EMA No-Touch Breakout,breakout,4h,2230,الكيميائية,الرعاية الصحية,test,17.825/20,2026-07-30 14:00:00,2026-08-05 14:00:00,6.0,long,8.12622,8.253459999999999,30689,3008.84839085556,3904.86835999996,896.0199691444,signal
483,5 EMA No-Touch Breakout,breakout,4h,2230,الكيميائية,الرعاية الصحية,test,17.825/20,2026-08-11 14:00:00,2026-08-16 10:00:00,4.833333333333333,long,8.076120000000001,8.16364,31251,1830.453191377732,2735.087519999932,904.6343286222,signal
483,5 EMA No-Touch Breakout,breakout,4h,2230,الكيميائية,الرعاية الصحية,test,17.825/20,2026-08-20 14:00:00,2026-08-24 10:00:00,3.8333333333333335,long,7.92582,7.97402,32075,636.9625165400148,1546.0150000000149,909.05248346,signal
483,5 EMA No-Touch Breakout,breakout,4h,2230,الكيميائية,الرعاية الصحية,test,17.825/20,2026-08-26 14:00:00,2026-08-27 10:00:00,0.8333333333333334,long,7.87572,7.86424,32360,-1279.4004507320194,-371.4928000000194,907.907650732,signal
483,5 EMA No-Touch Breakout,breakout,4h,2230,الكيميائية,الرعاية الصحية,test,17.825/20,2026-08-30 14:00:00,2026-08-31 10:00:00,0.8333333333333334,long,7.87572,7.85426,32198,-1593.7587996913085,-690.9690800000083,902.7897196913,signal
483,5 EMA No-Touch Breakout,breakout,4h,2230,الكيميائية,الرعاية الصحية,test,17.825/20,2026-09-01 14:00:00,2026-09-09 10:00:00,7.833333333333333,long,8.1162,8.253459999999999,31047,3355.593323359334,4261.511219999984,905.91789664065,signal
483,5 EMA No-Touch Breakout,breakout,4h,2290,ينساب,المواد الاساسية,test,17.825/20,2025-12-31 14:00:00,2026-01-04 10:00:00,3.8333333333333335,long,27.3546,27.944,3882,1905.403013030991,2288.050799999991,382.647786969,signal
483,5 EMA No-Touch Breakout,breakout,4h,2290,ينساب,المواد الاساسية,test,17.825/20,2026-01-11 14:00:00,2026-01-14 14:00:00,3.0,long,27.07404,27.7444,3992,2286.003353754409,2676.077120000009,390.0737662456,signal
483,5 EMA No-Touch Breakout,breakout,4h,2290,ينساب,المواد الاساسية,test,17.825/20,2026-01-18 14:00:00,2026-01-19 14:00:00,1.0,long,27.39468,27.10568,4029,-1555.785826659306,-1164.381000000006,391.4048266593,signal
483,5 EMA No-Touch Breakout,breakout,4h,2290,ينساب,المواد الاساسية,test,17.825/20,2026-01-25 14:00:00,2026-01-28 10:00:00,2.8333333333333335,long,26.77344,27.1456,4064,1121.864400716804,1512.4582400000038,390.5938392832,signal
483,5 EMA No-Touch Breakout,breakout,4h,2290,ينساب,المواد الاساسية,test,17.825/20,2026-02-02 14:00:00,2026-02-05 10:00:00,2.8333333333333335,long,26.73336,27.1456,4112,1300.2174996255878,1695.130879999988,394.9133803744,signal
483,5 EMA No-Touch Breakout,breakout,4h,2290,ينساب,المواد الاساسية,test,17.825/20,2026-02-09 14:00:00,2026-02-16 10:00:00,6.833333333333333,long,26.91372,29.16156,4133,8877.2120667822,9290.32272,413.1106532178,signal
483,5 EMA No-Touch Breakout,breakout,4h,2290,ينساب,المواد الاساسية,test,17.825/20,2026-03-03 14:00:00,2026-03-10 10:00:00,6.833333333333333,long,26.29248,32.57472,4568,28217.94849868801,28697.272320000007,479.323821312,signal
483,5 EMA No-Touch Breakout,breakout,4h,2290,ينساب,المواد الاساسية,test,17.825/20,2026-03-15 14:00:00,2026-03-16 10:00:00,0.8333333333333334,long,33.266400000000004,32.934,4459,-2008.3434677670307,-1482.1716000000308,526.171867767,signal
483,5 EMA No-Touch Breakout,breakout,4h,2290,ينساب,المواد الاساسية,test,17.825/20,2026-03-24 14:00:00,2026-03-25 10:00:00,0.8333333333333334,long,33.066,32.51484,4425,-2956.1559743025127,-2438.883000000013,517.2729743025,signal
483,5 EMA No-Touch Breakout,breakout,4h,2290,ينساب,المواد الاساسية,test,17.825/20,2026-03-26 14:00:00,2026-04-01 10:00:00,5.833333333333333,long,34.30848,35.60864,4179,4912.551293714392,5433.368639999992,520.8173462856,signal
483,5 EMA No-Touch Breakout,breakout,4h,2290,ينساب,المواد الاساسية,test,17.825/20,2026-04-02 14:00:00,2026-04-06 10:00:00,3.8333333333333335,long,36.15216,36.1276,4101,-629.0879546921751,-100.72055999997508,528.3673946922,signal
483,5 EMA No-Touch Breakout,breakout,4h,2290,ينساب,المواد الاساسية,test,17.825/20,2026-04-09 14:00:00,2026-04-13 14:00:00,4.0,long,34.2684,34.89008,4309,2147.6271855045907,2678.8191199999906,531.1919344954,signal
483,5 EMA No-Touch Breakout,breakout,4h,2290,ينساب,المواد الاساسية,test,17.825/20,2026-04-19 14:00:00,2026-04-20 10:00:00,0.8333333333333334,long,35.571,35.48888,4211,-879.190418217084,-345.807319999984,533.3830982171,signal
483,5 EMA No-Touch Breakout,breakout,4h,2290,ينساب,المواد الاساسية,test,17.825/20,2026-04-26 14:00:00,2026-04-28 10:00:00,1.8333333333333333,long,35.3706,37.764320000000005,4210,9528.73299147104,10077.561200000038,548.8282085290001,signal
483,5 EMA No-Touch Breakout,breakout,4h,2290,ينساب,المواد الاساسية,test,17.825/20,2026-04-30 14:00:00,2026-05-04 10:00:00,3.8333333333333335,long,37.074,36.427,4274,-3325.2383859049933,-2765.2779999999934,559.960385905,signal
483,5 EMA No-Touch Breakout,breakout,4h,2290,ينساب,المواد الاساسية,test,17.825/20,2026-05-05 14:00:00,2026-05-06 10:00:00,0.8333333333333334,long,36.7734,36.2274,4218,-2851.890719868028,-2303.0280000000275,548.862719868,signal
483,5 EMA No-Touch Breakout,breakout,4h,2290,ينساب,المواد الاساسية,test,17.825/20,2026-05-11 14:00:00,2026-05-14 14:00:00,3.0,long,34.548959999999994,35.1296,4407,2011.5221196876423,2558.880480000042,547.3583603123999,signal
483,5 EMA No-Touch Breakout,breakout,4h,2290,ينساب,المواد الاساسية,test,17.825/20,2026-06-02 14:00:00,2026-06-03 10:00:00,0.8333333333333334,long,33.1662,33.0338,4652,-1164.867778000019,-615.9248000000189,548.942978,signal
483,5 EMA No-Touch Breakout,breakout,4h,2290,ينساب,المواد الاساسية,test,17.825/20,2026-06-11 14:00:00,2026-06-14 10:00:00,2.8333333333333335,long,31.2624,31.0378,4898,-1644.014221636994,-1100.090799999994,543.9234216369999,signal
483,5 EMA No-Touch Breakout,breakout,4h,2290,ينساب,المواد الاساسية,test,17.825/20,2026-06-21 14:00:00,2026-06-22 10:00:00,0.8333333333333334,long,30.06,29.82024,5039,-1745.996003584202,-1208.150640000002,537.8453635842,signal
483,5 EMA No-Touch Breakout,breakout,4h,2290,ينساب,المواد الاساسية,test,17.825/20,2026-06-24 14:00:00,2026-06-29 10:00:00,4.833333333333333,long,29.69928,30.3392,5041,2686.3560047853825,3225.8367199999825,539.4807152146,signal
483,5 EMA No-Touch Breakout,breakout,4h,2290,ينساب,المواد الاساسية,test,17.825/20,2026-07-01 14:00:00,2026-07-02 10:00:00,0.8333333333333334,long,29.87964,29.66056,5101,-1658.8982835565089,-1117.5270800000087,541.3712035565001,signal
483,5 EMA No-Touch Breakout,breakout,4h,2290,ينساب,المواد الاساسية,test,17.825/20,2026-07-07 10:00:00,2026-07-20 10:00:00,13.0,long,29.27844,31.3372,5149,10044.219289133298,10600.555239999998,556.3359508667,signal
483,5 EMA No-Touch Breakout,breakout,4h,2290,ينساب,المواد الاساسية,test,17.825/20,2026-07-21 14:00:00,2026-07-22 14:00:00,1.0,long,31.40268,32.734399999999994,5120,6233.065753087967,6818.406399999967,585.3406469119999,signal
483,5 EMA No-Touch Breakout,breakout,4h,2290,ينساب,المواد الاساسية,test,17.825/20,2026-07-28 14:00:00,2026-07-29 10:00:00,0.8333333333333334,long,31.10208,30.77832,5370,-2330.9119358100006,-1738.5912000000003,592.3207358100001,signal
483,5 EMA No-Touch Breakout,breakout,4h,2290,ينساب,المواد الاساسية,test,17.825/20,2026-07-30 14:00:00,2026-08-02 10:00:00,2.8333333333333335,long,30.9618,30.439,5319,-3362.921399394001,-2780.773200000001,582.148199394,signal
483,5 EMA No-Touch Breakout,breakout,4h,2290,ينساب,المواد الاساسية,test,17.825/20,2026-08-03 14:00:00,2026-08-05 10:00:00,1.8333333333333333,long,31.062,31.536800000000003,5194,1886.5524169660096,2466.11120000001,579.558783034,signal
483,5 EMA No-Touch Breakout,breakout,4h,2290,ينساب,المواد الاساسية,test,17.825/20,2026-08-10 14:00:00,2026-08-19 10:00:00,8.833333333333334,long,30.24036,32.734399999999994,5397,12854.507085149073,13460.333879999973,605.8267948509,signal
483,5 EMA No-Touch Breakout,breakout,4h,2290,ينساب,المواد الاساسية,test,17.825/20,2026-08-23 14:00:00,2026-08-25 14:00:00,2.0,long,33.3666,34.01184,5277,2771.152860303906,3404.931480000006,633.7786196960999,signal
483,5 EMA No-Touch Breakout,breakout,4h,2290,ينساب,المواد الاساسية,test,17.825/20,2026-08-27 14:00:00,2026-08-31 10:00:00,3.8333333333333335,long,34.08804000000001,33.932,5247,-1454.9181796611233,-818.7418800000231,636.1762996611001,signal
483,5 EMA No-Touch Breakout,breakout,4h,2290,ينساب,المواد الاساسية,test,17.825/20,2026-09-08 14:00:00,2026-09-10 10:00:00,1.8333333333333333,long,33.00588,34.07172,5375,5086.223706750007,5728.890000000008,642.66629325,signal
483,5 EMA No-Touch Breakout,breakout,4h,2290,ينساب,المواد الاساسية,test,17.825/20,2026-09-13 10:00:00,2026-09-13 14:00:00,0.16666666666666666,long,33.78744,32.87412,5401,-5574.610990010693,-4932.841319999993,641.7696700107,signal
483,5 EMA No-Touch Breakout,breakout,4h,2360,الفخارية,المواد الاساسية,test,17.825/20,2025-12-31 14:00:00,2026-01-04 10:00:00,3.8333333333333335,long,20.5911,21.0578,6137,2408.5321489977464,2864.1378999999965,455.60575100225,signal
483,5 EMA No-Touch Breakout,breakout,4h,2360,الفخارية,المواد الاساسية,test,17.825/20,2026-01-07 14:00:00,2026-01-08 10:00:00,0.8333333333333334,long,20.73138,20.5089,6212,-1838.6948440092056,-1382.0457600000057,456.6490840092,signal
483,5 EMA No-Touch Breakout,breakout,4h,2360,الفخارية,المواد الاساسية,test,17.825/20,2026-01-12 14:00:00,2026-01-13 10:00:00,0.8333333333333334,long,21.33258,21.28734,5950,-721.1995440300195,-269.1780000000195,452.02154403,signal
483,5 EMA No-Touch Breakout,breakout,4h,2360,الفخارية,المواد الاساسية,test,17.825/20,2026-01-14 14:00:00,2026-01-15 10:00:00,0.8333333333333334,long,21.67326,21.556800000000003,5824,-1127.046397276779,-678.2630399999794,448.7833572768,signal
483,5 EMA No-Touch Breakout,breakout,4h,2360,الفخارية,المواد الاساسية,test,17.825/20,2026-01-22 10:00:00,2026-01-29 10:00:00,7.0,long,20.5911,23.3532,6075,16303.898407893732,16779.75749999998,475.85909210625,signal
483,5 EMA No-Touch Breakout,breakout,4h,2360,الفخارية,المواد الاساسية,test,17.825/20,2026-02-03 14:00:00,2026-02-04 10:00:00,0.8333333333333334,long,22.37466,22.3552,6319,-626.7877738685418,-122.9677399999918,503.82003386855,signal
483,5 EMA No-Touch Breakout,breakout,4h,2360,الفخارية,المواد الاساسية,test,17.825/20,2026-02-08 14:00:00,2026-02-10 10:00:00,1.8333333333333333,long,21.7434,21.68654,6474,-869.2890217556793,-368.1116399999793,501.1773817557,signal
483,5 EMA No-Touch Breakout,breakout,4h,2360,الفخارية,المواد الاساسية,test,17.825/20,2026-02-15 14:00:00,2026-02-16 10:00:00,0.8333333333333334,long,21.22236,21.1077,6592,-1253.2270842144044,-755.8387200000043,497.3883642144,signal
483,5 EMA No-Touch Breakout,breakout,4h,2360,الفخارية,المواد الاساسية,test,17.825/20,2026-02-25 14:00:00,2026-03-01 10:00:00,3.8333333333333335,long,17.324579999999997,16.33726,8003,-8381.719805089375,-7901.521959999975,480.1978450894,signal
483,5 EMA No-Touch Breakout,breakout,4h,2360,الفخارية,المواد الاساسية,test,17.825/20,2026-03-02 14:00:00,2026-03-03 10:00:00,0.8333333333333334,long,17.22438,17.14564,7563,-1058.8544921959483,-595.5106199999985,463.3438721959501,signal
483,5 EMA No-Touch Breakout,breakout,4h,2360,الفخارية,المواد الاساسية,test,17.825/20,2026-03-04 14:00:00,2026-03-09 10:00:00,4.833333333333333,long,17.2344,18.87218,7497,11795.929898561546,12278.436659999996,482.5067614384501,signal
483,5 EMA No-Touch Breakout,breakout,4h,2360,الفخارية,المواد الاساسية,test,17.825/20,2026-03-16 14:00:00,2026-03-31 10:00:00,14.833333333333334,long,18.06606,20.07976,7805,15186.22811700925,15716.9285,530.70038299075,signal
483,5 EMA No-Touch Breakout,breakout,4h,2360,الفخارية,المواد الاساسية,test,17.825/20,2026-04-01 14:00:00,2026-04-02 10:00:00,0.8333333333333334,long,20.06004,19.96,7786,-1334.3313660417994,-778.9114399999993,555.4199260418,signal
483,5 EMA No-Touch Breakout,breakout,4h,2360,الفخارية,المواد الاساسية,test,17.825/20,2026-04-08 14:00:00,2026-04-09 10:00:00,0.8333333333333334,long,18.89772,18.9121,8194,-434.4131380051067,117.82971999999322,552.2428580051,signal
483,5 EMA No-Touch Breakout,breakout,4h,2360,الفخارية,المواد الاساسية,test,17.825/20,2026-04-14 14:00:00,2026-04-20 10:00:00,5.833333333333333,long,18.30654,18.8123,8435,3707.9894570495194,4266.0856000000185,558.0961429504999,signal
483,5 EMA No-Touch Breakout,breakout,4h,2360,الفخارية,المواد الاساسية,test,17.825/20,2026-04-22 14:00:00,2026-04-23 10:00:00,0.8333333333333334,long,18.2364,18.10372,8671,-1712.143264276905,-1150.468280000005,561.6749842768999,signal
483,5 EMA No-Touch Breakout,breakout,4h,2360,الفخارية,المواد الاساسية,test,17.825/20,2026-04-27 14:00:00,2026-04-28 10:00:00,0.8333333333333334,long,18.17628,18.0638,8605,-1523.7556960730126,-967.8904000000126,555.8652960730001,signal
483,5 EMA No-Touch Breakout,breakout,4h,2360,الفخارية,المواد الاساسية,test,17.825/20,2026-04-29 14:00:00,2026-04-30 10:00:00,0.8333333333333334,long,18.30654,18.25342,8461,-1000.8358569306984,-449.4483199999986,551.3875369306999,signal
483,5 EMA No-Touch Breakout,breakout,4h,2360,الفخارية,المواد الاساسية,test,17.825/20,2026-05-03 14:00:00,2026-05-05 10:00:00,1.8333333333333333,long,18.22638,18.38316,8443,772.7328678628305,1323.6935399999809,550.9606721371501,signal
483,5 EMA No-Touch Breakout,breakout,4h,2360,الفخارية,المواد الاساسية,test,17.825/20,2026-05-10 14:00:00,2026-05-11 10:00:00,0.8333333333333334,long,18.05604,17.964,8566,-1338.4008486558068,-788.4146400000068,549.9862086557999,signal
483,5 EMA No-Touch Breakout,breakout,4h,2360,الفخارية,المواد الاساسية,test,17.825/20,2026-05-21 14:00:00,2026-06-02 10:00:00,11.833333333333334,long,16.85364,17.52488,9097,5548.808740845709,6106.270280000009,557.4615391543,signal
483,5 EMA No-Touch Breakout,breakout,4h,2360,الفخارية,المواد الاساسية,test,17.825/20,2026-06-04 14:00:00,2026-06-07 10:00:00,2.8333333333333335,long,17.2845,16.95602,9192,-3580.410177664824,-3019.388160000024,561.0220176647999,signal
483,5 EMA No-Touch Breakout,breakout,4h,2360,الفخارية,المواد الاساسية,test,17.825/20,2026-06-09 14:00:00,2026-06-10 10:00:00,0.8333333333333334,long,16.89372,16.88616,9192,-622.9660710311817,-69.49151999998173,553.4745510312,signal
483,5 EMA No-Touch Breakout,breakout,4h,2360,الفخارية,المواد الاساسية,test,17.825/20,2026-06-15 14:00:00,2026-06-17 10:00:00,1.8333333333333333,long,16.62318,16.48696,9304,-1816.5020236132143,-1267.3908800000145,549.1111436132,signal
483,5 EMA No-Touch Breakout,breakout,4h,2360,الفخارية,المواد الاساسية,test,17.825/20,2026-06-21 14:00:00,2026-06-24 10:00:00,2.8333333333333335,long,16.79352,17.20552,9102,3198.412865342392,3750.0239999999912,551.6111346576,signal
483,5 EMA No-Touch Breakout,breakout,4h,2360,الفخارية,المواد الاساسية,test,17.825/20,2026-06-28 14:00:00,2026-06-30 14:00:00,2.0,long,17.39472,19.5608,8971,18840.95507361761,19431.903680000007,590.9486063824,signal
483,5 EMA No-Touch Breakout,breakout,4h,2360,الفخارية,المواد الاساسية,test,17.825/20,2026-07-02 14:00:00,2026-07-05 10:00:00,2.8333333333333335,long,18.9879,18.8622,9211,-1779.2686357357677,-1157.8227000000177,621.4459357357499,signal
483,5 EMA No-Touch Breakout,breakout,4h,2360,الفخارية,المواد الاساسية,test,17.825/20,2026-07-14 14:00:00,2026-07-16 14:00:00,2.0,long,18.04602,18.5129,9593,3853.6397648842976,4478.779839999997,625.1400751157,signal
483,5 EMA No-Touch Breakout,breakout,4h,2360,الفخارية,المواد الاساسية,test,17.825/20,2026-07-16 14:00:00,2026-07-19 10:00:00,2.8333333333333335,long,18.5871,17.964,9521,-6552.850488675758,-5932.535100000008,620.31538867575,signal
483,5 EMA No-Touch Breakout,breakout,4h,2360,الفخارية,المواد الاساسية,test,17.825/20,2026-07-23 14:00:00,2026-07-26 10:00:00,2.8333333333333335,long,17.39472,17.27538,9797,-1774.623223490261,-1169.173980000011,605.4492434902501,signal
483,5 EMA No-Touch Breakout,breakout,4h,2360,الفخارية,المواد الاساسية,test,17.825/20,2026-07-27 14:00:00,2026-07-28 10:00:00,0.8333333333333334,long,17.274479999999997,17.42508,9762,866.358310836642,1470.157200000042,603.7988891634,signal
483,5 EMA No-Touch Breakout,breakout,4h,2360,الفخارية,المواد الاساسية,test,17.825/20,2026-07-30 14:00:00,2026-08-05 10:00:00,5.833333333333333,long,17.2344,18.28336,9835,9693.86374518801,10316.52160000001,622.6578548120001,signal
483,5 EMA No-Touch Breakout,breakout,4h,2360,الفخارية,المواد الاساسية,test,17.825/20,2026-08-09 10:00:00,2026-08-10 10:00:00,1.0,long,17.5851,17.37518,10190,-2774.091963829004,-2139.0848000000037,635.0071638290001,signal
483,5 EMA No-Touch Breakout,breakout,4h,2360,الفخارية,المواد الاساسية,test,17.825/20,2026-08-17 14:00:00,2026-08-18 10:00:00,0.8333333333333334,long,18.12618,18.24344,9733,510.3124058225319,1141.291579999982,630.97917417745,signal
483,5 EMA No-Touch Breakout,breakout,4h,2360,الفخارية,المواد الاساسية,test,17.825/20,2026-08-23 14:00:00,2026-08-26 10:00:00,2.8333333333333335,long,19.4388,21.6566,9102,19519.67088534904,20186.41560000004,666.744714651,signal
483,5 EMA No-Touch Breakout,breakout,4h,2360,الفخارية,المواد الاساسية,test,17.825/20,2026-09-07 14:00:00,2026-09-08 10:00:00,0.8333333333333334,long,20.70132,21.94602,9490,11090.783795110485,11812.202999999983,721.4192048895,signal
483,5 EMA No-Touch Breakout,breakout,4h,2360,الفخارية,المواد الاساسية,test,17.825/20,2026-09-10 10:00:00,2026-09-10 14:00:00,0.16666666666666666,long,20.3907,19.87018,10178,-6028.276919310812,-5297.852560000012,730.4243593108,signal
483,5 EMA No-Touch Breakout,breakout,4h,3091,أسمنت الجوف,المواد الاساسية,test,17.825/20,2026-01-07 10:00:00,2026-01-08 10:00:00,1.0,long,6.28254,6.2874,19273,-338.16247857765256,93.6667799999974,431.82925857765,signal
483,5 EMA No-Touch Breakout,breakout,4h,3091,أسمنت الجوف,المواد الاساسية,test,17.825/20,2026-01-11 14:00:00,2026-01-15 10:00:00,3.8333333333333335,long,6.28254,6.3971800000000005,19219,1768.8859923029102,2203.26616000001,434.3801676971,signal
483,5 EMA No-Touch Breakout,breakout,4h,3091,أسمنت الجوف,المواد الاساسية,test,17.825/20,2026-01-18 14:00:00,2026-01-20 10:00:00,1.8333333333333333,long,6.40278,6.3472800000000005,19134,-1496.7950726312893,-1061.9369999999892,434.8580726313,signal
483,5 EMA No-Touch Breakout,breakout,4h,3091,أسمنت الجوف,المواد الاساسية,test,17.825/20,2026-02-12 14:00:00,2026-02-15 14:00:00,3.0,long,6.0019800000000005,5.988,20162,-712.76983357472,-281.86476000002,430.9050735747,signal
483,5 EMA No-Touch Breakout,breakout,4h,3091,أسمنت الجوف,المواد الاساسية,test,17.825/20,2026-03-04 14:00:00,2026-03-08 14:00:00,4.0,long,5.2104,5.34928,23089,2772.004625165608,3206.600320000008,434.5956948344,signal
483,5 EMA No-Touch Breakout,breakout,4h,3091,أسمنت الجوف,المواد الاساسية,test,17.825/20,2026-03-25 14:00:00,2026-04-02 10:00:00,7.833333333333333,long,5.03004,5.04988,24468,45.81737233680741,485.44512000000736,439.6277476632,signal
483,5 EMA No-Touch Breakout,breakout,4h,3091,أسمنت الجوف,المواد الاساسية,test,17.825/20,2026-04-08 14:00:00,2026-04-09 10:00:00,0.8333333333333334,long,4.989960000000001,5.02992,24674,545.2846396685725,985.9730399999725,440.6884003314,signal
483,5 EMA No-Touch Breakout,breakout,4h,3091,أسمنت الجوف,المواد الاساسية,test,17.825/20,2026-04-12 14:00:00,2026-04-16 10:00:00,3.8333333333333335,long,4.96992,5.0598600000000005,24883,1793.1166844434588,2237.977020000009,444.86033555655,signal
483,5 EMA No-Touch Breakout,breakout,4h,3091,أسمنت الجوف,المواد الاساسية,test,17.825/20,2026-04-21 14:00:00,2026-04-29 10:00:00,7.833333333333333,long,5.02002,4.99,24992,-1196.1886133647872,-750.2598399999873,445.9287733648,signal
483,5 EMA No-Touch Breakout,breakout,4h,3091,أسمنت الجوف,المواد الاساسية,test,17.825/20,2026-05-03 14:00:00,2026-05-05 10:00:00,1.8333333333333333,long,5.0601,5.02992,24557,-1182.799217182063,-741.1302600000132,441.66895718205,signal
483,5 EMA No-Touch Breakout,breakout,4h,3091,أسمنت الجوف,المواد الاساسية,test,17.825/20,2026-05-07 14:00:00,2026-05-10 14:00:00,3.0,long,5.03004,5.49898,24469,11015.259202647649,11474.492859999998,459.2336573523499,signal
483,5 EMA No-Touch Breakout,breakout,4h,3091,أسمنت الجوف,المواد الاساسية,test,17.825/20,2026-05-31 14:00:00,2026-06-08 10:00:00,7.833333333333333,long,4.9198200000000005,4.95008,27256,345.24911498198065,824.7665599999806,479.51744501799993,signal
483,5 EMA No-Touch Breakout,breakout,4h,3091,أسمنت الجوف,المواد الاساسية,test,17.825/20,2026-06-09 10:00:00,2026-06-10 14:00:00,1.1666666666666667,long,4.94988,4.97004,27160,67.29548901599276,547.5455999999928,480.250110984,signal
483,5 EMA No-Touch Breakout,breakout,4h,3091,أسمنت الجوف,المواد الاساسية,test,17.825/20,2026-06-14 14:00:00,2026-06-16 10:00:00,1.8333333333333333,long,5.04006,5.039899999999999,26688,-483.787485945628,-4.270080000027974,479.5174059456,signal
483,5 EMA No-Touch Breakout,breakout,4h,3091,أسمنت الجوف,المواد الاساسية,test,17.825/20,2026-06-23 10:00:00,2026-06-23 14:00:00,0.16666666666666666,long,5.01,4.980020000000001,26751,-1278.3556720981294,-801.9949799999794,476.36069209815,signal
483,5 EMA No-Touch Breakout,breakout,4h,3091,أسمنت الجوف,المواد الاساسية,test,17.825/20,2026-06-30 14:00:00,2026-07-02 10:00:00,1.8333333333333333,long,5.15028,5.09978,25774,-1772.4968452792882,-1301.5869999999882,470.90984527929993,signal
483,5 EMA No-Touch Breakout,breakout,4h,3091,أسمنت الجوف,المواد الاساسية,test,17.825/20,2026-07-22 14:00:00,2026-07-26 10:00:00,3.8333333333333335,long,4.92984,4.8902,26567,-1518.1505272770855,-1053.1158799999855,465.0346472771,signal
483,5 EMA No-Touch Breakout,breakout,4h,3091,أسمنت الجوف,المواد الاساسية,test,17.825/20,2026-08-03 14:00:00,2026-08-05 14:00:00,2.0,long,4.93986,4.95008,26206,-194.15548581829108,267.8253200000089,461.9808058183,signal
483,5 EMA No-Touch Breakout,breakout,4h,3091,أسمنت الجوف,المواد الاساسية,test,17.825/20,2026-08-10 10:00:00,2026-08-10 14:00:00,0.16666666666666666,long,5.01,4.9401,25800,-2261.0101738499907,-1803.4199999999903,457.59017385,signal
483,5 EMA No-Touch Breakout,breakout,4h,3091,أسمنت الجوف,المواد الاساسية,test,17.825/20,2026-08-16 14:00:00,2026-08-31 10:00:00,14.833333333333334,long,4.88976,4.96006,25973,1369.8860393120392,1825.9018999999887,456.01586068795,signal
483,5 EMA No-Touch Breakout,breakout,4h,3091,أسمنت الجوف,المواد الاساسية,test,17.825/20,2026-09-08 14:00:00,2026-09-09 10:00:00,0.8333333333333334,long,4.9599,4.9401,25881,-969.1593367500012,-512.443800000001,456.71553675000007,signal
483,5 EMA No-Touch Breakout,breakout,4h,4020,العقارية,إدارة وتطوير العقارات,test,17.825/20,2025-12-31 14:00:00,2026-01-04 10:00:00,3.8333333333333335,long,12.7755,12.98398,8901,1446.979733136898,1855.680479999998,408.7007468631,signal
483,5 EMA No-Touch Breakout,breakout,4h,4020,العقارية,إدارة وتطوير العقارات,test,17.825/20,2026-01-07 14:00:00,2026-01-08 10:00:00,0.8333333333333334,long,12.55506,12.41512,9172,-1691.769400136193,-1283.5296799999935,408.2397201362,signal
483,5 EMA No-Touch Breakout,breakout,4h,4020,العقارية,إدارة وتطوير العقارات,test,17.825/20,2026-01-11 14:00:00,2026-01-14 10:00:00,2.8333333333333335,long,12.59514,13.21352,9009,5156.535956521951,5570.985420000002,414.44946347805,signal
483,5 EMA No-Touch Breakout,breakout,4h,4020,العقارية,إدارة وتطوير العقارات,test,17.825/20,2026-01-18 14:00:00,2026-01-19 10:00:00,0.8333333333333334,long,13.46688,13.43308,8809,-720.1285151682946,-297.7441999999946,422.3843151683,signal
483,5 EMA No-Touch Breakout,breakout,4h,4020,العقارية,إدارة وتطوير العقارات,test,17.825/20,2026-01-22 10:00:00,2026-01-26 10:00:00,4.0,long,13.30656,14.3712,8861,8996.612224600805,9433.775040000006,437.1628153992,signal
483,5 EMA No-Touch Breakout,breakout,4h,4020,العقارية,إدارة وتطوير العقارات,test,17.825/20,2026-01-27 14:00:00,2026-01-28 10:00:00,0.8333333333333334,long,15.04002,14.8702,8438,-1882.8128528116968,-1432.941159999997,449.8716928117,signal
483,5 EMA No-Touch Breakout,breakout,4h,4020,العقارية,إدارة وتطوير العقارات,test,17.825/20,2026-02-02 14:00:00,2026-02-03 14:00:00,1.0,long,14.3787,14.36122,8695,-597.4239498429918,-151.98859999999175,445.435349843,signal
483,5 EMA No-Touch Breakout,breakout,4h,4020,العقارية,إدارة وتطوير العقارات,test,17.825/20,2026-02-03 14:00:00,2026-02-05 10:00:00,1.8333333333333333,long,14.41878,14.24146,8629,-1970.9229485361996,-1530.0942799999991,440.8286685362,signal
483,5 EMA No-Touch Breakout,breakout,4h,4020,العقارية,إدارة وتطوير العقارات,test,17.825/20,2026-02-08 14:00:00,2026-02-09 10:00:00,0.8333333333333334,long,14.50896,14.43108,8440,-1092.6898437719883,-657.3071999999884,435.382643772,signal
483,5 EMA No-Touch Breakout,breakout,4h,4020,العقارية,إدارة وتطوير العقارات,test,17.825/20,2026-02-15 14:00:00,2026-02-16 10:00:00,0.8333333333333334,long,14.39874,14.341259999999998,8428,-916.1998734000148,-484.4414400000148,431.7584334,signal
483,5 EMA No-Touch Breakout,breakout,4h,4020,العقارية,إدارة وتطوير العقارات,test,17.825/20,2026-02-18 10:00:00,2026-02-19 10:00:00,1.0,long,14.328600000000002,14.91012,8406,4450.15305732958,4888.25711999998,438.1040626704,signal
483,5 EMA No-Touch Breakout,breakout,4h,4020,العقارية,إدارة وتطوير العقارات,test,17.825/20,2026-03-04 14:00:00,2026-03-09 10:00:00,4.833333333333333,long,12.7755,13.19356,9776,3634.424991776805,4086.954560000005,452.5295682232,signal
483,5 EMA No-Touch Breakout,breakout,4h,4020,العقارية,إدارة وتطوير العقارات,test,17.825/20,2026-03-15 10:00:00,2026-03-29 10:00:00,14.0,long,13.03602,13.94206,9859,8458.544552291609,8932.648360000008,474.1038077084,signal
483,5 EMA No-Touch Breakout,breakout,4h,4020,العقارية,إدارة وتطوير العقارات,test,17.825/20,2026-04-02 14:00:00,2026-04-07 10:00:00,4.833333333333333,long,13.41678,13.39316,10210,-729.083011290511,-241.16020000001103,487.9228112905,signal
483,5 EMA No-Touch Breakout,breakout,4h,4020,العقارية,إدارة وتطوير العقارات,test,17.825/20,2026-04-08 14:00:00,2026-04-09 10:00:00,0.8333333333333334,long,13.55706,13.473,10051,-1329.155114679441,-844.8870599999913,484.26805467945,signal
483,5 EMA No-Touch Breakout,breakout,4h,4020,العقارية,إدارة وتطوير العقارات,test,17.825/20,2026-04-13 14:00:00,2026-04-21 10:00:00,7.833333333333333,long,13.44684,14.05184,10034,5578.739471498604,6070.570000000004,491.8305285014,signal
483,5 EMA No-Touch Breakout,breakout,4h,4020,العقارية,إدارة وتطوير العقارات,test,17.825/20,2026-05-03 14:00:00,2026-05-10 10:00:00,6.833333333333333,long,14.25846,14.471,9854,1589.7432338176884,2094.3691599999884,504.6259261823,signal
483,5 EMA No-Touch Breakout,breakout,4h,4020,العقارية,إدارة وتطوير العقارات,test,17.825/20,2026-05-11 14:00:00,2026-05-18 10:00:00,6.833333333333333,long,14.64924,16.067800000000002,9700,13228.926699140027,13760.032000000028,531.10530086,signal
483,5 EMA No-Touch Breakout,breakout,4h,4020,العقارية,إدارة وتطوير العقارات,test,17.825/20,2026-06-01 10:00:00,2026-06-04 10:00:00,3.0,long,16.2825,16.32728,9539,-127.31639245615582,427.15641999999406,554.4728124561499,signal
483,5 EMA No-Touch Breakout,breakout,4h,4020,العقارية,إدارة وتطوير العقارات,test,17.825/20,2026-06-07 14:00:00,2026-06-08 10:00:00,0.8333333333333334,long,16.26246,16.10772,9543,-2027.3134489465533,-1476.6838200000032,550.62962894655,signal
483,5 EMA No-Touch Breakout,breakout,4h,4020,العقارية,إدارة وتطوير العقارات,test,17.825/20,2026-06-10 14:00:00,2026-06-11 10:00:00,0.8333333333333334,long,16.42278,16.39714,9327,-784.7878395197928,-239.1442799999927,545.6435595198001,signal
483,5 EMA No-Touch Breakout,breakout,4h,4020,العقارية,إدارة وتطوير العقارات,test,17.825/20,2026-06-16 14:00:00,2026-06-17 10:00:00,0.8333333333333334,long,16.39272,16.25742,9296,-1798.765537816808,-1257.748800000008,541.0167378168,signal
483,5 EMA No-Touch Breakout,breakout,4h,4020,العقارية,إدارة وتطوير العقارات,test,17.825/20,2026-06-22 14:00:00,2026-06-23 10:00:00,0.8333333333333334,long,16.2324,16.25742,9277,-305.1493271995372,232.11054000001275,537.25986719955,signal
483,5 EMA No-Touch Breakout,breakout,4h,4020,العقارية,إدارة وتطوير العقارات,test,17.825/20,2026-07-01 10:00:00,2026-07-05 10:00:00,4.0,long,15.62118,15.85822,9620,1740.5270665900034,2280.3248000000035,539.7977334100001,signal
483,5 EMA No-Touch Breakout,breakout,4h,4020,العقارية,إدارة وتطوير العقارات,test,17.825/20,2026-07-09 14:00:00,2026-07-20 10:00:00,10.833333333333334,long,15.47088,17.83426,9826,22639.23751519671,23222.57188000001,583.3343648033,signal
483,5 EMA No-Touch Breakout,breakout,4h,4020,العقارية,إدارة وتطوير العقارات,test,17.825/20,2026-08-04 10:00:00,2026-08-05 14:00:00,1.1666666666666667,long,16.2324,16.19754,10760,-997.090120217982,-375.0935999999821,621.996520218,signal
483,5 EMA No-Touch Breakout,breakout,4h,4020,العقارية,إدارة وتطوير العقارات,test,17.825/20,2026-08-17 14:00:00,2026-08-19 10:00:00,1.8333333333333333,long,15.79152,15.92808,10997,879.9778835610124,1501.7503200000124,621.772436439,signal
483,5 EMA No-Touch Breakout,breakout,4h,4020,العقارية,إدارة وتطوير العقارات,test,17.825/20,2026-08-20 14:00:00,2026-08-23 10:00:00,2.8333333333333335,long,16.16226,15.968,10799,-2716.2961030715487,-2097.8137399999987,618.4823630715499,signal
483,5 EMA No-Touch Breakout,breakout,4h,4020,العقارية,إدارة وتطوير العقارات,test,17.825/20,2026-08-26 14:00:00,2026-08-27 10:00:00,0.8333333333333334,long,15.94182,15.87818,10778,-1297.2309186999944,-685.9119199999943,611.3189987000001,signal
483,5 EMA No-Touch Breakout,breakout,4h,4020,العقارية,إدارة وتطوير العقارات,test,17.825/20,2026-09-03 14:00:00,2026-09-06 14:00:00,3.0,long,15.26046,15.2195,11175,-1064.871658222501,-457.7280000000012,607.1436582225,signal
483,5 EMA No-Touch Breakout,breakout,4h,4020,العقارية,إدارة وتطوير العقارات,test,17.825/20,2026-09-09 10:00:00,2026-09-15 10:00:00,6.0,long,15.24042,15.69854,11119,4480.63792695221,5093.83628000001,613.1983530478001,signal
483,5 EMA No-Touch Breakout,breakout,4h,4020,العقارية,إدارة وتطوير العقارات,test,17.825/20,2026-09-16 14:00:00,2026-09-20 10:00:00,3.8333333333333335,long,15.30054,15.38916,11369,385.5865672477567,1007.5207800000068,621.93421275225,signal
483,5 EMA No-Touch Breakout,breakout,4h,4021,المركز الكندي الطبي,الرعاية الصحية,test,17.825/20,2025-12-31 14:00:00,2026-01-04 10:00:00,3.8333333333333335,long,6.07212,6.15766,26328,1678.1577027251983,2252.0971199999985,573.9394172748,signal
483,5 EMA No-Touch Breakout,breakout,4h,4021,المركز الكندي الطبي,الرعاية الصحية,test,17.825/20,2026-01-06 14:00:00,2026-01-08 10:00:00,1.8333333333333333,long,5.97192,6.0379,27051,1205.7305852383422,1784.824979999992,579.0943947616499,signal
483,5 EMA No-Touch Breakout,breakout,4h,4021,المركز الكندي الطبي,الرعاية الصحية,test,17.825/20,2026-01-11 14:00:00,2026-01-15 10:00:00,3.8333333333333335,long,6.1623,6.22752,26411,1139.2423370443516,1722.5254200000015,583.28308295565,signal
483,5 EMA No-Touch Breakout,breakout,4h,4021,المركز الكندي الطبي,الرعاية الصحية,test,17.825/20,2026-01-18 14:00:00,2026-01-20 10:00:00,1.8333333333333333,long,6.28254,6.2375,26087,-1757.141310303105,-1174.958480000005,582.1828303031,signal
483,5 EMA No-Touch Breakout,breakout,4h,4021,المركز الكندي الطبي,الرعاية الصحية,test,17.825/20,2026-01-21 14:00:00,2026-01-28 10:00:00,6.833333333333333,long,6.17232,6.65666,26268,12121.955509864189,12722.643119999988,600.6876101358,signal
483,5 EMA No-Touch Breakout,breakout,4h,4021,المركز الكندي الطبي,الرعاية الصحية,test,17.825/20,2026-02-02 14:00:00,2026-02-04 10:00:00,1.8333333333333333,long,6.58314,6.586799999999999,26470,-524.5141157835236,96.8801999999764,621.3943157835,signal
483,5 EMA No-Touch Breakout,breakout,4h,4021,المركز الكندي الطبي,الرعاية الصحية,test,17.825/20,2026-02-12 14:00:00,2026-02-16 10:00:00,3.8333333333333335,long,6.27252,6.42712,27697,3654.976211414908,4281.956200000008,626.9799885851,signal
483,5 EMA No-Touch Breakout,breakout,4h,4021,المركز الكندي الطبي,الرعاية الصحية,test,17.825/20,2026-02-19 10:00:00,2026-02-23 10:00:00,4.0,long,6.34266,6.137700000000001,27967,-6354.276961623895,-5732.116319999995,622.1606416239,signal
483,5 EMA No-Touch Breakout,breakout,4h,4021,المركز الكندي الطبي,الرعاية الصحية,test,17.825/20,2026-03-04 10:00:00,2026-03-09 10:00:00,5.0,long,5.4609000000000005,5.7884,31319,9628.96775640724,10256.97249999999,628.0047435927501,signal
483,5 EMA No-Touch Breakout,breakout,4h,4021,المركز الكندي الطبي,الرعاية الصحية,test,17.825/20,2026-03-10 14:00:00,2026-03-11 10:00:00,0.8333333333333334,long,5.69136,5.66864,31743,-1363.9713155999882,-721.2009599999882,642.7703556,signal
483,5 EMA No-Touch Breakout,breakout,4h,4021,المركز الكندي الطبي,الرعاية الصحية,test,17.825/20,2026-03-12 10:00:00,2026-03-15 10:00:00,3.0,long,5.671320000000001,5.57882,31615,-3558.374936398286,-2924.387500000036,633.9874363982501,signal
483,5 EMA No-Touch Breakout,breakout,4h,4021,المركز الكندي الطبي,الرعاية الصحية,test,17.825/20,2026-03-16 10:00:00,2026-03-26 10:00:00,10.0,long,5.60118,5.6387,31375,548.589173612493,1177.189999999993,628.6008263875,signal
483,5 EMA No-Touch Breakout,breakout,4h,4021,المركز الكندي الطبي,الرعاية الصحية,test,17.825/20,2026-03-30 14:00:00,2026-03-31 10:00:00,0.8333333333333334,long,5.83164,5.89818,30229,1379.3975109496446,2011.4376599999944,632.04014905035,signal
483,5 EMA No-Touch Breakout,breakout,4h,4021,المركز الكندي الطبي,الرعاية الصحية,test,17.825/20,2026-04-01 14:00:00,2026-04-02 10:00:00,0.8333333333333334,long,5.78154,5.7884,30730,-422.9498366764837,210.8078000000164,633.7576366765,signal
483,5 EMA No-Touch Breakout,breakout,4h,4021,المركز الكندي الطبي,الرعاية الصحية,test,17.825/20,2026-04-08 14:00:00,2026-04-09 10:00:00,0.8333333333333334,long,5.74146,5.6886,30871,-2260.809343878447,-1631.8410599999972,628.9682838784499,signal
483,5 EMA No-Touch Breakout,breakout,4h,4021,المركز الكندي الطبي,الرعاية الصحية,test,17.825/20,2026-04-13 14:00:00,2026-04-16 14:00:00,3.0,long,5.74146,5.96804,30477,6269.357115851257,6905.478660000007,636.12154414875,signal
483,5 EMA No-Touch Breakout,breakout,4h,4021,المركز الكندي الطبي,الرعاية الصحية,test,17.825/20,2026-04-26 14:00:00,2026-04-30 14:00:00,4.0,long,5.74146,5.80836,31569,1462.0376030386628,2111.966100000013,649.92849696135,signal
483,5 EMA No-Touch Breakout,breakout,4h,4021,المركز الكندي الطبي,الرعاية الصحية,test,17.825/20,2026-05-03 14:00:00,2026-05-04 10:00:00,0.8333333333333334,long,5.88174,5.81834,31065,-2617.39377111899,-1969.52099999999,647.872771119,signal
483,5 EMA No-Touch Breakout,breakout,4h,4021,المركز الكندي الطبي,الرعاية الصحية,test,17.825/20,2026-05-13 14:00:00,2026-05-14 10:00:00,0.8333333333333334,long,5.4609000000000005,5.42912,32979,-1688.243180776362,-1048.072620000012,640.17056077635,signal
483,5 EMA No-Touch Breakout,breakout,4h,4021,المركز الكندي الطبي,الرعاية الصحية,test,17.825/20,2026-05-19 14:00:00,2026-06-01 10:00:00,12.833333333333334,long,5.450880000000001,5.75846,32730,9413.126772958463,10067.093399999963,653.9666270415,signal
483,5 EMA No-Touch Breakout,breakout,4h,4021,المركز الكندي الطبي,الرعاية الصحية,test,17.825/20,2026-06-02 14:00:00,2026-06-03 10:00:00,0.8333333333333334,long,5.871720000000001,5.82832,31987,-2055.334962423132,-1388.2358000000318,667.0991624231001,signal
483,5 EMA No-Touch Breakout,breakout,4h,4021,المركز الكندي الطبي,الرعاية الصحية,test,17.825/20,2026-06-09 14:00:00,2026-06-14 10:00:00,4.833333333333333,long,5.59116,5.6886,33225,2569.416428654992,3237.443999999992,668.0275713450001,signal
483,5 EMA No-Touch Breakout,breakout,4h,4021,المركز الكندي الطبي,الرعاية الصحية,test,17.825/20,2026-06-15 14:00:00,2026-06-16 10:00:00,0.8333333333333334,long,5.75148,5.76844,32745,-117.03905856299718,555.3552000000028,672.394258563,signal
483,5 EMA No-Touch Breakout,breakout,4h,4021,المركز الكندي الطبي,الرعاية الصحية,test,17.825/20,2026-06-23 10:00:00,2026-06-23 14:00:00,0.16666666666666666,long,5.62122,5.5987800000000005,33483,-1421.0068009499855,-751.3585199999857,669.6482809500001,signal
483,5 EMA No-Touch Breakout,breakout,4h,4021,المركز الكندي الطبي,الرعاية الصحية,test,17.825/20,2026-06-29 14:00:00,2026-07-02 10:00:00,2.8333333333333335,long,5.55108,6.467040000000001,33651,30102.08817971613,30822.969960000035,720.8817802839001,signal
483,5 EMA No-Touch Breakout,breakout,4h,4021,المركز الكندي الطبي,الرعاية الصحية,test,17.825/20,2026-07-05 14:00:00,2026-07-08 10:00:00,2.8333333333333335,long,6.1122,6.267440000000001,35486,4725.787429266234,5508.846640000033,783.0592107338,signal
483,5 EMA No-Touch Breakout,breakout,4h,4021,المركز الكندي الطبي,الرعاية الصحية,test,17.825/20,2026-07-19 10:00:00,2026-07-20 14:00:00,1.1666666666666667,long,5.400779999999999,5.35926,41036,-2490.8758150667727,-1703.8147199999728,787.0610950667999,signal
483,5 EMA No-Touch Breakout,breakout,4h,4021,المركز الكندي الطبي,الرعاية الصحية,test,17.825/20,2026-07-23 14:00:00,2026-07-28 10:00:00,4.833333333333333,long,5.330640000000001,5.36924,41108,802.734986001153,1586.768799999953,784.0338139988,signal
483,5 EMA No-Touch Breakout,breakout,4h,4021,المركز الكندي الطبي,الرعاية الصحية,test,17.825/20,2026-07-30 10:00:00,2026-08-05 10:00:00,6.0,long,5.35068,5.45906,41104,3662.844786848815,4454.851520000015,792.0067331512,signal
483,5 EMA No-Touch Breakout,breakout,4h,4021,المركز الكندي الطبي,الرعاية الصحية,test,17.825/20,2026-08-06 10:00:00,2026-08-10 10:00:00,4.0,long,5.64126,5.6886,39636,1075.9003750638062,1876.3682400000064,800.4678649362,signal
483,5 EMA No-Touch Breakout,breakout,4h,4021,المركز الكندي الطبي,الرعاية الصحية,test,17.825/20,2026-08-13 14:00:00,2026-08-19 10:00:00,5.833333333333333,long,5.57112,5.56884,40329,-892.7622139922935,-91.95011999999346,800.8120939923,signal
483,5 EMA No-Touch Breakout,breakout,4h,4021,المركز الكندي الطبي,الرعاية الصحية,test,17.825/20,2026-08-24 14:00:00,2026-08-25 10:00:00,0.8333333333333334,long,5.60118,5.55886,39953,-2485.586851748905,-1690.8109600000057,794.7758917489,signal
483,5 EMA No-Touch Breakout,breakout,4h,4021,المركز الكندي الطبي,الرعاية الصحية,test,17.825/20,2026-08-26 14:00:00,2026-08-30 10:00:00,3.8333333333333335,long,5.59116,5.7285200000000005,39580,4638.090094432006,5436.708800000006,798.6187055680001,signal
483,5 EMA No-Touch Breakout,breakout,4h,4021,المركز الكندي الطبي,الرعاية الصحية,test,17.825/20,2026-09-17 14:00:00,2026-09-20 10:00:00,2.8333333333333335,long,5.280539999999999,5.1896,42786,-4689.4750083962535,-3890.9588399999534,798.5161683963,signal
483,5 EMA No-Touch Breakout,breakout,4h,4080,سناد القابضة,إنتاج الأغذية,test,17.825/20,2025-12-31 14:00:00,2026-01-04 10:00:00,3.8333333333333335,long,8.48694,8.423119999999999,13212,-1241.4283479234205,-843.1898400000204,398.2385079234001,signal
483,5 EMA No-Touch Breakout,breakout,4h,4080,سناد القابضة,إنتاج الأغذية,test,17.825/20,2026-01-07 14:00:00,2026-01-20 10:00:00,12.833333333333334,long,8.39676,8.7325,13206,4030.564884024293,4433.782439999994,403.2175559757,signal
483,5 EMA No-Touch Breakout,breakout,4h,4080,سناد القابضة,إنتاج الأغذية,test,17.825/20,2026-01-22 14:00:00,2026-01-28 10:00:00,5.833333333333333,long,8.95788,9.10176,12829,1432.8542258192915,1845.836519999992,412.9822941807,signal
483,5 EMA No-Touch Breakout,breakout,4h,4080,سناد القابضة,إنتاج الأغذية,test,17.825/20,2026-02-08 14:00:00,2026-02-09 14:00:00,1.0,long,8.887739999999999,8.76244,13091,-2052.1640876223405,-1640.3022999999907,411.86178762234994,signal
483,5 EMA No-Touch Breakout,breakout,4h,4080,سناد القابضة,إنتاج الأغذية,test,17.825/20,2026-02-12 14:00:00,2026-02-16 14:00:00,4.0,long,8.737440000000001,8.772419999999999,13082,49.30180046306526,457.6083599999653,408.3065595369,signal
483,5 EMA No-Touch Breakout,breakout,4h,4080,سناد القابضة,إنتاج الأغذية,test,17.825/20,2026-03-04 14:00:00,2026-03-09 14:00:00,5.0,long,8.08614,8.00396,14142,-1567.7906511615145,-1162.1895600000146,405.6010911615,signal
483,5 EMA No-Touch Breakout,breakout,4h,4080,سناد القابضة,إنتاج الأغذية,test,17.825/20,2026-03-16 14:00:00,2026-04-06 10:00:00,20.833333333333332,long,7.855679999999999,8.64268,14357,10876.743653568112,11298.959000000012,422.2153464319,signal
483,5 EMA No-Touch Breakout,breakout,4h,4080,سناد القابضة,إنتاج الأغذية,test,17.825/20,2026-04-08 14:00:00,2026-04-09 10:00:00,0.8333333333333334,long,8.797559999999999,8.82232,14056,-93.43636182159209,348.02656000000786,441.46292182159993,signal
483,5 EMA No-Touch Breakout,breakout,4h,4080,سناد القابضة,إنتاج الأغذية,test,17.825/20,2026-04-14 14:00:00,2026-04-19 10:00:00,4.833333333333333,long,8.68734,8.9321,14224,3034.738024796792,3481.466239999992,446.7282152032,signal
483,5 EMA No-Touch Breakout,breakout,4h,4080,سناد القابضة,إنتاج الأغذية,test,17.825/20,2026-04-27 14:00:00,2026-05-05 10:00:00,7.833333333333333,long,8.7675,8.682599999999999,14440,-1675.1093589300156,-1225.9560000000156,449.15335893,signal
483,5 EMA No-Touch Breakout,breakout,4h,4080,سناد القابضة,إنتاج الأغذية,test,17.825/20,2026-05-06 14:00:00,2026-05-12 10:00:00,5.833333333333333,long,8.967899999999998,9.41114,13930,5717.977501516017,6174.333200000016,456.355698484,signal
483,5 EMA No-Touch Breakout,breakout,4h,4080,سناد القابضة,إنتاج الأغذية,test,17.825/20,2026-05-31 10:00:00,2026-06-02 10:00:00,2.0,long,9.018,9.16164,14487,1611.4584273578937,2080.912679999993,469.4542526421,signal
483,5 EMA No-Touch Breakout,breakout,4h,4080,سناد القابضة,إنتاج الأغذية,test,17.825/20,2026-06-15 14:00:00,2026-06-16 10:00:00,0.8333333333333334,long,9.02802,8.97202,14649,-1290.3582094736878,-820.3439999999878,470.0142094737,signal
483,5 EMA No-Touch Breakout,breakout,4h,4080,سناد القابضة,إنتاج الأغذية,test,17.825/20,2026-06-24 14:00:00,2026-06-25 10:00:00,0.8333333333333334,long,8.84766,8.82232,14802,-841.2974158586987,-375.0826799999988,466.2147358587,signal
483,5 EMA No-Touch Breakout,breakout,4h,4080,سناد القابضة,إنتاج الأغذية,test,17.825/20,2026-06-30 14:00:00,2026-07-06 10:00:00,5.833333333333333,long,8.93784,9.0319,14559,903.0793148935602,1369.41954000001,466.34022510645,signal
483,5 EMA No-Touch Breakout,breakout,4h,4080,سناد القابضة,إنتاج الأغذية,test,17.825/20,2026-07-13 14:00:00,2026-07-14 10:00:00,0.8333333333333334,long,8.6172,8.50296,15205,-2201.0253984660085,-1737.0192000000086,464.00619846600006,signal
483,5 EMA No-Touch Breakout,breakout,4h,4080,سناد القابضة,إنتاج الأغذية,test,17.825/20,2026-07-14 10:00:00,2026-07-15 14:00:00,1.1666666666666667,long,8.53704,8.40316,15090,-2475.9054290849936,-2020.2491999999932,455.656229085,signal
483,5 EMA No-Touch Breakout,breakout,4h,4080,سناد القابضة,إنتاج الأغذية,test,17.825/20,2026-08-02 14:00:00,2026-08-06 10:00:00,3.8333333333333335,long,8.15628,8.2834,15491,1515.2718447663951,1969.215919999995,453.9440752336,signal
483,5 EMA No-Touch Breakout,breakout,4h,4080,سناد القابضة,إنتاج الأغذية,test,17.825/20,2026-08-11 14:00:00,2026-08-25 10:00:00,13.833333333333334,long,8.016,8.532900000000001,15951,7774.542694298272,8245.071900000023,470.52920570175,signal
483,5 EMA No-Touch Breakout,breakout,4h,4080,سناد القابضة,إنتاج الأغذية,test,17.825/20,2026-08-27 14:00:00,2026-08-30 10:00:00,2.8333333333333335,long,8.50698,8.60276,15944,1040.854429446793,1527.1163199999926,486.2618905532,signal
483,5 EMA No-Touch Breakout,breakout,4h,4080,سناد القابضة,إنتاج الأغذية,test,17.825/20,2026-09-02 14:00:00,2026-09-03 10:00:00,0.8333333333333334,long,8.7174,8.67262,15679,-1188.1187252813402,-702.1056199999903,486.01310528135,signal
483,5 EMA No-Touch Breakout,breakout,4h,4080,سناد القابضة,إنتاج الأغذية,test,17.825/20,2026-09-10 10:00:00,2026-09-15 10:00:00,5.0,long,8.5671,8.363240000000001,15815,-3701.3162055557314,-3224.045899999981,477.27030555575,signal
483,5 EMA No-Touch Breakout,breakout,4h,4141,العمران,السلع الرأسمالية,test,17.825/20,2025-12-31 14:00:00,2026-01-04 10:00:00,3.8333333333333335,long,24.75942,25.209480000000003,4728,1706.7627802260026,2127.883680000002,421.12089977400007,signal
483,5 EMA No-Touch Breakout,breakout,4h,4141,العمران,السلع الرأسمالية,test,17.825/20,2026-01-05 14:00:00,2026-01-08 10:00:00,2.8333333333333335,long,24.88968,25.22944,4772,1195.0169745592088,1621.3347200000087,426.3177454408,signal
483,5 EMA No-Touch Breakout,breakout,4h,4141,العمران,السلع الرأسمالية,test,17.825/20,2026-01-11 14:00:00,2026-01-15 10:00:00,3.8333333333333335,long,25.33056,25.38912,4736,-150.8313209856003,277.34015999999974,428.17148098560006,signal
483,5 EMA No-Touch Breakout,breakout,4h,4141,العمران,السلع الرأسمالية,test,17.825/20,2026-01-18 14:00:00,2026-01-26 10:00:00,7.833333333333333,long,25.41072,26.26736,4715,3604.729822616011,4039.057600000011,434.327777384,signal
483,5 EMA No-Touch Breakout,breakout,4h,4141,العمران,السلع الرأسمالية,test,17.825/20,2026-01-27 14:00:00,2026-01-29 10:00:00,1.8333333333333333,long,25.99188,26.22744,4749,676.6330659128979,1118.674439999998,442.04137408710005,signal
483,5 EMA No-Touch Breakout,breakout,4h,4141,العمران,السلع الرأسمالية,test,17.825/20,2026-02-02 14:00:00,2026-02-05 10:00:00,2.8333333333333335,long,24.9999,24.95,4964,-689.6767986670046,-247.70360000000468,441.973198667,signal
483,5 EMA No-Touch Breakout,breakout,4h,4141,العمران,السلع الرأسمالية,test,17.825/20,2026-02-08 14:00:00,2026-02-09 10:00:00,0.8333333333333334,long,24.51894,24.59072,5033,-79.30985772534797,361.268740000002,440.57859772535,signal
483,5 EMA No-Touch Breakout,breakout,4h,4141,العمران,السلع الرأسمالية,test,17.825/20,2026-03-04 14:00:00,2026-03-09 10:00:00,4.833333333333333,long,20.88168,21.956,5906,5893.962599872401,6344.933920000001,450.97132012760005,signal
483,5 EMA No-Touch Breakout,breakout,4h,4141,العمران,السلع الرأسمالية,test,17.825/20,2026-03-15 14:00:00,2026-03-29 10:00:00,13.833333333333334,long,20.571060000000003,21.6566,6282,6346.511089586088,6819.3622799999885,472.8511904139,signal
483,5 EMA No-Touch Breakout,breakout,4h,4141,العمران,السلع الرأسمالية,test,17.825/20,2026-03-30 14:00:00,2026-03-31 10:00:00,0.8333333333333334,long,21.61314,21.0578,6273,-3960.7781628001567,-3483.6478200000065,477.13034280015,signal
483,5 EMA No-Touch Breakout,breakout,4h,4141,العمران,السلع الرأسمالية,test,17.825/20,2026-04-01 14:00:00,2026-04-02 14:00:00,1.0,long,21.18228,21.0578,6213,-1241.189292373812,-773.3942400000119,467.7950523738001,signal
483,5 EMA No-Touch Breakout,breakout,4h,4141,العمران,السلع الرأسمالية,test,17.825/20,2026-04-05 14:00:00,2026-04-07 10:00:00,1.8333333333333333,long,21.543,21.457,6052,-984.3426699999912,-520.4719999999911,463.87067,signal
483,5 EMA No-Touch Breakout,breakout,4h,4141,العمران,السلع الرأسمالية,test,17.825/20,2026-04-08 14:00:00,2026-04-09 10:00:00,0.8333333333333334,long,21.87366,21.76638,5915,-1094.6794162394965,-634.5611999999963,460.1182162395,signal
483,5 EMA No-Touch Breakout,breakout,4h,4141,العمران,السلع الرأسمالية,test,17.825/20,2026-04-12 14:00:00,2026-04-16 10:00:00,3.8333333333333335,long,22.05402,22.7544,5817,3609.500802682945,4074.110459999995,464.60965731705,signal
483,5 EMA No-Touch Breakout,breakout,4h,4141,العمران,السلع الرأسمالية,test,17.825/20,2026-04-26 14:00:00,2026-04-30 10:00:00,3.8333333333333335,long,21.83358,21.59672,6041,-1898.532313399729,-1430.871259999979,467.66105339975,signal
483,5 EMA No-Touch Breakout,breakout,4h,4141,العمران,السلع الرأسمالية,test,17.825/20,2026-05-03 14:00:00,2026-05-05 10:00:00,1.8333333333333333,long,22.0941,22.06578,5884,-629.7938582124046,-166.63488000000464,463.1589782124,signal
483,5 EMA No-Touch Breakout,breakout,4h,4141,العمران,السلع الرأسمالية,test,17.825/20,2026-05-21 14:00:00,2026-06-02 10:00:00,11.833333333333334,long,20.2404,20.7584,6392,2843.926332488004,3311.056000000004,467.129667512,signal
483,5 EMA No-Touch Breakout,breakout,4h,4141,العمران,السلع الرأسمالية,test,17.825/20,2026-06-09 14:00:00,2026-06-16 10:00:00,6.833333333333333,long,20.3907,20.86818,6484,2619.1213248575764,3095.9803199999765,476.8589951424,signal
483,5 EMA No-Touch Breakout,breakout,4h,4141,العمران,السلع الرأسمالية,test,17.825/20,2026-06-21 14:00:00,2026-06-23 10:00:00,1.8333333333333333,long,20.76144,21.556800000000003,6495,4675.930653114016,5165.863200000015,489.93254688600007,signal
483,5 EMA No-Touch Breakout,breakout,4h,4141,العمران,السلع الرأسمالية,test,17.825/20,2026-06-24 14:00:00,2026-07-06 10:00:00,11.833333333333334,long,21.51294,22.44502,6485,5536.406211905495,6044.538799999995,508.1325880945,signal
483,5 EMA No-Touch Breakout,breakout,4h,4141,العمران,السلع الرأسمالية,test,17.825/20,2026-07-13 14:00:00,2026-07-14 10:00:00,0.8333333333333334,long,21.58308,21.44702,6720,-1429.7549498400035,-914.3232000000036,515.43174984,signal
483,5 EMA No-Touch Breakout,breakout,4h,4141,العمران,السلع الرأسمالية,test,17.825/20,2026-07-19 14:00:00,2026-07-20 10:00:00,0.8333333333333334,long,21.10212,20.76838,6806,-2779.394575497516,-2271.434440000016,507.96013549750006,signal
483,5 EMA No-Touch Breakout,breakout,4h,4141,العمران,السلع الرأسمالية,test,17.825/20,2026-07-30 14:00:00,2026-08-06 10:00:00,6.833333333333333,long,20.17026,20.82826,6983,4084.4973243523086,4594.8140000000085,510.3166756477,signal
483,5 EMA No-Touch Breakout,breakout,4h,4141,العمران,السلع الرأسمالية,test,17.825/20,2026-08-11 14:00:00,2026-08-13 10:00:00,1.8333333333333333,long,20.7915,20.2594,6970,-4218.754407872499,-3708.736999999999,510.0174078725,signal
483,5 EMA No-Touch Breakout,breakout,4h,4141,العمران,السلع الرأسمالية,test,17.825/20,2026-08-20 14:00:00,2026-08-27 14:00:00,7.0,long,19.35864,20.32926,7268,6540.301081041001,7054.466160000002,514.1650789590001,signal
483,5 EMA No-Touch Breakout,breakout,4h,4141,العمران,السلع الرأسمالية,test,17.825/20,2026-09-03 14:00:00,2026-09-09 10:00:00,5.833333333333333,long,20.15022,20.1596,7307,-456.4847610740748,68.53965999997526,525.02442107405,signal
483,5 EMA No-Touch Breakout,breakout,4h,4160,ثمار,تجزئة وتوزيع السلع الاستهلاكية,test,17.825/20,2025-12-31 14:00:00,2026-01-01 14:00:00,1.0,long,37.99584,38.30324,5002,857.3272432798061,1537.6148000000062,680.2875567202001,signal
483,5 EMA No-Touch Breakout,breakout,4h,4160,ثمار,تجزئة وتوزيع السلع الاستهلاكية,test,17.825/20,2026-01-05 14:00:00,2026-01-08 10:00:00,2.8333333333333335,long,38.09604,38.36312,5011,655.3964435202645,1338.3378799999643,682.9414364796999,signal
483,5 EMA No-Touch Breakout,breakout,4h,4160,ثمار,تجزئة وتوزيع السلع الاستهلاكية,test,17.825/20,2026-01-12 14:00:00,2026-01-13 10:00:00,0.8333333333333334,long,38.55696,38.2234,4968,-2337.051486765593,-1657.1260799999927,679.9254067656001,signal
483,5 EMA No-Touch Breakout,breakout,4h,4160,ثمار,تجزئة وتوزيع السلع الاستهلاكية,test,17.825/20,2026-01-21 14:00:00,2026-01-22 10:00:00,0.8333333333333334,long,34.52892,33.872119999999995,5480,-4267.412198824022,-3599.264000000022,668.1481988239999,signal
483,5 EMA No-Touch Breakout,breakout,4h,4160,ثمار,تجزئة وتوزيع السلع الاستهلاكية,test,17.825/20,2026-01-25 14:00:00,2026-01-26 10:00:00,0.8333333333333334,long,33.88764,34.25136,5458,1322.267264985004,1985.183760000004,662.916495015,signal
483,5 EMA No-Touch Breakout,breakout,4h,4160,ثمار,تجزئة وتوزيع السلع الاستهلاكية,test,17.825/20,2026-01-27 14:00:00,2026-01-29 10:00:00,1.8333333333333333,long,33.88764,33.852160000000005,5497,-858.7753856694595,-195.0335599999595,663.7418256695,signal
483,5 EMA No-Touch Breakout,breakout,4h,4160,ثمار,تجزئة وتوزيع السلع الاستهلاكية,test,17.825/20,2026-02-02 14:00:00,2026-02-10 10:00:00,7.833333333333333,long,33.58704,38.44296000000001,5520,26095.946418000025,26804.678400000023,708.731982,signal
483,5 EMA No-Touch Breakout,breakout,4h,4160,ثمار,تجزئة وتوزيع السلع الاستهلاكية,test,17.825/20,2026-02-18 14:00:00,2026-02-19 10:00:00,0.8333333333333334,long,35.39064,35.14956,5976,-2192.10380924398,-1440.6940799999795,751.409729244,signal
483,5 EMA No-Touch Breakout,breakout,4h,4160,ثمار,تجزئة وتوزيع السلع الاستهلاكية,test,17.825/20,2026-02-19 10:00:00,2026-02-19 14:00:00,0.16666666666666666,long,35.29044,34.65056,5931,-4534.545056557488,-3795.128279999988,739.4167765575,signal
483,5 EMA No-Touch Breakout,breakout,4h,4160,ثمار,تجزئة وتوزيع السلع الاستهلاكية,test,17.825/20,2026-02-24 14:00:00,2026-02-26 10:00:00,1.8333333333333333,long,35.07,35.828199999999995,5839,3689.220093681472,4427.129799999972,737.9097063185,signal
483,5 EMA No-Touch Breakout,breakout,4h,4160,ثمار,تجزئة وتوزيع السلع الاستهلاكية,test,17.825/20,2026-03-02 14:00:00,2026-03-10 10:00:00,7.833333333333333,long,35.3706,38.7224,5894,18977.084066885025,19755.509200000022,778.425133115,signal
483,5 EMA No-Touch Breakout,breakout,4h,4160,ثمار,تجزئة وتوزيع السلع الاستهلاكية,test,17.825/20,2026-03-24 14:00:00,2026-04-01 10:00:00,7.833333333333333,long,34.60908,36.427,6572,11115.211687592806,11947.370240000006,832.1585524072,signal
483,5 EMA No-Touch Breakout,breakout,4h,4160,ثمار,تجزئة وتوزيع السلع الاستهلاكية,test,17.825/20,2026-04-06 14:00:00,2026-04-07 10:00:00,0.8333333333333334,long,34.949760000000005,34.6306,6826,-3025.194405344225,-2178.586160000025,846.6082453442001,signal
483,5 EMA No-Touch Breakout,breakout,4h,4160,ثمار,تجزئة وتوزيع السلع الاستهلاكية,test,17.825/20,2026-04-08 14:00:00,2026-04-09 10:00:00,0.8333333333333334,long,34.90968,34.81024,6747,-1509.4102151778088,-670.9216800000088,838.4885351778,signal
483,5 EMA No-Touch Breakout,breakout,4h,4160,ثمار,تجزئة وتوزيع السلع الاستهلاكية,test,17.825/20,2026-04-14 14:00:00,2026-04-19 10:00:00,4.833333333333333,long,34.78944,35.56872,6727,4398.5604823146,5242.21656,843.6560776853999,signal
483,5 EMA No-Touch Breakout,breakout,4h,4160,ثمار,تجزئة وتوزيع السلع الاستهلاكية,test,17.825/20,2026-04-29 14:00:00,2026-04-30 10:00:00,0.8333333333333334,long,34.10808,33.99188,6990,-1660.7413691129943,-812.2379999999944,848.503369113,signal
483,5 EMA No-Touch Breakout,breakout,4h,4160,ثمار,تجزئة وتوزيع السلع الاستهلاكية,test,17.825/20,2026-05-03 14:00:00,2026-05-04 10:00:00,0.8333333333333334,long,34.20828,33.97192,6921,-2476.965040186533,-1635.8475600000331,841.1174801865,signal
483,5 EMA No-Touch Breakout,breakout,4h,4160,ثمار,تجزئة وتوزيع السلع الاستهلاكية,test,17.825/20,2026-05-06 14:00:00,2026-05-11 10:00:00,4.833333333333333,long,33.7674,33.932,6938,304.7573356910005,1141.9948000000006,837.2374643090001,signal
483,5 EMA No-Touch Breakout,breakout,4h,4160,ثمار,تجزئة وتوزيع السلع الاستهلاكية,test,17.825/20,2026-05-21 14:00:00,2026-06-04 10:00:00,13.833333333333334,long,30.50088,33.0338,7691,18609.67760843388,19480.68771999998,871.0101115661,signal
483,5 EMA No-Touch Breakout,breakout,4h,4160,ثمار,تجزئة وتوزيع السلع الاستهلاكية,test,17.825/20,2026-06-08 10:00:00,2026-06-10 10:00:00,2.0,long,33.3666,32.95396,7589,-4028.6692059397706,-3131.52495999997,897.1442459398,signal
483,5 EMA No-Touch Breakout,breakout,4h,4160,ثمار,تجزئة وتوزيع السلع الاستهلاكية,test,17.825/20,2026-06-11 14:00:00,2026-06-16 10:00:00,4.833333333333333,long,33.266400000000004,34.93,7490,11549.878978329964,12460.363999999963,910.4850216700002,signal
483,5 EMA No-Touch Breakout,breakout,4h,4160,ثمار,تجزئة وتوزيع السلع الاستهلاكية,test,17.825/20,2026-06-17 14:00:00,2026-06-18 10:00:00,0.8333333333333334,long,35.19024,34.98988,7409,-2411.3039774350727,-1484.467239999973,926.8367374351,signal
483,5 EMA No-Touch Breakout,breakout,4h,4160,ثمار,تجزئة وتوزيع السلع الاستهلاكية,test,17.825/20,2026-06-22 14:00:00,2026-06-24 10:00:00,1.8333333333333333,long,34.589040000000004,35.1296,7468,3108.8277627255943,4036.9020799999935,928.0743172744002,signal
483,5 EMA No-Touch Breakout,breakout,4h,4160,ثمار,تجزئة وتوزيع السلع الاستهلاكية,test,17.825/20,2026-06-25 14:00:00,2026-06-28 14:00:00,3.0,long,36.452760000000005,36.20744,7171,-2687.9547394115475,-1759.1897200000476,928.7650194115,signal
483,5 EMA No-Touch Breakout,breakout,4h,4160,ثمار,تجزئة وتوزيع السلع الاستهلاكية,test,17.825/20,2026-07-01 14:00:00,2026-07-05 14:00:00,4.0,long,37.65516,40.79824,6871,20635.24015242953,21596.102680000036,960.8625275705,signal
483,5 EMA No-Touch Breakout,breakout,4h,4160,ثمار,تجزئة وتوزيع السلع الاستهلاكية,test,17.825/20,2026-07-13 14:00:00,2026-07-15 10:00:00,1.8333333333333333,long,37.8756,37.70444,7376,-2256.1813635088038,-1262.4761600000031,993.7052035088,signal
483,5 EMA No-Touch Breakout,breakout,4h,4160,ثمار,تجزئة وتوزيع السلع الاستهلاكية,test,17.825/20,2026-07-21 14:00:00,2026-07-22 10:00:00,0.8333333333333334,long,34.70928,34.331199999999995,7984,-4001.138930310434,-3018.5907200000333,982.5482103104,signal
483,5 EMA No-Touch Breakout,breakout,4h,4160,ثمار,تجزئة وتوزيع السلع الاستهلاكية,test,17.825/20,2026-07-29 14:00:00,2026-08-06 10:00:00,7.833333333333333,long,34.829519999999995,34.331199999999995,7841,-4873.957628839396,-3907.327119999997,966.6305088393996,signal
483,5 EMA No-Touch Breakout,breakout,4h,4160,ثمار,تجزئة وتوزيع السلع الاستهلاكية,test,17.825/20,2026-08-11 14:00:00,2026-08-13 10:00:00,1.8333333333333333,long,34.42872,36.50684,7791,15205.518345261287,16190.632919999987,985.1145747387,signal
483,5 EMA No-Touch Breakout,breakout,4h,4160,ثمار,تجزئة وتوزيع السلع الاستهلاكية,test,17.825/20,2026-08-20 14:00:00,2026-08-25 10:00:00,4.833333333333333,long,35.49084,35.28928,7986,-2617.216353305405,-1609.658160000005,1007.5581933054,signal
483,5 EMA No-Touch Breakout,breakout,4h,4160,ثمار,تجزئة وتوزيع السلع الاستهلاكية,test,17.825/20,2026-08-27 14:00:00,2026-08-31 10:00:00,3.8333333333333335,long,35.07,37.3252,8008,17026.253692447957,18059.64159999996,1033.387907552,signal
483,5 EMA No-Touch Breakout,breakout,4h,4160,ثمار,تجزئة وتوزيع السلع الاستهلاكية,test,17.825/20,2026-09-02 14:00:00,2026-09-06 14:00:00,4.0,long,36.19224,36.04776,8230,-2248.829394000012,-1189.0704000000123,1059.758994,signal
483,5 EMA No-Touch Breakout,breakout,4h,4160,ثمار,تجزئة وتوزيع السلع الاستهلاكية,test,17.825/20,2026-09-09 14:00:00,2026-09-10 10:00:00,0.8333333333333334,long,36.13212,35.928,8181,-2720.731967865926,-1669.905720000026,1050.8262478659,signal
483,5 EMA No-Touch Breakout,breakout,4h,4161,بن داود,تجزئة وتوزيع السلع الاستهلاكية,test,17.825/20,2025-12-31 14:00:00,2026-01-04 10:00:00,3.8333333333333335,long,4.6092,4.68062,24702,1355.1738492867173,1764.216840000017,409.0429907133,signal
483,5 EMA No-Touch Breakout,breakout,4h,4161,بن داود,تجزئة وتوزيع السلع الاستهلاكية,test,17.825/20,2026-01-07 14:00:00,2026-01-15 10:00:00,7.833333333333333,long,4.58916,4.68062,25106,1881.3587101679136,2296.194760000013,414.8360498321,signal
483,5 EMA No-Touch Breakout,breakout,4h,4161,بن داود,تجزئة وتوزيع السلع الاستهلاكية,test,17.825/20,2026-01-18 14:00:00,2026-01-20 14:00:00,2.0,long,4.73946,4.65068,24706,-2606.9258439322966,-2193.3986799999966,413.5271639323,signal
483,5 EMA No-Touch Breakout,breakout,4h,4161,بن داود,تجزئة وتوزيع السلع الاستهلاكية,test,17.825/20,2026-01-21 14:00:00,2026-01-29 10:00:00,7.833333333333333,long,4.699380000000001,5.04988,24362,8115.516800946085,8538.880999999985,423.3641990539,signal
483,5 EMA No-Touch Breakout,breakout,4h,4161,بن داود,تجزئة وتوزيع السلع الاستهلاكية,test,17.825/20,2026-02-02 14:00:00,2026-02-03 14:00:00,1.0,long,4.86972,4.87024,25177,-424.0179092299037,13.092039999996322,437.1099492299,signal
483,5 EMA No-Touch Breakout,breakout,4h,4161,بن داود,تجزئة وتوزيع السلع الاستهلاكية,test,17.825/20,2026-02-08 14:00:00,2026-02-11 10:00:00,2.8333333333333335,long,4.84968,4.83032,25193,-922.431617800018,-487.7364800000179,434.6951378,signal
483,5 EMA No-Touch Breakout,breakout,4h,4161,بن داود,تجزئة وتوزيع السلع الاستهلاكية,test,17.825/20,2026-02-12 14:00:00,2026-02-17 10:00:00,4.833333333333333,long,4.86972,4.87024,24900,-419.3528196300037,12.947999999996362,432.30081963,signal
483,5 EMA No-Touch Breakout,breakout,4h,4161,بن داود,تجزئة وتوزيع السلع الاستهلاكية,test,17.825/20,2026-03-04 14:00:00,2026-03-12 10:00:00,7.833333333333333,long,4.34868,4.6906,27787,9053.2125412358,9500.93104,447.7184987642,signal
483,5 EMA No-Touch Breakout,breakout,4h,4161,بن داود,تجزئة وتوزيع السلع الاستهلاكية,test,17.825/20,2026-03-16 14:00:00,2026-03-24 14:00:00,8.0,long,4.509,4.51096,28807,-406.6994931109139,56.46171999998611,463.1612131109,signal
483,5 EMA No-Touch Breakout,breakout,4h,4161,بن داود,تجزئة وتوزيع السلع الاستهلاكية,test,17.825/20,2026-03-25 14:00:00,2026-03-29 14:00:00,4.0,long,4.63926,4.66066,27911,134.61175535859616,597.2953999999962,462.68364464140006,signal
483,5 EMA No-Touch Breakout,breakout,4h,4161,بن داود,تجزئة وتوزيع السلع الاستهلاكية,test,17.825/20,2026-03-30 14:00:00,2026-04-05 10:00:00,5.833333333333333,long,4.699380000000001,4.7904,27582,2043.9494129312843,2510.513639999984,466.5642270687,signal
483,5 EMA No-Touch Breakout,breakout,4h,4161,بن داود,تجزئة وتوزيع السلع الاستهلاكية,test,17.825/20,2026-04-06 14:00:00,2026-04-07 10:00:00,0.8333333333333334,long,4.81962,4.9401,27318,2816.0295648138163,3291.272640000016,475.2430751862,signal
483,5 EMA No-Touch Breakout,breakout,4h,4161,بن داود,تجزئة وتوزيع السلع الاستهلاكية,test,17.825/20,2026-04-07 10:00:00,2026-04-09 10:00:00,2.0,long,4.9599,5.089799999999999,27113,3036.287527551729,3521.978699999979,485.69117244825,signal
483,5 EMA No-Touch Breakout,breakout,4h,4161,بن داود,تجزئة وتوزيع السلع الاستهلاكية,test,17.825/20,2026-04-12 14:00:00,2026-04-13 10:00:00,0.8333333333333334,long,5.1102,5.1097600000000005,26910,-502.061987816982,-11.840399999981964,490.221587817,signal
483,5 EMA No-Touch Breakout,breakout,4h,4161,بن داود,تجزئة وتوزيع السلع الاستهلاكية,test,17.825/20,2026-04-14 14:00:00,2026-04-21 10:00:00,6.833333333333333,long,5.1102,5.37922,26812,6711.649788486207,7212.964240000007,501.3144515138,signal
483,5 EMA No-Touch Breakout,breakout,4h,4161,بن داود,تجزئة وتوزيع السلع الاستهلاكية,test,17.825/20,2026-04-27 14:00:00,2026-04-30 10:00:00,2.8333333333333335,long,5.19036,5.2894,27691,2225.2439916097883,2742.516639999988,517.2726483902,signal
483,5 EMA No-Touch Breakout,breakout,4h,4161,بن داود,تجزئة وتوزيع السلع الاستهلاكية,test,17.825/20,2026-05-06 14:00:00,2026-05-11 10:00:00,4.833333333333333,long,5.14026,5.089799999999999,28393,-1950.4594618063547,-1432.710780000005,517.74868180635,signal
483,5 EMA No-Touch Breakout,breakout,4h,4161,بن داود,تجزئة وتوزيع السلع الاستهلاكية,test,17.825/20,2026-05-19 14:00:00,2026-06-02 10:00:00,13.833333333333334,long,4.88976,4.99,29449,2433.35107438221,2951.967760000009,518.6166856177999,signal
483,5 EMA No-Touch Breakout,breakout,4h,4161,بن داود,تجزئة وتوزيع السلع الاستهلاكية,test,17.825/20,2026-06-11 14:00:00,2026-06-16 10:00:00,4.833333333333333,long,4.86972,5.02992,30070,4286.59552341899,4817.21399999999,530.618476581,signal
483,5 EMA No-Touch Breakout,breakout,4h,4161,بن داود,تجزئة وتوزيع السلع الاستهلاكية,test,17.825/20,2026-06-18 14:00:00,2026-06-21 10:00:00,2.8333333333333335,long,5.1102,5.06984,29494,-1725.573642822192,-1190.377839999992,535.1958028222,signal
483,5 EMA No-Touch Breakout,breakout,4h,4161,بن داود,تجزئة وتوزيع السلع الاستهلاكية,test,17.825/20,2026-07-01 14:00:00,2026-07-05 10:00:00,3.8333333333333335,long,4.9198200000000005,5.00996,30284,2193.77802197057,2729.79975999997,536.0217380294,signal
483,5 EMA No-Touch Breakout,breakout,4h,4161,بن داود,تجزئة وتوزيع السلع الاستهلاكية,test,17.825/20,2026-07-22 14:00:00,2026-07-23 10:00:00,0.8333333333333334,long,4.68936,4.6906,32241,-499.0835450666958,39.97884000000419,539.0623850667,signal
483,5 EMA No-Touch Breakout,breakout,4h,4161,بن داود,تجزئة وتوزيع السلع الاستهلاكية,test,17.825/20,2026-07-23 10:00:00,2026-07-26 10:00:00,3.0,long,4.7094000000000005,4.630719999999999,31997,-3050.2344585083383,-2517.523960000038,532.7104985083,signal
483,5 EMA No-Touch Breakout,breakout,4h,4161,بن داود,تجزئة وتوزيع السلع الاستهلاكية,test,17.825/20,2026-07-27 14:00:00,2026-07-28 10:00:00,0.8333333333333334,long,4.67934,4.640700000000001,31551,-1743.286497486272,-1219.130639999972,524.1558574863,signal
483,5 EMA No-Touch Breakout,breakout,4h,4161,بن داود,تجزئة وتوزيع السلع الاستهلاكية,test,17.825/20,2026-07-30 14:00:00,2026-08-05 10:00:00,5.833333333333333,long,4.61922,4.720540000000001,31584,2674.2765884352093,3200.0908800000093,525.8142915648001,signal
483,5 EMA No-Touch Breakout,breakout,4h,4161,بن داود,تجزئة وتوزيع السلع الاستهلاكية,test,17.825/20,2026-08-12 14:00:00,2026-08-13 10:00:00,0.8333333333333334,long,4.56912,4.51096,32516,-2417.4099083815995,-1891.13056,526.2793483815999,signal
483,5 EMA No-Touch Breakout,breakout,4h,4161,بن داود,تجزئة وتوزيع السلع الاستهلاكية,test,17.825/20,2026-08-16 14:00:00,2026-08-31 10:00:00,14.833333333333334,long,4.5591,4.7405,32057,5283.745753391,5815.1398,531.394046609,signal
483,5 EMA No-Touch Breakout,breakout,4h,4161,بن داود,تجزئة وتوزيع السلع الاستهلاكية,test,17.825/20,2026-09-06 14:00:00,2026-09-09 10:00:00,2.8333333333333335,long,4.71942,4.640700000000001,32088,-3061.33683322319,-2525.9673599999896,535.3694732232001,signal
483,5 EMA No-Touch Breakout,breakout,4h,4240,سينومي ريتيل,تجزئة وتوزيع السلع الكمالية,test,17.825/20,2025-12-31 14:00:00,2026-01-04 10:00:00,3.8333333333333335,long,19.01796,19.0618,27099,-651.3833294478154,1188.0201599999848,1839.4034894478,signal
483,5 EMA No-Touch Breakout,breakout,4h,4240,سينومي ريتيل,تجزئة وتوزيع السلع الكمالية,test,17.825/20,2026-01-06 14:00:00,2026-01-11 14:00:00,5.0,long,18.75744,18.95202,27440,3494.8376343719565,5339.275199999956,1844.437565628,signal
483,5 EMA No-Touch Breakout,breakout,4h,4240,سينومي ريتيل,تجزئة وتوزيع السلع الكمالية,test,17.825/20,2026-01-18 14:00:00,2026-01-19 14:00:00,1.0,long,18.30654,18.20352,28307,-4758.383543458672,-2916.187140000022,1842.1964034586497,signal
483,5 EMA No-Touch Breakout,breakout,4h,4240,سينومي ريتيل,تجزئة وتوزيع السلع الكمالية,test,17.825/20,2026-01-22 14:00:00,2026-01-26 10:00:00,3.8333333333333335,long,17.935799999999997,18.14364,28627,4108.787455271528,5949.835680000128,1841.0482247286,signal
483,5 EMA No-Touch Breakout,breakout,4h,4240,سينومي ريتيل,تجزئة وتوزيع السلع الكمالية,test,17.825/20,2026-01-27 14:00:00,2026-01-28 10:00:00,0.8333333333333334,long,18.34662,18.3632,28210,-1378.2067195714676,467.7218000000324,1845.9285195715,signal
483,5 EMA No-Touch Breakout,breakout,4h,4240,سينومي ريتيل,تجزئة وتوزيع السلع الكمالية,test,17.825/20,2026-02-02 14:00:00,2026-02-03 10:00:00,0.8333333333333334,long,17.11416,17.00592,30161,-5098.989783858557,-3264.6266399999568,1834.3631438586,signal
483,5 EMA No-Touch Breakout,breakout,4h,4240,سينومي ريتيل,تجزئة وتوزيع السلع الكمالية,test,17.825/20,2026-02-05 14:00:00,2026-02-08 10:00:00,2.8333333333333335,long,17.2845,17.2654,29569,-2385.7805827008,-564.7679000000494,1821.0126827007505,signal
483,5 EMA No-Touch Breakout,breakout,4h,4240,سينومي ريتيل,تجزئة وتوزيع السلع الكمالية,test,17.825/20,2026-02-09 14:00:00,2026-02-10 10:00:00,0.8333333333333334,long,18.1362,18.29334,28049,2586.2396715024024,4407.619859999852,1821.38018849745,signal
483,5 EMA No-Touch Breakout,breakout,4h,4240,سينومي ريتيل,تجزئة وتوزيع السلع الكمالية,test,17.825/20,2026-02-15 14:00:00,2026-02-16 10:00:00,0.8333333333333334,long,18.1362,17.914099999999998,28191,-8072.765168012381,-6261.221100000131,1811.54406801225,signal
483,5 EMA No-Touch Breakout,breakout,4h,4240,سينومي ريتيل,تجزئة وتوزيع السلع الكمالية,test,17.825/20,2026-03-05 14:00:00,2026-03-09 10:00:00,3.8333333333333335,long,15.42078,15.54884,32632,2377.458279485188,4178.853919999988,1801.3956405148,signal
483,5 EMA No-Touch Breakout,breakout,4h,4240,سينومي ريتيل,تجزئة وتوزيع السلع الكمالية,test,17.825/20,2026-03-10 14:00:00,2026-03-11 10:00:00,0.8333333333333334,long,15.11016,15.1696,33460,182.9033281879533,1988.8623999999531,1805.959071812,signal
483,5 EMA No-Touch Breakout,breakout,4h,4240,سينومي ريتيل,تجزئة وتوزيع السلع الكمالية,test,17.825/20,2026-03-24 14:00:00,2026-03-26 10:00:00,1.8333333333333333,long,14.15826,14.65064,35723,15754.84809339721,17589.29073999996,1834.44264660275,signal
483,5 EMA No-Touch Breakout,breakout,4h,4240,سينومي ريتيل,تجزئة وتوزيع السلع الكمالية,test,17.825/20,2026-03-31 14:00:00,2026-04-07 10:00:00,6.833333333333333,long,15.50094,16.0179,33645,15502.864629766533,17393.119200000034,1890.2545702335,signal
483,5 EMA No-Touch Breakout,breakout,4h,4240,سينومي ريتيل,تجزئة وتوزيع السلع الكمالية,test,17.825/20,2026-04-08 14:00:00,2026-04-09 10:00:00,0.8333333333333334,long,16.202340000000003,16.08776,33145,-5705.484287221372,-3797.754100000122,1907.7301872212504,signal
483,5 EMA No-Touch Breakout,breakout,4h,4240,سينومي ريتيل,تجزئة وتوزيع السلع الكمالية,test,17.825/20,2026-04-14 14:00:00,2026-04-16 14:00:00,2.0,long,16.22238,16.177580000000003,32752,-3358.813520782355,-1467.2895999999548,1891.5239207824,signal
483,5 EMA No-Touch Breakout,breakout,4h,4240,سينومي ريتيل,تجزئة وتوزيع السلع الكمالية,test,17.825/20,2026-04-20 10:00:00,2026-04-20 14:00:00,0.16666666666666666,long,16.933799999999998,17.10572,31178,3468.3827544969126,5360.121760000113,1891.7390055032004,signal
483,5 EMA No-Touch Breakout,breakout,4h,4240,سينومي ريتيل,تجزئة وتوزيع السلع الكمالية,test,17.825/20,2026-04-27 14:00:00,2026-04-28 10:00:00,0.8333333333333334,long,16.70334,16.57678,31816,-5914.015791042442,-4026.632960000042,1887.3828310424,signal
483,5 EMA No-Touch Breakout,breakout,4h,4240,سينومي ريتيل,تجزئة وتوزيع السلع الكمالية,test,17.825/20,2026-05-03 14:00:00,2026-05-04 10:00:00,0.8333333333333334,long,16.543020000000002,16.37718,31767,-7132.334988235592,-5268.239280000092,1864.0957082355,signal
483,5 EMA No-Touch Breakout,breakout,4h,4240,سينومي ريتيل,تجزئة وتوزيع السلع الكمالية,test,17.825/20,2026-05-21 14:00:00,2026-05-31 10:00:00,9.833333333333334,long,13.246440000000002,13.18358,39134,-4303.625097777123,-2459.963240000023,1843.6618577771,signal
483,5 EMA No-Touch Breakout,breakout,4h,4240,سينومي ريتيل,تجزئة وتوزيع السلع الكمالية,test,17.825/20,2026-06-01 14:00:00,2026-06-02 10:00:00,0.8333333333333334,long,13.05606,13.0738,39375,-1135.436220843685,698.5125000000647,1833.94872084375,signal
483,5 EMA No-Touch Breakout,breakout,4h,4240,سينومي ريتيل,تجزئة وتوزيع السلع الكمالية,test,17.825/20,2026-06-03 14:00:00,2026-06-10 10:00:00,6.833333333333333,long,12.84564,14.95004,39932,82054.4379303728,84032.9008,1978.4628696272,signal
483,5 EMA No-Touch Breakout,breakout,4h,4240,سينومي ريتيل,تجزئة وتوزيع السلع الكمالية,test,17.825/20,2026-06-15 14:00:00,2026-06-16 10:00:00,0.8333333333333334,long,14.6793,14.81032,40533,3180.006477002529,5310.633659999979,2130.6271829974494,signal
483,5 EMA No-Touch Breakout,breakout,4h,4240,سينومي ريتيل,تجزئة وتوزيع السلع الكمالية,test,17.825/20,2026-06-22 14:00:00,2026-06-23 10:00:00,0.8333333333333334,long,14.19834,14.31132,42130,2618.865303136512,4759.847400000012,2140.9820968635004,signal
483,5 EMA No-Touch Breakout,breakout,4h,4240,سينومي ريتيل,تجزئة وتوزيع السلع الكمالية,test,17.825/20,2026-06-28 14:00:00,2026-06-30 10:00:00,1.8333333333333333,long,14.01798,14.471,42859,17239.53529201587,19415.984180000018,2176.44888798415,signal
483,5 EMA No-Touch Breakout,breakout,4h,4240,سينومي ريتيل,تجزئة وتوزيع السلع الكمالية,test,17.825/20,2026-07-06 14:00:00,2026-07-07 14:00:00,1.0,long,13.68732,13.48298,45154,-11413.62443195151,-9226.76836000001,2186.8560719515,signal
483,5 EMA No-Touch Breakout,breakout,4h,4240,سينومي ريتيل,تجزئة وتوزيع السلع الكمالية,test,17.825/20,2026-07-12 14:00:00,2026-07-14 10:00:00,1.8333333333333333,long,13.08612,13.00394,46357,-5965.475204606199,-3809.618260000048,2155.8569446061506,signal
483,5 EMA No-Touch Breakout,breakout,4h,4240,سينومي ريتيل,تجزئة وتوزيع السلع الكمالية,test,17.825/20,2026-08-02 14:00:00,2026-08-06 10:00:00,3.8333333333333335,long,12.29454,12.3752,48856,1792.340422913198,3940.7249599999977,2148.3845370868,signal
483,5 EMA No-Touch Breakout,breakout,4h,4240,سينومي ريتيل,تجزئة وتوزيع السلع الكمالية,test,17.825/20,2026-08-11 14:00:00,2026-08-25 14:00:00,14.0,long,12.16428,18.463,49527,309252.87165888184,311956.70544000005,2703.8337811182005,signal
483,5 EMA No-Touch Breakout,breakout,4h,4240,سينومي ريتيل,تجزئة وتوزيع السلع الكمالية,test,17.825/20,2026-08-31 14:00:00,2026-09-02 10:00:00,1.8333333333333333,long,17.31456,17.6147,52655,12525.497369702694,15803.871699999943,3278.3743302972503,signal
483,5 EMA No-Touch Breakout,breakout,4h,4240,سينومي ريتيل,تجزئة وتوزيع السلع الكمالية,test,17.825/20,2026-09-03 14:00:00,2026-09-06 10:00:00,2.8333333333333335,long,17.85564,17.94404,51761,1272.6513509744022,4575.672400000002,3303.0210490256,signal
483,5 EMA No-Touch Breakout,breakout,4h,4240,سينومي ريتيل,تجزئة وتوزيع السلع الكمالية,test,17.825/20,2026-09-08 14:00:00,2026-09-09 14:00:00,1.0,long,17.39472,17.33526,53206,-6457.4094705559855,-3163.628759999885,3293.7807105561,signal
483,5 EMA No-Touch Breakout,breakout,4h,4260,بدجت السعودية,النقل,test,17.825/20,2025-12-31 14:00:00,2026-01-01 14:00:00,1.0,long,34.762085400000004,35.1531528,3546,944.808608123531,1386.72500039999,441.916392276459,signal
483,5 EMA No-Touch Breakout,breakout,4h,4260,بدجت السعودية,النقل,test,17.825/20,2026-01-05 14:00:00,2026-01-06 10:00:00,0.8333333333333334,long,34.4819262,34.2047534,3602,-1439.3837166059573,-998.3764255999832,441.007291005974,signal
483,5 EMA No-Touch Breakout,breakout,4h,4260,بدجت السعودية,النقل,test,17.825/20,2026-01-07 14:00:00,2026-01-14 10:00:00,6.833333333333333,long,34.5381384,34.539782,3554,-431.7676167235974,5.841354400004619,437.608971123602,signal
483,5 EMA No-Touch Breakout,breakout,4h,4260,بدجت السعودية,النقل,test,17.825/20,2026-01-14 10:00:00,2026-01-14 14:00:00,0.16666666666666666,long,34.678218,34.037588400000004,3527,-2691.508456350505,-2259.500599199989,432.007857150516,signal
483,5 EMA No-Touch Breakout,breakout,4h,4260,بدجت السعودية,النقل,test,17.825/20,2026-01-18 14:00:00,2026-01-20 14:00:00,2.0,long,33.361089,33.869625,3586,1393.868346729868,1823.610095999998,429.74174927013,signal
483,5 EMA No-Touch Breakout,breakout,4h,4260,بدجت السعودية,النقل,test,17.825/20,2026-01-21 14:00:00,2026-01-26 10:00:00,4.833333333333333,long,34.3695018,34.6233146,3521,460.66336188460207,893.6748687999951,433.01150691539306,signal
483,5 EMA No-Touch Breakout,breakout,4h,4260,بدجت السعودية,النقل,test,17.825/20,2026-02-02 14:00:00,2026-02-05 10:00:00,2.8333333333333335,long,33.2772216,33.4234192,3651,99.68583708287662,533.7674376000026,434.081600517126,signal
483,5 EMA No-Touch Breakout,breakout,4h,4260,بدجت السعودية,النقل,test,17.825/20,2026-02-10 14:00:00,2026-02-11 10:00:00,0.8333333333333334,long,33.4173012,33.479407,3638,-207.86652464930967,225.9409004000173,433.807425049327,signal
483,5 EMA No-Touch Breakout,breakout,4h,4260,بدجت السعودية,النقل,test,17.825/20,2026-02-11 10:00:00,2026-02-17 10:00:00,6.0,long,33.613593,34.009245199999995,3611,993.4384266705704,1428.7000941999768,435.2616675294065,signal
483,5 EMA No-Touch Breakout,breakout,4h,4260,بدجت السعودية,النقل,test,17.825/20,2026-02-18 14:00:00,2026-02-23 10:00:00,4.833333333333333,long,33.4173012,43.912,3662,37926.818832077486,38431.587005600006,504.76817352251805,signal
483,5 EMA No-Touch Breakout,breakout,4h,4260,بدجت السعودية,النقل,test,17.825/20,2026-02-26 14:00:00,2026-03-01 10:00:00,2.8333333333333335,long,41.1822,38.423,3892,-11291.066678948,-10738.8064,552.260278948,signal
483,5 EMA No-Touch Breakout,breakout,4h,4260,بدجت السعودية,النقل,test,17.825/20,2026-03-03 14:00:00,2026-03-09 10:00:00,5.833333333333333,long,40.30044,42.67448,3697,8230.029247254677,8776.825879999977,546.7966327452999,signal
483,5 EMA No-Touch Breakout,breakout,4h,4260,بدجت السعودية,النقل,test,17.825/20,2026-03-15 10:00:00,2026-03-24 10:00:00,9.0,long,41.04192,43.29324,3831,8048.902563636327,8624.806920000026,575.9043563637,signal
483,5 EMA No-Touch Breakout,breakout,4h,4260,بدجت السعودية,النقل,test,17.825/20,2026-03-25 14:00:00,2026-03-26 10:00:00,0.8333333333333334,long,42.54492,42.33516,3885,-1402.7132150009834,-814.9175999999834,587.7956150010001,signal
483,5 EMA No-Touch Breakout,breakout,4h,4260,بدجت السعودية,النقل,test,17.825/20,2026-03-29 14:00:00,2026-03-31 10:00:00,1.8333333333333333,long,42.34452,42.09564,3870,-1545.6570447239717,-963.1655999999716,582.491444724,signal
483,5 EMA No-Touch Breakout,breakout,4h,4260,بدجت السعودية,النقل,test,17.825/20,2026-04-08 14:00:00,2026-04-21 10:00:00,12.833333333333334,long,39.9798,42.8142,4060,10908.48796170001,11507.66400000001,599.1760383000001,signal
483,5 EMA No-Touch Breakout,breakout,4h,4260,بدجت السعودية,النقل,test,17.825/20,2026-04-22 14:00:00,2026-04-23 10:00:00,0.8333333333333334,long,43.32648,43.05372,3999,-1706.5040932935208,-1090.7672400000208,615.7368532935001,signal
483,5 EMA No-Touch Breakout,breakout,4h,4260,بدجت السعودية,النقل,test,17.825/20,2026-05-06 14:00:00,2026-05-07 10:00:00,0.8333333333333334,long,40.46076,37.924,4240,-11348.278739128004,-10755.862400000004,592.416339128,signal
483,5 EMA No-Touch Breakout,breakout,4h,4260,بدجت السعودية,النقل,test,17.825/20,2026-05-11 14:00:00,2026-05-12 10:00:00,0.8333333333333334,long,35.71128,35.628600000000006,4486,-941.3572057445836,-370.9024799999835,570.4547257446001,signal
483,5 EMA No-Touch Breakout,breakout,4h,4260,بدجت السعودية,النقل,test,17.825/20,2026-05-17 14:00:00,2026-05-18 10:00:00,0.8333333333333334,long,33.526920000000004,33.51284,4750,-634.4972679500331,-66.88000000003314,567.6172679499999,signal
483,5 EMA No-Touch Breakout,breakout,4h,4260,بدجت السعودية,النقل,test,17.825/20,2026-05-18 10:00:00,2026-05-19 10:00:00,1.0,long,33.64716,33.1336,4714,-2982.060865955792,-2420.921839999992,561.1390259558,signal
483,5 EMA No-Touch Breakout,breakout,4h,4260,بدجت السعودية,النقل,test,17.825/20,2026-05-21 14:00:00,2026-06-08 10:00:00,17.833333333333332,long,33.14616,35.58868,4695,10892.400693451476,11467.631399999977,575.2307065485,signal
483,5 EMA No-Touch Breakout,breakout,4h,4260,بدجت السعودية,النقل,test,17.825/20,2026-06-08 10:00:00,2026-06-16 10:00:00,8.0,long,35.73132,35.84816,4660,-50.09697164598424,544.4744000000157,594.571371646,signal
483,5 EMA No-Touch Breakout,breakout,4h,4260,بدجت السعودية,النقل,test,17.825/20,2026-07-01 14:00:00,2026-07-05 10:00:00,3.8333333333333335,long,30.94176,30.938,5380,-613.6464164359987,-20.228799999998728,593.417616436,signal
483,5 EMA No-Touch Breakout,breakout,4h,4260,بدجت السعودية,النقل,test,17.825/20,2026-07-07 14:00:00,2026-07-08 10:00:00,0.8333333333333334,long,31.80348,31.45696,5215,-2395.15424437449,-1807.1017999999904,588.0524443744999,signal
483,5 EMA No-Touch Breakout,breakout,4h,4260,بدجت السعودية,النقل,test,17.825/20,2026-07-09 14:00:00,2026-07-12 10:00:00,2.8333333333333335,long,30.80148,30.5388,5307,-1974.305093573679,-1394.042759999979,580.2623335737001,signal
483,5 EMA No-Touch Breakout,breakout,4h,4260,بدجت السعودية,النقل,test,17.825/20,2026-07-16 14:00:00,2026-07-19 10:00:00,2.8333333333333335,long,29.57904,29.56076,5460,-675.3839465099848,-99.80879999998464,575.5751465100001,signal
483,5 EMA No-Touch Breakout,breakout,4h,4260,بدجت السعودية,النقل,test,17.825/20,2026-07-21 14:00:00,2026-07-27 10:00:00,5.833333333333333,long,28.8576,28.942,5573,-103.81265695100734,470.3611999999927,574.1738569510001,signal
483,5 EMA No-Touch Breakout,breakout,4h,4260,بدجت السعودية,النقل,test,17.825/20,2026-08-03 14:00:00,2026-08-05 10:00:00,1.8333333333333333,long,27.83556,27.8442,5774,-523.1773602828218,49.887359999978095,573.0647202828,signal
483,5 EMA No-Touch Breakout,breakout,4h,4260,بدجت السعودية,النقل,test,17.825/20,2026-08-06 14:00:00,2026-08-10 10:00:00,3.8333333333333335,long,27.79548,28.92204,5763,5909.731861717807,6492.365280000007,582.6334182822001,signal
483,5 EMA No-Touch Breakout,breakout,4h,4260,بدجت السعودية,النقل,test,17.825/20,2026-08-11 14:00:00,2026-08-13 10:00:00,1.8333333333333333,long,28.81752,28.92204,5764,9.2179865051844,602.4532799999844,593.2352934948,signal
483,5 EMA No-Touch Breakout,breakout,4h,4260,بدجت السعودية,النقل,test,17.825/20,2026-08-16 14:00:00,2026-08-23 10:00:00,6.833333333333333,long,28.69728,30.359160000000003,5788,9009.66965231162,9618.96144000002,609.2917876884001,signal
483,5 EMA No-Touch Breakout,breakout,4h,4260,بدجت السعودية,النقل,test,17.825/20,2026-08-24 14:00:00,2026-08-30 10:00:00,5.833333333333333,long,30.681240000000003,32.15556,5708,7776.084910031993,8415.418559999993,639.333649968,signal
483,5 EMA No-Touch Breakout,breakout,4h,4260,بدجت السعودية,النقل,test,17.825/20,2026-09-01 14:00:00,2026-09-02 10:00:00,0.8333333333333334,long,32.10408,31.8362,5697,-2175.419669222689,-1526.1123599999894,649.3073092226999,signal
483,5 EMA No-Touch Breakout,breakout,4h,4260,بدجت السعودية,النقل,test,17.825/20,2026-09-03 14:00:00,2026-09-06 10:00:00,2.8333333333333335,long,31.8636,31.71644,5672,-1477.5073416135974,-834.6915199999972,642.8158216136001,signal
483,5 EMA No-Touch Breakout,breakout,4h,4260,بدجت السعودية,النقل,test,17.825/20,2026-09-09 10:00:00,2026-09-10 14:00:00,1.1666666666666667,long,31.14216,30.81824,5756,-2500.2015612279856,-1864.483519999986,635.718041228,signal
483,5 EMA No-Touch Breakout,breakout,4h,4260,بدجت السعودية,النقل,test,17.825/20,2026-09-15 10:00:00,2026-09-16 10:00:00,1.0,long,30.70128,29.95996,5757,-4890.27593734711,-4267.77924000001,622.4966973470999,signal
483,5 EMA No-Touch Breakout,breakout,4h,4290,الخليج للتدريب,الخدمات الاستهلاكية,test,17.825/20,2025-12-31 14:00:00,2026-01-04 10:00:00,3.8333333333333335,long,18.99792,20.3592,7527,9718.304902207175,10246.354559999978,528.0496577928,signal
483,5 EMA No-Touch Breakout,breakout,4h,4290,الخليج للتدريب,الخدمات الاستهلاكية,test,17.825/20,2026-01-11 14:00:00,2026-01-15 14:00:00,4.0,long,19.91976,20.09972,7666,832.7213727154093,1379.5733600000094,546.8519872846001,signal
483,5 EMA No-Touch Breakout,breakout,4h,4290,الخليج للتدريب,الخدمات الاستهلاكية,test,17.825/20,2026-01-18 14:00:00,2026-01-20 10:00:00,1.8333333333333333,long,20.95182,20.79832,7328,-1670.195008702408,-1124.848000000008,545.3470087024001,signal
483,5 EMA No-Touch Breakout,breakout,4h,4290,الخليج للتدريب,الخدمات الاستهلاكية,test,17.825/20,2026-01-21 14:00:00,2026-01-26 10:00:00,4.833333333333333,long,20.6913,21.24742,7340,3533.213459944,4081.9208,548.7073400559999,signal
483,5 EMA No-Touch Breakout,breakout,4h,4290,الخليج للتدريب,الخدمات الاستهلاكية,test,17.825/20,2026-01-27 14:00:00,2026-01-28 10:00:00,0.8333333333333334,long,21.35262,21.2574,7278,-1245.7924408106828,-693.0111599999829,552.7812808107,signal
483,5 EMA No-Touch Breakout,breakout,4h,4290,الخليج للتدريب,الخدمات الاستهلاكية,test,17.825/20,2026-02-03 10:00:00,2026-02-04 10:00:00,1.0,long,20.58108,20.66858,7490,104.65388306451588,655.3750000000159,550.7211169355,signal
483,5 EMA No-Touch Breakout,breakout,4h,4290,الخليج للتدريب,الخدمات الاستهلاكية,test,17.825/20,2026-02-10 14:00:00,2026-02-16 10:00:00,5.833333333333333,long,19.2384,20.47896,8019,9380.335958710217,9948.050640000018,567.7146812898,signal
483,5 EMA No-Touch Breakout,breakout,4h,4290,الخليج للتدريب,الخدمات الاستهلاكية,test,17.825/20,2026-02-25 10:00:00,2026-03-01 10:00:00,4.0,long,18.4368,16.966,8876,-13614.945138115974,-13054.820799999974,560.124338116,signal
483,5 EMA No-Touch Breakout,breakout,4h,4290,الخليج للتدريب,الخدمات الاستهلاكية,test,17.825/20,2026-03-04 14:00:00,2026-03-09 10:00:00,4.833333333333333,long,17.39472,18.0638,8625,5225.673497362509,5770.815000000009,545.1415026375,signal
483,5 EMA No-Touch Breakout,breakout,4h,4290,الخليج للتدريب,الخدمات الاستهلاكية,test,17.825/20,2026-03-11 10:00:00,2026-03-12 10:00:00,1.0,long,18.02598,17.914099999999998,8613,-1515.398717863794,-963.622439999994,551.7762778637999,signal
483,5 EMA No-Touch Breakout,breakout,4h,4290,الخليج للتدريب,الخدمات الاستهلاكية,test,17.825/20,2026-03-16 10:00:00,2026-03-26 10:00:00,10.0,long,17.535,17.764400000000002,8768,1459.6862893760158,2011.379200000016,551.6929106240001,signal
483,5 EMA No-Touch Breakout,breakout,4h,4290,الخليج للتدريب,الخدمات الاستهلاكية,test,17.825/20,2026-04-01 14:00:00,2026-04-06 10:00:00,4.833333333333333,long,15.94182,16.48696,9736,4744.700371792399,5307.483039999999,562.7826682076,signal
483,5 EMA No-Touch Breakout,breakout,4h,4290,الخليج للتدريب,الخدمات الاستهلاكية,test,17.825/20,2026-04-08 14:00:00,2026-04-12 10:00:00,3.8333333333333335,long,16.21236,15.77838,9866,-4844.240472297301,-4281.646680000001,562.5937922973001,signal
483,5 EMA No-Touch Breakout,breakout,4h,4290,الخليج للتدريب,الخدمات الاستهلاكية,test,17.825/20,2026-04-14 14:00:00,2026-04-20 10:00:00,5.833333333333333,long,16.17228,17.04584,9591,7810.418392250078,8378.313959999978,567.8955677499,signal
483,5 EMA No-Touch Breakout,breakout,4h,4290,الخليج للتدريب,الخدمات الاستهلاكية,test,17.825/20,2026-04-26 14:00:00,2026-04-28 10:00:00,1.8333333333333333,long,16.47288,16.367199999999997,9890,-1624.1105073140309,-1045.1752000000306,578.9353073139999,signal
483,5 EMA No-Touch Breakout,breakout,4h,4290,الخليج للتدريب,الخدمات الاستهلاكية,test,17.825/20,2026-04-29 14:00:00,2026-04-30 10:00:00,0.8333333333333334,long,16.753439999999998,16.636660000000003,9627,-1697.219433237702,-1124.241059999952,572.97837323775,signal
483,5 EMA No-Touch Breakout,breakout,4h,4290,الخليج للتدريب,الخدمات الاستهلاكية,test,17.825/20,2026-05-12 10:00:00,2026-05-17 10:00:00,5.0,long,15.571079999999998,15.5688,10249,-592.2572831888892,-23.367719999989237,568.8895631889,signal
483,5 EMA No-Touch Breakout,breakout,4h,4290,الخليج للتدريب,الخدمات الاستهلاكية,test,17.825/20,2026-05-19 14:00:00,2026-05-20 10:00:00,0.8333333333333334,long,15.12018,14.97,10516,-2143.326383358588,-1579.292879999988,564.0335033586,signal
483,5 EMA No-Touch Breakout,breakout,4h,4290,الخليج للتدريب,الخدمات الاستهلاكية,test,17.825/20,2026-05-21 14:00:00,2026-06-02 10:00:00,11.833333333333334,long,15.22038,15.38916,10306,1177.1358089547175,1739.4466800000175,562.3108710452999,signal
483,5 EMA No-Touch Breakout,breakout,4h,4290,الخليج للتدريب,الخدمات الاستهلاكية,test,17.825/20,2026-06-09 14:00:00,2026-06-11 10:00:00,1.8333333333333333,long,15.32058,15.39914,10315,245.51865221649496,810.346399999995,564.8277477835001,signal
483,5 EMA No-Touch Breakout,breakout,4h,4290,الخليج للتدريب,الخدمات الاستهلاكية,test,17.825/20,2026-06-18 14:00:00,2026-06-22 10:00:00,3.8333333333333335,long,15.65124,15.6686,10113,-389.0229884723996,175.56168000000042,564.5846684724,signal
483,5 EMA No-Touch Breakout,breakout,4h,4290,الخليج للتدريب,الخدمات الاستهلاكية,test,17.825/20,2026-06-30 14:00:00,2026-07-01 10:00:00,0.8333333333333334,long,15.2805,15.1696,10333,-1706.7770744822592,-1145.9297000000092,560.84737448225,signal
483,5 EMA No-Touch Breakout,breakout,4h,4290,الخليج للتدريب,الخدمات الاستهلاكية,test,17.825/20,2026-07-13 10:00:00,2026-07-14 10:00:00,1.0,long,14.15826,14.53088,11031,3546.263617296445,4110.3712199999945,564.1076027035499,signal
483,5 EMA No-Touch Breakout,breakout,4h,4290,الخليج للتدريب,الخدمات الاستهلاكية,test,17.825/20,2026-07-22 14:00:00,2026-07-27 10:00:00,4.833333333333333,long,13.65726,13.84226,11696,1590.4467070975852,2163.759999999985,573.3132929024,signal
483,5 EMA No-Touch Breakout,breakout,4h,4290,الخليج للتدريب,الخدمات الاستهلاكية,test,17.825/20,2026-08-02 14:00:00,2026-08-06 10:00:00,3.8333333333333335,long,13.35666,14.0718,12078,8046.952644663899,8637.46092,590.5082753360999,signal
483,5 EMA No-Touch Breakout,breakout,4h,4290,الخليج للتدريب,الخدمات الاستهلاكية,test,17.825/20,2026-08-10 14:00:00,2026-08-12 10:00:00,1.8333333333333333,long,14.13822,14.09176,11979,-1159.3268934736466,-556.5443399999967,602.78255347365,signal
483,5 EMA No-Touch Breakout,breakout,4h,4290,الخليج للتدريب,الخدمات الاستهلاكية,test,17.825/20,2026-08-16 14:00:00,2026-08-24 10:00:00,7.833333333333333,long,14.10816,15.15962,11923,11914.536841774456,12536.557580000006,622.0207382255501,signal
483,5 EMA No-Touch Breakout,breakout,4h,4290,الخليج للتدريب,الخدمات الاستهلاكية,test,17.825/20,2026-09-01 14:00:00,2026-09-02 10:00:00,0.8333333333333334,long,14.68932,14.64066,12262,-1237.734732809699,-596.668919999999,641.0658128097,signal
483,5 EMA No-Touch Breakout,breakout,4h,6002,هرفي للأغذية,الخدمات الاستهلاكية,test,17.825/20,2025-12-31 14:00:00,2026-01-04 10:00:00,3.8333333333333335,long,14.5791,15.17958,9674,5295.88766915461,5809.04352000001,513.1558508454001,signal
483,5 EMA No-Touch Breakout,breakout,4h,6002,هرفي للأغذية,الخدمات الاستهلاكية,test,17.825/20,2026-01-07 14:00:00,2026-01-08 10:00:00,0.8333333333333334,long,15.1803,14.97,9640,-2545.373649990001,-2027.2920000000013,518.08164999,signal
483,5 EMA No-Touch Breakout,breakout,4h,6002,هرفي للأغذية,الخدمات الاستهلاكية,test,17.825/20,2026-01-11 14:00:00,2026-01-18 14:00:00,7.0,long,14.96988,16.82628,9605,17286.342726804007,17830.722000000005,544.379273196,signal
483,5 EMA No-Touch Breakout,breakout,4h,6002,هرفي للأغذية,الخدمات الاستهلاكية,test,17.825/20,2026-01-19 14:00:00,2026-01-20 10:00:00,0.8333333333333334,long,17.023979999999998,17.165599999999998,9462,763.3664708762967,1340.0084399999969,576.6419691236999,signal
483,5 EMA No-Touch Breakout,breakout,4h,6002,هرفي للأغذية,الخدمات الاستهلاكية,test,17.825/20,2026-01-21 14:00:00,2026-01-25 10:00:00,3.8333333333333335,long,17.26446,17.25542,9374,-661.5389855013889,-84.740959999989,576.7980255013999,signal
483,5 EMA No-Touch Breakout,breakout,4h,6002,هرفي للأغذية,الخدمات الاستهلاكية,test,17.825/20,2026-02-02 14:00:00,2026-02-05 10:00:00,2.8333333333333335,long,16.092119999999998,16.047839999999997,10016,-1017.3198986592054,-443.5084800000054,573.8114186592,signal
483,5 EMA No-Touch Breakout,breakout,4h,6002,هرفي للأغذية,الخدمات الاستهلاكية,test,17.825/20,2026-02-12 14:00:00,2026-02-16 10:00:00,3.8333333333333335,long,15.46086,15.70852,10359,1989.969909773848,2565.5099399999976,575.5400302261501,signal
483,5 EMA No-Touch Breakout,breakout,4h,6002,هرفي للأغذية,الخدمات الاستهلاكية,test,17.825/20,2026-03-04 14:00:00,2026-03-09 10:00:00,4.833333333333333,long,13.46688,14.01192,12041,5973.046888599002,6562.826640000002,589.779751401,signal
483,5 EMA No-Touch Breakout,breakout,4h,6002,هرفي للأغذية,الخدمات الاستهلاكية,test,17.825/20,2026-03-10 14:00:00,2026-03-11 10:00:00,0.8333333333333334,long,13.81758,14.0718,12167,2488.2388608850515,3093.0947400000014,604.8558791149501,signal
483,5 EMA No-Touch Breakout,breakout,4h,6002,هرفي للأغذية,الخدمات الاستهلاكية,test,17.825/20,2026-03-11 10:00:00,2026-03-24 10:00:00,13.0,long,14.1282,14.6706,12076,5930.114694563987,6550.022399999986,619.907705436,signal
483,5 EMA No-Touch Breakout,breakout,4h,6002,هرفي للأغذية,الخدمات الاستهلاكية,test,17.825/20,2026-03-25 14:00:00,2026-03-29 10:00:00,3.8333333333333335,long,14.70936,14.80034,12002,460.6242749195008,1091.9419600000008,631.3176850805,signal
483,5 EMA No-Touch Breakout,breakout,4h,6002,هرفي للأغذية,الخدمات الاستهلاكية,test,17.825/20,2026-03-31 14:00:00,2026-04-05 10:00:00,4.833333333333333,long,14.6292,14.49096,12099,-2300.5847442347963,-1672.5657599999963,628.0189842347999,signal
483,5 EMA No-Touch Breakout,breakout,4h,6002,هرفي للأغذية,الخدمات الاستهلاكية,test,17.825/20,2026-04-06 14:00:00,2026-04-09 10:00:00,2.8333333333333335,long,14.529,15.1696,12024,7066.05083989199,7702.57439999999,636.523560108,signal
483,5 EMA No-Touch Breakout,breakout,4h,6002,هرفي للأغذية,الخدمات الاستهلاكية,test,17.825/20,2026-04-15 14:00:00,2026-04-19 14:00:00,4.0,long,14.94984,14.89016,12159,-1372.3838982000022,-725.6491200000022,646.7347782,signal
483,5 EMA No-Touch Breakout,breakout,4h,6002,هرفي للأغذية,الخدمات الاستهلاكية,test,17.825/20,2026-04-22 10:00:00,2026-04-23 10:00:00,1.0,long,15.00996,14.7704,12018,-3516.98948325061,-2879.0320800000104,637.9574032506,signal
483,5 EMA No-Touch Breakout,breakout,4h,6002,هرفي للأغذية,الخدمات الاستهلاكية,test,17.825/20,2026-04-26 14:00:00,2026-04-28 14:00:00,2.0,long,14.7795,14.7704,11968,-739.2956347040013,-108.90880000000128,630.386834704,signal
483,5 EMA No-Touch Breakout,breakout,4h,6002,هرفي للأغذية,الخدمات الاستهلاكية,test,17.825/20,2026-04-28 14:00:00,2026-05-05 10:00:00,6.833333333333333,long,14.8296,15.50892,11878,7426.619583451786,8068.962959999986,642.3433765482,signal
483,5 EMA No-Touch Breakout,breakout,4h,6002,هرفي للأغذية,الخدمات الاستهلاكية,test,17.825/20,2026-05-06 14:00:00,2026-05-12 10:00:00,5.833333333333333,long,15.50094,15.6686,11842,1327.4916927978966,1985.4297199999965,657.9380272021,signal
483,5 EMA No-Touch Breakout,breakout,4h,6002,هرفي للأغذية,الخدمات الاستهلاكية,test,17.825/20,2026-05-12 10:00:00,2026-05-13 10:00:00,1.0,long,15.7314,15.30932,11753,-5611.000710200192,-4960.706239999992,650.2944702002,signal
483,5 EMA No-Touch Breakout,breakout,4h,6002,هرفي للأغذية,الخدمات الاستهلاكية,test,17.825/20,2026-05-19 10:00:00,2026-05-20 10:00:00,1.0,long,14.89974,14.83028,12033,-1473.486101901443,-835.812179999993,637.67392190145,signal
483,5 EMA No-Touch Breakout,breakout,4h,6002,هرفي للأغذية,الخدمات الاستهلاكية,test,17.825/20,2026-05-21 14:00:00,2026-06-03 10:00:00,12.833333333333334,long,15.080100000000002,15.70852,11791,6762.601707666332,7409.700219999981,647.09851233365,signal
483,5 EMA No-Touch Breakout,breakout,4h,6002,هرفي للأغذية,الخدمات الاستهلاكية,test,17.825/20,2026-06-09 14:00:00,2026-06-10 10:00:00,0.8333333333333334,long,15.410760000000002,15.2694,11977,-2348.0595325404074,-1693.068720000007,654.9908125404002,signal
483,5 EMA No-Touch Breakout,breakout,4h,6002,هرفي للأغذية,الخدمات الاستهلاكية,test,17.825/20,2026-06-14 14:00:00,2026-06-16 10:00:00,1.8333333333333333,long,15.01998,14.95004,12132,-1496.6224538058095,-848.5120800000094,648.1103738058,signal
483,5 EMA No-Touch Breakout,breakout,4h,6002,هرفي للأغذية,الخدمات الاستهلاكية,test,17.825/20,2026-06-18 14:00:00,2026-06-21 10:00:00,2.8333333333333335,long,14.76948,14.78038,12236,-511.1298450061847,133.3724000000152,644.5022450061999,signal
483,5 EMA No-Touch Breakout,breakout,4h,6002,هرفي للأغذية,الخدمات الاستهلاكية,test,17.825/20,2026-06-21 10:00:00,2026-06-22 10:00:00,1.0,long,14.83962,14.63068,12144,-3175.3015136040017,-2537.3673600000016,637.934153604,signal
483,5 EMA No-Touch Breakout,breakout,4h,6002,هرفي للأغذية,الخدمات الاستهلاكية,test,17.825/20,2026-06-24 14:00:00,2026-06-25 10:00:00,0.8333333333333334,long,14.56908,14.70054,12152,963.494437357207,1597.501920000007,634.0074826428,signal
483,5 EMA No-Touch Breakout,breakout,4h,6002,هرفي للأغذية,الخدمات الاستهلاكية,test,17.825/20,2026-06-29 14:00:00,2026-07-02 10:00:00,2.8333333333333335,long,14.529,15.0199,12252,5369.182758608999,6014.506799999998,645.324041391,signal
483,5 EMA No-Touch Breakout,breakout,4h,6002,هرفي للأغذية,الخدمات الاستهلاكية,test,17.825/20,2026-07-19 10:00:00,2026-07-19 14:00:00,0.16666666666666666,long,13.80756,13.55284,13281,-4030.649534552986,-3382.936319999986,647.713214553,signal
483,5 EMA No-Touch Breakout,breakout,4h,6002,هرفي للأغذية,الخدمات الاستهلاكية,test,17.825/20,2026-07-22 14:00:00,2026-07-29 10:00:00,6.833333333333333,long,13.43682,13.84226,13347,4762.410337545282,5411.407679999982,648.9973424547,signal
483,5 EMA No-Touch Breakout,breakout,4h,6002,هرفي للأغذية,الخدمات الاستهلاكية,test,17.825/20,2026-08-02 14:00:00,2026-08-06 10:00:00,3.8333333333333335,long,14.11818,15.34924,13040,15368.087583003991,16053.022399999993,684.934816996,signal
483,5 EMA No-Touch Breakout,breakout,4h,6002,هرفي للأغذية,الخدمات الاستهلاكية,test,17.825/20,2026-08-10 14:00:00,2026-08-12 14:00:00,2.0,long,15.19032,15.469,13132,2941.958835897195,3659.625759999995,717.6669241028001,signal
483,5 EMA No-Touch Breakout,breakout,4h,6002,هرفي للأغذية,الخدمات الاستهلاكية,test,17.825/20,2026-08-12 14:00:00,2026-08-18 10:00:00,5.833333333333333,long,15.531,15.62868,13033,549.1828649231824,1273.0634399999824,723.8805750768,signal
483,5 EMA No-Touch Breakout,breakout,4h,6002,هرفي للأغذية,الخدمات الاستهلاكية,test,17.825/20,2026-08-20 14:00:00,2026-08-27 10:00:00,6.833333333333333,long,15.49092,15.8682,13102,4210.751793397186,4943.122559999986,732.3707666028,signal
483,5 EMA No-Touch Breakout,breakout,4h,6002,هرفي للأغذية,الخدمات الاستهلاكية,test,17.825/20,2026-08-31 10:00:00,2026-09-01 14:00:00,1.1666666666666667,long,15.87168,15.60872,13053,-4164.870481088995,-3432.416879999995,732.4536010889999,signal
483,5 EMA No-Touch Breakout,breakout,4h,6002,هرفي للأغذية,الخدمات الاستهلاكية,test,17.825/20,2026-09-03 14:00:00,2026-09-06 10:00:00,2.8333333333333335,long,15.81156,15.72848,12839,-1788.474257370709,-1066.664120000009,721.8101373707,signal
483,5 EMA No-Touch Breakout,breakout,4h,6002,هرفي للأغذية,الخدمات الاستهلاكية,test,17.825/20,2026-09-09 14:00:00,2026-09-10 10:00:00,0.8333333333333334,long,15.531,15.33926,12956,-3197.103385358215,-2484.183440000015,712.9199453582,signal
483,5 EMA No-Touch Breakout,breakout,4h,6090,جازادكو,إنتاج الأغذية,test,17.825/20,2025-12-29 14:00:00,2026-01-04 10:00:00,5.833333333333333,long,7.9158,8.2834,14090,4772.634207340005,5179.484000000005,406.84979266,signal
483,5 EMA No-Touch Breakout,breakout,4h,6090,جازادكو,إنتاج الأغذية,test,17.825/20,2026-01-07 14:00:00,2026-01-08 10:00:00,0.8333333333333334,long,7.985939999999999,8.06384,14564,717.8780147726206,1134.5356000000206,416.6575852274,signal
483,5 EMA No-Touch Breakout,breakout,4h,6090,جازادكو,إنتاج الأغذية,test,17.825/20,2026-01-08 10:00:00,2026-01-08 14:00:00,0.16666666666666666,long,8.09616,7.86424,14454,-3763.3794955019953,-3352.1716799999954,411.207815502,signal
483,5 EMA No-Touch Breakout,breakout,4h,6090,جازادكو,إنتاج الأغذية,test,17.825/20,2026-01-11 14:00:00,2026-01-15 10:00:00,3.8333333333333335,long,8.016,8.19358,14129,2100.7904797508604,2509.0278200000103,408.23734024915,signal
483,5 EMA No-Touch Breakout,breakout,4h,6090,جازادكو,إنتاج الأغذية,test,17.825/20,2026-01-18 14:00:00,2026-01-19 10:00:00,0.8333333333333334,long,8.2164,8.17362,14040,-1010.8127575260067,-600.6312000000069,410.181557526,signal
483,5 EMA No-Touch Breakout,breakout,4h,6090,جازادكو,إنتاج الأغذية,test,17.825/20,2026-01-21 14:00:00,2026-01-29 10:00:00,7.833333333333333,long,8.15628,9.1317,14020,13243.350542612996,13675.388399999996,432.037857387,signal
483,5 EMA No-Touch Breakout,breakout,4h,6090,جازادكو,إنتاج الأغذية,test,17.825/20,2026-02-03 10:00:00,2026-02-04 14:00:00,1.1666666666666667,long,8.9178,8.90216,14308,-678.2575580395919,-223.77711999999187,454.4804380396,signal
483,5 EMA No-Touch Breakout,breakout,4h,6090,جازادكو,إنتاج الأغذية,test,17.825/20,2026-02-15 14:00:00,2026-02-16 10:00:00,0.8333333333333334,long,8.707379999999999,8.64268,14575,-1393.7559744212272,-943.0024999999772,450.75347442125,signal
483,5 EMA No-Touch Breakout,breakout,4h,6090,جازادكو,إنتاج الأغذية,test,17.825/20,2026-02-26 14:00:00,2026-03-02 10:00:00,3.8333333333333335,long,7.6653,7.80436,16375,1825.5722959437453,2277.1074999999955,451.53520405625,signal
483,5 EMA No-Touch Breakout,breakout,4h,6090,جازادكو,إنتاج الأغذية,test,17.825/20,2026-03-04 14:00:00,2026-03-09 10:00:00,4.833333333333333,long,7.9659,8.203560000000001,15986,3338.4832696743138,3799.232760000014,460.7494903257001,signal
483,5 EMA No-Touch Breakout,breakout,4h,6090,جازادكو,إنتاج الأغذية,test,17.825/20,2026-03-11 10:00:00,2026-03-11 14:00:00,0.16666666666666666,long,9.018,8.2834,14491,-11091.987352040504,-10645.088600000005,446.8987520405,signal
483,5 EMA No-Touch Breakout,breakout,4h,6090,جازادكو,إنتاج الأغذية,test,17.825/20,2026-03-16 14:00:00,2026-04-06 10:00:00,20.833333333333332,long,8.34666,8.912139999999999,14328,7661.413555991987,8102.197439999987,440.783884008,signal
483,5 EMA No-Touch Breakout,breakout,4h,6090,جازادكو,إنتاج الأغذية,test,17.825/20,2026-04-08 14:00:00,2026-04-09 10:00:00,0.8333333333333334,long,8.93784,8.882200000000001,14238,-1244.4613028693798,-792.2023199999797,452.2589828694,signal
483,5 EMA No-Touch Breakout,breakout,4h,6090,جازادكو,إنتاج الأغذية,test,17.825/20,2026-04-14 14:00:00,2026-04-19 10:00:00,4.833333333333333,long,8.797559999999999,8.87222,14323,618.2324884394717,1069.3551800000216,451.1226915605499,signal
483,5 EMA No-Touch Breakout,breakout,4h,6090,جازادكو,إنتاج الأغذية,test,17.825/20,2026-04-28 10:00:00,2026-05-04 10:00:00,6.0,long,8.7174,8.772419999999999,14526,346.36369411708483,799.2205199999848,452.8568258829,signal
483,5 EMA No-Touch Breakout,breakout,4h,6090,جازادكو,إنتاج الأغذية,test,17.825/20,2026-05-11 14:00:00,2026-05-12 10:00:00,0.8333333333333334,long,8.72742,8.7824,14549,345.81148337165683,799.9040200000069,454.0925366283501,signal
483,5 EMA No-Touch Breakout,breakout,4h,6090,جازادكو,إنتاج الأغذية,test,17.825/20,2026-05-19 14:00:00,2026-05-31 10:00:00,11.833333333333334,long,8.09616,8.14368,15726,292.0709022552071,747.2995200000071,455.2286177448,signal
483,5 EMA No-Touch Breakout,breakout,4h,6090,جازادكو,إنتاج الأغذية,test,17.825/20,2026-06-01 14:00:00,2026-06-02 10:00:00,0.8333333333333334,long,8.336640000000001,8.14368,15307,-3403.2997603128174,-2953.638720000017,449.6610403128,signal
483,5 EMA No-Touch Breakout,breakout,4h,6090,جازادكو,إنتاج الأغذية,test,17.825/20,2026-06-09 14:00:00,2026-06-10 10:00:00,0.8333333333333334,long,8.146260000000002,8.11374,15247,-937.7431021500254,-495.8324400000253,441.91066215000006,signal
483,5 EMA No-Touch Breakout,breakout,4h,6090,جازادكو,إنتاج الأغذية,test,17.825/20,2026-06-16 14:00:00,2026-06-17 10:00:00,0.8333333333333334,long,8.2164,8.0838,15003,-2425.311562819501,-1989.3978000000009,435.9137628195,signal
483,5 EMA No-Touch Breakout,breakout,4h,6090,جازادكو,إنتاج الأغذية,test,17.825/20,2026-06-21 14:00:00,2026-06-25 10:00:00,3.8333333333333335,long,8.146260000000002,8.14368,14834,-469.0038789537268,-38.27172000002675,430.7321589537,signal
483,5 EMA No-Touch Breakout,breakout,4h,6090,جازادكو,إنتاج الأغذية,test,17.825/20,2026-06-25 10:00:00,2026-07-01 10:00:00,6.0,long,8.17632,8.483,14723,4078.046652398301,4515.249640000001,437.2029876017,signal
483,5 EMA No-Touch Breakout,breakout,4h,6090,جازادكو,إنتاج الأغذية,test,17.825/20,2026-07-02 14:00:00,2026-07-06 10:00:00,3.8333333333333335,long,8.53704,8.75246,14578,2691.1201749924994,3140.3927599999997,449.2725850075,signal
483,5 EMA No-Touch Breakout,breakout,4h,6090,جازادكو,إنتاج الأغذية,test,17.825/20,2026-07-12 14:00:00,2026-07-16 10:00:00,3.8333333333333335,long,8.336640000000001,8.24348,15251,-1871.512188538916,-1420.7831600000156,450.7290285389,signal
483,5 EMA No-Touch Breakout,breakout,4h,6090,جازادكو,إنتاج الأغذية,test,17.825/20,2026-07-20 10:00:00,2026-07-21 14:00:00,1.1666666666666667,long,8.15628,8.07382,15359,-1710.8413637667666,-1266.5031400000166,444.33822376675,signal
483,5 EMA No-Touch Breakout,breakout,4h,6090,جازادكو,إنتاج الأغذية,test,17.825/20,2026-07-26 10:00:00,2026-07-26 14:00:00,0.16666666666666666,long,8.136239999999999,8.12372,15187,-630.3118123168776,-190.1412399999777,440.1705723169,signal
483,5 EMA No-Touch Breakout,breakout,4h,6090,جازادكو,إنتاج الأغذية,test,17.825/20,2026-07-30 14:00:00,2026-08-06 10:00:00,6.833333333333333,long,8.146260000000002,8.582799999999999,15091,6137.818319250009,6587.825139999959,450.00682074995,signal
483,5 EMA No-Touch Breakout,breakout,4h,6090,جازادكو,إنتاج الأغذية,test,17.825/20,2026-08-11 14:00:00,2026-08-13 10:00:00,1.8333333333333333,long,8.05608,8.45306,16021,5888.557928816966,6360.016580000016,471.4586511830501,signal
483,5 EMA No-Touch Breakout,breakout,4h,6090,جازادكو,إنتاج الأغذية,test,17.825/20,2026-08-19 14:00:00,2026-08-25 10:00:00,5.833333333333333,long,8.19636,8.26344,16466,621.4335334289822,1104.5392799999822,483.10574657100005,signal
483,5 EMA No-Touch Breakout,breakout,4h,6090,جازادكو,إنتاج الأغذية,test,17.825/20,2026-08-31 10:00:00,2026-08-31 14:00:00,0.16666666666666666,long,8.376719999999999,8.19358,16185,-3442.170119553719,-2964.120899999969,478.0492195537501,signal
483,5 EMA No-Touch Breakout,breakout,4h,6090,جازادكو,إنتاج الأغذية,test,17.825/20,2026-09-02 14:00:00,2026-09-07 10:00:00,4.833333333333333,long,8.136239999999999,8.483,16241,5150.609100532724,5631.729160000024,481.1200594673,signal
483,5 EMA No-Touch Breakout,breakout,4h,7211,عزم,التطبيقات وخدمات التقنية,test,17.825/20,2026-01-01 14:00:00,2026-01-04 10:00:00,2.8333333333333335,long,23.8977,24.04182,5746,337.1052109776052,828.1135200000052,491.0083090224,signal
483,5 EMA No-Touch Breakout,breakout,4h,7211,عزم,التطبيقات وخدمات التقنية,test,17.825/20,2026-01-07 10:00:00,2026-01-07 14:00:00,0.16666666666666666,long,22.7955,22.42506,6039,-2723.8646694798126,-2237.087160000013,486.7775094798,signal
483,5 EMA No-Touch Breakout,breakout,4h,7211,عزم,التطبيقات وخدمات التقنية,test,17.825/20,2026-01-11 14:00:00,2026-01-15 10:00:00,3.8333333333333335,long,22.9458,23.3532,5880,1910.2475510999948,2395.5119999999947,485.2644489,signal
483,5 EMA No-Touch Breakout,breakout,4h,7211,عزم,التطبيقات وخدمات التقنية,test,17.825/20,2026-01-18 14:00:00,2026-01-20 10:00:00,1.8333333333333333,long,23.45682,23.5528,5834,71.0893456099048,559.9473200000049,488.8579743901001,signal
483,5 EMA No-Touch Breakout,breakout,4h,7211,عزم,التطبيقات وخدمات التقنية,test,17.825/20,2026-01-21 14:00:00,2026-01-26 10:00:00,4.833333333333333,long,23.70732,23.622660000000003,5775,-976.1233559962268,-488.9114999999767,487.2118559962501,signal
483,5 EMA No-Touch Breakout,breakout,4h,7211,عزم,التطبيقات وخدمات التقنية,test,17.825/20,2026-01-27 14:00:00,2026-01-28 10:00:00,0.8333333333333334,long,24.048,23.8522,5653,-1589.5224480445113,-1106.8574000000112,482.6650480445,signal
483,5 EMA No-Touch Breakout,breakout,4h,7211,عزم,التطبيقات وخدمات التقنية,test,17.825/20,2026-02-02 14:00:00,2026-02-04 10:00:00,1.8333333333333333,long,23.83758,24.3512,5636,2410.649644027397,2894.762319999997,484.1126759725999,signal
483,5 EMA No-Touch Breakout,breakout,4h,7211,عزم,التطبيقات وخدمات التقنية,test,17.825/20,2026-02-10 14:00:00,2026-02-12 10:00:00,1.8333333333333333,long,22.9458,22.78434,5960,-1448.12488831801,-962.3016000000102,485.823288318,signal
483,5 EMA No-Touch Breakout,breakout,4h,7211,عزم,التطبيقات وخدمات التقنية,test,17.825/20,2026-02-15 14:00:00,2026-02-19 10:00:00,3.8333333333333335,long,23.01594,24.451,5879,7939.29660498655,8436.71774,497.42113501345005,signal
483,5 EMA No-Touch Breakout,breakout,4h,7211,عزم,التطبيقات وخدمات التقنية,test,17.825/20,2026-02-24 14:00:00,2026-02-26 10:00:00,1.8333333333333333,long,24.21834,24.66058,5915,2100.495317966489,2615.849599999989,515.3542820335,signal
483,5 EMA No-Touch Breakout,breakout,4h,7211,عزم,التطبيقات وخدمات التقنية,test,17.825/20,2026-03-03 14:00:00,2026-03-05 10:00:00,1.8333333333333333,long,23.33658,24.1516,6228,4548.758803666204,5075.944560000004,527.1857563338,signal
483,5 EMA No-Touch Breakout,breakout,4h,7211,عزم,التطبيقات وخدمات التقنية,test,17.825/20,2026-03-10 14:00:00,2026-03-11 10:00:00,0.8333333333333334,long,22.37466,22.4051,6699,-330.79609881778504,203.91756000001504,534.7136588178,signal
483,5 EMA No-Touch Breakout,breakout,4h,7211,عزم,التطبيقات وخدمات التقنية,test,17.825/20,2026-03-16 14:00:00,2026-03-26 10:00:00,9.833333333333334,long,21.8436,22.17556,6847,1735.6860664630667,2272.930119999967,537.2440535369,signal
483,5 EMA No-Touch Breakout,breakout,4h,7211,عزم,التطبيقات وخدمات التقنية,test,17.825/20,2026-03-31 14:00:00,2026-04-02 10:00:00,1.8333333333333333,long,21.72336,22.16558,6965,2535.1761723942677,3080.0623000000173,544.8861276057501,signal
483,5 EMA No-Touch Breakout,breakout,4h,7211,عزم,التطبيقات وخدمات التقنية,test,17.825/20,2026-04-06 14:00:00,2026-04-07 10:00:00,0.8333333333333334,long,21.9939,21.8562,6995,-1509.9603087337666,-963.2115000000166,546.74880873375,signal
483,5 EMA No-Touch Breakout,breakout,4h,7211,عزم,التطبيقات وخدمات التقنية,test,17.825/20,2026-04-08 14:00:00,2026-04-13 10:00:00,4.833333333333333,long,21.87366,22.32526,6964,2596.2866203964186,3144.9424000000186,548.6557796036,signal
483,5 EMA No-Touch Breakout,breakout,4h,7211,عزم,التطبيقات وخدمات التقنية,test,17.825/20,2026-04-14 14:00:00,2026-04-19 10:00:00,4.833333333333333,long,22.8456,24.84022,6781,12949.133395288858,13525.518220000007,576.3848247111499,signal
483,5 EMA No-Touch Breakout,breakout,4h,7211,عزم,التطبيقات وخدمات التقنية,test,17.825/20,2026-04-22 14:00:00,2026-04-29 10:00:00,6.833333333333333,long,24.148200000000003,24.5009,6952,1849.113671745991,2451.970399999991,602.856728254,signal
483,5 EMA No-Touch Breakout,breakout,4h,7211,عزم,التطبيقات وخدمات التقنية,test,17.825/20,2026-05-20 14:00:00,2026-05-21 10:00:00,0.8333333333333334,long,22.545,22.7544,7528,968.5059531959902,1576.3631999999902,607.857246804,signal
483,5 EMA No-Touch Breakout,breakout,4h,7211,عزم,التطبيقات وخدمات التقنية,test,17.825/20,2026-05-31 14:00:00,2026-06-03 10:00:00,2.8333333333333335,long,22.53498,23.07376,7575,3465.4293386962704,4081.258500000021,615.82916130375,signal
483,5 EMA No-Touch Breakout,breakout,4h,7211,عزم,التطبيقات وخدمات التقنية,test,17.825/20,2026-06-09 14:00:00,2026-06-11 10:00:00,1.8333333333333333,long,22.8957,22.734440000000003,7607,-1845.42567665184,-1226.7048199999897,618.7208566518501,signal
483,5 EMA No-Touch Breakout,breakout,4h,7211,عزم,التطبيقات وخدمات التقنية,test,17.825/20,2026-06-14 14:00:00,2026-06-15 10:00:00,0.8333333333333334,long,22.96584,22.71448,7503,-2496.887133511187,-1885.9540799999868,610.9330535112001,signal
483,5 EMA No-Touch Breakout,breakout,4h,7211,عزم,التطبيقات وخدمات التقنية,test,17.825/20,2026-07-15 10:00:00,2026-07-23 10:00:00,8.0,long,20.91174,22.3552,8121,11096.020173813436,11722.338659999985,626.3184861865501,signal
483,5 EMA No-Touch Breakout,breakout,4h,7211,عزم,التطبيقات وخدمات التقنية,test,17.825/20,2026-07-29 14:00:00,2026-07-30 10:00:00,0.8333333333333334,long,21.38268,21.22746,8461,-1955.9511532675488,-1313.3164199999992,642.63473326755,signal
483,5 EMA No-Touch Breakout,breakout,4h,7211,عزم,التطبيقات وخدمات التقنية,test,17.825/20,2026-08-03 14:00:00,2026-08-04 10:00:00,0.8333333333333334,long,22.30452,22.5548,8023,1366.4634168283003,2007.9964400000008,641.5330231716999,signal
483,5 EMA No-Touch Breakout,breakout,4h,7211,عزم,التطبيقات وخدمات التقنية,test,17.825/20,2026-08-16 10:00:00,2026-08-26 10:00:00,10.0,long,22.02396,25.28932,8188,26046.22515393921,26736.767680000008,690.5425260608,signal
483,5 EMA No-Touch Breakout,breakout,4h,7211,عزم,التطبيقات وخدمات التقنية,test,17.825/20,2026-08-27 14:00:00,2026-09-02 10:00:00,5.833333333333333,long,26.09208,27.92404,7909,13727.463588584918,14488.971640000018,761.5080514151001,signal
483,5 EMA No-Touch Breakout,breakout,4h,7211,عزم,التطبيقات وخدمات التقنية,test,17.825/20,2026-09-06 10:00:00,2026-09-09 10:00:00,3.0,long,27.39468,28.2434,8034,6021.845513361602,6818.6164800000015,796.7709666384001,signal
