Date,Time,Open,High,Low,Close,Volume
2024-09-02,10:00:00,31.4,31.65,31.25,31.45,505357
2024-09-02,10:30:00,31.45,31.45,31.2,31.25,260213
2024-09-02,11:00:00,31.25,31.35,31.2,31.25,139572
2024-09-02,11:30:00,31.25,31.3,31.0,31.15,200578
2024-09-02,12:00:00,31.15,31.15,31.05,31.05,112156
2024-09-02,12:30:00,31.05,31.1,31.0,31.1,118800
2024-09-02,13:00:00,31.05,31.1,30.7,30.9,398988
2024-09-02,13:30:00,30.9,31.05,30.65,30.85,217827
2024-09-02,14:00:00,30.9,30.95,30.8,30.85,108722
2024-09-02,14:30:00,30.85,31.0,30.75,30.9,211018
2024-09-02,15:00:00,30.8,30.8,30.8,30.8,9288
2024-09-03,10:00:00,31.0,31.05,30.3,30.45,519788
2024-09-03,10:30:00,30.45,30.65,30.3,30.55,354587
2024-09-03,11:00:00,30.55,30.85,30.35,30.6,325208
2024-09-03,11:30:00,30.6,30.65,30.5,30.55,134955
2024-09-03,12:00:00,30.55,31.0,30.5,30.9,377325
2024-09-03,12:30:00,30.9,31.35,30.7,31.1,1117230
2024-09-03,13:00:00,31.15,31.35,31.0,31.15,655797
2024-09-03,13:30:00,31.15,31.15,30.7,30.9,578351
2024-09-03,14:00:00,30.9,31.15,30.75,30.8,224991
2024-09-03,14:30:00,30.85,30.9,30.6,30.65,292255
2024-09-03,15:00:00,30.7,30.7,30.7,30.7,111902
2024-09-04,10:00:00,30.15,30.15,29.75,30.0,1149263
2024-09-04,10:30:00,30.0,30.3,29.9,30.2,804228
2024-09-04,11:00:00,30.2,30.4,30.15,30.3,744221
2024-09-04,11:30:00,30.3,30.3,30.1,30.15,331727
2024-09-04,12:00:00,30.15,30.2,30.05,30.1,203536
2024-09-04,12:30:00,30.15,30.3,30.1,30.15,262300
2024-09-04,13:00:00,30.15,30.2,29.95,30.05,433236
2024-09-04,13:30:00,30.1,30.1,29.95,30.05,208891
2024-09-04,14:00:00,30.05,30.1,29.95,30.05,227269
2024-09-04,14:30:00,30.05,30.05,29.9,29.9,331072
2024-09-04,15:00:00,29.9,29.9,29.9,29.9,166260
2024-09-05,10:00:00,30.05,30.05,29.3,29.6,1023487
2024-09-05,10:30:00,29.65,30.0,29.5,29.65,698862
2024-09-05,11:00:00,29.7,29.8,29.6,29.7,279330
2024-09-05,11:30:00,29.75,30.3,29.7,30.3,878212
2024-09-05,12:00:00,30.35,31.0,30.15,30.95,2180607
2024-09-05,12:30:00,30.95,31.35,30.75,31.0,1798673
2024-09-05,13:00:00,31.05,31.55,30.95,31.15,2075872
2024-09-05,13:30:00,31.15,31.7,31.05,31.55,1442056
2024-09-05,14:00:00,31.55,32.2,31.4,32.1,2428913
2024-09-05,14:30:00,32.15,32.3,30.8,31.0,2869731
2024-09-05,15:00:00,31.05,31.05,31.05,31.05,197798
2024-09-08,10:00:00,31.25,31.65,30.9,31.1,1470037
2024-09-08,10:30:00,31.0,31.35,30.95,31.2,450601
2024-09-08,11:00:00,31.2,31.25,30.7,30.75,655310
2024-09-08,11:30:00,30.75,31.25,30.7,30.95,372887
2024-09-08,12:00:00,30.95,30.95,30.7,30.85,249530
2024-09-08,12:30:00,30.9,31.0,30.6,30.75,336864
2024-09-08,13:00:00,30.7,30.95,30.7,30.9,213632
2024-09-08,13:30:00,30.9,31.1,30.8,31.0,187390
2024-09-08,14:00:00,30.95,31.3,30.9,31.25,335450
2024-09-08,14:30:00,31.25,31.35,30.85,30.95,550217
2024-09-08,15:00:00,30.95,30.95,30.95,30.95,58576
2024-09-09,10:00:00,31.0,31.2,30.9,31.0,545607
2024-09-09,10:30:00,31.05,31.75,30.9,31.65,1107075
2024-09-09,11:00:00,31.7,31.85,31.35,31.45,858980
2024-09-09,11:30:00,31.5,31.55,31.1,31.3,444344
2024-09-09,12:00:00,31.25,31.45,31.25,31.25,228702
2024-09-09,12:30:00,31.25,31.6,31.2,31.45,267767
2024-09-09,13:00:00,31.45,31.6,31.15,31.2,303421
2024-09-09,13:30:00,31.2,31.25,31.05,31.15,299177
2024-09-09,14:00:00,31.15,31.15,31.0,31.1,270827
2024-09-09,14:30:00,31.05,31.3,31.05,31.25,249706
2024-09-09,15:00:00,31.25,31.25,31.25,31.25,40297
2024-09-10,10:00:00,31.55,31.65,31.3,31.5,589100
2024-09-10,10:30:00,31.45,31.45,31.2,31.3,463011
2024-09-10,11:00:00,31.3,31.4,31.25,31.25,190660
2024-09-10,11:30:00,31.2,31.3,31.15,31.25,272026
2024-09-10,12:00:00,31.2,31.25,31.0,31.05,269410
2024-09-10,12:30:00,31.1,31.15,30.7,30.9,488927
2024-09-10,13:00:00,30.9,31.0,30.85,30.9,230601
2024-09-10,13:30:00,30.9,30.95,30.55,30.65,472161
2024-09-10,14:00:00,30.65,30.65,30.35,30.5,618609
2024-09-10,14:30:00,30.5,30.5,29.9,30.0,1171509
2024-09-10,15:00:00,30.0,30.0,30.0,30.0,190146
2024-09-11,10:00:00,29.8,30.35,29.75,30.1,750053
2024-09-11,10:30:00,30.05,30.15,29.8,29.9,247289
2024-09-11,11:00:00,29.9,30.2,29.8,29.9,284754
2024-09-11,11:30:00,29.95,29.95,29.55,29.7,504406
2024-09-11,12:00:00,29.7,29.95,29.65,29.8,179767
2024-09-11,12:30:00,29.8,29.95,29.6,29.65,182063
2024-09-11,13:00:00,29.65,29.7,29.45,29.5,328637
2024-09-11,13:30:00,29.45,29.8,29.2,29.65,585638
2024-09-11,14:00:00,29.65,29.65,29.25,29.3,328528
2024-09-11,14:30:00,29.35,29.5,29.15,29.3,322096
2024-09-11,15:00:00,29.25,29.25,29.25,29.25,51184
2024-09-12,10:00:00,29.65,30.1,29.6,29.85,528255
2024-09-12,10:30:00,29.9,29.9,29.6,29.75,314386
2024-09-12,11:00:00,29.75,29.85,29.55,29.55,235633
2024-09-12,11:30:00,29.6,29.7,29.5,29.5,223433
2024-09-12,12:00:00,29.55,29.55,29.35,29.5,221048
2024-09-12,12:30:00,29.5,29.7,29.35,29.4,171356
2024-09-12,13:00:00,29.35,29.6,29.25,29.4,260104
2024-09-12,13:30:00,29.4,29.8,29.35,29.7,343641
2024-09-12,14:00:00,29.65,29.95,29.55,29.65,298150
2024-09-12,14:30:00,29.7,29.75,29.5,29.65,223589
2024-09-12,15:00:00,29.6,29.6,29.6,29.6,75995
2024-09-15,10:00:00,30.0,30.0,29.65,29.7,409971
2024-09-15,10:30:00,29.7,29.85,29.45,29.6,259686
2024-09-15,11:00:00,29.55,29.7,29.5,29.55,164350
2024-09-15,11:30:00,29.55,29.65,29.5,29.5,74779
2024-09-15,12:00:00,29.6,29.65,29.5,29.55,94705
2024-09-15,12:30:00,29.6,29.65,29.45,29.65,121611
2024-09-15,13:00:00,29.6,29.65,29.55,29.6,66511
2024-09-15,13:30:00,29.55,29.65,29.55,29.55,58759
2024-09-15,14:00:00,29.6,29.6,29.5,29.5,110976
2024-09-15,14:30:00,29.55,29.55,29.3,29.3,227694
2024-09-15,15:00:00,29.3,29.3,29.3,29.3,45436
2024-09-16,10:00:00,29.3,29.45,28.75,28.85,482717
2024-09-16,10:30:00,28.8,28.95,28.6,28.75,568177
2024-09-16,11:00:00,28.8,29.85,28.75,29.45,1159499
2024-09-16,11:30:00,29.4,29.7,29.35,29.4,250679
2024-09-16,12:00:00,29.4,29.55,29.3,29.4,190652
2024-09-16,12:30:00,29.4,29.65,29.3,29.6,199872
2024-09-16,13:00:00,29.7,30.35,29.65,30.1,1556286
2024-09-16,13:30:00,30.05,30.15,29.45,29.5,632302
2024-09-16,14:00:00,29.45,29.65,29.45,29.5,219559
2024-09-16,14:30:00,29.5,29.55,29.25,29.35,289646
2024-09-16,15:00:00,29.35,29.35,29.35,29.35,32867
2024-09-17,10:00:00,29.45,29.55,29.15,29.3,334368
2024-09-17,10:30:00,29.25,29.65,29.25,29.35,362169
2024-09-17,11:00:00,29.35,29.4,29.2,29.3,140278
2024-09-17,11:30:00,29.3,29.55,29.2,29.45,174072
2024-09-17,12:00:00,29.5,29.6,29.4,29.5,152361
2024-09-17,12:30:00,29.5,29.75,29.4,29.55,238189
2024-09-17,13:00:00,29.55,29.7,29.45,29.55,212390
2024-09-17,13:30:00,29.55,29.65,29.5,29.5,192860
2024-09-17,14:00:00,29.5,29.7,29.35,29.4,293746
2024-09-17,14:30:00,29.4,29.55,29.35,29.55,155838
2024-09-17,15:00:00,29.5,29.5,29.5,29.5,16723
2024-09-18,10:00:00,29.5,30.3,29.45,30.1,1089663
2024-09-18,10:30:00,30.1,30.7,29.95,30.4,1303925
2024-09-18,11:00:00,30.4,30.4,30.15,30.2,445282
2024-09-18,11:30:00,30.25,30.55,30.15,30.3,417622
2024-09-18,12:00:00,30.3,30.4,30.2,30.25,186234
2024-09-18,12:30:00,30.2,30.3,30.05,30.1,241062
2024-09-18,13:00:00,30.1,30.1,29.8,30.0,496143
2024-09-18,13:30:00,29.95,30.0,29.8,29.95,189039
2024-09-18,14:00:00,29.95,30.0,29.9,29.95,170076
2024-09-18,14:30:00,29.9,30.15,29.9,29.95,375217
2024-09-18,15:00:00,29.95,29.95,29.95,29.95,72592
2024-09-19,10:00:00,30.3,30.35,29.9,29.95,584428
2024-09-19,10:30:00,30.0,30.0,29.7,29.8,256092
2024-09-19,11:00:00,29.85,29.9,29.7,29.8,160569
2024-09-19,11:30:00,29.85,29.85,29.65,29.75,190877
2024-09-19,12:00:00,29.75,29.85,29.65,29.65,119773
2024-09-19,12:30:00,29.65,29.75,29.6,29.7,136930
2024-09-19,13:00:00,29.65,29.75,29.6,29.65,210604
2024-09-19,13:30:00,29.65,29.7,29.55,29.65,197259
2024-09-19,14:00:00,29.65,29.7,29.55,29.6,224523
2024-09-19,14:30:00,29.6,29.75,29.55,29.7,170354
2024-09-19,15:00:00,29.6,29.6,29.6,29.6,65006
2024-09-22,10:00:00,29.7,29.9,29.7,29.85,193653
2024-09-22,10:30:00,29.85,30.15,29.8,30.05,392221
2024-09-22,11:00:00,30.05,30.25,29.95,30.15,335225
2024-09-22,11:30:00,30.15,30.2,30.0,30.05,143827
2024-09-22,12:00:00,30.05,30.2,30.0,30.2,164294
2024-09-22,12:30:00,30.15,30.4,30.15,30.4,371497
2024-09-22,13:00:00,30.35,31.1,30.35,31.05,1442772
2024-09-22,13:30:00,31.1,31.35,30.8,30.95,950317
2024-09-22,14:00:00,30.9,31.1,30.7,30.85,410758
2024-09-22,14:30:00,30.85,30.85,30.45,30.55,454332
2024-09-22,15:00:00,30.65,30.65,30.65,30.65,79744
2024-09-24,10:00:00,30.7,30.8,30.25,30.35,660762
2024-09-24,10:30:00,30.35,30.9,30.25,30.8,475868
2024-09-24,11:00:00,30.8,30.85,30.5,30.55,304498
2024-09-24,11:30:00,30.55,30.6,30.4,30.5,203953
2024-09-24,12:00:00,30.5,30.75,30.4,30.6,203694
2024-09-24,12:30:00,30.6,31.05,30.55,30.9,349045
2024-09-24,13:00:00,30.9,30.95,30.7,30.7,336019
2024-09-24,13:30:00,30.7,30.7,30.5,30.65,209856
2024-09-24,14:00:00,30.65,30.65,30.45,30.5,254300
2024-09-24,14:30:00,30.55,30.6,30.45,30.55,263082
2024-09-24,15:00:00,30.55,30.55,30.55,30.55,41133
2024-09-25,10:00:00,30.6,30.85,30.4,30.8,428944
2024-09-25,10:30:00,30.8,30.95,30.45,30.55,417135
2024-09-25,11:00:00,30.5,30.6,30.3,30.5,546369
2024-09-25,11:30:00,30.5,31.2,30.45,30.8,1365793
2024-09-25,12:00:00,30.85,31.05,30.7,30.75,324440
2024-09-25,12:30:00,30.75,30.9,30.7,30.8,175270
2024-09-25,13:00:00,30.8,30.9,30.7,30.75,221734
2024-09-25,13:30:00,30.75,30.8,30.6,30.65,204238
2024-09-25,14:00:00,30.65,30.7,30.5,30.65,186385
2024-09-25,14:30:00,30.7,30.7,30.55,30.65,168111
2024-09-25,15:00:00,30.65,30.65,30.65,30.65,61294
2024-09-26,10:00:00,30.65,30.8,30.55,30.55,376612
2024-09-26,10:30:00,30.6,30.65,30.35,30.6,478502
2024-09-26,11:00:00,30.65,30.65,30.45,30.5,173133
2024-09-26,11:30:00,30.5,30.6,30.4,30.55,241758
2024-09-26,12:00:00,30.5,30.7,30.45,30.55,102749
2024-09-26,12:30:00,30.55,30.6,30.3,30.35,297511
2024-09-26,13:00:00,30.35,30.45,30.3,30.35,265607
2024-09-26,13:30:00,30.4,30.4,30.2,30.2,260848
2024-09-26,14:00:00,30.25,30.4,30.1,30.2,293387
2024-09-26,14:30:00,30.15,30.3,30.15,30.3,239238
2024-09-26,15:00:00,30.3,30.3,30.3,30.3,66672
2024-09-29,10:00:00,30.05,30.25,29.9,30.05,438636
2024-09-29,10:30:00,30.1,30.15,30.0,30.05,160308
2024-09-29,11:00:00,30.1,30.1,29.9,30.0,242185
2024-09-29,11:30:00,30.0,30.05,29.9,30.0,223201
2024-09-29,12:00:00,30.0,30.0,29.9,29.95,77498
2024-09-29,12:30:00,30.0,30.1,29.9,29.95,121798
2024-09-29,13:00:00,29.95,30.0,29.75,29.8,222231
2024-09-29,13:30:00,29.8,29.85,29.7,29.75,150526
2024-09-29,14:00:00,29.8,29.85,29.7,29.8,88045
2024-09-29,14:30:00,29.8,29.9,29.75,29.85,116023
2024-09-29,15:00:00,29.8,29.8,29.8,29.8,26495
2024-09-30,10:00:00,30.9,31.15,30.55,30.9,2333971
2024-09-30,10:30:00,30.9,31.1,30.75,30.85,901166
2024-09-30,11:00:00,30.85,30.95,30.65,30.7,450597
2024-09-30,11:30:00,30.7,30.75,30.6,30.7,378033
2024-09-30,12:00:00,30.75,30.9,30.65,30.75,337978
2024-09-30,12:30:00,30.7,30.85,30.65,30.65,223774
2024-09-30,13:00:00,30.65,30.7,30.45,30.5,283096
2024-09-30,13:30:00,30.45,30.6,30.3,30.4,308151
2024-09-30,14:00:00,30.35,30.45,30.2,30.25,230295
2024-09-30,14:30:00,30.25,30.35,30.15,30.3,267940
2024-09-30,15:00:00,30.3,30.3,30.3,30.3,45708
2024-10-01,10:00:00,30.3,30.55,30.0,30.2,310296
2024-10-01,10:30:00,30.2,30.3,30.1,30.2,148422
2024-10-01,11:00:00,30.2,30.25,30.05,30.25,162477
2024-10-01,11:30:00,30.25,30.25,30.0,30.05,234658
2024-10-01,12:00:00,30.1,30.1,30.0,30.0,153583
2024-10-01,12:30:00,30.0,30.05,29.9,30.0,172176
2024-10-01,13:00:00,30.0,30.05,29.9,30.0,260061
2024-10-01,13:30:00,29.95,30.1,29.95,30.1,105059
2024-10-01,14:00:00,30.1,30.2,30.0,30.15,120698
2024-10-01,14:30:00,30.1,30.15,30.0,30.05,151240
2024-10-01,15:00:00,30.05,30.05,30.05,30.05,30429
2024-10-02,10:00:00,29.6,29.9,29.5,29.7,475056
2024-10-02,10:30:00,29.75,29.8,29.55,29.6,212064
2024-10-02,11:00:00,29.55,29.65,29.35,29.5,206773
2024-10-02,11:30:00,29.5,29.65,29.45,29.5,119261
2024-10-02,12:00:00,29.5,29.5,29.25,29.35,117786
2024-10-02,12:30:00,29.4,29.4,29.25,29.3,99377
2024-10-02,13:00:00,29.35,29.35,29.25,29.3,95808
2024-10-02,13:30:00,29.35,29.35,28.9,29.1,273271
2024-10-02,14:00:00,29.05,29.05,28.65,28.8,349477
2024-10-02,14:30:00,28.8,29.0,28.55,28.6,466081
2024-10-02,15:00:00,28.65,28.65,28.65,28.65,41390
2024-10-03,10:00:00,28.7,29.15,28.7,29.05,493258
2024-10-03,10:30:00,29.05,29.3,28.8,29.1,305829
2024-10-03,11:00:00,29.0,29.1,28.9,29.0,91490
2024-10-03,11:30:00,29.0,29.05,28.8,28.95,115711
2024-10-03,12:00:00,28.95,29.1,28.9,29.05,96482
2024-10-03,12:30:00,29.05,29.25,28.95,29.0,194009
2024-10-03,13:00:00,29.05,29.05,28.8,28.85,155442
2024-10-03,13:30:00,28.85,28.95,28.65,28.7,126568
2024-10-03,14:00:00,28.7,28.85,28.6,28.6,145767
2024-10-03,14:30:00,28.65,28.8,28.6,28.75,212094
2024-10-03,15:00:00,28.75,28.75,28.75,28.75,27886
2024-10-06,10:00:00,28.75,28.85,27.15,27.95,676490
2024-10-06,10:30:00,27.95,28.1,27.7,27.95,295177
2024-10-06,11:00:00,27.9,28.0,27.8,27.9,168228
2024-10-06,11:30:00,27.95,28.1,27.85,28.0,122136
2024-10-06,12:00:00,28.1,28.25,27.85,27.9,134111
2024-10-06,12:30:00,27.95,27.95,27.75,27.85,117435
2024-10-06,13:00:00,27.85,27.85,27.55,27.6,133586
2024-10-06,13:30:00,27.6,27.75,27.45,27.55,218504
2024-10-06,14:00:00,27.6,27.6,27.2,27.2,349015
2024-10-06,14:30:00,27.2,27.5,27.2,27.45,282442
2024-10-06,15:00:00,27.35,27.35,27.35,27.35,33479
2024-10-07,10:00:00,27.5,27.8,27.15,27.35,602913
2024-10-07,10:30:00,27.35,27.6,27.15,27.6,330903
2024-10-07,11:00:00,27.6,27.65,27.35,27.55,200623
2024-10-07,11:30:00,27.55,27.75,27.4,27.55,185779
2024-10-07,12:00:00,27.55,27.95,27.5,27.75,515906
2024-10-07,12:30:00,27.8,27.85,27.65,27.75,294337
2024-10-07,13:00:00,27.75,27.85,27.65,27.65,131420
2024-10-07,13:30:00,27.65,27.8,27.55,27.65,130926
2024-10-07,14:00:00,27.6,27.65,27.4,27.5,214389
2024-10-07,14:30:00,27.45,27.5,27.35,27.4,239362
2024-10-07,15:00:00,27.35,27.35,27.35,27.35,90029
2024-10-08,10:00:00,27.4,27.55,27.1,27.15,479393
2024-10-08,10:30:00,27.2,27.2,26.85,26.95,393645
2024-10-08,11:00:00,26.9,27.1,26.8,27.05,265817
2024-10-08,11:30:00,27.1,27.1,26.75,26.75,232596
2024-10-08,12:00:00,26.8,26.85,26.65,26.8,206640
2024-10-08,12:30:00,26.75,26.8,26.45,26.5,165524
2024-10-08,13:00:00,26.5,26.75,26.45,26.7,214698
2024-10-08,13:30:00,26.7,26.8,26.55,26.8,168666
2024-10-08,14:00:00,26.75,26.95,26.75,26.95,107086
2024-10-08,14:30:00,26.95,27.05,26.75,26.8,245835
2024-10-08,15:00:00,26.8,26.8,26.8,26.8,39854
2024-10-09,10:00:00,26.8,27.5,26.7,27.2,794439
2024-10-09,10:30:00,27.2,27.6,27.05,27.1,546424
2024-10-09,11:00:00,27.1,27.15,26.75,26.9,490485
2024-10-09,11:30:00,26.85,26.95,26.6,26.65,281065
2024-10-09,12:00:00,26.7,26.85,26.65,26.75,95445
2024-10-09,12:30:00,26.75,26.8,26.5,26.6,284452
2024-10-09,13:00:00,26.6,26.7,26.45,26.65,162886
2024-10-09,13:30:00,26.6,26.65,26.25,26.35,243192
2024-10-09,14:00:00,26.3,26.35,25.95,26.05,474703
2024-10-09,14:30:00,26.0,26.05,25.65,25.85,448509
2024-10-09,15:00:00,25.75,25.75,25.75,25.75,124756
2024-10-10,10:00:00,25.85,26.25,25.55,26.0,580577
2024-10-10,10:30:00,26.0,26.4,26.0,26.2,414904
2024-10-10,11:00:00,26.25,26.3,25.95,25.95,255021
2024-10-10,11:30:00,25.95,26.0,25.7,25.85,193527
2024-10-10,12:00:00,25.85,25.95,25.8,25.9,106155
2024-10-10,12:30:00,25.9,26.25,25.85,26.05,200843
2024-10-10,13:00:00,26.1,26.5,26.1,26.35,497191
2024-10-10,13:30:00,26.35,26.4,26.2,26.3,121859
2024-10-10,14:00:00,26.3,26.55,26.2,26.55,218728
2024-10-10,14:30:00,26.55,26.6,26.35,26.45,264035
2024-10-10,15:00:00,26.5,26.5,26.5,26.5,49731
2024-10-13,10:00:00,26.7,27.0,26.55,26.9,293928
2024-10-13,10:30:00,26.95,27.1,26.75,26.9,460504
2024-10-13,11:00:00,26.85,26.9,26.65,26.75,223507
2024-10-13,11:30:00,26.75,26.95,26.65,26.75,136141
2024-10-13,12:00:00,26.8,26.8,26.7,26.8,65039
2024-10-13,12:30:00,26.75,26.85,26.7,26.75,114525
2024-10-13,13:00:00,26.75,26.75,26.6,26.7,140157
2024-10-13,13:30:00,26.7,26.8,26.65,26.7,82963
2024-10-13,14:00:00,26.7,26.75,26.55,26.65,131888
2024-10-13,14:30:00,26.6,26.75,26.55,26.6,272065
2024-10-13,15:00:00,26.6,26.6,26.6,26.6,11721
2024-10-14,10:00:00,26.7,27.15,26.5,27.05,649807
2024-10-14,10:30:00,27.05,27.45,26.9,27.05,879691
2024-10-14,11:00:00,27.05,27.15,26.85,26.9,242635
2024-10-14,11:30:00,26.9,26.95,26.8,26.9,137036
2024-10-14,12:00:00,26.9,26.95,26.75,26.8,148903
2024-10-14,12:30:00,26.8,26.9,26.75,26.85,104686
2024-10-14,13:00:00,26.8,26.85,26.65,26.65,143419
2024-10-14,13:30:00,26.65,26.8,26.55,26.75,131265
2024-10-14,14:00:00,26.75,26.9,26.65,26.7,95268
2024-10-14,14:30:00,26.7,26.75,26.55,26.65,185142
2024-10-14,15:00:00,26.7,26.7,26.7,26.7,69380
2024-10-15,10:00:00,26.8,26.95,26.7,26.85,230245
2024-10-15,10:30:00,26.85,26.95,26.7,26.85,227427
2024-10-15,11:00:00,26.85,27.0,26.75,26.85,239629
2024-10-15,11:30:00,26.9,26.95,26.75,26.75,94800
2024-10-15,12:00:00,26.8,27.05,26.75,26.95,203582
2024-10-15,12:30:00,27.0,27.25,26.9,27.1,435224
2024-10-15,13:00:00,27.1,27.4,26.95,27.15,417232
2024-10-15,13:30:00,27.15,27.25,27.05,27.1,110118
2024-10-15,14:00:00,27.05,27.2,26.95,27.0,209281
2024-10-15,14:30:00,27.0,27.05,26.85,27.0,228580
2024-10-15,15:00:00,26.9,26.9,26.9,26.9,50725
2024-10-16,10:00:00,26.9,27.1,26.85,27.0,146364
2024-10-16,10:30:00,27.05,27.25,26.95,27.0,239310
2024-10-16,11:00:00,26.9,27.05,26.85,27.0,114425
2024-10-16,11:30:00,27.0,27.0,26.85,26.9,122770
2024-10-16,12:00:00,26.9,26.95,26.85,26.9,35059
2024-10-16,12:30:00,26.9,26.95,26.8,26.85,89704
2024-10-16,13:00:00,26.85,26.95,26.8,26.9,105773
2024-10-16,13:30:00,26.85,26.95,26.8,26.85,133227
2024-10-16,14:00:00,26.8,26.85,26.75,26.8,89876
2024-10-16,14:30:00,26.75,26.8,26.7,26.75,172760
2024-10-16,15:00:00,26.75,26.75,26.75,26.75,25524
2024-10-17,10:00:00,26.8,26.95,26.75,26.9,144945
2024-10-17,10:30:00,26.9,26.9,26.75,26.75,110413
2024-10-17,11:00:00,26.75,26.8,26.65,26.7,79241
2024-10-17,11:30:00,26.7,26.75,26.5,26.65,114181
2024-10-17,12:00:00,26.65,26.7,26.55,26.7,68403
2024-10-17,12:30:00,26.7,26.7,26.6,26.65,49036
2024-10-17,13:00:00,26.6,26.7,26.55,26.6,145157
2024-10-17,13:30:00,26.6,26.6,26.5,26.5,61350
2024-10-17,14:00:00,26.55,26.55,26.3,26.35,192337
2024-10-17,14:30:00,26.3,26.4,26.25,26.4,194884
2024-10-17,15:00:00,26.3,26.3,26.3,26.3,30879
2024-10-20,10:00:00,26.3,26.5,26.05,26.1,160347
2024-10-20,10:30:00,26.05,26.45,26.05,26.35,149395
2024-10-20,11:00:00,26.4,26.4,26.1,26.2,64264
2024-10-20,11:30:00,26.2,26.3,26.1,26.1,65625
2024-10-20,12:00:00,26.15,26.15,26.0,26.05,53594
2024-10-20,12:30:00,26.05,26.05,25.9,26.0,92435
2024-10-20,13:00:00,26.0,26.15,25.9,26.1,47135
2024-10-20,13:30:00,26.05,26.2,26.0,26.15,55293
2024-10-20,14:00:00,26.2,26.3,26.15,26.2,91479
2024-10-20,14:30:00,26.2,26.2,26.0,26.05,98389
2024-10-20,15:00:00,26.05,26.05,26.05,26.05,3046
2024-10-21,10:00:00,26.1,26.25,25.95,26.1,144933
2024-10-21,10:30:00,26.15,26.35,26.05,26.1,211308
2024-10-21,11:00:00,26.1,26.15,26.0,26.1,104972
2024-10-21,11:30:00,26.1,26.3,26.0,26.25,106507
2024-10-21,12:00:00,26.3,26.45,26.2,26.25,252242
2024-10-21,12:30:00,26.25,26.55,26.2,26.35,252486
2024-10-21,13:00:00,26.35,26.4,26.25,26.25,55012
2024-10-21,13:30:00,26.3,26.6,26.25,26.5,205512
2024-10-21,14:00:00,26.5,26.7,26.45,26.55,303718
2024-10-21,14:30:00,26.55,26.6,26.45,26.55,147185
2024-10-21,15:00:00,26.55,26.55,26.55,26.55,16637
2024-10-22,10:00:00,26.5,26.5,26.25,26.3,201374
2024-10-22,10:30:00,26.35,26.35,26.2,26.25,93388
2024-10-22,11:00:00,26.25,26.45,26.15,26.3,164893
2024-10-22,11:30:00,26.3,26.35,26.2,26.2,34296
2024-10-22,12:00:00,26.2,26.3,26.15,26.25,104693
2024-10-22,12:30:00,26.25,26.4,26.2,26.25,55891
2024-10-22,13:00:00,26.25,26.3,26.15,26.2,82687
2024-10-22,13:30:00,26.2,26.25,26.15,26.15,49993
2024-10-22,14:00:00,26.2,26.2,26.05,26.05,173324
2024-10-22,14:30:00,26.1,26.1,26.0,26.05,146769
2024-10-22,15:00:00,26.0,26.0,26.0,26.0,96399
2024-10-23,10:00:00,26.0,26.05,25.85,26.0,195855
2024-10-23,10:30:00,26.0,26.0,25.8,25.85,98386
2024-10-23,11:00:00,25.85,25.85,25.6,25.85,66005
2024-10-23,11:30:00,25.8,26.05,25.8,25.9,133956
2024-10-23,12:00:00,25.9,26.15,25.85,26.0,132431
2024-10-23,12:30:00,26.0,26.2,26.0,26.15,165513
2024-10-23,13:00:00,26.1,26.4,26.1,26.35,289948
2024-10-23,13:30:00,26.3,26.35,26.05,26.1,99522
2024-10-23,14:00:00,26.1,26.2,26.05,26.15,68063
2024-10-23,14:30:00,26.15,26.25,26.05,26.1,147491
2024-10-23,15:00:00,26.2,26.2,26.2,26.2,64216
2024-10-24,10:00:00,26.05,26.25,26.0,26.05,148768
2024-10-24,10:30:00,26.1,26.15,26.0,26.15,101066
2024-10-24,11:00:00,26.15,26.35,25.95,26.2,260340
2024-10-24,11:30:00,26.2,26.45,26.05,26.25,362834
2024-10-24,12:00:00,26.25,26.3,25.95,26.0,132591
2024-10-24,12:30:00,26.0,26.0,25.8,25.9,94812
2024-10-24,13:00:00,25.95,26.1,25.9,26.1,102059
2024-10-24,13:30:00,26.15,26.15,25.9,25.95,167564
2024-10-24,14:00:00,25.9,26.0,25.9,26.0,76899
2024-10-24,14:30:00,26.05,26.05,25.85,25.85,135414
2024-10-24,15:00:00,25.85,25.85,25.85,25.85,16015
2024-10-27,10:00:00,26.05,26.65,26.0,26.5,468726
2024-10-27,10:30:00,26.5,26.75,26.45,26.6,227639
2024-10-27,11:00:00,26.55,26.65,26.45,26.6,185937
2024-10-27,11:30:00,26.6,26.85,26.5,26.75,346486
2024-10-27,12:00:00,26.8,27.0,26.75,26.8,491809
2024-10-27,12:30:00,26.85,27.2,26.75,26.95,687449
2024-10-27,13:00:00,27.0,27.4,26.95,27.3,899389
2024-10-27,13:30:00,27.3,28.4,27.15,28.4,1763988
2024-10-27,14:00:00,28.4,28.4,28.4,28.4,176294
2024-10-27,14:30:00,28.4,28.4,28.4,28.4,73593
2024-10-27,15:00:00,28.4,28.4,28.4,28.4,14373
2024-10-28,10:00:00,29.2,29.25,28.4,28.65,2733264
2024-10-28,10:30:00,28.7,28.75,27.95,28.15,1171321
2024-10-28,11:00:00,28.15,28.3,27.85,28.05,716785
2024-10-28,11:30:00,28.1,28.15,27.85,27.95,389440
2024-10-28,12:00:00,27.95,28.15,27.85,28.0,246623
2024-10-28,12:30:00,28.05,28.15,27.6,27.75,638457
2024-10-28,13:00:00,27.75,27.95,27.65,27.8,399845
2024-10-28,13:30:00,27.8,27.85,27.45,27.6,745328
2024-10-28,14:00:00,27.6,27.65,27.45,27.5,319187
2024-10-28,14:30:00,27.5,27.7,27.45,27.5,363641
2024-10-28,15:00:00,27.55,27.55,27.55,27.55,56271
2024-10-29,10:00:00,27.8,28.05,27.5,27.65,912319
2024-10-29,10:30:00,27.65,27.75,27.35,27.5,356652
2024-10-29,11:00:00,27.45,27.5,27.25,27.3,361508
2024-10-29,11:30:00,27.35,27.45,27.1,27.15,244471
2024-10-29,12:00:00,27.2,27.4,27.15,27.2,122137
2024-10-29,12:30:00,27.2,27.4,27.1,27.25,128700
2024-10-29,13:00:00,27.2,27.35,27.2,27.25,75268
2024-10-29,13:30:00,27.3,27.3,26.95,27.05,336638
2024-10-29,14:00:00,27.05,27.05,26.7,26.9,306606
2024-10-29,14:30:00,26.9,27.0,26.8,26.95,214498
2024-10-29,15:00:00,26.95,26.95,26.95,26.95,13884
2024-10-30,10:00:00,27.05,27.55,26.95,27.5,525345
2024-10-30,10:30:00,27.5,28.3,27.4,27.9,1649885
2024-10-30,11:00:00,28.0,28.0,27.7,27.85,288577
2024-10-30,11:30:00,27.85,28.4,27.75,28.15,776371
2024-10-30,12:00:00,28.15,28.2,27.9,27.95,242173
2024-10-30,12:30:00,27.9,28.1,27.8,28.0,220550
2024-10-30,13:00:00,28.0,28.35,27.95,28.05,410283
2024-10-30,13:30:00,28.1,28.2,27.8,27.95,276135
2024-10-30,14:00:00,27.95,27.95,27.5,27.6,407905
2024-10-30,14:30:00,27.6,27.7,27.55,27.6,223023
2024-10-30,15:00:00,27.65,27.65,27.65,27.65,33438
2024-10-31,10:00:00,27.8,27.8,27.35,27.45,357117
2024-10-31,10:30:00,27.5,27.65,27.35,27.4,172833
2024-10-31,11:00:00,27.4,27.45,27.3,27.35,129901
2024-10-31,11:30:00,27.45,27.55,27.3,27.3,150170
2024-10-31,12:00:00,27.35,27.45,27.3,27.45,61219
2024-10-31,12:30:00,27.4,27.75,27.4,27.5,159433
2024-10-31,13:00:00,27.5,27.95,27.5,27.7,221293
2024-10-31,13:30:00,27.7,27.85,27.65,27.8,202359
2024-10-31,14:00:00,27.8,27.8,27.3,27.45,189134
2024-10-31,14:30:00,27.45,27.5,27.3,27.4,228335
2024-10-31,15:00:00,27.4,27.4,27.4,27.4,35721
2024-11-03,10:00:00,27.4,27.75,27.3,27.4,122633
2024-11-03,10:30:00,27.5,27.5,27.3,27.35,68764
2024-11-03,11:00:00,27.4,27.5,27.3,27.35,55095
2024-11-03,11:30:00,27.35,27.35,27.25,27.35,47930
2024-11-03,12:00:00,27.35,27.5,27.3,27.45,79948
2024-11-03,12:30:00,27.4,27.5,27.35,27.4,61272
2024-11-03,13:00:00,27.4,27.5,27.3,27.4,83279
2024-11-03,13:30:00,27.35,27.4,27.0,27.1,226623
2024-11-03,14:00:00,27.05,27.2,27.0,27.1,172945
2024-11-03,14:30:00,27.1,27.2,27.05,27.2,101856
2024-11-03,15:00:00,27.2,27.2,27.2,27.2,19089
2024-11-04,10:00:00,27.2,27.2,26.65,26.65,306755
2024-11-04,10:30:00,26.65,26.7,26.5,26.55,196296
2024-11-04,11:00:00,26.55,26.6,26.5,26.6,97605
2024-11-04,11:30:00,26.55,26.7,26.5,26.65,91858
2024-11-04,12:00:00,26.65,26.75,26.6,26.7,35752
2024-11-04,12:30:00,26.7,26.85,26.65,26.8,88717
2024-11-04,13:00:00,26.8,26.8,26.7,26.75,32773
2024-11-04,13:30:00,26.75,26.85,26.75,26.8,45927
2024-11-04,14:00:00,26.8,26.85,26.75,26.8,115472
2024-11-04,14:30:00,26.85,27.05,26.8,27.0,192578
2024-11-04,15:00:00,27.05,27.05,27.05,27.05,29991
2024-11-05,10:00:00,27.05,27.2,26.85,26.85,101546
2024-11-05,10:30:00,26.9,26.9,26.7,26.75,75066
2024-11-05,11:00:00,26.8,26.95,26.7,26.9,61903
2024-11-05,11:30:00,26.9,26.95,26.75,26.75,61386
2024-11-05,12:00:00,26.7,26.8,26.7,26.75,72386
2024-11-05,12:30:00,26.75,26.9,26.7,26.85,114437
2024-11-05,13:00:00,26.85,27.2,26.8,27.0,183258
2024-11-05,13:30:00,26.95,27.4,26.95,27.15,230586
2024-11-05,14:00:00,27.15,27.5,27.1,27.1,345727
2024-11-05,14:30:00,27.1,27.15,26.85,27.0,204780
2024-11-05,15:00:00,27.0,27.0,27.0,27.0,26550
2024-11-06,10:00:00,27.15,27.35,26.95,27.25,325620
2024-11-06,10:30:00,27.3,27.6,27.2,27.55,247011
2024-11-06,11:00:00,27.6,27.6,27.35,27.35,224888
2024-11-06,11:30:00,27.4,27.4,27.2,27.25,109303
2024-11-06,12:00:00,27.3,27.3,27.15,27.2,82803
2024-11-06,12:30:00,27.2,27.25,27.1,27.2,158205
2024-11-06,13:00:00,27.15,27.4,27.1,27.3,136277
2024-11-06,13:30:00,27.3,27.7,27.3,27.4,431887
2024-11-06,14:00:00,27.45,27.45,27.3,27.35,76230
2024-11-06,14:30:00,27.4,27.4,27.25,27.4,84102
2024-11-06,15:00:00,27.4,27.4,27.4,27.4,19179
2024-11-07,10:00:00,27.55,28.3,27.45,28.25,1007325
2024-11-07,10:30:00,28.2,28.7,28.15,28.4,1121920
2024-11-07,11:00:00,28.4,29.3,28.3,29.15,1603962
2024-11-07,11:30:00,29.2,29.25,28.8,29.1,759254
2024-11-07,12:00:00,29.1,29.5,29.05,29.25,1010935
2024-11-07,12:30:00,29.25,29.3,29.0,29.15,367412
2024-11-07,13:00:00,29.15,29.15,28.8,28.9,253880
2024-11-07,13:30:00,28.9,29.15,28.65,29.05,465763
2024-11-07,14:00:00,29.0,29.25,28.9,29.1,350960
2024-11-07,14:30:00,29.1,29.4,28.8,29.3,819950
2024-11-07,15:00:00,29.25,29.25,29.25,29.25,135298
2024-11-10,10:00:00,29.7,30.0,29.25,29.6,979405
2024-11-10,10:30:00,29.55,29.6,29.3,29.4,250573
2024-11-10,11:00:00,29.4,29.6,29.35,29.5,141149
2024-11-10,11:30:00,29.5,30.35,29.45,30.35,837919
2024-11-10,12:00:00,30.3,30.4,30.1,30.25,533917
2024-11-10,12:30:00,30.25,30.65,30.15,30.6,758303
2024-11-10,13:00:00,30.6,31.0,30.4,30.8,933392
2024-11-10,13:30:00,30.85,31.3,30.7,31.3,1159912
2024-11-10,14:00:00,31.3,31.9,31.25,31.5,1299627
2024-11-10,14:30:00,31.5,31.5,30.85,30.95,1061014
2024-11-10,15:00:00,30.95,30.95,30.95,30.95,121355
2024-11-11,10:00:00,30.9,31.2,30.3,30.4,715691
2024-11-11,10:30:00,30.45,30.6,29.4,29.55,1134275
2024-11-11,11:00:00,29.6,29.9,29.45,29.7,581797
2024-11-11,11:30:00,29.65,30.15,29.65,29.8,516170
2024-11-11,12:00:00,29.85,29.9,29.5,29.7,279168
2024-11-11,12:30:00,29.65,29.8,29.55,29.7,191079
2024-11-11,13:00:00,29.65,29.75,29.6,29.7,96235
2024-11-11,13:30:00,29.7,30.0,29.65,29.7,206676
2024-11-11,14:00:00,29.7,29.8,29.5,29.6,252914
2024-11-11,14:30:00,29.6,29.8,29.4,29.45,351268
2024-11-11,15:00:00,29.5,29.5,29.5,29.5,39786
2024-11-12,10:00:00,29.55,30.55,29.55,30.4,1119929
2024-11-12,10:30:00,30.4,31.0,30.15,30.85,952081
2024-11-12,11:00:00,30.85,30.95,30.5,30.65,417177
2024-11-12,11:30:00,30.65,30.9,30.45,30.8,403165
2024-11-12,12:00:00,30.8,30.9,30.6,30.65,250636
2024-11-12,12:30:00,30.65,30.7,30.4,30.4,271870
2024-11-12,13:00:00,30.4,30.45,30.1,30.35,231420
2024-11-12,13:30:00,30.3,30.8,30.3,30.4,355707
2024-11-12,14:00:00,30.4,30.65,30.25,30.35,220018
2024-11-12,14:30:00,30.35,30.55,30.35,30.55,266272
2024-11-12,15:00:00,30.55,30.55,30.55,30.55,80488
2024-11-13,10:00:00,30.55,30.6,29.9,30.15,659531
2024-11-13,10:30:00,30.2,30.4,30.05,30.15,229255
2024-11-13,11:00:00,30.2,30.8,30.2,30.4,289626
2024-11-13,11:30:00,30.4,30.5,30.3,30.35,127697
2024-11-13,12:00:00,30.35,30.4,30.2,30.25,151944
2024-11-13,12:30:00,30.25,30.35,30.15,30.25,123653
2024-11-13,13:00:00,30.25,30.25,29.95,30.0,212537
2024-11-13,13:30:00,30.05,30.2,30.0,30.15,108855
2024-11-13,14:00:00,30.15,30.25,29.9,29.9,232582
2024-11-13,14:30:00,29.85,30.05,29.8,30.05,170418
2024-11-13,15:00:00,30.05,30.05,30.05,30.05,29378
2024-11-14,10:00:00,30.05,30.05,29.45,29.7,567229
2024-11-14,10:30:00,29.7,29.85,29.5,29.55,185990
2024-11-14,11:00:00,29.55,30.0,29.55,29.95,153567
2024-11-14,11:30:00,29.9,29.95,29.65,29.75,87861
2024-11-14,12:00:00,29.65,29.75,29.65,29.7,33236
2024-11-14,12:30:00,29.7,29.85,29.6,29.7,61034
2024-11-14,13:00:00,29.65,29.75,29.6,29.65,76700
2024-11-14,13:30:00,29.6,30.0,29.6,29.7,207031
2024-11-14,14:00:00,29.7,29.8,29.55,29.6,117081
2024-11-14,14:30:00,29.55,29.75,29.55,29.7,211828
2024-11-14,15:00:00,29.7,29.7,29.7,29.7,12349
2024-11-17,10:00:00,29.65,30.6,29.5,30.3,666420
2024-11-17,10:30:00,30.3,30.75,30.25,30.7,418774
2024-11-17,11:00:00,30.7,30.7,30.3,30.35,251547
2024-11-17,11:30:00,30.3,30.75,30.25,30.7,257138
2024-11-17,12:00:00,30.65,30.75,30.35,30.4,257473
2024-11-17,12:30:00,30.4,30.5,30.2,30.3,154919
2024-11-17,13:00:00,30.25,30.3,29.95,30.1,345910
2024-11-17,13:30:00,30.05,30.25,30.0,30.15,159013
2024-11-17,14:00:00,30.1,30.2,29.95,29.95,98715
2024-11-17,14:30:00,30.0,30.05,29.85,29.85,148695
2024-11-17,15:00:00,29.9,29.9,29.9,29.9,39196
2024-11-18,10:00:00,29.8,29.95,29.6,29.8,231195
2024-11-18,10:30:00,29.85,30.1,29.8,29.9,153828
2024-11-18,11:00:00,29.9,29.95,29.75,29.75,69729
2024-11-18,11:30:00,29.75,29.9,29.7,29.75,115083
2024-11-18,12:00:00,29.7,29.85,29.7,29.8,47895
2024-11-18,12:30:00,29.8,30.2,29.8,30.0,292542
2024-11-18,13:00:00,30.0,30.35,29.95,30.1,246190
2024-11-18,13:30:00,30.1,30.25,29.85,29.85,261192
2024-11-18,14:00:00,29.9,30.1,29.8,30.0,252226
2024-11-18,14:30:00,30.0,30.05,29.85,30.0,139191
2024-11-18,15:00:00,29.95,29.95,29.95,29.95,82692
2024-11-19,10:00:00,30.0,31.05,30.0,30.95,1392655
2024-11-19,10:30:00,30.95,31.15,30.75,30.9,1221750
2024-11-19,11:00:00,30.9,30.95,30.55,30.55,453506
2024-11-19,11:30:00,30.55,30.65,30.4,30.55,338737
2024-11-19,12:00:00,30.55,30.6,30.45,30.6,170061
2024-11-19,12:30:00,30.6,30.6,30.4,30.4,195280
2024-11-19,13:00:00,30.45,30.7,30.45,30.55,129987
2024-11-19,13:30:00,30.6,30.65,30.5,30.5,159709
2024-11-19,14:00:00,30.5,30.8,30.4,30.5,269516
2024-11-19,14:30:00,30.5,30.55,30.35,30.45,206802
2024-11-19,15:00:00,30.45,30.45,30.45,30.45,47462
2024-11-20,10:00:00,30.45,30.6,30.2,30.3,272760
2024-11-20,10:30:00,30.3,30.5,30.25,30.25,125888
2024-11-20,11:00:00,30.3,30.3,30.15,30.3,183534
2024-11-20,11:30:00,30.25,30.35,30.2,30.25,75434
2024-11-20,12:00:00,30.2,30.25,30.15,30.15,73746
2024-11-20,12:30:00,30.15,30.2,29.9,30.05,266303
2024-11-20,13:00:00,30.0,30.05,29.9,29.95,92653
2024-11-20,13:30:00,29.95,30.05,29.8,29.9,155530
2024-11-20,14:00:00,29.9,29.95,29.45,29.6,555401
2024-11-20,14:30:00,29.65,29.7,29.5,29.7,238110
2024-11-20,15:00:00,29.6,29.6,29.6,29.6,24819
2024-11-21,10:00:00,29.8,30.1,29.65,29.9,254122
2024-11-21,10:30:00,29.9,29.95,29.75,29.75,124001
2024-11-21,11:00:00,29.8,29.85,29.2,29.3,379189
2024-11-21,11:30:00,29.35,29.45,28.95,29.05,478957
2024-11-21,12:00:00,29.1,29.3,29.05,29.15,242250
2024-11-21,12:30:00,29.15,29.2,29.0,29.1,176582
2024-11-21,13:00:00,29.05,29.1,28.75,28.8,400736
2024-11-21,13:30:00,28.85,28.9,28.6,28.9,312077
2024-11-21,14:00:00,28.9,29.2,28.85,29.1,181959
2024-11-21,14:30:00,29.1,29.3,29.05,29.05,243698
2024-11-21,15:00:00,29.1,29.1,29.1,29.1,64655
2024-11-24,10:00:00,29.2,29.55,29.1,29.4,206341
2024-11-24,10:30:00,29.35,29.4,29.1,29.2,132285
2024-11-24,11:00:00,29.2,29.25,29.1,29.2,58445
2024-11-24,11:30:00,29.25,29.25,29.1,29.2,45835
2024-11-24,12:00:00,29.2,29.2,28.75,28.8,192444
2024-11-24,12:30:00,28.8,29.05,28.7,29.05,206197
2024-11-24,13:00:00,29.05,29.15,28.9,29.05,57077
2024-11-24,13:30:00,29.0,29.05,28.8,28.8,108473
2024-11-24,14:00:00,28.8,28.9,28.75,28.85,76396
2024-11-24,14:30:00,28.85,28.85,28.7,28.75,131743
2024-11-24,15:00:00,28.8,28.8,28.8,28.8,10936
2024-11-25,10:00:00,28.9,29.15,28.7,28.9,304838
2024-11-25,10:30:00,28.9,29.2,28.85,29.05,179472
2024-11-25,11:00:00,29.05,29.3,29.05,29.15,212681
2024-11-25,11:30:00,29.15,29.3,29.1,29.2,174818
2024-11-25,12:00:00,29.2,29.2,29.0,29.0,111220
2024-11-25,12:30:00,29.0,29.1,28.85,28.9,120784
2024-11-25,13:00:00,28.95,29.05,28.8,28.85,91912
2024-11-25,13:30:00,28.85,28.9,28.8,28.9,102162
2024-11-25,14:00:00,28.95,29.0,28.85,28.9,67933
2024-11-25,14:30:00,28.9,29.3,28.9,29.15,304587
2024-11-25,15:00:00,28.9,28.9,28.9,28.9,714002
2024-11-26,10:00:00,28.75,28.9,28.35,28.4,429255
2024-11-26,10:30:00,28.4,28.45,28.2,28.3,206985
2024-11-26,11:00:00,28.25,28.55,28.2,28.45,124324
2024-11-26,11:30:00,28.45,28.5,28.35,28.45,52775
2024-11-26,12:00:00,28.4,28.45,28.3,28.3,59280
2024-11-26,12:30:00,28.35,28.55,28.35,28.4,149879
2024-11-26,13:00:00,28.4,28.4,28.25,28.35,106145
2024-11-26,13:30:00,28.4,28.45,28.35,28.4,43873
2024-11-26,14:00:00,28.35,28.4,28.0,28.05,230222
2024-11-26,14:30:00,28.1,28.1,27.85,28.05,277710
2024-11-26,15:00:00,28.15,28.15,28.15,28.15,20235
2024-11-27,10:00:00,28.3,28.3,27.7,27.85,250026
2024-11-27,10:30:00,27.8,27.9,27.6,27.85,377736
2024-11-27,11:00:00,27.85,27.95,27.75,27.95,111162
2024-11-27,11:30:00,27.95,27.95,27.8,27.85,72196
2024-11-27,12:00:00,27.85,27.9,27.75,27.85,70734
2024-11-27,12:30:00,27.9,28.0,27.7,27.95,94352
2024-11-27,13:00:00,28.0,28.0,27.8,27.85,67286
2024-11-27,13:30:00,27.85,28.05,27.8,28.0,94272
2024-11-27,14:00:00,27.95,28.1,27.85,28.0,100348
2024-11-27,14:30:00,28.0,28.2,28.0,28.1,124375
2024-11-27,15:00:00,28.1,28.1,28.1,28.1,30728
2024-11-28,10:00:00,28.2,28.2,27.7,27.8,286272
2024-11-28,10:30:00,27.85,28.2,27.75,28.05,142199
2024-11-28,11:00:00,28.05,28.4,28.05,28.2,143227
2024-11-28,11:30:00,28.2,28.2,28.0,28.1,78015
2024-11-28,12:00:00,28.1,28.25,28.05,28.15,55215
2024-11-28,12:30:00,28.15,28.4,28.15,28.25,111115
2024-11-28,13:00:00,28.25,28.35,28.2,28.25,42043
2024-11-28,13:30:00,28.2,28.65,28.2,28.5,312594
2024-11-28,14:00:00,28.5,28.55,28.2,28.25,101477
2024-11-28,14:30:00,28.25,28.4,28.1,28.4,111190
2024-11-28,15:00:00,28.15,28.15,28.15,28.15,38186
2024-12-01,10:00:00,28.2,28.5,28.15,28.4,119611
2024-12-01,10:30:00,28.45,28.45,28.3,28.35,60122
2024-12-01,11:00:00,28.35,28.35,28.1,28.1,120349
2024-12-01,11:30:00,28.1,28.3,28.1,28.2,77835
2024-12-01,12:00:00,28.25,28.35,28.2,28.35,31207
2024-12-01,12:30:00,28.3,28.6,28.25,28.55,180514
2024-12-01,13:00:00,28.5,28.6,28.3,28.35,128113
2024-12-01,13:30:00,28.3,28.4,28.25,28.3,49272
2024-12-01,14:00:00,28.3,28.35,28.2,28.3,92998
2024-12-01,14:30:00,28.35,28.35,28.25,28.3,45594
2024-12-01,15:00:00,28.3,28.3,28.3,28.3,12995
2024-12-02,10:00:00,28.3,28.3,28.05,28.1,114340
2024-12-02,10:30:00,28.1,28.25,27.9,28.05,191484
2024-12-02,11:00:00,28.05,28.15,27.95,28.05,78316
2024-12-02,11:30:00,28.0,28.1,27.9,27.95,73027
2024-12-02,12:00:00,27.95,28.05,27.9,28.05,56931
2024-12-02,12:30:00,28.05,28.1,27.9,27.95,45779
2024-12-02,13:00:00,27.95,28.0,27.85,27.85,71482
2024-12-02,13:30:00,27.85,28.0,27.8,27.9,135257
2024-12-02,14:00:00,27.85,27.95,27.65,27.85,165625
2024-12-02,14:30:00,27.85,28.0,27.85,27.9,75209
2024-12-02,15:00:00,27.9,27.9,27.9,27.9,22694
2024-12-03,10:00:00,27.75,28.1,27.65,28.0,232341
2024-12-03,10:30:00,28.0,28.2,27.85,28.05,119848
2024-12-03,11:00:00,28.05,28.1,27.9,27.95,150313
2024-12-03,11:30:00,27.95,28.0,27.8,27.95,95160
2024-12-03,12:00:00,27.9,28.15,27.9,28.15,83018
2024-12-03,12:30:00,28.15,28.2,27.95,28.0,82551
2024-12-03,13:00:00,28.0,28.05,27.75,27.85,194783
2024-12-03,13:30:00,27.85,28.0,27.85,27.9,40075
2024-12-03,14:00:00,27.9,27.95,27.85,27.9,46069
2024-12-03,14:30:00,27.9,28.0,27.85,27.95,81752
2024-12-03,15:00:00,27.95,27.95,27.95,27.95,32786
2024-12-04,10:00:00,28.0,28.1,27.85,27.85,83473
2024-12-04,10:30:00,27.9,27.95,27.8,27.85,99866
2024-12-04,11:00:00,27.85,27.95,27.8,27.9,65053
2024-12-04,11:30:00,27.9,28.15,27.85,27.95,90814
2024-12-04,12:00:00,28.0,28.0,27.9,27.9,27862
2024-12-04,12:30:00,27.95,28.0,27.9,27.9,51743
2024-12-04,13:00:00,27.9,27.95,27.85,27.9,40991
2024-12-04,13:30:00,27.95,27.95,27.8,27.9,72925
2024-12-04,14:00:00,27.85,27.9,27.8,27.9,62170
2024-12-04,14:30:00,27.9,27.95,27.85,27.95,68034
2024-12-04,15:00:00,27.95,27.95,27.95,27.95,14108
2024-12-05,10:00:00,27.95,28.25,27.95,28.1,147564
2024-12-05,10:30:00,28.1,28.4,28.1,28.2,203724
2024-12-05,11:00:00,28.2,28.25,28.05,28.1,126114
2024-12-05,11:30:00,28.05,28.15,28.0,28.0,94875
2024-12-05,12:00:00,28.0,28.05,27.9,28.0,100471
2024-12-05,12:30:00,27.95,28.0,27.9,27.9,55213
2024-12-05,13:00:00,27.9,28.0,27.9,27.95,73478
2024-12-05,13:30:00,27.95,28.05,27.95,28.05,57394
2024-12-05,14:00:00,28.0,28.05,27.9,27.95,94291
2024-12-05,14:30:00,27.95,28.05,27.9,28.0,69414
2024-12-05,15:00:00,28.0,28.0,28.0,28.0,13049
2024-12-08,10:00:00,28.05,28.1,27.9,27.95,261051
2024-12-08,10:30:00,28.0,28.1,27.95,28.0,73118
2024-12-08,11:00:00,28.0,28.05,27.95,28.0,77393
2024-12-08,11:30:00,28.05,28.05,27.95,28.0,68132
2024-12-08,12:00:00,28.0,28.05,27.95,28.0,78503
2024-12-08,12:30:00,28.0,28.05,27.95,28.0,88638
2024-12-08,13:00:00,27.95,28.0,27.85,27.9,251407
2024-12-08,13:30:00,27.9,28.1,27.85,28.0,200048
2024-12-08,14:00:00,28.0,28.1,27.95,28.0,93578
2024-12-08,14:30:00,28.0,28.0,27.85,28.0,206686
2024-12-08,15:00:00,28.05,28.05,28.05,28.05,5786
2024-12-09,10:00:00,28.0,28.1,27.9,28.0,82055
2024-12-09,10:30:00,28.0,28.1,27.9,27.9,59769
2024-12-09,11:00:00,27.95,28.0,27.9,27.95,71817
2024-12-09,11:30:00,27.95,27.95,27.85,27.9,60597
2024-12-09,12:00:00,27.9,27.95,27.85,27.95,74355
2024-12-09,12:30:00,27.9,27.95,27.85,27.85,127171
2024-12-09,13:00:00,27.85,28.0,27.85,27.9,83051
2024-12-09,13:30:00,27.95,27.95,27.85,27.85,47256
2024-12-09,14:00:00,27.85,27.9,27.85,27.85,115624
2024-12-09,14:30:00,27.85,27.95,27.85,27.9,136911
2024-12-09,15:00:00,27.85,27.85,27.85,27.85,6529
2024-12-10,10:00:00,28.0,28.25,27.9,28.1,423440
2024-12-10,10:30:00,28.1,28.2,28.0,28.2,273208
2024-12-10,11:00:00,28.15,28.35,28.1,28.25,594867
2024-12-10,11:30:00,28.25,28.5,28.2,28.4,339153
2024-12-10,12:00:00,28.45,28.7,28.4,28.45,510651
2024-12-10,12:30:00,28.4,28.55,28.3,28.5,179224
2024-12-10,13:00:00,28.5,28.6,28.35,28.4,159895
2024-12-10,13:30:00,28.4,28.4,28.25,28.3,145253
2024-12-10,14:00:00,28.3,28.35,28.25,28.3,88848
2024-12-10,14:30:00,28.35,28.8,28.3,28.7,491683
2024-12-10,15:00:00,28.7,28.7,28.7,28.7,64779
2024-12-11,10:00:00,28.7,28.75,28.35,28.35,234680
2024-12-11,10:30:00,28.4,28.55,28.35,28.5,96528
2024-12-11,11:00:00,28.45,28.45,28.35,28.4,49276
2024-12-11,11:30:00,28.45,28.5,28.25,28.25,107526
2024-12-11,12:00:00,28.3,28.4,28.3,28.3,68745
2024-12-11,12:30:00,28.35,28.4,28.3,28.3,86328
2024-12-11,13:00:00,28.3,28.35,28.25,28.35,76228
2024-12-11,13:30:00,28.3,28.3,28.15,28.15,132551
2024-12-11,14:00:00,28.2,28.2,27.95,28.05,237821
2024-12-11,14:30:00,28.05,28.1,27.95,28.05,111545
2024-12-11,15:00:00,28.05,28.05,28.05,28.05,18823
2024-12-12,10:00:00,28.1,28.15,27.95,28.0,69711
2024-12-12,10:30:00,28.0,28.05,27.8,27.9,89213
2024-12-12,11:00:00,27.9,28.1,27.85,28.1,62220
2024-12-12,11:30:00,28.05,28.15,28.0,28.0,50575
2024-12-12,12:00:00,28.05,28.05,27.95,28.0,48997
2024-12-12,12:30:00,28.05,28.1,28.0,28.0,57916
2024-12-12,13:00:00,28.05,28.05,27.95,27.95,46247
2024-12-12,13:30:00,27.95,28.0,27.9,27.9,31867
2024-12-12,14:00:00,27.95,28.0,27.9,27.95,32934
2024-12-12,14:30:00,28.0,28.0,27.9,28.0,77322
2024-12-12,15:00:00,27.95,27.95,27.95,27.95,14088
2024-12-15,10:00:00,27.95,28.1,27.95,28.05,58383
2024-12-15,10:30:00,28.05,28.05,27.95,27.95,55458
2024-12-15,11:00:00,28.0,28.05,27.95,28.05,65254
2024-12-15,11:30:00,28.0,28.05,27.95,28.0,76578
2024-12-15,12:00:00,28.0,28.05,27.95,28.05,50453
2024-12-15,12:30:00,28.05,28.05,27.9,27.95,54046
2024-12-15,13:00:00,27.9,28.1,27.9,28.05,111485
2024-12-15,13:30:00,28.05,28.1,28.0,28.05,92513
2024-12-15,14:00:00,28.05,28.15,28.05,28.05,27032
2024-12-15,14:30:00,28.05,28.15,28.05,28.1,58005
2024-12-15,15:00:00,28.15,28.15,28.15,28.15,50254
2024-12-16,10:00:00,28.15,28.35,28.15,28.3,281573
2024-12-16,10:30:00,28.3,28.3,28.1,28.15,149549
2024-12-16,11:00:00,28.15,28.2,27.95,27.95,98962
2024-12-16,11:30:00,28.0,28.0,27.85,27.95,61302
2024-12-16,12:00:00,27.95,28.0,27.9,27.95,20605
2024-12-16,12:30:00,27.95,28.0,27.85,27.9,50002
2024-12-16,13:00:00,27.9,27.9,27.75,27.9,141627
2024-12-16,13:30:00,27.85,27.9,27.75,27.85,48577
2024-12-16,14:00:00,27.8,27.85,27.75,27.8,46018
2024-12-16,14:30:00,27.8,27.95,27.75,27.9,49885
2024-12-16,15:00:00,27.9,27.9,27.9,27.9,5983
2024-12-17,10:00:00,27.9,27.9,27.8,27.8,26947
2024-12-17,10:30:00,27.75,27.85,27.7,27.75,76367
2024-12-17,11:00:00,27.75,27.9,27.7,27.7,44340
2024-12-17,11:30:00,27.7,27.8,27.6,27.7,59101
2024-12-17,12:00:00,27.7,27.8,27.6,27.75,54120
2024-12-17,12:30:00,27.75,27.85,27.75,27.8,33095
2024-12-17,13:00:00,27.8,27.8,27.7,27.8,37705
2024-12-17,13:30:00,27.75,27.85,27.75,27.85,32761
2024-12-17,14:00:00,27.8,27.8,27.7,27.75,34838
2024-12-17,14:30:00,27.75,27.8,27.65,27.65,74797
2024-12-17,15:00:00,27.7,27.7,27.7,27.7,8656
2024-12-18,10:00:00,27.65,27.75,27.45,27.45,82949
2024-12-18,10:30:00,27.45,27.45,27.25,27.4,62726
2024-12-18,11:00:00,27.35,27.5,27.35,27.4,68441
2024-12-18,11:30:00,27.4,27.55,27.35,27.45,47389
2024-12-18,12:00:00,27.45,27.45,27.2,27.25,100124
2024-12-18,12:30:00,27.3,27.4,27.2,27.4,49615
2024-12-18,13:00:00,27.35,27.45,27.35,27.4,52747
2024-12-18,13:30:00,27.45,27.45,27.4,27.4,15476
2024-12-18,14:00:00,27.4,27.45,27.35,27.45,37534
2024-12-18,14:30:00,27.4,27.55,27.35,27.55,63860
2024-12-18,15:00:00,27.55,27.55,27.55,27.55,12216
2024-12-19,10:00:00,27.65,27.65,27.05,27.4,109823
2024-12-19,10:30:00,27.45,27.45,27.25,27.3,55425
2024-12-19,11:00:00,27.3,27.35,27.1,27.2,66121
2024-12-19,11:30:00,27.15,27.25,27.05,27.15,48175
2024-12-19,12:00:00,27.15,27.25,27.1,27.2,11309
2024-12-19,12:30:00,27.2,27.25,26.95,27.1,200385
2024-12-19,13:00:00,27.1,27.15,27.05,27.1,33425
2024-12-19,13:30:00,27.1,27.2,27.1,27.15,19306
2024-12-19,14:00:00,27.15,27.2,27.1,27.1,33540
2024-12-19,14:30:00,27.15,27.15,27.0,27.1,88733
2024-12-19,15:00:00,27.05,27.05,27.05,27.05,26122
2024-12-22,10:00:00,27.15,27.2,26.95,27.1,84489
2024-12-22,10:30:00,27.1,27.2,27.05,27.1,44125
2024-12-22,11:00:00,27.1,27.15,26.95,27.0,70276
2024-12-22,11:30:00,27.0,27.05,26.95,27.0,32804
2024-12-22,12:00:00,27.0,27.05,26.9,26.9,155126
2024-12-22,12:30:00,26.9,26.95,26.85,26.85,161886
2024-12-22,13:00:00,26.85,26.9,26.8,26.85,117909
2024-12-22,13:30:00,26.8,26.9,26.8,26.85,67368
2024-12-22,14:00:00,26.85,26.85,26.7,26.75,62115
2024-12-22,14:30:00,26.75,26.8,26.6,26.65,91498
2024-12-22,15:00:00,26.7,26.7,26.7,26.7,28472
2024-12-23,10:00:00,26.7,26.8,26.4,26.75,78452
2024-12-23,10:30:00,26.7,26.85,26.6,26.6,64002
2024-12-23,11:00:00,26.6,26.6,26.5,26.5,26307
2024-12-23,11:30:00,26.5,26.6,26.45,26.6,52256
2024-12-23,12:00:00,26.6,26.75,26.55,26.7,55719
2024-12-23,12:30:00,26.75,26.9,26.7,26.85,60197
2024-12-23,13:00:00,26.8,27.05,26.75,26.85,75833
2024-12-23,13:30:00,26.85,26.9,26.7,26.8,27019
2024-12-23,14:00:00,26.8,26.85,26.65,26.85,31537
2024-12-23,14:30:00,26.8,26.9,26.7,26.8,23746
2024-12-23,15:00:00,26.75,26.75,26.75,26.75,5652
2024-12-24,10:00:00,26.7,26.75,26.5,26.55,71704
2024-12-24,10:30:00,26.55,26.65,26.5,26.55,23676
2024-12-24,11:00:00,26.6,26.7,26.5,26.6,56768
2024-12-24,11:30:00,26.6,26.75,26.55,26.7,38769
2024-12-24,12:00:00,26.75,26.9,26.7,26.85,30938
2024-12-24,12:30:00,26.8,27.0,26.8,26.9,73458
2024-12-24,13:00:00,26.8,27.0,26.8,27.0,75140
2024-12-24,13:30:00,27.0,27.0,26.85,27.0,41183
2024-12-24,14:00:00,26.95,26.95,26.85,26.9,44941
2024-12-24,14:30:00,26.9,27.0,26.9,26.95,44318
2024-12-24,15:00:00,26.95,26.95,26.95,26.95,9810
2024-12-25,10:00:00,27.05,27.1,26.75,26.8,36488
2024-12-25,10:30:00,26.75,26.9,26.7,26.9,13109
2024-12-25,11:00:00,26.85,26.9,26.7,26.8,11145
2024-12-25,11:30:00,26.85,27.0,26.8,27.0,16935
2024-12-25,12:00:00,26.95,27.35,26.95,27.2,117695
2024-12-25,12:30:00,27.25,27.25,27.1,27.15,8699
2024-12-25,13:00:00,27.15,27.25,27.15,27.15,57815
2024-12-25,13:30:00,27.1,27.2,27.05,27.05,60135
2024-12-25,14:00:00,27.05,27.15,26.95,27.05,38959
2024-12-25,14:30:00,27.0,27.05,26.95,26.95,23375
2024-12-25,15:00:00,26.95,26.95,26.95,26.95,6590
2024-12-26,10:00:00,26.95,27.2,26.95,27.2,39408
2024-12-26,10:30:00,27.2,27.3,27.1,27.25,76157
2024-12-26,11:00:00,27.25,27.6,27.25,27.45,251109
2024-12-26,11:30:00,27.45,27.55,27.35,27.5,80194
2024-12-26,12:00:00,27.45,27.5,27.2,27.2,53484
2024-12-26,12:30:00,27.2,27.25,27.05,27.1,35647
2024-12-26,13:00:00,27.15,27.2,27.05,27.1,31431
2024-12-26,13:30:00,27.1,27.15,27.05,27.1,18394
2024-12-26,14:00:00,27.1,27.15,27.0,27.0,53338
2024-12-26,14:30:00,26.95,27.15,26.9,26.9,91886
2024-12-26,15:00:00,26.85,26.85,26.85,26.85,18146
2024-12-29,10:00:00,26.9,27.1,26.9,26.95,41066
2024-12-29,10:30:00,26.95,27.05,26.95,27.0,24202
2024-12-29,11:00:00,27.0,27.05,26.9,26.9,38012
2024-12-29,11:30:00,26.9,27.05,26.85,26.85,62310
2024-12-29,12:00:00,26.9,27.05,26.8,27.0,67966
2024-12-29,12:30:00,27.0,27.1,27.0,27.1,26155
2024-12-29,13:00:00,27.0,27.1,26.8,26.85,32886
2024-12-29,13:30:00,26.85,27.1,26.8,27.05,29441
2024-12-29,14:00:00,27.05,27.1,27.0,27.0,22406
2024-12-29,14:30:00,27.0,27.1,26.95,27.05,48945
2024-12-29,15:00:00,27.05,27.05,27.05,27.05,5710
2024-12-30,10:00:00,27.05,27.1,26.85,26.9,38384
2024-12-30,10:30:00,26.9,26.95,26.75,26.8,54635
2024-12-30,11:00:00,26.8,26.9,26.75,26.8,39349
2024-12-30,11:30:00,26.8,27.05,26.8,27.05,82642
2024-12-30,12:00:00,27.1,27.2,27.05,27.15,59365
2024-12-30,12:30:00,27.15,27.2,27.1,27.1,38855
2024-12-30,13:00:00,27.1,27.3,27.1,27.25,74869
2024-12-30,13:30:00,27.25,27.85,27.25,27.55,457458
2024-12-30,14:00:00,27.55,27.6,27.25,27.4,121188
2024-12-30,14:30:00,27.4,27.45,27.25,27.4,56004
2024-12-30,15:00:00,27.35,27.35,27.35,27.35,20195
2024-12-31,10:00:00,27.4,27.5,27.25,27.4,68029
2024-12-31,10:30:00,27.4,27.65,27.3,27.3,63188
2024-12-31,11:00:00,27.35,27.55,27.3,27.4,66776
2024-12-31,11:30:00,27.45,27.65,27.35,27.6,66469
2024-12-31,12:00:00,27.6,28.2,27.5,28.1,531615
2024-12-31,12:30:00,28.15,28.3,27.85,28.2,368227
2024-12-31,13:00:00,28.2,28.3,28.0,28.15,202846
2024-12-31,13:30:00,28.1,28.1,27.75,27.75,148149
2024-12-31,14:00:00,27.8,27.95,27.75,27.8,126448
2024-12-31,14:30:00,27.8,27.85,27.7,27.75,80905
2024-12-31,15:00:00,27.75,27.75,27.75,27.75,13668
2025-01-01,10:00:00,27.8,28.0,27.75,27.8,51328
2025-01-01,10:30:00,27.8,27.9,27.75,27.9,43610
2025-01-01,11:00:00,27.9,27.95,27.8,27.9,65231
2025-01-01,11:30:00,27.85,28.15,27.75,28.05,246209
2025-01-01,12:00:00,28.1,28.1,28.0,28.0,62933
2025-01-01,12:30:00,28.0,28.2,28.0,28.05,118582
2025-01-01,13:00:00,28.1,28.15,28.05,28.05,48994
2025-01-01,13:30:00,28.1,28.2,27.95,27.95,66618
2025-01-01,14:00:00,27.95,28.05,27.9,27.95,105755
2025-01-01,14:30:00,28.0,28.05,27.9,28.0,71361
2025-01-01,15:00:00,28.0,28.0,28.0,28.0,13515
2025-01-02,10:00:00,28.2,28.2,27.85,27.85,116255
2025-01-02,10:30:00,27.85,27.9,27.8,27.8,74239
2025-01-02,11:00:00,27.8,27.9,27.65,27.75,213583
2025-01-02,11:30:00,27.75,27.75,27.45,27.65,216932
2025-01-02,12:00:00,27.65,27.7,27.6,27.7,31382
2025-01-02,12:30:00,27.7,27.8,27.65,27.7,40032
2025-01-02,13:00:00,27.7,27.75,27.55,27.6,70866
2025-01-02,13:30:00,27.6,27.6,27.5,27.6,55516
2025-01-02,14:00:00,27.6,27.65,27.55,27.6,65188
2025-01-02,14:30:00,27.6,27.7,27.6,27.6,77486
2025-01-02,15:00:00,27.6,27.6,27.6,27.6,12116
2025-01-05,10:00:00,27.65,27.85,27.65,27.85,51144
2025-01-05,10:30:00,27.85,27.9,27.55,27.55,82421
2025-01-05,11:00:00,27.6,27.65,27.55,27.6,20886
2025-01-05,11:30:00,27.65,27.75,27.6,27.7,32318
2025-01-05,12:00:00,27.7,27.75,27.6,27.7,44819
2025-01-05,12:30:00,27.7,27.75,27.65,27.7,10641
2025-01-05,13:00:00,27.75,27.75,27.6,27.65,41885
2025-01-05,13:30:00,27.65,27.65,27.55,27.65,30434
2025-01-05,14:00:00,27.65,27.7,27.5,27.5,47946
2025-01-05,14:30:00,27.55,27.6,27.5,27.6,65644
2025-01-05,15:00:00,27.55,27.55,27.55,27.55,2851
2025-01-06,10:00:00,27.45,27.55,27.45,27.5,53155
2025-01-06,10:30:00,27.5,27.6,27.5,27.55,42412
2025-01-06,11:00:00,27.55,27.75,27.55,27.7,38580
2025-01-06,11:30:00,27.7,27.7,27.5,27.55,81977
2025-01-06,12:00:00,27.6,27.7,27.55,27.7,76936
2025-01-06,12:30:00,27.7,27.7,27.55,27.7,40806
2025-01-06,13:00:00,27.65,27.7,27.6,27.7,44655
2025-01-06,13:30:00,27.7,27.8,27.65,27.65,111398
2025-01-06,14:00:00,27.65,27.7,27.6,27.6,36633
2025-01-06,14:30:00,27.6,27.75,27.6,27.65,51534
2025-01-06,15:00:00,27.65,27.65,27.65,27.65,10724
2025-01-07,10:00:00,27.6,28.15,27.55,28.0,375267
2025-01-07,10:30:00,27.95,28.15,27.65,27.9,255510
2025-01-07,11:00:00,27.9,28.0,27.8,27.85,94645
2025-01-07,11:30:00,27.85,27.9,27.75,27.8,78991
2025-01-07,12:00:00,27.85,28.0,27.8,27.85,92287
2025-01-07,12:30:00,27.9,28.0,27.8,27.85,44842
2025-01-07,13:00:00,27.9,27.95,27.85,27.9,49768
2025-01-07,13:30:00,27.9,27.95,27.75,27.75,95045
2025-01-07,14:00:00,27.8,27.8,27.7,27.75,72253
2025-01-07,14:30:00,27.75,27.75,27.6,27.75,82093
2025-01-07,15:00:00,27.7,27.7,27.7,27.7,16091
2025-01-08,10:00:00,27.8,27.8,27.6,27.7,60562
2025-01-08,10:30:00,27.7,27.85,27.65,27.8,77515
2025-01-08,11:00:00,27.8,27.8,27.65,27.7,43228
2025-01-08,11:30:00,27.75,27.75,27.65,27.7,42476
2025-01-08,12:00:00,27.7,27.7,27.6,27.65,67166
2025-01-08,12:30:00,27.65,27.75,27.65,27.65,20439
2025-01-08,13:00:00,27.65,27.7,27.55,27.65,46318
2025-01-08,13:30:00,27.6,27.7,27.55,27.65,29534
2025-01-08,14:00:00,27.65,27.75,27.6,27.7,39614
2025-01-08,14:30:00,27.7,28.55,27.65,28.45,999740
2025-01-08,15:00:00,28.45,28.45,28.45,28.45,125317
2025-01-09,10:00:00,28.45,28.5,28.15,28.2,299678
2025-01-09,10:30:00,28.2,28.2,27.95,28.0,153226
2025-01-09,11:00:00,28.0,28.25,27.95,28.15,159209
2025-01-09,11:30:00,28.15,28.2,28.05,28.15,39082
2025-01-09,12:00:00,28.15,28.15,28.0,28.1,63853
2025-01-09,12:30:00,28.1,28.1,28.0,28.05,47654
2025-01-09,13:00:00,28.05,28.1,27.95,28.05,75114
2025-01-09,13:30:00,28.05,28.15,28.0,28.05,48544
2025-01-09,14:00:00,28.1,28.15,28.05,28.1,70335
2025-01-09,14:30:00,28.1,28.3,28.05,28.2,201323
2025-01-09,15:00:00,28.25,28.25,28.25,28.25,14727
2025-01-12,10:00:00,28.25,28.45,28.25,28.3,162541
2025-01-12,10:30:00,28.3,28.35,28.25,28.35,70388
2025-01-12,11:00:00,28.3,28.75,28.25,28.7,298830
2025-01-12,11:30:00,28.7,28.75,28.45,28.55,195706
2025-01-12,12:00:00,28.55,28.6,28.5,28.55,73981
2025-01-12,12:30:00,28.5,28.6,28.5,28.6,75427
2025-01-12,13:00:00,28.6,28.6,28.5,28.55,66113
2025-01-12,13:30:00,28.6,28.6,28.5,28.5,32873
2025-01-12,14:00:00,28.55,28.55,28.35,28.5,87934
2025-01-12,14:30:00,28.45,28.5,28.35,28.35,87289
2025-01-12,15:00:00,28.35,28.35,28.35,28.35,29707
2025-01-13,10:00:00,28.4,28.5,28.3,28.3,158737
2025-01-13,10:30:00,28.3,28.35,28.25,28.3,42129
2025-01-13,11:00:00,28.35,28.35,28.2,28.25,84548
2025-01-13,11:30:00,28.25,28.3,28.2,28.25,37895
2025-01-13,12:00:00,28.3,28.3,28.05,28.1,84800
2025-01-13,12:30:00,28.1,28.15,28.0,28.05,68899
2025-01-13,13:00:00,28.05,28.1,27.95,27.95,86364
2025-01-13,13:30:00,28.0,28.05,27.95,28.05,31442
2025-01-13,14:00:00,28.05,28.05,28.0,28.05,38090
2025-01-13,14:30:00,28.0,28.05,27.9,27.95,91818
2025-01-13,15:00:00,27.9,27.9,27.9,27.9,21151
2025-01-14,10:00:00,27.9,28.1,27.75,28.0,117646
2025-01-14,10:30:00,28.0,28.15,28.0,28.05,44977
2025-01-14,11:00:00,28.05,28.1,28.0,28.05,24137
2025-01-14,11:30:00,28.05,28.1,28.0,28.05,40444
2025-01-14,12:00:00,28.0,28.1,28.0,28.05,21896
2025-01-14,12:30:00,28.05,28.1,28.0,28.1,28377
2025-01-14,13:00:00,28.05,28.15,28.0,28.1,20952
2025-01-14,13:30:00,28.05,28.1,28.0,28.0,42437
2025-01-14,14:00:00,28.05,28.45,28.0,28.4,215383
2025-01-14,14:30:00,28.4,28.45,28.35,28.35,163506
2025-01-14,15:00:00,28.35,28.35,28.35,28.35,29352
2025-01-15,10:00:00,28.35,28.45,28.2,28.25,96359
2025-01-15,10:30:00,28.25,28.6,28.2,28.5,218166
2025-01-15,11:00:00,28.5,28.6,28.35,28.55,126467
2025-01-15,11:30:00,28.55,28.6,28.4,28.5,170570
2025-01-15,12:00:00,28.45,28.55,28.45,28.45,70332
2025-01-15,12:30:00,28.5,28.7,28.5,28.55,332705
2025-01-15,13:00:00,28.55,28.7,28.55,28.65,115170
2025-01-15,13:30:00,28.6,28.7,28.6,28.65,239658
2025-01-15,14:00:00,28.7,28.8,28.55,28.6,567528
2025-01-15,14:30:00,28.55,28.6,28.35,28.4,318816
2025-01-15,15:00:00,28.4,28.4,28.4,28.4,59988
2025-01-16,10:00:00,28.55,28.55,28.3,28.35,157787
2025-01-16,10:30:00,28.35,28.4,28.25,28.35,96083
2025-01-16,11:00:00,28.35,28.4,28.3,28.35,41471
2025-01-16,11:30:00,28.35,28.45,28.35,28.4,45003
2025-01-16,12:00:00,28.35,28.4,28.15,28.2,154030
2025-01-16,12:30:00,28.2,28.25,28.1,28.15,70539
2025-01-16,13:00:00,28.15,28.2,28.15,28.2,47998
2025-01-16,13:30:00,28.2,28.3,28.15,28.15,40478
2025-01-16,14:00:00,28.2,28.25,28.15,28.2,36815
2025-01-16,14:30:00,28.2,28.25,28.1,28.25,118190
2025-01-16,15:00:00,28.25,28.25,28.25,28.25,19931
2025-01-19,10:00:00,28.3,28.45,28.25,28.45,81128
2025-01-19,10:30:00,28.45,28.55,28.35,28.55,90454
2025-01-19,11:00:00,28.55,28.65,28.45,28.65,143333
2025-01-19,11:30:00,28.65,28.65,28.45,28.5,135006
2025-01-19,12:00:00,28.5,28.5,28.35,28.45,81143
2025-01-19,12:30:00,28.45,28.5,28.35,28.45,37425
2025-01-19,13:00:00,28.5,28.5,28.4,28.45,15875
2025-01-19,13:30:00,28.45,28.55,28.4,28.45,69766
2025-01-19,14:00:00,28.45,28.6,28.45,28.6,108552
2025-01-19,14:30:00,28.55,28.9,28.55,28.7,464207
2025-01-19,15:00:00,28.7,28.7,28.7,28.7,51563
2025-01-20,10:00:00,28.75,28.85,28.55,28.7,189940
2025-01-20,10:30:00,28.75,28.95,28.65,28.75,525730
2025-01-20,11:00:00,28.75,28.8,28.6,28.7,179274
2025-01-20,11:30:00,28.75,28.75,28.5,28.6,205149
2025-01-20,12:00:00,28.6,28.65,28.5,28.6,111757
2025-01-20,12:30:00,28.6,28.6,28.55,28.6,30012
2025-01-20,13:00:00,28.6,28.7,28.5,28.6,87855
2025-01-20,13:30:00,28.6,28.65,28.5,28.55,88898
2025-01-20,14:00:00,28.55,28.6,28.5,28.5,57399
2025-01-20,14:30:00,28.5,28.55,28.35,28.4,165512
2025-01-20,15:00:00,28.4,28.4,28.4,28.4,20042
2025-01-21,10:00:00,28.35,28.45,28.25,28.4,99816
2025-01-21,10:30:00,28.4,28.55,28.35,28.4,88630
2025-01-21,11:00:00,28.4,28.45,28.0,28.3,490441
2025-01-21,11:30:00,28.35,28.35,28.1,28.15,158900
2025-01-21,12:00:00,28.15,28.15,28.0,28.1,230952
2025-01-21,12:30:00,28.15,28.15,27.85,27.9,353157
2025-01-21,13:00:00,27.9,28.05,27.55,27.75,402080
2025-01-21,13:30:00,27.8,28.0,27.7,27.95,327404
2025-01-21,14:00:00,27.95,28.0,27.5,27.6,523947
2025-01-21,14:30:00,27.6,27.7,27.45,27.6,640969
2025-01-21,15:00:00,27.7,27.7,27.7,27.7,131348
2025-01-22,10:00:00,27.7,27.8,27.45,27.8,149454
2025-01-22,10:30:00,27.8,27.9,27.7,27.8,154725
2025-01-22,11:00:00,27.8,27.8,27.7,27.75,58097
2025-01-22,11:30:00,27.8,27.8,27.6,27.65,117142
2025-01-22,12:00:00,27.7,27.8,27.65,27.75,23064
2025-01-22,12:30:00,27.75,27.8,27.7,27.7,35491
2025-01-22,13:00:00,27.7,27.8,27.7,27.75,44451
2025-01-22,13:30:00,27.75,27.75,27.6,27.65,107774
2025-01-22,14:00:00,27.65,27.75,27.6,27.65,58862
2025-01-22,14:30:00,27.7,27.75,27.6,27.75,57456
2025-01-22,15:00:00,27.75,27.75,27.75,27.75,23698
2025-01-23,10:00:00,27.75,27.8,27.65,27.7,73505
2025-01-23,10:30:00,27.75,27.75,27.65,27.65,51283
2025-01-23,11:00:00,27.65,27.7,27.55,27.6,76092
2025-01-23,11:30:00,27.6,27.7,27.5,27.65,111413
2025-01-23,12:00:00,27.6,27.65,27.55,27.55,14996
2025-01-23,12:30:00,27.6,27.6,27.5,27.55,60108
2025-01-23,13:00:00,27.6,27.6,27.5,27.6,49932
2025-01-23,13:30:00,27.6,27.7,27.55,27.7,38999
2025-01-23,14:00:00,27.7,27.7,27.55,27.6,58920
2025-01-23,14:30:00,27.6,27.65,27.55,27.55,59805
2025-01-23,15:00:00,27.55,27.55,27.55,27.55,50671
2025-01-26,10:00:00,27.55,27.8,27.55,27.65,94077
2025-01-26,10:30:00,27.7,27.7,27.55,27.6,57747
2025-01-26,11:00:00,27.65,27.65,27.55,27.6,44566
2025-01-26,11:30:00,27.6,27.7,27.6,27.65,16886
2025-01-26,12:00:00,27.7,27.7,27.6,27.7,33074
2025-01-26,12:30:00,27.7,27.75,27.65,27.7,45420
2025-01-26,13:00:00,27.7,27.7,27.65,27.65,33955
2025-01-26,13:30:00,27.65,27.7,27.6,27.65,27940
2025-01-26,14:00:00,27.6,27.7,27.6,27.65,86822
2025-01-26,14:30:00,27.65,27.7,27.6,27.65,37418
2025-01-26,15:00:00,27.65,27.65,27.65,27.65,5947
2025-01-27,10:00:00,27.75,27.75,27.5,27.55,110054
2025-01-27,10:30:00,27.55,27.65,27.55,27.6,46612
2025-01-27,11:00:00,27.6,27.65,27.55,27.55,57865
2025-01-27,11:30:00,27.55,27.65,27.5,27.6,61470
2025-01-27,12:00:00,27.6,27.6,27.5,27.6,37347
2025-01-27,12:30:00,27.55,27.6,27.5,27.6,39933
2025-01-27,13:00:00,27.6,27.65,27.5,27.55,42836
2025-01-27,13:30:00,27.55,27.55,27.5,27.55,22311
2025-01-27,14:00:00,27.55,27.55,27.45,27.5,68360
2025-01-27,14:30:00,27.5,27.55,27.45,27.5,49417
2025-01-27,15:00:00,27.5,27.5,27.5,27.5,6161
2025-01-28,10:00:00,27.5,27.6,27.45,27.5,49231
2025-01-28,10:30:00,27.5,27.55,27.45,27.45,51269
2025-01-28,11:00:00,27.45,27.65,27.45,27.65,65294
2025-01-28,11:30:00,27.65,27.65,27.5,27.55,30014
2025-01-28,12:00:00,27.55,27.65,27.5,27.6,44471
2025-01-28,12:30:00,27.6,27.65,27.55,27.6,44582
2025-01-28,13:00:00,27.55,27.65,27.5,27.55,51303
2025-01-28,13:30:00,27.55,27.6,27.5,27.55,22595
2025-01-28,14:00:00,27.55,27.6,27.5,27.5,32900
2025-01-28,14:30:00,27.5,27.55,27.45,27.5,52722
2025-01-28,15:00:00,27.55,27.55,27.55,27.55,29800
2025-01-29,10:00:00,27.65,27.65,27.35,27.45,108699
2025-01-29,10:30:00,27.4,27.45,27.3,27.35,74949
2025-01-29,11:00:00,27.35,27.45,27.3,27.35,43139
2025-01-29,11:30:00,27.35,27.4,27.3,27.4,46679
2025-01-29,12:00:00,27.4,27.45,27.35,27.4,16501
2025-01-29,12:30:00,27.4,27.45,27.4,27.45,17824
2025-01-29,13:00:00,27.4,27.45,27.4,27.45,14068
2025-01-29,13:30:00,27.45,27.5,27.4,27.4,26625
2025-01-29,14:00:00,27.4,27.5,27.4,27.45,45352
2025-01-29,14:30:00,27.45,27.55,27.35,27.4,51260
2025-01-29,15:00:00,27.4,27.4,27.4,27.4,21491
2025-01-30,10:00:00,27.4,27.5,27.3,27.4,17403
2025-01-30,10:30:00,27.35,27.4,27.3,27.3,33201
2025-01-30,11:00:00,27.3,27.4,27.3,27.4,50111
2025-01-30,11:30:00,27.4,27.45,27.35,27.45,27530
2025-01-30,12:00:00,27.45,27.5,27.4,27.4,24816
2025-01-30,12:30:00,27.4,27.5,27.4,27.5,11224
2025-01-30,13:00:00,27.5,27.5,27.4,27.45,28775
2025-01-30,13:30:00,27.45,27.5,27.4,27.45,34495
2025-01-30,14:00:00,27.45,27.75,27.45,27.6,241342
2025-01-30,14:30:00,27.6,27.65,27.55,27.6,64394
2025-01-30,15:00:00,27.6,27.6,27.6,27.6,17890
2025-02-02,10:00:00,27.7,27.7,27.5,27.6,51903
2025-02-02,10:30:00,27.55,27.6,27.35,27.4,106753
2025-02-02,11:00:00,27.45,27.55,27.4,27.5,40956
2025-02-02,11:30:00,27.5,27.55,27.45,27.5,19533
2025-02-02,12:00:00,27.5,27.55,27.35,27.4,57408
2025-02-02,12:30:00,27.45,27.5,27.45,27.5,18978
2025-02-02,13:00:00,27.5,27.55,27.45,27.5,22846
2025-02-02,13:30:00,27.5,27.55,27.45,27.5,22574
2025-02-02,14:00:00,27.5,27.5,27.4,27.45,43219
2025-02-02,14:30:00,27.45,27.5,27.35,27.35,51484
2025-02-02,15:00:00,27.4,27.4,27.4,27.4,12398
2025-02-03,10:00:00,27.35,27.35,27.2,27.25,88355
2025-02-03,10:30:00,27.3,27.35,27.15,27.25,116099
2025-02-03,11:00:00,27.25,27.35,27.2,27.2,15193
2025-02-03,11:30:00,27.2,27.25,27.2,27.25,15563
2025-02-03,12:00:00,27.3,27.3,27.2,27.2,19888
2025-02-03,12:30:00,27.2,27.25,27.15,27.2,34709
2025-02-03,13:00:00,27.15,27.25,27.15,27.25,33687
2025-02-03,13:30:00,27.25,27.25,27.2,27.25,46994
2025-02-03,14:00:00,27.25,27.25,27.15,27.15,40587
2025-02-03,14:30:00,27.2,27.2,27.0,27.15,100828
2025-02-03,15:00:00,27.15,27.15,27.15,27.15,24355
2025-02-04,10:00:00,27.15,27.3,27.15,27.2,38536
2025-02-04,10:30:00,27.2,27.35,27.2,27.35,53703
2025-02-04,11:00:00,27.35,27.35,27.25,27.25,12487
2025-02-04,11:30:00,27.3,27.5,27.25,27.45,112760
2025-02-04,12:00:00,27.4,27.4,27.2,27.2,107546
2025-02-04,12:30:00,27.2,27.25,27.1,27.15,84463
2025-02-04,13:00:00,27.15,27.2,27.05,27.1,115773
2025-02-04,13:30:00,27.1,27.2,27.0,27.2,70081
2025-02-04,14:00:00,27.2,27.25,27.15,27.2,12016
2025-02-04,14:30:00,27.25,27.25,27.15,27.2,21887
2025-02-04,15:00:00,27.2,27.2,27.2,27.2,4838
2025-02-05,10:00:00,27.2,27.35,27.1,27.15,39760
2025-02-05,10:30:00,27.1,27.2,27.1,27.2,40086
2025-02-05,11:00:00,27.2,27.2,27.1,27.15,41859
2025-02-05,11:30:00,27.15,27.25,27.15,27.15,16782
2025-02-05,12:00:00,27.2,27.2,27.15,27.2,24288
2025-02-05,12:30:00,27.15,27.2,27.15,27.2,28563
2025-02-05,13:00:00,27.15,27.3,27.15,27.2,44479
2025-02-05,13:30:00,27.2,27.3,27.2,27.25,25501
2025-02-05,14:00:00,27.3,27.3,27.2,27.2,25290
2025-02-05,14:30:00,27.25,27.25,27.1,27.15,103140
2025-02-05,15:00:00,27.15,27.15,27.15,27.15,55764
2025-02-06,10:00:00,27.15,27.2,27.1,27.2,23969
2025-02-06,10:30:00,27.15,27.15,27.05,27.1,30572
2025-02-06,11:00:00,27.15,27.2,27.0,27.15,136716
2025-02-06,11:30:00,27.15,27.25,27.1,27.1,23359
2025-02-06,12:00:00,27.15,27.15,27.05,27.05,28890
2025-02-06,12:30:00,27.05,27.25,27.05,27.15,68257
2025-02-06,13:00:00,27.15,27.2,27.1,27.2,27791
2025-02-06,13:30:00,27.2,27.2,27.1,27.15,25781
2025-02-06,14:00:00,27.15,27.2,27.15,27.15,4847
2025-02-06,14:30:00,27.15,27.2,27.1,27.15,65454
2025-02-06,15:00:00,27.15,27.15,27.15,27.15,6197
2025-02-09,10:00:00,27.4,28.0,27.35,27.55,998364
2025-02-09,10:30:00,27.6,27.65,27.45,27.5,202024
2025-02-09,11:00:00,27.5,27.55,27.4,27.55,81635
2025-02-09,11:30:00,27.5,27.55,27.45,27.5,61267
2025-02-09,12:00:00,27.5,27.5,27.4,27.45,47070
2025-02-09,12:30:00,27.4,27.5,27.4,27.45,34248
2025-02-09,13:00:00,27.5,27.5,27.4,27.45,42952
2025-02-09,13:30:00,27.5,27.5,27.4,27.45,60101
2025-02-09,14:00:00,27.45,27.45,27.35,27.4,40478
2025-02-09,14:30:00,27.4,27.5,27.35,27.4,70632
2025-02-09,15:00:00,27.4,27.4,27.4,27.4,22403
2025-02-10,10:00:00,27.4,27.4,27.15,27.25,147586
2025-02-10,10:30:00,27.25,27.3,27.15,27.2,62951
2025-02-10,11:00:00,27.2,27.25,27.15,27.25,56483
2025-02-10,11:30:00,27.25,27.25,27.2,27.25,18551
2025-02-10,12:00:00,27.25,27.25,27.15,27.15,76765
2025-02-10,12:30:00,27.15,27.15,27.1,27.15,58484
2025-02-10,13:00:00,27.1,27.2,27.05,27.1,67710
2025-02-10,13:30:00,27.1,27.15,27.1,27.1,20357
2025-02-10,14:00:00,27.15,27.2,27.1,27.1,32515
2025-02-10,14:30:00,27.1,27.2,27.1,27.15,50991
2025-02-10,15:00:00,27.15,27.15,27.15,27.15,10318
2025-02-11,10:00:00,27.15,27.2,27.05,27.15,52052
2025-02-11,10:30:00,27.1,27.15,26.95,27.05,171965
2025-02-11,11:00:00,27.0,27.1,27.0,27.1,21285
2025-02-11,11:30:00,27.1,27.15,27.05,27.15,33628
2025-02-11,12:00:00,27.15,27.15,27.05,27.15,20651
2025-02-11,12:30:00,27.15,27.15,27.0,27.05,32922
2025-02-11,13:00:00,27.05,27.1,27.0,27.1,47458
2025-02-11,13:30:00,27.05,27.15,27.0,27.05,33149
2025-02-11,14:00:00,27.05,27.2,27.0,27.05,68916
2025-02-11,14:30:00,27.1,27.1,26.95,27.0,143546
2025-02-11,15:00:00,26.95,26.95,26.95,26.95,49728
2025-02-12,10:00:00,26.95,27.05,26.75,26.85,69159
2025-02-12,10:30:00,26.9,26.9,26.75,26.8,53719
2025-02-12,11:00:00,26.8,26.85,26.7,26.75,69084
2025-02-12,11:30:00,26.75,26.8,26.7,26.75,39503
2025-02-12,12:00:00,26.7,26.8,26.7,26.75,49056
2025-02-12,12:30:00,26.7,26.8,26.65,26.75,33011
2025-02-12,13:00:00,26.8,26.8,26.7,26.75,30072
2025-02-12,13:30:00,26.7,26.75,26.65,26.7,80265
2025-02-12,14:00:00,26.65,26.7,26.55,26.6,83323
2025-02-12,14:30:00,26.6,26.65,26.5,26.65,74420
2025-02-12,15:00:00,26.6,26.6,26.6,26.6,13624
2025-02-13,10:00:00,26.6,26.6,26.4,26.5,69571
2025-02-13,10:30:00,26.55,26.65,26.5,26.6,48792
2025-02-13,11:00:00,26.6,26.65,26.55,26.6,37732
2025-02-13,11:30:00,26.65,26.65,26.55,26.6,24906
2025-02-13,12:00:00,26.55,26.6,26.45,26.6,47579
2025-02-13,12:30:00,26.55,26.6,26.45,26.45,24759
2025-02-13,13:00:00,26.5,26.55,26.45,26.5,30863
2025-02-13,13:30:00,26.5,26.75,26.45,26.7,73336
2025-02-13,14:00:00,26.75,27.05,26.75,26.8,264069
2025-02-13,14:30:00,26.8,26.9,26.7,26.85,89041
2025-02-13,15:00:00,26.85,26.85,26.85,26.85,28690
2025-02-16,10:00:00,26.85,27.05,26.8,26.9,86735
2025-02-16,10:30:00,26.95,26.95,26.8,26.85,57500
2025-02-16,11:00:00,26.85,26.85,26.6,26.65,83535
2025-02-16,11:30:00,26.65,26.75,26.65,26.7,42335
2025-02-16,12:00:00,26.7,26.7,26.65,26.65,29629
2025-02-16,12:30:00,26.65,26.7,26.55,26.6,76405
2025-02-16,13:00:00,26.6,26.65,26.55,26.6,31367
2025-02-16,13:30:00,26.6,26.65,26.5,26.6,41940
2025-02-16,14:00:00,26.55,26.6,26.5,26.55,36075
2025-02-16,14:30:00,26.55,26.6,26.45,26.5,69294
2025-02-16,15:00:00,26.5,26.5,26.5,26.5,8223
2025-02-17,10:00:00,26.5,26.55,26.1,26.15,147966
2025-02-17,10:30:00,26.2,26.25,26.05,26.15,57416
2025-02-17,11:00:00,26.1,26.2,26.05,26.05,54049
2025-02-17,11:30:00,26.1,26.1,26.0,26.1,59452
2025-02-17,12:00:00,26.1,26.15,26.1,26.15,23161
2025-02-17,12:30:00,26.15,26.15,26.0,26.05,52864
2025-02-17,13:00:00,26.0,26.15,26.0,26.1,53616
2025-02-17,13:30:00,26.1,26.15,26.05,26.1,28218
2025-02-17,14:00:00,26.1,26.15,26.05,26.1,41963
2025-02-17,14:30:00,26.1,26.2,26.0,26.1,91391
2025-02-17,15:00:00,26.1,26.1,26.1,26.1,10038
2025-02-18,10:00:00,26.1,26.15,25.9,25.95,87639
2025-02-18,10:30:00,26.0,26.15,25.95,26.05,48773
2025-02-18,11:00:00,26.15,26.15,26.0,26.15,50163
2025-02-18,11:30:00,26.15,26.25,26.1,26.15,38683
2025-02-18,12:00:00,26.2,26.25,26.1,26.15,31110
2025-02-18,12:30:00,26.15,26.15,26.05,26.15,19574
2025-02-18,13:00:00,26.15,26.15,26.05,26.05,4988
2025-02-18,13:30:00,26.1,26.1,26.05,26.1,23658
2025-02-18,14:00:00,26.05,26.1,26.0,26.05,50105
2025-02-18,14:30:00,26.0,26.05,25.9,25.95,67576
2025-02-18,15:00:00,26.0,26.0,26.0,26.0,24227
2025-02-19,10:00:00,26.05,26.05,25.7,25.7,111823
2025-02-19,10:30:00,25.7,25.85,25.7,25.85,36478
2025-02-19,11:00:00,25.85,25.85,25.7,25.75,61607
2025-02-19,11:30:00,25.75,25.8,25.7,25.8,55422
2025-02-19,12:00:00,25.75,25.8,25.7,25.8,30332
2025-02-19,12:30:00,25.75,25.8,25.65,25.65,46877
2025-02-19,13:00:00,25.7,25.75,25.6,25.65,68776
2025-02-19,13:30:00,25.7,25.75,25.55,25.6,67143
2025-02-19,14:00:00,25.6,25.7,25.55,25.7,68407
2025-02-19,14:30:00,25.65,25.7,25.5,25.55,82177
2025-02-19,15:00:00,25.55,25.55,25.55,25.55,21048
2025-02-20,10:00:00,25.55,25.6,25.25,25.25,80111
2025-02-20,10:30:00,25.3,25.35,25.1,25.15,72593
2025-02-20,11:00:00,25.1,25.3,25.1,25.25,43394
2025-02-20,11:30:00,25.25,25.4,25.2,25.3,33454
2025-02-20,12:00:00,25.3,25.3,25.2,25.25,29929
2025-02-20,12:30:00,25.25,25.3,25.2,25.25,46837
2025-02-20,13:00:00,25.25,25.4,25.25,25.35,30448
2025-02-20,13:30:00,25.3,25.35,25.25,25.35,46729
2025-02-20,14:00:00,25.3,25.4,25.25,25.35,73220
2025-02-20,14:30:00,25.4,25.4,25.15,25.2,106804
2025-02-20,15:00:00,25.15,25.15,25.15,25.15,36783
2025-02-24,10:00:00,25.1,25.15,24.7,24.84,150311
2025-02-24,10:30:00,24.84,24.84,24.7,24.72,114218
2025-02-24,11:00:00,24.7,24.7,24.4,24.46,139024
2025-02-24,11:30:00,24.46,24.6,24.4,24.52,162423
2025-02-24,12:00:00,24.52,24.6,24.5,24.58,47719
2025-02-24,12:30:00,24.6,24.64,24.56,24.62,29686
2025-02-24,13:00:00,24.62,24.7,24.6,24.68,32823
2025-02-24,13:30:00,24.66,24.66,24.36,24.36,122428
2025-02-24,14:00:00,24.34,24.42,24.32,24.4,70911
2025-02-24,14:30:00,24.4,24.42,24.32,24.32,30647
2025-02-24,15:00:00,24.32,24.32,24.32,24.32,43368
2025-02-25,10:00:00,24.32,24.46,24.28,24.36,82070
2025-02-25,10:30:00,24.32,24.58,24.32,24.38,125283
2025-02-25,11:00:00,24.4,24.84,24.4,24.64,232560
2025-02-25,11:30:00,24.68,25.4,24.66,25.2,443532
2025-02-25,12:00:00,25.2,26.3,25.15,25.9,628448
2025-02-25,12:30:00,25.85,25.95,25.5,25.6,200439
2025-02-25,13:00:00,25.6,25.8,25.4,25.65,157807
2025-02-25,13:30:00,25.6,25.75,25.0,25.3,155990
2025-02-25,14:00:00,25.25,25.35,25.0,25.35,121093
2025-02-25,14:30:00,25.35,26.0,25.3,25.75,435351
2025-02-25,15:00:00,25.75,25.75,25.75,25.75,21673
2025-02-26,10:00:00,26.0,26.05,25.5,25.55,186386
2025-02-26,10:30:00,25.5,25.7,25.45,25.5,80469
2025-02-26,11:00:00,25.45,25.55,25.3,25.4,81656
2025-02-26,11:30:00,25.45,25.5,25.4,25.4,31425
2025-02-26,12:00:00,25.45,25.5,25.35,25.35,41555
2025-02-26,12:30:00,25.35,25.35,25.1,25.25,63725
2025-02-26,13:00:00,25.2,25.25,25.1,25.15,50460
2025-02-26,13:30:00,25.2,25.35,24.96,25.35,141996
2025-02-26,14:00:00,25.35,25.45,25.2,25.2,44455
2025-02-26,14:30:00,25.2,25.25,25.05,25.15,76105
2025-02-27,10:15:00,25.2,25.25,25.0,25.25,49081
2025-02-27,10:45:00,25.2,25.3,25.05,25.2,24862
2025-02-27,11:15:00,25.2,25.2,25.05,25.1,27623
2025-02-27,11:45:00,25.1,25.1,24.96,25.05,40256
2025-02-27,12:15:00,25.05,25.1,25.0,25.1,18316
2025-02-27,12:45:00,25.1,25.1,24.86,24.98,48427
2025-02-27,13:15:00,24.98,24.98,24.84,24.88,32365
2025-02-27,13:45:00,24.88,24.92,24.8,24.86,44975
2025-02-27,14:15:00,24.86,25.05,24.8,24.96,57973
2025-02-27,14:45:00,24.96,24.98,24.86,24.96,68266
2025-03-02,10:15:00,24.88,24.88,24.64,24.74,24217
2025-03-02,10:45:00,24.7,24.78,24.68,24.74,16249
2025-03-02,11:15:00,24.74,24.74,24.5,24.5,47460
2025-03-02,11:45:00,24.5,24.52,24.2,24.2,89931
2025-03-02,12:15:00,24.18,24.24,24.06,24.12,66437
2025-03-02,12:45:00,24.14,24.18,24.1,24.1,35521
2025-03-02,13:15:00,24.12,24.16,23.9,23.98,83601
2025-03-02,13:45:00,23.98,24.04,23.9,23.98,60866
2025-03-02,14:15:00,23.98,24.04,23.94,23.98,29902
2025-03-02,14:45:00,24.0,24.0,23.9,23.9,51055
2025-03-03,10:15:00,23.76,24.12,23.76,23.9,88109
2025-03-03,10:45:00,23.92,24.0,23.6,23.62,80810
2025-03-03,11:15:00,23.6,23.68,23.46,23.52,88205
2025-03-03,11:45:00,23.52,23.6,23.48,23.6,64409
2025-03-03,12:15:00,23.56,23.76,23.52,23.68,63858
2025-03-03,12:45:00,23.68,23.7,23.54,23.6,31800
2025-03-03,13:15:00,23.6,23.62,23.52,23.6,46953
2025-03-03,13:45:00,23.58,23.72,23.58,23.72,50550
2025-03-03,14:15:00,23.72,23.82,23.62,23.8,57059
2025-03-03,14:45:00,23.8,23.82,23.7,23.78,32739
2025-03-04,10:15:00,23.5,23.56,23.3,23.56,34754
2025-03-04,10:45:00,23.52,23.6,23.36,23.42,68606
2025-03-04,11:15:00,23.42,23.64,23.4,23.6,65794
2025-03-04,11:45:00,23.6,23.62,23.38,23.56,96181
2025-03-04,12:15:00,23.58,23.58,23.46,23.48,19412
2025-03-04,12:45:00,23.48,23.5,23.44,23.48,22061
2025-03-04,13:15:00,23.48,23.6,23.42,23.56,38439
2025-03-04,13:45:00,23.56,23.64,23.5,23.58,51244
2025-03-04,14:15:00,23.58,23.6,23.44,23.44,38669
2025-03-04,14:45:00,23.44,23.44,23.32,23.32,34385
2025-03-05,10:15:00,23.28,23.32,23.1,23.26,54134
2025-03-05,10:45:00,23.26,23.26,23.16,23.26,31439
2025-03-05,11:15:00,23.24,23.26,23.14,23.16,24966
2025-03-05,11:45:00,23.16,23.2,23.1,23.16,43540
2025-03-05,12:15:00,23.18,23.2,23.1,23.2,85136
2025-03-05,12:45:00,23.16,23.2,23.04,23.08,67966
2025-03-05,13:15:00,23.08,23.08,22.7,22.72,138839
2025-03-05,13:45:00,22.72,22.76,22.32,22.48,107595
2025-03-05,14:15:00,22.46,22.48,22.2,22.48,111159
2025-03-05,14:45:00,22.48,22.52,22.34,22.38,111136
2025-03-06,10:15:00,22.44,22.44,22.0,22.16,93864
2025-03-06,10:45:00,22.16,22.22,21.96,21.98,50038
2025-03-06,11:15:00,22.0,22.0,21.74,21.84,78591
2025-03-06,11:45:00,21.82,22.0,21.74,21.94,89069
2025-03-06,12:15:00,21.94,22.0,21.76,21.76,28888
2025-03-06,12:45:00,21.8,21.94,21.76,21.82,55552
2025-03-06,13:15:00,21.8,21.88,21.74,21.78,51046
2025-03-06,13:45:00,21.78,21.94,21.76,21.88,58874
2025-03-06,14:15:00,21.86,21.98,21.8,21.9,107539
2025-03-06,14:45:00,21.9,21.98,21.86,21.9,52192
2025-03-09,10:15:00,21.98,22.22,21.98,22.1,70570
2025-03-09,10:45:00,22.1,22.12,21.4,21.46,78665
2025-03-09,11:15:00,21.44,21.6,21.44,21.5,59017
2025-03-09,11:45:00,21.5,21.52,21.36,21.42,93946
2025-03-09,12:15:00,21.42,21.46,21.34,21.4,37873
2025-03-09,12:45:00,21.4,21.56,21.34,21.5,49894
2025-03-09,13:15:00,21.54,21.58,21.46,21.54,54635
2025-03-09,13:45:00,21.48,21.62,21.46,21.52,54777
2025-03-09,14:15:00,21.54,21.58,21.42,21.44,95058
2025-03-09,14:45:00,21.44,21.46,20.9,20.9,147051
2025-03-10,10:15:00,20.8,21.06,20.72,21.06,79274
2025-03-10,10:45:00,21.08,21.7,21.08,21.48,280490
2025-03-10,11:15:00,21.52,21.52,21.24,21.28,82395
2025-03-10,11:45:00,21.36,21.36,21.04,21.16,57559
2025-03-10,12:15:00,21.16,21.16,20.98,21.1,65726
2025-03-10,12:45:00,21.1,21.1,20.8,20.8,46751
2025-03-10,13:15:00,20.8,20.82,20.5,20.56,130364
2025-03-10,13:45:00,20.58,20.62,20.3,20.42,127053
2025-03-10,14:15:00,20.42,20.46,20.34,20.34,71870
2025-03-10,14:45:00,20.36,20.46,20.34,20.4,49800
2025-03-11,10:15:00,19.38,19.72,19.28,19.42,265001
2025-03-11,10:45:00,19.44,19.68,19.4,19.6,157791
2025-03-11,11:15:00,19.6,20.28,19.52,20.1,198360
2025-03-11,11:45:00,20.06,20.58,20.02,20.5,193400
2025-03-11,12:15:00,20.48,20.76,20.18,20.68,113751
2025-03-11,12:45:00,20.7,21.0,20.66,20.9,235850
2025-03-11,13:15:00,20.86,21.1,20.82,20.92,127972
2025-03-11,13:45:00,20.92,21.04,20.7,21.04,125705
2025-03-11,14:15:00,21.04,21.68,21.04,21.26,221702
2025-03-11,14:45:00,21.28,21.36,21.2,21.34,93238
2025-03-12,10:15:00,21.54,21.62,21.34,21.4,58153
2025-03-12,10:45:00,21.42,21.62,21.3,21.6,39180
2025-03-12,11:15:00,21.6,21.64,21.3,21.48,44208
2025-03-12,11:45:00,21.42,21.52,21.4,21.46,12460
2025-03-12,12:15:00,21.46,21.6,21.34,21.48,110999
2025-03-12,12:45:00,21.48,21.56,21.44,21.5,29385
2025-03-12,13:15:00,21.5,21.54,21.32,21.38,92168
2025-03-12,13:45:00,21.4,21.46,21.26,21.3,62263
2025-03-12,14:15:00,21.3,21.34,21.24,21.3,22227
2025-03-12,14:45:00,21.28,21.28,21.24,21.26,15473
2025-03-13,10:15:00,21.36,21.64,21.36,21.64,111620
2025-03-13,10:45:00,21.6,21.64,21.44,21.6,70459
2025-03-13,11:15:00,21.6,21.92,21.56,21.92,123213
2025-03-13,11:45:00,21.94,21.98,21.7,21.7,64635
2025-03-13,12:15:00,21.7,21.94,21.7,21.88,79817
2025-03-13,12:45:00,21.86,21.9,21.68,21.72,59205
2025-03-13,13:15:00,21.74,21.86,21.72,21.8,28087
2025-03-13,13:45:00,21.8,21.82,21.7,21.76,48800
2025-03-13,14:15:00,21.74,22.0,21.7,21.84,92020
2025-03-13,14:45:00,21.84,21.98,21.84,21.98,54727
2025-03-16,10:15:00,22.04,22.14,21.9,22.1,39693
2025-03-16,10:45:00,22.1,22.32,22.1,22.3,71877
2025-03-16,11:15:00,22.3,22.5,22.24,22.32,118598
2025-03-16,11:45:00,22.32,22.32,22.08,22.14,37715
2025-03-16,12:15:00,22.12,22.18,21.94,22.0,81954
2025-03-16,12:45:00,22.02,22.18,22.0,22.12,33259
2025-03-16,13:15:00,22.12,22.26,22.1,22.1,166306
2025-03-16,13:45:00,22.12,22.12,21.9,21.9,166654
2025-03-16,14:15:00,21.9,21.94,21.74,21.82,94114
2025-03-16,14:45:00,21.82,21.88,21.78,21.82,38443
2025-03-17,10:15:00,21.6,21.94,21.6,21.9,96318
2025-03-17,10:45:00,21.88,21.94,21.84,21.88,48576
2025-03-17,11:15:00,21.88,22.08,21.86,21.94,97778
2025-03-17,11:45:00,21.94,21.94,21.68,21.72,99031
2025-03-17,12:15:00,21.72,21.74,21.64,21.72,59774
2025-03-17,12:45:00,21.7,21.8,21.7,21.76,75329
2025-03-17,13:15:00,21.76,21.78,21.52,21.54,154050
2025-03-17,13:45:00,21.54,21.56,21.44,21.48,63510
2025-03-17,14:15:00,21.48,21.54,21.46,21.54,34282
2025-03-17,14:45:00,21.52,21.6,21.44,21.44,43286
2025-03-18,10:15:00,21.32,21.4,21.08,21.12,69416
2025-03-18,10:45:00,21.14,21.3,21.12,21.26,37659
2025-03-18,11:15:00,21.26,21.3,21.18,21.3,7613
2025-03-18,11:45:00,21.28,21.32,21.24,21.3,16214
2025-03-18,12:15:00,21.26,21.34,21.1,21.12,30282
2025-03-18,12:45:00,21.14,21.24,21.12,21.18,23126
2025-03-18,13:15:00,21.18,21.2,21.08,21.08,42696
2025-03-18,13:45:00,21.08,21.1,20.94,21.0,63288
2025-03-18,14:15:00,21.0,21.0,20.82,20.96,61074
2025-03-18,14:45:00,20.92,20.96,20.84,20.88,38784
2025-03-19,10:15:00,20.7,20.78,20.5,20.62,71498
2025-03-19,10:45:00,20.6,20.7,20.54,20.7,58977
2025-03-19,11:15:00,20.68,20.78,20.56,20.6,32353
2025-03-19,11:45:00,20.58,20.6,20.32,20.38,90529
2025-03-19,12:15:00,20.38,20.44,20.2,20.4,66450
2025-03-19,12:45:00,20.44,20.6,20.36,20.56,37253
2025-03-19,13:15:00,20.56,20.62,20.5,20.62,21625
2025-03-19,13:45:00,20.64,20.72,20.6,20.72,37836
2025-03-19,14:15:00,20.72,21.14,20.72,21.06,77930
2025-03-19,14:45:00,21.06,21.1,20.9,20.9,20655
2025-03-20,10:15:00,20.88,21.04,20.82,20.96,35359
2025-03-20,10:45:00,20.94,21.06,20.94,21.02,39164
2025-03-20,11:15:00,21.06,21.18,21.06,21.1,25666
2025-03-20,11:45:00,21.04,21.06,20.94,20.98,24241
2025-03-20,12:15:00,20.98,20.98,20.94,20.96,14020
2025-03-20,12:45:00,20.96,21.0,20.94,20.96,7425
2025-03-20,13:15:00,20.94,20.98,20.84,20.84,29962
2025-03-20,13:45:00,20.88,20.88,20.76,20.78,39397
2025-03-20,14:15:00,20.78,20.88,20.78,20.88,21238
2025-03-20,14:45:00,20.86,20.9,20.78,20.9,40872
2025-03-23,10:15:00,20.92,21.06,20.92,21.0,26960
2025-03-23,10:45:00,21.0,21.0,20.82,20.86,15324
2025-03-23,11:15:00,20.86,20.9,20.82,20.84,11154
2025-03-23,11:45:00,20.84,20.86,20.7,20.72,18445
2025-03-23,12:15:00,20.74,20.82,20.6,20.7,24329
2025-03-23,12:45:00,20.72,20.72,20.62,20.7,16770
2025-03-23,13:15:00,20.76,20.76,20.62,20.72,43860
2025-03-23,13:45:00,20.72,20.76,20.7,20.72,8039
2025-03-23,14:15:00,20.72,20.78,20.68,20.74,16229
2025-03-23,14:45:00,20.74,20.74,20.66,20.66,32488
2025-03-24,10:15:00,20.52,20.56,20.42,20.44,21569
2025-03-24,10:45:00,20.44,20.5,20.36,20.46,24918
2025-03-24,11:15:00,20.42,20.64,20.42,20.62,27262
2025-03-24,11:45:00,20.62,20.64,20.42,20.48,34427
2025-03-24,12:15:00,20.46,20.64,20.46,20.64,27845
2025-03-24,12:45:00,20.64,20.66,20.54,20.58,16998
2025-03-24,13:15:00,20.58,20.64,20.5,20.58,24530
2025-03-24,13:45:00,20.62,20.7,20.56,20.62,35810
2025-03-24,14:15:00,20.62,20.64,20.54,20.62,23295
2025-03-24,14:45:00,20.62,20.88,20.62,20.78,33830
2025-03-25,10:15:00,20.6,20.72,20.54,20.54,24482
2025-03-25,10:45:00,20.56,20.58,20.44,20.52,34091
2025-03-25,11:15:00,20.52,20.6,20.42,20.56,28564
2025-03-25,11:45:00,20.56,20.58,20.54,20.54,22371
2025-03-25,12:15:00,20.54,20.54,20.46,20.46,40059
2025-03-25,12:45:00,20.46,20.52,20.42,20.46,25470
2025-03-25,13:15:00,20.44,20.48,20.38,20.42,19013
2025-03-25,13:45:00,20.44,20.58,20.42,20.52,30223
2025-03-25,14:15:00,20.5,20.5,20.42,20.46,20804
2025-03-25,14:45:00,20.46,20.5,20.42,20.42,22054
2025-03-26,10:15:00,20.76,20.96,20.6,20.86,80889
2025-03-26,10:45:00,20.9,21.14,20.82,20.96,101877
2025-03-26,11:15:00,20.96,21.1,20.78,20.82,56210
2025-03-26,11:45:00,20.82,20.82,20.74,20.76,40955
2025-03-26,12:15:00,20.78,20.84,20.76,20.8,21604
2025-03-26,12:45:00,20.78,20.9,20.74,20.88,42006
2025-03-26,13:15:00,20.88,20.92,20.82,20.84,37901
2025-03-26,13:45:00,20.86,20.86,20.76,20.8,70897
2025-03-26,14:15:00,20.8,20.84,20.78,20.82,46645
2025-03-26,14:45:00,20.82,20.88,20.8,20.8,25105
2025-03-27,10:15:00,21.18,21.3,20.86,20.88,107825
2025-03-27,10:45:00,20.9,20.94,20.8,20.86,45849
2025-03-27,11:15:00,20.86,20.9,20.68,20.74,73678
2025-03-27,11:45:00,20.74,20.98,20.74,20.98,34661
2025-03-27,12:15:00,20.96,21.06,20.88,21.04,66633
2025-03-27,12:45:00,21.06,21.1,20.96,21.06,39427
2025-03-27,13:15:00,21.1,21.16,21.0,21.14,81792
2025-03-27,13:45:00,21.16,21.24,21.04,21.08,58294
2025-03-27,14:15:00,21.08,21.34,21.0,21.28,115529
2025-03-27,14:45:00,21.28,21.3,21.16,21.18,64264
2025-04-03,10:15:00,21.06,21.22,20.8,21.0,148200
2025-04-03,10:45:00,21.0,21.0,20.82,20.86,50171
2025-04-03,11:15:00,20.86,20.88,20.66,20.72,76111
2025-04-03,11:45:00,20.7,20.74,20.56,20.64,61252
2025-04-03,12:15:00,20.6,20.64,20.52,20.54,39933
2025-04-03,12:45:00,20.54,20.6,20.48,20.52,50825
2025-04-03,13:15:00,20.54,20.56,20.48,20.56,27610
2025-04-03,13:45:00,20.52,20.56,20.48,20.56,23785
2025-04-03,14:15:00,20.54,20.54,20.4,20.46,44589
2025-04-03,14:45:00,20.44,20.48,20.38,20.46,22288
2025-04-06,10:15:00,18.86,19.1,18.64,18.7,159991
2025-04-06,10:45:00,18.7,18.92,18.7,18.9,137916
2025-04-06,11:15:00,18.9,19.06,18.88,18.88,87925
2025-04-06,11:45:00,18.88,18.94,18.8,18.9,94246
2025-04-06,12:15:00,18.9,18.9,18.82,18.86,38826
2025-04-06,12:45:00,18.88,18.88,18.8,18.86,44135
2025-04-06,13:15:00,18.88,18.88,18.8,18.8,41149
2025-04-06,13:45:00,18.82,18.82,18.56,18.58,131375
2025-04-06,14:15:00,18.58,18.6,18.42,18.42,95770
2025-04-06,14:45:00,18.42,18.42,18.42,18.42,14936
2025-04-07,10:15:00,16.8,17.26,16.76,17.14,166615
2025-04-07,10:45:00,17.18,17.78,17.18,17.78,132351
2025-04-07,11:15:00,17.78,18.4,17.78,18.3,137313
2025-04-07,11:45:00,18.3,18.72,18.28,18.58,134580
2025-04-07,12:15:00,18.58,18.62,18.16,18.32,100919
2025-04-07,12:45:00,18.32,18.56,18.28,18.54,56629
2025-04-07,13:15:00,18.52,18.62,18.46,18.54,45075
2025-04-07,13:45:00,18.54,18.72,18.4,18.68,80161
2025-04-07,14:15:00,18.66,18.74,18.6,18.68,66407
2025-04-07,14:45:00,18.68,18.68,18.38,18.54,57612
2025-04-08,10:15:00,19.12,19.4,19.04,19.24,205592
2025-04-08,10:45:00,19.26,19.28,19.12,19.18,103880
2025-04-08,11:15:00,19.18,19.2,19.0,19.12,89719
2025-04-08,11:45:00,19.14,19.24,19.08,19.12,58194
2025-04-08,12:15:00,19.12,19.26,19.02,19.2,72987
2025-04-08,12:45:00,19.24,19.3,19.04,19.04,76761
2025-04-08,13:15:00,19.02,19.1,19.0,19.06,37598
2025-04-08,13:45:00,19.06,19.1,18.9,18.94,66637
2025-04-08,14:15:00,18.94,18.98,18.8,18.96,27775
2025-04-08,14:45:00,18.96,19.1,18.96,19.08,40004
2025-04-09,10:15:00,18.84,19.02,18.84,18.92,66421
2025-04-09,10:45:00,18.92,18.96,18.82,18.82,73150
2025-04-09,11:15:00,18.82,18.84,18.7,18.8,55149
2025-04-09,11:45:00,18.78,18.84,18.76,18.8,28253
2025-04-09,12:15:00,18.86,18.86,18.76,18.78,19215
2025-04-09,12:45:00,18.78,18.86,18.78,18.84,25868
2025-04-09,13:15:00,18.84,19.0,18.82,18.94,53112
2025-04-09,13:45:00,18.92,18.94,18.62,18.62,81386
2025-04-09,14:15:00,18.62,18.64,18.4,18.46,94783
2025-04-09,14:45:00,18.48,18.58,18.42,18.5,49736
2025-04-10,10:15:00,19.44,19.5,19.32,19.38,81825
2025-04-10,10:45:00,19.34,19.38,19.24,19.26,63556
2025-04-10,11:15:00,19.26,19.44,19.22,19.4,124545
2025-04-10,11:45:00,19.4,19.46,19.32,19.32,57396
2025-04-10,12:15:00,19.34,19.54,19.32,19.44,110801
2025-04-10,12:45:00,19.44,19.56,19.4,19.54,58351
2025-04-10,13:15:00,19.54,19.6,19.52,19.56,105830
2025-04-10,13:45:00,19.54,19.62,19.52,19.58,102919
2025-04-10,14:15:00,19.56,19.72,19.48,19.66,169049
2025-04-10,14:45:00,19.64,19.7,19.62,19.7,123748
2025-04-13,10:15:00,20.42,20.82,20.32,20.66,334429
2025-04-13,10:45:00,20.66,20.84,20.64,20.72,141372
2025-04-13,11:15:00,20.72,20.8,20.46,20.76,226824
2025-04-13,11:45:00,20.76,20.82,20.68,20.78,56052
2025-04-13,12:15:00,20.78,20.8,20.72,20.76,50728
2025-04-13,12:45:00,20.78,20.78,20.6,20.64,61858
2025-04-13,13:15:00,20.64,20.68,20.56,20.56,63265
2025-04-13,13:45:00,20.56,20.62,20.48,20.56,29980
2025-04-13,14:15:00,20.56,20.6,20.52,20.52,20598
2025-04-13,14:45:00,20.52,20.58,20.44,20.58,69167
2025-04-14,10:15:00,20.7,20.7,20.52,20.66,125949
2025-04-14,10:45:00,20.64,21.18,20.62,21.08,299008
2025-04-14,11:15:00,21.08,22.26,21.06,22.18,716834
2025-04-14,11:45:00,22.16,22.62,22.1,22.62,866308
2025-04-14,12:15:00,22.62,22.62,22.62,22.62,129434
2025-04-14,12:45:00,22.62,22.62,22.62,22.62,35238
2025-04-14,13:15:00,22.62,22.62,22.48,22.58,1177511
2025-04-14,13:45:00,22.6,22.62,22.44,22.6,690667
2025-04-14,14:15:00,22.6,22.62,22.36,22.62,370069
2025-04-14,14:45:00,22.62,22.62,22.62,22.62,68609
2025-04-15,10:15:00,23.94,24.4,23.68,24.16,1551910
2025-04-15,10:45:00,24.14,24.32,23.74,23.84,642235
2025-04-15,11:15:00,23.86,24.08,23.86,23.96,245447
2025-04-15,11:45:00,23.96,24.08,23.92,24.04,200426
2025-04-15,12:15:00,24.02,24.26,23.96,24.2,351922
2025-04-15,12:45:00,24.18,24.22,24.0,24.06,169099
2025-04-15,13:15:00,24.04,24.06,23.42,23.5,368717
2025-04-15,13:45:00,23.5,23.76,23.4,23.7,286764
2025-04-15,14:15:00,23.7,23.7,23.3,23.44,245266
2025-04-15,14:45:00,23.46,23.46,23.22,23.24,186262
2025-04-16,10:15:00,23.76,23.8,23.18,23.3,277937
2025-04-16,10:45:00,23.3,23.42,23.2,23.2,133380
2025-04-16,11:15:00,23.2,23.3,23.08,23.24,199582
2025-04-16,11:45:00,23.24,23.38,23.2,23.3,74869
2025-04-16,12:15:00,23.3,23.3,23.2,23.22,42788
2025-04-16,12:45:00,23.22,23.24,23.08,23.22,134338
2025-04-16,13:15:00,23.18,23.22,23.1,23.12,51439
2025-04-16,13:45:00,23.12,23.12,23.02,23.06,94137
2025-04-16,14:15:00,23.08,23.08,22.84,22.86,134344
2025-04-16,14:45:00,22.84,23.0,22.84,23.0,75518
2025-04-17,10:15:00,23.28,23.38,22.84,22.94,243303
2025-04-17,10:45:00,22.92,23.16,22.92,23.12,103757
2025-04-17,11:15:00,23.1,23.3,23.0,23.0,123551
2025-04-17,11:45:00,22.98,23.02,22.9,22.9,63212
2025-04-17,12:15:00,22.9,22.98,22.62,22.7,90116
2025-04-17,12:45:00,22.68,22.74,22.56,22.56,111338
2025-04-17,13:15:00,22.56,22.64,22.48,22.64,120538
2025-04-17,13:45:00,22.66,22.88,22.64,22.64,96090
2025-04-17,14:15:00,22.64,22.72,22.6,22.66,51960
2025-04-17,14:45:00,22.68,22.96,22.6,22.82,108608
2025-04-20,10:15:00,23.54,23.9,23.54,23.9,724620
2025-04-20,10:45:00,23.86,24.18,23.8,24.04,790700
2025-04-20,11:15:00,24.04,24.06,23.76,23.88,277913
2025-04-20,11:45:00,23.88,23.9,23.8,23.84,106304
2025-04-20,12:15:00,23.82,23.84,23.66,23.7,194100
2025-04-20,12:45:00,23.72,23.82,23.66,23.66,100418
2025-04-20,13:15:00,23.68,23.68,23.5,23.5,123365
2025-04-20,13:45:00,23.56,23.56,23.42,23.46,117793
2025-04-20,14:15:00,23.46,23.62,23.44,23.6,53232
2025-04-20,14:45:00,23.6,23.7,23.58,23.68,88861
2025-04-21,10:15:00,23.3,23.36,23.14,23.24,203044
2025-04-21,10:45:00,23.22,23.32,23.18,23.24,111180
2025-04-21,11:15:00,23.24,23.24,23.18,23.2,66333
2025-04-21,11:45:00,23.22,23.22,23.18,23.22,53614
2025-04-21,12:15:00,23.22,23.24,23.18,23.2,49457
2025-04-21,12:45:00,23.22,23.22,23.18,23.22,67405
2025-04-21,13:15:00,23.22,23.28,23.2,23.22,55746
2025-04-21,13:45:00,23.22,23.24,23.2,23.22,55920
2025-04-21,14:15:00,23.22,23.26,23.2,23.2,75146
2025-04-21,14:45:00,23.22,23.26,23.18,23.2,63186
2025-04-22,10:15:00,23.02,23.32,22.94,23.16,172627
2025-04-22,10:45:00,23.16,23.28,23.12,23.24,81632
2025-04-22,11:15:00,23.24,23.32,23.12,23.12,103536
2025-04-22,11:45:00,23.14,23.16,23.04,23.08,50168
2025-04-22,12:15:00,23.06,23.2,23.04,23.06,37582
2025-04-22,12:45:00,23.06,23.08,22.96,23.0,61049
2025-04-22,13:15:00,22.96,23.0,22.86,22.92,45949
2025-04-22,13:45:00,22.92,22.96,22.86,22.92,44568
2025-04-22,14:15:00,22.94,22.94,22.88,22.9,18609
2025-04-22,14:45:00,22.9,22.96,22.88,22.92,60085
2025-04-23,10:15:00,23.3,23.8,23.3,23.52,507391
2025-04-23,10:45:00,23.52,23.52,23.32,23.4,206659
2025-04-23,11:15:00,23.38,23.44,23.32,23.32,59343
2025-04-23,11:45:00,23.32,23.4,23.24,23.28,82038
2025-04-23,12:15:00,23.3,23.34,23.24,23.3,35836
2025-04-23,12:45:00,23.3,23.3,23.18,23.2,67753
2025-04-23,13:15:00,23.2,23.22,23.1,23.2,58756
2025-04-23,13:45:00,23.18,23.2,23.1,23.12,39396
2025-04-23,14:15:00,23.12,23.2,23.04,23.2,47858
2025-04-23,14:45:00,23.18,23.18,23.04,23.04,65805
2025-04-24,10:15:00,23.1,23.22,23.08,23.22,82521
2025-04-24,10:45:00,23.2,23.24,23.08,23.2,60969
2025-04-24,11:15:00,23.18,23.2,23.04,23.06,69419
2025-04-24,11:45:00,23.1,23.16,23.04,23.06,49417
2025-04-24,12:15:00,23.08,23.14,23.06,23.12,21499
2025-04-24,12:45:00,23.12,23.16,23.08,23.1,55345
2025-04-24,13:15:00,23.1,23.1,23.06,23.08,43285
2025-04-24,13:45:00,23.1,23.1,23.04,23.08,51898
2025-04-24,14:15:00,23.08,23.14,23.02,23.12,92243
2025-04-24,14:45:00,23.12,23.12,23.04,23.1,113235
2025-04-27,10:15:00,23.2,23.24,23.1,23.14,49922
2025-04-27,10:45:00,23.12,23.14,23.02,23.1,63656
2025-04-27,11:15:00,23.1,23.12,23.06,23.1,32244
2025-04-27,11:45:00,23.1,23.24,23.06,23.12,63581
2025-04-27,12:15:00,23.14,23.22,23.12,23.16,41933
2025-04-27,12:45:00,23.14,23.2,23.1,23.18,43214
2025-04-27,13:15:00,23.16,23.2,23.12,23.2,44975
2025-04-27,13:45:00,23.2,23.34,23.14,23.14,204961
2025-04-27,14:15:00,23.14,23.18,23.1,23.14,51261
2025-04-27,14:45:00,23.14,23.2,23.14,23.18,29061
2025-04-28,10:15:00,23.18,23.3,23.1,23.12,101014
2025-04-28,10:45:00,23.12,23.12,23.04,23.04,83274
2025-04-28,11:15:00,23.06,23.08,23.0,23.04,88960
2025-04-28,11:45:00,23.02,23.06,22.94,23.06,46435
2025-04-28,12:15:00,23.06,23.08,23.0,23.04,26350
2025-04-28,12:45:00,23.04,23.04,22.96,22.98,43667
2025-04-28,13:15:00,22.98,23.04,22.96,23.0,68784
2025-04-28,13:45:00,23.0,23.02,22.98,23.0,25971
2025-04-28,14:15:00,23.0,23.02,22.96,22.98,30346
2025-04-28,14:45:00,22.96,23.1,22.96,23.08,33297
2025-04-29,10:15:00,23.18,23.28,23.12,23.12,149508
2025-04-29,10:45:00,23.12,23.76,23.1,23.7,456618
2025-04-29,11:15:00,23.74,24.22,23.68,23.76,1303084
2025-04-29,11:45:00,23.76,23.96,23.62,23.7,387446
2025-04-29,12:15:00,23.7,23.72,23.48,23.5,231785
2025-04-29,12:45:00,23.48,23.56,23.4,23.46,111189
2025-04-29,13:15:00,23.46,23.52,23.42,23.44,91854
2025-04-29,13:45:00,23.42,23.56,23.24,23.28,179598
2025-04-29,14:15:00,23.3,23.3,23.12,23.2,231049
2025-04-29,14:45:00,23.2,23.24,23.14,23.2,117560
2025-04-30,10:15:00,23.16,23.16,22.96,22.98,253521
2025-04-30,10:45:00,22.98,22.98,22.8,22.82,177507
2025-04-30,11:15:00,22.82,22.88,22.7,22.78,114227
2025-04-30,11:45:00,22.78,22.94,22.74,22.86,51012
2025-04-30,12:15:00,22.84,22.86,22.72,22.78,41047
2025-04-30,12:45:00,22.78,22.88,22.78,22.82,43428
2025-04-30,13:15:00,22.82,22.82,22.7,22.72,61123
2025-04-30,13:45:00,22.72,22.86,22.7,22.84,25456
2025-04-30,14:15:00,22.82,22.84,22.78,22.82,23986
2025-04-30,14:45:00,22.84,22.88,22.8,22.82,44592
2025-05-01,10:15:00,22.86,23.1,22.84,23.0,99360
2025-05-01,10:45:00,23.04,23.18,22.94,22.98,166733
2025-05-01,11:15:00,22.98,22.98,22.84,22.86,31573
2025-05-01,11:45:00,22.86,22.9,22.84,22.84,37628
2025-05-01,12:15:00,22.84,22.86,22.78,22.78,29539
2025-05-01,12:45:00,22.78,22.82,22.78,22.8,25315
2025-05-01,13:15:00,22.8,22.88,22.76,22.78,54660
2025-05-01,13:45:00,22.76,22.8,22.7,22.74,62647
2025-05-01,14:15:00,22.72,22.74,22.6,22.74,89625
2025-05-01,14:45:00,22.76,22.8,22.68,22.7,47182
2025-05-04,10:15:00,22.92,23.0,22.82,22.82,80931
2025-05-04,10:45:00,22.86,22.9,22.8,22.8,21064
2025-05-04,11:15:00,22.84,22.84,22.7,22.76,22140
2025-05-04,11:45:00,22.76,22.78,22.68,22.72,28237
2025-05-04,12:15:00,22.74,22.74,22.6,22.66,18629
2025-05-04,12:45:00,22.66,22.66,22.58,22.58,41825
2025-05-04,13:15:00,22.58,22.58,22.48,22.54,60146
2025-05-04,13:45:00,22.54,22.54,22.46,22.52,50219
2025-05-04,14:15:00,22.52,22.56,22.48,22.54,17373
2025-05-04,14:45:00,22.54,22.54,22.48,22.48,22443
2025-05-05,10:15:00,22.32,22.32,22.18,22.22,40086
2025-05-05,10:45:00,22.22,22.28,22.12,22.26,69788
2025-05-05,11:15:00,22.28,22.36,22.28,22.34,20131
2025-05-05,11:45:00,22.34,22.66,22.34,22.54,82986
2025-05-05,12:15:00,22.54,22.56,22.42,22.46,22902
2025-05-05,12:45:00,22.42,22.66,22.42,22.64,29414
2025-05-05,13:15:00,22.64,22.74,22.58,22.6,35779
2025-05-05,13:45:00,22.62,22.7,22.58,22.66,50621
2025-05-05,14:15:00,22.66,22.66,22.56,22.62,34373
2025-05-05,14:45:00,22.62,22.7,22.56,22.62,68618
2025-05-06,10:15:00,22.56,22.7,22.54,22.62,48660
2025-05-06,10:45:00,22.62,22.62,22.5,22.5,67518
2025-05-06,11:15:00,22.5,22.5,22.34,22.42,50223
2025-05-06,11:45:00,22.4,22.48,22.38,22.48,15905
2025-05-06,12:15:00,22.46,22.56,22.46,22.5,31111
2025-05-06,12:45:00,22.52,22.54,22.48,22.5,34996
2025-05-06,13:15:00,22.5,22.5,22.42,22.44,22005
2025-05-06,13:45:00,22.44,22.44,22.4,22.44,18574
2025-05-06,14:15:00,22.42,22.44,22.38,22.42,16604
2025-05-06,14:45:00,22.42,22.5,22.36,22.5,26512
2025-05-07,10:15:00,22.14,22.28,22.0,22.04,85130
2025-05-07,10:45:00,22.04,22.16,22.0,22.12,75255
2025-05-07,11:15:00,22.12,22.18,22.1,22.18,25356
2025-05-07,11:45:00,22.16,22.24,22.16,22.2,26358
2025-05-07,12:15:00,22.18,22.2,22.08,22.12,23040
2025-05-07,12:45:00,22.12,22.14,22.06,22.08,28597
2025-05-07,13:15:00,22.1,22.12,22.0,22.0,29096
2025-05-07,13:45:00,22.02,22.04,21.9,21.98,36356
2025-05-07,14:15:00,22.0,22.14,21.96,22.12,19596
2025-05-07,14:45:00,22.1,22.12,22.0,22.0,21229
2025-05-08,10:15:00,22.0,22.04,21.9,21.9,57640
2025-05-08,10:45:00,21.9,22.0,21.84,22.0,53092
2025-05-08,11:15:00,22.0,22.02,21.86,21.86,63403
2025-05-08,11:45:00,21.88,21.9,21.82,21.82,24795
2025-05-08,12:15:00,21.84,21.86,21.8,21.8,25472
2025-05-08,12:45:00,21.8,22.0,21.8,21.92,85440
2025-05-08,13:15:00,21.9,21.94,21.86,21.92,21438
2025-05-08,13:45:00,21.9,22.0,21.88,21.94,39663
2025-05-08,14:15:00,21.94,21.96,21.86,21.88,39757
2025-05-08,14:45:00,21.88,22.0,21.88,21.98,37490
2025-05-11,10:15:00,22.06,22.38,22.06,22.34,88551
2025-05-11,10:45:00,22.32,22.34,22.1,22.14,18650
2025-05-11,11:15:00,22.14,22.16,22.08,22.08,25497
2025-05-11,11:45:00,22.1,22.1,22.02,22.06,21308
2025-05-11,12:15:00,22.04,22.04,21.86,21.96,54401
2025-05-11,12:45:00,21.96,22.0,21.88,22.0,25551
2025-05-11,13:15:00,22.0,22.04,21.98,22.0,23624
2025-05-11,13:45:00,22.0,22.0,21.94,22.0,15867
2025-05-11,14:15:00,22.02,22.02,21.8,21.82,39310
2025-05-11,14:45:00,21.88,22.0,21.8,21.9,19363
2025-05-12,10:15:00,22.12,22.38,22.12,22.3,109379
2025-05-12,10:45:00,22.3,22.46,22.14,22.28,119400
2025-05-12,11:15:00,22.28,22.28,22.12,22.16,34551
2025-05-12,11:45:00,22.16,22.2,22.12,22.16,9597
2025-05-12,12:15:00,22.14,22.2,22.12,22.16,18599
2025-05-12,12:45:00,22.16,22.16,22.12,22.14,7269
2025-05-12,13:15:00,22.16,22.18,22.12,22.14,22461
2025-05-12,13:45:00,22.16,22.24,22.16,22.2,13168
2025-05-12,14:15:00,22.2,22.3,22.18,22.26,39362
2025-05-12,14:45:00,22.22,22.28,22.2,22.24,33934
2025-05-13,10:15:00,22.34,22.36,22.18,22.24,41229
2025-05-13,10:45:00,22.24,22.26,22.16,22.18,37555
2025-05-13,11:15:00,22.18,22.22,22.02,22.18,29438
2025-05-13,11:45:00,22.18,22.26,22.18,22.18,16765
2025-05-13,12:15:00,22.2,22.2,22.18,22.18,5611
2025-05-13,12:45:00,22.2,22.22,22.18,22.18,7253
2025-05-13,13:15:00,22.18,22.18,22.12,22.12,8253
2025-05-13,13:45:00,22.14,22.2,22.12,22.16,17129
2025-05-13,14:15:00,22.18,22.22,22.16,22.16,25803
2025-05-13,14:45:00,22.16,22.2,22.14,22.2,16652
2025-05-14,10:15:00,22.6,22.62,22.32,22.36,69532
2025-05-14,10:45:00,22.36,22.36,22.26,22.32,36144
2025-05-14,11:15:00,22.34,22.34,22.26,22.3,27091
2025-05-14,11:45:00,22.3,22.4,22.3,22.36,34588
2025-05-14,12:15:00,22.36,22.4,22.32,22.36,47134
2025-05-14,12:45:00,22.36,22.4,22.32,22.4,30772
2025-05-14,13:15:00,22.4,22.42,22.34,22.36,13666
2025-05-14,13:45:00,22.34,22.44,22.34,22.44,20664
2025-05-14,14:15:00,22.46,22.54,22.44,22.54,101908
2025-05-14,14:45:00,22.54,22.6,22.5,22.6,64398
2025-05-15,10:15:00,24.82,24.86,24.46,24.6,2479353
2025-05-15,10:45:00,24.62,24.7,24.26,24.48,750473
2025-05-15,11:15:00,24.48,24.56,24.38,24.46,269763
2025-05-15,11:45:00,24.46,24.64,24.42,24.56,222983
2025-05-15,12:15:00,24.56,24.86,24.5,24.86,1050812
2025-05-15,12:45:00,24.86,24.86,24.86,24.86,149829
2025-05-15,13:15:00,24.86,24.86,24.86,24.86,98911
2025-05-15,13:45:00,24.86,24.86,24.86,24.86,25060
2025-05-15,14:15:00,24.86,24.86,24.86,24.86,22088
2025-05-15,14:45:00,24.86,24.86,24.86,24.86,89819
2025-05-18,10:15:00,25.65,26.65,25.65,25.85,1547109
2025-05-18,10:45:00,25.9,26.35,25.85,26.15,463136
2025-05-18,11:15:00,26.2,26.3,25.95,26.05,321908
2025-05-18,11:45:00,26.05,26.1,25.85,26.0,170012
2025-05-18,12:15:00,26.0,26.9,25.8,26.8,979457
2025-05-18,12:45:00,26.85,27.15,26.85,27.1,1483908
2025-05-18,13:15:00,27.1,27.3,26.9,27.1,1750077
2025-05-18,13:45:00,27.15,27.3,25.9,26.0,1377944
2025-05-18,14:15:00,26.0,26.25,25.5,26.05,1287995
2025-05-18,14:45:00,26.05,26.2,25.8,26.0,409756
2025-05-19,10:15:00,25.9,26.0,25.45,25.6,623376
2025-05-19,10:45:00,25.6,25.95,25.55,25.6,257648
2025-05-19,11:15:00,25.55,25.7,25.55,25.65,167666
2025-05-19,11:45:00,25.65,25.75,25.5,25.55,122615
2025-05-19,12:15:00,25.6,25.65,25.3,25.45,256575
2025-05-19,12:45:00,25.45,25.6,25.4,25.6,169035
2025-05-19,13:15:00,25.5,25.6,25.2,25.25,140964
2025-05-19,13:45:00,25.2,25.4,25.15,25.35,107712
2025-05-19,14:15:00,25.35,25.5,25.35,25.35,86418
2025-05-19,14:45:00,25.35,25.75,25.3,25.45,251643
2025-05-20,10:15:00,26.5,26.75,26.2,26.55,815259
2025-05-20,10:45:00,26.5,26.85,26.5,26.85,830072
2025-05-20,11:15:00,26.85,26.85,26.2,26.45,573871
2025-05-20,11:45:00,26.4,26.45,26.15,26.3,197089
2025-05-20,12:15:00,26.3,26.35,26.2,26.3,120045
2025-05-20,12:45:00,26.25,26.8,26.25,26.6,405419
2025-05-20,13:15:00,26.55,26.65,26.4,26.45,160113
2025-05-20,13:45:00,26.45,26.5,26.25,26.25,181274
2025-05-20,14:15:00,26.25,26.4,26.0,26.15,242879
2025-05-20,14:45:00,26.15,26.45,26.15,26.45,285538
2025-05-21,10:15:00,26.2,26.2,25.95,26.05,355119
2025-05-21,10:45:00,26.0,26.05,25.75,25.9,200598
2025-05-21,11:15:00,25.95,26.15,25.85,26.1,123250
2025-05-21,11:45:00,26.1,26.2,25.8,26.0,123372
2025-05-21,12:15:00,26.0,26.1,25.85,26.05,85837
2025-05-21,12:45:00,26.05,26.25,25.9,26.25,84842
2025-05-21,13:15:00,26.15,26.25,26.0,26.1,83651
2025-05-21,13:45:00,26.1,26.1,25.7,25.75,170790
2025-05-21,14:15:00,25.75,25.85,25.6,25.85,122574
2025-05-21,14:45:00,25.8,25.95,25.7,25.7,118503
2025-05-22,10:15:00,25.6,25.7,25.3,25.3,205002
2025-05-22,10:45:00,25.35,26.0,25.15,25.8,256924
2025-05-22,11:15:00,25.8,25.9,25.6,25.7,189686
2025-05-22,11:45:00,25.7,25.7,25.55,25.7,47024
2025-05-22,12:15:00,25.7,25.8,25.65,25.75,59431
2025-05-22,12:45:00,25.7,25.85,25.6,25.65,36070
2025-05-22,13:15:00,25.7,26.0,25.65,25.9,132228
2025-05-22,13:45:00,25.9,26.3,25.8,25.8,383470
2025-05-22,14:15:00,25.8,25.9,25.45,25.7,216624
2025-05-22,14:45:00,25.7,25.75,25.6,25.6,95352
2025-05-25,10:15:00,25.65,25.9,25.5,25.65,112637
2025-05-25,10:45:00,25.65,25.8,25.65,25.8,58161
2025-05-25,11:15:00,25.75,25.8,25.5,25.6,76173
2025-05-25,11:45:00,25.6,25.65,25.45,25.5,56282
2025-05-25,12:15:00,25.5,25.65,25.5,25.55,62074
2025-05-25,12:45:00,25.55,25.6,25.4,25.55,105447
2025-05-25,13:15:00,25.5,25.6,25.45,25.5,42636
2025-05-25,13:45:00,25.45,25.55,25.45,25.5,24037
2025-05-25,14:15:00,25.5,25.5,25.2,25.3,70584
2025-05-25,14:45:00,25.3,25.3,25.0,25.0,130269
2025-05-26,10:15:00,25.65,25.9,25.2,25.3,221154
2025-05-26,10:45:00,25.3,25.4,25.1,25.3,137136
2025-05-26,11:15:00,25.3,25.3,25.0,25.15,124995
2025-05-26,11:45:00,25.2,25.2,24.72,24.82,149294
2025-05-26,12:15:00,24.82,24.84,24.48,24.7,152904
2025-05-26,12:45:00,24.7,24.7,24.42,24.48,150813
2025-05-26,13:15:00,24.48,24.76,24.36,24.66,151315
2025-05-26,13:45:00,24.66,24.86,24.56,24.78,79672
2025-05-26,14:15:00,24.8,24.84,24.68,24.76,85043
2025-05-26,14:45:00,24.78,24.86,24.7,24.74,97426
2025-05-27,10:15:00,24.38,24.38,23.8,23.98,457470
2025-05-27,10:45:00,23.96,24.0,23.78,23.94,193445
2025-05-27,11:15:00,23.96,24.02,23.86,23.9,121033
2025-05-27,11:45:00,23.9,23.98,23.86,23.88,67713
2025-05-27,12:15:00,23.88,23.92,23.78,23.86,74452
2025-05-27,12:45:00,23.86,23.9,23.68,23.72,148345
2025-05-27,13:15:00,23.76,23.8,23.5,23.6,192418
2025-05-27,13:45:00,23.6,23.64,23.48,23.54,160251
2025-05-27,14:15:00,23.54,23.62,23.48,23.56,106344
2025-05-27,14:45:00,23.56,23.6,23.44,23.44,124703
2025-05-28,10:15:00,23.8,23.92,23.72,23.86,158956
2025-05-28,10:45:00,23.8,23.9,23.66,23.68,85131
2025-05-28,11:15:00,23.7,23.72,23.52,23.6,75148
2025-05-28,11:45:00,23.62,23.66,23.5,23.56,49259
2025-05-28,12:15:00,23.56,23.58,23.46,23.46,62992
2025-05-28,12:45:00,23.46,23.48,23.34,23.44,71436
2025-05-28,13:15:00,23.46,23.6,23.46,23.58,65281
2025-05-28,13:45:00,23.58,23.58,23.44,23.5,74921
2025-05-28,14:15:00,23.5,23.5,23.36,23.4,77846
2025-05-28,14:45:00,23.42,23.42,23.32,23.34,52229
2025-05-29,10:15:00,23.54,23.84,23.54,23.84,216651
2025-05-29,10:45:00,23.78,23.92,23.68,23.84,142265
2025-05-29,11:15:00,23.82,23.86,23.6,23.72,131937
2025-05-29,11:45:00,23.7,23.84,23.66,23.8,45733
2025-05-29,12:15:00,23.76,23.82,23.66,23.74,59362
2025-05-29,12:45:00,23.7,23.78,23.64,23.64,61484
2025-05-29,13:15:00,23.64,23.7,23.54,23.66,60633
2025-05-29,13:45:00,23.64,23.7,23.54,23.58,32288
2025-05-29,14:15:00,23.58,23.68,23.56,23.68,96011
2025-05-29,14:45:00,23.68,23.68,23.62,23.66,99934
2025-06-01,10:15:00,23.16,23.22,22.88,23.06,135216
2025-06-01,10:45:00,23.06,23.1,22.88,22.98,70169
2025-06-01,11:15:00,22.94,23.02,22.82,22.9,80891
2025-06-01,11:45:00,22.94,22.96,22.82,22.92,38413
2025-06-01,12:15:00,22.92,22.98,22.88,22.92,26708
2025-06-01,12:45:00,22.92,22.94,22.86,22.9,45478
2025-06-01,13:15:00,22.88,22.92,22.82,22.88,50584
2025-06-01,13:45:00,22.88,22.94,22.8,22.86,56524
2025-06-01,14:15:00,22.84,23.26,22.84,23.22,102455
2025-06-01,14:45:00,23.2,23.22,23.04,23.1,55190
2025-06-02,10:15:00,23.16,23.26,23.1,23.16,50171
2025-06-02,10:45:00,23.18,23.24,23.12,23.14,77042
2025-06-02,11:15:00,23.12,23.22,23.1,23.12,21092
2025-06-02,11:45:00,23.1,23.14,23.02,23.08,40682
2025-06-02,12:15:00,23.12,23.2,23.1,23.12,23811
2025-06-02,12:45:00,23.16,23.32,23.12,23.32,124234
2025-06-02,13:15:00,23.32,23.44,23.2,23.2,95755
2025-06-02,13:45:00,23.2,23.22,23.16,23.2,52486
2025-06-02,14:15:00,23.2,23.2,23.0,23.06,51962
2025-06-02,14:45:00,23.06,23.1,23.0,23.02,64443
2025-06-03,10:15:00,23.22,23.32,23.1,23.26,84383
2025-06-03,10:45:00,23.24,23.26,23.14,23.18,27694
2025-06-03,11:15:00,23.18,23.2,23.14,23.16,16037
2025-06-03,11:45:00,23.16,23.24,23.14,23.14,25998
2025-06-03,12:15:00,23.14,23.16,23.1,23.1,14552
2025-06-03,12:45:00,23.12,23.18,23.08,23.18,19531
2025-06-03,13:15:00,23.18,23.26,23.14,23.18,54858
2025-06-03,13:45:00,23.2,23.22,23.14,23.18,39470
2025-06-03,14:15:00,23.18,23.2,23.14,23.14,20882
2025-06-03,14:45:00,23.14,23.14,23.1,23.14,87573
2025-06-04,10:15:00,23.36,23.56,23.34,23.5,205937
2025-06-04,10:45:00,23.5,23.5,23.3,23.36,77885
2025-06-04,11:15:00,23.38,23.46,23.36,23.4,31674
2025-06-04,11:45:00,23.4,23.42,23.3,23.32,42974
2025-06-04,12:15:00,23.3,23.38,23.24,23.3,46715
2025-06-04,12:45:00,23.3,23.36,23.28,23.34,11628
2025-06-04,13:15:00,23.34,23.36,23.3,23.3,20767
2025-06-04,13:45:00,23.3,23.3,23.18,23.18,31032
2025-06-04,14:15:00,23.18,23.24,23.14,23.18,100633
2025-06-04,14:45:00,23.16,23.18,22.94,22.98,144447
2025-06-11,10:00:00,23.3,23.66,23.28,23.58,261448
2025-06-11,10:30:00,23.6,24.4,23.54,24.06,368841
2025-06-11,11:00:00,24.06,24.56,24.02,24.34,473674
2025-06-11,11:30:00,24.36,24.38,24.2,24.3,224958
2025-06-11,12:00:00,24.34,24.54,24.28,24.54,175798
2025-06-11,12:30:00,24.54,24.58,24.34,24.4,153262
2025-06-11,13:00:00,24.38,24.54,24.24,24.3,134717
2025-06-11,13:30:00,24.34,24.46,24.24,24.36,119940
2025-06-11,14:00:00,24.36,24.46,24.2,24.44,164674
2025-06-11,14:30:00,24.46,24.8,24.32,24.38,458331
2025-06-11,15:00:00,24.38,24.38,24.38,24.38,23269
2025-06-12,10:00:00,24.24,24.24,23.24,23.44,534177
2025-06-12,10:30:00,23.46,23.54,23.28,23.42,122452
2025-06-12,11:00:00,23.44,23.46,23.18,23.26,139269
2025-06-12,11:30:00,23.26,23.3,23.02,23.08,127742
2025-06-12,12:00:00,23.08,23.1,22.98,23.04,141777
2025-06-12,12:30:00,23.06,23.24,23.06,23.12,105891
2025-06-12,13:00:00,23.14,23.16,23.04,23.1,52661
2025-06-12,13:30:00,23.1,23.14,23.02,23.12,38126
2025-06-12,14:00:00,23.12,23.24,23.08,23.16,73256
2025-06-12,14:30:00,23.16,23.16,23.02,23.08,116424
2025-06-12,15:00:00,23.0,23.0,23.0,23.0,24092
2025-06-15,10:00:00,20.82,21.8,20.82,21.64,627026
2025-06-15,10:30:00,21.68,22.06,21.66,21.8,235945
2025-06-15,11:00:00,21.8,21.94,21.64,21.78,148633
2025-06-15,11:30:00,21.7,21.84,21.52,21.82,107799
2025-06-15,12:00:00,21.82,22.04,21.82,21.94,84338
2025-06-15,12:30:00,21.94,22.16,21.92,22.1,58613
2025-06-15,13:00:00,22.1,22.6,22.08,22.5,119809
2025-06-15,13:30:00,22.5,22.52,22.1,22.24,150380
2025-06-15,14:00:00,22.24,22.28,21.8,21.98,213579
2025-06-15,14:30:00,21.98,22.3,21.88,22.0,153820
2025-06-15,15:00:00,22.0,22.0,22.0,22.0,39078
2025-06-16,10:00:00,22.3,23.5,22.3,23.44,685380
2025-06-16,10:30:00,23.42,23.54,23.18,23.26,341070
2025-06-16,11:00:00,23.28,23.3,23.1,23.22,187160
2025-06-16,11:30:00,23.22,23.26,23.16,23.18,124804
2025-06-16,12:00:00,23.16,23.2,23.12,23.14,48812
2025-06-16,12:30:00,23.12,23.28,23.1,23.16,80227
2025-06-16,13:00:00,23.2,23.24,23.14,23.2,35712
2025-06-16,13:30:00,23.2,23.22,23.12,23.2,84480
2025-06-16,14:00:00,23.18,23.32,23.1,23.22,153861
2025-06-16,14:30:00,23.22,23.28,23.16,23.2,68465
2025-06-16,15:00:00,23.2,23.2,23.2,23.2,23929
2025-06-17,10:00:00,23.24,23.6,23.04,23.34,313204
2025-06-17,10:30:00,23.32,23.48,23.3,23.38,80832
2025-06-17,11:00:00,23.38,23.4,23.2,23.2,127870
2025-06-17,11:30:00,23.18,23.22,22.9,23.02,93735
2025-06-17,12:00:00,23.02,23.04,22.68,22.76,109017
2025-06-17,12:30:00,22.76,22.84,22.68,22.76,113679
2025-06-17,13:00:00,22.76,22.82,22.6,22.76,98468
2025-06-17,13:30:00,22.74,22.8,22.58,22.74,81456
2025-06-17,14:00:00,22.7,22.7,22.54,22.54,41172
2025-06-17,14:30:00,22.54,22.68,22.54,22.6,97682
2025-06-17,15:00:00,22.56,22.56,22.56,22.56,13607
2025-06-18,10:00:00,22.54,22.54,22.0,22.12,387771
2025-06-18,10:30:00,22.12,22.3,22.04,22.08,126503
2025-06-18,11:00:00,22.08,22.1,21.9,21.94,180514
2025-06-18,11:30:00,21.92,22.08,21.88,22.06,208852
2025-06-18,12:00:00,22.06,22.08,21.92,21.94,36928
2025-06-18,12:30:00,21.94,22.06,21.9,22.0,81208
2025-06-18,13:00:00,22.0,22.0,21.88,21.92,88242
2025-06-18,13:30:00,21.92,21.92,21.8,21.82,87994
2025-06-18,14:00:00,21.82,21.82,21.66,21.68,160396
2025-06-18,14:30:00,21.68,21.8,21.62,21.64,212811
2025-06-18,15:00:00,21.6,21.6,21.6,21.6,74051
2025-06-19,10:00:00,21.7,21.92,21.64,21.84,188348
2025-06-19,10:30:00,21.84,21.88,21.72,21.72,104330
2025-06-19,11:00:00,21.72,21.9,21.7,21.8,96263
2025-06-19,11:30:00,21.82,21.96,21.78,21.9,68424
2025-06-19,12:00:00,21.92,22.0,21.82,21.9,96905
2025-06-19,12:30:00,21.92,21.92,21.8,21.88,72820
2025-06-19,13:00:00,21.84,21.86,21.74,21.78,42457
2025-06-19,13:30:00,21.78,21.8,21.54,21.62,58108
2025-06-19,14:00:00,21.62,21.64,21.48,21.6,72751
2025-06-19,14:30:00,21.62,21.62,21.42,21.56,74899
2025-06-19,15:00:00,21.52,21.52,21.52,21.52,10701
2025-06-22,10:00:00,21.58,22.5,21.56,21.9,599813
2025-06-22,10:30:00,21.88,22.08,21.74,21.84,161169
2025-06-22,11:00:00,21.86,21.94,21.8,21.84,63916
2025-06-22,11:30:00,21.82,21.9,21.78,21.82,42703
2025-06-22,12:00:00,21.82,22.04,21.76,21.98,91309
2025-06-22,12:30:00,21.96,22.0,21.94,22.0,36209
2025-06-22,13:00:00,22.0,22.0,21.84,21.9,55397
2025-06-22,13:30:00,21.9,21.9,21.68,21.7,94474
2025-06-22,14:00:00,21.72,21.8,21.66,21.76,42874
2025-06-22,14:30:00,21.78,21.86,21.72,21.74,66309
2025-06-22,15:00:00,21.7,21.7,21.7,21.7,22500
2025-06-23,10:00:00,21.96,22.56,21.84,22.38,525366
2025-06-23,10:30:00,22.36,22.46,22.34,22.38,130939
2025-06-23,11:00:00,22.38,22.4,22.34,22.38,22331
2025-06-23,11:30:00,22.38,22.46,22.38,22.42,101044
2025-06-23,12:00:00,22.38,22.44,22.36,22.38,26199
2025-06-23,12:30:00,22.38,22.5,22.32,22.38,106062
2025-06-23,13:00:00,22.38,22.46,22.34,22.34,24651
2025-06-23,13:30:00,22.36,22.8,22.36,22.68,374142
2025-06-23,14:00:00,22.66,22.8,22.64,22.68,95305
2025-06-23,14:30:00,22.68,22.9,22.62,22.66,309556
2025-06-23,15:00:00,22.56,22.56,22.56,22.56,52911
2025-06-24,10:00:00,23.5,23.98,23.4,23.74,701424
2025-06-24,10:30:00,23.78,23.78,23.46,23.5,173793
2025-06-24,11:00:00,23.46,23.6,23.02,23.42,235747
2025-06-24,11:30:00,23.42,23.56,23.38,23.54,128861
2025-06-24,12:00:00,23.54,23.72,23.52,23.68,134346
2025-06-24,12:30:00,23.68,23.72,23.58,23.7,54646
2025-06-24,13:00:00,23.7,23.8,23.66,23.72,87343
2025-06-24,13:30:00,23.72,23.84,23.7,23.8,65984
2025-06-24,14:00:00,23.8,23.96,23.78,23.96,133268
2025-06-24,14:30:00,23.96,24.28,23.96,24.18,477104
2025-06-24,15:00:00,24.12,24.12,24.12,24.12,26346
2025-06-25,10:00:00,24.54,24.54,24.02,24.32,343077
2025-06-25,10:30:00,24.34,24.74,24.3,24.62,331185
2025-06-25,11:00:00,24.64,24.82,24.5,24.62,223859
2025-06-25,11:30:00,24.64,24.72,24.4,24.46,99483
2025-06-25,12:00:00,24.46,24.56,24.34,24.4,126257
2025-06-25,12:30:00,24.4,24.52,24.4,24.46,60015
2025-06-25,13:00:00,24.46,24.6,24.3,24.5,149420
2025-06-25,13:30:00,24.54,24.56,24.4,24.48,76277
2025-06-25,14:00:00,24.46,24.56,24.42,24.54,32943
2025-06-25,14:30:00,24.52,24.66,24.52,24.58,109070
2025-06-25,15:00:00,24.6,24.6,24.6,24.6,12916
2025-06-26,10:00:00,24.7,24.9,24.44,24.68,167095
2025-06-26,10:30:00,24.64,24.7,24.44,24.5,148396
2025-06-26,11:00:00,24.46,24.6,24.46,24.54,73166
2025-06-26,11:30:00,24.56,24.6,24.52,24.58,44097
2025-06-26,12:00:00,24.58,24.58,24.46,24.5,60235
2025-06-26,12:30:00,24.5,24.52,24.44,24.5,35731
2025-06-26,13:00:00,24.48,24.54,24.34,24.52,136202
2025-06-26,13:30:00,24.52,24.56,24.5,24.52,36365
2025-06-26,14:00:00,24.5,24.52,24.36,24.36,80071
2025-06-26,14:30:00,24.4,24.48,24.36,24.46,63599
2025-06-26,15:00:00,24.42,24.42,24.42,24.42,19578
2025-06-29,10:00:00,24.52,25.58,24.52,25.5,568399
2025-06-29,10:30:00,25.48,25.94,25.34,25.86,574014
2025-06-29,11:00:00,25.88,25.92,25.48,25.76,599192
2025-06-29,11:30:00,25.78,25.96,25.62,25.94,282718
2025-06-29,12:00:00,25.94,26.0,25.72,25.88,361640
2025-06-29,12:30:00,25.88,26.1,25.8,26.1,342956
2025-06-29,13:00:00,26.1,26.18,25.9,26.0,278249
2025-06-29,13:30:00,26.0,26.06,25.68,25.78,204563
2025-06-29,14:00:00,25.78,25.8,25.44,25.52,175933
2025-06-29,14:30:00,25.5,25.66,25.4,25.46,138767
2025-06-29,15:00:00,25.5,25.5,25.5,25.5,15709
2025-06-30,10:00:00,25.5,25.6,25.2,25.26,311778
2025-06-30,10:30:00,25.26,25.34,25.14,25.18,212485
2025-06-30,11:00:00,25.18,25.2,24.9,24.93,462717
2025-06-30,11:30:00,24.95,24.95,24.68,24.81,400570
2025-06-30,12:00:00,24.8,25.18,24.8,25.18,213071
2025-06-30,12:30:00,25.18,25.4,25.12,25.32,251125
2025-06-30,13:00:00,25.32,25.4,25.2,25.28,114644
2025-06-30,13:30:00,25.28,25.4,25.26,25.38,104554
2025-06-30,14:00:00,25.4,25.44,25.34,25.38,66788
2025-06-30,14:30:00,25.38,25.42,25.3,25.36,153720
2025-06-30,15:00:00,25.32,25.32,25.32,25.32,12133
2025-07-01,10:00:00,25.52,26.1,25.44,26.04,529080
2025-07-01,10:30:00,26.04,26.08,25.6,25.62,325856
2025-07-01,11:00:00,25.62,25.78,25.5,25.64,236997
2025-07-01,11:30:00,25.64,25.76,25.62,25.68,81505
2025-07-01,12:00:00,25.68,25.8,25.56,25.6,77077
2025-07-01,12:30:00,25.6,25.6,25.48,25.48,104776
2025-07-01,13:00:00,25.48,25.5,25.4,25.44,61952
2025-07-01,13:30:00,25.44,25.46,25.24,25.3,66112
2025-07-01,14:00:00,25.3,25.38,25.22,25.34,66383
2025-07-01,14:30:00,25.34,25.5,25.32,25.44,103994
2025-07-01,15:00:00,25.4,25.4,25.4,25.4,19591
2025-07-02,10:00:00,25.68,25.8,25.3,25.42,231148
2025-07-02,10:30:00,25.42,25.48,25.28,25.46,114320
2025-07-02,11:00:00,25.44,25.52,25.38,25.42,57745
2025-07-02,11:30:00,25.42,25.44,25.36,25.36,64357
2025-07-02,12:00:00,25.38,25.44,25.34,25.36,45027
2025-07-02,12:30:00,25.38,25.44,25.32,25.34,26788
2025-07-02,13:00:00,25.34,25.34,25.24,25.3,72639
2025-07-02,13:30:00,25.3,25.36,25.16,25.2,69962
2025-07-02,14:00:00,25.2,25.4,25.16,25.26,82135
2025-07-02,14:30:00,25.24,25.28,25.18,25.22,60792
2025-07-02,15:00:00,25.2,25.2,25.2,25.2,10040
2025-07-03,10:00:00,25.2,25.5,25.14,25.16,114223
2025-07-03,10:30:00,25.18,25.2,25.1,25.14,79743
2025-07-03,11:00:00,25.14,25.18,25.02,25.06,99889
2025-07-03,11:30:00,25.04,25.08,24.91,24.92,126465
2025-07-03,12:00:00,24.92,24.99,24.88,24.98,83021
2025-07-03,12:30:00,24.97,24.99,24.92,24.93,49528
2025-07-03,13:00:00,24.93,24.95,24.89,24.91,61597
2025-07-03,13:30:00,24.91,25.1,24.85,25.06,108875
2025-07-03,14:00:00,25.06,25.14,25.04,25.08,39343
2025-07-03,14:30:00,25.06,26.22,25.06,25.98,1396894
2025-07-03,15:00:00,26.0,26.0,26.0,26.0,52902
2025-07-06,10:00:00,26.48,27.5,26.4,27.34,1792284
2025-07-06,10:30:00,27.36,27.38,26.9,27.14,594683
2025-07-06,11:00:00,27.12,27.32,26.98,27.08,367280
2025-07-06,11:30:00,27.08,27.12,26.92,27.0,228485
2025-07-06,12:00:00,27.0,27.04,26.9,26.96,162228
2025-07-06,12:30:00,26.96,26.98,26.9,26.98,89355
2025-07-06,13:00:00,26.96,27.18,26.96,27.08,160530
2025-07-06,13:30:00,27.1,27.14,26.98,27.0,137907
2025-07-06,14:00:00,27.0,27.08,26.98,27.02,116732
2025-07-06,14:30:00,27.0,27.04,26.86,26.88,210497
2025-07-06,15:00:00,26.88,26.88,26.88,26.88,36727
2025-07-07,10:00:00,26.9,27.0,26.68,26.68,377051
2025-07-07,10:30:00,26.68,26.72,26.48,26.54,281377
2025-07-07,11:00:00,26.52,26.74,26.52,26.56,105292
2025-07-07,11:30:00,26.6,26.66,26.5,26.5,112305
2025-07-07,12:00:00,26.5,26.56,26.28,26.3,339349
2025-07-07,12:30:00,26.3,26.38,26.26,26.38,169804
2025-07-07,13:00:00,26.38,26.38,26.14,26.28,271276
2025-07-07,13:30:00,26.28,26.3,26.16,26.24,263492
2025-07-07,14:00:00,26.24,26.34,26.12,26.2,226543
2025-07-07,14:30:00,26.2,26.22,25.92,25.98,521638
2025-07-07,15:00:00,25.98,25.98,25.98,25.98,58568
2025-07-08,10:00:00,25.9,25.98,25.58,25.98,381195
2025-07-08,10:30:00,26.0,26.16,25.96,26.16,601732
2025-07-08,11:00:00,26.16,26.34,26.04,26.12,278420
2025-07-08,11:30:00,26.1,26.14,25.92,25.96,124650
2025-07-08,12:00:00,25.96,26.08,25.92,26.06,55427
2025-07-08,12:30:00,26.08,26.12,25.98,26.1,69588
2025-07-08,13:00:00,26.1,26.12,25.98,26.02,51538
2025-07-08,13:30:00,26.02,26.02,25.82,25.84,93767
2025-07-08,14:00:00,25.84,25.9,25.7,25.76,89348
2025-07-08,14:30:00,25.76,25.84,25.74,25.78,74393
2025-07-08,15:00:00,25.78,25.78,25.78,25.78,21635
2025-07-09,10:00:00,25.8,26.14,25.56,26.1,277494
2025-07-09,10:30:00,26.1,26.1,25.9,25.96,96355
2025-07-09,11:00:00,25.94,25.98,25.8,25.84,107206
2025-07-09,11:30:00,25.84,25.92,25.8,25.84,40243
2025-07-09,12:00:00,25.82,25.84,25.68,25.7,62708
2025-07-09,12:30:00,25.72,25.84,25.66,25.8,60819
2025-07-09,13:00:00,25.78,26.1,25.76,26.04,146807
2025-07-09,13:30:00,26.04,26.16,25.9,26.12,198723
2025-07-09,14:00:00,26.14,26.16,25.98,25.98,70104
2025-07-09,14:30:00,26.0,26.08,25.84,26.0,180137
2025-07-09,15:00:00,26.1,26.1,26.1,26.1,56040
2025-07-10,10:00:00,26.24,26.28,26.0,26.0,216473
2025-07-10,10:30:00,26.02,26.12,25.9,26.1,146694
2025-07-10,11:00:00,26.08,26.16,25.92,25.98,168564
2025-07-10,11:30:00,25.98,26.06,25.96,25.98,48856
2025-07-10,12:00:00,26.0,26.04,25.94,26.02,58869
2025-07-10,12:30:00,26.0,26.48,26.0,26.38,453938
2025-07-10,13:00:00,26.34,26.8,26.32,26.62,868207
2025-07-10,13:30:00,26.62,26.66,26.44,26.5,409370
2025-07-10,14:00:00,26.5,26.58,26.42,26.44,190541
2025-07-10,14:30:00,26.44,26.5,26.4,26.46,148429
2025-07-10,15:00:00,26.48,26.48,26.48,26.48,54391
2025-07-13,10:00:00,26.62,26.8,26.34,26.44,354952
2025-07-13,10:30:00,26.44,26.52,26.38,26.42,138151
2025-07-13,11:00:00,26.42,26.46,26.32,26.34,99050
2025-07-13,11:30:00,26.36,26.52,26.32,26.38,136608
2025-07-13,12:00:00,26.42,26.46,26.38,26.4,56549
2025-07-13,12:30:00,26.4,26.66,26.38,26.5,193043
2025-07-13,13:00:00,26.5,26.52,26.26,26.34,196241
2025-07-13,13:30:00,26.34,26.34,26.12,26.2,122063
2025-07-13,14:00:00,26.16,26.24,26.16,26.18,52148
2025-07-13,14:30:00,26.2,26.26,26.0,26.02,210001
2025-07-13,15:00:00,26.02,26.02,26.02,26.02,45491
2025-07-14,10:00:00,26.5,26.5,25.82,26.02,198057
2025-07-14,10:30:00,26.02,26.48,26.0,26.38,309718
2025-07-14,11:00:00,26.4,26.84,26.4,26.5,823689
2025-07-14,11:30:00,26.48,26.66,26.48,26.58,266161
2025-07-14,12:00:00,26.58,26.6,26.3,26.48,175465
2025-07-14,12:30:00,26.48,26.72,26.44,26.56,477669
2025-07-14,13:00:00,26.56,26.6,26.28,26.36,159498
2025-07-14,13:30:00,26.34,26.8,26.34,26.72,282414
2025-07-14,14:00:00,26.7,26.98,26.68,26.74,565584
2025-07-14,14:30:00,26.72,26.72,26.56,26.64,173827
2025-07-14,15:00:00,26.58,26.58,26.58,26.58,26746
2025-07-15,10:00:00,26.72,27.06,26.64,26.74,804197
2025-07-15,10:30:00,26.72,26.86,26.64,26.68,206102
2025-07-15,11:00:00,26.68,26.98,26.48,26.98,429370
2025-07-15,11:30:00,26.98,27.26,26.96,27.1,1227510
2025-07-15,12:00:00,27.1,27.36,27.06,27.22,645865
2025-07-15,12:30:00,27.22,27.24,26.94,26.94,415925
2025-07-15,13:00:00,26.98,27.08,26.9,26.98,187612
2025-07-15,13:30:00,26.98,27.16,26.84,27.1,252147
2025-07-15,14:00:00,27.08,27.1,26.78,26.8,168478
2025-07-15,14:30:00,26.78,26.86,26.6,26.72,406445
2025-07-15,15:00:00,26.68,26.68,26.68,26.68,45674
2025-07-16,10:00:00,26.72,26.8,26.5,26.64,337656
2025-07-16,10:30:00,26.66,26.76,26.54,26.6,134405
2025-07-16,11:00:00,26.58,26.7,26.5,26.64,81591
2025-07-16,11:30:00,26.62,26.68,26.56,26.58,95340
2025-07-16,12:00:00,26.58,26.76,26.58,26.58,101887
2025-07-16,12:30:00,26.58,26.64,26.58,26.62,24606
2025-07-16,13:00:00,26.64,26.76,26.58,26.58,92636
2025-07-16,13:30:00,26.58,26.64,26.2,26.22,285052
2025-07-16,14:00:00,26.2,26.46,26.2,26.28,107268
2025-07-16,14:30:00,26.3,26.3,26.2,26.2,116104
2025-07-16,15:00:00,26.2,26.2,26.2,26.2,27127
2025-07-17,10:00:00,26.2,26.34,26.1,26.16,154376
2025-07-17,10:30:00,26.16,26.18,25.9,26.04,155501
2025-07-17,11:00:00,26.04,26.22,26.04,26.18,68776
2025-07-17,11:30:00,26.18,26.2,26.04,26.14,41792
2025-07-17,12:00:00,26.16,26.16,26.08,26.14,27941
2025-07-17,12:30:00,26.12,26.14,26.0,26.0,113571
2025-07-17,13:00:00,26.0,26.02,25.9,25.94,92189
2025-07-17,13:30:00,25.98,26.2,25.9,26.14,172543
2025-07-17,14:00:00,26.14,26.34,26.1,26.3,141347
2025-07-17,14:30:00,26.28,26.28,26.0,26.0,119763
2025-07-17,15:00:00,26.06,26.06,26.06,26.06,24330
2025-07-20,10:00:00,26.0,26.24,25.98,26.04,158259
2025-07-20,10:30:00,26.04,26.1,25.92,25.94,88532
2025-07-20,11:00:00,25.94,25.94,25.68,25.68,134759
2025-07-20,11:30:00,25.68,25.68,25.52,25.68,93514
2025-07-20,12:00:00,25.7,25.7,25.58,25.66,45079
2025-07-20,12:30:00,25.64,25.68,25.52,25.54,65428
2025-07-20,13:00:00,25.54,25.64,25.34,25.38,81032
2025-07-20,13:30:00,25.38,25.62,25.3,25.6,118979
2025-07-20,14:00:00,25.6,25.66,25.48,25.58,64455
2025-07-20,14:30:00,25.56,25.58,25.5,25.58,77563
2025-07-20,15:00:00,25.6,25.6,25.6,25.6,8575
2025-07-21,10:00:00,25.7,26.16,25.66,25.84,416068
2025-07-21,10:30:00,25.84,26.06,25.74,25.96,251743
2025-07-21,11:00:00,25.96,26.34,25.92,26.34,363828
2025-07-21,11:30:00,26.34,26.62,26.28,26.38,378164
2025-07-21,12:00:00,26.38,26.52,26.28,26.5,277130
2025-07-21,12:30:00,26.48,26.64,26.42,26.54,232004
2025-07-21,13:00:00,26.6,26.96,26.52,26.9,402126
2025-07-21,13:30:00,26.88,27.14,26.76,27.0,554665
2025-07-21,14:00:00,27.0,27.16,26.94,27.04,383283
2025-07-21,14:30:00,27.04,27.1,26.76,26.98,419695
2025-07-21,15:00:00,26.94,26.94,26.94,26.94,56974
2025-07-22,10:00:00,27.0,27.3,26.94,26.98,531539
2025-07-22,10:30:00,26.96,27.04,26.54,26.66,320006
2025-07-22,11:00:00,26.66,26.76,26.5,26.64,242780
2025-07-22,11:30:00,26.64,26.68,26.54,26.56,100276
2025-07-22,12:00:00,26.58,26.6,26.52,26.54,54388
2025-07-22,12:30:00,26.54,27.18,26.5,26.64,401060
2025-07-22,13:00:00,26.64,26.8,26.48,26.5,156509
2025-07-22,13:30:00,26.5,26.68,26.5,26.6,33986
2025-07-22,14:00:00,26.58,27.0,26.54,26.9,225540
2025-07-22,14:30:00,26.96,26.96,26.64,26.8,348812
2025-07-22,15:00:00,26.84,26.84,26.84,26.84,14585
2025-07-23,10:00:00,26.84,27.16,26.5,26.88,419081
2025-07-23,10:30:00,26.88,26.96,26.8,26.86,129494
2025-07-23,11:00:00,26.86,27.16,26.82,26.96,283411
2025-07-23,11:30:00,26.94,27.0,26.64,26.78,167612
2025-07-23,12:00:00,26.78,26.84,26.68,26.72,145417
2025-07-23,12:30:00,26.72,26.84,26.68,26.8,54602
2025-07-23,13:00:00,26.8,27.02,26.66,27.0,259937
2025-07-23,13:30:00,27.0,27.4,26.92,27.32,630566
2025-07-23,14:00:00,27.3,27.56,27.28,27.46,742440
2025-07-23,14:30:00,27.44,27.46,27.22,27.44,276945
2025-07-23,15:00:00,27.42,27.42,27.42,27.42,47608
2025-07-24,10:00:00,27.6,27.7,27.28,27.34,529829
2025-07-24,10:30:00,27.38,27.44,27.12,27.14,229916
2025-07-24,11:00:00,27.18,27.32,27.02,27.28,168369
2025-07-24,11:30:00,27.28,27.64,27.22,27.5,272609
2025-07-24,12:00:00,27.46,27.5,27.36,27.42,145318
2025-07-24,12:30:00,27.42,27.42,27.16,27.16,183849
2025-07-24,13:00:00,27.18,27.3,27.08,27.16,148619
2025-07-24,13:30:00,27.16,27.18,26.92,26.96,219926
2025-07-24,14:00:00,26.96,27.08,26.82,26.9,174235
2025-07-24,14:30:00,26.9,26.9,26.72,26.8,270274
2025-07-24,15:00:00,27.0,27.0,27.0,27.0,31226
2025-07-27,10:00:00,27.16,27.48,26.98,27.3,414753
2025-07-27,10:30:00,27.26,27.4,27.12,27.36,135032
2025-07-27,11:00:00,27.34,27.46,27.28,27.36,182652
2025-07-27,11:30:00,27.4,27.46,27.3,27.42,186834
2025-07-27,12:00:00,27.42,27.64,27.4,27.56,305631
2025-07-27,12:30:00,27.5,27.54,27.36,27.46,148625
2025-07-27,13:00:00,27.46,27.52,27.44,27.5,93102
2025-07-27,13:30:00,27.46,27.48,27.2,27.24,160859
2025-07-27,14:00:00,27.24,27.28,27.08,27.16,137673
2025-07-27,14:30:00,27.12,27.2,27.08,27.2,128702
2025-07-27,15:00:00,27.2,27.2,27.2,27.2,16877
2025-07-28,10:00:00,27.2,27.48,27.08,27.42,247911
2025-07-28,10:30:00,27.42,27.5,27.16,27.3,252692
2025-07-28,11:00:00,27.3,27.34,27.2,27.26,125000
2025-07-28,11:30:00,27.26,27.28,27.08,27.2,88188
2025-07-28,12:00:00,27.18,27.22,27.14,27.18,34823
2025-07-28,12:30:00,27.16,27.22,27.12,27.14,63289
2025-07-28,13:00:00,27.12,27.16,26.94,27.1,214987
2025-07-28,13:30:00,27.1,27.1,27.0,27.06,84022
2025-07-28,14:00:00,27.06,27.34,27.06,27.2,151611
2025-07-28,14:30:00,27.22,27.32,27.16,27.3,166931
2025-07-28,15:00:00,27.28,27.28,27.28,27.28,15363
2025-07-29,10:00:00,27.28,27.28,26.72,26.72,287319
2025-07-29,10:30:00,26.76,26.8,26.54,26.64,151351
2025-07-29,11:00:00,26.62,26.76,26.6,26.72,76885
2025-07-29,11:30:00,26.72,26.72,26.58,26.68,90997
2025-07-29,12:00:00,26.68,26.74,26.64,26.68,43543
2025-07-29,12:30:00,26.7,26.7,26.54,26.6,65663
2025-07-29,13:00:00,26.66,26.68,26.6,26.66,65132
2025-07-29,13:30:00,26.66,26.74,26.62,26.72,114491
2025-07-29,14:00:00,26.72,26.76,26.68,26.76,51176
2025-07-29,14:30:00,26.76,26.88,26.56,26.62,118031
2025-07-29,15:00:00,26.58,26.58,26.58,26.58,19738
2025-07-30,10:00:00,26.58,26.58,26.0,26.16,365724
2025-07-30,10:30:00,26.14,26.4,26.08,26.32,140732
2025-07-30,11:00:00,26.34,26.54,26.14,26.28,139300
2025-07-30,11:30:00,26.3,26.36,26.1,26.12,114085
2025-07-30,12:00:00,26.12,26.18,25.9,26.0,213874
2025-07-30,12:30:00,26.0,26.0,25.76,25.9,147263
2025-07-30,13:00:00,25.9,26.0,25.82,25.84,125283
2025-07-30,13:30:00,25.82,26.06,25.82,26.04,64512
2025-07-30,14:00:00,26.04,26.08,25.94,26.04,83822
2025-07-30,14:30:00,26.02,26.14,25.92,26.04,160699
2025-07-30,15:00:00,26.0,26.0,26.0,26.0,10767
2025-07-31,10:00:00,26.0,26.08,25.9,25.98,100404
2025-07-31,10:30:00,25.98,26.1,25.98,26.04,100477
2025-07-31,11:00:00,26.04,26.26,26.0,26.04,127507
2025-07-31,11:30:00,26.04,26.12,25.98,26.0,78837
2025-07-31,12:00:00,26.0,26.02,25.9,25.94,47941
2025-07-31,12:30:00,25.96,26.04,25.96,26.02,31771
2025-07-31,13:00:00,26.02,26.14,25.98,26.14,51119
2025-07-31,13:30:00,26.16,27.24,26.14,27.22,862585
2025-07-31,14:00:00,27.2,27.24,26.8,26.84,346200
2025-07-31,14:30:00,26.82,27.16,26.8,27.1,314864
2025-07-31,15:00:00,27.1,27.1,27.1,27.1,55304
2025-08-03,10:00:00,26.86,26.92,26.2,26.66,758216
2025-08-03,10:30:00,26.66,26.88,26.54,26.58,143659
2025-08-03,11:00:00,26.58,26.7,26.48,26.58,108218
2025-08-03,11:30:00,26.56,26.68,26.48,26.62,86173
2025-08-03,12:00:00,26.62,26.66,26.56,26.56,42639
2025-08-03,12:30:00,26.58,26.68,26.54,26.62,36814
2025-08-03,13:00:00,26.62,26.78,26.62,26.7,65176
2025-08-03,13:30:00,26.68,26.8,26.62,26.8,72776
2025-08-03,14:00:00,26.82,27.58,26.82,27.48,982047
2025-08-03,14:30:00,27.46,27.64,27.34,27.44,619593
2025-08-03,15:00:00,27.44,27.44,27.44,27.44,38000
2025-08-04,10:00:00,27.5,28.0,27.44,28.0,1188989
2025-08-04,10:30:00,27.98,28.08,27.72,27.78,687283
2025-08-04,11:00:00,27.78,27.84,27.66,27.7,365012
2025-08-04,11:30:00,27.7,27.72,27.48,27.56,307921
2025-08-04,12:00:00,27.56,27.64,27.5,27.62,103386
2025-08-04,12:30:00,27.62,27.62,27.5,27.54,122760
2025-08-04,13:00:00,27.54,27.94,27.52,27.92,229901
2025-08-04,13:30:00,27.94,28.0,27.8,27.84,570150
2025-08-04,14:00:00,27.84,27.88,27.7,27.82,168293
2025-08-04,14:30:00,27.82,27.88,27.56,27.64,205128
2025-08-04,15:00:00,27.64,27.64,27.64,27.64,17268
2025-08-05,10:00:00,27.84,27.84,27.56,27.66,230976
2025-08-05,10:30:00,27.64,28.14,27.62,28.1,708185
2025-08-05,11:00:00,28.1,28.12,27.92,27.92,259243
2025-08-05,11:30:00,27.92,27.98,27.74,27.74,209625
2025-08-05,12:00:00,27.74,27.84,27.7,27.76,137793
2025-08-05,12:30:00,27.76,27.8,27.7,27.72,82893
2025-08-05,13:00:00,27.72,27.76,27.58,27.58,135908
2025-08-05,13:30:00,27.6,27.76,27.56,27.72,105275
2025-08-05,14:00:00,27.72,27.78,27.64,27.64,65859
2025-08-05,14:30:00,27.66,27.68,27.48,27.5,281264
2025-08-05,15:00:00,27.5,27.5,27.5,27.5,11849
2025-08-06,10:00:00,27.5,27.56,27.2,27.3,321641
2025-08-06,10:30:00,27.34,27.38,27.24,27.28,121010
2025-08-06,11:00:00,27.28,27.36,27.18,27.2,124645
2025-08-06,11:30:00,27.2,27.28,27.18,27.22,46371
2025-08-06,12:00:00,27.22,27.3,27.18,27.22,136983
2025-08-06,12:30:00,27.22,27.4,27.18,27.38,78071
2025-08-06,13:00:00,27.38,27.38,27.22,27.26,83515
2025-08-06,13:30:00,27.26,27.3,27.18,27.18,99373
2025-08-06,14:00:00,27.2,27.2,27.1,27.14,105110
2025-08-06,14:30:00,27.14,27.16,27.08,27.14,149422
2025-08-06,15:00:00,27.14,27.14,27.14,27.14,23159
2025-08-07,10:00:00,27.08,27.2,27.0,27.2,151366
2025-08-07,10:30:00,27.2,27.26,27.1,27.16,85046
2025-08-07,11:00:00,27.14,27.22,27.12,27.18,56562
2025-08-07,11:30:00,27.18,27.18,27.0,27.04,129000
2025-08-07,12:00:00,27.02,27.04,26.82,26.86,130370
2025-08-07,12:30:00,26.86,26.92,26.84,26.86,32947
2025-08-07,13:00:00,26.86,26.88,26.7,26.8,126231
2025-08-07,13:30:00,26.8,26.82,26.72,26.8,49363
2025-08-07,14:00:00,26.8,26.8,26.72,26.78,40637
2025-08-07,14:30:00,26.8,26.96,26.78,26.86,97374
2025-08-07,15:00:00,26.84,26.84,26.84,26.84,21957
2025-08-10,10:00:00,26.84,26.86,26.24,26.4,274640
2025-08-10,10:30:00,26.32,26.46,26.0,26.26,240433
2025-08-10,11:00:00,26.24,26.26,26.16,26.16,142271
2025-08-10,11:30:00,26.2,26.44,26.18,26.38,128709
2025-08-10,12:00:00,26.38,26.48,26.36,26.48,48894
2025-08-10,12:30:00,26.46,26.46,26.36,26.38,51696
2025-08-10,13:00:00,26.38,26.38,26.24,26.34,41849
2025-08-10,13:30:00,26.36,26.38,26.24,26.34,42937
2025-08-10,14:00:00,26.32,26.34,26.24,26.32,75590
2025-08-10,14:30:00,26.34,26.36,26.1,26.2,161865
2025-08-10,15:00:00,26.2,26.2,26.2,26.2,9697
2025-08-11,10:00:00,26.18,26.36,26.08,26.14,95499
2025-08-11,10:30:00,26.14,26.24,26.0,26.16,120145
2025-08-11,11:00:00,26.1,26.42,26.08,26.3,187413
2025-08-11,11:30:00,26.3,26.34,26.18,26.3,85323
2025-08-11,12:00:00,26.3,26.32,26.2,26.22,54501
2025-08-11,12:30:00,26.22,26.26,26.14,26.14,44472
2025-08-11,13:00:00,26.14,26.18,26.06,26.16,109663
2025-08-11,13:30:00,26.12,26.22,26.06,26.1,54143
2025-08-11,14:00:00,26.1,26.12,26.06,26.08,53712
2025-08-11,14:30:00,26.06,26.1,26.06,26.08,68338
2025-08-11,15:00:00,26.06,26.06,26.06,26.06,14662
2025-08-12,10:00:00,26.02,26.16,25.82,26.1,132814
2025-08-12,10:30:00,26.1,26.12,26.0,26.1,72246
2025-08-12,11:00:00,26.1,26.1,25.82,25.96,91058
2025-08-12,11:30:00,25.96,26.02,25.92,26.0,71233
2025-08-12,12:00:00,26.0,26.04,25.9,25.96,45333
2025-08-12,12:30:00,25.94,25.98,25.86,25.88,35159
2025-08-12,13:00:00,25.88,25.9,25.54,25.56,206855
2025-08-12,13:30:00,25.56,25.58,25.18,25.46,374834
2025-08-12,14:00:00,25.48,25.7,25.46,25.56,139883
2025-08-12,14:30:00,25.56,25.62,25.44,25.54,77608
2025-08-12,15:00:00,25.52,25.52,25.52,25.52,14994
2025-08-13,10:00:00,25.56,25.8,25.42,25.52,117448
2025-08-13,10:30:00,25.54,25.64,25.4,25.46,122724
2025-08-13,11:00:00,25.46,25.5,25.38,25.46,60846
2025-08-13,11:30:00,25.48,25.5,25.38,25.42,63083
2025-08-13,12:00:00,25.42,25.46,25.34,25.42,54450
2025-08-13,12:30:00,25.42,25.42,25.28,25.3,33321
2025-08-13,13:00:00,25.28,25.36,25.16,25.2,130337
2025-08-13,13:30:00,25.2,25.22,25.0,25.04,187214
2025-08-13,14:00:00,25.06,25.26,25.0,25.24,96883
2025-08-13,14:30:00,25.22,25.24,25.18,25.2,76276
2025-08-13,15:00:00,25.18,25.18,25.18,25.18,29176
2025-08-14,10:00:00,25.18,25.46,25.14,25.38,152095
2025-08-14,10:30:00,25.38,25.64,25.24,25.44,206625
2025-08-14,11:00:00,25.44,25.48,25.36,25.4,45168
2025-08-14,11:30:00,25.4,25.5,25.36,25.48,76003
2025-08-14,12:00:00,25.5,25.52,25.4,25.46,29137
2025-08-14,12:30:00,25.46,25.48,25.36,25.48,42082
2025-08-14,13:00:00,25.48,25.52,25.22,25.24,64381
2025-08-14,13:30:00,25.24,25.32,25.22,25.24,45842
2025-08-14,14:00:00,25.24,25.3,25.18,25.3,43752
2025-08-14,14:30:00,25.28,25.4,25.22,25.22,86664
2025-08-14,15:00:00,25.38,25.38,25.38,25.38,30873
2025-08-17,10:00:00,25.38,25.54,25.34,25.54,79283
2025-08-17,10:30:00,25.54,25.58,25.36,25.46,79831
2025-08-17,11:00:00,25.4,25.5,25.34,25.42,37610
2025-08-17,11:30:00,25.42,25.52,25.42,25.5,28127
2025-08-17,12:00:00,25.5,25.52,25.46,25.52,30062
2025-08-17,12:30:00,25.52,25.58,25.5,25.52,44270
2025-08-17,13:00:00,25.52,25.56,25.38,25.4,82066
2025-08-17,13:30:00,25.4,25.52,25.38,25.5,41992
2025-08-17,14:00:00,25.5,25.8,25.46,25.8,180789
2025-08-17,14:30:00,25.8,25.8,25.54,25.72,136118
2025-08-17,15:00:00,25.72,25.72,25.72,25.72,21294
2025-08-18,10:00:00,25.72,25.72,25.5,25.6,123912
2025-08-18,10:30:00,25.62,25.62,25.4,25.46,96393
2025-08-18,11:00:00,25.46,25.58,25.4,25.5,99413
2025-08-18,11:30:00,25.5,25.54,25.48,25.52,57537
2025-08-18,12:00:00,25.52,25.54,25.5,25.52,33965
2025-08-18,12:30:00,25.52,25.64,25.5,25.52,36294
2025-08-18,13:00:00,25.54,25.68,25.54,25.66,45281
2025-08-18,13:30:00,25.66,25.88,25.66,25.66,220988
2025-08-18,14:00:00,25.68,25.68,25.6,25.6,36037
2025-08-18,14:30:00,25.6,25.74,25.56,25.56,65345
2025-08-18,15:00:00,25.52,25.52,25.52,25.52,22658
2025-08-19,10:00:00,25.54,25.62,25.28,25.3,171082
2025-08-19,10:30:00,25.28,25.28,25.06,25.12,99692
2025-08-19,11:00:00,25.12,25.34,25.1,25.34,56669
2025-08-19,11:30:00,25.34,25.34,25.28,25.34,38528
2025-08-19,12:00:00,25.36,25.48,25.32,25.46,38021
2025-08-19,12:30:00,25.46,25.7,25.44,25.64,176904
2025-08-19,13:00:00,25.62,25.62,25.46,25.5,49692
2025-08-19,13:30:00,25.52,25.56,25.5,25.52,13357
2025-08-19,14:00:00,25.5,25.58,25.48,25.52,29956
2025-08-19,14:30:00,25.56,25.6,25.48,25.48,65922
2025-08-20,10:15:00,25.46,25.52,25.4,25.46,21749
2025-08-20,10:45:00,25.44,25.58,25.44,25.58,14433
2025-08-20,11:15:00,25.54,25.6,25.48,25.54,30199
2025-08-20,11:45:00,25.52,25.58,25.52,25.58,34207
2025-08-20,12:15:00,25.58,25.6,25.56,25.56,17164
2025-08-20,12:45:00,25.58,25.86,25.56,25.7,137270
2025-08-20,13:15:00,25.7,25.74,25.6,25.7,27301
2025-08-20,13:45:00,25.7,25.72,25.6,25.6,38094
2025-08-20,14:15:00,25.62,25.62,25.56,25.58,31205
2025-08-20,14:45:00,25.58,25.6,25.54,25.56,23189
2025-08-21,10:15:00,25.5,25.54,25.44,25.44,35186
2025-08-21,10:45:00,25.44,25.46,25.42,25.46,26939
2025-08-21,11:15:00,25.44,25.48,25.42,25.44,16736
2025-08-21,11:45:00,25.44,25.44,25.42,25.42,80828
2025-08-21,12:15:00,25.44,25.46,25.42,25.44,26214
2025-08-21,12:45:00,25.44,25.48,25.42,25.42,17275
2025-08-21,13:15:00,25.44,25.46,25.4,25.44,64570
2025-08-21,13:45:00,25.42,25.54,25.42,25.54,58168
2025-08-21,14:15:00,25.52,25.56,25.42,25.44,53850
2025-08-21,14:45:00,25.5,25.52,25.42,25.46,25254
2025-08-24,10:15:00,25.62,25.98,25.58,25.94,163838
2025-08-24,10:45:00,25.94,26.08,25.88,26.06,208646
2025-08-24,11:15:00,26.06,26.14,26.0,26.06,83739
2025-08-24,11:45:00,26.08,26.12,26.02,26.06,84449
2025-08-24,12:15:00,26.06,26.2,25.96,26.1,128554
2025-08-24,12:45:00,26.12,26.68,26.12,26.56,689733
2025-08-24,13:15:00,26.56,26.58,26.24,26.24,223742
2025-08-24,13:45:00,26.24,26.28,26.12,26.2,171654
2025-08-24,14:15:00,26.22,26.4,26.1,26.3,108149
2025-08-24,14:45:00,26.3,26.3,26.16,26.2,55415
2025-08-25,10:15:00,26.18,26.36,26.18,26.2,69174
2025-08-25,10:45:00,26.22,26.3,26.08,26.1,46998
2025-08-25,11:15:00,26.1,26.1,25.78,25.8,202871
2025-08-25,11:45:00,25.82,25.9,25.68,25.9,83636
2025-08-25,12:15:00,25.9,25.9,25.84,25.84,22559
2025-08-25,12:45:00,25.84,25.9,25.7,25.78,74247
2025-08-25,13:15:00,25.78,25.82,25.7,25.74,78566
2025-08-25,13:45:00,25.74,25.88,25.74,25.84,50161
2025-08-25,14:15:00,25.82,26.08,25.82,26.02,70929
2025-08-25,14:45:00,26.04,26.04,25.94,25.94,48123
2025-08-26,10:15:00,25.92,26.1,25.9,25.98,38887
2025-08-26,10:45:00,25.98,26.04,25.8,25.98,88029
2025-08-26,11:15:00,25.98,25.98,25.88,25.9,18154
2025-08-26,11:45:00,25.88,26.02,25.88,25.96,25508
2025-08-26,12:15:00,25.96,25.98,25.94,25.96,26606
2025-08-26,12:45:00,25.96,26.02,25.94,26.02,22196
2025-08-26,13:15:00,25.98,26.12,25.92,26.1,90786
2025-08-26,13:45:00,26.08,26.1,25.92,25.96,32796
2025-08-26,14:15:00,25.94,25.98,25.94,25.98,19408
2025-08-26,14:45:00,25.96,26.02,25.88,26.02,90603
2025-08-27,10:15:00,26.12,26.12,26.02,26.04,35538
2025-08-27,10:45:00,26.04,26.08,26.04,26.06,15712
2025-08-27,11:15:00,26.08,26.08,25.98,26.0,36973
2025-08-27,11:45:00,25.98,26.0,25.88,25.92,46557
2025-08-27,12:15:00,25.92,25.94,25.86,25.9,26439
2025-08-27,12:45:00,25.9,25.92,25.86,25.86,25281
2025-08-27,13:15:00,25.86,25.9,25.82,25.82,18976
2025-08-27,13:45:00,25.84,25.84,25.72,25.74,49565
2025-08-27,14:15:00,25.74,25.8,25.66,25.74,43629
2025-08-27,14:45:00,25.74,25.76,25.68,25.68,27526
2025-08-28,10:15:00,25.64,25.64,25.56,25.58,25746
2025-08-28,10:45:00,25.58,25.64,25.58,25.6,17859
2025-08-28,11:15:00,25.58,25.76,25.56,25.72,39987
2025-08-28,11:45:00,25.74,25.8,25.72,25.72,32076
2025-08-28,12:15:00,25.72,25.76,25.64,25.7,28255
2025-08-28,12:45:00,25.72,25.72,25.54,25.54,34529
2025-08-28,13:15:00,25.56,25.6,25.52,25.54,24889
2025-08-28,13:45:00,25.52,25.52,25.2,25.36,73516
2025-08-28,14:15:00,25.38,25.38,25.28,25.34,47366
2025-08-28,14:45:00,25.34,25.42,25.32,25.4,51328
2025-08-31,10:15:00,25.32,25.36,25.22,25.22,57674
2025-08-31,10:45:00,25.24,25.32,25.18,25.2,59193
2025-08-31,11:15:00,25.18,25.24,24.89,24.92,121167
2025-08-31,11:45:00,24.93,24.96,24.87,24.89,36087
2025-08-31,12:15:00,24.88,24.89,24.58,24.65,105553
2025-08-31,12:45:00,24.65,24.79,24.43,24.46,72330
2025-08-31,13:15:00,24.48,24.58,24.44,24.5,76017
2025-08-31,13:45:00,24.5,24.62,24.4,24.4,64106
2025-08-31,14:15:00,24.4,24.46,24.3,24.39,78763
2025-08-31,14:45:00,24.39,24.4,24.32,24.38,91381
2025-09-01,10:15:00,24.43,24.62,24.38,24.47,65674
2025-09-01,10:45:00,24.43,24.52,24.32,24.33,45691
2025-09-01,11:15:00,24.32,24.4,24.31,24.32,26403
2025-09-01,11:45:00,24.32,24.4,24.31,24.33,16923
2025-09-01,12:15:00,24.34,24.42,24.34,24.39,21141
2025-09-01,12:45:00,24.39,24.45,24.36,24.38,40386
2025-09-01,13:15:00,24.37,24.51,24.36,24.5,45947
2025-09-01,13:45:00,24.51,24.51,24.28,24.4,52589
2025-09-01,14:15:00,24.4,24.41,24.35,24.39,22997
2025-09-01,14:45:00,24.39,24.48,24.31,24.44,31535
2025-09-02,10:15:00,24.26,24.3,23.8,23.81,84560
2025-09-02,10:45:00,23.8,24.09,23.7,24.06,186832
2025-09-02,11:15:00,24.0,24.05,23.95,23.96,23945
2025-09-02,11:45:00,23.94,23.96,23.89,23.96,41636
2025-09-02,12:15:00,23.95,23.99,23.91,23.99,12717
2025-09-02,12:45:00,23.99,24.08,23.95,23.95,41352
2025-09-02,13:15:00,23.98,24.18,23.98,24.16,25645
2025-09-02,13:45:00,24.16,24.2,24.0,24.03,65952
2025-09-02,14:15:00,24.03,24.08,24.02,24.04,24225
2025-09-02,14:45:00,24.03,24.04,23.92,23.96,46712
2025-09-03,10:15:00,24.09,24.31,24.01,24.17,49569
2025-09-03,10:45:00,24.17,24.21,24.1,24.15,20795
2025-09-03,11:15:00,24.09,24.11,24.06,24.11,11106
2025-09-03,11:45:00,24.1,24.15,24.09,24.11,16727
2025-09-03,12:15:00,24.11,24.12,24.0,24.07,27194
2025-09-03,12:45:00,24.06,24.07,24.0,24.06,15651
2025-09-03,13:15:00,24.05,24.09,24.05,24.08,12197
2025-09-03,13:45:00,24.08,24.09,23.95,23.98,51040
2025-09-03,14:15:00,23.97,24.02,23.92,23.98,35895
2025-09-03,14:45:00,23.98,24.02,23.91,24.02,33577
2025-09-04,10:15:00,24.53,24.53,24.22,24.34,64065
2025-09-04,10:45:00,24.33,24.33,24.16,24.21,50033
2025-09-04,11:15:00,24.2,24.34,24.2,24.28,25365
2025-09-04,11:45:00,24.27,24.49,24.26,24.45,43955
2025-09-04,12:15:00,24.45,24.55,24.43,24.45,38079
2025-09-04,12:45:00,24.45,24.5,24.37,24.37,20097
2025-09-04,13:15:00,24.35,24.41,24.31,24.32,35219
2025-09-04,13:45:00,24.32,24.32,24.24,24.27,34997
2025-09-04,14:15:00,24.26,24.4,24.26,24.3,29178
2025-09-04,14:45:00,24.29,24.3,24.28,24.28,20664
2025-09-07,10:15:00,24.49,24.5,24.36,24.39,52443
2025-09-07,10:45:00,24.4,24.43,24.29,24.33,54337
2025-09-07,11:15:00,24.33,24.33,24.25,24.26,14470
2025-09-07,11:45:00,24.23,24.31,24.15,24.19,44110
2025-09-07,12:15:00,24.2,24.2,24.16,24.18,24415
2025-09-07,12:45:00,24.17,24.24,24.15,24.24,42979
2025-09-07,13:15:00,24.24,24.24,24.18,24.2,8466
2025-09-07,13:45:00,24.2,24.21,24.15,24.18,34258
2025-09-07,14:15:00,24.17,24.19,24.04,24.04,57394
2025-09-07,14:45:00,24.04,24.13,23.99,24.02,46248
2025-09-08,10:15:00,23.82,23.85,23.72,23.76,51186
2025-09-08,10:45:00,23.76,23.93,23.76,23.82,36029
2025-09-08,11:15:00,23.82,23.99,23.77,23.94,104412
2025-09-08,11:45:00,23.94,23.96,23.77,23.77,31106
2025-09-08,12:15:00,23.77,23.77,23.6,23.61,44252
2025-09-08,12:45:00,23.61,23.61,23.33,23.4,69139
2025-09-08,13:15:00,23.4,23.41,23.28,23.37,52156
2025-09-08,13:45:00,23.29,23.29,23.17,23.2,72389
2025-09-08,14:15:00,23.22,23.38,23.21,23.32,34889
2025-09-08,14:45:00,23.34,23.39,23.27,23.28,32291
2025-09-09,10:15:00,22.99,23.38,22.87,23.12,97860
2025-09-09,10:45:00,23.12,23.2,23.0,23.09,51184
2025-09-09,11:15:00,23.13,23.13,23.0,23.11,18140
2025-09-09,11:45:00,23.1,23.11,23.04,23.05,15883
2025-09-09,12:15:00,23.04,23.04,22.96,22.96,21576
2025-09-09,12:45:00,22.97,23.0,22.87,23.0,48057
2025-09-09,13:15:00,22.99,23.04,22.95,23.01,42178
2025-09-09,13:45:00,23.02,23.43,23.02,23.43,123118
2025-09-09,14:15:00,23.43,23.45,23.29,23.35,50629
2025-09-09,14:45:00,23.35,23.38,23.29,23.32,25696
2025-09-10,10:15:00,23.02,23.2,23.0,23.14,51830
2025-09-10,10:45:00,23.14,23.14,23.0,23.01,21002
2025-09-10,11:15:00,23.02,23.03,22.92,23.0,43954
2025-09-10,11:45:00,23.0,23.12,23.0,23.07,23190
2025-09-10,12:15:00,23.08,23.13,23.07,23.08,18191
2025-09-10,12:45:00,23.08,23.15,23.07,23.1,19000
2025-09-10,13:15:00,23.1,23.12,23.08,23.09,18916
2025-09-10,13:45:00,23.09,23.1,23.05,23.06,22201
2025-09-10,14:15:00,23.07,23.07,22.98,23.0,33639
2025-09-10,14:45:00,23.0,23.09,23.0,23.09,9219
2025-09-11,10:15:00,23.19,23.19,23.0,23.02,38525
2025-09-11,10:45:00,23.02,23.06,22.96,23.03,6590
2025-09-11,11:15:00,23.01,23.02,22.95,22.96,6938
2025-09-11,11:45:00,22.97,22.98,22.95,22.96,8055
2025-09-11,12:15:00,22.96,22.98,22.9,22.91,11446
2025-09-11,12:45:00,22.91,22.92,22.9,22.92,50869
2025-09-11,13:15:00,22.93,22.97,22.87,22.89,19308
2025-09-11,13:45:00,22.89,22.97,22.87,22.97,15589
2025-09-11,14:15:00,22.96,22.96,22.87,22.94,39403
2025-09-11,14:45:00,22.94,22.94,22.91,22.93,22296
2025-09-14,10:15:00,22.9,22.94,22.7,22.75,46506
2025-09-14,10:45:00,22.74,22.77,22.66,22.66,25862
2025-09-14,11:15:00,22.65,22.65,22.6,22.62,28655
2025-09-14,11:45:00,22.61,22.69,22.58,22.58,34497
2025-09-14,12:15:00,22.61,22.61,22.55,22.55,8841
2025-09-14,12:45:00,22.55,22.56,22.52,22.52,12537
2025-09-14,13:15:00,22.53,22.6,22.44,22.58,77288
2025-09-14,13:45:00,22.58,22.6,22.49,22.52,26119
2025-09-14,14:15:00,22.52,22.71,22.51,22.65,38892
2025-09-14,14:45:00,22.65,22.65,22.5,22.5,21046
2025-09-15,10:15:00,23.06,23.08,22.9,23.03,119753
2025-09-15,10:45:00,23.01,23.27,22.93,23.17,116676
2025-09-15,11:15:00,23.17,23.2,23.0,23.02,63523
2025-09-15,11:45:00,23.0,23.08,22.95,22.97,28890
2025-09-15,12:15:00,22.97,23.04,22.96,23.04,19591
2025-09-15,12:45:00,23.06,23.06,22.92,22.93,20062
2025-09-15,13:15:00,22.92,23.0,22.84,22.84,28038
2025-09-15,13:45:00,22.84,22.93,22.83,22.9,29287
2025-09-15,14:15:00,22.9,23.0,22.9,23.0,23167
2025-09-15,14:45:00,23.0,23.01,22.91,22.92,21288
2025-09-16,10:00:00,23.2,23.2,23.0,23.2,62283
2025-09-16,10:30:00,23.2,23.2,23.1,23.15,41447
2025-09-16,11:00:00,23.15,23.17,23.1,23.11,32361
2025-09-16,11:30:00,23.11,23.2,23.1,23.16,47897
2025-09-16,12:00:00,23.13,23.15,23.11,23.15,20103
2025-09-16,12:30:00,23.15,23.25,23.12,23.21,50760
2025-09-16,13:00:00,23.22,23.32,23.21,23.27,31019
2025-09-16,13:30:00,23.27,23.4,23.23,23.36,71426
2025-09-16,14:00:00,23.38,23.38,23.2,23.36,56854
2025-09-16,14:30:00,23.36,23.37,23.29,23.31,47278
2025-09-16,15:00:00,23.32,23.32,23.32,23.32,5225
2025-09-17,10:00:00,23.46,23.46,23.29,23.3,78913
2025-09-17,10:30:00,23.3,23.33,23.25,23.25,50411
2025-09-17,11:00:00,23.26,23.27,23.21,23.23,23072
2025-09-17,11:30:00,23.23,23.35,23.21,23.27,21387
2025-09-17,12:00:00,23.3,23.3,23.24,23.27,6596
2025-09-17,12:30:00,23.28,23.3,23.26,23.3,42539
2025-09-17,13:00:00,23.3,23.46,23.3,23.4,83093
2025-09-17,13:30:00,23.4,23.44,23.39,23.42,24495
2025-09-17,14:00:00,23.42,23.6,23.41,23.6,69256
2025-09-17,14:30:00,23.6,23.62,23.5,23.52,56990
2025-09-17,15:00:00,23.58,23.58,23.58,23.58,40458
2025-09-18,10:00:00,23.6,23.62,23.4,23.45,87465
2025-09-18,10:30:00,23.45,23.46,23.34,23.38,70708
2025-09-18,11:00:00,23.38,23.44,23.38,23.4,49083
2025-09-18,11:30:00,23.4,23.6,23.4,23.53,63703
2025-09-18,12:00:00,23.53,23.53,23.43,23.49,14238
2025-09-18,12:30:00,23.48,23.65,23.48,23.65,30341
2025-09-18,13:00:00,23.66,23.7,23.64,23.7,56056
2025-09-18,13:30:00,23.7,23.74,23.66,23.69,32657
2025-09-18,14:00:00,23.69,23.7,23.65,23.67,30642
2025-09-18,14:30:00,23.67,23.71,23.64,23.71,36852
2025-09-18,15:00:00,23.78,23.78,23.78,23.78,23837
2025-09-21,10:00:00,23.85,24.14,23.79,24.02,148714
2025-09-21,10:30:00,24.02,24.06,23.93,23.93,79284
2025-09-21,11:00:00,23.96,24.05,23.93,24.02,45320
2025-09-21,11:30:00,24.03,24.19,24.01,24.16,35378
2025-09-21,12:00:00,24.16,24.16,23.99,24.0,65101
2025-09-21,12:30:00,24.03,24.1,24.03,24.03,49636
2025-09-21,13:00:00,24.04,24.09,24.01,24.09,22581
2025-09-21,13:30:00,24.09,24.1,24.0,24.01,41813
2025-09-21,14:00:00,24.03,24.3,24.02,24.3,92730
2025-09-21,14:30:00,24.31,24.38,24.26,24.38,129348
2025-09-21,15:00:00,24.38,24.38,24.38,24.38,17319
2025-09-22,10:00:00,24.38,24.38,23.9,23.96,174218
2025-09-22,10:30:00,23.96,24.07,23.95,24.0,64526
2025-09-22,11:00:00,24.0,24.14,24.0,24.07,34499
2025-09-22,11:30:00,24.06,24.11,24.04,24.11,17625
2025-09-22,12:00:00,24.12,24.14,24.04,24.04,17670
2025-09-22,12:30:00,24.06,24.06,24.0,24.02,11128
2025-09-22,13:00:00,24.04,24.04,23.98,24.02,19041
2025-09-22,13:30:00,24.02,24.03,23.97,24.0,20937
2025-09-22,14:00:00,24.0,24.04,23.9,23.98,70663
2025-09-22,14:30:00,23.98,24.05,23.93,24.0,24128
2025-09-22,15:00:00,24.0,24.0,24.0,24.0,3286
2025-09-24,10:00:00,24.06,24.64,24.06,24.4,240628
2025-09-24,10:30:00,24.39,24.4,24.27,24.29,86123
2025-09-24,11:00:00,24.28,24.39,24.27,24.34,31854
2025-09-24,11:30:00,24.33,24.41,24.29,24.34,81882
2025-09-24,12:00:00,24.33,24.41,24.3,24.39,36142
2025-09-24,12:30:00,24.39,24.41,24.35,24.41,39381
2025-09-24,13:00:00,24.41,24.52,24.4,24.51,70376
2025-09-24,13:30:00,24.52,24.52,24.47,24.49,56248
2025-09-24,14:00:00,24.49,24.49,24.4,24.4,63389
2025-09-24,14:30:00,24.4,24.43,24.38,24.4,52059
2025-09-24,15:00:00,24.4,24.4,24.4,24.4,12650
2025-09-25,10:00:00,24.5,24.61,24.33,24.44,124289
2025-09-25,10:30:00,24.42,24.42,24.2,24.21,92066
2025-09-25,11:00:00,24.21,24.24,24.14,24.2,31708
2025-09-25,11:30:00,24.19,24.2,24.14,24.16,24024
2025-09-25,12:00:00,24.16,24.18,24.1,24.1,83353
2025-09-25,12:30:00,24.11,24.14,23.99,24.14,61943
2025-09-25,13:00:00,24.14,24.17,24.11,24.14,31374
2025-09-25,13:30:00,24.14,24.25,24.1,24.14,58570
2025-09-25,14:00:00,24.15,24.3,24.15,24.23,26515
2025-09-25,14:30:00,24.23,24.23,24.18,24.21,55413
2025-09-25,15:00:00,24.22,24.22,24.22,24.22,5310
2025-09-28,10:00:00,24.11,24.37,24.11,24.28,42999
2025-09-28,10:30:00,24.27,24.3,24.23,24.3,47796
2025-09-28,11:00:00,24.29,24.4,24.24,24.33,90496
2025-09-28,11:30:00,24.35,24.37,24.28,24.29,33454
2025-09-28,12:00:00,24.3,24.3,24.23,24.26,34421
2025-09-28,12:30:00,24.25,24.25,24.2,24.23,28711
2025-09-28,13:00:00,24.24,24.32,24.23,24.3,34513
2025-09-28,13:30:00,24.31,24.31,24.25,24.27,20765
2025-09-28,14:00:00,24.26,24.28,24.24,24.24,14599
2025-09-28,14:30:00,24.26,24.27,24.2,24.27,28323
2025-09-28,15:00:00,24.26,24.26,24.26,24.26,2699
2025-09-29,10:00:00,24.32,24.35,24.22,24.27,37384
2025-09-29,10:30:00,24.28,24.68,24.27,24.48,327534
2025-09-29,11:00:00,24.45,24.58,24.44,24.53,63338
2025-09-29,11:30:00,24.53,24.53,24.39,24.42,66146
2025-09-29,12:00:00,24.42,24.44,24.39,24.43,30541
2025-09-29,12:30:00,24.43,24.5,24.4,24.45,33287
2025-09-29,13:00:00,24.49,24.5,24.45,24.48,89375
2025-09-29,13:30:00,24.48,24.5,24.44,24.47,48872
2025-09-29,14:00:00,24.48,24.48,24.41,24.42,42198
2025-09-29,14:30:00,24.44,24.47,24.41,24.41,40779
2025-09-29,15:00:00,24.47,24.47,24.47,24.47,15174
2025-09-30,10:00:00,24.55,24.73,24.48,24.55,108784
2025-09-30,10:30:00,24.54,24.6,24.51,24.59,38694
2025-09-30,11:00:00,24.6,24.65,24.55,24.63,131854
2025-09-30,11:30:00,24.64,24.67,24.6,24.61,142641
2025-09-30,12:00:00,24.6,24.82,24.6,24.74,231667
2025-09-30,12:30:00,24.74,24.91,24.73,24.86,186056
2025-09-30,13:00:00,24.86,24.98,24.75,24.78,171287
2025-09-30,13:30:00,24.78,24.88,24.75,24.79,72538
2025-09-30,14:00:00,24.77,24.79,24.69,24.78,57032
2025-09-30,14:30:00,24.79,24.85,24.77,24.84,52362
2025-09-30,15:00:00,24.85,24.85,24.85,24.85,13147
2025-10-01,10:00:00,24.97,24.97,24.84,24.84,115958
2025-10-01,10:30:00,24.83,24.84,24.67,24.77,70971
2025-10-01,11:00:00,24.75,24.79,24.72,24.79,22080
2025-10-01,11:30:00,24.8,24.83,24.75,24.75,33046
2025-10-01,12:00:00,24.77,24.78,24.75,24.76,13095
2025-10-01,12:30:00,24.75,24.76,24.6,24.69,60028
2025-10-01,13:00:00,24.69,24.7,24.61,24.65,40314
2025-10-01,13:30:00,24.65,24.67,24.62,24.67,48443
2025-10-01,14:00:00,24.66,24.7,24.62,24.63,39153
2025-10-01,14:30:00,24.63,24.65,24.6,24.62,70645
2025-10-01,15:00:00,24.61,24.61,24.61,24.61,8171
2025-10-02,10:00:00,24.7,24.75,24.55,24.6,53806
2025-10-02,10:30:00,24.62,24.64,24.56,24.58,60477
2025-10-02,11:00:00,24.58,24.64,24.57,24.64,30728
2025-10-02,11:30:00,24.64,24.75,24.62,24.69,61666
2025-10-02,12:00:00,24.68,24.71,24.66,24.68,34001
2025-10-02,12:30:00,24.69,24.7,24.6,24.69,44832
2025-10-02,13:00:00,24.7,24.75,24.69,24.7,29288
2025-10-02,13:30:00,24.71,24.71,24.62,24.67,9933
2025-10-02,14:00:00,24.65,24.65,24.6,24.63,18943
2025-10-02,14:30:00,24.62,24.67,24.62,24.67,29044
2025-10-02,15:00:00,24.66,24.66,24.66,24.66,16288
2025-10-05,10:00:00,24.7,25.2,24.7,24.92,195974
2025-10-05,10:30:00,24.93,24.95,24.74,24.77,93737
2025-10-05,11:00:00,24.79,24.8,24.74,24.75,29121
2025-10-05,11:30:00,24.74,24.77,24.72,24.75,40839
2025-10-05,12:00:00,24.75,24.78,24.72,24.75,20705
2025-10-05,12:30:00,24.76,24.77,24.66,24.71,121785
2025-10-05,13:00:00,24.71,24.74,24.69,24.71,25785
2025-10-05,13:30:00,24.74,24.74,24.7,24.71,23638
2025-10-05,14:00:00,24.71,24.71,24.66,24.71,54941
2025-10-05,14:30:00,24.71,24.76,24.67,24.71,53818
2025-10-05,15:00:00,24.71,24.71,24.71,24.71,22314
2025-10-06,10:00:00,24.65,25.16,24.65,25.12,337616
2025-10-06,10:30:00,25.12,25.8,25.12,25.52,1047145
2025-10-06,11:00:00,25.54,25.84,25.46,25.54,501392
2025-10-06,11:30:00,25.52,26.1,25.52,26.0,997728
2025-10-06,12:00:00,26.0,26.18,25.82,26.0,759043
2025-10-06,12:30:00,26.0,26.2,25.9,25.9,304089
2025-10-06,13:00:00,25.94,25.94,25.72,25.84,193442
2025-10-06,13:30:00,25.84,26.06,25.8,25.84,229296
2025-10-06,14:00:00,25.84,25.86,25.6,25.7,175140
2025-10-06,14:30:00,25.7,25.7,25.54,25.54,148080
2025-10-06,15:00:00,25.54,25.54,25.54,25.54,33454
2025-10-07,10:00:00,25.6,25.7,25.24,25.24,400254
2025-10-07,10:30:00,25.26,25.28,25.08,25.2,402076
2025-10-07,11:00:00,25.2,25.3,25.16,25.22,98433
2025-10-07,11:30:00,25.2,25.26,25.18,25.2,91828
2025-10-07,12:00:00,25.18,25.18,24.85,25.0,521501
2025-10-07,12:30:00,25.04,25.12,25.0,25.08,63310
2025-10-07,13:00:00,25.08,25.12,25.0,25.04,71732
2025-10-07,13:30:00,25.04,25.08,25.0,25.08,48288
2025-10-07,14:00:00,25.06,25.1,25.0,25.04,66148
2025-10-07,14:30:00,25.02,25.08,24.98,25.06,72110
2025-10-07,15:00:00,25.08,25.08,25.08,25.08,18814
2025-10-08,10:00:00,24.94,25.06,24.86,24.89,108222
2025-10-08,10:30:00,24.87,24.93,24.77,24.82,72658
2025-10-08,11:00:00,24.81,24.82,24.72,24.73,35228
2025-10-08,11:30:00,24.73,24.84,24.7,24.81,34933
2025-10-08,12:00:00,24.8,24.86,24.78,24.82,33860
2025-10-08,12:30:00,24.82,24.85,24.79,24.81,48503
2025-10-08,13:00:00,24.81,24.82,24.73,24.74,26131
2025-10-08,13:30:00,24.74,24.77,24.67,24.71,70997
2025-10-08,14:00:00,24.71,24.78,24.7,24.77,22206
2025-10-08,14:30:00,24.76,24.8,24.76,24.8,29686
2025-10-08,15:00:00,24.8,24.8,24.8,24.8,4031
2025-10-09,10:00:00,24.82,24.94,24.8,24.86,92904
2025-10-09,10:30:00,24.88,24.93,24.82,24.89,49412
2025-10-09,11:00:00,24.87,24.89,24.83,24.89,27413
2025-10-09,11:30:00,24.89,24.9,24.83,24.89,19984
2025-10-09,12:00:00,24.86,24.88,24.82,24.85,30897
2025-10-09,12:30:00,24.84,24.86,24.82,24.86,12515
2025-10-09,13:00:00,24.84,24.92,24.83,24.86,45991
2025-10-09,13:30:00,24.86,24.87,24.82,24.84,19514
2025-10-09,14:00:00,24.85,24.89,24.83,24.89,28375
2025-10-09,14:30:00,24.86,24.89,24.84,24.88,20150
2025-10-09,15:00:00,24.86,24.86,24.86,24.86,11494
2025-10-12,10:00:00,24.05,24.5,23.97,24.39,230760
2025-10-12,10:30:00,24.38,24.49,24.35,24.46,47191
2025-10-12,11:00:00,24.48,24.55,24.46,24.48,63076
2025-10-12,11:30:00,24.48,24.48,24.38,24.47,57185
2025-10-12,12:00:00,24.47,24.48,24.4,24.42,44322
2025-10-12,12:30:00,24.4,24.43,24.35,24.35,64138
2025-10-12,13:00:00,24.36,24.38,24.33,24.36,25787
2025-10-12,13:30:00,24.34,24.35,24.34,24.34,15357
2025-10-12,14:00:00,24.35,24.43,24.35,24.4,17472
2025-10-12,14:30:00,24.42,24.42,24.36,24.38,21683
2025-10-12,15:00:00,24.38,24.38,24.38,24.38,3265
2025-10-13,10:00:00,24.49,24.55,24.44,24.45,88699
2025-10-13,10:30:00,24.45,24.54,24.44,24.48,45881
2025-10-13,11:00:00,24.48,24.5,24.45,24.48,20733
2025-10-13,11:30:00,24.48,24.49,24.45,24.46,12083
2025-10-13,12:00:00,24.46,24.49,24.45,24.45,11596
2025-10-13,12:30:00,24.45,24.46,24.43,24.46,21120
2025-10-13,13:00:00,24.45,24.47,24.42,24.44,34209
2025-10-13,13:30:00,24.44,24.53,24.44,24.53,25904
2025-10-13,14:00:00,24.52,24.73,24.5,24.72,89803
2025-10-13,14:30:00,24.72,24.86,24.68,24.85,130730
2025-10-13,15:00:00,24.85,24.85,24.85,24.85,13196
2025-10-14,10:00:00,24.84,24.93,24.75,24.86,75614
2025-10-14,10:30:00,24.86,24.87,24.8,24.8,52705
2025-10-14,11:00:00,24.8,24.86,24.78,24.8,110507
2025-10-14,11:30:00,24.79,24.79,24.74,24.76,37839
2025-10-14,12:00:00,24.75,24.75,24.65,24.65,41477
2025-10-14,12:30:00,24.65,24.65,24.55,24.6,30434
2025-10-14,13:00:00,24.59,24.6,24.5,24.57,32699
2025-10-14,13:30:00,24.57,24.57,24.5,24.56,50852
2025-10-14,14:00:00,24.56,24.56,24.53,24.53,14669
2025-10-14,14:30:00,24.53,24.57,24.51,24.51,27689
2025-10-14,15:00:00,24.52,24.52,24.52,24.52,3105
2025-10-15,10:00:00,24.58,24.68,24.53,24.54,32061
2025-10-15,10:30:00,24.54,24.58,24.48,24.48,54411
2025-10-15,11:00:00,24.47,24.48,24.4,24.47,34218
2025-10-15,11:30:00,24.46,24.57,24.46,24.56,14221
2025-10-15,12:00:00,24.57,24.58,24.54,24.56,8495
2025-10-15,12:30:00,24.56,24.57,24.47,24.51,14585
2025-10-15,13:00:00,24.47,24.54,24.47,24.54,16291
2025-10-15,13:30:00,24.56,24.57,24.5,24.53,13925
2025-10-15,14:00:00,24.52,24.53,24.4,24.46,24397
2025-10-15,14:30:00,24.5,24.51,24.45,24.51,43785
2025-10-15,15:00:00,24.48,24.48,24.48,24.48,1036
2025-10-16,10:00:00,24.52,24.52,24.38,24.44,44169
2025-10-16,10:30:00,24.44,24.44,24.34,24.35,61644
2025-10-16,11:00:00,24.34,24.39,24.3,24.33,59200
2025-10-16,11:30:00,24.32,24.33,24.29,24.31,36061
2025-10-16,12:00:00,24.3,24.34,24.28,24.34,15455
2025-10-16,12:30:00,24.34,24.41,24.33,24.4,28115
2025-10-16,13:00:00,24.4,24.5,24.38,24.46,32350
2025-10-16,13:30:00,24.46,24.73,24.41,24.68,126073
2025-10-16,14:00:00,24.65,24.7,24.6,24.6,48453
2025-10-16,14:30:00,24.6,24.64,24.51,24.52,52551
2025-10-16,15:00:00,24.52,24.52,24.52,24.52,23918
2025-10-19,10:00:00,24.53,24.73,24.49,24.56,97920
2025-10-19,10:30:00,24.56,25.02,24.56,24.98,332121
2025-10-19,11:00:00,25.02,25.06,24.84,24.9,153232
2025-10-19,11:30:00,24.9,24.9,24.77,24.79,34736
2025-10-19,12:00:00,24.8,24.85,24.76,24.77,64955
2025-10-19,12:30:00,24.77,24.86,24.77,24.8,17909
2025-10-19,13:00:00,24.8,24.89,24.79,24.87,20876
2025-10-19,13:30:00,24.87,24.87,24.73,24.74,53580
2025-10-19,14:00:00,24.74,24.77,24.63,24.64,32336
2025-10-19,14:30:00,24.64,24.66,24.56,24.62,45393
2025-10-19,15:00:00,24.62,24.62,24.62,24.62,20215
2025-10-20,10:00:00,24.6,24.72,24.58,24.69,45185
2025-10-20,10:30:00,24.68,24.71,24.58,24.6,47094
2025-10-20,11:00:00,24.59,24.81,24.5,24.5,83497
2025-10-20,11:30:00,24.54,24.55,24.51,24.52,19818
2025-10-20,12:00:00,24.53,24.59,24.53,24.53,2182
2025-10-20,12:30:00,24.54,24.55,24.52,24.52,5321
2025-10-20,13:00:00,24.55,24.55,24.45,24.49,47165
2025-10-20,13:30:00,24.49,24.49,24.44,24.48,19917
2025-10-20,14:00:00,24.46,24.48,24.0,24.19,113928
2025-10-20,14:30:00,24.2,24.24,24.12,24.15,65576
2025-10-21,10:15:00,24.08,24.08,23.82,23.84,90860
2025-10-21,10:45:00,23.82,23.88,23.8,23.84,32342
2025-10-21,11:15:00,23.84,23.92,23.84,23.89,20416
2025-10-21,11:45:00,23.9,23.97,23.89,23.93,22516
2025-10-21,12:15:00,23.93,23.99,23.91,23.95,34721
2025-10-21,12:45:00,23.94,23.94,23.89,23.9,13304
2025-10-21,13:15:00,23.9,23.98,23.89,23.98,22226
2025-10-21,13:45:00,23.99,23.99,23.97,23.97,11656
2025-10-21,14:15:00,23.98,23.99,23.88,23.88,23951
2025-10-21,14:45:00,23.89,23.9,23.85,23.85,26005
2025-10-22,10:15:00,23.83,23.89,23.81,23.88,15061
2025-10-22,10:45:00,23.89,23.93,23.85,23.85,27346
2025-10-22,11:15:00,23.84,23.9,23.75,23.78,32085
2025-10-22,11:45:00,23.78,23.9,23.78,23.88,26013
2025-10-22,12:15:00,23.88,23.91,23.81,23.82,11477
2025-10-22,12:45:00,23.84,23.92,23.83,23.92,25933
2025-10-22,13:15:00,23.91,24.0,23.91,23.98,43623
2025-10-22,13:45:00,23.96,24.13,23.94,24.11,59576
2025-10-22,14:15:00,24.12,24.12,24.0,24.01,21386
2025-10-22,14:45:00,24.02,24.06,24.0,24.05,28504
2025-10-23,10:15:00,24.07,24.07,23.9,23.96,15015
2025-10-23,10:45:00,23.95,23.95,23.86,23.92,7316
2025-10-23,11:15:00,23.91,23.93,23.91,23.92,3584
2025-10-23,11:45:00,23.92,23.93,23.86,23.92,10116
2025-10-23,12:15:00,23.89,24.0,23.89,24.0,14207
2025-10-23,12:45:00,24.02,24.06,23.97,23.98,17460
2025-10-23,13:15:00,23.98,24.0,23.94,23.98,18036
2025-10-23,13:45:00,23.97,23.99,23.96,23.98,5223
2025-10-23,14:15:00,23.96,23.98,23.89,23.89,18908
2025-10-23,14:45:00,23.89,23.91,23.85,23.9,21213
2025-10-26,10:15:00,24.04,24.05,23.91,24.03,30879
2025-10-26,10:45:00,24.03,24.03,23.9,23.92,65145
2025-10-26,11:15:00,23.93,23.93,23.89,23.91,65083
2025-10-26,11:45:00,23.92,23.94,23.9,23.9,32329
2025-10-26,12:15:00,23.9,23.92,23.87,23.91,20935
2025-10-26,12:45:00,23.91,23.91,23.86,23.86,14049
2025-10-26,13:15:00,23.87,23.87,23.84,23.85,14900
2025-10-26,13:45:00,23.86,23.86,23.83,23.84,11221
2025-10-26,14:15:00,23.84,23.94,23.84,23.94,39094
2025-10-26,14:45:00,23.95,23.95,23.9,23.9,7935
2025-10-27,10:15:00,23.9,23.93,23.8,23.83,44939
2025-10-27,10:45:00,23.83,23.9,23.82,23.9,20343
2025-10-27,11:15:00,23.9,23.9,23.86,23.9,6742
2025-10-27,11:45:00,23.88,23.97,23.87,23.9,18562
2025-10-27,12:15:00,23.9,23.9,23.88,23.89,5840
2025-10-27,12:45:00,23.88,23.88,23.8,23.81,18168
2025-10-27,13:15:00,23.82,23.86,23.8,23.83,40804
2025-10-27,13:45:00,23.84,23.84,23.8,23.82,12214
2025-10-27,14:15:00,23.82,23.87,23.81,23.87,17376
2025-10-27,14:45:00,23.87,23.87,23.85,23.85,7878
2025-10-28,10:15:00,23.54,23.54,23.2,23.27,135436
2025-10-28,10:45:00,23.24,23.38,23.24,23.37,60708
2025-10-28,11:15:00,23.38,23.45,23.38,23.4,31235
2025-10-28,11:45:00,23.4,23.42,23.32,23.34,12917
2025-10-28,12:15:00,23.34,23.35,23.2,23.33,44833
2025-10-28,12:45:00,23.33,23.4,23.32,23.36,24842
2025-10-28,13:15:00,23.36,23.5,23.35,23.42,45176
2025-10-28,13:45:00,23.41,23.42,23.37,23.38,18118
2025-10-28,14:15:00,23.39,23.39,23.28,23.3,53552
2025-10-28,14:45:00,23.3,23.3,23.2,23.21,83674
2025-10-29,10:15:00,23.18,23.26,23.17,23.25,45162
2025-10-29,10:45:00,23.23,23.33,23.22,23.28,17526
2025-10-29,11:15:00,23.29,23.29,23.23,23.27,15248
2025-10-29,11:45:00,23.27,23.28,23.25,23.28,11106
2025-10-29,12:15:00,23.28,23.31,23.27,23.27,17962
2025-10-29,12:45:00,23.27,23.29,23.25,23.29,25767
2025-10-29,13:15:00,23.29,23.29,23.25,23.27,7825
2025-10-29,13:45:00,23.28,23.3,23.26,23.26,18940
2025-10-29,14:15:00,23.27,23.3,23.23,23.28,25953
2025-10-29,14:45:00,23.28,23.28,23.24,23.24,12555
2025-10-30,10:15:00,23.37,23.56,23.35,23.49,86579
2025-10-30,10:45:00,23.48,23.55,23.45,23.45,49887
2025-10-30,11:15:00,23.46,23.49,23.39,23.44,37690
2025-10-30,11:45:00,23.43,23.44,23.41,23.42,9308
2025-10-30,12:15:00,23.42,23.44,23.4,23.41,20397
2025-10-30,12:45:00,23.42,23.52,23.41,23.5,20234
2025-10-30,13:15:00,23.51,23.51,23.3,23.3,56352
2025-10-30,13:45:00,23.3,23.36,23.27,23.33,39695
2025-10-30,14:15:00,23.33,23.38,23.3,23.34,42618
2025-10-30,14:45:00,23.34,23.4,23.33,23.4,23720
2025-11-02,10:15:00,23.48,23.53,23.4,23.48,18874
2025-11-02,10:45:00,23.47,23.48,23.41,23.43,16191
2025-11-02,11:15:00,23.42,23.45,23.38,23.4,32032
2025-11-02,11:45:00,23.4,23.42,23.35,23.36,38711
2025-11-02,12:15:00,23.36,23.43,23.35,23.43,16812
2025-11-02,12:45:00,23.42,23.47,23.41,23.41,25066
2025-11-02,13:15:00,23.42,23.42,23.4,23.4,17441
2025-11-02,13:45:00,23.4,23.4,23.36,23.38,5580
2025-11-02,14:15:00,23.38,23.38,23.36,23.37,20032
2025-11-02,14:45:00,23.37,23.38,23.31,23.31,26678
2025-11-03,10:15:00,23.25,23.35,23.22,23.23,21812
2025-11-03,10:45:00,23.23,23.27,23.2,23.24,11074
2025-11-03,11:15:00,23.24,23.24,23.21,23.22,14778
2025-11-03,11:45:00,23.22,23.22,23.18,23.2,15562
2025-11-03,12:15:00,23.19,23.24,23.19,23.23,32370
2025-11-03,12:45:00,23.23,23.24,23.16,23.18,36375
2025-11-03,13:15:00,23.17,23.2,23.1,23.11,22169
2025-11-03,13:45:00,23.1,23.13,23.03,23.1,43342
2025-11-03,14:15:00,23.1,23.1,23.02,23.05,28382
2025-11-03,14:45:00,23.05,23.12,23.03,23.12,29695
2025-11-04,10:15:00,23.05,23.05,22.91,22.92,29251
2025-11-04,10:45:00,22.92,23.03,22.88,23.0,43419
2025-11-04,11:15:00,23.0,23.03,22.97,22.97,35271
2025-11-04,11:45:00,22.98,22.98,22.88,22.9,12564
2025-11-04,12:15:00,22.91,22.99,22.91,22.93,13332
2025-11-04,12:45:00,22.95,22.95,22.85,22.85,15899
2025-11-04,13:15:00,22.85,22.89,22.85,22.89,15793
2025-11-04,13:45:00,22.89,22.9,22.87,22.89,23508
2025-11-04,14:15:00,22.87,22.95,22.87,22.87,24821
2025-11-04,14:45:00,22.88,22.92,22.85,22.85,17238
2025-11-05,10:15:00,22.73,22.78,22.7,22.73,19090
2025-11-05,10:45:00,22.77,22.78,22.72,22.72,13282
2025-11-05,11:15:00,22.72,22.73,22.7,22.72,18896
2025-11-05,11:45:00,22.71,22.95,22.71,22.86,26864
2025-11-05,12:15:00,22.86,22.86,22.73,22.74,11714
2025-11-05,12:45:00,22.74,22.74,22.68,22.72,44249
2025-11-05,13:15:00,22.71,22.75,22.69,22.69,14069
2025-11-05,13:45:00,22.69,22.7,22.53,22.53,13811
2025-11-05,14:15:00,22.52,22.56,22.25,22.26,51667
2025-11-05,14:45:00,22.3,22.4,22.26,22.34,22306
2025-11-06,10:15:00,22.43,22.55,22.38,22.4,21107
2025-11-06,10:45:00,22.41,22.48,22.41,22.44,7256
2025-11-06,11:15:00,22.44,22.44,22.37,22.4,12685
2025-11-06,11:45:00,22.41,22.45,22.4,22.43,14329
2025-11-06,12:15:00,22.44,22.44,22.36,22.38,22347
2025-11-06,12:45:00,22.37,22.38,22.34,22.36,7132
2025-11-06,13:15:00,22.37,22.4,22.34,22.38,14610
2025-11-06,13:45:00,22.38,22.38,22.3,22.33,43887
2025-11-06,14:15:00,22.33,22.38,22.32,22.36,5208
2025-11-06,14:45:00,22.36,22.38,22.34,22.38,11923
2025-11-09,10:15:00,22.06,22.08,21.9,21.99,64163
2025-11-09,10:45:00,21.98,21.98,21.9,21.97,15886
2025-11-09,11:15:00,21.97,22.0,21.96,22.0,19018
2025-11-09,11:45:00,22.0,22.0,21.94,21.98,9312
2025-11-09,12:15:00,21.99,21.99,21.82,21.87,31228
2025-11-09,12:45:00,21.87,21.97,21.86,21.96,15256
2025-11-09,13:15:00,21.94,22.06,21.94,22.05,35381
2025-11-09,13:45:00,22.03,22.03,21.89,21.89,14363
2025-11-09,14:15:00,21.89,21.94,21.87,21.87,22766
2025-11-09,14:45:00,21.87,21.88,21.8,21.8,47691
2025-11-10,10:15:00,21.78,21.91,21.78,21.85,27904
2025-11-10,10:45:00,21.84,21.85,21.8,21.83,18138
2025-11-10,11:15:00,21.82,21.98,21.82,21.97,15428
2025-11-10,11:45:00,21.97,22.17,21.95,22.05,60991
2025-11-10,12:15:00,22.03,22.08,21.9,21.93,30149
2025-11-10,12:45:00,21.96,22.15,21.96,22.08,30188
2025-11-10,13:15:00,22.07,22.08,21.96,21.96,10551
2025-11-10,13:45:00,21.96,21.99,21.94,21.95,9983
2025-11-10,14:15:00,21.95,22.04,21.94,21.98,8064
2025-11-10,14:45:00,21.98,22.07,21.98,22.01,21293
2025-11-11,10:15:00,21.95,21.96,21.85,21.91,80143
2025-11-11,10:45:00,21.93,21.93,21.77,21.78,42694
2025-11-11,11:15:00,21.78,21.84,21.75,21.75,11093
2025-11-11,11:45:00,21.78,21.82,21.76,21.78,12994
2025-11-11,12:15:00,21.78,21.9,21.76,21.82,22229
2025-11-11,12:45:00,21.82,21.86,21.79,21.8,10826
2025-11-11,13:15:00,21.8,21.82,21.78,21.8,9505
2025-11-11,13:45:00,21.82,21.82,21.72,21.72,25548
2025-11-11,14:15:00,21.72,21.74,21.67,21.69,22021
2025-11-11,14:45:00,21.69,21.85,21.67,21.85,21210
2025-11-12,10:15:00,21.93,21.93,21.85,21.89,30572
2025-11-12,10:45:00,21.9,21.92,21.87,21.9,8807
2025-11-12,11:15:00,21.9,21.94,21.88,21.94,9486
2025-11-12,11:45:00,21.93,21.95,21.92,21.95,13227
2025-11-12,12:15:00,21.95,21.96,21.92,21.92,8047
2025-11-12,12:45:00,21.93,21.96,21.92,21.95,12499
2025-11-12,13:15:00,21.92,21.94,21.81,21.82,35413
2025-11-12,13:45:00,21.81,21.87,21.8,21.87,10064
2025-11-12,14:15:00,21.87,21.87,21.79,21.8,23128
2025-11-12,14:45:00,21.82,21.83,21.71,21.71,35160
2025-11-13,10:15:00,21.84,21.85,21.76,21.76,8354
2025-11-13,10:45:00,21.77,21.88,21.75,21.88,14505
2025-11-13,11:15:00,21.9,21.95,21.86,21.9,44801
2025-11-13,11:45:00,21.9,21.92,21.88,21.9,10864
2025-11-13,12:15:00,21.91,21.91,21.77,21.8,8241
2025-11-13,12:45:00,21.78,21.8,21.74,21.74,11110
2025-11-13,13:15:00,21.74,21.75,21.7,21.73,17622
2025-11-13,13:45:00,21.72,21.73,21.58,21.68,32092
2025-11-13,14:15:00,21.68,21.78,21.65,21.72,13407
2025-11-13,14:45:00,21.75,21.8,21.73,21.8,7475
2025-11-16,10:15:00,21.55,21.56,21.22,21.3,67648
2025-11-16,10:45:00,21.29,21.51,21.28,21.5,48580
2025-11-16,11:15:00,21.5,21.54,21.47,21.51,23970
2025-11-16,11:45:00,21.53,21.77,21.53,21.67,45229
2025-11-16,12:15:00,21.66,21.73,21.54,21.54,26188
2025-11-16,12:45:00,21.54,21.59,21.44,21.46,43314
2025-11-16,13:15:00,21.45,21.45,21.41,21.44,13188
2025-11-16,13:45:00,21.43,21.45,21.34,21.35,17554
2025-11-16,14:15:00,21.36,21.38,21.29,21.29,25632
2025-11-16,14:45:00,21.29,21.29,20.98,20.98,47123
2025-11-17,10:15:00,21.14,21.24,21.1,21.1,25032
2025-11-17,10:45:00,21.09,21.13,20.96,20.98,39012
2025-11-17,11:15:00,20.96,21.05,20.96,21.02,29244
2025-11-17,11:45:00,21.0,21.04,20.99,21.02,17611
2025-11-17,12:15:00,21.04,21.1,21.02,21.02,10556
2025-11-17,12:45:00,21.03,21.03,20.96,20.97,12528
2025-11-17,13:15:00,20.97,20.99,20.81,20.81,34375
2025-11-17,13:45:00,20.82,20.85,20.73,20.75,31765
2025-11-17,14:15:00,20.75,20.94,20.71,20.93,27299
2025-11-17,14:45:00,20.91,20.95,20.87,20.91,25104
2025-11-18,10:15:00,20.83,20.97,20.81,20.91,25263
2025-11-18,10:45:00,20.91,21.04,20.87,21.04,19624
2025-11-18,11:15:00,21.04,21.11,21.02,21.11,30404
2025-11-18,11:45:00,21.12,21.18,21.08,21.15,19604
2025-11-18,12:15:00,21.14,21.2,21.12,21.2,15826
2025-11-18,12:45:00,21.2,21.21,21.09,21.1,16590
2025-11-18,13:15:00,21.1,21.16,20.99,20.99,44532
2025-11-18,13:45:00,20.99,21.04,20.94,21.04,14688
2025-11-18,14:15:00,21.08,21.08,21.01,21.01,24016
2025-11-18,14:45:00,21.03,21.06,20.92,21.06,28900
2025-11-19,10:15:00,21.11,21.11,20.97,20.97,39670
2025-11-19,10:45:00,20.96,21.03,20.82,20.82,34453
2025-11-19,11:15:00,20.81,20.9,20.81,20.85,9271
2025-11-19,11:45:00,20.88,20.9,20.79,20.84,28877
2025-11-19,12:15:00,20.86,20.89,20.78,20.84,17370
2025-11-19,12:45:00,20.83,20.85,20.81,20.83,5679
2025-11-19,13:15:00,20.85,20.85,20.79,20.8,28377
2025-11-19,13:45:00,20.82,20.82,20.66,20.66,32349
2025-11-19,14:15:00,20.68,20.74,20.68,20.69,21638
2025-11-19,14:45:00,20.69,20.7,20.66,20.66,12555
2025-11-20,10:15:00,20.59,20.74,20.57,20.63,21558
2025-11-20,10:45:00,20.66,20.77,20.6,20.75,16937
2025-11-20,11:15:00,20.73,20.75,20.69,20.69,11370
2025-11-20,11:45:00,20.66,20.71,20.65,20.7,4658
2025-11-20,12:15:00,20.69,20.77,20.65,20.72,21051
2025-11-20,12:45:00,20.71,20.74,20.7,20.72,4833
2025-11-20,13:15:00,20.74,20.8,20.74,20.77,10807
2025-11-20,13:45:00,20.77,20.79,20.75,20.75,19215
2025-11-20,14:15:00,20.78,20.8,20.7,20.72,15645
2025-11-20,14:45:00,20.72,20.75,20.67,20.7,15264
2025-11-23,10:15:00,20.81,20.84,20.74,20.83,8148
2025-11-23,10:45:00,20.84,20.84,20.78,20.83,9853
2025-11-23,11:15:00,20.82,20.82,20.76,20.78,16621
2025-11-23,11:45:00,20.78,20.82,20.78,20.81,2471
2025-11-23,12:15:00,20.81,20.82,20.75,20.81,5835
2025-11-23,12:45:00,20.81,20.82,20.8,20.8,1889
2025-11-23,13:15:00,20.79,20.8,20.72,20.75,6263
2025-11-23,13:45:00,20.75,20.77,20.67,20.67,7184
2025-11-23,14:15:00,20.69,20.7,20.6,20.65,13517
2025-11-23,14:45:00,20.65,20.72,20.6,20.6,8355
2025-11-24,10:15:00,20.76,20.8,20.54,20.55,34300
2025-11-24,10:45:00,20.55,20.67,20.55,20.64,17944
2025-11-24,11:15:00,20.62,20.64,20.58,20.6,3748
2025-11-24,11:45:00,20.6,20.61,20.57,20.57,6396
2025-11-24,12:15:00,20.57,20.63,20.57,20.62,6963
2025-11-24,12:45:00,20.61,20.71,20.61,20.71,10753
2025-11-24,13:15:00,20.7,21.0,20.7,20.85,70377
2025-11-24,13:45:00,20.85,21.46,20.8,21.27,342174
2025-11-24,14:15:00,21.29,21.3,20.83,20.83,90454
2025-11-24,14:45:00,20.83,21.75,20.8,21.75,99277
2025-11-25,10:15:00,21.34,21.55,21.25,21.25,46776
2025-11-25,10:45:00,21.24,21.35,21.24,21.33,16328
2025-11-25,11:15:00,21.32,21.36,21.2,21.21,45377
2025-11-25,11:45:00,21.21,21.3,20.85,20.85,54166
2025-11-25,12:15:00,20.85,21.09,20.76,21.02,64617
2025-11-25,12:45:00,21.02,21.3,20.83,21.26,55085
2025-11-25,13:15:00,21.29,21.7,21.21,21.54,140244
2025-11-25,13:45:00,21.58,21.82,21.17,21.19,116532
2025-11-25,14:15:00,21.19,21.36,21.08,21.28,21527
2025-11-25,14:45:00,21.28,21.28,20.9,20.97,74406
2025-11-26,10:15:00,21.36,21.37,21.2,21.2,32593
2025-11-26,10:45:00,21.25,21.25,20.57,20.7,145232
2025-11-26,11:15:00,20.74,20.78,20.65,20.7,27591
2025-11-26,11:45:00,20.7,20.8,20.6,20.61,21430
2025-11-26,12:15:00,20.61,20.9,20.61,20.78,16609
2025-11-26,12:45:00,20.78,20.85,20.71,20.76,19023
2025-11-26,13:15:00,20.72,20.96,20.71,20.9,13729
2025-11-26,13:45:00,20.9,21.12,20.81,20.88,52327
2025-11-26,14:15:00,20.88,20.99,20.59,20.63,111768
2025-11-26,14:45:00,20.64,20.76,20.64,20.64,25700
2025-11-27,10:15:00,20.75,20.83,20.7,20.76,23499
2025-11-27,10:45:00,20.81,20.81,20.55,20.55,8521
2025-11-27,11:15:00,20.57,20.57,20.2,20.28,81566
2025-11-27,11:45:00,20.28,20.28,20.17,20.25,32081
2025-11-27,12:15:00,20.25,20.36,20.23,20.34,31104
2025-11-27,12:45:00,20.32,20.46,20.3,20.45,15845
2025-11-27,13:15:00,20.45,20.57,20.44,20.49,60127
2025-11-27,13:45:00,20.49,20.5,20.19,20.2,53024
2025-11-27,14:15:00,20.2,20.3,20.16,20.17,63315
2025-11-27,14:45:00,20.17,20.2,20.08,20.16,35662
2025-11-30,10:00:00,20.2,20.3,19.9,19.92,77604
2025-11-30,10:30:00,19.91,19.96,19.8,19.81,33815
2025-11-30,11:00:00,19.81,19.87,19.6,19.68,35209
2025-11-30,11:30:00,19.68,19.76,19.66,19.68,38227
2025-11-30,12:00:00,19.68,19.72,19.68,19.7,9210
2025-11-30,12:30:00,19.69,19.72,19.68,19.72,9327
2025-11-30,13:00:00,19.72,19.73,19.69,19.69,13537
2025-11-30,13:30:00,19.69,19.73,19.54,19.58,93952
2025-11-30,14:00:00,19.58,19.58,19.3,19.47,86117
2025-11-30,14:30:00,19.47,19.6,19.36,19.36,57907
2025-11-30,15:00:00,19.35,19.35,19.35,19.35,8133
2025-12-01,10:00:00,19.35,19.5,19.21,19.4,107540
2025-12-01,10:30:00,19.4,19.4,19.22,19.29,30584
2025-12-01,11:00:00,19.29,19.38,19.23,19.32,19484
2025-12-01,11:30:00,19.32,19.35,19.26,19.3,19215
2025-12-01,12:00:00,19.26,19.44,19.26,19.37,18227
2025-12-01,12:30:00,19.39,19.48,19.37,19.41,32773
2025-12-01,13:00:00,19.41,19.46,19.39,19.41,14076
2025-12-01,13:30:00,19.41,19.46,19.36,19.39,40929
2025-12-01,14:00:00,19.39,19.4,19.3,19.3,10321
2025-12-01,14:30:00,19.3,19.33,19.25,19.28,23858
2025-12-01,15:00:00,19.28,19.28,19.28,19.28,3337
2025-12-02,10:00:00,19.5,19.5,19.25,19.25,29517
2025-12-02,10:30:00,19.25,19.28,19.2,19.24,22192
2025-12-02,11:00:00,19.24,19.31,19.16,19.19,18451
2025-12-02,11:30:00,19.19,19.19,18.99,19.05,32947
2025-12-02,12:00:00,19.08,19.16,19.01,19.15,35512
2025-12-02,12:30:00,19.13,19.14,19.01,19.01,13759
2025-12-02,13:00:00,19.02,19.07,18.94,19.02,38951
2025-12-02,13:30:00,19.0,19.02,18.91,18.95,57256
2025-12-02,14:00:00,18.96,18.97,18.8,18.85,81549
2025-12-02,14:30:00,18.85,18.86,18.75,18.79,60088
2025-12-02,15:00:00,18.87,18.87,18.87,18.87,7626
2025-12-03,10:00:00,18.9,19.09,18.82,19.0,34354
2025-12-03,10:30:00,19.0,19.05,18.89,18.93,18345
2025-12-03,11:00:00,18.94,19.14,18.9,19.14,43351
2025-12-03,11:30:00,19.14,19.17,19.11,19.15,10271
2025-12-03,12:00:00,19.14,19.16,19.1,19.16,26879
2025-12-03,12:30:00,19.16,19.16,19.03,19.03,15275
2025-12-03,13:00:00,19.03,19.07,19.02,19.04,10413
2025-12-03,13:30:00,19.04,19.04,18.95,18.98,20345
2025-12-03,14:00:00,18.98,18.99,18.88,18.95,42694
2025-12-03,14:30:00,18.95,19.04,18.95,19.02,21850
2025-12-03,15:00:00,19.03,19.03,19.03,19.03,1625
2025-12-04,10:00:00,19.03,19.3,19.03,19.29,54997
2025-12-04,10:30:00,19.3,19.44,19.28,19.42,18213
2025-12-04,11:00:00,19.42,19.51,19.36,19.51,29386
2025-12-04,11:30:00,19.54,19.6,19.45,19.55,49607
2025-12-04,12:00:00,19.6,19.62,19.57,19.6,24015
2025-12-04,12:30:00,19.59,19.6,19.51,19.57,24512
2025-12-04,13:00:00,19.54,19.56,19.46,19.48,10237
2025-12-04,13:30:00,19.46,19.48,19.42,19.48,4340
2025-12-04,14:00:00,19.49,19.49,19.3,19.32,19990
2025-12-04,14:30:00,19.32,19.37,19.25,19.31,21647
2025-12-04,15:00:00,19.31,19.31,19.31,19.31,8794
2025-12-07,10:00:00,19.9,20.45,19.84,20.08,454005
2025-12-07,10:30:00,20.11,20.2,20.04,20.09,62983
2025-12-07,11:00:00,20.1,20.11,19.75,20.0,93146
2025-12-07,11:30:00,20.0,20.0,19.85,19.86,31678
2025-12-07,12:00:00,19.89,19.9,19.76,19.79,31988
2025-12-07,12:30:00,19.8,19.88,19.77,19.84,20205
2025-12-07,13:00:00,19.81,19.85,19.6,19.6,60764
2025-12-07,13:30:00,19.6,19.75,19.58,19.75,12260
2025-12-07,14:00:00,19.77,19.9,19.56,19.56,61319
2025-12-07,14:30:00,19.59,19.65,19.56,19.64,18061
2025-12-07,15:00:00,19.65,19.65,19.65,19.65,14306
2025-12-08,10:00:00,19.66,19.74,19.37,19.38,80596
2025-12-08,10:30:00,19.37,19.48,19.35,19.41,27681
2025-12-08,11:00:00,19.42,19.5,19.38,19.42,25412
2025-12-08,11:30:00,19.45,19.45,19.37,19.41,24374
2025-12-08,12:00:00,19.42,19.48,19.42,19.46,8581
2025-12-08,12:30:00,19.46,19.8,19.44,19.79,53506
2025-12-08,13:00:00,19.78,19.78,19.61,19.69,32689
2025-12-08,13:30:00,19.7,19.9,19.63,19.8,63377
2025-12-08,14:00:00,19.79,19.84,19.73,19.73,22042
2025-12-08,14:30:00,19.74,19.85,19.7,19.81,47503
2025-12-08,15:00:00,19.8,19.8,19.8,19.8,1289
2025-12-09,10:00:00,19.61,19.74,19.55,19.56,45037
2025-12-09,10:30:00,19.56,19.6,19.49,19.55,20004
2025-12-09,11:00:00,19.56,19.64,19.54,19.6,14117
2025-12-09,11:30:00,19.62,19.74,19.62,19.74,25767
2025-12-09,12:00:00,19.74,19.75,19.7,19.72,18058
2025-12-09,12:30:00,19.72,19.73,19.67,19.7,12947
2025-12-09,13:00:00,19.7,19.73,19.67,19.73,10993
2025-12-09,13:30:00,19.73,19.79,19.65,19.65,37808
2025-12-09,14:00:00,19.68,19.7,19.65,19.7,5000
2025-12-09,14:30:00,19.69,19.7,19.6,19.63,22481
2025-12-09,15:00:00,19.62,19.62,19.62,19.62,8055
2025-12-10,10:00:00,19.64,19.76,19.64,19.72,11477
2025-12-10,10:30:00,19.74,19.78,19.71,19.75,36695
2025-12-10,11:00:00,19.76,19.9,19.75,19.88,40565
2025-12-10,11:30:00,19.87,19.89,19.83,19.84,14422
2025-12-10,12:00:00,19.84,19.85,19.76,19.76,12379
2025-12-10,12:30:00,19.77,19.8,19.75,19.77,6009
2025-12-10,13:00:00,19.76,19.77,19.73,19.77,7056
2025-12-10,13:30:00,19.78,19.91,19.78,19.9,30467
2025-12-10,14:00:00,19.89,19.93,19.87,19.87,21502
2025-12-10,14:30:00,19.89,19.89,19.85,19.88,12507
2025-12-10,15:00:00,19.89,19.89,19.89,19.89,7625
2025-12-11,10:00:00,20.0,20.03,19.85,19.86,21929
2025-12-11,10:30:00,19.86,19.86,19.78,19.82,17467
2025-12-11,11:00:00,19.82,19.82,19.72,19.72,16036
2025-12-11,11:30:00,19.72,19.74,19.64,19.66,37386
2025-12-11,12:00:00,19.68,19.71,19.64,19.65,10599
2025-12-11,12:30:00,19.64,19.72,19.64,19.7,9652
2025-12-11,13:00:00,19.68,19.7,19.66,19.67,3499
2025-12-11,13:30:00,19.7,19.71,19.68,19.68,11223
2025-12-11,14:00:00,19.7,19.74,19.68,19.7,6156
2025-12-11,14:30:00,19.7,19.71,19.66,19.68,17809
2025-12-11,15:00:00,19.7,19.7,19.7,19.7,8602
2025-12-14,10:00:00,19.7,19.7,19.43,19.51,29488
2025-12-14,10:30:00,19.49,19.49,19.44,19.48,9533
2025-12-14,11:00:00,19.48,19.5,19.43,19.47,12352
2025-12-14,11:30:00,19.47,19.48,19.4,19.45,10605
2025-12-14,12:00:00,19.44,19.45,19.42,19.42,6116
2025-12-14,12:30:00,19.43,19.44,19.38,19.41,32226
2025-12-14,13:00:00,19.41,19.43,19.31,19.32,34914
2025-12-14,13:30:00,19.32,19.32,19.16,19.22,33268
2025-12-14,14:00:00,19.21,19.22,19.17,19.17,15198
2025-12-14,14:30:00,19.17,19.19,19.0,19.07,52954
2025-12-14,15:00:00,19.07,19.07,19.07,19.07,2906
2025-12-15,10:00:00,19.26,19.26,18.96,19.1,49645
2025-12-15,10:30:00,19.11,19.27,19.1,19.22,23390
2025-12-15,11:00:00,19.25,19.27,19.16,19.2,16267
2025-12-15,11:30:00,19.2,19.29,19.16,19.21,6593
2025-12-15,12:00:00,19.21,19.27,19.19,19.23,8042
2025-12-15,12:30:00,19.25,19.37,19.21,19.23,39723
2025-12-15,13:00:00,19.26,19.31,19.21,19.27,14727
2025-12-15,13:30:00,19.26,19.29,19.25,19.28,3270
2025-12-15,14:00:00,19.28,19.29,19.25,19.28,11578
2025-12-15,14:30:00,19.29,19.36,19.25,19.33,49506
2025-12-15,15:00:00,19.33,19.33,19.33,19.33,1491
2025-12-16,10:00:00,19.26,19.35,19.22,19.22,10419
2025-12-16,10:30:00,19.22,19.27,19.21,19.25,8208
2025-12-16,11:00:00,19.25,19.27,19.18,19.2,5224
2025-12-16,11:30:00,19.18,19.2,19.13,19.14,7636
2025-12-16,12:00:00,19.15,19.2,19.12,19.2,10408
2025-12-16,12:30:00,19.23,19.26,19.19,19.26,10624
2025-12-16,13:00:00,19.26,19.27,19.17,19.17,6429
2025-12-16,13:30:00,19.17,19.19,19.03,19.03,19282
2025-12-16,14:00:00,19.04,19.04,18.97,19.0,17293
2025-12-16,14:30:00,19.0,19.05,18.97,19.0,21624
2025-12-16,15:00:00,19.01,19.01,19.01,19.01,5853
2025-12-17,10:00:00,19.0,19.09,18.99,18.99,29589
2025-12-17,10:30:00,18.99,19.04,18.96,19.0,14546
2025-12-17,11:00:00,19.0,19.09,18.99,19.09,15765
2025-12-17,11:30:00,19.1,19.27,19.1,19.21,62212
2025-12-17,12:00:00,19.21,19.21,19.15,19.18,24483
2025-12-17,12:30:00,19.17,19.17,19.08,19.09,6557
2025-12-17,13:00:00,19.08,19.1,19.06,19.08,16160
2025-12-17,13:30:00,19.06,19.06,18.99,19.03,18054
2025-12-17,14:00:00,19.06,19.11,19.0,19.03,10059
2025-12-17,14:30:00,19.03,19.09,19.01,19.07,41551
2025-12-18,10:15:00,19.08,19.08,19.0,19.08,20966
2025-12-18,10:45:00,19.08,19.13,19.0,19.02,22203
2025-12-18,11:15:00,19.08,19.14,19.07,19.14,11944
2025-12-18,11:45:00,19.11,19.15,19.0,19.06,44883
2025-12-18,12:15:00,19.06,19.09,19.04,19.05,8176
2025-12-18,12:45:00,19.05,19.09,19.05,19.09,3099
2025-12-18,13:15:00,19.08,19.09,19.07,19.09,16820
2025-12-18,13:45:00,19.09,19.09,19.05,19.07,19007
2025-12-18,14:15:00,19.08,19.09,19.07,19.07,14087
2025-12-18,14:45:00,19.07,19.19,19.07,19.19,51499
2025-12-21,10:15:00,19.28,19.32,19.23,19.3,37976
2025-12-21,10:45:00,19.3,19.34,19.16,19.28,84420
2025-12-21,11:15:00,19.27,19.27,19.16,19.16,22093
2025-12-21,11:45:00,19.17,19.22,19.12,19.21,26569
2025-12-21,12:15:00,19.18,19.2,19.05,19.1,67860
2025-12-21,12:45:00,19.08,19.1,19.02,19.1,23653
2025-12-21,13:15:00,19.09,19.1,19.07,19.09,9483
2025-12-21,13:45:00,19.1,19.15,19.08,19.11,20305
2025-12-21,14:15:00,19.13,19.14,19.09,19.1,9596
2025-12-21,14:45:00,19.1,19.13,19.05,19.06,24304
2025-12-22,10:00:00,19.0,19.06,18.94,19.01,25906
2025-12-22,10:30:00,19.01,19.02,18.97,19.0,8456
2025-12-22,11:00:00,19.0,19.09,18.98,19.09,16336
2025-12-22,11:30:00,19.08,19.08,19.02,19.03,15113
2025-12-22,12:00:00,19.02,19.02,18.97,19.01,12123
2025-12-22,12:30:00,18.99,19.06,18.99,19.06,12858
2025-12-22,13:00:00,19.07,19.13,19.07,19.11,7196
2025-12-22,13:30:00,19.11,19.13,19.07,19.07,30263
2025-12-22,14:00:00,19.07,19.1,19.06,19.06,4101
2025-12-22,14:30:00,19.07,19.14,19.0,19.14,30251
2025-12-22,15:00:00,19.14,19.14,19.14,19.14,16724
2025-12-23,10:00:00,19.14,19.84,19.14,19.6,420175
2025-12-23,10:30:00,19.61,19.63,19.48,19.55,68234
2025-12-23,11:00:00,19.54,19.55,19.4,19.41,41979
2025-12-23,11:30:00,19.41,19.45,19.38,19.38,15762
2025-12-23,12:00:00,19.39,19.42,19.38,19.4,12256
2025-12-23,12:30:00,19.4,19.41,19.35,19.36,6874
2025-12-23,13:00:00,19.38,19.41,19.34,19.41,13519
2025-12-23,13:30:00,19.4,19.41,19.3,19.3,25673
2025-12-23,14:00:00,19.33,19.38,19.2,19.34,29502
2025-12-23,14:30:00,19.36,19.38,19.25,19.27,16101
2025-12-23,15:00:00,19.25,19.25,19.25,19.25,5535
2025-12-24,10:00:00,19.27,19.4,19.17,19.2,18980
2025-12-24,10:30:00,19.25,19.3,19.19,19.19,34204
2025-12-24,11:00:00,19.19,19.26,19.12,19.12,44677
2025-12-24,11:30:00,19.15,19.18,19.1,19.16,32455
2025-12-24,12:00:00,19.16,19.16,19.11,19.13,8442
2025-12-24,12:30:00,19.17,19.18,19.13,19.15,20762
2025-12-24,13:00:00,19.14,19.15,19.1,19.11,11827
2025-12-24,13:30:00,19.11,19.13,19.09,19.09,6924
2025-12-24,14:00:00,19.1,19.1,18.96,19.03,50845
2025-12-24,14:30:00,19.04,19.05,18.95,18.95,21319
2025-12-24,15:00:00,18.94,18.94,18.94,18.94,2460
2025-12-25,10:00:00,19.02,19.1,18.96,19.01,11234
2025-12-25,10:30:00,19.01,19.03,19.0,19.03,2870
2025-12-25,11:00:00,19.03,19.03,18.91,18.93,26792
2025-12-25,11:30:00,18.93,18.95,18.91,18.92,12362
2025-12-25,12:00:00,18.93,18.94,18.9,18.92,12133
2025-12-25,12:30:00,18.93,18.93,18.91,18.93,2515
2025-12-25,13:00:00,18.93,18.95,18.92,18.93,1120
2025-12-25,13:30:00,18.92,18.94,18.91,18.94,7302
2025-12-25,14:00:00,18.93,18.96,18.91,18.93,4795
2025-12-25,14:30:00,18.93,18.96,18.92,18.93,5803
2025-12-25,15:00:00,18.92,18.92,18.92,18.92,5263
2025-12-28,10:00:00,18.91,18.92,18.83,18.84,32642
2025-12-28,10:30:00,18.84,18.85,18.39,18.41,42321
2025-12-28,11:00:00,18.41,18.41,18.26,18.38,20821
2025-12-28,11:30:00,18.38,18.4,18.29,18.35,43948
2025-12-28,12:00:00,18.35,18.35,18.1,18.12,59269
2025-12-28,12:30:00,18.12,18.29,18.12,18.26,23955
2025-12-28,13:00:00,18.26,18.28,18.18,18.19,9444
2025-12-28,13:30:00,18.19,18.21,18.08,18.08,27113
2025-12-28,14:00:00,18.08,18.08,17.97,18.0,32681
2025-12-28,14:30:00,18.0,18.01,17.8,17.8,57821
2025-12-28,15:00:00,17.8,17.8,17.8,17.8,2886
2025-12-29,10:00:00,17.75,17.85,17.42,17.85,134064
2025-12-29,10:30:00,17.83,18.05,17.74,18.03,110990
2025-12-29,11:00:00,18.03,18.13,18.02,18.06,46887
2025-12-29,11:30:00,18.08,18.15,18.04,18.14,39306
2025-12-29,12:00:00,18.14,18.16,18.09,18.12,13432
2025-12-29,12:30:00,18.11,18.12,18.02,18.03,18904
2025-12-29,13:00:00,18.02,18.1,18.01,18.05,21146
2025-12-29,13:30:00,18.02,18.06,17.97,17.98,21019
2025-12-29,14:00:00,18.0,18.06,17.98,17.99,51149
2025-12-29,14:30:00,17.98,18.01,17.94,18.0,28509
2025-12-30,10:15:00,17.72,17.83,17.68,17.83,50497
2025-12-30,10:45:00,17.84,18.04,17.8,17.95,43425
2025-12-30,11:15:00,17.94,17.99,17.85,17.89,12859
2025-12-30,11:45:00,17.85,17.9,17.82,17.82,8799
2025-12-30,12:15:00,17.82,17.83,17.69,17.74,35811
2025-12-30,12:45:00,17.72,17.75,17.6,17.6,39782
2025-12-30,13:15:00,17.6,17.6,17.53,17.58,79139
2025-12-30,13:45:00,17.57,17.67,17.43,17.43,54610
2025-12-30,14:15:00,17.43,17.45,17.32,17.37,40218
2025-12-30,14:45:00,17.37,17.38,17.16,17.2,143444
2025-12-31,10:15:00,17.7,17.79,17.5,17.75,65318
2025-12-31,10:45:00,17.75,17.79,17.69,17.78,31646
2025-12-31,11:15:00,17.79,17.95,17.78,17.87,65136
2025-12-31,11:45:00,17.89,17.91,17.83,17.83,17153
2025-12-31,12:15:00,17.84,17.88,17.77,17.83,17632
2025-12-31,12:45:00,17.84,17.89,17.84,17.89,13362
2025-12-31,13:15:00,17.9,17.91,17.81,17.82,19372
2025-12-31,13:45:00,17.81,17.9,17.81,17.89,22410
2025-12-31,14:15:00,17.89,17.92,17.84,17.85,16213
2025-12-31,14:45:00,17.86,17.93,17.85,17.93,37023
2026-01-01,10:15:00,18.15,18.5,18.13,18.49,30832
2026-01-01,10:45:00,18.49,18.58,18.48,18.52,28872
2026-01-01,11:15:00,18.53,18.6,18.47,18.59,82550
2026-01-01,11:45:00,18.59,18.6,18.5,18.55,19345
2026-01-01,12:15:00,18.55,18.7,18.52,18.67,36044
2026-01-01,12:45:00,18.67,18.74,18.62,18.74,16061
2026-01-01,13:15:00,18.74,18.8,18.7,18.74,21803
2026-01-01,13:45:00,18.74,18.9,18.7,18.89,50127
2026-01-01,14:15:00,18.85,18.9,18.72,18.72,26860
2026-01-01,14:45:00,18.82,18.9,18.72,18.9,44743
2026-01-04,10:15:00,18.48,18.64,18.4,18.6,40376
2026-01-04,10:45:00,18.6,18.61,18.45,18.52,28597
2026-01-04,11:15:00,18.53,18.62,18.51,18.55,13286
2026-01-04,11:45:00,18.55,18.59,18.38,18.38,48575
2026-01-04,12:15:00,18.37,18.39,18.3,18.31,24203
2026-01-04,12:45:00,18.31,18.37,18.31,18.33,13452
2026-01-04,13:15:00,18.36,18.42,18.36,18.38,16910
2026-01-04,13:45:00,18.37,18.39,18.3,18.38,21718
2026-01-04,14:15:00,18.38,18.42,18.27,18.27,12407
2026-01-04,14:45:00,18.27,18.27,18.21,18.27,56369
2026-01-05,10:00:00,18.3,18.48,18.26,18.32,77247
2026-01-05,10:30:00,18.3,18.3,17.97,18.05,67581
2026-01-05,11:00:00,18.02,18.07,17.96,18.03,26132
2026-01-05,11:30:00,18.04,18.06,17.9,17.98,35819
2026-01-05,12:00:00,17.95,18.0,17.93,17.95,18078
2026-01-05,12:30:00,17.97,18.02,17.81,17.84,22212
2026-01-05,13:00:00,17.83,17.86,17.77,17.83,13625
2026-01-05,13:30:00,17.84,17.94,17.8,17.92,15038
2026-01-05,14:00:00,17.92,17.95,17.86,17.87,22530
2026-01-05,14:30:00,17.87,17.91,17.8,17.81,25095
2026-01-06,10:15:00,17.81,17.9,17.68,17.84,52777
2026-01-06,10:45:00,17.86,17.9,17.79,17.8,8268
2026-01-06,11:15:00,17.8,17.86,17.78,17.79,8766
2026-01-06,11:45:00,17.78,17.8,17.7,17.72,37175
2026-01-06,12:15:00,17.72,17.8,17.72,17.77,14981
2026-01-06,12:45:00,17.77,17.77,17.72,17.74,13671
2026-01-06,13:15:00,17.75,17.75,17.7,17.71,20198
2026-01-06,13:45:00,17.7,17.8,17.66,17.78,17737
2026-01-06,14:15:00,17.8,17.8,17.75,17.76,11838
2026-01-06,14:45:00,17.77,17.77,17.72,17.75,8722
2026-01-07,10:15:00,18.3,18.3,18.14,18.17,40165
2026-01-07,10:45:00,18.18,18.18,18.06,18.11,42838
2026-01-07,11:15:00,18.1,18.1,17.8,17.97,82571
2026-01-07,11:45:00,17.96,18.1,17.95,18.07,25779
2026-01-07,12:15:00,18.08,18.22,18.06,18.22,51810
2026-01-07,12:45:00,18.23,18.27,18.14,18.14,42743
2026-01-07,13:15:00,18.12,18.14,18.08,18.09,29333
2026-01-07,13:45:00,18.08,18.18,18.04,18.07,20515
2026-01-07,14:15:00,18.07,18.1,18.06,18.06,21658
2026-01-07,14:45:00,18.06,18.11,18.06,18.1,18226
2026-01-08,10:00:00,18.0,18.0,17.84,17.89,27195
2026-01-08,10:30:00,17.88,17.97,17.87,17.97,28963
2026-01-08,11:00:00,17.97,18.08,17.92,18.0,35800
2026-01-08,11:30:00,18.0,18.02,17.95,17.97,12516
2026-01-08,12:00:00,17.97,17.98,17.96,17.96,4561
2026-01-08,12:30:00,17.96,17.96,17.9,17.96,4719
2026-01-08,13:00:00,17.96,17.97,17.88,17.88,7467
2026-01-08,13:30:00,17.88,17.91,17.84,17.86,14711
2026-01-08,14:00:00,17.86,17.92,17.85,17.92,6102
2026-01-08,14:30:00,17.93,17.98,17.87,17.87,26386
2026-01-11,10:15:00,17.97,18.1,17.92,18.07,21903
2026-01-11,10:45:00,18.07,18.08,18.04,18.06,19376
2026-01-11,11:15:00,18.09,18.12,18.07,18.11,21729
2026-01-11,11:45:00,18.08,18.18,18.06,18.14,15364
2026-01-11,12:15:00,18.14,18.15,18.1,18.1,2578
2026-01-11,12:45:00,18.1,18.15,18.1,18.14,2783
2026-01-11,13:15:00,18.14,18.17,18.1,18.12,6385
2026-01-11,13:45:00,18.15,18.17,18.12,18.17,2925
2026-01-11,14:15:00,18.17,18.2,18.13,18.2,11773
2026-01-11,14:45:00,18.19,18.23,18.1,18.18,38067
2026-01-12,10:15:00,18.3,18.41,18.29,18.4,35324
2026-01-12,10:45:00,18.38,18.47,18.38,18.47,14828
2026-01-12,11:15:00,18.47,18.59,18.46,18.54,64524
2026-01-12,11:45:00,18.54,18.56,18.51,18.52,7509
2026-01-12,12:15:00,18.52,18.55,18.45,18.51,25013
2026-01-12,12:45:00,18.52,18.57,18.5,18.57,19688
2026-01-12,13:15:00,18.56,18.57,18.5,18.51,23460
2026-01-12,13:45:00,18.54,18.63,18.5,18.59,52899
2026-01-12,14:15:00,18.59,18.6,18.55,18.57,8286
2026-01-12,14:45:00,18.57,18.67,18.55,18.67,39985
2026-01-13,10:00:00,19.0,19.0,18.47,18.55,103075
2026-01-13,10:30:00,18.56,18.58,18.47,18.48,31276
2026-01-13,11:00:00,18.48,18.57,18.45,18.54,18631
2026-01-13,11:30:00,18.53,18.61,18.5,18.61,14435
2026-01-13,12:00:00,18.61,18.71,18.55,18.71,26370
2026-01-13,12:30:00,18.71,18.75,18.64,18.71,39502
2026-01-13,13:00:00,18.72,18.76,18.69,18.69,37983
2026-01-13,13:30:00,18.68,18.69,18.6,18.64,36917
2026-01-13,14:00:00,18.63,18.71,18.62,18.64,33482
2026-01-13,14:30:00,18.66,18.7,18.61,18.61,39817
2026-01-13,15:00:00,18.68,18.68,18.68,18.68,3448
2026-01-14,10:00:00,18.68,18.81,18.6,18.77,37770
2026-01-14,10:30:00,18.75,18.79,18.55,18.59,35826
2026-01-14,11:00:00,18.59,18.68,18.57,18.65,22114
2026-01-14,11:30:00,18.65,18.76,18.64,18.76,34663
2026-01-14,12:00:00,18.74,18.76,18.69,18.76,46136
2026-01-14,12:30:00,18.76,18.79,18.72,18.73,23492
2026-01-14,13:00:00,18.73,18.73,18.6,18.6,18106
2026-01-14,13:30:00,18.6,18.62,18.41,18.41,31766
2026-01-14,14:00:00,18.4,18.43,18.26,18.34,41874
2026-01-14,14:30:00,18.34,18.4,18.32,18.36,15311
2026-01-14,15:00:00,18.3,18.3,18.3,18.3,10445
2026-01-15,10:00:00,18.14,18.36,18.13,18.3,38789
2026-01-15,10:30:00,18.26,18.26,18.12,18.14,16524
2026-01-15,11:00:00,18.12,18.18,18.04,18.05,17051
2026-01-15,11:30:00,18.07,18.16,18.07,18.08,25483
2026-01-15,12:00:00,18.08,18.08,18.02,18.05,16335
2026-01-15,12:30:00,18.05,18.05,18.03,18.04,5680
2026-01-15,13:00:00,18.04,18.04,17.93,17.98,40518
2026-01-15,13:30:00,17.98,17.98,17.9,17.94,11095
2026-01-15,14:00:00,17.95,17.98,17.93,17.93,15442
2026-01-15,14:30:00,17.93,17.95,17.92,17.92,27417
2026-01-15,15:00:00,17.92,17.92,17.92,17.92,12223
2026-01-18,10:00:00,17.94,18.28,17.94,18.21,84384
2026-01-18,10:30:00,18.21,18.26,18.2,18.22,9507
2026-01-18,11:00:00,18.26,18.29,18.23,18.24,22308
2026-01-18,11:30:00,18.24,18.3,18.22,18.29,16365
2026-01-18,12:00:00,18.29,18.32,18.29,18.31,10898
2026-01-18,12:30:00,18.31,18.33,18.29,18.32,10060
2026-01-18,13:00:00,18.33,18.34,18.29,18.32,10264
2026-01-18,13:30:00,18.31,18.31,18.17,18.21,15036
2026-01-18,14:00:00,18.22,18.24,18.17,18.17,16896
2026-01-18,14:30:00,18.17,18.2,18.11,18.15,10971
2026-01-18,15:00:00,18.15,18.15,18.15,18.15,2008
2026-01-19,10:00:00,18.15,18.24,18.06,18.2,18900
2026-01-19,10:30:00,18.17,18.24,18.17,18.22,20425
2026-01-19,11:00:00,18.23,18.23,18.15,18.2,8839
2026-01-19,11:30:00,18.2,18.23,18.17,18.18,9033
2026-01-19,12:00:00,18.18,18.19,18.13,18.14,12573
2026-01-19,12:30:00,18.14,18.2,18.13,18.19,32823
2026-01-19,13:00:00,18.18,18.18,18.13,18.16,8007
2026-01-19,13:30:00,18.16,18.17,18.13,18.13,4951
2026-01-19,14:00:00,18.15,18.15,18.07,18.08,12900
2026-01-19,14:30:00,18.08,18.08,18.02,18.02,22192
2026-01-19,15:00:00,18.02,18.02,18.02,18.02,2488
2026-01-20,10:00:00,18.26,18.26,18.0,18.0,51059
2026-01-20,10:30:00,18.02,18.08,17.94,17.97,48081
2026-01-20,11:00:00,17.98,18.02,17.96,18.02,12731
2026-01-20,11:30:00,17.99,18.04,17.98,18.02,5023
2026-01-20,12:00:00,18.02,18.05,18.0,18.01,6707
2026-01-20,12:30:00,18.01,18.02,17.99,18.01,12065
2026-01-20,13:00:00,18.01,18.01,17.95,17.97,11106
2026-01-20,13:30:00,17.98,17.98,17.89,17.9,27934
2026-01-20,14:00:00,17.9,17.9,17.77,17.78,40820
2026-01-20,14:30:00,17.79,17.88,17.74,17.88,81948
2026-01-21,10:15:00,17.7,17.87,17.7,17.8,21249
2026-01-21,10:45:00,17.8,17.91,17.78,17.88,24481
2026-01-21,11:15:00,17.88,17.9,17.85,17.88,18782
2026-01-21,11:45:00,17.88,17.9,17.83,17.88,16055
2026-01-21,12:15:00,17.89,17.97,17.89,17.93,30468
2026-01-21,12:45:00,17.93,17.96,17.88,17.95,21688
2026-01-21,13:15:00,17.95,17.98,17.95,17.98,10796
2026-01-21,13:45:00,17.97,18.03,17.96,18.02,30061
2026-01-21,14:15:00,18.01,18.02,17.98,18.0,23256
2026-01-21,14:45:00,18.0,18.01,17.94,17.96,25012
2026-01-22,10:15:00,18.05,18.06,17.92,17.96,36156
2026-01-22,10:45:00,17.98,18.0,17.96,17.98,13313
2026-01-22,11:15:00,17.98,18.07,17.98,18.05,18366
2026-01-22,11:45:00,18.04,18.08,18.04,18.06,28282
2026-01-22,12:15:00,18.05,18.17,18.05,18.14,46979
2026-01-22,12:45:00,18.14,18.15,18.12,18.14,16446
2026-01-22,13:15:00,18.16,18.18,18.13,18.14,36825
2026-01-22,13:45:00,18.14,18.15,18.12,18.13,12885
2026-01-22,14:15:00,18.14,18.17,18.14,18.16,26879
2026-01-22,14:45:00,18.17,18.19,18.16,18.19,25429
2026-01-25,10:15:00,18.27,18.4,18.27,18.32,73953
2026-01-25,10:45:00,18.3,18.34,18.29,18.33,24870
2026-01-25,11:15:00,18.32,18.33,18.31,18.32,3037
2026-01-25,11:45:00,18.32,18.32,18.28,18.28,9489
2026-01-25,12:15:00,18.28,18.3,18.25,18.25,4712
2026-01-25,12:45:00,18.25,18.28,18.25,18.25,3487
2026-01-25,13:15:00,18.29,18.29,18.26,18.29,7479
2026-01-25,13:45:00,18.29,18.32,18.28,18.3,9771
2026-01-25,14:15:00,18.3,18.39,18.3,18.38,28620
2026-01-25,14:45:00,18.36,18.41,18.35,18.36,25295
2026-01-26,10:15:00,18.39,18.4,18.31,18.35,32789
2026-01-26,10:45:00,18.37,18.43,18.35,18.42,42685
2026-01-26,11:15:00,18.41,18.42,18.37,18.4,22158
2026-01-26,11:45:00,18.4,18.4,18.34,18.35,9833
2026-01-26,12:15:00,18.35,18.36,18.33,18.34,12864
2026-01-26,12:45:00,18.35,18.38,18.33,18.33,25040
2026-01-26,13:15:00,18.35,18.37,18.33,18.33,19565
2026-01-26,13:45:00,18.33,18.37,18.26,18.34,66192
2026-01-26,14:15:00,18.34,18.42,18.34,18.41,26090
2026-01-26,14:45:00,18.41,18.42,18.35,18.36,34476
2026-01-27,10:15:00,18.45,18.82,18.45,18.76,245858
2026-01-27,10:45:00,18.77,18.78,18.67,18.77,61575
2026-01-27,11:15:00,18.77,18.8,18.75,18.76,32274
2026-01-27,11:45:00,18.75,19.05,18.72,18.86,197242
2026-01-27,12:15:00,18.86,19.08,18.86,19.0,97383
2026-01-27,12:45:00,18.98,19.09,18.98,19.09,74564
2026-01-27,13:15:00,19.09,19.14,18.97,18.97,92296
2026-01-27,13:45:00,18.96,18.96,18.84,18.9,50684
2026-01-27,14:15:00,18.9,18.91,18.8,18.85,38840
2026-01-27,14:45:00,18.85,18.89,18.83,18.85,30397
2026-01-28,10:00:00,18.9,18.9,18.68,18.78,65315
2026-01-28,10:30:00,18.8,18.8,18.59,18.59,62541
2026-01-28,11:00:00,18.59,18.65,18.54,18.61,50225
2026-01-28,11:30:00,18.61,18.67,18.61,18.66,11603
2026-01-28,12:00:00,18.65,18.7,18.62,18.65,18540
2026-01-28,12:30:00,18.65,18.67,18.61,18.63,13337
2026-01-28,13:00:00,18.63,18.8,18.62,18.74,39264
2026-01-28,13:30:00,18.77,18.8,18.71,18.76,16995
2026-01-28,14:00:00,18.74,18.79,18.66,18.72,29557
2026-01-28,14:30:00,18.74,18.79,18.68,18.72,44053
2026-01-28,15:00:00,18.67,18.67,18.67,18.67,6723
2026-01-29,10:00:00,18.72,18.73,18.47,18.48,56505
2026-01-29,10:30:00,18.49,18.52,18.4,18.45,68568
2026-01-29,11:00:00,18.46,18.47,18.4,18.4,35599
2026-01-29,11:30:00,18.39,18.41,18.31,18.31,42411
2026-01-29,12:00:00,18.32,18.34,18.24,18.26,15352
2026-01-29,12:30:00,18.26,18.31,18.23,18.25,28352
2026-01-29,13:00:00,18.25,18.25,18.2,18.22,19305
2026-01-29,13:30:00,18.22,18.26,18.21,18.22,23312
2026-01-29,14:00:00,18.23,18.23,18.15,18.18,31743
2026-01-29,14:30:00,18.17,18.2,18.14,18.18,32704
2026-01-29,15:00:00,18.18,18.18,18.18,18.18,7911
2026-02-01,10:00:00,18.18,18.26,17.82,17.83,70614
2026-02-01,10:30:00,17.83,17.83,17.62,17.72,70486
2026-02-01,11:00:00,17.72,17.85,17.71,17.79,27196
2026-02-01,11:30:00,17.78,17.86,17.69,17.75,68878
2026-02-01,12:00:00,17.75,17.77,17.68,17.71,21488
2026-02-01,12:30:00,17.73,17.73,17.56,17.58,62375
2026-02-01,13:00:00,17.58,17.65,17.5,17.65,22043
2026-02-01,13:30:00,17.66,17.73,17.63,17.65,19691
2026-02-01,14:00:00,17.62,17.69,17.6,17.6,19108
2026-02-01,14:30:00,17.62,17.67,17.6,17.63,16579
2026-02-01,15:00:00,17.62,17.62,17.62,17.62,4221
2026-02-02,10:00:00,17.59,17.68,17.41,17.62,73171
2026-02-02,10:30:00,17.62,17.68,17.59,17.66,31652
2026-02-02,11:00:00,17.65,17.76,17.65,17.7,16696
2026-02-02,11:30:00,17.69,17.71,17.66,17.71,10541
2026-02-02,12:00:00,17.72,17.74,17.7,17.71,41160
2026-02-02,12:30:00,17.71,17.74,17.64,17.65,47816
2026-02-02,13:00:00,17.65,17.68,17.57,17.62,86216
2026-02-02,13:30:00,17.62,17.67,17.59,17.6,38893
2026-02-02,14:00:00,17.6,17.62,17.53,17.57,48877
2026-02-02,14:30:00,17.57,17.6,17.53,17.55,59461
2026-02-02,15:00:00,17.59,17.59,17.59,17.59,7375
2026-02-03,10:00:00,17.59,17.66,17.5,17.61,176356
2026-02-03,10:30:00,17.61,17.78,17.59,17.77,122992
2026-02-03,11:00:00,17.77,18.08,17.75,17.78,339252
2026-02-03,11:30:00,17.78,17.83,17.72,17.75,133247
2026-02-03,12:00:00,17.74,17.75,17.6,17.67,97133
2026-02-03,12:30:00,17.67,17.67,17.61,17.64,48324
2026-02-03,13:00:00,17.63,17.64,17.59,17.63,94230
2026-02-03,13:30:00,17.63,17.66,17.59,17.6,42383
2026-02-03,14:00:00,17.59,17.6,17.54,17.56,36225
2026-02-03,14:30:00,17.56,17.59,17.54,17.55,33308
2026-02-03,15:00:00,17.55,17.55,17.55,17.55,14222
2026-02-04,10:00:00,17.55,17.65,17.49,17.63,104413
2026-02-04,10:30:00,17.63,17.65,17.59,17.6,30272
2026-02-04,11:00:00,17.6,17.62,17.57,17.58,14849
2026-02-04,11:30:00,17.58,17.6,17.54,17.58,36618
2026-02-04,12:00:00,17.6,17.6,17.5,17.57,54685
2026-02-04,12:30:00,17.56,17.56,17.49,17.52,31467
2026-02-04,13:00:00,17.51,17.56,17.5,17.5,22673
2026-02-04,13:30:00,17.5,17.55,17.5,17.51,15434
2026-02-04,14:00:00,17.51,17.52,17.5,17.51,10330
2026-02-04,14:30:00,17.52,17.54,17.5,17.5,15969
2026-02-04,15:00:00,17.5,17.5,17.5,17.5,12947
2026-02-05,10:00:00,17.41,17.44,17.27,17.3,59665
2026-02-05,10:30:00,17.3,17.3,17.25,17.29,19389
2026-02-05,11:00:00,17.3,17.35,17.29,17.33,10398
2026-02-05,11:30:00,17.3,17.32,17.28,17.3,9503
2026-02-05,12:00:00,17.29,17.3,17.28,17.3,18742
2026-02-05,12:30:00,17.29,17.3,17.13,17.13,40537
2026-02-05,13:00:00,17.13,17.15,17.12,17.13,18356
2026-02-05,13:30:00,17.12,17.25,17.12,17.22,26327
2026-02-05,14:00:00,17.21,17.21,17.12,17.18,20884
2026-02-05,14:30:00,17.16,17.16,16.96,17.01,58762
2026-02-05,15:00:00,16.98,16.98,16.98,16.98,15970
2026-02-08,10:00:00,17.03,17.3,17.03,17.2,36413
2026-02-08,10:30:00,17.2,17.28,17.14,17.17,46825
2026-02-08,11:00:00,17.16,17.18,17.09,17.14,8093
2026-02-08,11:30:00,17.12,17.16,17.0,17.08,22266
2026-02-08,12:00:00,17.06,17.14,17.02,17.08,12800
2026-02-08,12:30:00,17.08,17.08,17.03,17.03,7513
2026-02-08,13:00:00,17.03,17.09,16.99,17.0,49264
2026-02-08,13:30:00,16.99,17.0,16.97,17.0,13119
2026-02-08,14:00:00,17.0,17.0,16.98,17.0,19932
2026-02-08,14:30:00,17.0,17.01,16.98,16.99,43971
2026-02-08,15:00:00,16.95,16.95,16.95,16.95,9458
2026-02-09,10:00:00,17.0,17.07,16.81,16.9,71863
2026-02-09,10:30:00,16.9,16.95,16.87,16.9,19002
2026-02-09,11:00:00,16.89,16.89,16.86,16.86,10169
2026-02-09,11:30:00,16.87,17.04,16.86,17.03,25213
2026-02-09,12:00:00,17.03,17.06,16.96,16.96,16263
2026-02-09,12:30:00,16.97,17.01,16.88,16.88,41528
2026-02-09,13:00:00,16.91,16.91,16.79,16.8,52886
2026-02-09,13:30:00,16.79,16.82,16.79,16.79,26755
2026-02-09,14:00:00,16.79,16.8,16.74,16.79,43376
2026-02-09,14:30:00,16.79,16.85,16.76,16.76,34317
2026-02-09,15:00:00,16.79,16.79,16.79,16.79,10035
2026-02-10,10:00:00,16.75,16.91,16.71,16.9,42542
2026-02-10,10:30:00,16.9,16.91,16.83,16.84,32036
2026-02-10,11:00:00,16.83,16.92,16.83,16.89,20625
2026-02-10,11:30:00,16.89,16.9,16.85,16.87,13479
2026-02-10,12:00:00,16.88,16.93,16.88,16.93,8473
2026-02-10,12:30:00,16.92,16.95,16.88,16.89,8169
2026-02-10,13:00:00,16.89,16.9,16.85,16.86,10224
2026-02-10,13:30:00,16.85,16.87,16.82,16.86,16541
2026-02-10,14:00:00,16.86,16.87,16.8,16.8,7613
2026-02-10,14:30:00,16.8,16.82,16.7,16.79,65417
2026-02-10,15:00:00,16.79,16.79,16.79,16.79,2045
2026-02-11,10:00:00,16.75,16.76,16.62,16.66,38852
2026-02-11,10:30:00,16.68,16.69,16.62,16.64,28798
2026-02-11,11:00:00,16.65,16.78,16.65,16.71,35050
2026-02-11,11:30:00,16.72,16.72,16.65,16.71,6378
2026-02-11,12:00:00,16.71,16.76,16.68,16.7,10487
2026-02-11,12:30:00,16.72,16.72,16.67,16.67,7383
2026-02-11,13:00:00,16.67,16.67,16.56,16.63,46964
2026-02-11,13:30:00,16.63,16.66,16.6,16.66,7715
2026-02-11,14:00:00,16.66,16.68,16.62,16.64,16102
2026-02-11,14:30:00,16.63,16.69,16.63,16.68,17121
2026-02-11,15:00:00,16.68,16.68,16.68,16.68,5620
2026-02-12,10:00:00,16.65,16.8,16.6,16.76,28182
2026-02-12,10:30:00,16.76,16.76,16.72,16.76,21065
2026-02-12,11:00:00,16.76,16.85,16.76,16.85,60515
2026-02-12,11:30:00,16.86,16.9,16.82,16.87,28568
2026-02-12,12:00:00,16.88,16.96,16.87,16.92,20838
2026-02-12,12:30:00,16.91,16.93,16.89,16.91,14261
2026-02-12,13:00:00,16.91,16.93,16.87,16.9,22957
2026-02-12,13:30:00,16.9,16.93,16.89,16.89,10808
2026-02-12,14:00:00,16.89,17.05,16.88,17.01,42720
2026-02-12,14:30:00,17.0,17.0,16.87,16.99,48136
2026-02-12,15:00:00,17.01,17.01,17.01,17.01,8406
2026-02-15,10:00:00,17.02,17.25,17.0,17.01,65771
2026-02-15,10:30:00,17.02,17.05,17.0,17.03,23964
2026-02-15,11:00:00,17.05,17.11,17.03,17.1,22261
2026-02-15,11:30:00,17.11,17.11,17.02,17.03,31417
2026-02-15,12:00:00,17.02,17.04,17.0,17.01,9509
2026-02-15,12:30:00,17.01,17.07,17.01,17.07,5501
2026-02-15,13:00:00,17.07,17.1,17.05,17.08,21080
2026-02-15,13:30:00,17.09,17.09,17.04,17.07,9919
2026-02-15,14:00:00,17.07,17.08,17.04,17.05,11660
2026-02-15,14:30:00,17.05,17.12,17.05,17.08,27828
2026-02-15,15:00:00,17.08,17.08,17.08,17.08,2509
2026-02-16,10:00:00,17.07,17.1,16.98,17.02,17686
2026-02-16,10:30:00,17.01,17.06,17.01,17.03,12042
2026-02-16,11:00:00,17.02,17.05,17.01,17.04,4392
2026-02-16,11:30:00,17.04,17.09,17.03,17.04,14055
2026-02-16,12:00:00,17.06,17.06,16.89,16.89,22370
2026-02-16,12:30:00,16.89,16.9,16.81,16.85,15632
2026-02-16,13:00:00,16.85,16.88,16.82,16.88,6103
2026-02-16,13:30:00,16.88,16.89,16.73,16.74,46251
2026-02-16,14:00:00,16.77,16.8,16.55,16.63,64087
2026-02-16,14:30:00,16.64,16.72,16.63,16.65,31783
2026-02-16,15:00:00,16.69,16.69,16.69,16.69,5809
2026-02-17,10:00:00,16.5,16.6,16.45,16.51,78928
2026-02-17,10:30:00,16.47,16.54,16.43,16.47,28816
2026-02-17,11:00:00,16.47,16.49,16.43,16.48,28102
2026-02-17,11:30:00,16.49,16.49,16.4,16.42,50137
2026-02-17,12:00:00,16.43,16.43,16.37,16.38,21384
2026-02-17,12:30:00,16.39,16.46,16.39,16.45,6540
2026-02-17,13:00:00,16.46,16.46,16.4,16.44,10418
2026-02-17,13:30:00,16.41,16.46,16.4,16.45,7610
2026-02-17,14:00:00,16.45,16.46,16.41,16.41,15334
2026-02-17,14:30:00,16.41,16.42,16.4,16.41,22988
2026-02-17,15:00:00,16.4,16.4,16.4,16.4,6973
2026-02-18,10:00:00,16.4,16.45,16.0,16.24,114310
2026-02-18,10:30:00,16.23,16.28,16.15,16.25,30423
2026-02-18,11:00:00,16.25,16.26,16.18,16.2,22793
2026-02-18,11:30:00,16.2,16.22,16.17,16.19,15313
2026-02-18,12:00:00,16.19,16.19,16.13,16.16,25221
2026-02-18,12:30:00,16.16,16.2,16.14,16.19,54761
2026-02-18,13:00:00,16.19,16.2,16.17,16.18,10924
2026-02-18,13:30:00,16.16,16.2,16.16,16.2,14242
2026-02-18,14:00:00,16.19,16.23,16.19,16.21,18534
2026-02-18,14:30:00,16.21,16.24,16.2,16.22,13581
2026-02-18,15:00:00,16.24,16.24,16.24,16.24,7348
2026-02-19,10:00:00,16.11,16.22,15.9,15.9,58458
2026-02-19,10:30:00,15.9,15.9,15.78,15.8,75559
2026-02-19,11:00:00,15.78,15.87,15.74,15.82,41661
2026-02-19,11:30:00,15.81,15.84,15.76,15.76,24599
2026-02-19,12:00:00,15.79,15.79,15.65,15.69,50892
2026-02-19,12:30:00,15.69,15.74,15.68,15.7,31416
2026-02-19,13:00:00,15.7,15.7,15.54,15.56,51404
2026-02-19,13:30:00,15.57,15.62,15.55,15.59,43744
2026-02-19,14:00:00,15.59,15.59,15.46,15.46,62367
2026-02-19,14:30:00,15.46,15.53,15.45,15.5,42380
2026-02-19,15:00:00,15.5,15.5,15.5,15.5,12865
2026-02-23,10:00:00,15.4,15.55,15.0,15.18,135944
2026-02-23,10:30:00,15.17,15.23,15.15,15.21,33931
2026-02-23,11:00:00,15.21,15.27,15.15,15.16,41440
2026-02-23,11:30:00,15.17,15.2,15.08,15.12,27030
2026-02-23,12:00:00,15.12,15.19,15.11,15.15,16932
2026-02-23,12:30:00,15.14,15.24,15.1,15.18,12848
2026-02-23,13:00:00,15.17,15.21,15.16,15.21,7358
2026-02-23,13:30:00,15.21,15.21,15.1,15.13,25092
2026-02-23,14:00:00,15.14,15.25,15.11,15.22,17102
2026-02-23,14:30:00,15.2,15.21,15.01,15.15,53844
2026-02-23,15:00:00,15.15,15.15,15.15,15.15,9518
2026-02-24,10:00:00,15.14,15.29,15.08,15.25,49180
2026-02-24,10:30:00,15.27,15.29,15.14,15.14,23118
2026-02-24,11:00:00,15.14,15.18,15.1,15.18,17478
2026-02-24,11:30:00,15.17,15.19,15.08,15.11,30995
2026-02-24,12:00:00,15.1,15.12,15.08,15.1,10877
2026-02-24,12:30:00,15.11,15.11,15.05,15.11,20703
2026-02-24,13:00:00,15.07,15.1,15.06,15.06,19115
2026-02-24,13:30:00,15.06,15.09,15.0,15.0,31551
2026-02-24,14:00:00,15.01,15.07,15.0,15.07,21345
2026-02-24,14:30:00,15.07,15.07,15.0,15.06,24807
2026-02-24,15:00:00,15.06,15.06,15.06,15.06,1033
2026-02-25,10:00:00,15.06,15.6,15.06,15.2,114950
2026-02-25,10:30:00,15.2,15.4,15.19,15.38,28928
2026-02-25,11:00:00,15.36,15.38,15.21,15.25,30495
2026-02-25,11:30:00,15.23,15.35,15.15,15.35,27604
2026-02-25,12:00:00,15.35,15.48,15.25,15.27,55281
2026-02-25,12:30:00,15.27,15.33,15.15,15.33,46756
2026-02-25,13:00:00,15.3,15.33,15.23,15.3,21535
2026-02-25,13:30:00,15.3,15.3,15.18,15.2,20976
2026-02-25,14:00:00,15.2,15.29,15.15,15.17,32505
2026-02-25,14:30:00,15.16,15.35,15.12,15.32,54287
2026-02-25,15:00:00,15.31,15.31,15.31,15.31,2352
2026-02-26,10:00:00,15.02,15.35,15.02,15.24,47877
2026-02-26,10:30:00,15.24,15.27,15.05,15.1,35407
2026-02-26,11:00:00,15.11,15.2,15.08,15.13,31386
2026-02-26,11:30:00,15.13,15.18,15.12,15.16,5049
2026-02-26,12:00:00,15.17,15.25,15.15,15.25,8179
2026-02-26,12:30:00,15.25,15.3,15.21,15.25,11082
2026-02-26,13:00:00,15.25,15.3,15.25,15.3,20103
2026-02-26,13:30:00,15.32,15.58,15.32,15.4,104947
2026-02-26,14:00:00,15.4,15.46,15.38,15.44,24716
2026-02-26,14:30:00,15.42,15.44,15.3,15.44,41832
2026-02-26,15:00:00,15.61,15.61,15.61,15.61,98131
2026-03-01,10:00:00,14.11,15.3,14.11,15.29,144593
2026-03-01,10:30:00,15.29,15.32,15.07,15.09,36208
2026-03-01,11:00:00,15.09,15.09,14.9,14.92,60923
2026-03-01,11:30:00,14.92,14.93,14.69,14.73,44091
2026-03-01,12:00:00,14.75,14.75,14.65,14.68,28820
2026-03-01,12:30:00,14.68,14.7,14.64,14.67,21714
2026-03-01,13:00:00,14.66,14.68,14.6,14.6,33830
2026-03-01,13:30:00,14.61,14.68,14.5,14.52,30736
2026-03-01,14:00:00,14.52,14.59,14.47,14.55,27455
2026-03-01,14:30:00,14.55,14.57,14.47,14.56,29874
2026-03-01,15:00:00,14.55,14.55,14.55,14.55,7582
2026-03-02,10:00:00,14.3,15.0,14.3,14.63,139185
2026-03-02,10:30:00,14.68,14.81,14.68,14.77,37096
2026-03-02,11:00:00,14.75,14.78,14.51,14.55,45080
2026-03-02,11:30:00,14.53,14.56,14.44,14.49,25053
2026-03-02,12:00:00,14.49,14.57,14.44,14.5,24015
2026-03-02,12:30:00,14.5,14.52,14.46,14.51,12749
2026-03-02,13:00:00,14.52,14.56,14.47,14.53,13387
2026-03-02,13:30:00,14.53,14.62,14.41,14.43,60247
2026-03-02,14:00:00,14.44,14.46,14.37,14.43,25873
2026-03-02,14:30:00,14.44,14.52,14.41,14.5,28439
2026-03-02,15:00:00,14.5,14.5,14.5,14.5,196
2026-03-03,10:00:00,14.5,14.5,14.27,14.31,79691
2026-03-03,10:30:00,14.3,14.3,14.04,14.26,125221
2026-03-03,11:00:00,14.26,14.29,14.24,14.25,15734
2026-03-03,11:30:00,14.26,14.3,14.22,14.23,10223
2026-03-03,12:00:00,14.23,14.28,14.14,14.19,39099
2026-03-03,12:30:00,14.16,14.17,14.1,14.14,22728
2026-03-03,13:00:00,14.13,14.22,14.09,14.16,38668
2026-03-03,13:30:00,14.15,14.17,14.07,14.09,39003
2026-03-03,14:00:00,14.09,14.09,13.84,13.95,137593
2026-03-03,14:30:00,13.95,14.05,13.9,13.98,54093
2026-03-03,15:00:00,13.95,13.95,13.95,13.95,4729
2026-03-04,10:00:00,13.89,14.17,13.89,14.15,83505
2026-03-04,10:30:00,14.15,14.22,14.08,14.2,82305
2026-03-04,11:00:00,14.22,14.43,14.16,14.43,43726
2026-03-04,11:30:00,14.42,14.52,14.4,14.51,33466
2026-03-04,12:00:00,14.56,14.62,14.5,14.55,44678
2026-03-04,12:30:00,14.56,14.57,14.5,14.53,19940
2026-03-04,13:00:00,14.52,14.6,14.5,14.53,15817
2026-03-04,13:30:00,14.53,14.55,14.46,14.48,37784
2026-03-04,14:00:00,14.5,14.59,14.48,14.58,20900
2026-03-04,14:30:00,14.58,14.74,14.54,14.72,72938
2026-03-04,15:00:00,14.7,14.7,14.7,14.7,5923
2026-03-05,10:00:00,14.7,14.91,14.7,14.9,32681
2026-03-05,10:30:00,14.9,15.15,14.9,14.98,51737
2026-03-05,11:00:00,14.98,14.98,14.84,14.84,23113
2026-03-05,11:30:00,14.83,14.86,14.76,14.82,10626
2026-03-05,12:00:00,14.82,14.95,14.81,14.89,22250
2026-03-05,12:30:00,14.88,14.9,14.78,14.79,30347
2026-03-05,13:00:00,14.78,14.79,14.66,14.66,28229
2026-03-05,13:30:00,14.65,14.65,14.6,14.6,17663
2026-03-05,14:00:00,14.61,14.7,14.59,14.68,30081
2026-03-05,14:30:00,14.7,14.77,14.68,14.71,40075
2026-03-05,15:00:00,14.76,14.76,14.76,14.76,19002
2026-03-08,10:00:00,14.72,15.19,14.72,15.12,63623
2026-03-08,10:30:00,15.15,15.35,15.09,15.09,167598
2026-03-08,11:00:00,15.08,15.36,15.05,15.36,80496
2026-03-08,11:30:00,15.36,15.36,15.11,15.11,78650
2026-03-08,12:00:00,15.11,15.15,15.09,15.15,28972
2026-03-08,12:30:00,15.14,15.15,15.12,15.14,39497
2026-03-08,13:00:00,15.13,15.15,15.12,15.15,9137
2026-03-08,13:30:00,15.13,15.27,15.13,15.22,15670
2026-03-08,14:00:00,15.22,15.26,15.22,15.25,8481
2026-03-08,14:30:00,15.25,15.27,15.2,15.25,28992
2026-03-08,15:00:00,15.3,15.3,15.3,15.3,14079
2026-03-09,10:00:00,15.3,15.33,15.13,15.28,66760
2026-03-09,10:30:00,15.26,15.28,15.08,15.08,31230
2026-03-09,11:00:00,15.09,15.09,14.9,14.95,74999
2026-03-09,11:30:00,14.93,14.93,14.79,14.81,42671
2026-03-09,12:00:00,14.81,14.84,14.74,14.82,34925
2026-03-09,12:30:00,14.8,14.83,14.77,14.78,8457
2026-03-09,13:00:00,14.77,14.83,14.77,14.81,11586
2026-03-09,13:30:00,14.78,14.8,14.74,14.75,35056
2026-03-09,14:00:00,14.75,14.77,14.7,14.75,20325
2026-03-09,14:30:00,14.75,14.82,14.74,14.77,21728
2026-03-10,10:15:00,15.18,15.6,15.15,15.39,427681
2026-03-10,10:45:00,15.39,15.4,15.19,15.24,123146
2026-03-10,11:15:00,15.24,15.29,15.12,15.2,73559
2026-03-10,11:45:00,15.23,15.3,15.18,15.22,49660
2026-03-10,12:15:00,15.2,15.2,15.08,15.08,72088
2026-03-10,12:45:00,15.07,15.21,15.03,15.17,48080
2026-03-10,13:15:00,15.18,15.18,15.06,15.06,46784
2026-03-10,13:45:00,15.06,15.08,14.99,15.07,87773
2026-03-10,14:15:00,15.07,15.2,15.07,15.12,26840
2026-03-10,14:45:00,15.11,15.14,15.05,15.05,52436
2026-03-11,10:15:00,14.95,15.09,14.94,15.07,22868
2026-03-11,10:45:00,15.07,15.07,14.9,14.92,52688
2026-03-11,11:15:00,14.93,15.0,14.9,15.0,27095
2026-03-11,11:45:00,14.98,15.07,14.98,15.01,23649
2026-03-11,12:15:00,15.0,15.04,15.0,15.0,22776
2026-03-11,12:45:00,15.0,15.02,15.0,15.01,24731
2026-03-11,13:15:00,15.0,15.0,14.92,14.93,31586
2026-03-11,13:45:00,14.92,14.96,14.91,14.94,21265
2026-03-11,14:15:00,14.93,14.96,14.91,14.93,12962
2026-03-11,14:45:00,14.93,14.95,14.91,14.91,18451
2026-03-12,10:15:00,14.88,14.89,14.75,14.82,44935
2026-03-12,10:45:00,14.85,14.87,14.75,14.78,24347
2026-03-12,11:15:00,14.78,14.78,14.71,14.75,25598
2026-03-12,11:45:00,14.75,14.75,14.7,14.71,30047
2026-03-12,12:15:00,14.71,14.73,14.65,14.73,33411
2026-03-12,12:45:00,14.72,14.95,14.72,14.92,58408
2026-03-12,13:15:00,14.92,14.94,14.89,14.93,6940
2026-03-12,13:45:00,14.92,14.98,14.9,14.95,13554
2026-03-12,14:15:00,14.95,14.95,14.91,14.93,6257
2026-03-12,14:45:00,14.93,15.01,14.92,15.01,49423
2026-03-15,10:15:00,15.5,15.55,15.07,15.21,174232
2026-03-15,10:45:00,15.23,15.25,15.14,15.14,57574
2026-03-15,11:15:00,15.16,15.25,15.12,15.13,64477
2026-03-15,11:45:00,15.15,15.25,15.15,15.16,66325
2026-03-15,12:15:00,15.16,15.25,15.14,15.22,37935
2026-03-15,12:45:00,15.22,15.25,15.12,15.2,30893
2026-03-15,13:15:00,15.16,15.2,15.16,15.18,19446
2026-03-15,13:45:00,15.18,15.22,15.17,15.21,21092
2026-03-15,14:15:00,15.2,15.21,15.16,15.18,40793
2026-03-15,14:45:00,15.17,15.18,15.17,15.17,38154
2026-03-16,10:15:00,15.08,15.19,15.08,15.15,38655
2026-03-16,10:45:00,15.17,15.24,15.16,15.16,29904
2026-03-16,11:15:00,15.2,15.26,15.15,15.17,20535
2026-03-16,11:45:00,15.16,15.25,15.13,15.14,20889
2026-03-16,12:15:00,15.14,15.17,15.11,15.16,21193
2026-03-16,12:45:00,15.17,15.2,15.15,15.16,5786
2026-03-16,13:15:00,15.16,15.18,15.14,15.15,10512
2026-03-16,13:45:00,15.15,15.19,15.14,15.18,20017
2026-03-16,14:15:00,15.18,15.2,15.17,15.2,11271
2026-03-16,14:45:00,15.19,15.2,15.13,15.2,37176
2026-03-24,10:15:00,15.11,15.19,15.07,15.19,30896
2026-03-24,10:45:00,15.19,15.3,15.17,15.23,40122
2026-03-24,11:15:00,15.25,15.3,15.21,15.27,35916
2026-03-24,11:45:00,15.26,15.26,15.15,15.16,31178
2026-03-24,12:15:00,15.16,15.17,15.08,15.1,16871
2026-03-24,12:45:00,15.1,15.1,15.03,15.05,14504
2026-03-24,13:15:00,15.05,15.09,15.01,15.06,16964
2026-03-24,13:45:00,15.08,15.08,15.0,15.02,24598
2026-03-24,14:15:00,15.02,15.02,14.97,14.97,33449
2026-03-24,14:45:00,14.98,15.01,14.93,14.93,26800
2026-03-25,10:15:00,15.17,15.35,15.17,15.31,127257
2026-03-25,10:45:00,15.31,15.34,15.25,15.33,65251
2026-03-25,11:15:00,15.32,15.54,15.32,15.44,125092
2026-03-25,11:45:00,15.44,15.5,15.42,15.43,71179
2026-03-25,12:15:00,15.43,15.5,15.4,15.47,51652
2026-03-25,12:45:00,15.47,15.48,15.4,15.41,16567
2026-03-25,13:15:00,15.43,15.54,15.43,15.52,49253
2026-03-25,13:45:00,15.51,15.58,15.51,15.53,38334
2026-03-25,14:15:00,15.53,15.57,15.49,15.56,59227
2026-03-25,14:45:00,15.54,15.6,15.54,15.6,43879
2026-03-26,10:15:00,15.63,15.8,15.62,15.73,134426
2026-03-26,10:45:00,15.74,15.87,15.74,15.86,128370
2026-03-26,11:15:00,15.86,15.86,15.71,15.77,57689
2026-03-26,11:45:00,15.77,15.79,15.76,15.76,13974
2026-03-26,12:15:00,15.75,15.77,15.67,15.7,31097
2026-03-26,12:45:00,15.71,15.81,15.7,15.77,23949
2026-03-26,13:15:00,15.76,15.78,15.74,15.74,12079
2026-03-26,13:45:00,15.74,15.78,15.7,15.75,34626
2026-03-26,14:15:00,15.74,15.75,15.71,15.72,15491
2026-03-26,14:45:00,15.72,15.72,15.67,15.7,53785
2026-03-29,10:15:00,15.68,15.68,15.59,15.65,76119
2026-03-29,10:45:00,15.65,15.67,15.46,15.46,56113
2026-03-29,11:15:00,15.46,15.5,15.46,15.49,31869
2026-03-29,11:45:00,15.49,15.51,15.48,15.48,49387
2026-03-29,12:15:00,15.5,15.53,15.5,15.52,4563
2026-03-29,12:45:00,15.52,15.52,15.49,15.49,24733
2026-03-29,13:15:00,15.49,15.51,15.43,15.43,39553
2026-03-29,13:45:00,15.45,15.45,15.39,15.42,24212
2026-03-29,14:15:00,15.43,15.44,15.4,15.44,14041
2026-03-29,14:45:00,15.45,15.47,15.43,15.43,6464
2026-03-30,10:15:00,15.41,15.41,15.26,15.35,79520
2026-03-30,10:45:00,15.34,15.35,15.26,15.29,23518
2026-03-30,11:15:00,15.29,15.34,15.28,15.29,16753
2026-03-30,11:45:00,15.29,15.32,15.29,15.31,3938
2026-03-30,12:15:00,15.31,15.32,15.27,15.29,14049
2026-03-30,12:45:00,15.29,15.33,15.29,15.31,14708
2026-03-30,13:15:00,15.31,15.32,15.24,15.3,86018
2026-03-30,13:45:00,15.31,15.35,15.24,15.31,93291
2026-03-30,14:15:00,15.28,15.3,15.2,15.24,84604
2026-03-30,14:45:00,15.24,15.25,15.21,15.21,14042
2026-03-31,10:15:00,15.27,15.29,15.22,15.26,28308
2026-03-31,10:45:00,15.27,15.3,15.26,15.28,19784
2026-03-31,11:15:00,15.28,15.38,15.27,15.36,52135
2026-03-31,11:45:00,15.36,15.36,15.3,15.32,8917
2026-03-31,12:15:00,15.33,15.47,15.31,15.47,66793
2026-03-31,12:45:00,15.48,15.56,15.45,15.47,103002
2026-03-31,13:15:00,15.47,15.61,15.47,15.57,105311
2026-03-31,13:45:00,15.56,15.58,15.46,15.55,82937
2026-03-31,14:15:00,15.53,15.54,15.47,15.5,57851
2026-03-31,14:45:00,15.5,15.5,15.47,15.47,32603
2026-04-01,10:15:00,15.76,16.05,15.7,16.03,264326
2026-04-01,10:45:00,16.03,16.82,15.96,16.47,790100
2026-04-01,11:15:00,16.44,16.52,16.34,16.51,253510
2026-04-01,11:45:00,16.52,16.53,16.31,16.46,227767
2026-04-01,12:15:00,16.5,16.55,16.41,16.48,113787
2026-04-01,12:45:00,16.5,16.52,16.45,16.49,62008
2026-04-01,13:15:00,16.47,16.68,16.45,16.68,184794
2026-04-01,13:45:00,16.65,17.01,16.63,17.0,890831
2026-04-01,14:15:00,17.0,17.01,16.64,16.77,285977
2026-04-01,14:45:00,16.77,17.01,16.77,16.84,538279
2026-04-02,10:15:00,16.54,16.75,16.53,16.7,108389
2026-04-02,10:45:00,16.67,16.7,16.61,16.61,43753
2026-04-02,11:15:00,16.6,16.9,16.6,16.81,177125
2026-04-02,11:45:00,16.81,17.78,16.72,17.59,424087
2026-04-02,12:15:00,17.55,17.61,17.25,17.36,438970
2026-04-02,12:45:00,17.35,17.4,17.23,17.28,196215
2026-04-02,13:15:00,17.28,17.35,17.03,17.03,168084
2026-04-02,13:45:00,17.03,17.1,16.85,16.92,172226
2026-04-02,14:15:00,16.92,17.0,16.85,16.9,106521
2026-04-02,14:45:00,16.9,16.95,16.84,16.84,62072
2026-04-05,10:15:00,17.19,17.32,17.0,17.18,193830
2026-04-05,10:45:00,17.18,17.19,17.06,17.16,171202
2026-04-05,11:15:00,17.15,17.15,16.94,17.08,141891
2026-04-05,11:45:00,17.08,17.16,17.0,17.11,58070
2026-04-05,12:15:00,17.11,17.3,17.04,17.22,125558
2026-04-05,12:45:00,17.21,17.37,17.13,17.35,80245
2026-04-05,13:15:00,17.34,17.38,17.21,17.24,143316
2026-04-05,13:45:00,17.24,17.79,17.23,17.73,401047
2026-04-05,14:15:00,17.7,18.3,17.68,17.98,1017001
2026-04-05,14:45:00,17.98,18.04,17.72,17.86,254499
2026-04-06,10:15:00,17.81,17.86,17.69,17.77,161928
2026-04-06,10:45:00,17.77,17.83,17.55,17.61,149142
2026-04-06,11:15:00,17.63,17.69,17.55,17.69,70624
2026-04-06,11:45:00,17.69,17.69,17.59,17.59,37827
2026-04-06,12:15:00,17.59,17.59,17.36,17.43,162726
2026-04-06,12:45:00,17.42,17.49,17.36,17.45,100300
2026-04-06,13:15:00,17.46,17.46,17.34,17.46,78734
2026-04-06,13:45:00,17.45,17.49,17.34,17.36,51954
2026-04-06,14:15:00,17.35,17.44,17.35,17.38,39752
2026-04-06,14:45:00,17.38,17.41,17.33,17.33,49442
2026-04-07,10:15:00,17.39,17.4,17.04,17.04,91686
2026-04-07,10:45:00,17.06,17.12,16.95,16.95,77166
2026-04-07,11:15:00,16.96,16.96,16.84,16.88,104575
2026-04-07,11:45:00,16.88,17.0,16.86,17.0,57383
2026-04-07,12:15:00,16.99,17.04,16.94,17.01,69071
2026-04-07,12:45:00,17.04,17.05,16.9,16.97,46737
2026-04-07,13:15:00,16.96,17.07,16.93,16.98,44705
2026-04-07,13:45:00,16.98,16.98,16.85,16.86,73434
2026-04-07,14:15:00,16.86,16.92,16.84,16.91,54128
2026-04-07,14:45:00,16.91,16.93,16.83,16.85,43235
2026-04-08,10:15:00,17.4,17.5,17.37,17.38,124081
2026-04-08,10:45:00,17.41,17.48,17.35,17.4,38029
2026-04-08,11:15:00,17.4,17.43,17.37,17.39,35522
2026-04-08,11:45:00,17.39,17.45,17.37,17.43,39807
2026-04-08,12:15:00,17.44,17.5,17.4,17.49,71664
2026-04-08,12:45:00,17.48,17.48,17.35,17.35,59329
2026-04-08,13:15:00,17.35,17.38,17.32,17.37,45394
2026-04-08,13:45:00,17.38,17.42,17.33,17.38,41457
2026-04-08,14:15:00,17.38,17.41,17.34,17.38,34358
2026-04-08,14:45:00,17.38,17.39,17.31,17.31,47583
2026-04-09,10:15:00,17.22,17.7,17.16,17.7,238407
2026-04-09,10:45:00,17.68,18.15,17.68,17.87,576185
2026-04-09,11:15:00,17.87,17.88,17.5,17.54,228932
2026-04-09,11:45:00,17.53,17.68,17.5,17.67,54086
2026-04-09,12:15:00,17.64,17.64,17.46,17.5,46887
2026-04-09,12:45:00,17.47,17.67,17.32,17.65,136955
2026-04-09,13:15:00,17.66,18.0,17.64,17.79,265304
2026-04-09,13:45:00,17.79,17.8,17.52,17.52,73687
2026-04-09,14:15:00,17.58,17.59,17.45,17.45,63089
2026-04-09,14:45:00,17.45,17.62,17.45,17.5,52224
2026-04-12,10:15:00,17.55,17.74,17.52,17.6,54510
2026-04-12,10:45:00,17.62,17.65,17.59,17.59,39304
2026-04-12,11:15:00,17.58,17.64,17.4,17.42,85972
2026-04-12,11:45:00,17.42,17.59,17.4,17.56,42254
2026-04-12,12:15:00,17.57,17.57,17.45,17.48,20032
2026-04-12,12:45:00,17.48,17.5,17.39,17.49,38835
2026-04-12,13:15:00,17.49,17.49,17.4,17.46,12104
2026-04-12,13:45:00,17.44,17.45,17.4,17.4,11682
2026-04-12,14:15:00,17.41,17.41,17.34,17.34,23031
2026-04-12,14:45:00,17.34,17.39,17.33,17.35,33439
2026-04-13,10:15:00,17.23,17.41,17.22,17.24,69556
2026-04-13,10:45:00,17.23,17.25,17.15,17.16,32195
2026-04-13,11:15:00,17.16,17.21,17.13,17.21,41865
2026-04-13,11:45:00,17.2,17.21,17.09,17.21,55129
2026-04-13,12:15:00,17.21,17.32,17.17,17.27,42912
2026-04-13,12:45:00,17.28,17.28,17.19,17.19,28507
2026-04-13,13:15:00,17.2,17.25,17.19,17.25,22207
2026-04-13,13:45:00,17.24,17.24,17.18,17.19,20965
2026-04-13,14:15:00,17.19,17.21,17.16,17.17,47238
2026-04-13,14:45:00,17.18,17.22,17.17,17.2,41087
2026-04-14,10:15:00,17.47,17.52,17.38,17.45,122230
2026-04-14,10:45:00,17.48,17.55,17.43,17.44,88605
2026-04-14,11:15:00,17.44,17.5,17.41,17.44,57700
2026-04-14,11:45:00,17.44,17.52,17.43,17.45,43696
2026-04-14,12:15:00,17.47,17.48,17.41,17.43,34233
2026-04-14,12:45:00,17.44,17.44,17.38,17.42,47924
2026-04-14,13:15:00,17.42,17.42,17.32,17.32,76088
2026-04-14,13:45:00,17.32,17.36,17.29,17.32,88407
2026-04-14,14:15:00,17.32,17.52,17.3,17.48,81548
2026-04-14,14:45:00,17.47,17.49,17.41,17.45,67704
2026-04-15,10:15:00,17.54,17.6,17.42,17.49,105003
2026-04-15,10:45:00,17.49,17.53,17.46,17.48,84805
2026-04-15,11:15:00,17.47,17.51,17.46,17.49,46529
2026-04-15,11:45:00,17.49,17.58,17.47,17.56,100385
2026-04-15,12:15:00,17.55,17.63,17.51,17.61,84233
2026-04-15,12:45:00,17.61,17.75,17.6,17.6,137802
2026-04-15,13:15:00,17.61,17.61,17.48,17.53,89428
2026-04-15,13:45:00,17.52,17.58,17.46,17.46,52491
2026-04-15,14:15:00,17.46,17.49,17.4,17.43,135606
2026-04-15,14:45:00,17.43,17.46,17.43,17.43,24746
2026-04-16,10:15:00,17.58,17.7,17.5,17.66,110747
2026-04-16,10:45:00,17.66,17.66,17.45,17.49,100908
2026-04-16,11:15:00,17.49,17.5,17.45,17.46,42377
2026-04-16,11:45:00,17.47,17.51,17.43,17.43,63660
2026-04-16,12:15:00,17.42,17.46,17.41,17.44,49387
2026-04-16,12:45:00,17.44,17.46,17.42,17.46,55955
2026-04-16,13:15:00,17.45,17.46,17.43,17.43,30054
2026-04-16,13:45:00,17.44,17.44,17.4,17.41,81523
2026-04-16,14:15:00,17.41,17.45,17.41,17.44,25970
2026-04-16,14:45:00,17.43,17.43,17.4,17.41,51947
2026-04-19,10:15:00,17.6,17.66,17.51,17.63,90459
2026-04-19,10:45:00,17.63,17.71,17.62,17.64,135046
2026-04-19,11:15:00,17.64,17.69,17.56,17.58,85307
2026-04-19,11:45:00,17.6,17.62,17.5,17.52,50732
2026-04-19,12:15:00,17.54,17.54,17.45,17.47,91489
2026-04-19,12:45:00,17.47,17.5,17.44,17.48,30376
2026-04-19,13:15:00,17.49,17.51,17.44,17.45,30183
2026-04-19,13:45:00,17.44,17.47,17.42,17.43,42260
2026-04-19,14:15:00,17.43,17.44,17.39,17.4,31590
2026-04-19,14:45:00,17.41,17.43,17.4,17.43,39261
2026-04-20,10:15:00,17.22,17.24,17.15,17.22,68611
2026-04-20,10:45:00,17.22,17.24,17.06,17.06,51524
2026-04-20,11:15:00,17.05,17.08,16.94,16.99,83401
2026-04-20,11:45:00,16.99,17.05,16.99,17.03,77702
2026-04-20,12:15:00,17.04,17.1,17.0,17.05,45582
2026-04-20,12:45:00,17.05,17.08,16.93,16.98,79948
2026-04-20,13:15:00,16.97,16.99,16.88,16.88,105894
2026-04-20,13:45:00,16.88,16.9,16.72,16.75,114088
2026-04-20,14:15:00,16.72,16.8,16.68,16.74,124508
2026-04-20,14:45:00,16.73,16.8,16.69,16.69,88206
2026-04-21,10:15:00,16.78,16.79,16.65,16.67,95961
2026-04-21,10:45:00,16.67,16.7,16.58,16.59,42391
2026-04-21,11:15:00,16.59,16.6,16.58,16.59,33408
2026-04-21,11:45:00,16.59,16.6,16.58,16.59,39638
2026-04-21,12:15:00,16.59,16.6,16.56,16.58,14067
2026-04-21,12:45:00,16.58,16.65,16.56,16.65,10372
2026-04-21,13:15:00,16.65,16.65,16.62,16.62,8121
2026-04-21,13:45:00,16.63,16.63,16.53,16.53,28789
2026-04-21,14:15:00,16.52,16.59,16.52,16.58,5519
2026-04-21,14:45:00,16.58,16.59,16.53,16.54,24030
2026-04-22,10:15:00,16.53,16.54,16.43,16.48,52265
2026-04-22,10:45:00,16.47,16.55,16.43,16.43,71154
2026-04-22,11:15:00,16.44,16.44,16.27,16.3,60218
2026-04-22,11:45:00,16.28,16.3,16.19,16.23,157596
2026-04-22,12:15:00,16.25,16.27,16.24,16.27,16533
2026-04-22,12:45:00,16.27,16.3,16.26,16.28,29075
2026-04-22,13:15:00,16.29,16.35,16.24,16.34,32650
2026-04-22,13:45:00,16.31,16.34,16.28,16.31,11586
2026-04-22,14:15:00,16.3,16.3,16.25,16.28,14751
2026-04-22,14:45:00,16.28,16.29,16.22,16.25,22817
2026-04-23,10:15:00,16.15,16.23,16.11,16.18,28893
2026-04-23,10:45:00,16.18,16.22,16.17,16.21,12505
2026-04-23,11:15:00,16.21,16.21,16.01,16.12,73222
2026-04-23,11:45:00,16.12,16.18,16.11,16.15,15775
2026-04-23,12:15:00,16.14,16.16,16.13,16.15,17614
2026-04-23,12:45:00,16.15,16.21,16.15,16.18,19186
2026-04-23,13:15:00,16.16,16.2,16.13,16.13,29622
2026-04-23,13:45:00,16.13,16.14,16.1,16.12,12571
2026-04-23,14:15:00,16.12,16.15,16.1,16.13,28523
2026-04-23,14:45:00,16.13,16.19,16.1,16.19,19954
2026-04-26,10:15:00,16.25,16.37,16.2,16.23,24471
2026-04-26,10:45:00,16.24,16.25,16.15,16.18,18436
2026-04-26,11:15:00,16.19,16.2,16.14,16.15,14968
2026-04-26,11:45:00,16.13,16.14,16.1,16.13,17153
2026-04-26,12:15:00,16.12,16.14,16.03,16.1,44494
2026-04-26,12:45:00,16.11,16.16,16.1,16.15,13977
2026-04-26,13:15:00,16.15,16.26,16.12,16.12,27485
2026-04-26,13:45:00,16.13,16.16,16.09,16.09,6127
2026-04-26,14:15:00,16.11,16.13,16.05,16.09,9726
2026-04-26,14:45:00,16.08,16.14,16.06,16.09,7555
2026-04-27,10:15:00,16.1,16.22,16.07,16.21,42088
2026-04-27,10:45:00,16.19,16.22,16.16,16.22,12103
2026-04-27,11:15:00,16.21,16.25,16.16,16.16,17193
2026-04-27,11:45:00,16.19,16.44,16.15,16.27,142919
2026-04-27,12:15:00,16.25,16.28,16.18,16.21,43456
2026-04-27,12:45:00,16.21,16.26,16.19,16.23,23381
2026-04-27,13:15:00,16.25,16.25,16.19,16.24,28486
2026-04-27,13:45:00,16.22,16.25,16.19,16.2,42685
2026-04-27,14:15:00,16.2,16.23,16.18,16.18,52726
2026-04-27,14:45:00,16.18,16.2,16.16,16.16,49898
2026-04-28,10:15:00,16.13,16.13,16.0,16.05,108012
2026-04-28,10:45:00,16.04,16.13,16.0,16.09,44179
2026-04-28,11:15:00,16.07,16.1,16.06,16.08,18759
2026-04-28,11:45:00,16.08,16.1,16.07,16.1,11937
2026-04-28,12:15:00,16.07,16.12,16.07,16.09,7242
2026-04-28,12:45:00,16.08,16.1,16.06,16.1,13477
2026-04-28,13:15:00,16.1,16.17,16.08,16.13,28938
2026-04-28,13:45:00,16.14,16.16,16.08,16.11,36180
2026-04-28,14:15:00,16.12,16.12,16.08,16.1,6539
2026-04-28,14:45:00,16.1,16.11,16.08,16.09,33419
2026-04-29,10:00:00,16.07,16.15,16.0,16.06,52994
2026-04-29,10:30:00,16.06,16.12,16.01,16.09,45067
2026-04-29,11:00:00,16.1,16.13,16.09,16.13,25787
2026-04-29,11:30:00,16.11,16.13,16.1,16.1,13354
2026-04-29,12:00:00,16.1,16.12,16.06,16.09,34432
2026-04-29,12:30:00,16.09,16.13,16.07,16.13,24646
2026-04-29,13:00:00,16.13,16.18,16.11,16.16,31836
2026-04-29,13:30:00,16.16,16.17,16.12,16.16,17211
2026-04-29,14:00:00,16.16,16.27,16.14,16.22,144401
2026-04-29,14:30:00,16.21,16.28,16.2,16.26,100728
2026-04-29,15:00:00,16.26,16.26,16.26,16.26,39164
2026-04-30,10:00:00,16.3,16.3,16.16,16.18,98736
2026-04-30,10:30:00,16.18,16.25,16.13,16.21,46471
2026-04-30,11:00:00,16.21,16.25,16.18,16.24,26785
2026-04-30,11:30:00,16.23,16.24,16.22,16.23,9028
2026-04-30,12:00:00,16.24,16.24,16.13,16.17,46926
2026-04-30,12:30:00,16.17,16.2,16.16,16.18,6978
2026-04-30,13:00:00,16.19,16.19,16.1,16.11,42459
2026-04-30,13:30:00,16.12,16.14,16.11,16.12,26088
2026-04-30,14:00:00,16.12,16.16,16.1,16.14,51155
2026-04-30,14:30:00,16.14,16.17,16.11,16.13,60971
2026-05-03,10:15:00,16.28,16.39,16.27,16.33,80726
2026-05-03,10:45:00,16.31,16.48,16.29,16.39,111900
2026-05-03,11:15:00,16.4,16.48,16.39,16.39,75974
2026-05-03,11:45:00,16.39,16.39,16.29,16.3,54416
2026-05-03,12:15:00,16.28,16.29,16.23,16.26,26305
2026-05-03,12:45:00,16.28,16.28,16.23,16.24,13385
2026-05-03,13:15:00,16.24,16.28,16.21,16.28,34386
2026-05-03,13:45:00,16.26,16.32,16.26,16.28,12547
2026-05-03,14:15:00,16.29,16.31,16.28,16.29,14607
2026-05-03,14:45:00,16.29,16.29,16.25,16.25,18293
2026-05-04,10:15:00,16.27,16.4,16.24,16.25,41484
2026-05-04,10:45:00,16.25,16.27,16.23,16.27,9535
2026-05-04,11:15:00,16.27,16.3,16.27,16.3,12207
2026-05-04,11:45:00,16.3,16.33,16.29,16.29,33875
2026-05-04,12:15:00,16.28,16.3,16.25,16.27,26115
2026-05-04,12:45:00,16.27,16.29,16.23,16.25,8578
2026-05-04,13:15:00,16.25,16.36,16.25,16.31,51488
2026-05-04,13:45:00,16.31,16.31,16.23,16.23,18121
2026-05-04,14:15:00,16.22,16.25,16.2,16.23,33946
2026-05-04,14:45:00,16.21,16.27,16.21,16.23,11663
2026-05-05,10:15:00,15.94,16.08,15.94,15.95,60911
2026-05-05,10:45:00,15.94,15.94,15.77,15.91,73956
2026-05-05,11:15:00,15.91,15.93,15.88,15.88,18768
2026-05-05,11:45:00,15.89,15.9,15.82,15.9,14531
2026-05-05,12:15:00,15.9,15.94,15.89,15.9,11018
2026-05-05,12:45:00,15.91,15.97,15.9,15.96,22648
2026-05-05,13:15:00,15.96,15.97,15.9,15.9,15420
2026-05-05,13:45:00,15.92,15.94,15.88,15.89,19641
2026-05-05,14:15:00,15.89,15.89,15.82,15.83,45168
2026-05-05,14:45:00,15.83,15.84,15.75,15.8,50246
2026-05-06,10:15:00,16.0,16.1,15.99,16.04,72267
2026-05-06,10:45:00,16.04,16.2,15.98,16.0,123125
2026-05-06,11:15:00,16.01,16.08,15.98,16.02,70666
2026-05-06,11:45:00,16.02,16.13,16.02,16.07,42369
2026-05-06,12:15:00,16.07,16.1,16.0,16.05,23531
2026-05-06,12:45:00,16.05,16.06,16.01,16.03,19850
2026-05-06,13:15:00,16.03,16.11,16.03,16.11,30266
2026-05-06,13:45:00,16.11,16.26,16.1,16.1,113496
2026-05-06,14:15:00,16.12,16.13,16.02,16.03,49960
2026-05-06,14:45:00,16.03,16.13,16.03,16.11,54284
2026-05-07,10:15:00,16.09,16.12,16.0,16.02,80113
2026-05-07,10:45:00,16.01,16.02,15.99,16.01,28739
2026-05-07,11:15:00,16.01,16.1,16.0,16.08,25347
2026-05-07,11:45:00,16.06,16.2,16.06,16.16,34964
2026-05-07,12:15:00,16.16,16.46,16.13,16.45,158689
2026-05-07,12:45:00,16.45,16.47,16.2,16.25,127096
2026-05-07,13:15:00,16.25,16.28,16.2,16.24,47506
2026-05-07,13:45:00,16.25,16.28,16.22,16.24,27616
2026-05-07,14:15:00,16.23,16.29,16.22,16.25,25032
2026-05-07,14:45:00,16.26,16.32,16.19,16.19,47204
2026-05-10,10:15:00,15.31,15.5,15.15,15.47,188383
2026-05-10,10:45:00,15.48,15.57,15.34,15.39,88623
2026-05-10,11:15:00,15.39,15.52,15.37,15.5,36268
2026-05-10,11:45:00,15.49,15.51,15.37,15.42,78520
2026-05-10,12:15:00,15.42,15.42,15.28,15.3,75357
2026-05-10,12:45:00,15.31,15.33,15.23,15.3,98771
2026-05-10,13:15:00,15.31,15.41,15.3,15.34,116970
2026-05-10,13:45:00,15.34,15.4,15.26,15.28,94032
2026-05-10,14:15:00,15.3,15.33,15.27,15.33,39223
2026-05-10,14:45:00,15.32,15.33,15.31,15.32,46884
2026-05-11,10:15:00,15.27,15.34,15.25,15.31,53175
2026-05-11,10:45:00,15.31,15.45,15.3,15.38,63387
2026-05-11,11:15:00,15.39,15.53,15.39,15.46,126520
2026-05-11,11:45:00,15.45,15.72,15.44,15.63,233709
2026-05-11,12:15:00,15.64,15.7,15.6,15.7,51198
2026-05-11,12:45:00,15.69,15.7,15.6,15.7,64618
2026-05-11,13:15:00,15.68,15.77,15.64,15.73,43854
2026-05-11,13:45:00,15.73,15.8,15.7,15.78,79320
2026-05-11,14:15:00,15.78,15.84,15.62,15.77,71392
2026-05-11,14:45:00,15.77,15.98,15.76,15.88,121061
2026-05-12,10:15:00,15.77,15.87,15.7,15.83,102705
2026-05-12,10:45:00,15.85,15.91,15.82,15.89,30981
2026-05-12,11:15:00,15.9,15.94,15.88,15.88,30921
2026-05-12,11:45:00,15.88,15.9,15.83,15.84,11753
2026-05-12,12:15:00,15.83,15.83,15.78,15.78,34562
2026-05-12,12:45:00,15.78,15.78,15.71,15.72,15890
2026-05-12,13:15:00,15.72,15.73,15.62,15.65,55172
2026-05-12,13:45:00,15.63,15.66,15.61,15.61,33241
2026-05-12,14:15:00,15.61,15.62,15.57,15.6,25963
2026-05-12,14:45:00,15.61,15.62,15.58,15.59,33307
2026-05-13,10:15:00,15.53,15.56,15.4,15.4,32004
2026-05-13,10:45:00,15.41,15.51,15.39,15.45,26077
2026-05-13,11:15:00,15.45,15.46,15.4,15.45,28487
2026-05-13,11:45:00,15.45,15.5,15.42,15.49,10983
2026-05-13,12:15:00,15.49,15.52,15.45,15.46,14398
2026-05-13,12:45:00,15.46,15.47,15.43,15.43,17912
2026-05-13,13:15:00,15.42,15.44,15.39,15.44,40379
2026-05-13,13:45:00,15.44,15.44,15.36,15.42,21357
2026-05-13,14:15:00,15.42,15.42,15.37,15.4,15402
2026-05-13,14:45:00,15.41,15.45,15.38,15.38,18515
2026-05-14,10:15:00,15.54,15.68,15.54,15.54,49168
2026-05-14,10:45:00,15.54,15.58,15.51,15.54,29730
2026-05-14,11:15:00,15.55,15.58,15.47,15.47,38012
2026-05-14,11:45:00,15.47,15.49,15.4,15.44,60076
2026-05-14,12:15:00,15.45,15.45,15.39,15.43,22903
2026-05-14,12:45:00,15.43,15.43,15.36,15.39,20136
2026-05-14,13:15:00,15.38,15.4,15.26,15.35,66223
2026-05-14,13:45:00,15.35,15.37,15.32,15.34,6072
2026-05-14,14:15:00,15.33,15.37,15.29,15.33,30231
2026-05-14,14:45:00,15.34,15.35,15.24,15.28,46032
2026-05-17,10:15:00,15.18,15.2,15.14,15.16,26214
2026-05-17,10:45:00,15.16,15.18,15.07,15.15,26454
2026-05-17,11:15:00,15.16,15.17,15.12,15.16,19179
2026-05-17,11:45:00,15.17,15.3,15.16,15.3,22234
2026-05-17,12:15:00,15.29,15.3,15.25,15.28,3299
2026-05-17,12:45:00,15.29,15.29,15.24,15.25,13281
2026-05-17,13:15:00,15.25,15.3,15.25,15.27,6450
2026-05-17,13:45:00,15.26,15.29,15.24,15.28,17246
2026-05-17,14:15:00,15.28,15.33,15.25,15.33,16776
2026-05-17,14:45:00,15.32,15.32,15.19,15.2,32243
2026-05-18,10:15:00,15.13,15.19,15.13,15.17,6616
2026-05-18,10:45:00,15.18,15.28,15.15,15.2,26764
2026-05-18,11:15:00,15.2,15.21,15.14,15.16,31528
2026-05-18,11:45:00,15.15,15.16,15.11,15.11,8733
2026-05-18,12:15:00,15.11,15.13,15.1,15.11,11304
2026-05-18,12:45:00,15.11,15.13,15.09,15.12,13966
2026-05-18,13:15:00,15.14,15.15,15.11,15.13,11635
2026-05-18,13:45:00,15.12,15.12,15.07,15.08,45774
2026-05-18,14:15:00,15.1,15.14,15.08,15.13,23769
2026-05-18,14:45:00,15.13,15.19,15.1,15.1,41325
2026-05-19,10:00:00,15.11,15.31,15.11,15.27,32425
2026-05-19,10:30:00,15.27,15.4,15.27,15.34,53065
2026-05-19,11:00:00,15.34,15.39,15.28,15.29,55516
2026-05-19,11:30:00,15.29,15.3,15.22,15.25,28180
2026-05-19,12:00:00,15.25,15.28,15.24,15.26,21759
2026-05-19,12:30:00,15.28,15.28,15.19,15.23,56411
2026-05-19,13:00:00,15.23,15.3,15.22,15.24,30619
2026-05-19,13:30:00,15.25,15.28,15.23,15.23,14200
2026-05-19,14:00:00,15.23,15.25,15.18,15.2,29163
2026-05-19,14:30:00,15.22,15.22,15.14,15.14,31618
2026-05-19,15:00:00,15.14,15.14,15.14,15.14,5985
2026-05-20,10:00:00,15.15,15.21,15.08,15.09,86237
2026-05-20,10:30:00,15.08,15.17,15.04,15.14,58089
2026-05-20,11:00:00,15.14,15.19,15.13,15.16,25253
2026-05-20,11:30:00,15.17,15.17,15.11,15.14,12811
2026-05-20,12:00:00,15.16,15.17,15.11,15.16,5898
2026-05-20,12:30:00,15.17,15.2,15.16,15.19,35226
2026-05-20,13:00:00,15.19,15.22,15.18,15.21,15890
2026-05-20,13:30:00,15.21,15.24,15.21,15.23,9932
2026-05-20,14:00:00,15.22,15.32,15.22,15.27,52790
2026-05-20,14:30:00,15.26,15.3,15.21,15.28,31214
2026-05-21,10:15:00,15.23,15.31,15.18,15.28,17024
2026-05-21,10:45:00,15.29,15.38,15.27,15.3,47689
2026-05-21,11:15:00,15.33,15.33,15.23,15.26,20266
2026-05-21,11:45:00,15.27,15.33,15.27,15.32,18230
2026-05-21,12:15:00,15.31,15.33,15.29,15.3,13269
2026-05-21,12:45:00,15.3,15.35,15.29,15.3,21166
2026-05-21,13:15:00,15.32,15.36,15.32,15.32,10995
2026-05-21,13:45:00,15.32,15.35,15.28,15.28,21475
2026-05-21,14:15:00,15.28,15.4,15.25,15.27,38119
2026-05-21,14:45:00,15.26,15.27,15.0,15.0,222604
2026-05-31,10:15:00,15.23,15.39,15.22,15.35,49176
2026-05-31,10:45:00,15.36,15.51,15.3,15.5,100232
2026-05-31,11:15:00,15.51,15.64,15.5,15.6,76900
2026-05-31,11:45:00,15.62,15.63,15.55,15.55,26688
2026-05-31,12:15:00,15.55,15.63,15.55,15.58,25020
2026-05-31,12:45:00,15.57,15.6,15.56,15.58,11281
2026-05-31,13:15:00,15.59,15.6,15.57,15.57,7738
2026-05-31,13:45:00,15.58,15.59,15.55,15.56,10666
2026-05-31,14:15:00,15.56,15.66,15.56,15.66,40455
2026-05-31,14:45:00,15.67,15.68,15.64,15.66,50900
2026-06-01,10:15:00,15.66,15.75,15.65,15.7,62731
2026-06-01,10:45:00,15.68,15.8,15.66,15.72,85246
2026-06-01,11:15:00,15.72,15.81,15.63,15.7,108270
2026-06-01,11:45:00,15.74,15.8,15.68,15.68,34731
2026-06-01,12:15:00,15.69,15.75,15.66,15.74,26526
2026-06-01,12:45:00,15.73,15.73,15.66,15.67,24674
2026-06-01,13:15:00,15.68,15.82,15.68,15.77,60309
2026-06-01,13:45:00,15.77,15.78,15.73,15.73,11731
2026-06-01,14:15:00,15.73,15.81,15.71,15.81,20741
2026-06-01,14:45:00,15.8,15.82,15.79,15.8,50181
2026-06-02,10:00:00,15.8,15.86,15.69,15.7,52728
2026-06-02,10:30:00,15.7,15.71,15.67,15.71,46405
2026-06-02,11:00:00,15.71,15.71,15.68,15.69,37087
2026-06-02,11:30:00,15.7,15.73,15.68,15.68,45858
2026-06-02,12:00:00,15.69,15.69,15.6,15.65,35503
2026-06-02,12:30:00,15.65,15.65,15.56,15.58,42119
2026-06-02,13:00:00,15.57,15.61,15.56,15.6,12429
2026-06-02,13:30:00,15.59,15.62,15.56,15.61,24712
2026-06-02,14:00:00,15.61,15.68,15.61,15.65,37586
2026-06-02,14:30:00,15.64,15.71,15.6,15.71,27135
2026-06-03,10:15:00,15.62,15.7,15.61,15.66,21313
2026-06-03,10:45:00,15.62,15.66,15.61,15.64,8400
2026-06-03,11:15:00,15.64,15.66,15.5,15.55,44416
2026-06-03,11:45:00,15.55,15.56,15.45,15.46,20028
2026-06-03,12:15:00,15.44,15.47,15.43,15.43,22929
2026-06-03,12:45:00,15.43,15.46,15.42,15.43,6699
2026-06-03,13:15:00,15.45,15.5,15.45,15.5,6040
2026-06-03,13:45:00,15.5,15.54,15.48,15.51,7217
2026-06-03,14:15:00,15.52,15.52,15.47,15.5,15236
2026-06-03,14:45:00,15.5,15.5,15.4,15.44,61745
2026-06-04,10:00:00,15.43,15.43,15.3,15.36,43016
2026-06-04,10:30:00,15.38,15.4,15.32,15.37,10861
2026-06-04,11:00:00,15.37,15.4,15.31,15.33,12071
2026-06-04,11:30:00,15.33,15.35,15.3,15.32,20874
2026-06-04,12:00:00,15.33,15.36,15.32,15.34,7387
2026-06-04,12:30:00,15.34,15.41,15.33,15.4,9492
2026-06-04,13:00:00,15.41,15.43,15.38,15.4,9094
2026-06-04,13:30:00,15.4,15.48,15.39,15.43,25644
2026-06-04,14:00:00,15.43,15.45,15.39,15.44,10959
2026-06-04,14:30:00,15.44,15.44,15.2,15.29,96735
2026-06-04,15:00:00,15.29,15.29,15.29,15.29,17248
2026-06-07,10:00:00,15.55,16.14,15.51,16.0,712407
2026-06-07,10:30:00,16.0,16.03,15.73,15.75,135333
2026-06-07,11:00:00,15.74,16.6,15.74,16.25,589008
2026-06-07,11:30:00,16.25,16.31,16.05,16.29,177484
2026-06-07,12:00:00,16.29,16.3,16.14,16.14,110904
2026-06-07,12:30:00,16.13,16.2,16.07,16.2,66282
2026-06-07,13:00:00,16.19,16.36,16.1,16.31,162815
2026-06-07,13:30:00,16.33,16.33,16.25,16.3,55596
2026-06-07,14:00:00,16.29,16.29,16.0,16.11,80853
2026-06-07,14:30:00,16.1,16.26,16.0,16.03,128076
2026-06-07,15:00:00,16.0,16.0,16.0,16.0,13253
2026-06-08,10:00:00,16.0,16.0,15.66,15.69,182773
2026-06-08,10:30:00,15.69,15.77,15.65,15.67,173344
2026-06-08,11:00:00,15.68,15.7,15.61,15.63,60122
2026-06-08,11:30:00,15.63,15.79,15.6,15.66,85583
2026-06-08,12:00:00,15.66,15.67,15.49,15.49,74001
2026-06-08,12:30:00,15.48,15.62,15.47,15.6,40338
2026-06-08,13:00:00,15.57,15.64,15.55,15.64,24063
2026-06-08,13:30:00,15.63,15.64,15.53,15.54,29742
2026-06-08,14:00:00,15.55,15.64,15.54,15.64,30097
2026-06-08,14:30:00,15.64,15.67,15.6,15.67,25158
2026-06-08,15:00:00,15.64,15.64,15.64,15.64,3283
2026-06-09,10:00:00,15.64,15.81,15.64,15.81,94728
2026-06-09,10:30:00,15.81,15.82,15.74,15.75,73119
2026-06-09,11:00:00,15.75,15.82,15.75,15.81,44450
2026-06-09,11:30:00,15.81,15.84,15.75,15.83,60831
2026-06-09,12:00:00,15.85,15.91,15.8,15.85,47950
2026-06-09,12:30:00,15.85,15.88,15.8,15.81,49893
2026-06-09,13:00:00,15.8,15.85,15.76,15.81,25798
2026-06-09,13:30:00,15.83,15.83,15.76,15.79,22214
2026-06-09,14:00:00,15.79,15.8,15.74,15.79,43102
2026-06-09,14:30:00,15.77,15.78,15.72,15.73,18395
2026-06-09,15:00:00,15.72,15.72,15.72,15.72,15094
2026-06-10,10:00:00,15.77,15.83,15.72,15.72,49586
2026-06-10,10:30:00,15.71,15.73,15.67,15.69,48411
2026-06-10,11:00:00,15.68,15.71,15.67,15.69,24556
2026-06-10,11:30:00,15.7,15.7,15.67,15.67,24279
2026-06-10,12:00:00,15.67,15.7,15.66,15.67,47177
2026-06-10,12:30:00,15.67,15.67,15.63,15.63,31784
2026-06-10,13:00:00,15.63,15.65,15.62,15.62,13251
2026-06-10,13:30:00,15.62,15.64,15.56,15.56,25163
2026-06-10,14:00:00,15.57,15.58,15.47,15.55,80811
2026-06-10,14:30:00,15.58,15.6,15.51,15.51,30815
2026-06-11,10:15:00,15.56,15.57,15.46,15.5,11534
2026-06-11,10:45:00,15.49,15.51,15.46,15.46,13748
2026-06-11,11:15:00,15.46,15.47,15.43,15.45,20757
2026-06-11,11:45:00,15.47,15.49,15.46,15.47,19506
2026-06-11,12:15:00,15.47,15.48,15.46,15.48,11093
2026-06-11,12:45:00,15.49,15.49,15.44,15.48,18892
2026-06-11,13:15:00,15.49,15.49,15.43,15.45,12235
2026-06-11,13:45:00,15.48,15.49,15.45,15.46,27059
2026-06-11,14:15:00,15.49,15.51,15.47,15.49,17296
2026-06-11,14:45:00,15.49,15.53,15.49,15.53,19402
2026-06-14,10:15:00,15.7,15.75,15.67,15.72,113236
2026-06-14,10:45:00,15.72,15.74,15.68,15.72,34925
2026-06-14,11:15:00,15.72,15.72,15.7,15.71,15401
2026-06-14,11:45:00,15.7,15.72,15.63,15.66,23269
2026-06-14,12:15:00,15.66,15.69,15.65,15.68,10424
2026-06-14,12:45:00,15.69,15.7,15.64,15.67,34009
2026-06-14,13:15:00,15.67,15.71,15.67,15.7,19355
2026-06-14,13:45:00,15.7,15.7,15.62,15.63,26039
2026-06-14,14:15:00,15.63,15.64,15.56,15.59,28524
2026-06-14,14:45:00,15.58,15.63,15.58,15.62,18579
2026-06-15,10:15:00,15.7,15.72,15.6,15.65,42246
2026-06-15,10:45:00,15.66,15.69,15.64,15.66,21417
2026-06-15,11:15:00,15.66,15.69,15.65,15.69,34890
2026-06-15,11:45:00,15.69,15.71,15.66,15.69,43938
2026-06-15,12:15:00,15.69,15.69,15.65,15.66,9993
2026-06-15,12:45:00,15.66,15.67,15.64,15.65,15780
2026-06-15,13:15:00,15.64,15.68,15.63,15.64,8566
2026-06-15,13:45:00,15.64,15.69,15.64,15.64,28999
2026-06-15,14:15:00,15.65,15.68,15.6,15.65,40100
2026-06-15,14:45:00,15.66,15.66,15.62,15.62,19834
2026-06-16,10:15:00,15.78,15.82,15.73,15.73,101160
2026-06-16,10:45:00,15.73,15.76,15.7,15.72,54437
2026-06-16,11:15:00,15.73,15.75,15.7,15.74,33353
2026-06-16,11:45:00,15.74,15.75,15.71,15.74,18980
2026-06-16,12:15:00,15.72,15.73,15.49,15.6,434097
2026-06-16,12:45:00,15.6,15.6,15.5,15.54,81128
2026-06-16,13:15:00,15.53,15.53,15.46,15.47,51244
2026-06-16,13:45:00,15.49,15.49,15.4,15.41,54256
2026-06-16,14:15:00,15.42,15.43,15.38,15.42,63302
2026-06-16,14:45:00,15.43,15.44,15.4,15.42,51826
2026-06-17,10:15:00,15.41,15.46,15.38,15.41,30374
2026-06-17,10:45:00,15.39,15.43,15.34,15.35,37215
2026-06-17,11:15:00,15.35,15.37,15.28,15.29,50001
2026-06-17,11:45:00,15.29,15.33,15.29,15.33,25387
2026-06-17,12:15:00,15.32,15.34,15.3,15.32,9589
2026-06-17,12:45:00,15.32,15.32,15.3,15.31,4353
2026-06-17,13:15:00,15.3,15.31,15.3,15.31,3685
2026-06-17,13:45:00,15.3,15.32,15.3,15.3,12136
2026-06-17,14:15:00,15.31,15.32,15.29,15.32,30532
2026-06-17,14:45:00,15.32,15.36,15.3,15.3,26930
2026-06-18,10:00:00,15.4,15.4,15.33,15.35,24623
2026-06-18,10:30:00,15.35,15.35,15.32,15.33,15584
2026-06-18,11:00:00,15.35,15.35,15.29,15.29,70635
2026-06-18,11:30:00,15.29,15.3,15.26,15.26,88264
2026-06-18,12:00:00,15.26,15.31,15.25,15.27,46109
2026-06-18,12:30:00,15.26,15.26,15.2,15.24,27089
2026-06-18,13:00:00,15.24,15.26,15.23,15.23,7415
2026-06-18,13:30:00,15.24,15.31,15.24,15.27,22495
2026-06-18,14:00:00,15.25,15.27,15.21,15.23,25252
2026-06-18,14:30:00,15.24,15.26,15.22,15.25,14314
2026-06-21,10:15:00,15.48,15.59,15.44,15.57,211343
2026-06-21,10:45:00,15.57,15.57,15.41,15.43,58368
2026-06-21,11:15:00,15.42,15.43,15.34,15.35,43065
2026-06-21,11:45:00,15.35,15.37,15.33,15.37,17009
2026-06-21,12:15:00,15.37,15.38,15.33,15.33,10392
2026-06-21,12:45:00,15.34,15.39,15.33,15.34,11740
2026-06-21,13:15:00,15.34,15.39,15.31,15.35,15231
2026-06-21,13:45:00,15.38,15.38,15.32,15.32,8298
2026-06-21,14:15:00,15.32,15.35,15.32,15.34,8623
2026-06-21,14:45:00,15.34,15.35,15.33,15.34,13690
2026-06-22,10:15:00,15.18,15.27,15.18,15.25,22541
2026-06-22,10:45:00,15.25,15.28,15.25,15.26,12615
2026-06-22,11:15:00,15.26,15.29,15.25,15.29,26885
2026-06-22,11:45:00,15.29,15.29,15.21,15.23,22762
2026-06-22,12:15:00,15.23,15.23,15.19,15.22,23732
2026-06-22,12:45:00,15.22,15.22,15.18,15.18,15480
2026-06-22,13:15:00,15.18,15.2,15.15,15.2,25385
2026-06-22,13:45:00,15.2,15.21,15.19,15.2,8113
2026-06-22,14:15:00,15.21,15.22,15.16,15.2,21734
2026-06-22,14:45:00,15.2,15.22,15.17,15.2,9069
2026-06-23,10:15:00,15.22,15.26,15.19,15.2,21223
2026-06-23,10:45:00,15.19,15.23,15.17,15.2,9180
2026-06-23,11:15:00,15.19,15.2,15.15,15.16,28212
2026-06-23,11:45:00,15.16,15.17,15.12,15.14,13837
2026-06-23,12:15:00,15.14,15.14,15.07,15.07,21061
2026-06-23,12:45:00,15.06,15.09,15.06,15.09,24305
2026-06-23,13:15:00,15.08,15.11,15.08,15.1,6272
2026-06-23,13:45:00,15.11,15.11,15.04,15.04,41893
2026-06-23,14:15:00,15.06,15.1,15.02,15.1,40146
2026-06-23,14:45:00,15.04,15.07,15.01,15.01,27427
2026-06-24,10:15:00,15.07,15.11,15.06,15.08,19988
2026-06-24,10:45:00,15.1,15.2,15.08,15.14,44341
2026-06-24,11:15:00,15.14,15.14,15.08,15.08,19458
2026-06-24,11:45:00,15.09,15.14,15.09,15.11,17217
2026-06-24,12:15:00,15.11,15.15,15.09,15.14,34704
2026-06-24,12:45:00,15.12,15.14,15.09,15.1,17708
2026-06-24,13:15:00,15.1,15.1,15.06,15.09,12534
2026-06-24,13:45:00,15.1,15.1,15.07,15.07,11092
2026-06-24,14:15:00,15.06,15.09,15.06,15.08,20361
2026-06-24,14:45:00,15.09,15.12,15.06,15.06,12721
2026-06-25,10:00:00,15.06,15.11,15.01,15.01,36936
2026-06-25,10:30:00,15.02,15.07,15.01,15.07,15132
2026-06-25,11:00:00,15.07,15.08,15.04,15.05,19591
2026-06-25,11:30:00,15.09,15.09,15.04,15.04,7039
2026-06-25,12:00:00,15.05,15.05,15.01,15.02,16546
2026-06-25,12:30:00,15.02,15.04,15.01,15.01,13627
2026-06-25,13:00:00,15.02,15.02,15.0,15.01,29089
2026-06-25,13:30:00,15.02,15.02,14.98,14.98,53863
2026-06-25,14:00:00,14.98,14.98,14.94,14.94,19415
2026-06-25,14:30:00,14.94,15.01,14.94,14.98,5068
2026-06-25,15:00:00,14.98,14.98,14.98,14.98,32991
2026-06-28,10:00:00,15.0,15.02,14.87,14.87,20714
2026-06-28,10:30:00,14.87,14.92,14.85,14.92,14491
2026-06-28,11:00:00,14.94,14.96,14.9,14.92,22114
2026-06-28,11:30:00,14.89,14.95,14.87,14.9,20223
2026-06-28,12:00:00,14.9,14.92,14.85,14.86,36027
2026-06-28,12:30:00,14.88,14.89,14.8,14.81,48944
2026-06-28,13:00:00,14.83,14.83,14.8,14.81,14351
2026-06-28,13:30:00,14.81,14.83,14.8,14.83,19059
2026-06-28,14:00:00,14.83,14.84,14.8,14.84,23044
2026-06-28,14:30:00,14.81,14.9,14.8,14.88,24893
2026-06-28,15:00:00,14.87,14.87,14.87,14.87,4339
2026-06-29,10:00:00,14.87,14.89,14.75,14.77,47210
2026-06-29,10:30:00,14.77,14.78,14.66,14.7,57408
2026-06-29,11:00:00,14.7,14.76,14.68,14.74,22207
2026-06-29,11:30:00,14.73,14.74,14.61,14.68,64730
2026-06-29,12:00:00,14.68,14.71,14.62,14.71,34552
2026-06-29,12:30:00,14.71,14.71,14.65,14.67,12917
2026-06-29,13:00:00,14.67,14.7,14.61,14.64,37251
2026-06-29,13:30:00,14.63,14.67,14.61,14.63,21441
2026-06-29,14:00:00,14.63,14.64,14.61,14.63,8277
2026-06-29,14:30:00,14.64,14.69,14.62,14.62,51810
2026-06-30,10:15:00,14.55,14.75,14.54,14.75,54173
2026-06-30,10:45:00,14.75,14.8,14.74,14.78,61430
2026-06-30,11:15:00,14.79,14.79,14.76,14.76,14165
2026-06-30,11:45:00,14.78,14.81,14.75,14.75,36192
2026-06-30,12:15:00,14.77,14.78,14.7,14.73,21296
2026-06-30,12:45:00,14.73,14.74,14.72,14.73,6462
2026-06-30,13:15:00,14.72,14.88,14.72,14.87,46235
2026-06-30,13:45:00,14.87,15.35,14.86,15.22,229050
2026-06-30,14:15:00,15.2,15.36,15.02,15.08,257988
2026-06-30,14:45:00,15.06,15.1,15.03,15.1,13470
2026-07-01,10:15:00,15.03,15.08,15.01,15.06,34488
2026-07-01,10:45:00,15.06,15.12,15.06,15.08,47164
2026-07-01,11:15:00,15.06,15.11,15.04,15.1,27217
2026-07-01,11:45:00,15.1,15.11,15.08,15.1,12943
2026-07-01,12:15:00,15.1,15.15,15.1,15.1,19549
2026-07-01,12:45:00,15.11,15.14,15.09,15.09,10036
2026-07-01,13:15:00,15.09,15.22,15.08,15.11,75573
2026-07-01,13:45:00,15.12,15.14,15.1,15.12,24683
2026-07-01,14:15:00,15.12,15.29,15.12,15.24,107421
2026-07-01,14:45:00,15.24,15.29,15.23,15.25,26881
2026-07-02,10:15:00,15.18,15.18,15.1,15.11,65793
2026-07-02,10:45:00,15.11,15.24,15.11,15.23,25317
2026-07-02,11:15:00,15.23,15.25,15.2,15.25,8953
2026-07-02,11:45:00,15.23,15.23,15.12,15.17,46156
2026-07-02,12:15:00,15.17,15.17,15.05,15.1,29880
2026-07-02,12:45:00,15.13,15.21,15.1,15.21,13897
2026-07-02,13:15:00,15.21,15.23,15.15,15.2,36054
2026-07-02,13:45:00,15.2,15.2,15.06,15.06,23256
2026-07-02,14:15:00,15.1,15.13,15.07,15.11,42539
2026-07-02,14:45:00,15.11,15.15,15.1,15.11,19503
2026-07-05,10:15:00,15.14,15.17,15.02,15.03,62118
2026-07-05,10:45:00,15.05,15.08,15.03,15.06,13320
2026-07-05,11:15:00,15.07,15.14,15.04,15.14,21921
2026-07-05,11:45:00,15.15,15.26,15.14,15.21,58557
2026-07-05,12:15:00,15.22,15.23,15.15,15.18,16591
2026-07-05,12:45:00,15.18,15.19,15.15,15.16,4179
2026-07-05,13:15:00,15.16,15.19,15.12,15.14,11593
2026-07-05,13:45:00,15.13,15.14,15.09,15.11,7393
2026-07-05,14:15:00,15.11,15.15,15.09,15.11,15612
2026-07-05,14:45:00,15.12,15.15,15.09,15.09,17917
2026-07-06,10:00:00,15.14,15.18,15.07,15.13,21145
2026-07-06,10:30:00,15.12,15.13,15.09,15.09,5703
2026-07-06,11:00:00,15.08,15.13,15.08,15.11,14116
2026-07-06,11:30:00,15.11,15.13,15.09,15.13,38905
2026-07-06,12:00:00,15.12,15.12,15.08,15.11,25322
2026-07-06,12:30:00,15.11,15.11,15.07,15.08,13840
2026-07-06,13:00:00,15.08,15.09,15.05,15.09,14020
2026-07-06,13:30:00,15.07,15.07,15.05,15.05,28386
2026-07-06,14:00:00,15.04,15.04,15.0,15.02,51982
2026-07-06,14:30:00,15.02,15.04,15.0,15.01,31189
2026-07-06,15:00:00,15.01,15.01,15.01,15.01,5579
2026-07-07,10:00:00,14.99,14.99,14.92,14.93,16116
2026-07-07,10:30:00,14.91,14.98,14.86,14.96,83291
2026-07-07,11:00:00,14.96,14.96,14.92,14.94,15229
2026-07-07,11:30:00,14.95,14.98,14.92,14.92,19219
2026-07-07,12:00:00,14.92,14.94,14.9,14.91,76090
2026-07-07,12:30:00,14.94,14.96,14.85,14.96,229123
2026-07-07,13:00:00,14.93,15.13,14.92,15.0,116446
2026-07-07,13:30:00,15.01,15.05,14.99,15.03,53559
2026-07-07,14:00:00,15.04,15.05,14.98,15.0,41270
2026-07-07,14:30:00,14.98,15.0,14.94,14.98,21640
2026-07-07,15:00:00,14.96,14.96,14.96,14.96,4356
2026-07-08,10:00:00,14.9,14.9,14.8,14.82,60537
2026-07-08,10:30:00,14.82,14.84,14.79,14.83,59733
2026-07-08,11:00:00,14.85,14.89,14.73,14.76,104504
2026-07-08,11:30:00,14.75,14.77,14.62,14.69,128958
2026-07-08,12:00:00,14.7,14.73,14.7,14.72,3908
2026-07-08,12:30:00,14.71,14.73,14.67,14.7,36376
2026-07-08,13:00:00,14.69,14.72,14.69,14.71,16199
2026-07-08,13:30:00,14.71,14.71,14.68,14.69,13817
2026-07-08,14:00:00,14.7,14.71,14.68,14.69,16214
2026-07-08,14:30:00,14.69,14.73,14.68,14.73,52022
2026-07-08,15:00:00,14.73,14.73,14.73,14.73,1805
2026-07-09,10:00:00,14.73,14.73,14.58,14.6,73814
2026-07-09,10:30:00,14.59,14.61,14.55,14.61,17064
2026-07-09,11:00:00,14.6,14.63,14.59,14.63,20011
2026-07-09,11:30:00,14.63,14.67,14.6,14.64,32301
2026-07-09,12:00:00,14.64,14.66,14.6,14.63,9895
2026-07-09,12:30:00,14.62,14.63,14.61,14.62,5587
2026-07-09,13:00:00,14.61,14.64,14.58,14.58,22645
2026-07-09,13:30:00,14.58,14.6,14.55,14.55,38352
2026-07-09,14:00:00,14.55,14.56,14.49,14.51,56094
2026-07-09,14:30:00,14.51,14.51,14.49,14.51,18473
2026-07-09,15:00:00,14.47,14.47,14.47,14.47,18202
2026-07-12,10:00:00,14.4,14.58,14.32,14.49,64988
2026-07-12,10:30:00,14.48,14.48,14.41,14.43,5523
2026-07-12,11:00:00,14.45,14.5,14.41,14.46,15866
2026-07-12,11:30:00,14.45,14.55,14.45,14.51,20322
2026-07-12,12:00:00,14.51,14.52,14.5,14.51,3374
2026-07-12,12:30:00,14.52,14.73,14.52,14.72,69060
2026-07-12,13:00:00,14.73,14.85,14.58,14.59,81674
2026-07-12,13:30:00,14.6,14.6,14.51,14.52,23185
2026-07-12,14:00:00,14.51,14.52,14.49,14.51,11998
2026-07-12,14:30:00,14.51,14.51,14.45,14.5,25421
2026-07-12,15:00:00,14.51,14.51,14.51,14.51,806
2026-07-13,10:00:00,14.7,14.7,14.47,14.51,32450
2026-07-13,10:30:00,14.51,14.54,14.44,14.5,30140
2026-07-13,11:00:00,14.51,14.54,14.47,14.54,16635
2026-07-13,11:30:00,14.53,14.53,14.45,14.5,77738
2026-07-13,12:00:00,14.51,14.51,14.46,14.47,52819
2026-07-13,12:30:00,14.47,14.47,14.45,14.47,22370
2026-07-13,13:00:00,14.47,14.47,14.42,14.42,57198
2026-07-13,13:30:00,14.44,14.45,14.41,14.42,33488
2026-07-13,14:00:00,14.42,14.46,14.4,14.46,35842
2026-07-13,14:30:00,14.46,14.46,14.41,14.43,25399
2026-07-13,15:00:00,14.41,14.41,14.41,14.41,10746
2026-07-14,10:00:00,14.4,14.4,14.22,14.28,103692
2026-07-14,10:30:00,14.26,14.26,14.17,14.2,60541
2026-07-14,11:00:00,14.2,14.25,14.19,14.24,25146
2026-07-14,11:30:00,14.22,14.25,14.17,14.2,80689
2026-07-14,12:00:00,14.2,14.23,14.2,14.22,24372
2026-07-14,12:30:00,14.21,14.22,14.18,14.18,17790
2026-07-14,13:00:00,14.2,14.21,14.16,14.17,29913
2026-07-14,13:30:00,14.18,14.18,14.15,14.16,13861
2026-07-14,14:00:00,14.16,14.17,14.13,14.13,55771
2026-07-14,14:30:00,14.13,14.18,14.12,14.18,41771
2026-07-14,15:00:00,14.13,14.13,14.13,14.13,7932
2026-07-15,10:00:00,14.18,14.23,14.17,14.2,10455
2026-07-15,10:30:00,14.22,14.22,14.15,14.21,49802
2026-07-15,11:00:00,14.21,14.25,14.17,14.2,18431
2026-07-15,11:30:00,14.2,14.2,14.15,14.15,8825
2026-07-15,12:00:00,14.16,14.16,14.15,14.16,15189
2026-07-15,12:30:00,14.16,14.16,14.13,14.13,21548
2026-07-15,13:00:00,14.14,14.15,14.12,14.12,25486
2026-07-15,13:30:00,14.12,14.13,14.1,14.12,16798
2026-07-15,14:00:00,14.12,14.13,14.1,14.13,3352
2026-07-15,14:30:00,14.13,14.13,14.1,14.12,7786
2026-07-15,15:00:00,14.1,14.1,14.1,14.1,3758
2026-07-16,10:00:00,14.1,14.12,14.03,14.07,36099
2026-07-16,10:30:00,14.08,14.1,14.02,14.03,22576
2026-07-16,11:00:00,14.04,14.07,14.04,14.04,7907
2026-07-16,11:30:00,14.04,14.06,14.0,14.05,47333
2026-07-16,12:00:00,14.02,14.05,14.01,14.01,13675
2026-07-16,12:30:00,14.01,14.05,13.99,14.05,34199
2026-07-16,13:00:00,14.05,14.06,13.98,13.99,28448
2026-07-16,13:30:00,13.98,14.02,13.98,14.0,18021
2026-07-16,14:00:00,14.01,14.01,13.97,13.97,50368
2026-07-16,14:30:00,13.97,14.04,13.96,13.99,56773
2026-07-16,15:00:00,14.0,14.0,14.0,14.0,4711
2026-07-19,10:00:00,13.97,13.97,13.5,13.76,156324
2026-07-19,10:30:00,13.76,13.8,13.71,13.73,27729
2026-07-19,11:00:00,13.71,13.72,13.65,13.68,33584
2026-07-19,11:30:00,13.68,13.75,13.66,13.74,36101
2026-07-19,12:00:00,13.75,13.75,13.68,13.71,38967
2026-07-19,12:30:00,13.7,13.73,13.7,13.73,46430
2026-07-19,13:00:00,13.72,13.72,13.65,13.65,20900
2026-07-19,13:30:00,13.65,13.67,13.63,13.65,26262
2026-07-19,14:00:00,13.64,13.66,13.61,13.64,33642
2026-07-19,14:30:00,13.64,13.65,13.6,13.6,61158
2026-07-19,15:00:00,13.61,13.61,13.61,13.61,6879
2026-07-20,10:00:00,13.6,13.6,13.4,13.46,141213
2026-07-20,10:30:00,13.46,13.5,13.45,13.48,46000
2026-07-20,11:00:00,13.45,13.48,13.4,13.42,54002
2026-07-20,11:30:00,13.42,13.42,13.22,13.25,185764
2026-07-20,12:00:00,13.25,13.28,13.22,13.24,45136
2026-07-20,12:30:00,13.24,13.25,13.2,13.22,36273
2026-07-20,13:00:00,13.23,13.23,13.1,13.1,101876
2026-07-20,13:30:00,13.14,13.2,13.09,13.11,120977
2026-07-20,14:00:00,13.11,13.12,13.05,13.08,63431
2026-07-20,14:30:00,13.06,13.08,13.0,13.08,163961
2026-07-20,15:00:00,13.02,13.02,13.02,13.02,11586
2026-07-21,10:00:00,13.03,13.14,13.01,13.13,91850
2026-07-21,10:30:00,13.12,13.3,13.12,13.26,103659
2026-07-21,11:00:00,13.26,13.33,13.23,13.24,52775
2026-07-21,11:30:00,13.23,13.32,13.21,13.21,102398
2026-07-21,12:00:00,13.21,13.24,13.19,13.2,57797
2026-07-21,12:30:00,13.19,13.19,13.14,13.15,17230
2026-07-21,13:00:00,13.14,13.15,13.08,13.08,30321
2026-07-21,13:30:00,13.1,13.14,13.09,13.1,22031
2026-07-21,14:00:00,13.1,13.11,13.05,13.07,31881
2026-07-21,14:30:00,13.07,13.12,13.04,13.11,50425
2026-07-21,15:00:00,13.08,13.08,13.08,13.08,3127
2026-07-22,10:00:00,13.08,13.16,13.04,13.15,29854
2026-07-22,10:30:00,13.15,13.15,13.05,13.07,27824
2026-07-22,11:00:00,13.08,13.13,13.06,13.12,27451
2026-07-22,11:30:00,13.12,13.14,13.1,13.11,25088
2026-07-22,12:00:00,13.12,13.12,13.02,13.04,33205
2026-07-22,12:30:00,13.04,13.09,13.04,13.08,12882
2026-07-22,13:00:00,13.08,13.09,13.06,13.07,8145
2026-07-22,13:30:00,13.09,13.09,13.07,13.08,1246
2026-07-22,14:00:00,13.08,13.14,13.01,13.1,65622
2026-07-22,14:30:00,13.1,13.13,13.07,13.1,39694
2026-07-22,15:00:00,13.08,13.08,13.08,13.08,4103
2026-07-23,10:00:00,13.12,13.14,13.03,13.13,27374
2026-07-23,10:30:00,13.14,13.19,13.1,13.14,29076
2026-07-23,11:00:00,13.14,13.14,13.1,13.11,14199
2026-07-23,11:30:00,13.1,13.11,13.0,13.02,146138
2026-07-23,12:00:00,13.02,13.06,12.99,12.99,65482
2026-07-23,12:30:00,13.0,13.0,12.95,12.95,52356
2026-07-23,13:00:00,12.94,12.98,12.92,12.98,55756
2026-07-23,13:30:00,12.97,12.98,12.94,12.95,24618
2026-07-23,14:00:00,12.96,12.98,12.94,12.96,28774
2026-07-23,14:30:00,12.96,12.96,12.9,12.92,82859
2026-07-23,15:00:00,12.9,12.9,12.9,12.9,43663
2026-07-26,10:00:00,12.9,13.05,12.87,12.94,114464
2026-07-26,10:30:00,12.94,12.95,12.9,12.91,61807
2026-07-26,11:00:00,12.92,12.92,12.85,12.89,46179
2026-07-26,11:30:00,12.86,12.89,12.82,12.83,17428
2026-07-26,12:00:00,12.83,12.84,12.76,12.77,59467
2026-07-26,12:30:00,12.8,12.8,12.76,12.77,23119
2026-07-26,13:00:00,12.8,12.8,12.74,12.77,22016
2026-07-26,13:30:00,12.75,12.78,12.73,12.74,29404
2026-07-26,14:00:00,12.74,12.75,12.67,12.68,99784
2026-07-26,14:30:00,12.68,12.73,12.66,12.67,67806
2026-07-26,15:00:00,12.67,12.67,12.67,12.67,25269
2026-07-27,10:00:00,12.7,12.87,12.64,12.64,84325
2026-07-27,10:30:00,12.66,12.66,12.61,12.66,67002
2026-07-27,11:00:00,12.66,12.66,12.64,12.64,38554
2026-07-27,11:30:00,12.64,12.68,12.64,12.68,20041
2026-07-27,12:00:00,12.68,12.69,12.62,12.63,20520
2026-07-27,12:30:00,12.63,12.64,12.61,12.63,13597
2026-07-27,13:00:00,12.63,12.64,12.62,12.64,9666
2026-07-27,13:30:00,12.65,12.66,12.63,12.66,11984
2026-07-27,14:00:00,12.66,12.67,12.64,12.67,57318
2026-07-27,14:30:00,12.67,12.69,12.65,12.69,52757
2026-07-27,15:00:00,12.69,12.69,12.69,12.69,7472
2026-07-28,10:00:00,12.71,12.71,12.57,12.57,106057
2026-07-28,10:30:00,12.57,12.57,12.41,12.44,106039
2026-07-28,11:00:00,12.44,12.46,12.41,12.42,54878
2026-07-28,11:30:00,12.41,12.47,12.4,12.46,43530
2026-07-28,12:00:00,12.49,12.59,12.49,12.56,72660
2026-07-28,12:30:00,12.57,12.7,12.54,12.61,81616
2026-07-28,13:00:00,12.61,12.61,12.5,12.56,19391
2026-07-28,13:30:00,12.55,12.55,12.48,12.51,25023
2026-07-28,14:00:00,12.51,12.54,12.5,12.5,19980
2026-07-28,14:30:00,12.5,12.54,12.47,12.49,42556
2026-07-28,15:00:00,12.48,12.48,12.48,12.48,5706
2026-07-29,10:00:00,12.48,12.48,12.28,12.3,94065
2026-07-29,10:30:00,12.29,12.34,12.2,12.31,80755
2026-07-29,11:00:00,12.29,12.34,12.27,12.3,44018
2026-07-29,11:30:00,12.3,12.37,12.28,12.34,22494
2026-07-29,12:00:00,12.34,12.55,12.34,12.48,111479
2026-07-29,12:30:00,12.48,12.48,12.38,12.44,24287
2026-07-29,13:00:00,12.43,12.43,12.38,12.41,18096
2026-07-29,13:30:00,12.42,12.43,12.4,12.42,11504
2026-07-29,14:00:00,12.43,12.51,12.42,12.47,12379
2026-07-29,14:30:00,12.49,12.52,12.46,12.52,15605
2026-07-29,15:00:00,12.5,12.5,12.5,12.5,3143
2026-07-30,10:00:00,12.5,12.53,12.39,12.4,30485
2026-07-30,10:30:00,12.42,12.42,12.3,12.34,64753
2026-07-30,11:00:00,12.36,12.38,12.25,12.25,61820
2026-07-30,11:30:00,12.24,12.27,12.16,12.19,84654
2026-07-30,12:00:00,12.2,12.21,12.15,12.17,36394
2026-07-30,12:30:00,12.18,12.18,12.13,12.17,51906
2026-07-30,13:00:00,12.17,12.18,12.14,12.16,23136
2026-07-30,13:30:00,12.16,12.21,12.16,12.19,73401
2026-07-30,14:00:00,12.16,12.19,12.15,12.19,25124
2026-07-30,14:30:00,12.19,12.22,12.15,12.17,82271
2026-07-30,15:00:00,12.15,12.15,12.15,12.15,19066
2026-08-02,10:00:00,12.17,12.41,12.17,12.41,102202
2026-08-02,10:30:00,12.39,12.9,12.37,12.63,424637
2026-08-02,11:00:00,12.63,12.7,12.51,12.51,206568
2026-08-02,11:30:00,12.51,12.51,12.43,12.48,80838
2026-08-02,12:00:00,12.48,12.49,12.36,12.38,73173
2026-08-02,12:30:00,12.38,12.44,12.37,12.4,23202
2026-08-02,13:00:00,12.39,12.45,12.34,12.35,53044
2026-08-02,13:30:00,12.35,12.41,12.35,12.37,28345
2026-08-02,14:00:00,12.37,12.4,12.35,12.35,49117
2026-08-02,14:30:00,12.35,12.39,12.31,12.32,70345
2026-08-02,15:00:00,12.31,12.31,12.31,12.31,13473
2026-08-03,10:00:00,12.34,12.47,12.31,12.45,87659
2026-08-03,10:30:00,12.43,12.47,12.4,12.47,52673
2026-08-03,11:00:00,12.47,12.5,12.4,12.45,60959
2026-08-03,11:30:00,12.45,12.49,12.43,12.47,51166
2026-08-03,12:00:00,12.46,12.47,12.46,12.46,12246
2026-08-03,12:30:00,12.46,12.54,12.46,12.51,83535
2026-08-03,13:00:00,12.52,12.57,12.5,12.55,42035
2026-08-03,13:30:00,12.54,12.61,12.53,12.61,72462
2026-08-03,14:00:00,12.61,12.73,12.61,12.7,134794
2026-08-03,14:30:00,12.71,12.71,12.66,12.7,39304
2026-08-03,15:00:00,12.68,12.68,12.68,12.68,24485
2026-08-04,10:00:00,12.9,12.9,12.7,12.74,157325
2026-08-04,10:30:00,12.73,12.82,12.73,12.76,50992
2026-08-04,11:00:00,12.76,12.76,12.61,12.68,43607
2026-08-04,11:30:00,12.68,12.7,12.64,12.65,35870
2026-08-04,12:00:00,12.64,12.65,12.6,12.62,69826
2026-08-04,12:30:00,12.63,12.64,12.58,12.6,29560
2026-08-04,13:00:00,12.6,12.7,12.55,12.67,131269
2026-08-04,13:30:00,12.66,12.67,12.59,12.65,166746
2026-08-04,14:00:00,12.65,12.68,12.6,12.68,62273
2026-08-04,14:30:00,12.67,12.68,12.56,12.6,183924
2026-08-04,15:00:00,12.6,12.6,12.6,12.6,18595
2026-08-05,10:00:00,12.72,12.72,12.57,12.62,49395
2026-08-05,10:30:00,12.64,12.65,12.5,12.54,118111
2026-08-05,11:00:00,12.54,12.56,12.5,12.54,175946
2026-08-05,11:30:00,12.54,12.57,12.54,12.56,40219
2026-08-05,12:00:00,12.55,12.57,12.54,12.55,44208
2026-08-05,12:30:00,12.54,12.54,12.48,12.49,96123
2026-08-05,13:00:00,12.5,12.51,12.47,12.5,62207
2026-08-05,13:30:00,12.5,12.5,12.43,12.45,53270
2026-08-05,14:00:00,12.46,12.46,12.42,12.44,48563
2026-08-05,14:30:00,12.45,12.45,12.37,12.37,133484
2026-08-05,15:00:00,12.39,12.39,12.39,12.39,13049
2026-08-06,10:00:00,12.48,12.48,12.32,12.34,70343
2026-08-06,10:30:00,12.32,12.34,12.22,12.25,83291
2026-08-06,11:00:00,12.26,12.27,12.23,12.25,51027
2026-08-06,11:30:00,12.25,12.26,12.19,12.2,88953
2026-08-06,12:00:00,12.22,12.22,12.18,12.2,44200
2026-08-06,12:30:00,12.22,12.27,12.2,12.27,37300
2026-08-06,13:00:00,12.27,12.27,12.2,12.21,60429
2026-08-06,13:30:00,12.2,12.25,12.2,12.24,66457
2026-08-06,14:00:00,12.25,12.25,12.21,12.22,35101
2026-08-06,14:30:00,12.22,12.25,12.21,12.23,35465
2026-08-06,15:00:00,12.22,12.22,12.22,12.22,3160
2026-08-09,10:00:00,12.22,12.22,11.89,12.03,165170
2026-08-09,10:30:00,12.03,12.07,12.0,12.04,70556
2026-08-09,11:00:00,12.04,12.04,11.97,12.0,124420
2026-08-09,11:30:00,12.01,12.01,11.95,12.0,45459
2026-08-09,12:00:00,12.0,12.0,11.9,11.94,104724
2026-08-09,12:30:00,11.94,11.97,11.91,11.92,33624
2026-08-09,13:00:00,11.92,11.94,11.89,11.93,82955
2026-08-09,13:30:00,11.92,11.94,11.9,11.93,33695
2026-08-09,14:00:00,11.92,11.93,11.87,11.87,65903
2026-08-09,14:30:00,11.87,11.91,11.85,11.9,73207
2026-08-09,15:00:00,11.9,11.9,11.9,11.9,32441
2026-08-10,10:00:00,11.92,11.93,11.66,11.68,174044
2026-08-10,10:30:00,11.69,11.76,11.66,11.69,93747
2026-08-10,11:00:00,11.69,11.73,11.62,11.62,120225
2026-08-10,11:30:00,11.62,11.62,11.53,11.55,105744
2026-08-10,12:00:00,11.54,11.61,11.45,11.6,461795
2026-08-10,12:30:00,11.59,11.63,11.58,11.59,83025
2026-08-10,13:00:00,11.59,11.6,11.55,11.59,72996
2026-08-10,13:30:00,11.59,11.61,11.57,11.59,135225
2026-08-10,14:00:00,11.59,11.66,11.57,11.66,123974
2026-08-10,14:30:00,11.66,11.74,11.65,11.71,112820
2026-08-10,15:00:00,11.71,11.71,11.71,11.71,12973
2026-08-11,10:00:00,11.72,11.75,11.61,11.7,100536
2026-08-11,10:30:00,11.69,11.74,11.6,11.66,83055
2026-08-11,11:00:00,11.65,11.66,11.57,11.58,103393
2026-08-11,11:30:00,11.58,11.59,11.54,11.58,40837
2026-08-11,12:00:00,11.6,11.7,11.6,11.69,34387
2026-08-11,12:30:00,11.69,11.81,11.67,11.78,74047
2026-08-11,13:00:00,11.79,11.84,11.71,11.81,91120
2026-08-11,13:30:00,11.83,11.86,11.64,11.64,93910
2026-08-11,14:00:00,11.64,11.66,11.6,11.62,106363
2026-08-11,14:30:00,11.64,11.66,11.61,11.62,36042
2026-08-11,15:00:00,11.61,11.61,11.61,11.61,11830
2026-08-12,10:00:00,11.56,11.63,11.53,11.56,108890
2026-08-12,10:30:00,11.56,11.64,11.55,11.59,83017
2026-08-12,11:00:00,11.59,11.61,11.48,11.5,152761
2026-08-12,11:30:00,11.5,11.58,11.5,11.56,28360
2026-08-12,12:00:00,11.57,11.57,11.5,11.51,69006
2026-08-12,12:30:00,11.51,11.53,11.45,11.47,48237
2026-08-12,13:00:00,11.46,11.5,11.46,11.5,54345
2026-08-12,13:30:00,11.49,11.52,11.45,11.52,134685
2026-08-12,14:00:00,11.52,11.53,11.47,11.48,69421
2026-08-12,14:30:00,11.48,11.5,11.4,11.48,172699
2026-08-12,15:00:00,11.42,11.42,11.42,11.42,22533
2026-08-13,10:00:00,11.42,11.48,11.37,11.39,165783
2026-08-13,10:30:00,11.4,11.4,11.29,11.31,121821
2026-08-13,11:00:00,11.3,11.31,11.22,11.25,121482
2026-08-13,11:30:00,11.25,11.25,11.18,11.21,66324
2026-08-13,12:00:00,11.21,11.3,11.21,11.23,139919
2026-08-13,12:30:00,11.25,11.25,11.17,11.21,93010
2026-08-13,13:00:00,11.2,11.23,11.17,11.19,61812
2026-08-13,13:30:00,11.19,11.22,11.18,11.2,42333
2026-08-13,14:00:00,11.2,11.25,11.18,11.2,139389
2026-08-13,14:30:00,11.21,11.3,11.18,11.26,193643
2026-08-13,15:00:00,11.19,11.19,11.19,11.19,78815
2026-08-16,10:00:00,11.26,11.38,11.21,11.26,287986
2026-08-16,10:30:00,11.25,11.25,11.13,11.14,173149
2026-08-16,11:00:00,11.13,11.17,11.09,11.1,113665
2026-08-16,11:30:00,11.11,11.12,11.07,11.11,87912
2026-08-16,12:00:00,11.1,11.11,11.07,11.1,85209
2026-08-16,12:30:00,11.1,11.11,11.05,11.08,135381
2026-08-16,13:00:00,11.08,11.09,11.07,11.08,68655
2026-08-16,13:30:00,11.08,11.1,11.08,11.09,31914
2026-08-16,14:00:00,11.09,11.1,11.02,11.06,130308
2026-08-16,14:30:00,11.06,11.06,11.02,11.03,144385
2026-08-16,15:00:00,11.02,11.02,11.02,11.02,48484
2026-08-17,10:00:00,11.03,11.84,11.02,11.46,1473622
2026-08-17,10:30:00,11.46,11.5,11.29,11.32,553408
2026-08-17,11:00:00,11.3,11.39,11.27,11.3,374884
2026-08-17,11:30:00,11.29,11.32,11.26,11.26,148873
2026-08-17,12:00:00,11.26,11.26,11.15,11.2,256432
2026-08-17,12:30:00,11.2,11.22,11.17,11.2,62325
2026-08-17,13:00:00,11.2,11.22,11.15,11.19,176326
2026-08-17,13:30:00,11.19,11.23,11.18,11.2,275943
2026-08-17,14:00:00,11.2,11.2,11.14,11.2,225999
2026-08-17,14:30:00,11.19,11.32,11.15,11.31,302811
2026-08-17,15:00:00,11.3,11.3,11.3,11.3,42257
2026-08-18,10:00:00,11.3,11.3,11.11,11.17,462842
2026-08-18,10:30:00,11.17,11.18,11.1,11.13,344676
2026-08-18,11:00:00,11.12,11.29,11.11,11.18,422449
2026-08-18,11:30:00,11.2,11.2,11.12,11.16,197672
2026-08-18,12:00:00,11.15,11.25,11.15,11.24,90661
2026-08-18,12:30:00,11.26,11.46,11.24,11.26,448860
2026-08-18,13:00:00,11.27,11.27,11.2,11.25,115237
2026-08-18,13:30:00,11.25,11.26,11.19,11.2,98101
2026-08-18,14:00:00,11.2,11.21,11.16,11.19,210813
2026-08-18,14:30:00,11.19,11.2,11.15,11.17,158244
2026-08-18,15:00:00,11.16,11.16,11.16,11.16,23642
2026-08-19,10:30:00,11.25,11.28,11.08,11.14,215400
2026-08-19,11:00:00,11.14,11.16,11.1,11.14,49110
2026-08-19,11:30:00,11.14,11.15,11.1,11.11,171689
2026-08-19,12:00:00,11.12,11.15,11.11,11.14,78279
2026-08-19,12:30:00,11.14,11.28,11.14,11.2,310696
2026-08-19,13:00:00,11.19,11.24,11.17,11.22,102377
2026-08-19,13:30:00,11.22,11.4,11.21,11.35,287439
2026-08-19,14:00:00,11.34,11.36,11.2,11.21,475077
2026-08-19,14:30:00,11.21,11.21,11.17,11.19,172299
2026-08-19,15:00:00,11.19,11.19,11.19,11.19,50458
2026-08-20,10:00:00,11.21,11.32,11.19,11.23,252663
2026-08-20,10:30:00,11.23,11.24,11.18,11.22,225608
2026-08-20,11:00:00,11.21,11.22,11.18,11.2,356621
2026-08-20,11:30:00,11.2,11.23,11.16,11.18,174889
2026-08-20,12:00:00,11.19,11.21,11.16,11.19,176703
2026-08-20,12:30:00,11.2,11.2,11.14,11.15,169388
2026-08-20,13:00:00,11.19,11.22,11.15,11.19,166463
2026-08-20,13:30:00,11.19,11.21,11.16,11.18,114580
2026-08-20,14:00:00,11.19,11.2,11.14,11.15,235113
2026-08-20,14:30:00,11.15,11.17,11.12,11.17,335369
2026-08-20,15:00:00,11.16,11.16,11.16,11.16,74586
2026-08-23,10:00:00,11.2,11.44,11.2,11.36,641400
2026-08-23,10:30:00,11.36,11.56,11.33,11.41,706120
2026-08-23,11:00:00,11.41,11.41,11.34,11.36,144153
2026-08-23,11:30:00,11.35,11.38,11.33,11.38,51141
2026-08-23,12:00:00,11.37,11.38,11.25,11.3,156073
2026-08-23,12:30:00,11.28,11.33,11.27,11.3,64229
2026-08-23,13:00:00,11.3,11.33,11.27,11.3,116552
2026-08-23,13:30:00,11.3,11.43,11.27,11.38,451720
2026-08-23,14:00:00,11.38,11.4,11.35,11.38,215626
2026-08-23,14:30:00,11.38,11.45,11.36,11.39,249142
2026-08-23,15:00:00,11.4,11.4,11.4,11.4,22838
2026-08-24,10:00:00,11.42,11.64,11.38,11.47,606171
2026-08-24,10:30:00,11.47,11.54,11.45,11.48,194404
2026-08-24,11:00:00,11.47,11.48,11.36,11.39,236303
2026-08-24,11:30:00,11.39,11.41,11.35,11.37,150160
2026-08-24,12:00:00,11.37,11.4,11.36,11.38,139426
2026-08-24,12:30:00,11.4,11.4,11.35,11.36,176590
2026-08-24,13:00:00,11.35,11.39,11.35,11.37,181174
2026-08-24,13:30:00,11.36,11.39,11.35,11.38,142182
2026-08-24,14:00:00,11.37,11.39,11.32,11.32,197538
2026-08-24,14:30:00,11.32,11.33,11.27,11.29,360321
2026-08-24,15:00:00,11.32,11.32,11.32,11.32,46051
2026-08-25,10:00:00,11.34,11.36,11.26,11.28,363815
2026-08-25,10:30:00,11.28,11.33,11.27,11.31,194543
2026-08-25,11:00:00,11.3,11.37,11.28,11.36,212265
2026-08-25,11:30:00,11.36,11.43,11.33,11.38,329359
2026-08-25,12:00:00,11.38,11.39,11.34,11.38,170911
2026-08-25,12:30:00,11.37,11.5,11.34,11.5,750565
2026-08-25,13:00:00,11.5,11.5,11.32,11.35,372146
2026-08-25,13:30:00,11.35,11.36,11.29,11.32,319197
2026-08-25,14:00:00,11.31,11.32,11.27,11.27,454006
2026-08-25,14:30:00,11.27,11.32,11.25,11.3,414829
2026-08-25,15:00:00,11.32,11.32,11.32,11.32,53548
2026-08-26,10:00:00,11.32,11.45,11.26,11.34,325083
2026-08-26,10:30:00,11.34,11.35,11.3,11.32,154753
2026-08-26,11:00:00,11.32,11.33,11.29,11.32,292390
2026-08-26,11:30:00,11.32,11.35,11.27,11.31,260664
2026-08-26,12:00:00,11.31,11.31,11.27,11.28,194015
2026-08-26,12:30:00,11.28,11.31,11.26,11.28,491053
2026-08-26,13:00:00,11.28,11.3,11.24,11.27,344691
2026-08-26,13:30:00,11.26,11.27,11.21,11.23,374948
2026-08-26,14:00:00,11.23,11.23,11.15,11.18,616740
2026-08-26,14:30:00,11.18,11.22,11.17,11.19,239396
2026-08-26,15:00:00,11.19,11.19,11.19,11.19,76678
2026-08-27,10:00:00,11.21,11.25,11.18,11.23,615484
2026-08-27,10:30:00,11.22,11.27,11.21,11.25,160639
2026-08-27,11:00:00,11.25,11.32,11.24,11.28,231502
2026-08-27,11:30:00,11.27,11.37,11.27,11.34,541817
2026-08-27,12:00:00,11.34,11.37,11.32,11.36,274656
2026-08-27,12:30:00,11.35,11.37,11.32,11.33,201414
2026-08-27,13:00:00,11.33,11.56,11.27,11.54,1402748
2026-08-27,13:30:00,11.54,11.6,11.4,11.41,1003041
2026-08-27,14:00:00,11.4,11.43,11.35,11.4,454911
2026-08-27,14:30:00,11.4,11.64,11.39,11.56,1043498
2026-08-27,15:00:00,11.58,11.58,11.58,11.58,93864
2026-08-30,10:00:00,11.75,11.85,11.66,11.73,1515225
2026-08-30,10:30:00,11.72,11.81,11.64,11.74,1108529
2026-08-30,11:00:00,11.74,11.75,11.66,11.7,740551
2026-08-30,11:30:00,11.7,11.7,11.62,11.63,707027
2026-08-30,12:00:00,11.63,11.84,11.62,11.7,978156
2026-08-30,12:30:00,11.7,11.74,11.63,11.65,369922
2026-08-30,13:00:00,11.64,11.7,11.63,11.64,279690
2026-08-30,13:30:00,11.63,11.65,11.51,11.53,610682
2026-08-30,14:00:00,11.53,11.53,11.48,11.51,419961
2026-08-30,14:30:00,11.51,11.53,11.48,11.51,326822
2026-08-30,15:00:00,11.51,11.51,11.51,11.51,23658
2026-08-31,10:00:00,11.5,11.5,11.2,11.3,1215360
2026-08-31,10:30:00,11.3,11.35,11.28,11.29,372415
2026-08-31,11:00:00,11.29,11.32,11.29,11.31,135937
2026-08-31,11:30:00,11.31,11.32,11.27,11.29,212081
2026-08-31,12:00:00,11.3,11.3,11.26,11.28,179234
2026-08-31,12:30:00,11.28,11.29,11.26,11.27,144313
2026-08-31,13:00:00,11.27,11.28,11.2,11.23,405112
2026-08-31,13:30:00,11.23,11.23,11.2,11.23,247460
2026-08-31,14:00:00,11.22,11.25,11.22,11.24,122424
2026-08-31,14:30:00,11.24,11.25,11.22,11.23,210052
2026-08-31,15:00:00,11.4,11.4,11.4,11.4,1358764
2026-09-01,10:00:00,11.32,11.32,11.26,11.28,290428
2026-09-01,10:30:00,11.27,11.3,11.23,11.27,385463
2026-09-01,11:00:00,11.27,11.33,11.27,11.29,248176
2026-09-01,11:30:00,11.29,11.31,11.25,11.29,118678
2026-09-01,12:00:00,11.28,11.3,11.27,11.27,62181
2026-09-01,12:30:00,11.27,11.29,11.25,11.25,70414
2026-09-01,13:00:00,11.26,11.28,11.23,11.26,236936
2026-09-01,13:30:00,11.25,11.28,11.24,11.27,89544
2026-09-01,14:00:00,11.27,11.27,11.24,11.26,109811
2026-09-01,14:30:00,11.26,11.27,11.2,11.22,235747
2026-09-01,15:00:00,11.2,11.2,11.2,11.2,139139
2026-09-02,10:00:00,11.18,11.19,11.14,11.17,334931
2026-09-02,10:30:00,11.17,11.21,11.15,11.19,120958
2026-09-02,11:00:00,11.18,11.2,11.14,11.15,177224
2026-09-02,11:30:00,11.15,11.16,11.13,11.14,138189
2026-09-02,12:00:00,11.15,11.15,11.11,11.12,177772
2026-09-02,12:30:00,11.12,11.13,11.11,11.13,95893
2026-09-02,13:00:00,11.13,11.15,11.12,11.13,257570
2026-09-02,13:30:00,11.13,11.16,11.11,11.15,92648
2026-09-02,14:00:00,11.15,11.16,11.12,11.12,128039
2026-09-02,14:30:00,11.12,11.15,11.11,11.11,298998
2026-09-02,15:00:00,11.11,11.11,11.11,11.11,40044
2026-09-03,10:00:00,11.12,11.18,11.12,11.17,119593
2026-09-03,10:30:00,11.17,11.17,11.15,11.16,89426
2026-09-03,11:00:00,11.15,11.18,11.15,11.17,78932
2026-09-03,11:30:00,11.17,11.17,11.15,11.16,52241
2026-09-03,12:00:00,11.16,11.16,11.11,11.14,193209
2026-09-03,12:30:00,11.13,11.17,11.12,11.16,97337
2026-09-03,13:00:00,11.15,11.29,11.15,11.26,523309
2026-09-03,13:30:00,11.25,11.27,11.23,11.26,181315
2026-09-03,14:00:00,11.25,11.25,11.21,11.24,127558
2026-09-03,14:30:00,11.25,11.25,11.18,11.22,154452
2026-09-03,15:00:00,11.22,11.22,11.22,11.22,39877
2026-09-06,10:00:00,11.3,11.39,11.25,11.34,443491
2026-09-06,10:30:00,11.34,11.43,11.31,11.38,483951
2026-09-06,11:00:00,11.38,11.47,11.35,11.36,480810
2026-09-06,11:30:00,11.36,11.38,11.32,11.32,180921
2026-09-06,12:00:00,11.32,11.34,11.29,11.32,255897
2026-09-06,12:30:00,11.31,11.32,11.28,11.28,99634
2026-09-06,13:00:00,11.28,11.3,11.26,11.26,210894
2026-09-06,13:30:00,11.26,11.29,11.26,11.26,161599
2026-09-06,14:00:00,11.26,11.26,11.22,11.25,155043
2026-09-06,14:30:00,11.25,11.26,11.23,11.24,95553
2026-09-06,15:00:00,11.24,11.24,11.24,11.24,38963
2026-09-07,10:00:00,11.22,11.24,11.19,11.2,191838
2026-09-07,10:30:00,11.21,11.21,11.17,11.18,114964
2026-09-07,11:00:00,11.18,11.19,11.15,11.17,246224
2026-09-07,11:30:00,11.17,11.18,11.15,11.16,184276
2026-09-07,12:00:00,11.17,11.17,11.15,11.16,98084
2026-09-07,12:30:00,11.15,11.18,11.15,11.17,71733
2026-09-07,13:00:00,11.17,11.18,11.16,11.17,44884
2026-09-07,13:30:00,11.17,11.18,11.15,11.16,159959
2026-09-07,14:00:00,11.17,11.17,11.13,11.15,141419
2026-09-07,14:30:00,11.15,11.16,11.13,11.14,157712
2026-09-07,15:00:00,11.14,11.14,11.14,11.14,66326
2026-09-08,10:00:00,11.13,11.13,11.09,11.11,206800
2026-09-08,10:30:00,11.1,11.12,11.09,11.11,209045
2026-09-08,11:00:00,11.1,11.12,11.09,11.11,112492
2026-09-08,11:30:00,11.11,11.13,11.1,11.11,62387
2026-09-08,12:00:00,11.11,11.12,11.11,11.12,29459
2026-09-08,12:30:00,11.13,11.14,11.1,11.12,75660
2026-09-08,13:00:00,11.12,11.13,11.11,11.11,40144
2026-09-08,13:30:00,11.11,11.12,11.1,11.11,82354
2026-09-08,14:00:00,11.11,11.2,11.09,11.18,164064
2026-09-08,14:30:00,11.19,11.22,11.14,11.17,171115
2026-09-08,15:00:00,11.15,11.15,11.15,11.15,17047
2026-09-09,10:00:00,11.17,11.39,11.16,11.33,1026621
2026-09-09,10:30:00,11.34,11.35,11.29,11.29,280805
2026-09-09,11:00:00,11.3,11.35,11.27,11.31,375980
2026-09-09,11:30:00,11.31,11.35,11.3,11.3,151528
2026-09-09,12:00:00,11.3,11.31,11.25,11.25,277545
2026-09-09,12:30:00,11.25,11.29,11.24,11.27,150500
2026-09-09,13:00:00,11.28,11.3,11.26,11.27,167599
2026-09-09,13:30:00,11.27,11.27,11.24,11.25,158413
2026-09-09,14:00:00,11.25,11.26,11.22,11.23,174700
2026-09-09,14:30:00,11.22,11.24,11.2,11.22,97884
2026-09-09,15:00:00,11.21,11.21,11.21,11.21,121371
2026-09-10,10:00:00,11.22,11.22,11.15,11.17,194218
2026-09-10,10:30:00,11.16,11.19,11.15,11.16,126192
2026-09-10,11:00:00,11.16,11.16,11.14,11.15,113959
2026-09-10,11:30:00,11.15,11.16,11.13,11.15,132758
2026-09-10,12:00:00,11.15,11.19,11.13,11.16,114118
2026-09-10,12:30:00,11.17,11.19,11.16,11.19,184734
2026-09-10,13:00:00,11.2,11.24,11.18,11.21,369911
2026-09-10,13:30:00,11.19,11.2,11.18,11.18,69550
2026-09-10,14:00:00,11.18,11.19,11.15,11.16,219063
2026-09-10,14:30:00,11.16,11.17,11.14,11.15,295330
2026-09-10,15:00:00,11.18,11.18,11.18,11.18,18848
2026-09-13,10:00:00,11.07,11.17,10.92,10.99,847049
2026-09-13,10:30:00,10.99,11.0,10.92,10.94,433999
2026-09-13,11:00:00,10.94,10.97,10.92,10.92,160854
2026-09-13,11:30:00,10.94,10.94,10.81,10.85,521755
2026-09-13,12:00:00,10.85,10.9,10.83,10.88,137967
2026-09-13,12:30:00,10.89,10.9,10.86,10.88,82698
2026-09-13,13:00:00,10.88,10.9,10.81,10.85,206569
2026-09-13,13:30:00,10.84,10.89,10.83,10.87,97410
2026-09-13,14:00:00,10.87,10.88,10.85,10.86,27547
2026-09-13,14:30:00,10.87,10.88,10.74,10.78,543123
2026-09-13,15:00:00,10.75,10.75,10.75,10.75,100436
2026-09-14,10:00:00,10.76,10.8,10.54,10.56,484046
2026-09-14,10:30:00,10.56,10.63,10.56,10.6,164238
2026-09-14,11:00:00,10.61,10.63,10.48,10.5,453160
2026-09-14,11:30:00,10.5,10.5,10.32,10.32,616213
2026-09-14,12:00:00,10.31,10.4,10.29,10.3,509413
2026-09-14,12:30:00,10.3,10.47,10.29,10.45,442646
2026-09-14,13:00:00,10.45,10.46,10.39,10.45,170722
2026-09-14,13:30:00,10.44,10.47,10.4,10.45,152095
2026-09-14,14:00:00,10.44,10.55,10.43,10.54,235529
2026-09-14,14:30:00,10.54,10.6,10.5,10.55,358923
2026-09-14,15:00:00,10.56,10.56,10.56,10.56,37968
2026-09-15,10:00:00,10.55,10.58,10.46,10.47,309442
2026-09-15,10:30:00,10.47,10.49,10.28,10.36,341968
2026-09-15,11:00:00,10.35,10.36,10.3,10.33,211095
2026-09-15,11:30:00,10.33,10.35,10.27,10.3,251047
2026-09-15,12:00:00,10.29,10.32,10.27,10.28,115245
2026-09-15,12:30:00,10.29,10.29,10.26,10.27,177286
2026-09-15,13:00:00,10.26,10.26,10.18,10.2,384965
2026-09-15,13:30:00,10.21,10.21,10.14,10.17,369457
2026-09-15,14:00:00,10.17,10.18,10.1,10.13,365413
2026-09-15,14:30:00,10.11,10.17,10.07,10.13,603358
2026-09-15,15:00:00,10.1,10.1,10.1,10.1,52841
2026-09-16,10:00:00,10.14,10.3,10.14,10.23,432033
2026-09-16,10:30:00,10.24,10.4,10.19,10.35,401567
2026-09-16,11:00:00,10.36,10.44,10.3,10.41,573873
2026-09-16,11:30:00,10.43,10.51,10.31,10.31,1028453
2026-09-16,12:00:00,10.31,10.32,10.2,10.31,623531
2026-09-16,12:30:00,10.32,10.43,10.31,10.4,182558
2026-09-16,13:00:00,10.38,10.5,10.35,10.48,321123
2026-09-16,13:30:00,10.48,10.56,10.44,10.51,532656
2026-09-16,14:00:00,10.5,10.62,10.5,10.53,571047
2026-09-16,14:30:00,10.51,10.57,10.43,10.45,297178
2026-09-16,15:00:00,10.49,10.49,10.49,10.49,25979
2026-09-17,10:00:00,10.46,10.46,10.35,10.38,222776
2026-09-17,10:30:00,10.36,10.4,10.35,10.39,119455
2026-09-17,11:00:00,10.37,10.38,10.33,10.38,152516
2026-09-17,11:30:00,10.39,10.4,10.34,10.35,66227
2026-09-17,12:00:00,10.37,10.45,10.35,10.39,251883
2026-09-17,12:30:00,10.39,10.39,10.36,10.38,75518
2026-09-17,13:00:00,10.38,10.4,10.36,10.38,54153
2026-09-17,13:30:00,10.38,10.42,10.37,10.42,56761
2026-09-17,14:00:00,10.42,10.42,10.36,10.38,116499
2026-09-17,14:30:00,10.4,10.41,10.35,10.4,153312
2026-09-17,15:00:00,10.36,10.36,10.36,10.36,43682
2026-09-20,10:00:00,10.38,10.38,10.15,10.22,451445
2026-09-20,10:30:00,10.22,10.24,10.19,10.22,94129
2026-09-20,11:00:00,10.23,10.27,10.23,10.24,60143
2026-09-20,11:30:00,10.24,10.24,10.18,10.2,91749
2026-09-20,12:00:00,10.2,10.2,10.18,10.2,17546
2026-09-20,12:30:00,10.2,10.2,10.15,10.18,82159
2026-09-20,13:00:00,10.16,10.19,10.16,10.18,41757
2026-09-20,13:30:00,10.17,10.21,10.17,10.21,51451
2026-09-20,14:00:00,10.2,10.2,10.15,10.17,79309
2026-09-20,14:30:00,10.16,10.21,10.15,10.19,121607
2026-09-20,15:00:00,10.2,10.2,10.2,10.2,23740
2026-09-21,10:00:00,10.18,10.33,10.15,10.18,284869
2026-09-21,10:30:00,10.18,10.21,10.13,10.19,82094
2026-09-21,11:00:00,10.19,10.24,10.17,10.21,62987
2026-09-21,11:30:00,10.22,10.25,10.21,10.24,97621
2026-09-21,12:00:00,10.24,10.3,10.2,10.24,246509
2026-09-21,12:30:00,10.23,10.23,10.17,10.2,45764
2026-09-21,13:00:00,10.19,10.19,10.17,10.18,59410
2026-09-21,13:30:00,10.18,10.18,10.14,10.15,76902
2026-09-21,14:00:00,10.16,10.17,10.13,10.13,121698
2026-09-21,14:30:00,10.13,10.15,10.12,10.13,71280
2026-09-21,15:00:00,10.14,10.14,10.14,10.14,16528
