Date,Time,Open,High,Low,Close,Volume
2024-09-02,10:00:00,72.4,72.6,71.8,72.0,62527
2024-09-02,10:30:00,72.0,72.0,71.7,71.9,59250
2024-09-02,11:00:00,71.8,71.9,71.6,71.7,58177
2024-09-02,11:30:00,71.7,71.8,71.4,71.4,40217
2024-09-02,12:00:00,71.5,71.5,71.3,71.5,35909
2024-09-02,12:30:00,71.4,71.5,71.2,71.4,34447
2024-09-02,13:00:00,71.4,71.5,71.2,71.3,34906
2024-09-02,13:30:00,71.2,71.4,71.1,71.3,22038
2024-09-02,14:00:00,71.3,71.4,71.1,71.3,32739
2024-09-02,14:30:00,71.2,71.4,71.1,71.3,19095
2024-09-03,10:15:00,71.2,71.7,71.2,71.5,40940
2024-09-03,10:45:00,71.5,71.7,71.3,71.5,52527
2024-09-03,11:15:00,71.5,71.7,71.3,71.7,42653
2024-09-03,11:45:00,71.7,72.1,71.7,71.8,42204
2024-09-03,12:15:00,71.8,72.1,71.7,72.0,38909
2024-09-03,12:45:00,71.9,72.3,71.8,72.0,61502
2024-09-03,13:15:00,72.0,72.2,71.7,71.9,34446
2024-09-03,13:45:00,71.8,73.9,71.7,73.2,430010
2024-09-03,14:15:00,73.2,73.4,73.0,73.2,109847
2024-09-03,14:45:00,73.2,73.3,72.8,73.2,42078
2024-09-04,10:15:00,72.0,72.3,71.6,72.2,82071
2024-09-04,10:45:00,72.2,72.4,71.8,71.9,55303
2024-09-04,11:15:00,71.9,72.2,71.8,72.0,37132
2024-09-04,11:45:00,72.0,72.1,71.8,71.8,25318
2024-09-04,12:15:00,71.8,71.9,71.6,71.9,40019
2024-09-04,12:45:00,71.9,71.9,71.3,71.5,66212
2024-09-04,13:15:00,71.4,71.6,71.4,71.5,47413
2024-09-04,13:45:00,71.6,71.8,71.4,71.8,46267
2024-09-04,14:15:00,71.7,71.8,71.3,71.5,46907
2024-09-04,14:45:00,71.5,72.0,71.4,71.8,48077
2024-09-05,10:15:00,72.5,72.8,72.1,72.3,71239
2024-09-05,10:45:00,72.3,72.8,72.1,72.6,64312
2024-09-05,11:15:00,72.6,72.7,72.2,72.3,25069
2024-09-05,11:45:00,72.4,72.4,71.8,71.9,61907
2024-09-05,12:15:00,71.9,72.0,71.8,72.0,26550
2024-09-05,12:45:00,71.9,72.1,71.8,72.0,28327
2024-09-05,13:15:00,71.9,72.4,71.9,72.0,37361
2024-09-05,13:45:00,72.1,72.4,71.7,71.8,94613
2024-09-05,14:15:00,71.8,72.2,71.8,71.9,45603
2024-09-05,14:45:00,71.9,72.1,71.9,72.0,39961
2024-09-08,10:15:00,71.7,72.3,71.6,71.7,42215
2024-09-08,10:45:00,71.7,71.9,71.1,71.2,44768
2024-09-08,11:15:00,71.2,71.7,71.1,71.4,23250
2024-09-08,11:45:00,71.3,71.5,71.2,71.3,15114
2024-09-08,12:15:00,71.3,71.3,71.1,71.2,19873
2024-09-08,12:45:00,71.2,71.6,71.2,71.6,9289
2024-09-08,13:15:00,71.6,71.7,71.4,71.5,12638
2024-09-08,13:45:00,71.4,71.7,71.4,71.4,7990
2024-09-08,14:15:00,71.4,71.5,71.2,71.2,23606
2024-09-08,14:45:00,71.2,71.6,71.2,71.5,32357
2024-09-09,10:15:00,71.6,71.6,71.3,71.4,11571
2024-09-09,10:45:00,71.4,71.5,71.1,71.2,19383
2024-09-09,11:15:00,71.2,71.2,71.0,71.2,18821
2024-09-09,11:45:00,71.2,71.2,70.9,71.2,14146
2024-09-09,12:15:00,71.2,71.3,71.1,71.2,11424
2024-09-09,12:45:00,71.4,71.7,71.3,71.7,10938
2024-09-09,13:15:00,71.6,71.7,71.4,71.4,10845
2024-09-09,13:45:00,71.4,71.5,71.3,71.5,7815
2024-09-09,14:15:00,71.4,71.5,71.2,71.3,16280
2024-09-09,14:45:00,71.3,71.6,71.3,71.3,13812
2024-09-10,10:15:00,71.7,71.8,71.5,71.5,18716
2024-09-10,10:45:00,71.7,71.7,71.3,71.4,14493
2024-09-10,11:15:00,71.4,71.7,71.3,71.4,13377
2024-09-10,11:45:00,71.4,71.4,71.1,71.2,14841
2024-09-10,12:15:00,71.2,71.3,71.0,71.0,25883
2024-09-10,12:45:00,71.1,71.3,71.0,71.2,13092
2024-09-10,13:15:00,71.2,71.4,71.2,71.3,8504
2024-09-10,13:45:00,71.2,71.5,71.2,71.3,11684
2024-09-10,14:15:00,71.3,71.4,71.2,71.3,8031
2024-09-10,14:45:00,71.3,71.5,71.2,71.5,12811
2024-09-11,10:15:00,71.1,71.4,71.0,71.3,21473
2024-09-11,10:45:00,71.3,71.3,70.9,71.0,13673
2024-09-11,11:15:00,71.1,71.2,70.9,71.0,9887
2024-09-11,11:45:00,71.0,71.1,70.9,71.0,3774
2024-09-11,12:15:00,70.9,71.2,70.9,71.2,11988
2024-09-11,12:45:00,71.2,71.2,70.9,71.0,13339
2024-09-11,13:15:00,70.9,71.0,70.8,71.0,16656
2024-09-11,13:45:00,71.0,71.1,70.8,70.8,14584
2024-09-11,14:15:00,70.9,71.0,70.4,70.9,43449
2024-09-11,14:45:00,71.0,71.0,70.6,70.7,18077
2024-09-12,10:15:00,71.3,71.6,71.2,71.2,20345
2024-09-12,10:45:00,71.2,71.4,71.2,71.2,5965
2024-09-12,11:15:00,71.2,71.3,71.1,71.1,5901
2024-09-12,11:45:00,71.1,71.2,71.0,71.0,8219
2024-09-12,12:15:00,71.1,71.2,70.8,71.0,17428
2024-09-12,12:45:00,71.0,71.3,70.9,71.0,13861
2024-09-12,13:15:00,71.0,71.2,71.0,71.1,2462
2024-09-12,13:45:00,71.1,71.3,71.0,71.2,4583
2024-09-12,14:15:00,71.2,71.3,71.1,71.1,13114
2024-09-12,14:45:00,71.1,71.2,70.9,71.1,14682
2024-09-15,10:15:00,71.5,71.6,71.4,71.4,14761
2024-09-15,10:45:00,71.4,71.5,71.3,71.3,12360
2024-09-15,11:15:00,71.3,71.4,70.7,70.9,32176
2024-09-15,11:45:00,70.8,70.9,70.3,70.6,24900
2024-09-15,12:15:00,70.6,70.8,70.5,70.7,13872
2024-09-15,12:45:00,70.7,70.8,70.3,70.4,22089
2024-09-15,13:15:00,70.5,70.5,69.9,70.1,46071
2024-09-15,13:45:00,70.2,70.3,69.8,70.1,35780
2024-09-15,14:15:00,70.1,70.1,69.8,69.9,38946
2024-09-15,14:45:00,70.0,70.0,69.5,69.8,24887
2024-09-16,10:15:00,69.5,69.6,69.1,69.1,29220
2024-09-16,10:45:00,69.1,69.2,69.0,69.1,15094
2024-09-16,11:15:00,69.1,69.4,69.0,69.4,6518
2024-09-16,11:45:00,69.4,69.4,69.1,69.3,13391
2024-09-16,12:15:00,69.3,69.4,69.2,69.2,5311
2024-09-16,12:45:00,69.3,69.5,69.3,69.3,11750
2024-09-16,13:15:00,69.3,69.4,69.2,69.3,11665
2024-09-16,13:45:00,69.3,69.7,69.2,69.5,14772
2024-09-16,14:15:00,69.5,69.7,69.4,69.7,16140
2024-09-16,14:45:00,69.7,69.7,69.4,69.6,7369
2024-09-17,10:15:00,69.5,69.5,69.3,69.4,11696
2024-09-17,10:45:00,69.5,69.5,69.2,69.4,6408
2024-09-17,11:15:00,69.4,69.5,69.3,69.3,16974
2024-09-17,11:45:00,69.3,69.4,69.1,69.3,14026
2024-09-17,12:15:00,69.3,69.4,69.1,69.2,12035
2024-09-17,12:45:00,69.3,69.4,69.1,69.4,6749
2024-09-17,13:15:00,69.3,69.4,69.1,69.2,16304
2024-09-17,13:45:00,69.2,69.2,68.9,69.0,18626
2024-09-17,14:15:00,69.0,69.0,68.9,68.9,16738
2024-09-17,14:45:00,68.9,69.0,68.9,69.0,24676
2024-09-18,10:15:00,69.2,69.3,69.2,69.2,7129
2024-09-18,10:45:00,69.3,70.4,69.2,70.3,77290
2024-09-18,11:15:00,70.3,70.4,69.9,69.9,15473
2024-09-18,11:45:00,70.0,70.1,69.7,69.8,12201
2024-09-18,12:15:00,69.8,69.9,69.5,69.8,17977
2024-09-18,12:45:00,69.9,70.2,69.8,70.1,12766
2024-09-18,13:15:00,70.1,70.2,69.9,70.0,11630
2024-09-18,13:45:00,70.0,70.1,69.9,70.0,15936
2024-09-18,14:15:00,70.0,70.3,69.9,70.1,15494
2024-09-18,14:45:00,70.1,70.5,70.1,70.4,12819
2024-09-19,10:15:00,70.4,70.7,70.3,70.4,20665
2024-09-19,10:45:00,70.3,70.9,70.2,70.5,10336
2024-09-19,11:15:00,70.5,71.6,70.5,71.1,47166
2024-09-19,11:45:00,71.1,71.2,71.0,71.1,5991
2024-09-19,12:15:00,71.2,71.7,71.0,71.5,45956
2024-09-19,12:45:00,71.5,71.5,71.2,71.3,18645
2024-09-19,13:15:00,71.3,71.5,71.2,71.3,12425
2024-09-19,13:45:00,71.2,71.7,71.2,71.7,18429
2024-09-19,14:15:00,71.6,71.8,71.3,71.4,53173
2024-09-19,14:45:00,71.4,71.5,71.1,71.2,36695
2024-09-22,10:15:00,71.3,71.7,71.3,71.4,6017
2024-09-22,10:45:00,71.4,71.6,71.3,71.5,4574
2024-09-22,11:15:00,71.5,71.6,71.2,71.3,6890
2024-09-22,11:45:00,71.3,71.3,71.1,71.2,8371
2024-09-22,12:15:00,71.2,71.3,71.1,71.2,6560
2024-09-22,12:45:00,71.2,71.4,71.2,71.3,4473
2024-09-22,13:15:00,71.3,71.5,71.2,71.4,20225
2024-09-22,13:45:00,71.3,71.5,71.3,71.4,5552
2024-09-22,14:15:00,71.4,71.8,71.3,71.5,31222
2024-09-22,14:45:00,71.6,71.7,71.3,71.6,31182
2024-09-24,10:15:00,71.5,71.6,71.0,71.4,34822
2024-09-24,10:45:00,71.5,71.8,71.2,71.8,22933
2024-09-24,11:15:00,71.5,71.7,71.2,71.6,11509
2024-09-24,11:45:00,71.3,71.6,71.3,71.5,7330
2024-09-24,12:15:00,71.4,71.6,71.3,71.5,6631
2024-09-24,12:45:00,71.4,71.6,71.4,71.4,7276
2024-09-24,13:15:00,71.4,71.6,71.3,71.5,8587
2024-09-24,13:45:00,71.5,71.6,71.4,71.6,9682
2024-09-24,14:15:00,71.5,71.8,71.5,71.7,18269
2024-09-24,14:45:00,71.7,72.2,71.6,72.1,55735
2024-09-25,10:15:00,72.4,72.5,71.9,72.3,51846
2024-09-25,10:45:00,72.2,72.9,72.0,72.3,154382
2024-09-25,11:15:00,72.3,72.4,72.1,72.3,32683
2024-09-25,11:45:00,72.3,72.3,72.1,72.1,9267
2024-09-25,12:15:00,72.1,72.3,72.0,72.2,24799
2024-09-25,12:45:00,72.3,72.3,72.0,72.0,15672
2024-09-25,13:15:00,72.0,72.4,72.0,72.2,11190
2024-09-25,13:45:00,72.4,73.0,72.2,72.9,130048
2024-09-25,14:15:00,72.9,73.1,72.5,72.7,39910
2024-09-25,14:45:00,72.8,72.9,72.6,72.6,20860
2024-09-26,10:15:00,72.7,73.0,72.6,73.0,32568
2024-09-26,10:45:00,72.9,73.2,72.8,73.0,41785
2024-09-26,11:15:00,72.9,73.0,72.7,72.9,9917
2024-09-26,11:45:00,72.8,72.8,72.5,72.7,12870
2024-09-26,12:15:00,72.7,72.7,72.4,72.6,18131
2024-09-26,12:45:00,72.7,72.7,72.3,72.4,32444
2024-09-26,13:15:00,72.4,72.5,72.2,72.4,30320
2024-09-26,13:45:00,72.5,72.6,72.3,72.4,20606
2024-09-26,14:15:00,72.3,72.5,72.1,72.1,50236
2024-09-26,14:45:00,72.1,72.2,71.9,72.1,52063
2024-09-29,10:15:00,72.0,72.4,71.7,72.3,50645
2024-09-29,10:45:00,72.2,72.4,71.9,72.1,23015
2024-09-29,11:15:00,72.1,72.3,71.9,72.0,39159
2024-09-29,11:45:00,72.0,72.1,71.9,71.9,17117
2024-09-29,12:15:00,71.9,72.0,71.8,71.8,7369
2024-09-29,12:45:00,71.8,72.0,71.5,71.7,35640
2024-09-29,13:15:00,71.7,71.8,71.5,71.6,12510
2024-09-29,13:45:00,71.7,71.7,71.4,71.5,21135
2024-09-29,14:15:00,71.5,71.6,71.4,71.5,12239
2024-09-29,14:45:00,71.5,71.7,71.4,71.5,9060
2024-09-30,10:00:00,71.2,71.7,71.2,71.2,25050
2024-09-30,10:30:00,71.3,71.5,71.1,71.3,48882
2024-09-30,11:00:00,71.3,71.3,71.1,71.1,8499
2024-09-30,11:30:00,71.2,71.3,71.1,71.1,10156
2024-09-30,12:00:00,71.1,71.2,71.0,71.1,14972
2024-09-30,12:30:00,71.1,71.3,71.1,71.2,4534
2024-09-30,13:00:00,71.3,71.3,70.7,70.7,43407
2024-09-30,13:30:00,70.7,71.2,70.7,71.1,27446
2024-09-30,14:00:00,71.0,71.1,70.6,70.6,16381
2024-09-30,14:30:00,70.6,70.9,70.6,70.8,14223
2024-09-30,15:00:00,70.8,70.8,70.8,70.8,2506
2024-10-01,10:00:00,70.8,70.9,70.2,70.6,17105
2024-10-01,10:30:00,70.5,70.7,70.4,70.5,8864
2024-10-01,11:00:00,70.6,70.8,70.4,70.8,14144
2024-10-01,11:30:00,70.7,70.8,70.5,70.6,4005
2024-10-01,12:00:00,70.6,70.7,70.4,70.5,14791
2024-10-01,12:30:00,70.5,70.7,70.5,70.5,5783
2024-10-01,13:00:00,70.5,70.6,70.4,70.5,5310
2024-10-01,13:30:00,70.4,70.5,70.3,70.4,5969
2024-10-01,14:00:00,70.4,70.6,70.4,70.5,5292
2024-10-01,14:30:00,70.4,70.7,70.2,70.3,28247
2024-10-01,15:00:00,70.3,70.3,70.3,70.3,6759
2024-10-02,10:00:00,70.0,70.1,69.2,70.1,50389
2024-10-02,10:30:00,70.1,70.1,69.5,69.6,61220
2024-10-02,11:00:00,69.6,69.9,69.5,69.9,8103
2024-10-02,11:30:00,70.0,70.2,69.7,69.7,13794
2024-10-02,12:00:00,69.7,70.0,69.7,69.8,7513
2024-10-02,12:30:00,69.7,70.0,69.5,69.8,15381
2024-10-02,13:00:00,69.8,69.8,69.5,69.6,10403
2024-10-02,13:30:00,69.5,69.6,69.3,69.3,35037
2024-10-02,14:00:00,69.3,69.5,69.2,69.3,12533
2024-10-02,14:30:00,69.3,70.0,69.1,69.3,60072
2024-10-02,15:00:00,69.3,69.3,69.3,69.3,2852
2024-10-03,10:00:00,69.3,69.8,69.1,69.4,12477
2024-10-03,10:30:00,69.3,69.5,69.2,69.3,9746
2024-10-03,11:00:00,69.3,69.3,69.0,69.2,37477
2024-10-03,11:30:00,69.3,69.5,69.1,69.5,12811
2024-10-03,12:00:00,69.5,69.8,69.5,69.5,4930
2024-10-03,12:30:00,69.6,69.7,69.4,69.4,7819
2024-10-03,13:00:00,69.5,69.5,69.3,69.4,4266
2024-10-03,13:30:00,69.3,69.3,69.0,69.1,19209
2024-10-03,14:00:00,69.0,69.2,68.7,68.8,42864
2024-10-03,14:30:00,68.8,69.2,68.6,69.0,51536
2024-10-03,15:00:00,69.0,69.0,69.0,69.0,4536
2024-10-06,10:00:00,69.0,69.4,67.0,67.9,65938
2024-10-06,10:30:00,68.0,68.0,67.5,68.0,12757
2024-10-06,11:00:00,68.0,68.0,67.3,67.4,22082
2024-10-06,11:30:00,67.4,68.0,67.3,68.0,37952
2024-10-06,12:00:00,68.1,68.2,67.8,67.8,28375
2024-10-06,12:30:00,67.8,68.0,67.6,67.8,9039
2024-10-06,13:00:00,67.8,67.9,67.4,67.4,13978
2024-10-06,13:30:00,67.5,67.5,67.0,67.4,25983
2024-10-06,14:00:00,67.2,67.3,66.5,66.6,31775
2024-10-06,14:30:00,66.6,67.0,66.0,66.2,52875
2024-10-06,15:00:00,66.2,66.2,66.2,66.2,6507
2024-10-07,10:00:00,66.0,68.2,66.0,67.2,58230
2024-10-07,10:30:00,67.2,67.6,66.8,67.5,44071
2024-10-07,11:00:00,67.4,68.4,67.4,68.2,53874
2024-10-07,11:30:00,68.3,68.4,68.0,68.4,25161
2024-10-07,12:00:00,68.3,68.9,68.1,68.6,36379
2024-10-07,12:30:00,68.6,68.9,68.4,68.8,30729
2024-10-07,13:00:00,68.7,68.8,68.5,68.7,12181
2024-10-07,13:30:00,68.6,69.3,68.5,69.1,26044
2024-10-07,14:00:00,69.1,69.3,68.7,69.3,20771
2024-10-07,14:30:00,69.3,70.1,69.2,69.7,45823
2024-10-07,15:00:00,69.9,69.9,69.9,69.9,10721
2024-10-08,10:00:00,70.4,70.4,67.8,67.9,149005
2024-10-08,10:30:00,68.0,68.1,67.4,68.0,57229
2024-10-08,11:00:00,68.0,68.1,67.4,68.0,63586
2024-10-08,11:30:00,67.9,68.0,67.5,67.7,29655
2024-10-08,12:00:00,67.7,67.8,67.0,67.5,41104
2024-10-08,12:30:00,67.4,67.9,67.2,67.4,35432
2024-10-08,13:00:00,67.4,67.6,66.9,67.3,66448
2024-10-08,13:30:00,67.3,67.6,67.0,67.5,37262
2024-10-08,14:00:00,67.5,67.8,67.4,67.5,49835
2024-10-08,14:30:00,67.6,67.7,67.3,67.3,43889
2024-10-08,15:00:00,67.3,67.3,67.3,67.3,10290
2024-10-09,10:00:00,67.7,67.8,67.3,67.4,20317
2024-10-09,10:30:00,67.4,67.6,66.9,66.9,45164
2024-10-09,11:00:00,67.0,67.0,66.3,66.6,43281
2024-10-09,11:30:00,66.6,66.8,66.5,66.5,14366
2024-10-09,12:00:00,66.6,66.9,66.5,66.7,8834
2024-10-09,12:30:00,66.7,66.8,66.5,66.5,8490
2024-10-09,13:00:00,66.6,66.7,66.1,66.6,46009
2024-10-09,13:30:00,66.5,67.0,66.1,66.5,70411
2024-10-09,14:00:00,66.4,66.4,66.1,66.1,32146
2024-10-09,14:30:00,66.2,66.5,65.7,65.9,33146
2024-10-09,15:00:00,65.7,65.7,65.7,65.7,9752
2024-10-10,10:00:00,65.8,66.3,65.7,66.2,16649
2024-10-10,10:30:00,66.2,66.2,65.9,66.2,11495
2024-10-10,11:00:00,66.2,66.3,66.0,66.0,10038
2024-10-10,11:30:00,65.9,66.1,65.7,66.0,8299
2024-10-10,12:00:00,65.9,66.1,65.8,66.0,2459
2024-10-10,12:30:00,66.0,66.7,66.0,66.6,17435
2024-10-10,13:00:00,66.6,66.7,66.3,66.4,24131
2024-10-10,13:30:00,66.3,66.8,66.2,66.5,27976
2024-10-10,14:00:00,66.7,66.8,66.2,66.2,15329
2024-10-10,14:30:00,66.4,66.4,66.0,66.1,28386
2024-10-10,15:00:00,66.0,66.0,66.0,66.0,6162
2024-10-13,10:00:00,67.0,67.2,66.3,67.0,31187
2024-10-13,10:30:00,66.9,67.1,66.8,67.0,9431
2024-10-13,11:00:00,66.9,66.9,66.5,66.8,22628
2024-10-13,11:30:00,66.7,67.0,66.6,66.8,11972
2024-10-13,12:00:00,66.8,66.8,66.6,66.7,23010
2024-10-13,12:30:00,66.6,66.6,66.2,66.3,23312
2024-10-13,13:00:00,66.3,66.6,66.0,66.1,54065
2024-10-13,13:30:00,66.1,66.4,65.7,65.9,40610
2024-10-13,14:00:00,65.9,66.0,65.4,65.6,72705
2024-10-13,14:30:00,65.6,65.6,65.1,65.4,66300
2024-10-14,10:15:00,65.3,65.7,65.2,65.6,43585
2024-10-14,10:45:00,65.6,65.9,65.5,65.6,30489
2024-10-14,11:15:00,65.6,66.2,65.5,65.6,43331
2024-10-14,11:45:00,65.6,65.7,65.5,65.6,7443
2024-10-14,12:15:00,65.5,65.7,65.5,65.6,5298
2024-10-14,12:45:00,65.6,65.8,65.5,65.7,11342
2024-10-14,13:15:00,65.7,65.7,65.3,65.4,10130
2024-10-14,13:45:00,65.5,65.8,65.3,65.7,8341
2024-10-14,14:15:00,65.6,65.9,65.4,65.7,36940
2024-10-14,14:45:00,65.7,65.8,65.5,65.5,27362
2024-10-15,10:15:00,65.9,66.1,65.5,65.7,11111
2024-10-15,10:45:00,65.6,65.7,65.4,65.5,19495
2024-10-15,11:15:00,65.6,65.6,65.2,65.3,33619
2024-10-15,11:45:00,65.4,65.5,65.3,65.4,3629
2024-10-15,12:15:00,65.5,65.9,65.5,65.6,29460
2024-10-15,12:45:00,65.7,65.8,65.4,65.6,9336
2024-10-15,13:15:00,65.5,65.8,65.5,65.7,8954
2024-10-15,13:45:00,65.7,66.0,65.5,65.5,42896
2024-10-15,14:15:00,65.5,65.8,65.4,65.4,12431
2024-10-15,14:45:00,65.5,65.7,65.5,65.7,19854
2024-10-16,10:15:00,66.1,66.2,65.6,65.7,29941
2024-10-16,10:45:00,65.7,65.9,65.6,65.9,15748
2024-10-16,11:15:00,65.8,66.0,65.8,65.9,8081
2024-10-16,11:45:00,66.0,66.0,65.9,66.0,4598
2024-10-16,12:15:00,65.9,66.0,65.9,66.0,14172
2024-10-16,12:45:00,65.9,66.2,65.8,66.0,27808
2024-10-16,13:15:00,66.0,67.1,66.0,66.7,119240
2024-10-16,13:45:00,66.8,67.4,66.7,67.3,95146
2024-10-16,14:15:00,67.3,67.7,67.2,67.4,97248
2024-10-16,14:45:00,67.4,68.7,67.1,68.7,178714
2024-10-17,10:15:00,67.8,67.9,67.4,67.8,31613
2024-10-17,10:45:00,67.7,68.0,67.6,67.8,20035
2024-10-17,11:15:00,68.0,68.0,67.7,67.7,7138
2024-10-17,11:45:00,67.7,67.9,67.6,67.7,2387
2024-10-17,12:15:00,67.7,67.8,67.6,67.6,1919
2024-10-17,12:45:00,67.7,67.7,67.2,67.3,25179
2024-10-17,13:15:00,67.3,67.4,66.9,67.0,19105
2024-10-17,13:45:00,67.0,67.2,66.8,66.8,17634
2024-10-17,14:15:00,66.8,67.0,66.3,66.4,25250
2024-10-17,14:45:00,66.4,66.4,66.1,66.3,41006
2024-10-20,10:15:00,66.2,66.2,65.5,65.8,28902
2024-10-20,10:45:00,65.8,66.1,65.7,65.8,5998
2024-10-20,11:15:00,65.9,66.0,65.8,65.9,6990
2024-10-20,11:45:00,66.0,66.0,65.9,65.9,2180
2024-10-20,12:15:00,65.9,66.0,65.8,65.8,1935
2024-10-20,12:45:00,65.8,65.9,65.7,65.7,6303
2024-10-20,13:15:00,65.8,66.0,65.6,65.9,5088
2024-10-20,13:45:00,66.0,66.1,65.8,66.0,12981
2024-10-20,14:15:00,66.0,66.3,65.9,66.0,27696
2024-10-20,14:45:00,65.9,66.0,65.5,65.9,44439
2024-10-21,10:15:00,66.2,66.3,66.1,66.1,20796
2024-10-21,10:45:00,66.1,66.4,66.0,66.3,20178
2024-10-21,11:15:00,66.4,67.4,66.2,67.3,72927
2024-10-21,11:45:00,67.3,67.3,66.6,66.9,18130
2024-10-21,12:15:00,66.9,67.1,66.7,66.8,10890
2024-10-21,12:45:00,66.7,66.9,66.5,66.5,7388
2024-10-21,13:15:00,66.7,66.7,66.3,66.6,9931
2024-10-21,13:45:00,66.6,66.7,66.5,66.7,8929
2024-10-21,14:15:00,66.6,66.8,66.4,66.5,14896
2024-10-21,14:45:00,66.5,66.8,66.4,66.8,9096
2024-10-22,10:15:00,67.1,67.3,66.7,66.7,76297
2024-10-22,10:45:00,66.9,67.1,66.6,67.0,38339
2024-10-22,11:15:00,67.0,67.0,66.8,66.8,19105
2024-10-22,11:45:00,66.7,66.8,66.2,66.5,48741
2024-10-22,12:15:00,66.5,67.0,66.5,66.8,23687
2024-10-22,12:45:00,66.7,66.8,66.5,66.6,10640
2024-10-22,13:15:00,66.6,66.7,66.6,66.6,26002
2024-10-22,13:45:00,66.6,66.6,66.4,66.5,27714
2024-10-22,14:15:00,66.5,66.6,66.1,66.2,49039
2024-10-22,14:45:00,66.2,66.4,66.0,66.3,25047
2024-10-23,10:15:00,66.4,66.5,66.2,66.2,21701
2024-10-23,10:45:00,66.2,66.2,65.8,65.8,13674
2024-10-23,11:15:00,66.0,66.1,65.8,66.0,14737
2024-10-23,11:45:00,66.0,66.0,65.7,65.8,27190
2024-10-23,12:15:00,65.9,66.0,65.7,65.8,12875
2024-10-23,12:45:00,65.8,65.9,65.6,65.9,17043
2024-10-23,13:15:00,65.9,65.9,65.6,65.8,15915
2024-10-23,13:45:00,65.7,65.9,65.7,65.9,6550
2024-10-23,14:15:00,65.9,66.0,65.7,65.9,5219
2024-10-23,14:45:00,65.9,65.9,65.6,65.6,17353
2024-10-24,10:15:00,65.5,66.6,65.5,66.4,45616
2024-10-24,10:45:00,66.4,66.5,65.7,66.5,21205
2024-10-24,11:15:00,66.4,66.8,66.2,66.3,40227
2024-10-24,11:45:00,66.3,66.3,66.1,66.1,5370
2024-10-24,12:15:00,66.1,66.5,66.0,66.2,15312
2024-10-24,12:45:00,66.1,66.7,65.7,66.6,25633
2024-10-24,13:15:00,66.5,66.5,65.9,66.0,23586
2024-10-24,13:45:00,65.9,66.8,65.9,66.2,37719
2024-10-24,14:15:00,66.3,66.3,65.6,65.7,24864
2024-10-24,14:45:00,65.6,65.9,65.6,65.6,14995
2024-10-27,10:15:00,66.7,66.9,66.5,66.7,44636
2024-10-27,10:45:00,66.6,66.8,66.4,66.5,26857
2024-10-27,11:15:00,66.6,66.7,66.4,66.6,11735
2024-10-27,11:45:00,66.6,66.9,66.5,66.8,11241
2024-10-27,12:15:00,66.8,66.9,66.6,66.9,7541
2024-10-27,12:45:00,66.9,66.9,66.6,66.8,8685
2024-10-27,13:15:00,66.7,67.2,66.7,66.9,27791
2024-10-27,13:45:00,66.7,66.8,66.6,66.7,13245
2024-10-27,14:15:00,66.7,66.9,66.7,66.9,7744
2024-10-27,14:45:00,66.9,66.9,66.7,66.7,19484
2024-10-28,10:15:00,66.4,66.8,66.4,66.6,31693
2024-10-28,10:45:00,66.7,66.7,66.3,66.6,14924
2024-10-28,11:15:00,66.6,66.8,66.5,66.5,23287
2024-10-28,11:45:00,66.5,66.5,66.3,66.4,11822
2024-10-28,12:15:00,66.4,66.4,66.2,66.2,15509
2024-10-28,12:45:00,66.2,66.3,66.1,66.2,14081
2024-10-28,13:15:00,66.2,66.4,66.1,66.3,5944
2024-10-28,13:45:00,66.3,66.5,66.2,66.3,13467
2024-10-28,14:15:00,66.3,66.6,66.3,66.6,11410
2024-10-28,14:45:00,66.5,66.8,66.5,66.6,17604
2024-10-29,10:15:00,65.9,66.0,65.3,65.5,61446
2024-10-29,10:45:00,65.4,65.6,64.9,65.2,84816
2024-10-29,11:15:00,65.2,65.3,64.8,64.9,66674
2024-10-29,11:45:00,64.9,65.2,64.9,65.0,33081
2024-10-29,12:15:00,65.1,65.1,64.8,65.0,36088
2024-10-29,12:45:00,65.0,65.0,64.7,65.0,24272
2024-10-29,13:15:00,65.0,65.2,64.8,64.9,53346
2024-10-29,13:45:00,64.9,65.0,64.8,64.8,18483
2024-10-29,14:15:00,64.8,64.9,64.4,64.5,33451
2024-10-29,14:45:00,64.4,64.7,64.4,64.6,23113
2024-10-30,10:15:00,64.8,64.9,64.5,64.7,25638
2024-10-30,10:45:00,64.7,65.0,64.6,64.9,13146
2024-10-30,11:15:00,64.9,65.1,64.7,64.8,20872
2024-10-30,11:45:00,64.8,64.9,64.6,64.6,4364
2024-10-30,12:15:00,64.7,64.7,64.4,64.7,10444
2024-10-30,12:45:00,64.6,64.8,64.5,64.6,6073
2024-10-30,13:15:00,64.6,64.6,64.5,64.6,9127
2024-10-30,13:45:00,64.5,64.6,64.4,64.4,11540
2024-10-30,14:15:00,64.4,64.6,64.1,64.6,16976
2024-10-30,14:45:00,64.6,64.7,64.3,64.3,20151
2024-10-31,10:15:00,64.5,64.7,64.4,64.7,25905
2024-10-31,10:45:00,64.6,64.7,64.3,64.6,14256
2024-10-31,11:15:00,64.6,64.8,64.5,64.6,9631
2024-10-31,11:45:00,64.5,64.7,64.3,64.4,15275
2024-10-31,12:15:00,64.4,64.8,64.4,64.5,14768
2024-10-31,12:45:00,64.4,64.8,64.4,64.8,7225
2024-10-31,13:15:00,64.8,64.9,64.5,64.5,6014
2024-10-31,13:45:00,64.4,64.7,64.3,64.4,12056
2024-10-31,14:15:00,64.4,64.4,64.0,64.2,23936
2024-10-31,14:45:00,64.1,64.7,63.8,64.7,60253
2024-11-03,10:15:00,64.6,65.0,64.5,64.6,26243
2024-11-03,10:45:00,64.7,64.8,64.5,64.7,6603
2024-11-03,11:15:00,64.7,64.7,64.5,64.5,5755
2024-11-03,11:45:00,64.5,64.8,64.5,64.5,10731
2024-11-03,12:15:00,64.5,64.6,64.4,64.6,8018
2024-11-03,12:45:00,64.6,64.6,64.4,64.4,9039
2024-11-03,13:15:00,64.4,64.5,64.2,64.3,5039
2024-11-03,13:45:00,64.3,64.5,64.3,64.3,6017
2024-11-03,14:15:00,64.4,64.4,64.1,64.1,24179
2024-11-03,14:45:00,64.1,64.2,64.0,64.2,26623
2024-11-04,10:15:00,64.1,64.2,63.5,64.2,75703
2024-11-04,10:45:00,64.2,64.2,63.8,63.8,14970
2024-11-04,11:15:00,63.8,63.9,63.3,63.5,22055
2024-11-04,11:45:00,63.4,63.8,63.4,63.7,5829
2024-11-04,12:15:00,63.7,63.9,63.5,63.8,5079
2024-11-04,12:45:00,63.8,64.2,63.8,64.0,13552
2024-11-04,13:15:00,63.8,64.1,63.8,63.8,11752
2024-11-04,13:45:00,63.8,64.0,63.8,63.9,6146
2024-11-04,14:15:00,63.9,64.0,63.8,63.8,6372
2024-11-04,14:45:00,63.8,63.9,63.6,63.6,13999
2024-11-05,10:15:00,63.8,63.8,63.0,63.1,20843
2024-11-05,10:45:00,63.2,63.5,63.1,63.5,19400
2024-11-05,11:15:00,63.4,64.1,63.4,63.6,17885
2024-11-05,11:45:00,63.7,63.9,63.6,63.7,3681
2024-11-05,12:15:00,63.9,63.9,63.7,63.7,4092
2024-11-05,12:45:00,63.9,64.6,63.8,63.9,25898
2024-11-05,13:15:00,63.9,63.9,63.7,63.8,5736
2024-11-05,13:45:00,63.8,63.8,63.6,63.6,4726
2024-11-05,14:15:00,63.6,63.8,63.5,63.5,10098
2024-11-05,14:45:00,63.8,63.8,63.6,63.8,8486
2024-11-06,10:00:00,64.1,64.7,64.0,64.2,44308
2024-11-06,10:30:00,64.3,64.5,64.0,64.3,21667
2024-11-06,11:00:00,64.3,64.4,64.2,64.3,3876
2024-11-06,11:30:00,64.2,64.2,64.0,64.0,18197
2024-11-06,12:00:00,64.0,64.1,63.9,64.0,6279
2024-11-06,12:30:00,64.0,64.0,63.8,63.9,10293
2024-11-06,13:00:00,63.9,64.0,63.6,63.6,8677
2024-11-06,13:30:00,63.6,63.9,63.6,63.9,3500
2024-11-06,14:00:00,63.8,63.9,63.6,63.8,5967
2024-11-06,14:30:00,63.9,64.0,63.7,63.7,9415
2024-11-06,15:00:00,64.0,64.0,64.0,64.0,2667
2024-11-07,10:00:00,64.0,64.2,63.7,63.7,10741
2024-11-07,10:30:00,63.7,64.1,63.7,63.7,10042
2024-11-07,11:00:00,63.8,64.1,63.8,63.8,5931
2024-11-07,11:30:00,63.7,63.9,63.5,63.8,9427
2024-11-07,12:00:00,63.9,63.9,63.5,63.7,6127
2024-11-07,12:30:00,63.7,63.9,63.6,63.7,3441
2024-11-07,13:00:00,63.7,63.9,63.7,63.9,13133
2024-11-07,13:30:00,63.7,64.1,63.7,64.0,7916
2024-11-07,14:00:00,63.9,63.9,63.7,63.8,2944
2024-11-07,14:30:00,63.7,63.8,63.3,63.5,25661
2024-11-07,15:00:00,63.4,63.4,63.4,63.4,6241
2024-11-10,10:00:00,63.5,63.9,63.4,63.5,11600
2024-11-10,10:30:00,63.5,64.0,63.5,63.8,20842
2024-11-10,11:00:00,63.8,64.0,63.6,63.7,13847
2024-11-10,11:30:00,63.6,64.0,63.6,63.7,8151
2024-11-10,12:00:00,63.7,63.8,63.5,63.6,18401
2024-11-10,12:30:00,63.6,63.8,63.6,63.7,2781
2024-11-10,13:00:00,63.8,63.8,63.5,63.6,49175
2024-11-10,13:30:00,63.6,63.8,63.4,63.7,15367
2024-11-10,14:00:00,63.7,63.7,63.4,63.6,5591
2024-11-10,14:30:00,63.7,63.7,63.3,63.3,8187
2024-11-11,10:15:00,63.0,63.4,63.0,63.3,5834
2024-11-11,10:45:00,63.3,63.5,63.1,63.3,5349
2024-11-11,11:15:00,63.3,63.4,63.2,63.3,4692
2024-11-11,11:45:00,63.3,63.6,63.3,63.5,6321
2024-11-11,12:15:00,63.4,63.5,63.1,63.1,7344
2024-11-11,12:45:00,63.1,63.2,62.9,63.0,25913
2024-11-11,13:15:00,63.0,63.2,62.9,63.1,9578
2024-11-11,13:45:00,63.1,63.2,63.0,63.2,17284
2024-11-11,14:15:00,63.2,63.4,62.9,63.0,17406
2024-11-11,14:45:00,62.9,63.0,62.7,63.0,17014
2024-11-12,10:15:00,62.8,63.0,62.8,62.9,10338
2024-11-12,10:45:00,62.9,63.0,62.7,62.9,11197
2024-11-12,11:15:00,62.9,63.0,62.8,62.9,8749
2024-11-12,11:45:00,62.8,62.8,62.7,62.8,9350
2024-11-12,12:15:00,62.7,62.8,62.6,62.7,9544
2024-11-12,12:45:00,62.6,62.8,62.6,62.7,10613
2024-11-12,13:15:00,62.7,63.0,62.6,62.8,17843
2024-11-12,13:45:00,62.8,63.0,62.7,62.7,13624
2024-11-12,14:15:00,62.7,63.0,62.6,63.0,11112
2024-11-12,14:45:00,62.8,63.0,62.8,62.8,6152
2024-11-13,10:15:00,62.3,62.4,62.0,62.4,14614
2024-11-13,10:45:00,62.5,62.7,62.3,62.4,9088
2024-11-13,11:15:00,62.4,62.4,62.0,62.3,13732
2024-11-13,11:45:00,62.4,62.5,62.3,62.4,5630
2024-11-13,12:15:00,62.4,62.5,62.2,62.3,10514
2024-11-13,12:45:00,62.3,62.6,62.3,62.5,7857
2024-11-13,13:15:00,62.5,62.6,62.2,62.2,7536
2024-11-13,13:45:00,62.2,62.4,62.2,62.4,8172
2024-11-13,14:15:00,62.4,62.4,62.1,62.3,8394
2024-11-13,14:45:00,62.3,62.4,62.1,62.1,10882
2024-11-14,10:15:00,61.6,62.0,61.6,61.7,14108
2024-11-14,10:45:00,61.6,61.8,61.3,61.6,19698
2024-11-14,11:15:00,61.7,61.9,61.5,61.7,27304
2024-11-14,11:45:00,61.7,61.7,61.1,61.4,18002
2024-11-14,12:15:00,61.4,61.4,61.0,61.3,16714
2024-11-14,12:45:00,61.3,61.3,61.1,61.2,3762
2024-11-14,13:15:00,61.2,61.3,60.9,61.0,61061
2024-11-14,13:45:00,61.0,61.1,60.9,61.0,50931
2024-11-14,14:15:00,61.0,61.0,60.5,60.9,37821
2024-11-14,14:45:00,60.8,60.8,60.0,60.2,67357
2024-11-17,10:15:00,60.8,61.0,60.5,60.7,17399
2024-11-17,10:45:00,60.8,60.8,60.4,60.7,18583
2024-11-17,11:15:00,60.6,60.8,60.6,60.7,5865
2024-11-17,11:45:00,60.6,60.8,60.6,60.7,4462
2024-11-17,12:15:00,60.7,60.7,60.3,60.4,10769
2024-11-17,12:45:00,60.4,60.4,60.1,60.2,11695
2024-11-17,13:15:00,60.2,60.4,60.1,60.3,9406
2024-11-17,13:45:00,60.2,60.4,60.2,60.3,11201
2024-11-17,14:15:00,60.3,60.5,60.2,60.3,9749
2024-11-17,14:45:00,60.3,60.4,60.0,60.0,25147
2024-11-18,10:15:00,60.2,60.5,60.2,60.5,9515
2024-11-18,10:45:00,60.5,60.6,60.4,60.5,9732
2024-11-18,11:15:00,60.5,60.6,60.3,60.3,12166
2024-11-18,11:45:00,60.4,60.4,60.1,60.4,6533
2024-11-18,12:15:00,60.3,60.7,60.3,60.4,10389
2024-11-18,12:45:00,60.5,60.6,60.4,60.6,5486
2024-11-18,13:15:00,60.6,60.6,60.3,60.3,4554
2024-11-18,13:45:00,60.3,60.5,60.3,60.3,4408
2024-11-18,14:15:00,60.4,60.4,60.2,60.2,5360
2024-11-18,14:45:00,60.2,60.2,59.6,59.8,25374
2024-11-19,10:15:00,59.8,60.0,59.5,59.6,21595
2024-11-19,10:45:00,59.7,59.9,59.5,59.9,24735
2024-11-19,11:15:00,59.9,59.9,59.5,59.7,15494
2024-11-19,11:45:00,59.7,59.9,59.6,59.9,7202
2024-11-19,12:15:00,59.9,60.0,59.8,60.0,9697
2024-11-19,12:45:00,60.0,60.5,59.9,60.3,33477
2024-11-19,13:15:00,60.4,60.5,59.9,60.0,31620
2024-11-19,13:45:00,60.0,60.0,59.8,59.9,13695
2024-11-19,14:15:00,60.0,60.0,59.8,60.0,8911
2024-11-19,14:45:00,60.0,60.0,59.8,59.8,6587
2024-11-20,10:15:00,60.0,60.4,59.9,59.9,8131
2024-11-20,10:45:00,59.9,60.1,59.8,59.9,3840
2024-11-20,11:15:00,60.0,60.0,59.9,60.0,1655
2024-11-20,11:45:00,60.0,60.0,59.8,60.0,5420
2024-11-20,12:15:00,60.0,60.0,59.9,59.9,6564
2024-11-20,12:45:00,59.9,60.0,59.8,60.0,7920
2024-11-20,13:15:00,59.8,60.0,59.8,59.8,10577
2024-11-20,13:45:00,59.8,60.3,59.8,60.2,20048
2024-11-20,14:15:00,60.1,60.3,59.9,60.0,15072
2024-11-20,14:45:00,60.0,60.5,60.0,60.2,13283
2024-11-21,10:00:00,60.3,60.5,60.0,60.3,11998
2024-11-21,10:30:00,60.3,60.3,60.0,60.1,17044
2024-11-21,11:00:00,60.1,60.3,60.0,60.0,14580
2024-11-21,11:30:00,60.0,60.1,59.6,59.8,14574
2024-11-21,12:00:00,59.8,60.0,59.8,59.9,8216
2024-11-21,12:30:00,59.9,60.0,59.8,59.9,4598
2024-11-21,13:00:00,59.9,60.0,59.9,60.0,524
2024-11-21,13:30:00,59.9,60.0,59.8,60.0,3525
2024-11-21,14:00:00,59.9,60.2,59.9,60.1,4148
2024-11-21,14:30:00,60.1,60.2,60.0,60.1,4724
2024-11-24,10:15:00,61.7,61.7,61.0,61.1,38968
2024-11-24,10:45:00,61.1,61.2,60.9,61.0,38547
2024-11-24,11:15:00,61.0,61.0,60.6,60.6,16182
2024-11-24,11:45:00,60.7,60.7,60.4,60.5,25908
2024-11-24,12:15:00,60.6,60.6,60.3,60.3,17761
2024-11-24,12:45:00,60.3,60.6,60.3,60.6,61018
2024-11-24,13:15:00,60.7,60.7,60.3,60.3,33501
2024-11-24,13:45:00,60.4,60.5,60.2,60.2,20985
2024-11-24,14:15:00,60.3,60.4,59.7,59.9,44242
2024-11-24,14:45:00,59.9,60.1,59.7,59.8,21581
2024-11-25,10:15:00,59.7,60.4,59.7,60.4,24670
2024-11-25,10:45:00,60.3,60.7,60.2,60.3,43752
2024-11-25,11:15:00,60.3,60.4,60.2,60.2,9495
2024-11-25,11:45:00,60.1,60.2,59.8,60.1,15457
2024-11-25,12:15:00,60.2,60.2,60.0,60.1,4987
2024-11-25,12:45:00,60.0,60.2,60.0,60.1,2604
2024-11-25,13:15:00,60.1,60.4,60.0,60.2,9633
2024-11-25,13:45:00,60.2,60.3,60.1,60.2,4196
2024-11-25,14:15:00,60.2,60.3,60.0,60.1,8430
2024-11-25,14:45:00,60.0,60.2,59.9,59.9,17369
2024-11-26,10:15:00,60.0,60.4,60.0,60.4,11408
2024-11-26,10:45:00,60.4,60.4,60.0,60.1,12850
2024-11-26,11:15:00,60.1,60.6,60.1,60.2,28585
2024-11-26,11:45:00,60.3,60.4,60.2,60.4,6813
2024-11-26,12:15:00,60.5,60.5,60.2,60.4,5634
2024-11-26,12:45:00,60.3,60.4,60.2,60.3,4891
2024-11-26,13:15:00,60.2,60.9,60.2,60.7,47743
2024-11-26,13:45:00,60.7,60.8,60.2,60.2,16719
2024-11-26,14:15:00,60.2,60.5,60.1,60.2,10790
2024-11-26,14:45:00,60.1,60.2,60.0,60.1,23391
2024-11-27,10:15:00,60.2,60.3,60.0,60.1,8132
2024-11-27,10:45:00,60.1,60.4,60.0,60.1,7037
2024-11-27,11:15:00,60.1,60.4,60.0,60.2,7588
2024-11-27,11:45:00,60.2,60.4,60.1,60.3,6336
2024-11-27,12:15:00,60.3,60.8,60.2,60.4,16317
2024-11-27,12:45:00,60.3,60.4,60.1,60.3,11057
2024-11-27,13:15:00,60.3,60.4,60.1,60.4,11369
2024-11-27,13:45:00,60.4,60.4,60.2,60.2,4848
2024-11-27,14:15:00,60.4,60.7,60.2,60.6,15894
2024-11-27,14:45:00,60.5,60.6,60.4,60.4,15070
2024-11-28,10:15:00,60.4,60.5,60.2,60.2,15474
2024-11-28,10:45:00,60.2,60.3,59.9,60.0,22192
2024-11-28,11:15:00,59.9,60.1,59.9,60.0,10230
2024-11-28,11:45:00,60.0,60.1,59.9,60.0,4962
2024-11-28,12:15:00,60.0,60.1,59.9,60.0,8723
2024-11-28,12:45:00,59.9,60.2,59.8,59.9,14013
2024-11-28,13:15:00,59.9,60.1,59.8,60.0,3256
2024-11-28,13:45:00,59.9,60.3,59.9,60.3,5492
2024-11-28,14:15:00,60.3,60.3,60.0,60.1,5283
2024-11-28,14:45:00,60.2,60.3,60.1,60.1,5941
2024-12-01,10:15:00,60.1,60.4,60.0,60.0,17236
2024-12-01,10:45:00,60.3,60.3,60.0,60.1,10796
2024-12-01,11:15:00,60.3,60.3,60.1,60.2,3296
2024-12-01,11:45:00,60.2,60.2,60.0,60.2,2642
2024-12-01,12:15:00,60.1,60.3,60.1,60.1,1906
2024-12-01,12:45:00,60.3,60.3,60.1,60.1,11149
2024-12-01,13:15:00,60.2,60.3,60.1,60.2,2810
2024-12-01,13:45:00,60.2,60.3,60.0,60.2,3272
2024-12-01,14:15:00,60.2,60.2,60.0,60.1,3869
2024-12-01,14:45:00,60.1,60.2,60.0,60.0,5068
2024-12-02,10:15:00,59.9,60.2,59.8,59.8,12229
2024-12-02,10:45:00,59.8,60.0,59.7,59.9,4831
2024-12-02,11:15:00,59.9,60.0,59.7,59.9,9022
2024-12-02,11:45:00,59.8,59.9,59.7,59.8,1549
2024-12-02,12:15:00,59.8,59.9,59.7,59.9,3681
2024-12-02,12:45:00,59.9,59.9,59.7,59.7,5230
2024-12-02,13:15:00,59.8,59.9,59.6,59.8,7861
2024-12-02,13:45:00,59.7,59.8,59.7,59.8,3963
2024-12-02,14:15:00,59.8,59.8,59.7,59.8,3651
2024-12-02,14:45:00,59.8,59.9,59.7,59.8,5875
2024-12-03,10:15:00,59.8,60.0,59.7,59.9,6419
2024-12-03,10:45:00,59.8,60.0,59.8,59.8,11530
2024-12-03,11:15:00,59.8,60.0,59.8,60.0,5025
2024-12-03,11:45:00,59.8,59.9,59.7,59.7,5880
2024-12-03,12:15:00,59.9,60.0,59.8,59.9,3128
2024-12-03,12:45:00,60.0,60.2,60.0,60.0,15483
2024-12-03,13:15:00,60.0,60.1,59.9,60.0,9976
2024-12-03,13:45:00,60.0,60.2,59.9,60.0,18804
2024-12-03,14:15:00,60.0,60.1,59.7,59.7,15107
2024-12-03,14:45:00,60.0,60.0,59.7,60.0,12829
2024-12-04,10:15:00,60.0,60.0,59.6,59.7,27329
2024-12-04,10:45:00,59.8,59.9,59.6,59.9,8991
2024-12-04,11:15:00,59.9,60.1,59.7,60.0,4328
2024-12-04,11:45:00,60.0,60.3,60.0,60.3,19438
2024-12-04,12:15:00,60.2,60.4,60.1,60.2,23330
2024-12-04,12:45:00,60.2,60.3,60.2,60.2,3705
2024-12-04,13:15:00,60.2,60.3,60.0,60.2,26041
2024-12-04,13:45:00,60.2,60.4,60.1,60.2,8358
2024-12-04,14:15:00,60.4,60.5,60.2,60.5,13610
2024-12-04,14:45:00,60.3,60.7,60.3,60.4,17002
2024-12-05,10:00:00,60.5,61.4,60.5,61.1,49468
2024-12-05,10:30:00,61.1,61.3,60.8,61.1,22562
2024-12-05,11:00:00,61.1,61.3,61.0,61.3,13707
2024-12-05,11:30:00,61.2,61.8,61.2,61.4,49535
2024-12-05,12:00:00,61.4,61.5,61.0,61.2,21511
2024-12-05,12:30:00,61.3,61.5,61.2,61.4,9128
2024-12-05,13:00:00,61.6,61.6,61.3,61.5,14271
2024-12-05,13:30:00,61.5,61.6,61.4,61.4,8775
2024-12-05,14:00:00,61.5,61.6,61.4,61.4,8092
2024-12-05,14:30:00,61.5,61.8,61.4,61.7,24159
2024-12-05,15:00:00,61.6,61.6,61.6,61.6,2227
2024-12-08,10:00:00,61.7,62.2,61.6,61.9,22641
2024-12-08,10:30:00,61.6,62.0,61.6,61.8,4444
2024-12-08,11:00:00,61.7,62.5,61.7,62.5,28129
2024-12-08,11:30:00,62.4,62.8,62.2,62.7,27629
2024-12-08,12:00:00,62.7,62.7,62.5,62.6,23730
2024-12-08,12:30:00,62.6,62.9,62.5,62.8,16165
2024-12-08,13:00:00,62.8,62.9,62.7,62.7,30181
2024-12-08,13:30:00,62.6,62.8,62.5,62.7,5886
2024-12-08,14:00:00,62.6,62.7,62.5,62.6,3224
2024-12-08,14:30:00,62.6,62.8,62.5,62.6,15396
2024-12-08,15:00:00,62.5,62.5,62.5,62.5,7834
2024-12-09,10:00:00,62.5,62.6,62.1,62.3,23804
2024-12-09,10:30:00,62.2,62.2,61.7,61.9,22390
2024-12-09,11:00:00,62.0,62.1,61.9,62.0,7849
2024-12-09,11:30:00,62.1,62.4,62.0,62.4,8896
2024-12-09,12:00:00,62.4,62.4,62.1,62.3,4233
2024-12-09,12:30:00,62.3,62.4,62.2,62.3,4299
2024-12-09,13:00:00,62.2,62.4,62.0,62.1,16667
2024-12-09,13:30:00,62.2,62.3,62.0,62.1,7211
2024-12-09,14:00:00,62.1,62.1,61.9,62.0,7171
2024-12-09,14:30:00,62.0,62.1,61.9,62.0,8656
2024-12-10,10:15:00,62.2,62.3,62.0,62.3,10639
2024-12-10,10:45:00,62.3,62.4,62.1,62.1,4981
2024-12-10,11:15:00,62.2,62.3,61.9,62.2,28399
2024-12-10,11:45:00,62.2,62.3,62.0,62.0,9065
2024-12-10,12:15:00,62.0,62.2,62.0,62.2,9284
2024-12-10,12:45:00,62.2,62.2,62.1,62.2,1698
2024-12-10,13:15:00,62.2,62.3,62.0,62.3,11684
2024-12-10,13:45:00,62.2,62.3,62.0,62.1,4208
2024-12-10,14:15:00,62.0,62.2,62.0,62.0,3221
2024-12-10,14:45:00,62.1,62.2,62.0,62.0,11725
2024-12-11,10:00:00,62.3,62.5,62.1,62.4,11083
2024-12-11,10:30:00,62.3,63.2,62.3,63.0,41723
2024-12-11,11:00:00,63.0,63.2,62.8,62.9,12756
2024-12-11,11:30:00,62.9,63.0,62.8,62.8,8169
2024-12-11,12:00:00,62.9,62.9,62.8,62.9,2883
2024-12-11,12:30:00,62.9,62.9,62.7,62.8,6907
2024-12-11,13:00:00,62.8,62.8,62.7,62.7,3125
2024-12-11,13:30:00,62.7,62.9,62.6,62.9,8938
2024-12-11,14:00:00,62.9,62.9,62.6,62.6,7457
2024-12-11,14:30:00,62.8,63.3,62.7,63.2,29115
2024-12-12,10:15:00,62.7,63.0,62.6,62.6,7904
2024-12-12,10:45:00,62.7,62.7,62.5,62.5,6324
2024-12-12,11:15:00,62.6,63.0,62.6,62.8,12936
2024-12-12,11:45:00,62.8,62.9,62.7,62.8,1507
2024-12-12,12:15:00,62.7,62.9,62.5,62.7,10297
2024-12-12,12:45:00,62.5,62.6,62.3,62.4,3225
2024-12-12,13:15:00,62.5,62.7,62.4,62.6,11154
2024-12-12,13:45:00,62.6,62.8,62.5,62.5,2560
2024-12-12,14:15:00,62.7,62.8,62.5,62.7,2077
2024-12-12,14:45:00,62.7,62.7,62.4,62.6,4214
2024-12-15,10:15:00,62.4,62.5,62.4,62.4,1782
2024-12-15,10:45:00,62.4,62.5,62.3,62.3,3936
2024-12-15,11:15:00,62.3,62.5,62.3,62.5,4844
2024-12-15,11:45:00,62.5,62.5,62.3,62.3,5342
2024-12-15,12:15:00,62.3,62.5,62.2,62.2,3173
2024-12-15,12:45:00,62.3,62.3,62.2,62.3,7564
2024-12-15,13:15:00,62.3,62.3,62.1,62.1,4008
2024-12-15,13:45:00,62.2,62.2,61.7,61.8,17767
2024-12-15,14:15:00,61.7,62.0,61.7,61.8,8839
2024-12-15,14:45:00,62.0,62.0,61.7,61.7,3513
2024-12-16,10:15:00,61.8,61.9,61.5,61.5,4767
2024-12-16,10:45:00,61.5,61.7,61.5,61.5,3653
2024-12-16,11:15:00,61.6,61.8,61.5,61.7,5316
2024-12-16,11:45:00,61.7,61.7,61.6,61.6,1425
2024-12-16,12:15:00,61.6,61.6,61.5,61.6,4484
2024-12-16,12:45:00,61.6,61.6,61.5,61.6,723
2024-12-16,13:15:00,61.6,61.6,61.5,61.5,4860
2024-12-16,13:45:00,61.6,61.6,61.4,61.5,3191
2024-12-16,14:15:00,61.4,61.5,61.4,61.5,950
2024-12-16,14:45:00,61.4,61.6,61.2,61.2,5214
2024-12-17,10:15:00,61.5,61.8,61.2,61.3,8793
2024-12-17,10:45:00,61.3,61.6,61.0,61.2,9038
2024-12-17,11:15:00,61.1,61.2,61.0,61.0,3310
2024-12-17,11:45:00,61.0,61.3,61.0,61.2,22493
2024-12-17,12:15:00,61.1,61.2,61.0,61.1,2330
2024-12-17,12:45:00,61.2,61.2,61.1,61.1,4736
2024-12-17,13:15:00,61.2,61.3,61.1,61.3,2838
2024-12-17,13:45:00,61.2,61.3,61.0,61.0,14894
2024-12-17,14:15:00,61.1,61.1,60.9,61.1,4588
2024-12-17,14:45:00,61.0,61.1,60.8,60.8,5131
2024-12-18,10:15:00,60.9,61.0,60.6,60.6,6009
2024-12-18,10:45:00,60.6,61.0,60.6,60.9,2030
2024-12-18,11:15:00,60.9,61.0,60.8,60.8,1817
2024-12-18,11:45:00,60.8,60.9,60.6,60.6,2430
2024-12-18,12:15:00,60.6,60.7,60.4,60.7,9905
2024-12-18,12:45:00,60.5,60.5,60.2,60.3,6979
2024-12-18,13:15:00,60.4,60.5,60.0,60.3,22899
2024-12-18,13:45:00,60.3,60.3,60.1,60.1,13348
2024-12-18,14:15:00,60.1,60.5,60.0,60.5,17869
2024-12-18,14:45:00,60.5,60.6,60.4,60.4,4873
2024-12-19,10:15:00,60.2,60.7,60.2,60.7,8178
2024-12-19,10:45:00,60.7,60.7,60.1,60.2,15159
2024-12-19,11:15:00,60.1,60.2,59.8,60.0,17724
2024-12-19,11:45:00,59.9,60.0,59.8,60.0,12857
2024-12-19,12:15:00,59.9,60.1,59.8,60.0,12969
2024-12-19,12:45:00,60.0,60.0,59.8,60.0,17096
2024-12-19,13:15:00,60.0,60.1,59.9,60.0,9639
2024-12-19,13:45:00,60.0,60.1,59.9,60.0,5089
2024-12-19,14:15:00,60.0,60.2,59.9,60.1,10618
2024-12-19,14:45:00,60.1,60.2,60.1,60.1,8272
2024-12-22,10:15:00,60.3,60.4,60.1,60.2,8074
2024-12-22,10:45:00,60.2,60.8,60.1,60.2,18646
2024-12-22,11:15:00,60.1,60.2,60.1,60.1,9401
2024-12-22,11:45:00,60.1,60.2,60.0,60.2,10459
2024-12-22,12:15:00,60.1,60.2,60.0,60.1,4230
2024-12-22,12:45:00,60.2,60.2,60.0,60.1,1935
2024-12-22,13:15:00,60.1,60.1,60.0,60.0,10835
2024-12-22,13:45:00,60.0,60.0,59.7,59.8,12998
2024-12-22,14:15:00,59.7,59.9,59.6,59.7,15649
2024-12-22,14:45:00,59.7,59.7,59.6,59.7,13390
2024-12-23,10:15:00,59.6,59.7,59.5,59.5,13120
2024-12-23,10:45:00,59.5,59.5,58.9,58.9,18567
2024-12-23,11:15:00,59.0,59.2,58.9,59.0,6982
2024-12-23,11:45:00,59.1,59.5,59.1,59.3,4168
2024-12-23,12:15:00,59.3,59.3,59.2,59.3,1491
2024-12-23,12:45:00,59.3,59.4,59.2,59.3,5591
2024-12-23,13:15:00,59.4,59.8,59.2,59.6,12368
2024-12-23,13:45:00,59.6,59.7,59.4,59.5,4363
2024-12-23,14:15:00,59.4,59.7,59.3,59.7,9656
2024-12-23,14:45:00,59.5,59.7,59.1,59.1,9300
2024-12-24,10:15:00,60.1,60.6,59.8,60.3,31707
2024-12-24,10:45:00,60.2,60.4,59.9,60.0,14400
2024-12-24,11:15:00,60.1,60.4,59.7,59.9,14529
2024-12-24,11:45:00,59.9,60.0,59.7,60.0,6619
2024-12-24,12:15:00,59.9,60.0,59.8,60.0,3772
2024-12-24,12:45:00,59.9,60.0,59.9,60.0,5106
2024-12-24,13:15:00,60.0,60.3,59.8,60.0,15821
2024-12-24,13:45:00,59.9,60.0,59.9,60.0,2294
2024-12-24,14:15:00,59.9,60.1,59.8,60.0,5165
2024-12-24,14:45:00,60.0,60.0,59.6,59.9,12482
2024-12-25,10:15:00,59.4,59.7,59.3,59.5,5252
2024-12-25,10:45:00,59.4,59.5,59.4,59.4,3659
2024-12-25,11:15:00,59.4,59.7,59.4,59.5,8927
2024-12-25,11:45:00,59.5,59.5,59.3,59.5,4701
2024-12-25,12:15:00,59.5,59.5,59.4,59.5,350
2024-12-25,12:45:00,59.5,59.5,59.4,59.4,1249
2024-12-25,13:15:00,59.4,59.7,59.4,59.6,6415
2024-12-25,13:45:00,59.6,59.8,59.5,59.6,3268
2024-12-25,14:15:00,59.6,59.6,59.5,59.5,1011
2024-12-25,14:45:00,59.5,59.6,59.4,59.4,5717
2024-12-26,10:15:00,59.7,59.7,59.5,59.5,3197
2024-12-26,10:45:00,59.6,59.8,59.5,59.6,2097
2024-12-26,11:15:00,59.6,59.7,59.4,59.4,1783
2024-12-26,11:45:00,59.5,59.5,59.4,59.4,4565
2024-12-26,12:15:00,59.4,59.5,59.3,59.4,2705
2024-12-26,12:45:00,59.5,59.5,59.4,59.4,11003
2024-12-26,13:15:00,59.3,59.5,59.3,59.4,1634
2024-12-26,13:45:00,59.3,59.5,59.3,59.3,10245
2024-12-26,14:15:00,59.4,59.4,59.2,59.3,4035
2024-12-26,14:45:00,59.3,59.6,59.2,59.6,3468
2024-12-29,10:15:00,59.7,60.0,59.6,59.7,8102
2024-12-29,10:45:00,59.6,59.8,59.5,59.7,4955
2024-12-29,11:15:00,59.7,59.7,59.4,59.4,2707
2024-12-29,11:45:00,59.6,59.6,59.4,59.6,1018
2024-12-29,12:15:00,59.5,59.6,59.5,59.6,2559
2024-12-29,12:45:00,59.6,59.6,59.4,59.5,1244
2024-12-29,13:15:00,59.4,59.6,59.3,59.5,9794
2024-12-29,13:45:00,59.5,59.5,59.3,59.5,4253
2024-12-29,14:15:00,59.5,59.6,59.4,59.6,2381
2024-12-29,14:45:00,59.6,59.8,59.5,59.6,4861
2024-12-30,10:00:00,59.7,59.8,59.6,59.6,3090
2024-12-30,10:30:00,59.5,59.6,59.4,59.4,3630
2024-12-30,11:00:00,59.5,59.5,59.4,59.5,3415
2024-12-30,11:30:00,59.5,59.7,59.4,59.5,2879
2024-12-30,12:00:00,59.7,59.7,59.4,59.7,2061
2024-12-30,12:30:00,59.7,59.7,59.6,59.6,1789
2024-12-30,13:00:00,59.7,60.0,59.6,59.7,13553
2024-12-30,13:30:00,59.9,60.0,59.8,59.8,3961
2024-12-30,14:00:00,59.8,60.0,59.7,59.8,16232
2024-12-30,14:30:00,59.9,60.0,59.7,59.9,5666
2024-12-30,15:00:00,59.8,59.8,59.8,59.8,922
2024-12-31,10:00:00,59.8,60.2,59.8,60.2,12923
2024-12-31,10:30:00,60.1,60.3,60.1,60.1,4129
2024-12-31,11:00:00,60.2,60.3,60.0,60.1,4391
2024-12-31,11:30:00,60.1,60.2,60.1,60.2,2713
2024-12-31,12:00:00,60.2,60.2,60.1,60.1,1064
2024-12-31,12:30:00,60.2,60.2,60.1,60.1,5283
2024-12-31,13:00:00,60.1,60.5,60.1,60.5,6366
2024-12-31,13:30:00,60.5,60.7,60.3,60.6,7829
2024-12-31,14:00:00,60.5,60.7,60.4,60.5,8211
2024-12-31,14:30:00,60.4,60.5,60.3,60.3,7636
2024-12-31,15:00:00,60.5,60.5,60.5,60.5,1947
2025-01-01,10:00:00,60.2,60.5,60.0,60.2,9142
2025-01-01,10:30:00,60.3,60.3,60.0,60.0,1844
2025-01-01,11:00:00,60.1,60.3,60.0,60.2,2464
2025-01-01,11:30:00,60.1,60.3,60.1,60.2,1973
2025-01-01,12:00:00,60.2,60.4,60.0,60.3,4873
2025-01-01,12:30:00,60.3,60.3,60.0,60.3,4056
2025-01-01,13:00:00,60.1,60.3,59.9,60.3,3403
2025-01-01,13:30:00,60.3,60.3,60.0,60.2,4640
2025-01-01,14:00:00,60.2,60.2,60.0,60.2,2121
2025-01-01,14:30:00,60.1,60.1,59.8,59.9,12408
2025-01-01,15:00:00,59.9,59.9,59.9,59.9,3550
2025-01-02,10:00:00,60.0,60.0,59.5,59.6,11283
2025-01-02,10:30:00,59.6,59.7,59.6,59.6,2097
2025-01-02,11:00:00,59.6,59.7,59.5,59.7,10229
2025-01-02,11:30:00,59.7,59.9,59.6,59.7,6959
2025-01-02,12:00:00,59.7,59.8,59.6,59.6,3392
2025-01-02,12:30:00,59.7,59.9,59.7,59.9,5821
2025-01-02,13:00:00,59.9,60.0,59.8,59.8,2190
2025-01-02,13:30:00,59.8,59.9,59.6,59.6,2562
2025-01-02,14:00:00,59.7,60.1,59.7,59.9,17824
2025-01-02,14:30:00,59.9,60.0,59.9,59.9,1206
2025-01-05,10:15:00,59.6,60.0,59.6,60.0,1441
2025-01-05,10:45:00,60.0,60.0,59.7,60.0,1949
2025-01-05,11:15:00,60.0,60.0,59.7,60.0,9178
2025-01-05,11:45:00,60.0,60.0,59.8,59.9,698
2025-01-05,12:15:00,59.9,59.9,59.8,59.8,926
2025-01-05,12:45:00,59.9,60.0,59.8,59.9,2339
2025-01-05,13:15:00,59.9,60.0,59.8,59.8,3195
2025-01-05,13:45:00,59.8,59.8,59.3,59.5,19886
2025-01-05,14:15:00,59.5,59.5,59.1,59.4,8836
2025-01-05,14:45:00,59.3,59.5,59.3,59.5,1308
2025-01-06,10:15:00,59.5,59.5,59.2,59.2,6205
2025-01-06,10:45:00,59.3,59.4,59.3,59.4,4432
2025-01-06,11:15:00,59.4,59.7,59.3,59.6,5319
2025-01-06,11:45:00,59.6,59.8,59.5,59.6,4733
2025-01-06,12:15:00,59.6,59.9,59.6,59.8,4698
2025-01-06,12:45:00,59.8,59.9,59.7,59.8,4223
2025-01-06,13:15:00,59.7,60.0,59.7,59.9,5178
2025-01-06,13:45:00,59.8,59.8,59.7,59.8,3182
2025-01-06,14:15:00,59.8,59.8,59.6,59.6,4936
2025-01-06,14:45:00,59.6,59.8,59.5,59.5,3289
2025-01-07,10:15:00,59.5,59.8,59.4,59.6,4095
2025-01-07,10:45:00,59.5,59.6,59.3,59.6,13500
2025-01-07,11:15:00,59.7,59.8,59.6,59.7,4520
2025-01-07,11:45:00,59.7,60.1,59.7,60.0,22462
2025-01-07,12:15:00,60.1,60.2,60.0,60.1,3109
2025-01-07,12:45:00,60.1,60.1,59.8,60.1,13625
2025-01-07,13:15:00,60.1,60.1,60.0,60.0,4722
2025-01-07,13:45:00,60.0,60.2,60.0,60.1,5695
2025-01-07,14:15:00,60.1,60.1,59.8,59.9,16130
2025-01-07,14:45:00,60.0,60.0,59.6,59.6,10529
2025-01-08,10:15:00,59.7,59.9,59.7,59.8,1551
2025-01-08,10:45:00,59.8,60.1,59.8,60.0,6211
2025-01-08,11:15:00,59.9,60.1,59.8,60.1,15949
2025-01-08,11:45:00,59.9,60.3,59.9,60.0,19350
2025-01-08,12:15:00,59.9,60.2,59.9,60.2,1544
2025-01-08,12:45:00,60.2,60.4,60.0,60.3,32534
2025-01-08,13:15:00,60.3,60.4,60.1,60.2,14929
2025-01-08,13:45:00,60.3,60.6,60.2,60.6,18337
2025-01-08,14:15:00,60.5,60.6,60.1,60.5,19467
2025-01-08,14:45:00,60.4,60.5,60.3,60.3,3281
2025-01-09,10:15:00,60.3,60.3,59.8,60.0,17230
2025-01-09,10:45:00,60.1,60.1,59.9,60.1,5678
2025-01-09,11:15:00,60.1,60.1,59.9,59.9,4341
2025-01-09,11:45:00,60.0,60.1,59.9,60.0,10101
2025-01-09,12:15:00,60.0,60.0,59.8,59.8,7683
2025-01-09,12:45:00,59.9,60.0,59.8,59.9,3595
2025-01-09,13:15:00,59.9,60.0,59.8,59.9,12909
2025-01-09,13:45:00,59.9,60.1,59.8,60.0,9094
2025-01-09,14:15:00,60.1,60.2,60.0,60.0,5770
2025-01-09,14:45:00,60.0,60.2,59.8,60.0,27561
2025-01-12,10:00:00,59.9,60.3,59.9,60.3,14393
2025-01-12,10:30:00,60.3,60.4,60.0,60.2,15177
2025-01-12,11:00:00,60.1,60.2,59.9,60.0,7673
2025-01-12,11:30:00,60.1,60.2,59.9,60.2,4101
2025-01-12,12:00:00,60.1,60.2,60.0,60.1,1508
2025-01-12,12:30:00,60.2,60.2,60.0,60.1,4144
2025-01-12,13:00:00,60.1,60.3,60.0,60.0,12672
2025-01-12,13:30:00,60.1,60.1,59.9,60.1,14134
2025-01-12,14:00:00,60.0,60.1,60.0,60.0,4608
2025-01-12,14:30:00,60.0,60.1,59.9,60.1,7707
2025-01-12,15:00:00,60.1,60.1,60.1,60.1,3765
2025-01-13,10:00:00,60.1,60.3,60.0,60.3,9689
2025-01-13,10:30:00,60.2,60.2,60.0,60.2,5362
2025-01-13,11:00:00,60.2,60.2,60.1,60.1,1863
2025-01-13,11:30:00,60.1,60.2,60.0,60.1,4235
2025-01-13,12:00:00,60.1,60.1,60.0,60.0,5976
2025-01-13,12:30:00,60.1,60.2,60.0,60.1,2354
2025-01-13,13:00:00,60.1,60.1,59.9,60.0,4254
2025-01-13,13:30:00,59.9,60.1,59.9,60.0,2999
2025-01-13,14:00:00,60.0,60.1,59.9,60.0,3669
2025-01-13,14:30:00,60.0,60.2,59.9,60.2,4339
2025-01-13,15:00:00,60.2,60.2,60.2,60.2,680
2025-01-14,10:00:00,60.0,60.5,60.0,60.2,7124
2025-01-14,10:30:00,60.3,60.5,60.3,60.4,6194
2025-01-14,11:00:00,60.4,61.0,60.3,61.0,26239
2025-01-14,11:30:00,60.9,60.9,60.6,60.8,7421
2025-01-14,12:00:00,60.8,60.9,60.7,60.9,11332
2025-01-14,12:30:00,61.0,61.0,60.7,60.9,5456
2025-01-14,13:00:00,60.9,61.0,60.8,60.9,4711
2025-01-14,13:30:00,60.9,60.9,60.6,60.7,10401
2025-01-14,14:00:00,60.7,60.7,60.5,60.7,6380
2025-01-14,14:30:00,60.7,60.8,60.4,60.4,10563
2025-01-14,15:00:00,60.4,60.4,60.4,60.4,752
2025-01-15,10:00:00,60.4,60.7,60.4,60.5,8263
2025-01-15,10:30:00,60.6,60.7,60.5,60.5,10459
2025-01-15,11:00:00,60.5,60.6,60.5,60.6,3741
2025-01-15,11:30:00,60.6,60.8,60.6,60.6,4591
2025-01-15,12:00:00,60.6,60.8,60.5,60.5,9528
2025-01-15,12:30:00,60.5,60.7,60.5,60.6,4484
2025-01-15,13:00:00,60.6,60.6,60.6,60.6,2320
2025-01-15,13:30:00,60.6,60.8,60.6,60.6,7650
2025-01-15,14:00:00,60.6,60.8,60.6,60.7,3112
2025-01-15,14:30:00,60.7,60.7,60.4,60.4,14697
2025-01-15,15:00:00,60.4,60.4,60.4,60.4,2305
2025-01-16,10:00:00,60.4,60.7,60.4,60.6,3384
2025-01-16,10:30:00,60.5,60.9,60.5,60.6,12040
2025-01-16,11:00:00,60.7,60.7,60.5,60.7,4660
2025-01-16,11:30:00,60.7,60.8,60.6,60.7,994
2025-01-16,12:00:00,60.7,60.9,60.6,60.8,5232
2025-01-16,12:30:00,60.9,61.4,60.8,61.2,42577
2025-01-16,13:00:00,61.2,61.3,61.0,61.0,15941
2025-01-16,13:30:00,61.1,61.2,61.0,61.1,5064
2025-01-16,14:00:00,61.2,61.5,61.0,61.4,29656
2025-01-16,14:30:00,61.5,62.1,61.4,61.8,76755
2025-01-16,15:00:00,61.6,61.6,61.6,61.6,17701
2025-01-19,10:00:00,62.2,62.2,61.8,62.0,22139
2025-01-19,10:30:00,62.0,62.3,62.0,62.1,11329
2025-01-19,11:00:00,62.2,62.3,62.0,62.1,12011
2025-01-19,11:30:00,62.1,62.3,62.0,62.2,11525
2025-01-19,12:00:00,62.2,62.3,62.1,62.2,8493
2025-01-19,12:30:00,62.1,62.2,62.0,62.0,5200
2025-01-19,13:00:00,62.1,62.1,62.0,62.1,7344
2025-01-19,13:30:00,62.2,62.3,62.0,62.2,6004
2025-01-19,14:00:00,62.2,62.4,62.2,62.2,21512
2025-01-19,14:30:00,62.2,62.3,61.9,61.9,27488
2025-01-19,15:00:00,62.0,62.0,62.0,62.0,4828
2025-01-20,10:00:00,62.0,62.2,61.5,61.5,26807
2025-01-20,10:30:00,61.6,61.7,61.4,61.7,5221
2025-01-20,11:00:00,61.6,61.6,61.4,61.5,10972
2025-01-20,11:30:00,61.6,62.0,61.5,61.6,14520
2025-01-20,12:00:00,61.8,62.0,61.6,61.7,5834
2025-01-20,12:30:00,61.8,61.8,61.6,61.7,919
2025-01-20,13:00:00,61.6,61.7,61.5,61.6,7289
2025-01-20,13:30:00,61.6,61.6,61.5,61.6,7118
2025-01-20,14:00:00,61.6,61.7,61.4,61.5,6774
2025-01-20,14:30:00,61.4,61.7,61.4,61.4,14873
2025-01-20,15:00:00,61.7,61.7,61.7,61.7,652
2025-01-21,10:00:00,61.5,61.6,61.3,61.4,6803
2025-01-21,10:30:00,61.4,61.4,61.2,61.3,23659
2025-01-21,11:00:00,61.4,61.5,61.3,61.4,2835
2025-01-21,11:30:00,61.5,61.8,61.4,61.8,11678
2025-01-21,12:00:00,61.8,61.8,61.6,61.7,2990
2025-01-21,12:30:00,61.7,61.7,61.5,61.5,4529
2025-01-21,13:00:00,61.7,62.0,61.7,61.9,5693
2025-01-21,13:30:00,61.8,61.9,61.6,61.7,6950
2025-01-21,14:00:00,61.8,62.1,61.7,62.0,18614
2025-01-21,14:30:00,62.0,62.2,61.8,62.0,14855
2025-01-22,10:15:00,61.9,62.1,61.7,61.8,14179
2025-01-22,10:45:00,61.8,62.0,61.8,61.9,2502
2025-01-22,11:15:00,62.0,62.1,61.9,61.9,6686
2025-01-22,11:45:00,62.0,62.0,61.9,61.9,2894
2025-01-22,12:15:00,61.8,62.0,61.7,61.8,6189
2025-01-22,12:45:00,61.8,62.0,61.7,61.7,6185
2025-01-22,13:15:00,61.8,61.8,61.7,61.8,5549
2025-01-22,13:45:00,61.7,61.8,61.6,61.6,16050
2025-01-22,14:15:00,61.6,61.8,61.6,61.8,5995
2025-01-22,14:45:00,61.6,62.0,61.5,61.5,14255
2025-01-23,10:15:00,61.6,61.7,61.4,61.4,5700
2025-01-23,10:45:00,61.6,61.6,61.2,61.3,10433
2025-01-23,11:15:00,61.3,61.4,61.2,61.4,8991
2025-01-23,11:45:00,61.4,61.5,61.2,61.4,9749
2025-01-23,12:15:00,61.4,61.7,61.4,61.6,2626
2025-01-23,12:45:00,61.7,61.7,61.5,61.6,13976
2025-01-23,13:15:00,61.7,61.8,61.4,61.4,6143
2025-01-23,13:45:00,61.4,61.6,61.4,61.5,10951
2025-01-23,14:15:00,61.5,61.6,61.4,61.4,4605
2025-01-23,14:45:00,61.5,61.6,61.3,61.6,9908
2025-01-26,10:00:00,61.8,61.8,61.4,61.6,8601
2025-01-26,10:30:00,61.6,61.7,61.4,61.4,8667
2025-01-26,11:00:00,61.6,61.6,61.4,61.4,10205
2025-01-26,11:30:00,61.4,61.5,61.3,61.5,9991
2025-01-26,12:00:00,61.5,61.5,61.3,61.3,7057
2025-01-26,12:30:00,61.4,61.5,61.3,61.5,4362
2025-01-26,13:00:00,61.4,61.5,61.3,61.4,16739
2025-01-26,13:30:00,61.4,61.6,61.4,61.5,2992
2025-01-26,14:00:00,61.6,61.6,61.4,61.5,2398
2025-01-26,14:30:00,61.5,61.6,61.4,61.6,5589
2025-01-26,15:00:00,61.6,61.6,61.6,61.6,819
2025-01-27,10:00:00,61.7,61.7,61.4,61.5,11770
2025-01-27,10:30:00,61.6,61.8,61.4,61.8,12632
2025-01-27,11:00:00,61.8,61.9,61.7,61.8,5225
2025-01-27,11:30:00,61.7,61.8,61.6,61.7,6993
2025-01-27,12:00:00,61.7,61.9,61.7,61.7,4329
2025-01-27,12:30:00,61.8,61.8,61.6,61.6,1866
2025-01-27,13:00:00,61.6,61.7,61.5,61.6,5760
2025-01-27,13:30:00,61.6,61.7,61.5,61.6,2590
2025-01-27,14:00:00,61.6,61.7,61.5,61.5,7022
2025-01-27,14:30:00,61.5,61.6,61.1,61.1,21764
2025-01-28,10:15:00,61.4,61.6,61.4,61.4,3974
2025-01-28,10:45:00,61.5,61.6,61.4,61.5,4923
2025-01-28,11:15:00,61.6,61.8,61.6,61.8,22779
2025-01-28,11:45:00,61.8,61.8,61.5,61.7,1831
2025-01-28,12:15:00,61.5,61.6,61.4,61.6,2732
2025-01-28,12:45:00,61.5,61.8,61.5,61.6,15453
2025-01-28,13:15:00,61.6,61.6,61.4,61.5,9185
2025-01-28,13:45:00,61.5,61.5,61.4,61.4,4047
2025-01-28,14:15:00,61.4,61.4,61.1,61.3,11308
2025-01-28,14:45:00,61.2,61.3,61.2,61.3,5672
2025-01-29,10:15:00,61.2,61.4,61.0,61.2,14334
2025-01-29,10:45:00,61.1,61.3,61.1,61.3,9120
2025-01-29,11:15:00,61.2,61.3,61.1,61.2,3970
2025-01-29,11:45:00,61.3,61.3,61.1,61.1,4566
2025-01-29,12:15:00,61.3,61.3,61.1,61.2,389
2025-01-29,12:45:00,61.2,61.3,61.1,61.2,2117
2025-01-29,13:15:00,61.3,61.4,61.3,61.3,5779
2025-01-29,13:45:00,61.2,61.4,61.1,61.2,5921
2025-01-29,14:15:00,61.2,61.4,61.1,61.3,4362
2025-01-29,14:45:00,61.2,61.3,61.0,61.2,4386
2025-01-30,10:15:00,61.0,61.1,60.9,61.0,11621
2025-01-30,10:45:00,60.9,61.1,60.9,61.0,5026
2025-01-30,11:15:00,61.0,61.4,61.0,61.4,15025
2025-01-30,11:45:00,61.4,61.4,61.1,61.3,6141
2025-01-30,12:15:00,61.3,61.4,61.1,61.2,8741
2025-01-30,12:45:00,61.3,61.3,61.1,61.1,1870
2025-01-30,13:15:00,61.1,61.2,61.1,61.2,3294
2025-01-30,13:45:00,61.1,61.6,61.1,61.5,39278
2025-01-30,14:15:00,61.5,61.8,61.4,61.8,21772
2025-01-30,14:45:00,61.8,61.8,61.6,61.8,11573
2025-02-02,10:15:00,62.0,62.2,61.7,61.7,21077
2025-02-02,10:45:00,61.7,61.9,61.6,61.6,7829
2025-02-02,11:15:00,61.6,61.8,61.5,61.7,4169
2025-02-02,11:45:00,61.7,61.7,61.4,61.5,9998
2025-02-02,12:15:00,61.5,61.5,61.4,61.4,3061
2025-02-02,12:45:00,61.5,61.7,61.4,61.4,3659
2025-02-02,13:15:00,61.5,61.7,61.5,61.6,4042
2025-02-02,13:45:00,61.6,61.7,61.5,61.5,3213
2025-02-02,14:15:00,61.5,61.7,61.5,61.6,4070
2025-02-02,14:45:00,61.6,61.6,61.4,61.4,5705
2025-02-03,10:15:00,61.4,61.4,61.2,61.2,3793
2025-02-03,10:45:00,61.4,61.5,61.2,61.5,10824
2025-02-03,11:15:00,61.5,61.5,61.3,61.3,4007
2025-02-03,11:45:00,61.3,61.4,61.2,61.3,3978
2025-02-03,12:15:00,61.2,61.3,61.2,61.2,1656
2025-02-03,12:45:00,61.2,61.2,61.0,61.1,9013
2025-02-03,13:15:00,61.0,61.2,61.0,61.2,5308
2025-02-03,13:45:00,61.2,61.2,61.0,61.0,3124
2025-02-03,14:15:00,61.0,61.2,61.0,61.1,2516
2025-02-03,14:45:00,61.0,61.2,61.0,61.2,3530
2025-02-04,10:15:00,61.2,61.4,61.2,61.4,3679
2025-02-04,10:45:00,61.4,61.4,61.3,61.3,3510
2025-02-04,11:15:00,61.3,61.4,61.2,61.3,1795
2025-02-04,11:45:00,61.3,61.6,61.3,61.6,5094
2025-02-04,12:15:00,61.6,61.6,61.5,61.5,9689
2025-02-04,12:45:00,61.4,61.5,61.4,61.4,1084
2025-02-04,13:15:00,61.5,61.5,61.4,61.4,2035
2025-02-04,13:45:00,61.4,61.5,61.3,61.5,7084
2025-02-04,14:15:00,61.3,61.6,61.3,61.6,8735
2025-02-04,14:45:00,61.6,61.6,61.5,61.5,4495
2025-02-05,10:15:00,61.6,62.4,61.5,62.3,42736
2025-02-05,10:45:00,62.3,62.7,62.3,62.5,71213
2025-02-05,11:15:00,62.5,62.5,62.1,62.4,27775
2025-02-05,11:45:00,62.3,62.5,62.3,62.4,6876
2025-02-05,12:15:00,62.4,62.6,62.3,62.6,14346
2025-02-05,12:45:00,62.6,62.6,62.3,62.5,8651
2025-02-05,13:15:00,62.3,62.5,62.2,62.4,4477
2025-02-05,13:45:00,62.3,62.4,62.2,62.3,5045
2025-02-05,14:15:00,62.2,62.3,62.1,62.3,6520
2025-02-05,14:45:00,62.3,62.3,62.1,62.2,7831
2025-02-06,10:00:00,62.5,62.5,62.2,62.2,10272
2025-02-06,10:30:00,62.3,62.3,62.1,62.2,14051
2025-02-06,11:00:00,62.2,62.3,62.2,62.3,5621
2025-02-06,11:30:00,62.3,62.4,62.2,62.2,7468
2025-02-06,12:00:00,62.2,62.2,62.0,62.1,22216
2025-02-06,12:30:00,62.1,62.1,61.9,62.0,22155
2025-02-06,13:00:00,62.0,62.2,62.0,62.1,1504
2025-02-06,13:30:00,62.1,62.2,62.0,62.0,6499
2025-02-06,14:00:00,62.0,62.0,61.9,61.9,4983
2025-02-06,14:30:00,62.0,62.0,61.6,61.9,16436
2025-02-06,15:00:00,61.8,61.8,61.8,61.8,3910
2025-02-09,10:00:00,61.7,61.9,61.6,61.6,19049
2025-02-09,10:30:00,61.7,61.9,61.5,61.7,3578
2025-02-09,11:00:00,61.8,61.8,61.5,61.7,5069
2025-02-09,11:30:00,61.7,61.7,61.5,61.6,3715
2025-02-09,12:00:00,61.5,61.6,61.5,61.6,2970
2025-02-09,12:30:00,61.6,61.7,61.5,61.6,2795
2025-02-09,13:00:00,61.5,61.9,61.5,61.9,9548
2025-02-09,13:30:00,61.9,62.0,61.7,62.0,6636
2025-02-09,14:00:00,61.9,62.4,61.9,62.3,22400
2025-02-09,14:30:00,62.2,62.6,62.2,62.4,48011
2025-02-09,15:00:00,62.4,62.4,62.4,62.4,2481
2025-02-10,10:00:00,62.5,64.1,62.4,63.8,144104
2025-02-10,10:30:00,63.8,63.9,63.5,63.5,32304
2025-02-10,11:00:00,63.5,63.7,63.3,63.6,20650
2025-02-10,11:30:00,63.5,63.9,63.5,63.7,23820
2025-02-10,12:00:00,63.7,63.7,63.4,63.4,10327
2025-02-10,12:30:00,63.5,63.6,62.8,63.3,41238
2025-02-10,13:00:00,63.3,63.4,63.1,63.1,15055
2025-02-10,13:30:00,63.1,63.3,63.0,63.3,6747
2025-02-10,14:00:00,63.1,63.3,63.0,63.0,5923
2025-02-10,14:30:00,63.0,63.2,62.8,63.2,6976
2025-02-10,15:00:00,63.1,63.1,63.1,63.1,3635
2025-02-11,10:00:00,63.2,63.5,62.9,62.9,25217
2025-02-11,10:30:00,62.9,63.0,62.6,63.0,14658
2025-02-11,11:00:00,62.9,63.0,62.6,62.8,8151
2025-02-11,11:30:00,62.7,62.8,62.6,62.6,5425
2025-02-11,12:00:00,62.7,62.7,62.6,62.7,4752
2025-02-11,12:30:00,62.8,62.8,62.6,62.8,2359
2025-02-11,13:00:00,62.8,62.8,62.5,62.7,8560
2025-02-11,13:30:00,62.7,62.8,62.5,62.8,4834
2025-02-11,14:00:00,62.8,62.9,62.7,62.9,6793
2025-02-11,14:30:00,62.9,62.9,62.6,62.7,8926
2025-02-12,10:15:00,62.8,62.9,62.5,62.6,8806
2025-02-12,10:45:00,62.5,62.6,62.4,62.5,4126
2025-02-12,11:15:00,62.6,62.7,62.5,62.6,3066
2025-02-12,11:45:00,62.6,62.7,62.5,62.6,6563
2025-02-12,12:15:00,62.6,62.7,62.5,62.7,3460
2025-02-12,12:45:00,62.6,62.7,62.5,62.5,2645
2025-02-12,13:15:00,62.4,62.6,62.2,62.2,17679
2025-02-12,13:45:00,62.2,62.4,62.1,62.3,1599
2025-02-12,14:15:00,62.3,62.4,62.2,62.4,4558
2025-02-12,14:45:00,62.3,62.5,62.2,62.5,7222
2025-02-13,10:15:00,62.1,62.6,62.0,62.2,20700
2025-02-13,10:45:00,62.2,62.5,62.1,62.2,1803
2025-02-13,11:15:00,62.1,62.5,62.1,62.3,5436
2025-02-13,11:45:00,62.3,62.6,62.2,62.5,3860
2025-02-13,12:15:00,62.4,62.4,62.1,62.2,487
2025-02-13,12:45:00,62.2,62.3,61.9,62.0,8999
2025-02-13,13:15:00,62.0,62.0,61.8,61.8,10922
2025-02-13,13:45:00,61.9,62.1,61.9,62.0,8753
2025-02-13,14:15:00,62.0,62.2,61.9,62.2,2773
2025-02-13,14:45:00,62.1,62.1,61.9,61.9,15571
2025-02-16,10:15:00,62.4,62.5,62.1,62.5,2939
2025-02-16,10:45:00,62.4,62.5,62.2,62.3,4409
2025-02-16,11:15:00,62.3,62.3,62.2,62.2,1943
2025-02-16,11:45:00,62.2,62.3,62.0,62.0,11420
2025-02-16,12:15:00,62.0,62.0,61.8,62.0,6698
2025-02-16,12:45:00,61.8,62.2,61.8,62.1,4279
2025-02-16,13:15:00,62.0,62.1,61.7,61.7,5702
2025-02-16,13:45:00,61.8,61.8,61.5,61.7,15865
2025-02-16,14:15:00,61.6,61.8,61.5,61.8,8766
2025-02-16,14:45:00,61.7,61.8,61.5,61.6,13242
2025-02-17,10:15:00,61.3,61.5,61.2,61.4,4923
2025-02-17,10:45:00,61.4,61.6,61.2,61.4,6070
2025-02-17,11:15:00,61.4,61.6,61.2,61.2,6060
2025-02-17,11:45:00,61.2,61.4,61.2,61.4,2335
2025-02-17,12:15:00,61.5,61.5,61.2,61.5,2657
2025-02-17,12:45:00,61.3,61.5,61.3,61.5,3407
2025-02-17,13:15:00,61.3,61.6,61.2,61.6,9613
2025-02-17,13:45:00,61.6,61.6,61.4,61.4,3601
2025-02-17,14:15:00,61.4,61.5,61.4,61.5,1158
2025-02-17,14:45:00,61.4,61.7,61.4,61.5,4804
2025-02-18,10:00:00,63.0,63.6,62.6,62.9,102788
2025-02-18,10:30:00,62.9,63.1,62.5,62.5,28814
2025-02-18,11:00:00,62.7,63.0,62.5,62.8,12299
2025-02-18,11:30:00,62.8,62.9,62.5,62.6,11277
2025-02-18,12:00:00,62.6,62.7,62.5,62.5,12797
2025-02-18,12:30:00,62.4,62.5,62.4,62.5,13797
2025-02-18,13:00:00,62.4,62.8,62.4,62.7,12650
2025-02-18,13:30:00,62.7,63.3,62.7,62.9,55091
2025-02-18,14:00:00,62.9,63.1,62.7,62.9,6767
2025-02-18,14:30:00,62.8,63.1,62.4,62.5,28754
2025-02-18,15:00:00,62.4,62.4,62.4,62.4,4209
2025-02-19,10:00:00,62.9,62.9,62.0,62.0,19164
2025-02-19,10:30:00,62.0,62.0,61.6,61.7,19611
2025-02-19,11:00:00,61.7,62.0,61.7,62.0,14486
2025-02-19,11:30:00,62.1,62.1,61.9,62.0,3928
2025-02-19,12:00:00,62.0,62.2,62.0,62.0,2823
2025-02-19,12:30:00,62.0,62.1,61.7,61.9,21193
2025-02-19,13:00:00,61.8,62.1,61.8,62.0,21365
2025-02-19,13:30:00,62.0,62.2,61.8,62.1,7870
2025-02-19,14:00:00,62.2,62.4,62.0,62.4,9510
2025-02-19,14:30:00,62.3,62.3,62.1,62.1,6631
2025-02-19,15:00:00,62.1,62.1,62.1,62.1,3096
2025-02-20,10:00:00,62.3,62.3,61.8,61.9,11004
2025-02-20,10:30:00,61.9,62.1,61.7,61.7,11388
2025-02-20,11:00:00,61.8,62.1,61.7,62.1,6187
2025-02-20,11:30:00,62.0,62.0,61.7,61.8,10652
2025-02-20,12:00:00,61.8,61.9,61.7,61.7,3175
2025-02-20,12:30:00,61.8,62.0,61.7,62.0,3627
2025-02-20,13:00:00,61.9,62.0,61.7,61.9,6976
2025-02-20,13:30:00,62.0,62.0,61.9,62.0,2936
2025-02-20,14:00:00,61.9,62.3,61.9,62.1,9019
2025-02-20,14:30:00,62.0,62.4,61.8,61.8,16938
2025-02-20,15:00:00,61.8,61.8,61.8,61.8,1808
2025-02-24,10:00:00,62.0,62.1,61.6,61.6,6445
2025-02-24,10:30:00,61.7,61.8,61.5,61.6,5383
2025-02-24,11:00:00,61.5,61.5,61.3,61.3,9614
2025-02-24,11:30:00,61.4,61.6,61.3,61.4,6616
2025-02-24,12:00:00,61.4,61.6,61.4,61.5,7483
2025-02-24,12:30:00,61.5,61.7,61.5,61.5,4525
2025-02-24,13:00:00,61.5,62.0,61.5,61.9,9813
2025-02-24,13:30:00,62.0,62.0,61.7,61.8,6435
2025-02-24,14:00:00,61.7,61.9,61.6,61.6,5294
2025-02-24,14:30:00,61.7,62.0,61.7,61.9,16121
2025-02-25,10:15:00,61.8,61.9,61.6,61.9,4209
2025-02-25,10:45:00,61.8,62.2,61.6,62.1,17002
2025-02-25,11:15:00,62.1,62.2,61.8,62.2,8590
2025-02-25,11:45:00,61.9,62.5,61.9,62.5,16541
2025-02-25,12:15:00,62.5,62.6,62.3,62.4,6314
2025-02-25,12:45:00,62.3,62.6,62.2,62.3,15553
2025-02-25,13:15:00,62.3,62.6,62.3,62.5,19319
2025-02-25,13:45:00,62.5,62.7,62.4,62.6,20642
2025-02-25,14:15:00,62.6,63.4,62.5,63.3,65043
2025-02-25,14:45:00,63.3,63.4,63.2,63.3,49198
2025-02-26,10:15:00,63.7,64.1,63.6,63.9,36826
2025-02-26,10:45:00,63.9,64.1,63.6,63.8,40106
2025-02-26,11:15:00,63.7,64.0,63.4,63.7,33382
2025-02-26,11:45:00,63.6,63.7,63.4,63.6,14033
2025-02-26,12:15:00,63.8,63.8,63.5,63.5,10282
2025-02-26,12:45:00,63.5,63.8,63.4,63.6,16179
2025-02-26,13:15:00,63.6,63.7,63.5,63.6,3558
2025-02-26,13:45:00,63.6,63.7,63.3,63.7,12782
2025-02-26,14:15:00,63.6,63.7,63.5,63.5,6728
2025-02-26,14:45:00,63.5,63.5,63.4,63.5,9760
2025-02-27,10:15:00,63.2,63.2,62.6,62.9,14719
2025-02-27,10:45:00,62.9,63.1,62.9,63.1,4617
2025-02-27,11:15:00,63.1,63.5,63.0,63.4,5581
2025-02-27,11:45:00,63.4,63.6,63.2,63.2,16714
2025-02-27,12:15:00,63.2,63.3,63.1,63.2,1945
2025-02-27,12:45:00,63.2,63.3,63.0,63.3,4535
2025-02-27,13:15:00,63.2,63.6,63.2,63.6,12227
2025-02-27,13:45:00,63.6,64.3,63.4,64.0,85781
2025-02-27,14:15:00,64.0,64.2,63.7,63.8,15374
2025-02-27,14:45:00,63.8,63.9,63.5,63.5,15642
2025-03-02,10:00:00,63.5,63.9,63.3,63.3,5690
2025-03-02,10:30:00,63.3,63.5,63.0,63.2,2607
2025-03-02,11:00:00,63.2,63.4,63.1,63.1,2693
2025-03-02,11:30:00,63.2,63.3,63.0,63.3,4840
2025-03-02,12:00:00,63.3,63.4,62.9,63.1,11306
2025-03-02,12:30:00,63.4,63.4,63.1,63.1,3899
2025-03-02,13:00:00,63.1,63.2,62.9,62.9,14548
2025-03-02,13:30:00,62.9,62.9,62.7,62.7,14123
2025-03-02,14:00:00,62.7,62.7,62.6,62.7,4438
2025-03-02,14:30:00,62.6,62.8,62.6,62.6,17690
2025-03-02,15:00:00,62.8,62.8,62.8,62.8,2263
2025-03-03,10:00:00,62.4,63.0,62.3,62.9,9916
2025-03-03,10:30:00,62.9,63.0,62.5,62.5,7636
2025-03-03,11:00:00,62.4,62.5,62.0,62.1,17317
2025-03-03,11:30:00,62.2,62.2,61.8,62.0,12473
2025-03-03,12:00:00,62.0,62.1,61.9,62.0,13861
2025-03-03,12:30:00,61.9,62.2,61.9,62.1,25237
2025-03-03,13:00:00,62.0,62.1,61.9,62.0,3945
2025-03-03,13:30:00,62.0,62.1,61.7,61.8,23493
2025-03-03,14:00:00,61.8,62.0,61.6,61.9,15263
2025-03-03,14:30:00,61.9,62.0,61.7,61.7,16882
2025-03-03,15:00:00,61.7,61.7,61.7,61.7,5151
2025-03-04,10:00:00,61.8,61.9,61.5,61.5,18578
2025-03-04,10:30:00,61.5,62.1,61.3,61.9,38872
2025-03-04,11:00:00,61.9,62.2,61.8,62.2,5589
2025-03-04,11:30:00,62.0,62.0,61.8,61.9,3284
2025-03-04,12:00:00,61.9,62.0,61.4,62.0,16833
2025-03-04,12:30:00,61.9,62.0,61.7,62.0,3459
2025-03-04,13:00:00,61.8,61.9,61.5,61.7,8575
2025-03-04,13:30:00,61.7,62.2,61.6,62.2,11427
2025-03-04,14:00:00,62.0,62.1,61.7,61.7,1956
2025-03-04,14:30:00,61.6,62.1,61.5,61.5,15112
2025-03-04,15:00:00,61.5,61.5,61.5,61.5,1946
2025-03-05,10:00:00,61.7,61.7,60.8,60.9,23717
2025-03-05,10:30:00,60.8,61.0,60.3,60.3,17045
2025-03-05,11:00:00,60.4,60.9,60.4,60.8,9031
2025-03-05,11:30:00,60.8,60.9,60.7,60.8,3589
2025-03-05,12:00:00,60.8,61.1,60.7,61.0,5106
2025-03-05,12:30:00,61.0,61.3,61.0,61.1,3810
2025-03-05,13:00:00,61.1,61.2,61.0,61.1,2777
2025-03-05,13:30:00,61.1,61.1,60.9,60.9,10257
2025-03-05,14:00:00,60.9,61.0,60.7,60.8,12185
2025-03-05,14:30:00,60.9,61.0,60.7,61.0,4921
2025-03-06,10:15:00,60.3,60.3,60.0,60.1,16854
2025-03-06,10:45:00,60.2,60.5,60.2,60.2,8483
2025-03-06,11:15:00,60.2,60.4,60.1,60.2,10119
2025-03-06,11:45:00,60.3,60.5,60.2,60.3,4756
2025-03-06,12:15:00,60.5,60.5,60.2,60.4,2352
2025-03-06,12:45:00,60.5,60.5,60.1,60.2,5052
2025-03-06,13:15:00,60.2,60.5,60.1,60.2,12773
2025-03-06,13:45:00,60.2,60.4,60.1,60.3,8866
2025-03-06,14:15:00,60.2,60.4,60.2,60.4,3720
2025-03-06,14:45:00,60.3,60.6,60.2,60.3,8997
2025-03-09,10:00:00,60.1,60.3,60.0,60.1,7625
2025-03-09,10:30:00,60.1,60.3,59.8,60.1,11904
2025-03-09,11:00:00,60.1,60.1,59.8,60.1,3353
2025-03-09,11:30:00,60.0,60.1,59.9,60.1,3239
2025-03-09,12:00:00,60.1,60.2,60.0,60.1,6732
2025-03-09,12:30:00,60.0,60.0,59.7,59.8,9408
2025-03-09,13:00:00,59.8,60.3,59.8,60.2,5985
2025-03-09,13:30:00,60.2,60.3,60.1,60.1,1395
2025-03-09,14:00:00,60.0,60.2,60.0,60.1,1400
2025-03-09,14:30:00,60.1,60.2,59.9,59.9,12248
2025-03-09,15:00:00,60.0,60.0,60.0,60.0,1003
2025-03-10,10:00:00,60.0,60.4,59.6,59.7,7580
2025-03-10,10:30:00,59.8,59.9,59.6,59.9,5131
2025-03-10,11:00:00,59.8,60.2,59.8,60.1,4660
2025-03-10,11:30:00,60.2,60.2,60.0,60.2,853
2025-03-10,12:00:00,60.0,60.2,60.0,60.0,381
2025-03-10,12:30:00,60.1,60.2,60.0,60.0,1058
2025-03-10,13:00:00,59.9,60.2,59.9,60.1,1184
2025-03-10,13:30:00,60.0,60.2,59.9,60.1,9927
2025-03-10,14:00:00,60.1,60.6,60.0,60.6,25704
2025-03-10,14:30:00,60.7,60.8,60.4,60.4,9429
2025-03-10,15:00:00,60.3,60.3,60.3,60.3,1694
2025-03-11,10:00:00,59.8,59.9,59.1,59.7,25069
2025-03-11,10:30:00,59.7,59.7,59.1,59.5,30168
2025-03-11,11:00:00,59.4,59.8,59.4,59.8,5760
2025-03-11,11:30:00,59.8,60.1,59.8,60.0,5956
2025-03-11,12:00:00,60.0,60.1,59.9,60.1,2202
2025-03-11,12:30:00,60.2,60.3,60.0,60.2,1682
2025-03-11,13:00:00,60.2,60.4,60.2,60.2,1966
2025-03-11,13:30:00,60.1,60.4,60.1,60.3,3561
2025-03-11,14:00:00,60.2,60.6,60.2,60.5,3805
2025-03-11,14:30:00,60.6,60.6,59.7,59.8,9660
2025-03-11,15:00:00,60.4,60.4,60.4,60.4,2470
2025-03-12,10:00:00,60.4,60.5,60.0,60.1,6758
2025-03-12,10:30:00,60.2,60.4,60.1,60.4,7014
2025-03-12,11:00:00,60.4,60.7,60.2,60.3,4454
2025-03-12,11:30:00,60.3,60.4,60.2,60.2,2353
2025-03-12,12:00:00,60.1,60.5,60.1,60.5,6199
2025-03-12,12:30:00,60.3,60.5,60.3,60.5,1407
2025-03-12,13:00:00,60.5,60.5,60.3,60.4,1213
2025-03-12,13:30:00,60.4,60.5,60.3,60.5,6884
2025-03-12,14:00:00,60.4,60.7,60.4,60.6,2142
2025-03-12,14:30:00,60.6,61.1,60.5,60.5,18601
2025-03-13,10:15:00,61.7,61.7,61.3,61.4,19133
2025-03-13,10:45:00,61.4,61.4,60.9,61.2,12076
2025-03-13,11:15:00,61.2,61.4,61.0,61.0,7937
2025-03-13,11:45:00,61.1,61.2,60.9,61.1,4337
2025-03-13,12:15:00,60.9,61.0,60.8,61.0,7405
2025-03-13,12:45:00,61.0,61.0,60.8,60.9,3834
2025-03-13,13:15:00,60.9,61.1,60.8,61.0,5824
2025-03-13,13:45:00,61.0,61.1,60.8,60.8,5074
2025-03-13,14:15:00,60.9,61.0,60.8,61.0,4797
2025-03-13,14:45:00,60.9,61.0,60.8,60.9,10404
2025-03-16,10:00:00,61.0,61.3,61.0,61.0,7715
2025-03-16,10:30:00,61.0,61.2,60.9,60.9,4251
2025-03-16,11:00:00,60.9,61.3,60.9,61.0,12895
2025-03-16,11:30:00,61.2,61.2,61.0,61.1,7114
2025-03-16,12:00:00,61.0,61.1,61.0,61.1,5551
2025-03-16,12:30:00,61.0,61.1,60.9,60.9,11114
2025-03-16,13:00:00,61.0,61.2,60.9,61.1,5333
2025-03-16,13:30:00,61.1,61.3,61.1,61.1,7122
2025-03-16,14:00:00,61.1,61.2,60.9,61.1,11640
2025-03-16,14:30:00,61.2,61.2,60.9,60.9,14918
2025-03-17,10:15:00,61.1,61.6,61.0,61.6,13802
2025-03-17,10:45:00,61.6,61.8,61.4,61.6,14762
2025-03-17,11:15:00,61.7,61.7,61.6,61.7,1463
2025-03-17,11:45:00,61.6,61.7,61.4,61.6,5522
2025-03-17,12:15:00,61.6,61.7,60.7,61.1,46673
2025-03-17,12:45:00,61.1,61.3,60.7,61.0,28660
2025-03-17,13:15:00,61.1,61.3,60.8,61.2,8516
2025-03-17,13:45:00,61.1,61.1,60.9,61.0,11226
2025-03-17,14:15:00,61.0,61.2,61.0,61.0,2426
2025-03-17,14:45:00,61.0,61.1,60.7,61.0,6559
2025-03-18,10:15:00,61.2,61.2,60.7,60.7,7630
2025-03-18,10:45:00,60.7,61.0,60.6,61.0,7851
2025-03-18,11:15:00,60.9,61.2,60.9,61.0,3459
2025-03-18,11:45:00,61.0,61.3,61.0,61.3,9018
2025-03-18,12:15:00,61.2,61.3,61.1,61.3,6020
2025-03-18,12:45:00,61.3,61.3,60.9,61.1,7367
2025-03-18,13:15:00,61.1,61.1,60.9,60.9,3236
2025-03-18,13:45:00,61.0,61.0,60.7,60.9,9202
2025-03-18,14:15:00,60.8,60.9,60.7,60.9,2557
2025-03-18,14:45:00,60.8,60.9,60.6,60.8,3121
2025-03-19,10:15:00,60.5,60.5,60.0,60.2,11509
2025-03-19,10:45:00,60.1,60.2,59.9,60.0,13537
2025-03-19,11:15:00,60.0,60.2,60.0,60.1,3983
2025-03-19,11:45:00,60.1,60.1,60.0,60.1,1531
2025-03-19,12:15:00,60.1,60.2,60.0,60.1,2336
2025-03-19,12:45:00,60.1,60.2,60.1,60.1,5589
2025-03-19,13:15:00,60.3,60.3,60.1,60.2,1195
2025-03-19,13:45:00,60.2,60.2,60.0,60.2,8872
2025-03-19,14:15:00,60.2,60.2,60.1,60.1,2005
2025-03-19,14:45:00,60.2,60.5,60.1,60.3,12650
2025-03-20,10:15:00,59.7,60.2,59.4,59.9,6957
2025-03-20,10:45:00,59.9,60.0,59.6,59.7,18521
2025-03-20,11:15:00,59.7,60.2,59.7,60.2,7417
2025-03-20,11:45:00,60.2,60.2,60.1,60.1,1487
2025-03-20,12:15:00,60.1,60.3,60.1,60.3,3320
2025-03-20,12:45:00,60.3,60.3,60.2,60.3,2255
2025-03-20,13:15:00,60.2,61.0,60.2,60.4,16358
2025-03-20,13:45:00,60.3,60.6,60.3,60.4,1482
2025-03-20,14:15:00,60.4,60.7,60.4,60.7,3494
2025-03-20,14:45:00,60.7,60.8,60.1,60.7,15125
2025-03-23,10:00:00,60.5,61.0,60.5,60.9,7867
2025-03-23,10:30:00,61.0,61.1,60.7,60.9,13598
2025-03-23,11:00:00,60.8,60.9,60.8,60.8,2226
2025-03-23,11:30:00,60.8,61.0,60.8,60.9,1948
2025-03-23,12:00:00,60.9,60.9,60.7,60.8,4433
2025-03-23,12:30:00,60.8,60.9,60.7,60.9,3998
2025-03-23,13:00:00,60.8,61.0,60.7,60.8,1099
2025-03-23,13:30:00,60.8,61.0,60.5,60.8,9687
2025-03-23,14:00:00,60.6,61.0,60.6,60.7,8890
2025-03-23,14:30:00,60.8,60.9,60.7,60.8,4514
2025-03-23,15:00:00,60.8,60.8,60.8,60.8,802
2025-03-24,10:00:00,60.8,60.8,60.2,60.6,7125
2025-03-24,10:30:00,60.6,60.7,60.4,60.4,7381
2025-03-24,11:00:00,60.5,61.1,60.3,60.9,14160
2025-03-24,11:30:00,61.0,61.0,60.7,60.7,6661
2025-03-24,12:00:00,60.8,61.0,60.7,60.8,1294
2025-03-24,12:30:00,60.8,61.0,60.6,60.9,4504
2025-03-24,13:00:00,60.9,61.0,60.8,61.0,19806
2025-03-24,13:30:00,61.0,61.1,60.8,61.0,3263
2025-03-24,14:00:00,61.1,61.1,61.0,61.1,1209
2025-03-24,14:30:00,61.1,61.1,60.9,61.1,3783
2025-03-24,15:00:00,61.1,61.1,61.1,61.1,660
2025-03-25,10:00:00,61.0,61.0,60.7,61.0,7040
2025-03-25,10:30:00,60.9,61.0,60.8,60.8,804
2025-03-25,11:00:00,60.8,61.0,60.8,61.0,2329
2025-03-25,11:30:00,61.0,61.1,60.8,60.9,4920
2025-03-25,12:00:00,61.0,61.0,60.7,60.9,5131
2025-03-25,12:30:00,60.9,61.0,60.8,61.0,1525
2025-03-25,13:00:00,60.8,60.9,60.7,60.7,2961
2025-03-25,13:30:00,60.7,60.9,60.2,60.6,25383
2025-03-25,14:00:00,60.5,60.9,60.2,60.7,11023
2025-03-25,14:30:00,60.7,60.9,60.6,60.6,2761
2025-03-26,10:15:00,61.1,61.1,60.8,61.0,3533
2025-03-26,10:45:00,60.9,61.0,60.9,61.0,3136
2025-03-26,11:15:00,61.1,61.3,60.9,61.3,6439
2025-03-26,11:45:00,61.2,61.6,61.2,61.5,27564
2025-03-26,12:15:00,61.5,61.5,61.3,61.4,11467
2025-03-26,12:45:00,61.4,61.4,61.2,61.3,10610
2025-03-26,13:15:00,61.3,61.4,61.2,61.4,5160
2025-03-26,13:45:00,61.3,61.6,61.2,61.5,14443
2025-03-26,14:15:00,61.5,61.6,61.4,61.4,14267
2025-03-26,14:45:00,61.5,61.5,61.2,61.3,10172
2025-03-27,10:15:00,61.8,61.8,61.3,61.4,15134
2025-03-27,10:45:00,61.3,61.5,61.1,61.4,13092
2025-03-27,11:15:00,61.3,61.5,61.3,61.3,5394
2025-03-27,11:45:00,61.3,61.6,61.3,61.6,14282
2025-03-27,12:15:00,61.6,62.0,61.6,61.9,20823
2025-03-27,12:45:00,62.0,62.1,61.9,61.9,17340
2025-03-27,13:15:00,61.9,62.3,61.9,62.2,21084
2025-03-27,13:45:00,62.2,62.3,62.0,62.2,4493
2025-03-27,14:15:00,62.2,62.5,62.1,62.3,12471
2025-03-27,14:45:00,62.2,62.8,62.2,62.7,17962
2025-04-03,10:15:00,62.1,62.5,62.0,62.3,3885
2025-04-03,10:45:00,62.2,62.4,62.1,62.2,13654
2025-04-03,11:15:00,62.2,62.3,62.0,62.2,16296
2025-04-03,11:45:00,62.1,62.2,62.0,62.0,4811
2025-04-03,12:15:00,62.0,62.2,62.0,62.2,2072
2025-04-03,12:45:00,62.0,62.2,61.9,61.9,4984
2025-04-03,13:15:00,61.9,62.0,61.7,61.7,7236
2025-04-03,13:45:00,61.7,62.0,61.7,61.8,11266
2025-04-03,14:15:00,61.7,61.9,61.7,61.8,3452
2025-04-03,14:45:00,61.8,61.9,61.6,61.8,7548
2025-04-06,10:15:00,58.5,59.3,58.4,59.3,24395
2025-04-06,10:45:00,59.1,59.9,58.9,59.8,17867
2025-04-06,11:15:00,59.8,59.8,59.4,59.7,16495
2025-04-06,11:45:00,59.7,59.8,59.4,59.8,15674
2025-04-06,12:15:00,59.8,60.0,59.7,59.9,10472
2025-04-06,12:45:00,59.7,59.9,59.4,59.5,6780
2025-04-06,13:15:00,59.4,59.7,59.3,59.5,2973
2025-04-06,13:45:00,59.4,59.5,58.9,58.9,21660
2025-04-06,14:15:00,58.9,59.0,57.1,58.1,80447
2025-04-06,14:45:00,58.0,58.1,57.4,57.5,11712
2025-04-07,10:15:00,55.3,56.3,55.2,56.1,22261
2025-04-07,10:45:00,56.1,57.4,56.0,57.4,19788
2025-04-07,11:15:00,57.4,58.5,57.2,58.4,11219
2025-04-07,11:45:00,58.3,58.6,58.0,58.1,15312
2025-04-07,12:15:00,58.1,58.7,57.9,58.4,24258
2025-04-07,12:45:00,58.3,58.6,58.2,58.5,8881
2025-04-07,13:15:00,58.5,59.3,58.5,58.7,15342
2025-04-07,13:45:00,58.7,59.0,58.6,59.0,7839
2025-04-07,14:15:00,59.0,59.1,58.6,59.0,21684
2025-04-07,14:45:00,58.9,59.0,58.6,59.0,16001
2025-04-08,10:15:00,59.0,59.8,58.9,59.7,32963
2025-04-08,10:45:00,59.5,59.5,59.0,59.1,22505
2025-04-08,11:15:00,59.1,59.2,58.8,59.0,24257
2025-04-08,11:45:00,59.1,59.1,58.5,58.7,12522
2025-04-08,12:15:00,58.8,58.8,58.5,58.8,6891
2025-04-08,12:45:00,58.7,58.9,58.6,58.7,3061
2025-04-08,13:15:00,58.7,58.8,58.5,58.7,7781
2025-04-08,13:45:00,58.7,58.7,58.3,58.3,10438
2025-04-08,14:15:00,58.4,58.4,58.1,58.2,12294
2025-04-08,14:45:00,58.2,58.3,58.0,58.0,8905
2025-04-09,10:15:00,57.9,58.4,57.7,58.2,3382
2025-04-09,10:45:00,58.2,58.4,58.1,58.1,9584
2025-04-09,11:15:00,58.0,58.1,57.8,58.0,3759
2025-04-09,11:45:00,58.0,58.0,57.8,58.0,627
2025-04-09,12:15:00,57.9,57.9,57.7,57.7,3815
2025-04-09,12:45:00,57.7,57.8,57.6,57.8,4838
2025-04-09,13:15:00,57.8,58.0,57.5,57.5,11507
2025-04-09,13:45:00,57.5,57.5,56.9,57.0,24701
2025-04-09,14:15:00,57.0,57.0,56.3,56.5,24189
2025-04-09,14:45:00,56.5,57.2,56.3,57.2,22403
2025-04-10,10:15:00,58.8,59.0,58.5,58.6,14392
2025-04-10,10:45:00,58.7,58.7,58.2,58.3,6573
2025-04-10,11:15:00,58.3,58.8,58.2,58.6,7936
2025-04-10,11:45:00,58.6,58.8,58.5,58.5,4425
2025-04-10,12:15:00,58.5,58.6,58.4,58.5,4435
2025-04-10,12:45:00,58.5,58.8,58.5,58.7,2717
2025-04-10,13:15:00,58.6,58.7,58.5,58.7,7702
2025-04-10,13:45:00,58.6,58.7,58.5,58.5,8790
2025-04-10,14:15:00,58.6,58.7,58.6,58.7,7603
2025-04-10,14:45:00,58.7,58.9,58.6,58.8,7527
2025-04-13,10:15:00,58.9,59.3,58.9,59.0,15034
2025-04-13,10:45:00,59.1,59.3,59.1,59.3,9347
2025-04-13,11:15:00,59.2,59.4,59.1,59.3,4998
2025-04-13,11:45:00,59.4,59.4,59.2,59.2,4507
2025-04-13,12:15:00,59.2,59.4,59.1,59.3,9487
2025-04-13,12:45:00,59.3,59.4,59.1,59.4,8706
2025-04-13,13:15:00,59.4,59.5,59.2,59.3,9079
2025-04-13,13:45:00,59.3,59.3,59.2,59.2,10391
2025-04-13,14:15:00,59.2,59.5,59.1,59.4,5318
2025-04-13,14:45:00,59.4,59.5,59.2,59.5,2104
2025-04-14,10:00:00,59.5,59.6,58.8,58.8,17023
2025-04-14,10:30:00,59.0,59.2,58.8,59.2,5050
2025-04-14,11:00:00,59.0,59.3,59.0,59.3,6840
2025-04-14,11:30:00,59.3,59.5,59.2,59.4,13414
2025-04-14,12:00:00,59.5,59.7,59.3,59.6,8209
2025-04-14,12:30:00,59.7,60.0,59.6,60.0,32168
2025-04-14,13:00:00,60.0,60.2,60.0,60.1,27098
2025-04-14,13:30:00,60.1,60.1,59.4,59.5,16109
2025-04-14,14:00:00,59.6,59.7,59.5,59.7,1443
2025-04-14,14:30:00,59.7,59.7,59.3,59.5,3809
2025-04-14,15:00:00,59.4,59.4,59.4,59.4,4144
2025-04-15,10:00:00,59.4,59.9,59.4,59.7,3572
2025-04-15,10:30:00,59.9,59.9,59.5,59.6,6468
2025-04-15,11:00:00,59.6,60.2,59.6,60.0,19639
2025-04-15,11:30:00,60.0,60.2,60.0,60.1,9499
2025-04-15,12:00:00,60.0,60.1,60.0,60.1,9018
2025-04-15,12:30:00,60.0,60.1,59.9,60.0,2953
2025-04-15,13:00:00,59.9,60.1,59.9,60.1,5197
2025-04-15,13:30:00,60.0,60.0,59.7,59.8,13831
2025-04-15,14:00:00,59.8,60.0,59.6,59.8,14989
2025-04-15,14:30:00,59.6,59.9,59.4,59.5,16646
2025-04-15,15:00:00,59.5,59.5,59.5,59.5,2985
2025-04-16,10:00:00,59.2,60.4,59.2,60.1,19025
2025-04-16,10:30:00,60.2,60.3,59.8,60.0,6403
2025-04-16,11:00:00,60.0,60.3,59.7,59.8,14631
2025-04-16,11:30:00,59.8,60.2,59.7,60.2,18008
2025-04-16,12:00:00,60.1,60.3,60.1,60.3,15993
2025-04-16,12:30:00,60.1,60.1,59.9,60.1,4599
2025-04-16,13:00:00,60.2,60.6,60.1,60.5,47633
2025-04-16,13:30:00,60.4,60.5,60.3,60.3,5875
2025-04-16,14:00:00,60.4,60.7,60.3,60.5,15355
2025-04-16,14:30:00,60.6,60.6,60.2,60.3,12014
2025-04-17,10:15:00,59.8,60.0,59.4,59.5,8423
2025-04-17,10:45:00,59.7,59.8,59.5,59.8,501
2025-04-17,11:15:00,59.8,59.8,59.6,59.8,3164
2025-04-17,11:45:00,59.8,59.8,59.5,59.8,4111
2025-04-17,12:15:00,59.8,59.9,59.6,59.7,3350
2025-04-17,12:45:00,59.7,60.0,59.6,60.0,4142
2025-04-17,13:15:00,60.0,60.0,59.6,59.7,2576
2025-04-17,13:45:00,59.8,59.8,59.5,59.6,1800
2025-04-17,14:15:00,59.6,59.6,59.4,59.5,8941
2025-04-17,14:45:00,59.5,59.5,59.2,59.5,5348
2025-04-20,10:15:00,59.9,59.9,59.6,59.7,12939
2025-04-20,10:45:00,59.7,59.8,59.5,59.7,11579
2025-04-20,11:15:00,59.6,59.7,59.4,59.4,2100
2025-04-20,11:45:00,59.5,59.6,59.4,59.4,5725
2025-04-20,12:15:00,59.4,59.5,59.3,59.5,1560
2025-04-20,12:45:00,59.5,59.6,59.3,59.4,2205
2025-04-20,13:15:00,59.4,59.5,59.3,59.4,9261
2025-04-20,13:45:00,59.4,59.4,59.2,59.2,9041
2025-04-20,14:15:00,59.2,59.4,59.1,59.2,6355
2025-04-20,14:45:00,59.3,59.4,59.3,59.3,1105
2025-04-21,10:15:00,59.1,59.3,59.0,59.0,5172
2025-04-21,10:45:00,59.1,59.2,59.0,59.1,1971
2025-04-21,11:15:00,59.1,59.1,59.0,59.0,3404
2025-04-21,11:45:00,59.1,59.3,59.0,59.2,1666
2025-04-21,12:15:00,59.2,59.3,59.2,59.2,650
2025-04-21,12:45:00,59.2,59.3,59.2,59.3,2425
2025-04-21,13:15:00,59.3,59.3,59.1,59.3,1557
2025-04-21,13:45:00,59.3,59.3,59.0,59.1,1988
2025-04-21,14:15:00,59.1,59.2,59.0,59.1,1045
2025-04-21,14:45:00,59.1,59.1,59.0,59.1,1976
2025-04-22,10:00:00,58.5,59.0,58.5,58.8,8673
2025-04-22,10:30:00,58.8,59.1,58.6,59.0,6087
2025-04-22,11:00:00,58.9,59.4,58.9,59.3,7353
2025-04-22,11:30:00,59.3,59.4,59.1,59.4,4464
2025-04-22,12:00:00,59.4,59.4,59.2,59.4,2115
2025-04-22,12:30:00,59.4,59.5,59.3,59.5,4969
2025-04-22,13:00:00,59.4,59.5,59.2,59.3,1940
2025-04-22,13:30:00,59.3,59.3,59.1,59.1,3873
2025-04-22,14:00:00,59.1,59.1,59.0,59.0,3242
2025-04-22,14:30:00,59.0,59.2,59.0,59.0,4698
2025-04-22,15:00:00,59.1,59.1,59.1,59.1,699
2025-04-23,10:00:00,60.0,60.0,59.5,59.6,10102
2025-04-23,10:30:00,59.6,59.7,59.4,59.5,2953
2025-04-23,11:00:00,59.5,59.7,59.4,59.7,3303
2025-04-23,11:30:00,59.7,59.7,59.4,59.5,4366
2025-04-23,12:00:00,59.5,59.6,59.3,59.5,2443
2025-04-23,12:30:00,59.5,59.5,59.3,59.4,7981
2025-04-23,13:00:00,59.4,59.5,59.3,59.5,1471
2025-04-23,13:30:00,59.5,59.5,59.3,59.4,72
2025-04-23,14:00:00,59.4,59.4,59.2,59.4,2199
2025-04-23,14:30:00,59.3,59.4,59.2,59.2,1621
2025-04-23,15:00:00,59.2,59.2,59.2,59.2,304
2025-04-24,10:00:00,60.0,60.0,59.5,59.8,23631
2025-04-24,10:30:00,59.8,59.8,59.4,59.5,20741
2025-04-24,11:00:00,59.5,59.6,59.3,59.6,7842
2025-04-24,11:30:00,59.5,59.7,59.4,59.5,5691
2025-04-24,12:00:00,59.5,59.6,59.5,59.6,6372
2025-04-24,12:30:00,59.7,59.8,59.6,59.8,992
2025-04-24,13:00:00,59.8,59.8,59.6,59.6,8402
2025-04-24,13:30:00,59.6,59.7,59.4,59.6,11675
2025-04-24,14:00:00,59.6,59.7,59.5,59.6,10443
2025-04-24,14:30:00,59.5,59.7,59.3,59.4,15739
2025-04-24,15:00:00,59.4,59.4,59.4,59.4,1552
2025-04-27,10:00:00,59.4,60.7,59.4,60.0,52626
2025-04-27,10:30:00,60.1,60.1,59.8,59.9,8221
2025-04-27,11:00:00,59.9,60.2,59.8,60.0,8514
2025-04-27,11:30:00,60.0,60.1,60.0,60.0,10932
2025-04-27,12:00:00,60.0,60.1,60.0,60.0,838
2025-04-27,12:30:00,60.0,60.2,60.0,60.2,3114
2025-04-27,13:00:00,60.1,60.4,60.1,60.4,24370
2025-04-27,13:30:00,60.3,60.7,60.2,60.5,19252
2025-04-27,14:00:00,60.4,60.7,60.3,60.4,32926
2025-04-27,14:30:00,60.5,61.0,60.4,60.9,22192
2025-04-27,15:00:00,60.6,60.6,60.6,60.6,4089
2025-04-28,10:00:00,60.6,60.8,60.5,60.5,8835
2025-04-28,10:30:00,60.5,60.6,60.3,60.3,6898
2025-04-28,11:00:00,60.3,60.3,59.9,60.1,24470
2025-04-28,11:30:00,60.1,60.2,60.1,60.1,2504
2025-04-28,12:00:00,60.1,60.2,59.9,59.9,10340
2025-04-28,12:30:00,60.0,60.1,59.8,59.9,6478
2025-04-28,13:00:00,59.9,60.0,59.8,60.0,3985
2025-04-28,13:30:00,60.0,60.1,59.9,60.0,6005
2025-04-28,14:00:00,60.0,60.0,59.9,59.9,5487
2025-04-28,14:30:00,60.0,60.1,59.9,60.0,4778
2025-04-29,10:15:00,59.9,60.1,59.9,59.9,1451
2025-04-29,10:45:00,59.9,60.0,59.8,59.9,12720
2025-04-29,11:15:00,59.9,59.9,59.8,59.9,1169
2025-04-29,11:45:00,59.9,60.0,59.8,59.8,2929
2025-04-29,12:15:00,59.8,59.8,59.5,59.6,10451
2025-04-29,12:45:00,59.6,59.8,59.5,59.6,1412
2025-04-29,13:15:00,59.6,59.6,59.4,59.5,7112
2025-04-29,13:45:00,59.5,59.6,59.5,59.5,2286
2025-04-29,14:15:00,59.5,59.5,59.0,59.1,18060
2025-04-29,14:45:00,59.2,59.2,59.0,59.1,9333
2025-04-30,10:00:00,59.1,59.1,58.8,58.9,6477
2025-04-30,10:30:00,58.9,59.0,58.8,58.8,8028
2025-04-30,11:00:00,58.9,58.9,58.6,58.7,13064
2025-04-30,11:30:00,58.6,58.7,58.5,58.6,5722
2025-04-30,12:00:00,58.5,58.6,58.4,58.4,10718
2025-04-30,12:30:00,58.4,58.5,58.2,58.4,6692
2025-04-30,13:00:00,58.4,58.5,58.4,58.4,2646
2025-04-30,13:30:00,58.4,58.4,58.2,58.3,6978
2025-04-30,14:00:00,58.3,58.5,58.2,58.3,8933
2025-04-30,14:30:00,58.4,58.8,58.3,58.7,3970
2025-04-30,15:00:00,58.7,58.7,58.7,58.7,2062
2025-05-01,10:00:00,58.7,58.7,58.2,58.5,11254
2025-05-01,10:30:00,58.4,58.6,58.1,58.3,11726
2025-05-01,11:00:00,58.5,58.5,58.1,58.1,4629
2025-05-01,11:30:00,58.2,58.2,58.0,58.1,6610
2025-05-01,12:00:00,58.0,58.1,57.9,57.9,6296
2025-05-01,12:30:00,57.9,58.0,57.7,57.9,7136
2025-05-01,13:00:00,57.9,58.0,57.7,57.9,5430
2025-05-01,13:30:00,58.0,58.1,57.8,58.0,6304
2025-05-01,14:00:00,58.0,58.1,57.9,58.1,4723
2025-05-01,14:30:00,58.1,58.2,58.0,58.2,5427
2025-05-01,15:00:00,58.1,58.1,58.1,58.1,1410
2025-05-04,10:00:00,58.2,58.5,58.2,58.3,4176
2025-05-04,10:30:00,58.3,58.5,58.2,58.3,2726
2025-05-04,11:00:00,58.3,58.3,58.1,58.1,10217
2025-05-04,11:30:00,58.3,58.3,58.1,58.2,2839
2025-05-04,12:00:00,58.2,58.3,58.1,58.2,493
2025-05-04,12:30:00,58.1,58.2,58.0,58.0,2452
2025-05-04,13:00:00,58.1,58.2,58.0,58.1,11808
2025-05-04,13:30:00,58.1,58.1,57.9,58.0,2828
2025-05-04,14:00:00,58.0,58.1,58.0,58.1,1094
2025-05-04,14:30:00,58.0,58.1,58.0,58.0,7372
2025-05-04,15:00:00,57.9,57.9,57.9,57.9,1668
2025-05-05,10:00:00,57.7,58.0,57.7,57.7,3487
2025-05-05,10:30:00,57.7,57.8,57.5,57.7,8056
2025-05-05,11:00:00,57.6,58.2,57.6,58.2,8650
2025-05-05,11:30:00,58.1,58.3,58.0,58.0,6451
2025-05-05,12:00:00,58.1,58.2,58.0,58.0,1753
2025-05-05,12:30:00,58.0,58.2,57.9,58.0,2736
2025-05-05,13:00:00,58.0,58.2,57.9,58.2,1638
2025-05-05,13:30:00,58.2,58.2,58.0,58.1,7479
2025-05-05,14:00:00,58.0,58.1,58.0,58.0,2655
2025-05-05,14:30:00,58.0,58.0,57.8,57.8,11064
2025-05-05,15:00:00,58.0,58.0,58.0,58.0,962
2025-05-06,10:00:00,58.4,58.4,57.8,57.9,4801
2025-05-06,10:30:00,57.9,58.0,57.7,57.9,5760
2025-05-06,11:00:00,57.8,57.9,57.5,57.8,4692
2025-05-06,11:30:00,57.8,57.9,57.5,57.8,6313
2025-05-06,12:00:00,57.8,57.8,57.5,57.6,5774
2025-05-06,12:30:00,57.6,57.7,57.5,57.7,3148
2025-05-06,13:00:00,57.6,57.9,57.6,57.6,7821
2025-05-06,13:30:00,57.7,57.7,57.5,57.7,11529
2025-05-06,14:00:00,57.7,57.7,57.4,57.4,12108
2025-05-06,14:30:00,57.4,57.5,57.1,57.1,13695
2025-05-06,15:00:00,57.1,57.1,57.1,57.1,1456
2025-05-07,10:00:00,57.1,57.2,56.9,57.0,6363
2025-05-07,10:30:00,57.1,57.1,56.9,56.9,4961
2025-05-07,11:00:00,57.0,57.1,56.9,57.1,2567
2025-05-07,11:30:00,57.1,57.1,57.0,57.0,1837
2025-05-07,12:00:00,57.0,57.1,56.9,56.9,6336
2025-05-07,12:30:00,56.9,57.0,56.9,57.0,1084
2025-05-07,13:00:00,56.9,57.0,56.9,57.0,2603
2025-05-07,13:30:00,56.9,56.9,56.5,56.7,14342
2025-05-07,14:00:00,56.7,56.7,56.4,56.6,9833
2025-05-07,14:30:00,56.8,56.8,56.6,56.8,1726
2025-05-07,15:00:00,56.5,56.5,56.5,56.5,8008
2025-05-08,10:00:00,56.9,56.9,56.3,56.5,5170
2025-05-08,10:30:00,56.7,56.7,56.3,56.5,1574
2025-05-08,11:00:00,56.5,56.6,56.3,56.4,5536
2025-05-08,11:30:00,56.4,56.4,56.1,56.1,6059
2025-05-08,12:00:00,56.2,56.2,56.1,56.1,4105
2025-05-08,12:30:00,56.1,56.2,56.1,56.1,4469
2025-05-08,13:00:00,56.1,56.2,56.0,56.1,10940
2025-05-08,13:30:00,56.1,56.2,55.9,56.2,1135
2025-05-08,14:00:00,56.2,56.2,56.1,56.1,1662
2025-05-08,14:30:00,56.2,56.3,55.7,56.1,18097
2025-05-11,10:15:00,56.0,56.1,55.9,56.1,2174
2025-05-11,10:45:00,56.1,56.3,56.1,56.1,4172
2025-05-11,11:15:00,56.1,56.2,56.0,56.1,2262
2025-05-11,11:45:00,56.2,56.2,56.0,56.1,1453
2025-05-11,12:15:00,56.1,56.2,56.1,56.1,988
2025-05-11,12:45:00,56.2,56.2,56.1,56.1,849
2025-05-11,13:15:00,56.2,56.2,56.0,56.2,3039
2025-05-11,13:45:00,56.1,56.2,56.0,56.1,670
2025-05-11,14:15:00,56.1,56.2,56.0,56.2,1706
2025-05-11,14:45:00,56.0,56.1,56.0,56.1,2634
2025-05-12,10:15:00,56.7,57.0,56.6,57.0,4440
2025-05-12,10:45:00,56.9,57.2,56.9,57.1,3947
2025-05-12,11:15:00,57.1,57.1,56.7,56.7,4919
2025-05-12,11:45:00,56.7,56.9,56.7,56.7,1039
2025-05-12,12:15:00,56.9,56.9,56.7,56.9,3066
2025-05-12,12:45:00,56.8,56.8,56.6,56.6,5190
2025-05-12,13:15:00,56.7,56.8,56.6,56.8,1111
2025-05-12,13:45:00,56.8,57.0,56.7,57.0,2172
2025-05-12,14:15:00,56.8,57.0,56.8,57.0,7175
2025-05-12,14:45:00,56.9,57.0,56.9,57.0,831
2025-05-13,10:15:00,57.1,57.4,57.0,57.3,17358
2025-05-13,10:45:00,57.3,57.7,57.2,57.3,10724
2025-05-13,11:15:00,57.5,57.5,57.2,57.3,1969
2025-05-13,11:45:00,57.3,57.3,57.0,57.2,5500
2025-05-13,12:30:00,57.1,57.2,57.0,57.2,2567
2025-05-13,13:00:00,57.0,57.3,57.0,57.1,1827
2025-05-13,13:30:00,57.1,57.2,57.0,57.0,884
2025-05-13,14:00:00,57.1,57.3,57.0,57.0,2518
2025-05-13,14:30:00,57.0,57.3,57.0,57.1,4866
2025-05-14,10:15:00,57.1,57.1,56.9,57.0,4585
2025-05-14,10:45:00,57.0,59.9,57.0,57.5,38797
2025-05-14,11:15:00,57.6,57.7,57.4,57.7,1526
2025-05-14,11:45:00,57.6,57.7,57.5,57.7,1814
2025-05-14,12:15:00,57.7,57.7,57.5,57.5,1796
2025-05-14,12:45:00,57.5,57.7,57.5,57.6,932
2025-05-14,13:15:00,57.7,57.8,57.5,57.6,3077
2025-05-14,13:45:00,57.6,57.7,57.5,57.7,806
2025-05-14,14:15:00,57.6,57.9,57.6,57.9,14609
2025-05-14,14:45:00,57.9,57.9,57.7,57.9,11424
2025-05-15,10:00:00,57.8,57.8,57.4,57.4,1660
2025-05-15,10:30:00,57.4,57.5,57.2,57.2,2126
2025-05-15,11:00:00,57.2,57.3,57.2,57.3,1721
2025-05-15,11:30:00,57.3,57.4,57.2,57.2,1904
2025-05-15,12:00:00,57.3,57.3,57.1,57.2,2268
2025-05-15,12:30:00,57.2,57.3,57.1,57.1,4578
2025-05-15,13:00:00,57.0,57.2,57.0,57.1,1460
2025-05-15,13:30:00,57.1,57.2,57.1,57.2,465
2025-05-15,14:00:00,57.3,57.4,57.2,57.3,2383
2025-05-15,14:30:00,57.4,57.4,57.2,57.3,4576
2025-05-18,10:15:00,57.3,57.3,57.1,57.1,6065
2025-05-18,10:45:00,57.2,57.2,57.0,57.1,2945
2025-05-18,11:15:00,57.1,57.1,56.8,56.9,7576
2025-05-18,11:45:00,56.9,57.0,56.8,56.8,1127
2025-05-18,12:15:00,57.0,57.0,56.8,57.0,103
2025-05-18,12:45:00,57.0,57.0,56.8,57.0,3011
2025-05-18,13:15:00,57.0,57.0,56.7,56.7,4920
2025-05-18,13:45:00,56.8,56.8,56.7,56.7,2422
2025-05-18,14:15:00,56.8,56.8,56.4,56.5,19768
2025-05-18,14:45:00,56.5,56.5,56.0,56.2,10726
2025-05-19,10:15:00,56.5,56.8,56.4,56.6,3341
2025-05-19,10:45:00,56.6,56.9,56.5,56.8,4572
2025-05-19,11:15:00,56.7,56.8,56.5,56.8,15085
2025-05-19,11:45:00,56.9,57.1,56.7,57.0,5594
2025-05-19,12:15:00,56.9,56.9,56.7,56.7,1489
2025-05-19,12:45:00,56.7,57.0,56.6,56.6,3519
2025-05-19,13:15:00,56.9,56.9,56.6,56.7,4418
2025-05-19,13:45:00,57.0,57.0,56.6,56.7,2422
2025-05-19,14:15:00,56.7,56.9,56.7,56.7,4744
2025-05-19,14:45:00,56.7,56.8,56.5,56.5,3889
2025-05-20,10:15:00,56.4,56.6,56.2,56.4,4274
2025-05-20,10:45:00,56.3,56.5,56.0,56.3,5788
2025-05-20,11:15:00,56.4,56.7,56.1,56.2,11842
2025-05-20,11:45:00,56.2,56.3,56.2,56.3,3232
2025-05-20,12:15:00,56.3,56.3,56.2,56.2,2790
2025-05-20,12:45:00,56.2,56.3,56.0,56.1,12578
2025-05-20,13:15:00,56.1,56.1,55.9,55.9,2719
2025-05-20,13:45:00,56.0,56.2,56.0,56.1,1706
2025-05-20,14:15:00,56.1,56.2,56.0,56.2,2757
2025-05-20,14:45:00,56.1,56.2,56.0,56.1,4556
2025-05-21,10:15:00,55.9,56.0,55.7,55.9,2870
2025-05-21,10:45:00,55.9,55.9,55.5,55.7,19945
2025-05-21,11:15:00,55.7,55.7,55.5,55.6,3741
2025-05-21,11:45:00,55.4,55.5,55.2,55.4,11850
2025-05-21,12:15:00,55.4,55.4,55.2,55.3,3483
2025-05-21,12:45:00,55.3,55.5,55.2,55.5,328
2025-05-21,13:15:00,55.5,55.6,55.5,55.6,701
2025-05-21,13:45:00,55.6,55.6,55.5,55.5,2782
2025-05-21,14:15:00,55.4,55.5,55.3,55.3,10465
2025-05-21,14:45:00,55.2,55.4,55.2,55.2,4253
2025-05-22,10:15:00,55.0,55.3,55.0,55.2,4278
2025-05-22,10:45:00,55.1,55.2,55.0,55.1,2208
2025-05-22,11:15:00,55.1,55.1,54.8,54.9,13605
2025-05-22,11:45:00,54.9,55.1,54.9,55.1,3767
2025-05-22,12:15:00,55.1,55.1,54.9,54.9,1097
2025-05-22,12:45:00,55.1,55.1,54.9,55.0,2564
2025-05-22,13:15:00,55.1,55.5,55.0,55.5,2797
2025-05-22,13:45:00,55.5,55.5,55.2,55.2,808
2025-05-22,14:15:00,55.2,55.3,55.1,55.1,2662
2025-05-22,14:45:00,55.0,55.1,54.9,54.9,6442
2025-05-25,10:00:00,55.0,55.0,54.7,54.8,10891
2025-05-25,10:30:00,54.8,54.8,54.6,54.7,5790
2025-05-25,11:00:00,54.6,54.7,54.5,54.7,2379
2025-05-25,11:30:00,54.6,54.8,54.5,54.6,2964
2025-05-25,12:00:00,54.7,54.7,54.5,54.6,2459
2025-05-25,12:30:00,54.6,54.7,54.5,54.6,2148
2025-05-25,13:00:00,54.5,54.5,54.0,54.2,10149
2025-05-25,13:30:00,54.2,54.2,53.8,54.0,9146
2025-05-25,14:00:00,54.0,54.5,53.9,54.2,7373
2025-05-25,14:30:00,54.0,54.1,53.9,53.9,3770
2025-05-25,15:00:00,54.5,54.5,54.5,54.5,508
2025-05-26,10:00:00,54.5,54.5,54.0,54.1,7687
2025-05-26,10:30:00,54.2,54.5,54.0,54.4,6787
2025-05-26,11:00:00,54.4,54.4,54.1,54.2,2593
2025-05-26,11:30:00,54.2,54.4,54.2,54.2,2023
2025-05-26,12:00:00,54.1,54.2,54.0,54.1,5487
2025-05-26,12:30:00,54.0,54.1,53.9,54.0,821
2025-05-26,13:00:00,53.8,53.8,53.6,53.6,3225
2025-05-26,13:30:00,53.5,53.7,53.5,53.7,8821
2025-05-26,14:00:00,53.7,54.0,53.6,54.0,922
2025-05-26,14:30:00,54.0,54.0,53.6,54.0,7166
2025-05-26,15:00:00,53.8,53.8,53.8,53.8,586
2025-05-27,10:00:00,53.9,53.9,53.3,53.5,4640
2025-05-27,10:30:00,53.5,53.7,53.4,53.6,2128
2025-05-27,11:00:00,53.5,53.6,53.4,53.5,4769
2025-05-27,11:30:00,53.5,53.5,53.4,53.4,3913
2025-05-27,12:00:00,53.4,53.5,53.1,53.3,3735
2025-05-27,12:30:00,53.3,53.4,52.1,52.1,9397
2025-05-27,13:00:00,52.6,53.0,52.6,53.0,4194
2025-05-27,13:30:00,52.9,53.0,52.6,53.0,3744
2025-05-27,14:00:00,53.0,53.2,53.0,53.2,2864
2025-05-27,14:30:00,53.1,53.4,53.0,53.4,2644
2025-05-27,15:00:00,53.4,53.4,53.4,53.4,1598
2025-05-28,10:00:00,53.4,53.9,53.3,53.7,3254
2025-05-28,10:30:00,53.9,54.0,53.8,53.8,3558
2025-05-28,11:00:00,54.0,54.0,53.8,53.8,964
2025-05-28,11:30:00,53.8,53.9,53.8,53.9,625
2025-05-28,12:00:00,53.8,53.9,53.8,53.8,1226
2025-05-28,12:30:00,53.8,53.9,53.7,53.9,1085
2025-05-28,13:00:00,53.6,53.9,53.6,53.7,224
2025-05-28,13:30:00,54.0,54.0,53.6,53.8,794
2025-05-28,14:00:00,53.8,54.0,53.8,53.9,537
2025-05-28,14:30:00,54.0,54.0,53.6,53.7,4676
2025-05-28,15:00:00,54.0,54.0,54.0,54.0,415
2025-05-29,10:00:00,54.0,54.3,53.8,53.8,5963
2025-05-29,10:30:00,53.9,54.3,53.9,54.3,1122
2025-05-29,11:00:00,54.2,54.2,54.0,54.0,1195
2025-05-29,11:30:00,53.9,54.1,53.9,54.0,54
2025-05-29,12:00:00,54.0,54.2,53.9,54.1,552
2025-05-29,12:30:00,54.2,54.2,53.9,54.1,1842
2025-05-29,13:00:00,54.1,54.2,53.8,53.8,3747
2025-05-29,13:30:00,53.8,53.9,53.8,53.8,1071
2025-05-29,14:00:00,53.9,54.0,53.8,54.0,1436
2025-05-29,14:30:00,54.2,54.2,54.0,54.0,4457
2025-05-29,15:00:00,53.8,53.8,53.8,53.8,3795
2025-06-01,10:00:00,53.5,53.8,53.3,53.3,8936
2025-06-01,10:30:00,53.3,53.6,53.2,53.4,2702
2025-06-01,11:00:00,53.4,53.7,53.4,53.4,1260
2025-06-01,11:30:00,53.4,53.5,53.3,53.3,895
2025-06-01,12:00:00,53.4,53.5,53.3,53.4,2041
2025-06-01,12:30:00,53.6,53.6,53.4,53.4,161
2025-06-01,13:00:00,53.5,53.6,53.3,53.3,1315
2025-06-01,13:30:00,53.3,53.6,53.3,53.5,3220
2025-06-01,14:00:00,53.5,53.6,53.2,53.5,5609
2025-06-01,14:30:00,53.5,53.6,53.3,53.5,4722
2025-06-01,15:00:00,53.5,53.5,53.5,53.5,792
2025-06-02,10:00:00,53.5,53.5,53.0,53.4,5116
2025-06-02,10:30:00,53.3,53.5,53.3,53.4,1325
2025-06-02,11:00:00,53.4,53.4,53.1,53.4,5209
2025-06-02,11:30:00,53.4,53.4,53.0,53.2,6465
2025-06-02,12:00:00,53.1,53.5,53.1,53.5,185
2025-06-02,12:30:00,53.5,53.5,53.3,53.4,54
2025-06-02,13:00:00,53.4,53.5,53.2,53.5,2190
2025-06-02,13:30:00,53.3,53.4,53.3,53.4,769
2025-06-02,14:00:00,53.3,53.5,53.3,53.3,1133
2025-06-02,14:30:00,53.4,53.5,53.2,53.2,2149
2025-06-02,15:00:00,53.2,53.2,53.2,53.2,4687
2025-06-03,10:00:00,53.2,53.5,53.2,53.5,1235
2025-06-03,10:30:00,53.2,53.7,53.2,53.5,3347
2025-06-03,11:00:00,53.4,53.5,53.2,53.2,902
2025-06-03,11:30:00,53.4,53.5,53.4,53.4,1137
2025-06-03,12:00:00,53.4,53.6,53.4,53.5,3621
2025-06-03,12:30:00,53.5,53.6,53.5,53.6,1364
2025-06-03,13:00:00,53.6,53.6,53.5,53.5,3547
2025-06-03,13:30:00,53.6,53.8,53.5,53.8,7406
2025-06-03,14:00:00,53.8,53.8,53.4,53.7,931
2025-06-03,14:30:00,53.6,53.8,53.4,53.4,1261
2025-06-03,15:00:00,53.5,53.5,53.5,53.5,4351
2025-06-04,10:00:00,53.9,53.9,53.7,53.7,238
2025-06-04,10:30:00,53.7,53.9,53.7,53.8,153
2025-06-04,11:00:00,53.8,54.4,53.7,54.3,2949
2025-06-04,11:30:00,54.3,54.3,54.0,54.2,2028
2025-06-04,12:00:00,54.2,54.2,53.8,54.0,3290
2025-06-04,12:30:00,53.9,54.0,53.6,53.7,3190
2025-06-04,13:00:00,53.8,53.9,53.7,53.7,2836
2025-06-04,13:30:00,53.7,54.0,53.5,53.5,6657
2025-06-04,14:00:00,53.7,53.7,53.5,53.6,4013
2025-06-04,14:30:00,53.5,53.8,53.5,53.7,5026
2025-06-04,15:00:00,53.6,53.6,53.6,53.6,728
2025-06-11,10:00:00,54.8,54.8,54.0,54.4,15238
2025-06-11,10:30:00,54.4,54.6,54.0,54.3,2644
2025-06-11,11:00:00,54.4,54.4,54.3,54.3,2352
2025-06-11,11:30:00,54.2,54.4,54.2,54.2,1560
2025-06-11,12:00:00,54.4,54.4,54.3,54.3,498
2025-06-11,12:30:00,54.2,54.2,54.0,54.2,688
2025-06-11,13:00:00,54.1,54.2,54.0,54.0,1544
2025-06-11,13:30:00,54.1,54.2,54.1,54.1,309
2025-06-11,14:00:00,54.1,54.3,54.0,54.0,1453
2025-06-11,14:30:00,54.1,54.3,53.9,54.3,2290
2025-06-12,10:15:00,52.9,53.0,52.5,52.6,10686
2025-06-12,10:45:00,52.6,52.9,52.5,52.8,5659
2025-06-12,11:15:00,52.8,52.8,52.2,52.3,7102
2025-06-12,11:45:00,52.2,52.6,52.0,52.4,8602
2025-06-12,12:15:00,52.3,52.6,52.3,52.4,1172
2025-06-12,12:45:00,52.5,53.0,52.2,52.3,11952
2025-06-12,13:15:00,52.2,52.5,51.7,51.7,16218
2025-06-12,13:45:00,51.8,52.7,51.6,52.3,32347
2025-06-12,14:15:00,52.3,52.5,52.0,52.1,7543
2025-06-12,14:45:00,52.2,52.4,52.0,52.0,12871
2025-06-15,10:15:00,50.0,50.9,49.4,50.5,7405
2025-06-15,10:45:00,50.5,50.5,49.7,49.95,5098
2025-06-15,11:15:00,50.0,50.1,49.55,50.0,15673
2025-06-15,11:45:00,49.9,49.9,49.5,49.65,2174
2025-06-15,12:15:00,49.65,49.95,49.55,49.95,2378
2025-06-15,12:45:00,49.9,51.2,49.9,51.0,10441
2025-06-15,13:15:00,51.1,51.1,50.3,50.5,7425
2025-06-15,13:45:00,50.4,50.7,50.3,50.7,322
2025-06-15,14:15:00,50.6,50.7,50.1,50.3,1535
2025-06-15,14:45:00,50.6,50.7,50.5,50.5,2367
2025-06-16,10:15:00,51.3,51.5,51.1,51.5,4487
2025-06-16,10:45:00,51.5,51.9,51.3,51.8,2349
2025-06-16,11:15:00,51.8,52.1,51.5,51.7,2687
2025-06-16,11:45:00,51.7,51.9,51.4,51.4,5579
2025-06-16,12:15:00,51.4,51.5,51.3,51.5,5844
2025-06-16,12:45:00,51.7,52.0,51.5,51.6,15460
2025-06-16,13:15:00,51.8,52.0,51.4,51.6,4757
2025-06-16,13:45:00,51.5,51.9,51.4,51.7,3113
2025-06-16,14:15:00,51.6,51.6,51.5,51.5,1999
2025-06-16,14:45:00,51.5,51.7,51.4,51.7,1371
2025-06-17,10:15:00,52.1,52.2,52.0,52.0,6456
2025-06-17,10:45:00,52.0,52.0,51.5,51.6,2578
2025-06-17,11:15:00,51.6,51.6,51.4,51.6,1912
2025-06-17,11:45:00,51.7,51.7,51.3,51.4,7192
2025-06-17,12:15:00,51.3,51.3,51.1,51.3,6436
2025-06-17,12:45:00,51.2,51.5,51.2,51.5,1163
2025-06-17,13:15:00,51.5,51.6,51.3,51.6,1921
2025-06-17,13:45:00,51.6,51.6,51.1,51.2,8565
2025-06-17,14:15:00,51.3,51.5,51.2,51.5,1770
2025-06-17,14:45:00,51.3,51.9,51.3,51.9,2603
2025-06-18,10:00:00,51.9,51.9,50.7,50.8,9589
2025-06-18,10:30:00,50.8,51.1,50.6,51.0,9197
2025-06-18,11:00:00,51.0,51.1,50.9,51.0,947
2025-06-18,11:30:00,51.0,51.0,50.4,50.5,4721
2025-06-18,12:00:00,50.5,50.5,50.3,50.5,1675
2025-06-18,12:30:00,50.4,50.5,50.3,50.5,2728
2025-06-18,13:00:00,50.5,50.5,50.3,50.3,3191
2025-06-18,13:30:00,50.3,50.3,50.2,50.2,2941
2025-06-18,14:00:00,50.2,51.0,50.2,50.9,15569
2025-06-18,14:30:00,50.8,51.2,50.7,50.9,10059
2025-06-18,15:00:00,50.9,50.9,50.9,50.9,102
2025-06-19,10:00:00,50.6,50.9,50.5,50.8,1875
2025-06-19,10:30:00,50.8,50.9,50.5,50.6,2596
2025-06-19,11:00:00,50.6,50.9,50.5,50.5,1965
2025-06-19,11:30:00,50.7,50.9,50.5,50.9,1060
2025-06-19,12:00:00,50.8,51.2,50.8,50.9,5329
2025-06-19,12:30:00,51.1,51.2,50.9,50.9,243
2025-06-19,13:00:00,50.9,51.2,50.9,50.9,6902
2025-06-19,13:30:00,51.0,51.4,50.8,50.9,4479
2025-06-19,14:00:00,51.0,51.0,50.7,51.0,4552
2025-06-19,14:30:00,51.0,51.0,50.7,50.7,2853
2025-06-19,15:00:00,51.0,51.0,51.0,51.0,521
2025-06-22,10:00:00,51.0,52.3,51.0,51.4,3220
2025-06-22,10:30:00,51.1,51.7,51.0,51.7,1204
2025-06-22,11:00:00,51.8,52.0,51.5,51.7,6632
2025-06-22,11:30:00,51.6,51.7,51.4,51.5,989
2025-06-22,12:00:00,51.4,51.6,51.3,51.3,963
2025-06-22,12:30:00,51.4,51.6,51.4,51.5,1916
2025-06-22,13:00:00,51.4,51.4,51.3,51.3,2250
2025-06-22,13:30:00,51.2,51.4,50.8,50.8,5712
2025-06-22,14:00:00,50.9,51.0,50.9,50.9,1976
2025-06-22,14:30:00,51.0,51.0,50.8,50.9,2152
2025-06-22,15:00:00,50.7,50.7,50.7,50.7,949
2025-06-23,10:00:00,50.9,51.1,50.7,51.1,7205
2025-06-23,10:30:00,51.0,51.0,50.7,50.8,14134
2025-06-23,11:00:00,50.8,51.1,50.7,51.1,5014
2025-06-23,11:30:00,51.1,51.1,50.9,50.9,2136
2025-06-23,12:00:00,51.1,51.2,51.0,51.2,4864
2025-06-23,12:30:00,51.2,51.3,51.0,51.1,4036
2025-06-23,13:00:00,51.2,51.2,51.0,51.0,1527
2025-06-23,13:30:00,51.0,51.1,50.9,50.9,11185
2025-06-23,14:00:00,50.9,51.0,50.9,51.0,714
2025-06-23,14:30:00,50.9,51.4,50.9,51.1,18101
2025-06-24,10:15:00,52.0,52.2,51.6,51.7,37843
2025-06-24,10:45:00,51.8,52.0,51.7,52.0,13079
2025-06-24,11:15:00,52.0,52.7,51.8,52.3,5746
2025-06-24,11:45:00,52.3,52.6,52.1,52.6,10490
2025-06-24,12:15:00,52.5,52.8,52.4,52.6,8048
2025-06-24,12:45:00,52.7,53.0,52.7,53.0,3278
2025-06-24,13:15:00,53.0,53.1,52.9,53.0,3301
2025-06-24,13:45:00,53.0,53.1,52.8,53.0,1366
2025-06-24,14:15:00,53.1,53.2,53.0,53.2,3553
2025-06-24,14:45:00,53.2,53.7,53.2,53.6,16933
2025-06-25,10:15:00,53.4,53.4,53.1,53.2,1052
2025-06-25,10:45:00,53.3,54.0,53.3,53.8,5657
2025-06-25,11:15:00,53.9,54.0,53.6,53.8,7577
2025-06-25,11:45:00,53.8,53.9,53.5,53.8,4056
2025-06-25,12:15:00,53.8,53.8,53.1,53.3,5332
2025-06-25,12:45:00,53.5,53.5,53.2,53.2,1698
2025-06-25,13:15:00,53.3,53.4,53.1,53.3,3981
2025-06-25,13:45:00,53.2,53.3,53.0,53.1,3274
2025-06-25,14:15:00,53.1,53.5,53.0,53.5,7172
2025-06-25,14:45:00,53.5,53.6,53.2,53.5,6916
2025-06-26,10:15:00,53.5,53.7,53.4,53.6,309
2025-06-26,10:45:00,53.5,53.7,53.4,53.6,1421
2025-06-26,11:15:00,53.6,53.8,53.4,53.5,4690
2025-06-26,11:45:00,53.7,53.8,53.6,53.8,979
2025-06-26,12:15:00,53.8,54.0,53.8,53.8,2754
2025-06-26,12:45:00,53.9,54.0,53.8,54.0,2070
2025-06-26,13:15:00,54.0,54.0,53.7,53.8,1278
2025-06-26,13:45:00,53.9,54.0,53.8,53.8,2753
2025-06-26,14:15:00,53.9,54.1,53.9,54.0,6624
2025-06-26,14:45:00,54.0,54.2,54.0,54.2,4437
2025-06-29,10:15:00,54.2,54.35,54.15,54.3,1748
2025-06-29,10:45:00,54.3,54.35,54.0,54.35,3285
2025-06-29,11:15:00,54.3,54.4,54.05,54.05,2168
2025-06-29,11:45:00,54.05,54.45,54.0,54.45,1062
2025-06-29,12:15:00,54.45,54.55,54.4,54.5,762
2025-06-29,12:45:00,54.5,54.55,54.4,54.45,1358
2025-06-29,13:15:00,54.45,54.6,54.3,54.6,1634
2025-06-29,13:45:00,54.6,54.8,54.6,54.65,2487
2025-06-29,14:15:00,54.7,54.7,54.3,54.55,1622
2025-06-29,14:45:00,54.7,54.8,54.6,54.8,8544
2025-06-30,10:15:00,54.95,54.95,54.55,54.55,5843
2025-06-30,10:45:00,54.6,54.75,54.6,54.7,4832
2025-06-30,11:15:00,54.7,54.9,54.7,54.7,4952
2025-06-30,11:45:00,54.7,54.75,54.7,54.75,1216
2025-06-30,12:15:00,54.75,54.75,54.65,54.7,1631
2025-06-30,12:45:00,54.65,54.7,54.5,54.55,3371
2025-06-30,13:15:00,54.6,54.6,54.05,54.25,8697
2025-06-30,13:45:00,54.3,54.35,54.3,54.35,1283
2025-06-30,14:15:00,54.35,54.45,54.3,54.3,5068
2025-06-30,14:45:00,54.35,54.55,54.3,54.3,6634
2025-07-01,10:00:00,54.9,54.9,54.2,54.55,3015
2025-07-01,10:30:00,54.55,54.6,54.25,54.6,1840
2025-07-01,11:00:00,54.45,54.8,54.45,54.7,2341
2025-07-01,11:30:00,54.7,54.75,54.5,54.6,3523
2025-07-01,12:00:00,54.65,54.65,54.6,54.6,215
2025-07-01,12:30:00,54.55,54.6,54.4,54.4,1005
2025-07-01,13:00:00,54.35,54.4,54.3,54.35,939
2025-07-01,13:30:00,54.35,54.65,54.25,54.55,3191
2025-07-01,14:00:00,54.65,54.75,54.4,54.45,1651
2025-07-01,14:30:00,54.45,54.55,54.35,54.55,3447
2025-07-01,15:00:00,54.6,54.6,54.6,54.6,1075
2025-07-02,10:00:00,54.9,54.9,54.5,54.65,7223
2025-07-02,10:30:00,54.6,54.65,54.45,54.65,1581
2025-07-02,11:00:00,54.75,55.0,54.7,54.7,6357
2025-07-02,11:30:00,54.9,54.95,54.7,54.85,1056
2025-07-02,12:00:00,54.8,54.9,54.5,54.6,5886
2025-07-02,12:30:00,54.45,54.9,54.45,54.9,4139
2025-07-02,13:00:00,54.8,55.0,54.75,54.85,2655
2025-07-02,13:30:00,54.85,54.85,54.5,54.5,8880
2025-07-02,14:00:00,54.55,55.0,54.5,54.65,5996
2025-07-02,14:30:00,54.6,55.3,54.55,55.05,16191
2025-07-02,15:00:00,55.3,55.3,55.3,55.3,2262
2025-07-03,10:00:00,55.3,55.3,54.5,55.0,11575
2025-07-03,10:30:00,55.0,55.2,54.95,54.95,8010
2025-07-03,11:00:00,55.0,55.55,55.0,55.25,15661
2025-07-03,11:30:00,55.15,55.15,54.75,54.75,3449
2025-07-03,12:00:00,54.8,54.85,54.7,54.85,2281
2025-07-03,12:30:00,54.85,54.9,54.75,54.85,893
2025-07-03,13:00:00,54.9,55.05,54.75,54.75,2783
2025-07-03,13:30:00,54.8,55.1,54.75,55.0,2435
2025-07-03,14:00:00,55.0,55.05,54.8,54.9,1835
2025-07-03,14:30:00,54.9,55.05,54.65,54.85,5991
2025-07-06,10:15:00,55.0,55.3,54.65,55.0,5466
2025-07-06,10:45:00,55.1,55.1,54.9,54.9,5736
2025-07-06,11:15:00,54.9,54.9,54.4,54.7,8980
2025-07-06,11:45:00,54.8,54.8,54.5,54.7,3248
2025-07-06,12:15:00,54.9,55.0,54.7,54.85,2287
2025-07-06,12:45:00,54.9,55.0,54.9,54.9,1494
2025-07-06,13:15:00,54.95,55.15,54.75,55.05,11275
2025-07-06,13:45:00,55.0,55.3,54.75,55.0,6398
2025-07-06,14:15:00,55.2,55.2,55.0,55.15,4486
2025-07-06,14:45:00,55.1,55.2,54.9,55.15,4167
2025-07-07,10:15:00,55.15,55.2,55.05,55.15,6068
2025-07-07,10:45:00,55.15,55.15,55.0,55.05,8846
2025-07-07,11:15:00,55.0,55.1,54.8,55.1,8411
2025-07-07,11:45:00,55.1,55.35,55.05,55.25,6067
2025-07-07,12:15:00,55.3,55.4,55.25,55.35,2691
2025-07-07,12:45:00,55.25,55.4,55.25,55.3,1880
2025-07-07,13:15:00,55.3,55.3,55.2,55.2,2251
2025-07-07,13:45:00,55.2,55.25,55.05,55.05,4511
2025-07-07,14:15:00,55.1,55.1,55.0,55.05,795
2025-07-07,14:45:00,55.1,55.1,55.05,55.1,3582
2025-07-08,10:00:00,55.05,55.05,54.5,54.95,5485
2025-07-08,10:30:00,54.85,55.1,54.7,55.1,5488
2025-07-08,11:00:00,55.1,55.45,55.0,55.15,3700
2025-07-08,11:30:00,55.2,55.3,55.2,55.3,5519
2025-07-08,12:00:00,55.35,55.85,55.25,55.85,12357
2025-07-08,12:30:00,55.85,56.1,55.45,55.8,20854
2025-07-08,13:00:00,55.85,56.05,55.8,56.0,5112
2025-07-08,13:30:00,56.0,56.2,55.4,55.85,32259
2025-07-08,14:00:00,55.85,56.1,55.85,56.05,11554
2025-07-08,14:30:00,56.0,56.2,55.95,56.05,14424
2025-07-08,15:00:00,56.1,56.1,56.1,56.1,3311
2025-07-09,10:00:00,56.0,56.0,55.45,55.5,14479
2025-07-09,10:30:00,55.5,55.9,55.5,55.9,1167
2025-07-09,11:00:00,55.8,55.8,55.6,55.6,794
2025-07-09,11:30:00,55.65,55.75,55.65,55.75,695
2025-07-09,12:00:00,55.65,56.15,55.65,56.1,3822
2025-07-09,12:30:00,56.05,56.15,55.9,56.0,10461
2025-07-09,13:00:00,56.0,56.45,55.9,56.2,9036
2025-07-09,13:30:00,56.2,56.4,56.15,56.4,1923
2025-07-09,14:00:00,56.35,56.8,56.0,56.35,23614
2025-07-09,14:30:00,56.35,56.75,56.35,56.75,7154
2025-07-09,15:00:00,56.75,56.75,56.75,56.75,2001
2025-07-10,10:00:00,56.75,57.1,56.6,56.75,15034
2025-07-10,10:30:00,56.75,57.15,56.6,56.9,8937
2025-07-10,11:00:00,57.05,57.1,57.0,57.0,4638
2025-07-10,11:30:00,57.0,57.15,56.95,57.15,23643
2025-07-10,12:00:00,57.15,57.2,57.0,57.1,12646
2025-07-10,12:30:00,57.1,57.2,57.0,57.05,2615
2025-07-10,13:00:00,57.0,57.1,57.0,57.0,12176
2025-07-10,13:30:00,57.0,57.05,57.0,57.05,2133
2025-07-10,14:00:00,57.05,57.25,57.05,57.15,6598
2025-07-10,14:30:00,57.15,57.4,57.15,57.4,20952
2025-07-10,15:00:00,57.4,57.4,57.4,57.4,5541
2025-07-13,10:00:00,57.55,57.85,57.2,57.75,8117
2025-07-13,10:30:00,57.7,57.95,57.4,57.4,11656
2025-07-13,11:00:00,57.4,57.4,56.7,56.8,13142
2025-07-13,11:30:00,56.8,56.85,56.55,56.6,15533
2025-07-13,12:00:00,56.7,56.8,56.6,56.75,4428
2025-07-13,12:30:00,56.8,56.8,56.7,56.75,1991
2025-07-13,13:00:00,56.75,56.8,56.55,56.7,4060
2025-07-13,13:30:00,56.6,56.75,56.5,56.5,4094
2025-07-13,14:00:00,56.6,56.7,56.5,56.5,3716
2025-07-13,14:30:00,56.55,56.55,56.1,56.3,7352
2025-07-14,10:15:00,58.65,59.5,58.6,58.8,87214
2025-07-14,10:45:00,58.9,58.9,58.45,58.7,24226
2025-07-14,11:15:00,58.6,58.6,57.5,57.6,21327
2025-07-14,11:45:00,57.6,57.95,57.5,57.85,13903
2025-07-14,12:15:00,57.9,57.9,57.6,57.8,16955
2025-07-14,12:45:00,57.75,57.75,57.4,57.45,16803
2025-07-14,13:15:00,57.45,57.6,57.35,57.55,21141
2025-07-14,13:45:00,57.5,57.9,57.5,57.9,5981
2025-07-14,14:15:00,57.85,57.9,57.7,57.75,3950
2025-07-14,14:45:00,57.7,57.7,57.2,57.2,10328
2025-07-15,10:00:00,57.2,57.3,56.2,56.25,20950
2025-07-15,10:30:00,56.25,56.45,56.1,56.25,7171
2025-07-15,11:00:00,56.2,56.35,56.15,56.2,9799
2025-07-15,11:30:00,56.25,56.35,56.05,56.3,2641
2025-07-15,12:00:00,56.25,56.5,56.25,56.4,3520
2025-07-15,12:30:00,56.4,56.45,56.2,56.2,2166
2025-07-15,13:00:00,56.15,56.25,56.15,56.25,1145
2025-07-15,13:30:00,56.2,56.2,56.1,56.2,2617
2025-07-15,14:00:00,56.2,56.2,55.7,55.85,8108
2025-07-15,14:30:00,55.9,56.35,55.6,56.35,9511
2025-07-15,15:00:00,56.35,56.35,56.35,56.35,1116
2025-07-16,10:00:00,56.3,56.3,55.6,56.05,8071
2025-07-16,10:30:00,56.1,56.3,56.0,56.0,2975
2025-07-16,11:00:00,55.95,56.05,55.65,55.75,3207
2025-07-16,11:30:00,55.75,55.95,55.6,55.7,2539
2025-07-16,12:00:00,55.7,55.9,55.7,55.75,1317
2025-07-16,12:30:00,55.75,55.9,55.75,55.85,305
2025-07-16,13:00:00,55.8,55.9,55.7,55.9,2039
2025-07-16,13:30:00,55.85,56.0,55.8,55.8,4662
2025-07-16,14:00:00,55.75,55.85,55.75,55.75,1010
2025-07-16,14:30:00,55.9,55.9,55.7,55.7,3689
2025-07-17,10:15:00,55.95,56.0,55.7,55.9,1710
2025-07-17,10:45:00,55.9,55.9,55.55,55.75,2639
2025-07-17,11:15:00,55.7,55.75,55.5,55.6,2305
2025-07-17,11:45:00,55.6,55.75,55.55,55.7,1681
2025-07-17,12:15:00,55.6,55.6,55.5,55.6,3481
2025-07-17,12:45:00,55.6,55.6,55.55,55.55,246
2025-07-17,13:15:00,55.6,55.75,55.55,55.75,558
2025-07-17,13:45:00,55.75,55.9,55.6,55.75,4735
2025-07-17,14:15:00,55.75,55.95,55.7,55.95,2215
2025-07-17,14:45:00,55.9,56.0,55.9,56.0,1951
2025-07-20,10:15:00,55.85,56.0,55.8,55.8,2576
2025-07-20,10:45:00,55.9,55.9,55.6,55.75,3049
2025-07-20,11:15:00,55.75,55.75,55.5,55.65,3485
2025-07-20,11:45:00,55.5,55.65,55.4,55.4,2275
2025-07-20,12:15:00,55.35,55.45,55.15,55.2,2285
2025-07-20,12:45:00,55.4,55.4,55.05,55.05,5770
2025-07-20,13:15:00,55.25,55.35,55.1,55.25,525
2025-07-20,13:45:00,55.25,55.25,55.05,55.05,395
2025-07-20,14:15:00,55.1,55.2,55.1,55.2,723
2025-07-20,14:45:00,55.15,55.3,55.0,55.0,4777
2025-07-21,10:15:00,54.75,54.75,54.3,54.6,4608
2025-07-21,10:45:00,54.55,54.7,54.45,54.55,1710
2025-07-21,11:15:00,54.65,54.7,54.5,54.7,4328
2025-07-21,11:45:00,54.65,54.7,54.55,54.6,200
2025-07-21,12:15:00,54.5,54.6,54.5,54.55,1557
2025-07-21,12:45:00,54.5,54.7,54.5,54.7,3095
2025-07-21,13:15:00,54.7,54.9,54.65,54.9,1782
2025-07-21,13:45:00,54.9,54.95,54.65,54.85,600
2025-07-21,14:15:00,54.85,54.9,54.7,54.85,1927
2025-07-21,14:45:00,54.85,54.9,54.8,54.9,879
2025-07-22,10:15:00,54.55,54.7,54.4,54.45,2587
2025-07-22,10:45:00,54.45,54.55,54.3,54.35,4504
2025-07-22,11:15:00,54.3,54.5,54.3,54.4,1962
2025-07-22,11:45:00,54.35,54.35,54.25,54.25,1865
2025-07-22,12:15:00,54.25,54.3,54.1,54.15,2747
2025-07-22,12:45:00,54.1,54.15,53.9,54.1,9649
2025-07-22,13:15:00,54.05,54.2,53.85,54.2,3088
2025-07-22,13:45:00,54.2,54.3,53.9,53.9,4527
2025-07-22,14:15:00,54.0,54.05,53.55,53.6,5138
2025-07-22,14:45:00,53.7,53.95,53.5,53.5,6638
2025-07-23,10:15:00,53.65,53.9,53.4,53.9,1683
2025-07-23,10:45:00,53.7,53.9,53.7,53.9,825
2025-07-23,11:15:00,53.8,53.9,53.55,53.8,1623
2025-07-23,11:45:00,53.85,53.9,53.6,53.75,2168
2025-07-23,12:15:00,53.7,53.9,53.7,53.8,510
2025-07-23,12:45:00,53.75,53.9,53.65,53.7,1289
2025-07-23,13:15:00,53.8,54.0,53.7,54.0,2092
2025-07-23,13:45:00,53.95,54.0,53.75,53.75,429
2025-07-23,14:15:00,53.75,54.0,53.75,53.75,1302
2025-07-23,14:45:00,53.75,53.95,53.7,53.95,1052
2025-07-24,10:15:00,54.9,55.1,54.85,55.0,6322
2025-07-24,10:45:00,55.0,55.1,54.85,54.9,7969
2025-07-24,11:15:00,54.95,54.95,54.8,54.9,4188
2025-07-24,11:45:00,54.9,55.1,54.7,55.0,6331
2025-07-24,12:15:00,54.95,55.3,54.9,55.05,6443
2025-07-24,12:45:00,55.2,55.8,55.1,55.65,26240
2025-07-24,13:15:00,55.6,55.95,55.5,55.9,8246
2025-07-24,13:45:00,55.95,56.0,55.65,56.0,9035
2025-07-24,14:15:00,56.0,56.0,55.75,55.9,4964
2025-07-24,14:45:00,55.9,56.0,55.9,56.0,9025
2025-07-27,10:00:00,56.0,56.1,55.5,56.0,14793
2025-07-27,10:30:00,56.0,56.0,55.7,55.9,4049
2025-07-27,11:00:00,55.9,55.95,55.7,55.8,2696
2025-07-27,11:30:00,55.8,55.95,55.8,55.9,2873
2025-07-27,12:00:00,55.9,55.95,55.75,55.85,1406
2025-07-27,12:30:00,55.75,55.85,55.7,55.75,836
2025-07-27,13:00:00,55.75,55.85,55.75,55.8,2042
2025-07-27,13:30:00,55.85,55.85,55.5,55.7,6518
2025-07-27,14:00:00,55.7,55.75,55.55,55.6,1110
2025-07-27,14:30:00,55.55,55.6,55.5,55.6,1234
2025-07-27,15:00:00,55.6,55.6,55.6,55.6,132
2025-07-28,10:00:00,55.4,55.6,55.4,55.6,6148
2025-07-28,10:30:00,55.8,56.0,55.6,55.8,6096
2025-07-28,11:00:00,55.9,55.9,55.6,55.6,2384
2025-07-28,11:30:00,55.7,55.7,55.55,55.6,2881
2025-07-28,12:00:00,55.6,55.7,55.5,55.65,12132
2025-07-28,12:30:00,55.55,55.7,55.4,55.7,4526
2025-07-28,13:00:00,55.6,55.7,55.35,55.4,8177
2025-07-28,13:30:00,55.35,55.55,55.3,55.55,3023
2025-07-28,14:00:00,55.55,55.65,55.45,55.45,523
2025-07-28,14:30:00,55.55,55.55,55.4,55.55,1090
2025-07-28,15:00:00,55.6,55.6,55.6,55.6,2099
2025-07-29,10:00:00,55.75,55.75,55.05,55.2,4270
2025-07-29,10:30:00,55.2,55.5,55.15,55.3,4290
2025-07-29,11:00:00,55.35,55.55,55.35,55.55,120
2025-07-29,11:30:00,55.45,55.95,55.3,55.6,4120
2025-07-29,12:00:00,55.6,55.8,55.4,55.7,2061
2025-07-29,12:30:00,55.8,55.8,55.45,55.55,1253
2025-07-29,13:00:00,55.45,55.5,55.35,55.45,2710
2025-07-29,13:30:00,55.45,55.65,55.35,55.65,3767
2025-07-29,14:00:00,55.7,55.7,55.55,55.6,1689
2025-07-29,14:30:00,55.55,55.7,55.35,55.7,7846
2025-07-30,10:15:00,55.6,56.0,55.6,55.95,4851
2025-07-30,10:45:00,56.0,56.9,56.0,56.75,38304
2025-07-30,11:15:00,56.7,56.9,56.35,56.9,14657
2025-07-30,11:45:00,56.85,56.9,56.55,56.6,2955
2025-07-30,12:15:00,56.6,56.85,56.6,56.6,3315
2025-07-30,12:45:00,56.6,56.75,56.6,56.6,1560
2025-07-30,13:15:00,56.7,56.7,56.4,56.65,6186
2025-07-30,13:45:00,56.6,56.65,56.4,56.6,939
2025-07-30,14:15:00,56.4,56.65,56.3,56.6,4925
2025-07-30,14:45:00,56.5,56.6,56.25,56.6,7360
2025-07-31,10:15:00,56.5,56.8,56.5,56.75,3868
2025-07-31,10:45:00,56.7,56.8,56.55,56.55,992
2025-07-31,11:15:00,56.75,56.75,56.5,56.55,2961
2025-07-31,11:45:00,56.55,56.55,56.35,56.35,2103
2025-07-31,12:15:00,56.5,56.5,56.3,56.35,1053
2025-07-31,12:45:00,56.4,56.5,56.25,56.45,869
2025-07-31,13:15:00,56.3,56.75,56.3,56.75,1696
2025-07-31,13:45:00,56.75,56.8,56.6,56.7,5398
2025-07-31,14:15:00,56.7,56.75,56.5,56.75,3654
2025-07-31,14:45:00,56.7,56.85,56.65,56.85,4432
2025-08-03,10:15:00,56.9,57.0,56.7,56.9,9324
2025-08-03,10:45:00,56.9,56.95,56.8,56.8,2656
2025-08-03,11:15:00,56.9,56.95,56.75,56.9,1998
2025-08-03,11:45:00,56.8,56.9,56.45,56.6,8676
2025-08-03,12:15:00,56.55,56.6,56.45,56.45,4363
2025-08-03,12:45:00,56.45,56.5,56.15,56.3,11015
2025-08-03,13:15:00,56.4,56.5,56.0,56.5,11656
2025-08-03,13:45:00,56.4,56.75,56.25,56.75,2718
2025-08-03,14:15:00,56.6,56.75,56.0,56.7,19764
2025-08-03,14:45:00,56.65,56.75,56.5,56.7,12595
2025-08-04,10:15:00,54.45,54.8,54.4,54.6,6083
2025-08-04,10:45:00,54.6,54.8,54.45,54.8,6951
2025-08-04,11:15:00,54.75,54.95,54.6,54.6,3272
2025-08-04,11:45:00,54.85,54.85,54.6,54.85,4156
2025-08-04,12:15:00,54.85,55.0,54.8,54.95,2020
2025-08-04,12:45:00,54.95,54.95,54.8,54.9,4359
2025-08-04,13:15:00,54.8,54.85,54.7,54.85,3379
2025-08-04,13:45:00,54.9,54.9,54.85,54.9,4230
2025-08-04,14:15:00,54.8,54.9,54.75,54.85,4237
2025-08-04,14:45:00,54.85,54.95,54.85,54.9,6139
2025-08-05,10:00:00,54.9,55.3,54.9,55.0,3882
2025-08-05,10:30:00,54.9,55.05,54.9,55.05,5027
2025-08-05,11:15:00,54.9,55.05,54.9,54.95,1755
2025-08-05,11:45:00,54.9,55.0,54.75,54.8,1964
2025-08-05,12:15:00,54.75,55.0,54.75,55.0,1019
2025-08-05,12:45:00,54.85,55.0,54.85,55.0,3930
2025-08-05,13:15:00,55.0,55.0,54.8,54.85,2174
2025-08-05,13:45:00,54.85,55.0,54.85,54.95,7045
2025-08-05,14:15:00,55.0,55.0,54.8,54.9,1073
2025-08-05,14:45:00,54.95,55.0,54.85,54.95,4468
2025-08-06,10:00:00,55.0,55.35,54.8,54.9,9280
2025-08-06,10:30:00,55.0,55.1,54.75,55.05,4130
2025-08-06,11:00:00,55.05,55.1,55.05,55.1,3739
2025-08-06,11:30:00,55.1,55.1,55.0,55.0,2055
2025-08-06,12:00:00,55.0,55.1,54.95,55.05,1403
2025-08-06,12:30:00,54.95,55.0,54.8,55.0,2771
2025-08-06,13:00:00,54.9,55.2,54.85,55.2,7611
2025-08-06,13:30:00,55.2,55.3,55.0,55.2,7690
2025-08-06,14:00:00,55.35,55.4,55.05,55.35,1953
2025-08-06,14:30:00,55.35,55.35,55.0,55.25,913
2025-08-06,15:00:00,55.3,55.3,55.3,55.3,217
2025-08-07,10:00:00,55.25,55.25,54.8,54.85,5143
2025-08-07,10:30:00,54.9,54.9,54.8,54.85,2424
2025-08-07,11:00:00,54.85,55.1,54.85,55.1,1293
2025-08-07,11:30:00,55.05,55.1,54.95,54.95,1590
2025-08-07,12:00:00,54.9,55.4,54.9,55.3,7467
2025-08-07,12:30:00,55.3,55.35,55.2,55.25,1684
2025-08-07,13:00:00,55.3,55.35,55.0,55.3,4993
2025-08-07,13:30:00,55.3,55.4,55.05,55.4,7680
2025-08-07,14:00:00,55.4,55.5,55.3,55.4,5653
2025-08-07,14:30:00,55.4,55.5,55.3,55.4,2409
2025-08-07,15:00:00,55.05,55.05,55.05,55.05,1166
2025-08-10,10:00:00,55.05,55.4,55.0,55.35,5356
2025-08-10,10:30:00,55.3,55.35,55.1,55.3,3356
2025-08-10,11:00:00,55.3,55.35,55.0,55.05,3607
2025-08-10,11:30:00,55.05,55.3,55.0,55.0,1799
2025-08-10,12:00:00,55.25,55.25,55.0,55.0,2153
2025-08-10,12:30:00,54.95,55.0,54.9,54.9,953
2025-08-10,13:00:00,54.85,55.0,54.8,54.8,1775
2025-08-10,13:30:00,54.8,54.85,54.7,54.8,729
2025-08-10,14:00:00,54.75,54.8,54.5,54.55,7402
2025-08-10,14:30:00,54.55,54.7,54.5,54.6,4799
2025-08-10,15:00:00,54.6,54.6,54.6,54.6,324
2025-08-11,10:00:00,54.4,54.4,54.0,54.1,1629
2025-08-11,10:30:00,54.15,54.15,53.9,54.15,5500
2025-08-11,11:00:00,54.05,54.15,53.8,53.85,4821
2025-08-11,11:30:00,53.8,53.85,53.4,53.4,5193
2025-08-11,12:00:00,53.4,53.5,53.4,53.45,3789
2025-08-11,12:30:00,53.45,53.7,53.3,53.7,4196
2025-08-11,13:00:00,53.7,53.8,53.3,53.65,6337
2025-08-11,13:30:00,53.5,53.6,53.45,53.55,3085
2025-08-11,14:00:00,53.5,53.55,53.0,53.0,13201
2025-08-11,14:30:00,53.0,53.55,53.0,53.5,5089
2025-08-12,10:15:00,53.6,53.75,53.3,53.45,1712
2025-08-12,10:45:00,53.45,53.5,53.25,53.45,580
2025-08-12,11:15:00,53.25,53.4,53.1,53.1,583
2025-08-12,11:45:00,53.3,53.3,53.05,53.05,3995
2025-08-12,12:15:00,53.25,53.25,53.0,53.1,1067
2025-08-12,12:45:00,53.1,53.1,53.05,53.1,2350
2025-08-12,13:15:00,53.1,53.1,53.05,53.05,1227
2025-08-12,13:45:00,53.1,53.25,53.0,53.15,2873
2025-08-12,14:15:00,53.05,53.3,53.0,53.25,3909
2025-08-12,14:45:00,53.05,53.25,53.05,53.2,980
2025-08-13,10:15:00,53.1,53.35,53.1,53.15,1131
2025-08-13,10:45:00,53.2,53.25,53.15,53.25,197
2025-08-13,11:15:00,53.2,53.25,53.05,53.05,1086
2025-08-13,11:45:00,53.15,53.15,52.8,52.8,4587
2025-08-13,12:15:00,52.85,52.95,52.75,52.85,3937
2025-08-13,12:45:00,52.9,52.9,52.7,52.85,1249
2025-08-13,13:15:00,52.85,52.85,52.65,52.7,1003
2025-08-13,13:45:00,52.7,52.75,52.65,52.65,1964
2025-08-13,14:15:00,52.65,52.7,52.6,52.65,2054
2025-08-13,14:45:00,52.6,52.7,52.4,52.4,8789
2025-08-14,10:00:00,52.25,52.8,52.25,52.8,8238
2025-08-14,10:30:00,52.75,53.2,52.75,52.8,10125
2025-08-14,11:00:00,52.75,52.8,52.7,52.7,977
2025-08-14,11:30:00,52.75,52.85,52.7,52.85,810
2025-08-14,12:00:00,52.75,53.05,52.75,53.0,835
2025-08-14,12:30:00,52.9,53.15,52.9,53.15,797
2025-08-14,13:00:00,53.1,53.15,52.9,52.9,1526
2025-08-14,13:30:00,53.0,53.1,52.8,53.1,617
2025-08-14,14:00:00,53.1,53.15,52.9,53.1,2920
2025-08-14,14:30:00,52.9,52.95,52.8,52.8,2613
2025-08-17,10:15:00,52.85,54.1,52.8,53.3,20446
2025-08-17,10:45:00,53.15,53.5,52.9,53.45,3918
2025-08-17,11:15:00,53.6,53.6,53.1,53.3,729
2025-08-17,11:45:00,53.3,53.35,53.0,53.35,1408
2025-08-17,12:15:00,53.15,53.35,53.0,53.0,9386
2025-08-17,12:45:00,53.05,53.05,52.8,53.0,4704
2025-08-17,13:15:00,53.0,53.05,52.55,52.6,16709
2025-08-17,13:45:00,52.6,52.9,52.6,52.75,4337
2025-08-17,14:15:00,52.75,53.0,52.7,53.0,2639
2025-08-17,14:45:00,52.75,52.95,52.6,52.8,8767
2025-08-18,10:15:00,52.8,52.8,52.7,52.7,751
2025-08-18,10:45:00,52.7,52.8,52.65,52.8,1967
2025-08-18,11:15:00,52.7,52.9,52.6,52.9,8432
2025-08-18,11:45:00,52.6,52.85,52.6,52.8,1205
2025-08-18,12:15:00,52.7,52.7,52.45,52.45,9758
2025-08-18,12:45:00,52.4,52.6,52.35,52.6,3360
2025-08-18,13:15:00,52.4,52.6,52.15,52.25,14645
2025-08-18,13:45:00,52.25,52.35,52.2,52.3,1505
2025-08-18,14:15:00,52.35,52.35,51.85,52.2,13172
2025-08-18,14:45:00,52.0,52.25,51.95,52.05,3690
2025-08-19,10:15:00,51.5,51.75,51.0,51.2,25392
2025-08-19,10:45:00,51.3,51.3,51.0,51.2,23542
2025-08-19,11:15:00,51.2,51.35,51.15,51.35,4290
2025-08-19,11:45:00,51.35,51.45,51.2,51.2,17037
2025-08-19,12:15:00,51.2,51.55,51.2,51.55,7338
2025-08-19,12:45:00,51.55,51.65,51.45,51.65,1570
2025-08-19,13:15:00,51.65,51.65,51.45,51.6,3970
2025-08-19,13:45:00,51.55,51.65,51.5,51.5,7131
2025-08-19,14:15:00,51.5,51.6,51.5,51.6,2406
2025-08-19,14:45:00,51.55,51.6,51.45,51.45,8880
2025-08-20,10:15:00,51.55,52.0,51.5,51.85,7141
2025-08-20,10:45:00,51.8,52.1,51.8,52.1,4804
2025-08-20,11:15:00,52.05,52.05,51.95,52.0,726
2025-08-20,11:45:00,52.0,52.05,51.9,51.9,3901
2025-08-20,12:15:00,52.0,52.05,51.85,51.95,1910
2025-08-20,12:45:00,51.9,52.0,51.8,51.95,825
2025-08-20,13:15:00,51.95,51.95,51.85,51.9,1406
2025-08-20,13:45:00,51.85,52.05,51.8,52.05,3081
2025-08-20,14:15:00,52.05,52.05,51.75,51.85,1953
2025-08-20,14:45:00,51.85,51.85,51.55,51.55,1570
2025-08-21,10:00:00,51.95,52.25,51.9,52.05,4446
2025-08-21,10:30:00,52.0,52.1,51.9,52.0,1144
2025-08-21,11:00:00,51.95,52.0,51.85,51.95,2940
2025-08-21,11:30:00,51.95,52.0,51.9,51.95,4038
2025-08-21,12:00:00,51.95,52.0,51.7,51.8,7461
2025-08-21,12:30:00,51.8,51.9,51.8,51.8,939
2025-08-21,13:00:00,51.8,51.9,51.7,51.85,7269
2025-08-21,13:30:00,51.85,51.95,51.75,51.95,1283
2025-08-21,14:00:00,51.85,52.0,51.85,52.0,2600
2025-08-21,14:30:00,52.0,52.1,51.8,51.8,5240
2025-08-21,15:00:00,52.0,52.0,52.0,52.0,211
2025-08-24,10:00:00,51.9,52.75,51.9,52.2,6136
2025-08-24,10:30:00,52.2,52.4,52.1,52.25,8264
2025-08-24,11:00:00,52.3,52.35,52.25,52.35,1195
2025-08-24,11:30:00,52.35,52.35,52.2,52.2,2424
2025-08-24,12:00:00,52.2,52.3,52.15,52.25,2588
2025-08-24,12:30:00,52.25,52.3,52.1,52.1,1411
2025-08-24,13:00:00,52.2,52.2,52.1,52.1,1092
2025-08-24,13:30:00,52.1,52.65,52.1,52.55,5168
2025-08-24,14:00:00,52.2,52.5,52.2,52.3,533
2025-08-24,14:30:00,52.3,52.45,52.2,52.2,720
2025-08-25,10:00:00,52.5,52.75,52.5,52.75,8423
2025-08-25,10:30:00,52.7,52.8,52.3,52.5,2943
2025-08-25,11:00:00,52.45,52.45,52.3,52.35,527
2025-08-25,11:30:00,52.25,52.35,52.2,52.25,138
2025-08-25,12:00:00,52.25,52.5,52.25,52.4,2333
2025-08-25,12:30:00,52.4,52.4,52.35,52.4,294
2025-08-25,13:00:00,52.4,52.4,52.15,52.15,2461
2025-08-25,13:30:00,52.2,52.3,52.15,52.2,1012
2025-08-25,14:00:00,52.3,52.3,52.15,52.15,1937
2025-08-25,14:30:00,52.15,52.15,52.1,52.15,1631
2025-08-26,10:15:00,52.0,52.2,52.0,52.15,2517
2025-08-26,10:45:00,52.1,52.15,52.05,52.05,1839
2025-08-26,11:15:00,52.1,52.1,51.95,51.95,1240
2025-08-26,11:45:00,52.0,52.05,51.95,52.05,1058
2025-08-26,12:15:00,52.1,52.1,52.05,52.05,94
2025-08-26,12:45:00,52.15,52.25,52.05,52.15,1566
2025-08-26,13:15:00,52.15,52.15,52.05,52.1,1507
2025-08-26,13:45:00,52.15,52.15,52.0,52.1,3299
2025-08-26,14:15:00,52.1,52.15,52.0,52.15,1993
2025-08-26,14:45:00,52.05,52.9,52.05,52.9,10374
2025-08-27,10:15:00,52.25,52.4,52.25,52.4,1411
2025-08-27,10:45:00,52.35,52.45,52.35,52.45,1216
2025-08-27,11:15:00,52.5,52.85,52.35,52.45,3198
2025-08-27,11:45:00,52.45,52.45,52.3,52.3,655
2025-08-27,12:30:00,52.3,52.5,52.25,52.25,2013
2025-08-27,13:00:00,52.35,52.5,52.35,52.5,71
2025-08-27,13:30:00,52.45,52.55,52.3,52.45,892
2025-08-27,14:00:00,52.3,52.45,52.25,52.25,644
2025-08-27,14:30:00,52.35,52.4,52.25,52.3,1790
2025-08-27,15:00:00,52.85,52.85,52.85,52.85,3760
2025-08-28,10:00:00,52.85,52.85,52.3,52.3,1265
2025-08-28,10:30:00,52.4,52.4,52.1,52.4,1292
2025-08-28,11:00:00,52.4,52.4,52.25,52.25,3076
2025-08-28,11:30:00,52.2,52.35,52.1,52.35,3255
2025-08-28,12:00:00,52.2,52.35,52.15,52.15,128
2025-08-28,12:30:00,52.35,52.35,52.15,52.15,724
2025-08-28,13:00:00,52.1,52.2,52.1,52.2,1651
2025-08-28,13:30:00,52.1,52.25,52.1,52.2,2692
2025-08-28,14:00:00,52.2,52.3,52.1,52.15,2565
2025-08-28,14:30:00,52.25,52.25,52.1,52.1,501
2025-08-31,10:15:00,52.1,52.15,51.95,52.15,1857
2025-08-31,10:45:00,52.3,52.3,52.1,52.1,880
2025-08-31,11:15:00,52.0,52.0,51.9,51.9,1133
2025-08-31,11:45:00,52.0,52.0,51.9,52.0,2149
2025-08-31,12:15:00,51.85,51.85,51.6,51.7,915
2025-08-31,12:45:00,51.7,51.7,51.65,51.65,137
2025-08-31,13:15:00,51.7,51.75,51.65,51.65,287
2025-08-31,13:45:00,51.7,51.7,51.3,51.4,7262
2025-08-31,14:15:00,51.25,51.5,51.15,51.4,1917
2025-08-31,14:45:00,51.4,51.45,51.25,51.25,2052
2025-09-01,10:00:00,51.25,51.5,50.85,51.45,4035
2025-09-01,10:30:00,51.4,51.45,51.35,51.35,2531
2025-09-01,11:00:00,51.4,51.4,51.05,51.1,6380
2025-09-01,11:30:00,51.05,51.05,50.95,50.95,1620
2025-09-01,12:00:00,51.0,51.0,50.8,51.0,2524
2025-09-01,12:30:00,50.9,51.0,50.9,50.95,2828
2025-09-01,13:00:00,50.95,51.0,50.6,50.6,7152
2025-09-01,13:30:00,50.8,50.85,50.75,50.75,1395
2025-09-01,14:00:00,50.7,50.85,50.7,50.85,1750
2025-09-01,14:30:00,50.9,51.0,50.7,50.7,1992
2025-09-01,15:00:00,50.95,50.95,50.95,50.95,253
2025-09-02,10:00:00,50.7,50.8,50.5,50.5,9121
2025-09-02,10:30:00,50.5,50.7,50.5,50.55,2757
2025-09-02,11:00:00,50.7,50.7,50.6,50.7,992
2025-09-02,11:30:00,50.7,50.7,50.5,50.5,3866
2025-09-02,12:00:00,50.5,50.6,50.25,50.5,5984
2025-09-02,12:30:00,50.55,50.55,50.5,50.5,1701
2025-09-02,13:00:00,50.5,50.5,50.4,50.4,1584
2025-09-02,13:30:00,50.4,50.55,50.4,50.55,2525
2025-09-02,14:00:00,50.55,50.75,50.55,50.7,2615
2025-09-02,14:30:00,50.7,50.75,50.6,50.6,1538
2025-09-02,15:00:00,50.5,50.5,50.5,50.5,1100
2025-09-03,10:00:00,50.5,50.6,50.4,50.6,12615
2025-09-03,10:30:00,50.55,50.75,50.5,50.7,2475
2025-09-03,11:00:00,50.65,50.7,50.4,50.45,3014
2025-09-03,11:30:00,50.55,50.55,50.45,50.5,1679
2025-09-03,12:00:00,50.45,50.5,50.4,50.45,5539
2025-09-03,12:30:00,50.45,50.45,50.4,50.4,1061
2025-09-03,13:00:00,50.4,50.6,50.4,50.6,3153
2025-09-03,13:30:00,50.6,50.6,50.4,50.55,2707
2025-09-03,14:00:00,50.45,50.5,50.35,50.45,564
2025-09-03,14:30:00,50.45,50.45,50.35,50.4,671
2025-09-03,15:00:00,50.4,50.4,50.4,50.4,263
2025-09-04,10:00:00,50.4,50.5,50.3,50.5,3327
2025-09-04,10:30:00,50.55,50.65,50.5,50.55,682
2025-09-04,11:00:00,50.55,50.55,50.45,50.45,2598
2025-09-04,11:30:00,50.5,50.5,50.3,50.3,2545
2025-09-04,12:00:00,50.35,50.5,50.25,50.5,5356
2025-09-04,12:30:00,50.45,50.45,50.25,50.3,1869
2025-09-04,13:00:00,50.3,50.3,50.15,50.25,2449
2025-09-04,13:30:00,50.25,50.4,50.2,50.25,3349
2025-09-04,14:00:00,50.25,50.4,50.25,50.4,796
2025-09-04,14:30:00,50.4,50.65,50.4,50.4,6154
2025-09-07,10:15:00,50.4,50.6,50.3,50.4,8220
2025-09-07,10:45:00,50.4,50.6,50.4,50.5,504
2025-09-07,11:15:00,50.45,50.55,50.4,50.5,486
2025-09-07,11:45:00,50.45,50.5,50.4,50.4,540
2025-09-07,12:15:00,50.4,50.5,50.25,50.25,1039
2025-09-07,12:45:00,50.25,50.45,50.05,50.2,9829
2025-09-07,13:15:00,50.2,50.35,50.2,50.35,1622
2025-09-07,13:45:00,50.3,50.4,50.3,50.4,335
2025-09-07,14:15:00,50.3,50.4,50.2,50.4,1617
2025-09-07,14:45:00,50.35,50.4,50.2,50.2,908
2025-09-08,10:00:00,50.5,50.5,50.15,50.5,5725
2025-09-08,10:30:00,50.3,50.35,50.2,50.25,355
2025-09-08,11:00:00,50.2,50.25,50.1,50.15,825
2025-09-08,11:30:00,50.15,50.15,50.05,50.1,2057
2025-09-08,12:00:00,50.05,50.15,49.98,50.1,2319
2025-09-08,12:30:00,50.0,50.1,50.0,50.05,1256
2025-09-08,13:00:00,50.05,50.2,50.0,50.2,4596
2025-09-08,13:30:00,50.15,50.15,49.86,49.86,3546
2025-09-08,14:00:00,49.98,50.25,49.98,50.25,1309
2025-09-08,14:30:00,50.25,50.5,50.15,50.5,3077
2025-09-08,15:00:00,50.5,50.5,50.5,50.5,1006
2025-09-09,10:00:00,50.5,50.5,50.15,50.15,780
2025-09-09,10:30:00,50.25,50.3,50.1,50.15,1095
2025-09-09,11:00:00,50.15,52.0,50.1,50.55,27310
2025-09-09,11:30:00,50.6,51.0,50.4,50.6,1207
2025-09-09,12:00:00,50.6,50.6,50.45,50.5,153
2025-09-09,12:30:00,50.5,50.5,50.4,50.5,674
2025-09-09,13:00:00,50.45,50.45,50.3,50.3,1148
2025-09-09,13:30:00,50.25,50.4,50.25,50.35,2345
2025-09-09,14:00:00,50.4,51.0,50.3,50.75,3463
2025-09-09,14:30:00,50.7,50.85,50.65,50.65,4950
2025-09-09,15:00:00,51.5,51.5,51.5,51.5,1288
2025-09-10,10:00:00,51.9,51.9,50.55,50.65,6481
2025-09-10,10:30:00,50.65,50.9,50.65,50.9,612
2025-09-10,11:00:00,50.8,51.05,50.75,50.8,3423
2025-09-10,11:30:00,51.0,51.0,50.8,50.85,551
2025-09-10,12:00:00,50.85,50.9,50.85,50.85,625
2025-09-10,12:30:00,50.85,50.95,50.85,50.9,633
2025-09-10,13:00:00,51.0,51.0,50.8,50.8,1052
2025-09-10,13:30:00,50.8,50.9,50.8,50.85,213
2025-09-10,14:00:00,50.9,51.0,50.75,50.75,1936
2025-09-10,14:30:00,50.75,50.8,50.7,50.7,1286
2025-09-10,15:00:00,50.7,50.7,50.7,50.7,703
2025-09-11,10:00:00,50.5,50.95,50.5,50.7,2444
2025-09-11,10:30:00,50.7,50.75,50.6,50.65,909
2025-09-11,11:00:00,50.65,50.75,50.45,50.45,2040
2025-09-11,11:30:00,50.5,50.5,50.3,50.3,485
2025-09-11,12:00:00,50.4,50.45,50.3,50.4,538
2025-09-11,12:30:00,50.35,50.35,50.2,50.3,2518
2025-09-11,13:00:00,50.25,50.35,50.1,50.3,3273
2025-09-11,13:30:00,50.3,50.55,50.3,50.4,495
2025-09-11,14:00:00,50.55,50.55,50.2,50.3,1470
2025-09-11,14:30:00,50.4,50.4,50.15,50.15,1824
2025-09-11,15:00:00,50.1,50.1,50.1,50.1,1103
2025-09-14,10:00:00,49.1,50.1,49.1,49.92,44107
2025-09-14,10:30:00,50.0,50.2,49.72,49.9,2498
2025-09-14,11:00:00,49.9,49.9,49.7,49.72,1210
2025-09-14,11:30:00,49.88,50.05,49.7,50.05,1215
2025-09-14,12:00:00,50.0,50.45,49.94,50.45,3727
2025-09-14,12:30:00,49.94,50.8,49.94,50.45,2664
2025-09-14,13:00:00,50.15,50.35,50.15,50.35,798
2025-09-14,13:30:00,50.1,51.5,50.05,50.9,22277
2025-09-14,14:00:00,50.9,51.4,50.7,50.95,15835
2025-09-14,14:30:00,50.9,51.2,50.9,51.15,5671
2025-09-14,15:00:00,51.1,51.1,51.1,51.1,1273
2025-09-15,10:00:00,51.5,51.5,50.05,50.65,7327
2025-09-15,10:30:00,50.65,50.65,50.3,50.5,3016
2025-09-15,11:00:00,50.6,50.75,50.4,50.75,808
2025-09-15,11:30:00,50.75,50.8,50.65,50.65,1122
2025-09-15,12:00:00,50.55,50.85,50.25,50.85,2154
2025-09-15,12:30:00,50.7,50.85,50.6,50.85,801
2025-09-15,13:00:00,50.75,50.75,50.55,50.65,656
2025-09-15,13:30:00,50.7,50.8,50.65,50.7,932
2025-09-15,14:00:00,50.7,50.85,50.7,50.85,514
2025-09-15,14:30:00,50.85,50.95,50.6,50.6,3632
2025-09-15,15:00:00,50.95,50.95,50.95,50.95,195
2025-09-16,10:00:00,50.5,51.0,50.5,50.9,4751
2025-09-16,10:30:00,50.95,51.1,50.85,51.1,3989
2025-09-16,11:00:00,51.1,51.1,51.05,51.05,1133
2025-09-16,11:30:00,51.05,51.2,50.85,51.15,7534
2025-09-16,12:00:00,51.15,51.2,51.05,51.1,1153
2025-09-16,12:30:00,51.1,51.3,51.1,51.3,833
2025-09-16,13:00:00,51.3,51.35,51.2,51.35,1875
2025-09-16,13:30:00,51.35,51.45,51.25,51.4,3699
2025-09-16,14:00:00,51.4,51.5,51.3,51.4,3166
2025-09-16,14:30:00,51.45,51.5,51.3,51.3,2621
2025-09-17,10:15:00,51.55,51.55,51.35,51.45,1182
2025-09-17,10:45:00,51.55,51.55,51.35,51.35,412
2025-09-17,11:15:00,51.4,51.45,51.25,51.25,1811
2025-09-17,11:45:00,51.25,51.35,51.2,51.25,2129
2025-09-17,12:15:00,51.3,51.35,51.25,51.35,647
2025-09-17,12:45:00,51.35,51.4,51.3,51.35,573
2025-09-17,13:15:00,51.4,51.4,51.35,51.4,399
2025-09-17,13:45:00,51.4,51.55,51.35,51.55,2664
2025-09-17,14:15:00,51.55,52.0,51.5,51.8,5024
2025-09-17,14:45:00,51.8,51.95,51.55,51.95,1027
2025-09-18,10:00:00,51.9,51.9,51.0,51.5,3422
2025-09-18,10:30:00,51.55,51.9,51.55,51.8,3807
2025-09-18,11:00:00,51.65,51.75,51.6,51.75,1131
2025-09-18,11:30:00,51.75,51.95,51.75,51.85,1917
2025-09-18,12:00:00,51.8,52.0,51.8,51.9,875
2025-09-18,12:30:00,51.8,52.0,51.75,52.0,10244
2025-09-18,13:00:00,51.85,52.1,51.85,52.1,11701
2025-09-18,13:30:00,52.1,52.15,52.05,52.1,3029
2025-09-18,14:00:00,52.05,52.15,52.0,52.1,4432
2025-09-18,14:30:00,52.1,52.2,52.05,52.1,4774
2025-09-18,15:00:00,52.1,52.1,52.1,52.1,200
2025-09-21,10:00:00,52.1,52.2,51.8,51.95,7022
2025-09-21,10:30:00,51.9,52.2,51.9,52.15,2798
2025-09-21,11:00:00,52.2,52.3,52.15,52.15,2286
2025-09-21,11:30:00,52.15,52.2,52.15,52.15,4895
2025-09-21,12:00:00,52.15,52.2,52.15,52.2,927
2025-09-21,12:30:00,52.15,52.3,52.15,52.2,2180
2025-09-21,13:00:00,52.25,52.45,52.25,52.45,6795
2025-09-21,13:30:00,52.4,52.4,52.15,52.15,5745
2025-09-21,14:00:00,52.25,52.25,52.15,52.15,1122
2025-09-21,14:30:00,52.2,52.2,52.15,52.15,1320
2025-09-21,15:00:00,52.0,52.0,52.0,52.0,1590
2025-09-22,10:00:00,52.0,52.15,51.85,51.9,2868
2025-09-22,10:30:00,51.85,52.3,51.85,52.1,5435
2025-09-22,11:00:00,51.95,52.1,51.9,52.0,860
2025-09-22,11:30:00,52.05,52.1,52.05,52.05,83
2025-09-22,12:00:00,52.05,52.05,51.9,51.9,873
2025-09-22,12:30:00,52.0,52.0,51.95,52.0,238
2025-09-22,13:00:00,51.95,52.0,51.95,52.0,134
2025-09-22,13:30:00,51.95,52.0,51.95,52.0,798
2025-09-22,14:00:00,51.95,51.95,51.9,51.95,2311
2025-09-22,14:30:00,51.9,52.0,51.85,52.0,2700
2025-09-22,15:00:00,52.0,52.0,52.0,52.0,7273
2025-09-24,10:00:00,52.0,53.2,52.0,52.8,19723
2025-09-24,10:30:00,52.85,53.2,52.8,53.2,7499
2025-09-24,11:00:00,53.1,53.25,53.05,53.25,13151
2025-09-24,11:30:00,53.25,53.4,53.2,53.35,3935
2025-09-24,12:00:00,53.35,53.6,53.3,53.55,2647
2025-09-24,12:30:00,53.65,53.8,53.55,53.6,1562
2025-09-24,13:00:00,53.65,53.75,53.55,53.75,5345
2025-09-24,13:30:00,53.65,53.7,53.4,53.45,2044
2025-09-24,14:00:00,53.5,53.75,53.45,53.65,6517
2025-09-24,14:30:00,53.7,53.75,53.65,53.75,4992
2025-09-25,10:15:00,53.75,53.9,53.25,53.25,10440
2025-09-25,10:45:00,53.3,53.5,52.95,53.2,8312
2025-09-25,11:15:00,53.2,53.2,52.9,52.9,3140
2025-09-25,11:45:00,52.9,52.95,52.85,52.85,2165
2025-09-25,12:15:00,52.85,52.95,52.6,52.6,5045
2025-09-25,12:45:00,52.75,52.95,52.7,52.9,451
2025-09-25,13:15:00,52.9,53.35,52.85,53.2,2129
2025-09-25,13:45:00,53.05,53.2,53.05,53.2,1016
2025-09-25,14:15:00,53.35,53.35,53.1,53.1,706
2025-09-25,14:45:00,53.05,53.1,52.9,53.05,4313
2025-09-28,10:15:00,53.45,53.45,53.1,53.35,1005
2025-09-28,10:45:00,53.1,53.35,53.1,53.3,214
2025-09-28,11:15:00,53.3,53.35,53.2,53.25,2258
2025-09-28,11:45:00,53.3,53.3,53.2,53.3,1000
2025-09-28,12:15:00,53.3,53.3,52.9,53.0,3069
2025-09-28,12:45:00,52.95,53.05,52.95,53.0,411
2025-09-28,13:15:00,53.0,53.2,53.0,53.0,2780
2025-09-28,13:45:00,53.0,53.0,52.75,52.85,3715
2025-09-28,14:15:00,52.9,52.9,52.8,52.9,1675
2025-09-28,14:45:00,52.85,52.9,52.7,52.7,5444
2025-09-29,10:00:00,52.5,53.0,52.4,53.0,4837
2025-09-29,10:30:00,53.0,53.0,52.8,53.0,1970
2025-09-29,11:00:00,52.8,53.0,52.75,52.8,3577
2025-09-29,11:30:00,53.0,53.0,52.75,52.95,1631
2025-09-29,12:00:00,52.95,53.0,52.85,52.9,3151
2025-09-29,12:30:00,52.9,53.0,52.8,52.8,8718
2025-09-29,13:00:00,52.8,53.0,52.7,53.0,4902
2025-09-29,13:30:00,53.0,53.2,53.0,53.1,3474
2025-09-29,14:00:00,53.0,53.2,52.8,52.8,1675
2025-09-29,14:30:00,52.9,53.2,52.8,52.85,6257
2025-09-29,15:00:00,53.05,53.05,53.05,53.05,634
2025-09-30,10:00:00,53.05,53.2,53.0,53.15,682
2025-09-30,10:30:00,53.15,53.2,52.85,52.9,1985
2025-09-30,11:00:00,53.0,53.25,52.95,53.15,2797
2025-09-30,11:30:00,53.1,53.3,53.1,53.3,1374
2025-09-30,12:00:00,53.3,53.3,53.1,53.1,376
2025-09-30,12:30:00,53.2,53.3,53.05,53.1,767
2025-09-30,13:00:00,53.2,53.25,53.0,53.1,11213
2025-09-30,13:30:00,53.1,53.3,53.1,53.2,1480
2025-09-30,14:00:00,53.2,53.25,53.1,53.25,1515
2025-09-30,14:30:00,53.2,53.2,53.05,53.2,1353
2025-10-01,10:15:00,53.35,53.35,53.0,53.0,6345
2025-10-01,10:45:00,53.25,53.35,53.0,53.3,2669
2025-10-01,11:15:00,53.3,53.4,53.2,53.4,1179
2025-10-01,11:45:00,53.4,53.5,53.35,53.35,2861
2025-10-01,12:15:00,53.4,53.4,53.3,53.35,665
2025-10-01,12:45:00,53.35,53.5,53.3,53.5,4484
2025-10-01,13:15:00,53.5,53.55,53.35,53.35,5633
2025-10-01,13:45:00,53.4,53.45,53.35,53.4,1844
2025-10-01,14:15:00,53.3,53.4,53.25,53.25,2688
2025-10-01,14:45:00,53.25,53.25,53.15,53.2,1223
2025-10-02,10:15:00,53.25,53.5,53.25,53.35,6000
2025-10-02,10:45:00,53.35,53.35,53.25,53.35,829
2025-10-02,11:15:00,53.35,53.35,53.2,53.25,2083
2025-10-02,11:45:00,53.3,53.4,53.15,53.25,1746
2025-10-02,12:15:00,53.2,53.25,53.2,53.2,43
2025-10-02,12:45:00,53.2,53.3,53.2,53.3,309
2025-10-02,13:15:00,53.4,53.4,53.2,53.25,4386
2025-10-02,13:45:00,53.25,53.4,53.25,53.35,420
2025-10-02,14:15:00,53.25,53.4,53.15,53.35,1379
2025-10-02,14:45:00,53.3,53.5,53.05,53.5,17606
2025-10-05,10:15:00,53.6,53.65,53.5,53.5,2210
2025-10-05,10:45:00,53.5,53.5,53.4,53.45,4823
2025-10-05,11:15:00,53.45,53.5,53.4,53.4,1489
2025-10-05,11:45:00,53.4,53.5,53.4,53.4,990
2025-10-05,12:15:00,53.4,53.5,53.25,53.35,2579
2025-10-05,12:45:00,53.25,53.4,53.2,53.4,1275
2025-10-05,13:15:00,53.35,53.4,53.3,53.3,395
2025-10-05,13:45:00,53.25,53.35,53.25,53.35,337
2025-10-05,14:15:00,53.35,53.35,53.25,53.35,1995
2025-10-05,14:45:00,53.4,53.4,53.25,53.4,583
2025-10-06,10:15:00,53.35,53.65,53.35,53.65,1175
2025-10-06,10:45:00,53.55,53.6,53.45,53.55,1527
2025-10-06,11:15:00,53.5,53.55,53.4,53.5,1372
2025-10-06,11:45:00,53.45,53.55,53.4,53.45,1230
2025-10-06,12:15:00,53.45,53.65,53.45,53.65,6599
2025-10-06,12:45:00,53.6,53.8,53.55,53.65,11581
2025-10-06,13:15:00,53.6,53.75,53.6,53.7,720
2025-10-06,13:45:00,53.6,53.65,53.55,53.55,1829
2025-10-06,14:15:00,53.55,53.65,53.5,53.5,7709
2025-10-06,14:45:00,53.55,53.7,53.55,53.6,2260
2025-10-07,10:15:00,53.45,53.6,53.4,53.6,2082
2025-10-07,10:45:00,53.6,53.6,53.4,53.6,653
2025-10-07,11:15:00,53.55,53.9,53.55,53.85,15639
2025-10-07,11:45:00,53.85,53.85,53.8,53.85,2038
2025-10-07,12:15:00,53.85,53.85,53.75,53.8,1345
2025-10-07,12:45:00,53.75,53.8,53.6,53.6,2313
2025-10-07,13:15:00,53.65,53.7,53.6,53.7,1605
2025-10-07,13:45:00,53.7,53.75,53.65,53.65,1489
2025-10-07,14:15:00,53.65,53.75,53.4,53.4,12389
2025-10-07,14:45:00,53.65,53.65,53.45,53.65,3841
2025-10-08,10:15:00,53.3,53.45,53.3,53.35,2145
2025-10-08,10:45:00,53.45,53.45,53.3,53.3,717
2025-10-08,11:15:00,53.35,53.35,53.25,53.25,2693
2025-10-08,11:45:00,53.3,53.3,53.2,53.3,1592
2025-10-08,12:15:00,53.25,53.25,53.2,53.2,127
2025-10-08,12:45:00,53.25,53.25,53.05,53.15,15161
2025-10-08,13:15:00,53.05,53.25,53.0,53.15,2387
2025-10-08,13:45:00,53.1,53.2,53.1,53.15,1700
2025-10-08,14:15:00,53.25,53.25,53.1,53.2,1806
2025-10-08,14:45:00,53.2,53.2,53.0,53.0,12403
2025-10-09,10:15:00,53.2,53.55,53.1,53.2,768
2025-10-09,10:45:00,53.2,53.3,53.15,53.2,912
2025-10-09,11:15:00,53.35,53.35,53.2,53.3,415
2025-10-09,11:45:00,53.3,53.3,53.1,53.1,1265
2025-10-09,12:15:00,53.15,53.3,53.15,53.25,1983
2025-10-09,12:45:00,53.25,53.4,53.2,53.35,5220
2025-10-09,13:15:00,53.35,53.4,53.3,53.3,1024
2025-10-09,13:45:00,53.3,53.4,53.3,53.35,264
2025-10-09,14:15:00,53.35,53.35,53.25,53.25,1283
2025-10-09,14:45:00,53.3,53.35,53.25,53.35,1731
2025-10-12,10:00:00,53.0,53.0,52.0,52.5,35998
2025-10-12,10:30:00,52.5,52.75,52.35,52.6,5364
2025-10-12,11:00:00,52.6,52.8,52.6,52.8,976
2025-10-12,11:30:00,52.6,52.8,52.6,52.65,685
2025-10-12,12:00:00,52.65,52.8,52.65,52.7,411
2025-10-12,12:30:00,52.7,52.8,52.65,52.7,282
2025-10-12,13:00:00,52.8,52.8,52.55,52.55,1321
2025-10-12,13:30:00,52.55,52.65,52.55,52.6,1126
2025-10-12,14:00:00,52.65,52.8,52.65,52.65,1093
2025-10-12,14:30:00,52.65,52.95,52.65,52.95,2216
2025-10-13,10:15:00,53.35,53.35,53.15,53.35,4541
2025-10-13,10:45:00,53.35,53.45,53.2,53.25,3141
2025-10-13,11:15:00,53.25,53.4,53.2,53.2,3579
2025-10-13,11:45:00,53.4,53.45,53.3,53.45,2208
2025-10-13,12:15:00,53.35,53.8,53.3,53.6,9908
2025-10-13,12:45:00,53.6,53.6,53.5,53.5,3535
2025-10-13,13:15:00,53.45,53.5,53.35,53.45,678
2025-10-13,13:45:00,53.5,53.5,53.4,53.5,1492
2025-10-13,14:15:00,53.5,53.5,53.4,53.5,1255
2025-10-13,14:45:00,53.5,53.8,53.5,53.8,8422
2025-10-14,10:15:00,53.6,53.8,53.4,53.6,4837
2025-10-14,10:45:00,53.6,53.8,53.5,53.6,1602
2025-10-14,11:15:00,53.6,53.6,53.5,53.55,479
2025-10-14,11:45:00,53.55,53.55,53.4,53.4,866
2025-10-14,12:15:00,53.55,53.55,53.4,53.4,586
2025-10-14,12:45:00,53.4,53.55,53.4,53.55,994
2025-10-14,13:30:00,53.55,53.55,53.45,53.45,590
2025-10-14,14:00:00,53.5,53.55,53.45,53.55,749
2025-10-14,14:30:00,53.55,53.55,53.35,53.4,5497
2025-10-14,15:00:00,53.4,53.4,53.4,53.4,263
2025-10-15,10:00:00,53.35,53.55,53.25,53.5,4713
2025-10-15,10:30:00,53.4,53.5,53.3,53.35,3110
2025-10-15,11:00:00,53.35,53.4,53.25,53.3,3657
2025-10-15,11:30:00,53.3,53.4,53.2,53.4,11074
2025-10-15,12:00:00,53.4,53.4,53.25,53.3,2684
2025-10-15,12:30:00,53.25,53.3,52.95,53.0,12932
2025-10-15,13:00:00,53.05,53.05,52.95,53.0,4497
2025-10-15,13:30:00,53.05,53.2,52.95,53.05,5107
2025-10-15,14:00:00,53.05,53.05,52.85,53.0,4115
2025-10-15,14:30:00,53.0,53.2,52.9,53.2,3913
2025-10-16,10:15:00,51.9,52.25,51.8,52.15,24411
2025-10-16,10:45:00,52.15,52.4,52.0,52.0,21035
2025-10-16,11:15:00,51.95,51.95,51.65,51.85,15990
2025-10-16,11:45:00,51.8,51.95,51.7,51.95,6021
2025-10-16,12:15:00,51.8,52.0,51.7,52.0,3163
2025-10-16,12:45:00,52.0,52.0,51.8,51.8,3700
2025-10-16,13:15:00,51.9,51.9,51.65,51.9,8500
2025-10-16,13:45:00,51.8,52.0,51.8,52.0,4885
2025-10-16,14:15:00,51.9,52.05,51.85,52.05,4216
2025-10-16,14:45:00,51.95,52.05,51.9,51.9,14849
2025-10-19,10:15:00,52.0,52.2,51.95,52.1,3766
2025-10-19,10:45:00,52.2,52.35,52.15,52.2,5880
2025-10-19,11:15:00,52.25,52.4,52.2,52.35,4811
2025-10-19,11:45:00,52.25,52.45,52.2,52.4,9594
2025-10-19,12:15:00,52.4,52.45,52.2,52.2,3827
2025-10-19,12:45:00,52.25,52.3,52.1,52.1,6257
2025-10-19,13:15:00,52.05,52.3,52.05,52.2,4957
2025-10-19,13:45:00,52.25,52.25,52.0,52.05,3440
2025-10-19,14:15:00,52.1,52.2,52.05,52.15,1462
2025-10-19,14:45:00,52.2,52.35,52.1,52.25,1337
2025-10-20,10:00:00,52.25,52.25,52.0,52.0,2167
2025-10-20,10:30:00,52.0,52.1,51.9,51.9,1753
2025-10-20,11:00:00,51.9,51.95,51.8,51.9,1255
2025-10-20,11:30:00,51.9,51.9,51.8,51.8,857
2025-10-20,12:00:00,51.8,51.9,51.75,51.8,1663
2025-10-20,12:30:00,51.85,51.9,51.8,51.9,3539
2025-10-20,13:00:00,51.9,51.95,51.9,51.95,7003
2025-10-20,13:30:00,51.95,51.95,51.85,51.9,4990
2025-10-20,14:00:00,51.95,51.95,51.85,51.9,2425
2025-10-20,14:30:00,51.9,51.95,51.55,51.55,51990
2025-10-20,15:00:00,51.65,51.65,51.65,51.65,746
2025-10-21,10:00:00,51.5,51.55,51.4,51.5,3924
2025-10-21,10:30:00,51.5,51.5,51.25,51.25,4625
2025-10-21,11:00:00,51.25,51.3,51.2,51.3,4763
2025-10-21,11:30:00,51.25,51.25,51.2,51.25,2645
2025-10-21,12:00:00,51.2,51.4,51.2,51.4,1210
2025-10-21,12:30:00,51.3,51.3,51.25,51.25,2006
2025-10-21,13:00:00,51.3,51.3,51.2,51.25,4861
2025-10-21,13:30:00,51.3,51.3,51.25,51.25,124
2025-10-21,14:00:00,51.25,51.3,51.25,51.3,1131
2025-10-21,14:30:00,51.25,51.3,51.15,51.3,5924
2025-10-22,10:15:00,51.15,51.3,51.15,51.25,5861
2025-10-22,10:45:00,51.25,51.25,51.15,51.25,1340
2025-10-22,11:15:00,51.25,51.3,51.25,51.3,1020
2025-10-22,11:45:00,51.4,51.4,51.25,51.4,1809
2025-10-22,12:15:00,51.3,51.4,51.25,51.4,3119
2025-10-22,13:00:00,51.4,51.45,51.35,51.4,1489
2025-10-22,13:30:00,51.4,51.6,51.3,51.6,9872
2025-10-22,14:00:00,51.6,51.7,51.4,51.5,4144
2025-10-22,14:30:00,51.5,51.6,51.45,51.55,3572
2025-10-22,15:00:00,51.8,51.8,51.8,51.8,8571
2025-10-23,10:00:00,51.8,51.8,51.4,51.55,1687
2025-10-23,10:30:00,51.6,51.9,51.55,51.6,1522
2025-10-23,11:00:00,51.8,51.8,51.55,51.55,2148
2025-10-23,11:30:00,51.6,51.6,51.45,51.5,951
2025-10-23,12:00:00,51.45,51.6,51.45,51.45,1077
2025-10-23,12:30:00,51.55,51.55,51.25,51.45,2489
2025-10-23,13:00:00,51.5,51.55,51.4,51.45,1231
2025-10-23,13:30:00,51.55,51.55,51.35,51.35,997
2025-10-23,14:00:00,51.4,51.5,51.3,51.4,2741
2025-10-23,14:30:00,51.5,51.55,51.3,51.35,7631
2025-10-26,10:15:00,51.7,51.8,51.65,51.65,438
2025-10-26,10:45:00,51.75,52.0,51.65,51.7,4527
2025-10-26,11:15:00,51.75,51.95,51.75,51.85,260
2025-10-26,11:45:00,51.85,51.85,51.75,51.85,1795
2025-10-26,12:15:00,51.8,51.8,51.75,51.8,291
2025-10-26,12:45:00,51.85,51.85,51.7,51.8,945
2025-10-26,13:15:00,51.8,51.85,51.8,51.8,154
2025-10-26,13:45:00,51.85,52.2,51.85,52.15,16017
2025-10-26,14:15:00,52.15,52.2,52.05,52.2,2906
2025-10-26,14:45:00,52.2,52.3,52.2,52.3,4463
2025-10-27,10:15:00,52.1,52.3,51.9,52.2,1488
2025-10-27,10:45:00,52.2,52.3,52.0,52.0,201
2025-10-27,11:15:00,52.1,52.25,51.95,51.95,1678
2025-10-27,11:45:00,51.95,51.95,51.9,51.95,624
2025-10-27,12:15:00,51.95,52.1,51.8,51.9,2322
2025-10-27,12:45:00,51.9,51.9,51.75,51.8,901
2025-10-27,13:15:00,51.75,51.8,51.65,51.75,2455
2025-10-27,13:45:00,51.7,51.95,51.65,51.75,3194
2025-10-27,14:15:00,51.9,51.95,51.55,51.8,7408
2025-10-27,14:45:00,51.8,52.1,51.65,52.1,4650
2025-10-28,10:00:00,54.0,54.4,52.9,53.45,98143
2025-10-28,10:30:00,53.5,54.2,53.5,53.6,51344
2025-10-28,11:00:00,53.6,53.7,53.5,53.7,15492
2025-10-28,11:30:00,53.7,54.0,53.55,53.8,26078
2025-10-28,12:00:00,53.8,53.8,53.6,53.65,3799
2025-10-28,12:30:00,53.65,53.7,53.55,53.55,6504
2025-10-28,13:00:00,53.6,53.65,53.5,53.55,4728
2025-10-28,13:30:00,53.5,53.5,53.3,53.3,4384
2025-10-28,14:00:00,53.3,53.5,53.3,53.35,7647
2025-10-28,14:30:00,53.45,53.55,53.3,53.4,9975
2025-10-28,15:00:00,53.3,53.3,53.3,53.3,1103
2025-10-29,10:00:00,53.85,53.85,53.5,53.5,12070
2025-10-29,10:30:00,53.35,53.6,53.3,53.45,1747
2025-10-29,11:00:00,53.5,53.6,53.3,53.35,2714
2025-10-29,11:30:00,53.6,53.65,53.4,53.6,2240
2025-10-29,12:00:00,53.55,53.55,53.35,53.4,282
2025-10-29,12:30:00,53.4,53.45,53.35,53.45,1266
2025-10-29,13:00:00,53.45,53.45,53.35,53.4,781
2025-10-29,13:30:00,53.4,53.45,53.35,53.4,655
2025-10-29,14:00:00,53.45,53.5,53.35,53.4,3371
2025-10-29,14:30:00,53.5,53.6,53.35,53.4,5767
2025-10-29,15:00:00,53.6,53.6,53.6,53.6,87
2025-10-30,10:00:00,53.35,53.9,53.3,53.8,13748
2025-10-30,10:30:00,53.8,53.8,53.45,53.7,18742
2025-10-30,11:00:00,53.75,53.75,53.55,53.65,11463
2025-10-30,11:30:00,53.6,53.65,53.5,53.55,928
2025-10-30,12:00:00,53.6,53.7,53.55,53.65,3616
2025-10-30,12:30:00,53.6,53.75,53.55,53.65,1205
2025-10-30,13:00:00,53.6,53.7,53.3,53.45,9083
2025-10-30,13:30:00,53.55,53.55,53.35,53.35,7017
2025-10-30,14:00:00,53.5,53.55,53.4,53.45,2858
2025-10-30,14:30:00,53.45,53.7,53.4,53.7,7113
2025-10-30,15:00:00,53.7,53.7,53.7,53.7,6052
2025-11-02,10:00:00,53.7,53.75,53.35,53.5,7689
2025-11-02,10:30:00,53.55,53.75,53.35,53.4,1962
2025-11-02,11:00:00,53.5,53.5,53.4,53.4,237
2025-11-02,11:30:00,53.45,53.5,53.15,53.2,5418
2025-11-02,12:00:00,53.15,53.35,53.15,53.2,2401
2025-11-02,12:30:00,53.2,53.5,53.2,53.5,1405
2025-11-02,13:00:00,53.5,53.5,53.0,53.4,6252
2025-11-02,13:30:00,53.45,53.45,53.05,53.05,2087
2025-11-02,14:00:00,53.1,53.3,53.05,53.25,1240
2025-11-02,14:30:00,53.25,53.3,53.1,53.15,1825
2025-11-03,10:15:00,52.95,53.3,52.9,53.2,5341
2025-11-03,10:45:00,53.1,53.2,53.0,53.05,1553
2025-11-03,11:15:00,53.05,53.4,53.05,53.3,6988
2025-11-03,11:45:00,53.4,53.4,53.1,53.2,943
2025-11-03,12:15:00,53.2,53.3,53.15,53.25,3066
2025-11-03,12:45:00,53.15,53.2,53.1,53.2,1338
2025-11-03,13:15:00,53.2,53.35,53.1,53.2,999
2025-11-03,13:45:00,53.2,53.2,53.05,53.2,4597
2025-11-03,14:15:00,53.1,53.2,53.05,53.2,7718
2025-11-03,14:45:00,53.2,53.2,53.0,53.0,4169
2025-11-04,10:15:00,53.0,53.0,52.6,52.65,3180
2025-11-04,10:45:00,52.6,53.0,52.55,52.65,53137
2025-11-04,11:15:00,52.7,53.0,52.6,52.95,65316
2025-11-04,11:45:00,53.0,53.2,53.0,53.0,4784
2025-11-04,12:15:00,53.0,53.2,53.0,53.2,4425
2025-11-04,12:45:00,53.15,53.2,52.95,53.0,5445
2025-11-04,13:15:00,52.95,53.0,52.7,52.75,3423
2025-11-04,13:45:00,52.75,52.95,52.65,52.65,4398
2025-11-04,14:15:00,52.7,52.9,52.65,52.7,3493
2025-11-04,14:45:00,52.7,53.0,52.55,52.55,10427
2025-11-05,10:00:00,52.6,52.95,52.25,52.45,13278
2025-11-05,10:30:00,52.4,52.5,52.25,52.35,2868
2025-11-05,11:00:00,52.35,52.5,52.25,52.35,3769
2025-11-05,11:30:00,52.25,52.35,52.2,52.3,3163
2025-11-05,12:00:00,52.3,52.6,52.3,52.4,2994
2025-11-05,12:30:00,52.4,52.65,52.35,52.55,2507
2025-11-05,13:00:00,52.55,52.55,52.4,52.5,1252
2025-11-05,13:30:00,52.45,52.5,52.3,52.3,2882
2025-11-05,14:00:00,52.3,52.55,52.2,52.2,4890
2025-11-05,14:30:00,52.2,52.3,52.1,52.15,2818
2025-11-06,10:15:00,52.4,52.4,52.0,52.3,5910
2025-11-06,10:45:00,52.2,52.35,51.9,52.25,14823
2025-11-06,11:15:00,52.25,52.3,52.15,52.25,1069
2025-11-06,11:45:00,52.25,52.3,52.2,52.25,148
2025-11-06,12:15:00,52.2,52.25,52.15,52.2,669
2025-11-06,12:45:00,52.2,52.2,52.0,52.15,2174
2025-11-06,13:15:00,52.1,52.4,52.1,52.35,1987
2025-11-06,13:45:00,52.35,52.45,52.25,52.45,2407
2025-11-06,14:15:00,52.45,52.45,52.3,52.4,3165
2025-11-06,14:45:00,52.35,52.7,52.25,52.7,3396
2025-11-09,10:00:00,52.6,52.6,51.9,51.9,3417
2025-11-09,10:30:00,51.9,52.0,51.5,51.5,6594
2025-11-09,11:00:00,51.45,51.7,51.45,51.5,4341
2025-11-09,11:30:00,51.5,51.65,51.3,51.55,4674
2025-11-09,12:00:00,51.65,51.7,51.4,51.55,4362
2025-11-09,12:30:00,51.5,51.5,51.3,51.4,10013
2025-11-09,13:00:00,51.4,51.5,51.35,51.45,4687
2025-11-09,13:30:00,51.45,51.75,51.45,51.55,1632
2025-11-09,14:00:00,51.6,51.6,51.5,51.55,458
2025-11-09,14:30:00,51.55,51.6,51.4,51.4,2720
2025-11-09,15:00:00,51.4,51.4,51.4,51.4,1178
2025-11-10,10:00:00,51.4,51.7,51.35,51.7,1575
2025-11-10,10:30:00,51.65,51.65,51.55,51.55,1972
2025-11-10,11:00:00,51.6,51.8,51.55,51.75,5348
2025-11-10,11:30:00,51.75,51.95,51.7,51.85,2502
2025-11-10,12:00:00,51.95,51.95,51.75,51.9,2366
2025-11-10,12:30:00,51.75,51.75,51.7,51.7,413
2025-11-10,13:00:00,51.7,51.9,51.6,51.75,4184
2025-11-10,13:30:00,51.85,51.95,51.75,51.85,1310
2025-11-10,14:00:00,51.9,52.1,51.85,52.0,5297
2025-11-10,14:30:00,52.1,52.3,51.95,52.1,3970
2025-11-11,10:15:00,52.0,52.35,51.9,51.95,994
2025-11-11,10:45:00,52.0,52.15,51.8,51.8,2569
2025-11-11,11:15:00,51.9,51.9,51.75,51.8,546
2025-11-11,11:45:00,51.8,52.05,51.75,51.95,2848
2025-11-11,12:15:00,52.0,52.05,51.8,51.9,4610
2025-11-11,12:45:00,51.9,52.1,51.9,51.95,410
2025-11-11,13:15:00,51.95,51.95,51.8,51.8,727
2025-11-11,13:45:00,51.9,51.95,51.75,51.75,595
2025-11-11,14:15:00,51.85,51.95,51.75,51.9,5150
2025-11-11,14:45:00,51.9,51.9,51.7,51.7,731
2025-11-12,10:15:00,51.9,52.0,51.85,52.0,803
2025-11-12,10:45:00,52.0,52.05,51.95,51.95,611
2025-11-12,11:15:00,51.95,52.2,51.9,52.0,1525
2025-11-12,11:45:00,51.95,52.15,51.95,52.0,588
2025-11-12,12:15:00,52.0,52.15,52.0,52.15,416
2025-11-12,12:45:00,52.1,52.15,51.9,51.9,767
2025-11-12,13:15:00,51.95,52.05,51.9,51.95,6907
2025-11-12,13:45:00,51.95,52.0,51.95,51.95,347
2025-11-12,14:15:00,51.95,52.05,51.9,52.05,1232
2025-11-12,14:45:00,52.05,52.1,51.9,52.1,2680
2025-11-13,10:00:00,51.9,52.1,51.9,51.9,2559
2025-11-13,10:30:00,51.9,51.95,51.85,51.85,3215
2025-11-13,11:00:00,51.9,51.9,51.85,51.9,511
2025-11-13,11:30:00,51.9,51.9,51.85,51.9,271
2025-11-13,12:00:00,51.9,51.9,51.85,51.85,233
2025-11-13,12:30:00,51.85,51.9,51.85,51.85,1541
2025-11-13,13:00:00,51.9,51.9,51.85,51.9,2924
2025-11-13,13:30:00,51.9,52.05,51.85,51.9,6968
2025-11-13,14:00:00,51.85,51.9,51.8,51.85,895
2025-11-13,14:30:00,51.85,51.85,51.7,51.75,7561
2025-11-13,15:00:00,52.0,52.0,52.0,52.0,1985
2025-11-16,10:00:00,52.0,52.0,51.5,51.55,1522
2025-11-16,10:30:00,51.55,51.7,51.45,51.45,8624
2025-11-16,11:00:00,51.4,51.45,51.3,51.35,1668
2025-11-16,11:30:00,51.3,51.45,51.15,51.25,2730
2025-11-16,12:00:00,51.2,51.3,51.15,51.2,1504
2025-11-16,12:30:00,51.2,51.2,51.15,51.15,2081
2025-11-16,13:00:00,51.2,51.2,51.15,51.15,1419
2025-11-16,13:30:00,51.15,51.2,51.1,51.1,1510
2025-11-16,14:00:00,51.1,51.15,50.9,50.9,8587
2025-11-16,14:30:00,50.9,51.1,50.9,51.1,2586
2025-11-16,15:00:00,51.1,51.1,51.1,51.1,879
2025-11-17,10:00:00,51.05,51.05,50.65,50.95,3246
2025-11-17,10:30:00,50.9,50.9,50.7,50.7,3000
2025-11-17,11:00:00,50.7,50.7,50.5,50.7,5493
2025-11-17,11:30:00,50.7,50.7,50.55,50.65,397
2025-11-17,12:00:00,50.6,50.65,50.6,50.6,466
2025-11-17,12:30:00,50.6,50.65,50.6,50.6,117
2025-11-17,13:00:00,50.65,50.7,50.55,50.55,1801
2025-11-17,13:30:00,50.55,50.55,50.3,50.3,2906
2025-11-17,14:00:00,50.3,50.4,50.25,50.35,2855
2025-11-17,14:30:00,50.4,50.55,50.35,50.55,2824
2025-11-18,10:15:00,50.35,50.5,50.25,50.5,4387
2025-11-18,10:45:00,50.5,50.6,50.25,50.55,1522
2025-11-18,11:15:00,50.5,50.7,50.5,50.65,2192
2025-11-18,11:45:00,50.55,50.8,50.55,50.55,684
2025-11-18,12:15:00,50.75,50.9,50.7,50.8,1391
2025-11-18,12:45:00,50.8,50.9,50.75,50.75,541
2025-11-18,13:15:00,50.9,50.9,50.75,50.8,1113
2025-11-18,13:45:00,50.9,50.9,50.75,50.8,535
2025-11-18,14:15:00,50.9,50.9,50.7,50.8,614
2025-11-18,14:45:00,50.8,50.95,50.75,50.8,1866
2025-11-19,10:00:00,51.0,51.2,50.8,50.95,1575
2025-11-19,10:30:00,50.85,50.85,50.75,50.8,343
2025-11-19,11:00:00,50.75,50.85,50.7,50.7,1278
2025-11-19,11:30:00,50.8,50.8,50.6,50.7,1545
2025-11-19,12:00:00,50.7,50.75,50.65,50.7,385
2025-11-19,12:30:00,50.75,50.75,50.6,50.7,631
2025-11-19,13:00:00,50.7,50.7,50.6,50.7,1858
2025-11-19,13:30:00,50.7,50.9,50.6,50.8,2597
2025-11-19,14:00:00,50.8,50.9,50.65,50.65,837
2025-11-19,14:30:00,50.65,50.8,50.55,50.7,3938
2025-11-19,15:00:00,50.9,50.9,50.9,50.9,803
2025-11-20,10:00:00,50.8,50.9,50.65,50.65,379
2025-11-20,10:30:00,50.65,50.65,50.5,50.65,307
2025-11-20,11:00:00,50.65,50.9,50.6,50.8,3447
2025-11-20,11:30:00,50.9,50.95,50.65,50.65,4473
2025-11-20,12:00:00,50.65,50.8,50.65,50.75,1315
2025-11-20,12:30:00,50.7,50.8,50.65,50.75,642
2025-11-20,13:00:00,50.75,50.85,50.75,50.85,229
2025-11-20,13:30:00,50.85,50.85,50.7,50.7,195
2025-11-20,14:00:00,50.7,50.95,50.7,50.85,551
2025-11-20,14:30:00,50.9,50.9,50.75,50.9,3323
2025-11-20,15:00:00,50.9,50.9,50.9,50.9,195
2025-11-23,10:00:00,50.8,50.9,50.7,50.9,1743
2025-11-23,10:30:00,50.8,50.8,50.7,50.7,838
2025-11-23,11:00:00,50.6,50.8,50.6,50.6,1403
2025-11-23,11:30:00,50.6,50.6,50.5,50.55,559
2025-11-23,12:00:00,50.55,50.6,50.5,50.6,3356
2025-11-23,12:30:00,50.5,50.6,50.45,50.5,902
2025-11-23,13:00:00,50.5,50.5,50.35,50.35,7466
2025-11-23,13:30:00,50.35,50.5,50.3,50.4,854
2025-11-23,14:00:00,50.5,50.5,50.4,50.4,257
2025-11-23,14:30:00,50.4,50.6,50.4,50.6,2102
2025-11-24,10:15:00,50.45,50.55,50.45,50.5,1414
2025-11-24,10:45:00,50.45,50.7,50.45,50.65,1348
2025-11-24,11:15:00,50.5,50.65,50.5,50.5,531
2025-11-24,11:45:00,50.5,50.6,50.5,50.6,149
2025-11-24,12:15:00,50.6,50.6,50.55,50.55,81
2025-11-24,12:45:00,50.55,50.6,50.5,50.6,1278
2025-11-24,13:15:00,50.65,50.65,50.5,50.65,513
2025-11-24,13:45:00,50.65,50.7,50.6,50.7,577
2025-11-24,14:15:00,50.7,50.7,50.7,50.7,952
2025-11-24,14:45:00,50.7,51.3,50.6,51.3,15496
2025-11-25,10:00:00,51.3,51.3,50.4,50.4,1353
2025-11-25,10:30:00,50.55,50.65,50.45,50.5,309
2025-11-25,11:00:00,50.6,50.7,50.35,50.35,6755
2025-11-25,11:30:00,50.3,50.6,50.3,50.45,2515
2025-11-25,12:00:00,50.45,50.55,50.1,50.25,1316
2025-11-25,12:30:00,50.25,50.35,50.15,50.2,1062
2025-11-25,13:00:00,50.1,50.2,49.92,50.2,13214
2025-11-25,13:30:00,50.15,50.2,50.05,50.2,1075
2025-11-25,14:00:00,50.2,50.2,49.94,49.94,4075
2025-11-25,14:30:00,50.0,50.0,49.7,49.8,6502
2025-11-26,10:15:00,49.62,49.8,49.5,49.6,1265
2025-11-26,10:45:00,49.6,49.8,49.2,49.62,5642
2025-11-26,11:15:00,49.62,49.68,49.5,49.56,711
2025-11-26,11:45:00,49.64,49.76,49.56,49.7,586
2025-11-26,12:15:00,49.6,49.76,49.54,49.54,442
2025-11-26,12:45:00,49.54,49.7,49.54,49.56,5154
2025-11-26,13:15:00,49.56,49.66,49.54,49.66,1220
2025-11-26,13:45:00,49.66,49.66,49.56,49.66,580
2025-11-26,14:15:00,49.64,49.64,49.46,49.46,3880
2025-11-26,14:45:00,49.46,49.46,49.4,49.46,1478
2025-11-27,10:00:00,49.9,49.9,49.56,49.66,1576
2025-11-27,10:30:00,49.68,49.8,49.36,49.68,4683
2025-11-27,11:00:00,49.5,49.62,49.4,49.62,1035
2025-11-27,11:45:00,49.5,49.66,49.4,49.4,4295
2025-11-27,12:15:00,49.4,49.62,49.4,49.62,1703
2025-11-27,12:45:00,49.62,49.64,49.3,49.42,2066
2025-11-27,13:15:00,49.42,49.64,49.32,49.48,2451
2025-11-27,13:45:00,49.6,49.6,49.48,49.5,524
2025-11-27,14:15:00,49.6,49.78,49.5,49.68,44095
2025-11-27,14:45:00,49.6,49.76,49.6,49.62,1497
2025-11-30,10:00:00,49.62,49.78,49.4,49.6,4152
2025-11-30,10:30:00,49.58,49.58,49.06,49.2,4049
2025-11-30,11:00:00,49.26,49.38,49.12,49.14,2018
2025-11-30,11:30:00,49.34,49.34,48.9,49.0,4932
2025-11-30,12:00:00,49.0,49.14,48.96,49.0,2742
2025-11-30,12:30:00,49.0,49.16,48.94,49.14,4059
2025-11-30,13:00:00,49.02,49.14,49.0,49.04,1069
2025-11-30,13:30:00,49.14,49.3,49.04,49.04,1491
2025-11-30,14:00:00,49.04,49.04,49.0,49.04,3292
2025-11-30,14:30:00,49.04,49.16,48.92,48.98,5379
2025-11-30,15:00:00,49.0,49.0,49.0,49.0,330
2025-12-01,10:00:00,49.0,49.0,48.84,49.0,2666
2025-12-01,10:30:00,48.96,49.12,48.96,49.02,5364
2025-12-01,11:00:00,49.02,49.08,49.0,49.08,445
2025-12-01,11:30:00,49.08,49.08,47.9,48.36,60139
2025-12-01,12:00:00,48.36,48.88,48.18,48.78,8070
2025-12-01,12:30:00,48.56,48.78,48.42,48.7,3773
2025-12-01,13:00:00,48.52,48.7,48.48,48.7,5233
2025-12-01,13:30:00,48.7,48.7,48.4,48.5,4401
2025-12-01,14:00:00,48.5,48.5,48.3,48.42,8997
2025-12-01,14:30:00,48.4,48.4,47.6,47.76,21184
2025-12-01,15:00:00,46.86,46.86,46.86,46.86,36819
2025-12-02,10:00:00,47.14,48.0,47.14,47.78,31926
2025-12-02,10:30:00,47.78,47.86,47.6,47.7,6596
2025-12-02,11:00:00,47.64,47.8,47.58,47.74,4584
2025-12-02,11:30:00,47.64,47.7,47.5,47.66,3694
2025-12-02,12:00:00,47.68,48.12,47.62,47.9,8332
2025-12-02,12:30:00,47.82,48.48,47.82,48.14,7693
2025-12-02,13:00:00,48.14,48.28,48.0,48.28,5485
2025-12-02,13:30:00,48.28,48.48,48.22,48.42,4609
2025-12-02,14:00:00,48.32,48.32,48.12,48.22,1220
2025-12-02,14:30:00,48.24,48.36,47.98,48.36,8039
2025-12-02,15:00:00,48.3,48.3,48.3,48.3,1002
2025-12-03,10:00:00,47.94,48.96,47.94,48.78,2501
2025-12-03,10:30:00,48.4,48.96,48.4,48.78,2216
2025-12-03,11:00:00,48.62,48.96,48.5,48.96,4111
2025-12-03,11:30:00,48.96,49.28,48.94,49.12,3286
2025-12-03,12:00:00,49.14,49.3,48.98,48.98,2236
2025-12-03,12:30:00,49.02,49.28,48.88,48.88,2651
2025-12-03,13:00:00,49.0,49.3,49.0,49.26,859
2025-12-03,13:30:00,49.26,49.5,49.1,49.46,2860
2025-12-03,14:00:00,49.44,49.5,49.22,49.22,670
2025-12-03,14:30:00,49.22,49.4,49.08,49.14,1368
2025-12-03,15:00:00,49.44,49.44,49.44,49.44,479
2025-12-04,10:00:00,49.02,49.52,49.02,49.44,622
2025-12-04,10:30:00,49.42,49.6,49.4,49.6,2335
2025-12-04,11:00:00,49.6,49.66,49.44,49.62,2169
2025-12-04,11:30:00,49.62,49.66,49.48,49.5,1136
2025-12-04,12:00:00,49.56,49.56,49.5,49.52,256
2025-12-04,12:30:00,49.6,49.64,49.46,49.64,2312
2025-12-04,13:00:00,49.6,49.6,49.36,49.36,6337
2025-12-04,13:30:00,49.4,49.64,49.4,49.54,2602
2025-12-04,14:00:00,49.62,49.8,49.5,49.64,2279
2025-12-04,14:30:00,49.5,49.72,49.4,49.42,2907
2025-12-07,10:15:00,49.76,49.76,49.5,49.72,232
2025-12-07,10:45:00,49.8,49.8,49.6,49.6,516
2025-12-07,11:15:00,49.78,49.78,49.48,49.78,2384
2025-12-07,11:45:00,49.48,49.78,49.48,49.5,2296
2025-12-07,12:15:00,49.7,49.76,49.5,49.76,5343
2025-12-07,12:45:00,49.52,49.52,49.38,49.48,2036
2025-12-07,13:15:00,49.4,49.46,49.22,49.22,4735
2025-12-07,13:45:00,49.46,49.48,49.26,49.26,1444
2025-12-07,14:15:00,49.34,49.48,49.24,49.48,88
2025-12-08,10:15:00,49.14,49.52,49.14,49.52,549
2025-12-08,10:45:00,49.62,49.76,49.2,49.6,4507
2025-12-08,11:15:00,49.6,49.7,49.6,49.62,1086
2025-12-08,11:45:00,49.64,49.64,49.44,49.62,1848
2025-12-08,12:15:00,49.52,49.64,49.5,49.52,965
2025-12-08,12:45:00,49.6,49.66,49.6,49.62,143
2025-12-08,13:15:00,49.66,49.66,49.62,49.64,368
2025-12-08,13:45:00,49.64,49.68,49.46,49.6,1461
2025-12-08,14:15:00,49.6,49.6,49.4,49.44,372
2025-12-08,14:45:00,49.42,49.44,49.42,49.44,467
2025-12-09,10:15:00,49.38,49.44,49.08,49.38,1087
2025-12-09,10:45:00,49.44,49.44,49.3,49.38,134
2025-12-09,11:15:00,49.44,49.5,49.44,49.48,123
2025-12-09,11:45:00,49.5,49.6,49.5,49.5,390
2025-12-09,12:15:00,49.58,49.58,49.38,49.38,240
2025-12-09,13:00:00,49.5,49.5,49.26,49.28,474
2025-12-09,13:30:00,49.28,49.3,49.28,49.28,863
2025-12-09,14:00:00,49.28,49.48,49.28,49.32,75
2025-12-09,14:30:00,49.32,49.5,49.32,49.5,2586
2025-12-10,10:15:00,49.78,49.8,49.54,49.7,793
2025-12-10,10:45:00,49.7,49.78,49.7,49.7,508
2025-12-10,11:15:00,49.72,49.8,49.7,49.8,490
2025-12-10,11:45:00,49.8,49.8,49.6,49.6,1145
2025-12-10,12:15:00,49.6,49.6,49.56,49.6,111
2025-12-10,12:45:00,49.56,49.6,49.56,49.56,56
2025-12-10,13:15:00,49.56,49.56,49.42,49.5,626
2025-12-10,13:45:00,49.44,49.68,49.42,49.68,1848
2025-12-10,14:15:00,49.58,49.68,49.54,49.68,764
2025-12-10,14:45:00,49.68,49.7,49.6,49.6,949
2025-12-11,10:00:00,49.6,49.6,49.48,49.5,340
2025-12-11,10:30:00,49.46,49.5,49.36,49.48,11610
2025-12-11,11:00:00,49.46,49.46,49.32,49.34,603
2025-12-11,11:30:00,49.34,49.36,49.34,49.36,332
2025-12-11,12:00:00,49.36,49.38,49.3,49.3,3164
2025-12-11,12:30:00,49.32,49.32,49.3,49.3,202
2025-12-11,13:00:00,49.3,49.3,49.0,49.0,8909
2025-12-11,13:30:00,48.9,49.16,48.9,49.12,2006
2025-12-11,14:00:00,49.12,49.2,49.0,49.2,1202
2025-12-11,14:30:00,49.22,49.3,49.02,49.3,2902
2025-12-14,10:15:00,49.18,49.18,49.0,49.0,657
2025-12-14,10:45:00,49.0,49.16,48.9,49.0,1857
2025-12-14,11:15:00,48.98,49.18,48.98,49.18,728
2025-12-14,11:45:00,49.18,49.18,49.04,49.1,246
2025-12-14,12:15:00,49.08,49.16,49.0,49.12,742
2025-12-14,12:45:00,49.12,49.12,48.9,48.94,684
2025-12-14,13:15:00,48.94,49.04,48.92,48.96,702
2025-12-14,13:45:00,49.0,49.0,48.92,48.94,386
2025-12-14,14:15:00,48.98,49.0,48.72,48.88,3423
2025-12-14,14:45:00,48.8,48.8,48.66,48.7,3806
2025-12-15,10:15:00,48.6,48.62,48.48,48.48,150
2025-12-15,10:45:00,48.44,48.5,48.26,48.26,559
2025-12-15,11:15:00,48.26,48.76,48.26,48.52,7140
2025-12-15,11:45:00,48.42,48.42,48.18,48.18,10817
2025-12-15,12:15:00,48.2,48.28,48.16,48.22,2402
2025-12-15,12:45:00,48.28,48.3,48.16,48.16,5212
2025-12-15,13:15:00,48.22,48.22,48.08,48.1,2239
2025-12-15,13:45:00,48.1,48.12,48.0,48.02,5614
2025-12-15,14:15:00,48.02,48.02,47.98,48.0,13692
2025-12-15,14:45:00,48.0,48.18,48.0,48.18,4767
2025-12-16,10:15:00,47.84,47.88,47.6,47.7,4832
2025-12-16,10:45:00,47.68,47.8,47.4,47.6,6823
2025-12-16,11:15:00,47.6,47.88,47.42,47.5,7420
2025-12-16,11:45:00,47.5,47.68,47.42,47.5,3455
2025-12-16,12:15:00,47.6,47.68,47.58,47.6,710
2025-12-16,12:45:00,47.68,47.7,47.58,47.6,1544
2025-12-16,13:15:00,47.68,47.68,47.48,47.6,3635
2025-12-16,13:45:00,47.6,47.86,47.54,47.58,6621
2025-12-16,14:15:00,47.58,47.68,47.5,47.64,2382
2025-12-16,14:45:00,47.54,47.54,47.38,47.4,8173
2025-12-17,10:15:00,47.2,47.28,46.92,47.0,10052
2025-12-17,10:45:00,47.02,47.02,46.96,46.96,25381
2025-12-17,11:15:00,46.98,47.1,46.98,47.08,22387
2025-12-17,11:45:00,47.08,47.08,46.96,46.96,8727
2025-12-17,12:15:00,46.96,46.98,46.82,46.84,11415
2025-12-17,12:45:00,46.86,46.88,46.64,46.64,9352
2025-12-17,13:15:00,46.64,46.66,46.1,46.46,6215
2025-12-17,13:45:00,46.38,46.48,46.26,46.36,20621
2025-12-17,14:15:00,46.34,46.36,46.24,46.24,4473
2025-12-17,14:45:00,46.26,46.26,46.14,46.18,42706
2025-12-18,10:15:00,46.26,46.26,46.18,46.18,1215
2025-12-18,10:45:00,46.22,46.32,46.18,46.28,1145
2025-12-18,11:15:00,46.3,46.5,46.28,46.32,6728
2025-12-18,11:45:00,46.32,46.8,46.18,46.52,21441
2025-12-18,12:15:00,46.54,46.7,46.36,46.52,2863
2025-12-18,12:45:00,46.48,46.76,46.48,46.62,4381
2025-12-18,13:15:00,46.76,46.76,46.62,46.62,1607
2025-12-18,13:45:00,46.6,46.72,46.58,46.72,3638
2025-12-18,14:15:00,46.7,46.7,46.62,46.62,2704
2025-12-18,14:45:00,46.66,46.76,46.62,46.76,6922
2025-12-21,10:15:00,47.0,47.02,46.9,47.0,1101
2025-12-21,10:45:00,47.0,47.2,47.0,47.2,5545
2025-12-21,11:15:00,47.2,47.2,47.06,47.08,2047
2025-12-21,11:45:00,47.08,47.2,47.08,47.2,770
2025-12-21,12:15:00,47.22,47.3,47.1,47.3,2414
2025-12-21,12:45:00,47.34,47.9,47.08,47.58,3797
2025-12-21,13:15:00,47.26,47.26,47.16,47.2,555
2025-12-21,13:45:00,47.2,47.56,47.2,47.34,1155
2025-12-21,14:15:00,47.5,47.5,47.24,47.28,1984
2025-12-21,14:45:00,47.3,47.3,47.24,47.28,870
2025-12-22,10:15:00,47.06,47.2,47.02,47.1,2033
2025-12-22,10:45:00,47.02,47.24,47.02,47.04,1173
2025-12-22,11:15:00,47.04,47.12,46.82,47.06,4634
2025-12-22,11:45:00,47.02,47.02,46.8,46.8,4051
2025-12-22,12:15:00,46.92,46.92,46.82,46.9,1138
2025-12-22,12:45:00,46.84,47.34,46.82,47.34,4348
2025-12-22,13:15:00,47.46,47.64,47.2,47.2,5157
2025-12-22,13:45:00,47.22,47.28,47.2,47.22,239
2025-12-22,14:15:00,47.22,47.32,47.12,47.22,17545
2025-12-22,14:45:00,47.3,47.34,47.22,47.24,4967
2025-12-23,10:00:00,47.24,47.5,47.24,47.48,3036
2025-12-23,10:30:00,47.48,47.48,47.36,47.4,2334
2025-12-23,11:00:00,47.46,47.6,47.46,47.6,1757
2025-12-23,11:30:00,47.52,47.64,47.52,47.6,1024
2025-12-23,12:00:00,47.62,47.66,47.54,47.58,1435
2025-12-23,12:30:00,47.58,47.62,47.58,47.62,187
2025-12-23,13:00:00,47.66,47.7,47.6,47.62,2914
2025-12-23,13:30:00,47.62,47.8,47.52,47.8,11475
2025-12-23,14:00:00,47.7,48.22,47.7,48.2,6068
2025-12-23,14:30:00,48.16,48.16,48.02,48.02,1895
2025-12-23,15:00:00,48.12,48.12,48.12,48.12,270
2025-12-24,10:00:00,48.02,48.38,48.02,48.38,12041
2025-12-24,10:30:00,48.4,48.6,48.26,48.42,10827
2025-12-24,11:00:00,48.34,48.34,48.24,48.3,2773
2025-12-24,11:30:00,48.3,48.3,48.0,48.14,8361
2025-12-24,12:00:00,48.12,48.2,48.1,48.2,1125
2025-12-24,12:30:00,48.28,48.52,48.28,48.48,4234
2025-12-24,13:00:00,48.5,48.54,48.4,48.48,1449
2025-12-24,13:30:00,48.48,48.54,48.48,48.5,3603
2025-12-24,14:00:00,48.5,48.52,48.48,48.52,485
2025-12-24,14:30:00,48.52,48.54,48.5,48.5,2004
2025-12-25,10:15:00,48.6,48.6,48.5,48.52,306
2025-12-25,10:45:00,48.62,48.7,48.52,48.7,6149
2025-12-25,11:15:00,48.56,48.78,48.56,48.64,447
2025-12-25,11:45:00,48.64,48.64,48.56,48.56,772
2025-12-25,12:15:00,48.56,48.58,48.56,48.58,560
2025-12-25,12:45:00,48.58,48.64,48.56,48.56,523
2025-12-25,13:15:00,48.56,48.56,48.4,48.4,8492
2025-12-25,13:45:00,48.4,48.4,47.9,48.06,791
2025-12-25,14:15:00,48.28,48.28,48.04,48.04,793
2025-12-25,14:45:00,48.1,48.5,48.06,48.5,1833
2025-12-28,10:00:00,48.5,48.5,47.2,47.7,11980
2025-12-28,10:30:00,47.9,47.9,47.5,47.6,218
2025-12-28,11:00:00,47.62,47.68,47.52,47.58,2469
2025-12-28,11:30:00,47.64,47.64,47.44,47.52,3025
2025-12-28,12:00:00,47.6,48.0,47.6,47.88,2708
2025-12-28,12:30:00,47.82,47.88,47.58,47.7,2522
2025-12-28,13:00:00,47.72,47.86,47.56,47.6,1125
2025-12-28,13:30:00,47.58,47.58,47.42,47.46,2304
2025-12-28,14:00:00,47.5,47.5,47.46,47.5,594
2025-12-28,14:30:00,47.48,47.58,47.36,47.38,3438
2025-12-28,15:00:00,47.38,47.38,47.38,47.38,66
2025-12-29,10:00:00,47.4,48.2,47.24,47.7,2469
2025-12-29,10:30:00,47.62,48.1,47.42,47.78,7554
2025-12-29,11:00:00,48.0,48.0,47.7,47.94,354
2025-12-29,11:30:00,47.8,47.98,47.66,47.98,481
2025-12-29,12:00:00,47.8,47.98,47.8,47.96,1565
2025-12-29,12:30:00,47.98,47.98,47.76,47.76,542
2025-12-29,13:00:00,47.96,47.98,47.84,47.86,967
2025-12-29,13:30:00,47.86,47.98,47.76,47.76,515
2025-12-29,14:00:00,47.88,48.1,47.86,48.1,2900
2025-12-29,14:30:00,48.04,48.16,47.9,48.16,3082
2025-12-29,15:00:00,47.98,47.98,47.98,47.98,104
2025-12-30,10:00:00,47.9,47.98,47.76,47.82,2272
2025-12-30,10:30:00,47.82,48.24,47.82,48.24,967
2025-12-30,11:00:00,48.24,48.6,48.24,48.42,4687
2025-12-30,11:30:00,48.42,48.76,48.4,48.4,4816
2025-12-30,12:00:00,48.4,48.5,48.26,48.28,2857
2025-12-30,12:30:00,48.24,48.36,48.18,48.18,725
2025-12-30,13:00:00,48.16,48.36,48.08,48.12,343
2025-12-30,13:30:00,48.08,48.08,47.98,47.98,1286
2025-12-30,14:00:00,47.96,48.0,47.5,47.58,8127
2025-12-30,14:30:00,47.58,47.64,47.0,47.0,9359
2025-12-30,15:00:00,47.08,47.08,47.08,47.08,89
2025-12-31,10:00:00,48.7,48.7,47.96,48.28,9034
2025-12-31,10:30:00,48.4,48.7,48.16,48.68,8696
2025-12-31,11:00:00,48.7,48.94,48.7,48.88,6733
2025-12-31,11:30:00,48.88,48.98,48.78,48.88,4221
2025-12-31,12:00:00,48.88,48.94,48.82,48.88,1837
2025-12-31,12:30:00,48.94,49.0,48.86,48.86,7297
2025-12-31,13:00:00,48.8,49.0,48.8,49.0,1454
2025-12-31,13:30:00,49.0,49.0,48.74,48.8,1460
2025-12-31,14:00:00,48.8,49.0,48.8,48.98,1743
2025-12-31,14:30:00,48.98,49.04,48.88,49.0,2912
2026-01-01,10:15:00,49.1,49.2,49.06,49.2,758
2026-01-01,10:45:00,49.3,49.3,49.18,49.18,470
2026-01-01,11:30:00,49.08,49.2,49.06,49.16,1617
2026-01-01,12:00:00,49.16,49.16,49.08,49.08,1247
2026-01-01,12:45:00,49.06,49.08,49.06,49.08,69
2026-01-01,13:15:00,49.18,49.18,49.06,49.18,655
2026-01-01,13:45:00,49.06,49.18,49.06,49.16,16
2026-01-01,14:15:00,49.16,49.16,49.0,49.06,843
2026-01-01,14:45:00,49.0,49.06,49.0,49.0,221
2026-01-04,10:15:00,48.56,48.76,48.56,48.7,225
2026-01-04,10:45:00,48.66,48.72,48.56,48.58,759
2026-01-04,11:15:00,48.58,48.6,48.5,48.5,365
2026-01-04,11:45:00,48.5,48.64,48.5,48.5,854
2026-01-04,12:15:00,48.5,48.56,48.26,48.26,218
2026-01-04,12:45:00,48.4,48.66,48.26,48.28,241
2026-01-04,13:15:00,48.4,48.68,48.4,48.6,1249
2026-01-04,13:45:00,48.68,48.8,48.6,48.72,1174
2026-01-04,14:15:00,48.72,49.0,48.7,48.94,4182
2026-01-04,14:45:00,48.76,49.0,48.76,48.9,1994
2026-01-05,10:00:00,49.08,49.8,49.08,49.78,5671
2026-01-05,10:30:00,49.62,49.78,49.12,49.48,7693
2026-01-05,11:00:00,49.6,49.68,49.06,49.36,10301
2026-01-05,11:30:00,49.34,49.34,49.3,49.3,1598
2026-01-05,12:00:00,49.3,49.3,49.26,49.3,702
2026-01-05,12:30:00,49.3,49.34,49.26,49.34,161
2026-01-05,13:00:00,49.34,49.36,49.18,49.18,2298
2026-01-05,13:30:00,49.2,49.2,49.12,49.12,511
2026-01-05,14:00:00,49.12,49.18,48.9,48.9,10808
2026-01-05,14:30:00,48.92,49.18,48.92,49.0,6635
2026-01-06,10:15:00,49.58,49.82,49.5,49.72,3622
2026-01-06,10:45:00,49.74,49.8,49.72,49.72,933
2026-01-06,11:15:00,49.76,49.76,49.68,49.68,684
2026-01-06,11:45:00,49.66,49.74,49.56,49.68,7912
2026-01-06,12:15:00,49.6,49.7,49.58,49.7,1175
2026-01-06,12:45:00,49.72,49.72,49.62,49.7,1122
2026-01-06,13:15:00,49.7,49.7,49.38,49.52,46827
2026-01-06,13:45:00,49.5,49.6,49.44,49.52,5036
2026-01-06,14:15:00,49.5,49.66,49.48,49.6,1063
2026-01-06,14:45:00,49.6,49.6,49.58,49.6,585
2026-01-07,10:15:00,49.92,50.1,49.68,49.8,5910
2026-01-07,10:45:00,49.8,49.9,49.74,49.9,806
2026-01-07,11:15:00,49.8,49.9,49.8,49.9,1112
2026-01-07,11:45:00,49.8,49.96,49.8,49.96,213
2026-01-07,12:30:00,49.9,49.9,49.78,49.9,105
2026-01-07,13:00:00,49.9,49.9,49.84,49.86,273
2026-01-07,13:30:00,49.86,50.2,49.78,50.2,3833
2026-01-07,14:00:00,50.25,50.5,50.1,50.4,7172
2026-01-07,14:30:00,50.45,50.5,50.15,50.3,3098
2026-01-08,10:15:00,49.96,50.0,49.82,50.0,3869
2026-01-08,10:45:00,50.0,50.25,49.94,50.05,10788
2026-01-08,11:15:00,50.2,50.6,50.2,50.5,2655
2026-01-08,11:45:00,50.65,50.65,50.45,50.5,21084
2026-01-08,12:15:00,50.4,50.45,50.0,50.0,1024
2026-01-08,12:45:00,50.0,50.0,49.9,49.98,3321
2026-01-08,13:15:00,49.9,50.0,49.9,49.98,2794
2026-01-08,13:45:00,49.94,49.94,49.78,49.78,1680
2026-01-08,14:15:00,49.84,49.84,49.68,49.76,710
2026-01-08,14:45:00,49.76,49.76,49.44,49.6,7412
2026-01-11,10:00:00,49.8,50.45,49.8,50.3,655
2026-01-11,10:30:00,50.45,50.45,50.0,50.3,6598
2026-01-11,11:00:00,50.3,50.3,50.0,50.05,899
2026-01-11,11:30:00,50.05,50.35,50.0,50.25,1453
2026-01-11,12:00:00,50.25,50.25,49.96,50.2,199
2026-01-11,12:30:00,50.2,50.2,49.98,50.15,352
2026-01-11,13:00:00,50.15,50.4,50.15,50.4,1235
2026-01-11,13:30:00,50.4,50.4,50.15,50.3,432
2026-01-11,14:00:00,50.3,50.65,50.25,50.35,7749
2026-01-11,14:30:00,50.25,50.5,50.25,50.4,556
2026-01-12,10:15:00,50.3,50.6,50.0,50.0,4641
2026-01-12,10:45:00,50.1,50.5,50.1,50.25,902
2026-01-12,11:15:00,50.25,50.5,50.1,50.5,6724
2026-01-12,11:45:00,50.25,50.5,50.25,50.25,811
2026-01-12,12:15:00,50.25,50.3,50.1,50.15,888
2026-01-12,12:45:00,50.25,50.4,50.25,50.25,5325
2026-01-12,13:15:00,50.25,50.3,50.2,50.25,371
2026-01-12,13:45:00,50.25,50.4,50.25,50.35,700
2026-01-12,14:15:00,50.25,50.3,50.1,50.3,3798
2026-01-12,14:45:00,50.3,50.4,50.1,50.1,1385
2026-01-13,10:00:00,50.0,50.45,49.9,50.1,828
2026-01-13,10:30:00,50.35,50.35,49.8,49.9,406
2026-01-13,11:00:00,50.05,50.1,49.92,49.92,1262
2026-01-13,11:30:00,49.92,50.1,49.92,49.94,1331
2026-01-13,12:00:00,49.94,50.0,49.94,50.0,1069
2026-01-13,12:30:00,50.0,50.05,49.94,50.0,1244
2026-01-13,13:00:00,50.05,50.1,49.98,49.98,1493
2026-01-13,13:30:00,50.0,50.0,49.92,49.98,1317
2026-01-13,14:00:00,49.94,49.98,49.92,49.94,465
2026-01-13,14:30:00,49.92,49.94,49.86,49.86,1456
2026-01-14,10:15:00,49.86,49.96,49.78,49.78,1360
2026-01-14,10:45:00,49.76,49.88,49.74,49.8,294
2026-01-14,11:15:00,49.82,49.96,49.7,49.96,2670
2026-01-14,11:45:00,49.96,50.15,49.9,49.9,3554
2026-01-14,12:15:00,50.0,50.0,49.88,49.9,370
2026-01-14,12:45:00,49.88,49.96,49.88,49.92,842
2026-01-14,13:15:00,49.92,49.92,49.82,49.84,808
2026-01-14,13:45:00,49.84,49.84,49.3,49.3,7406
2026-01-14,14:15:00,49.48,49.48,49.18,49.38,2186
2026-01-14,14:45:00,49.36,49.4,49.32,49.4,2176
2026-01-15,10:15:00,49.3,49.3,49.22,49.3,365
2026-01-15,10:45:00,49.3,49.32,48.5,49.3,12180
2026-01-15,11:15:00,49.06,49.14,48.98,49.0,4343
2026-01-15,11:45:00,49.0,49.1,48.86,49.0,3820
2026-01-15,12:15:00,48.88,49.06,48.88,49.0,1022
2026-01-15,12:45:00,48.94,48.94,48.9,48.9,1509
2026-01-15,13:15:00,48.94,49.0,48.9,49.0,713
2026-01-15,13:45:00,49.0,49.1,48.92,49.02,1338
2026-01-15,14:15:00,49.1,49.14,49.0,49.06,3135
2026-01-15,14:45:00,49.04,49.3,48.92,48.92,2483
2026-01-18,10:15:00,49.52,49.84,49.52,49.82,1171
2026-01-18,10:45:00,49.8,49.82,49.62,49.62,438
2026-01-18,11:15:00,49.64,49.64,49.14,49.38,11835
2026-01-18,11:45:00,49.6,49.84,49.6,49.62,1446
2026-01-18,12:15:00,49.62,49.88,49.54,49.7,996
2026-01-18,12:45:00,49.8,49.88,49.64,49.88,1108
2026-01-18,13:15:00,49.88,49.9,49.64,49.64,1638
2026-01-18,13:45:00,49.64,49.88,49.62,49.7,1360
2026-01-18,14:15:00,49.8,49.8,49.54,49.68,1236
2026-01-18,14:45:00,49.68,49.8,49.68,49.72,1269
2026-01-19,10:15:00,49.88,50.1,49.7,49.98,8408
2026-01-19,10:45:00,49.72,49.9,49.66,49.9,3136
2026-01-19,11:15:00,49.9,50.0,49.7,49.84,992
2026-01-19,11:45:00,49.84,49.84,49.68,49.76,314
2026-01-19,12:15:00,49.76,49.8,49.74,49.8,575
2026-01-19,12:45:00,49.74,49.8,49.68,49.74,817
2026-01-19,13:15:00,49.74,49.74,49.7,49.74,665
2026-01-19,13:45:00,49.74,49.74,49.7,49.7,298
2026-01-19,14:15:00,49.7,49.8,49.66,49.74,3135
2026-01-19,14:45:00,49.74,49.84,49.7,49.84,1159
2026-01-20,10:00:00,50.0,50.0,49.5,49.72,1046
2026-01-20,10:30:00,49.68,49.74,49.58,49.68,358
2026-01-20,11:00:00,49.72,49.74,49.64,49.74,2260
2026-01-20,11:30:00,49.66,49.84,49.66,49.76,341
2026-01-20,12:00:00,49.82,49.82,49.74,49.82,213
2026-01-20,12:30:00,49.8,49.84,49.66,49.84,915
2026-01-20,13:00:00,49.82,49.9,49.64,49.72,2519
2026-01-20,13:30:00,49.8,49.8,49.68,49.68,580
2026-01-20,14:00:00,49.7,49.8,49.6,49.8,5164
2026-01-20,14:30:00,49.8,49.8,49.58,49.6,2626
2026-01-21,10:15:00,49.48,49.86,49.44,49.54,1368
2026-01-21,10:45:00,49.54,49.66,49.46,49.66,1608
2026-01-21,11:15:00,49.66,49.88,49.66,49.7,2631
2026-01-21,11:45:00,49.7,49.8,49.5,49.66,10579
2026-01-21,12:15:00,49.8,49.88,49.72,49.82,629
2026-01-21,12:45:00,49.82,49.82,49.76,49.76,1457
2026-01-21,13:15:00,49.78,49.9,49.74,49.86,4848
2026-01-21,13:45:00,49.84,49.98,49.82,49.98,4937
2026-01-21,14:15:00,50.0,50.0,49.84,49.84,3038
2026-01-21,14:45:00,49.84,49.88,49.5,49.78,5554
2026-01-22,10:00:00,49.8,49.98,49.72,49.86,2648
2026-01-22,10:30:00,49.84,49.86,49.7,49.86,2576
2026-01-22,11:00:00,49.88,49.88,49.8,49.86,1625
2026-01-22,11:30:00,49.86,49.9,49.82,49.82,230
2026-01-22,12:00:00,49.82,50.0,49.82,49.9,2375
2026-01-22,12:30:00,49.92,50.0,49.92,50.0,1373
2026-01-22,13:00:00,49.98,50.0,49.94,49.98,3990
2026-01-22,13:30:00,50.0,50.0,49.74,49.8,9777
2026-01-22,14:00:00,49.86,49.98,49.84,49.86,571
2026-01-22,14:30:00,49.94,49.94,49.78,49.84,2792
2026-01-22,15:00:00,49.84,49.84,49.84,49.84,34
2026-01-25,10:00:00,49.92,50.3,49.84,50.3,3178
2026-01-25,10:30:00,50.3,50.5,50.25,50.25,4593
2026-01-25,11:00:00,50.25,50.45,50.25,50.35,3486
2026-01-25,11:30:00,50.45,50.45,50.35,50.4,1745
2026-01-25,12:00:00,50.4,50.4,50.35,50.35,598
2026-01-25,12:30:00,50.5,50.65,50.35,50.65,7123
2026-01-25,13:00:00,50.7,51.1,50.7,51.0,5620
2026-01-25,13:30:00,51.0,51.4,50.9,51.4,5451
2026-01-25,14:00:00,51.35,51.35,50.95,51.0,1222
2026-01-25,14:30:00,50.95,51.15,50.75,50.9,3557
2026-01-25,15:00:00,50.9,50.9,50.9,50.9,289
2026-01-26,10:00:00,50.85,51.0,50.6,50.7,3537
2026-01-26,10:30:00,50.8,50.85,50.6,50.7,6430
2026-01-26,11:00:00,50.7,50.8,50.5,50.7,2494
2026-01-26,11:30:00,50.5,50.8,50.5,50.65,942
2026-01-26,12:00:00,50.65,50.75,50.55,50.6,1201
2026-01-26,12:30:00,50.55,50.55,50.4,50.4,3137
2026-01-26,13:00:00,50.5,50.55,50.4,50.55,605
2026-01-26,13:30:00,50.55,50.6,50.35,50.4,5686
2026-01-26,14:00:00,50.4,50.6,50.3,50.6,3224
2026-01-26,14:30:00,50.65,50.65,50.35,50.45,1807
2026-01-26,15:00:00,50.3,50.3,50.3,50.3,670
2026-01-27,10:00:00,50.3,50.7,50.3,50.5,2431
2026-01-27,10:30:00,50.5,50.6,50.4,50.55,1545
2026-01-27,11:00:00,50.55,50.65,50.45,50.65,1388
2026-01-27,11:30:00,50.6,50.8,50.55,50.65,1961
2026-01-27,12:00:00,50.75,50.9,50.65,50.75,3935
2026-01-27,12:30:00,50.85,50.95,50.7,50.7,3287
2026-01-27,13:00:00,50.85,50.85,50.75,50.85,3593
2026-01-27,13:30:00,50.9,51.05,50.7,51.05,2775
2026-01-27,14:00:00,51.05,51.35,50.95,50.95,6362
2026-01-27,14:30:00,50.95,51.25,50.7,51.1,2636
2026-01-28,10:15:00,51.2,51.35,50.85,50.85,1995
2026-01-28,10:45:00,51.05,51.05,50.8,50.85,1665
2026-01-28,11:15:00,50.8,50.95,50.7,50.95,4300
2026-01-28,11:45:00,50.95,50.95,50.9,50.9,304
2026-01-28,12:15:00,50.9,50.9,50.75,50.75,2544
2026-01-28,12:45:00,50.75,50.8,50.7,50.75,608
2026-01-28,13:15:00,50.75,50.8,50.7,50.8,10669
2026-01-28,13:45:00,50.9,50.95,50.75,50.9,847
2026-01-28,14:15:00,50.9,50.9,50.75,50.8,753
2026-01-28,14:45:00,50.85,50.95,50.8,50.95,2797
2026-01-29,10:00:00,50.9,50.9,50.55,50.75,6298
2026-01-29,10:30:00,50.55,50.7,50.5,50.55,1351
2026-01-29,11:00:00,50.5,50.85,50.5,50.85,4993
2026-01-29,11:30:00,50.85,50.85,50.6,50.75,1516
2026-01-29,12:00:00,50.75,50.75,50.55,50.65,1261
2026-01-29,12:30:00,50.65,50.65,50.5,50.55,1502
2026-01-29,13:00:00,50.55,50.55,50.3,50.35,2264
2026-01-29,13:30:00,50.65,50.7,50.4,50.6,1408
2026-01-29,14:00:00,50.55,50.55,50.4,50.45,802
2026-01-29,14:30:00,50.45,50.6,50.25,50.5,8258
2026-01-29,15:00:00,50.5,50.5,50.5,50.5,929
2026-02-01,10:00:00,50.45,50.7,49.84,49.9,4381
2026-02-01,10:30:00,49.9,49.9,49.4,49.4,5026
2026-02-01,11:00:00,49.8,49.8,49.4,49.42,571
2026-02-01,11:30:00,49.48,49.7,49.48,49.54,501
2026-02-01,12:00:00,49.52,49.62,49.52,49.56,588
2026-02-01,12:30:00,49.56,49.56,49.4,49.44,953
2026-02-01,13:00:00,49.44,49.46,49.22,49.26,1869
2026-02-01,13:30:00,49.38,49.5,49.38,49.44,2972
2026-02-01,14:00:00,49.44,49.46,49.3,49.3,2496
2026-02-01,14:30:00,49.34,49.34,49.2,49.28,2041
2026-02-01,15:00:00,49.28,49.28,49.28,49.28,1039
2026-02-02,10:00:00,49.2,49.28,48.7,48.72,6313
2026-02-02,10:30:00,49.26,49.78,48.92,49.04,3743
2026-02-02,11:00:00,49.02,49.68,49.02,49.4,700
2026-02-02,11:30:00,49.36,49.5,49.36,49.44,89
2026-02-02,12:00:00,49.5,49.8,49.3,49.56,812
2026-02-02,12:30:00,49.56,49.58,49.36,49.58,192
2026-02-02,13:00:00,49.6,49.98,49.6,49.64,1292
2026-02-02,13:30:00,49.74,49.74,49.42,49.42,191
2026-02-02,14:00:00,49.74,49.78,49.44,49.76,1006
2026-02-02,14:30:00,49.76,49.98,49.74,49.8,1731
2026-02-02,15:00:00,49.64,49.64,49.64,49.64,1014
2026-02-03,10:00:00,49.64,49.92,49.64,49.9,919
2026-02-03,10:45:00,49.74,50.1,49.74,49.92,3124
2026-02-03,11:15:00,49.9,50.0,49.74,49.74,851
2026-02-03,11:45:00,49.98,50.1,49.74,50.0,1547
2026-02-03,12:15:00,49.84,50.0,49.84,49.92,678
2026-02-03,12:45:00,49.98,49.98,49.84,49.86,128
2026-02-03,13:15:00,49.92,49.92,49.74,49.74,1624
2026-02-03,13:45:00,49.74,49.84,49.4,49.4,3310
2026-02-03,14:15:00,49.44,49.7,49.26,49.3,2048
2026-02-03,14:45:00,49.3,49.5,49.3,49.4,6268
2026-02-04,10:15:00,49.7,49.78,49.34,49.34,2837
2026-02-04,10:45:00,49.46,49.48,49.32,49.48,3840
2026-02-04,11:15:00,49.42,50.0,49.22,49.5,4998
2026-02-04,11:45:00,49.32,49.9,49.32,49.4,942
2026-02-04,12:15:00,49.4,49.52,49.22,49.36,2716
2026-02-04,12:45:00,49.28,49.48,49.1,49.16,579
2026-02-04,13:15:00,49.16,49.3,49.16,49.16,377
2026-02-04,13:45:00,49.18,49.18,49.1,49.1,728
2026-02-04,14:15:00,49.1,49.12,49.06,49.1,698
2026-02-04,14:45:00,49.1,49.1,49.08,49.08,1332
2026-02-05,10:15:00,48.76,48.76,48.0,48.5,2909
2026-02-05,10:45:00,48.54,48.7,48.5,48.54,651
2026-02-05,11:15:00,48.54,48.68,48.5,48.5,3207
2026-02-05,11:45:00,48.64,48.64,48.56,48.6,4193
2026-02-05,12:15:00,48.6,48.64,48.6,48.6,828
2026-02-05,12:45:00,48.6,49.0,48.56,49.0,4817
2026-02-05,13:15:00,48.74,49.0,48.7,48.7,195
2026-02-05,13:45:00,48.9,48.92,48.7,48.8,1393
2026-02-05,14:15:00,48.78,48.88,48.7,48.72,1942
2026-02-05,14:45:00,48.82,48.84,48.8,48.8,697
2026-02-08,10:00:00,48.22,49.2,48.22,49.0,2254
2026-02-08,10:30:00,49.0,49.06,49.0,49.06,361
2026-02-08,11:00:00,49.02,49.1,48.78,49.04,2739
2026-02-08,11:30:00,49.2,49.2,48.82,48.9,1317
2026-02-08,12:00:00,49.0,49.16,48.92,48.98,260
2026-02-08,12:30:00,49.0,49.04,48.98,49.04,189
2026-02-08,13:00:00,49.04,49.16,49.02,49.02,301
2026-02-08,13:30:00,49.02,49.14,49.02,49.02,389
2026-02-08,14:00:00,49.02,49.16,49.02,49.08,640
2026-02-08,14:30:00,49.02,49.26,49.0,49.26,3076
2026-02-08,15:00:00,49.26,49.26,49.26,49.26,408
2026-02-09,10:00:00,49.02,49.52,49.02,49.32,915
2026-02-09,10:30:00,49.38,49.38,49.02,49.14,3105
2026-02-09,11:00:00,49.22,49.22,49.1,49.1,737
2026-02-09,11:30:00,49.1,49.12,49.08,49.12,419
2026-02-09,12:00:00,49.12,49.12,49.0,49.06,3752
2026-02-09,12:30:00,49.0,49.06,48.9,49.0,2681
2026-02-09,13:00:00,48.92,49.04,48.76,48.84,2318
2026-02-09,13:30:00,48.82,48.98,48.82,48.98,279
2026-02-09,14:00:00,48.92,48.94,48.86,48.92,670
2026-02-09,14:30:00,48.98,48.98,48.82,48.94,977
2026-02-09,15:00:00,48.76,48.76,48.76,48.76,1122
2026-02-10,10:00:00,48.66,48.86,48.66,48.76,2206
2026-02-10,10:30:00,48.9,49.0,48.8,48.84,3112
2026-02-10,11:00:00,48.88,48.9,48.8,48.82,773
2026-02-10,11:30:00,48.82,48.82,48.6,48.7,5162
2026-02-10,12:00:00,48.7,48.8,48.7,48.76,1172
2026-02-10,12:30:00,48.7,48.84,48.7,48.84,351
2026-02-10,13:00:00,48.84,48.86,48.74,48.74,1425
2026-02-10,13:30:00,48.9,49.0,48.9,48.98,705
2026-02-10,14:00:00,48.98,49.0,48.96,48.96,1325
2026-02-10,14:30:00,48.98,49.14,48.88,48.98,1169
2026-02-10,15:00:00,48.98,48.98,48.98,48.98,259
2026-02-11,10:00:00,49.2,49.28,48.76,48.76,1638
2026-02-11,10:30:00,48.76,48.94,48.72,48.88,917
2026-02-11,11:00:00,48.9,48.9,48.7,48.84,402
2026-02-11,11:30:00,48.72,48.9,48.7,48.74,538
2026-02-11,12:00:00,48.74,48.84,48.74,48.84,554
2026-02-11,12:30:00,48.84,48.96,48.72,48.82,2093
2026-02-11,13:00:00,48.82,48.94,48.74,48.74,1085
2026-02-11,13:30:00,48.8,48.88,48.74,48.78,274
2026-02-11,14:00:00,48.78,49.0,48.78,49.0,1197
2026-02-11,14:30:00,49.0,49.04,48.8,48.98,2608
2026-02-12,10:15:00,49.02,49.06,48.98,48.98,381
2026-02-12,10:45:00,49.04,49.1,49.04,49.1,1699
2026-02-12,11:15:00,49.0,49.2,49.0,49.2,107
2026-02-12,11:45:00,49.3,49.4,49.26,49.28,1669
2026-02-12,12:15:00,49.28,49.78,49.28,49.76,3439
2026-02-12,12:45:00,49.76,49.76,48.9,49.02,19274
2026-02-12,13:15:00,49.18,49.68,49.1,49.58,2739
2026-02-12,13:45:00,49.34,49.6,49.18,49.4,2061
2026-02-12,14:15:00,49.4,49.56,49.26,49.52,4061
2026-02-12,14:45:00,49.54,49.6,49.38,49.6,3874
2026-02-15,10:00:00,49.7,49.74,49.6,49.72,2691
2026-02-15,10:30:00,49.72,49.72,49.4,49.46,1195
2026-02-15,11:00:00,49.48,49.6,49.48,49.6,57
2026-02-15,11:30:00,49.6,49.6,49.5,49.5,1128
2026-02-15,12:00:00,49.52,49.52,49.44,49.44,242
2026-02-15,12:30:00,49.42,49.84,49.4,49.4,3394
2026-02-15,13:00:00,49.4,49.5,49.4,49.5,489
2026-02-15,13:30:00,49.54,49.6,49.54,49.6,746
2026-02-15,14:00:00,49.6,49.84,49.6,49.84,3430
2026-02-15,14:30:00,49.82,49.82,49.56,49.8,1351
2026-02-16,10:15:00,49.72,49.72,49.7,49.72,13
2026-02-16,10:45:00,49.74,49.9,49.6,49.78,2092
2026-02-16,11:15:00,49.62,49.98,49.62,49.8,1376
2026-02-16,11:45:00,49.76,49.76,49.64,49.64,1345
2026-02-16,12:15:00,49.64,49.66,49.6,49.6,889
2026-02-16,12:45:00,49.5,49.5,49.42,49.42,288
2026-02-16,13:15:00,49.4,49.4,49.2,49.2,777
2026-02-16,13:45:00,49.2,49.3,49.2,49.2,639
2026-02-16,14:15:00,49.1,49.34,48.72,49.02,13299
2026-02-16,14:45:00,49.0,49.28,48.9,49.28,4575
2026-02-17,10:00:00,49.0,49.04,48.98,48.98,1169
2026-02-17,10:30:00,48.98,49.18,48.98,49.16,476
2026-02-17,11:00:00,49.06,49.06,48.92,48.92,1251
2026-02-17,11:30:00,49.0,49.02,48.8,48.92,1101
2026-02-17,12:00:00,48.96,49.0,48.84,49.0,339
2026-02-17,12:45:00,48.84,48.88,48.82,48.84,239
2026-02-17,13:15:00,48.82,49.06,48.82,49.06,6247
2026-02-17,13:45:00,49.06,49.28,48.98,49.22,1842
2026-02-17,14:15:00,49.08,49.28,49.02,49.28,4214
2026-02-17,14:45:00,49.28,49.3,49.0,49.16,4414
2026-02-18,10:30:00,49.12,49.16,49.02,49.16,42
2026-02-18,11:00:00,49.16,49.16,48.98,48.98,460
2026-02-18,11:30:00,48.98,49.2,48.84,49.02,2855
2026-02-18,12:15:00,49.2,49.2,49.04,49.04,269
2026-02-18,12:45:00,49.02,49.02,48.82,48.82,1753
2026-02-18,13:15:00,48.98,49.02,48.5,49.02,6669
2026-02-18,13:45:00,48.92,49.04,48.92,49.02,351
2026-02-18,14:15:00,49.0,49.08,49.0,49.06,1007
2026-02-18,14:45:00,49.02,49.06,49.0,49.02,1673
2026-02-19,10:15:00,48.92,48.92,48.4,48.62,8954
2026-02-19,10:45:00,48.7,48.9,48.62,48.64,57
2026-02-19,11:15:00,48.66,48.66,48.62,48.62,272
2026-02-19,11:45:00,48.62,48.62,48.52,48.52,84
2026-02-19,12:15:00,48.5,48.54,48.42,48.46,1070
2026-02-19,12:45:00,48.54,48.66,48.4,48.62,3700
2026-02-19,13:15:00,48.52,48.58,48.14,48.18,8687
2026-02-19,13:45:00,48.18,48.36,48.14,48.22,1334
2026-02-19,14:15:00,48.18,48.2,47.88,47.88,12835
2026-02-19,14:45:00,47.98,47.98,47.54,47.7,23321
2026-02-23,10:15:00,47.72,48.1,47.7,47.84,1677
2026-02-23,10:45:00,48.02,48.08,47.7,47.88,1804
2026-02-23,11:15:00,47.88,47.88,47.26,47.48,9044
2026-02-23,11:45:00,47.98,47.98,47.42,47.58,388
2026-02-23,12:15:00,47.68,47.8,47.58,47.8,188
2026-02-23,12:45:00,47.74,47.74,47.46,47.46,445
2026-02-23,13:15:00,47.46,47.5,47.4,47.46,3318
2026-02-23,13:45:00,47.44,47.5,47.3,47.4,3087
2026-02-23,14:15:00,47.4,47.52,47.32,47.44,1611
2026-02-23,14:45:00,47.44,47.58,47.3,47.58,1616
2026-02-24,10:00:00,47.3,47.4,47.14,47.4,766
2026-02-24,10:30:00,47.32,47.36,47.2,47.2,711
2026-02-24,11:00:00,47.2,47.4,47.0,47.4,3008
2026-02-24,11:30:00,47.46,47.52,47.3,47.52,1514
2026-02-24,12:00:00,47.46,47.52,47.4,47.46,338
2026-02-24,12:30:00,47.46,47.5,47.3,47.3,413
2026-02-24,13:00:00,47.38,47.66,47.34,47.58,2048
2026-02-24,13:30:00,47.52,47.84,47.5,47.52,3503
2026-02-24,14:00:00,47.52,47.7,47.48,47.6,986
2026-02-24,14:30:00,47.72,47.78,47.64,47.66,725
2026-02-24,15:00:00,47.66,47.66,47.66,47.66,26
2026-02-25,10:00:00,47.66,48.14,47.54,47.96,558
2026-02-25,10:30:00,48.0,48.0,47.7,47.7,146
2026-02-25,11:00:00,47.8,47.8,47.6,47.6,175
2026-02-25,11:30:00,47.56,47.62,47.42,47.62,48
2026-02-25,12:00:00,47.5,47.86,47.38,47.5,3624
2026-02-25,12:30:00,47.7,47.72,47.54,47.68,340
2026-02-25,13:00:00,47.56,47.82,47.46,47.76,1178
2026-02-25,13:30:00,47.62,47.76,47.52,47.56,469
2026-02-25,14:00:00,47.54,47.62,47.0,47.36,4408
2026-02-25,14:30:00,47.36,47.6,47.3,47.44,5464
2026-02-25,15:00:00,47.44,47.44,47.44,47.44,3752
2026-02-26,10:00:00,47.12,47.6,47.12,47.4,1519
2026-02-26,10:30:00,47.4,47.6,47.4,47.5,240
2026-02-26,11:00:00,47.24,47.44,47.24,47.28,371
2026-02-26,11:45:00,47.38,47.4,47.28,47.28,2178
2026-02-26,12:15:00,47.24,47.34,47.02,47.08,2906
2026-02-26,12:45:00,47.1,47.16,47.1,47.12,467
2026-02-26,13:15:00,47.14,47.14,47.0,47.12,3301
2026-02-26,13:45:00,47.1,47.1,46.94,46.96,1642
2026-02-26,14:15:00,46.96,47.1,46.92,46.92,1946
2026-02-26,14:45:00,46.92,46.96,46.7,46.7,13763
2026-03-01,10:00:00,46.26,46.62,45.7,46.6,12957
2026-03-01,10:30:00,46.62,46.7,45.98,46.52,4571
2026-03-01,11:00:00,46.48,46.5,46.02,46.02,1775
2026-03-01,11:30:00,46.0,46.16,45.98,46.16,2927
2026-03-01,12:00:00,46.14,46.14,45.92,45.92,8175
2026-03-01,12:30:00,45.9,45.92,45.6,45.92,1565
2026-03-01,13:00:00,45.76,46.12,45.76,45.88,2409
2026-03-01,13:30:00,45.88,46.04,45.88,45.88,2829
2026-03-01,14:00:00,45.88,46.08,45.88,46.0,4172
2026-03-01,14:30:00,46.02,46.14,45.96,45.96,699
2026-03-01,15:00:00,46.12,46.12,46.12,46.12,101
2026-03-02,10:00:00,46.12,46.98,46.12,46.64,3003
2026-03-02,10:30:00,46.44,46.6,46.2,46.36,5887
2026-03-02,11:00:00,46.28,46.28,45.9,45.9,1223
2026-03-02,11:30:00,45.96,45.98,45.7,45.8,2722
2026-03-02,12:00:00,45.72,45.8,45.64,45.78,768
2026-03-02,12:30:00,45.72,46.0,45.72,45.92,285
2026-03-02,13:00:00,46.02,46.26,46.0,46.22,822
2026-03-02,13:30:00,46.2,46.48,46.2,46.3,1539
2026-03-02,14:00:00,46.26,46.28,46.18,46.18,1032
2026-03-02,14:30:00,46.18,46.24,46.12,46.24,1706
2026-03-02,15:00:00,46.24,46.24,46.24,46.24,627
2026-03-03,10:00:00,45.88,45.96,45.1,45.66,12894
2026-03-03,10:30:00,45.36,45.64,45.28,45.46,856
2026-03-03,11:00:00,45.44,45.64,45.44,45.6,1005
2026-03-03,11:30:00,45.56,45.68,45.56,45.68,1581
2026-03-03,12:00:00,45.72,45.82,45.62,45.82,5065
2026-03-03,12:30:00,45.8,45.82,45.62,45.8,3652
2026-03-03,13:00:00,45.8,45.8,45.7,45.8,958
2026-03-03,13:30:00,45.8,46.0,45.8,45.86,3692
2026-03-03,14:00:00,45.76,45.82,45.56,45.76,5059
2026-03-03,14:30:00,45.76,45.96,45.74,45.92,1358
2026-03-03,15:00:00,45.92,45.92,45.92,45.92,572
2026-03-04,10:00:00,46.0,47.0,46.0,46.5,7652
2026-03-04,10:30:00,46.52,46.82,46.52,46.62,63
2026-03-04,11:00:00,46.8,47.0,46.8,46.84,2552
2026-03-04,11:30:00,47.02,47.16,46.9,47.16,2591
2026-03-04,12:00:00,47.16,47.8,47.12,47.38,4292
2026-03-04,12:30:00,47.38,47.38,47.24,47.34,735
2026-03-04,13:00:00,47.22,47.36,47.22,47.32,471
2026-03-04,13:30:00,47.3,47.3,47.14,47.16,1380
2026-03-04,14:00:00,47.16,47.38,47.16,47.38,1914
2026-03-04,14:30:00,47.34,47.34,47.28,47.3,790
2026-03-05,10:15:00,47.5,48.1,47.4,47.88,3227
2026-03-05,10:45:00,47.88,47.98,47.8,47.8,1341
2026-03-05,11:15:00,47.8,48.0,47.8,48.0,3238
2026-03-05,11:45:00,47.96,48.08,47.82,48.02,2204
2026-03-05,12:30:00,48.02,48.16,47.78,47.78,1465
2026-03-05,13:00:00,47.8,47.94,47.76,47.76,343
2026-03-05,13:30:00,47.78,47.88,47.5,47.82,8813
2026-03-05,14:00:00,47.8,47.86,47.7,47.78,833
2026-03-05,14:30:00,47.72,47.88,47.42,47.86,3351
2026-03-05,15:00:00,47.86,47.86,47.86,47.86,407
2026-03-08,10:00:00,47.8,48.5,47.8,48.4,10749
2026-03-08,10:30:00,48.16,48.7,48.12,48.7,5474
2026-03-08,11:00:00,48.62,48.78,48.62,48.64,777
2026-03-08,11:30:00,48.64,49.1,48.62,49.1,1083
2026-03-08,12:00:00,49.04,49.2,48.72,49.14,1550
2026-03-08,12:30:00,49.14,49.2,48.96,49.02,945
2026-03-08,13:00:00,49.0,49.98,48.96,49.32,5301
2026-03-08,13:30:00,49.32,49.8,49.3,49.8,5618
2026-03-08,14:00:00,49.78,49.88,49.56,49.66,5063
2026-03-08,14:30:00,49.66,49.94,49.66,49.92,7752
2026-03-09,10:15:00,49.6,49.9,49.46,49.8,2674
2026-03-09,10:45:00,49.72,49.8,49.5,49.7,1419
2026-03-09,11:15:00,49.62,49.9,49.62,49.78,4393
2026-03-09,11:45:00,49.8,49.8,49.54,49.64,4503
2026-03-09,12:15:00,49.64,49.64,49.58,49.64,670
2026-03-09,12:45:00,49.62,49.64,49.32,49.32,3832
2026-03-09,13:15:00,49.3,49.44,49.26,49.36,2262
2026-03-09,13:45:00,49.4,49.44,49.4,49.4,1455
2026-03-09,14:15:00,49.38,50.0,49.34,49.98,12612
2026-03-09,14:45:00,49.82,49.9,49.32,49.9,9877
2026-03-10,10:15:00,50.65,50.8,50.0,50.15,4679
2026-03-10,10:45:00,50.15,50.3,50.0,50.2,5786
2026-03-10,11:15:00,50.1,50.3,50.05,50.1,2882
2026-03-10,11:45:00,50.1,50.65,50.1,50.5,5863
2026-03-10,12:15:00,50.7,51.0,50.7,51.0,3409
2026-03-10,12:45:00,50.9,50.9,50.65,50.65,1371
2026-03-10,13:15:00,50.6,50.85,50.55,50.7,6519
2026-03-10,13:45:00,50.7,50.95,50.65,50.95,3564
2026-03-10,14:15:00,50.8,51.25,50.8,51.15,7015
2026-03-10,14:45:00,51.15,51.25,51.1,51.1,3443
2026-03-11,10:15:00,51.0,51.4,50.9,51.3,14912
2026-03-11,10:45:00,51.35,52.55,51.3,52.25,43207
2026-03-11,11:15:00,52.25,52.9,51.8,52.8,25547
2026-03-11,11:45:00,52.8,52.9,52.5,52.55,5370
2026-03-11,12:15:00,52.55,52.8,52.55,52.75,5497
2026-03-11,12:45:00,52.7,52.8,52.4,52.4,5594
2026-03-11,13:15:00,52.5,52.5,52.3,52.3,1635
2026-03-11,13:45:00,52.35,52.55,52.15,52.25,4406
2026-03-11,14:15:00,52.3,52.3,52.1,52.15,4761
2026-03-11,14:45:00,52.15,52.3,52.1,52.25,2175
2026-03-12,10:15:00,52.0,52.45,52.0,52.15,9631
2026-03-12,10:45:00,52.05,52.15,51.85,51.9,3334
2026-03-12,11:15:00,51.85,52.2,51.75,52.2,22704
2026-03-12,11:45:00,52.2,52.2,51.9,52.2,4433
2026-03-12,12:15:00,52.2,52.2,52.0,52.0,3434
2026-03-12,12:45:00,52.05,52.4,52.0,52.4,4143
2026-03-12,13:15:00,52.4,52.4,52.05,52.15,5141
2026-03-12,13:45:00,52.25,52.25,51.9,52.0,4598
2026-03-12,14:15:00,52.05,52.25,52.0,52.2,2445
2026-03-12,14:45:00,52.25,52.3,51.9,52.3,5024
2026-03-15,10:15:00,52.0,52.15,51.7,51.7,2293
2026-03-15,10:45:00,51.75,51.95,51.65,51.65,679
2026-03-15,11:15:00,51.65,51.65,51.0,51.3,12730
2026-03-15,11:45:00,51.3,51.4,51.3,51.3,312
2026-03-15,12:15:00,51.4,51.4,51.3,51.35,991
2026-03-15,12:45:00,51.4,51.9,51.35,51.45,1610
2026-03-15,13:15:00,51.35,51.7,51.35,51.5,1084
2026-03-15,13:45:00,51.5,51.5,51.4,51.5,1123
2026-03-15,14:15:00,51.75,51.95,51.7,51.75,970
2026-03-15,14:45:00,51.75,51.8,51.6,51.8,694
2026-03-16,10:15:00,52.7,53.4,52.6,52.95,13466
2026-03-16,10:45:00,52.85,53.5,52.85,53.3,15769
2026-03-16,11:15:00,53.3,53.5,53.2,53.25,13732
2026-03-16,11:45:00,53.3,53.5,53.3,53.4,10095
2026-03-16,12:15:00,53.4,53.9,53.1,53.65,16796
2026-03-16,12:45:00,53.6,54.0,53.6,53.85,11763
2026-03-16,13:15:00,53.85,54.0,53.85,54.0,18986
2026-03-16,13:45:00,54.0,54.0,53.75,53.75,14236
2026-03-16,14:15:00,53.75,53.9,53.75,53.8,6903
2026-03-16,14:45:00,53.9,54.0,53.75,54.0,31696
2026-03-24,10:15:00,54.0,54.4,54.0,54.1,7808
2026-03-24,10:45:00,54.15,54.35,54.15,54.3,1499
2026-03-24,11:15:00,54.4,54.4,54.1,54.1,3826
2026-03-24,11:45:00,54.1,54.2,54.0,54.0,1640
2026-03-24,12:15:00,54.0,54.05,53.9,53.9,1362
2026-03-24,12:45:00,53.9,54.2,53.7,54.1,7204
2026-03-24,13:15:00,54.1,54.25,54.05,54.25,3438
2026-03-24,13:45:00,54.2,54.2,54.05,54.05,4472
2026-03-24,14:15:00,54.05,54.05,53.8,53.9,2577
2026-03-24,14:45:00,53.95,54.0,53.5,53.55,15512
2026-03-25,10:15:00,54.15,54.15,53.75,53.95,4439
2026-03-25,10:45:00,53.85,53.95,53.6,53.95,2441
2026-03-25,11:15:00,53.95,53.95,53.6,53.75,3820
2026-03-25,11:45:00,53.75,53.9,53.75,53.85,1526
2026-03-25,12:15:00,53.9,53.9,53.85,53.85,657
2026-03-25,12:45:00,53.9,54.0,53.9,54.0,1762
2026-03-25,13:15:00,53.9,53.95,53.8,53.95,4575
2026-03-25,13:45:00,53.95,54.0,53.85,53.9,1980
2026-03-25,14:15:00,53.9,53.9,53.8,53.9,2528
2026-03-25,14:45:00,53.8,54.0,53.75,54.0,8489
2026-03-26,10:00:00,54.0,54.0,53.5,53.6,5981
2026-03-26,10:30:00,53.7,53.8,53.6,53.65,451
2026-03-26,11:00:00,53.8,54.35,53.8,54.35,16829
2026-03-26,11:30:00,54.35,54.4,54.3,54.4,6015
2026-03-26,12:00:00,54.4,54.4,54.35,54.35,3271
2026-03-26,12:30:00,54.4,54.4,54.0,54.05,1882
2026-03-26,13:00:00,54.15,54.8,54.1,54.55,53964
2026-03-26,13:30:00,54.6,54.6,54.25,54.45,7491
2026-03-26,14:00:00,54.4,54.9,54.25,54.9,37812
2026-03-26,14:30:00,54.9,55.1,54.45,54.45,29400
2026-03-29,10:15:00,54.45,54.7,54.4,54.5,2305
2026-03-29,10:45:00,54.65,54.7,54.4,54.65,3671
2026-03-29,11:15:00,54.6,54.7,54.5,54.65,2087
2026-03-29,11:45:00,54.65,55.4,54.65,55.3,20188
2026-03-29,12:15:00,55.3,55.5,54.5,54.5,27501
2026-03-29,12:45:00,54.85,54.95,54.5,54.5,2978
2026-03-29,13:15:00,54.75,54.9,54.7,54.7,3252
2026-03-29,13:45:00,54.7,54.9,54.7,54.75,2912
2026-03-29,14:15:00,54.9,54.95,54.75,54.95,2264
2026-03-29,14:45:00,54.95,55.0,54.75,54.95,969
2026-03-30,10:00:00,55.05,55.4,54.85,55.25,20546
2026-03-30,10:30:00,55.25,55.85,55.15,55.8,32732
2026-03-30,11:00:00,55.85,56.1,55.6,55.85,36389
2026-03-30,11:30:00,55.75,55.75,55.4,55.7,3498
2026-03-30,12:00:00,55.75,55.95,55.75,55.9,4296
2026-03-30,12:30:00,55.8,55.95,55.65,55.65,2866
2026-03-30,13:00:00,55.65,55.65,55.5,55.55,7227
2026-03-30,13:30:00,55.55,55.8,55.4,55.7,4049
2026-03-30,14:00:00,55.8,55.85,55.7,55.85,1868
2026-03-30,14:30:00,55.9,55.95,55.7,55.8,7907
2026-03-31,10:15:00,56.4,56.4,55.65,56.0,18513
2026-03-31,10:45:00,56.0,56.25,56.0,56.2,6985
2026-03-31,11:15:00,56.25,56.3,56.15,56.3,4716
2026-03-31,11:45:00,56.3,56.45,56.15,56.4,18001
2026-03-31,12:15:00,56.35,56.4,56.15,56.2,8377
2026-03-31,12:45:00,56.2,56.2,56.1,56.2,4615
2026-03-31,13:15:00,56.2,56.2,56.05,56.05,5040
2026-03-31,13:45:00,56.05,56.2,56.05,56.2,5355
2026-03-31,14:15:00,56.2,56.45,56.1,56.3,16779
2026-03-31,14:45:00,56.4,56.5,56.35,56.5,11604
2026-04-01,10:00:00,56.5,56.85,56.5,56.8,10143
2026-04-01,10:30:00,56.8,56.85,56.7,56.75,14050
2026-04-01,11:00:00,56.7,56.8,56.65,56.7,5524
2026-04-01,11:30:00,56.7,56.85,56.65,56.75,23752
2026-04-01,12:00:00,56.75,56.85,56.6,56.75,23767
2026-04-01,12:30:00,56.7,56.75,56.7,56.75,3647
2026-04-01,13:00:00,56.75,56.95,56.7,56.95,10309
2026-04-01,13:30:00,56.95,57.1,56.7,56.7,49333
2026-04-01,14:00:00,56.75,56.9,56.7,56.9,5274
2026-04-01,14:30:00,56.9,56.95,56.8,56.95,12302
2026-04-01,15:00:00,56.6,56.6,56.6,56.6,16237
2026-04-02,10:00:00,56.0,56.8,56.0,56.5,31363
2026-04-02,10:30:00,56.5,56.7,56.4,56.6,5617
2026-04-02,11:00:00,56.6,56.6,56.3,56.35,21017
2026-04-02,11:30:00,56.35,56.65,56.3,56.6,8429
2026-04-02,12:00:00,56.6,56.75,56.5,56.75,3369
2026-04-02,12:30:00,56.75,56.8,56.5,56.65,6814
2026-04-02,13:00:00,56.65,56.75,56.4,56.75,6623
2026-04-02,13:30:00,56.6,56.65,56.55,56.6,1503
2026-04-02,14:00:00,56.7,56.85,56.6,56.75,18430
2026-04-02,14:30:00,56.7,56.75,56.35,56.65,13854
2026-04-02,15:00:00,56.65,56.65,56.65,56.65,464
2026-04-05,10:00:00,56.7,56.7,56.2,56.5,16505
2026-04-05,10:30:00,56.45,56.7,56.45,56.7,6174
2026-04-05,11:00:00,56.7,56.8,56.4,56.6,7099
2026-04-05,11:30:00,56.55,56.65,56.5,56.6,4028
2026-04-05,12:00:00,56.6,56.6,56.5,56.55,4399
2026-04-05,12:30:00,56.5,56.55,56.3,56.45,9611
2026-04-05,13:00:00,56.45,56.6,56.35,56.45,17291
2026-04-05,13:30:00,56.4,56.45,56.4,56.4,2478
2026-04-05,14:00:00,56.4,56.6,56.4,56.55,8005
2026-04-05,14:30:00,56.5,56.55,55.8,56.3,131679
2026-04-05,15:00:00,56.3,56.3,56.3,56.3,3987
2026-04-06,10:00:00,54.3,54.8,54.0,54.35,32424
2026-04-06,10:30:00,54.3,54.3,54.05,54.15,8232
2026-04-06,11:00:00,54.05,54.3,54.05,54.25,3228
2026-04-06,11:30:00,54.2,54.25,54.1,54.25,4973
2026-04-06,12:00:00,54.25,54.4,54.15,54.3,5135
2026-04-06,12:30:00,54.3,54.3,54.15,54.15,2443
2026-04-06,13:00:00,54.2,54.25,54.15,54.2,2347
2026-04-06,13:30:00,54.2,54.2,54.15,54.15,1134
2026-04-06,14:00:00,54.15,54.25,54.05,54.05,23217
2026-04-06,14:30:00,54.15,54.3,54.0,54.1,4853
2026-04-06,15:00:00,54.05,54.05,54.05,54.05,424
2026-04-07,10:00:00,54.0,54.5,54.0,54.35,11681
2026-04-07,10:30:00,54.3,54.45,54.15,54.15,2170
2026-04-07,11:00:00,54.15,54.3,53.9,53.9,12401
2026-04-07,11:30:00,53.9,54.0,53.75,53.9,2187
2026-04-07,12:00:00,53.9,54.0,53.9,53.95,2016
2026-04-07,12:30:00,53.9,54.3,53.85,54.3,6445
2026-04-07,13:00:00,54.3,54.3,53.95,54.2,5242
2026-04-07,13:30:00,54.05,54.1,53.85,53.95,10851
2026-04-07,14:00:00,53.95,54.2,53.9,54.2,10554
2026-04-07,14:30:00,54.2,54.25,53.85,54.05,11112
2026-04-07,15:00:00,54.1,54.1,54.1,54.1,626
2026-04-08,10:00:00,54.5,54.95,54.5,54.7,13300
2026-04-08,10:30:00,54.7,54.9,54.7,54.8,5298
2026-04-08,11:00:00,54.75,54.8,54.6,54.8,7330
2026-04-08,11:30:00,54.8,55.0,54.7,55.0,13893
2026-04-08,12:00:00,54.85,55.0,54.8,54.9,7872
2026-04-08,12:30:00,54.9,55.0,54.9,54.9,3773
2026-04-08,13:00:00,54.9,54.9,54.85,54.9,2388
2026-04-08,13:30:00,54.9,55.0,54.85,55.0,4083
2026-04-08,14:00:00,55.0,55.0,54.85,54.85,8861
2026-04-08,14:30:00,54.8,54.95,54.75,54.85,6594
2026-04-09,10:15:00,55.35,55.7,55.25,55.55,20037
2026-04-09,10:45:00,55.4,55.5,55.3,55.35,6575
2026-04-09,11:15:00,55.4,55.4,55.05,55.1,3338
2026-04-09,11:45:00,55.15,55.25,55.05,55.2,2418
2026-04-09,12:15:00,55.15,55.25,55.1,55.1,3051
2026-04-09,12:45:00,55.25,55.4,55.2,55.35,2310
2026-04-09,13:15:00,55.4,55.45,55.3,55.3,5597
2026-04-09,13:45:00,55.35,55.35,55.25,55.25,2633
2026-04-09,14:15:00,55.25,55.3,55.1,55.1,5348
2026-04-09,14:45:00,55.1,55.5,55.1,55.5,11268
2026-04-12,10:00:00,55.1,55.15,55.0,55.0,2525
2026-04-12,10:30:00,55.0,55.05,54.9,55.0,2983
2026-04-12,11:00:00,54.9,54.95,54.8,54.8,1348
2026-04-12,11:30:00,54.75,54.75,54.55,54.65,4629
2026-04-12,12:00:00,54.6,54.6,54.3,54.35,1777
2026-04-12,12:30:00,54.35,54.55,54.25,54.45,1285
2026-04-12,13:00:00,54.4,54.55,54.25,54.55,1581
2026-04-12,13:30:00,54.55,54.55,54.35,54.45,2230
2026-04-12,14:00:00,54.35,54.5,54.35,54.5,1091
2026-04-12,14:30:00,54.5,54.55,54.25,54.55,2723
2026-04-13,10:15:00,54.1,54.25,53.85,53.85,3968
2026-04-13,10:45:00,53.95,53.95,53.7,53.7,10874
2026-04-13,11:15:00,53.85,53.9,53.65,53.9,2294
2026-04-13,11:45:00,53.9,53.95,53.8,53.9,1221
2026-04-13,12:15:00,53.9,54.1,53.65,53.95,2601
2026-04-13,12:45:00,54.05,54.1,53.95,54.0,864
2026-04-13,13:15:00,54.1,54.25,54.1,54.2,1764
2026-04-13,13:45:00,54.25,54.35,54.2,54.35,1193
2026-04-13,14:15:00,54.25,54.45,54.2,54.4,3109
2026-04-13,14:45:00,54.45,54.55,54.2,54.55,5049
2026-04-14,10:15:00,54.55,54.55,54.4,54.4,520
2026-04-14,10:45:00,54.4,54.55,54.2,54.35,1867
2026-04-14,11:15:00,54.35,54.35,54.1,54.2,2065
2026-04-14,11:45:00,54.3,54.3,54.1,54.3,3538
2026-04-14,12:15:00,54.35,54.35,54.25,54.25,1506
2026-04-14,12:45:00,54.3,54.35,54.05,54.05,3974
2026-04-14,13:15:00,54.05,54.25,54.05,54.2,2206
2026-04-14,13:45:00,54.2,54.2,54.1,54.15,3386
2026-04-14,14:15:00,54.15,54.25,54.1,54.15,7058
2026-04-14,14:45:00,54.2,54.5,54.15,54.5,8556
2026-04-15,10:15:00,54.95,55.1,54.95,55.1,2078
2026-04-15,10:45:00,55.05,55.2,54.95,54.95,4051
2026-04-15,11:15:00,54.9,55.0,54.8,54.8,2213
2026-04-15,11:45:00,54.9,55.0,54.75,54.9,3716
2026-04-15,12:15:00,55.0,55.2,54.9,54.9,10676
2026-04-15,12:45:00,54.9,55.0,54.85,54.95,1541
2026-04-15,13:15:00,54.95,54.95,54.75,54.85,4701
2026-04-15,13:45:00,54.85,54.85,54.55,54.75,4701
2026-04-15,14:15:00,54.7,54.8,54.7,54.8,4031
2026-04-15,14:45:00,54.8,55.0,54.7,55.0,5251
2026-04-16,10:15:00,55.1,55.1,54.8,55.1,5326
2026-04-16,10:45:00,55.0,55.4,54.85,55.2,14033
2026-04-16,11:15:00,55.2,55.5,55.15,55.35,7664
2026-04-16,11:45:00,55.5,55.7,55.4,55.45,8137
2026-04-16,12:15:00,55.55,55.55,55.35,55.35,3091
2026-04-16,12:45:00,55.35,55.55,55.2,55.4,4326
2026-04-16,13:15:00,55.4,55.7,55.4,55.7,2483
2026-04-16,13:45:00,55.6,55.7,55.55,55.55,2795
2026-04-16,14:15:00,55.55,55.95,55.5,55.85,17395
2026-04-16,14:45:00,55.8,56.0,55.75,56.0,30016
2026-04-19,10:15:00,56.0,56.0,55.55,55.7,6272
2026-04-19,10:45:00,55.7,55.9,55.7,55.75,2379
2026-04-19,11:15:00,55.75,55.9,55.65,55.65,2581
2026-04-19,11:45:00,55.65,55.7,55.5,55.6,3249
2026-04-19,12:15:00,55.5,55.6,55.2,55.2,6813
2026-04-19,12:45:00,55.25,55.35,55.0,55.05,767
2026-04-19,13:15:00,55.05,55.3,55.05,55.2,998
2026-04-19,13:45:00,55.2,55.55,55.15,55.55,5942
2026-04-19,14:15:00,55.35,55.55,55.35,55.4,1383
2026-04-19,14:45:00,55.45,55.9,55.4,55.5,4665
2026-04-20,10:15:00,55.35,55.7,55.3,55.55,3268
2026-04-20,10:45:00,55.55,55.7,55.4,55.4,3524
2026-04-20,11:15:00,55.55,55.55,55.4,55.55,869
2026-04-20,11:45:00,55.55,55.55,55.4,55.5,1058
2026-04-20,12:15:00,55.5,55.55,55.45,55.5,2355
2026-04-20,12:45:00,55.45,55.55,55.45,55.55,753
2026-04-20,13:15:00,55.45,55.55,55.4,55.55,2177
2026-04-20,13:45:00,55.55,55.7,55.4,55.4,4866
2026-04-20,14:15:00,55.4,55.65,55.35,55.4,2597
2026-04-20,14:45:00,55.4,55.7,55.4,55.7,5598
2026-04-21,10:15:00,55.8,55.9,55.7,55.7,3348
2026-04-21,10:45:00,55.75,55.75,55.5,55.55,4987
2026-04-21,11:15:00,55.55,55.55,55.35,55.4,4732
2026-04-21,11:45:00,55.4,55.5,55.4,55.5,2006
2026-04-21,12:15:00,55.5,55.5,55.4,55.45,461
2026-04-21,12:45:00,55.45,55.5,55.4,55.45,4305
2026-04-21,13:15:00,55.45,55.5,55.4,55.5,1254
2026-04-21,13:45:00,55.5,55.5,55.4,55.45,1523
2026-04-21,14:15:00,55.45,55.5,55.4,55.4,2533
2026-04-21,14:45:00,55.4,55.45,55.35,55.45,8041
2026-04-22,10:00:00,55.55,55.9,55.45,55.55,8638
2026-04-22,10:30:00,55.7,55.7,55.4,55.45,3232
2026-04-22,11:00:00,55.4,55.75,55.35,55.45,7912
2026-04-22,11:30:00,55.45,55.55,55.3,55.35,1078
2026-04-22,12:00:00,55.4,55.45,55.35,55.4,885
2026-04-22,12:30:00,55.4,55.5,55.25,55.3,2913
2026-04-22,13:00:00,55.35,55.45,55.3,55.3,999
2026-04-22,13:30:00,55.3,55.4,55.25,55.35,819
2026-04-22,14:00:00,55.4,55.4,55.25,55.35,1509
2026-04-22,14:30:00,55.35,55.45,55.3,55.35,5608
2026-04-23,10:15:00,55.25,55.5,55.25,55.3,5155
2026-04-23,10:45:00,55.4,55.4,55.3,55.4,1741
2026-04-23,11:15:00,55.4,55.6,55.4,55.55,10327
2026-04-23,11:45:00,55.55,55.6,55.2,55.4,26020
2026-04-23,12:15:00,55.35,55.6,55.35,55.6,8738
2026-04-23,12:45:00,55.55,55.65,55.5,55.65,11617
2026-04-23,13:15:00,55.65,55.65,55.4,55.4,8899
2026-04-23,13:45:00,55.4,55.45,55.35,55.45,12243
2026-04-23,14:15:00,55.45,55.5,55.45,55.45,2313
2026-04-23,14:45:00,55.5,55.55,55.4,55.45,16852
2026-04-26,10:00:00,55.35,55.45,55.05,55.1,3597
2026-04-26,10:30:00,55.15,55.4,55.05,55.4,971
2026-04-26,11:00:00,55.4,55.45,55.35,55.35,782
2026-04-26,11:30:00,55.35,55.35,55.2,55.35,1763
2026-04-26,12:00:00,55.25,55.35,55.2,55.2,1399
2026-04-26,12:30:00,55.2,55.3,55.15,55.25,1116
2026-04-26,13:00:00,55.25,55.3,55.2,55.2,803
2026-04-26,13:30:00,55.3,55.45,55.2,55.45,7868
2026-04-26,14:00:00,55.45,55.7,55.45,55.7,19553
2026-04-26,14:30:00,55.65,55.7,55.45,55.45,1598
2026-04-26,15:00:00,55.45,55.45,55.45,55.45,254
2026-04-27,10:00:00,55.5,56.4,55.5,56.0,45238
2026-04-27,10:30:00,56.0,56.5,55.85,56.4,39866
2026-04-27,11:00:00,56.35,56.4,56.0,56.05,12306
2026-04-27,11:30:00,56.05,56.15,56.0,56.15,8668
2026-04-27,12:00:00,56.05,56.2,56.0,56.05,5006
2026-04-27,12:30:00,56.0,56.15,56.0,56.05,2111
2026-04-27,13:00:00,56.05,56.05,55.95,56.0,6928
2026-04-27,13:30:00,55.95,56.15,55.95,56.05,16207
2026-04-27,14:00:00,56.05,56.45,56.0,56.35,8254
2026-04-27,14:30:00,56.2,56.45,55.95,56.0,24127
2026-04-27,15:00:00,56.2,56.2,56.2,56.2,4679
2026-04-28,10:00:00,55.75,56.45,55.75,56.4,19540
2026-04-28,10:30:00,56.4,57.0,56.25,56.85,50216
2026-04-28,11:00:00,56.85,56.85,56.6,56.85,6563
2026-04-28,11:30:00,56.85,56.9,56.75,56.75,6866
2026-04-28,12:00:00,56.75,56.8,56.6,56.7,6038
2026-04-28,12:30:00,56.7,56.8,56.65,56.65,2920
2026-04-28,13:00:00,56.7,56.8,56.55,56.55,5167
2026-04-28,13:30:00,56.6,56.75,56.55,56.7,5117
2026-04-28,14:00:00,56.7,56.75,56.65,56.75,2795
2026-04-28,14:30:00,56.7,56.75,56.5,56.65,10997
2026-04-28,15:00:00,56.65,56.65,56.65,56.65,1426
2026-04-29,10:00:00,56.7,56.9,56.5,56.6,13852
2026-04-29,10:30:00,56.75,56.8,56.55,56.65,4995
2026-04-29,11:00:00,56.6,56.65,56.5,56.55,4053
2026-04-29,11:30:00,56.6,56.6,56.5,56.5,2685
2026-04-29,12:00:00,56.5,56.6,56.45,56.45,5046
2026-04-29,12:30:00,56.45,56.75,56.45,56.7,2906
2026-04-29,13:00:00,56.8,56.9,56.7,56.7,4101
2026-04-29,13:30:00,56.7,56.75,56.7,56.75,1351
2026-04-29,14:00:00,56.75,56.75,56.65,56.65,4444
2026-04-29,14:30:00,56.65,56.75,56.55,56.75,6135
2026-04-29,15:00:00,56.7,56.7,56.7,56.7,7077
2026-04-30,10:00:00,54.55,56.05,54.3,54.7,67028
2026-04-30,10:30:00,54.65,54.9,54.5,54.85,10786
2026-04-30,11:00:00,54.7,54.75,54.55,54.7,26731
2026-04-30,11:30:00,54.7,54.85,54.6,54.75,9816
2026-04-30,12:00:00,54.75,54.8,54.3,54.5,22869
2026-04-30,12:30:00,54.5,54.5,54.15,54.15,23684
2026-04-30,13:00:00,54.15,54.15,53.6,53.65,48436
2026-04-30,13:30:00,53.65,54.0,53.35,53.85,22617
2026-04-30,14:00:00,53.9,54.45,53.85,54.3,19770
2026-04-30,14:30:00,54.3,54.6,54.2,54.6,23120
2026-04-30,15:00:00,54.6,54.6,54.6,54.6,4503
2026-05-03,10:00:00,54.7,54.75,54.45,54.5,11234
2026-05-03,10:30:00,54.5,54.5,54.2,54.45,20470
2026-05-03,11:00:00,54.45,54.6,54.25,54.3,12051
2026-05-03,11:30:00,54.3,54.5,54.2,54.3,4258
2026-05-03,12:00:00,54.25,54.35,53.4,53.4,21839
2026-05-03,12:30:00,53.5,53.95,53.25,53.85,8348
2026-05-03,13:00:00,53.75,53.95,53.55,53.9,2488
2026-05-03,13:30:00,53.85,54.0,53.85,53.9,1004
2026-05-03,14:00:00,53.9,54.1,53.85,54.1,1531
2026-05-03,14:30:00,54.0,54.5,54.0,54.2,8370
2026-05-03,15:00:00,54.15,54.15,54.15,54.15,852
2026-05-04,10:00:00,54.15,54.15,53.85,54.05,1072
2026-05-04,10:30:00,54.05,54.05,53.9,53.95,230
2026-05-04,11:00:00,53.9,54.05,53.85,54.0,1641
2026-05-04,11:30:00,54.0,54.35,53.95,54.15,4146
2026-05-04,12:00:00,54.25,54.4,54.25,54.35,5745
2026-05-04,12:30:00,54.25,54.35,53.9,54.35,17244
2026-05-04,13:00:00,54.35,54.35,54.2,54.2,2623
2026-05-04,13:30:00,54.2,54.2,53.85,53.85,2457
2026-05-04,14:00:00,53.85,54.05,53.45,53.55,17289
2026-05-04,14:30:00,53.65,53.8,53.65,53.7,2513
2026-05-04,15:00:00,53.65,53.65,53.65,53.65,1350
2026-05-05,10:00:00,52.95,53.5,52.7,53.4,68474
2026-05-05,10:30:00,53.45,53.5,53.35,53.4,2553
2026-05-05,11:00:00,53.4,53.55,53.4,53.55,796
2026-05-05,11:30:00,53.55,53.55,53.35,53.45,1495
2026-05-05,12:00:00,53.35,53.45,53.0,53.4,5745
2026-05-05,12:30:00,53.4,53.5,53.4,53.5,3543
2026-05-05,13:00:00,53.4,53.55,53.4,53.55,842
2026-05-05,13:30:00,53.55,53.55,53.25,53.4,744
2026-05-05,14:00:00,53.3,53.35,53.1,53.25,1201
2026-05-05,14:30:00,53.2,53.25,52.8,52.95,4162
2026-05-06,10:15:00,53.9,54.3,53.8,54.15,4336
2026-05-06,10:45:00,54.2,54.5,54.0,54.1,9992
2026-05-06,11:15:00,54.0,54.4,54.0,54.15,2210
2026-05-06,11:45:00,54.2,54.5,54.1,54.1,3844
2026-05-06,12:15:00,54.1,54.2,54.0,54.05,5271
2026-05-06,12:45:00,54.0,54.0,53.7,53.7,2995
2026-05-06,13:15:00,53.7,53.95,53.7,53.9,3280
2026-05-06,13:45:00,53.9,53.95,53.75,53.9,3759
2026-05-06,14:15:00,53.9,53.95,53.75,53.9,12594
2026-05-06,14:45:00,53.95,54.05,53.5,54.0,11456
2026-05-07,10:15:00,53.8,54.3,53.75,53.9,18960
2026-05-07,10:45:00,53.8,54.15,53.6,54.15,7131
2026-05-07,11:15:00,54.0,54.15,54.0,54.15,20361
2026-05-07,11:45:00,54.1,54.15,53.8,53.8,14504
2026-05-07,12:15:00,53.85,53.85,53.5,53.55,5113
2026-05-07,12:45:00,53.55,53.55,53.5,53.55,2429
2026-05-07,13:15:00,53.55,53.55,53.45,53.5,9098
2026-05-07,13:45:00,53.5,53.5,53.4,53.4,2289
2026-05-07,14:15:00,53.4,53.5,53.1,53.3,10555
2026-05-07,14:45:00,53.3,53.3,53.1,53.1,5940
2026-05-10,10:15:00,52.95,52.95,52.6,52.85,3712
2026-05-10,10:45:00,52.95,52.95,52.7,52.9,11750
2026-05-10,11:15:00,52.9,52.9,52.75,52.9,1386
2026-05-10,11:45:00,52.9,52.95,52.9,52.95,110
2026-05-10,12:15:00,52.9,52.95,52.9,52.95,3409
2026-05-10,12:45:00,52.9,52.95,52.85,52.95,2226
2026-05-10,13:15:00,52.9,52.95,52.9,52.95,656
2026-05-10,13:45:00,52.95,52.95,52.9,52.9,1745
2026-05-10,14:15:00,52.9,52.95,52.8,52.85,1171
2026-05-10,14:45:00,52.9,53.5,52.9,53.45,48679
2026-05-11,10:15:00,54.2,54.75,54.0,54.35,37317
2026-05-11,10:45:00,54.35,54.35,53.9,54.1,6474
2026-05-11,11:15:00,54.1,54.1,53.95,53.95,4391
2026-05-11,11:45:00,53.9,54.1,53.9,53.95,2388
2026-05-11,12:30:00,54.05,54.1,54.0,54.05,2075
2026-05-11,13:00:00,54.1,54.1,54.05,54.1,493
2026-05-11,13:30:00,54.1,54.2,54.1,54.2,1371
2026-05-11,14:00:00,54.2,54.2,53.95,53.95,4654
2026-05-11,14:30:00,53.95,54.0,53.8,53.8,3243
2026-05-12,10:15:00,53.55,53.55,53.2,53.2,5420
2026-05-12,10:45:00,53.25,53.25,53.05,53.05,5593
2026-05-12,11:15:00,53.05,53.25,53.0,53.25,5800
2026-05-12,11:45:00,53.2,53.25,53.1,53.1,1567
2026-05-12,12:15:00,53.1,53.2,53.05,53.2,2088
2026-05-12,12:45:00,53.1,53.15,52.95,52.95,6635
2026-05-12,13:15:00,52.95,53.0,52.85,52.9,6552
2026-05-12,13:45:00,52.9,52.95,52.75,52.8,4984
2026-05-12,14:15:00,52.75,52.85,52.6,52.85,10378
2026-05-12,14:45:00,52.7,52.85,52.6,52.65,5980
2026-05-13,10:15:00,52.75,52.75,52.6,52.6,3337
2026-05-13,10:45:00,52.65,52.8,52.65,52.75,625
2026-05-13,11:15:00,52.75,52.75,52.7,52.75,469
2026-05-13,11:45:00,52.7,52.9,52.65,52.85,1092
2026-05-13,12:15:00,52.8,52.85,52.65,52.7,1173
2026-05-13,12:45:00,52.65,52.7,52.6,52.7,371
2026-05-13,13:15:00,52.7,52.7,52.6,52.65,374
2026-05-13,13:45:00,52.65,52.8,52.65,52.65,1823
2026-05-13,14:15:00,52.65,52.7,52.6,52.6,1053
2026-05-13,14:45:00,52.6,52.75,52.5,52.6,7270
2026-05-14,10:00:00,52.55,52.75,52.55,52.6,3074
2026-05-14,10:30:00,52.55,52.55,52.45,52.5,2824
2026-05-14,11:00:00,52.5,52.5,52.4,52.4,823
2026-05-14,11:30:00,52.4,52.45,52.35,52.45,1526
2026-05-14,12:00:00,52.5,52.5,52.4,52.5,249
2026-05-14,12:30:00,52.4,52.55,52.4,52.45,1330
2026-05-14,13:00:00,52.45,52.6,52.45,52.6,2997
2026-05-14,13:30:00,52.5,52.85,52.5,52.7,2041
2026-05-14,14:00:00,52.85,52.85,52.6,52.7,3355
2026-05-14,14:30:00,52.75,53.0,52.6,52.75,1826
2026-05-17,10:15:00,52.4,52.5,52.35,52.45,633
2026-05-17,10:45:00,52.4,52.4,52.35,52.35,1799
2026-05-17,11:15:00,52.35,52.65,52.35,52.6,1944
2026-05-17,12:00:00,52.6,52.6,52.5,52.5,605
2026-05-17,12:30:00,52.5,53.1,52.5,53.0,3452
2026-05-17,13:00:00,52.7,52.85,52.55,52.6,993
2026-05-17,13:30:00,52.65,52.65,52.5,52.5,1736
2026-05-17,14:00:00,52.5,52.5,52.45,52.5,858
2026-05-17,14:30:00,52.55,52.6,52.45,52.45,1043
2026-05-17,15:00:00,52.45,52.45,52.45,52.45,172
2026-05-18,10:00:00,52.3,52.45,52.3,52.45,5218
2026-05-18,10:30:00,52.5,52.7,52.3,52.55,6101
2026-05-18,11:00:00,52.6,52.6,52.1,52.15,7737
2026-05-18,11:30:00,52.2,52.2,52.05,52.15,1200
2026-05-18,12:00:00,52.1,52.1,51.8,51.8,4630
2026-05-18,12:30:00,51.9,52.1,51.85,51.95,8694
2026-05-18,13:00:00,52.05,52.2,52.0,52.2,3523
2026-05-18,13:30:00,52.2,52.2,52.15,52.15,130
2026-05-18,14:00:00,52.2,52.2,52.15,52.15,895
2026-05-18,14:30:00,52.15,52.15,52.05,52.1,1224
2026-05-18,15:00:00,52.0,52.0,52.0,52.0,1480
2026-05-19,10:00:00,52.0,52.35,51.95,52.15,3582
2026-05-19,10:30:00,52.15,52.45,52.1,52.15,1914
2026-05-19,11:00:00,52.25,52.4,52.2,52.2,1508
2026-05-19,11:30:00,52.2,52.2,51.8,51.9,18654
2026-05-19,12:00:00,51.85,51.95,51.8,51.8,2026
2026-05-19,12:30:00,51.8,51.85,51.7,51.85,4966
2026-05-19,13:00:00,51.75,52.0,51.75,51.95,6765
2026-05-19,13:30:00,51.95,52.0,51.85,51.85,6112
2026-05-19,14:00:00,51.9,52.0,51.85,51.9,2884
2026-05-19,14:30:00,52.0,52.15,51.9,52.15,1909
2026-05-20,10:15:00,51.6,51.7,51.45,51.65,12590
2026-05-20,10:45:00,51.55,51.65,51.55,51.65,1139
2026-05-20,11:15:00,51.65,51.7,51.6,51.7,713
2026-05-20,11:45:00,51.65,51.95,51.65,51.9,1010
2026-05-20,12:15:00,51.95,51.95,51.8,51.85,743
2026-05-20,12:45:00,51.85,51.85,51.8,51.85,1712
2026-05-20,13:15:00,51.9,52.1,51.85,52.0,2107
2026-05-20,13:45:00,52.1,52.1,51.9,51.9,961
2026-05-20,14:15:00,51.9,52.4,51.9,52.0,4996
2026-05-20,14:45:00,52.0,52.3,51.9,52.05,2918
2026-05-21,10:00:00,52.05,52.2,52.05,52.1,1034
2026-05-21,10:30:00,52.25,52.3,51.85,52.0,7027
2026-05-21,11:00:00,52.1,52.2,51.9,52.05,699
2026-05-21,11:30:00,52.05,52.15,52.05,52.05,2120
2026-05-21,12:00:00,52.15,52.15,52.05,52.1,899
2026-05-21,12:30:00,52.05,52.1,52.0,52.1,1150
2026-05-21,13:00:00,52.05,52.1,52.05,52.05,737
2026-05-21,13:30:00,52.05,52.15,52.0,52.05,1478
2026-05-21,14:00:00,52.0,52.15,52.0,52.15,3248
2026-05-21,14:30:00,52.0,52.25,52.0,52.05,3032
2026-05-31,10:15:00,51.85,52.2,51.85,52.2,4988
2026-05-31,10:45:00,52.3,52.4,51.65,52.05,3592
2026-05-31,11:15:00,52.25,52.7,52.2,52.2,7238
2026-05-31,11:45:00,52.2,52.35,52.1,52.2,5047
2026-05-31,12:15:00,52.2,52.2,51.9,52.0,5017
2026-05-31,12:45:00,52.0,52.1,51.65,52.1,11716
2026-05-31,13:15:00,52.1,52.35,51.65,51.8,17618
2026-05-31,13:45:00,51.8,51.9,51.8,51.85,104
2026-05-31,14:15:00,51.85,52.1,51.85,51.9,1181
2026-05-31,14:45:00,52.1,52.15,51.95,52.0,322
2026-06-01,10:15:00,52.1,52.3,51.95,52.2,2339
2026-06-01,10:45:00,52.3,52.5,51.85,52.0,14951
2026-06-01,11:15:00,52.0,53.35,52.0,52.75,27208
2026-06-01,11:45:00,52.75,52.95,52.5,52.65,9257
2026-06-01,12:15:00,52.6,52.65,52.4,52.65,3215
2026-06-01,12:45:00,52.55,52.9,52.0,52.4,35593
2026-06-01,13:15:00,52.4,52.85,52.35,52.55,3299
2026-06-01,13:45:00,52.55,53.9,52.55,53.05,40346
2026-06-01,14:15:00,53.1,53.5,52.75,53.25,13124
2026-06-01,14:45:00,53.2,53.3,52.9,53.1,3663
2026-06-02,10:15:00,53.25,53.3,52.75,52.95,10967
2026-06-02,10:45:00,52.85,53.0,52.7,52.7,4540
2026-06-02,11:15:00,52.7,52.85,52.6,52.65,1421
2026-06-02,11:45:00,52.55,52.65,52.45,52.5,4426
2026-06-02,12:15:00,52.55,52.7,52.45,52.55,3578
2026-06-02,12:45:00,52.6,53.15,52.3,52.5,9371
2026-06-02,13:15:00,52.5,52.6,52.45,52.5,1775
2026-06-02,13:45:00,52.5,52.55,52.4,52.45,1076
2026-06-02,14:15:00,52.45,52.55,52.2,52.3,13371
2026-06-02,14:45:00,52.3,52.45,52.1,52.1,4856
2026-06-03,10:00:00,52.1,52.1,51.5,51.8,24704
2026-06-03,10:30:00,51.8,53.0,51.8,52.95,12010
2026-06-03,11:00:00,52.95,53.2,52.5,53.0,8521
2026-06-03,11:30:00,53.0,53.2,52.9,53.05,9967
2026-06-03,12:00:00,52.95,53.1,52.95,53.0,3666
2026-06-03,12:30:00,52.95,53.0,52.9,52.95,1687
2026-06-03,13:00:00,52.9,53.0,52.75,52.85,2867
2026-06-03,13:30:00,52.85,52.9,52.7,52.9,1601
2026-06-03,14:00:00,52.8,53.0,52.7,52.8,1300
2026-06-03,14:30:00,52.8,52.85,52.65,52.65,3131
2026-06-04,10:15:00,52.5,52.85,52.4,52.55,2007
2026-06-04,10:45:00,52.55,52.75,52.55,52.55,1105
2026-06-04,11:15:00,52.55,52.75,52.45,52.45,912
2026-06-04,11:45:00,52.45,52.5,52.25,52.45,2958
2026-06-04,12:15:00,52.35,52.75,52.35,52.55,2008
2026-06-04,12:45:00,52.65,52.65,52.5,52.5,1142
2026-06-04,13:15:00,52.5,52.65,52.5,52.65,712
2026-06-04,13:45:00,52.5,52.65,52.5,52.55,875
2026-06-04,14:15:00,52.55,52.55,52.45,52.5,3162
2026-06-04,14:45:00,52.5,52.55,52.45,52.5,5584
2026-06-07,10:15:00,52.35,52.35,51.9,51.9,6292
2026-06-07,10:45:00,52.0,52.0,51.9,52.0,4316
2026-06-07,11:15:00,52.0,52.5,51.9,52.3,8831
2026-06-07,11:45:00,52.2,52.3,52.1,52.15,1711
2026-06-07,12:15:00,52.05,52.5,52.0,52.15,5680
2026-06-07,12:45:00,52.15,52.2,52.0,52.1,1984
2026-06-07,13:15:00,52.1,52.5,52.1,52.45,9083
2026-06-07,13:45:00,52.45,52.5,52.25,52.3,3437
2026-06-07,14:15:00,52.25,52.3,52.15,52.15,1361
2026-06-07,15:00:00,52.3,52.3,52.15,52.3,411
2026-06-08,10:00:00,52.25,52.9,51.95,52.45,12981
2026-06-08,10:30:00,52.45,52.9,52.45,52.5,16076
2026-06-08,11:00:00,52.45,52.5,51.9,51.95,6142
2026-06-08,11:30:00,51.95,52.0,51.8,51.8,16316
2026-06-08,12:00:00,51.9,51.9,51.75,51.8,4781
2026-06-08,12:30:00,51.8,52.0,51.7,52.0,6647
2026-06-08,13:00:00,51.95,52.15,51.7,52.0,17241
2026-06-08,13:30:00,52.0,52.0,51.75,51.75,10399
2026-06-08,14:00:00,51.85,52.0,51.8,51.85,8428
2026-06-08,14:30:00,51.85,52.05,51.75,51.75,20865
2026-06-08,15:00:00,52.0,52.0,52.0,52.0,1353
2026-06-09,10:00:00,51.9,52.05,51.7,51.75,19055
2026-06-09,10:30:00,51.75,51.75,51.45,51.5,32034
2026-06-09,11:00:00,51.5,51.55,51.3,51.35,16489
2026-06-09,11:30:00,51.35,51.55,51.1,51.25,9730
2026-06-09,12:00:00,51.25,51.3,51.2,51.3,4344
2026-06-09,12:30:00,51.3,51.6,51.3,51.6,5614
2026-06-09,13:00:00,51.7,51.95,51.55,51.85,3631
2026-06-09,13:30:00,51.8,51.9,51.7,51.7,5887
2026-06-09,14:00:00,51.55,51.7,51.55,51.6,375
2026-06-09,14:30:00,51.55,51.65,51.4,51.55,4316
2026-06-09,15:00:00,51.45,51.45,51.45,51.45,258
2026-06-10,10:00:00,51.55,51.6,51.25,51.5,12085
2026-06-10,10:30:00,51.5,51.65,51.4,51.5,1840
2026-06-10,11:00:00,51.45,51.5,51.25,51.35,13183
2026-06-10,11:30:00,51.35,51.55,51.2,51.5,7590
2026-06-10,12:00:00,51.55,51.65,51.4,51.65,2885
2026-06-10,12:30:00,51.6,51.65,51.25,51.65,16327
2026-06-10,13:00:00,51.65,51.7,51.55,51.55,3041
2026-06-10,13:30:00,51.55,51.65,51.4,51.55,2984
2026-06-10,14:00:00,51.45,51.55,51.4,51.4,961
2026-06-10,14:30:00,51.4,51.55,51.25,51.3,5709
2026-06-11,10:15:00,51.55,51.75,51.5,51.75,10906
2026-06-11,10:45:00,51.75,51.95,51.65,51.75,11240
2026-06-11,11:15:00,51.7,52.0,51.7,51.9,12255
2026-06-11,11:45:00,51.9,51.9,51.85,51.85,3463
2026-06-11,12:15:00,51.85,51.9,51.7,51.9,5107
2026-06-11,12:45:00,51.9,51.9,51.8,51.85,1067
2026-06-11,13:15:00,51.85,51.9,51.8,51.85,2213
2026-06-11,13:45:00,51.8,51.85,51.75,51.8,2886
2026-06-11,14:15:00,51.75,52.0,51.75,52.0,8759
2026-06-11,14:45:00,52.0,52.1,52.0,52.1,21642
2026-06-14,10:15:00,52.35,52.5,52.15,52.25,4579
2026-06-14,10:45:00,52.25,52.25,52.0,52.05,3160
2026-06-14,11:15:00,52.05,52.15,52.0,52.05,3189
2026-06-14,11:45:00,52.05,52.2,52.0,52.0,1628
2026-06-14,12:15:00,52.0,52.05,52.0,52.05,2359
2026-06-14,12:45:00,52.0,52.05,51.7,51.85,14761
2026-06-14,13:15:00,51.8,52.0,51.8,51.95,155
2026-06-14,13:45:00,51.9,52.0,51.8,51.85,3778
2026-06-14,14:15:00,51.8,52.15,51.8,52.15,5593
2026-06-14,14:45:00,52.05,52.2,51.85,52.0,6509
2026-06-15,10:15:00,52.3,52.65,52.15,52.65,17283
2026-06-15,10:45:00,52.65,52.75,52.5,52.5,8030
2026-06-15,11:15:00,52.45,52.45,52.35,52.45,1464
2026-06-15,11:45:00,52.45,52.5,52.35,52.5,2797
2026-06-15,12:15:00,52.5,52.7,51.0,52.5,24829
2026-06-15,12:45:00,52.45,52.65,52.45,52.45,6334
2026-06-15,13:15:00,52.65,52.65,52.45,52.6,614
2026-06-15,13:45:00,52.6,52.7,52.6,52.7,2820
2026-06-15,14:15:00,52.7,52.7,52.55,52.65,7392
2026-06-15,14:45:00,52.7,52.7,52.5,52.5,5834
2026-06-16,10:15:00,52.6,52.65,52.15,52.15,10975
2026-06-16,10:45:00,52.2,52.5,52.2,52.4,12020
2026-06-16,11:15:00,52.35,52.6,52.25,52.4,5411
2026-06-16,11:45:00,52.4,52.55,52.35,52.55,3657
2026-06-16,12:15:00,52.5,52.55,52.2,52.2,5861
2026-06-16,12:45:00,52.2,52.3,52.1,52.2,2512
2026-06-16,13:15:00,52.2,52.35,52.1,52.15,6646
2026-06-16,13:45:00,52.15,52.3,52.15,52.25,2043
2026-06-16,14:15:00,52.2,52.35,52.2,52.3,2620
2026-06-16,14:45:00,52.3,52.35,52.2,52.2,2565
2026-06-17,10:15:00,52.15,52.35,52.1,52.1,4584
2026-06-17,10:45:00,52.1,52.4,52.0,52.15,16440
2026-06-17,11:15:00,52.0,52.0,51.65,51.75,15662
2026-06-17,11:45:00,51.85,51.9,51.75,51.9,2519
2026-06-17,12:15:00,51.9,52.4,51.9,52.05,7935
2026-06-17,12:45:00,52.05,52.2,52.0,52.15,4222
2026-06-17,13:15:00,52.05,52.3,52.0,52.3,9151
2026-06-17,13:45:00,52.25,52.7,52.25,52.5,11156
2026-06-17,14:15:00,52.5,52.65,52.4,52.5,13927
2026-06-17,14:45:00,52.5,52.65,52.4,52.65,6364
2026-06-18,10:15:00,52.5,52.5,52.25,52.4,2882
2026-06-18,10:45:00,52.4,52.45,52.25,52.3,1421
2026-06-18,11:15:00,52.45,52.65,52.4,52.6,11922
2026-06-18,11:45:00,52.55,52.65,52.4,52.45,6134
2026-06-18,12:15:00,52.4,52.6,52.35,52.6,3072
2026-06-18,12:45:00,52.5,52.5,52.4,52.5,1285
2026-06-18,13:15:00,52.5,52.55,52.4,52.5,2178
2026-06-18,13:45:00,52.6,52.65,52.4,52.45,7378
2026-06-18,14:15:00,52.55,52.65,52.45,52.5,3735
2026-06-18,14:45:00,52.45,52.45,52.15,52.15,13099
2026-06-21,10:15:00,52.45,52.55,52.35,52.4,1778
2026-06-21,10:45:00,52.4,52.55,52.3,52.3,2027
2026-06-21,11:15:00,52.3,52.3,52.1,52.1,2967
2026-06-21,11:45:00,52.1,52.15,51.95,52.15,2508
2026-06-21,12:30:00,52.1,52.25,52.1,52.15,2693
2026-06-21,13:00:00,52.2,52.25,52.1,52.2,1961
2026-06-21,13:45:00,52.15,52.15,52.1,52.15,1527
2026-06-21,14:15:00,52.15,52.2,52.0,52.0,3982
2026-06-21,14:45:00,52.0,52.15,52.0,52.15,1657
2026-06-22,10:15:00,52.2,52.3,52.0,52.05,3781
2026-06-22,10:45:00,52.05,52.15,51.9,52.1,11281
2026-06-22,11:15:00,52.1,52.15,52.0,52.05,5050
2026-06-22,11:45:00,52.0,52.05,52.0,52.05,3698
2026-06-22,12:15:00,52.05,52.15,52.0,52.05,1720
2026-06-22,12:45:00,52.05,52.1,52.05,52.05,1080
2026-06-22,13:15:00,52.15,52.2,52.0,52.2,10071
2026-06-22,13:45:00,52.2,52.4,52.0,52.35,9405
2026-06-22,14:15:00,52.3,52.35,52.1,52.1,4067
2026-06-22,14:45:00,52.1,52.3,52.1,52.3,2924
2026-06-23,10:00:00,52.15,52.15,51.75,51.8,10771
2026-06-23,10:30:00,51.85,51.9,51.65,51.75,10933
2026-06-23,11:00:00,51.7,51.85,51.7,51.8,1291
2026-06-23,11:30:00,51.8,51.85,51.7,51.7,5556
2026-06-23,12:00:00,51.75,51.75,51.55,51.6,4492
2026-06-23,12:30:00,51.65,51.7,51.55,51.7,3078
2026-06-23,13:00:00,51.6,51.65,51.5,51.55,6246
2026-06-23,13:30:00,51.55,51.65,51.5,51.55,4680
2026-06-23,14:00:00,51.55,51.6,51.4,51.4,9227
2026-06-23,14:30:00,51.4,51.5,51.3,51.5,7769
2026-06-23,15:00:00,51.3,51.3,51.3,51.3,5991
2026-06-24,10:00:00,51.2,51.5,51.2,51.4,16131
2026-06-24,10:30:00,51.4,51.6,51.3,51.5,12382
2026-06-24,11:00:00,51.6,51.6,51.45,51.45,2970
2026-06-24,11:30:00,51.45,51.7,51.45,51.65,14647
2026-06-24,12:00:00,51.65,51.7,51.5,51.7,24006
2026-06-24,12:30:00,51.7,51.85,51.65,51.8,6170
2026-06-24,13:00:00,51.8,51.9,51.8,51.85,3854
2026-06-24,13:30:00,51.85,51.9,51.85,51.85,2232
2026-06-24,14:00:00,51.85,51.9,51.8,51.85,6181
2026-06-24,14:30:00,51.9,51.95,51.75,51.85,8180
2026-06-24,15:00:00,51.75,51.75,51.75,51.75,413
2026-06-25,10:00:00,51.75,52.6,51.65,52.45,44088
2026-06-25,10:30:00,52.45,54.2,52.4,53.55,74824
2026-06-25,11:00:00,53.65,54.15,53.6,54.0,21713
2026-06-25,11:30:00,54.05,54.4,54.0,54.3,30203
2026-06-25,12:00:00,54.3,54.3,53.65,53.95,17138
2026-06-25,12:30:00,53.9,54.05,53.7,54.0,12728
2026-06-25,13:00:00,53.9,54.25,53.9,53.95,20547
2026-06-25,13:30:00,53.95,54.1,53.4,53.75,10463
2026-06-25,14:00:00,53.85,54.05,53.4,53.85,50602
2026-06-25,14:30:00,53.85,54.1,53.8,53.95,8693
2026-06-25,15:00:00,54.0,54.0,54.0,54.0,18420
2026-06-28,10:00:00,53.5,53.95,53.15,53.3,5926
2026-06-28,10:30:00,53.25,53.3,53.15,53.25,3005
2026-06-28,11:00:00,53.25,53.45,53.15,53.35,2466
2026-06-28,11:30:00,53.35,53.95,53.35,53.95,5748
2026-06-28,12:00:00,53.65,54.15,53.65,54.1,12452
2026-06-28,12:30:00,54.05,54.1,53.9,54.0,9914
2026-06-28,13:00:00,54.1,54.1,54.0,54.05,1109
2026-06-28,13:30:00,54.05,54.25,54.0,54.2,12335
2026-06-28,14:00:00,54.2,54.2,54.15,54.2,4800
2026-06-28,14:30:00,54.15,54.5,54.05,54.35,33066
2026-06-28,15:00:00,54.35,54.35,54.35,54.35,3011
2026-06-29,10:00:00,54.3,54.65,53.6,54.45,18576
2026-06-29,10:30:00,54.45,54.7,54.35,54.65,22774
2026-06-29,11:00:00,54.6,55.4,54.6,55.15,40326
2026-06-29,11:30:00,55.1,55.1,54.7,55.0,9789
2026-06-29,12:00:00,55.0,55.05,54.5,54.8,9428
2026-06-29,12:30:00,54.8,55.15,54.7,55.05,30694
2026-06-29,13:00:00,55.05,55.15,55.05,55.05,1150
2026-06-29,13:30:00,55.1,55.3,55.1,55.2,7469
2026-06-29,14:00:00,55.2,55.55,55.0,55.5,29493
2026-06-29,14:30:00,55.5,55.65,55.4,55.6,10835
2026-06-29,15:00:00,55.4,55.4,55.4,55.4,8542
2026-06-30,10:00:00,55.4,55.7,55.2,55.55,10301
2026-06-30,10:30:00,55.55,55.55,55.4,55.4,6226
2026-06-30,11:00:00,55.4,55.55,55.2,55.45,5734
2026-06-30,11:30:00,55.45,55.8,55.45,55.8,7082
2026-06-30,12:00:00,55.8,55.9,55.75,55.75,7604
2026-06-30,12:30:00,55.8,55.9,55.7,55.75,3378
2026-06-30,13:00:00,55.9,55.9,55.2,55.3,19450
2026-06-30,13:30:00,55.3,55.5,55.25,55.4,6431
2026-06-30,14:00:00,55.4,55.5,55.1,55.35,7449
2026-06-30,14:30:00,55.25,55.6,54.5,54.5,16923
2026-06-30,15:00:00,54.5,54.5,54.5,54.5,3386
2026-07-01,10:00:00,55.0,55.0,54.2,54.45,4384
2026-07-01,10:30:00,54.45,54.75,54.35,54.6,3239
2026-07-01,11:00:00,54.6,55.0,54.6,54.75,2483
2026-07-01,11:30:00,54.95,55.5,54.95,55.45,18135
2026-07-01,12:00:00,55.45,55.5,55.2,55.2,8956
2026-07-01,12:30:00,55.25,55.25,54.5,54.65,4013
2026-07-01,13:00:00,54.6,54.65,54.3,54.3,3630
2026-07-01,13:30:00,54.4,54.45,54.2,54.25,2949
2026-07-01,14:00:00,54.25,54.35,54.2,54.25,907
2026-07-01,14:30:00,54.4,54.4,54.0,54.15,4012
2026-07-01,15:00:00,54.1,54.1,54.1,54.1,494
2026-07-02,10:00:00,54.05,54.4,54.0,54.35,8677
2026-07-02,10:30:00,54.35,55.2,54.2,54.2,3899
2026-07-02,11:00:00,54.05,54.3,54.05,54.15,1267
2026-07-02,11:30:00,54.1,54.1,53.65,53.75,10110
2026-07-02,12:00:00,53.75,53.85,53.7,53.7,315
2026-07-02,12:30:00,53.7,53.7,53.4,53.5,1797
2026-07-02,13:00:00,53.5,53.7,53.45,53.65,4628
2026-07-02,13:30:00,53.65,53.65,53.35,53.35,1185
2026-07-02,14:00:00,53.35,53.35,53.05,53.1,4194
2026-07-02,14:30:00,53.15,53.4,52.8,52.85,11483
2026-07-05,10:15:00,52.7,52.7,52.4,52.45,4649
2026-07-05,10:45:00,52.45,52.45,52.3,52.35,1787
2026-07-05,11:15:00,52.4,52.55,52.4,52.45,5493
2026-07-05,11:45:00,52.55,52.65,52.5,52.5,1907
2026-07-05,12:15:00,52.45,52.6,52.45,52.6,527
2026-07-05,12:45:00,52.6,52.6,51.8,52.3,11300
2026-07-05,13:15:00,52.3,52.4,52.3,52.35,2068
2026-07-05,13:45:00,52.3,52.5,52.3,52.5,882
2026-07-05,14:15:00,52.5,52.75,52.45,52.45,1235
2026-07-05,14:45:00,52.5,52.55,52.4,52.45,1365
2026-07-06,10:30:00,52.3,52.3,52.05,52.15,4724
2026-07-06,11:00:00,52.1,52.65,52.0,52.65,7294
2026-07-06,11:30:00,52.7,52.7,52.5,52.55,950
2026-07-06,12:00:00,52.6,52.75,52.0,52.6,3021
2026-07-06,12:30:00,52.6,52.7,52.5,52.5,411
2026-07-06,13:00:00,52.5,52.6,52.25,52.55,7453
2026-07-06,13:30:00,52.65,52.65,52.5,52.5,535
2026-07-06,14:00:00,52.5,52.7,52.25,52.6,11617
2026-07-06,14:30:00,52.6,52.65,52.5,52.55,2121
2026-07-06,15:00:00,52.5,52.5,52.5,52.5,5613
2026-07-07,10:00:00,52.5,52.5,52.05,52.2,5692
2026-07-07,10:30:00,52.1,52.2,51.35,51.4,36931
2026-07-07,11:00:00,51.5,51.65,51.3,51.3,15981
2026-07-07,11:30:00,51.35,52.1,51.35,52.1,34010
2026-07-07,12:00:00,52.1,52.1,52.0,52.1,8850
2026-07-07,12:30:00,52.1,52.25,52.1,52.25,3041
2026-07-07,13:00:00,52.15,52.25,51.8,52.0,6009
2026-07-07,13:30:00,52.0,52.1,51.8,51.95,2062
2026-07-07,14:00:00,51.85,52.2,51.85,52.05,2453
2026-07-07,14:30:00,52.2,52.45,52.1,52.35,6545
2026-07-08,10:15:00,52.05,52.15,51.9,52.0,1921
2026-07-08,10:45:00,51.95,52.2,51.9,52.15,3499
2026-07-08,11:15:00,52.0,52.1,51.8,51.85,6888
2026-07-08,11:45:00,51.85,51.85,51.6,51.7,13269
2026-07-08,12:15:00,51.75,51.9,51.75,51.9,2791
2026-07-08,12:45:00,51.9,52.0,51.8,51.8,10788
2026-07-08,13:15:00,52.0,52.2,51.9,52.1,8211
2026-07-08,13:45:00,52.2,52.3,52.0,52.05,1344
2026-07-08,14:15:00,52.0,52.4,52.0,52.25,4985
2026-07-08,14:45:00,52.3,52.4,52.25,52.3,3287
2026-07-09,10:00:00,52.3,52.4,52.2,52.25,8121
2026-07-09,10:30:00,52.25,52.55,52.25,52.3,1971
2026-07-09,11:00:00,52.3,52.6,52.3,52.5,2027
2026-07-09,11:30:00,52.45,52.55,52.4,52.5,1702
2026-07-09,12:00:00,52.55,53.5,52.5,53.0,22069
2026-07-09,12:30:00,52.85,52.95,52.7,52.9,2142
2026-07-09,13:00:00,52.8,52.8,52.6,52.75,6690
2026-07-09,13:30:00,52.8,52.9,52.75,52.85,1766
2026-07-09,14:00:00,52.85,52.85,52.75,52.75,1397
2026-07-09,14:30:00,52.8,52.9,52.75,52.85,4414
2026-07-09,15:00:00,52.75,52.75,52.75,52.75,851
2026-07-12,10:00:00,52.75,52.95,52.45,52.6,979
2026-07-12,10:30:00,52.6,52.7,52.45,52.55,776
2026-07-12,11:00:00,52.55,52.9,52.55,52.9,982
2026-07-12,11:30:00,52.75,53.3,52.65,53.3,6250
2026-07-12,12:00:00,53.25,53.45,53.15,53.4,7406
2026-07-12,12:30:00,53.5,53.75,53.4,53.6,15953
2026-07-12,13:00:00,53.6,53.6,53.5,53.5,1792
2026-07-12,13:30:00,53.6,53.6,53.5,53.5,513
2026-07-12,14:00:00,53.6,53.6,53.5,53.6,195
2026-07-12,14:30:00,53.5,53.7,53.35,53.7,7681
2026-07-13,10:15:00,53.25,53.4,53.15,53.15,1078
2026-07-13,10:45:00,53.15,53.2,53.1,53.2,1106
2026-07-13,11:15:00,53.25,53.3,53.1,53.25,3174
2026-07-13,11:45:00,53.15,53.25,53.15,53.25,1040
2026-07-13,12:15:00,53.25,53.3,53.2,53.25,766
2026-07-13,12:45:00,53.3,53.3,53.25,53.3,473
2026-07-13,13:15:00,53.3,53.4,53.3,53.3,176
2026-07-13,13:45:00,53.35,53.4,53.15,53.15,1797
2026-07-13,14:15:00,53.3,53.3,53.1,53.1,1742
2026-07-13,14:45:00,53.15,53.3,53.05,53.3,523
2026-07-14,10:00:00,52.5,53.15,52.5,53.15,4826
2026-07-14,10:30:00,52.8,53.1,52.5,53.1,11341
2026-07-14,11:00:00,53.05,53.25,52.75,53.05,26418
2026-07-14,11:30:00,53.0,53.15,52.95,53.05,4730
2026-07-14,12:00:00,53.05,53.05,53.0,53.0,2518
2026-07-14,12:30:00,53.0,53.0,53.0,53.0,2260
2026-07-14,13:00:00,53.05,53.05,52.8,52.8,3634
2026-07-14,13:30:00,52.85,52.9,52.75,52.75,2448
2026-07-14,14:00:00,52.65,52.7,52.6,52.65,1979
2026-07-14,14:30:00,52.65,52.75,52.6,52.65,2965
2026-07-14,15:00:00,52.9,52.9,52.9,52.9,2729
2026-07-15,10:00:00,52.9,52.95,52.55,52.85,3712
2026-07-15,10:30:00,52.75,52.85,52.75,52.75,1399
2026-07-15,11:00:00,52.8,52.85,52.6,52.6,1326
2026-07-15,12:00:00,52.6,52.7,52.55,52.55,5569
2026-07-15,12:30:00,52.5,52.55,52.25,52.25,8099
2026-07-15,13:00:00,52.3,52.3,52.15,52.3,2566
2026-07-15,13:30:00,52.25,52.3,52.2,52.2,1216
2026-07-15,14:00:00,52.2,52.3,52.05,52.05,3851
2026-07-15,14:30:00,52.05,52.15,51.95,52.0,6239
2026-07-15,15:00:00,52.0,52.0,52.0,52.0,1171
2026-07-16,10:00:00,52.2,52.3,52.05,52.2,747
2026-07-16,10:30:00,52.15,52.15,52.05,52.15,979
2026-07-16,11:00:00,52.1,52.15,52.1,52.1,206
2026-07-16,11:30:00,52.15,52.2,52.05,52.15,1849
2026-07-16,12:00:00,52.15,52.2,52.1,52.1,374
2026-07-16,12:30:00,52.05,52.25,52.05,52.15,5595
2026-07-16,13:00:00,52.15,52.25,52.05,52.15,306
2026-07-16,13:30:00,52.05,52.15,52.05,52.1,550
2026-07-16,14:00:00,52.1,52.1,52.05,52.1,1531
2026-07-16,14:30:00,52.1,52.35,52.1,52.25,1922
2026-07-19,10:15:00,52.0,52.0,51.85,51.95,2096
2026-07-19,10:45:00,51.95,52.0,51.75,51.75,3069
2026-07-19,11:15:00,51.75,51.9,51.65,51.8,2447
2026-07-19,11:45:00,51.85,51.85,51.75,51.8,899
2026-07-19,12:15:00,51.8,52.0,51.8,51.9,6816
2026-07-19,13:00:00,51.9,52.0,51.8,51.9,1316
2026-07-19,13:30:00,51.9,52.0,51.9,51.95,1652
2026-07-19,14:00:00,51.95,52.0,51.95,52.0,422
2026-07-19,14:30:00,52.0,52.0,51.85,52.0,6612
2026-07-20,10:15:00,52.0,52.2,51.9,52.05,10887
2026-07-20,10:45:00,52.05,52.15,51.95,52.05,358
2026-07-20,11:15:00,52.05,52.05,52.0,52.05,576
2026-07-20,11:45:00,51.95,52.05,51.95,51.95,486
2026-07-20,12:15:00,52.05,52.05,51.95,52.0,962
2026-07-20,12:45:00,52.0,52.05,51.85,51.85,1635
2026-07-20,13:15:00,51.95,51.95,51.8,51.8,1155
2026-07-20,13:45:00,51.85,51.9,51.85,51.85,1124
2026-07-20,14:15:00,51.85,52.05,51.8,52.05,1784
2026-07-20,14:45:00,52.0,52.0,51.7,51.75,1529
2026-07-21,10:15:00,51.8,51.9,51.8,51.8,311
2026-07-21,10:45:00,51.8,51.9,51.75,51.9,982
2026-07-21,11:15:00,51.95,51.95,51.9,51.9,151
2026-07-21,11:45:00,51.95,52.0,51.8,51.9,550
2026-07-21,12:15:00,51.85,51.95,51.8,51.9,98
2026-07-21,12:45:00,51.9,51.9,51.8,51.8,160
2026-07-21,13:15:00,51.8,51.8,51.5,51.75,3678
2026-07-21,13:45:00,51.8,51.8,51.7,51.8,2420
2026-07-21,14:15:00,51.75,51.9,51.7,51.7,3416
2026-07-21,14:45:00,51.75,51.8,51.55,51.55,2475
2026-07-22,10:00:00,51.6,52.0,51.6,51.85,822
2026-07-22,10:30:00,51.9,51.95,51.9,51.95,1108
2026-07-22,11:00:00,51.9,52.0,51.9,51.9,1165
2026-07-22,11:30:00,51.9,51.95,51.9,51.9,417
2026-07-22,12:00:00,51.9,51.95,51.9,51.95,125
2026-07-22,12:30:00,51.9,51.95,51.8,51.95,914
2026-07-22,13:30:00,51.95,52.1,51.95,52.05,1064
2026-07-22,14:00:00,52.05,52.2,52.05,52.05,343
2026-07-22,14:30:00,52.05,52.15,51.9,51.9,1453
2026-07-23,10:30:00,52.1,52.1,51.85,51.85,619
2026-07-23,11:00:00,52.0,52.0,51.8,51.8,526
2026-07-23,11:30:00,51.95,51.95,51.85,51.9,384
2026-07-23,12:00:00,51.9,51.9,50.65,51.25,48642
2026-07-23,12:30:00,51.3,51.4,51.25,51.35,1649
2026-07-23,13:00:00,51.35,51.45,51.1,51.25,11391
2026-07-23,13:45:00,51.25,51.5,51.25,51.5,910
2026-07-23,14:15:00,51.45,51.5,51.3,51.35,4002
2026-07-23,14:45:00,51.35,51.7,51.15,51.7,16950
2026-07-26,10:15:00,51.35,51.5,50.9,51.05,8928
2026-07-26,10:45:00,51.1,51.2,51.0,51.1,5674
2026-07-26,11:15:00,51.1,51.15,51.0,51.05,1497
2026-07-26,11:45:00,51.05,51.1,50.85,51.1,7079
2026-07-26,12:15:00,51.05,51.25,50.9,51.1,3389
2026-07-26,12:45:00,51.15,51.15,50.7,51.0,16788
2026-07-26,13:15:00,51.05,51.05,50.95,51.0,367
2026-07-26,13:45:00,51.05,51.35,50.9,50.9,20126
2026-07-26,14:15:00,50.95,50.95,49.22,49.66,57088
2026-07-26,14:45:00,49.66,50.0,49.5,49.92,12396
2026-07-27,10:15:00,49.4,49.8,49.08,49.16,15062
2026-07-27,10:45:00,49.08,49.08,48.8,48.9,10182
2026-07-27,11:15:00,48.96,49.06,48.94,49.02,5668
2026-07-27,11:45:00,49.04,49.04,48.92,49.02,6060
2026-07-27,12:15:00,49.02,49.26,49.02,49.1,5224
2026-07-27,12:45:00,49.08,49.3,49.08,49.2,3286
2026-07-27,13:15:00,49.22,49.22,49.2,49.22,712
2026-07-27,13:45:00,49.2,49.28,48.32,48.7,28243
2026-07-27,14:15:00,48.66,48.96,48.62,48.96,7398
2026-07-27,14:45:00,48.98,49.12,48.96,49.0,6144
2026-07-28,10:15:00,48.98,49.1,48.76,48.84,6212
2026-07-28,10:45:00,48.84,48.84,48.68,48.68,1724
2026-07-28,11:15:00,48.74,48.76,48.2,48.48,6766
2026-07-28,11:45:00,48.48,48.62,48.48,48.5,19594
2026-07-28,12:15:00,48.48,48.48,48.34,48.42,3649
2026-07-28,12:45:00,48.4,48.44,48.4,48.4,890
2026-07-28,13:15:00,48.42,48.48,48.2,48.36,18711
2026-07-28,13:45:00,48.48,48.48,48.26,48.46,3500
2026-07-28,14:15:00,48.4,48.5,48.38,48.5,2169
2026-07-28,14:45:00,48.48,48.5,48.4,48.48,5084
2026-07-29,10:15:00,50.55,50.9,50.2,50.3,24011
2026-07-29,10:45:00,50.45,50.5,50.0,50.35,10662
2026-07-29,11:15:00,50.3,50.4,49.98,50.1,7142
2026-07-29,11:45:00,50.15,50.15,49.26,49.48,21387
2026-07-29,12:15:00,49.48,49.7,49.44,49.7,11333
2026-07-29,12:45:00,49.76,50.35,49.68,50.25,7925
2026-07-29,13:15:00,50.2,50.45,50.05,50.4,7471
2026-07-29,13:45:00,50.45,50.45,49.86,49.9,10067
2026-07-29,14:15:00,49.9,50.4,49.86,50.0,15116
2026-07-29,14:45:00,50.0,50.2,49.98,50.2,10633
2026-07-30,10:15:00,50.65,51.15,50.0,50.1,11954
2026-07-30,10:45:00,50.15,50.6,50.15,50.55,4909
2026-07-30,11:15:00,50.55,50.6,50.4,50.55,3399
2026-07-30,11:45:00,50.55,51.0,50.55,50.85,7266
2026-07-30,12:15:00,50.85,50.9,50.8,50.8,1584
2026-07-30,12:45:00,50.8,51.1,50.75,51.05,6867
2026-07-30,13:15:00,51.05,51.05,50.65,50.8,11359
2026-07-30,13:45:00,50.8,51.0,50.7,50.8,4608
2026-07-30,14:15:00,50.75,50.85,50.65,50.75,4264
2026-07-30,14:45:00,50.75,51.1,50.75,51.1,11913
2026-08-02,10:15:00,51.2,52.1,51.2,52.0,8095
2026-08-02,10:45:00,51.9,52.0,51.8,51.85,4890
2026-08-02,11:15:00,51.8,51.95,51.6,51.95,7999
2026-08-02,11:45:00,51.95,52.05,51.1,51.1,17773
2026-08-02,12:15:00,51.1,51.45,51.1,51.45,9783
2026-08-02,12:45:00,51.45,51.65,51.35,51.4,5952
2026-08-02,13:15:00,51.55,51.65,51.5,51.55,3050
2026-08-02,13:45:00,51.55,51.9,51.5,51.85,6850
2026-08-02,14:15:00,51.8,51.95,51.7,51.75,5634
2026-08-02,14:45:00,51.9,51.95,51.75,51.85,4864
2026-08-03,10:00:00,51.95,52.35,51.65,52.0,9631
2026-08-03,10:30:00,52.0,52.2,51.8,52.1,7190
2026-08-03,11:00:00,52.1,52.15,52.0,52.0,2340
2026-08-03,11:30:00,52.0,52.0,51.9,52.0,3962
2026-08-03,12:00:00,52.0,52.4,51.85,52.4,5219
2026-08-03,12:30:00,52.4,52.4,52.25,52.35,877
2026-08-03,13:00:00,52.35,52.7,52.35,52.7,11977
2026-08-03,13:30:00,52.55,52.7,52.55,52.65,4681
2026-08-03,14:00:00,52.65,52.8,52.35,52.55,7325
2026-08-03,14:30:00,52.55,52.6,52.5,52.6,8975
2026-08-03,15:00:00,52.5,52.5,52.5,52.5,646
2026-08-04,10:00:00,52.8,52.8,52.4,52.45,10064
2026-08-04,10:30:00,52.45,52.7,52.4,52.4,7886
2026-08-04,11:00:00,52.45,52.7,52.45,52.7,3109
2026-08-04,11:30:00,52.55,52.65,52.5,52.65,3354
2026-08-04,12:00:00,52.65,52.7,52.55,52.6,9512
2026-08-04,12:30:00,52.7,53.25,52.65,53.2,46313
2026-08-04,13:00:00,53.1,53.25,53.0,53.2,11381
2026-08-04,13:30:00,53.15,53.15,53.0,53.1,20086
2026-08-04,14:00:00,53.15,53.2,53.0,53.05,32587
2026-08-04,14:30:00,53.05,53.15,52.9,52.9,41723
2026-08-05,10:15:00,51.55,51.55,51.2,51.5,19875
2026-08-05,10:45:00,51.35,51.6,51.35,51.5,6549
2026-08-05,11:15:00,51.45,52.3,51.45,52.25,31374
2026-08-05,11:45:00,52.25,52.45,52.15,52.45,12454
2026-08-05,12:15:00,52.4,53.05,52.4,53.0,41094
2026-08-05,12:45:00,53.0,53.05,52.2,52.55,38402
2026-08-05,13:15:00,52.55,53.1,52.5,53.1,14937
2026-08-05,13:45:00,53.0,53.1,53.0,53.0,14307
2026-08-05,14:15:00,53.0,53.05,53.0,53.0,37853
2026-08-05,14:45:00,53.0,53.0,52.35,52.6,14948
2026-08-06,10:15:00,52.95,52.95,52.55,52.55,12626
2026-08-06,10:45:00,52.55,52.65,52.3,52.35,4732
2026-08-06,11:15:00,52.5,52.5,52.3,52.4,332
2026-08-06,11:45:00,52.4,52.4,52.05,52.05,2418
2026-08-06,12:15:00,52.05,52.1,52.0,52.1,2093
2026-08-06,12:45:00,52.05,52.1,52.0,52.0,9505
2026-08-06,13:15:00,52.0,52.05,51.7,51.85,8675
2026-08-06,13:45:00,51.75,51.85,51.55,51.8,1776
2026-08-06,14:15:00,51.8,52.05,51.8,52.0,3310
2026-08-06,14:45:00,51.85,51.9,51.7,51.85,3297
2026-08-09,10:15:00,51.85,52.2,51.85,52.0,4656
2026-08-09,10:45:00,52.0,52.0,51.5,51.5,16149
2026-08-09,11:15:00,51.85,51.95,51.8,51.9,410
2026-08-09,12:00:00,51.7,51.8,51.65,51.65,333
2026-08-09,12:30:00,51.65,51.65,51.15,51.55,4835
2026-08-09,13:00:00,51.4,51.55,51.2,51.4,4735
2026-08-09,13:30:00,51.3,51.45,51.3,51.4,263
2026-08-09,14:00:00,51.45,51.5,51.35,51.5,258
2026-08-09,14:30:00,51.55,51.6,51.5,51.5,2346
2026-08-10,10:15:00,52.0,52.9,51.9,52.7,9253
2026-08-10,10:45:00,52.75,52.85,52.5,52.6,15480
2026-08-10,11:15:00,52.55,52.7,52.5,52.7,1834
2026-08-10,11:45:00,52.7,52.75,52.6,52.6,5551
2026-08-10,12:15:00,52.6,53.0,52.45,52.85,23885
2026-08-10,12:45:00,52.85,52.9,52.75,52.75,973
2026-08-10,13:15:00,52.75,52.9,52.7,52.8,2596
2026-08-10,13:45:00,52.75,52.8,52.65,52.75,935
2026-08-10,14:15:00,52.75,52.75,52.65,52.65,628
2026-08-10,14:45:00,52.75,52.75,52.5,52.5,6181
2026-08-11,10:15:00,52.6,52.65,52.5,52.65,2732
2026-08-11,10:45:00,52.6,52.8,52.6,52.8,3349
2026-08-11,11:15:00,52.8,52.85,52.7,52.7,3017
2026-08-11,11:45:00,52.7,52.95,52.6,52.95,8355
2026-08-11,12:15:00,52.95,52.95,52.75,52.75,1516
2026-08-11,12:45:00,52.75,52.9,52.75,52.9,2380
2026-08-11,13:15:00,52.9,52.95,52.85,52.9,3930
2026-08-11,13:45:00,52.85,52.9,52.75,52.8,1314
2026-08-11,14:15:00,52.8,52.9,52.7,52.75,1728
2026-08-11,14:45:00,52.8,52.85,52.65,52.65,1568
2026-08-12,10:15:00,52.8,52.9,52.7,52.85,2344
2026-08-12,10:45:00,52.8,53.0,52.75,52.8,4039
2026-08-12,11:15:00,52.8,52.9,52.8,52.9,465
2026-08-12,11:45:00,52.9,52.9,52.65,52.8,1883
2026-08-12,12:15:00,52.7,52.9,52.7,52.75,345
2026-08-12,12:45:00,52.8,52.8,52.75,52.75,764
2026-08-12,13:15:00,52.75,52.85,52.7,52.85,1659
2026-08-12,13:45:00,52.85,52.85,52.7,52.7,1152
2026-08-12,14:15:00,52.7,52.8,52.5,52.8,2949
2026-08-12,14:45:00,52.7,52.8,52.5,52.7,5942
2026-08-13,10:00:00,52.75,52.75,52.5,52.5,2488
2026-08-13,10:30:00,52.55,52.55,52.5,52.55,168
2026-08-13,11:00:00,52.55,52.55,52.5,52.55,116
2026-08-13,11:30:00,52.55,52.55,52.35,52.5,2436
2026-08-13,12:00:00,52.4,52.6,52.35,52.6,2717
2026-08-13,12:30:00,52.6,52.7,52.5,52.7,209
2026-08-13,13:00:00,52.55,52.65,52.5,52.65,207
2026-08-13,13:30:00,52.65,52.8,52.55,52.7,3402
2026-08-13,14:00:00,52.7,52.7,52.35,52.4,4470
2026-08-13,14:30:00,52.4,52.55,52.35,52.4,2240
2026-08-16,10:15:00,52.7,52.75,52.5,52.5,3657
2026-08-16,10:45:00,52.55,52.55,52.0,52.35,1422
2026-08-16,11:15:00,52.35,52.35,52.2,52.2,216
2026-08-16,11:45:00,52.3,52.3,52.15,52.15,514
2026-08-16,12:15:00,52.2,52.3,52.2,52.2,2711
2026-08-16,12:45:00,52.15,52.25,52.05,52.2,11442
2026-08-16,13:15:00,52.2,52.25,52.2,52.2,125
2026-08-16,13:45:00,52.2,52.25,52.2,52.2,1101
2026-08-16,14:15:00,52.25,52.35,52.2,52.35,2000
2026-08-16,14:45:00,52.35,52.45,52.3,52.3,1702
2026-08-17,10:15:00,52.3,52.4,52.1,52.4,3360
2026-08-17,10:45:00,52.4,52.45,52.3,52.3,1108
2026-08-17,11:15:00,52.3,52.5,52.3,52.5,452
2026-08-17,11:45:00,52.45,52.5,52.45,52.5,1333
2026-08-17,12:15:00,52.5,52.5,52.45,52.5,364
2026-08-17,12:45:00,52.45,52.5,52.45,52.5,465
2026-08-17,13:15:00,52.5,52.55,52.5,52.5,1229
2026-08-17,13:45:00,52.5,52.5,52.45,52.45,1575
2026-08-17,14:15:00,52.5,52.5,52.45,52.45,1666
2026-08-17,14:45:00,52.5,52.9,52.45,52.9,5790
2026-08-18,10:00:00,52.9,52.9,52.55,52.75,3101
2026-08-18,10:30:00,52.75,53.0,52.5,52.95,10875
2026-08-18,11:00:00,52.95,52.95,52.8,52.95,652
2026-08-18,11:30:00,52.95,53.0,52.75,52.75,1368
2026-08-18,12:00:00,52.75,52.8,52.7,52.8,1264
2026-08-18,12:30:00,52.8,53.1,52.7,53.0,14906
2026-08-18,13:00:00,53.0,53.2,52.95,53.2,3456
2026-08-18,13:30:00,53.2,53.3,53.15,53.2,7040
2026-08-18,14:00:00,53.15,53.2,52.9,53.1,2204
2026-08-18,14:30:00,53.1,53.15,52.95,53.1,1082
2026-08-18,15:00:00,53.15,53.15,53.15,53.15,450
2026-08-19,10:30:00,53.4,53.4,53.1,53.35,2237
2026-08-19,11:00:00,53.35,53.35,53.25,53.25,1151
2026-08-19,11:30:00,53.25,53.25,52.95,53.0,3003
2026-08-19,12:00:00,53.05,53.2,53.0,53.1,3451
2026-08-19,12:30:00,53.05,53.15,52.9,53.15,1989
2026-08-19,13:00:00,53.15,53.15,53.0,53.05,1342
2026-08-19,13:30:00,53.0,53.15,53.0,53.15,669
2026-08-19,14:00:00,53.15,53.25,53.1,53.1,1439
2026-08-19,14:30:00,53.1,53.15,52.8,52.9,5491
2026-08-20,10:15:00,53.3,53.3,53.05,53.15,1449
2026-08-20,10:45:00,53.2,53.3,53.15,53.3,441
2026-08-20,11:15:00,53.2,53.3,53.15,53.3,1013
2026-08-20,11:45:00,53.3,53.35,53.1,53.2,2211
2026-08-20,12:15:00,53.2,53.25,53.2,53.2,88
2026-08-20,12:45:00,53.15,53.15,53.05,53.15,366
2026-08-20,13:15:00,53.2,53.25,53.05,53.1,864
2026-08-20,13:45:00,53.15,53.15,53.1,53.15,1049
2026-08-20,14:30:00,53.1,53.15,53.05,53.05,2562
2026-08-23,10:15:00,53.5,53.6,53.35,53.5,3010
2026-08-23,10:45:00,53.5,53.9,53.5,53.9,25873
2026-08-23,11:15:00,53.85,53.95,53.8,53.95,8386
2026-08-23,11:45:00,53.9,54.05,53.85,54.0,7624
2026-08-23,12:15:00,53.95,54.0,53.85,53.9,2074
2026-08-23,12:45:00,53.95,53.95,53.85,53.95,821
2026-08-23,13:15:00,53.95,53.95,53.8,53.85,22201
2026-08-23,13:45:00,53.85,53.9,53.75,53.85,4094
2026-08-23,14:15:00,53.9,53.9,53.8,53.85,4317
2026-08-23,14:45:00,53.85,53.9,53.8,53.9,6567
2026-08-24,10:15:00,53.8,53.85,53.55,53.55,11105
2026-08-24,10:45:00,53.6,53.85,53.6,53.65,3524
2026-08-24,11:15:00,53.65,53.75,53.45,53.6,16419
2026-08-24,11:45:00,53.5,53.6,53.4,53.5,1900
2026-08-24,12:15:00,53.6,53.65,53.45,53.55,3091
2026-08-24,12:45:00,53.45,53.6,53.3,53.35,9714
2026-08-24,13:15:00,53.4,53.5,53.3,53.4,1114
2026-08-24,13:45:00,53.4,53.4,53.35,53.4,612
2026-08-24,14:15:00,53.35,53.4,53.15,53.25,14193
2026-08-24,14:45:00,53.25,53.35,53.2,53.3,6490
2026-08-25,10:00:00,53.15,53.3,53.0,53.15,13120
2026-08-25,10:30:00,53.2,53.2,53.1,53.2,324
2026-08-25,11:00:00,53.2,53.3,53.15,53.3,2110
2026-08-25,11:30:00,53.3,53.35,53.25,53.3,1194
2026-08-25,12:00:00,53.3,53.3,53.3,53.3,410
2026-08-25,12:30:00,53.3,53.4,53.2,53.4,5825
2026-08-25,13:00:00,53.4,53.5,53.35,53.45,2284
2026-08-25,13:30:00,53.35,53.45,53.15,53.45,18944
2026-08-25,14:00:00,53.4,53.45,53.4,53.4,813
2026-08-25,14:30:00,53.4,53.4,53.2,53.35,8619
2026-08-25,15:00:00,53.45,53.45,53.45,53.45,5890
2026-08-26,10:00:00,53.45,53.65,53.3,53.45,7613
2026-08-26,10:30:00,53.45,53.45,53.4,53.45,1013
2026-08-26,11:00:00,53.45,53.5,53.4,53.45,2319
2026-08-26,11:30:00,53.5,53.5,53.45,53.5,1580
2026-08-26,12:00:00,53.5,53.5,53.45,53.5,680
2026-08-26,12:30:00,53.45,53.5,53.45,53.5,678
2026-08-26,13:00:00,53.45,53.5,53.4,53.45,2121
2026-08-26,13:30:00,53.45,53.45,53.2,53.3,12632
2026-08-26,14:00:00,53.25,53.3,53.05,53.3,8328
2026-08-26,14:30:00,53.3,53.35,53.15,53.3,7518
2026-08-26,15:00:00,53.35,53.35,53.35,53.35,1428
2026-08-27,10:00:00,53.5,53.5,53.3,53.4,3027
2026-08-27,10:30:00,53.3,53.6,53.3,53.5,5548
2026-08-27,11:00:00,53.6,53.6,53.45,53.6,4949
2026-08-27,11:30:00,53.6,53.75,53.6,53.6,4836
2026-08-27,12:00:00,53.6,53.6,53.45,53.5,6428
2026-08-27,12:30:00,53.5,53.5,53.4,53.4,996
2026-08-27,13:00:00,53.4,53.5,53.4,53.4,4392
2026-08-27,13:30:00,53.4,53.4,53.3,53.35,6379
2026-08-27,14:00:00,53.35,53.85,53.35,53.85,26979
2026-08-27,14:30:00,53.85,53.9,53.5,53.55,26037
2026-08-27,15:00:00,53.8,53.8,53.8,53.8,3264
2026-08-30,10:00:00,54.0,54.35,54.0,54.2,22841
2026-08-30,10:30:00,54.1,54.15,53.8,54.1,20070
2026-08-30,11:00:00,54.15,54.35,54.0,54.2,15340
2026-08-30,11:30:00,54.25,54.25,54.05,54.25,12415
2026-08-30,12:00:00,54.25,54.25,54.0,54.2,12204
2026-08-30,12:30:00,54.05,54.2,54.0,54.2,6129
2026-08-30,13:00:00,54.15,54.25,54.1,54.2,3758
2026-08-30,13:30:00,54.25,54.3,54.15,54.25,6857
2026-08-30,14:00:00,54.25,54.5,54.2,54.2,42189
2026-08-30,14:30:00,54.25,54.5,54.2,54.25,65499
2026-08-30,15:00:00,54.25,54.25,54.25,54.25,8315
2026-08-31,10:00:00,52.1,52.3,51.65,51.95,58744
2026-08-31,10:30:00,52.0,52.05,51.75,52.0,30530
2026-08-31,11:00:00,52.0,52.0,51.9,51.95,7845
2026-08-31,11:30:00,52.0,52.1,52.0,52.1,8068
2026-08-31,12:00:00,52.1,52.15,51.9,51.95,9533
2026-08-31,12:30:00,52.0,52.0,51.9,51.95,6280
2026-08-31,13:00:00,52.0,52.3,51.9,52.3,16950
2026-08-31,13:30:00,52.3,52.3,52.2,52.2,5006
2026-08-31,14:00:00,52.25,52.25,51.95,52.05,17831
2026-08-31,14:30:00,52.0,52.1,51.95,52.1,3524
2026-08-31,15:00:00,51.9,51.9,51.9,51.9,3864
2026-09-01,10:00:00,52.1,52.1,51.75,51.9,7721
2026-09-01,10:30:00,51.95,52.3,51.95,52.05,3843
2026-09-01,11:00:00,52.1,52.1,51.85,51.85,5963
2026-09-01,11:30:00,52.0,52.0,51.85,51.95,1616
2026-09-01,12:00:00,51.85,51.95,51.8,51.8,5321
2026-09-01,12:30:00,51.85,52.05,51.8,51.95,11497
2026-09-01,13:00:00,51.9,52.1,51.9,52.0,2679
2026-09-01,13:30:00,52.1,52.1,52.0,52.0,496
2026-09-01,14:00:00,52.05,52.05,51.95,52.0,760
2026-09-01,14:30:00,51.95,51.95,51.9,51.95,3472
2026-09-01,15:00:00,51.95,51.95,51.95,51.95,2122
2026-09-02,10:00:00,52.05,52.05,51.8,51.95,7731
2026-09-02,10:30:00,51.95,52.15,51.95,52.1,2641
2026-09-02,11:00:00,52.05,52.05,51.95,52.0,4909
2026-09-02,11:30:00,52.0,52.0,51.9,51.95,1825
2026-09-02,12:00:00,52.0,52.05,52.0,52.05,1509
2026-09-02,12:30:00,52.05,52.05,52.0,52.0,3401
2026-09-02,13:00:00,52.0,52.05,51.8,51.8,14822
2026-09-02,13:30:00,51.8,51.9,51.8,51.85,5900
2026-09-02,14:00:00,51.85,51.9,51.75,51.8,4052
2026-09-02,14:30:00,51.75,51.8,51.7,51.75,7652
2026-09-02,15:00:00,51.7,51.7,51.7,51.7,1556
2026-09-03,10:00:00,51.7,51.9,51.7,51.85,806
2026-09-03,10:30:00,51.85,51.85,51.7,51.75,793
2026-09-03,11:00:00,51.8,51.8,51.7,51.7,696
2026-09-03,11:30:00,51.75,51.75,51.65,51.75,1305
2026-09-03,12:00:00,51.75,51.8,51.7,51.8,2625
2026-09-03,12:30:00,51.8,51.8,51.75,51.75,815
2026-09-03,13:00:00,51.75,51.8,51.7,51.7,2226
2026-09-03,13:30:00,51.8,51.8,51.7,51.75,994
2026-09-03,14:00:00,51.75,51.75,51.7,51.75,838
2026-09-03,14:30:00,51.75,51.75,51.7,51.75,9724
2026-09-06,10:15:00,51.6,51.7,51.55,51.65,2329
2026-09-06,10:45:00,51.65,51.7,51.6,51.6,1300
2026-09-06,11:15:00,51.65,51.7,51.55,51.55,3189
2026-09-06,11:45:00,51.6,51.7,51.55,51.7,627
2026-09-06,12:15:00,51.65,51.7,51.55,51.7,739
2026-09-06,12:45:00,51.7,51.7,51.55,51.55,519
2026-09-06,13:15:00,51.65,51.7,51.55,51.6,1101
2026-09-06,13:45:00,51.65,51.65,51.55,51.65,1383
2026-09-06,14:15:00,51.65,51.65,51.65,51.65,653
2026-09-06,14:45:00,51.6,51.75,51.55,51.75,1676
2026-09-07,10:00:00,51.7,51.9,51.6,51.8,5675
2026-09-07,10:30:00,51.75,51.8,51.55,51.6,7061
2026-09-07,11:00:00,51.65,51.65,51.55,51.6,280
2026-09-07,11:30:00,51.6,51.6,51.5,51.55,692
2026-09-07,12:00:00,51.55,51.6,51.5,51.5,5933
2026-09-07,12:30:00,51.5,51.55,51.5,51.55,2602
2026-09-07,13:00:00,51.55,51.55,51.5,51.55,245
2026-09-07,13:30:00,51.5,51.55,51.4,51.4,2113
2026-09-07,14:00:00,51.45,51.45,51.0,51.2,13903
2026-09-07,14:30:00,51.3,51.5,51.25,51.3,6370
2026-09-07,15:00:00,51.45,51.45,51.45,51.45,831
2026-09-08,10:00:00,51.45,51.45,51.0,51.15,4472
2026-09-08,10:30:00,51.2,51.4,51.05,51.35,2290
2026-09-08,11:00:00,51.35,51.35,51.2,51.2,466
2026-09-08,11:30:00,51.2,51.25,51.1,51.2,2340
2026-09-08,12:00:00,51.15,51.25,51.1,51.25,1229
2026-09-08,12:30:00,51.3,51.35,51.25,51.25,1138
2026-09-08,13:00:00,51.35,51.35,51.3,51.3,309
2026-09-08,13:30:00,51.3,51.35,51.25,51.25,1519
2026-09-08,14:00:00,51.25,51.3,51.2,51.25,2238
2026-09-08,14:30:00,51.25,51.3,51.15,51.15,4547
2026-09-08,15:00:00,51.35,51.35,51.35,51.35,414
2026-09-09,10:00:00,51.35,51.35,51.2,51.3,1025
2026-09-09,10:30:00,51.35,51.35,51.15,51.15,1200
2026-09-09,11:00:00,51.2,51.2,51.1,51.2,155
2026-09-09,11:30:00,51.2,51.25,51.1,51.1,1453
2026-09-09,12:00:00,51.05,51.2,51.05,51.15,2225
2026-09-09,12:30:00,51.1,51.2,51.05,51.15,1398
2026-09-09,13:00:00,51.05,51.4,51.05,51.2,11073
2026-09-09,13:30:00,51.2,51.25,51.15,51.25,34
2026-09-09,14:00:00,51.15,51.2,51.0,51.0,5186
2026-09-09,14:30:00,51.0,51.25,51.0,51.1,5880
2026-09-10,10:15:00,51.3,51.45,51.25,51.4,1447
2026-09-10,10:45:00,51.35,51.4,51.2,51.3,21539
2026-09-10,11:15:00,51.2,51.35,51.2,51.35,3089
2026-09-10,11:45:00,51.4,51.4,51.25,51.4,444
2026-09-10,12:15:00,51.4,51.45,51.35,51.45,267
2026-09-10,12:45:00,51.4,51.5,51.4,51.5,782
2026-09-10,13:15:00,51.5,51.6,51.5,51.55,2034
2026-09-10,13:45:00,51.6,51.6,51.5,51.5,1624
2026-09-10,14:15:00,51.5,51.65,51.45,51.65,2088
2026-09-10,14:45:00,51.65,51.8,51.45,51.55,12762
2026-09-13,10:00:00,51.3,51.3,51.05,51.1,5307
2026-09-13,10:30:00,51.15,51.2,51.1,51.1,814
2026-09-13,11:00:00,51.1,51.25,51.0,51.05,11650
2026-09-13,11:30:00,51.2,51.2,51.05,51.05,3264
2026-09-13,12:00:00,51.1,51.1,51.05,51.1,476
2026-09-13,12:30:00,51.2,51.25,51.1,51.15,2621
2026-09-13,13:00:00,51.1,51.15,51.05,51.05,1520
2026-09-13,13:30:00,51.1,51.1,50.95,50.95,11472
2026-09-13,14:00:00,50.95,51.0,50.95,51.0,997
2026-09-13,14:30:00,51.05,51.15,50.95,51.05,1393
2026-09-14,10:15:00,50.95,51.0,50.8,50.85,8275
2026-09-14,10:45:00,50.85,51.1,50.85,51.1,3158
2026-09-14,11:15:00,51.15,51.3,51.15,51.25,2338
2026-09-14,11:45:00,51.3,51.35,51.25,51.35,808
2026-09-14,12:15:00,51.25,51.35,51.0,51.3,3628
2026-09-14,12:45:00,51.35,51.45,51.25,51.25,2618
2026-09-14,13:15:00,51.35,51.45,51.3,51.45,1607
2026-09-14,13:45:00,51.45,51.45,51.15,51.15,11147
2026-09-14,14:15:00,51.35,51.5,51.2,51.2,5989
2026-09-14,14:45:00,51.35,51.6,51.2,51.5,18593
2026-09-15,10:15:00,51.75,52.1,51.55,52.1,9600
2026-09-15,10:45:00,52.05,52.1,51.7,51.9,15873
2026-09-15,11:15:00,51.85,52.6,51.85,52.1,19678
2026-09-15,11:45:00,52.1,52.35,52.0,52.3,3546
2026-09-15,12:15:00,52.2,52.5,52.1,52.25,8727
2026-09-15,12:45:00,52.35,52.4,52.1,52.1,6009
2026-09-15,13:15:00,52.1,52.2,52.0,52.0,4625
2026-09-15,13:45:00,52.0,52.1,51.9,51.95,6633
2026-09-15,14:15:00,51.9,52.0,51.5,51.9,16370
2026-09-15,14:45:00,51.95,52.0,51.8,51.8,2906
2026-09-16,10:00:00,51.9,52.35,51.9,52.0,4012
2026-09-16,10:30:00,52.0,52.1,51.6,51.65,3463
2026-09-16,11:00:00,51.55,51.65,51.45,51.6,1847
2026-09-16,11:30:00,51.6,51.7,51.6,51.7,564
2026-09-16,12:00:00,51.7,51.7,51.6,51.65,2130
2026-09-16,12:30:00,51.6,51.85,51.6,51.75,2081
2026-09-16,13:00:00,51.85,51.95,51.7,51.95,2684
2026-09-16,13:30:00,51.9,51.95,51.75,51.8,826
2026-09-16,14:00:00,51.85,51.9,51.7,51.9,2985
2026-09-16,14:30:00,51.9,52.0,51.7,51.7,4104
2026-09-16,15:00:00,52.0,52.0,52.0,52.0,5554
2026-09-17,10:00:00,52.0,52.0,51.7,51.8,1788
2026-09-17,10:30:00,51.8,51.9,51.65,51.65,3733
2026-09-17,11:00:00,51.65,51.75,51.65,51.75,2744
2026-09-17,11:30:00,51.8,51.9,51.75,51.8,682
2026-09-17,12:00:00,51.75,51.9,51.75,51.9,815
2026-09-17,12:30:00,51.8,51.8,51.6,51.6,1546
2026-09-17,13:00:00,51.6,51.75,51.6,51.6,3806
2026-09-17,13:30:00,51.6,51.75,51.6,51.65,1781
2026-09-17,14:00:00,51.65,51.65,51.55,51.6,1307
2026-09-17,14:30:00,51.6,51.8,51.5,51.5,3292
2026-09-17,15:00:00,51.4,51.4,51.4,51.4,6958
2026-09-20,10:00:00,51.4,51.4,51.0,51.0,3452
2026-09-20,10:30:00,50.95,51.2,50.95,51.05,1164
2026-09-20,11:00:00,51.0,51.1,51.0,51.0,599
2026-09-20,11:30:00,51.1,51.1,50.95,51.0,3190
2026-09-20,12:00:00,51.0,51.1,50.95,50.95,3267
2026-09-20,12:30:00,50.95,51.0,50.9,51.0,289
2026-09-20,13:00:00,50.9,51.05,50.9,50.95,1262
2026-09-20,13:30:00,51.0,51.2,50.95,51.1,1636
2026-09-20,14:00:00,51.15,51.35,51.05,51.35,2379
2026-09-20,14:30:00,51.1,51.25,51.05,51.05,1168
2026-09-21,10:15:00,51.05,51.05,51.0,51.0,632
2026-09-21,10:45:00,51.05,51.2,51.0,51.05,3559
2026-09-21,11:15:00,51.05,51.1,51.0,51.1,2208
2026-09-21,11:45:00,51.1,51.2,51.05,51.1,1384
2026-09-21,12:15:00,51.1,51.1,51.05,51.05,368
2026-09-21,12:45:00,51.0,51.05,51.0,51.05,96
2026-09-21,13:15:00,51.0,51.05,50.95,50.95,1458
2026-09-21,13:45:00,51.0,51.0,50.9,50.9,727
2026-09-21,14:15:00,50.9,51.05,50.9,50.95,3171
2026-09-21,14:45:00,50.95,51.0,50.9,51.0,2516
