Date,Time,Open,High,Low,Close,Volume
2024-08-12,10:00:00,13.7,13.7,13.4,13.48,106635
2024-08-12,10:30:00,13.48,13.58,13.42,13.48,53559
2024-08-12,11:00:00,13.48,13.58,13.42,13.56,20775
2024-08-12,11:30:00,13.54,13.54,13.46,13.46,18770
2024-08-12,12:00:00,13.46,13.5,13.4,13.42,44688
2024-08-12,12:30:00,13.44,13.46,13.4,13.44,20007
2024-08-12,13:00:00,13.44,13.44,13.32,13.36,41220
2024-08-12,13:30:00,13.38,13.42,13.36,13.4,14748
2024-08-12,14:00:00,13.4,13.44,13.38,13.44,7921
2024-08-12,14:30:00,13.42,13.48,13.38,13.38,44170
2024-08-12,15:00:00,13.4,13.4,13.4,13.4,6271
2024-08-13,10:00:00,13.4,13.66,13.34,13.46,55640
2024-08-13,10:30:00,13.48,13.48,13.28,13.3,97682
2024-08-13,11:00:00,13.3,13.3,13.18,13.22,62941
2024-08-13,11:30:00,13.24,13.3,13.22,13.26,15607
2024-08-13,12:00:00,13.26,13.3,13.16,13.18,83613
2024-08-13,12:30:00,13.18,13.24,13.16,13.24,77039
2024-08-13,13:00:00,13.22,13.36,13.22,13.36,50748
2024-08-13,13:30:00,13.36,13.4,13.3,13.38,76382
2024-08-13,14:00:00,13.38,13.38,13.3,13.36,112999
2024-08-13,14:30:00,13.34,13.36,13.2,13.26,82455
2024-08-13,15:00:00,13.26,13.26,13.26,13.26,14262
2024-08-14,10:00:00,13.38,13.42,13.28,13.42,66309
2024-08-14,10:30:00,13.42,13.48,13.4,13.46,63331
2024-08-14,11:00:00,13.44,13.56,13.44,13.54,101555
2024-08-14,11:30:00,13.52,13.54,13.44,13.5,45537
2024-08-14,12:00:00,13.48,13.5,13.38,13.38,29818
2024-08-14,12:30:00,13.38,13.44,13.34,13.4,66716
2024-08-14,13:00:00,13.38,13.44,13.36,13.42,57132
2024-08-14,13:30:00,13.4,13.48,13.4,13.48,36974
2024-08-14,14:00:00,13.48,13.5,13.42,13.44,36290
2024-08-14,14:30:00,13.44,13.48,13.4,13.46,87879
2024-08-14,15:00:00,13.46,13.46,13.46,13.46,8250
2024-08-15,10:00:00,13.46,13.64,13.46,13.52,67058
2024-08-15,10:30:00,13.54,13.7,13.54,13.62,66955
2024-08-15,11:00:00,13.62,13.64,13.48,13.58,41094
2024-08-15,11:30:00,13.58,13.6,13.52,13.54,33587
2024-08-15,12:00:00,13.56,13.62,13.54,13.58,28425
2024-08-15,12:30:00,13.6,13.62,13.56,13.6,31873
2024-08-15,13:00:00,13.6,13.76,13.58,13.64,187427
2024-08-15,13:30:00,13.62,13.7,13.6,13.66,59936
2024-08-15,14:00:00,13.68,13.88,13.68,13.88,281797
2024-08-15,14:30:00,13.88,13.88,13.74,13.78,80210
2024-08-15,15:00:00,13.78,13.78,13.78,13.78,8259
2024-08-18,10:00:00,13.78,14.28,13.78,14.26,314958
2024-08-18,10:30:00,14.26,14.9,14.24,14.58,852789
2024-08-18,11:00:00,14.58,14.64,14.4,14.52,166237
2024-08-18,11:30:00,14.54,14.54,14.38,14.38,131992
2024-08-18,12:00:00,14.36,14.44,14.32,14.38,97643
2024-08-18,12:30:00,14.42,14.46,14.4,14.44,33709
2024-08-18,13:00:00,14.44,14.44,14.34,14.34,43895
2024-08-18,13:30:00,14.34,14.38,14.3,14.36,31610
2024-08-18,14:00:00,14.38,14.38,14.3,14.32,46396
2024-08-18,14:30:00,14.34,14.36,14.28,14.34,73276
2024-08-18,15:00:00,14.38,14.38,14.38,14.38,15585
2024-08-19,10:00:00,14.38,14.5,14.22,14.26,152756
2024-08-19,10:30:00,14.24,14.26,14.14,14.14,99132
2024-08-19,11:00:00,14.16,14.26,14.12,14.26,68255
2024-08-19,11:30:00,14.22,14.26,14.2,14.24,38514
2024-08-19,12:00:00,14.22,14.24,14.14,14.16,68236
2024-08-19,12:30:00,14.18,14.26,14.14,14.2,58137
2024-08-19,13:00:00,14.2,14.22,14.18,14.22,40666
2024-08-19,13:30:00,14.18,14.22,14.18,14.2,46578
2024-08-19,14:00:00,14.18,14.34,14.18,14.34,57215
2024-08-19,14:30:00,14.34,14.34,14.26,14.3,75989
2024-08-19,15:00:00,14.24,14.24,14.24,14.24,11929
2024-08-20,10:00:00,14.26,14.28,14.14,14.28,97979
2024-08-20,10:30:00,14.28,14.44,14.26,14.4,89312
2024-08-20,11:00:00,14.38,14.62,14.36,14.6,248034
2024-08-20,11:30:00,14.6,14.6,14.5,14.52,228892
2024-08-20,12:00:00,14.52,14.68,14.46,14.66,140026
2024-08-20,12:30:00,14.62,14.78,14.6,14.62,228269
2024-08-20,13:00:00,14.64,14.7,14.62,14.62,70409
2024-08-20,13:30:00,14.62,14.66,14.58,14.62,61255
2024-08-20,14:00:00,14.6,14.62,14.5,14.52,45942
2024-08-20,14:30:00,14.52,14.66,14.5,14.62,63106
2024-08-20,15:00:00,14.54,14.54,14.54,14.54,765
2024-08-21,10:00:00,14.62,14.66,14.44,14.56,137555
2024-08-21,10:30:00,14.6,14.8,14.56,14.7,237896
2024-08-21,11:00:00,14.7,14.7,14.5,14.56,145568
2024-08-21,11:30:00,14.56,14.56,14.44,14.5,161451
2024-08-21,12:00:00,14.46,14.5,14.4,14.44,65914
2024-08-21,12:30:00,14.46,14.48,14.4,14.44,55554
2024-08-21,13:00:00,14.44,14.48,14.4,14.44,62149
2024-08-21,13:30:00,14.44,14.5,14.36,14.36,118550
2024-08-21,14:00:00,14.38,14.4,14.3,14.38,87505
2024-08-21,14:30:00,14.36,14.4,14.36,14.36,38491
2024-08-21,15:00:00,14.36,14.36,14.36,14.36,7191
2024-08-22,10:00:00,14.4,14.6,14.34,14.42,47827
2024-08-22,10:30:00,14.44,14.56,14.4,14.5,113182
2024-08-22,11:00:00,14.5,14.76,14.48,14.74,353595
2024-08-22,11:30:00,14.76,14.98,14.74,14.82,705637
2024-08-22,12:00:00,14.78,14.82,14.76,14.78,123962
2024-08-22,12:30:00,14.78,14.8,14.7,14.74,124412
2024-08-22,13:00:00,14.74,14.76,14.7,14.74,103981
2024-08-22,13:30:00,14.72,14.72,14.68,14.72,106454
2024-08-22,14:00:00,14.72,14.76,14.7,14.74,46047
2024-08-22,14:30:00,14.74,14.76,14.7,14.72,82099
2024-08-22,15:00:00,14.76,14.76,14.76,14.76,26953
2024-08-25,10:00:00,14.88,14.98,14.8,14.88,185166
2024-08-25,10:30:00,14.88,15.08,14.82,14.82,367060
2024-08-25,11:00:00,14.84,14.96,14.74,14.78,335531
2024-08-25,11:30:00,14.8,14.9,14.78,14.8,84534
2024-08-25,12:00:00,14.8,14.84,14.74,14.76,84028
2024-08-25,12:30:00,14.76,14.8,14.74,14.76,115015
2024-08-25,13:00:00,14.78,14.78,14.6,14.62,167795
2024-08-25,13:30:00,14.6,14.66,14.58,14.62,67629
2024-08-25,14:00:00,14.62,14.72,14.62,14.66,48066
2024-08-25,14:30:00,14.66,14.7,14.64,14.68,44665
2024-08-25,15:00:00,14.66,14.66,14.66,14.66,10923
2024-08-26,10:00:00,14.72,14.76,14.62,14.68,69521
2024-08-26,10:30:00,14.68,14.7,14.64,14.7,45737
2024-08-26,11:00:00,14.66,14.7,14.58,14.62,47708
2024-08-26,11:30:00,14.62,14.64,14.58,14.64,28658
2024-08-26,12:00:00,14.64,14.66,14.6,14.66,17793
2024-08-26,12:30:00,14.62,14.66,14.6,14.64,10175
2024-08-26,13:00:00,14.62,14.66,14.6,14.62,5249
2024-08-26,13:30:00,14.62,14.66,14.6,14.66,16778
2024-08-26,14:00:00,14.66,14.66,14.6,14.62,15157
2024-08-26,14:30:00,14.62,14.62,14.56,14.56,28726
2024-08-26,15:00:00,14.56,14.56,14.56,14.56,4174
2024-08-27,10:00:00,14.5,14.6,14.5,14.52,80304
2024-08-27,10:30:00,14.52,14.64,14.52,14.58,19467
2024-08-27,11:00:00,14.6,14.6,14.5,14.52,29371
2024-08-27,11:30:00,14.52,14.54,14.5,14.5,59046
2024-08-27,12:00:00,14.5,14.52,14.4,14.42,55549
2024-08-27,12:30:00,14.46,14.52,14.44,14.5,21275
2024-08-27,13:00:00,14.5,14.52,14.44,14.5,13868
2024-08-27,13:30:00,14.48,14.5,14.42,14.44,42996
2024-08-27,14:00:00,14.46,14.48,14.44,14.44,9683
2024-08-27,14:30:00,14.44,14.46,14.34,14.34,89439
2024-08-27,15:00:00,14.36,14.36,14.36,14.36,4892
2024-08-28,10:00:00,14.36,14.42,14.3,14.4,46888
2024-08-28,10:30:00,14.36,14.4,14.3,14.3,21886
2024-08-28,11:00:00,14.32,14.4,14.28,14.34,33130
2024-08-28,11:30:00,14.38,14.38,14.34,14.38,21856
2024-08-28,12:00:00,14.38,14.48,14.38,14.42,18680
2024-08-28,12:30:00,14.44,14.48,14.38,14.44,17055
2024-08-28,13:00:00,14.44,14.46,14.4,14.44,13406
2024-08-28,13:30:00,14.44,14.46,14.38,14.4,7500
2024-08-28,14:00:00,14.38,14.4,14.36,14.38,15542
2024-08-28,14:30:00,14.4,14.46,14.38,14.4,17153
2024-08-28,15:00:00,14.4,14.4,14.4,14.4,4774
2024-08-29,10:00:00,14.5,14.5,14.4,14.4,9804
2024-08-29,10:30:00,14.42,14.44,14.38,14.4,18223
2024-08-29,11:00:00,14.42,14.46,14.42,14.46,15718
2024-08-29,11:30:00,14.42,14.46,14.4,14.4,6729
2024-08-29,12:00:00,14.4,14.42,14.4,14.42,21016
2024-08-29,12:30:00,14.42,14.54,14.42,14.54,26579
2024-08-29,13:00:00,14.5,14.52,14.48,14.52,17204
2024-08-29,13:30:00,14.5,14.52,14.48,14.48,11652
2024-08-29,14:00:00,14.46,14.5,14.4,14.44,21801
2024-08-29,14:30:00,14.44,14.46,14.38,14.4,16386
2024-08-29,15:00:00,14.44,14.44,14.44,14.44,6020
2024-09-01,10:00:00,14.44,14.54,14.44,14.48,22236
2024-09-01,10:30:00,14.46,14.76,14.46,14.64,91084
2024-09-01,11:00:00,14.62,14.64,14.6,14.64,37117
2024-09-01,11:30:00,14.62,14.64,14.58,14.64,27457
2024-09-01,12:00:00,14.62,14.64,14.58,14.64,17611
2024-09-01,12:30:00,14.64,14.68,14.6,14.68,51175
2024-09-01,13:00:00,14.64,14.74,14.64,14.7,29804
2024-09-01,13:30:00,14.68,14.74,14.68,14.7,16549
2024-09-01,14:00:00,14.7,14.72,14.66,14.66,14706
2024-09-01,14:30:00,14.7,14.8,14.66,14.68,58838
2024-09-01,15:00:00,14.8,14.8,14.8,14.8,26249
2024-09-02,10:00:00,14.82,14.84,14.7,14.8,72098
2024-09-02,10:30:00,14.82,14.96,14.8,14.94,279838
2024-09-02,11:00:00,14.94,15.06,14.94,14.96,313742
2024-09-02,11:30:00,15.0,15.1,15.0,15.02,112616
2024-09-02,12:00:00,15.02,15.02,14.9,14.96,78325
2024-09-02,12:30:00,14.92,15.0,14.9,14.92,44648
2024-09-02,13:00:00,14.94,14.94,14.86,14.88,45570
2024-09-02,13:30:00,14.9,14.92,14.82,14.92,56076
2024-09-02,14:00:00,14.92,14.92,14.86,14.88,27267
2024-09-02,14:30:00,14.88,14.9,14.78,14.88,94386
2024-09-02,15:00:00,14.9,14.9,14.9,14.9,6780
2024-09-03,10:00:00,14.94,14.94,14.8,14.8,34798
2024-09-03,10:30:00,14.82,14.84,14.8,14.82,15842
2024-09-03,11:00:00,14.82,14.86,14.8,14.84,27711
2024-09-03,11:30:00,14.86,14.86,14.78,14.8,19774
2024-09-03,12:00:00,14.8,14.82,14.74,14.76,25028
2024-09-03,12:30:00,14.76,14.8,14.74,14.78,24063
2024-09-03,13:00:00,14.78,14.8,14.76,14.76,18269
2024-09-03,13:30:00,14.78,14.78,14.68,14.72,56299
2024-09-03,14:00:00,14.74,14.76,14.72,14.74,21162
2024-09-03,14:30:00,14.74,14.76,14.72,14.74,45158
2024-09-03,15:00:00,14.7,14.7,14.7,14.7,5545
2024-09-04,10:00:00,14.54,14.68,14.4,14.58,69677
2024-09-04,10:30:00,14.6,14.62,14.5,14.58,39341
2024-09-04,11:00:00,14.6,14.6,14.48,14.52,55714
2024-09-04,11:30:00,14.52,14.54,14.48,14.48,29500
2024-09-04,12:00:00,14.5,14.5,14.46,14.48,18316
2024-09-04,12:30:00,14.48,14.5,14.46,14.48,64795
2024-09-04,13:00:00,14.46,14.5,14.44,14.46,73030
2024-09-04,13:30:00,14.46,14.54,14.46,14.54,44134
2024-09-04,14:00:00,14.52,14.52,14.48,14.5,22321
2024-09-04,14:30:00,14.5,14.52,14.48,14.48,15332
2024-09-04,15:00:00,14.5,14.5,14.5,14.5,3454
2024-09-05,10:00:00,14.52,14.58,14.5,14.56,23644
2024-09-05,10:30:00,14.52,14.54,14.48,14.52,9624
2024-09-05,11:00:00,14.52,14.62,14.52,14.58,16103
2024-09-05,11:30:00,14.58,14.64,14.52,14.54,14874
2024-09-05,12:00:00,14.5,14.56,14.48,14.48,20120
2024-09-05,12:30:00,14.48,14.5,14.42,14.42,13545
2024-09-05,13:00:00,14.42,14.46,14.38,14.42,35387
2024-09-05,13:30:00,14.42,14.44,14.4,14.44,27529
2024-09-05,14:00:00,14.42,14.44,14.38,14.4,12007
2024-09-05,14:30:00,14.38,14.46,14.38,14.42,25384
2024-09-05,15:00:00,14.42,14.42,14.42,14.42,6572
2024-09-08,10:00:00,14.4,14.4,14.24,14.28,64752
2024-09-08,10:30:00,14.3,14.38,14.28,14.36,21461
2024-09-08,11:00:00,14.36,14.38,14.28,14.28,23050
2024-09-08,11:30:00,14.3,14.36,14.24,14.26,26799
2024-09-08,12:00:00,14.26,14.3,14.22,14.22,11043
2024-09-08,12:30:00,14.24,14.3,14.22,14.24,16606
2024-09-08,13:00:00,14.24,14.28,14.24,14.26,6739
2024-09-08,13:30:00,14.28,14.5,14.28,14.48,28705
2024-09-08,14:00:00,14.48,14.48,14.34,14.4,16619
2024-09-08,14:30:00,14.44,14.44,14.36,14.38,26547
2024-09-08,15:00:00,14.38,14.38,14.38,14.38,5856
2024-09-09,10:00:00,14.36,14.48,14.36,14.38,21938
2024-09-09,10:30:00,14.38,14.42,14.32,14.32,5961
2024-09-09,11:00:00,14.32,14.34,14.26,14.28,9998
2024-09-09,11:30:00,14.28,14.32,14.26,14.32,12074
2024-09-09,12:00:00,14.32,14.36,14.3,14.34,14072
2024-09-09,12:30:00,14.32,14.34,14.3,14.34,3103
2024-09-09,13:00:00,14.34,14.38,14.34,14.36,9991
2024-09-09,13:30:00,14.36,14.36,14.3,14.32,10269
2024-09-09,14:00:00,14.34,14.38,14.32,14.38,5298
2024-09-09,14:30:00,14.36,14.4,14.0,14.08,454338
2024-09-09,15:00:00,14.06,14.06,14.06,14.06,31166
2024-09-10,10:00:00,14.14,14.26,14.14,14.26,61918
2024-09-10,10:30:00,14.26,14.26,14.24,14.26,18714
2024-09-10,11:00:00,14.28,14.28,14.22,14.26,12443
2024-09-10,11:30:00,14.22,14.22,14.04,14.14,80295
2024-09-10,12:00:00,14.12,14.14,14.08,14.1,10600
2024-09-10,12:30:00,14.1,14.12,14.0,14.02,67763
2024-09-10,13:00:00,14.02,14.1,14.02,14.08,9509
2024-09-10,13:30:00,14.08,14.12,14.08,14.12,12380
2024-09-10,14:00:00,14.12,14.16,14.1,14.14,19273
2024-09-10,14:30:00,14.12,14.18,14.1,14.14,36740
2024-09-10,15:00:00,14.2,14.2,14.2,14.2,6101
2024-09-11,10:00:00,14.2,14.2,14.06,14.12,42255
2024-09-11,10:30:00,14.16,14.2,14.12,14.12,17582
2024-09-11,11:00:00,14.16,14.16,14.06,14.08,16356
2024-09-11,11:30:00,14.1,14.1,14.06,14.08,13975
2024-09-11,12:00:00,14.1,14.1,14.02,14.04,29638
2024-09-11,12:30:00,14.06,14.1,14.06,14.06,13743
2024-09-11,13:00:00,14.04,14.1,14.02,14.1,7343
2024-09-11,13:30:00,14.08,14.08,14.04,14.04,32562
2024-09-11,14:00:00,14.08,14.08,13.98,14.0,73361
2024-09-11,14:30:00,13.98,14.04,13.9,14.04,49480
2024-09-11,15:00:00,14.04,14.04,14.04,14.04,3177
2024-09-12,10:00:00,14.06,14.18,14.06,14.16,29092
2024-09-12,10:30:00,14.12,14.14,14.04,14.1,40523
2024-09-12,11:00:00,14.08,14.1,14.04,14.06,17195
2024-09-12,11:30:00,14.06,14.06,13.94,14.0,30014
2024-09-12,12:00:00,14.0,14.04,13.98,14.04,19285
2024-09-12,12:30:00,14.02,14.06,14.0,14.06,1345
2024-09-12,13:00:00,14.04,14.12,14.02,14.06,7609
2024-09-12,13:30:00,14.04,14.06,14.02,14.04,3414
2024-09-12,14:00:00,14.04,14.06,14.04,14.06,9285
2024-09-12,14:30:00,14.06,14.14,14.02,14.12,13307
2024-09-12,15:00:00,14.12,14.12,14.12,14.12,5251
2024-09-15,10:00:00,14.12,14.24,14.12,14.16,32395
2024-09-15,10:30:00,14.18,14.2,14.08,14.08,31511
2024-09-15,11:00:00,14.12,14.14,14.08,14.14,18790
2024-09-15,11:30:00,14.14,14.16,14.08,14.12,24937
2024-09-15,12:00:00,14.1,14.16,14.06,14.16,13630
2024-09-15,12:30:00,14.16,14.16,14.12,14.14,31524
2024-09-15,13:00:00,14.14,14.16,14.14,14.16,13443
2024-09-15,13:30:00,14.16,14.18,14.12,14.12,17239
2024-09-15,14:00:00,14.1,14.12,14.1,14.1,13151
2024-09-15,14:30:00,14.1,14.12,14.1,14.12,7489
2024-09-15,15:00:00,14.12,14.12,14.12,14.12,3527
2024-09-16,10:00:00,14.1,14.12,14.04,14.06,24198
2024-09-16,10:30:00,14.06,14.08,13.98,14.0,48882
2024-09-16,11:00:00,14.02,14.04,13.94,13.98,21741
2024-09-16,11:30:00,13.96,14.0,13.96,14.0,23960
2024-09-16,12:00:00,14.0,14.04,13.96,14.0,34733
2024-09-16,12:30:00,14.0,14.0,13.96,13.96,17932
2024-09-16,13:00:00,13.96,13.98,13.94,13.96,27705
2024-09-16,13:30:00,13.98,14.0,13.9,13.9,47420
2024-09-16,14:00:00,13.92,14.0,13.9,13.98,59742
2024-09-16,14:30:00,13.96,14.0,13.96,14.0,25744
2024-09-16,15:00:00,14.0,14.0,14.0,14.0,11484
2024-09-17,10:00:00,14.0,14.12,14.0,14.06,53095
2024-09-17,10:30:00,14.04,14.06,14.02,14.04,30327
2024-09-17,11:00:00,14.02,14.06,14.0,14.02,29065
2024-09-17,11:30:00,14.02,14.1,14.02,14.04,20796
2024-09-17,12:00:00,14.04,14.1,14.04,14.1,11434
2024-09-17,12:30:00,14.1,14.1,14.0,14.04,39512
2024-09-17,13:00:00,14.06,14.08,14.02,14.02,11004
2024-09-17,13:30:00,14.02,14.04,14.0,14.04,31199
2024-09-17,14:00:00,14.04,14.06,14.02,14.04,14855
2024-09-17,14:30:00,14.04,14.1,14.02,14.1,32077
2024-09-17,15:00:00,14.1,14.1,14.1,14.1,11230
2024-09-18,10:00:00,14.1,14.24,14.08,14.18,86219
2024-09-18,10:30:00,14.16,14.16,14.1,14.14,7082
2024-09-18,11:00:00,14.14,14.14,14.08,14.12,45421
2024-09-18,11:30:00,14.1,14.12,14.06,14.12,24058
2024-09-18,12:00:00,14.12,14.14,14.1,14.14,10326
2024-09-18,12:30:00,14.12,14.14,14.1,14.14,19388
2024-09-18,13:00:00,14.12,14.18,14.12,14.16,6845
2024-09-18,13:30:00,14.14,14.14,14.12,14.14,8610
2024-09-18,14:00:00,14.14,14.18,14.12,14.18,9042
2024-09-18,14:30:00,14.16,14.18,14.1,14.12,34206
2024-09-18,15:00:00,14.14,14.14,14.14,14.14,6357
2024-09-19,10:00:00,14.16,14.28,14.16,14.2,40162
2024-09-19,10:30:00,14.22,14.28,14.2,14.26,17890
2024-09-19,11:00:00,14.24,14.24,14.16,14.18,15174
2024-09-19,11:30:00,14.16,14.2,14.16,14.2,11185
2024-09-19,12:00:00,14.2,14.2,14.12,14.18,33549
2024-09-19,12:30:00,14.18,14.22,14.18,14.22,6942
2024-09-19,13:00:00,14.22,14.24,14.2,14.22,8291
2024-09-19,13:30:00,14.22,14.26,14.22,14.22,21373
2024-09-19,14:00:00,14.24,14.24,14.2,14.22,23041
2024-09-19,14:30:00,14.22,14.22,14.16,14.22,33356
2024-09-19,15:00:00,14.16,14.16,14.16,14.16,5081
2024-09-22,10:00:00,14.12,14.22,14.12,14.2,8286
2024-09-22,10:30:00,14.2,14.26,14.18,14.18,46611
2024-09-22,11:00:00,14.18,14.2,14.1,14.2,52959
2024-09-22,11:30:00,14.18,14.18,14.16,14.18,14999
2024-09-22,12:00:00,14.16,14.2,14.16,14.18,11845
2024-09-22,12:30:00,14.2,14.2,14.1,14.16,23785
2024-09-22,13:00:00,14.14,14.16,14.1,14.14,29553
2024-09-22,13:30:00,14.14,14.16,14.12,14.14,20203
2024-09-22,14:00:00,14.16,14.16,14.12,14.14,8760
2024-09-22,14:30:00,14.12,14.16,14.12,14.14,9736
2024-09-22,15:00:00,14.14,14.14,14.14,14.14,7114
2024-09-24,10:00:00,14.22,14.22,14.1,14.18,60270
2024-09-24,10:30:00,14.14,14.16,14.1,14.14,28746
2024-09-24,11:00:00,14.12,14.12,14.0,14.04,112474
2024-09-24,11:30:00,14.04,14.08,13.98,14.06,93256
2024-09-24,12:00:00,14.08,14.1,14.04,14.08,10700
2024-09-24,12:30:00,14.06,14.08,14.04,14.06,11811
2024-09-24,13:00:00,14.08,14.1,14.06,14.08,23012
2024-09-24,13:30:00,14.1,14.14,14.08,14.14,25464
2024-09-24,14:00:00,14.14,14.14,14.08,14.1,36752
2024-09-24,14:30:00,14.12,14.14,14.1,14.12,32347
2024-09-24,15:00:00,14.12,14.12,14.12,14.12,2501
2024-09-25,10:00:00,14.16,14.22,14.12,14.18,51085
2024-09-25,10:30:00,14.18,14.22,14.16,14.2,29744
2024-09-25,11:00:00,14.22,14.22,14.18,14.2,36381
2024-09-25,11:30:00,14.22,14.24,14.2,14.2,37635
2024-09-25,12:00:00,14.2,14.26,14.2,14.24,25637
2024-09-25,12:30:00,14.24,14.26,14.22,14.24,40048
2024-09-25,13:00:00,14.24,14.26,14.22,14.24,9567
2024-09-25,13:30:00,14.24,14.52,14.22,14.46,399303
2024-09-25,14:00:00,14.46,14.46,14.32,14.4,107631
2024-09-25,14:30:00,14.4,14.4,14.22,14.28,142262
2024-09-25,15:00:00,14.24,14.24,14.24,14.24,20301
2024-09-26,10:00:00,14.3,14.52,14.28,14.4,175618
2024-09-26,10:30:00,14.42,14.44,14.34,14.44,80300
2024-09-26,11:00:00,14.46,14.6,14.4,14.5,141487
2024-09-26,11:30:00,14.54,14.58,14.44,14.52,143455
2024-09-26,12:00:00,14.52,14.52,14.4,14.4,78405
2024-09-26,12:30:00,14.4,14.42,14.36,14.38,30988
2024-09-26,13:00:00,14.4,14.54,14.36,14.44,64927
2024-09-26,13:30:00,14.42,14.46,14.4,14.4,61595
2024-09-26,14:00:00,14.42,14.42,14.36,14.38,48505
2024-09-26,14:30:00,14.38,14.48,14.38,14.42,62456
2024-09-26,15:00:00,14.42,14.42,14.42,14.42,14216
2024-09-29,10:00:00,14.42,14.56,14.36,14.46,112591
2024-09-29,10:30:00,14.46,14.54,14.46,14.5,84752
2024-09-29,11:00:00,14.46,14.52,14.44,14.44,20951
2024-09-29,11:30:00,14.46,14.48,14.38,14.42,62152
2024-09-29,12:00:00,14.44,14.44,14.38,14.42,27685
2024-09-29,12:30:00,14.42,14.42,14.36,14.36,35224
2024-09-29,13:00:00,14.36,14.4,14.36,14.36,56874
2024-09-29,13:30:00,14.38,14.42,14.36,14.38,71659
2024-09-29,14:00:00,14.38,14.4,14.34,14.36,29686
2024-09-29,14:30:00,14.36,14.4,14.34,14.34,30857
2024-09-29,15:00:00,14.34,14.34,14.34,14.34,7397
2024-09-30,10:00:00,14.34,14.46,14.34,14.42,57915
2024-09-30,10:30:00,14.42,14.42,14.36,14.4,29655
2024-09-30,11:00:00,14.4,14.4,14.3,14.34,37932
2024-09-30,11:30:00,14.34,14.38,14.32,14.32,24549
2024-09-30,12:00:00,14.32,14.34,14.32,14.34,10972
2024-09-30,12:30:00,14.34,14.4,14.34,14.4,21998
2024-09-30,13:00:00,14.4,14.42,14.36,14.4,16338
2024-09-30,13:30:00,14.38,14.42,14.36,14.38,26609
2024-09-30,14:00:00,14.38,14.38,14.32,14.32,38225
2024-09-30,14:30:00,14.32,14.5,14.32,14.5,130120
2024-09-30,15:00:00,14.5,14.5,14.5,14.5,37707
2024-10-01,10:00:00,14.52,14.78,14.52,14.62,449532
2024-10-01,10:30:00,14.64,14.7,14.56,14.6,150543
2024-10-01,11:00:00,14.6,14.64,14.58,14.62,75017
2024-10-01,11:30:00,14.64,14.68,14.62,14.62,38830
2024-10-01,12:00:00,14.62,14.64,14.54,14.56,86253
2024-10-01,12:30:00,14.56,14.62,14.54,14.54,83130
2024-10-01,13:00:00,14.54,14.58,14.48,14.48,75483
2024-10-01,13:30:00,14.48,14.6,14.44,14.54,98518
2024-10-01,14:00:00,14.52,14.56,14.52,14.52,11465
2024-10-01,14:30:00,14.52,14.7,14.52,14.7,110860
2024-10-01,15:00:00,14.7,14.7,14.7,14.7,49568
2024-10-02,10:00:00,14.6,14.68,14.5,14.58,165308
2024-10-02,10:30:00,14.58,14.6,14.48,14.48,79432
2024-10-02,11:00:00,14.46,14.5,14.4,14.4,78792
2024-10-02,11:30:00,14.46,14.52,14.42,14.44,52421
2024-10-02,12:00:00,14.44,14.5,14.42,14.42,9401
2024-10-02,12:30:00,14.42,14.46,14.38,14.4,59743
2024-10-02,13:00:00,14.4,14.4,14.24,14.24,86866
2024-10-02,13:30:00,14.26,14.38,14.2,14.34,52663
2024-10-02,14:00:00,14.3,14.32,14.22,14.24,24526
2024-10-02,14:30:00,14.24,14.28,14.14,14.16,60147
2024-10-02,15:00:00,14.16,14.16,14.16,14.16,10068
2024-10-03,10:00:00,14.18,14.3,14.1,14.14,68263
2024-10-03,10:30:00,14.14,14.24,14.14,14.16,16518
2024-10-03,11:00:00,14.16,14.18,14.14,14.18,28575
2024-10-03,11:30:00,14.16,14.18,14.16,14.16,16977
2024-10-03,12:00:00,14.16,14.26,14.16,14.18,50815
2024-10-03,12:30:00,14.18,14.2,14.16,14.18,18510
2024-10-03,13:00:00,14.16,14.18,14.1,14.1,46915
2024-10-03,13:30:00,14.12,14.12,14.06,14.06,13411
2024-10-03,14:00:00,14.06,14.1,14.02,14.08,25281
2024-10-03,14:30:00,14.04,14.1,14.02,14.1,23278
2024-10-03,15:00:00,14.12,14.12,14.12,14.12,3244
2024-10-06,10:00:00,14.1,14.2,13.7,13.98,105968
2024-10-06,10:30:00,14.0,14.0,13.86,13.9,86422
2024-10-06,11:00:00,13.9,13.9,13.84,13.88,17403
2024-10-06,11:30:00,13.88,13.9,13.84,13.9,48537
2024-10-06,12:00:00,13.9,13.9,13.84,13.88,66241
2024-10-06,12:30:00,13.84,13.88,13.8,13.84,33878
2024-10-06,13:00:00,13.84,13.86,13.8,13.8,34689
2024-10-06,13:30:00,13.8,13.8,13.7,13.74,33404
2024-10-06,14:00:00,13.76,13.76,13.62,13.62,53488
2024-10-06,14:30:00,13.64,13.68,13.6,13.66,13192
2024-10-06,15:00:00,13.6,13.6,13.6,13.6,6377
2024-10-07,10:00:00,13.6,13.76,13.52,13.58,57763
2024-10-07,10:30:00,13.58,13.68,13.58,13.68,83829
2024-10-07,11:00:00,13.68,13.7,13.62,13.68,38688
2024-10-07,11:30:00,13.66,13.7,13.66,13.68,22470
2024-10-07,12:00:00,13.66,13.74,13.66,13.7,41962
2024-10-07,12:30:00,13.7,13.82,13.7,13.74,51923
2024-10-07,13:00:00,13.76,13.78,13.68,13.7,32896
2024-10-07,13:30:00,13.72,13.72,13.68,13.7,13312
2024-10-07,14:00:00,13.7,13.78,13.68,13.7,27436
2024-10-07,14:30:00,13.7,13.78,13.66,13.74,40511
2024-10-07,15:00:00,13.74,13.74,13.74,13.74,8614
2024-10-08,10:00:00,13.88,13.88,13.68,13.7,23849
2024-10-08,10:30:00,13.7,13.72,13.6,13.6,31123
2024-10-08,11:00:00,13.6,13.68,13.56,13.68,21091
2024-10-08,11:30:00,13.68,13.7,13.6,13.66,40431
2024-10-08,12:00:00,13.66,13.7,13.54,13.54,39086
2024-10-08,12:30:00,13.54,13.58,13.54,13.54,40627
2024-10-08,13:00:00,13.56,13.6,13.52,13.6,28868
2024-10-08,13:30:00,13.58,13.68,13.58,13.66,29786
2024-10-08,14:00:00,13.64,13.68,13.62,13.66,23236
2024-10-08,14:30:00,13.68,13.68,13.58,13.64,24320
2024-10-08,15:00:00,13.68,13.68,13.68,13.68,2218
2024-10-09,10:00:00,13.64,13.7,13.6,13.64,20271
2024-10-09,10:30:00,13.64,13.68,13.6,13.62,23454
2024-10-09,11:00:00,13.58,13.6,13.58,13.6,33193
2024-10-09,11:30:00,13.58,13.62,13.54,13.62,32042
2024-10-09,12:00:00,13.56,13.62,13.56,13.56,5851
2024-10-09,12:30:00,13.56,13.58,13.5,13.52,35201
2024-10-09,13:00:00,13.52,13.58,13.52,13.54,4773
2024-10-09,13:30:00,13.56,13.66,13.56,13.56,6092
2024-10-09,14:00:00,13.54,13.54,13.5,13.5,24381
2024-10-09,14:30:00,13.48,13.52,13.44,13.46,20913
2024-10-09,15:00:00,13.44,13.44,13.44,13.44,6777
2024-10-10,10:00:00,13.44,13.64,13.44,13.52,29825
2024-10-10,10:30:00,13.52,13.58,13.5,13.56,19596
2024-10-10,11:00:00,13.58,13.66,13.58,13.58,21539
2024-10-10,11:30:00,13.58,13.58,13.48,13.54,16828
2024-10-10,12:00:00,13.54,13.54,13.5,13.52,5808
2024-10-10,12:30:00,13.54,13.6,13.54,13.6,12674
2024-10-10,13:00:00,13.6,13.62,13.54,13.62,8262
2024-10-10,13:30:00,13.64,13.68,13.6,13.64,15113
2024-10-10,14:00:00,13.64,13.68,13.64,13.64,7161
2024-10-10,14:30:00,13.66,13.72,13.64,13.64,85807
2024-10-10,15:00:00,13.6,13.6,13.6,13.6,13985
2024-10-13,10:00:00,13.74,13.92,13.7,13.88,68432
2024-10-13,10:30:00,13.88,13.9,13.84,13.88,36300
2024-10-13,11:00:00,13.88,13.88,13.86,13.86,4621
2024-10-13,11:30:00,13.86,13.88,13.84,13.84,15297
2024-10-13,12:00:00,13.84,14.1,13.84,14.04,159870
2024-10-13,12:30:00,14.08,14.14,14.0,14.02,53201
2024-10-13,13:00:00,14.04,14.1,14.0,14.04,61534
2024-10-13,13:30:00,14.02,14.1,14.02,14.08,13727
2024-10-13,14:00:00,14.08,14.14,14.08,14.1,72178
2024-10-13,14:30:00,14.1,14.1,14.04,14.04,17775
2024-10-13,15:00:00,14.04,14.04,14.04,14.04,1307
2024-10-14,10:00:00,14.08,14.08,13.98,14.06,23437
2024-10-14,10:30:00,14.06,14.08,13.96,13.96,33498
2024-10-14,11:00:00,13.96,14.0,13.9,13.94,34392
2024-10-14,11:30:00,13.94,13.96,13.9,13.94,24566
2024-10-14,12:00:00,13.92,13.96,13.9,13.92,7116
2024-10-14,12:30:00,13.94,13.98,13.9,13.98,16313
2024-10-14,13:00:00,13.96,14.0,13.9,13.9,36225
2024-10-14,13:30:00,13.88,13.9,13.82,13.88,16607
2024-10-14,14:00:00,13.9,13.92,13.88,13.88,5947
2024-10-14,14:30:00,13.9,13.9,13.8,13.84,24896
2024-10-14,15:00:00,13.8,13.8,13.8,13.8,8773
2024-10-15,10:00:00,13.94,13.94,13.84,13.92,29942
2024-10-15,10:30:00,13.9,13.9,13.82,13.84,7301
2024-10-15,11:00:00,13.84,13.86,13.8,13.82,18080
2024-10-15,11:30:00,13.86,13.86,13.82,13.84,11627
2024-10-15,12:00:00,13.86,13.88,13.84,13.86,6995
2024-10-15,12:30:00,13.9,13.9,13.86,13.9,17652
2024-10-15,13:00:00,13.88,13.9,13.86,13.9,11545
2024-10-15,13:30:00,13.9,13.96,13.9,13.94,31384
2024-10-15,14:00:00,13.92,14.02,13.9,13.98,33651
2024-10-15,14:30:00,13.96,13.96,13.88,13.9,18702
2024-10-15,15:00:00,13.9,13.9,13.9,13.9,762
2024-10-16,10:00:00,13.88,14.16,13.86,14.16,83147
2024-10-16,10:30:00,14.16,14.18,14.0,14.02,72367
2024-10-16,11:00:00,14.02,14.06,14.0,14.0,16105
2024-10-16,11:30:00,14.0,14.04,13.96,14.02,12717
2024-10-16,12:00:00,14.02,14.02,13.98,13.98,10572
2024-10-16,12:30:00,13.98,13.98,13.94,13.94,18517
2024-10-16,13:00:00,13.96,13.96,13.92,13.94,15801
2024-10-16,13:30:00,13.94,14.0,13.92,13.96,21904
2024-10-16,14:00:00,13.96,14.02,13.92,13.96,38837
2024-10-16,14:30:00,14.0,14.04,14.0,14.02,13514
2024-10-16,15:00:00,14.0,14.0,14.0,14.0,4920
2024-10-17,10:00:00,14.0,14.06,13.96,13.98,24912
2024-10-17,10:30:00,14.0,14.02,13.92,13.92,33552
2024-10-17,11:00:00,13.92,13.94,13.88,13.92,30587
2024-10-17,11:30:00,13.92,13.94,13.9,13.94,10077
2024-10-17,12:00:00,13.94,13.94,13.86,13.88,79602
2024-10-17,12:30:00,13.88,13.92,13.84,13.84,21704
2024-10-17,13:00:00,13.84,13.84,13.78,13.8,66167
2024-10-17,13:30:00,13.82,13.86,13.82,13.82,11138
2024-10-17,14:00:00,13.84,13.84,13.78,13.78,14198
2024-10-17,14:30:00,13.8,13.8,13.7,13.74,52617
2024-10-17,15:00:00,13.72,13.72,13.72,13.72,6822
2024-10-20,10:00:00,13.78,13.84,13.6,13.62,35553
2024-10-20,10:30:00,13.62,13.66,13.58,13.6,64779
2024-10-20,11:00:00,13.62,13.64,13.6,13.62,3989
2024-10-20,11:30:00,13.6,13.64,13.6,13.64,5010
2024-10-20,12:00:00,13.64,13.64,13.6,13.64,4138
2024-10-20,12:30:00,13.64,13.64,13.58,13.58,31458
2024-10-20,13:00:00,13.58,13.6,13.56,13.58,13950
2024-10-20,13:30:00,13.6,13.64,13.58,13.62,17613
2024-10-20,14:00:00,13.62,13.7,13.6,13.7,21162
2024-10-20,14:30:00,13.7,13.7,13.56,13.64,63022
2024-10-20,15:00:00,13.7,13.7,13.7,13.7,2200
2024-10-21,10:00:00,13.7,13.78,13.7,13.78,47613
2024-10-21,10:30:00,13.78,13.82,13.72,13.74,38173
2024-10-21,11:00:00,13.74,13.76,13.66,13.72,13334
2024-10-21,11:30:00,13.68,13.78,13.68,13.72,4727
2024-10-21,12:00:00,13.74,13.78,13.72,13.76,4724
2024-10-21,12:30:00,13.72,13.76,13.72,13.74,2111
2024-10-21,13:00:00,13.74,13.74,13.7,13.74,21401
2024-10-21,13:30:00,13.72,13.8,13.7,13.74,20197
2024-10-21,14:00:00,13.76,13.78,13.74,13.76,1768
2024-10-21,14:30:00,13.76,13.76,13.7,13.74,13226
2024-10-21,15:00:00,13.72,13.72,13.72,13.72,6904
2024-10-22,10:00:00,13.72,13.78,13.7,13.72,12333
2024-10-22,10:30:00,13.74,13.74,13.72,13.72,8257
2024-10-22,11:00:00,13.74,13.78,13.72,13.78,79210
2024-10-22,11:30:00,13.78,13.82,13.74,13.74,81881
2024-10-22,12:00:00,13.74,13.76,13.58,13.6,95163
2024-10-22,12:30:00,13.62,13.62,13.56,13.58,101787
2024-10-22,13:00:00,13.58,13.62,13.5,13.56,59720
2024-10-22,13:30:00,13.56,13.62,13.56,13.62,32225
2024-10-22,14:00:00,13.62,13.62,13.56,13.6,31366
2024-10-22,14:30:00,13.58,13.62,13.54,13.6,64076
2024-10-22,15:00:00,13.58,13.58,13.58,13.58,11184
2024-10-23,10:00:00,13.64,13.64,13.56,13.6,57887
2024-10-23,10:30:00,13.6,13.6,13.56,13.58,39062
2024-10-23,11:00:00,13.56,13.56,13.52,13.56,11874
2024-10-23,11:30:00,13.56,13.56,13.46,13.5,59014
2024-10-23,12:00:00,13.5,13.54,13.5,13.52,4080
2024-10-23,12:30:00,13.5,13.54,13.46,13.5,17545
2024-10-23,13:00:00,13.52,13.54,13.5,13.52,5355
2024-10-23,13:30:00,13.52,13.56,13.52,13.56,7341
2024-10-23,14:00:00,13.54,13.6,13.54,13.58,11510
2024-10-23,14:30:00,13.56,13.6,13.54,13.58,28243
2024-10-23,15:00:00,13.56,13.56,13.56,13.56,5953
2024-10-24,10:00:00,13.5,13.56,13.48,13.52,26602
2024-10-24,10:30:00,13.54,13.54,13.48,13.5,18738
2024-10-24,11:00:00,13.5,13.52,13.48,13.48,29694
2024-10-24,11:30:00,13.52,13.52,13.46,13.48,15198
2024-10-24,12:00:00,13.48,13.48,13.4,13.4,29265
2024-10-24,12:30:00,13.4,13.46,13.4,13.44,18850
2024-10-24,13:00:00,13.46,13.48,13.42,13.46,9784
2024-10-24,13:30:00,13.46,13.5,13.38,13.5,26083
2024-10-24,14:00:00,13.48,13.48,13.4,13.46,4853
2024-10-24,14:30:00,13.44,13.48,13.42,13.48,15030
2024-10-24,15:00:00,13.5,13.5,13.5,13.5,2655
2024-10-27,10:00:00,13.54,13.7,13.54,13.7,102084
2024-10-27,10:30:00,13.7,13.7,13.64,13.68,23598
2024-10-27,11:00:00,13.66,13.7,13.66,13.7,23515
2024-10-27,11:30:00,13.72,13.72,13.64,13.68,18971
2024-10-27,12:00:00,13.7,13.72,13.68,13.7,7166
2024-10-27,12:30:00,13.68,13.7,13.66,13.7,11648
2024-10-27,13:00:00,13.7,13.72,13.7,13.72,15763
2024-10-27,13:30:00,13.72,13.86,13.72,13.78,90256
2024-10-27,14:00:00,13.8,13.8,13.72,13.74,17739
2024-10-27,14:30:00,13.76,13.82,13.76,13.76,29086
2024-10-27,15:00:00,13.8,13.8,13.8,13.8,4118
2024-10-28,10:00:00,13.8,13.86,13.78,13.84,33285
2024-10-28,10:30:00,13.84,13.86,13.78,13.82,32249
2024-10-28,11:00:00,13.8,13.82,13.78,13.8,7262
2024-10-28,11:30:00,13.8,13.8,13.78,13.78,2872
2024-10-28,12:00:00,13.78,13.8,13.78,13.8,2800
2024-10-28,12:30:00,13.78,13.78,13.72,13.78,37633
2024-10-28,13:00:00,13.78,13.8,13.74,13.76,5273
2024-10-28,13:30:00,13.74,13.8,13.7,13.76,53701
2024-10-28,14:00:00,13.76,13.78,13.7,13.76,20230
2024-10-28,14:30:00,13.74,13.76,13.68,13.72,37075
2024-10-28,15:00:00,13.72,13.72,13.72,13.72,1638
2024-10-29,10:00:00,13.76,13.76,13.62,13.62,26312
2024-10-29,10:30:00,13.62,13.64,13.62,13.64,20946
2024-10-29,11:00:00,13.64,13.64,13.54,13.54,26947
2024-10-29,11:30:00,13.56,13.6,13.52,13.56,25000
2024-10-29,12:00:00,13.56,13.58,13.54,13.56,8788
2024-10-29,12:30:00,13.58,13.6,13.56,13.6,10662
2024-10-29,13:00:00,13.6,13.64,13.6,13.62,7394
2024-10-29,13:30:00,13.62,13.62,13.56,13.58,6804
2024-10-29,14:00:00,13.58,13.6,13.54,13.58,22794
2024-10-29,14:30:00,13.58,13.66,13.58,13.66,35635
2024-10-29,15:00:00,13.68,13.68,13.68,13.68,5170
2024-10-30,10:00:00,13.62,13.7,13.58,13.58,19508
2024-10-30,10:30:00,13.56,13.64,13.56,13.62,11041
2024-10-30,11:00:00,13.6,13.62,13.54,13.58,9641
2024-10-30,11:30:00,13.54,13.6,13.54,13.58,775
2024-10-30,12:00:00,13.6,13.62,13.52,13.52,11135
2024-10-30,12:30:00,13.56,13.58,13.54,13.58,1783
2024-10-30,13:00:00,13.58,13.6,13.56,13.58,3891
2024-10-30,13:30:00,13.58,13.76,13.58,13.6,32122
2024-10-30,14:00:00,13.58,13.6,13.58,13.6,2942
2024-10-30,14:30:00,13.6,13.7,13.6,13.68,42583
2024-10-30,15:00:00,13.7,13.7,13.7,13.7,107
2024-10-31,10:00:00,13.62,13.66,13.6,13.62,20668
2024-10-31,10:30:00,13.64,13.68,13.62,13.62,14855
2024-10-31,11:00:00,13.6,13.68,13.6,13.62,33415
2024-10-31,11:30:00,13.62,13.64,13.58,13.6,30334
2024-10-31,12:00:00,13.58,13.6,13.54,13.58,24218
2024-10-31,12:30:00,13.62,13.64,13.56,13.56,11614
2024-10-31,13:00:00,13.58,13.6,13.56,13.58,3324
2024-10-31,13:30:00,13.56,13.6,13.56,13.58,22413
2024-10-31,14:00:00,13.58,13.6,13.5,13.52,44048
2024-10-31,14:30:00,13.52,13.64,13.5,13.6,26919
2024-10-31,15:00:00,13.64,13.64,13.64,13.64,5884
2024-11-03,10:00:00,13.66,13.74,13.66,13.7,30076
2024-11-03,10:30:00,13.7,13.72,13.64,13.72,41903
2024-11-03,11:00:00,13.72,13.74,13.66,13.7,18851
2024-11-03,11:30:00,13.7,13.7,13.66,13.66,4506
2024-11-03,12:00:00,13.68,13.74,13.66,13.66,27321
2024-11-03,12:30:00,13.66,13.7,13.66,13.7,32533
2024-11-03,13:00:00,13.7,13.8,13.7,13.72,98105
2024-11-03,13:30:00,13.72,13.74,13.7,13.72,32293
2024-11-03,14:00:00,13.7,13.72,13.66,13.68,12491
2024-11-03,14:30:00,13.68,13.74,13.66,13.72,31624
2024-11-03,15:00:00,13.72,13.72,13.72,13.72,1015
2024-11-04,10:00:00,13.72,13.76,13.6,13.6,24555
2024-11-04,10:30:00,13.62,13.68,13.6,13.6,33865
2024-11-04,11:00:00,13.6,13.6,13.5,13.5,21192
2024-11-04,11:30:00,13.5,13.58,13.48,13.54,33592
2024-11-04,12:00:00,13.5,13.56,13.5,13.54,7442
2024-11-04,12:30:00,13.54,13.56,13.52,13.54,5815
2024-11-04,13:00:00,13.58,13.62,13.58,13.6,7311
2024-11-04,13:30:00,13.62,13.62,13.56,13.6,7092
2024-11-04,14:00:00,13.58,13.6,13.54,13.54,19351
2024-11-04,14:30:00,13.54,13.58,13.52,13.56,20835
2024-11-04,15:00:00,13.56,13.56,13.56,13.56,2520
2024-11-05,10:00:00,13.6,13.64,13.56,13.56,17000
2024-11-05,10:30:00,13.56,13.56,13.48,13.5,19162
2024-11-05,11:00:00,13.5,13.6,13.5,13.58,8087
2024-11-05,11:30:00,13.56,13.6,13.54,13.58,3179
2024-11-05,12:00:00,13.54,13.58,13.52,13.52,12097
2024-11-05,12:30:00,13.52,13.56,13.5,13.52,13504
2024-11-05,13:00:00,13.52,13.56,13.5,13.54,4883
2024-11-05,13:30:00,13.54,13.58,13.52,13.52,13467
2024-11-05,14:00:00,13.54,13.54,13.5,13.54,20733
2024-11-05,14:30:00,13.5,13.58,13.5,13.58,15210
2024-11-05,15:00:00,13.58,13.58,13.58,13.58,1114
2024-11-06,10:00:00,13.64,13.8,13.64,13.74,83580
2024-11-06,10:30:00,13.74,13.8,13.72,13.8,43620
2024-11-06,11:00:00,13.78,13.78,13.6,13.7,111536
2024-11-06,11:30:00,13.7,13.74,13.68,13.74,17060
2024-11-06,12:00:00,13.72,13.76,13.68,13.74,25859
2024-11-06,12:30:00,13.7,13.72,13.7,13.7,13465
2024-11-06,13:00:00,13.68,13.68,13.64,13.66,16297
2024-11-06,13:30:00,13.66,13.7,13.66,13.68,8275
2024-11-06,14:00:00,13.68,13.7,13.68,13.68,3113
2024-11-06,14:30:00,13.68,13.74,13.66,13.74,17877
2024-11-06,15:00:00,13.74,13.74,13.74,13.74,2218
2024-11-07,10:00:00,13.72,13.78,13.7,13.7,14396
2024-11-07,10:30:00,13.72,13.78,13.68,13.68,14801
2024-11-07,11:00:00,13.7,13.72,13.68,13.68,10131
2024-11-07,11:30:00,13.68,13.7,13.66,13.68,18421
2024-11-07,12:00:00,13.7,13.74,13.68,13.74,3079
2024-11-07,12:30:00,13.74,13.76,13.72,13.74,6867
2024-11-07,13:00:00,13.74,13.76,13.72,13.74,7929
2024-11-07,13:30:00,13.76,13.8,13.76,13.78,14458
2024-11-07,14:00:00,13.76,13.78,13.74,13.74,5030
2024-11-07,14:30:00,13.76,13.8,13.74,13.78,15874
2024-11-07,15:00:00,13.78,13.78,13.78,13.78,9093
2024-11-10,10:00:00,13.8,13.8,13.7,13.7,15975
2024-11-10,10:30:00,13.72,13.72,13.68,13.72,8600
2024-11-10,11:00:00,13.72,13.78,13.7,13.76,43542
2024-11-10,11:30:00,13.78,13.8,13.76,13.76,13076
2024-11-10,12:00:00,13.74,13.76,13.72,13.74,4167
2024-11-10,12:30:00,13.74,13.76,13.72,13.74,7700
2024-11-10,13:00:00,13.72,13.78,13.7,13.7,15695
2024-11-10,13:30:00,13.7,13.72,13.68,13.72,2962
2024-11-10,14:00:00,13.74,13.74,13.68,13.68,10541
2024-11-10,14:30:00,13.68,13.72,13.66,13.7,14913
2024-11-10,15:00:00,13.72,13.72,13.72,13.72,1728
2024-11-11,10:00:00,13.6,13.7,13.5,13.58,46103
2024-11-11,10:30:00,13.56,13.58,13.5,13.56,23757
2024-11-11,11:00:00,13.56,13.56,13.48,13.54,12656
2024-11-11,11:30:00,13.54,13.56,13.44,13.56,58392
2024-11-11,12:00:00,13.52,13.54,13.5,13.5,8490
2024-11-11,12:30:00,13.52,13.56,13.5,13.5,12829
2024-11-11,13:00:00,13.52,13.62,13.52,13.62,16251
2024-11-11,13:30:00,13.54,13.7,13.54,13.6,17921
2024-11-11,14:00:00,13.56,13.6,13.54,13.54,13385
2024-11-11,14:30:00,13.58,13.64,13.48,13.64,34138
2024-11-11,15:00:00,13.64,13.64,13.64,13.64,6822
2024-11-12,10:00:00,13.4,13.4,13.26,13.32,118962
2024-11-12,10:30:00,13.32,13.48,13.32,13.44,22342
2024-11-12,11:00:00,13.46,13.46,13.3,13.3,57627
2024-11-12,11:30:00,13.38,13.38,13.32,13.34,14669
2024-11-12,12:00:00,13.34,13.36,13.3,13.3,51456
2024-11-12,12:30:00,13.28,13.34,13.24,13.28,27233
2024-11-12,13:00:00,13.26,13.28,13.2,13.26,34107
2024-11-12,13:30:00,13.22,13.28,13.2,13.26,19505
2024-11-12,14:00:00,13.24,13.26,13.24,13.24,17600
2024-11-12,14:30:00,13.24,13.28,13.22,13.26,83785
2024-11-12,15:00:00,13.36,13.36,13.36,13.36,6100
2024-11-13,10:00:00,13.36,13.36,13.16,13.18,83337
2024-11-13,10:30:00,13.2,13.24,13.18,13.2,8332
2024-11-13,11:00:00,13.18,13.2,13.18,13.18,4834
2024-11-13,11:30:00,13.18,13.2,13.18,13.2,8435
2024-11-13,12:00:00,13.18,13.22,13.18,13.22,14468
2024-11-13,12:30:00,13.2,13.22,13.16,13.2,14527
2024-11-13,13:00:00,13.2,13.22,13.16,13.18,9852
2024-11-13,13:30:00,13.2,13.2,13.18,13.18,4373
2024-11-13,14:00:00,13.2,13.2,13.14,13.18,26663
2024-11-13,14:30:00,13.18,13.26,13.14,13.26,12368
2024-11-13,15:00:00,13.34,13.34,13.34,13.34,5000
2024-11-14,10:00:00,13.32,13.38,13.24,13.34,11645
2024-11-14,10:30:00,13.32,13.32,13.24,13.3,11978
2024-11-14,11:00:00,13.3,13.32,13.26,13.26,20538
2024-11-14,11:30:00,13.26,13.28,13.26,13.28,1101
2024-11-14,12:00:00,13.28,13.32,13.26,13.3,14566
2024-11-14,12:30:00,13.3,13.32,13.26,13.3,6122
2024-11-14,13:00:00,13.28,13.32,13.24,13.3,20323
2024-11-14,13:30:00,13.3,13.3,13.24,13.24,16437
2024-11-14,14:00:00,13.28,13.28,13.2,13.24,28356
2024-11-14,14:30:00,13.22,13.26,13.2,13.2,4599
2024-11-14,15:00:00,13.26,13.26,13.26,13.26,1014
2024-11-17,10:00:00,13.2,13.3,13.2,13.26,13768
2024-11-17,10:30:00,13.22,13.28,13.2,13.26,5005
2024-11-17,11:00:00,13.24,13.3,13.22,13.22,43301
2024-11-17,11:30:00,13.22,13.24,13.2,13.24,8381
2024-11-17,12:00:00,13.24,13.24,13.2,13.22,8704
2024-11-17,12:30:00,13.22,13.26,13.2,13.24,15273
2024-11-17,13:00:00,13.24,13.3,13.24,13.26,6128
2024-11-17,13:30:00,13.28,13.3,13.24,13.26,11035
2024-11-17,14:00:00,13.28,13.28,13.24,13.26,15659
2024-11-17,14:30:00,13.26,13.28,13.24,13.26,14257
2024-11-17,15:00:00,13.26,13.26,13.26,13.26,1555
2024-11-18,10:00:00,13.26,13.26,13.16,13.2,41667
2024-11-18,10:30:00,13.22,13.26,13.2,13.26,3768
2024-11-18,11:00:00,13.24,13.26,13.18,13.2,10782
2024-11-18,11:30:00,13.26,13.26,13.14,13.14,47804
2024-11-18,12:00:00,13.12,13.16,13.08,13.14,25055
2024-11-18,12:30:00,13.12,13.12,13.1,13.1,30744
2024-11-18,13:00:00,13.1,13.12,13.06,13.06,24135
2024-11-18,13:30:00,13.08,13.1,13.04,13.06,12354
2024-11-18,14:00:00,13.06,13.06,12.96,12.96,56280
2024-11-18,14:30:00,12.96,13.04,12.92,13.04,49367
2024-11-18,15:00:00,13.0,13.0,13.0,13.0,12495
2024-11-19,10:00:00,13.0,13.16,13.0,13.08,26458
2024-11-19,10:30:00,13.06,13.08,13.02,13.06,24574
2024-11-19,11:00:00,13.06,13.06,12.98,13.02,45128
2024-11-19,11:30:00,13.02,13.06,12.98,13.04,35539
2024-11-19,12:00:00,13.0,13.06,13.0,13.06,13326
2024-11-19,12:30:00,13.08,13.08,13.06,13.08,6859
2024-11-19,13:00:00,13.08,13.12,13.08,13.12,16909
2024-11-19,13:30:00,13.12,13.14,13.08,13.08,12598
2024-11-19,14:00:00,13.08,13.1,13.06,13.1,7074
2024-11-19,14:30:00,13.08,13.08,13.0,13.02,51337
2024-11-19,15:00:00,13.1,13.1,13.1,13.1,5000
2024-11-20,10:00:00,13.1,13.14,13.0,13.12,7620
2024-11-20,10:30:00,13.1,13.1,13.08,13.08,2259
2024-11-20,11:00:00,13.06,13.08,13.04,13.08,1389
2024-11-20,11:30:00,13.1,13.1,13.06,13.08,793
2024-11-20,12:00:00,13.08,13.1,13.0,13.08,17690
2024-11-20,12:30:00,13.1,13.1,13.0,13.0,7601
2024-11-20,13:00:00,13.02,13.1,13.0,13.04,3139
2024-11-20,13:30:00,13.04,13.08,13.02,13.06,8063
2024-11-20,14:00:00,13.06,13.08,13.02,13.08,12404
2024-11-20,14:30:00,13.08,13.08,12.98,13.02,8222
2024-11-20,15:00:00,13.02,13.02,13.02,13.02,741
2024-11-21,10:00:00,13.02,13.06,12.96,13.0,6717
2024-11-21,10:30:00,13.0,13.04,12.98,13.02,23938
2024-11-21,11:00:00,13.02,13.08,13.0,13.02,24097
2024-11-21,11:30:00,13.02,13.02,12.98,13.0,21609
2024-11-21,12:00:00,13.0,13.0,12.94,12.96,39780
2024-11-21,12:30:00,12.96,13.04,12.94,13.02,69853
2024-11-21,13:00:00,13.02,13.54,13.0,13.54,284540
2024-11-21,13:30:00,13.54,13.6,13.34,13.4,211973
2024-11-21,14:00:00,13.38,13.56,13.34,13.4,113306
2024-11-21,14:30:00,13.38,13.56,13.3,13.48,123501
2024-11-21,15:00:00,13.46,13.46,13.46,13.46,27148
2024-11-24,10:00:00,13.5,13.5,13.26,13.38,19291
2024-11-24,10:30:00,13.36,13.4,13.32,13.4,32545
2024-11-24,11:00:00,13.34,13.42,13.34,13.36,4921
2024-11-24,11:30:00,13.42,13.42,13.32,13.34,8716
2024-11-24,12:00:00,13.34,13.34,13.3,13.3,15349
2024-11-24,12:30:00,13.32,13.34,13.3,13.3,1461
2024-11-24,13:00:00,13.3,13.34,13.3,13.3,9936
2024-11-24,13:30:00,13.32,13.34,13.28,13.28,11953
2024-11-24,14:00:00,13.28,13.66,13.26,13.64,168008
2024-11-24,14:30:00,13.64,13.64,13.38,13.38,60197
2024-11-24,15:00:00,13.4,13.4,13.4,13.4,928
2024-11-25,10:00:00,13.4,13.44,13.3,13.38,12554
2024-11-25,10:30:00,13.34,13.38,13.32,13.36,21469
2024-11-25,11:00:00,13.34,13.36,13.32,13.32,8900
2024-11-25,11:30:00,13.32,13.34,13.3,13.34,6370
2024-11-25,12:00:00,13.34,13.38,13.32,13.36,14757
2024-11-25,12:30:00,13.34,13.34,13.32,13.32,7675
2024-11-25,13:00:00,13.32,13.38,13.32,13.38,10615
2024-11-25,13:30:00,13.4,13.42,13.32,13.32,39838
2024-11-25,14:00:00,13.36,13.36,13.3,13.32,9064
2024-11-25,14:30:00,13.3,13.34,13.26,13.3,24590
2024-11-25,15:00:00,13.3,13.3,13.3,13.3,1050
2024-11-26,10:00:00,13.24,13.38,13.24,13.28,15362
2024-11-26,10:30:00,13.28,13.3,13.22,13.22,10399
2024-11-26,11:00:00,13.24,13.26,13.2,13.24,8182
2024-11-26,11:30:00,13.22,13.24,13.22,13.22,16197
2024-11-26,12:00:00,13.22,13.26,13.18,13.22,6411
2024-11-26,12:30:00,13.2,13.36,13.18,13.34,56204
2024-11-26,13:00:00,13.32,13.36,13.24,13.32,12009
2024-11-26,13:30:00,13.32,13.34,13.24,13.24,12045
2024-11-26,14:00:00,13.24,13.26,13.18,13.2,9706
2024-11-26,14:30:00,13.2,13.2,13.1,13.16,17600
2024-11-26,15:00:00,13.16,13.16,13.16,13.16,6161
2024-11-27,10:00:00,13.16,13.16,13.06,13.14,14321
2024-11-27,10:30:00,13.12,13.14,13.06,13.06,12694
2024-11-27,11:00:00,13.06,13.14,13.02,13.12,36512
2024-11-27,11:30:00,13.06,13.1,13.04,13.06,5509
2024-11-27,12:00:00,13.06,13.06,13.0,13.0,18090
2024-11-27,12:30:00,13.0,13.1,13.0,13.08,52039
2024-11-27,13:00:00,13.08,13.12,12.98,13.0,39802
2024-11-27,13:30:00,13.0,13.24,13.0,13.24,190091
2024-11-27,14:00:00,13.22,13.32,13.2,13.26,68591
2024-11-27,14:30:00,13.26,13.38,13.2,13.26,64404
2024-11-27,15:00:00,13.3,13.3,13.3,13.3,113
2024-11-28,10:00:00,13.3,13.3,13.2,13.2,12467
2024-11-28,10:30:00,13.18,13.24,13.18,13.24,7314
2024-11-28,11:00:00,13.2,13.26,13.2,13.22,1886
2024-11-28,11:30:00,13.22,13.24,13.18,13.2,21209
2024-11-28,12:00:00,13.2,13.22,13.16,13.18,31845
2024-11-28,12:30:00,13.18,13.24,13.1,13.14,12127
2024-11-28,13:00:00,13.14,13.2,13.14,13.18,11709
2024-11-28,13:30:00,13.16,13.18,13.14,13.18,4412
2024-11-28,14:00:00,13.18,13.22,13.16,13.18,1916
2024-11-28,14:30:00,13.16,13.2,13.1,13.16,41091
2024-11-28,15:00:00,13.14,13.14,13.14,13.14,3150
2024-12-01,10:00:00,13.12,13.3,13.12,13.28,18806
2024-12-01,10:30:00,13.22,13.38,13.22,13.34,106360
2024-12-01,11:00:00,13.34,13.4,13.34,13.38,18648
2024-12-01,11:30:00,13.38,13.56,13.38,13.52,87380
2024-12-01,12:00:00,13.52,13.58,13.44,13.56,67100
2024-12-01,12:30:00,13.56,13.8,13.54,13.8,171157
2024-12-01,13:00:00,13.8,13.8,13.68,13.72,104602
2024-12-01,13:30:00,13.78,13.88,13.68,13.72,102016
2024-12-01,14:00:00,13.72,13.72,13.6,13.64,48037
2024-12-01,14:30:00,13.64,13.72,13.58,13.72,57920
2024-12-01,15:00:00,13.7,13.7,13.7,13.7,21612
2024-12-02,10:00:00,13.7,13.86,13.68,13.8,90118
2024-12-02,10:30:00,13.8,14.04,13.8,14.0,167839
2024-12-02,11:00:00,14.02,14.1,13.94,14.04,97844
2024-12-02,11:30:00,14.06,14.2,14.0,14.0,180458
2024-12-02,12:00:00,14.0,14.08,13.92,13.96,76520
2024-12-02,12:30:00,13.92,13.94,13.82,13.9,30230
2024-12-02,13:00:00,13.9,13.94,13.84,13.86,18961
2024-12-02,13:30:00,13.86,13.9,13.84,13.88,5590
2024-12-02,14:00:00,13.9,13.92,13.8,13.82,64907
2024-12-02,14:30:00,13.84,13.86,13.76,13.84,52656
2024-12-02,15:00:00,13.8,13.8,13.8,13.8,5599
2024-12-03,10:00:00,13.84,13.92,13.8,13.84,30559
2024-12-03,10:30:00,13.9,13.94,13.84,13.94,20855
2024-12-03,11:00:00,13.9,13.92,13.84,13.9,19027
2024-12-03,11:30:00,13.9,13.92,13.84,13.88,36035
2024-12-03,12:00:00,13.92,14.02,13.88,14.0,23039
2024-12-03,12:30:00,14.0,14.0,13.94,13.96,4553
2024-12-03,13:00:00,13.98,14.1,13.96,14.08,43495
2024-12-03,13:30:00,14.02,14.02,13.96,14.0,37626
2024-12-03,14:00:00,14.0,14.0,13.88,13.96,44359
2024-12-03,14:30:00,13.9,13.98,13.88,13.98,12808
2024-12-03,15:00:00,13.9,13.9,13.9,13.9,2185
2024-12-04,10:00:00,13.9,14.04,13.9,13.96,14533
2024-12-04,10:30:00,13.92,13.92,13.84,13.86,8672
2024-12-04,11:00:00,13.86,13.96,13.86,13.94,8128
2024-12-04,11:30:00,13.92,13.94,13.9,13.9,7195
2024-12-04,12:00:00,13.9,13.92,13.86,13.88,9050
2024-12-04,12:30:00,13.88,13.9,13.88,13.9,6992
2024-12-04,13:00:00,13.9,14.0,13.88,13.92,11028
2024-12-04,13:30:00,13.88,13.96,13.88,13.9,1766
2024-12-04,14:00:00,13.9,13.94,13.88,13.9,8968
2024-12-04,14:30:00,13.88,13.98,13.88,13.98,21357
2024-12-05,10:00:00,13.98,14.0,13.94,13.98,12286
2024-12-05,10:30:00,13.98,13.98,13.92,13.92,1777
2024-12-05,11:00:00,13.9,13.94,13.8,13.92,18441
2024-12-05,11:30:00,13.9,13.9,13.82,13.9,23212
2024-12-05,12:00:00,13.9,13.92,13.82,13.9,15834
2024-12-05,12:30:00,13.88,13.92,13.8,13.88,27376
2024-12-05,13:00:00,13.92,13.92,13.84,13.84,3476
2024-12-05,13:30:00,13.86,13.86,13.84,13.84,4389
2024-12-05,14:00:00,13.86,13.9,13.84,13.9,16228
2024-12-05,14:30:00,13.86,13.88,13.82,13.88,11332
2024-12-05,15:00:00,13.84,13.84,13.84,13.84,5266
2024-12-08,10:00:00,13.84,14.0,13.84,13.96,22743
2024-12-08,10:30:00,13.96,13.98,13.9,13.9,5678
2024-12-08,11:00:00,13.92,13.94,13.9,13.92,6895
2024-12-08,11:30:00,13.92,13.92,13.88,13.9,12071
2024-12-08,12:00:00,13.9,13.94,13.88,13.92,24974
2024-12-08,12:30:00,13.94,13.98,13.9,13.96,7378
2024-12-08,13:00:00,13.98,13.98,13.9,13.94,22572
2024-12-08,13:30:00,13.96,13.96,13.92,13.94,2258
2024-12-08,14:00:00,13.92,13.96,13.9,13.94,10009
2024-12-08,14:30:00,13.92,13.96,13.88,13.96,22250
2024-12-08,15:00:00,13.96,13.96,13.96,13.96,81
2024-12-09,10:00:00,13.92,13.98,13.92,13.98,3934
2024-12-09,10:30:00,13.98,13.98,13.9,13.92,13251
2024-12-09,11:00:00,13.94,13.94,13.9,13.9,31470
2024-12-09,11:30:00,13.9,13.9,13.88,13.9,22506
2024-12-09,12:00:00,13.9,13.98,13.88,13.96,25167
2024-12-09,12:30:00,13.92,14.0,13.92,13.98,8415
2024-12-09,13:00:00,13.98,14.0,13.96,13.96,2701
2024-12-09,13:30:00,13.96,13.96,13.94,13.96,7070
2024-12-09,14:00:00,13.96,13.96,13.94,13.94,7429
2024-12-09,14:30:00,13.94,14.0,13.94,14.0,18013
2024-12-09,15:00:00,14.0,14.0,14.0,14.0,2647
2024-12-10,10:00:00,14.0,14.0,13.94,13.94,10679
2024-12-10,10:30:00,13.94,13.96,13.92,13.92,4300
2024-12-10,11:00:00,13.94,13.96,13.88,13.92,16750
2024-12-10,11:30:00,13.92,13.92,13.9,13.9,11104
2024-12-10,12:00:00,13.9,13.92,13.88,13.9,6674
2024-12-10,12:30:00,13.92,14.02,13.92,13.96,36371
2024-12-10,13:00:00,13.94,13.96,13.9,13.9,6304
2024-12-10,13:30:00,13.9,13.92,13.86,13.88,16523
2024-12-10,14:00:00,13.88,13.88,13.86,13.88,7809
2024-12-10,14:30:00,13.88,13.94,13.88,13.94,7466
2024-12-10,15:00:00,13.94,13.94,13.94,13.94,10103
2024-12-11,10:00:00,13.94,13.98,13.9,13.94,5931
2024-12-11,10:30:00,13.98,13.98,13.92,13.94,5240
2024-12-11,11:00:00,13.94,13.96,13.92,13.94,4168
2024-12-11,11:30:00,13.94,13.98,13.92,13.98,10321
2024-12-11,12:00:00,13.98,14.0,13.96,13.96,1997
2024-12-11,12:30:00,13.98,13.98,13.96,13.98,105
2024-12-11,13:00:00,13.98,13.98,13.94,13.96,10940
2024-12-11,13:30:00,13.94,13.94,13.9,13.9,10961
2024-12-11,14:00:00,13.9,13.92,13.88,13.9,9884
2024-12-11,14:30:00,13.9,13.92,13.88,13.92,2579
2024-12-11,15:00:00,13.92,13.92,13.92,13.92,785
2024-12-12,10:00:00,13.92,13.96,13.92,13.92,17320
2024-12-12,10:30:00,13.94,13.94,13.9,13.9,1969
2024-12-12,11:00:00,13.9,13.94,13.88,13.88,2353
2024-12-12,11:30:00,13.9,13.94,13.9,13.92,4711
2024-12-12,12:00:00,13.92,13.96,13.92,13.96,5310
2024-12-12,12:30:00,13.96,13.96,13.94,13.94,11
2024-12-12,13:00:00,13.92,13.94,13.9,13.92,5068
2024-12-12,13:30:00,13.88,13.92,13.88,13.92,2873
2024-12-12,14:00:00,13.92,13.92,13.86,13.86,24985
2024-12-12,14:30:00,13.9,13.9,13.86,13.86,4244
2024-12-12,15:00:00,13.86,13.86,13.86,13.86,763
2024-12-15,10:00:00,13.86,13.94,13.86,13.86,10759
2024-12-15,10:30:00,13.9,13.94,13.88,13.92,3173
2024-12-15,11:00:00,13.9,13.92,13.88,13.92,7262
2024-12-15,11:30:00,13.9,13.92,13.9,13.9,785
2024-12-15,12:00:00,13.9,13.92,13.9,13.9,645
2024-12-15,12:30:00,13.9,13.9,13.88,13.9,1303
2024-12-15,13:00:00,13.88,13.9,13.88,13.9,2694
2024-12-15,13:30:00,13.88,13.88,13.88,13.88,395
2024-12-15,14:00:00,13.88,13.9,13.86,13.86,4867
2024-12-15,14:30:00,13.9,13.9,13.82,13.84,19157
2024-12-15,15:00:00,13.84,13.84,13.84,13.84,251
2024-12-16,10:00:00,13.84,13.86,13.8,13.82,8563
2024-12-16,10:30:00,13.8,13.8,13.7,13.74,27607
2024-12-16,11:00:00,13.74,13.74,13.7,13.72,13196
2024-12-16,11:30:00,13.7,13.72,13.68,13.72,9143
2024-12-16,12:00:00,13.72,13.72,13.7,13.72,1093
2024-12-16,12:30:00,13.72,13.76,13.7,13.74,8267
2024-12-16,13:00:00,13.74,13.74,13.7,13.7,12975
2024-12-16,13:30:00,13.74,13.74,13.68,13.7,13503
2024-12-16,14:00:00,13.72,13.72,13.7,13.7,16624
2024-12-16,14:30:00,13.72,13.72,13.7,13.72,7189
2024-12-16,15:00:00,13.72,13.72,13.72,13.72,1409
2024-12-17,10:00:00,13.72,13.78,13.68,13.68,8051
2024-12-17,10:30:00,13.68,13.7,13.64,13.66,11175
2024-12-17,11:00:00,13.66,13.7,13.66,13.7,11987
2024-12-17,11:30:00,13.7,13.7,13.66,13.66,2788
2024-12-17,12:00:00,13.66,13.68,13.66,13.66,4101
2024-12-17,12:30:00,13.66,13.68,13.66,13.68,1493
2024-12-17,13:00:00,13.66,13.68,13.64,13.68,19998
2024-12-17,13:30:00,13.68,13.68,13.64,13.64,13752
2024-12-17,14:00:00,13.64,13.66,13.64,13.64,5529
2024-12-17,14:30:00,13.64,13.64,13.6,13.64,8362
2024-12-17,15:00:00,13.64,13.64,13.64,13.64,2565
2024-12-18,10:00:00,13.62,13.68,13.54,13.6,14020
2024-12-18,10:30:00,13.6,13.72,13.6,13.72,15496
2024-12-18,11:00:00,13.7,13.72,13.66,13.72,8106
2024-12-18,11:30:00,13.72,13.74,13.66,13.7,4977
2024-12-18,12:00:00,13.66,13.7,13.66,13.66,676
2024-12-18,12:30:00,13.66,13.68,13.62,13.62,15919
2024-12-18,13:00:00,13.6,13.66,13.6,13.66,18693
2024-12-18,13:30:00,13.66,13.7,13.64,13.7,21722
2024-12-18,14:00:00,13.7,13.7,13.66,13.68,2719
2024-12-18,14:30:00,13.66,13.74,13.66,13.72,12364
2024-12-18,15:00:00,13.72,13.72,13.72,13.72,1
2024-12-19,10:00:00,13.74,13.74,13.66,13.7,8966
2024-12-19,10:30:00,13.7,13.7,13.66,13.68,2890
2024-12-19,11:00:00,13.7,13.7,13.62,13.62,7826
2024-12-19,11:30:00,13.64,13.66,13.62,13.62,12923
2024-12-19,12:00:00,13.62,13.66,13.62,13.66,3109
2024-12-19,12:30:00,13.64,13.66,13.6,13.6,2523
2024-12-19,13:00:00,13.62,13.62,13.58,13.62,8451
2024-12-19,13:30:00,13.62,13.62,13.58,13.6,2066
2024-12-19,14:00:00,13.6,13.6,13.56,13.6,3519
2024-12-19,14:30:00,13.6,13.72,13.56,13.72,14780
2024-12-19,15:00:00,13.72,13.72,13.72,13.72,63
2024-12-22,10:00:00,13.62,13.72,13.62,13.66,5265
2024-12-22,10:30:00,13.68,13.72,13.64,13.68,7991
2024-12-22,11:00:00,13.66,13.68,13.66,13.66,563
2024-12-22,11:30:00,13.66,13.7,13.66,13.66,5925
2024-12-22,12:00:00,13.64,13.68,13.6,13.66,3465
2024-12-22,12:30:00,13.66,13.66,13.62,13.62,1151
2024-12-22,13:00:00,13.64,13.64,13.6,13.6,19484
2024-12-22,13:30:00,13.6,13.6,13.58,13.58,6754
2024-12-22,14:00:00,13.58,13.6,13.54,13.54,12521
2024-12-22,14:30:00,13.54,13.54,13.46,13.46,25631
2024-12-22,15:00:00,13.6,13.6,13.6,13.6,6443
2024-12-23,10:00:00,13.6,13.6,13.4,13.48,22299
2024-12-23,10:30:00,13.46,13.5,13.46,13.46,1486
2024-12-23,11:00:00,13.46,13.46,13.42,13.44,12656
2024-12-23,11:30:00,13.42,13.5,13.42,13.5,4655
2024-12-23,12:00:00,13.5,13.52,13.5,13.52,152
2024-12-23,12:30:00,13.5,13.54,13.48,13.54,2669
2024-12-23,13:00:00,13.52,13.6,13.52,13.58,6414
2024-12-23,13:30:00,13.54,13.6,13.54,13.54,3525
2024-12-23,14:00:00,13.54,13.56,13.52,13.54,10171
2024-12-23,14:30:00,13.54,13.6,13.54,13.6,9218
2024-12-23,15:00:00,13.6,13.6,13.6,13.6,5005
2024-12-24,10:00:00,13.6,13.7,13.6,13.64,25283
2024-12-24,10:30:00,13.64,13.66,13.62,13.62,21510
2024-12-24,11:00:00,13.62,13.62,13.6,13.62,5174
2024-12-24,11:30:00,13.64,13.64,13.58,13.62,6436
2024-12-24,12:00:00,13.58,13.58,13.58,13.58,688
2024-12-24,12:30:00,13.58,13.58,13.54,13.54,10228
2024-12-24,13:00:00,13.52,13.54,13.5,13.52,6316
2024-12-24,13:30:00,13.54,13.56,13.48,13.48,15862
2024-12-24,14:00:00,13.5,13.5,13.46,13.48,5470
2024-12-24,14:30:00,13.46,13.5,13.44,13.5,7539
2024-12-24,15:00:00,13.66,13.66,13.66,13.66,9131
2024-12-25,10:00:00,13.46,13.6,13.46,13.52,8252
2024-12-25,10:30:00,13.5,13.52,13.48,13.5,1929
2024-12-25,11:00:00,13.5,13.5,13.46,13.5,1699
2024-12-25,11:30:00,13.5,13.52,13.5,13.5,1975
2024-12-25,12:00:00,13.5,13.52,13.5,13.52,1087
2024-12-25,12:30:00,13.5,13.54,13.5,13.52,5203
2024-12-25,13:00:00,13.54,13.6,13.54,13.6,7937
2024-12-25,13:30:00,13.6,13.6,13.6,13.6,19543
2024-12-25,14:00:00,13.62,13.62,13.6,13.62,15299
2024-12-25,14:30:00,13.6,13.64,13.6,13.6,10417
2024-12-25,15:00:00,13.6,13.6,13.6,13.6,8197
2024-12-26,10:00:00,13.6,13.66,13.6,13.64,8496
2024-12-26,10:30:00,13.66,13.66,13.6,13.62,4921
2024-12-26,11:00:00,13.64,13.64,13.6,13.64,3649
2024-12-26,11:30:00,13.64,13.64,13.56,13.56,4550
2024-12-26,12:00:00,13.54,13.58,13.5,13.56,4520
2024-12-26,12:30:00,13.52,13.56,13.52,13.56,107
2024-12-26,13:00:00,13.54,13.54,13.54,13.54,250
2024-12-26,13:30:00,13.56,13.56,13.56,13.56,238
2024-12-26,14:00:00,13.56,13.56,13.54,13.56,876
2024-12-26,14:30:00,13.56,13.56,13.5,13.54,3190
2024-12-26,15:00:00,13.54,13.54,13.54,13.54,5
2024-12-29,10:00:00,13.54,13.64,13.54,13.6,4008
2024-12-29,10:30:00,13.6,13.6,13.56,13.6,1701
2024-12-29,11:00:00,13.58,13.58,13.56,13.56,1610
2024-12-29,11:30:00,13.56,13.58,13.52,13.52,8620
2024-12-29,12:00:00,13.52,13.58,13.52,13.56,443
2024-12-29,12:30:00,13.52,13.56,13.42,13.48,23645
2024-12-29,13:00:00,13.48,13.48,13.44,13.48,5125
2024-12-29,13:30:00,13.5,13.5,13.38,13.4,41320
2024-12-29,14:00:00,13.4,13.42,13.36,13.4,32113
2024-12-29,14:30:00,13.38,13.4,13.32,13.36,34235
2024-12-29,15:00:00,13.34,13.34,13.34,13.34,17415
2024-12-30,10:00:00,13.34,13.38,13.28,13.3,15965
2024-12-30,10:30:00,13.3,13.3,13.24,13.24,34562
2024-12-30,11:00:00,13.26,13.32,13.24,13.28,5592
2024-12-30,11:30:00,13.3,13.32,13.28,13.32,18203
2024-12-30,12:00:00,13.32,13.38,13.32,13.38,13543
2024-12-30,12:30:00,13.38,13.42,13.38,13.42,7019
2024-12-30,13:00:00,13.38,13.44,13.38,13.42,4181
2024-12-30,13:30:00,13.42,13.44,13.4,13.44,12684
2024-12-30,14:00:00,13.44,13.5,13.4,13.46,16044
2024-12-30,14:30:00,13.46,13.48,13.44,13.48,8664
2024-12-30,15:00:00,13.5,13.5,13.5,13.5,2196
2024-12-31,10:00:00,13.48,13.58,13.44,13.58,23125
2024-12-31,10:30:00,13.56,13.56,13.5,13.5,2434
2024-12-31,11:00:00,13.5,13.54,13.48,13.5,1483
2024-12-31,11:30:00,13.5,13.5,13.48,13.5,913
2024-12-31,12:00:00,13.48,13.54,13.48,13.5,19350
2024-12-31,12:30:00,13.5,13.52,13.5,13.52,1920
2024-12-31,13:00:00,13.52,13.58,13.5,13.58,32425
2024-12-31,13:30:00,13.56,13.6,13.56,13.56,4042
2024-12-31,14:00:00,13.58,13.6,13.56,13.6,34382
2024-12-31,14:30:00,13.62,13.78,13.6,13.78,109757
2024-12-31,15:00:00,13.76,13.76,13.76,13.76,5211
2025-01-01,10:00:00,13.86,13.98,13.8,13.96,101534
2025-01-01,10:30:00,13.96,13.96,13.86,13.88,46385
2025-01-01,11:00:00,13.9,13.94,13.86,13.92,33697
2025-01-01,11:30:00,13.92,13.92,13.86,13.9,30599
2025-01-01,12:00:00,13.9,13.98,13.9,13.98,49328
2025-01-01,12:30:00,13.98,14.08,13.94,14.06,164941
2025-01-01,13:00:00,14.08,14.1,14.04,14.04,73637
2025-01-01,13:30:00,14.04,14.1,14.0,14.08,101141
2025-01-01,14:00:00,14.1,14.12,14.02,14.04,32124
2025-01-01,14:30:00,14.04,14.06,14.0,14.06,16359
2025-01-01,15:00:00,14.06,14.06,14.06,14.06,1577
2025-01-02,10:00:00,14.06,14.12,13.96,14.12,42620
2025-01-02,10:30:00,14.1,14.16,14.08,14.1,32796
2025-01-02,11:00:00,14.1,14.14,14.1,14.12,27382
2025-01-02,11:30:00,14.1,14.12,14.02,14.1,41261
2025-01-02,12:00:00,14.1,14.1,14.06,14.08,5984
2025-01-02,12:30:00,14.1,14.2,14.08,14.18,90575
2025-01-02,13:00:00,14.18,14.2,14.14,14.14,80989
2025-01-02,13:30:00,14.16,14.26,14.14,14.24,77759
2025-01-02,14:00:00,14.22,14.3,14.2,14.22,92505
2025-01-02,14:30:00,14.22,14.3,14.2,14.26,92353
2025-01-02,15:00:00,14.26,14.26,14.26,14.26,15193
2025-01-05,10:00:00,14.28,14.58,14.28,14.54,114704
2025-01-05,10:30:00,14.44,14.54,14.44,14.44,27916
2025-01-05,11:00:00,14.42,14.42,14.24,14.28,78102
2025-01-05,11:30:00,14.3,14.34,14.26,14.26,21701
2025-01-05,12:00:00,14.26,14.34,14.26,14.32,10826
2025-01-05,12:30:00,14.34,14.4,14.34,14.4,4158
2025-01-05,13:00:00,14.4,14.46,14.36,14.46,53395
2025-01-05,13:30:00,14.46,14.48,14.44,14.46,12695
2025-01-05,14:00:00,14.46,14.46,14.4,14.46,69878
2025-01-05,14:30:00,14.44,14.48,14.4,14.46,25678
2025-01-05,15:00:00,14.38,14.38,14.38,14.38,1879
2025-01-06,10:00:00,14.28,14.34,14.1,14.26,36312
2025-01-06,10:30:00,14.3,14.3,14.2,14.22,10262
2025-01-06,11:00:00,14.22,14.38,14.2,14.36,44098
2025-01-06,11:30:00,14.3,14.4,14.28,14.4,7216
2025-01-06,12:00:00,14.36,14.42,14.34,14.42,28046
2025-01-06,12:30:00,14.4,14.42,14.4,14.42,8049
2025-01-06,13:00:00,14.42,14.42,14.34,14.4,9508
2025-01-06,13:30:00,14.4,14.42,14.36,14.36,10001
2025-01-06,14:00:00,14.36,14.4,14.3,14.32,5251
2025-01-06,14:30:00,14.32,14.34,14.22,14.28,16622
2025-01-06,15:00:00,14.2,14.2,14.2,14.2,10420
2025-01-07,10:00:00,14.18,14.26,14.14,14.16,9111
2025-01-07,10:30:00,14.16,14.16,14.12,14.16,12730
2025-01-07,11:00:00,14.16,14.22,14.12,14.2,18866
2025-01-07,11:30:00,14.18,14.24,14.18,14.22,13048
2025-01-07,12:00:00,14.22,14.24,14.2,14.24,24644
2025-01-07,12:30:00,14.24,14.26,14.14,14.24,17570
2025-01-07,13:00:00,14.2,14.24,14.2,14.2,8198
2025-01-07,13:30:00,14.24,14.26,14.2,14.22,5510
2025-01-07,14:00:00,14.2,14.32,14.2,14.24,14953
2025-01-07,14:30:00,14.24,14.24,14.22,14.24,9343
2025-01-07,15:00:00,14.22,14.22,14.22,14.22,12355
2025-01-08,10:00:00,14.22,14.3,14.2,14.28,7956
2025-01-08,10:30:00,14.26,14.32,14.2,14.3,6293
2025-01-08,11:00:00,14.3,14.32,14.28,14.3,16086
2025-01-08,11:30:00,14.3,14.34,14.3,14.34,75855
2025-01-08,12:00:00,14.34,14.4,14.34,14.4,25207
2025-01-08,12:30:00,14.4,14.42,14.36,14.4,26279
2025-01-08,13:00:00,14.44,14.44,14.4,14.44,8899
2025-01-08,13:30:00,14.4,14.42,14.38,14.4,4590
2025-01-08,14:00:00,14.4,14.42,14.4,14.4,18273
2025-01-08,14:30:00,14.4,14.42,14.4,14.42,33644
2025-01-08,15:00:00,14.42,14.42,14.42,14.42,13534
2025-01-09,10:00:00,14.44,14.44,14.28,14.28,9011
2025-01-09,10:30:00,14.36,14.36,14.26,14.3,2880
2025-01-09,11:00:00,14.3,14.32,14.28,14.32,68475
2025-01-09,11:30:00,14.32,14.44,14.3,14.44,63269
2025-01-09,12:00:00,14.4,14.48,14.4,14.48,40738
2025-01-09,12:30:00,14.48,14.52,14.44,14.5,54941
2025-01-09,13:00:00,14.48,14.52,14.44,14.5,13961
2025-01-09,13:30:00,14.44,14.52,14.42,14.5,5995
2025-01-09,14:00:00,14.5,14.56,14.5,14.54,91873
2025-01-09,14:30:00,14.54,14.64,14.5,14.62,80742
2025-01-09,15:00:00,14.62,14.62,14.62,14.62,2996
2025-01-12,10:00:00,14.62,14.64,14.56,14.62,15664
2025-01-12,10:30:00,14.62,14.74,14.62,14.74,53203
2025-01-12,11:00:00,14.72,14.76,14.66,14.74,27065
2025-01-12,11:30:00,14.7,14.82,14.66,14.8,70846
2025-01-12,12:00:00,14.8,14.9,14.62,14.72,42485
2025-01-12,12:30:00,14.76,14.78,14.68,14.74,9677
2025-01-12,13:00:00,14.72,14.74,14.7,14.7,19134
2025-01-12,13:30:00,14.7,14.74,14.68,14.7,6617
2025-01-12,14:00:00,14.72,14.74,14.66,14.68,14906
2025-01-12,14:30:00,14.68,14.7,14.62,14.66,5588
2025-01-12,15:00:00,14.64,14.64,14.64,14.64,4546
2025-01-13,10:00:00,14.64,14.64,14.52,14.62,32780
2025-01-13,10:30:00,14.62,14.62,14.6,14.62,9744
2025-01-13,11:00:00,14.6,14.6,14.54,14.56,22650
2025-01-13,11:30:00,14.54,14.56,14.5,14.5,7485
2025-01-13,12:00:00,14.52,14.52,14.4,14.42,15775
2025-01-13,12:30:00,14.42,14.48,14.4,14.42,14527
2025-01-13,13:00:00,14.44,14.44,14.42,14.42,10900
2025-01-13,13:30:00,14.42,14.5,14.42,14.5,16235
2025-01-13,14:00:00,14.48,14.5,14.48,14.5,4382
2025-01-13,14:30:00,14.5,14.5,14.4,14.46,11750
2025-01-13,15:00:00,14.4,14.4,14.4,14.4,3177
2025-01-14,10:00:00,14.4,14.5,14.4,14.48,6581
2025-01-14,10:30:00,14.46,14.48,14.42,14.46,7945
2025-01-14,11:00:00,14.46,14.54,14.46,14.48,21009
2025-01-14,11:30:00,14.46,14.5,14.4,14.48,10636
2025-01-14,12:00:00,14.48,14.5,14.46,14.5,5331
2025-01-14,12:30:00,14.48,14.5,14.46,14.46,3991
2025-01-14,13:00:00,14.48,14.48,14.46,14.48,947
2025-01-14,13:30:00,14.46,14.48,14.44,14.48,4084
2025-01-14,14:00:00,14.46,14.48,14.4,14.44,14039
2025-01-14,14:30:00,14.44,14.5,14.4,14.44,9462
2025-01-14,15:00:00,14.5,14.5,14.5,14.5,1324
2025-01-15,10:00:00,14.46,14.52,14.46,14.5,13719
2025-01-15,10:30:00,14.48,14.52,14.48,14.5,17638
2025-01-15,11:00:00,14.5,14.56,14.5,14.52,15350
2025-01-15,11:30:00,14.54,14.7,14.52,14.62,27238
2025-01-15,12:00:00,14.6,14.62,14.56,14.6,49465
2025-01-15,12:30:00,14.6,14.6,14.46,14.56,32219
2025-01-15,13:00:00,14.56,14.56,14.5,14.5,21113
2025-01-15,13:30:00,14.52,14.52,14.48,14.52,16473
2025-01-15,14:00:00,14.5,14.52,14.48,14.52,9004
2025-01-15,14:30:00,14.48,14.48,14.42,14.48,10564
2025-01-15,15:00:00,14.46,14.46,14.46,14.46,4007
2025-01-16,10:00:00,14.46,14.48,14.42,14.46,3753
2025-01-16,10:30:00,14.46,14.5,14.42,14.44,16219
2025-01-16,11:00:00,14.46,14.46,14.44,14.46,6013
2025-01-16,11:30:00,14.46,14.48,14.46,14.46,4889
2025-01-16,12:00:00,14.48,14.48,14.44,14.44,11278
2025-01-16,12:30:00,14.46,14.48,14.44,14.46,1917
2025-01-16,13:00:00,14.46,14.48,14.44,14.46,1354
2025-01-16,13:30:00,14.46,14.46,14.44,14.46,1750
2025-01-16,14:00:00,14.44,14.48,14.44,14.46,3731
2025-01-16,14:30:00,14.44,14.46,14.44,14.46,4441
2025-01-16,15:00:00,14.44,14.44,14.44,14.44,3288
2025-01-19,10:00:00,14.4,14.48,14.4,14.46,7371
2025-01-19,10:30:00,14.46,14.48,14.42,14.48,12010
2025-01-19,11:00:00,14.44,14.48,14.38,14.4,32774
2025-01-19,11:30:00,14.44,14.44,14.32,14.36,3988
2025-01-19,12:00:00,14.36,14.38,14.34,14.38,4047
2025-01-19,12:30:00,14.38,14.38,14.34,14.38,4912
2025-01-19,13:00:00,14.34,14.34,14.26,14.28,21245
2025-01-19,13:30:00,14.28,14.34,14.26,14.34,7897
2025-01-19,14:00:00,14.36,14.4,14.32,14.32,10060
2025-01-19,14:30:00,14.32,14.34,14.26,14.3,41510
2025-01-19,15:00:00,14.26,14.26,14.26,14.26,1560
2025-01-20,10:00:00,14.36,14.36,14.26,14.28,7647
2025-01-20,10:30:00,14.26,14.28,14.26,14.28,25007
2025-01-20,11:00:00,14.28,14.3,14.26,14.26,19128
2025-01-20,11:30:00,14.26,14.28,14.24,14.26,16296
2025-01-20,12:00:00,14.26,14.26,14.24,14.24,4222
2025-01-20,12:30:00,14.26,14.28,14.24,14.26,12322
2025-01-20,13:00:00,14.26,14.28,14.26,14.26,8410
2025-01-20,13:30:00,14.26,14.3,14.26,14.28,7415
2025-01-20,14:00:00,14.26,14.3,14.24,14.28,10185
2025-01-20,14:30:00,14.28,14.28,14.24,14.26,8390
2025-01-20,15:00:00,14.28,14.28,14.28,14.28,2500
2025-01-21,10:00:00,14.28,14.28,14.2,14.26,12700
2025-01-21,10:30:00,14.24,14.24,14.2,14.22,14547
2025-01-21,11:00:00,14.2,14.26,14.2,14.24,9883
2025-01-21,11:30:00,14.24,14.26,14.22,14.22,3252
2025-01-21,12:00:00,14.22,14.24,14.2,14.22,8774
2025-01-21,12:30:00,14.22,14.22,14.14,14.18,23739
2025-01-21,13:00:00,14.18,14.22,14.18,14.22,3647
2025-01-21,13:30:00,14.2,14.22,14.16,14.22,7939
2025-01-21,14:00:00,14.22,14.24,14.2,14.24,4049
2025-01-21,14:30:00,14.22,14.26,14.2,14.26,18063
2025-01-21,15:00:00,14.26,14.26,14.26,14.26,148
2025-01-22,10:00:00,14.26,14.34,14.26,14.34,24716
2025-01-22,10:30:00,14.32,14.32,14.3,14.32,18064
2025-01-22,11:00:00,14.32,14.32,14.3,14.32,6047
2025-01-22,11:30:00,14.32,14.32,14.3,14.3,17796
2025-01-22,12:00:00,14.3,14.3,14.24,14.26,8767
2025-01-22,12:30:00,14.26,14.3,14.26,14.26,2784
2025-01-22,13:00:00,14.3,14.3,14.26,14.26,2710
2025-01-22,13:30:00,14.24,14.26,14.2,14.2,10078
2025-01-22,14:00:00,14.22,14.24,14.2,14.24,4140
2025-01-22,14:30:00,14.24,14.24,14.2,14.22,25378
2025-01-22,15:00:00,14.2,14.2,14.2,14.2,501
2025-01-23,10:00:00,14.22,14.22,14.18,14.2,9241
2025-01-23,10:30:00,14.2,14.2,14.1,14.2,39577
2025-01-23,11:00:00,14.2,14.24,14.18,14.22,30098
2025-01-23,11:30:00,14.2,14.24,14.18,14.2,24275
2025-01-23,12:00:00,14.2,14.24,14.2,14.22,5184
2025-01-23,12:30:00,14.24,14.3,14.22,14.24,19010
2025-01-23,13:00:00,14.26,14.26,14.22,14.22,7186
2025-01-23,13:30:00,14.22,14.26,14.2,14.22,12876
2025-01-23,14:00:00,14.24,14.32,14.22,14.3,35417
2025-01-23,14:30:00,14.28,14.32,14.28,14.3,12875
2025-01-23,15:00:00,14.3,14.3,14.3,14.3,407
2025-01-26,10:00:00,14.3,14.48,14.3,14.46,56885
2025-01-26,10:30:00,14.44,14.46,14.4,14.42,24866
2025-01-26,11:00:00,14.42,14.44,14.4,14.42,18537
2025-01-26,11:30:00,14.42,14.44,14.42,14.44,8698
2025-01-26,12:00:00,14.44,14.46,14.4,14.44,11548
2025-01-26,12:30:00,14.44,14.44,14.42,14.42,6579
2025-01-26,13:00:00,14.42,14.42,14.36,14.38,29084
2025-01-26,13:30:00,14.36,14.4,14.34,14.34,12506
2025-01-26,14:00:00,14.34,14.36,14.3,14.3,13281
2025-01-26,14:30:00,14.3,14.36,14.3,14.34,13351
2025-01-26,15:00:00,14.36,14.36,14.36,14.36,11808
2025-01-27,10:00:00,14.3,14.44,14.3,14.38,45150
2025-01-27,10:30:00,14.38,14.4,14.34,14.38,9867
2025-01-27,11:00:00,14.36,14.38,14.32,14.32,7871
2025-01-27,11:30:00,14.32,14.36,14.3,14.32,20341
2025-01-27,12:00:00,14.32,14.34,14.32,14.34,6489
2025-01-27,12:30:00,14.34,14.34,14.28,14.28,24708
2025-01-27,13:00:00,14.3,14.32,14.26,14.3,12736
2025-01-27,13:30:00,14.3,14.3,14.28,14.28,8599
2025-01-27,14:00:00,14.28,14.28,14.22,14.24,32238
2025-01-27,14:30:00,14.24,14.26,14.2,14.22,42382
2025-01-27,15:00:00,14.22,14.22,14.22,14.22,9589
2025-01-28,10:00:00,14.28,14.28,14.22,14.24,20406
2025-01-28,10:30:00,14.26,14.28,14.24,14.26,5972
2025-01-28,11:00:00,14.28,14.28,14.18,14.24,18126
2025-01-28,11:30:00,14.24,14.24,14.22,14.24,12678
2025-01-28,12:00:00,14.24,14.24,14.22,14.24,19683
2025-01-28,12:30:00,14.24,14.28,14.22,14.28,11018
2025-01-28,13:00:00,14.28,14.34,14.26,14.28,120946
2025-01-28,13:30:00,14.3,14.36,14.28,14.28,45618
2025-01-28,14:00:00,14.28,14.34,14.26,14.34,8518
2025-01-28,14:30:00,14.28,14.3,14.26,14.3,24236
2025-01-28,15:00:00,14.24,14.24,14.24,14.24,2675
2025-01-29,10:00:00,14.26,14.34,14.24,14.26,29045
2025-01-29,10:30:00,14.22,14.22,14.16,14.2,26708
2025-01-29,11:00:00,14.24,14.24,14.16,14.16,23828
2025-01-29,11:30:00,14.14,14.18,14.14,14.18,12031
2025-01-29,12:00:00,14.16,14.16,14.1,14.12,23448
2025-01-29,12:30:00,14.12,14.14,14.1,14.12,6799
2025-01-29,13:00:00,14.14,14.14,14.1,14.1,9607
2025-01-29,13:30:00,14.1,14.14,14.06,14.06,48067
2025-01-29,14:00:00,14.08,14.1,13.96,14.04,28255
2025-01-29,14:30:00,14.04,14.1,14.0,14.08,42497
2025-01-29,15:00:00,14.1,14.1,14.1,14.1,2997
2025-01-30,10:00:00,14.1,14.16,14.04,14.06,25112
2025-01-30,10:30:00,14.06,14.1,14.04,14.06,6296
2025-01-30,11:00:00,14.08,14.2,14.06,14.14,30187
2025-01-30,11:30:00,14.14,14.18,14.12,14.14,19407
2025-01-30,12:00:00,14.14,14.14,14.12,14.12,21686
2025-01-30,12:30:00,14.12,14.14,14.1,14.12,3109
2025-01-30,13:00:00,14.12,14.14,14.08,14.08,10643
2025-01-30,13:30:00,14.1,14.12,14.06,14.1,4527
2025-01-30,14:00:00,14.1,14.1,14.06,14.08,2732
2025-01-30,14:30:00,14.08,14.18,14.04,14.1,22035
2025-01-30,15:00:00,14.18,14.18,14.18,14.18,3009
2025-02-02,10:00:00,14.06,14.12,14.0,14.1,28005
2025-02-02,10:30:00,14.1,14.14,14.08,14.1,8134
2025-02-02,11:00:00,14.12,14.12,14.06,14.08,6429
2025-02-02,11:30:00,14.08,14.1,14.08,14.08,9739
2025-02-02,12:00:00,14.08,14.1,14.08,14.1,5518
2025-02-02,12:30:00,14.1,14.1,14.08,14.08,2743
2025-02-02,13:00:00,14.08,14.1,14.06,14.06,7555
2025-02-02,13:30:00,14.08,14.08,14.06,14.08,3707
2025-02-02,14:00:00,14.06,14.1,14.06,14.1,1442
2025-02-02,14:30:00,14.08,14.1,14.06,14.08,7894
2025-02-02,15:00:00,14.06,14.06,14.06,14.06,7898
2025-02-03,10:00:00,14.04,14.06,13.98,14.02,38497
2025-02-03,10:30:00,14.04,14.08,14.0,14.04,14577
2025-02-03,11:00:00,14.0,14.0,13.98,13.98,7481
2025-02-03,11:30:00,13.98,14.04,13.98,14.04,6781
2025-02-03,12:00:00,14.02,14.04,13.98,13.98,7863
2025-02-03,12:30:00,13.98,14.0,13.94,13.94,38885
2025-02-03,13:00:00,13.94,13.96,13.92,13.96,4942
2025-02-03,13:30:00,13.96,13.98,13.94,13.98,4411
2025-02-03,14:00:00,13.96,13.96,13.88,13.9,33908
2025-02-03,14:30:00,13.94,13.94,13.82,13.92,29972
2025-02-03,15:00:00,13.9,13.9,13.9,13.9,5974
2025-02-04,10:00:00,13.82,14.0,13.82,14.0,45865
2025-02-04,10:30:00,14.0,14.02,13.98,13.98,11933
2025-02-04,11:00:00,13.98,14.02,13.98,14.0,20606
2025-02-04,11:30:00,14.0,14.06,14.0,14.06,34723
2025-02-04,12:00:00,14.04,14.06,14.02,14.04,12170
2025-02-04,12:30:00,14.04,14.08,14.04,14.08,32972
2025-02-04,13:00:00,14.04,14.06,14.0,14.02,35359
2025-02-04,13:30:00,14.04,14.08,14.02,14.04,10004
2025-02-04,14:00:00,14.06,14.06,14.02,14.04,5906
2025-02-04,14:30:00,14.04,14.14,14.04,14.12,46641
2025-02-04,15:00:00,14.16,14.16,14.16,14.16,4632
2025-02-05,10:00:00,14.16,14.16,14.06,14.06,25618
2025-02-05,10:30:00,14.12,14.12,14.06,14.06,6208
2025-02-05,11:00:00,14.08,14.08,14.04,14.08,3228
2025-02-05,11:30:00,14.04,14.04,14.0,14.02,24252
2025-02-05,12:00:00,14.02,14.08,14.02,14.06,8201
2025-02-05,12:30:00,14.08,14.08,14.02,14.02,12104
2025-02-05,13:00:00,14.06,14.08,14.02,14.04,14193
2025-02-05,13:30:00,14.08,14.08,14.02,14.04,12445
2025-02-05,14:00:00,14.06,14.06,14.02,14.06,21217
2025-02-05,14:30:00,14.04,14.08,14.0,14.04,13211
2025-02-05,15:00:00,14.06,14.06,14.06,14.06,3306
2025-02-06,10:00:00,14.06,14.1,14.0,14.04,9888
2025-02-06,10:30:00,14.04,14.08,14.02,14.02,4814
2025-02-06,11:00:00,14.02,14.06,14.0,14.04,3968
2025-02-06,11:30:00,14.04,14.04,13.94,13.98,12026
2025-02-06,12:00:00,14.04,14.04,13.96,14.0,8902
2025-02-06,12:30:00,14.0,14.04,13.98,14.0,3472
2025-02-06,13:00:00,14.0,14.0,13.98,14.0,10499
2025-02-06,13:30:00,14.02,14.06,14.02,14.06,7265
2025-02-06,14:00:00,14.06,14.06,14.04,14.06,6876
2025-02-06,14:30:00,14.06,14.06,14.0,14.06,13125
2025-02-06,15:00:00,14.06,14.06,14.06,14.06,1360
2025-02-09,10:00:00,14.06,14.22,14.06,14.2,61962
2025-02-09,10:30:00,14.2,14.24,14.0,14.12,78012
2025-02-09,11:00:00,14.1,14.12,14.06,14.08,14449
2025-02-09,11:30:00,14.1,14.1,14.06,14.1,19995
2025-02-09,12:00:00,14.08,14.1,14.06,14.08,4894
2025-02-09,12:30:00,14.08,14.1,14.06,14.1,4471
2025-02-09,13:00:00,14.1,14.12,14.08,14.1,5693
2025-02-09,13:30:00,14.1,14.12,14.06,14.08,13091
2025-02-09,14:00:00,14.08,14.1,14.06,14.06,8894
2025-02-09,14:30:00,14.08,14.1,14.06,14.1,12409
2025-02-09,15:00:00,14.18,14.18,14.18,14.18,2504
2025-02-10,10:00:00,14.12,14.24,14.08,14.24,83419
2025-02-10,10:30:00,14.22,14.3,14.2,14.28,74524
2025-02-10,11:00:00,14.28,14.3,14.14,14.18,69287
2025-02-10,11:30:00,14.2,14.26,14.2,14.22,27872
2025-02-10,12:00:00,14.24,14.24,14.18,14.22,35992
2025-02-10,12:30:00,14.24,14.24,14.18,14.18,7665
2025-02-10,13:00:00,14.18,14.18,14.12,14.18,16393
2025-02-10,13:30:00,14.14,14.16,14.14,14.14,6868
2025-02-10,14:00:00,14.16,14.2,14.12,14.16,15008
2025-02-10,14:30:00,14.16,14.18,14.06,14.16,69795
2025-02-10,15:00:00,14.06,14.06,14.06,14.06,7370
2025-02-11,10:00:00,14.08,14.14,14.02,14.02,46236
2025-02-11,10:30:00,14.02,14.04,14.0,14.02,37021
2025-02-11,11:00:00,14.04,14.1,14.04,14.08,24630
2025-02-11,11:30:00,14.08,14.1,14.08,14.1,4413
2025-02-11,12:00:00,14.08,14.1,14.06,14.1,554
2025-02-11,12:30:00,14.1,14.1,14.06,14.1,951
2025-02-11,13:00:00,14.1,14.1,14.06,14.1,884
2025-02-11,13:30:00,14.06,14.1,14.06,14.1,29382
2025-02-11,14:00:00,14.06,14.06,14.04,14.06,5636
2025-02-11,14:30:00,14.04,14.08,14.02,14.06,13818
2025-02-11,15:00:00,14.08,14.08,14.08,14.08,2752
2025-02-12,10:00:00,14.0,14.08,13.96,13.98,18327
2025-02-12,10:30:00,13.98,13.98,13.9,13.96,42806
2025-02-12,11:00:00,13.94,13.98,13.9,13.94,21879
2025-02-12,11:30:00,13.94,13.96,13.86,13.9,42578
2025-02-12,12:00:00,13.9,13.92,13.84,13.88,46165
2025-02-12,12:30:00,13.9,13.9,13.82,13.88,66201
2025-02-12,13:00:00,13.88,13.9,13.84,13.84,22411
2025-02-12,13:30:00,13.84,13.86,13.82,13.82,16272
2025-02-12,14:00:00,13.82,13.84,13.82,13.84,28260
2025-02-12,14:30:00,13.84,13.9,13.84,13.86,61245
2025-02-12,15:00:00,13.84,13.84,13.84,13.84,8319
2025-02-13,10:00:00,13.88,13.9,13.8,13.86,21085
2025-02-13,10:30:00,13.84,13.9,13.84,13.88,5197
2025-02-13,11:00:00,13.88,13.9,13.86,13.9,7068
2025-02-13,11:30:00,13.9,13.9,13.84,13.86,3784
2025-02-13,12:00:00,13.86,13.86,13.78,13.78,29234
2025-02-13,12:30:00,13.78,13.8,13.74,13.78,38052
2025-02-13,13:00:00,13.74,13.76,13.7,13.7,33094
2025-02-13,13:30:00,13.7,13.76,13.68,13.76,17229
2025-02-13,14:00:00,13.76,13.8,13.74,13.76,5588
2025-02-13,14:30:00,13.76,13.8,13.76,13.8,6780
2025-02-13,15:00:00,13.8,13.8,13.8,13.8,1016
2025-02-16,10:00:00,13.82,13.9,13.82,13.9,23016
2025-02-16,10:30:00,13.9,13.9,13.86,13.9,14374
2025-02-16,11:00:00,13.92,13.94,13.9,13.92,2447
2025-02-16,11:30:00,13.9,13.92,13.84,13.92,5223
2025-02-16,12:00:00,13.92,13.94,13.86,13.92,5438
2025-02-16,12:30:00,13.9,14.0,13.9,14.0,25036
2025-02-16,13:00:00,14.0,14.12,13.96,14.12,81143
2025-02-16,13:30:00,14.12,14.12,14.06,14.12,121913
2025-02-16,14:00:00,14.12,14.12,14.0,14.04,28797
2025-02-16,14:30:00,14.04,14.06,13.96,14.02,28601
2025-02-16,15:00:00,14.02,14.02,14.02,14.02,362
2025-02-17,10:00:00,14.02,14.08,13.86,13.98,38841
2025-02-17,10:30:00,13.9,13.98,13.9,13.98,10991
2025-02-17,11:00:00,13.96,13.98,13.9,13.9,7389
2025-02-17,11:30:00,13.92,13.96,13.86,13.86,31064
2025-02-17,12:00:00,13.88,13.9,13.84,13.88,27377
2025-02-17,12:30:00,13.88,13.88,13.84,13.86,8863
2025-02-17,13:00:00,13.84,13.86,13.82,13.86,17726
2025-02-17,13:30:00,13.84,13.88,13.8,13.84,39982
2025-02-17,14:00:00,13.84,13.88,13.84,13.84,7600
2025-02-17,14:30:00,13.84,13.9,13.8,13.9,21244
2025-02-17,15:00:00,13.8,13.8,13.8,13.8,13923
2025-02-18,10:00:00,13.8,13.88,13.8,13.82,5828
2025-02-18,10:30:00,13.82,13.86,13.82,13.84,3924
2025-02-18,11:00:00,13.84,13.86,13.8,13.8,23360
2025-02-18,11:30:00,13.8,13.84,13.8,13.84,23039
2025-02-18,12:00:00,13.82,13.84,13.8,13.84,4510
2025-02-18,12:30:00,13.84,13.84,13.82,13.84,2959
2025-02-18,13:00:00,13.84,13.86,13.8,13.82,6758
2025-02-18,13:30:00,13.82,13.82,13.76,13.76,16894
2025-02-18,14:00:00,13.76,13.78,13.72,13.78,12115
2025-02-18,14:30:00,13.78,13.8,13.56,13.74,32901
2025-02-18,15:00:00,13.74,13.74,13.74,13.74,1365
2025-02-19,10:00:00,13.74,13.74,13.66,13.7,21468
2025-02-19,10:30:00,13.74,13.74,13.64,13.66,14794
2025-02-19,11:00:00,13.7,13.72,13.66,13.72,14372
2025-02-19,11:30:00,13.72,13.72,13.66,13.7,11101
2025-02-19,12:00:00,13.7,13.7,13.66,13.68,11277
2025-02-19,12:30:00,13.66,13.72,13.66,13.66,7698
2025-02-19,13:00:00,13.66,13.7,13.66,13.68,9980
2025-02-19,13:30:00,13.68,13.7,13.64,13.7,6115
2025-02-19,14:00:00,13.7,13.7,13.64,13.68,25957
2025-02-19,14:30:00,13.7,13.72,13.66,13.7,5522
2025-02-19,15:00:00,13.64,13.64,13.64,13.64,2013
2025-02-20,10:00:00,13.64,13.68,13.6,13.66,11581
2025-02-20,10:30:00,13.6,13.66,13.58,13.62,13418
2025-02-20,11:00:00,13.62,13.66,13.6,13.62,588
2025-02-20,11:30:00,13.64,13.68,13.64,13.68,1773
2025-02-20,12:00:00,13.66,13.68,13.64,13.66,1246
2025-02-20,12:30:00,13.64,13.68,13.64,13.68,1332
2025-02-20,13:00:00,13.64,13.68,13.64,13.64,8193
2025-02-20,13:30:00,13.64,13.64,13.6,13.62,10168
2025-02-20,14:00:00,13.64,13.64,13.62,13.64,2812
2025-02-20,14:30:00,13.64,13.68,13.64,13.68,10730
2025-02-20,15:00:00,13.68,13.68,13.68,13.68,6376
2025-02-24,10:00:00,13.68,13.68,13.68,13.68,2552
2025-02-24,10:30:00,13.66,13.66,13.6,13.64,31415
2025-02-24,11:00:00,13.6,13.6,13.56,13.58,11506
2025-02-24,11:30:00,13.6,13.62,13.58,13.62,3462
2025-02-24,12:00:00,13.62,13.62,13.58,13.6,5793
2025-02-24,12:30:00,13.6,13.62,13.58,13.62,4242
2025-02-24,13:00:00,13.6,13.62,13.6,13.62,10636
2025-02-24,13:30:00,13.6,13.6,13.6,13.6,17866
2025-02-24,14:00:00,13.6,13.64,13.6,13.64,24662
2025-02-24,14:30:00,13.64,13.86,13.64,13.82,61308
2025-02-24,15:00:00,13.8,13.8,13.8,13.8,2337
2025-02-25,10:00:00,13.8,13.8,13.66,13.66,17277
2025-02-25,10:30:00,13.66,13.7,13.66,13.66,2727
2025-02-25,11:00:00,13.66,13.78,13.64,13.7,7172
2025-02-25,11:30:00,13.68,13.74,13.64,13.7,2404
2025-02-25,12:00:00,13.74,13.78,13.7,13.76,8983
2025-02-25,12:30:00,13.74,13.76,13.68,13.68,7862
2025-02-25,13:00:00,13.72,13.72,13.66,13.68,3960
2025-02-25,13:30:00,13.68,13.7,13.68,13.68,1706
2025-02-25,14:00:00,13.72,13.76,13.68,13.76,5050
2025-02-25,14:30:00,13.76,13.8,13.74,13.74,10361
2025-02-25,15:00:00,13.7,13.7,13.7,13.7,311
2025-02-26,10:00:00,13.7,13.7,13.68,13.68,2175
2025-02-26,10:30:00,13.7,13.7,13.64,13.64,536
2025-02-26,11:00:00,13.64,13.68,13.62,13.64,12374
2025-02-26,11:30:00,13.62,13.68,13.62,13.68,1465
2025-02-26,12:00:00,13.68,13.74,13.68,13.68,1788
2025-02-26,12:30:00,13.66,13.7,13.64,13.68,1400
2025-02-26,13:00:00,13.68,13.68,13.64,13.64,2276
2025-02-26,13:30:00,13.68,13.68,13.64,13.64,927
2025-02-26,14:00:00,13.64,13.68,13.62,13.62,2278
2025-02-26,14:30:00,13.64,13.64,13.62,13.64,3035
2025-02-26,15:00:00,13.7,13.7,13.7,13.7,3832
2025-02-27,10:00:00,13.66,13.7,13.66,13.68,12030
2025-02-27,10:30:00,13.7,13.74,13.7,13.74,3597
2025-02-27,11:00:00,13.7,13.74,13.68,13.68,9938
2025-02-27,11:30:00,13.7,13.72,13.68,13.68,17461
2025-02-27,12:00:00,13.68,13.72,13.68,13.68,5547
2025-02-27,12:30:00,13.66,13.68,13.66,13.68,9590
2025-02-27,13:00:00,13.64,13.66,13.62,13.64,10724
2025-02-27,13:30:00,13.66,13.68,13.62,13.66,10500
2025-02-27,14:00:00,13.66,13.66,13.62,13.64,5542
2025-02-27,14:30:00,13.64,13.66,13.6,13.64,12109
2025-02-27,15:00:00,13.66,13.66,13.66,13.66,10107
2025-03-02,10:00:00,13.66,13.68,13.64,13.66,8119
2025-03-02,10:30:00,13.68,13.68,13.64,13.64,6718
2025-03-02,11:00:00,13.66,13.66,13.64,13.64,1324
2025-03-02,11:30:00,13.64,13.64,13.52,13.54,36993
2025-03-02,12:00:00,13.54,13.54,13.52,13.54,743
2025-03-02,12:30:00,13.54,13.56,13.52,13.56,8184
2025-03-02,13:00:00,13.54,13.58,13.36,13.36,37233
2025-03-02,13:30:00,13.36,13.38,13.2,13.28,39730
2025-03-02,14:00:00,13.22,13.28,13.04,13.16,45010
2025-03-02,14:30:00,13.1,13.2,13.1,13.2,6949
2025-03-02,15:00:00,13.14,13.14,13.14,13.14,12954
2025-03-03,10:00:00,13.18,13.26,13.14,13.24,10285
2025-03-03,10:30:00,13.24,13.36,13.24,13.26,33750
2025-03-03,11:00:00,13.24,13.3,13.22,13.24,23377
2025-03-03,11:30:00,13.24,13.24,13.16,13.18,7387
2025-03-03,12:00:00,13.16,13.2,13.14,13.2,4035
2025-03-03,12:30:00,13.2,13.3,13.2,13.28,15574
2025-03-03,13:00:00,13.28,13.34,13.26,13.28,22347
2025-03-03,13:30:00,13.3,13.48,13.3,13.46,27795
2025-03-03,14:00:00,13.46,13.74,13.46,13.72,75982
2025-03-03,14:30:00,13.74,13.78,13.66,13.74,52893
2025-03-03,15:00:00,13.78,13.78,13.78,13.78,2237
2025-03-04,10:00:00,13.74,13.74,13.34,13.4,36024
2025-03-04,10:30:00,13.48,13.58,13.42,13.54,20113
2025-03-04,11:00:00,13.52,13.54,13.44,13.5,8570
2025-03-04,11:30:00,13.54,13.54,13.42,13.44,7238
2025-03-04,12:00:00,13.46,13.46,13.36,13.42,18927
2025-03-04,12:30:00,13.38,13.44,13.36,13.44,12525
2025-03-04,13:00:00,13.42,13.46,13.34,13.46,13127
2025-03-04,13:30:00,13.44,13.46,13.3,13.3,38799
2025-03-04,14:00:00,13.3,13.3,13.22,13.24,89638
2025-03-04,14:30:00,13.24,13.32,13.2,13.28,36283
2025-03-04,15:00:00,13.32,13.32,13.32,13.32,9475
2025-03-05,10:00:00,13.32,13.34,13.24,13.26,10857
2025-03-05,10:30:00,13.24,13.36,13.22,13.3,5870
2025-03-05,11:00:00,13.32,13.36,13.28,13.34,12899
2025-03-05,11:30:00,13.34,13.38,13.32,13.32,5600
2025-03-05,12:00:00,13.34,13.4,13.32,13.34,8292
2025-03-05,12:30:00,13.32,13.32,13.28,13.3,6687
2025-03-05,13:00:00,13.3,13.32,13.28,13.32,8120
2025-03-05,13:30:00,13.3,13.38,13.28,13.34,19316
2025-03-05,14:00:00,13.32,13.34,13.26,13.32,12181
2025-03-05,14:30:00,13.3,13.38,13.28,13.38,19911
2025-03-05,15:00:00,13.36,13.36,13.36,13.36,3758
2025-03-06,10:00:00,13.38,13.38,13.22,13.24,5463
2025-03-06,10:30:00,13.3,13.3,13.2,13.3,26153
2025-03-06,11:00:00,13.3,13.3,13.26,13.26,2688
2025-03-06,11:30:00,13.26,13.34,13.22,13.34,11943
2025-03-06,12:00:00,13.22,13.28,13.16,13.26,36254
2025-03-06,12:30:00,13.24,13.24,13.14,13.16,8416
2025-03-06,13:00:00,13.14,13.22,13.12,13.14,21934
2025-03-06,13:30:00,13.14,13.2,13.14,13.2,3095
2025-03-06,14:00:00,13.18,13.22,13.12,13.22,9369
2025-03-06,14:30:00,13.2,13.28,13.18,13.24,14972
2025-03-06,15:00:00,13.24,13.24,13.24,13.24,1
2025-03-09,10:00:00,13.08,13.16,13.02,13.06,26700
2025-03-09,10:30:00,13.1,13.12,13.04,13.1,12482
2025-03-09,11:00:00,13.06,13.1,13.04,13.08,5738
2025-03-09,11:30:00,13.04,13.06,12.84,12.86,49416
2025-03-09,12:00:00,12.86,12.86,12.72,12.76,24728
2025-03-09,12:30:00,12.76,12.82,12.72,12.8,18901
2025-03-09,13:00:00,12.82,12.82,12.76,12.78,16609
2025-03-09,13:30:00,12.78,12.82,12.78,12.8,23857
2025-03-09,14:00:00,12.8,12.82,12.78,12.82,17334
2025-03-09,14:30:00,12.82,12.82,12.76,12.76,32660
2025-03-09,15:00:00,12.76,12.76,12.76,12.76,6830
2025-03-10,10:00:00,12.82,12.84,12.62,12.62,29564
2025-03-10,10:30:00,12.62,12.66,12.4,12.58,19385
2025-03-10,11:00:00,12.54,12.66,12.54,12.56,7446
2025-03-10,11:30:00,12.56,12.6,12.5,12.56,13619
2025-03-10,12:00:00,12.54,12.56,12.52,12.56,1516
2025-03-10,12:30:00,12.54,12.6,12.52,12.6,3181
2025-03-10,13:00:00,12.6,12.6,12.48,12.48,7839
2025-03-10,13:30:00,12.48,12.56,12.42,12.5,6971
2025-03-10,14:00:00,12.54,12.56,12.52,12.52,1268
2025-03-10,14:30:00,12.52,12.52,12.42,12.44,10904
2025-03-10,15:00:00,12.42,12.42,12.42,12.42,2160
2025-03-11,10:00:00,12.3,12.3,11.8,11.86,61505
2025-03-11,10:30:00,11.94,11.94,11.82,11.9,27400
2025-03-11,11:00:00,11.88,12.14,11.88,12.06,45408
2025-03-11,11:30:00,12.14,12.26,12.1,12.24,9500
2025-03-11,12:00:00,12.26,12.3,12.16,12.22,25099
2025-03-11,12:30:00,12.22,12.38,12.22,12.3,6115
2025-03-11,13:00:00,12.32,12.38,12.26,12.36,25547
2025-03-11,13:30:00,12.32,12.36,12.3,12.32,8682
2025-03-11,14:00:00,12.34,12.44,12.34,12.44,21472
2025-03-11,14:30:00,12.42,12.5,12.4,12.5,12268
2025-03-12,10:00:00,12.5,12.64,12.44,12.58,9427
2025-03-12,10:30:00,12.56,12.56,12.48,12.48,617
2025-03-12,11:00:00,12.5,12.62,12.5,12.56,22670
2025-03-12,11:30:00,12.54,12.54,12.52,12.52,11623
2025-03-12,12:00:00,12.5,12.5,12.42,12.42,11008
2025-03-12,12:30:00,12.42,12.46,12.4,12.46,6598
2025-03-12,13:00:00,12.46,12.46,12.4,12.44,16440
2025-03-12,13:30:00,12.44,12.46,12.4,12.46,2583
2025-03-12,14:00:00,12.46,12.54,12.44,12.52,7206
2025-03-12,14:30:00,12.52,12.58,12.46,12.52,18064
2025-03-12,15:00:00,12.54,12.54,12.54,12.54,627
2025-03-13,10:00:00,12.6,12.6,12.48,12.56,8001
2025-03-13,10:30:00,12.58,12.62,12.54,12.54,3617
2025-03-13,11:00:00,12.54,12.6,12.5,12.52,8831
2025-03-13,11:30:00,12.5,12.6,12.5,12.58,43113
2025-03-13,12:00:00,12.56,12.64,12.5,12.64,11213
2025-03-13,12:30:00,12.64,12.76,12.58,12.7,20110
2025-03-13,13:00:00,12.7,12.7,12.54,12.54,24187
2025-03-13,13:30:00,12.54,12.66,12.52,12.64,51129
2025-03-13,14:00:00,12.64,12.7,12.6,12.68,19888
2025-03-13,14:30:00,12.6,12.68,12.58,12.68,5204
2025-03-13,15:00:00,12.66,12.66,12.66,12.66,853
2025-03-16,10:00:00,12.68,12.78,12.68,12.72,5515
2025-03-16,10:30:00,12.7,12.76,12.7,12.74,2867
2025-03-16,11:00:00,12.74,12.74,12.68,12.72,22821
2025-03-16,11:30:00,12.72,12.74,12.7,12.7,436
2025-03-16,12:00:00,12.7,12.74,12.68,12.74,1932
2025-03-16,12:30:00,12.74,12.8,12.72,12.78,8594
2025-03-16,13:00:00,12.76,12.9,12.7,12.9,37577
2025-03-16,13:30:00,12.86,12.9,12.82,12.9,16419
2025-03-16,14:00:00,12.92,13.16,12.9,13.14,80787
2025-03-16,14:30:00,13.14,13.32,13.0,13.18,80402
2025-03-16,15:00:00,13.32,13.32,13.32,13.32,6066
2025-03-17,10:00:00,13.28,13.34,13.1,13.34,28991
2025-03-17,10:30:00,13.32,13.38,13.24,13.28,15783
2025-03-17,11:00:00,13.22,13.3,13.22,13.26,4028
2025-03-17,11:30:00,13.26,13.28,13.2,13.24,4168
2025-03-17,12:00:00,13.26,13.28,13.22,13.22,387
2025-03-17,12:30:00,13.22,13.24,13.18,13.2,4758
2025-03-17,13:00:00,13.24,13.24,13.18,13.18,1802
2025-03-17,13:30:00,13.18,13.22,13.12,13.12,14453
2025-03-17,14:00:00,13.2,13.2,13.12,13.2,6173
2025-03-17,14:30:00,13.18,13.18,13.1,13.12,10590
2025-03-17,15:00:00,13.12,13.12,13.12,13.12,1280
2025-03-18,10:00:00,13.12,13.12,13.02,13.02,10759
2025-03-18,10:30:00,13.02,13.06,12.98,13.0,4797
2025-03-18,11:00:00,12.98,13.04,12.98,13.02,13749
2025-03-18,11:30:00,13.04,13.04,12.98,13.0,7243
2025-03-18,12:00:00,12.98,13.0,12.96,13.0,3505
2025-03-18,12:30:00,13.0,13.0,12.92,12.92,9318
2025-03-18,13:00:00,12.96,12.96,12.8,12.9,17321
2025-03-18,13:30:00,12.9,12.96,12.84,12.84,13689
2025-03-18,14:00:00,12.9,12.94,12.86,12.9,2280
2025-03-18,14:30:00,12.9,13.1,12.88,12.88,6663
2025-03-18,15:00:00,13.08,13.08,13.08,13.08,1360
2025-03-19,10:00:00,13.08,13.08,12.86,12.9,4834
2025-03-19,10:30:00,12.86,12.9,12.78,12.9,19737
2025-03-19,11:00:00,12.88,12.9,12.82,12.86,236
2025-03-19,11:30:00,12.88,12.92,12.82,12.9,6074
2025-03-19,12:00:00,12.9,12.9,12.9,12.9,1744
2025-03-19,12:30:00,12.92,12.92,12.82,12.84,1872
2025-03-19,13:00:00,12.84,12.92,12.82,12.84,2670
2025-03-19,13:30:00,12.84,12.92,12.84,12.88,7046
2025-03-19,14:00:00,12.92,12.94,12.88,12.92,5299
2025-03-19,14:30:00,12.94,12.94,12.8,12.9,13142
2025-03-19,15:00:00,12.98,12.98,12.98,12.98,5258
2025-03-20,10:00:00,12.86,12.96,12.86,12.86,2121
2025-03-20,10:30:00,12.88,12.96,12.88,12.96,1096
2025-03-20,11:00:00,12.9,12.96,12.9,12.96,202
2025-03-20,11:30:00,12.92,12.96,12.92,12.96,300
2025-03-20,12:00:00,12.92,12.94,12.9,12.94,1988
2025-03-20,12:30:00,12.92,12.94,12.92,12.94,2113
2025-03-20,13:00:00,12.94,12.94,12.9,12.92,5076
2025-03-20,13:30:00,12.92,12.98,12.88,12.88,5326
2025-03-20,14:00:00,12.88,12.9,12.84,12.86,14377
2025-03-20,14:30:00,12.86,12.9,12.86,12.86,3438
2025-03-20,15:00:00,12.86,12.86,12.86,12.86,1838
2025-03-23,10:00:00,12.78,12.86,12.76,12.78,8575
2025-03-23,10:30:00,12.8,12.8,12.78,12.78,625
2025-03-23,11:00:00,12.78,12.98,12.78,12.78,9933
2025-03-23,11:30:00,12.78,12.88,12.78,12.88,1049
2025-03-23,12:00:00,12.88,12.88,12.8,12.86,1013
2025-03-23,12:30:00,12.86,12.86,12.78,12.78,2093
2025-03-23,13:00:00,12.8,12.86,12.8,12.8,1944
2025-03-23,13:30:00,12.78,12.8,12.78,12.8,770
2025-03-23,14:00:00,12.84,12.88,12.8,12.8,16346
2025-03-23,14:30:00,12.88,12.88,12.8,12.8,6806
2025-03-23,15:00:00,12.8,12.8,12.8,12.8,269
2025-03-24,10:00:00,12.7,12.78,12.7,12.76,1644
2025-03-24,10:30:00,12.76,12.78,12.68,12.7,11646
2025-03-24,11:00:00,12.7,12.76,12.68,12.72,8497
2025-03-24,11:30:00,12.74,12.76,12.7,12.7,1832
2025-03-24,12:00:00,12.76,12.76,12.68,12.68,12906
2025-03-24,12:30:00,12.76,12.76,12.7,12.76,23635
2025-03-24,13:00:00,12.7,12.72,12.66,12.68,19527
2025-03-24,13:30:00,12.64,12.66,12.6,12.66,5875
2025-03-24,14:00:00,12.66,12.66,12.62,12.62,5049
2025-03-24,14:30:00,12.62,12.68,12.62,12.66,13460
2025-03-24,15:00:00,12.66,12.66,12.66,12.66,2541
2025-03-25,10:00:00,12.66,12.7,12.6,12.62,33149
2025-03-25,10:30:00,12.66,12.68,12.66,12.68,3416
2025-03-25,11:00:00,12.64,12.68,12.6,12.66,12910
2025-03-25,11:30:00,12.62,12.66,12.6,12.62,4928
2025-03-25,12:00:00,12.66,12.66,12.6,12.6,6348
2025-03-25,12:30:00,12.62,12.62,12.58,12.58,24614
2025-03-25,13:00:00,12.58,12.6,12.54,12.6,3677
2025-03-25,13:30:00,12.6,12.6,12.52,12.6,3828
2025-03-25,14:00:00,12.54,12.6,12.52,12.52,6007
2025-03-25,14:30:00,12.54,12.56,12.5,12.54,16074
2025-03-25,15:00:00,12.54,12.54,12.54,12.54,10546
2025-03-26,10:00:00,12.5,12.6,12.5,12.58,2047
2025-03-26,10:30:00,12.56,12.7,12.54,12.68,12250
2025-03-26,11:00:00,12.68,12.74,12.68,12.72,16004
2025-03-26,11:30:00,12.72,12.76,12.66,12.74,6131
2025-03-26,12:00:00,12.76,12.78,12.74,12.78,1873
2025-03-26,12:30:00,12.76,12.8,12.76,12.8,2951
2025-03-26,13:00:00,12.8,12.88,12.78,12.8,2567
2025-03-26,13:30:00,12.8,12.8,12.78,12.8,346
2025-03-26,14:00:00,12.78,12.8,12.76,12.8,541
2025-03-26,14:30:00,12.76,12.8,12.76,12.8,4208
2025-03-26,15:00:00,12.8,12.8,12.8,12.8,4019
2025-03-27,10:00:00,12.78,12.9,12.78,12.9,6590
2025-03-27,10:30:00,12.92,12.94,12.88,12.9,11328
2025-03-27,11:00:00,12.9,12.9,12.88,12.88,1285
2025-03-27,11:30:00,12.86,12.9,12.86,12.9,1004
2025-03-27,12:00:00,12.9,12.98,12.88,12.98,29558
2025-03-27,12:30:00,12.98,13.0,12.96,13.0,38016
2025-03-27,13:00:00,12.98,13.02,12.98,12.98,6325
2025-03-27,13:30:00,12.98,13.0,12.94,12.98,4018
2025-03-27,14:00:00,12.98,12.98,12.9,12.94,15442
2025-03-27,14:30:00,12.92,12.94,12.88,12.92,9617
2025-03-27,15:00:00,12.98,12.98,12.98,12.98,10001
2025-04-03,10:00:00,12.86,12.98,12.86,12.98,9281
2025-04-03,10:30:00,12.98,13.0,12.92,12.92,5228
2025-04-03,11:00:00,12.98,13.02,12.96,13.0,9142
2025-04-03,11:30:00,12.94,12.96,12.9,12.94,4569
2025-04-03,12:00:00,12.9,13.26,12.88,13.08,58303
2025-04-03,12:30:00,13.1,13.48,13.1,13.26,228234
2025-04-03,13:00:00,13.26,13.3,13.1,13.12,24974
2025-04-03,13:30:00,13.1,13.2,13.1,13.12,32782
2025-04-03,14:00:00,13.1,13.16,13.04,13.16,23366
2025-04-03,14:30:00,13.2,13.22,13.04,13.06,37293
2025-04-03,15:00:00,13.04,13.04,13.04,13.04,4382
2025-04-06,10:00:00,12.42,12.48,12.22,12.24,66474
2025-04-06,10:30:00,12.24,12.3,12.14,12.3,38206
2025-04-06,11:00:00,12.26,12.4,12.24,12.26,48927
2025-04-06,11:30:00,12.3,12.4,12.26,12.3,71977
2025-04-06,12:00:00,12.26,12.3,12.2,12.28,20271
2025-04-06,12:30:00,12.26,12.28,12.16,12.18,22185
2025-04-06,13:00:00,12.16,12.26,12.1,12.12,32858
2025-04-06,13:30:00,12.24,12.24,11.9,12.08,40770
2025-04-06,14:00:00,12.08,12.08,11.9,11.96,21008
2025-04-06,14:30:00,11.96,12.04,11.94,12.04,18786
2025-04-06,15:00:00,12.26,12.26,12.26,12.26,3214
2025-04-07,10:00:00,12.08,12.08,11.64,11.74,40169
2025-04-07,10:30:00,11.86,12.04,11.6,12.02,30751
2025-04-07,11:00:00,12.08,12.2,11.9,12.16,13814
2025-04-07,11:30:00,12.2,12.3,12.08,12.24,31775
2025-04-07,12:00:00,12.22,12.26,12.0,12.18,27931
2025-04-07,12:30:00,12.16,12.16,11.98,12.0,54633
2025-04-07,13:00:00,12.0,12.14,11.96,12.0,40651
2025-04-07,13:30:00,12.12,12.14,12.04,12.14,2868
2025-04-07,14:00:00,12.14,12.24,12.1,12.22,17628
2025-04-07,14:30:00,12.22,12.24,12.14,12.14,33176
2025-04-07,15:00:00,12.24,12.24,12.24,12.24,4843
2025-04-08,10:00:00,12.28,12.5,12.28,12.5,99656
2025-04-08,10:30:00,12.52,12.56,12.34,12.42,34581
2025-04-08,11:00:00,12.42,12.44,12.32,12.32,27711
2025-04-08,11:30:00,12.32,12.38,12.3,12.38,7238
2025-04-08,12:00:00,12.38,12.4,12.24,12.26,21890
2025-04-08,12:30:00,12.26,12.34,12.26,12.3,25962
2025-04-08,13:00:00,12.28,12.34,12.22,12.28,13652
2025-04-08,13:30:00,12.28,12.28,12.2,12.22,7661
2025-04-08,14:00:00,12.22,12.28,12.12,12.18,16511
2025-04-08,14:30:00,12.18,12.18,12.12,12.16,21255
2025-04-08,15:00:00,12.16,12.16,12.16,12.16,859
2025-04-09,10:00:00,12.12,12.12,11.96,12.02,33606
2025-04-09,10:30:00,12.1,12.1,12.04,12.08,11272
2025-04-09,11:00:00,12.1,12.1,11.98,11.98,10688
2025-04-09,11:30:00,11.96,12.08,11.96,12.08,11325
2025-04-09,12:00:00,12.02,12.06,12.02,12.02,7799
2025-04-09,12:30:00,12.02,12.04,12.0,12.04,9827
2025-04-09,13:00:00,12.02,12.06,12.0,12.06,3016
2025-04-09,13:30:00,12.04,12.08,12.02,12.06,11992
2025-04-09,14:00:00,12.04,12.06,11.88,11.88,39733
2025-04-09,14:30:00,11.9,11.96,11.82,11.92,16184
2025-04-09,15:00:00,12.04,12.04,12.04,12.04,3133
2025-04-10,10:00:00,12.34,12.48,12.34,12.44,56735
2025-04-10,10:30:00,12.44,12.44,12.3,12.34,29037
2025-04-10,11:00:00,12.32,12.32,12.28,12.3,5646
2025-04-10,11:30:00,12.3,12.32,12.28,12.28,3337
2025-04-10,12:00:00,12.28,12.36,12.28,12.34,13297
2025-04-10,12:30:00,12.36,12.38,12.32,12.38,7964
2025-04-10,13:00:00,12.38,12.38,12.36,12.36,5244
2025-04-10,13:30:00,12.36,12.36,12.26,12.28,12271
2025-04-10,14:00:00,12.26,12.3,12.24,12.28,8529
2025-04-10,14:30:00,12.28,12.34,12.26,12.34,7790
2025-04-10,15:00:00,12.3,12.3,12.3,12.3,5158
2025-04-13,10:00:00,12.5,12.56,12.4,12.4,29450
2025-04-13,10:30:00,12.48,12.52,12.44,12.5,14282
2025-04-13,11:00:00,12.48,12.48,12.44,12.46,10536
2025-04-13,11:30:00,12.46,12.48,12.42,12.46,8272
2025-04-13,12:00:00,12.48,12.52,12.46,12.52,28050
2025-04-13,12:30:00,12.52,12.56,12.5,12.5,14016
2025-04-13,13:00:00,12.5,12.6,12.48,12.54,19928
2025-04-13,13:30:00,12.52,12.54,12.52,12.54,2452
2025-04-13,14:00:00,12.54,12.66,12.54,12.64,81653
2025-04-13,14:30:00,12.6,12.66,12.58,12.6,16179
2025-04-13,15:00:00,12.56,12.56,12.56,12.56,4675
2025-04-14,10:00:00,12.56,12.58,12.5,12.5,8846
2025-04-14,10:30:00,12.54,12.6,12.5,12.6,7161
2025-04-14,11:00:00,12.6,12.7,12.6,12.68,9472
2025-04-14,11:30:00,12.68,12.68,12.6,12.62,4225
2025-04-14,12:00:00,12.62,12.66,12.62,12.66,3479
2025-04-14,12:30:00,12.64,12.72,12.6,12.66,17129
2025-04-14,13:00:00,12.68,12.7,12.64,12.66,8224
2025-04-14,13:30:00,12.7,12.7,12.66,12.66,14322
2025-04-14,14:00:00,12.68,12.7,12.66,12.7,7207
2025-04-14,14:30:00,12.66,12.86,12.66,12.8,70007
2025-04-14,15:00:00,12.76,12.76,12.76,12.76,8444
2025-04-15,10:00:00,12.88,12.88,12.82,12.84,8671
2025-04-15,10:30:00,12.84,12.84,12.76,12.78,13104
2025-04-15,11:00:00,12.78,12.82,12.74,12.8,36633
2025-04-15,11:30:00,12.82,13.0,12.82,12.94,37590
2025-04-15,12:00:00,12.94,13.2,12.94,13.02,82619
2025-04-15,12:30:00,13.0,13.04,12.94,12.94,17340
2025-04-15,13:00:00,12.96,13.02,12.92,12.94,16855
2025-04-15,13:30:00,12.92,12.96,12.8,12.8,15276
2025-04-15,14:00:00,12.88,12.92,12.84,12.88,4591
2025-04-15,14:30:00,12.88,12.88,12.78,12.84,12128
2025-04-15,15:00:00,12.8,12.8,12.8,12.8,4024
2025-04-16,10:00:00,12.74,14.08,12.74,14.08,362114
2025-04-16,10:30:00,14.08,14.08,13.72,14.08,711053
2025-04-16,11:00:00,14.08,14.08,13.96,14.08,494884
2025-04-16,11:30:00,14.08,14.08,13.88,13.94,639198
2025-04-16,12:00:00,14.0,14.02,13.72,13.86,208732
2025-04-16,12:30:00,13.86,13.94,13.74,13.9,108602
2025-04-16,13:00:00,13.9,14.02,13.9,13.96,113268
2025-04-16,13:30:00,13.96,14.08,13.9,14.08,98601
2025-04-16,14:00:00,14.08,14.08,14.04,14.08,523936
2025-04-16,14:30:00,14.08,14.08,14.04,14.08,143494
2025-04-16,15:00:00,14.08,14.08,14.08,14.08,6466
2025-04-17,10:00:00,14.06,14.06,13.74,14.0,318998
2025-04-17,10:30:00,13.98,14.34,13.92,13.98,828570
2025-04-17,11:00:00,14.0,14.0,13.76,13.86,205770
2025-04-17,11:30:00,13.86,13.92,13.74,13.76,67867
2025-04-17,12:00:00,13.74,13.82,13.74,13.76,35916
2025-04-17,12:30:00,13.78,13.8,13.58,13.66,109044
2025-04-17,13:00:00,13.68,13.68,13.4,13.42,148762
2025-04-17,13:30:00,13.48,13.48,13.32,13.46,203020
2025-04-17,14:00:00,13.48,13.54,13.36,13.42,97952
2025-04-17,14:30:00,13.42,13.6,13.36,13.44,99319
2025-04-17,15:00:00,13.4,13.4,13.4,13.4,30072
2025-04-20,10:00:00,13.4,14.4,13.4,14.28,503528
2025-04-20,10:30:00,14.4,14.4,14.0,14.14,512824
2025-04-20,11:00:00,14.16,14.28,13.88,13.94,221371
2025-04-20,11:30:00,13.92,14.04,13.92,13.92,90817
2025-04-20,12:00:00,13.98,14.0,13.82,13.86,71375
2025-04-20,12:30:00,13.86,14.2,13.82,14.12,137164
2025-04-20,13:00:00,14.12,14.12,13.9,13.98,47387
2025-04-20,13:30:00,13.94,14.0,13.88,13.96,25326
2025-04-20,14:00:00,13.94,14.2,13.86,14.14,136195
2025-04-20,14:30:00,14.12,14.22,13.98,14.12,125631
2025-04-20,15:00:00,14.14,14.14,14.14,14.14,24655
2025-04-21,10:00:00,14.2,14.2,13.86,13.94,201030
2025-04-21,10:30:00,13.94,14.1,13.92,14.04,64343
2025-04-21,11:00:00,14.04,14.08,13.94,13.96,48053
2025-04-21,11:30:00,13.96,14.02,13.96,13.98,43403
2025-04-21,12:00:00,13.98,14.04,13.92,14.0,67842
2025-04-21,12:30:00,14.0,14.12,13.94,14.1,79615
2025-04-21,13:00:00,14.08,14.08,13.86,13.9,66188
2025-04-21,13:30:00,13.92,13.94,13.88,13.92,31259
2025-04-21,14:00:00,13.92,13.92,13.8,13.8,55847
2025-04-21,14:30:00,13.78,13.86,13.78,13.84,67603
2025-04-21,15:00:00,13.8,13.8,13.8,13.8,3902
2025-04-22,10:00:00,13.8,13.98,13.62,13.98,167442
2025-04-22,10:30:00,13.96,13.96,13.7,13.8,96844
2025-04-22,11:00:00,13.84,13.9,13.8,13.86,46573
2025-04-22,11:30:00,13.84,13.84,13.66,13.68,54535
2025-04-22,12:00:00,13.7,13.74,13.6,13.7,56428
2025-04-22,12:30:00,13.7,13.78,13.7,13.74,17323
2025-04-22,13:00:00,13.74,13.78,13.66,13.7,16114
2025-04-22,13:30:00,13.7,13.74,13.66,13.7,15535
2025-04-22,14:00:00,13.7,13.9,13.68,13.8,40682
2025-04-22,14:30:00,13.78,13.9,13.74,13.88,46013
2025-04-22,15:00:00,13.88,13.88,13.88,13.88,25455
2025-04-23,10:00:00,13.96,14.06,13.86,13.88,137041
2025-04-23,10:30:00,13.9,13.92,13.74,13.74,76567
2025-04-23,11:00:00,13.74,13.78,13.72,13.76,22556
2025-04-23,11:30:00,13.72,13.74,13.5,13.6,213636
2025-04-23,12:00:00,13.64,13.66,13.56,13.58,58313
2025-04-23,12:30:00,13.58,13.66,13.58,13.64,39235
2025-04-23,13:00:00,13.66,13.68,13.62,13.66,31378
2025-04-23,13:30:00,13.66,13.74,13.66,13.68,29539
2025-04-23,14:00:00,13.68,13.72,13.66,13.7,19039
2025-04-23,14:30:00,13.7,13.72,13.64,13.66,30770
2025-04-23,15:00:00,13.64,13.64,13.64,13.64,1689
2025-04-24,10:00:00,13.78,13.78,13.5,13.66,96102
2025-04-24,10:30:00,13.66,13.8,13.66,13.76,62912
2025-04-24,11:00:00,13.76,13.76,13.66,13.7,43083
2025-04-24,11:30:00,13.72,13.72,13.66,13.7,11608
2025-04-24,12:00:00,13.66,13.7,13.64,13.68,14411
2025-04-24,12:30:00,13.66,13.68,13.64,13.68,17047
2025-04-24,13:00:00,13.66,13.68,13.56,13.58,28238
2025-04-24,13:30:00,13.58,13.62,13.54,13.62,32387
2025-04-24,14:00:00,13.62,13.64,13.54,13.56,39642
2025-04-24,14:30:00,13.54,13.58,13.46,13.5,84481
2025-04-24,15:00:00,13.5,13.5,13.5,13.5,10490
2025-04-27,10:00:00,13.58,13.62,13.54,13.6,38432
2025-04-27,10:30:00,13.58,13.62,13.52,13.52,24805
2025-04-27,11:00:00,13.52,13.58,13.52,13.54,11505
2025-04-27,11:30:00,13.56,13.6,13.54,13.56,15228
2025-04-27,12:00:00,13.56,13.76,13.54,13.68,41199
2025-04-27,12:30:00,13.64,13.8,13.6,13.64,23900
2025-04-27,13:00:00,13.6,13.66,13.58,13.6,7905
2025-04-27,13:30:00,13.6,13.62,13.58,13.6,16127
2025-04-27,14:00:00,13.6,13.64,13.5,13.56,98656
2025-04-27,14:30:00,13.56,13.6,13.52,13.56,19129
2025-04-27,15:00:00,13.5,13.5,13.5,13.5,6396
2025-04-28,10:00:00,13.6,13.6,13.5,13.52,39911
2025-04-28,10:30:00,13.48,13.5,13.4,13.42,65287
2025-04-28,11:00:00,13.42,13.46,13.4,13.4,21478
2025-04-28,11:30:00,13.44,13.46,13.38,13.44,20324
2025-04-28,12:00:00,13.4,13.42,13.3,13.34,49796
2025-04-28,12:30:00,13.36,13.4,13.34,13.36,11491
2025-04-28,13:00:00,13.4,13.44,13.34,13.36,16086
2025-04-28,13:30:00,13.38,13.42,13.34,13.4,7382
2025-04-28,14:00:00,13.38,13.38,13.32,13.32,15757
2025-04-28,14:30:00,13.34,13.4,13.32,13.34,23552
2025-04-28,15:00:00,13.3,13.3,13.3,13.3,4351
2025-04-29,10:00:00,13.32,13.46,13.32,13.4,33241
2025-04-29,10:30:00,13.4,13.42,13.36,13.36,10431
2025-04-29,11:00:00,13.36,13.38,13.32,13.36,13616
2025-04-29,11:30:00,13.36,13.38,13.32,13.38,11446
2025-04-29,12:00:00,13.36,13.36,13.28,13.28,26660
2025-04-29,12:30:00,13.28,13.32,13.22,13.32,44197
2025-04-29,13:00:00,13.32,13.36,13.3,13.36,10104
2025-04-29,13:30:00,13.34,13.34,13.28,13.3,5013
2025-04-29,14:00:00,13.3,13.34,13.28,13.32,19800
2025-04-29,14:30:00,13.34,13.34,13.3,13.3,18643
2025-04-29,15:00:00,13.3,13.3,13.3,13.3,2907
2025-04-30,10:00:00,13.2,13.5,13.2,13.46,111721
2025-04-30,10:30:00,13.48,13.48,13.32,13.36,55420
2025-04-30,11:00:00,13.34,13.4,13.3,13.36,47306
2025-04-30,11:30:00,13.36,13.36,13.14,13.14,103385
2025-04-30,12:00:00,13.16,13.2,13.14,13.18,15203
2025-04-30,12:30:00,13.16,13.2,13.16,13.2,26669
2025-04-30,13:00:00,13.2,13.22,13.18,13.2,14038
2025-04-30,13:30:00,13.18,13.2,13.14,13.16,10097
2025-04-30,14:00:00,13.16,13.18,13.14,13.16,11094
2025-04-30,14:30:00,13.14,13.2,13.12,13.12,16064
2025-04-30,15:00:00,13.2,13.2,13.2,13.2,1913
2025-05-01,10:00:00,13.14,13.22,13.1,13.14,17339
2025-05-01,10:30:00,13.16,13.2,13.12,13.12,16669
2025-05-01,11:00:00,13.14,13.16,13.12,13.12,11970
2025-05-01,11:30:00,13.12,13.12,13.08,13.1,17257
2025-05-01,12:00:00,13.1,13.1,13.02,13.1,16053
2025-05-01,12:30:00,13.08,13.1,13.06,13.08,7635
2025-05-01,13:00:00,13.08,13.16,13.08,13.14,29075
2025-05-01,13:30:00,13.12,13.14,13.08,13.1,12465
2025-05-01,14:00:00,13.08,13.1,12.96,13.0,40348
2025-05-01,14:30:00,13.0,13.06,12.96,13.06,43407
2025-05-01,15:00:00,13.08,13.08,13.08,13.08,677
2025-05-04,10:00:00,13.08,13.12,12.96,13.0,12921
2025-05-04,10:30:00,13.0,13.08,12.96,13.06,20574
2025-05-04,11:00:00,13.08,13.08,12.98,13.02,12957
2025-05-04,11:30:00,13.02,13.02,12.96,12.98,20062
2025-05-04,12:00:00,12.98,13.0,12.96,12.98,5817
2025-05-04,12:30:00,13.0,13.0,12.9,12.9,19573
2025-05-04,13:00:00,12.92,12.92,12.84,12.9,29601
2025-05-04,13:30:00,12.9,12.9,12.86,12.88,11250
2025-05-04,14:00:00,12.86,12.9,12.86,12.9,16603
2025-05-04,14:30:00,12.9,13.0,12.86,12.9,26420
2025-05-04,15:00:00,12.9,12.9,12.9,12.9,624
2025-05-05,10:00:00,12.9,12.94,12.82,12.84,12358
2025-05-05,10:30:00,12.84,12.86,12.76,12.78,20620
2025-05-05,11:00:00,12.78,12.94,12.78,12.94,20425
2025-05-05,11:30:00,12.9,12.94,12.86,12.94,12201
2025-05-05,12:00:00,12.96,13.0,12.9,12.9,7639
2025-05-05,12:30:00,12.92,12.96,12.88,12.96,8909
2025-05-05,13:00:00,12.94,13.1,12.94,13.02,27205
2025-05-05,13:30:00,13.04,13.22,12.98,13.12,54561
2025-05-05,14:00:00,13.14,13.2,13.12,13.14,18134
2025-05-05,14:30:00,13.14,13.16,13.1,13.12,13105
2025-05-05,15:00:00,13.12,13.12,13.12,13.12,3617
2025-05-06,10:00:00,13.16,13.18,13.1,13.14,11259
2025-05-06,10:30:00,13.14,13.2,13.12,13.14,7691
2025-05-06,11:00:00,13.12,13.12,13.02,13.1,8621
2025-05-06,11:30:00,13.1,13.1,13.04,13.06,2962
2025-05-06,12:00:00,13.08,13.1,12.98,12.98,19226
2025-05-06,12:30:00,13.0,13.02,12.98,13.0,11850
2025-05-06,13:00:00,13.0,13.02,12.98,13.0,2560
2025-05-06,13:30:00,13.02,13.02,12.96,12.96,4075
2025-05-06,14:00:00,12.96,13.0,12.92,12.96,2829
2025-05-06,14:30:00,12.98,13.0,12.84,12.86,33017
2025-05-06,15:00:00,12.88,12.88,12.88,12.88,9011
2025-05-07,10:00:00,12.96,12.96,12.86,12.92,13131
2025-05-07,10:30:00,12.92,12.92,12.82,12.86,17944
2025-05-07,11:00:00,12.86,12.92,12.86,12.9,12187
2025-05-07,11:30:00,12.9,12.9,12.84,12.84,3531
2025-05-07,12:00:00,12.88,12.88,12.8,12.8,10258
2025-05-07,12:30:00,12.8,12.88,12.8,12.84,12505
2025-05-07,13:00:00,12.84,12.86,12.84,12.84,6202
2025-05-07,13:30:00,12.86,12.86,12.8,12.84,3563
2025-05-07,14:00:00,12.84,12.84,12.76,12.76,20558
2025-05-07,14:30:00,12.78,12.8,12.76,12.8,4701
2025-05-07,15:00:00,12.8,12.8,12.8,12.8,2624
2025-05-08,10:00:00,12.72,12.84,12.72,12.74,11672
2025-05-08,10:30:00,12.74,12.8,12.72,12.76,8302
2025-05-08,11:00:00,12.76,12.82,12.76,12.8,10156
2025-05-08,11:30:00,12.78,12.78,12.72,12.74,3122
2025-05-08,12:00:00,12.74,12.78,12.72,12.76,1352
2025-05-08,12:30:00,12.76,12.76,12.74,12.76,1204
2025-05-08,13:00:00,12.74,12.8,12.72,12.78,6428
2025-05-08,13:30:00,12.78,12.78,12.74,12.76,3330
2025-05-08,14:00:00,12.76,12.78,12.76,12.78,2078
2025-05-08,14:30:00,12.76,12.78,12.74,12.78,9216
2025-05-08,15:00:00,12.78,12.78,12.78,12.78,640
2025-05-11,10:00:00,12.78,12.84,12.78,12.78,6093
2025-05-11,10:30:00,12.78,12.82,12.78,12.82,5326
2025-05-11,11:00:00,12.8,12.84,12.74,12.76,12636
2025-05-11,11:30:00,12.76,12.78,12.74,12.76,1220
2025-05-11,12:00:00,12.76,12.76,12.7,12.7,8374
2025-05-11,12:30:00,12.74,12.76,12.72,12.72,8294
2025-05-11,13:00:00,12.74,12.76,12.72,12.76,1821
2025-05-11,13:30:00,12.76,12.76,12.7,12.7,6480
2025-05-11,14:00:00,12.74,12.74,12.62,12.74,21101
2025-05-11,14:30:00,12.72,12.74,12.68,12.72,10670
2025-05-11,15:00:00,12.72,12.72,12.72,12.72,2004
2025-05-12,10:00:00,12.8,12.92,12.78,12.88,23832
2025-05-12,10:30:00,12.88,12.9,12.84,12.88,13828
2025-05-12,11:00:00,12.88,12.9,12.84,12.86,4946
2025-05-12,11:30:00,12.84,12.86,12.8,12.84,6826
2025-05-12,12:00:00,12.82,12.88,12.82,12.88,17567
2025-05-12,12:30:00,12.9,12.9,12.86,12.88,8339
2025-05-12,13:00:00,12.88,12.98,12.88,12.98,11818
2025-05-12,13:30:00,12.98,13.04,12.98,13.0,36907
2025-05-12,14:00:00,13.0,13.0,12.94,13.0,13338
2025-05-12,14:30:00,12.98,13.06,12.96,13.06,19858
2025-05-12,15:00:00,13.08,13.08,13.08,13.08,4261
2025-05-13,10:00:00,13.12,13.14,12.96,12.96,44440
2025-05-13,10:30:00,12.98,13.0,12.9,12.96,28302
2025-05-13,11:00:00,12.94,12.94,12.88,12.92,11429
2025-05-13,11:30:00,12.9,13.02,12.9,12.98,16867
2025-05-13,12:00:00,13.0,13.0,12.92,12.94,3436
2025-05-13,12:30:00,12.96,13.0,12.96,12.98,9009
2025-05-13,13:00:00,12.98,13.0,12.96,13.0,2026
2025-05-13,13:30:00,12.98,12.98,12.92,12.94,8880
2025-05-13,14:00:00,12.94,12.98,12.92,12.94,4838
2025-05-13,14:30:00,12.98,12.98,12.9,12.98,10781
2025-05-13,15:00:00,12.98,12.98,12.98,12.98,5882
2025-05-14,10:00:00,13.0,13.02,12.96,13.02,45526
2025-05-14,10:30:00,13.04,13.04,12.98,13.0,20873
2025-05-14,11:00:00,12.98,12.98,12.92,12.94,17815
2025-05-14,11:30:00,12.92,13.0,12.92,13.0,7837
2025-05-14,12:00:00,12.98,13.02,12.98,13.0,13892
2025-05-14,12:30:00,12.98,13.02,12.98,13.0,14061
2025-05-14,13:00:00,13.0,13.04,12.98,12.98,38349
2025-05-14,13:30:00,13.02,13.04,13.0,13.04,2167
2025-05-14,14:00:00,13.02,13.04,12.98,12.98,7272
2025-05-14,14:30:00,13.02,13.06,12.98,13.02,18779
2025-05-14,15:00:00,13.02,13.02,13.02,13.02,2370
2025-05-15,10:00:00,13.0,13.0,12.88,12.94,22025
2025-05-15,10:30:00,12.92,12.92,12.9,12.92,4559
2025-05-15,11:00:00,12.92,12.92,12.84,12.84,29792
2025-05-15,11:30:00,12.86,12.9,12.84,12.9,4535
2025-05-15,12:00:00,12.9,12.9,12.84,12.84,17941
2025-05-15,12:30:00,12.84,12.84,12.82,12.84,5909
2025-05-15,13:00:00,12.84,12.84,12.76,12.8,31598
2025-05-15,13:30:00,12.8,12.8,12.72,12.76,10490
2025-05-15,14:00:00,12.8,12.8,12.74,12.74,10604
2025-05-15,14:30:00,12.74,12.8,12.7,12.74,31816
2025-05-15,15:00:00,12.74,12.74,12.74,12.74,4814
2025-05-18,10:00:00,12.8,12.86,12.72,12.72,18046
2025-05-18,10:30:00,12.76,12.88,12.76,12.82,9032
2025-05-18,11:00:00,12.82,12.82,12.76,12.8,7631
2025-05-18,11:30:00,12.78,12.8,12.74,12.8,5737
2025-05-18,12:00:00,12.78,12.8,12.72,12.76,7537
2025-05-18,12:30:00,12.74,12.74,12.72,12.74,2696
2025-05-18,13:00:00,12.72,12.74,12.72,12.74,4986
2025-05-18,13:30:00,12.74,12.74,12.72,12.74,5331
2025-05-18,14:00:00,12.74,12.76,12.74,12.76,2903
2025-05-18,14:30:00,12.74,12.78,12.74,12.78,6727
2025-05-18,15:00:00,12.8,12.8,12.8,12.8,1441
2025-05-19,10:00:00,12.8,12.8,12.72,12.76,18109
2025-05-19,10:30:00,12.76,12.76,12.74,12.74,4519
2025-05-19,11:00:00,12.76,12.76,12.72,12.76,12190
2025-05-19,11:30:00,12.76,12.8,12.74,12.78,6380
2025-05-19,12:00:00,12.78,12.78,12.76,12.78,11787
2025-05-19,12:30:00,12.8,12.8,12.74,12.76,3933
2025-05-19,13:00:00,12.74,12.74,12.72,12.72,1165
2025-05-19,13:30:00,12.72,12.74,12.7,12.72,11316
2025-05-19,14:00:00,12.72,13.02,12.72,12.92,112558
2025-05-19,14:30:00,12.94,12.98,12.8,12.98,48655
2025-05-19,15:00:00,12.96,12.96,12.96,12.96,7141
2025-05-20,10:00:00,12.94,12.94,12.8,12.88,33976
2025-05-20,10:30:00,12.84,12.88,12.76,12.78,42543
2025-05-20,11:00:00,12.76,12.84,12.76,12.84,9132
2025-05-20,11:30:00,12.82,12.84,12.8,12.82,4244
2025-05-20,12:00:00,12.82,12.86,12.8,12.82,5141
2025-05-20,12:30:00,12.86,12.86,12.8,12.82,4628
2025-05-20,13:00:00,12.84,12.84,12.8,12.8,5330
2025-05-20,13:30:00,12.82,12.9,12.82,12.82,18099
2025-05-20,14:00:00,12.82,12.92,12.8,12.92,33832
2025-05-20,14:30:00,12.94,12.94,12.88,12.94,24055
2025-05-20,15:00:00,12.86,12.86,12.86,12.86,2107
2025-05-21,10:00:00,12.86,12.92,12.82,12.84,16554
2025-05-21,10:30:00,12.86,12.86,12.82,12.82,6158
2025-05-21,11:00:00,12.8,12.84,12.78,12.82,18671
2025-05-21,11:30:00,12.8,12.8,12.74,12.74,13139
2025-05-21,12:00:00,12.74,12.78,12.74,12.74,2971
2025-05-21,12:30:00,12.76,12.78,12.74,12.78,2971
2025-05-21,13:00:00,12.78,12.78,12.76,12.76,299
2025-05-21,13:30:00,12.78,12.82,12.76,12.8,3604
2025-05-21,14:00:00,12.8,12.8,12.76,12.76,13007
2025-05-21,14:30:00,12.76,12.82,12.72,12.82,12269
2025-05-21,15:00:00,12.8,12.8,12.8,12.8,2030
2025-05-22,10:00:00,12.8,12.8,12.72,12.74,1847
2025-05-22,10:30:00,12.74,12.76,12.72,12.72,9368
2025-05-22,11:00:00,12.76,12.76,12.74,12.74,2004
2025-05-22,11:30:00,12.72,12.8,12.7,12.74,16284
2025-05-22,12:00:00,12.74,12.82,12.74,12.8,13697
2025-05-22,12:30:00,12.78,12.78,12.66,12.66,37661
2025-05-22,13:00:00,12.68,12.7,12.66,12.68,3885
2025-05-22,13:30:00,12.68,12.7,12.6,12.68,11241
2025-05-22,14:00:00,12.68,12.68,12.6,12.6,24963
2025-05-22,14:30:00,12.62,12.64,12.5,12.58,24785
2025-05-22,15:00:00,12.56,12.56,12.56,12.56,9702
2025-05-25,10:00:00,12.52,12.6,12.44,12.44,25889
2025-05-25,10:30:00,12.52,12.52,12.46,12.46,4623
2025-05-25,11:00:00,12.46,12.54,12.46,12.54,6810
2025-05-25,11:30:00,12.52,12.54,12.52,12.52,2051
2025-05-25,12:00:00,12.52,12.54,12.52,12.54,331
2025-05-25,12:30:00,12.54,12.54,12.52,12.54,5229
2025-05-25,13:00:00,12.52,12.52,12.44,12.48,12061
2025-05-25,13:30:00,12.46,12.48,12.44,12.48,6717
2025-05-25,14:00:00,12.48,12.48,12.42,12.42,5836
2025-05-25,14:30:00,12.42,12.46,12.4,12.42,12713
2025-05-25,15:00:00,12.4,12.4,12.4,12.4,1540
2025-05-26,10:00:00,12.4,12.46,12.4,12.44,2365
2025-05-26,10:30:00,12.44,12.44,12.36,12.36,14228
2025-05-26,11:00:00,12.4,12.42,12.36,12.38,9237
2025-05-26,11:30:00,12.38,12.4,12.34,12.36,17295
2025-05-26,12:00:00,12.36,12.38,12.26,12.28,10381
2025-05-26,12:30:00,12.26,12.28,12.18,12.2,33092
2025-05-26,13:00:00,12.26,12.26,12.12,12.18,15104
2025-05-26,13:30:00,12.2,12.28,12.2,12.24,7514
2025-05-26,14:00:00,12.24,12.3,12.22,12.3,14736
2025-05-26,14:30:00,12.3,12.46,12.26,12.46,14052
2025-05-26,15:00:00,12.44,12.44,12.44,12.44,1316
2025-05-27,10:00:00,12.54,12.54,12.34,12.38,8697
2025-05-27,10:30:00,12.4,12.4,12.32,12.32,3050
2025-05-27,11:00:00,12.36,12.38,12.26,12.3,4113
2025-05-27,11:30:00,12.26,12.3,12.24,12.24,2947
2025-05-27,12:00:00,12.3,12.3,12.28,12.3,2128
2025-05-27,12:30:00,12.28,12.3,12.24,12.26,608
2025-05-27,13:00:00,12.26,12.26,12.2,12.22,12008
2025-05-27,13:30:00,12.22,12.24,12.22,12.24,523
2025-05-27,14:00:00,12.24,12.26,12.2,12.22,14228
2025-05-27,14:30:00,12.22,12.26,12.2,12.26,8651
2025-05-27,15:00:00,12.36,12.36,12.36,12.36,5002
2025-05-28,10:00:00,12.34,12.44,12.34,12.42,8780
2025-05-28,10:30:00,12.42,12.42,12.38,12.38,3311
2025-05-28,11:00:00,12.38,12.42,12.38,12.4,681
2025-05-28,11:30:00,12.4,12.42,12.36,12.4,3183
2025-05-28,12:00:00,12.38,12.42,12.38,12.38,8210
2025-05-28,12:30:00,12.36,12.4,12.36,12.36,4223
2025-05-28,13:00:00,12.38,12.4,12.38,12.38,377
2025-05-28,13:30:00,12.38,12.42,12.38,12.4,18945
2025-05-28,14:00:00,12.4,12.4,12.38,12.38,1551
2025-05-28,14:30:00,12.4,12.58,12.4,12.56,61362
2025-05-28,15:00:00,12.56,12.56,12.56,12.56,9995
2025-05-29,10:00:00,12.56,12.58,12.5,12.5,5535
2025-05-29,10:30:00,12.5,12.56,12.5,12.56,3171
2025-05-29,11:00:00,12.56,12.58,12.52,12.56,3261
2025-05-29,11:30:00,12.52,12.56,12.52,12.52,1433
2025-05-29,12:00:00,12.56,12.56,12.52,12.54,507
2025-05-29,12:30:00,12.52,12.56,12.52,12.54,906
2025-05-29,13:00:00,12.52,12.52,12.48,12.52,11353
2025-05-29,13:30:00,12.52,12.56,12.52,12.54,8129
2025-05-29,14:00:00,12.56,12.9,12.56,12.62,69893
2025-05-29,14:30:00,12.7,12.7,12.62,12.7,6288
2025-05-29,15:00:00,12.64,12.64,12.64,12.64,3221
2025-06-01,10:00:00,12.8,12.82,12.6,12.6,11676
2025-06-01,10:30:00,12.54,12.62,12.54,12.56,2037
2025-06-01,11:00:00,12.56,12.58,12.54,12.58,2932
2025-06-01,11:30:00,12.58,12.58,12.5,12.58,12160
2025-06-01,12:00:00,12.58,12.58,12.5,12.52,21
2025-06-01,12:30:00,12.5,12.5,12.4,12.4,14990
2025-06-01,13:00:00,12.4,12.46,12.32,12.32,11718
2025-06-01,13:30:00,12.3,12.36,12.26,12.36,2735
2025-06-01,14:00:00,12.36,12.36,12.32,12.34,4495
2025-06-01,14:30:00,12.34,12.34,12.24,12.24,13690
2025-06-01,15:00:00,12.26,12.26,12.26,12.26,2168
2025-06-02,10:00:00,12.28,12.36,12.28,12.36,2836
2025-06-02,10:30:00,12.34,12.4,12.32,12.38,7608
2025-06-02,11:00:00,12.36,12.44,12.34,12.42,3314
2025-06-02,11:30:00,12.44,12.44,12.32,12.32,17288
2025-06-02,12:00:00,12.32,12.36,12.32,12.34,3534
2025-06-02,12:30:00,12.36,12.44,12.36,12.44,254
2025-06-02,13:00:00,12.4,12.42,12.38,12.38,3221
2025-06-02,13:30:00,12.38,12.42,12.38,12.4,4517
2025-06-02,14:00:00,12.4,12.4,12.36,12.36,1961
2025-06-02,14:30:00,12.38,12.42,12.34,12.42,15914
2025-06-02,15:00:00,12.42,12.42,12.42,12.42,6695
2025-06-03,10:00:00,12.38,12.42,12.36,12.42,13328
2025-06-03,10:30:00,12.42,12.44,12.36,12.36,7634
2025-06-03,11:00:00,12.38,12.42,12.36,12.38,4233
2025-06-03,11:30:00,12.4,12.4,12.38,12.4,1296
2025-06-03,12:00:00,12.4,12.42,12.38,12.38,3295
2025-06-03,12:30:00,12.36,12.4,12.36,12.38,145
2025-06-03,13:00:00,12.4,12.4,12.38,12.38,582
2025-06-03,13:30:00,12.38,12.4,12.36,12.38,1543
2025-06-03,14:00:00,12.38,12.4,12.36,12.38,8678
2025-06-03,14:30:00,12.38,12.38,12.34,12.36,16757
2025-06-03,15:00:00,12.4,12.4,12.4,12.4,1030
2025-06-04,10:00:00,12.44,12.6,12.38,12.4,4777
2025-06-04,10:30:00,12.38,12.42,12.38,12.4,2768
2025-06-04,11:00:00,12.4,12.44,12.4,12.4,3299
2025-06-04,11:30:00,12.42,12.44,12.42,12.44,8251
2025-06-04,12:00:00,12.44,12.46,12.42,12.46,542
2025-06-04,12:30:00,12.44,12.46,12.44,12.46,5126
2025-06-04,13:00:00,12.44,12.48,12.44,12.48,1391
2025-06-04,13:30:00,12.46,12.46,12.42,12.42,18392
2025-06-04,14:00:00,12.42,12.44,12.4,12.44,10407
2025-06-04,14:30:00,12.44,12.44,12.38,12.4,8408
2025-06-04,15:00:00,12.36,12.36,12.36,12.36,7864
2025-06-11,10:00:00,12.38,12.5,12.38,12.44,3977
2025-06-11,10:30:00,12.42,12.5,12.42,12.5,67335
2025-06-11,11:00:00,12.5,12.56,12.5,12.52,26767
2025-06-11,11:30:00,12.52,12.54,12.46,12.46,4468
2025-06-11,12:00:00,12.5,12.5,12.5,12.5,516
2025-06-11,12:30:00,12.46,12.48,12.42,12.42,8386
2025-06-11,13:00:00,12.46,12.5,12.46,12.5,20392
2025-06-11,13:30:00,12.44,12.54,12.44,12.48,31337
2025-06-11,14:00:00,12.48,12.52,12.48,12.5,5749
2025-06-11,14:30:00,12.5,12.52,12.5,12.5,11030
2025-06-11,15:00:00,12.54,12.54,12.54,12.54,3500
2025-06-12,10:00:00,12.48,12.48,12.1,12.2,44706
2025-06-12,10:30:00,12.2,12.26,12.14,12.24,3380
2025-06-12,11:00:00,12.2,12.2,12.0,12.08,27831
2025-06-12,11:30:00,12.08,12.12,12.02,12.02,10337
2025-06-12,12:00:00,12.08,12.1,12.0,12.06,6160
2025-06-12,12:30:00,12.02,12.06,11.98,12.0,63244
2025-06-12,13:00:00,12.02,12.04,11.96,11.98,23024
2025-06-12,13:30:00,12.0,12.02,11.96,11.98,23030
2025-06-12,14:00:00,12.02,12.06,11.98,12.06,5674
2025-06-12,14:30:00,12.04,12.08,11.96,12.02,4907
2025-06-12,15:00:00,12.06,12.06,12.06,12.06,4284
2025-06-15,10:00:00,11.7,12.06,11.58,12.0,87733
2025-06-15,10:30:00,12.0,12.18,11.94,12.0,77883
2025-06-15,11:00:00,12.0,12.0,11.8,11.92,19163
2025-06-15,11:30:00,11.94,11.94,11.84,11.86,9211
2025-06-15,12:00:00,11.88,11.96,11.86,11.96,4714
2025-06-15,12:30:00,11.9,11.96,11.9,11.96,2593
2025-06-15,13:00:00,11.9,12.0,11.9,12.0,1661
2025-06-15,13:30:00,12.0,12.0,11.86,11.92,15106
2025-06-15,14:00:00,11.9,11.96,11.88,11.9,9487
2025-06-15,14:30:00,11.9,11.94,11.86,11.86,5215
2025-06-15,15:00:00,12.06,12.06,12.06,12.06,5000
2025-06-16,10:00:00,11.92,12.34,11.92,12.3,66249
2025-06-16,10:30:00,12.3,12.34,12.24,12.24,30163
2025-06-16,11:00:00,12.24,12.3,12.22,12.24,8077
2025-06-16,11:30:00,12.24,12.26,12.2,12.26,24294
2025-06-16,12:00:00,12.2,12.26,12.2,12.26,2011
2025-06-16,12:30:00,12.26,12.32,12.26,12.3,6977
2025-06-16,13:00:00,12.3,12.38,12.3,12.36,83632
2025-06-16,13:30:00,12.36,12.42,12.34,12.38,31471
2025-06-16,14:00:00,12.38,12.4,12.32,12.32,19200
2025-06-16,14:30:00,12.34,12.34,12.26,12.34,18249
2025-06-16,15:00:00,12.28,12.28,12.28,12.28,706
2025-06-17,10:00:00,12.28,12.6,12.16,12.32,60772
2025-06-17,10:30:00,12.38,12.38,12.32,12.38,270
2025-06-17,11:00:00,12.36,12.38,12.3,12.36,9969
2025-06-17,11:30:00,12.28,12.3,12.26,12.26,2307
2025-06-17,12:00:00,12.26,12.3,12.2,12.26,8865
2025-06-17,12:30:00,12.22,12.28,12.2,12.28,10502
2025-06-17,13:00:00,12.28,12.32,12.22,12.32,4496
2025-06-17,13:30:00,12.3,12.4,12.2,12.24,12253
2025-06-17,14:00:00,12.24,12.26,12.22,12.22,9680
2025-06-17,14:30:00,12.22,12.26,12.2,12.22,2514
2025-06-17,15:00:00,12.2,12.2,12.2,12.2,440
2025-06-18,10:00:00,12.02,12.16,12.0,12.08,14362
2025-06-18,10:30:00,12.08,12.1,12.02,12.02,5687
2025-06-18,11:00:00,12.02,12.02,11.94,11.98,25867
2025-06-18,11:30:00,11.98,12.0,11.94,11.98,19428
2025-06-18,12:00:00,11.98,11.98,11.94,11.94,23418
2025-06-18,12:30:00,11.96,11.96,11.92,11.94,7539
2025-06-18,13:00:00,11.94,11.96,11.92,11.96,4550
2025-06-18,13:30:00,11.94,11.96,11.92,11.92,5224
2025-06-18,14:00:00,11.92,11.92,11.82,11.84,33585
2025-06-18,14:30:00,11.82,11.94,11.82,11.92,20404
2025-06-18,15:00:00,11.9,11.9,11.9,11.9,1366
2025-06-19,10:00:00,11.96,11.98,11.88,11.88,4734
2025-06-19,10:30:00,11.9,11.98,11.9,11.9,6354
2025-06-19,11:00:00,11.94,11.94,11.86,11.88,4131
2025-06-19,11:30:00,11.92,11.96,11.92,11.92,1245
2025-06-19,12:00:00,11.9,11.98,11.9,11.98,11389
2025-06-19,12:30:00,11.98,12.0,11.92,11.94,9840
2025-06-19,13:00:00,11.98,12.0,11.9,11.96,2757
2025-06-19,13:30:00,11.96,11.96,11.92,11.94,8839
2025-06-19,14:00:00,11.94,11.94,11.92,11.94,1112
2025-06-19,14:30:00,11.94,12.0,11.92,11.98,9371
2025-06-19,15:00:00,11.96,11.96,11.96,11.96,1960
2025-06-22,10:00:00,11.96,12.3,11.96,12.1,92543
2025-06-22,10:30:00,12.2,12.3,12.12,12.28,76074
2025-06-22,11:00:00,12.28,12.3,12.26,12.28,63437
2025-06-22,11:30:00,12.28,12.3,12.2,12.2,52824
2025-06-22,12:00:00,12.2,12.28,12.2,12.28,12435
2025-06-22,12:30:00,12.26,12.3,12.26,12.28,6887
2025-06-22,13:00:00,12.28,12.3,12.28,12.28,44151
2025-06-22,13:30:00,12.28,12.86,12.28,12.46,372289
2025-06-22,14:00:00,12.5,12.66,12.34,12.36,54791
2025-06-22,14:30:00,12.36,12.44,12.22,12.26,29465
2025-06-22,15:00:00,12.3,12.3,12.3,12.3,15552
2025-06-23,10:00:00,12.3,12.46,12.26,12.42,30875
2025-06-23,10:30:00,12.38,12.42,12.34,12.36,8425
2025-06-23,11:00:00,12.38,12.38,12.3,12.36,6988
2025-06-23,11:30:00,12.36,12.38,12.34,12.38,4465
2025-06-23,12:00:00,12.34,12.4,12.3,12.38,54420
2025-06-23,12:30:00,12.38,12.4,12.36,12.38,7500
2025-06-23,13:00:00,12.38,12.38,12.38,12.38,3501
2025-06-23,13:30:00,12.4,12.42,12.38,12.42,3921
2025-06-23,14:00:00,12.42,12.52,12.42,12.52,19452
2025-06-23,14:30:00,12.54,12.56,12.4,12.48,17252
2025-06-23,15:00:00,12.54,12.54,12.54,12.54,3521
2025-06-24,10:00:00,12.64,12.76,12.56,12.74,94685
2025-06-24,10:30:00,12.74,12.76,12.62,12.68,33258
2025-06-24,11:00:00,12.66,12.66,12.56,12.62,25837
2025-06-24,11:30:00,12.68,12.76,12.64,12.72,32882
2025-06-24,12:00:00,12.72,12.76,12.68,12.72,20937
2025-06-24,12:30:00,12.72,12.76,12.7,12.74,33352
2025-06-24,13:00:00,12.74,12.76,12.72,12.72,11239
2025-06-24,13:30:00,12.76,12.84,12.74,12.8,34564
2025-06-24,14:00:00,12.82,12.82,12.74,12.74,21135
2025-06-24,14:30:00,12.82,12.84,12.76,12.82,19252
2025-06-24,15:00:00,12.8,12.8,12.8,12.8,2304
2025-06-25,10:00:00,12.8,12.84,12.74,12.8,23500
2025-06-25,10:30:00,12.78,12.94,12.78,12.8,42581
2025-06-25,11:00:00,12.84,12.9,12.8,12.86,3980
2025-06-25,11:30:00,12.86,12.88,12.84,12.84,8468
2025-06-25,12:00:00,12.86,12.9,12.84,12.9,10854
2025-06-25,12:30:00,12.92,13.0,12.9,13.0,82414
2025-06-25,13:00:00,13.0,13.04,12.92,12.98,72595
2025-06-25,13:30:00,12.94,12.98,12.9,12.9,12007
2025-06-25,14:00:00,12.92,12.96,12.9,12.94,5772
2025-06-25,14:30:00,12.96,13.0,12.94,13.0,20418
2025-06-25,15:00:00,12.98,12.98,12.98,12.98,2329
2025-06-26,10:00:00,12.84,13.02,12.84,13.02,24598
2025-06-26,10:30:00,13.0,13.04,12.96,12.96,14874
2025-06-26,11:00:00,12.96,13.0,12.94,12.94,8917
2025-06-26,11:30:00,12.96,13.02,12.94,13.0,28117
2025-06-26,12:00:00,13.0,13.02,13.0,13.02,1004
2025-06-26,12:30:00,12.98,13.04,12.96,13.02,17795
2025-06-26,13:00:00,13.02,13.02,12.96,12.96,4933
2025-06-26,13:30:00,12.96,13.02,12.92,13.0,16684
2025-06-26,14:00:00,12.98,13.02,12.96,13.0,10620
2025-06-26,14:30:00,12.98,13.02,12.92,12.94,26010
2025-06-26,15:00:00,12.94,12.94,12.94,12.94,4560
2025-06-29,10:00:00,13.0,13.1,13.0,13.04,21803
2025-06-29,10:30:00,13.04,13.04,13.0,13.0,10142
2025-06-29,11:00:00,13.0,13.0,12.94,12.99,11027
2025-06-29,11:30:00,12.94,12.99,12.9,12.92,36330
2025-06-29,12:00:00,12.93,12.99,12.93,12.97,27714
2025-06-29,12:30:00,12.97,12.97,12.95,12.95,12746
2025-06-29,13:00:00,12.97,13.03,12.96,13.02,23532
2025-06-29,13:30:00,12.99,13.02,12.98,13.0,21370
2025-06-29,14:00:00,13.0,13.01,12.99,12.99,6927
2025-06-29,14:30:00,13.0,13.1,12.99,13.09,64307
2025-06-29,15:00:00,13.1,13.1,13.1,13.1,19954
2025-06-30,10:00:00,13.1,13.22,13.07,13.22,29670
2025-06-30,10:30:00,13.2,13.22,13.14,13.18,25233
2025-06-30,11:00:00,13.18,13.2,13.16,13.2,9014
2025-06-30,11:30:00,13.19,13.19,13.1,13.12,17879
2025-06-30,12:00:00,13.12,13.15,13.06,13.15,12730
2025-06-30,12:30:00,13.15,13.23,13.15,13.19,28103
2025-06-30,13:00:00,13.17,13.34,13.17,13.22,62505
2025-06-30,13:30:00,13.25,13.27,13.18,13.18,14656
2025-06-30,14:00:00,13.16,13.25,13.13,13.15,9381
2025-06-30,14:30:00,13.18,13.2,13.06,13.08,37969
2025-06-30,15:00:00,13.26,13.26,13.26,13.26,8001
2025-07-01,10:00:00,13.24,13.24,13.08,13.1,14004
2025-07-01,10:30:00,13.11,13.2,13.08,13.12,18380
2025-07-01,11:00:00,13.15,13.17,13.12,13.14,12365
2025-07-01,11:30:00,13.16,13.19,13.14,13.15,11546
2025-07-01,12:00:00,13.15,13.18,13.13,13.17,637
2025-07-01,12:30:00,13.16,13.18,13.12,13.15,7186
2025-07-01,13:00:00,13.14,13.14,13.08,13.1,19633
2025-07-01,13:30:00,13.1,13.15,13.09,13.14,2561
2025-07-01,14:00:00,13.14,13.14,13.08,13.11,9713
2025-07-01,14:30:00,13.11,13.15,13.08,13.08,18551
2025-07-01,15:00:00,13.18,13.18,13.18,13.18,8744
2025-07-02,10:00:00,13.08,13.24,13.08,13.13,6958
2025-07-02,10:30:00,13.13,13.13,13.08,13.11,12956
2025-07-02,11:00:00,13.09,13.14,13.08,13.11,7537
2025-07-02,11:30:00,13.12,13.15,13.09,13.12,6458
2025-07-02,12:00:00,13.13,13.14,13.1,13.12,20759
2025-07-02,12:30:00,13.12,13.12,13.08,13.11,31021
2025-07-02,13:00:00,13.1,13.15,13.09,13.11,5365
2025-07-02,13:30:00,13.08,13.12,13.08,13.1,712
2025-07-02,14:00:00,13.11,13.13,13.1,13.11,19765
2025-07-02,14:30:00,13.14,13.17,13.08,13.08,18695
2025-07-02,15:00:00,13.18,13.18,13.18,13.18,2100
2025-07-03,10:00:00,13.19,13.19,13.12,13.14,2202
2025-07-03,10:30:00,13.14,13.18,13.11,13.13,4414
2025-07-03,11:00:00,13.12,13.16,13.1,13.14,10184
2025-07-03,11:30:00,13.14,13.28,13.09,13.27,53120
2025-07-03,12:00:00,13.28,13.29,13.24,13.26,21967
2025-07-03,12:30:00,13.26,13.26,13.22,13.23,11740
2025-07-03,13:00:00,13.23,13.24,13.21,13.21,9109
2025-07-03,13:30:00,13.22,13.24,13.22,13.23,56514
2025-07-03,14:00:00,13.23,13.39,13.23,13.28,101885
2025-07-03,14:30:00,13.27,13.3,13.19,13.26,47408
2025-07-03,15:00:00,13.3,13.3,13.3,13.3,21004
2025-07-06,10:00:00,13.36,13.36,13.28,13.3,23659
2025-07-06,10:30:00,13.29,13.32,13.25,13.29,8853
2025-07-06,11:00:00,13.29,13.34,13.29,13.34,4375
2025-07-06,11:30:00,13.3,13.49,13.3,13.49,57071
2025-07-06,12:00:00,13.49,13.61,13.45,13.58,102910
2025-07-06,12:30:00,13.57,13.62,13.52,13.61,26180
2025-07-06,13:00:00,13.59,13.59,13.42,13.58,17282
2025-07-06,13:30:00,13.59,13.59,13.54,13.58,9818
2025-07-06,14:00:00,13.59,13.59,13.49,13.49,11861
2025-07-06,14:30:00,13.47,13.48,13.33,13.42,64813
2025-07-06,15:00:00,13.5,13.5,13.5,13.5,10493
2025-07-07,10:00:00,13.62,13.63,13.37,13.41,24667
2025-07-07,10:30:00,13.38,13.4,13.28,13.28,44046
2025-07-07,11:00:00,13.29,13.36,13.28,13.34,14154
2025-07-07,11:30:00,13.36,13.38,13.36,13.38,12119
2025-07-07,12:00:00,13.38,13.5,13.31,13.41,18064
2025-07-07,12:30:00,13.35,13.41,13.32,13.36,12585
2025-07-07,13:00:00,13.39,13.42,13.33,13.33,7629
2025-07-07,13:30:00,13.35,13.39,13.34,13.38,3994
2025-07-07,14:00:00,13.38,13.38,13.34,13.36,3030
2025-07-07,14:30:00,13.36,13.41,13.34,13.4,15474
2025-07-07,15:00:00,13.36,13.36,13.36,13.36,19135
2025-07-08,10:00:00,13.45,13.89,13.36,13.65,275006
2025-07-08,10:30:00,13.61,13.64,13.53,13.54,48283
2025-07-08,11:00:00,13.54,13.56,13.43,13.43,40797
2025-07-08,11:30:00,13.42,13.55,13.42,13.54,35428
2025-07-08,12:00:00,13.49,13.53,13.45,13.46,4313
2025-07-08,12:30:00,13.46,13.51,13.44,13.44,21748
2025-07-08,13:00:00,13.44,13.5,13.38,13.46,30554
2025-07-08,13:30:00,13.41,13.46,13.36,13.4,26779
2025-07-08,14:00:00,13.36,13.49,13.36,13.44,38485
2025-07-08,14:30:00,13.37,13.46,13.36,13.36,25424
2025-07-08,15:00:00,13.3,13.3,13.3,13.3,50385
2025-07-09,10:00:00,13.3,13.5,13.27,13.48,55947
2025-07-09,10:30:00,13.41,13.48,13.37,13.42,8262
2025-07-09,11:00:00,13.4,13.44,13.36,13.44,5836
2025-07-09,11:30:00,13.37,13.44,13.37,13.42,961
2025-07-09,12:00:00,13.37,13.42,13.35,13.37,5132
2025-07-09,12:30:00,13.37,13.4,13.34,13.37,7124
2025-07-09,13:00:00,13.37,13.43,13.35,13.4,3594
2025-07-09,13:30:00,13.4,13.43,13.36,13.41,3710
2025-07-09,14:00:00,13.4,13.41,13.36,13.4,7263
2025-07-09,14:30:00,13.38,13.4,13.32,13.4,39912
2025-07-09,15:00:00,13.43,13.43,13.43,13.43,15732
2025-07-10,10:00:00,13.43,13.55,13.43,13.43,69055
2025-07-10,10:30:00,13.41,13.55,13.41,13.55,18402
2025-07-10,11:00:00,13.5,13.57,13.46,13.46,13760
2025-07-10,11:30:00,13.47,13.51,13.43,13.48,9352
2025-07-10,12:00:00,13.45,13.45,13.42,13.44,1775
2025-07-10,12:30:00,13.42,13.45,13.42,13.42,730
2025-07-10,13:00:00,13.43,13.49,13.42,13.48,10297
2025-07-10,13:30:00,13.45,13.49,13.42,13.49,9677
2025-07-10,14:00:00,13.46,13.5,13.46,13.46,4319
2025-07-10,14:30:00,13.47,13.49,13.4,13.46,22296
2025-07-10,15:00:00,13.46,13.46,13.46,13.46,29100
2025-07-13,10:00:00,13.4,13.58,13.4,13.5,17509
2025-07-13,10:30:00,13.5,13.5,13.4,13.4,33793
2025-07-13,11:00:00,13.42,13.42,13.37,13.37,27905
2025-07-13,11:30:00,13.37,13.42,13.37,13.38,3919
2025-07-13,12:00:00,13.42,13.44,13.39,13.4,3679
2025-07-13,12:30:00,13.43,13.44,13.4,13.4,1401
2025-07-13,13:00:00,13.4,13.43,13.37,13.41,10405
2025-07-13,13:30:00,13.4,13.43,13.35,13.35,18759
2025-07-13,14:00:00,13.4,13.42,13.36,13.4,2500
2025-07-13,14:30:00,13.39,13.4,13.3,13.34,17862
2025-07-13,15:00:00,13.43,13.43,13.43,13.43,4003
2025-07-14,10:00:00,13.48,13.48,13.29,13.32,26026
2025-07-14,10:30:00,13.31,13.32,13.22,13.23,14218
2025-07-14,11:00:00,13.27,13.27,13.21,13.21,11996
2025-07-14,11:30:00,13.22,13.26,13.19,13.25,53828
2025-07-14,12:00:00,13.25,13.26,13.22,13.22,1304
2025-07-14,12:30:00,13.24,13.27,13.2,13.22,39602
2025-07-14,13:00:00,13.22,13.26,13.2,13.2,7383
2025-07-14,13:30:00,13.23,13.24,13.2,13.24,1231
2025-07-14,14:00:00,13.24,13.29,13.24,13.29,12469
2025-07-14,14:30:00,13.24,13.27,13.2,13.27,13276
2025-07-14,15:00:00,13.32,13.32,13.32,13.32,5538
2025-07-15,10:00:00,13.32,13.37,13.26,13.26,10385
2025-07-15,10:30:00,13.27,13.27,13.24,13.24,1067
2025-07-15,11:00:00,13.24,13.29,13.22,13.22,11055
2025-07-15,11:30:00,13.22,13.27,13.22,13.23,543
2025-07-15,12:00:00,13.24,13.29,13.18,13.21,17436
2025-07-15,12:30:00,13.2,13.2,13.17,13.17,17039
2025-07-15,13:00:00,13.19,13.29,13.17,13.21,7526
2025-07-15,13:30:00,13.19,13.19,13.16,13.16,4170
2025-07-15,14:00:00,13.16,13.17,13.11,13.11,11618
2025-07-15,14:30:00,13.12,13.12,12.98,13.05,37189
2025-07-15,15:00:00,13.12,13.12,13.12,13.12,3482
2025-07-16,10:00:00,13.4,13.4,13.05,13.18,29248
2025-07-16,10:30:00,13.18,13.25,13.14,13.15,12848
2025-07-16,11:00:00,13.15,13.15,13.03,13.08,7846
2025-07-16,11:30:00,13.1,13.11,13.05,13.05,7277
2025-07-16,12:00:00,13.07,13.07,13.02,13.03,2399
2025-07-16,12:30:00,13.03,13.07,13.02,13.06,9953
2025-07-16,13:00:00,13.02,13.04,12.97,13.0,8865
2025-07-16,13:30:00,13.0,13.0,12.92,12.94,36351
2025-07-16,14:00:00,12.94,12.97,12.91,12.91,2676
2025-07-16,14:30:00,12.91,12.99,12.84,12.99,25945
2025-07-16,15:00:00,13.0,13.0,13.0,13.0,4962
2025-07-17,10:00:00,13.04,13.11,12.92,13.0,17429
2025-07-17,10:30:00,12.99,13.0,12.9,12.92,2306
2025-07-17,11:00:00,12.92,12.96,12.9,12.96,6935
2025-07-17,11:30:00,12.94,13.07,12.9,12.9,4868
2025-07-17,12:00:00,12.92,13.0,12.87,12.88,44501
2025-07-17,12:30:00,12.89,12.9,12.86,12.86,20325
2025-07-17,13:00:00,12.88,12.89,12.86,12.86,4548
2025-07-17,13:30:00,12.87,13.02,12.87,13.0,19907
2025-07-17,14:00:00,12.99,13.0,12.95,13.0,35016
2025-07-17,14:30:00,13.0,13.14,13.0,13.04,30071
2025-07-17,15:00:00,13.1,13.1,13.1,13.1,5599
2025-07-20,10:00:00,13.2,13.24,13.08,13.13,8875
2025-07-20,10:30:00,13.14,13.18,13.1,13.18,6623
2025-07-20,11:00:00,13.1,13.1,13.05,13.05,4892
2025-07-20,11:30:00,13.05,13.05,12.96,12.99,13547
2025-07-20,12:00:00,12.99,12.99,12.86,12.88,24761
2025-07-20,12:30:00,12.89,12.97,12.89,12.91,1096
2025-07-20,13:00:00,12.92,13.0,12.9,12.9,2309
2025-07-20,13:30:00,12.99,12.99,12.86,12.92,10193
2025-07-20,14:00:00,12.93,12.98,12.89,12.89,7454
2025-07-20,14:30:00,12.9,13.0,12.85,12.85,16914
2025-07-20,15:00:00,13.05,13.05,13.05,13.05,2000
2025-07-21,10:00:00,13.09,13.09,12.82,12.89,15872
2025-07-21,10:30:00,12.85,12.94,12.78,12.8,27205
2025-07-21,11:00:00,12.79,12.94,12.79,12.84,13932
2025-07-21,11:30:00,12.84,12.9,12.84,12.89,3819
2025-07-21,12:00:00,12.84,12.85,12.8,12.8,4879
2025-07-21,12:30:00,12.8,12.83,12.79,12.83,1664
2025-07-21,13:00:00,12.83,12.84,12.8,12.81,14562
2025-07-21,13:30:00,12.81,12.83,12.81,12.83,3592
2025-07-21,14:00:00,12.83,12.85,12.83,12.84,2607
2025-07-21,14:30:00,12.84,12.9,12.8,12.82,27630
2025-07-21,15:00:00,12.91,12.91,12.91,12.91,4337
2025-07-22,10:00:00,12.94,12.94,12.65,12.78,18382
2025-07-22,10:30:00,12.75,12.76,12.7,12.7,3654
2025-07-22,11:00:00,12.7,12.88,12.65,12.73,7988
2025-07-22,11:30:00,12.74,12.79,12.65,12.7,26135
2025-07-22,12:00:00,12.68,12.7,12.66,12.67,6177
2025-07-22,12:30:00,12.7,12.71,12.59,12.65,10514
2025-07-22,13:00:00,12.64,12.65,12.64,12.64,558
2025-07-22,13:30:00,12.66,12.67,12.61,12.61,6990
2025-07-22,14:00:00,12.63,12.71,12.59,12.7,6343
2025-07-22,14:30:00,12.65,12.65,12.46,12.46,66201
2025-07-22,15:00:00,12.38,12.38,12.38,12.38,27063
2025-07-23,10:00:00,12.38,12.55,12.38,12.5,63394
2025-07-23,10:30:00,12.5,12.66,12.47,12.61,37945
2025-07-23,11:00:00,12.61,12.65,12.56,12.56,21127
2025-07-23,11:30:00,12.54,12.54,12.45,12.47,19139
2025-07-23,12:00:00,12.46,12.47,12.4,12.41,63513
2025-07-23,12:30:00,12.42,12.45,12.34,12.36,77894
2025-07-23,13:00:00,12.36,12.47,12.35,12.38,81101
2025-07-23,13:30:00,12.4,12.45,12.39,12.42,20148
2025-07-23,14:00:00,12.38,12.43,12.38,12.42,9255
2025-07-23,14:30:00,12.42,12.45,12.4,12.45,9669
2025-07-23,15:00:00,12.47,12.47,12.47,12.47,6991
2025-07-24,10:00:00,12.53,12.53,12.38,12.4,18836
2025-07-24,10:30:00,12.4,12.44,12.38,12.38,9686
2025-07-24,11:00:00,12.38,12.4,12.36,12.38,47486
2025-07-24,11:30:00,12.38,12.4,12.35,12.4,3996
2025-07-24,12:00:00,12.4,12.4,12.38,12.39,1690
2025-07-24,12:30:00,12.39,12.39,12.38,12.39,489
2025-07-24,13:00:00,12.39,12.39,12.35,12.36,8969
2025-07-24,13:30:00,12.36,12.38,12.35,12.38,4337
2025-07-24,14:00:00,12.36,12.38,12.32,12.34,14408
2025-07-24,14:30:00,12.34,12.34,12.3,12.31,11307
2025-07-24,15:00:00,12.42,12.42,12.42,12.42,10605
2025-07-27,10:00:00,12.48,12.5,12.32,12.35,26305
2025-07-27,10:30:00,12.39,12.62,12.36,12.55,38466
2025-07-27,11:00:00,12.55,12.57,12.48,12.48,2597
2025-07-27,11:30:00,12.48,12.53,12.46,12.53,1518
2025-07-27,12:00:00,12.53,12.54,12.5,12.5,258
2025-07-27,12:30:00,12.5,12.54,12.48,12.54,4516
2025-07-27,13:00:00,12.5,12.54,12.49,12.53,3301
2025-07-27,13:30:00,12.53,12.54,12.43,12.53,20389
2025-07-27,14:00:00,12.53,12.53,12.41,12.42,10346
2025-07-27,14:30:00,12.49,12.53,12.38,12.45,8813
2025-07-27,15:00:00,12.59,12.59,12.59,12.59,6005
2025-07-28,10:00:00,12.58,12.6,12.48,12.52,4010
2025-07-28,10:30:00,12.48,12.52,12.48,12.48,1497
2025-07-28,11:00:00,12.49,12.54,12.45,12.54,34131
2025-07-28,11:30:00,12.53,12.86,12.51,12.64,36379
2025-07-28,12:00:00,12.66,12.68,12.59,12.61,47640
2025-07-28,12:30:00,12.61,12.61,12.53,12.53,5225
2025-07-28,13:00:00,12.53,12.62,12.49,12.61,18947
2025-07-28,13:30:00,12.58,12.61,12.54,12.56,14113
2025-07-28,14:00:00,12.55,12.57,12.52,12.55,5328
2025-07-28,14:30:00,12.56,12.59,12.51,12.58,8754
2025-07-28,15:00:00,12.48,12.48,12.48,12.48,51133
2025-07-29,10:00:00,12.49,12.6,12.46,12.6,37400
2025-07-29,10:30:00,12.57,12.57,12.46,12.46,8562
2025-07-29,11:00:00,12.51,12.53,12.44,12.48,4828
2025-07-29,11:30:00,12.46,12.48,12.36,12.43,23629
2025-07-29,12:00:00,12.43,12.47,12.35,12.4,11916
2025-07-29,12:30:00,12.37,12.46,12.36,12.42,7924
2025-07-29,13:00:00,12.4,12.46,12.36,12.41,13303
2025-07-29,13:30:00,12.41,12.41,12.32,12.32,7909
2025-07-29,14:00:00,12.32,12.4,12.31,12.34,9956
2025-07-29,14:30:00,12.38,12.47,12.33,12.33,17037
2025-07-29,15:00:00,12.42,12.42,12.42,12.42,2342
2025-07-30,10:00:00,12.35,12.35,12.27,12.35,10086
2025-07-30,10:30:00,12.32,12.48,12.28,12.31,45777
2025-07-30,11:00:00,12.31,12.35,12.26,12.29,21674
2025-07-30,11:30:00,12.29,12.38,12.27,12.32,20923
2025-07-30,12:00:00,12.28,12.3,12.26,12.29,5411
2025-07-30,12:30:00,12.29,12.33,12.27,12.28,3858
2025-07-30,13:00:00,12.29,12.31,12.27,12.31,10968
2025-07-30,13:30:00,12.29,12.36,12.29,12.35,5414
2025-07-30,14:00:00,12.31,12.35,12.29,12.33,4207
2025-07-30,14:30:00,12.3,12.33,12.28,12.28,17956
2025-07-30,15:00:00,12.39,12.39,12.39,12.39,9959
2025-07-31,10:00:00,12.39,12.52,12.34,12.4,10291
2025-07-31,10:30:00,12.38,12.42,12.3,12.4,4931
2025-07-31,11:00:00,12.34,12.38,12.32,12.38,2650
2025-07-31,11:30:00,12.33,12.39,12.3,12.38,28880
2025-07-31,12:00:00,12.39,12.55,12.39,12.53,40096
2025-07-31,12:30:00,12.5,12.7,12.46,12.6,43588
2025-07-31,13:00:00,12.6,12.62,12.52,12.58,30980
2025-07-31,13:30:00,12.58,12.65,12.57,12.65,47806
2025-07-31,14:00:00,12.65,12.7,12.58,12.64,58792
2025-07-31,14:30:00,12.64,12.75,12.59,12.75,67692
2025-07-31,15:00:00,12.75,12.75,12.75,12.75,9119
2025-08-03,10:00:00,12.74,12.86,12.58,12.74,26205
2025-08-03,10:30:00,12.65,12.74,12.64,12.69,46558
2025-08-03,11:00:00,12.67,12.73,12.6,12.72,11596
2025-08-03,11:30:00,12.7,12.8,12.7,12.7,15666
2025-08-03,12:00:00,12.76,12.76,12.7,12.7,9870
2025-08-03,12:30:00,12.7,12.71,12.66,12.66,1432
2025-08-03,13:00:00,12.68,12.8,12.68,12.8,11065
2025-08-03,13:30:00,12.77,12.9,12.72,12.9,31239
2025-08-03,14:00:00,12.89,13.09,12.84,13.06,109574
2025-08-03,14:30:00,13.0,13.0,12.81,12.81,53218
2025-08-03,15:00:00,13.09,13.09,13.09,13.09,28411
2025-08-04,10:00:00,13.09,13.09,12.8,12.82,48626
2025-08-04,10:30:00,12.8,12.93,12.8,12.9,14536
2025-08-04,11:00:00,12.91,13.0,12.85,12.97,48477
2025-08-04,11:30:00,12.97,12.98,12.87,12.93,31452
2025-08-04,12:00:00,12.93,12.96,12.85,12.9,11592
2025-08-04,12:30:00,12.87,12.95,12.84,12.95,14935
2025-08-04,13:00:00,12.9,12.9,12.87,12.9,2138
2025-08-04,13:30:00,12.88,12.92,12.85,12.86,7960
2025-08-04,14:00:00,12.85,12.9,12.84,12.89,12408
2025-08-04,14:30:00,12.88,12.88,12.79,12.8,52814
2025-08-04,15:00:00,12.95,12.95,12.95,12.95,7992
2025-08-05,10:00:00,12.95,12.95,12.8,12.9,35629
2025-08-05,10:30:00,12.82,12.92,12.8,12.8,10152
2025-08-05,11:00:00,12.81,12.88,12.8,12.86,4066
2025-08-05,11:30:00,12.88,12.92,12.85,12.85,16782
2025-08-05,12:00:00,12.87,12.9,12.84,12.84,4471
2025-08-05,12:30:00,12.88,12.88,12.85,12.87,1737
2025-08-05,13:00:00,12.88,12.88,12.81,12.85,21845
2025-08-05,13:30:00,12.82,12.85,12.82,12.82,1721
2025-08-05,14:00:00,12.84,12.87,12.82,12.86,6490
2025-08-05,14:30:00,12.86,12.94,12.82,12.94,25892
2025-08-05,15:00:00,12.94,12.94,12.94,12.94,6410
2025-08-06,10:00:00,12.84,12.94,12.84,12.94,7124
2025-08-06,10:30:00,12.86,12.93,12.84,12.88,10059
2025-08-06,11:00:00,12.87,12.9,12.84,12.9,5717
2025-08-06,11:30:00,12.89,12.95,12.87,12.94,24979
2025-08-06,12:00:00,12.93,12.96,12.91,12.91,8621
2025-08-06,12:30:00,12.91,12.94,12.87,12.9,11566
2025-08-06,13:00:00,12.91,12.97,12.9,12.97,34831
2025-08-06,13:30:00,12.97,13.0,12.93,12.97,14845
2025-08-06,14:00:00,12.97,13.05,12.95,13.04,25450
2025-08-06,14:30:00,13.04,13.04,12.95,12.96,18594
2025-08-06,15:00:00,13.0,13.0,13.0,13.0,9560
2025-08-07,10:00:00,13.07,13.07,12.96,12.96,6311
2025-08-07,10:30:00,12.99,13.04,12.96,12.99,10822
2025-08-07,11:00:00,12.99,13.02,12.96,12.96,3195
2025-08-07,11:30:00,12.98,13.0,12.92,12.94,32332
2025-08-07,12:00:00,12.94,13.01,12.92,12.93,5878
2025-08-07,12:30:00,12.93,12.93,12.88,12.88,10865
2025-08-07,13:00:00,12.88,12.89,12.85,12.85,7927
2025-08-07,13:30:00,12.87,12.89,12.84,12.89,10151
2025-08-07,14:00:00,12.86,12.88,12.84,12.88,3097
2025-08-07,14:30:00,12.86,12.94,12.85,12.86,33009
2025-08-07,15:00:00,12.98,12.98,12.98,12.98,13775
2025-08-10,10:00:00,12.5,12.75,12.5,12.56,44024
2025-08-10,10:30:00,12.59,12.6,12.5,12.55,32109
2025-08-10,11:00:00,12.55,12.55,12.48,12.52,10337
2025-08-10,11:30:00,12.52,12.52,12.48,12.51,6008
2025-08-10,12:00:00,12.51,12.52,12.45,12.5,12123
2025-08-10,12:30:00,12.5,12.56,12.47,12.52,6635
2025-08-10,13:00:00,12.5,12.52,12.44,12.51,11508
2025-08-10,13:30:00,12.51,12.54,12.47,12.48,16372
2025-08-10,14:00:00,12.49,12.54,12.38,12.4,49663
2025-08-10,14:30:00,12.4,12.49,12.25,12.37,46396
2025-08-10,15:00:00,12.1,12.1,12.1,12.1,17857
2025-08-11,10:00:00,12.16,12.34,12.16,12.24,30692
2025-08-11,10:30:00,12.23,12.37,12.16,12.34,31121
2025-08-11,11:00:00,12.34,12.34,12.29,12.3,16087
2025-08-11,11:30:00,12.29,12.31,12.26,12.29,25422
2025-08-11,12:00:00,12.3,12.33,12.29,12.33,8055
2025-08-11,12:30:00,12.3,12.33,12.3,12.3,1960
2025-08-11,13:00:00,12.3,12.31,12.15,12.2,10151
2025-08-11,13:30:00,12.21,12.3,12.21,12.26,7651
2025-08-11,14:00:00,12.31,12.31,12.25,12.25,6634
2025-08-11,14:30:00,12.25,12.34,12.25,12.3,26228
2025-08-11,15:00:00,12.28,12.28,12.28,12.28,3102
2025-08-12,10:00:00,12.12,12.28,12.12,12.25,8575
2025-08-12,10:30:00,12.25,12.29,12.22,12.27,5958
2025-08-12,11:00:00,12.25,12.27,12.21,12.24,2579
2025-08-12,11:30:00,12.25,12.25,12.23,12.23,1024
2025-08-12,12:00:00,12.23,12.25,12.21,12.21,449
2025-08-12,12:30:00,12.22,12.24,12.21,12.22,700
2025-08-12,13:00:00,12.22,12.25,12.19,12.2,2613
2025-08-12,13:30:00,12.23,12.3,12.2,12.21,8193
2025-08-12,14:00:00,12.21,12.25,12.18,12.18,7460
2025-08-12,14:30:00,12.2,12.21,12.12,12.12,15918
2025-08-12,15:00:00,12.08,12.08,12.08,12.08,5240
2025-08-13,10:00:00,12.3,12.3,12.1,12.25,14035
2025-08-13,10:30:00,12.25,12.29,12.24,12.29,12323
2025-08-13,11:00:00,12.26,12.29,12.26,12.26,9042
2025-08-13,11:30:00,12.27,12.36,12.25,12.36,17656
2025-08-13,12:00:00,12.35,12.43,12.35,12.4,36875
2025-08-13,12:30:00,12.4,12.41,12.38,12.4,43086
2025-08-13,13:00:00,12.38,12.38,12.24,12.3,16475
2025-08-13,13:30:00,12.31,12.54,12.31,12.5,93499
2025-08-13,14:00:00,12.5,12.89,12.48,12.7,157711
2025-08-13,14:30:00,12.75,12.76,12.43,12.51,87092
2025-08-13,15:00:00,12.45,12.45,12.45,12.45,16416
2025-08-14,10:00:00,12.41,12.71,12.41,12.59,33329
2025-08-14,10:30:00,12.58,12.71,12.51,12.65,44042
2025-08-14,11:00:00,12.68,12.68,12.57,12.57,9242
2025-08-14,11:30:00,12.57,12.57,12.49,12.54,13274
2025-08-14,12:00:00,12.55,12.56,12.5,12.52,2639
2025-08-14,12:30:00,12.52,12.52,12.2,12.37,62894
2025-08-14,13:00:00,12.35,12.41,12.32,12.37,13271
2025-08-14,13:30:00,12.39,12.5,12.35,12.38,20927
2025-08-14,14:00:00,12.36,12.45,12.35,12.44,6662
2025-08-14,14:30:00,12.44,12.45,12.39,12.42,25358
2025-08-14,15:00:00,12.34,12.34,12.34,12.34,7918
2025-08-17,10:00:00,12.34,12.97,12.34,12.97,102846
2025-08-17,10:30:00,12.96,13.17,12.96,13.08,177599
2025-08-17,11:00:00,13.08,13.28,13.05,13.05,152862
2025-08-17,11:30:00,13.06,13.1,13.0,13.04,65095
2025-08-17,12:00:00,13.05,13.07,12.98,12.99,38884
2025-08-17,12:30:00,13.0,13.22,12.99,13.22,30584
2025-08-17,13:00:00,13.22,13.57,13.05,13.22,878140
2025-08-17,13:30:00,13.25,13.27,13.0,13.2,207285
2025-08-17,14:00:00,13.19,13.48,13.08,13.38,203330
2025-08-17,14:30:00,13.4,13.57,13.38,13.54,879045
2025-08-17,15:00:00,13.5,13.5,13.5,13.5,142730
2025-08-18,10:00:00,13.4,13.6,13.15,13.29,193472
2025-08-18,10:30:00,13.29,13.31,13.0,13.21,285998
2025-08-18,11:00:00,13.21,13.32,13.2,13.27,70718
2025-08-18,11:30:00,13.27,13.42,13.24,13.28,59030
2025-08-18,12:00:00,13.28,13.28,13.2,13.24,29511
2025-08-18,12:30:00,13.24,13.25,13.12,13.2,53314
2025-08-18,13:00:00,13.19,13.35,13.16,13.18,77321
2025-08-18,13:30:00,13.2,13.22,13.15,13.2,23525
2025-08-18,14:00:00,13.19,13.25,13.14,13.2,27872
2025-08-18,14:30:00,13.2,13.28,13.12,13.27,65822
2025-08-18,15:00:00,13.28,13.28,13.28,13.28,6267
2025-08-19,10:00:00,13.17,13.33,13.15,13.2,37462
2025-08-19,10:30:00,13.2,13.23,13.15,13.2,19366
2025-08-19,11:00:00,13.2,13.21,13.14,13.14,10465
2025-08-19,11:30:00,13.16,13.16,13.04,13.05,53899
2025-08-19,12:00:00,13.07,13.11,13.05,13.08,18742
2025-08-19,12:30:00,13.09,13.11,13.04,13.05,20925
2025-08-19,13:00:00,13.05,13.08,12.99,13.03,48698
2025-08-19,13:30:00,13.02,13.02,12.98,13.02,29056
2025-08-19,14:00:00,13.0,13.03,12.92,12.97,38166
2025-08-19,14:30:00,13.0,13.0,12.87,12.9,41965
2025-08-19,15:00:00,12.96,12.96,12.96,12.96,15198
2025-08-20,10:00:00,12.96,13.0,12.9,12.97,34726
2025-08-20,10:30:00,12.96,13.02,12.95,13.02,20574
2025-08-20,11:00:00,13.03,13.08,13.0,13.04,12851
2025-08-20,11:30:00,13.05,13.2,13.02,13.13,38941
2025-08-20,12:00:00,13.16,13.19,13.04,13.09,28005
2025-08-20,12:30:00,13.1,13.2,13.06,13.2,58921
2025-08-20,13:00:00,13.19,13.3,13.16,13.17,95412
2025-08-20,13:30:00,13.18,13.2,13.07,13.07,32440
2025-08-20,14:00:00,13.06,13.07,12.9,12.96,32826
2025-08-20,14:30:00,12.96,12.99,12.94,12.94,22375
2025-08-20,15:00:00,13.12,13.12,13.12,13.12,6635
2025-08-21,10:00:00,13.02,13.08,12.95,13.02,34619
2025-08-21,10:30:00,13.02,13.03,12.96,13.0,9171
2025-08-21,11:00:00,13.0,13.0,12.92,13.0,32791
2025-08-21,11:30:00,12.98,12.99,12.95,12.96,6564
2025-08-21,12:00:00,12.96,12.97,12.93,12.94,5558
2025-08-21,12:30:00,12.94,12.98,12.94,12.97,250
2025-08-21,13:00:00,12.97,13.07,12.97,12.98,13288
2025-08-21,13:30:00,12.98,13.1,12.96,13.05,13109
2025-08-21,14:00:00,13.0,13.0,12.97,13.0,8481
2025-08-21,14:30:00,13.0,13.18,12.97,13.17,72112
2025-08-21,15:00:00,13.18,13.18,13.18,13.18,36970
2025-08-24,10:00:00,13.3,13.36,13.2,13.34,65552
2025-08-24,10:30:00,13.3,13.42,13.3,13.36,36980
2025-08-24,11:00:00,13.33,13.36,13.25,13.35,15137
2025-08-24,11:30:00,13.31,13.35,13.31,13.35,7770
2025-08-24,12:00:00,13.33,13.35,13.31,13.34,24827
2025-08-24,12:30:00,13.31,13.31,13.22,13.25,9536
2025-08-24,13:00:00,13.25,13.29,13.19,13.26,14693
2025-08-24,13:30:00,13.26,13.29,13.19,13.28,15261
2025-08-24,14:00:00,13.22,13.25,13.17,13.17,20650
2025-08-24,14:30:00,13.16,13.19,13.14,13.16,18565
2025-08-24,15:00:00,13.15,13.15,13.15,13.15,18386
2025-08-25,10:00:00,13.34,13.34,13.12,13.19,17061
2025-08-25,10:30:00,13.19,13.32,13.19,13.26,18806
2025-08-25,11:00:00,13.26,13.29,13.23,13.28,9960
2025-08-25,11:30:00,13.3,13.3,13.22,13.24,7102
2025-08-25,12:00:00,13.26,13.29,13.22,13.22,3116
2025-08-25,12:30:00,13.21,13.23,13.19,13.19,2631
2025-08-25,13:00:00,13.18,13.19,13.17,13.17,1657
2025-08-25,13:30:00,13.19,13.27,13.19,13.24,6080
2025-08-25,14:00:00,13.27,13.27,13.19,13.19,9587
2025-08-25,14:30:00,13.2,13.21,13.13,13.15,18544
2025-08-25,15:00:00,13.24,13.24,13.24,13.24,9793
2025-08-26,10:00:00,13.11,13.28,13.11,13.26,10738
2025-08-26,10:30:00,13.28,13.28,13.24,13.25,6925
2025-08-26,11:00:00,13.25,13.3,13.21,13.3,31732
2025-08-26,11:30:00,13.3,13.34,13.18,13.23,40226
2025-08-26,12:00:00,13.19,13.21,13.17,13.2,4871
2025-08-26,12:30:00,13.19,13.19,13.08,13.16,36313
2025-08-26,13:00:00,13.14,13.29,13.12,13.14,20685
2025-08-26,13:30:00,13.12,13.17,13.1,13.17,7110
2025-08-26,14:00:00,13.15,13.19,13.15,13.16,1131
2025-08-26,14:30:00,13.18,13.18,13.09,13.12,15951
2025-08-26,15:00:00,13.22,13.22,13.22,13.22,12215
2025-08-27,10:00:00,13.25,13.25,13.2,13.25,9044
2025-08-27,10:30:00,13.26,13.29,13.21,13.25,13026
2025-08-27,11:00:00,13.25,13.28,13.21,13.28,12228
2025-08-27,11:30:00,13.27,13.29,13.21,13.23,6850
2025-08-27,12:00:00,13.22,13.24,13.19,13.19,11438
2025-08-27,12:30:00,13.19,13.2,13.19,13.2,4141
2025-08-27,13:00:00,13.2,13.21,13.19,13.21,5286
2025-08-27,13:30:00,13.2,13.3,13.18,13.28,44437
2025-08-27,14:00:00,13.28,13.29,13.18,13.2,24038
2025-08-27,14:30:00,13.2,13.29,13.18,13.29,35124
2025-08-27,15:00:00,13.3,13.3,13.3,13.3,2350
2025-08-28,10:00:00,13.3,13.34,13.22,13.22,15096
2025-08-28,10:30:00,13.25,13.32,13.21,13.21,5228
2025-08-28,11:00:00,13.21,13.3,13.2,13.23,3197
2025-08-28,11:30:00,13.23,13.27,13.21,13.22,3269
2025-08-28,12:00:00,13.23,13.23,13.1,13.2,39949
2025-08-28,12:30:00,13.18,13.2,13.17,13.17,2589
2025-08-28,13:00:00,13.16,13.18,13.12,13.16,6910
2025-08-28,13:30:00,13.16,13.18,13.16,13.16,1738
2025-08-28,14:00:00,13.16,13.19,13.15,13.17,2385
2025-08-28,14:30:00,13.17,13.2,13.14,13.15,5967
2025-08-28,15:00:00,13.14,13.14,13.14,13.14,3362
2025-08-31,10:00:00,13.13,13.19,13.09,13.1,12614
2025-08-31,10:30:00,13.14,13.14,13.1,13.14,7033
2025-08-31,11:00:00,13.14,13.14,13.09,13.09,7172
2025-08-31,11:30:00,13.09,13.09,13.01,13.04,8489
2025-08-31,12:00:00,13.01,13.04,12.95,13.04,14544
2025-08-31,12:30:00,12.99,13.0,12.97,12.97,4879
2025-08-31,13:00:00,12.98,13.01,12.97,12.99,4374
2025-08-31,13:30:00,12.99,12.99,12.95,12.95,6256
2025-08-31,14:00:00,12.95,12.95,12.82,12.88,23735
2025-08-31,14:30:00,12.88,12.88,12.84,12.85,4065
2025-08-31,15:00:00,12.82,12.82,12.82,12.82,7245
2025-09-01,10:00:00,12.8,12.86,12.79,12.81,13202
2025-09-01,10:30:00,12.83,12.85,12.78,12.81,3917
2025-09-01,11:00:00,12.81,12.81,12.7,12.75,12086
2025-09-01,11:30:00,12.74,12.79,12.7,12.78,18662
2025-09-01,12:00:00,12.77,12.77,12.7,12.73,16876
2025-09-01,12:30:00,12.72,12.73,12.62,12.62,4884
2025-09-01,13:00:00,12.67,12.68,12.66,12.68,6045
2025-09-01,13:30:00,12.66,12.68,12.6,12.6,27114
2025-09-01,14:00:00,12.6,12.76,12.6,12.75,22649
2025-09-01,14:30:00,12.74,12.79,12.68,12.68,26974
2025-09-01,15:00:00,12.61,12.61,12.61,12.61,10409
2025-09-02,10:00:00,12.58,12.64,12.51,12.62,9276
2025-09-02,10:30:00,12.61,12.68,12.61,12.68,3426
2025-09-02,11:00:00,12.65,12.76,12.52,12.58,22322
2025-09-02,11:30:00,12.57,12.57,12.54,12.54,8379
2025-09-02,12:00:00,12.56,12.56,12.45,12.46,9994
2025-09-02,12:30:00,12.46,12.55,12.46,12.55,4012
2025-09-02,13:00:00,12.52,12.53,12.44,12.52,10915
2025-09-02,13:30:00,12.52,12.61,12.51,12.6,5168
2025-09-02,14:00:00,12.6,12.6,12.55,12.55,728
2025-09-02,14:30:00,12.56,12.57,12.44,12.49,6798
2025-09-02,15:00:00,12.42,12.42,12.42,12.42,4208
2025-09-03,10:00:00,12.36,12.51,12.36,12.49,14962
2025-09-03,10:30:00,12.48,12.5,12.47,12.47,9853
2025-09-03,11:00:00,12.5,12.5,12.47,12.5,2247
2025-09-03,11:30:00,12.51,12.52,12.5,12.52,1313
2025-09-03,12:00:00,12.5,12.51,12.43,12.45,2141
2025-09-03,12:30:00,12.5,12.51,12.45,12.46,2585
2025-09-03,13:00:00,12.46,12.47,12.41,12.41,3698
2025-09-03,13:30:00,12.42,12.44,12.39,12.4,6233
2025-09-03,14:00:00,12.4,12.42,12.38,12.42,487
2025-09-03,14:30:00,12.41,12.45,12.38,12.43,6608
2025-09-03,15:00:00,12.41,12.41,12.41,12.41,6093
2025-09-04,10:00:00,12.4,12.59,12.4,12.52,23281
2025-09-04,10:30:00,12.52,12.55,12.46,12.54,28390
2025-09-04,11:00:00,12.48,12.53,12.48,12.48,2850
2025-09-04,11:30:00,12.48,12.52,12.45,12.52,2540
2025-09-04,12:00:00,12.49,12.52,12.46,12.48,4058
2025-09-04,12:30:00,12.5,12.5,12.43,12.44,8668
2025-09-04,13:00:00,12.44,12.44,12.38,12.38,7418
2025-09-04,13:30:00,12.4,12.41,12.39,12.4,1166
2025-09-04,14:00:00,12.4,12.46,12.39,12.42,9493
2025-09-04,14:30:00,12.46,12.5,12.44,12.46,16514
2025-09-04,15:00:00,12.45,12.45,12.45,12.45,8374
2025-09-07,10:00:00,12.4,12.49,12.4,12.45,4896
2025-09-07,10:30:00,12.48,12.49,12.44,12.44,395
2025-09-07,11:00:00,12.49,12.49,12.46,12.46,5480
2025-09-07,11:30:00,12.47,12.49,12.46,12.46,5741
2025-09-07,12:00:00,12.46,12.46,12.44,12.46,1017
2025-09-07,12:30:00,12.46,12.46,12.4,12.42,14527
2025-09-07,13:00:00,12.42,12.43,12.35,12.43,15094
2025-09-07,13:30:00,12.4,12.45,12.38,12.39,4887
2025-09-07,14:00:00,12.4,12.4,12.33,12.37,25630
2025-09-07,14:30:00,12.37,12.37,12.3,12.32,15667
2025-09-07,15:00:00,12.27,12.27,12.27,12.27,3496
2025-09-08,10:00:00,12.28,12.63,12.19,12.59,103378
2025-09-08,10:30:00,12.6,12.95,12.6,12.95,309174
2025-09-08,11:00:00,12.94,13.05,12.84,12.84,134877
2025-09-08,11:30:00,12.82,12.94,12.82,12.88,28685
2025-09-08,12:00:00,12.88,12.9,12.8,12.82,27886
2025-09-08,12:30:00,12.81,12.94,12.77,12.88,39151
2025-09-08,13:00:00,12.87,13.03,12.86,12.99,56945
2025-09-08,13:30:00,12.97,13.06,12.97,13.02,77521
2025-09-08,14:00:00,13.0,13.15,13.0,13.11,129640
2025-09-08,14:30:00,13.11,13.14,12.88,13.07,100904
2025-09-08,15:00:00,13.02,13.02,13.02,13.02,26687
2025-09-09,10:00:00,13.23,13.24,13.01,13.01,75929
2025-09-09,10:30:00,13.01,13.02,12.72,12.78,36815
2025-09-09,11:00:00,12.77,12.84,12.76,12.8,18957
2025-09-09,11:30:00,12.8,12.91,12.72,12.72,7982
2025-09-09,12:00:00,12.72,12.74,12.66,12.68,19072
2025-09-09,12:30:00,12.68,12.8,12.57,12.74,39743
2025-09-09,13:00:00,12.68,12.77,12.62,12.65,15100
2025-09-09,13:30:00,12.64,12.73,12.6,12.7,14595
2025-09-09,14:00:00,12.67,12.79,12.67,12.77,13310
2025-09-09,14:30:00,12.75,12.88,12.74,12.88,29235
2025-09-09,15:00:00,12.86,12.86,12.86,12.86,3594
2025-09-10,10:00:00,12.85,12.86,12.66,12.66,35173
2025-09-10,10:30:00,12.66,12.7,12.65,12.7,3642
2025-09-10,11:00:00,12.7,12.71,12.67,12.67,3220
2025-09-10,11:30:00,12.67,12.69,12.64,12.66,12746
2025-09-10,12:00:00,12.66,12.69,12.66,12.69,4381
2025-09-10,12:30:00,12.68,12.73,12.66,12.7,2638
2025-09-10,13:00:00,12.72,12.72,12.67,12.67,1926
2025-09-10,13:30:00,12.67,12.7,12.67,12.7,3407
2025-09-10,14:00:00,12.7,12.84,12.67,12.67,9542
2025-09-10,14:30:00,12.66,12.71,12.64,12.64,9514
2025-09-10,15:00:00,12.7,12.7,12.7,12.7,5000
2025-09-11,10:00:00,12.63,12.8,12.61,12.68,24655
2025-09-11,10:30:00,12.67,12.71,12.65,12.67,16709
2025-09-11,11:00:00,12.67,12.7,12.67,12.67,1345
2025-09-11,11:30:00,12.67,12.67,12.6,12.65,17987
2025-09-11,12:00:00,12.65,12.65,12.61,12.62,7689
2025-09-11,12:30:00,12.62,12.64,12.62,12.64,1746
2025-09-11,13:00:00,12.62,12.65,12.6,12.62,617
2025-09-11,13:30:00,12.61,12.62,12.51,12.61,14701
2025-09-11,14:00:00,12.6,12.6,12.5,12.58,24586
2025-09-11,14:30:00,12.57,12.6,12.52,12.59,4728
2025-09-11,15:00:00,12.62,12.62,12.62,12.62,5020
2025-09-14,10:00:00,12.42,12.6,12.42,12.57,7268
2025-09-14,10:30:00,12.56,12.63,12.46,12.57,6043
2025-09-14,11:00:00,12.57,12.61,12.5,12.52,2340
2025-09-14,11:30:00,12.6,12.63,12.51,12.53,3358
2025-09-14,12:00:00,12.55,12.6,12.53,12.6,7765
2025-09-14,12:30:00,12.6,12.6,12.5,12.6,7437
2025-09-14,13:00:00,12.6,12.61,12.55,12.56,13317
2025-09-14,13:30:00,12.62,12.7,12.6,12.69,3179
2025-09-14,14:00:00,12.69,12.74,12.66,12.66,4785
2025-09-14,14:30:00,12.71,12.71,12.65,12.65,6847
2025-09-14,15:00:00,12.75,12.75,12.75,12.75,5037
2025-09-15,10:00:00,12.54,12.76,12.54,12.76,4044
2025-09-15,10:30:00,12.76,12.8,12.7,12.7,7895
2025-09-15,11:00:00,12.76,12.76,12.72,12.72,157
2025-09-15,11:30:00,12.72,12.75,12.66,12.67,16558
2025-09-15,12:00:00,12.67,12.7,12.67,12.7,1702
2025-09-15,12:30:00,12.72,12.72,12.67,12.67,1964
2025-09-15,13:00:00,12.68,12.7,12.65,12.65,481
2025-09-15,13:30:00,12.65,12.65,12.63,12.64,524
2025-09-15,14:00:00,12.65,12.7,12.64,12.66,8553
2025-09-15,14:30:00,12.66,12.7,12.65,12.7,3107
2025-09-15,15:00:00,12.64,12.64,12.64,12.64,412
2025-09-16,10:00:00,12.64,12.73,12.64,12.7,3740
2025-09-16,10:30:00,12.7,12.7,12.6,12.68,6499
2025-09-16,11:00:00,12.69,12.7,12.64,12.64,756
2025-09-16,11:30:00,12.64,12.76,12.63,12.76,14349
2025-09-16,12:00:00,12.76,12.78,12.66,12.76,31697
2025-09-16,12:30:00,12.78,12.98,12.69,12.78,29724
2025-09-16,13:00:00,12.78,12.8,12.74,12.78,2902
2025-09-16,13:30:00,12.76,12.76,12.7,12.74,2597
2025-09-16,14:00:00,12.75,12.81,12.74,12.79,14344
2025-09-16,14:30:00,12.78,12.9,12.78,12.9,14458
2025-09-16,15:00:00,12.9,12.9,12.9,12.9,4000
2025-09-17,10:00:00,12.85,12.85,12.79,12.84,5985
2025-09-17,10:30:00,12.82,12.82,12.78,12.79,9611
2025-09-17,11:00:00,12.79,12.8,12.75,12.76,8095
2025-09-17,11:30:00,12.77,12.77,12.74,12.75,9178
2025-09-17,12:00:00,12.75,12.76,12.7,12.72,2590
2025-09-17,12:30:00,12.72,12.9,12.72,12.87,33144
2025-09-17,13:00:00,12.85,12.88,12.78,12.81,20648
2025-09-17,13:30:00,12.8,12.82,12.8,12.82,1859
2025-09-17,14:00:00,12.82,12.9,12.82,12.85,10373
2025-09-17,14:30:00,12.86,12.9,12.8,12.86,13911
2025-09-17,15:00:00,12.9,12.9,12.9,12.9,4483
2025-09-18,10:00:00,12.89,12.89,12.78,12.79,9999
2025-09-18,10:30:00,12.79,12.86,12.79,12.82,20501
2025-09-18,11:00:00,12.82,12.9,12.82,12.89,7698
2025-09-18,11:30:00,12.89,12.89,12.83,12.88,1486
2025-09-18,12:00:00,12.88,12.93,12.85,12.93,5958
2025-09-18,12:30:00,12.92,13.0,12.9,12.98,20768
2025-09-18,13:00:00,12.98,13.17,12.98,13.07,62012
2025-09-18,13:30:00,13.08,13.08,12.99,13.04,17248
2025-09-18,14:00:00,13.04,13.07,13.02,13.05,7045
2025-09-18,14:30:00,13.04,13.1,13.04,13.1,19864
2025-09-18,15:00:00,13.1,13.1,13.1,13.1,5683
2025-09-21,10:00:00,13.1,13.14,13.07,13.07,11396
2025-09-21,10:30:00,13.07,13.08,13.06,13.07,11011
2025-09-21,11:00:00,13.07,13.08,13.06,13.07,3494
2025-09-21,11:30:00,13.06,13.13,13.06,13.11,20775
2025-09-21,12:00:00,13.11,13.12,13.07,13.12,9777
2025-09-21,12:30:00,13.09,13.14,13.09,13.14,2026
2025-09-21,13:00:00,13.14,13.17,13.12,13.15,14832
2025-09-21,13:30:00,13.16,13.19,13.06,13.14,33997
2025-09-21,14:00:00,13.11,13.13,13.08,13.09,11633
2025-09-21,14:30:00,13.09,13.09,12.94,12.98,34272
2025-09-21,15:00:00,13.03,13.03,13.03,13.03,3121
2025-09-22,10:00:00,13.18,13.18,13.0,13.0,10269
2025-09-22,10:30:00,13.01,13.04,13.0,13.0,9797
2025-09-22,11:00:00,13.04,13.06,12.99,13.06,6581
2025-09-22,11:30:00,13.06,13.09,13.06,13.06,1413
2025-09-22,12:00:00,13.06,13.1,13.04,13.07,19534
2025-09-22,12:30:00,13.06,13.1,13.0,13.0,11649
2025-09-22,13:00:00,13.0,13.03,12.97,12.97,3386
2025-09-22,13:30:00,12.97,13.02,12.9,12.9,27441
2025-09-22,14:00:00,12.91,13.02,12.89,12.96,17366
2025-09-22,14:30:00,13.02,13.04,12.96,13.03,37664
2025-09-22,15:00:00,13.02,13.02,13.02,13.02,733
2025-09-24,10:00:00,13.02,13.2,13.02,13.04,120555
2025-09-24,10:30:00,13.04,13.2,13.03,13.2,16882
2025-09-24,11:00:00,13.07,13.14,13.05,13.07,25511
2025-09-24,11:30:00,13.08,13.11,13.07,13.11,15460
2025-09-24,12:00:00,13.12,13.13,13.09,13.12,3405
2025-09-24,12:30:00,13.14,13.2,13.1,13.16,14199
2025-09-24,13:00:00,13.16,13.2,13.13,13.19,74886
2025-09-24,13:30:00,13.2,13.2,13.16,13.16,16431
2025-09-24,14:00:00,13.19,13.19,13.14,13.18,6334
2025-09-24,14:30:00,13.16,13.16,13.11,13.13,30286
2025-09-24,15:00:00,13.13,13.13,13.13,13.13,611
2025-09-25,10:00:00,13.18,13.18,13.07,13.08,17957
2025-09-25,10:30:00,13.08,13.1,12.97,13.0,67109
2025-09-25,11:00:00,13.0,13.02,12.97,12.98,22554
2025-09-25,11:30:00,13.02,13.05,12.97,12.97,43709
2025-09-25,12:00:00,13.03,13.07,12.99,13.0,4790
2025-09-25,12:30:00,12.99,13.04,12.96,13.04,30804
2025-09-25,13:00:00,13.04,13.06,12.99,13.0,19770
2025-09-25,13:30:00,13.0,13.1,12.99,13.05,37125
2025-09-25,14:00:00,13.05,13.06,13.04,13.06,4374
2025-09-25,14:30:00,13.04,13.07,13.03,13.07,26061
2025-09-25,15:00:00,13.07,13.07,13.07,13.07,9122
2025-09-28,10:00:00,13.09,13.09,13.0,13.06,16184
2025-09-28,10:30:00,13.01,13.13,13.01,13.1,45197
2025-09-28,11:00:00,13.1,13.24,13.09,13.18,133933
2025-09-28,11:30:00,13.17,13.21,13.13,13.18,56732
2025-09-28,12:00:00,13.18,13.19,13.1,13.13,57932
2025-09-28,12:30:00,13.13,13.16,13.1,13.13,23425
2025-09-28,13:00:00,13.12,13.18,13.12,13.15,24238
2025-09-28,13:30:00,13.14,13.15,13.09,13.11,35172
2025-09-28,14:00:00,13.11,13.17,13.11,13.15,39138
2025-09-28,14:30:00,13.15,13.22,13.13,13.17,43261
2025-09-28,15:00:00,13.14,13.14,13.14,13.14,3625
2025-09-29,10:00:00,13.24,13.24,13.17,13.2,71518
2025-09-29,10:30:00,13.2,13.2,13.13,13.18,35906
2025-09-29,11:00:00,13.18,13.22,13.14,13.17,29858
2025-09-29,11:30:00,13.17,13.17,13.1,13.1,39233
2025-09-29,12:00:00,13.1,13.17,13.07,13.17,41676
2025-09-29,12:30:00,13.17,13.22,13.17,13.19,16505
2025-09-29,13:00:00,13.18,13.22,13.16,13.17,16640
2025-09-29,13:30:00,13.17,13.19,13.15,13.15,5568
2025-09-29,14:00:00,13.15,13.18,13.13,13.15,29862
2025-09-29,14:30:00,13.16,13.18,13.1,13.17,64920
2025-09-29,15:00:00,13.17,13.17,13.17,13.17,1020
2025-09-30,10:00:00,13.2,13.29,13.2,13.22,52002
2025-09-30,10:30:00,13.22,13.27,13.22,13.24,17043
2025-09-30,11:00:00,13.26,13.26,13.2,13.23,15487
2025-09-30,11:30:00,13.23,13.25,13.12,13.24,126267
2025-09-30,12:00:00,13.24,13.24,13.19,13.19,21626
2025-09-30,12:30:00,13.19,13.32,13.19,13.26,154109
2025-09-30,13:00:00,13.28,13.32,13.2,13.21,152498
2025-09-30,13:30:00,13.21,13.24,13.11,13.17,59629
2025-09-30,14:00:00,13.15,13.16,13.13,13.16,34942
2025-09-30,14:30:00,13.15,13.24,13.15,13.24,42756
2025-09-30,15:00:00,13.13,13.13,13.13,13.13,18923
2025-10-01,10:00:00,13.15,13.24,13.15,13.15,92048
2025-10-01,10:30:00,13.14,13.19,13.13,13.15,25855
2025-10-01,11:00:00,13.15,13.26,13.15,13.24,47439
2025-10-01,11:30:00,13.24,13.26,13.21,13.22,40157
2025-10-01,12:00:00,13.22,13.25,13.22,13.23,9386
2025-10-01,12:30:00,13.24,13.25,13.21,13.23,26331
2025-10-01,13:00:00,13.23,13.38,13.22,13.3,212779
2025-10-01,13:30:00,13.32,13.33,13.26,13.3,33608
2025-10-01,14:00:00,13.29,13.36,13.28,13.32,49531
2025-10-01,14:30:00,13.32,13.45,13.26,13.42,155885
2025-10-01,15:00:00,13.4,13.4,13.4,13.4,8805
2025-10-02,10:00:00,13.4,13.48,13.31,13.4,66964
2025-10-02,10:30:00,13.37,13.44,13.3,13.36,92641
2025-10-02,11:00:00,13.4,13.4,13.35,13.35,29456
2025-10-02,11:30:00,13.34,13.43,13.32,13.4,39483
2025-10-02,12:00:00,13.4,13.42,13.38,13.39,10602
2025-10-02,12:30:00,13.39,13.4,13.34,13.38,27297
2025-10-02,13:00:00,13.35,13.39,13.32,13.34,33023
2025-10-02,13:30:00,13.34,13.39,13.31,13.36,41040
2025-10-02,14:00:00,13.36,13.38,13.32,13.38,25538
2025-10-02,14:30:00,13.38,13.38,13.31,13.33,85055
2025-10-02,15:00:00,13.36,13.36,13.36,13.36,5586
2025-10-05,10:00:00,13.34,13.41,13.33,13.41,22981
2025-10-05,10:30:00,13.42,13.42,13.35,13.37,9805
2025-10-05,11:00:00,13.36,13.37,13.32,13.33,28360
2025-10-05,11:30:00,13.36,13.36,13.33,13.34,3548
2025-10-05,12:00:00,13.34,13.36,13.33,13.33,15772
2025-10-05,12:30:00,13.33,13.39,13.32,13.33,90072
2025-10-05,13:00:00,13.35,13.35,13.27,13.28,48219
2025-10-05,13:30:00,13.28,13.33,13.28,13.28,60471
2025-10-05,14:00:00,13.29,13.3,13.27,13.3,16783
2025-10-05,14:30:00,13.28,13.32,13.28,13.29,20344
2025-10-05,15:00:00,13.29,13.29,13.29,13.29,910
2025-10-06,10:00:00,13.23,13.3,13.23,13.3,20015
2025-10-06,10:30:00,13.31,13.33,13.28,13.28,11298
2025-10-06,11:00:00,13.28,13.28,13.24,13.26,27639
2025-10-06,11:30:00,13.25,13.27,13.17,13.18,40891
2025-10-06,12:00:00,13.18,13.21,13.18,13.2,22770
2025-10-06,12:30:00,13.2,13.22,13.13,13.14,47575
2025-10-06,13:00:00,13.17,13.18,13.13,13.14,40628
2025-10-06,13:30:00,13.14,13.19,13.13,13.18,48042
2025-10-06,14:00:00,13.17,13.17,13.12,13.12,71619
2025-10-06,14:30:00,13.13,13.16,13.13,13.14,45325
2025-10-06,15:00:00,13.14,13.14,13.14,13.14,861
2025-10-07,10:00:00,13.15,13.2,13.1,13.19,72141
2025-10-07,10:30:00,13.19,13.2,13.11,13.12,64164
2025-10-07,11:00:00,13.12,13.17,13.1,13.14,13219
2025-10-07,11:30:00,13.15,13.16,13.1,13.14,32516
2025-10-07,12:00:00,13.12,13.14,13.1,13.13,7677
2025-10-07,12:30:00,13.11,13.15,13.11,13.15,13474
2025-10-07,13:00:00,13.15,13.15,13.11,13.13,36548
2025-10-07,13:30:00,13.13,13.13,13.09,13.1,38902
2025-10-07,14:00:00,13.1,13.1,13.09,13.09,8033
2025-10-07,14:30:00,13.09,13.1,13.07,13.1,53077
2025-10-07,15:00:00,13.09,13.09,13.09,13.09,6093
2025-10-08,10:00:00,13.06,13.14,13.06,13.09,35065
2025-10-08,10:30:00,13.09,13.2,13.09,13.14,44484
2025-10-08,11:00:00,13.15,13.15,13.07,13.1,24634
2025-10-08,11:30:00,13.08,13.15,13.05,13.11,24324
2025-10-08,12:00:00,13.11,13.12,13.11,13.11,1540
2025-10-08,12:30:00,13.11,13.11,13.07,13.09,1897
2025-10-08,13:00:00,13.08,13.1,13.08,13.09,2618
2025-10-08,13:30:00,13.09,13.09,13.07,13.07,5617
2025-10-08,14:00:00,13.08,13.08,13.06,13.07,11875
2025-10-08,14:30:00,13.07,13.07,12.95,12.99,54648
2025-10-08,15:00:00,12.99,12.99,12.99,12.99,5388
2025-10-09,10:00:00,12.97,13.06,12.96,13.06,19292
2025-10-09,10:30:00,13.06,13.06,13.0,13.0,20442
2025-10-09,11:00:00,13.01,13.03,12.98,12.98,12122
2025-10-09,11:30:00,12.98,13.01,12.91,13.01,71802
2025-10-09,12:00:00,13.01,13.01,12.95,12.97,16965
2025-10-09,12:30:00,12.95,12.97,12.89,12.9,96072
2025-10-09,13:00:00,12.9,12.99,12.9,12.93,47133
2025-10-09,13:30:00,12.93,12.94,12.88,12.89,31281
2025-10-09,14:00:00,12.89,12.9,12.87,12.88,28435
2025-10-09,14:30:00,12.88,12.9,12.86,12.9,74880
2025-10-09,15:00:00,12.9,12.9,12.9,12.9,6654
2025-10-12,10:00:00,12.88,12.88,12.69,12.84,45128
2025-10-12,10:30:00,12.87,12.87,12.82,12.82,4999
2025-10-12,11:00:00,12.84,12.9,12.84,12.86,5432
2025-10-12,11:30:00,12.86,12.88,12.83,12.84,4707
2025-10-12,12:00:00,12.85,12.88,12.82,12.83,13965
2025-10-12,12:30:00,12.83,12.86,12.78,12.78,4350
2025-10-12,13:00:00,12.8,12.81,12.78,12.79,6300
2025-10-12,13:30:00,12.8,12.81,12.78,12.79,26677
2025-10-12,14:00:00,12.79,12.85,12.78,12.85,36433
2025-10-12,14:30:00,12.83,12.84,12.8,12.82,1320
2025-10-12,15:00:00,12.84,12.84,12.84,12.84,1921
2025-10-13,10:00:00,12.87,13.03,12.87,12.92,37921
2025-10-13,10:30:00,12.92,12.97,12.92,12.92,14792
2025-10-13,11:00:00,12.96,12.97,12.92,12.92,10410
2025-10-13,11:30:00,12.95,12.95,12.9,12.9,10475
2025-10-13,12:00:00,12.94,12.95,12.9,12.94,2768
2025-10-13,12:30:00,12.92,12.95,12.9,12.95,5683
2025-10-13,13:00:00,12.95,12.95,12.92,12.93,2381
2025-10-13,13:30:00,12.93,12.98,12.93,12.96,19367
2025-10-13,14:00:00,12.95,12.96,12.93,12.95,20622
2025-10-13,14:30:00,12.95,12.95,12.86,12.86,50268
2025-10-13,15:00:00,12.94,12.94,12.94,12.94,3312
2025-10-14,10:00:00,12.9,12.94,12.88,12.9,21469
2025-10-14,10:30:00,12.92,12.92,12.84,12.85,12244
2025-10-14,11:00:00,12.89,12.92,12.86,12.87,13416
2025-10-14,11:30:00,12.87,12.91,12.84,12.9,65287
2025-10-14,12:00:00,12.9,12.9,12.86,12.9,10403
2025-10-14,12:30:00,12.88,12.92,12.85,12.92,19852
2025-10-14,13:00:00,12.92,12.92,12.89,12.92,6244
2025-10-14,13:30:00,12.91,12.92,12.88,12.92,12959
2025-10-14,14:00:00,12.91,12.93,12.85,12.89,12121
2025-10-14,14:30:00,12.89,12.89,12.75,12.8,194296
2025-10-14,15:00:00,12.95,12.95,12.95,12.95,5657
2025-10-15,10:00:00,12.94,12.94,12.82,12.83,16958
2025-10-15,10:30:00,12.87,12.9,12.82,12.89,10630
2025-10-15,11:00:00,12.89,12.9,12.84,12.84,5490
2025-10-15,11:30:00,12.84,12.86,12.84,12.86,2261
2025-10-15,12:00:00,12.86,12.87,12.84,12.87,4008
2025-10-15,12:30:00,12.87,12.87,12.83,12.85,8061
2025-10-15,13:00:00,12.86,12.86,12.8,12.84,22827
2025-10-15,13:30:00,12.82,12.85,12.78,12.85,15526
2025-10-15,14:00:00,12.85,12.85,12.82,12.83,1886
2025-10-15,14:30:00,12.83,12.86,12.83,12.83,3637
2025-10-15,15:00:00,12.8,12.8,12.8,12.8,9516
2025-10-16,10:00:00,12.82,12.87,12.8,12.87,11524
2025-10-16,10:30:00,12.85,12.85,12.82,12.85,14976
2025-10-16,11:00:00,12.85,12.95,12.85,12.9,43520
2025-10-16,11:30:00,12.9,12.9,12.88,12.9,8859
2025-10-16,12:00:00,12.91,12.91,12.89,12.89,4463
2025-10-16,12:30:00,12.9,12.9,12.88,12.9,10492
2025-10-16,13:00:00,12.9,12.91,12.9,12.91,2835
2025-10-16,13:30:00,12.9,12.9,12.88,12.88,2929
2025-10-16,14:00:00,12.89,12.94,12.88,12.88,9944
2025-10-16,14:30:00,12.89,12.9,12.86,12.87,24214
2025-10-16,15:00:00,12.9,12.9,12.9,12.9,943
2025-10-19,10:00:00,12.89,12.92,12.89,12.89,7770
2025-10-19,10:30:00,12.88,12.92,12.87,12.89,3454
2025-10-19,11:00:00,12.88,12.88,12.85,12.87,6437
2025-10-19,11:30:00,12.86,12.86,12.83,12.84,4147
2025-10-19,12:00:00,12.86,12.86,12.82,12.83,2112
2025-10-19,12:30:00,12.83,12.84,12.83,12.83,7432
2025-10-19,13:00:00,12.83,12.83,12.81,12.81,5003
2025-10-19,13:30:00,12.81,12.84,12.77,12.77,26802
2025-10-19,14:00:00,12.78,12.78,12.64,12.72,73971
2025-10-19,14:30:00,12.72,12.73,12.68,12.69,17726
2025-10-19,15:00:00,12.69,12.69,12.69,12.69,9697
2025-10-20,10:00:00,12.69,12.74,12.69,12.71,3194
2025-10-20,10:30:00,12.72,12.77,12.65,12.66,13534
2025-10-20,11:00:00,12.66,12.69,12.64,12.65,32324
2025-10-20,11:30:00,12.64,12.65,12.62,12.63,18855
2025-10-20,12:00:00,12.65,12.65,12.61,12.61,3141
2025-10-20,12:30:00,12.63,12.67,12.62,12.64,7915
2025-10-20,13:00:00,12.63,12.64,12.62,12.64,6537
2025-10-20,13:30:00,12.61,12.64,12.6,12.64,13635
2025-10-20,14:00:00,12.64,12.65,12.6,12.62,8436
2025-10-20,14:30:00,12.6,12.63,12.53,12.53,25229
2025-10-20,15:00:00,12.61,12.61,12.61,12.61,338
2025-10-21,10:00:00,12.51,12.6,12.51,12.56,12366
2025-10-21,10:30:00,12.57,12.58,12.52,12.53,11498
2025-10-21,11:00:00,12.53,12.54,12.51,12.54,17114
2025-10-21,11:30:00,12.54,12.56,12.51,12.52,16817
2025-10-21,12:00:00,12.52,12.53,12.51,12.53,5912
2025-10-21,12:30:00,12.54,12.54,12.51,12.52,2868
2025-10-21,13:00:00,12.52,12.52,12.5,12.5,11110
2025-10-21,13:30:00,12.51,12.55,12.5,12.54,10334
2025-10-21,14:00:00,12.54,12.55,12.53,12.54,13237
2025-10-21,14:30:00,12.54,12.55,12.51,12.52,7542
2025-10-21,15:00:00,12.52,12.52,12.52,12.52,597
2025-10-22,10:00:00,12.52,12.55,12.5,12.52,19906
2025-10-22,10:30:00,12.5,12.52,12.5,12.52,993
2025-10-22,11:00:00,12.52,12.52,12.51,12.51,135
2025-10-22,11:30:00,12.51,12.52,12.5,12.51,4289
2025-10-22,12:00:00,12.52,12.55,12.5,12.55,4630
2025-10-22,12:30:00,12.51,12.53,12.48,12.48,8288
2025-10-22,13:00:00,12.51,12.51,12.46,12.47,9288
2025-10-22,13:30:00,12.47,12.5,12.44,12.44,11132
2025-10-22,14:00:00,12.43,12.44,12.4,12.41,14135
2025-10-22,14:30:00,12.42,12.45,12.41,12.41,24175
2025-10-22,15:00:00,12.48,12.48,12.48,12.48,4826
2025-10-23,10:00:00,12.48,12.48,12.41,12.44,8652
2025-10-23,10:30:00,12.45,12.5,12.44,12.48,2816
2025-10-23,11:00:00,12.48,12.48,12.45,12.45,2577
2025-10-23,11:30:00,12.45,12.47,12.42,12.42,5291
2025-10-23,12:00:00,12.45,12.5,12.41,12.42,11332
2025-10-23,12:30:00,12.42,12.43,12.36,12.36,14560
2025-10-23,13:00:00,12.37,12.39,12.37,12.37,3138
2025-10-23,13:30:00,12.39,12.49,12.38,12.43,27574
2025-10-23,14:00:00,12.41,12.47,12.4,12.47,5877
2025-10-23,14:30:00,12.47,12.49,12.4,12.4,13416
2025-10-23,15:00:00,12.48,12.48,12.48,12.48,4919
2025-10-26,10:00:00,12.48,12.6,12.48,12.5,39298
2025-10-26,10:30:00,12.56,12.64,12.51,12.64,36064
2025-10-26,11:00:00,12.61,12.61,12.59,12.6,10722
2025-10-26,11:30:00,12.6,12.6,12.59,12.59,2596
2025-10-26,12:00:00,12.6,12.63,12.6,12.63,5302
2025-10-26,12:30:00,12.59,12.62,12.59,12.59,579
2025-10-26,13:00:00,12.59,12.61,12.56,12.58,4414
2025-10-26,13:30:00,12.59,12.61,12.58,12.58,2262
2025-10-26,14:00:00,12.58,12.58,12.53,12.53,30566
2025-10-26,14:30:00,12.52,12.6,12.52,12.57,6217
2025-10-26,15:00:00,12.59,12.59,12.59,12.59,3110
2025-10-27,10:00:00,12.72,12.72,12.59,12.59,15771
2025-10-27,10:30:00,12.59,12.59,12.55,12.55,3319
2025-10-27,11:00:00,12.53,12.57,12.52,12.57,14520
2025-10-27,11:30:00,12.53,12.55,12.5,12.5,22262
2025-10-27,12:00:00,12.5,12.51,12.46,12.46,19716
2025-10-27,12:30:00,12.46,12.47,12.45,12.46,8556
2025-10-27,13:00:00,12.47,12.47,12.42,12.43,18789
2025-10-27,13:30:00,12.42,12.46,12.41,12.45,4052
2025-10-27,14:00:00,12.43,12.49,12.43,12.49,5106
2025-10-27,14:30:00,12.47,12.49,12.46,12.48,3386
2025-10-27,15:00:00,12.49,12.49,12.49,12.49,4531
2025-10-28,10:00:00,12.48,12.49,12.42,12.46,9090
2025-10-28,10:30:00,12.45,12.46,12.44,12.44,6409
2025-10-28,11:00:00,12.45,12.45,12.44,12.45,1092
2025-10-28,11:30:00,12.44,12.44,12.39,12.39,18198
2025-10-28,12:00:00,12.44,12.44,12.4,12.43,2128
2025-10-28,12:30:00,12.41,12.44,12.4,12.43,1241
2025-10-28,13:00:00,12.43,12.43,12.39,12.41,7752
2025-10-28,13:30:00,12.4,12.42,12.4,12.42,3622
2025-10-28,14:00:00,12.42,12.44,12.4,12.43,43321
2025-10-28,14:30:00,12.43,12.45,12.41,12.44,11088
2025-10-28,15:00:00,12.49,12.49,12.49,12.49,4737
2025-10-29,10:00:00,12.49,12.49,12.43,12.44,7551
2025-10-29,10:30:00,12.48,12.49,12.45,12.46,4178
2025-10-29,11:00:00,12.46,12.46,12.43,12.45,8519
2025-10-29,11:30:00,12.46,12.47,12.43,12.45,6913
2025-10-29,12:00:00,12.44,12.44,12.4,12.41,9494
2025-10-29,12:30:00,12.42,12.47,12.41,12.47,6424
2025-10-29,13:00:00,12.43,12.47,12.43,12.47,6268
2025-10-29,13:30:00,12.47,12.49,12.46,12.48,20685
2025-10-29,14:00:00,12.48,12.55,12.47,12.48,46959
2025-10-29,14:30:00,12.48,12.49,12.42,12.49,25857
2025-10-29,15:00:00,12.48,12.48,12.48,12.48,8753
2025-10-30,10:00:00,12.43,12.53,12.43,12.51,12110
2025-10-30,10:30:00,12.5,12.6,12.5,12.58,23919
2025-10-30,11:00:00,12.59,12.6,12.5,12.52,14979
2025-10-30,11:30:00,12.55,12.55,12.51,12.52,3163
2025-10-30,12:00:00,12.52,12.53,12.5,12.53,8795
2025-10-30,12:30:00,12.53,12.54,12.51,12.52,11112
2025-10-30,13:00:00,12.52,12.59,12.52,12.53,15402
2025-10-30,13:30:00,12.53,12.57,12.48,12.5,47822
2025-10-30,14:00:00,12.49,12.5,12.47,12.49,26013
2025-10-30,14:30:00,12.48,12.5,12.45,12.47,10007
2025-10-30,15:00:00,12.5,12.5,12.5,12.5,1822
2025-11-02,10:00:00,12.48,12.5,12.45,12.46,15762
2025-11-02,10:30:00,12.46,12.5,12.45,12.48,13039
2025-11-02,11:00:00,12.49,12.5,12.44,12.48,4711
2025-11-02,11:30:00,12.48,12.55,12.48,12.5,50205
2025-11-02,12:00:00,12.5,12.54,12.48,12.54,3778
2025-11-02,12:30:00,12.55,12.55,12.52,12.54,1671
2025-11-02,13:00:00,12.52,12.52,12.5,12.51,3140
2025-11-02,13:30:00,12.51,12.51,12.5,12.5,4733
2025-11-02,14:00:00,12.51,12.51,12.4,12.45,23217
2025-11-02,14:30:00,12.46,12.48,12.46,12.48,2413
2025-11-02,15:00:00,12.53,12.53,12.53,12.53,5558
2025-11-03,10:00:00,12.52,12.52,12.4,12.43,36400
2025-11-03,10:30:00,12.43,12.43,12.4,12.43,11033
2025-11-03,11:00:00,12.43,12.43,12.36,12.37,25177
2025-11-03,11:30:00,12.38,12.4,12.38,12.39,2987
2025-11-03,12:00:00,12.39,12.39,12.35,12.39,18414
2025-11-03,12:30:00,12.38,12.39,12.29,12.31,15331
2025-11-03,13:00:00,12.31,12.38,12.31,12.34,9533
2025-11-03,13:30:00,12.33,12.37,12.28,12.29,35830
2025-11-03,14:00:00,12.29,12.32,12.29,12.32,22156
2025-11-03,14:30:00,12.32,12.36,12.27,12.36,27896
2025-11-03,15:00:00,12.22,12.22,12.22,12.22,29283
2025-11-04,10:00:00,12.22,12.27,12.16,12.25,24518
2025-11-04,10:30:00,12.27,12.28,12.23,12.23,2813
2025-11-04,11:00:00,12.23,12.27,12.23,12.27,1574
2025-11-04,11:30:00,12.22,12.26,12.19,12.19,4562
2025-11-04,12:00:00,12.2,12.24,12.1,12.16,8051
2025-11-04,12:30:00,12.19,12.19,12.14,12.14,2488
2025-11-04,13:00:00,12.14,12.16,12.11,12.14,3449
2025-11-04,13:30:00,12.14,12.14,12.1,12.1,5923
2025-11-04,14:00:00,12.1,12.11,12.1,12.1,4477
2025-11-04,14:30:00,12.09,12.16,12.08,12.16,13974
2025-11-04,15:00:00,12.18,12.18,12.18,12.18,2625
2025-11-05,10:00:00,12.18,12.18,11.96,11.96,41243
2025-11-05,10:30:00,11.96,12.01,11.95,12.01,12694
2025-11-05,11:00:00,12.01,12.01,11.94,11.98,10697
2025-11-05,11:30:00,11.98,12.0,11.97,12.0,13278
2025-11-05,12:00:00,12.0,12.0,11.99,12.0,833
2025-11-05,12:30:00,11.99,11.99,11.98,11.99,1960
2025-11-05,13:00:00,11.99,11.99,11.97,11.98,1947
2025-11-05,13:30:00,11.97,11.98,11.95,11.96,5628
2025-11-05,14:00:00,11.96,11.99,11.95,11.97,7449
2025-11-05,14:30:00,11.98,11.98,11.8,11.95,49202
2025-11-05,15:00:00,11.88,11.88,11.88,11.88,2665
2025-11-06,10:00:00,11.88,12.05,11.88,12.02,25348
2025-11-06,10:30:00,11.99,12.0,11.96,11.96,9295
2025-11-06,11:00:00,11.96,12.0,11.96,12.0,7597
2025-11-06,11:30:00,12.0,12.02,11.98,12.01,19519
2025-11-06,12:00:00,12.0,12.02,11.99,12.01,13502
2025-11-06,12:30:00,12.01,12.02,12.0,12.01,7913
2025-11-06,13:00:00,12.01,12.01,11.97,11.98,5565
2025-11-06,13:30:00,11.99,11.99,11.97,11.99,3109
2025-11-06,14:00:00,11.99,11.99,11.97,11.97,1639
2025-11-06,14:30:00,11.98,12.0,11.96,12.0,8811
2025-11-06,15:00:00,11.98,11.98,11.98,11.98,33746
2025-11-09,10:00:00,11.96,11.96,11.84,11.89,3341
2025-11-09,10:30:00,11.85,11.89,11.67,11.7,27224
2025-11-09,11:00:00,11.75,11.75,11.64,11.7,21387
2025-11-09,11:30:00,11.71,11.78,11.71,11.75,5791
2025-11-09,12:00:00,11.75,11.83,11.75,11.81,3298
2025-11-09,12:30:00,11.81,11.89,11.81,11.81,3183
2025-11-09,13:00:00,11.8,11.91,11.8,11.91,5544
2025-11-09,13:30:00,11.82,11.91,11.82,11.84,1982
2025-11-09,14:00:00,11.84,11.9,11.83,11.83,5309
2025-11-09,14:30:00,11.86,11.86,11.83,11.84,8138
2025-11-09,15:00:00,11.83,11.83,11.83,11.83,22
2025-11-10,10:00:00,11.83,11.9,11.82,11.89,3612
2025-11-10,10:30:00,11.86,11.87,11.83,11.83,3769
2025-11-10,11:00:00,11.86,11.86,11.83,11.84,4392
2025-11-10,11:30:00,11.86,11.87,11.84,11.84,1848
2025-11-10,12:00:00,11.85,11.88,11.67,11.83,30542
2025-11-10,12:30:00,11.79,11.82,11.79,11.81,2696
2025-11-10,13:00:00,11.82,11.89,11.82,11.88,5379
2025-11-10,13:30:00,11.85,11.85,11.81,11.82,6109
2025-11-10,14:00:00,11.87,11.87,11.82,11.82,7073
2025-11-10,14:30:00,11.82,11.87,11.81,11.87,18696
2025-11-10,15:00:00,11.9,11.9,11.9,11.9,3812
2025-11-11,10:00:00,11.92,11.92,11.84,11.89,6028
2025-11-11,10:30:00,11.89,11.94,11.85,11.9,37633
2025-11-11,11:00:00,11.88,11.89,11.85,11.89,4524
2025-11-11,11:30:00,11.86,11.86,11.84,11.85,10804
2025-11-11,12:00:00,11.85,11.85,11.8,11.81,26884
2025-11-11,12:30:00,11.82,11.82,11.79,11.81,5544
2025-11-11,13:00:00,11.81,11.82,11.77,11.77,6265
2025-11-11,13:30:00,11.79,11.8,11.76,11.76,6350
2025-11-11,14:00:00,11.77,11.8,11.75,11.75,8365
2025-11-11,14:30:00,11.75,11.78,11.73,11.74,8508
2025-11-11,15:00:00,11.73,11.73,11.73,11.73,1775
2025-11-12,10:00:00,11.73,11.86,11.73,11.85,6709
2025-11-12,10:30:00,11.84,11.85,11.82,11.85,1641
2025-11-12,11:00:00,11.82,11.89,11.82,11.89,22311
2025-11-12,11:30:00,11.88,11.89,11.81,11.85,7443
2025-11-12,12:00:00,11.85,11.88,11.85,11.85,3139
2025-11-12,12:30:00,11.84,11.87,11.84,11.86,4499
2025-11-12,13:00:00,11.85,11.86,11.84,11.84,2117
2025-11-12,13:30:00,11.84,11.84,11.82,11.82,1457
2025-11-12,14:00:00,11.82,11.84,11.81,11.82,1735
2025-11-12,14:30:00,11.82,11.84,11.81,11.84,8440
2025-11-12,15:00:00,11.87,11.87,11.87,11.87,31722
2025-11-13,10:00:00,11.8,11.87,11.8,11.81,21077
2025-11-13,10:30:00,11.86,11.88,11.82,11.88,12858
2025-11-13,11:00:00,11.88,11.98,11.88,11.97,24513
2025-11-13,11:30:00,11.98,11.98,11.94,11.94,2883
2025-11-13,12:00:00,11.94,11.97,11.9,11.9,7551
2025-11-13,12:30:00,11.89,11.92,11.82,11.83,34238
2025-11-13,13:00:00,11.83,11.83,11.77,11.78,5284
2025-11-13,13:30:00,11.79,11.79,11.75,11.75,26831
2025-11-13,14:00:00,11.75,11.77,11.73,11.77,9829
2025-11-13,14:30:00,11.77,11.82,11.75,11.8,11040
2025-11-13,15:00:00,11.9,11.9,11.9,11.9,5798
2025-11-16,10:00:00,11.8,11.9,11.8,11.85,22847
2025-11-16,10:30:00,11.85,11.91,11.8,11.82,17067
2025-11-16,11:00:00,11.91,12.3,11.88,12.3,111216
2025-11-16,11:30:00,12.3,12.36,12.08,12.11,75252
2025-11-16,12:00:00,12.11,12.15,12.1,12.11,10862
2025-11-16,12:30:00,12.11,12.27,12.1,12.26,33486
2025-11-16,13:00:00,12.26,12.26,12.1,12.13,77640
2025-11-16,13:30:00,12.14,12.2,12.05,12.06,20477
2025-11-16,14:00:00,12.06,12.11,11.99,12.01,12411
2025-11-16,14:30:00,12.02,12.09,11.98,11.98,17727
2025-11-16,15:00:00,11.9,11.9,11.9,11.9,2473
2025-11-17,10:00:00,11.86,11.94,11.84,11.85,14674
2025-11-17,10:30:00,11.85,11.87,11.75,11.82,16622
2025-11-17,11:00:00,11.75,11.77,11.7,11.73,7367
2025-11-17,11:30:00,11.73,11.82,11.7,11.73,19537
2025-11-17,12:00:00,11.73,11.77,11.7,11.71,13549
2025-11-17,12:30:00,11.71,11.75,11.71,11.75,6108
2025-11-17,13:00:00,11.72,11.76,11.71,11.72,7514
2025-11-17,13:30:00,11.71,11.73,11.7,11.71,11194
2025-11-17,14:00:00,11.72,11.75,11.71,11.75,10382
2025-11-17,14:30:00,11.74,11.75,11.71,11.72,4441
2025-11-17,15:00:00,11.71,11.71,11.71,11.71,509
2025-11-18,10:00:00,11.76,11.84,11.68,11.72,7946
2025-11-18,10:30:00,11.72,11.75,11.69,11.69,15161
2025-11-18,11:00:00,11.74,11.8,11.7,11.76,5341
2025-11-18,11:30:00,11.8,11.82,11.75,11.82,2710
2025-11-18,12:00:00,11.81,11.92,11.81,11.9,16565
2025-11-18,12:30:00,11.9,12.08,11.9,12.0,39112
2025-11-18,13:00:00,12.0,12.01,11.9,11.96,24368
2025-11-18,13:30:00,11.98,11.98,11.86,11.87,10506
2025-11-18,14:00:00,11.86,11.93,11.86,11.93,6007
2025-11-18,14:30:00,11.9,11.94,11.84,11.84,9821
2025-11-18,15:00:00,11.81,11.81,11.81,11.81,2815
2025-11-19,10:00:00,11.92,11.92,11.86,11.9,7537
2025-11-19,10:30:00,11.89,11.9,11.78,11.84,9313
2025-11-19,11:00:00,11.82,11.82,11.76,11.77,11149
2025-11-19,11:30:00,11.78,11.79,11.75,11.76,2582
2025-11-19,12:00:00,11.76,11.76,11.75,11.76,2467
2025-11-19,12:30:00,11.75,11.76,11.75,11.76,1005
2025-11-19,13:00:00,11.77,11.78,11.76,11.78,1700
2025-11-19,13:30:00,11.78,11.79,11.76,11.76,5639
2025-11-19,14:00:00,11.79,11.79,11.76,11.77,1789
2025-11-19,14:30:00,11.77,11.79,11.74,11.76,8953
2025-11-19,15:00:00,11.72,11.72,11.72,11.72,1199
2025-11-20,10:00:00,11.72,11.75,11.72,11.72,22146
2025-11-20,10:30:00,11.77,11.82,11.77,11.82,3156
2025-11-20,11:00:00,11.81,11.81,11.76,11.77,1412
2025-11-20,11:30:00,11.77,11.77,11.73,11.76,4886
2025-11-20,12:00:00,11.75,11.75,11.72,11.74,1031
2025-11-20,12:30:00,11.74,11.77,11.73,11.74,6963
2025-11-20,13:00:00,11.74,11.8,11.7,11.8,21519
2025-11-20,13:30:00,11.8,11.82,11.76,11.8,3110
2025-11-20,14:00:00,11.82,11.85,11.8,11.85,9016
2025-11-20,14:30:00,11.83,11.96,11.81,11.82,13130
2025-11-20,15:00:00,11.75,11.75,11.75,11.75,14919
2025-11-23,10:00:00,11.79,11.91,11.79,11.9,27683
2025-11-23,10:30:00,11.91,12.18,11.91,12.1,112397
2025-11-23,11:00:00,12.1,12.23,12.02,12.08,69195
2025-11-23,11:30:00,12.08,12.17,12.08,12.13,14914
2025-11-23,12:00:00,12.12,12.13,12.04,12.12,11017
2025-11-23,12:30:00,12.13,12.17,12.0,12.07,48347
2025-11-23,13:00:00,12.0,12.1,12.0,12.09,10265
2025-11-23,13:30:00,12.09,12.15,12.03,12.14,58686
2025-11-23,14:00:00,12.14,12.17,12.09,12.1,23748
2025-11-23,14:30:00,12.1,12.12,12.06,12.07,14070
2025-11-23,15:00:00,12.04,12.04,12.04,12.04,1176
2025-11-24,10:00:00,12.04,12.17,12.01,12.15,31576
2025-11-24,10:30:00,12.15,12.25,12.1,12.1,30933
2025-11-24,11:00:00,12.1,12.11,12.1,12.1,16398
2025-11-24,11:30:00,12.1,12.1,12.08,12.08,19232
2025-11-24,12:00:00,12.06,12.09,12.06,12.08,3310
2025-11-24,12:30:00,12.08,12.08,12.05,12.05,2359
2025-11-24,13:00:00,12.05,12.06,12.04,12.04,5746
2025-11-24,13:30:00,12.05,12.05,12.04,12.04,1675
2025-11-24,14:00:00,12.04,12.04,12.02,12.03,2837
2025-11-24,14:30:00,12.03,12.04,11.9,11.93,12646
2025-11-24,15:00:00,11.97,11.97,11.97,11.97,1
2025-11-25,10:00:00,11.97,12.0,11.89,11.9,8057
2025-11-25,10:30:00,11.9,11.92,11.87,11.92,8141
2025-11-25,11:00:00,11.91,11.95,11.91,11.92,3319
2025-11-25,11:30:00,11.94,11.94,11.86,11.86,8232
2025-11-25,12:00:00,11.85,11.85,11.82,11.82,1630
2025-11-25,12:30:00,11.84,11.85,11.82,11.85,597
2025-11-25,13:00:00,11.81,11.86,11.81,11.83,4965
2025-11-25,13:30:00,11.86,11.86,11.79,11.82,11294
2025-11-25,14:00:00,11.82,11.83,11.77,11.77,5280
2025-11-25,14:30:00,11.77,11.82,11.7,11.81,19343
2025-11-25,15:00:00,11.77,11.77,11.77,11.77,1501
2025-11-26,10:00:00,11.8,11.8,11.65,11.71,16315
2025-11-26,10:30:00,11.7,11.81,11.7,11.79,8690
2025-11-26,11:00:00,11.75,11.84,11.75,11.82,17558
2025-11-26,11:30:00,11.76,11.78,11.74,11.78,2830
2025-11-26,12:00:00,11.78,11.84,11.73,11.73,3120
2025-11-26,12:30:00,11.73,11.76,11.73,11.74,14017
2025-11-26,13:00:00,11.74,11.84,11.73,11.84,13835
2025-11-26,13:30:00,11.83,11.83,11.79,11.8,5036
2025-11-26,14:00:00,11.78,11.89,11.77,11.82,7057
2025-11-26,14:30:00,11.89,11.89,11.81,11.81,11893
2025-11-26,15:00:00,11.85,11.85,11.85,11.85,1
2025-11-27,10:00:00,11.76,11.9,11.76,11.9,5032
2025-11-27,10:30:00,11.87,11.9,11.86,11.9,8931
2025-11-27,11:00:00,11.9,11.9,11.86,11.86,3240
2025-11-27,11:30:00,11.86,11.87,11.85,11.87,4046
2025-11-27,12:00:00,11.87,11.87,11.85,11.85,2581
2025-11-27,12:30:00,11.86,11.9,11.84,11.84,3424
2025-11-27,13:00:00,11.86,12.0,11.86,11.93,6740
2025-11-27,13:30:00,11.92,11.99,11.92,11.92,2337
2025-11-27,14:00:00,11.93,12.0,11.93,11.98,60337
2025-11-27,14:30:00,11.98,12.0,11.95,11.99,4632
2025-11-27,15:00:00,12.0,12.0,12.0,12.0,1789
2025-11-30,10:00:00,12.0,12.04,11.97,12.0,9300
2025-11-30,10:30:00,12.0,12.0,11.96,11.96,1837
2025-11-30,11:00:00,11.98,11.98,11.96,11.98,542
2025-11-30,11:30:00,11.96,11.96,11.85,11.88,4327
2025-11-30,12:00:00,11.84,11.86,11.82,11.86,3825
2025-11-30,12:30:00,11.86,11.9,11.78,11.79,8528
2025-11-30,13:00:00,11.78,11.81,11.77,11.81,275
2025-11-30,13:30:00,11.78,11.81,11.71,11.72,2714
2025-11-30,14:00:00,11.72,11.72,11.7,11.7,8227
2025-11-30,14:30:00,11.71,11.75,11.7,11.7,15396
2025-11-30,15:00:00,11.73,11.73,11.73,11.73,1007
2025-12-01,10:00:00,11.73,11.74,11.68,11.71,5781
2025-12-01,10:30:00,11.71,11.71,11.53,11.58,9939
2025-12-01,11:00:00,11.62,11.68,11.62,11.68,3409
2025-12-01,11:30:00,11.65,11.7,11.65,11.67,1515
2025-12-01,12:00:00,11.66,11.77,11.65,11.68,3427
2025-12-01,12:30:00,11.76,11.76,11.67,11.67,534
2025-12-01,13:00:00,11.66,11.69,11.65,11.65,3632
2025-12-01,13:30:00,11.65,11.65,11.54,11.58,1768
2025-12-01,14:00:00,11.59,11.59,11.52,11.53,9231
2025-12-01,14:30:00,11.52,11.63,11.44,11.63,22777
2025-12-01,15:00:00,11.61,11.61,11.61,11.61,1821
2025-12-02,10:00:00,11.61,11.71,11.6,11.63,6342
2025-12-02,10:30:00,11.63,11.71,11.6,11.71,2245
2025-12-02,11:00:00,11.7,11.72,11.62,11.65,3402
2025-12-02,11:30:00,11.62,11.66,11.61,11.61,5232
2025-12-02,12:00:00,11.66,11.7,11.62,11.68,5896
2025-12-02,12:30:00,11.7,11.7,11.66,11.66,1052
2025-12-02,13:00:00,11.64,11.65,11.61,11.62,4871
2025-12-02,13:30:00,11.62,11.64,11.62,11.62,1217
2025-12-02,14:00:00,11.62,11.65,11.62,11.65,3267
2025-12-02,14:30:00,11.67,11.7,11.65,11.69,1656
2025-12-02,15:00:00,11.7,11.7,11.7,11.7,1580
2025-12-03,10:00:00,11.66,11.73,11.66,11.7,2233
2025-12-03,10:30:00,11.7,11.7,11.65,11.67,14926
2025-12-03,11:00:00,11.67,11.68,11.6,11.65,13188
2025-12-03,11:30:00,11.68,11.76,11.68,11.68,9825
2025-12-03,12:00:00,11.7,11.72,11.66,11.72,2634
2025-12-03,12:30:00,11.69,11.69,11.6,11.6,8716
2025-12-03,13:00:00,11.6,11.65,11.6,11.64,1359
2025-12-03,13:30:00,11.64,11.64,11.5,11.56,6251
2025-12-03,14:00:00,11.56,11.65,11.56,11.62,1384
2025-12-03,14:30:00,11.62,11.62,11.53,11.56,10210
2025-12-03,15:00:00,11.56,11.56,11.56,11.56,383
2025-12-04,10:00:00,11.49,11.66,11.49,11.62,2085
2025-12-04,10:30:00,11.64,11.8,11.64,11.75,39754
2025-12-04,11:00:00,11.71,11.73,11.7,11.7,1087
2025-12-04,11:30:00,11.7,11.74,11.7,11.72,1088
2025-12-04,12:00:00,11.74,11.82,11.73,11.8,4838
2025-12-04,12:30:00,11.77,11.85,11.77,11.8,3978
2025-12-04,13:00:00,11.8,11.8,11.78,11.78,230
2025-12-04,13:30:00,11.74,12.0,11.74,12.0,24404
2025-12-04,14:00:00,12.02,12.04,11.88,11.9,8580
2025-12-04,14:30:00,11.92,11.92,11.86,11.89,13257
2025-12-04,15:00:00,11.89,11.89,11.89,11.89,121
2025-12-07,10:00:00,11.96,12.04,11.89,11.89,2605
2025-12-07,10:30:00,11.89,11.9,11.88,11.88,3352
2025-12-07,11:00:00,11.85,11.85,11.77,11.8,2014
2025-12-07,11:30:00,11.8,11.8,11.79,11.8,1411
2025-12-07,12:00:00,11.8,11.83,11.8,11.82,271
2025-12-07,12:30:00,11.83,11.83,11.81,11.83,2005
2025-12-07,13:00:00,11.83,11.83,11.8,11.8,151
2025-12-07,13:30:00,11.8,11.8,11.8,11.8,435
2025-12-07,14:00:00,11.81,11.82,11.79,11.81,816
2025-12-07,14:30:00,11.81,11.82,11.77,11.82,6790
2025-12-07,15:00:00,11.82,11.82,11.82,11.82,956
2025-12-08,10:00:00,11.8,11.8,11.76,11.77,1176
2025-12-08,10:30:00,11.75,11.77,11.75,11.77,1501
2025-12-08,11:00:00,11.75,11.83,11.7,11.83,6857
2025-12-08,11:30:00,11.83,11.87,11.79,11.79,25107
2025-12-08,12:00:00,11.78,11.87,11.78,11.87,11408
2025-12-08,12:30:00,11.86,12.0,11.79,11.83,20464
2025-12-08,13:00:00,11.85,12.0,11.83,11.87,7418
2025-12-08,13:30:00,11.92,11.99,11.83,11.84,24326
2025-12-08,14:00:00,11.87,11.9,11.87,11.87,1265
2025-12-08,14:30:00,11.89,11.9,11.87,11.9,17901
2025-12-08,15:00:00,11.79,11.79,11.79,11.79,6630
2025-12-09,10:00:00,11.77,11.8,11.64,11.73,6139
2025-12-09,10:30:00,11.73,11.74,11.73,11.73,1568
2025-12-09,11:00:00,11.75,11.77,11.74,11.76,858
2025-12-09,11:30:00,11.77,11.78,11.77,11.78,8200
2025-12-09,12:00:00,11.78,11.78,11.78,11.78,2179
2025-12-09,12:30:00,11.77,11.84,11.77,11.83,14530
2025-12-09,13:00:00,11.83,11.83,11.8,11.8,1014
2025-12-09,13:30:00,11.82,11.84,11.82,11.82,1559
2025-12-09,14:00:00,11.8,11.82,11.78,11.82,11653
2025-12-09,14:30:00,11.79,11.95,11.78,11.95,20547
2025-12-09,15:00:00,11.78,11.78,11.78,11.78,300
2025-12-10,10:00:00,11.84,11.95,11.84,11.95,4102
2025-12-10,10:30:00,11.95,11.99,11.94,11.94,2224
2025-12-10,11:00:00,11.94,11.94,11.92,11.94,1649
2025-12-10,11:30:00,11.92,11.94,11.92,11.94,314
2025-12-10,12:00:00,11.92,11.92,11.89,11.89,14445
2025-12-10,12:30:00,11.88,11.89,11.85,11.85,1153
2025-12-10,13:00:00,11.85,11.88,11.76,11.88,3530
2025-12-10,13:30:00,11.8,11.8,11.8,11.8,103
2025-12-10,14:00:00,11.81,11.88,11.8,11.8,2627
2025-12-10,14:30:00,11.8,11.88,11.8,11.84,27975
2025-12-10,15:00:00,11.84,11.84,11.84,11.84,3564
2025-12-11,10:00:00,11.87,11.92,11.86,11.9,6677
2025-12-11,10:30:00,11.89,11.9,11.86,11.89,2320
2025-12-11,11:00:00,11.85,11.89,11.84,11.84,2237
2025-12-11,11:30:00,11.86,11.89,11.83,11.89,361
2025-12-11,12:00:00,11.88,11.88,11.83,11.83,28
2025-12-11,12:30:00,11.82,11.88,11.81,11.85,2329
2025-12-11,13:00:00,11.87,11.87,11.81,11.81,5840
2025-12-11,13:30:00,11.82,11.82,11.78,11.79,4887
2025-12-11,14:00:00,11.79,11.8,11.78,11.78,4432
2025-12-11,14:30:00,11.79,11.82,11.78,11.78,15296
2025-12-11,15:00:00,11.82,11.82,11.82,11.82,10101
2025-12-14,10:00:00,11.88,11.88,11.7,11.7,4247
2025-12-14,10:30:00,11.73,11.73,11.65,11.65,5408
2025-12-14,11:00:00,11.65,11.7,11.6,11.61,9888
2025-12-14,11:30:00,11.68,11.69,11.64,11.69,1828
2025-12-14,12:00:00,11.69,11.69,11.6,11.69,2104
2025-12-14,12:30:00,11.6,11.67,11.6,11.61,4265
2025-12-14,13:00:00,11.66,11.66,11.61,11.63,7259
2025-12-14,13:30:00,11.61,11.63,11.6,11.6,3528
2025-12-14,14:00:00,11.6,11.62,11.6,11.6,7659
2025-12-14,14:30:00,11.59,11.7,11.55,11.7,5395
2025-12-14,15:00:00,11.7,11.7,11.7,11.7,403
2025-12-15,10:00:00,11.69,11.69,11.54,11.6,3642
2025-12-15,10:30:00,11.61,11.65,11.6,11.62,5484
2025-12-15,11:00:00,11.62,11.92,11.62,11.85,24438
2025-12-15,11:30:00,11.85,11.93,11.84,11.93,19548
2025-12-15,12:00:00,11.93,12.02,11.92,11.99,35223
2025-12-15,12:30:00,11.99,12.06,11.95,11.95,65437
2025-12-15,13:00:00,11.95,11.97,11.92,11.95,23712
2025-12-15,13:30:00,11.96,12.04,11.96,12.0,31825
2025-12-15,14:00:00,12.0,12.01,11.98,11.98,31250
2025-12-15,14:30:00,12.0,12.01,11.92,12.01,17700
2025-12-15,15:00:00,12.0,12.0,12.0,12.0,525
2025-12-16,10:00:00,11.9,12.04,11.9,12.01,10700
2025-12-16,10:30:00,12.01,12.01,11.92,11.94,2555
2025-12-16,11:00:00,11.93,11.97,11.93,11.93,658
2025-12-16,11:30:00,11.92,11.94,11.92,11.94,707
2025-12-16,12:00:00,11.94,11.94,11.93,11.93,753
2025-12-16,12:30:00,11.93,11.93,11.86,11.88,6117
2025-12-16,13:00:00,11.86,12.0,11.86,11.92,6179
2025-12-16,13:30:00,11.96,12.21,11.96,12.19,83479
2025-12-16,14:00:00,12.17,12.17,11.99,11.99,42572
2025-12-16,14:30:00,12.0,12.02,11.99,12.0,19386
2025-12-16,15:00:00,11.99,11.99,11.99,11.99,3461
2025-12-17,10:00:00,12.0,12.12,11.98,11.98,17093
2025-12-17,10:30:00,11.98,12.0,11.95,11.99,8214
2025-12-17,11:00:00,11.99,11.99,11.95,11.99,574
2025-12-17,11:30:00,11.97,11.99,11.97,11.98,3166
2025-12-17,12:00:00,11.99,11.99,11.96,11.97,236
2025-12-17,12:30:00,11.97,11.97,11.96,11.96,2262
2025-12-17,13:00:00,11.97,11.97,11.94,11.94,17535
2025-12-17,13:30:00,11.93,11.93,11.91,11.92,407
2025-12-17,14:00:00,11.91,11.93,11.91,11.93,1262
2025-12-17,14:30:00,11.93,11.93,11.9,11.9,2484
2025-12-17,15:00:00,11.89,11.89,11.89,11.89,100
2025-12-18,10:00:00,11.81,12.05,11.81,12.04,9937
2025-12-18,10:30:00,12.05,12.05,12.0,12.0,2924
2025-12-18,11:00:00,12.0,12.0,11.95,11.95,719
2025-12-18,11:30:00,11.95,12.0,11.93,12.0,3168
2025-12-18,12:00:00,11.99,11.99,11.92,11.93,219
2025-12-18,12:30:00,11.91,11.95,11.91,11.93,3535
2025-12-18,13:00:00,11.93,11.97,11.89,11.9,5640
2025-12-18,13:30:00,11.98,11.98,11.89,11.89,2591
2025-12-18,14:00:00,11.89,11.9,11.85,11.88,6941
2025-12-18,14:30:00,11.88,12.02,11.85,11.99,18384
2025-12-18,15:00:00,12.0,12.0,12.0,12.0,282
2025-12-21,10:00:00,12.0,12.04,11.9,12.04,19545
2025-12-21,10:30:00,11.99,12.03,11.99,12.0,67761
2025-12-21,11:00:00,12.0,12.01,11.94,11.94,4795
2025-12-21,11:30:00,11.94,11.94,11.93,11.94,665
2025-12-21,12:00:00,11.95,11.99,11.95,11.97,188
2025-12-21,12:30:00,11.97,11.97,11.91,11.91,6947
2025-12-21,13:00:00,11.91,11.96,11.9,11.95,7687
2025-12-21,13:30:00,11.9,11.91,11.89,11.91,2251
2025-12-21,14:00:00,11.91,11.91,11.9,11.91,2017
2025-12-21,14:30:00,11.91,11.95,11.9,11.94,7544
2025-12-22,10:00:00,11.89,11.9,11.84,11.85,7989
2025-12-22,10:30:00,11.86,11.86,11.8,11.81,3999
2025-12-22,11:00:00,11.81,11.84,11.81,11.83,3364
2025-12-22,11:30:00,11.83,11.84,11.83,11.83,670
2025-12-22,12:00:00,11.82,11.84,11.81,11.81,1532
2025-12-22,12:30:00,11.82,11.82,11.81,11.82,17
2025-12-22,13:00:00,11.81,11.82,11.81,11.82,11
2025-12-22,13:30:00,11.82,11.86,11.81,11.81,1593
2025-12-22,14:00:00,11.81,11.81,11.78,11.78,20056
2025-12-22,14:30:00,11.77,11.78,11.76,11.77,8584
2025-12-22,15:00:00,11.77,11.77,11.77,11.77,5192
2025-12-23,10:00:00,11.74,11.85,11.74,11.76,6554
2025-12-23,10:30:00,11.84,11.86,11.78,11.85,4403
2025-12-23,11:00:00,11.85,11.85,11.77,11.77,2985
2025-12-23,11:30:00,11.77,11.84,11.77,11.8,362
2025-12-23,12:00:00,11.8,11.84,11.8,11.84,1234
2025-12-23,12:30:00,11.85,12.01,11.8,12.01,23980
2025-12-23,13:00:00,12.01,12.09,11.95,12.04,37590
2025-12-23,13:30:00,12.02,12.02,11.95,11.95,5220
2025-12-23,14:00:00,11.95,11.96,11.94,11.96,4652
2025-12-23,14:30:00,11.93,11.97,11.9,11.9,1948
2025-12-23,15:00:00,11.94,11.94,11.94,11.94,83
2025-12-24,10:00:00,11.94,12.0,11.86,11.94,4779
2025-12-24,10:30:00,11.94,12.0,11.9,11.97,2409
2025-12-24,11:00:00,11.94,11.97,11.9,11.97,384
2025-12-24,11:30:00,11.9,11.97,11.9,11.91,444
2025-12-24,12:00:00,11.92,11.92,11.9,11.92,264
2025-12-24,12:30:00,11.92,11.93,11.92,11.92,1680
2025-12-24,13:00:00,11.92,11.97,11.92,11.92,910
2025-12-24,13:30:00,11.92,11.93,11.9,11.9,2669
2025-12-24,14:00:00,11.9,11.9,11.88,11.88,1008
2025-12-24,14:30:00,11.87,11.9,11.85,11.9,847
2025-12-24,15:00:00,11.85,11.85,11.85,11.85,178
2025-12-25,10:00:00,11.9,11.92,11.86,11.91,1575
2025-12-25,10:30:00,11.86,11.9,11.86,11.9,123
2025-12-25,11:00:00,11.91,11.91,11.88,11.88,232
2025-12-25,11:30:00,11.9,11.93,11.89,11.93,6877
2025-12-25,12:00:00,11.93,11.96,11.93,11.96,292
2025-12-25,12:30:00,11.95,11.95,11.95,11.95,20
2025-12-25,13:00:00,11.95,11.95,11.91,11.95,205
2025-12-25,13:30:00,11.95,11.95,11.9,11.91,525
2025-12-25,14:00:00,11.91,11.91,11.88,11.88,4345
2025-12-25,14:30:00,11.88,11.88,11.85,11.86,2382
2025-12-25,15:00:00,11.84,11.84,11.84,11.84,122
2025-12-28,10:00:00,11.81,11.85,11.81,11.81,2013
2025-12-28,10:30:00,11.82,11.82,11.79,11.79,5253
2025-12-28,11:00:00,11.78,11.88,11.7,11.81,11855
2025-12-28,11:30:00,11.72,11.8,11.72,11.74,615
2025-12-28,12:00:00,11.75,11.85,11.75,11.77,1878
2025-12-28,12:30:00,11.84,11.86,11.76,11.76,3623
2025-12-28,13:00:00,11.79,11.82,11.74,11.74,5440
2025-12-28,13:30:00,11.75,11.8,11.71,11.71,2745
2025-12-28,14:00:00,11.72,11.78,11.7,11.72,3716
2025-12-28,14:30:00,11.71,11.75,11.68,11.69,8370
2025-12-28,15:00:00,11.69,11.69,11.69,11.69,25
2025-12-29,10:00:00,11.65,11.65,11.6,11.65,12186
2025-12-29,10:30:00,11.68,11.78,11.68,11.78,302
2025-12-29,11:00:00,11.78,11.78,11.68,11.7,3630
2025-12-29,11:30:00,11.75,11.75,11.68,11.7,2328
2025-12-29,12:00:00,11.74,11.74,11.7,11.7,60
2025-12-29,12:30:00,11.71,11.74,11.7,11.7,5032
2025-12-29,13:00:00,11.7,11.75,11.7,11.7,7475
2025-12-29,13:30:00,11.74,11.78,11.74,11.76,4110
2025-12-29,14:00:00,11.76,11.76,11.7,11.7,4
2025-12-29,14:30:00,11.72,11.75,11.68,11.75,7387
2025-12-29,15:00:00,11.76,11.76,11.76,11.76,259
2025-12-30,10:00:00,11.78,11.78,11.65,11.65,1545
2025-12-30,10:30:00,11.65,11.65,11.64,11.65,4949
2025-12-30,11:00:00,11.7,11.7,11.64,11.64,7
2025-12-30,11:30:00,11.66,11.7,11.6,11.67,2624
2025-12-30,12:00:00,11.67,11.67,11.61,11.61,1811
2025-12-30,12:30:00,11.61,11.61,11.5,11.59,10793
2025-12-30,13:00:00,11.58,11.59,11.53,11.59,3577
2025-12-30,13:30:00,11.58,11.58,11.51,11.51,4836
2025-12-30,14:00:00,11.58,11.58,11.45,11.46,14015
2025-12-30,14:30:00,11.46,11.5,11.36,11.37,28769
2025-12-30,15:00:00,11.37,11.37,11.37,11.37,2934
2025-12-31,10:00:00,11.4,11.79,11.4,11.58,30154
2025-12-31,10:30:00,11.56,11.56,11.5,11.54,5216
2025-12-31,11:00:00,11.52,11.58,11.5,11.58,15864
2025-12-31,11:30:00,11.58,11.58,11.52,11.57,482
2025-12-31,12:00:00,11.57,11.58,11.56,11.58,1357
2025-12-31,12:30:00,11.58,11.58,11.56,11.57,670
2025-12-31,13:00:00,11.57,11.6,11.52,11.54,3342
2025-12-31,13:30:00,11.59,11.6,11.49,11.53,3984
2025-12-31,14:00:00,11.53,11.53,11.47,11.49,30168
2025-12-31,14:30:00,11.49,11.49,11.37,11.43,51272
2025-12-31,15:00:00,11.4,11.4,11.4,11.4,3201
2026-01-01,10:00:00,11.45,11.53,11.45,11.53,12619
2026-01-01,10:30:00,11.53,11.6,11.53,11.54,7317
2026-01-01,11:00:00,11.54,11.66,11.54,11.55,18621
2026-01-01,11:30:00,11.59,11.6,11.54,11.54,1104
2026-01-01,12:00:00,11.54,11.55,11.51,11.55,4042
2026-01-01,12:30:00,11.55,11.62,11.55,11.62,11264
2026-01-01,13:00:00,11.62,11.72,11.62,11.7,16990
2026-01-01,13:30:00,11.71,11.71,11.62,11.68,2520
2026-01-01,14:00:00,11.68,11.84,11.68,11.84,25794
2026-01-01,14:30:00,11.84,11.95,11.74,11.95,27375
2026-01-01,15:00:00,11.7,11.7,11.7,11.7,4941
2026-01-04,10:00:00,11.7,11.71,11.6,11.6,5020
2026-01-04,10:30:00,11.6,11.69,11.56,11.62,11235
2026-01-04,11:00:00,11.62,11.69,11.61,11.68,12948
2026-01-04,11:30:00,11.6,11.67,11.6,11.67,3
2026-01-04,12:00:00,11.6,11.65,11.6,11.6,2105
2026-01-04,12:30:00,11.6,11.64,11.58,11.58,7960
2026-01-04,13:00:00,11.58,11.66,11.57,11.6,2138
2026-01-04,13:30:00,11.59,11.66,11.59,11.66,3691
2026-01-04,14:00:00,11.66,11.66,11.66,11.66,28
2026-01-04,14:30:00,11.65,11.66,11.56,11.56,12682
2026-01-04,15:00:00,11.56,11.56,11.56,11.56,115
2026-01-05,10:00:00,11.54,11.74,11.54,11.74,13839
2026-01-05,10:30:00,11.74,11.74,11.65,11.69,1641
2026-01-05,11:00:00,11.67,11.69,11.62,11.68,877
2026-01-05,11:30:00,11.68,11.68,11.6,11.6,1619
2026-01-05,12:00:00,11.58,11.68,11.58,11.68,12091
2026-01-05,12:30:00,11.68,11.73,11.67,11.7,17656
2026-01-05,13:00:00,11.63,11.7,11.6,11.7,7442
2026-01-05,13:30:00,11.64,11.69,11.63,11.63,1066
2026-01-05,14:00:00,11.69,11.7,11.65,11.66,1562
2026-01-05,14:30:00,11.66,11.68,11.57,11.57,8909
2026-01-05,15:00:00,11.6,11.6,11.6,11.6,40
2026-01-06,10:00:00,11.61,11.7,11.58,11.59,6347
2026-01-06,10:30:00,11.57,11.59,11.55,11.57,4452
2026-01-06,11:00:00,11.56,11.58,11.54,11.56,12465
2026-01-06,11:30:00,11.54,11.55,11.54,11.55,411
2026-01-06,12:00:00,11.55,11.55,11.54,11.54,4626
2026-01-06,12:30:00,11.54,11.55,11.53,11.53,2893
2026-01-06,13:00:00,11.53,11.56,11.44,11.54,4603
2026-01-06,13:30:00,11.54,11.56,11.54,11.54,9418
2026-01-06,14:00:00,11.58,11.58,11.5,11.58,5820
2026-01-06,14:30:00,11.57,11.57,11.51,11.52,9534
2026-01-06,15:00:00,11.55,11.55,11.55,11.55,2091
2026-01-07,10:00:00,11.7,11.96,11.7,11.7,28494
2026-01-07,10:30:00,11.7,11.74,11.67,11.7,5761
2026-01-07,11:00:00,11.65,11.65,11.61,11.62,2120
2026-01-07,11:30:00,11.63,11.65,11.63,11.64,7955
2026-01-07,12:00:00,11.64,11.72,11.64,11.69,39325
2026-01-07,12:30:00,11.68,11.7,11.67,11.69,2047
2026-01-07,13:00:00,11.69,11.73,11.69,11.73,775
2026-01-07,13:30:00,11.73,11.75,11.69,11.75,7311
2026-01-07,14:00:00,11.76,11.95,11.76,11.8,8265
2026-01-07,14:30:00,11.8,11.94,11.72,11.76,4570
2026-01-07,15:00:00,11.95,11.95,11.95,11.95,5006
2026-01-08,10:00:00,11.88,11.88,11.71,11.76,7171
2026-01-08,10:30:00,11.76,11.8,11.74,11.78,2130
2026-01-08,11:00:00,11.78,11.78,11.76,11.78,106
2026-01-08,11:30:00,11.78,11.78,11.78,11.78,134
2026-01-08,12:00:00,11.8,11.8,11.76,11.76,3057
2026-01-08,12:30:00,11.75,11.79,11.73,11.73,2238
2026-01-08,13:00:00,11.79,11.79,11.77,11.77,1578
2026-01-08,13:30:00,11.77,11.78,11.73,11.76,1352
2026-01-08,14:00:00,11.75,11.8,11.72,11.76,3972
2026-01-08,14:30:00,11.76,11.8,11.76,11.8,1390
2026-01-08,15:00:00,11.8,11.8,11.8,11.8,1844
2026-01-11,10:00:00,11.8,11.83,11.76,11.83,9025
2026-01-11,10:30:00,11.82,11.86,11.82,11.85,11916
2026-01-11,11:00:00,11.85,11.86,11.8,11.8,1853
2026-01-11,11:30:00,11.8,11.86,11.77,11.86,692
2026-01-11,12:30:00,11.8,11.81,11.8,11.81,1556
2026-01-11,13:00:00,11.81,11.84,11.79,11.84,5752
2026-01-11,13:30:00,11.85,11.94,11.85,11.92,13266
2026-01-11,14:00:00,11.91,11.94,11.84,11.88,3376
2026-01-11,14:30:00,11.82,11.88,11.8,11.88,3428
2026-01-11,15:00:00,11.92,11.92,11.92,11.92,1700
2026-01-12,10:00:00,11.91,11.94,11.83,11.91,23703
2026-01-12,10:30:00,11.91,11.96,11.89,11.95,7779
2026-01-12,11:00:00,11.96,11.98,11.93,11.93,6784
2026-01-12,11:30:00,11.95,11.97,11.94,11.94,9290
2026-01-12,12:00:00,11.94,11.94,11.89,11.89,3665
2026-01-12,12:30:00,11.89,11.94,11.89,11.9,5836
2026-01-12,13:00:00,11.94,11.94,11.9,11.9,3177
2026-01-12,13:30:00,11.93,11.94,11.9,11.9,20985
2026-01-12,14:00:00,11.95,11.95,11.91,11.94,12645
2026-01-12,14:30:00,11.91,11.92,11.91,11.92,4681
2026-01-12,15:00:00,11.91,11.91,11.91,11.91,1423
2026-01-13,10:00:00,11.9,11.96,11.9,11.95,12240
2026-01-13,10:30:00,11.93,11.94,11.82,11.87,21001
2026-01-13,11:00:00,11.81,11.86,11.79,11.86,15884
2026-01-13,11:30:00,11.87,11.87,11.83,11.86,5792
2026-01-13,12:00:00,11.86,11.86,11.84,11.84,3171
2026-01-13,12:30:00,11.85,11.86,11.84,11.85,11700
2026-01-13,13:00:00,11.87,11.88,11.84,11.84,13232
2026-01-13,13:30:00,11.84,11.88,11.84,11.86,789
2026-01-13,14:00:00,11.86,11.87,11.83,11.83,7149
2026-01-13,14:30:00,11.83,11.85,11.8,11.82,10336
2026-01-13,15:00:00,11.8,11.8,11.8,11.8,1172
2026-01-14,10:00:00,11.8,11.86,11.75,11.78,3084
2026-01-14,10:30:00,11.8,11.81,11.8,11.8,1997
2026-01-14,11:00:00,11.8,11.86,11.78,11.8,756
2026-01-14,11:30:00,11.8,11.86,11.8,11.85,4012
2026-01-14,12:00:00,11.85,11.87,11.82,11.85,7617
2026-01-14,12:30:00,11.86,11.87,11.83,11.84,2337
2026-01-14,13:00:00,11.83,11.84,11.81,11.83,5095
2026-01-14,13:30:00,11.84,11.84,11.75,11.75,14141
2026-01-14,14:00:00,11.75,11.78,11.64,11.7,26126
2026-01-14,14:30:00,11.7,11.73,11.66,11.66,5163
2026-01-14,15:00:00,11.66,11.66,11.66,11.66,3288
2026-01-15,10:00:00,11.66,11.76,11.56,11.63,21525
2026-01-15,10:30:00,11.6,11.69,11.56,11.65,11867
2026-01-15,11:00:00,11.6,11.6,11.57,11.58,5619
2026-01-15,11:30:00,11.57,11.62,11.57,11.6,1610
2026-01-15,12:00:00,11.6,11.64,11.57,11.58,5275
2026-01-15,12:30:00,11.64,11.64,11.62,11.63,246
2026-01-15,13:00:00,11.64,11.64,11.56,11.56,8890
2026-01-15,13:30:00,11.56,11.6,11.49,11.5,26927
2026-01-15,14:00:00,11.5,11.52,11.45,11.49,9346
2026-01-15,14:30:00,11.49,11.5,11.4,11.45,27030
2026-01-15,15:00:00,11.45,11.45,11.45,11.45,341
2026-01-18,10:00:00,11.45,11.58,11.45,11.5,39498
2026-01-18,10:30:00,11.5,11.55,11.5,11.55,18007
2026-01-18,11:00:00,11.55,11.58,11.52,11.55,6551
2026-01-18,11:30:00,11.53,11.64,11.53,11.64,3399
2026-01-18,12:00:00,11.63,11.64,11.61,11.61,1056
2026-01-18,12:30:00,11.6,11.62,11.6,11.6,2839
2026-01-18,13:00:00,11.6,11.62,11.6,11.62,171
2026-01-18,13:30:00,11.62,11.62,11.6,11.6,1104
2026-01-18,14:00:00,11.6,11.6,11.55,11.56,1106
2026-01-18,14:30:00,11.55,11.61,11.55,11.61,4716
2026-01-18,15:00:00,11.61,11.61,11.61,11.61,546
2026-01-19,10:00:00,11.6,11.63,11.58,11.63,11755
2026-01-19,10:30:00,11.63,11.73,11.57,11.59,15478
2026-01-19,11:00:00,11.59,11.6,11.56,11.58,1117
2026-01-19,11:30:00,11.59,11.59,11.57,11.57,1834
2026-01-19,12:00:00,11.57,11.58,11.56,11.57,3042
2026-01-19,12:30:00,11.56,11.57,11.55,11.57,284
2026-01-19,13:00:00,11.57,11.57,11.54,11.55,6242
2026-01-19,13:30:00,11.54,11.56,11.53,11.55,4221
2026-01-19,14:00:00,11.55,11.55,11.54,11.55,17576
2026-01-19,14:30:00,11.55,11.58,11.55,11.58,1048
2026-01-19,15:00:00,11.65,11.65,11.65,11.65,13333
2026-01-20,10:00:00,11.65,11.7,11.61,11.62,7269
2026-01-20,10:30:00,11.61,11.69,11.6,11.61,2973
2026-01-20,11:00:00,11.6,11.61,11.6,11.61,762
2026-01-20,11:30:00,11.61,11.63,11.61,11.61,3095
2026-01-20,12:00:00,11.6,11.61,11.56,11.56,5219
2026-01-20,12:30:00,11.58,11.58,11.55,11.57,3567
2026-01-20,13:00:00,11.57,11.57,11.55,11.55,786
2026-01-20,13:30:00,11.56,11.56,11.48,11.5,15299
2026-01-20,14:00:00,11.5,11.54,11.48,11.48,2075
2026-01-20,14:30:00,11.48,11.54,11.47,11.54,6606
2026-01-20,15:00:00,11.46,11.46,11.46,11.46,467
2026-01-21,10:00:00,11.46,11.54,11.35,11.53,9684
2026-01-21,10:30:00,11.5,11.52,11.44,11.52,7945
2026-01-21,11:00:00,11.52,11.54,11.49,11.54,1485
2026-01-21,11:30:00,11.55,11.57,11.52,11.52,2105
2026-01-21,12:00:00,11.55,11.56,11.5,11.56,1559
2026-01-21,12:30:00,11.55,11.55,11.5,11.55,1114
2026-01-21,13:00:00,11.5,11.53,11.49,11.53,4004
2026-01-21,13:30:00,11.54,11.55,11.52,11.52,3072
2026-01-21,14:00:00,11.56,11.56,11.51,11.55,41
2026-01-21,14:30:00,11.56,11.58,11.51,11.52,3577
2026-01-21,15:00:00,11.58,11.58,11.58,11.58,17
2026-01-22,10:00:00,11.58,11.62,11.53,11.55,9167
2026-01-22,10:30:00,11.61,11.61,11.54,11.6,1192
2026-01-22,11:00:00,11.6,11.64,11.58,11.64,11097
2026-01-22,11:30:00,11.59,11.7,11.59,11.67,17329
2026-01-22,12:00:00,11.62,11.66,11.6,11.64,1593
2026-01-22,12:30:00,11.65,11.66,11.62,11.63,5813
2026-01-22,13:00:00,11.63,11.64,11.62,11.62,3747
2026-01-22,13:30:00,11.63,11.63,11.59,11.6,27312
2026-01-22,14:00:00,11.62,11.64,11.6,11.61,34468
2026-01-22,14:30:00,11.61,11.64,11.55,11.55,45867
2026-01-22,15:00:00,11.57,11.57,11.57,11.57,7852
2026-01-25,10:00:00,11.59,11.66,11.59,11.66,17805
2026-01-25,10:30:00,11.62,11.7,11.61,11.65,9202
2026-01-25,11:00:00,11.65,11.69,11.65,11.69,2493
2026-01-25,11:30:00,11.67,11.69,11.67,11.68,1206
2026-01-25,12:00:00,11.68,11.71,11.67,11.71,4701
2026-01-25,12:30:00,11.7,11.71,11.69,11.7,1118
2026-01-25,13:00:00,11.7,11.72,11.68,11.71,14438
2026-01-25,13:30:00,11.71,11.73,11.67,11.73,5392
2026-01-25,14:00:00,11.72,11.73,11.66,11.66,6694
2026-01-25,14:30:00,11.66,11.71,11.62,11.65,22236
2026-01-25,15:00:00,11.65,11.65,11.65,11.65,2286
2026-01-26,10:00:00,11.65,11.65,11.57,11.59,28913
2026-01-26,10:30:00,11.59,11.63,11.55,11.55,13429
2026-01-26,11:00:00,11.61,11.61,11.56,11.57,1870
2026-01-26,11:30:00,11.57,11.62,11.57,11.6,8827
2026-01-26,12:00:00,11.6,11.62,11.6,11.62,16415
2026-01-26,12:30:00,11.63,11.64,11.61,11.62,5495
2026-01-26,13:00:00,11.62,11.64,11.61,11.64,13429
2026-01-26,13:30:00,11.63,11.65,11.61,11.62,3687
2026-01-26,14:00:00,11.61,11.67,11.6,11.66,7640
2026-01-26,14:30:00,11.66,11.68,11.65,11.68,4167
2026-01-26,15:00:00,11.68,11.68,11.68,11.68,3090
2026-01-27,10:00:00,11.7,11.82,11.7,11.82,9142
2026-01-27,10:30:00,11.83,11.93,11.77,11.82,42944
2026-01-27,11:00:00,11.82,11.87,11.8,11.8,4718
2026-01-27,11:30:00,11.85,11.85,11.8,11.81,3846
2026-01-27,12:00:00,11.81,11.89,11.8,11.85,9667
2026-01-27,12:30:00,11.89,11.9,11.84,11.84,6649
2026-01-27,13:00:00,11.86,11.88,11.81,11.87,14565
2026-01-27,13:30:00,11.84,11.9,11.83,11.83,6471
2026-01-27,14:00:00,11.87,11.93,11.83,11.9,21918
2026-01-27,14:30:00,11.9,11.91,11.85,11.88,8882
2026-01-27,15:00:00,11.88,11.88,11.88,11.88,1449
2026-01-28,10:00:00,11.89,11.98,11.88,11.98,38665
2026-01-28,10:30:00,11.98,12.06,11.96,12.0,82361
2026-01-28,11:00:00,12.0,12.22,11.97,12.2,100801
2026-01-28,11:30:00,12.2,12.34,12.1,12.15,203030
2026-01-28,12:00:00,12.15,12.18,12.05,12.08,22288
2026-01-28,12:30:00,12.08,12.08,12.0,12.02,35892
2026-01-28,13:00:00,12.02,12.07,12.01,12.02,8651
2026-01-28,13:30:00,12.02,12.06,11.96,12.0,17372
2026-01-28,14:00:00,12.0,12.0,11.95,11.96,14256
2026-01-28,14:30:00,11.97,12.0,11.95,11.98,31562
2026-01-28,15:00:00,11.98,11.98,11.98,11.98,3259
2026-01-29,10:00:00,11.95,11.98,11.9,11.9,39483
2026-01-29,10:30:00,11.92,11.95,11.91,11.94,30676
2026-01-29,11:00:00,11.94,11.94,11.85,11.86,27897
2026-01-29,11:30:00,11.87,11.87,11.83,11.83,2923
2026-01-29,12:00:00,11.82,12.1,11.8,11.96,82088
2026-01-29,12:30:00,11.94,11.97,11.89,11.94,14616
2026-01-29,13:00:00,11.9,11.94,11.87,11.9,10068
2026-01-29,13:30:00,11.9,11.95,11.88,11.89,10943
2026-01-29,14:00:00,11.89,11.96,11.89,11.9,7481
2026-01-29,14:30:00,11.94,11.94,11.9,11.9,12878
2026-01-29,15:00:00,11.9,11.9,11.9,11.9,14780
2026-02-01,10:00:00,11.82,11.87,11.65,11.66,50418
2026-02-01,10:30:00,11.66,11.7,11.62,11.7,15222
2026-02-01,11:00:00,11.65,11.73,11.65,11.66,5994
2026-02-01,11:30:00,11.67,11.73,11.66,11.69,4891
2026-02-01,12:00:00,11.69,11.73,11.65,11.66,5335
2026-02-01,12:30:00,11.66,11.69,11.65,11.69,6299
2026-02-01,13:00:00,11.65,11.69,11.65,11.69,1100
2026-02-01,13:30:00,11.65,11.68,11.64,11.65,8256
2026-02-01,14:00:00,11.65,11.65,11.55,11.57,31166
2026-02-01,14:30:00,11.58,11.59,11.55,11.57,1754
2026-02-01,15:00:00,11.56,11.56,11.56,11.56,55
2026-02-02,10:00:00,11.5,11.56,11.4,11.56,55041
2026-02-02,10:30:00,11.56,11.61,11.53,11.6,4097
2026-02-02,11:00:00,11.61,11.65,11.56,11.58,17401
2026-02-02,11:30:00,11.6,11.65,11.55,11.65,3269
2026-02-02,12:00:00,11.58,11.63,11.56,11.63,59
2026-02-02,12:30:00,11.56,11.56,11.56,11.56,940
2026-02-02,13:00:00,11.61,11.65,11.59,11.65,6204
2026-02-02,13:30:00,11.65,11.7,11.61,11.61,16550
2026-02-02,14:00:00,11.64,11.64,11.6,11.64,92
2026-02-02,14:30:00,11.61,11.68,11.61,11.67,7068
2026-02-02,15:00:00,11.67,11.67,11.67,11.67,28
2026-02-03,10:00:00,11.7,11.78,11.7,11.74,18082
2026-02-03,10:30:00,11.74,11.8,11.74,11.8,11796
2026-02-03,11:00:00,11.8,11.84,11.78,11.8,4730
2026-02-03,11:30:00,11.77,11.8,11.74,11.76,3028
2026-02-03,12:00:00,11.75,11.78,11.75,11.75,9
2026-02-03,12:30:00,11.78,11.78,11.7,11.7,5570
2026-02-03,13:00:00,11.7,11.74,11.7,11.7,6318
2026-02-03,13:30:00,11.72,11.72,11.7,11.7,1583
2026-02-03,14:00:00,11.7,11.72,11.64,11.65,7297
2026-02-03,14:30:00,11.66,11.7,11.64,11.69,7852
2026-02-03,15:00:00,11.66,11.66,11.66,11.66,2124
2026-02-04,10:00:00,11.64,11.7,11.63,11.7,3507
2026-02-04,10:30:00,11.66,11.74,11.66,11.66,1718
2026-02-04,11:00:00,11.67,11.69,11.63,11.65,16928
2026-02-04,11:30:00,11.66,11.75,11.61,11.64,7428
2026-02-04,12:00:00,11.7,11.71,11.63,11.71,2287
2026-02-04,12:30:00,11.7,11.7,11.6,11.61,19418
2026-02-04,13:00:00,11.63,11.64,11.58,11.58,2412
2026-02-04,13:30:00,11.6,11.6,11.59,11.6,606
2026-02-04,14:00:00,11.6,11.6,11.56,11.56,5354
2026-02-04,14:30:00,11.56,11.57,11.55,11.56,15714
2026-02-04,15:00:00,11.56,11.56,11.56,11.56,6742
2026-02-05,10:00:00,11.56,11.56,11.44,11.5,21535
2026-02-05,10:30:00,11.46,11.46,11.44,11.44,8997
2026-02-05,11:00:00,11.44,11.5,11.44,11.44,2433
2026-02-05,11:30:00,11.44,11.45,11.43,11.44,7421
2026-02-05,12:00:00,11.44,11.47,11.43,11.46,2406
2026-02-05,12:30:00,11.45,11.45,11.43,11.44,3249
2026-02-05,13:00:00,11.43,11.47,11.4,11.41,9532
2026-02-05,13:30:00,11.42,11.47,11.42,11.44,3624
2026-02-05,14:00:00,11.44,11.44,11.4,11.4,46309
2026-02-05,14:30:00,11.4,11.44,11.4,11.43,24122
2026-02-05,15:00:00,11.32,11.32,11.32,11.32,33255
2026-02-08,10:00:00,11.32,11.54,11.32,11.45,12176
2026-02-08,10:30:00,11.45,11.5,11.45,11.48,6137
2026-02-08,11:00:00,11.48,11.52,11.44,11.44,3523
2026-02-08,11:30:00,11.44,11.48,11.42,11.42,1146
2026-02-08,12:00:00,11.42,11.43,11.4,11.43,3859
2026-02-08,12:30:00,11.41,11.43,11.41,11.41,158
2026-02-08,13:00:00,11.41,11.43,11.41,11.42,2418
2026-02-08,13:30:00,11.41,11.42,11.36,11.36,5519
2026-02-08,14:00:00,11.42,11.42,11.38,11.41,183
2026-02-08,14:30:00,11.41,11.44,11.36,11.44,5833
2026-02-08,15:00:00,11.37,11.37,11.37,11.37,3
2026-02-09,10:00:00,11.37,11.43,11.37,11.43,5385
2026-02-09,10:30:00,11.42,11.42,11.37,11.39,3681
2026-02-09,11:00:00,11.38,11.4,11.37,11.4,358
2026-02-09,11:30:00,11.37,11.39,11.36,11.38,2576
2026-02-09,12:00:00,11.38,11.39,11.36,11.38,1581
2026-02-09,12:30:00,11.38,11.38,11.33,11.35,3085
2026-02-09,13:00:00,11.35,11.36,11.31,11.32,3290
2026-02-09,13:30:00,11.33,11.34,11.3,11.31,6756
2026-02-09,14:00:00,11.3,11.33,11.3,11.31,5598
2026-02-09,14:30:00,11.32,11.35,11.32,11.32,6589
2026-02-09,15:00:00,11.32,11.32,11.32,11.32,1
2026-02-10,10:00:00,11.34,11.4,11.34,11.39,1766
2026-02-10,10:30:00,11.4,11.41,11.33,11.36,10723
2026-02-10,11:00:00,11.39,11.4,11.38,11.39,3468
2026-02-10,11:30:00,11.39,11.41,11.37,11.38,5989
2026-02-10,12:00:00,11.38,11.38,11.35,11.35,4442
2026-02-10,12:30:00,11.36,11.39,11.36,11.39,17690
2026-02-10,13:00:00,11.39,11.39,11.35,11.35,1453
2026-02-10,13:30:00,11.34,11.38,11.34,11.38,5475
2026-02-10,14:00:00,11.38,11.38,11.34,11.34,5499
2026-02-10,14:30:00,11.34,11.36,11.34,11.36,1360
2026-02-10,15:00:00,11.33,11.33,11.33,11.33,48
2026-02-11,10:00:00,11.37,11.38,11.21,11.26,31196
2026-02-11,10:30:00,11.28,11.28,11.24,11.28,2353
2026-02-11,11:00:00,11.29,11.29,11.25,11.26,438
2026-02-11,11:30:00,11.25,11.29,11.25,11.29,3265
2026-02-11,12:00:00,11.29,11.29,11.24,11.24,7729
2026-02-11,12:30:00,11.24,11.26,11.23,11.23,729
2026-02-11,13:00:00,11.23,11.23,11.18,11.2,18180
2026-02-11,13:30:00,11.22,11.27,11.2,11.27,2929
2026-02-11,14:00:00,11.26,11.26,11.25,11.25,16
2026-02-11,14:30:00,11.23,11.25,11.21,11.25,8467
2026-02-11,15:00:00,11.22,11.22,11.22,11.22,123
2026-02-12,10:00:00,11.22,11.33,11.22,11.27,3173
2026-02-12,10:30:00,11.27,11.27,11.22,11.27,4133
2026-02-12,11:00:00,11.28,11.4,11.27,11.4,45343
2026-02-12,11:30:00,11.38,11.58,11.38,11.58,37773
2026-02-12,12:00:00,11.57,11.77,11.57,11.74,62232
2026-02-12,12:30:00,11.7,11.74,11.66,11.7,26745
2026-02-12,13:00:00,11.69,11.71,11.52,11.61,120954
2026-02-12,13:30:00,11.53,11.61,11.52,11.53,17780
2026-02-12,14:00:00,11.54,11.55,11.49,11.55,13268
2026-02-12,14:30:00,11.55,11.72,11.54,11.69,48888
2026-02-12,15:00:00,11.72,11.72,11.72,11.72,7142
2026-02-15,10:00:00,11.72,11.72,11.61,11.62,12344
2026-02-15,10:30:00,11.62,11.68,11.61,11.61,9035
2026-02-15,11:00:00,11.61,11.68,11.61,11.68,3232
2026-02-15,11:30:00,11.63,11.68,11.61,11.62,4116
2026-02-15,12:00:00,11.62,11.67,11.61,11.65,5445
2026-02-15,12:30:00,11.63,11.8,11.63,11.8,52234
2026-02-15,13:00:00,11.81,11.86,11.74,11.79,36675
2026-02-15,13:30:00,11.76,11.89,11.71,11.81,54128
2026-02-15,14:00:00,11.81,11.81,11.74,11.78,6476
2026-02-15,14:30:00,11.75,11.8,11.74,11.78,12718
2026-02-15,15:00:00,11.78,11.78,11.78,11.78,497
2026-02-16,10:00:00,11.78,11.78,11.53,11.64,20518
2026-02-16,10:30:00,11.66,11.72,11.55,11.58,25540
2026-02-16,11:00:00,11.59,11.61,11.56,11.59,5576
2026-02-16,11:30:00,11.58,11.58,11.53,11.55,8251
2026-02-16,12:00:00,11.57,11.61,11.54,11.55,3962
2026-02-16,12:30:00,11.54,11.56,11.53,11.54,1782
2026-02-16,13:00:00,11.54,11.58,11.51,11.52,9463
2026-02-16,13:30:00,11.53,11.53,11.5,11.52,8192
2026-02-16,14:00:00,11.53,11.53,11.49,11.5,7353
2026-02-16,14:30:00,11.49,11.52,11.48,11.49,6749
2026-02-16,15:00:00,11.49,11.49,11.49,11.49,1864
2026-02-17,10:00:00,11.49,11.51,11.42,11.42,15052
2026-02-17,10:30:00,11.42,11.43,11.41,11.41,3332
2026-02-17,11:00:00,11.4,11.42,11.36,11.36,14197
2026-02-17,11:30:00,11.36,11.36,11.3,11.34,5983
2026-02-17,12:00:00,11.34,11.36,11.31,11.36,9109
2026-02-17,12:30:00,11.36,11.36,11.34,11.36,6022
2026-02-17,13:00:00,11.35,11.36,11.35,11.36,1682
2026-02-17,13:30:00,11.36,11.37,11.36,11.37,1778
2026-02-17,14:00:00,11.37,11.38,11.35,11.35,8264
2026-02-17,14:30:00,11.35,11.4,11.35,11.36,1930
2026-02-17,15:00:00,11.4,11.4,11.4,11.4,93
2026-02-18,10:00:00,11.3,11.38,11.28,11.38,6664
2026-02-18,10:30:00,11.32,11.38,11.28,11.32,9864
2026-02-18,11:00:00,11.32,11.35,11.29,11.35,8281
2026-02-18,11:30:00,11.32,11.36,11.31,11.34,2137
2026-02-18,12:00:00,11.34,11.35,11.34,11.35,74
2026-02-18,12:30:00,11.35,11.35,11.32,11.35,11174
2026-02-18,13:00:00,11.35,11.4,11.33,11.39,25285
2026-02-18,13:30:00,11.39,11.39,11.37,11.38,7561
2026-02-18,14:00:00,11.38,11.38,11.37,11.38,1374
2026-02-18,14:30:00,11.38,11.39,11.36,11.38,5904
2026-02-18,15:00:00,11.34,11.34,11.34,11.34,5126
2026-02-19,10:00:00,11.31,11.38,11.19,11.19,14951
2026-02-19,10:30:00,11.23,11.34,11.2,11.28,3205
2026-02-19,11:00:00,11.28,11.34,11.26,11.27,913
2026-02-19,11:30:00,11.27,11.3,11.26,11.26,3306
2026-02-19,12:00:00,11.3,11.34,11.25,11.34,12050
2026-02-19,12:30:00,11.35,11.37,11.25,11.28,1899
2026-02-19,13:00:00,11.28,11.28,11.16,11.26,19146
2026-02-19,13:30:00,11.19,11.19,11.1,11.19,15275
2026-02-19,14:00:00,11.19,11.19,11.11,11.19,16844
2026-02-19,14:30:00,11.16,11.17,11.03,11.12,42050
2026-02-19,15:00:00,11.06,11.06,11.06,11.06,443
2026-02-23,10:00:00,11.06,11.16,10.9,11.02,17102
2026-02-23,10:30:00,11.04,11.17,11.04,11.08,20549
2026-02-23,11:00:00,11.11,11.14,11.06,11.06,18374
2026-02-23,11:30:00,11.09,11.09,11.02,11.05,6413
2026-02-23,12:00:00,11.08,11.46,11.08,11.42,32770
2026-02-23,12:30:00,11.42,11.56,11.34,11.55,54188
2026-02-23,13:00:00,11.54,11.9,11.54,11.87,154836
2026-02-23,13:30:00,11.84,11.95,11.79,11.8,115004
2026-02-23,14:00:00,11.79,11.8,11.66,11.66,106422
2026-02-23,14:30:00,11.66,11.7,11.65,11.67,43418
2026-02-23,15:00:00,11.66,11.66,11.66,11.66,2407
2026-02-24,10:00:00,11.66,11.9,11.52,11.86,68330
2026-02-24,10:30:00,11.89,12.0,11.66,11.74,93756
2026-02-24,11:00:00,11.74,11.8,11.66,11.66,23210
2026-02-24,11:30:00,11.67,11.67,11.55,11.63,31463
2026-02-24,12:00:00,11.62,11.62,11.57,11.62,5415
2026-02-24,12:30:00,11.6,11.6,11.46,11.47,8401
2026-02-24,13:00:00,11.47,11.48,11.39,11.4,36602
2026-02-24,13:30:00,11.39,11.64,11.3,11.44,34423
2026-02-24,14:00:00,11.42,11.44,11.34,11.36,17292
2026-02-24,14:30:00,11.37,11.42,11.37,11.4,16582
2026-02-24,15:00:00,11.36,11.36,11.36,11.36,4444
2026-02-25,10:00:00,11.36,11.45,11.32,11.32,9643
2026-02-25,10:30:00,11.33,11.35,11.25,11.29,10258
2026-02-25,11:00:00,11.25,11.27,11.13,11.18,14646
2026-02-25,11:30:00,11.2,11.21,11.14,11.17,14112
2026-02-25,12:00:00,11.17,11.18,11.16,11.17,5549
2026-02-25,12:30:00,11.17,11.17,11.15,11.16,7946
2026-02-25,13:00:00,11.16,11.23,11.15,11.17,5266
2026-02-25,13:30:00,11.17,11.2,11.15,11.16,19023
2026-02-25,14:00:00,11.16,11.2,11.15,11.15,11191
2026-02-25,14:30:00,11.16,11.17,11.12,11.13,5619
2026-02-25,15:00:00,11.13,11.13,11.13,11.13,2856
2026-02-26,10:00:00,11.2,11.22,11.14,11.17,7117
2026-02-26,10:30:00,11.17,11.18,11.13,11.13,7681
2026-02-26,11:00:00,11.12,11.16,11.12,11.16,7822
2026-02-26,11:30:00,11.16,11.17,11.14,11.16,4025
2026-02-26,12:00:00,11.14,11.19,11.14,11.19,4485
2026-02-26,12:30:00,11.2,11.22,11.18,11.22,9712
2026-02-26,13:00:00,11.22,11.23,11.22,11.22,3600
2026-02-26,13:30:00,11.23,11.23,11.19,11.19,5502
2026-02-26,14:00:00,11.19,11.19,11.15,11.15,5651
2026-02-26,14:30:00,11.17,11.19,11.15,11.18,9910
2026-02-26,15:00:00,11.2,11.2,11.2,11.2,10075
2026-03-01,10:00:00,11.1,11.5,11.1,11.42,113955
2026-03-01,10:30:00,11.42,11.6,11.4,11.57,92800
2026-03-01,11:00:00,11.57,11.57,11.28,11.45,78558
2026-03-01,11:30:00,11.48,11.52,11.36,11.4,40626
2026-03-01,12:00:00,11.49,11.49,11.31,11.39,13058
2026-03-01,12:30:00,11.37,11.5,11.32,11.4,34430
2026-03-01,13:00:00,11.4,11.45,11.34,11.37,21467
2026-03-01,13:30:00,11.43,11.45,11.39,11.41,68031
2026-03-01,14:00:00,11.41,11.42,11.34,11.34,13690
2026-03-01,14:30:00,11.35,11.35,11.3,11.34,16660
2026-03-01,15:00:00,11.3,11.3,11.3,11.3,11900
2026-03-02,10:00:00,11.3,11.44,11.27,11.35,19263
2026-03-02,10:30:00,11.29,11.31,11.15,11.3,24431
2026-03-02,11:00:00,11.3,11.34,11.27,11.31,17239
2026-03-02,11:30:00,11.3,11.3,11.27,11.28,20791
2026-03-02,12:00:00,11.27,11.27,11.18,11.19,6486
2026-03-02,12:30:00,11.17,11.42,11.16,11.32,52706
2026-03-02,13:00:00,11.4,11.42,11.3,11.39,20445
2026-03-02,13:30:00,11.4,11.4,11.32,11.32,25523
2026-03-02,14:00:00,11.31,11.55,11.3,11.42,44050
2026-03-02,14:30:00,11.42,11.52,11.4,11.44,36891
2026-03-02,15:00:00,11.39,11.39,11.39,11.39,726
2026-03-03,10:00:00,11.5,11.53,11.4,11.47,42466
2026-03-03,10:30:00,11.47,11.5,11.4,11.42,11496
2026-03-03,11:00:00,11.42,11.74,11.41,11.69,147247
2026-03-03,11:30:00,11.7,11.83,11.66,11.8,134680
2026-03-03,12:00:00,11.8,11.83,11.76,11.77,53813
2026-03-03,12:30:00,11.76,11.77,11.75,11.75,16566
2026-03-03,13:00:00,11.75,11.76,11.62,11.65,94485
2026-03-03,13:30:00,11.65,11.7,11.63,11.66,17701
2026-03-03,14:00:00,11.66,11.7,11.56,11.6,21789
2026-03-03,14:30:00,11.6,11.66,11.57,11.63,32139
2026-03-03,15:00:00,11.6,11.6,11.6,11.6,4554
2026-03-04,10:00:00,11.6,11.63,11.57,11.57,9692
2026-03-04,10:30:00,11.57,11.58,11.46,11.46,15752
2026-03-04,11:00:00,11.46,11.46,11.35,11.45,18440
2026-03-04,11:30:00,11.43,11.49,11.43,11.48,13773
2026-03-04,12:00:00,11.49,11.55,11.45,11.55,8781
2026-03-04,12:30:00,11.54,11.62,11.53,11.62,23743
2026-03-04,13:00:00,11.62,11.65,11.56,11.56,14103
2026-03-04,13:30:00,11.56,11.59,11.55,11.56,8998
2026-03-04,14:00:00,11.56,11.6,11.54,11.55,34021
2026-03-04,14:30:00,11.57,11.6,11.53,11.53,5925
2026-03-04,15:00:00,11.53,11.53,11.53,11.53,589
2026-03-05,10:00:00,11.54,11.65,11.54,11.6,23212
2026-03-05,10:30:00,11.63,11.66,11.61,11.64,11989
2026-03-05,11:00:00,11.64,11.67,11.59,11.65,21396
2026-03-05,11:30:00,11.65,11.8,11.65,11.78,38302
2026-03-05,12:00:00,11.79,11.82,11.71,11.74,6991
2026-03-05,12:30:00,11.71,11.77,11.71,11.74,5749
2026-03-05,13:00:00,11.71,11.81,11.71,11.72,16365
2026-03-05,13:30:00,11.72,11.74,11.65,11.65,26252
2026-03-05,14:00:00,11.66,11.72,11.66,11.67,5779
2026-03-05,14:30:00,11.67,11.73,11.67,11.69,11067
2026-03-05,15:00:00,11.77,11.77,11.77,11.77,5001
2026-03-08,10:00:00,11.77,11.83,11.77,11.78,5227
2026-03-08,10:30:00,11.81,11.83,11.75,11.75,18492
2026-03-08,11:00:00,11.75,11.8,11.69,11.76,10056
2026-03-08,11:30:00,11.75,11.85,11.7,11.85,18877
2026-03-08,12:00:00,11.85,11.86,11.8,11.84,9667
2026-03-08,12:30:00,11.84,11.84,11.8,11.8,3927
2026-03-08,13:00:00,11.78,11.85,11.78,11.78,7331
2026-03-08,13:30:00,11.79,11.79,11.74,11.78,7275
2026-03-08,14:00:00,11.79,11.79,11.74,11.76,14629
2026-03-08,14:30:00,11.76,11.8,11.74,11.76,9391
2026-03-08,15:00:00,11.79,11.79,11.79,11.79,1806
2026-03-09,10:00:00,11.79,11.79,11.56,11.77,24918
2026-03-09,10:30:00,11.72,11.74,11.64,11.7,5093
2026-03-09,11:00:00,11.68,11.68,11.56,11.57,10656
2026-03-09,11:30:00,11.6,11.6,11.5,11.59,11766
2026-03-09,12:00:00,11.54,11.56,11.51,11.56,338
2026-03-09,12:30:00,11.54,11.56,11.5,11.55,7231
2026-03-09,13:00:00,11.51,11.56,11.51,11.56,5622
2026-03-09,13:30:00,11.55,11.55,11.48,11.48,35310
2026-03-09,14:00:00,11.49,11.49,11.42,11.46,23160
2026-03-09,14:30:00,11.46,11.48,11.4,11.41,13802
2026-03-09,15:00:00,11.4,11.4,11.4,11.4,5633
2026-03-10,10:00:00,11.39,11.44,11.38,11.38,4898
2026-03-10,10:30:00,11.38,11.4,11.37,11.38,6641
2026-03-10,11:00:00,11.38,11.39,11.35,11.39,13202
2026-03-10,11:30:00,11.39,11.39,11.33,11.37,11266
2026-03-10,12:00:00,11.38,11.4,11.37,11.37,899
2026-03-10,12:30:00,11.38,11.38,11.32,11.33,5728
2026-03-10,13:00:00,11.34,11.35,11.33,11.33,517
2026-03-10,13:30:00,11.35,11.41,11.33,11.38,5640
2026-03-10,14:00:00,11.39,11.42,11.37,11.42,8945
2026-03-10,14:30:00,11.42,11.42,11.38,11.41,3204
2026-03-10,15:00:00,11.41,11.41,11.41,11.41,1877
2026-03-11,10:00:00,11.32,11.41,11.32,11.39,1297
2026-03-11,10:30:00,11.4,11.41,11.38,11.39,1236
2026-03-11,11:00:00,11.4,11.4,11.38,11.4,1838
2026-03-11,11:30:00,11.4,11.42,11.38,11.4,7010
2026-03-11,12:00:00,11.42,11.43,11.41,11.43,2652
2026-03-11,12:30:00,11.42,11.42,11.38,11.4,1453
2026-03-11,13:00:00,11.4,11.41,11.34,11.34,10115
2026-03-11,13:30:00,11.34,11.4,11.34,11.4,4423
2026-03-11,14:00:00,11.36,11.39,11.36,11.36,820
2026-03-11,14:30:00,11.36,11.39,11.3,11.39,17465
2026-03-11,15:00:00,11.39,11.39,11.39,11.39,34
2026-03-12,10:00:00,11.24,11.39,11.24,11.25,13736
2026-03-12,10:30:00,11.25,11.26,11.21,11.26,10978
2026-03-12,11:00:00,11.23,11.25,11.23,11.23,4470
2026-03-12,11:30:00,11.23,11.27,11.22,11.24,11828
2026-03-12,12:00:00,11.26,11.26,11.22,11.25,3704
2026-03-12,12:30:00,11.23,11.23,11.2,11.22,5864
2026-03-12,13:00:00,11.22,11.24,11.22,11.24,2255
2026-03-12,13:30:00,11.22,11.25,11.2,11.2,5554
2026-03-12,14:00:00,11.21,11.22,11.2,11.22,15330
2026-03-12,14:30:00,11.22,11.25,11.2,11.25,9865
2026-03-12,15:00:00,11.2,11.2,11.2,11.2,4111
2026-03-15,10:00:00,11.25,11.34,11.25,11.3,7337
2026-03-15,10:30:00,11.33,11.38,11.32,11.36,2884
2026-03-15,11:00:00,11.32,11.37,11.28,11.3,2811
2026-03-15,11:30:00,11.31,11.32,11.26,11.31,3508
2026-03-15,12:00:00,11.32,11.37,11.3,11.35,2407
2026-03-15,12:30:00,11.35,11.49,11.34,11.48,12685
2026-03-15,13:00:00,11.47,11.99,11.41,11.8,117437
2026-03-15,13:30:00,11.84,11.91,11.54,11.72,69353
2026-03-15,14:00:00,11.71,11.85,11.61,11.76,24478
2026-03-15,14:30:00,11.73,11.76,11.54,11.62,32554
2026-03-15,15:00:00,11.63,11.63,11.63,11.63,3020
2026-03-16,10:00:00,11.8,11.88,11.73,11.83,38944
2026-03-16,10:30:00,11.82,11.92,11.8,11.87,45618
2026-03-16,11:00:00,11.91,11.91,11.82,11.9,16946
2026-03-16,11:30:00,11.87,11.87,11.7,11.81,21995
2026-03-16,12:00:00,11.8,11.8,11.77,11.78,455
2026-03-16,12:30:00,11.79,11.89,11.78,11.83,10858
2026-03-16,13:00:00,11.83,11.89,11.81,11.83,18651
2026-03-16,13:30:00,11.84,11.84,11.81,11.82,9520
2026-03-16,14:00:00,11.82,11.85,11.81,11.83,22307
2026-03-16,14:30:00,11.82,11.82,11.69,11.69,29640
2026-03-16,15:00:00,11.69,11.69,11.69,11.69,1449
2026-03-24,10:00:00,11.64,11.74,11.64,11.7,29270
2026-03-24,10:30:00,11.7,11.72,11.65,11.65,41670
2026-03-24,11:00:00,11.65,11.69,11.65,11.65,2003
2026-03-24,11:30:00,11.68,11.7,11.68,11.7,9836
2026-03-24,12:00:00,11.69,11.72,11.69,11.72,4774
2026-03-24,12:30:00,11.73,11.73,11.66,11.66,6825
2026-03-24,13:00:00,11.66,11.69,11.66,11.69,9469
2026-03-24,13:30:00,11.68,11.69,11.66,11.66,8157
2026-03-24,14:00:00,11.65,11.66,11.61,11.63,9614
2026-03-24,14:30:00,11.61,11.63,11.6,11.63,6949
2026-03-24,15:00:00,11.63,11.63,11.63,11.63,231
2026-03-25,10:00:00,11.64,11.74,11.64,11.73,7695
2026-03-25,10:30:00,11.73,11.73,11.7,11.7,6866
2026-03-25,11:00:00,11.72,11.78,11.71,11.74,13970
2026-03-25,11:30:00,11.77,11.77,11.7,11.73,14310
2026-03-25,12:00:00,11.73,11.73,11.68,11.7,11015
2026-03-25,12:30:00,11.67,11.68,11.55,11.61,27024
2026-03-25,13:00:00,11.62,11.62,11.58,11.59,6819
2026-03-25,13:30:00,11.59,11.66,11.59,11.65,16088
2026-03-25,14:00:00,11.65,11.67,11.64,11.65,33434
2026-03-25,14:30:00,11.65,11.68,11.64,11.65,27367
2026-03-25,15:00:00,11.67,11.67,11.67,11.67,15
2026-03-26,10:00:00,11.67,11.69,11.62,11.66,6292
2026-03-26,10:30:00,11.65,11.66,11.6,11.6,3192
2026-03-26,11:00:00,11.59,11.65,11.59,11.64,5210
2026-03-26,11:30:00,11.65,11.65,11.61,11.65,2540
2026-03-26,12:00:00,11.65,11.65,11.64,11.64,1486
2026-03-26,12:30:00,11.64,11.65,11.61,11.61,8606
2026-03-26,13:00:00,11.62,11.62,11.57,11.59,6885
2026-03-26,13:30:00,11.58,11.6,11.57,11.6,7485
2026-03-26,14:00:00,11.58,11.59,11.57,11.58,10295
2026-03-26,14:30:00,11.58,11.58,11.48,11.5,85360
2026-03-26,15:00:00,11.48,11.48,11.48,11.48,1916
2026-03-29,10:00:00,11.53,11.54,11.48,11.51,14001
2026-03-29,10:30:00,11.51,11.54,11.51,11.54,16821
2026-03-29,11:00:00,11.52,11.54,11.49,11.49,1937
2026-03-29,11:30:00,11.49,11.53,11.49,11.53,1395
2026-03-29,12:00:00,11.53,11.53,11.52,11.53,9017
2026-03-29,12:30:00,11.53,11.53,11.52,11.52,11880
2026-03-29,13:00:00,11.52,11.52,11.5,11.51,6489
2026-03-29,13:30:00,11.52,11.53,11.5,11.5,3538
2026-03-29,14:00:00,11.53,11.53,11.5,11.5,8166
2026-03-29,14:30:00,11.5,11.5,11.48,11.5,2348
2026-03-29,15:00:00,11.5,11.5,11.5,11.5,2
2026-03-30,10:00:00,11.5,11.51,11.43,11.43,8717
2026-03-30,10:30:00,11.43,11.43,11.39,11.4,13842
2026-03-30,11:00:00,11.4,11.4,11.34,11.39,22387
2026-03-30,11:30:00,11.38,11.4,11.35,11.4,3191
2026-03-30,12:00:00,11.4,11.4,11.38,11.38,9641
2026-03-30,12:30:00,11.4,11.42,11.38,11.39,12080
2026-03-30,13:00:00,11.4,11.43,11.39,11.43,531
2026-03-30,13:30:00,11.43,11.43,11.42,11.43,248
2026-03-30,14:00:00,11.43,11.44,11.43,11.44,1287
2026-03-30,14:30:00,11.44,11.47,11.43,11.45,12376
2026-03-30,15:00:00,11.43,11.43,11.43,11.43,283
2026-03-31,10:00:00,11.33,11.63,11.33,11.6,115618
2026-03-31,10:30:00,11.6,11.68,11.55,11.67,47100
2026-03-31,11:00:00,11.67,11.74,11.64,11.74,119221
2026-03-31,11:30:00,11.7,11.9,11.5,11.5,96217
2026-03-31,12:00:00,11.81,11.87,11.78,11.8,55714
2026-03-31,12:30:00,11.8,11.89,11.8,11.87,36474
2026-03-31,13:00:00,11.84,11.87,11.78,11.78,26347
2026-03-31,13:30:00,11.77,11.83,11.77,11.83,45527
2026-03-31,14:00:00,11.81,11.81,11.8,11.8,14906
2026-03-31,14:30:00,11.81,11.85,11.78,11.79,58512
2026-03-31,15:00:00,11.77,11.77,11.77,11.77,5134
2026-04-01,10:00:00,11.76,11.89,11.7,11.86,58345
2026-04-01,10:30:00,11.88,11.94,11.86,11.86,49277
2026-04-01,11:00:00,11.91,11.91,11.84,11.84,16336
2026-04-01,11:30:00,11.86,11.87,11.7,11.7,14214
2026-04-01,12:00:00,11.7,11.76,11.7,11.76,6893
2026-04-01,12:30:00,11.75,11.86,11.75,11.86,29413
2026-04-01,13:00:00,11.86,11.87,11.7,11.8,32367
2026-04-01,13:30:00,11.8,11.84,11.76,11.8,74586
2026-04-01,14:00:00,11.8,11.95,11.8,11.94,112429
2026-04-01,14:30:00,11.93,12.0,11.86,11.97,61732
2026-04-01,15:00:00,11.97,11.97,11.97,11.97,3340
2026-04-02,10:00:00,12.0,12.08,11.98,12.02,65667
2026-04-02,10:30:00,12.02,12.16,12.01,12.16,65122
2026-04-02,11:00:00,12.17,12.17,12.07,12.08,44819
2026-04-02,11:30:00,12.08,12.1,12.07,12.09,23616
2026-04-02,12:00:00,12.09,12.13,12.09,12.12,15746
2026-04-02,12:30:00,12.11,12.11,12.08,12.1,12724
2026-04-02,13:00:00,12.08,12.1,12.07,12.09,13278
2026-04-02,13:30:00,12.09,12.11,12.02,12.1,105352
2026-04-02,14:00:00,12.1,12.18,12.1,12.18,29934
2026-04-02,14:30:00,12.17,12.18,12.09,12.12,32480
2026-04-02,15:00:00,12.11,12.11,12.11,12.11,4973
2026-04-05,10:00:00,12.14,12.3,12.14,12.3,74049
2026-04-05,10:30:00,12.3,12.34,12.24,12.34,48960
2026-04-05,11:00:00,12.35,12.35,12.31,12.34,21608
2026-04-05,11:30:00,12.33,12.36,12.31,12.33,15094
2026-04-05,12:00:00,12.33,12.36,12.31,12.31,28993
2026-04-05,12:30:00,12.34,12.36,12.31,12.36,11136
2026-04-05,13:00:00,12.35,12.4,12.35,12.37,28025
2026-04-05,13:30:00,12.37,12.39,12.28,12.3,68093
2026-04-05,14:00:00,12.27,12.27,12.12,12.18,14617
2026-04-05,14:30:00,12.14,12.18,12.13,12.17,10906
2026-04-05,15:00:00,12.17,12.17,12.17,12.17,5
2026-04-06,10:00:00,12.26,12.26,12.04,12.14,22028
2026-04-06,10:30:00,12.15,12.26,12.03,12.06,20130
2026-04-06,11:00:00,12.07,12.2,11.95,12.06,28099
2026-04-06,11:30:00,12.06,12.06,11.97,11.98,4853
2026-04-06,12:00:00,12.0,12.0,11.92,11.92,8154
2026-04-06,12:30:00,11.91,11.93,11.91,11.93,20309
2026-04-06,13:00:00,11.92,11.95,11.92,11.94,3035
2026-04-06,13:30:00,11.94,11.99,11.94,11.95,2271
2026-04-06,14:00:00,11.98,12.01,11.96,12.0,9161
2026-04-06,14:30:00,11.99,11.99,11.92,11.96,21671
2026-04-06,15:00:00,11.92,11.92,11.92,11.92,6115
2026-04-07,10:00:00,11.91,11.91,11.75,11.8,52644
2026-04-07,10:30:00,11.8,11.8,11.76,11.79,9869
2026-04-07,11:00:00,11.79,11.79,11.7,11.71,27795
2026-04-07,11:30:00,11.71,11.73,11.7,11.71,7506
2026-04-07,12:00:00,11.71,11.73,11.7,11.7,6280
2026-04-07,12:30:00,11.7,11.73,11.65,11.65,17568
2026-04-07,13:00:00,11.68,11.68,11.61,11.64,12239
2026-04-07,13:30:00,11.65,11.67,11.59,11.63,19279
2026-04-07,14:00:00,11.6,11.68,11.57,11.64,19958
2026-04-07,14:30:00,11.64,11.65,11.57,11.59,19988
2026-04-07,15:00:00,11.52,11.52,11.52,11.52,8246
2026-04-08,10:00:00,11.69,11.9,11.69,11.8,34723
2026-04-08,10:30:00,11.79,11.89,11.78,11.87,6416
2026-04-08,11:00:00,11.85,11.9,11.83,11.87,14306
2026-04-08,11:30:00,11.88,11.88,11.84,11.87,13244
2026-04-08,12:00:00,11.87,11.92,11.82,11.88,17858
2026-04-08,12:30:00,11.9,11.97,11.9,11.94,9842
2026-04-08,13:00:00,11.96,11.96,11.89,11.9,11394
2026-04-08,13:30:00,11.9,11.94,11.89,11.9,20967
2026-04-08,14:00:00,11.89,11.91,11.89,11.9,3707
2026-04-08,14:30:00,11.89,11.92,11.89,11.91,2167
2026-04-08,15:00:00,11.87,11.87,11.87,11.87,6470
2026-04-09,10:00:00,11.91,11.91,11.82,11.82,2151
2026-04-09,10:30:00,11.86,11.86,11.74,11.77,4201
2026-04-09,11:00:00,11.81,11.92,11.81,11.85,27017
2026-04-09,11:30:00,11.82,11.84,11.8,11.81,5490
2026-04-09,12:00:00,11.8,11.8,11.74,11.74,14657
2026-04-09,12:30:00,11.74,11.83,11.71,11.71,7405
2026-04-09,13:00:00,11.75,11.79,11.71,11.71,3283
2026-04-09,13:30:00,11.71,11.74,11.7,11.7,10054
2026-04-09,14:00:00,11.74,11.74,11.69,11.69,4752
2026-04-09,14:30:00,11.69,11.71,11.66,11.68,10659
2026-04-09,15:00:00,11.7,11.7,11.7,11.7,10780
2026-04-12,10:00:00,11.51,11.7,11.51,11.66,8015
2026-04-12,10:30:00,11.68,11.74,11.68,11.74,13919
2026-04-12,11:00:00,11.74,11.74,11.7,11.7,4059
2026-04-12,11:30:00,11.7,11.72,11.7,11.7,4015
2026-04-12,12:00:00,11.7,11.72,11.7,11.72,2712
2026-04-12,12:30:00,11.7,11.72,11.69,11.72,920
2026-04-12,13:00:00,11.69,11.71,11.61,11.61,7200
2026-04-12,13:30:00,11.69,11.7,11.67,11.7,1284
2026-04-12,14:00:00,11.7,11.7,11.66,11.68,5129
2026-04-12,14:30:00,11.68,11.7,11.68,11.7,2154
2026-04-12,15:00:00,11.68,11.68,11.68,11.68,1444
2026-04-13,10:00:00,11.68,11.68,11.62,11.63,3998
2026-04-13,10:30:00,11.64,11.7,11.63,11.7,4183
2026-04-13,11:00:00,11.71,11.71,11.65,11.69,4335
2026-04-13,11:30:00,11.66,11.69,11.65,11.65,50
2026-04-13,12:00:00,11.68,11.68,11.61,11.65,2013
2026-04-13,12:30:00,11.65,11.65,11.6,11.63,12568
2026-04-13,13:00:00,11.62,11.65,11.62,11.64,2357
2026-04-13,13:30:00,11.65,11.65,11.65,11.65,1084
2026-04-13,14:00:00,11.64,11.65,11.64,11.65,2152
2026-04-13,14:30:00,11.64,11.72,11.64,11.72,35947
2026-04-13,15:00:00,11.72,11.72,11.72,11.72,1220
2026-04-14,10:00:00,11.71,11.79,11.6,11.76,26462
2026-04-14,10:30:00,11.79,11.8,11.77,11.77,4627
2026-04-14,11:00:00,11.76,11.77,11.75,11.77,733
2026-04-14,11:30:00,11.77,11.77,11.73,11.73,2686
2026-04-14,12:00:00,11.73,11.74,11.73,11.74,820
2026-04-14,12:30:00,11.77,11.77,11.73,11.73,1482
2026-04-14,13:00:00,11.73,11.74,11.73,11.73,7723
2026-04-14,13:30:00,11.73,11.73,11.7,11.72,7745
2026-04-14,14:00:00,11.72,11.73,11.71,11.71,5846
2026-04-14,14:30:00,11.73,11.73,11.68,11.69,8586
2026-04-14,15:00:00,11.65,11.65,11.65,11.65,9732
2026-04-15,10:00:00,11.71,11.8,11.71,11.79,8749
2026-04-15,10:30:00,11.79,11.8,11.77,11.79,4966
2026-04-15,11:00:00,11.8,11.8,11.78,11.79,6571
2026-04-15,11:30:00,11.79,11.79,11.75,11.75,8510
2026-04-15,12:00:00,11.75,11.77,11.74,11.77,5620
2026-04-15,12:30:00,11.75,11.77,11.74,11.77,5657
2026-04-15,13:00:00,11.77,11.77,11.76,11.77,1785
2026-04-15,13:30:00,11.76,11.79,11.76,11.78,8981
2026-04-15,14:00:00,11.8,11.82,11.77,11.8,10227
2026-04-15,14:30:00,11.81,11.81,11.75,11.79,14930
2026-04-15,15:00:00,11.79,11.79,11.79,11.79,300
2026-04-16,10:00:00,11.79,11.88,11.75,11.84,14923
2026-04-16,10:30:00,11.84,11.86,11.78,11.86,27845
2026-04-16,11:00:00,11.84,11.84,11.78,11.78,13642
2026-04-16,11:30:00,11.77,11.77,11.74,11.75,17030
2026-04-16,12:00:00,11.75,11.75,11.7,11.73,26260
2026-04-16,12:30:00,11.75,11.75,11.71,11.73,13002
2026-04-16,13:00:00,11.73,11.73,11.71,11.71,5389
2026-04-16,13:30:00,11.71,11.72,11.69,11.72,17084
2026-04-16,14:00:00,11.72,11.73,11.7,11.71,8810
2026-04-16,14:30:00,11.71,11.75,11.7,11.71,17814
2026-04-16,15:00:00,11.7,11.7,11.7,11.7,6887
2026-04-19,10:00:00,11.71,11.81,11.71,11.81,18456
2026-04-19,10:30:00,11.81,11.81,11.78,11.78,5417
2026-04-19,11:00:00,11.8,11.8,11.77,11.8,9523
2026-04-19,11:30:00,11.81,11.84,11.8,11.8,9604
2026-04-19,12:00:00,11.8,11.8,11.79,11.79,11048
2026-04-19,12:30:00,11.79,11.79,11.75,11.76,13956
2026-04-19,13:00:00,11.76,11.76,11.72,11.72,21077
2026-04-19,13:30:00,11.73,11.74,11.73,11.73,2531
2026-04-19,14:00:00,11.73,11.78,11.73,11.73,3987
2026-04-19,14:30:00,11.73,11.77,11.73,11.77,2063
2026-04-19,15:00:00,11.75,11.75,11.75,11.75,58
2026-04-20,10:00:00,11.75,11.77,11.67,11.68,4813
2026-04-20,10:30:00,11.7,11.71,11.68,11.68,3092
2026-04-20,11:00:00,11.69,11.73,11.68,11.71,9681
2026-04-20,11:30:00,11.71,11.71,11.67,11.7,3297
2026-04-20,12:00:00,11.68,11.7,11.67,11.68,2837
2026-04-20,12:30:00,11.67,11.67,11.65,11.67,2864
2026-04-20,13:00:00,11.68,11.68,11.65,11.65,2726
2026-04-20,13:30:00,11.67,11.67,11.6,11.62,34774
2026-04-20,14:00:00,11.62,11.64,11.59,11.59,12837
2026-04-20,14:30:00,11.6,11.6,11.59,11.6,2008
2026-04-20,15:00:00,11.58,11.58,11.58,11.58,334
2026-04-21,10:00:00,11.65,11.65,11.6,11.61,13705
2026-04-21,10:30:00,11.6,11.6,11.57,11.59,7618
2026-04-21,11:00:00,11.58,11.6,11.57,11.6,3086
2026-04-21,11:30:00,11.59,11.6,11.58,11.6,5095
2026-04-21,12:00:00,11.6,11.6,11.57,11.57,3178
2026-04-21,12:30:00,11.57,11.6,11.57,11.6,14182
2026-04-21,13:00:00,11.6,11.6,11.57,11.6,2872
2026-04-21,13:30:00,11.58,11.59,11.56,11.56,864
2026-04-21,14:00:00,11.58,11.58,11.5,11.5,47362
2026-04-21,14:30:00,11.54,11.54,11.49,11.53,6680
2026-04-21,15:00:00,11.52,11.52,11.52,11.52,1109
2026-04-22,10:00:00,11.52,11.58,11.52,11.56,7038
2026-04-22,10:30:00,11.56,11.57,11.56,11.56,3046
2026-04-22,11:00:00,11.55,11.55,11.54,11.55,1794
2026-04-22,11:30:00,11.55,11.55,11.48,11.48,17514
2026-04-22,12:00:00,11.5,11.52,11.48,11.49,4738
2026-04-22,12:30:00,11.49,11.51,11.48,11.48,5752
2026-04-22,13:00:00,11.48,11.48,11.44,11.45,23942
2026-04-22,13:30:00,11.47,11.5,11.47,11.5,5988
2026-04-22,14:00:00,11.49,11.51,11.49,11.49,9505
2026-04-22,14:30:00,11.47,11.5,11.46,11.5,3485
2026-04-22,15:00:00,11.48,11.48,11.48,11.48,1041
2026-04-23,10:00:00,11.43,11.48,11.43,11.48,2718
2026-04-23,10:30:00,11.5,11.56,11.47,11.55,29984
2026-04-23,11:00:00,11.55,11.8,11.55,11.8,170625
2026-04-23,11:30:00,11.79,11.8,11.59,11.61,27088
2026-04-23,12:00:00,11.61,11.63,11.58,11.6,25924
2026-04-23,12:30:00,11.6,11.72,11.55,11.72,158553
2026-04-23,13:00:00,11.7,11.72,11.56,11.57,14361
2026-04-23,13:30:00,11.59,11.64,11.55,11.58,11735
2026-04-23,14:00:00,11.56,11.58,11.55,11.55,2331
2026-04-23,14:30:00,11.55,11.67,11.55,11.6,79067
2026-04-23,15:00:00,11.6,11.6,11.6,11.6,4472
2026-04-26,10:00:00,11.6,11.64,11.56,11.56,8491
2026-04-26,10:30:00,11.58,11.6,11.56,11.58,5581
2026-04-26,11:00:00,11.58,11.58,11.5,11.5,20575
2026-04-26,11:30:00,11.52,11.52,11.49,11.49,10762
2026-04-26,12:00:00,11.49,11.54,11.49,11.54,33823
2026-04-26,12:30:00,11.54,11.54,11.5,11.5,18334
2026-04-26,13:00:00,11.5,11.54,11.5,11.5,8767
2026-04-26,13:30:00,11.5,11.53,11.49,11.53,3899
2026-04-26,14:00:00,11.53,11.53,11.49,11.52,5036
2026-04-26,14:30:00,11.51,11.52,11.48,11.49,5407
2026-04-26,15:00:00,11.47,11.47,11.47,11.47,2812
2026-04-27,10:00:00,11.43,11.52,11.43,11.47,5805
2026-04-27,10:30:00,11.48,11.51,11.45,11.46,6221
2026-04-27,11:00:00,11.46,11.46,11.45,11.46,14273
2026-04-27,11:30:00,11.47,11.49,11.43,11.46,33061
2026-04-27,12:00:00,11.44,11.46,11.4,11.42,32448
2026-04-27,12:30:00,11.42,11.44,11.39,11.4,31846
2026-04-27,13:00:00,11.42,11.45,11.4,11.45,10108
2026-04-27,13:30:00,11.41,11.45,11.39,11.45,25758
2026-04-27,14:00:00,11.44,11.44,11.4,11.4,22867
2026-04-27,14:30:00,11.4,11.41,11.31,11.35,101678
2026-04-27,15:00:00,11.35,11.35,11.35,11.35,7585
2026-04-28,10:00:00,11.34,11.41,11.3,11.41,34156
2026-04-28,10:30:00,11.36,11.39,11.36,11.36,8577
2026-04-28,11:00:00,11.37,11.41,11.34,11.35,20952
2026-04-28,11:30:00,11.37,11.37,11.34,11.36,14248
2026-04-28,12:00:00,11.36,11.36,11.3,11.33,45270
2026-04-28,12:30:00,11.33,11.33,11.28,11.32,11664
2026-04-28,13:00:00,11.32,11.32,11.31,11.32,1836
2026-04-28,13:30:00,11.31,11.32,11.31,11.32,7171
2026-04-28,14:00:00,11.31,11.32,11.29,11.31,9635
2026-04-28,14:30:00,11.31,11.31,11.28,11.28,16727
2026-04-28,15:00:00,11.25,11.25,11.25,11.25,11455
2026-04-29,10:00:00,11.26,11.31,11.25,11.29,11267
2026-04-29,10:30:00,11.3,11.31,11.27,11.28,5359
2026-04-29,11:00:00,11.27,11.3,11.27,11.3,6269
2026-04-29,11:30:00,11.29,11.32,11.29,11.3,510
2026-04-29,12:00:00,11.29,11.31,11.27,11.3,9988
2026-04-29,12:30:00,11.29,11.33,11.29,11.33,17790
2026-04-29,13:00:00,11.33,11.35,11.3,11.34,25604
2026-04-29,13:30:00,11.34,11.35,11.3,11.35,18493
2026-04-29,14:00:00,11.35,11.4,11.33,11.36,20709
2026-04-29,14:30:00,11.36,11.37,11.32,11.33,12134
2026-04-29,15:00:00,11.34,11.34,11.34,11.34,1054
2026-04-30,10:00:00,11.36,11.43,11.32,11.4,40423
2026-04-30,10:30:00,11.38,11.44,11.36,11.4,28891
2026-04-30,11:00:00,11.39,11.42,11.38,11.4,6729
2026-04-30,11:30:00,11.4,11.4,11.38,11.38,1584
2026-04-30,12:00:00,11.4,11.4,11.38,11.38,4006
2026-04-30,12:30:00,11.38,11.39,11.38,11.38,5149
2026-04-30,13:00:00,11.37,11.38,11.33,11.34,16634
2026-04-30,13:30:00,11.34,11.37,11.33,11.35,9943
2026-04-30,14:00:00,11.35,11.39,11.34,11.36,5883
2026-04-30,14:30:00,11.36,11.38,11.32,11.36,28627
2026-04-30,15:00:00,11.33,11.33,11.33,11.33,1202
2026-05-03,10:00:00,11.34,11.41,11.34,11.4,30318
2026-05-03,10:30:00,11.4,11.45,11.37,11.44,32313
2026-05-03,11:00:00,11.44,11.44,11.41,11.41,9384
2026-05-03,11:30:00,11.42,11.5,11.42,11.48,40099
2026-05-03,12:00:00,11.48,11.67,11.45,11.66,157514
2026-05-03,12:30:00,11.66,11.74,11.64,11.67,170056
2026-05-03,13:00:00,11.67,11.67,11.55,11.57,15600
2026-05-03,13:30:00,11.59,11.59,11.56,11.57,9822
2026-05-03,14:00:00,11.57,11.58,11.5,11.5,23869
2026-05-03,14:30:00,11.55,11.57,11.5,11.55,14070
2026-05-03,15:00:00,11.55,11.55,11.55,11.55,792
2026-05-04,10:00:00,11.59,11.6,11.53,11.6,10275
2026-05-04,10:30:00,11.58,11.6,11.55,11.58,21027
2026-05-04,11:00:00,11.61,11.63,11.58,11.6,6879
2026-05-04,11:30:00,11.61,11.62,11.53,11.6,11449
2026-05-04,12:00:00,11.57,11.61,11.56,11.6,10465
2026-05-04,12:30:00,11.6,11.69,11.59,11.65,55680
2026-05-04,13:00:00,11.65,11.66,11.63,11.65,6086
2026-05-04,13:30:00,11.65,11.65,11.53,11.59,23556
2026-05-04,14:00:00,11.61,11.62,11.57,11.57,5146
2026-05-04,14:30:00,11.57,11.59,11.52,11.56,23428
2026-05-04,15:00:00,11.54,11.54,11.54,11.54,1014
2026-05-05,10:00:00,11.54,11.54,11.41,11.44,13682
2026-05-05,10:30:00,11.41,11.42,11.38,11.39,11398
2026-05-05,11:00:00,11.4,11.42,11.4,11.42,8303
2026-05-05,11:30:00,11.42,11.42,11.4,11.4,9959
2026-05-05,12:00:00,11.42,11.42,11.39,11.4,8309
2026-05-05,12:30:00,11.38,11.4,11.38,11.4,1159
2026-05-05,13:00:00,11.41,11.41,11.38,11.39,1374
2026-05-05,13:30:00,11.41,11.41,11.39,11.39,3494
2026-05-05,14:00:00,11.4,11.4,11.37,11.38,3618
2026-05-05,14:30:00,11.38,11.41,11.38,11.39,9889
2026-05-05,15:00:00,11.39,11.39,11.39,11.39,2640
2026-05-06,10:00:00,11.38,11.47,11.38,11.42,11451
2026-05-06,10:30:00,11.42,11.45,11.41,11.45,12043
2026-05-06,11:00:00,11.45,11.45,11.38,11.45,13344
2026-05-06,11:30:00,11.45,11.45,11.42,11.42,407
2026-05-06,12:00:00,11.43,11.45,11.41,11.43,258
2026-05-06,12:30:00,11.41,11.43,11.38,11.39,29578
2026-05-06,13:00:00,11.38,11.39,11.34,11.39,20916
2026-05-06,13:30:00,11.39,11.39,11.36,11.39,6190
2026-05-06,14:00:00,11.38,11.39,11.34,11.34,10705
2026-05-06,14:30:00,11.34,11.36,11.34,11.36,3106
2026-05-06,15:00:00,11.36,11.36,11.36,11.36,1531
2026-05-07,10:00:00,11.36,11.36,11.3,11.32,16086
2026-05-07,10:30:00,11.32,11.34,11.27,11.3,28790
2026-05-07,11:00:00,11.3,11.32,11.29,11.3,9088
2026-05-07,11:30:00,11.3,11.32,11.21,11.29,65323
2026-05-07,12:00:00,11.28,11.3,11.24,11.25,24832
2026-05-07,12:30:00,11.26,11.28,11.22,11.24,16771
2026-05-07,13:00:00,11.23,11.31,11.23,11.3,45384
2026-05-07,13:30:00,11.29,11.3,11.28,11.29,3167
2026-05-07,14:00:00,11.29,11.31,11.29,11.3,5071
2026-05-07,14:30:00,11.31,11.38,11.29,11.32,36873
2026-05-07,15:00:00,11.31,11.31,11.31,11.31,206
2026-05-10,10:00:00,11.23,11.31,11.23,11.27,12607
2026-05-10,10:30:00,11.27,11.28,11.25,11.28,15351
2026-05-10,11:00:00,11.27,11.28,11.24,11.27,7321
2026-05-10,11:30:00,11.28,11.3,11.27,11.28,17621
2026-05-10,12:00:00,11.29,11.3,11.28,11.3,927
2026-05-10,12:30:00,11.29,11.33,11.29,11.33,4478
2026-05-10,13:00:00,11.33,11.35,11.3,11.33,8792
2026-05-10,13:30:00,11.31,11.33,11.29,11.29,17077
2026-05-10,14:00:00,11.33,11.33,11.29,11.3,11520
2026-05-10,14:30:00,11.29,11.29,11.27,11.27,6939
2026-05-10,15:00:00,11.31,11.31,11.31,11.31,17
2026-05-11,10:00:00,11.31,11.31,11.27,11.3,4880
2026-05-11,10:30:00,11.33,11.33,11.3,11.31,16529
2026-05-11,11:00:00,11.33,11.43,11.33,11.41,37753
2026-05-11,11:30:00,11.4,11.43,11.38,11.42,22091
2026-05-11,12:00:00,11.43,11.47,11.41,11.47,23447
2026-05-11,12:30:00,11.47,11.58,11.46,11.57,102505
2026-05-11,13:00:00,11.57,11.58,11.45,11.5,22838
2026-05-11,13:30:00,11.51,11.51,11.48,11.5,21645
2026-05-11,14:00:00,11.48,11.5,11.48,11.5,11754
2026-05-11,14:30:00,11.5,11.54,11.48,11.54,12130
2026-05-11,15:00:00,11.49,11.49,11.49,11.49,4448
2026-05-12,10:00:00,11.49,11.49,11.34,11.34,18990
2026-05-12,10:30:00,11.35,11.35,11.32,11.35,7170
2026-05-12,11:00:00,11.36,11.37,11.31,11.33,7897
2026-05-12,11:30:00,11.33,11.34,11.31,11.34,12028
2026-05-12,12:00:00,11.34,11.37,11.32,11.37,2357
2026-05-12,12:30:00,11.36,11.36,11.34,11.34,2043
2026-05-12,13:00:00,11.34,11.36,11.33,11.36,6500
2026-05-12,13:30:00,11.34,11.37,11.33,11.33,7652
2026-05-12,14:00:00,11.33,11.34,11.25,11.25,88866
2026-05-12,14:30:00,11.25,11.3,11.2,11.27,158272
2026-05-12,15:00:00,11.22,11.22,11.22,11.22,1275
2026-05-13,10:00:00,11.28,11.28,11.24,11.24,5154
2026-05-13,10:30:00,11.27,11.27,11.2,11.2,25899
2026-05-13,11:00:00,11.21,11.24,11.2,11.23,4318
2026-05-13,11:30:00,11.23,11.26,11.2,11.22,16051
2026-05-13,12:00:00,11.2,11.25,11.2,11.25,21891
2026-05-13,12:30:00,11.23,11.23,11.2,11.2,60200
2026-05-13,13:00:00,11.2,11.23,11.18,11.19,19736
2026-05-13,13:30:00,11.19,11.22,11.19,11.21,3686
2026-05-13,14:00:00,11.21,11.21,11.2,11.21,1789
2026-05-13,14:30:00,11.21,11.24,11.19,11.19,7902
2026-05-13,15:00:00,11.45,11.45,11.45,11.45,14553
2026-05-14,10:00:00,11.27,11.28,11.21,11.25,11009
2026-05-14,10:30:00,11.26,11.3,11.26,11.3,7735
2026-05-14,11:00:00,11.28,11.3,11.28,11.28,6759
2026-05-14,11:30:00,11.27,11.3,11.25,11.29,21885
2026-05-14,12:00:00,11.26,11.29,11.26,11.28,4209
2026-05-14,12:30:00,11.27,11.27,11.25,11.25,6489
2026-05-14,13:00:00,11.26,11.26,11.24,11.24,10108
2026-05-14,13:30:00,11.24,11.24,11.23,11.23,6647
2026-05-14,14:00:00,11.23,11.23,11.2,11.21,19128
2026-05-14,14:30:00,11.21,11.24,11.2,11.24,14861
2026-05-14,15:00:00,11.23,11.23,11.23,11.23,3547
2026-05-17,10:00:00,11.23,11.24,11.18,11.24,18750
2026-05-17,10:30:00,11.27,11.3,11.26,11.3,7963
2026-05-17,11:00:00,11.3,11.32,11.25,11.28,39160
2026-05-17,11:30:00,11.24,11.25,11.23,11.25,1793
2026-05-17,12:00:00,11.25,11.28,11.24,11.27,1461
2026-05-17,12:30:00,11.26,11.5,11.26,11.49,149934
2026-05-17,13:00:00,11.49,11.57,11.49,11.53,75041
2026-05-17,13:30:00,11.53,11.55,11.52,11.54,35207
2026-05-17,14:00:00,11.53,11.53,11.48,11.48,66566
2026-05-17,14:30:00,11.47,11.47,11.41,11.42,11724
2026-05-17,15:00:00,11.42,11.42,11.42,11.42,3798
2026-05-18,10:00:00,11.42,11.42,11.25,11.38,28259
2026-05-18,10:30:00,11.37,11.4,11.37,11.37,6438
2026-05-18,11:00:00,11.37,11.39,11.34,11.34,8941
2026-05-18,11:30:00,11.38,11.38,11.33,11.33,6269
2026-05-18,12:00:00,11.34,11.38,11.3,11.36,5165
2026-05-18,12:30:00,11.36,11.36,11.35,11.36,6762
2026-05-18,13:00:00,11.36,11.36,11.33,11.34,1760
2026-05-18,13:30:00,11.34,11.34,11.33,11.33,1649
2026-05-18,14:00:00,11.35,11.38,11.33,11.37,5771
2026-05-18,14:30:00,11.37,11.39,11.3,11.34,6730
2026-05-18,15:00:00,11.34,11.34,11.34,11.34,542
2026-05-19,10:00:00,11.29,11.38,11.29,11.38,991
2026-05-19,10:30:00,11.37,11.37,11.25,11.36,8736
2026-05-19,11:00:00,11.34,11.37,11.34,11.34,2503
2026-05-19,11:30:00,11.34,11.34,11.32,11.32,780
2026-05-19,12:00:00,11.32,11.38,11.32,11.38,8483
2026-05-19,12:30:00,11.37,11.37,11.3,11.34,11493
2026-05-19,13:00:00,11.35,11.37,11.34,11.37,5563
2026-05-19,13:30:00,11.34,11.36,11.33,11.34,2419
2026-05-19,14:00:00,11.36,11.36,11.32,11.34,1542
2026-05-19,14:30:00,11.34,11.35,11.3,11.34,6812
2026-05-19,15:00:00,11.34,11.34,11.34,11.34,6
2026-05-20,10:00:00,11.3,11.33,11.28,11.28,408
2026-05-20,10:30:00,11.29,11.31,11.28,11.31,705
2026-05-20,11:00:00,11.32,11.32,11.25,11.29,45812
2026-05-20,11:30:00,11.29,11.29,11.22,11.28,11927
2026-05-20,12:00:00,11.27,11.27,11.25,11.25,2616
2026-05-20,12:30:00,11.27,11.27,11.25,11.25,1002
2026-05-20,13:00:00,11.26,11.26,11.2,11.2,33272
2026-05-20,13:30:00,11.25,11.3,11.23,11.27,16698
2026-05-20,14:00:00,11.29,11.29,11.27,11.28,2207
2026-05-20,14:30:00,11.29,11.31,11.27,11.31,24536
2026-05-20,15:00:00,11.32,11.32,11.32,11.32,3284
2026-05-21,10:00:00,11.33,11.33,11.28,11.32,2191
2026-05-21,10:30:00,11.31,11.35,11.31,11.35,11537
2026-05-21,11:00:00,11.33,11.35,11.32,11.34,2680
2026-05-21,11:30:00,11.33,11.33,11.27,11.28,457
2026-05-21,12:00:00,11.29,11.32,11.29,11.32,1768
2026-05-21,12:30:00,11.32,11.32,11.28,11.28,2232
2026-05-21,13:00:00,11.27,11.3,11.27,11.29,2500
2026-05-21,13:30:00,11.29,11.32,11.28,11.32,3002
2026-05-21,14:00:00,11.32,11.32,11.28,11.28,13787
2026-05-21,14:30:00,11.28,11.28,11.2,11.23,25166
2026-05-21,15:00:00,11.23,11.23,11.23,11.23,5355
2026-05-31,10:00:00,11.06,11.23,11.06,11.22,16761
2026-05-31,10:30:00,11.22,11.3,11.22,11.3,5259
2026-05-31,11:00:00,11.31,11.33,11.28,11.3,1396
2026-05-31,11:30:00,11.3,11.3,11.29,11.3,1513
2026-05-31,12:00:00,11.3,11.3,11.24,11.28,3538
2026-05-31,12:30:00,11.29,11.29,11.28,11.28,146
2026-05-31,13:00:00,11.28,11.28,11.26,11.26,383
2026-05-31,13:30:00,11.27,11.28,11.26,11.28,1768
2026-05-31,14:00:00,11.29,11.3,11.29,11.3,1467
2026-05-31,14:30:00,11.28,11.3,11.28,11.28,1727
2026-05-31,15:00:00,11.27,11.27,11.27,11.27,183
2026-06-01,10:00:00,11.24,11.42,11.24,11.4,8397
2026-06-01,10:30:00,11.41,11.46,11.38,11.41,19399
2026-06-01,11:00:00,11.43,11.49,11.41,11.42,11276
2026-06-01,11:30:00,11.42,11.42,11.35,11.35,65758
2026-06-01,12:00:00,11.34,11.35,11.33,11.35,2206
2026-06-01,12:30:00,11.35,11.35,11.31,11.32,3112
2026-06-01,13:00:00,11.32,11.37,11.32,11.33,3039
2026-06-01,13:30:00,11.36,11.39,11.34,11.38,11011
2026-06-01,14:00:00,11.39,11.4,11.37,11.39,25980
2026-06-01,14:30:00,11.37,11.39,11.37,11.37,7171
2026-06-01,15:00:00,11.38,11.38,11.38,11.38,1405
2026-06-02,10:00:00,11.39,11.42,11.31,11.4,20829
2026-06-02,10:30:00,11.41,11.42,11.37,11.37,8319
2026-06-02,11:00:00,11.4,11.42,11.37,11.37,13951
2026-06-02,11:30:00,11.4,11.4,11.32,11.37,12416
2026-06-02,12:00:00,11.33,11.37,11.33,11.34,494
2026-06-02,12:30:00,11.37,11.37,11.34,11.34,8224
2026-06-02,13:00:00,11.34,11.38,11.34,11.35,5272
2026-06-02,13:30:00,11.35,11.35,11.32,11.35,6695
2026-06-02,14:00:00,11.35,11.38,11.35,11.38,24185
2026-06-02,14:30:00,11.38,11.42,11.38,11.41,38164
2026-06-02,15:00:00,11.41,11.41,11.41,11.41,13
2026-06-03,10:00:00,11.42,11.42,11.31,11.41,4545
2026-06-03,10:30:00,11.4,11.41,11.36,11.37,12442
2026-06-03,11:00:00,11.39,11.4,11.36,11.4,10150
2026-06-03,11:30:00,11.37,11.4,11.36,11.36,415
2026-06-03,12:00:00,11.35,11.4,11.35,11.37,4607
2026-06-03,12:30:00,11.37,11.43,11.36,11.36,19246
2026-06-03,13:00:00,11.35,11.41,11.32,11.39,27291
2026-06-03,13:30:00,11.35,11.35,11.35,11.35,1010
2026-06-03,14:00:00,11.39,11.39,11.36,11.36,196
2026-06-03,14:30:00,11.36,11.38,11.35,11.38,5530
2026-06-03,15:00:00,11.38,11.38,11.38,11.38,10
2026-06-04,10:00:00,11.4,11.4,11.32,11.33,1714
2026-06-04,10:30:00,11.35,11.35,11.32,11.34,2134
2026-06-04,11:00:00,11.33,11.34,11.32,11.33,7741
2026-06-04,11:30:00,11.32,11.33,11.32,11.32,4176
2026-06-04,12:00:00,11.33,11.34,11.33,11.33,2658
2026-06-04,12:30:00,11.34,11.34,11.32,11.32,2590
2026-06-04,13:00:00,11.32,11.33,11.32,11.33,5197
2026-06-04,13:30:00,11.32,11.33,11.32,11.32,14373
2026-06-04,14:00:00,11.32,11.33,11.32,11.32,26018
2026-06-04,14:30:00,11.32,11.32,11.29,11.32,17216
2026-06-04,15:00:00,11.32,11.32,11.32,11.32,1672
2026-06-07,10:00:00,11.22,11.3,11.22,11.29,4212
2026-06-07,10:30:00,11.24,11.28,11.24,11.24,4920
2026-06-07,11:00:00,11.26,11.28,11.26,11.28,2247
2026-06-07,11:30:00,11.27,11.29,11.25,11.28,1466
2026-06-07,12:00:00,11.27,11.29,11.24,11.24,16184
2026-06-07,12:30:00,11.24,11.24,11.23,11.23,1631
2026-06-07,13:00:00,11.24,11.24,11.23,11.23,5206
2026-06-07,13:30:00,11.23,11.24,11.01,11.12,113240
2026-06-07,14:00:00,11.16,11.17,11.1,11.12,19422
2026-06-07,14:30:00,11.12,11.15,11.06,11.15,23531
2026-06-07,15:00:00,11.15,11.15,11.15,11.15,31
2026-06-08,10:00:00,11.15,11.15,11.06,11.07,20964
2026-06-08,10:30:00,11.07,11.09,10.9,11.0,64232
2026-06-08,11:00:00,11.0,11.03,10.96,10.99,12955
2026-06-08,11:30:00,10.99,11.0,10.96,10.98,11270
2026-06-08,12:00:00,10.97,10.98,10.94,10.95,6743
2026-06-08,12:30:00,10.95,10.96,10.94,10.95,11152
2026-06-08,13:00:00,10.95,10.96,10.94,10.96,15061
2026-06-08,13:30:00,10.97,10.99,10.96,10.98,7208
2026-06-08,14:00:00,10.98,11.0,10.97,11.0,3711
2026-06-08,14:30:00,11.0,11.01,10.97,10.99,5824
2026-06-08,15:00:00,10.99,10.99,10.99,10.99,752
2026-06-09,10:00:00,11.0,11.14,11.0,11.13,38545
2026-06-09,10:30:00,11.16,11.18,11.12,11.12,4286
2026-06-09,11:00:00,11.11,11.14,11.1,11.1,8471
2026-06-09,11:30:00,11.1,11.14,11.1,11.13,3403
2026-06-09,12:00:00,11.15,11.15,11.12,11.13,4806
2026-06-09,12:30:00,11.12,11.14,11.09,11.13,23878
2026-06-09,13:00:00,11.12,11.13,11.11,11.13,3752
2026-06-09,13:30:00,11.11,11.13,11.11,11.12,8592
2026-06-09,14:00:00,11.13,11.14,11.11,11.12,13902
2026-06-09,14:30:00,11.14,11.15,11.11,11.14,11762
2026-06-09,15:00:00,11.14,11.14,11.14,11.14,364
2026-06-10,10:00:00,11.16,11.16,11.09,11.13,7305
2026-06-10,10:30:00,11.13,11.13,11.1,11.12,3494
2026-06-10,11:00:00,11.12,11.12,11.11,11.11,922
2026-06-10,11:30:00,11.11,11.11,11.09,11.1,2974
2026-06-10,12:00:00,11.09,11.1,11.08,11.08,2958
2026-06-10,12:30:00,11.08,11.1,11.01,11.1,5534
2026-06-10,13:00:00,11.09,11.09,11.06,11.09,2324
2026-06-10,13:30:00,11.1,11.11,11.1,11.11,3626
2026-06-10,14:00:00,11.1,11.12,11.08,11.11,5717
2026-06-10,14:30:00,11.09,11.12,11.09,11.12,11499
2026-06-10,15:00:00,11.12,11.12,11.12,11.12,600
2026-06-11,10:00:00,11.13,11.13,11.06,11.12,4269
2026-06-11,10:30:00,11.08,11.11,11.08,11.11,4108
2026-06-11,11:00:00,11.08,11.13,11.08,11.13,2580
2026-06-11,11:30:00,11.09,11.13,11.09,11.1,2917
2026-06-11,12:00:00,11.1,11.15,11.1,11.15,6954
2026-06-11,12:30:00,11.11,11.14,11.1,11.14,421
2026-06-11,13:00:00,11.12,11.14,11.12,11.12,2870
2026-06-11,13:30:00,11.14,11.14,11.08,11.08,10312
2026-06-11,14:00:00,11.11,11.11,11.08,11.1,5842
2026-06-11,14:30:00,11.09,11.14,11.09,11.14,5313
2026-06-11,15:00:00,11.14,11.14,11.14,11.14,7298
2026-06-14,10:00:00,11.14,11.26,11.12,11.25,16542
2026-06-14,10:30:00,11.22,11.23,11.17,11.22,22700
2026-06-14,11:00:00,11.18,11.22,11.16,11.16,6473
2026-06-14,11:30:00,11.18,11.2,11.16,11.16,8880
2026-06-14,12:00:00,11.16,11.16,11.15,11.16,7928
2026-06-14,12:30:00,11.16,11.16,11.14,11.16,1167
2026-06-14,13:00:00,11.15,11.19,11.13,11.14,12297
2026-06-14,13:30:00,11.16,11.16,11.14,11.14,32588
2026-06-14,14:00:00,11.13,11.13,11.11,11.13,7916
2026-06-14,14:30:00,11.11,11.13,11.07,11.11,22207
2026-06-14,15:00:00,11.12,11.12,11.12,11.12,1204
2026-06-15,10:00:00,11.19,11.2,11.15,11.17,15193
2026-06-15,10:30:00,11.17,11.23,11.16,11.21,34780
2026-06-15,11:00:00,11.23,11.24,11.18,11.2,53641
2026-06-15,11:30:00,11.19,11.21,11.19,11.21,8823
2026-06-15,12:00:00,11.2,11.21,11.19,11.19,2442
2026-06-15,12:30:00,11.18,11.21,11.18,11.18,22612
2026-06-15,13:00:00,11.19,11.19,11.17,11.17,697
2026-06-15,13:30:00,11.18,11.21,11.17,11.21,18101
2026-06-15,14:00:00,11.2,11.2,11.18,11.2,3849
2026-06-15,14:30:00,11.2,11.2,11.18,11.18,9557
2026-06-15,15:00:00,11.17,11.17,11.17,11.17,5324
2026-06-16,10:00:00,11.17,11.24,11.12,11.16,29739
2026-06-16,10:30:00,11.15,11.17,11.13,11.16,5992
2026-06-16,11:00:00,11.17,11.19,11.16,11.16,6631
2026-06-16,11:30:00,11.18,11.19,11.18,11.18,16924
2026-06-16,12:00:00,11.18,11.19,11.17,11.17,2568
2026-06-16,12:30:00,11.17,11.17,11.16,11.16,7930
2026-06-16,13:00:00,11.15,11.17,11.14,11.15,7510
2026-06-16,13:30:00,11.15,11.16,11.14,11.14,5301
2026-06-16,14:00:00,11.14,11.16,11.06,11.12,39241
2026-06-16,14:30:00,11.12,11.15,11.11,11.11,12411
2026-06-16,15:00:00,11.11,11.11,11.11,11.11,30
2026-06-17,10:00:00,11.12,11.14,11.0,11.08,16529
2026-06-17,10:30:00,11.08,11.11,11.07,11.09,7270
2026-06-17,11:00:00,11.09,11.09,11.06,11.06,6085
2026-06-17,11:30:00,11.06,11.08,11.05,11.06,4565
2026-06-17,12:00:00,11.07,11.09,11.07,11.09,442
2026-06-17,12:30:00,11.09,11.09,11.05,11.05,9847
2026-06-17,13:00:00,11.06,11.06,11.04,11.05,5445
2026-06-17,13:30:00,11.05,11.08,11.05,11.08,5806
2026-06-17,14:00:00,11.08,11.1,11.04,11.04,18288
2026-06-17,14:30:00,11.04,11.09,11.03,11.03,11637
2026-06-17,15:00:00,11.08,11.08,11.08,11.08,1
2026-06-18,10:00:00,11.08,11.08,10.96,11.02,56197
2026-06-18,10:30:00,11.0,11.0,10.9,11.0,40275
2026-06-18,11:00:00,11.0,11.02,11.0,11.02,4029
2026-06-18,11:30:00,11.02,11.05,11.02,11.03,6301
2026-06-18,12:00:00,11.04,11.04,11.04,11.04,2159
2026-06-18,12:30:00,11.03,11.03,11.01,11.01,5187
2026-06-18,13:00:00,11.03,11.03,11.02,11.03,1021
2026-06-18,13:30:00,11.02,11.04,11.01,11.01,1992
2026-06-18,14:00:00,11.01,11.03,11.0,11.02,10883
2026-06-18,14:30:00,11.03,11.04,11.01,11.03,12139
2026-06-18,15:00:00,11.04,11.04,11.04,11.04,1362
2026-06-21,10:00:00,11.0,11.05,11.0,11.05,3022
2026-06-21,10:30:00,11.01,11.03,11.0,11.01,5849
2026-06-21,11:00:00,11.03,11.03,11.01,11.03,1372
2026-06-21,11:30:00,11.03,11.03,11.01,11.01,1909
2026-06-21,12:00:00,11.01,11.01,10.99,10.99,21397
2026-06-21,12:30:00,10.99,11.14,10.99,11.08,46283
2026-06-21,13:00:00,11.04,11.04,11.01,11.01,6437
2026-06-21,13:30:00,11.02,11.04,11.02,11.02,63
2026-06-21,14:00:00,11.04,11.04,11.03,11.03,1448
2026-06-21,14:30:00,11.04,11.04,11.02,11.04,8449
2026-06-21,15:00:00,11.02,11.02,11.02,11.02,1200
2026-06-22,10:00:00,11.04,11.04,10.99,11.0,8614
2026-06-22,10:30:00,11.01,11.02,11.01,11.01,119
2026-06-22,11:00:00,11.02,11.06,11.02,11.06,2627
2026-06-22,11:30:00,11.06,11.06,11.04,11.05,3016
2026-06-22,12:00:00,11.03,11.03,11.02,11.02,2577
2026-06-22,12:30:00,11.02,11.02,11.02,11.02,1
2026-06-22,13:00:00,11.04,11.04,11.04,11.04,2173
2026-06-22,13:30:00,11.04,11.05,11.04,11.04,2259
2026-06-22,14:00:00,11.02,11.04,10.99,11.04,15662
2026-06-22,14:30:00,11.04,11.04,11.01,11.03,616
2026-06-23,10:00:00,11.03,11.06,11.0,11.05,3662
2026-06-23,10:30:00,11.05,11.08,11.01,11.05,8228
2026-06-23,11:00:00,11.05,11.05,11.01,11.01,2304
2026-06-23,11:30:00,11.03,11.05,11.01,11.01,4425
2026-06-23,12:00:00,11.01,11.02,11.0,11.01,17753
2026-06-23,12:30:00,11.02,11.05,11.02,11.03,1603
2026-06-23,13:00:00,11.01,11.05,11.01,11.01,748
2026-06-23,13:30:00,11.01,11.04,11.01,11.01,1549
2026-06-23,14:00:00,11.02,11.02,11.0,11.01,5441
2026-06-23,14:30:00,11.01,11.02,11.01,11.02,3188
2026-06-23,15:00:00,11.02,11.02,11.02,11.02,175
2026-06-24,10:00:00,11.02,11.05,11.02,11.05,7333
2026-06-24,10:30:00,11.03,11.06,11.03,11.06,7820
2026-06-24,11:00:00,11.05,11.08,11.05,11.05,2401
2026-06-24,11:30:00,11.05,11.05,11.04,11.04,2585
2026-06-24,12:00:00,11.03,11.1,11.02,11.06,34360
2026-06-24,12:30:00,11.07,11.07,11.02,11.07,2144
2026-06-24,13:00:00,11.06,11.1,11.06,11.1,17647
2026-06-24,13:30:00,11.08,11.11,11.08,11.09,14903
2026-06-24,14:00:00,11.1,11.2,11.1,11.17,68332
2026-06-24,14:30:00,11.17,11.17,11.1,11.15,11735
2026-06-24,15:00:00,11.15,11.15,11.15,11.15,8813
2026-06-25,10:00:00,11.1,11.12,11.1,11.12,2825
2026-06-25,10:30:00,11.12,11.12,11.05,11.11,19488
2026-06-25,11:00:00,11.11,11.11,11.05,11.08,14631
2026-06-25,11:30:00,11.06,11.08,10.99,11.0,35812
2026-06-25,12:00:00,11.0,11.03,10.98,11.0,34726
2026-06-25,12:30:00,11.03,11.03,11.0,11.03,6469
2026-06-25,13:00:00,11.03,11.03,11.0,11.0,8859
2026-06-25,13:30:00,11.01,11.03,11.0,11.01,4114
2026-06-25,14:00:00,11.01,11.01,10.99,10.99,2985
2026-06-25,14:30:00,11.01,11.04,11.01,11.01,6934
2026-06-25,15:00:00,11.02,11.02,11.02,11.02,1064
2026-06-28,10:00:00,11.06,11.07,11.01,11.06,7018
2026-06-28,10:30:00,11.02,11.07,11.01,11.02,3429
2026-06-28,11:00:00,11.05,11.07,11.01,11.07,1476
2026-06-28,11:30:00,11.04,11.05,11.01,11.05,3701
2026-06-28,12:00:00,11.05,11.07,11.05,11.05,2861
2026-06-28,12:30:00,11.05,11.05,11.02,11.02,11703
2026-06-28,13:00:00,11.04,11.04,11.03,11.03,5214
2026-06-28,13:30:00,11.04,11.08,11.04,11.08,8948
2026-06-28,14:00:00,11.05,11.07,11.03,11.03,10599
2026-06-28,14:30:00,11.03,11.06,11.03,11.06,6278
2026-06-28,15:00:00,11.1,11.1,11.1,11.1,7318
2026-06-29,10:00:00,11.06,11.13,11.01,11.1,27920
2026-06-29,10:30:00,11.1,11.1,11.07,11.1,5085
2026-06-29,11:00:00,11.1,11.14,11.06,11.06,4716
2026-06-29,11:30:00,11.08,11.08,11.06,11.06,345
2026-06-29,12:00:00,11.08,11.13,11.07,11.12,3119
2026-06-29,12:30:00,11.12,11.15,11.12,11.13,9448
2026-06-29,13:00:00,11.12,11.13,11.1,11.11,21573
2026-06-29,13:30:00,11.1,11.1,11.08,11.08,2653
2026-06-29,14:00:00,11.08,11.1,11.08,11.09,4310
2026-06-29,14:30:00,11.1,11.11,11.07,11.1,16124
2026-06-29,15:00:00,11.07,11.07,11.07,11.07,513
2026-06-30,10:00:00,11.08,11.16,11.06,11.15,34505
2026-06-30,10:30:00,11.16,11.17,11.15,11.17,12972
2026-06-30,11:00:00,11.15,11.18,11.13,11.17,13842
2026-06-30,11:30:00,11.19,11.19,11.17,11.17,7165
2026-06-30,12:00:00,11.17,11.18,11.17,11.17,3745
2026-06-30,12:30:00,11.17,11.17,11.14,11.17,21263
2026-06-30,13:00:00,11.17,11.19,11.15,11.16,16047
2026-06-30,13:30:00,11.16,11.19,11.14,11.14,5109
2026-06-30,14:00:00,11.13,11.19,11.13,11.16,26662
2026-06-30,14:30:00,11.16,11.17,11.11,11.13,27586
2026-06-30,15:00:00,11.11,11.11,11.11,11.11,4562
2026-07-01,10:00:00,11.11,11.56,11.11,11.42,220274
2026-07-01,10:30:00,11.42,11.46,11.38,11.43,21269
2026-07-01,11:00:00,11.42,11.42,11.32,11.37,22983
2026-07-01,11:30:00,11.34,11.4,11.32,11.38,21104
2026-07-01,12:00:00,11.37,11.37,11.33,11.33,2654
2026-07-01,12:30:00,11.32,11.32,11.3,11.31,7804
2026-07-01,13:00:00,11.3,11.32,11.15,11.29,16473
2026-07-01,13:30:00,11.29,11.29,11.2,11.28,9879
2026-07-01,14:00:00,11.26,11.28,11.2,11.24,17581
2026-07-01,14:30:00,11.24,11.29,11.21,11.23,25437
2026-07-01,15:00:00,11.22,11.22,11.22,11.22,3345
2026-07-02,10:00:00,11.3,11.3,11.21,11.27,11655
2026-07-02,10:30:00,11.26,11.26,11.2,11.2,6586
2026-07-02,11:00:00,11.21,11.22,11.18,11.22,2277
2026-07-02,11:30:00,11.2,11.21,11.17,11.19,10379
2026-07-02,12:00:00,11.21,11.22,11.2,11.21,1527
2026-07-02,12:30:00,11.2,11.22,11.2,11.2,2873
2026-07-02,13:00:00,11.2,11.26,11.2,11.26,5849
2026-07-02,13:30:00,11.22,11.25,11.22,11.22,1418
2026-07-02,14:00:00,11.22,11.24,11.19,11.19,2675
2026-07-02,14:30:00,11.2,11.23,11.2,11.22,5077
2026-07-02,15:00:00,11.2,11.2,11.2,11.2,495
2026-07-05,10:00:00,11.17,11.26,11.17,11.23,3787
2026-07-05,10:30:00,11.22,11.25,11.2,11.22,10026
2026-07-05,11:00:00,11.22,11.24,11.22,11.22,2042
2026-07-05,11:30:00,11.23,11.24,11.23,11.23,2209
2026-07-05,12:00:00,11.22,11.23,11.22,11.22,319
2026-07-05,12:30:00,11.23,11.23,11.18,11.2,9377
2026-07-05,13:00:00,11.2,11.21,11.19,11.2,4795
2026-07-05,13:30:00,11.21,11.24,11.21,11.22,3467
2026-07-05,14:00:00,11.21,11.22,11.2,11.2,1867
2026-07-05,14:30:00,11.2,11.23,11.2,11.21,3613
2026-07-05,15:00:00,11.19,11.19,11.19,11.19,1460
2026-07-06,10:00:00,11.19,11.19,11.16,11.18,9693
2026-07-06,10:30:00,11.18,11.2,11.17,11.18,12049
2026-07-06,11:00:00,11.18,11.2,11.16,11.19,4557
2026-07-06,11:30:00,11.18,11.2,11.17,11.17,3568
2026-07-06,12:00:00,11.17,11.18,11.16,11.16,4997
2026-07-06,12:30:00,11.17,11.17,11.16,11.16,4760
2026-07-06,13:00:00,11.18,11.18,11.16,11.16,3608
2026-07-06,13:30:00,11.15,11.17,11.14,11.17,3725
2026-07-06,14:00:00,11.14,11.17,11.14,11.17,367
2026-07-06,14:30:00,11.15,11.15,11.1,11.14,54686
2026-07-06,15:00:00,11.15,11.15,11.15,11.15,1000
2026-07-07,10:00:00,11.13,11.17,11.1,11.11,10441
2026-07-07,10:30:00,11.12,11.16,11.12,11.14,5683
2026-07-07,11:00:00,11.14,11.15,11.13,11.13,1225
2026-07-07,11:30:00,11.13,11.14,11.11,11.13,3020
2026-07-07,12:00:00,11.13,11.13,11.12,11.12,1271
2026-07-07,12:30:00,11.11,11.12,11.09,11.09,17548
2026-07-07,13:00:00,11.08,11.14,11.08,11.12,10922
2026-07-07,13:30:00,11.12,11.12,11.11,11.11,1842
2026-07-07,14:00:00,11.12,11.12,11.1,11.1,4876
2026-07-07,14:30:00,11.1,11.13,11.1,11.1,8400
2026-07-07,15:00:00,11.1,11.1,11.1,11.1,5618
2026-07-08,10:00:00,11.1,11.1,11.01,11.04,14647
2026-07-08,10:30:00,11.04,11.06,11.0,11.06,10972
2026-07-08,11:00:00,11.03,11.05,11.01,11.03,14789
2026-07-08,11:30:00,11.03,11.05,11.0,11.03,10899
2026-07-08,12:00:00,11.03,11.08,11.02,11.03,2961
2026-07-08,12:30:00,11.03,11.04,11.03,11.04,779
2026-07-08,13:00:00,11.04,11.07,11.02,11.04,3321
2026-07-08,13:30:00,11.04,11.04,11.01,11.02,6273
2026-07-08,14:00:00,11.03,11.07,11.0,11.03,2777
2026-07-08,14:30:00,11.03,11.1,11.01,11.03,3642
2026-07-08,15:00:00,11.05,11.05,11.05,11.05,907
2026-07-09,10:00:00,11.04,11.06,11.0,11.04,2929
2026-07-09,10:30:00,11.01,11.04,10.99,11.02,5514
2026-07-09,11:00:00,11.03,11.05,11.02,11.05,1917
2026-07-09,11:30:00,11.03,11.06,11.02,11.02,8321
2026-07-09,12:00:00,11.03,11.03,11.02,11.02,444
2026-07-09,12:30:00,11.03,11.04,11.01,11.03,975
2026-07-09,13:00:00,11.03,11.06,11.03,11.04,4636
2026-07-09,13:30:00,11.04,11.04,11.04,11.04,197
2026-07-09,14:00:00,11.03,11.03,11.0,11.03,6827
2026-07-09,14:30:00,11.02,11.03,11.01,11.02,10941
2026-07-09,15:00:00,11.02,11.02,11.02,11.02,981
2026-07-12,10:00:00,10.91,11.0,10.91,10.99,13621
2026-07-12,10:30:00,10.99,11.0,10.96,11.0,2270
2026-07-12,11:00:00,11.01,11.01,11.0,11.0,800
2026-07-12,11:30:00,11.0,11.02,11.0,11.02,12
2026-07-12,12:00:00,11.02,11.05,11.01,11.02,1179
2026-07-12,12:30:00,11.03,11.03,11.0,11.0,975
2026-07-12,13:00:00,11.02,11.02,11.0,11.0,653
2026-07-12,13:30:00,11.02,11.02,11.0,11.01,1830
2026-07-12,14:00:00,11.0,11.0,10.99,10.99,1259
2026-07-12,14:30:00,10.99,11.0,10.96,10.98,17686
2026-07-12,15:00:00,10.98,10.98,10.98,10.98,1165
2026-07-13,10:00:00,10.98,11.03,10.98,11.0,11016
2026-07-13,10:30:00,11.01,11.01,10.99,11.0,8536
2026-07-13,11:00:00,11.0,11.04,11.0,11.0,8882
2026-07-13,11:30:00,11.01,11.03,10.99,11.0,5541
2026-07-13,12:00:00,11.0,11.01,11.0,11.0,225
2026-07-13,12:30:00,11.01,11.02,11.0,11.01,1581
2026-07-13,13:00:00,11.0,11.03,10.99,11.02,17118
2026-07-13,13:30:00,11.0,11.06,10.99,11.05,15114
2026-07-13,14:00:00,11.05,11.06,11.02,11.06,2496
2026-07-13,14:30:00,11.03,11.06,11.01,11.05,12635
2026-07-13,15:00:00,11.06,11.06,11.06,11.06,897
2026-07-14,10:00:00,11.05,11.05,11.01,11.01,10058
2026-07-14,10:30:00,11.02,11.02,10.97,11.01,23281
2026-07-14,11:00:00,11.02,11.04,11.0,11.01,2637
2026-07-14,11:30:00,11.02,11.03,10.99,10.99,3004
2026-07-14,12:00:00,11.0,11.01,10.98,10.99,676
2026-07-14,12:30:00,10.99,10.99,10.98,10.98,259
2026-07-14,13:00:00,10.99,10.99,10.93,10.93,91592
2026-07-14,13:30:00,10.95,10.95,10.9,10.92,24959
2026-07-14,14:00:00,10.91,11.0,10.91,10.92,10866
2026-07-14,14:30:00,10.93,10.94,10.92,10.92,15101
2026-07-14,15:00:00,10.92,10.92,10.92,10.92,253
2026-07-15,10:00:00,10.92,10.96,10.9,10.96,26248
2026-07-15,10:30:00,10.96,11.0,10.94,10.94,17208
2026-07-15,11:00:00,10.94,10.96,10.92,10.94,18290
2026-07-15,11:30:00,10.94,10.95,10.92,10.92,3829
2026-07-15,12:00:00,10.93,10.94,10.92,10.94,3567
2026-07-15,12:30:00,10.94,10.95,10.92,10.92,10371
2026-07-15,13:00:00,10.93,10.93,10.93,10.93,1695
2026-07-15,13:30:00,10.93,10.97,10.91,10.97,19645
2026-07-15,14:00:00,10.97,11.03,10.92,10.93,54412
2026-07-15,14:30:00,10.93,11.0,10.92,10.96,7370
2026-07-15,15:00:00,10.92,10.92,10.92,10.92,1156
2026-07-16,10:00:00,10.97,11.15,10.93,11.15,149722
2026-07-16,10:30:00,11.15,11.37,11.15,11.2,205584
2026-07-16,11:00:00,11.22,11.25,11.09,11.09,84129
2026-07-16,11:30:00,11.08,11.13,11.07,11.11,6312
2026-07-16,12:00:00,11.12,11.23,11.1,11.1,12458
2026-07-16,12:30:00,11.1,11.16,11.1,11.14,5824
2026-07-16,13:00:00,11.14,11.15,11.06,11.06,26818
2026-07-16,13:30:00,11.06,11.19,11.05,11.17,24934
2026-07-16,14:00:00,11.15,11.17,11.11,11.11,13219
2026-07-16,14:30:00,11.1,11.11,11.08,11.11,7111
2026-07-16,15:00:00,11.1,11.1,11.1,11.1,1964
2026-07-19,10:00:00,11.08,11.08,11.0,11.0,8772
2026-07-19,10:30:00,11.01,11.08,11.01,11.05,2541
2026-07-19,11:00:00,11.04,11.05,11.02,11.05,8904
2026-07-19,11:30:00,11.05,11.08,11.04,11.06,2784
2026-07-19,12:00:00,11.07,11.09,11.06,11.06,4310
2026-07-19,12:30:00,11.06,11.07,11.06,11.06,1005
2026-07-19,13:00:00,11.05,11.05,11.02,11.05,20414
2026-07-19,13:30:00,11.04,11.06,11.03,11.06,3741
2026-07-19,14:00:00,11.06,11.07,11.02,11.04,20745
2026-07-19,14:30:00,11.06,11.11,11.05,11.06,11907
2026-07-19,15:00:00,11.1,11.1,11.1,11.1,520
2026-07-20,10:00:00,11.1,11.3,11.1,11.21,112182
2026-07-20,10:30:00,11.23,11.3,11.22,11.25,52549
2026-07-20,11:00:00,11.21,11.27,11.21,11.25,15218
2026-07-20,11:30:00,11.25,11.27,11.24,11.24,8835
2026-07-20,12:00:00,11.24,11.24,11.2,11.2,64926
2026-07-20,12:30:00,11.2,11.2,11.08,11.1,55359
2026-07-20,13:00:00,11.1,11.12,11.09,11.11,4250
2026-07-20,13:30:00,11.1,11.1,11.08,11.08,5082
2026-07-20,14:00:00,11.08,11.08,11.05,11.07,9853
2026-07-20,14:30:00,11.04,11.1,11.04,11.06,5900
2026-07-20,15:00:00,11.1,11.1,11.1,11.1,1
2026-07-21,10:00:00,11.05,11.09,11.04,11.06,6495
2026-07-21,10:30:00,11.04,11.04,10.96,10.99,29376
2026-07-21,11:00:00,11.0,11.05,11.0,11.02,1132
2026-07-21,11:30:00,11.04,11.05,11.02,11.02,2178
2026-07-21,12:00:00,11.05,11.05,11.02,11.02,1196
2026-07-21,12:30:00,11.05,11.05,11.01,11.01,12
2026-07-21,13:00:00,11.01,11.04,11.0,11.02,15061
2026-07-21,13:30:00,11.01,11.03,10.99,10.99,1697
2026-07-21,14:00:00,11.0,11.02,10.98,10.98,3780
2026-07-21,14:30:00,10.99,10.99,10.96,10.97,13777
2026-07-21,15:00:00,10.97,10.97,10.97,10.97,2262
2026-07-22,10:00:00,10.98,11.01,10.98,11.01,3322
2026-07-22,10:30:00,11.01,11.02,10.96,10.97,12146
2026-07-22,11:00:00,10.97,10.98,10.97,10.97,881
2026-07-22,11:30:00,10.96,10.98,10.95,10.97,22174
2026-07-22,12:00:00,10.99,11.03,10.99,11.02,3225
2026-07-22,12:30:00,11.01,11.02,10.99,10.99,135
2026-07-22,13:00:00,11.02,11.02,11.01,11.01,2728
2026-07-22,13:30:00,11.02,11.02,11.01,11.01,1550
2026-07-22,14:00:00,11.01,11.02,10.99,10.99,15051
2026-07-22,14:30:00,11.0,11.0,10.98,10.98,1932
2026-07-22,15:00:00,10.97,10.97,10.97,10.97,1300
2026-07-23,10:00:00,10.97,11.0,10.95,10.96,6637
2026-07-23,10:30:00,10.99,10.99,10.97,10.99,231
2026-07-23,11:00:00,10.97,10.99,10.97,10.99,324
2026-07-23,11:30:00,10.99,10.99,10.97,10.98,8997
2026-07-23,12:00:00,10.99,11.0,10.97,10.97,2464
2026-07-23,12:30:00,10.97,11.0,10.97,10.98,4970
2026-07-23,13:00:00,11.0,11.0,10.99,11.0,224
2026-07-23,13:30:00,10.99,10.99,10.98,10.98,1100
2026-07-23,14:00:00,10.98,11.0,10.98,10.98,3759
2026-07-23,14:30:00,10.97,10.99,10.95,10.99,15188
2026-07-26,10:00:00,10.95,10.98,10.95,10.98,589
2026-07-26,10:30:00,10.98,10.98,10.93,10.94,2058
2026-07-26,11:00:00,10.94,10.94,10.92,10.92,2414
2026-07-26,11:30:00,10.93,10.93,10.91,10.93,7227
2026-07-26,12:00:00,10.93,10.96,10.92,10.93,11323
2026-07-26,12:30:00,10.93,10.96,10.92,10.96,1130
2026-07-26,13:00:00,10.96,10.96,10.93,10.96,1043
2026-07-26,13:30:00,10.97,10.99,10.97,10.97,2433
2026-07-26,14:00:00,10.98,11.0,10.92,10.92,2113
2026-07-26,14:30:00,10.97,10.98,10.94,10.98,2254
2026-07-26,15:00:00,11.0,11.0,11.0,11.0,650
2026-07-27,10:00:00,10.98,10.99,10.97,10.99,5339
2026-07-27,10:30:00,10.97,10.98,10.93,10.93,4161
2026-07-27,11:00:00,10.93,10.95,10.93,10.95,4445
2026-07-27,11:30:00,10.95,10.95,10.94,10.95,3742
2026-07-27,12:00:00,10.95,10.99,10.95,10.97,2791
2026-07-27,12:30:00,10.98,10.98,10.97,10.97,76
2026-07-27,13:00:00,10.97,10.97,10.95,10.97,2624
2026-07-27,13:30:00,10.97,10.98,10.95,10.98,390
2026-07-27,14:00:00,10.98,10.98,10.95,10.96,3353
2026-07-27,14:30:00,10.96,10.96,10.92,10.95,7579
2026-07-28,10:00:00,10.99,10.99,10.88,10.93,13462
2026-07-28,10:30:00,10.92,10.93,10.91,10.92,5628
2026-07-28,11:00:00,10.92,10.92,10.85,10.87,51968
2026-07-28,11:30:00,10.86,10.86,10.85,10.86,8199
2026-07-28,12:00:00,10.85,10.86,10.85,10.85,4107
2026-07-28,12:30:00,10.85,10.85,10.81,10.83,32489
2026-07-28,13:00:00,10.84,10.84,10.83,10.84,2198
2026-07-28,13:30:00,10.84,10.84,10.77,10.82,10845
2026-07-28,14:00:00,10.82,10.85,10.82,10.85,11400
2026-07-28,14:30:00,10.84,10.84,10.8,10.8,4368
2026-07-28,15:00:00,10.79,10.79,10.79,10.79,889
2026-07-29,10:00:00,10.78,10.78,10.7,10.76,16501
2026-07-29,10:30:00,10.76,10.76,10.7,10.71,15844
2026-07-29,11:00:00,10.7,10.72,10.62,10.66,81310
2026-07-29,11:30:00,10.66,10.68,10.63,10.68,8892
2026-07-29,12:00:00,10.66,10.68,10.63,10.64,12238
2026-07-29,12:30:00,10.64,10.64,10.61,10.61,5673
2026-07-29,13:00:00,10.61,10.61,10.58,10.6,4247
2026-07-29,13:30:00,10.58,10.6,10.44,10.44,33997
2026-07-29,14:00:00,10.43,10.48,10.39,10.46,37472
2026-07-29,14:30:00,10.46,10.47,10.4,10.45,7770
2026-07-29,15:00:00,10.45,10.45,10.45,10.45,2395
2026-07-30,10:00:00,10.4,10.5,10.4,10.46,17164
2026-07-30,10:30:00,10.46,10.48,10.4,10.4,27451
2026-07-30,11:00:00,10.42,10.42,10.35,10.36,19239
2026-07-30,11:30:00,10.36,10.36,10.33,10.33,3615
2026-07-30,12:00:00,10.33,10.33,10.27,10.3,19045
2026-07-30,12:30:00,10.34,10.34,10.3,10.31,1906
2026-07-30,13:00:00,10.31,10.36,10.29,10.32,4067
2026-07-30,13:30:00,10.35,10.37,10.33,10.37,2859
2026-07-30,14:00:00,10.33,10.36,10.33,10.34,782
2026-07-30,14:30:00,10.34,10.36,10.34,10.34,3170
2026-07-30,15:00:00,10.33,10.33,10.33,10.33,3472
2026-08-02,10:00:00,10.33,11.0,10.3,11.0,148157
2026-08-02,10:30:00,11.0,11.36,10.93,11.36,601975
2026-08-02,11:00:00,11.36,11.36,11.35,11.36,89387
2026-08-02,11:30:00,11.36,11.36,11.36,11.36,12004
2026-08-02,12:00:00,11.36,11.36,11.36,11.36,10315
2026-08-02,12:30:00,11.36,11.36,11.36,11.36,24756
2026-08-02,13:00:00,11.36,11.36,11.36,11.36,89278
2026-08-02,13:30:00,11.36,11.36,11.36,11.36,931
2026-08-02,14:00:00,11.36,11.36,11.36,11.36,10046
2026-08-02,14:30:00,11.36,11.36,11.36,11.36,31850
2026-08-02,15:00:00,11.36,11.36,11.36,11.36,105
2026-08-03,10:00:00,11.5,11.61,11.05,11.37,376137
2026-08-03,10:30:00,11.33,11.45,11.3,11.42,67237
2026-08-03,11:00:00,11.42,11.43,11.2,11.26,52806
2026-08-03,11:30:00,11.25,11.28,11.2,11.21,40604
2026-08-03,12:00:00,11.19,11.22,11.17,11.19,20856
2026-08-03,12:30:00,11.2,11.23,11.18,11.22,12890
2026-08-03,13:00:00,11.2,11.23,11.19,11.23,12325
2026-08-03,13:30:00,11.22,11.25,11.2,11.23,17278
2026-08-03,14:00:00,11.23,11.29,11.22,11.25,16099
2026-08-03,14:30:00,11.27,11.31,11.25,11.29,29449
2026-08-03,15:00:00,11.21,11.21,11.21,11.21,11250
2026-08-04,10:00:00,11.11,11.37,11.11,11.27,25443
2026-08-04,10:30:00,11.25,11.3,11.24,11.3,7445
2026-08-04,11:00:00,11.27,11.3,11.24,11.25,2933
2026-08-04,11:30:00,11.25,11.25,11.2,11.2,22074
2026-08-04,12:00:00,11.2,11.2,11.15,11.15,12281
2026-08-04,12:30:00,11.16,11.18,11.16,11.16,2905
2026-08-04,13:00:00,11.18,11.2,11.15,11.2,7534
2026-08-04,13:30:00,11.19,11.21,11.18,11.21,8591
2026-08-04,14:00:00,11.21,11.22,11.19,11.19,8441
2026-08-04,14:30:00,11.2,11.2,11.14,11.19,10298
2026-08-04,15:00:00,11.2,11.2,11.2,11.2,634
2026-08-05,10:00:00,11.22,11.28,11.21,11.26,23632
2026-08-05,10:30:00,11.24,11.27,11.21,11.25,19732
2026-08-05,11:00:00,11.25,11.27,11.22,11.26,17173
2026-08-05,11:30:00,11.27,11.27,11.22,11.22,11612
2026-08-05,12:00:00,11.23,11.3,11.23,11.27,22442
2026-08-05,12:30:00,11.27,11.3,11.25,11.3,13538
2026-08-05,13:00:00,11.3,11.44,11.25,11.27,45995
2026-08-05,13:30:00,11.27,11.3,11.23,11.24,10276
2026-08-05,14:00:00,11.23,11.26,11.15,11.15,32535
2026-08-05,14:30:00,11.15,11.21,11.15,11.21,26105
2026-08-05,15:00:00,11.2,11.2,11.2,11.2,32
2026-08-06,10:00:00,11.2,11.26,11.18,11.2,14187
2026-08-06,10:30:00,11.18,11.2,11.09,11.14,82348
2026-08-06,11:00:00,11.14,11.16,11.05,11.13,29526
2026-08-06,11:30:00,11.13,11.2,11.13,11.18,16881
2026-08-06,12:00:00,11.18,11.18,11.14,11.17,1823
2026-08-06,12:30:00,11.14,11.18,11.14,11.18,2237
2026-08-06,13:00:00,11.19,11.19,11.13,11.17,6807
2026-08-06,13:30:00,11.13,11.16,11.12,11.13,1621
2026-08-06,14:00:00,11.13,11.17,11.12,11.16,12579
2026-08-06,14:30:00,11.14,11.22,11.13,11.19,37374
2026-08-06,15:00:00,11.16,11.16,11.16,11.16,230
2026-08-09,10:00:00,11.14,11.24,11.14,11.21,3598
2026-08-09,10:30:00,11.21,11.21,11.11,11.11,19133
2026-08-09,11:00:00,11.11,11.12,11.05,11.06,31946
2026-08-09,11:30:00,11.06,11.21,11.03,11.16,18225
2026-08-09,12:00:00,11.16,11.16,11.15,11.15,1367
2026-08-09,12:30:00,11.15,11.15,11.1,11.1,3124
2026-08-09,13:00:00,11.09,11.09,11.01,11.01,10202
2026-08-09,13:30:00,11.07,11.07,11.02,11.05,743
2026-08-09,14:00:00,11.04,11.05,11.02,11.03,10017
2026-08-09,14:30:00,11.03,11.03,10.96,10.98,46537
2026-08-09,15:00:00,10.96,10.96,10.96,10.96,2124
2026-08-10,10:00:00,10.96,11.0,10.73,10.9,196041
2026-08-10,10:30:00,10.94,11.01,10.94,11.0,8950
2026-08-10,11:00:00,10.99,10.99,10.91,10.91,1596
2026-08-10,11:30:00,10.93,10.95,10.93,10.95,1298
2026-08-10,12:00:00,10.97,10.97,10.97,10.97,187
2026-08-10,12:30:00,10.97,10.97,10.96,10.96,1202
2026-08-10,13:00:00,10.96,10.96,10.93,10.93,8335
2026-08-10,13:30:00,10.94,10.97,10.94,10.95,5595
2026-08-10,14:00:00,10.95,10.97,10.95,10.96,3321
2026-08-10,14:30:00,10.96,10.99,10.96,10.96,24841
2026-08-10,15:00:00,10.97,10.97,10.97,10.97,2003
2026-08-11,10:00:00,10.9,10.98,10.9,10.94,6754
2026-08-11,10:30:00,10.92,10.97,10.87,10.87,56966
2026-08-11,11:00:00,10.87,10.91,10.84,10.84,30852
2026-08-11,11:30:00,10.91,10.96,10.9,10.96,7531
2026-08-11,12:00:00,10.96,11.02,10.95,10.99,15578
2026-08-11,12:30:00,11.0,11.0,10.97,10.99,7658
2026-08-11,13:00:00,10.99,10.99,10.91,10.98,12233
2026-08-11,13:30:00,10.95,10.99,10.95,10.95,8970
2026-08-11,14:00:00,10.95,10.99,10.92,10.95,7617
2026-08-11,14:30:00,10.95,10.95,10.91,10.91,7823
2026-08-11,15:00:00,10.9,10.9,10.9,10.9,710
2026-08-12,10:00:00,11.0,11.0,10.91,10.91,5166
2026-08-12,10:30:00,10.9,10.91,10.9,10.9,3537
2026-08-12,11:00:00,10.91,10.91,10.87,10.88,8398
2026-08-12,11:30:00,10.88,10.89,10.82,10.84,13737
2026-08-12,12:00:00,10.84,10.84,10.81,10.82,6345
2026-08-12,12:30:00,10.81,10.81,10.75,10.77,36451
2026-08-12,13:00:00,10.8,10.84,10.77,10.84,19291
2026-08-12,13:30:00,10.84,10.84,10.82,10.83,1782
2026-08-12,14:00:00,10.83,10.83,10.71,10.71,103081
2026-08-12,14:30:00,10.71,10.71,10.37,10.44,149083
2026-08-12,15:00:00,10.43,10.43,10.43,10.43,22155
2026-08-13,10:00:00,10.44,10.81,10.44,10.73,134977
2026-08-13,10:30:00,10.7,10.74,10.57,10.61,34909
2026-08-13,11:00:00,10.6,10.6,10.51,10.51,54426
2026-08-13,11:30:00,10.51,10.55,10.48,10.55,9021
2026-08-13,12:00:00,10.55,10.63,10.55,10.6,6307
2026-08-13,12:30:00,10.63,10.64,10.57,10.58,3141
2026-08-13,13:00:00,10.58,10.6,10.55,10.57,5525
2026-08-13,13:30:00,10.56,10.6,10.54,10.55,11106
2026-08-13,14:00:00,10.55,10.55,10.48,10.52,18915
2026-08-13,14:30:00,10.52,10.61,10.52,10.61,26429
2026-08-13,15:00:00,10.64,10.64,10.64,10.64,3147
2026-08-16,10:00:00,10.64,10.91,10.64,10.83,53541
2026-08-16,10:30:00,10.82,10.85,10.8,10.8,14085
2026-08-16,11:00:00,10.81,10.87,10.75,10.75,15141
2026-08-16,11:30:00,10.8,10.8,10.7,10.75,12814
2026-08-16,12:00:00,10.74,10.81,10.74,10.78,24577
2026-08-16,12:30:00,10.78,10.84,10.78,10.84,13651
2026-08-16,13:00:00,10.85,10.9,10.84,10.89,10267
2026-08-16,13:30:00,10.87,10.87,10.84,10.85,4978
2026-08-16,14:00:00,10.84,10.84,10.8,10.8,8831
2026-08-16,14:30:00,10.79,10.81,10.75,10.77,32573
2026-08-16,15:00:00,10.74,10.74,10.74,10.74,1400
2026-08-17,10:00:00,10.74,10.74,10.68,10.72,7343
2026-08-17,10:30:00,10.75,10.75,10.71,10.71,8711
2026-08-17,11:00:00,10.72,10.75,10.71,10.75,11580
2026-08-17,11:30:00,10.76,10.78,10.71,10.71,3360
2026-08-17,12:00:00,10.71,10.71,10.6,10.69,8731
2026-08-17,12:30:00,10.68,10.68,10.65,10.65,1577
2026-08-17,13:00:00,10.67,10.7,10.66,10.68,8649
2026-08-17,13:30:00,10.68,10.7,10.67,10.69,2637
2026-08-17,14:00:00,10.68,10.68,10.67,10.68,1763
2026-08-17,14:30:00,10.68,10.68,10.63,10.63,3316
2026-08-17,15:00:00,10.6,10.6,10.6,10.6,5000
2026-08-18,10:00:00,10.75,10.75,10.62,10.67,15304
2026-08-18,10:30:00,10.66,10.68,10.63,10.63,12078
2026-08-18,11:00:00,10.63,10.67,10.63,10.66,11094
2026-08-18,11:30:00,10.64,10.64,10.62,10.63,2996
2026-08-18,12:00:00,10.64,10.65,10.64,10.65,2710
2026-08-18,12:30:00,10.63,10.65,10.63,10.63,1395
2026-08-18,13:00:00,10.65,10.66,10.61,10.63,6904
2026-08-18,13:30:00,10.65,10.65,10.62,10.63,3034
2026-08-18,14:00:00,10.62,10.68,10.62,10.64,15688
2026-08-18,14:30:00,10.66,10.67,10.64,10.67,16848
2026-08-18,15:00:00,10.65,10.65,10.65,10.65,630
2026-08-19,10:30:00,10.66,10.74,10.65,10.67,2040
2026-08-19,11:00:00,10.66,10.66,10.64,10.64,2744
2026-08-19,11:30:00,10.64,10.65,10.63,10.65,4224
2026-08-19,12:00:00,10.65,10.66,10.63,10.65,8381
2026-08-19,12:30:00,10.64,10.64,10.61,10.62,15097
2026-08-19,13:00:00,10.63,10.71,10.62,10.68,24880
2026-08-19,13:30:00,10.68,10.69,10.66,10.68,2572
2026-08-19,14:00:00,10.68,10.69,10.66,10.66,4967
2026-08-19,14:30:00,10.66,10.7,10.66,10.68,12888
2026-08-19,15:00:00,10.65,10.65,10.65,10.65,6025
2026-08-20,10:00:00,10.7,10.73,10.68,10.7,15711
2026-08-20,10:30:00,10.7,10.73,10.67,10.69,19915
2026-08-20,11:00:00,10.7,10.71,10.69,10.71,7148
2026-08-20,11:30:00,10.71,10.75,10.69,10.73,26074
2026-08-20,12:00:00,10.71,10.73,10.7,10.7,6915
2026-08-20,12:30:00,10.7,10.7,10.61,10.69,20085
2026-08-20,13:00:00,10.67,10.74,10.66,10.7,14722
2026-08-20,13:30:00,10.68,10.75,10.68,10.7,31295
2026-08-20,14:00:00,10.7,10.71,10.67,10.69,11147
2026-08-20,14:30:00,10.71,10.71,10.69,10.69,2258
2026-08-20,15:00:00,10.68,10.68,10.68,10.68,1099
2026-08-23,10:00:00,10.68,10.81,10.68,10.78,20382
2026-08-23,10:30:00,10.78,10.79,10.76,10.77,10101
2026-08-23,11:00:00,10.76,10.76,10.65,10.68,44477
2026-08-23,11:30:00,10.67,10.74,10.65,10.7,22594
2026-08-23,12:00:00,10.72,10.72,10.69,10.7,12357
2026-08-23,12:30:00,10.7,10.77,10.7,10.7,33584
2026-08-23,13:00:00,10.71,10.71,10.69,10.7,14125
2026-08-23,13:30:00,10.7,10.7,10.69,10.7,5347
2026-08-23,14:00:00,10.7,10.71,10.69,10.71,5559
2026-08-23,14:30:00,10.7,10.76,10.7,10.7,9982
2026-08-23,15:00:00,10.7,10.7,10.7,10.7,2192
2026-08-24,10:00:00,10.68,10.84,10.68,10.83,14671
2026-08-24,10:30:00,10.83,10.86,10.75,10.75,19958
2026-08-24,11:00:00,10.79,10.81,10.75,10.81,17946
2026-08-24,11:30:00,10.8,10.8,10.75,10.78,12338
2026-08-24,12:00:00,10.8,10.8,10.75,10.77,10820
2026-08-24,12:30:00,10.77,10.77,10.76,10.76,6626
2026-08-24,13:00:00,10.77,10.78,10.75,10.78,7250
2026-08-24,13:30:00,10.78,10.81,10.77,10.77,10574
2026-08-24,14:00:00,10.78,10.8,10.77,10.79,5628
2026-08-24,14:30:00,10.77,10.78,10.77,10.78,7941
2026-08-24,15:00:00,10.78,10.78,10.78,10.78,36
2026-08-25,10:00:00,10.73,10.82,10.73,10.76,7795
2026-08-25,10:30:00,10.76,10.8,10.74,10.8,5670
2026-08-25,11:00:00,10.78,10.79,10.77,10.78,964
2026-08-25,11:30:00,10.8,10.83,10.77,10.81,8307
2026-08-25,12:00:00,10.81,10.81,10.73,10.73,46569
2026-08-25,12:30:00,10.74,10.77,10.73,10.73,9998
2026-08-25,13:00:00,10.73,10.77,10.73,10.77,4517
2026-08-25,13:30:00,10.77,10.79,10.69,10.75,222979
2026-08-25,14:00:00,10.75,10.75,10.71,10.72,5704
2026-08-25,14:30:00,10.74,10.76,10.73,10.75,11394
2026-08-25,15:00:00,10.75,10.75,10.75,10.75,615
2026-08-26,10:00:00,10.75,10.79,10.68,10.78,27210
2026-08-26,10:30:00,10.75,10.8,10.75,10.79,13267
2026-08-26,11:00:00,10.8,10.81,10.78,10.78,15159
2026-08-26,11:30:00,10.78,10.79,10.76,10.76,1155
2026-08-26,12:00:00,10.76,10.78,10.75,10.78,3412
2026-08-26,12:30:00,10.78,10.78,10.76,10.78,2455
2026-08-26,13:00:00,10.77,10.83,10.76,10.81,41015
2026-08-26,13:30:00,10.79,10.87,10.77,10.81,59910
2026-08-26,14:00:00,10.81,10.84,10.8,10.8,7489
2026-08-26,14:30:00,10.83,10.83,10.8,10.83,8945
2026-08-26,15:00:00,10.82,10.82,10.82,10.82,5
2026-08-27,10:00:00,10.8,10.84,10.75,10.75,16602
2026-08-27,10:30:00,10.76,10.79,10.71,10.73,50952
2026-08-27,11:00:00,10.73,10.77,10.73,10.77,2426
2026-08-27,11:30:00,10.77,10.77,10.74,10.76,3179
2026-08-27,12:00:00,10.76,10.76,10.68,10.72,34983
2026-08-27,12:30:00,10.71,10.73,10.68,10.68,26520
2026-08-27,13:00:00,10.69,10.72,10.68,10.7,4402
2026-08-27,13:30:00,10.7,10.72,10.7,10.7,3764
2026-08-27,14:00:00,10.7,10.72,10.7,10.71,6772
2026-08-27,14:30:00,10.7,10.71,10.68,10.68,12608
2026-08-27,15:00:00,10.68,10.68,10.68,10.68,1097
2026-08-30,10:00:00,10.69,10.77,10.66,10.76,55859
2026-08-30,10:30:00,10.76,10.76,10.7,10.7,16355
2026-08-30,11:00:00,10.7,10.71,10.67,10.71,2973
2026-08-30,11:30:00,10.7,10.71,10.65,10.66,9677
2026-08-30,12:00:00,10.65,10.65,10.62,10.64,16107
2026-08-30,12:30:00,10.65,10.65,10.64,10.65,12754
2026-08-30,13:00:00,10.66,10.66,10.63,10.65,21721
2026-08-30,13:30:00,10.65,10.67,10.63,10.66,15818
2026-08-30,14:00:00,10.68,10.68,10.63,10.63,11750
2026-08-30,14:30:00,10.67,10.67,10.62,10.63,16186
2026-08-30,15:00:00,10.63,10.63,10.63,10.63,2731
2026-08-31,10:00:00,10.62,10.62,10.55,10.57,18553
2026-08-31,10:30:00,10.57,10.61,10.55,10.57,34882
2026-08-31,11:00:00,10.55,10.57,10.55,10.56,7839
2026-08-31,11:30:00,10.57,10.58,10.57,10.57,1854
2026-08-31,12:00:00,10.58,10.59,10.55,10.55,20454
2026-08-31,12:30:00,10.55,10.56,10.55,10.55,3376
2026-08-31,13:00:00,10.55,10.56,10.54,10.56,2173
2026-08-31,13:30:00,10.56,10.56,10.53,10.54,18925
2026-08-31,14:00:00,10.54,10.55,10.53,10.55,1370
2026-08-31,14:30:00,10.55,10.56,10.53,10.53,4230
2026-08-31,15:00:00,10.53,10.53,10.53,10.53,1873
2026-09-01,10:00:00,10.58,10.58,10.5,10.54,14383
2026-09-01,10:30:00,10.54,10.6,10.54,10.54,18574
2026-09-01,11:00:00,10.56,10.58,10.54,10.55,16600
2026-09-01,11:30:00,10.57,10.57,10.53,10.55,3340
2026-09-01,12:00:00,10.55,10.58,10.54,10.55,10694
2026-09-01,12:30:00,10.55,10.61,10.55,10.61,6568
2026-09-01,13:00:00,10.6,10.6,10.59,10.6,8487
2026-09-01,13:30:00,10.6,10.6,10.57,10.6,8087
2026-09-01,14:00:00,10.59,10.6,10.57,10.59,10831
2026-09-01,14:30:00,10.58,10.6,10.57,10.58,1797
2026-09-01,15:00:00,10.57,10.57,10.57,10.57,1000
2026-09-02,10:00:00,10.56,10.56,10.51,10.51,4269
2026-09-02,10:30:00,10.53,10.53,10.5,10.5,12381
2026-09-02,11:00:00,10.52,10.53,10.49,10.53,3156
2026-09-02,11:30:00,10.53,10.53,10.51,10.51,11709
2026-09-02,12:00:00,10.51,10.52,10.5,10.5,4620
2026-09-02,12:30:00,10.5,10.53,10.5,10.53,5019
2026-09-02,13:00:00,10.51,10.53,10.5,10.53,4034
2026-09-02,13:30:00,10.53,10.53,10.5,10.51,722
2026-09-02,14:00:00,10.51,10.51,10.5,10.51,2602
2026-09-02,14:30:00,10.51,10.52,10.49,10.49,17233
2026-09-02,15:00:00,10.49,10.49,10.49,10.49,559
2026-09-03,10:00:00,10.49,10.56,10.49,10.54,3364
2026-09-03,10:30:00,10.53,10.53,10.5,10.5,8184
2026-09-03,11:00:00,10.52,10.52,10.48,10.5,14331
2026-09-03,11:30:00,10.5,10.5,10.49,10.49,6543
2026-09-03,12:00:00,10.49,10.5,10.49,10.5,3990
2026-09-03,12:30:00,10.5,10.52,10.49,10.5,14750
2026-09-03,13:00:00,10.51,10.51,10.49,10.51,2121
2026-09-03,13:30:00,10.5,10.5,10.49,10.49,11967
2026-09-03,14:00:00,10.49,10.49,10.47,10.47,13820
2026-09-03,14:30:00,10.5,10.51,10.46,10.46,17712
2026-09-03,15:00:00,10.47,10.47,10.47,10.47,1832
2026-09-06,10:00:00,10.46,10.55,10.46,10.52,6781
2026-09-06,10:30:00,10.52,10.55,10.49,10.54,17479
2026-09-06,11:00:00,10.55,10.56,10.54,10.55,1689
2026-09-06,11:30:00,10.55,10.55,10.54,10.54,2078
2026-09-06,12:00:00,10.53,10.54,10.53,10.54,2007
2026-09-06,12:30:00,10.54,10.55,10.53,10.53,3268
2026-09-06,13:00:00,10.54,10.55,10.53,10.53,2572
2026-09-06,13:30:00,10.53,10.54,10.53,10.54,14861
2026-09-06,14:00:00,10.53,10.55,10.5,10.55,15551
2026-09-06,14:30:00,10.55,10.65,10.54,10.64,53574
2026-09-06,15:00:00,10.63,10.63,10.63,10.63,2205
2026-09-07,10:00:00,10.63,10.63,10.57,10.6,1714
2026-09-07,10:30:00,10.62,10.62,10.48,10.61,57861
2026-09-07,11:00:00,10.6,10.6,10.5,10.58,23470
2026-09-07,11:30:00,10.59,10.65,10.59,10.64,18812
2026-09-07,12:00:00,10.62,10.65,10.58,10.6,2726
2026-09-07,12:30:00,10.6,10.61,10.59,10.59,3163
2026-09-07,13:00:00,10.58,10.59,10.57,10.57,3875
2026-09-07,13:30:00,10.57,10.58,10.57,10.57,1099
2026-09-07,14:00:00,10.56,10.59,10.56,10.57,10783
2026-09-07,14:30:00,10.57,10.65,10.56,10.58,5440
2026-09-07,15:00:00,10.55,10.55,10.55,10.55,3453
2026-09-08,10:00:00,10.55,10.62,10.55,10.6,14565
2026-09-08,10:30:00,10.6,10.74,10.59,10.67,38441
2026-09-08,11:00:00,10.67,10.67,10.61,10.61,12289
2026-09-08,11:30:00,10.61,10.75,10.61,10.72,25781
2026-09-08,12:00:00,10.68,10.78,10.62,10.62,84306
2026-09-08,12:30:00,10.62,10.67,10.52,10.55,34719
2026-09-08,13:00:00,10.57,10.59,10.49,10.53,64083
2026-09-08,13:30:00,10.54,10.55,10.52,10.52,9707
2026-09-08,14:00:00,10.52,10.54,10.52,10.54,9218
2026-09-08,14:30:00,10.54,10.54,10.52,10.52,3510
2026-09-08,15:00:00,10.51,10.51,10.51,10.51,612
2026-09-09,10:00:00,10.5,10.54,10.5,10.54,5279
2026-09-09,10:30:00,10.54,10.56,10.52,10.52,583
2026-09-09,11:00:00,10.52,10.52,10.5,10.5,9171
2026-09-09,11:30:00,10.52,10.52,10.46,10.46,23007
2026-09-09,12:00:00,10.48,10.52,10.45,10.51,8931
2026-09-09,12:30:00,10.5,10.52,10.5,10.5,458
2026-09-09,13:00:00,10.5,10.52,10.5,10.51,1370
2026-09-09,13:30:00,10.51,10.52,10.51,10.51,267
2026-09-09,14:00:00,10.51,10.51,10.47,10.48,12499
2026-09-09,14:30:00,10.49,10.49,10.48,10.48,4638
2026-09-09,15:00:00,10.48,10.48,10.48,10.48,592
2026-09-10,10:00:00,10.48,10.51,10.48,10.5,3187
2026-09-10,10:30:00,10.5,10.5,10.47,10.47,13051
2026-09-10,11:00:00,10.48,10.5,10.47,10.47,9093
2026-09-10,11:30:00,10.47,10.5,10.47,10.47,9924
2026-09-10,12:00:00,10.48,10.48,10.45,10.47,40355
2026-09-10,12:30:00,10.45,10.47,10.44,10.44,3716
2026-09-10,13:00:00,10.46,10.46,10.45,10.46,167
2026-09-10,13:30:00,10.46,10.46,10.41,10.42,11283
2026-09-10,14:00:00,10.42,10.43,10.41,10.43,1218
2026-09-10,14:30:00,10.43,10.45,10.43,10.43,7355
2026-09-10,15:00:00,10.43,10.43,10.43,10.43,3070
2026-09-13,10:00:00,10.43,10.44,10.31,10.44,17706
2026-09-13,10:30:00,10.39,10.45,10.39,10.42,2477
2026-09-13,11:00:00,10.45,10.45,10.41,10.41,3035
2026-09-13,11:30:00,10.42,10.44,10.39,10.41,10332
2026-09-13,12:00:00,10.38,10.4,10.37,10.38,613
2026-09-13,12:30:00,10.34,10.35,10.3,10.31,9662
2026-09-13,13:00:00,10.31,10.36,10.3,10.36,10626
2026-09-13,13:30:00,10.35,10.35,10.34,10.35,208
2026-09-13,14:30:00,10.32,10.38,10.31,10.36,15095
2026-09-13,15:00:00,10.35,10.35,10.35,10.35,10
2026-09-14,10:00:00,10.35,10.35,10.2,10.22,27050
2026-09-14,10:30:00,10.22,10.25,10.17,10.24,26237
2026-09-14,11:00:00,10.24,10.24,10.17,10.18,22213
2026-09-14,11:30:00,10.17,10.19,10.15,10.15,19994
2026-09-14,12:00:00,10.14,10.19,10.14,10.19,27639
2026-09-14,12:30:00,10.19,10.2,10.14,10.14,21125
2026-09-14,13:00:00,10.18,10.18,10.14,10.15,3089
2026-09-14,13:30:00,10.15,10.18,10.15,10.16,21996
2026-09-14,14:00:00,10.17,10.17,10.15,10.15,7814
2026-09-14,14:30:00,10.17,10.17,10.14,10.17,11958
2026-09-14,15:00:00,10.19,10.19,10.19,10.19,515
2026-09-15,10:00:00,10.18,10.18,10.04,10.06,29141
2026-09-15,10:30:00,10.06,10.06,10.03,10.03,16041
2026-09-15,11:00:00,10.03,10.04,9.92,9.94,72315
2026-09-15,11:30:00,9.95,9.98,9.88,9.9,26596
2026-09-15,12:00:00,9.9,9.94,9.82,9.82,39871
2026-09-15,12:30:00,9.85,9.85,9.77,9.82,42354
2026-09-15,13:00:00,9.81,9.82,9.78,9.81,23735
2026-09-15,13:30:00,9.8,9.88,9.8,9.8,24633
2026-09-15,14:00:00,9.8,9.8,9.65,9.73,74153
2026-09-15,14:30:00,9.73,9.76,9.71,9.72,43347
2026-09-15,15:00:00,9.72,9.72,9.72,9.72,271
2026-09-16,10:00:00,9.72,9.8,9.71,9.78,20646
2026-09-16,10:30:00,9.75,9.8,9.71,9.79,15393
2026-09-16,11:00:00,9.78,9.81,9.78,9.78,11067
2026-09-16,11:30:00,9.8,9.8,9.75,9.8,2404
2026-09-16,12:00:00,9.8,9.8,9.76,9.76,1391
2026-09-16,12:30:00,9.8,9.8,9.76,9.8,2692
2026-09-16,13:00:00,9.77,9.81,9.77,9.8,3021
2026-09-16,13:30:00,9.77,9.88,9.77,9.82,19965
2026-09-16,14:00:00,9.84,9.87,9.8,9.87,3046
2026-09-16,14:30:00,9.84,9.88,9.74,9.77,10765
2026-09-16,15:00:00,9.73,9.73,9.73,9.73,8911
2026-09-17,10:00:00,9.71,9.82,9.71,9.79,2627
2026-09-17,10:30:00,9.78,9.8,9.76,9.77,56
2026-09-17,11:00:00,9.8,9.82,9.75,9.82,6492
2026-09-17,11:30:00,9.81,9.83,9.8,9.8,9563
2026-09-17,12:00:00,9.79,9.83,9.79,9.79,1494
2026-09-17,12:30:00,9.8,9.8,9.76,9.76,1269
2026-09-17,13:00:00,9.79,9.79,9.74,9.79,3270
2026-09-17,13:30:00,9.75,9.79,9.75,9.75,8525
2026-09-17,14:00:00,9.76,9.77,9.73,9.74,12012
2026-09-17,14:30:00,9.74,9.77,9.71,9.76,13778
2026-09-17,15:00:00,9.7,9.7,9.7,9.7,2000
2026-09-20,10:00:00,9.7,9.7,9.55,9.6,9418
2026-09-20,10:30:00,9.58,9.6,9.55,9.55,8486
2026-09-20,11:00:00,9.55,9.6,9.55,9.57,1117
2026-09-20,11:30:00,9.57,9.57,9.54,9.57,11641
2026-09-20,12:00:00,9.54,9.54,9.49,9.53,16640
2026-09-20,12:30:00,9.51,9.54,9.31,9.48,17227
2026-09-20,13:00:00,9.48,9.48,9.44,9.44,10998
2026-09-20,13:30:00,9.44,9.47,9.43,9.47,3095
2026-09-20,14:00:00,9.45,9.45,9.4,9.45,19580
2026-09-20,14:30:00,9.45,9.46,9.32,9.37,54054
2026-09-20,15:00:00,9.31,9.31,9.31,9.31,617
2026-09-21,10:00:00,9.3,9.36,9.3,9.33,20122
2026-09-21,10:30:00,9.33,9.36,9.3,9.36,5488
2026-09-21,11:00:00,9.34,9.36,9.33,9.33,7856
2026-09-21,11:30:00,9.36,9.36,9.33,9.33,2610
2026-09-21,12:00:00,9.32,9.34,9.28,9.29,13668
2026-09-21,12:30:00,9.32,9.32,9.26,9.27,7831
2026-09-21,13:00:00,9.27,9.27,9.23,9.25,7172
2026-09-21,13:30:00,9.24,9.25,9.23,9.23,4358
2026-09-21,14:00:00,9.24,9.24,9.19,9.19,13595
2026-09-21,14:30:00,9.18,9.2,9.12,9.2,29368
2026-09-21,15:00:00,9.15,9.15,9.15,9.15,6000
