Date,Time,Open,High,Low,Close,Volume
2025-01-08,10:00:00,38.5,45.5,38.5,45.5,566537
2025-01-08,10:30:00,45.5,45.5,45.5,45.5,168925
2025-01-08,11:00:00,45.5,45.5,45.5,45.5,60038
2025-01-08,11:30:00,45.5,45.5,45.5,45.5,55933
2025-01-08,12:00:00,45.5,45.5,45.5,45.5,21229
2025-01-08,12:30:00,45.5,45.5,45.5,45.5,16471
2025-01-08,13:00:00,45.5,45.5,45.5,45.5,15139
2025-01-08,13:30:00,45.5,45.5,45.5,45.5,12515
2025-01-08,14:00:00,45.5,45.5,45.5,45.5,11106
2025-01-08,14:30:00,45.5,45.5,45.5,45.5,157763
2025-01-08,15:00:00,45.5,45.5,45.5,45.5,2949
2025-01-09,10:00:00,50.0,54.4,49.0,49.75,10592880
2025-01-09,10:30:00,49.75,49.85,45.1,46.15,5108651
2025-01-09,11:00:00,46.1,46.8,45.45,46.55,1881792
2025-01-09,11:30:00,46.55,49.25,46.55,47.65,3197917
2025-01-09,12:00:00,47.6,48.45,46.85,48.2,1142047
2025-01-09,12:30:00,48.2,50.8,48.1,50.2,3385984
2025-01-09,13:00:00,50.2,52.8,49.9,51.5,3014326
2025-01-09,13:30:00,51.5,51.6,50.2,50.3,920664
2025-01-09,14:00:00,50.4,51.0,48.8,49.4,1223971
2025-01-09,14:30:00,49.35,50.5,48.8,49.0,1390562
2025-01-09,15:00:00,49.0,49.0,49.0,49.0,175562
2025-01-12,10:00:00,49.7,51.7,49.0,51.0,2326903
2025-01-12,10:30:00,51.1,51.4,50.3,50.6,701604
2025-01-12,11:00:00,50.6,51.2,50.5,50.8,432725
2025-01-12,11:30:00,50.8,50.9,50.3,50.8,315900
2025-01-12,12:00:00,50.8,50.9,50.6,50.7,151213
2025-01-12,12:30:00,50.7,51.4,50.6,51.3,384038
2025-01-12,13:00:00,51.3,52.1,51.0,52.0,1335051
2025-01-12,13:30:00,52.0,52.4,51.2,51.6,1074465
2025-01-12,14:00:00,51.6,51.7,50.9,51.1,639207
2025-01-12,14:30:00,51.0,51.2,50.2,50.4,793298
2025-01-12,15:00:00,50.6,50.6,50.6,50.6,78291
2025-01-13,10:00:00,50.8,51.0,49.75,50.3,594754
2025-01-13,10:30:00,50.3,50.9,50.3,50.5,591603
2025-01-13,11:00:00,50.5,50.6,50.0,50.1,232589
2025-01-13,11:30:00,50.1,50.5,50.0,50.4,101867
2025-01-13,12:00:00,50.3,50.7,50.2,50.7,149260
2025-01-13,12:30:00,50.7,51.3,50.6,50.7,339586
2025-01-13,13:00:00,50.7,50.9,50.1,50.3,220064
2025-01-13,13:30:00,50.4,50.5,50.0,50.1,171720
2025-01-13,14:00:00,50.1,50.5,49.85,49.95,330642
2025-01-13,14:30:00,49.9,50.1,49.1,49.6,433689
2025-01-13,15:00:00,49.45,49.45,49.45,49.45,25902
2025-01-14,10:00:00,49.75,50.8,49.6,50.3,495077
2025-01-14,10:30:00,50.4,50.8,50.3,50.3,303994
2025-01-14,11:00:00,50.3,50.5,50.2,50.4,181570
2025-01-14,11:30:00,50.3,51.2,50.0,51.1,685629
2025-01-14,12:00:00,51.1,52.2,51.0,52.1,1235948
2025-01-14,12:30:00,52.2,54.3,51.9,54.3,2159612
2025-01-14,13:00:00,54.3,54.3,54.3,54.3,91185
2025-01-14,13:30:00,54.3,54.3,54.3,54.3,55524
2025-01-14,14:00:00,54.3,54.3,54.3,54.3,21447
2025-01-14,14:30:00,54.3,54.3,54.3,54.3,26103
2025-01-14,15:00:00,54.3,54.3,54.3,54.3,2906
2025-01-15,10:00:00,55.8,57.9,55.5,57.6,2835610
2025-01-15,10:30:00,57.6,59.7,57.5,58.7,3360842
2025-01-15,11:00:00,58.8,58.9,56.7,57.5,1334494
2025-01-15,11:30:00,57.5,58.2,57.5,58.1,352834
2025-01-15,12:00:00,58.0,59.7,57.9,59.7,1129257
2025-01-15,12:30:00,59.7,59.7,59.7,59.7,35402
2025-01-15,13:00:00,59.7,59.7,59.7,59.7,19268
2025-01-15,13:30:00,59.7,59.7,59.7,59.7,15542
2025-01-15,14:00:00,59.7,59.7,59.7,59.7,9202
2025-01-15,14:30:00,59.7,59.7,59.7,59.7,20684
2025-01-15,15:00:00,59.7,59.7,59.7,59.7,995
2025-01-16,10:00:00,64.5,64.5,62.5,63.2,1570706
2025-01-16,10:30:00,63.2,63.7,62.8,63.2,567648
2025-01-16,11:00:00,63.2,63.3,60.5,61.1,1106817
2025-01-16,11:30:00,61.1,62.3,59.8,61.8,1042601
2025-01-16,12:00:00,61.8,61.8,60.0,60.5,761069
2025-01-16,12:30:00,60.4,62.0,60.3,61.7,426077
2025-01-16,13:00:00,61.7,62.5,61.1,61.2,655293
2025-01-16,13:30:00,61.3,61.6,60.5,60.6,369371
2025-01-16,14:00:00,60.7,60.9,60.1,60.4,350853
2025-01-16,14:30:00,60.4,60.5,57.2,58.4,1084110
2025-01-16,15:00:00,58.4,58.4,58.4,58.4,62626
2025-01-19,10:00:00,59.2,61.0,58.9,60.9,1116425
2025-01-19,10:30:00,60.9,61.1,59.6,60.0,504184
2025-01-19,11:00:00,60.0,60.3,59.6,59.8,207296
2025-01-19,11:30:00,59.7,59.8,58.4,59.6,348888
2025-01-19,12:00:00,59.6,59.7,58.7,59.0,138978
2025-01-19,12:30:00,58.9,59.4,58.6,59.2,110086
2025-01-19,13:00:00,59.1,59.2,58.9,59.1,77797
2025-01-19,13:30:00,59.2,59.3,58.3,59.0,227537
2025-01-19,14:00:00,59.0,59.2,58.1,58.4,211595
2025-01-19,14:30:00,58.4,58.5,58.2,58.5,168564
2025-01-19,15:00:00,58.5,58.5,58.5,58.5,40478
2025-01-20,10:00:00,58.7,58.9,57.6,58.1,433950
2025-01-20,10:30:00,58.1,58.2,57.2,57.5,311967
2025-01-20,11:00:00,57.4,57.5,56.6,56.7,482733
2025-01-20,11:30:00,56.8,57.3,56.6,57.2,288348
2025-01-20,12:00:00,57.2,57.6,57.0,57.1,279891
2025-01-20,12:30:00,57.1,57.5,56.9,57.2,145059
2025-01-20,13:00:00,57.2,57.7,57.0,57.4,244962
2025-01-20,13:30:00,57.4,58.0,57.1,57.3,224823
2025-01-20,14:00:00,57.3,57.5,56.8,57.0,211039
2025-01-20,14:30:00,57.0,57.1,56.5,56.9,322811
2025-01-20,15:00:00,56.8,56.8,56.8,56.8,51763
2025-01-21,10:00:00,57.2,58.6,56.8,58.2,868653
2025-01-21,10:30:00,58.1,59.1,58.1,58.5,556452
2025-01-21,11:00:00,58.5,58.6,58.1,58.3,173614
2025-01-21,11:30:00,58.3,58.5,58.1,58.2,120074
2025-01-21,12:00:00,58.1,58.2,57.6,57.7,168920
2025-01-21,12:30:00,57.9,58.0,57.6,57.9,80925
2025-01-21,13:00:00,58.0,58.0,57.6,57.6,89189
2025-01-21,13:30:00,57.6,57.6,57.1,57.4,164920
2025-01-21,14:00:00,57.4,57.5,57.3,57.5,56797
2025-01-21,14:30:00,57.5,58.0,57.4,57.8,176582
2025-01-21,15:00:00,58.0,58.0,58.0,58.0,55759
2025-01-22,10:00:00,58.7,58.9,57.8,58.3,314362
2025-01-22,10:30:00,58.3,58.5,57.6,57.8,234030
2025-01-22,11:00:00,57.8,58.2,57.8,58.0,110859
2025-01-22,11:30:00,57.9,58.5,57.9,58.3,197016
2025-01-22,12:00:00,58.2,58.5,58.0,58.4,270132
2025-01-22,12:30:00,58.4,58.4,57.8,58.0,172580
2025-01-22,13:00:00,57.9,58.0,57.7,57.9,142190
2025-01-22,13:30:00,57.9,57.9,57.5,57.7,157603
2025-01-22,14:00:00,57.7,57.7,57.2,57.4,163977
2025-01-22,14:30:00,57.5,57.5,56.9,57.1,192568
2025-01-22,15:00:00,57.2,57.2,57.2,57.2,41879
2025-01-23,10:00:00,57.3,57.8,57.1,57.7,106380
2025-01-23,10:30:00,57.7,59.7,57.5,59.5,1036705
2025-01-23,11:00:00,59.5,61.1,59.4,60.5,1481708
2025-01-23,11:30:00,60.5,61.4,60.2,60.3,1059842
2025-01-23,12:00:00,60.4,60.6,59.3,60.2,620901
2025-01-23,12:30:00,60.2,60.2,59.3,59.8,229047
2025-01-23,13:00:00,59.8,60.6,59.5,59.6,302363
2025-01-23,13:30:00,59.6,60.4,59.5,59.8,262991
2025-01-23,14:00:00,59.8,59.9,58.8,59.1,395275
2025-01-23,14:30:00,59.1,59.7,58.9,59.6,190777
2025-01-23,15:00:00,59.7,59.7,59.7,59.7,62150
2025-01-26,10:00:00,59.4,60.3,58.8,60.2,476410
2025-01-26,10:30:00,60.2,60.3,59.1,59.4,311157
2025-01-26,11:00:00,59.4,59.6,59.2,59.5,148335
2025-01-26,11:30:00,59.4,59.6,59.2,59.3,80653
2025-01-26,12:00:00,59.3,59.4,59.1,59.4,86096
2025-01-26,12:30:00,59.4,59.4,59.1,59.3,69556
2025-01-26,13:00:00,59.2,59.2,58.6,58.9,204397
2025-01-26,13:30:00,59.0,59.8,58.7,59.7,281057
2025-01-26,14:00:00,59.7,59.7,59.2,59.4,133435
2025-01-26,14:30:00,59.3,59.5,58.8,59.0,125207
2025-01-26,15:00:00,58.9,58.9,58.9,58.9,15869
2025-01-27,10:00:00,59.0,59.0,57.8,58.0,317280
2025-01-27,10:30:00,58.0,58.1,57.7,58.0,199513
2025-01-27,11:00:00,58.0,58.1,57.8,57.8,76717
2025-01-27,11:30:00,57.9,57.9,57.3,57.4,248983
2025-01-27,12:00:00,57.4,57.4,56.7,56.9,373610
2025-01-27,12:30:00,57.0,57.3,56.9,57.1,197021
2025-01-27,13:00:00,57.2,57.3,56.8,57.0,375681
2025-01-27,13:30:00,57.0,57.1,56.9,57.0,136973
2025-01-27,14:00:00,56.9,57.0,56.2,56.6,241897
2025-01-27,14:30:00,56.6,56.7,56.0,56.0,261688
2025-01-27,15:00:00,56.0,56.0,56.0,56.0,88628
2025-01-28,10:00:00,56.1,56.3,54.8,55.0,521810
2025-01-28,10:30:00,55.0,56.6,54.9,56.5,733494
2025-01-28,11:00:00,56.5,56.5,55.5,55.7,251856
2025-01-28,11:30:00,55.8,56.5,55.7,56.2,169939
2025-01-28,12:00:00,56.3,56.3,55.6,55.8,184041
2025-01-28,12:30:00,55.8,56.2,55.7,56.2,194109
2025-01-28,13:00:00,56.1,56.2,55.5,55.7,169466
2025-01-28,13:30:00,55.7,55.9,55.6,55.6,74684
2025-01-28,14:00:00,55.7,55.8,55.5,55.7,96754
2025-01-28,14:30:00,55.6,55.8,55.4,55.5,141527
2025-01-28,15:00:00,55.7,55.7,55.7,55.7,22075
2025-01-29,10:00:00,55.8,57.9,55.7,57.1,1002330
2025-01-29,10:30:00,57.1,57.2,56.3,56.9,308102
2025-01-29,11:00:00,56.9,57.1,56.6,56.7,109753
2025-01-29,11:30:00,56.6,56.9,56.5,56.7,111351
2025-01-29,12:00:00,56.6,56.7,56.3,56.5,132910
2025-01-29,12:30:00,56.5,57.4,56.4,56.9,297408
2025-01-29,13:00:00,56.9,57.1,56.5,56.9,186975
2025-01-29,13:30:00,57.0,57.0,56.4,56.5,139126
2025-01-29,14:00:00,56.5,56.6,56.3,56.4,186377
2025-01-29,14:30:00,56.5,56.5,56.0,56.4,125313
2025-01-29,15:00:00,56.4,56.4,56.4,56.4,27065
2025-01-30,10:00:00,57.2,57.2,55.9,56.3,388092
2025-01-30,10:30:00,56.3,56.4,56.0,56.1,207173
2025-01-30,11:00:00,56.2,56.5,56.1,56.3,70125
2025-01-30,11:30:00,56.4,56.5,56.1,56.2,76149
2025-01-30,12:00:00,56.2,56.3,56.0,56.3,76228
2025-01-30,12:30:00,56.1,56.8,56.1,56.6,113723
2025-01-30,13:00:00,56.7,57.6,56.5,57.4,384232
2025-01-30,13:30:00,57.4,57.4,56.7,56.8,142715
2025-01-30,14:00:00,56.8,56.9,56.0,56.2,268184
2025-01-30,14:30:00,56.2,56.3,55.9,56.1,173797
2025-01-30,15:00:00,56.2,56.2,56.2,56.2,32426
2025-02-02,10:00:00,56.5,56.5,55.6,55.7,263327
2025-02-02,10:30:00,55.6,56.1,55.6,55.8,89479
2025-02-02,11:00:00,55.8,56.1,55.6,56.0,87731
2025-02-02,11:30:00,55.9,56.3,55.7,56.0,62984
2025-02-02,12:00:00,56.0,56.3,55.9,56.1,64969
2025-02-02,12:30:00,56.1,56.4,56.0,56.0,115218
2025-02-02,13:00:00,56.0,56.3,55.8,56.1,68573
2025-02-02,13:30:00,56.1,56.2,55.9,56.1,50237
2025-02-02,14:00:00,56.1,57.0,56.0,56.8,376920
2025-02-02,14:30:00,56.8,57.0,56.4,57.0,206183
2025-02-02,15:00:00,57.0,57.0,57.0,57.0,74011
2025-02-03,10:00:00,57.2,58.3,56.8,58.2,962350
2025-02-03,10:30:00,58.1,58.3,57.6,57.8,426491
2025-02-03,11:00:00,57.8,58.0,57.1,57.6,315010
2025-02-03,11:30:00,57.5,57.7,57.4,57.6,115035
2025-02-03,12:00:00,57.6,57.8,57.5,57.7,84313
2025-02-03,12:30:00,57.6,58.8,57.6,58.4,673168
2025-02-03,13:00:00,58.5,58.8,57.9,58.2,301262
2025-02-03,13:30:00,58.3,58.3,57.7,57.9,159308
2025-02-03,14:00:00,57.9,58.1,57.9,58.0,95086
2025-02-03,14:30:00,57.9,58.5,57.9,58.4,262877
2025-02-03,15:00:00,58.4,58.4,58.4,58.4,54957
2025-02-04,10:00:00,58.8,59.1,58.3,58.7,424998
2025-02-04,10:30:00,58.6,58.7,58.1,58.4,204033
2025-02-04,11:00:00,58.4,58.6,58.1,58.4,146843
2025-02-04,11:30:00,58.4,59.0,58.3,59.0,192144
2025-02-04,12:00:00,59.0,59.4,58.7,58.7,313944
2025-02-04,12:30:00,58.8,58.9,58.6,58.7,106090
2025-02-04,13:00:00,58.7,58.8,57.9,58.1,369528
2025-02-04,13:30:00,58.1,58.4,57.9,58.3,183096
2025-02-04,14:00:00,58.3,58.4,58.0,58.0,127907
2025-02-04,14:30:00,58.0,58.3,57.9,58.1,108005
2025-02-04,15:00:00,58.0,58.0,58.0,58.0,24586
2025-02-05,10:00:00,58.1,58.8,58.1,58.7,215911
2025-02-05,10:30:00,58.8,58.8,58.3,58.4,85884
2025-02-05,11:00:00,58.4,58.4,58.2,58.3,55046
2025-02-05,11:30:00,58.3,58.7,58.3,58.4,96969
2025-02-05,12:00:00,58.4,58.8,58.3,58.5,133514
2025-02-05,12:30:00,58.5,58.8,58.4,58.5,101033
2025-02-05,13:00:00,58.6,58.7,58.4,58.4,70727
2025-02-05,13:30:00,58.4,58.6,58.3,58.3,68941
2025-02-05,14:00:00,58.3,58.5,58.1,58.2,144881
2025-02-05,14:30:00,58.2,58.3,57.9,58.1,219664
2025-02-05,15:00:00,58.0,58.0,58.0,58.0,22540
2025-02-06,10:00:00,58.0,58.9,57.8,58.6,254753
2025-02-06,10:30:00,58.6,60.0,58.5,60.0,856207
2025-02-06,11:00:00,59.9,60.2,59.5,59.6,582436
2025-02-06,11:30:00,59.7,59.9,59.4,59.6,155086
2025-02-06,12:00:00,59.6,60.6,59.4,60.6,660079
2025-02-06,12:30:00,60.5,60.8,60.1,60.2,290740
2025-02-06,13:00:00,60.3,60.4,59.8,59.9,211750
2025-02-06,13:30:00,59.8,59.9,59.5,59.9,154658
2025-02-06,14:00:00,59.7,59.9,59.1,59.3,189420
2025-02-06,14:30:00,59.3,59.7,59.0,59.6,276879
2025-02-06,15:00:00,60.0,60.0,60.0,60.0,110927
2025-02-09,10:00:00,60.0,60.9,59.7,60.8,346693
2025-02-09,10:30:00,60.8,62.0,60.7,61.7,815193
2025-02-09,11:00:00,61.8,61.9,61.2,61.2,246832
2025-02-09,11:30:00,61.3,61.8,61.2,61.7,120175
2025-02-09,12:00:00,61.7,62.5,61.7,62.5,704610
2025-02-09,12:30:00,62.4,62.5,61.7,61.8,223663
2025-02-09,13:00:00,61.7,62.3,61.7,62.3,189115
2025-02-09,13:30:00,62.2,62.3,61.8,61.8,111451
2025-02-09,14:00:00,61.8,62.1,61.5,61.6,175552
2025-02-09,14:30:00,61.6,62.2,61.5,61.8,175912
2025-02-09,15:00:00,62.0,62.0,62.0,62.0,36736
2025-02-10,10:00:00,62.2,62.2,61.5,61.7,219569
2025-02-10,10:30:00,61.7,61.8,61.1,61.3,200331
2025-02-10,11:00:00,61.3,61.4,60.8,61.2,184427
2025-02-10,11:30:00,61.2,61.5,61.0,61.0,119113
2025-02-10,12:00:00,60.9,61.1,60.7,60.9,148302
2025-02-10,12:30:00,60.8,61.1,60.6,61.1,146237
2025-02-10,13:00:00,61.1,61.1,60.7,60.8,70109
2025-02-10,13:30:00,60.9,61.1,60.7,60.8,71884
2025-02-10,14:00:00,60.9,60.9,60.4,60.6,123008
2025-02-10,14:30:00,60.6,60.7,60.1,60.5,165599
2025-02-10,15:00:00,60.5,60.5,60.5,60.5,35327
2025-02-11,10:00:00,60.6,61.9,59.9,61.7,437404
2025-02-11,10:30:00,61.7,63.2,61.4,62.5,965491
2025-02-11,11:00:00,62.6,62.6,62.1,62.3,265817
2025-02-11,11:30:00,62.3,62.6,62.0,62.6,125724
2025-02-11,12:00:00,62.6,62.6,62.2,62.3,49570
2025-02-11,12:30:00,62.3,63.4,62.2,63.2,693347
2025-02-11,13:00:00,63.2,63.5,62.7,63.3,301907
2025-02-11,13:30:00,63.3,63.3,62.5,62.9,243411
2025-02-11,14:00:00,62.8,63.0,62.4,62.7,143174
2025-02-11,14:30:00,62.6,63.4,62.4,62.8,284725
2025-02-11,15:00:00,62.8,62.8,62.8,62.8,33098
2025-02-12,10:00:00,63.0,63.4,62.5,63.0,440905
2025-02-12,10:30:00,63.0,63.1,62.4,62.4,286487
2025-02-12,11:00:00,62.4,63.0,62.4,62.7,180756
2025-02-12,11:30:00,62.7,62.7,62.4,62.5,76666
2025-02-12,12:00:00,62.5,62.8,62.4,62.7,61260
2025-02-12,12:30:00,62.6,62.7,62.2,62.3,87694
2025-02-12,13:00:00,62.3,62.3,61.8,61.9,216869
2025-02-12,13:30:00,61.9,62.1,61.6,62.0,132314
2025-02-12,14:00:00,62.1,62.3,62.0,62.2,67777
2025-02-12,14:30:00,62.1,62.4,61.8,62.0,117420
2025-02-12,15:00:00,62.0,62.0,62.0,62.0,16522
2025-02-13,10:00:00,62.2,62.9,62.0,62.9,264043
2025-02-13,10:30:00,62.8,63.6,62.5,63.5,487714
2025-02-13,11:00:00,63.4,63.9,63.0,63.8,321661
2025-02-13,11:30:00,63.7,65.2,63.5,65.1,1003833
2025-02-13,12:00:00,65.1,66.8,64.8,65.7,1276550
2025-02-13,12:30:00,65.7,67.7,65.5,67.4,624191
2025-02-13,13:00:00,67.2,68.2,67.1,67.7,1202630
2025-02-13,13:30:00,67.8,68.2,67.6,68.2,1451337
2025-02-13,14:00:00,68.2,68.2,67.8,68.0,525563
2025-02-13,14:30:00,68.0,68.2,68.0,68.2,233683
2025-02-13,15:00:00,68.2,68.2,68.2,68.2,5258
2025-02-16,10:00:00,69.5,69.7,66.3,66.4,1905694
2025-02-16,10:30:00,66.5,67.4,66.5,67.3,242855
2025-02-16,11:00:00,67.3,68.3,67.1,67.7,454030
2025-02-16,11:30:00,67.7,67.9,66.6,67.1,374489
2025-02-16,12:00:00,67.1,67.3,66.8,67.2,169453
2025-02-16,12:30:00,67.2,67.2,66.3,66.5,246666
2025-02-16,13:00:00,66.5,66.7,66.3,66.4,188719
2025-02-16,13:30:00,66.4,66.4,65.7,66.3,423773
2025-02-16,14:00:00,66.2,67.0,66.1,66.8,221160
2025-02-16,14:30:00,66.9,66.9,66.0,66.4,236499
2025-02-16,15:00:00,66.3,66.3,66.3,66.3,41116
2025-02-17,10:00:00,66.2,67.6,65.6,67.4,677198
2025-02-17,10:30:00,67.5,67.9,66.7,66.8,538862
2025-02-17,11:00:00,66.8,67.5,66.4,66.6,256577
2025-02-17,11:30:00,66.6,66.9,66.1,66.4,211421
2025-02-17,12:00:00,66.5,66.6,66.0,66.5,170064
2025-02-17,12:30:00,66.4,66.7,65.8,65.8,238107
2025-02-17,13:00:00,65.8,66.2,65.7,65.8,179520
2025-02-17,13:30:00,65.9,66.0,65.3,65.6,233563
2025-02-17,14:00:00,65.6,65.8,65.0,65.0,385478
2025-02-17,14:30:00,65.1,65.2,64.8,65.1,341939
2025-02-17,15:00:00,65.0,65.0,65.0,65.0,48047
2025-02-18,10:00:00,65.3,66.5,65.3,65.7,489380
2025-02-18,10:30:00,65.7,65.9,64.5,64.8,319823
2025-02-18,11:00:00,64.8,65.0,64.6,64.9,124638
2025-02-18,11:30:00,64.9,65.3,64.9,65.1,78375
2025-02-18,12:00:00,65.2,65.3,64.8,65.1,94616
2025-02-18,12:30:00,65.2,66.0,65.0,65.9,103232
2025-02-18,13:00:00,65.8,66.1,65.4,65.8,247307
2025-02-18,13:30:00,65.8,67.5,65.7,67.0,900639
2025-02-18,14:00:00,67.0,67.2,66.6,66.9,273207
2025-02-18,14:30:00,67.1,68.3,67.1,68.2,847077
2025-02-18,15:00:00,68.4,68.4,68.4,68.4,103280
2025-02-19,10:00:00,68.7,69.3,67.1,67.6,870504
2025-02-19,10:30:00,67.6,67.7,66.8,67.1,368545
2025-02-19,11:00:00,67.2,67.3,66.2,66.5,387761
2025-02-19,11:30:00,66.5,66.8,66.4,66.7,106230
2025-02-19,12:00:00,66.8,67.4,66.7,67.0,270659
2025-02-19,12:30:00,67.1,67.1,66.5,66.7,131721
2025-02-19,13:00:00,66.7,66.8,65.9,66.0,318207
2025-02-19,13:30:00,66.0,66.2,65.7,65.9,165445
2025-02-19,14:00:00,65.9,66.1,65.2,65.8,288586
2025-02-19,14:30:00,65.8,65.9,65.2,65.4,176413
2025-02-19,15:00:00,65.3,65.3,65.3,65.3,19820
2025-02-20,10:00:00,65.9,66.3,65.4,65.6,270066
2025-02-20,10:30:00,65.6,66.8,65.5,66.4,326686
2025-02-20,11:00:00,66.3,66.5,65.7,65.8,227656
2025-02-20,11:30:00,65.9,66.1,65.3,65.3,153264
2025-02-20,12:00:00,65.3,65.5,65.0,65.4,166981
2025-02-20,12:30:00,65.4,65.4,64.7,64.9,102450
2025-02-20,13:00:00,64.9,65.2,64.9,65.2,37941
2025-02-20,13:30:00,65.2,65.2,64.7,65.0,90498
2025-02-20,14:00:00,64.9,65.0,63.2,63.7,404640
2025-02-20,14:30:00,63.7,64.1,63.3,63.5,320032
2025-02-20,15:00:00,63.6,63.6,63.6,63.6,23199
2025-02-24,10:00:00,63.4,63.6,61.7,61.9,393908
2025-02-24,10:30:00,62.0,62.2,61.3,61.5,227311
2025-02-24,11:00:00,61.4,64.0,61.3,63.9,477417
2025-02-24,11:30:00,63.8,64.4,62.8,62.9,323352
2025-02-24,12:00:00,62.9,63.0,62.5,62.7,76094
2025-02-24,12:30:00,62.7,63.0,62.5,62.7,60480
2025-02-24,13:00:00,62.8,63.4,62.6,62.8,73474
2025-02-24,13:30:00,62.9,62.9,62.3,62.3,69564
2025-02-24,14:00:00,62.4,62.8,62.2,62.6,67300
2025-02-24,14:30:00,62.5,62.6,62.3,62.6,127489
2025-02-24,15:00:00,62.5,62.5,62.5,62.5,18336
2025-02-25,10:00:00,62.4,62.8,61.5,61.9,159238
2025-02-25,10:30:00,61.8,62.1,60.9,61.2,210446
2025-02-25,11:00:00,61.1,61.4,60.2,60.2,360962
2025-02-25,11:30:00,60.2,61.3,60.2,61.3,289964
2025-02-25,12:00:00,61.2,61.3,60.7,60.9,104023
2025-02-25,12:30:00,60.9,61.0,60.6,60.7,113419
2025-02-25,13:00:00,60.6,60.7,60.2,60.5,97591
2025-02-25,13:30:00,60.5,61.2,60.3,61.1,84991
2025-02-25,14:00:00,61.1,62.2,61.1,61.9,242945
2025-02-25,14:30:00,61.9,61.9,61.5,61.8,127619
2025-02-25,15:00:00,62.0,62.0,62.0,62.0,35975
2025-02-26,10:00:00,62.2,62.6,61.3,61.7,175410
2025-02-26,10:30:00,61.8,62.3,61.4,61.7,60247
2025-02-26,11:00:00,61.6,63.1,61.6,62.8,260003
2025-02-26,11:30:00,62.9,63.3,62.6,63.0,186772
2025-02-26,12:00:00,62.9,63.1,62.6,62.8,76864
2025-02-26,12:30:00,62.8,62.9,62.0,62.4,114828
2025-02-26,13:00:00,62.4,62.8,61.9,62.7,90831
2025-02-26,13:30:00,62.8,62.9,62.1,62.1,49891
2025-02-26,14:00:00,62.2,62.5,62.1,62.4,27271
2025-02-26,14:30:00,62.4,62.5,61.7,62.0,103440
2025-02-26,15:00:00,61.8,61.8,61.8,61.8,24288
2025-02-27,10:00:00,61.8,62.6,61.6,61.9,102497
2025-02-27,10:30:00,61.9,62.6,61.7,62.0,98947
2025-02-27,11:00:00,62.0,62.1,61.4,61.9,119264
2025-02-27,11:30:00,61.8,61.8,61.3,61.7,89455
2025-02-27,12:00:00,61.6,61.8,61.3,61.4,122491
2025-02-27,12:30:00,61.3,61.6,61.2,61.2,68229
2025-02-27,13:00:00,61.3,61.4,60.8,60.9,109113
2025-02-27,13:30:00,60.9,61.0,60.7,60.9,74540
2025-02-27,14:00:00,60.9,60.9,60.3,60.7,91660
2025-02-27,14:30:00,60.8,60.8,60.4,60.6,76032
2025-02-27,15:00:00,60.6,60.6,60.6,60.6,7523
2025-03-02,10:00:00,60.5,61.0,60.2,60.8,102935
2025-03-02,10:30:00,60.6,60.7,60.2,60.3,52977
2025-03-02,11:00:00,60.3,61.8,60.2,61.0,317837
2025-03-02,11:30:00,61.0,61.3,60.9,61.0,94838
2025-03-02,12:00:00,61.0,61.0,60.3,60.5,85422
2025-03-02,12:30:00,60.5,60.6,60.3,60.4,60862
2025-03-02,13:00:00,60.5,60.9,60.4,60.7,58463
2025-03-02,13:30:00,60.6,60.8,60.5,60.6,48145
2025-03-02,14:00:00,60.7,60.8,60.1,60.3,78910
2025-03-02,14:30:00,60.2,60.4,59.1,59.5,194655
2025-03-02,15:00:00,59.5,59.5,59.5,59.5,29863
2025-03-03,10:00:00,59.6,61.0,59.5,60.8,156243
2025-03-03,10:30:00,60.8,61.2,60.2,60.2,120647
2025-03-03,11:00:00,60.1,60.3,59.4,59.7,205897
2025-03-03,11:30:00,59.6,59.7,59.1,59.2,91051
2025-03-03,12:00:00,59.4,59.9,59.3,59.8,25711
2025-03-03,12:30:00,59.8,60.0,59.4,59.5,73188
2025-03-03,13:00:00,59.5,59.6,59.2,59.4,48229
2025-03-03,13:30:00,59.4,59.4,58.7,59.3,115123
2025-03-03,14:00:00,59.4,59.7,59.1,59.2,70287
2025-03-03,14:30:00,59.2,59.4,59.0,59.2,140119
2025-03-03,15:00:00,59.3,59.3,59.3,59.3,9717
2025-03-04,10:00:00,53.4,53.4,53.4,53.4,269673
2025-03-04,10:30:00,53.4,53.4,53.4,53.4,158066
2025-03-04,11:00:00,53.4,53.4,53.4,53.4,54554
2025-03-04,11:30:00,53.4,53.4,53.4,53.4,51325
2025-03-04,12:00:00,53.4,53.4,53.4,53.4,23321
2025-03-04,12:30:00,53.4,53.4,53.4,53.4,30456
2025-03-04,13:00:00,53.4,53.4,53.4,53.4,20685
2025-03-04,13:30:00,53.4,53.4,53.4,53.4,39160
2025-03-04,14:00:00,53.4,53.4,53.4,53.4,40214
2025-03-04,14:30:00,53.4,53.4,53.4,53.4,30621
2025-03-04,15:00:00,53.4,53.4,53.4,53.4,23730
2025-03-05,10:00:00,48.1,48.1,48.1,48.1,394137
2025-03-05,10:30:00,48.1,48.1,48.1,48.1,57034
2025-03-05,11:00:00,48.1,48.1,48.1,48.1,73209
2025-03-05,11:30:00,48.1,48.1,48.1,48.1,15707
2025-03-05,12:00:00,48.1,48.1,48.1,48.1,7445
2025-03-05,12:30:00,48.1,48.1,48.1,48.1,40067
2025-03-05,13:00:00,48.1,48.1,48.1,48.1,18668
2025-03-05,13:30:00,48.1,48.1,48.1,48.1,31712
2025-03-05,14:00:00,48.1,48.1,48.1,48.1,12107
2025-03-05,14:30:00,48.1,48.1,48.1,48.1,14835
2025-03-05,15:00:00,48.1,48.1,48.1,48.1,5203
2025-03-06,10:00:00,44.8,47.65,43.3,43.3,3931398
2025-03-06,10:30:00,43.3,44.3,43.3,43.3,2513379
2025-03-06,11:00:00,43.3,43.3,43.3,43.3,95231
2025-03-06,11:30:00,43.3,43.3,43.3,43.3,52066
2025-03-06,12:00:00,43.3,43.3,43.3,43.3,52935
2025-03-06,12:30:00,43.3,43.3,43.3,43.3,57175
2025-03-06,13:00:00,43.3,44.3,43.3,44.2,2799919
2025-03-06,13:30:00,44.1,44.95,43.3,44.3,1907476
2025-03-06,14:00:00,44.25,45.0,43.7,44.8,1293152
2025-03-06,14:30:00,44.8,45.4,44.2,44.5,1345419
2025-03-06,15:00:00,44.55,44.55,44.55,44.55,113790
2025-03-09,10:00:00,44.8,46.05,44.55,45.8,990080
2025-03-09,10:30:00,45.8,45.85,44.1,44.3,947236
2025-03-09,11:00:00,44.3,44.55,40.55,41.65,1830357
2025-03-09,11:30:00,41.65,42.7,40.75,42.6,923964
2025-03-09,12:00:00,42.6,43.15,42.45,42.7,452848
2025-03-09,12:30:00,42.65,42.85,41.8,42.7,354315
2025-03-09,13:00:00,42.7,43.1,42.65,42.85,339252
2025-03-09,13:30:00,42.85,43.25,42.3,42.6,462847
2025-03-09,14:00:00,42.6,43.3,42.45,42.9,584546
2025-03-09,14:30:00,42.85,42.95,41.4,41.65,504663
2025-03-09,15:00:00,41.65,41.65,41.65,41.65,93194
2025-03-10,10:00:00,42.0,42.3,41.25,41.7,1000667
2025-03-10,10:30:00,41.8,42.55,41.65,42.55,444514
2025-03-10,11:00:00,42.55,43.1,42.35,43.0,700836
2025-03-10,11:30:00,43.0,43.25,42.7,43.0,447924
2025-03-10,12:00:00,42.95,42.95,42.2,42.6,173323
2025-03-10,12:30:00,42.6,42.6,41.9,42.0,220305
2025-03-10,13:00:00,42.0,42.15,41.7,41.8,240411
2025-03-10,13:30:00,41.8,42.15,41.75,42.0,141864
2025-03-10,14:00:00,42.0,42.25,41.95,42.15,95130
2025-03-10,14:30:00,42.1,42.35,41.9,42.2,179426
2025-03-10,15:00:00,42.05,42.05,42.05,42.05,38612
2025-03-11,10:00:00,41.5,41.6,39.95,40.35,1149179
2025-03-11,10:30:00,40.35,40.85,40.2,40.5,431038
2025-03-11,11:00:00,40.55,41.05,40.4,40.95,313729
2025-03-11,11:30:00,40.95,41.25,40.5,41.0,323030
2025-03-11,12:00:00,40.95,41.4,40.85,41.05,283335
2025-03-11,12:30:00,41.15,41.7,41.1,41.3,292929
2025-03-11,13:00:00,41.3,41.65,41.15,41.2,231699
2025-03-11,13:30:00,41.2,41.35,41.05,41.3,167603
2025-03-11,14:00:00,41.25,41.8,41.05,41.65,267607
2025-03-11,14:30:00,41.65,42.85,41.6,42.4,625807
2025-03-11,15:00:00,42.4,42.4,42.4,42.4,21546
2025-03-12,10:00:00,42.6,43.4,42.45,42.85,416504
2025-03-12,10:30:00,42.9,42.9,42.55,42.75,210378
2025-03-12,11:00:00,42.8,42.95,42.6,42.65,116814
2025-03-12,11:30:00,42.7,43.3,42.65,43.05,212716
2025-03-12,12:00:00,43.05,43.1,42.75,42.8,162528
2025-03-12,12:30:00,42.8,43.4,42.8,43.0,212000
2025-03-12,13:00:00,43.05,43.05,42.25,42.6,295953
2025-03-12,13:30:00,42.6,42.85,42.45,42.85,148643
2025-03-12,14:00:00,42.85,43.4,42.85,43.1,318874
2025-03-12,14:30:00,43.0,43.15,42.85,43.05,176444
2025-03-12,15:00:00,43.05,43.05,43.05,43.05,24644
2025-03-13,10:00:00,43.15,43.25,42.8,43.0,188606
2025-03-13,10:30:00,43.0,43.1,42.5,42.55,143246
2025-03-13,11:00:00,42.55,42.7,42.35,42.55,126714
2025-03-13,11:30:00,42.6,42.9,42.55,42.6,80794
2025-03-13,12:00:00,42.65,42.65,42.25,42.4,151474
2025-03-13,12:30:00,42.45,42.65,42.4,42.55,81262
2025-03-13,13:00:00,42.55,42.65,42.35,42.4,96209
2025-03-13,13:30:00,42.4,42.45,41.9,42.05,182846
2025-03-13,14:00:00,42.05,42.25,41.95,42.15,151158
2025-03-13,14:30:00,42.15,42.25,41.15,41.2,508030
2025-03-13,15:00:00,40.9,40.9,40.9,40.9,344188
2025-03-16,10:00:00,41.6,42.8,41.0,41.95,847775
2025-03-16,10:30:00,42.0,42.3,41.85,41.95,361698
2025-03-16,11:00:00,41.9,42.3,41.7,41.85,259040
2025-03-16,11:30:00,41.85,41.95,41.7,41.9,135776
2025-03-16,12:00:00,41.9,42.0,41.85,41.9,84365
2025-03-16,12:30:00,41.85,42.1,41.8,42.0,91980
2025-03-16,13:00:00,42.0,42.1,41.85,42.0,133327
2025-03-16,13:30:00,42.1,42.1,41.75,41.85,84663
2025-03-16,14:00:00,41.85,41.85,41.2,41.35,324715
2025-03-16,14:30:00,41.35,41.35,41.0,41.25,262245
2025-03-16,15:00:00,41.3,41.3,41.3,41.3,41760
2025-03-17,10:00:00,41.1,42.3,41.0,42.25,370201
2025-03-17,10:30:00,42.2,42.4,41.95,42.2,394140
2025-03-17,11:00:00,42.15,42.4,41.85,42.4,369178
2025-03-17,11:30:00,42.3,42.6,41.95,42.0,383241
2025-03-17,12:00:00,42.0,42.2,41.9,42.1,150291
2025-03-17,12:30:00,42.05,42.1,41.8,41.9,143186
2025-03-17,13:00:00,41.95,42.0,41.65,41.75,165703
2025-03-17,13:30:00,41.75,41.75,41.3,41.3,222762
2025-03-17,14:00:00,41.3,41.5,41.3,41.35,98927
2025-03-17,14:30:00,41.4,41.4,41.1,41.15,205578
2025-03-17,15:00:00,41.2,41.2,41.2,41.2,44013
2025-03-18,10:00:00,41.35,41.7,39.85,40.1,612617
2025-03-18,10:30:00,40.1,40.2,39.7,39.95,273171
2025-03-18,11:00:00,39.9,40.45,39.9,40.35,136194
2025-03-18,11:30:00,40.3,40.4,40.0,40.15,97525
2025-03-18,12:00:00,40.1,40.15,39.8,39.85,129646
2025-03-18,12:30:00,39.85,40.0,39.75,39.8,134087
2025-03-18,13:00:00,39.8,39.9,39.0,39.15,292753
2025-03-18,13:30:00,39.2,39.4,39.05,39.2,178667
2025-03-18,14:00:00,39.2,39.4,39.1,39.2,200327
2025-03-18,14:30:00,39.2,39.55,39.1,39.3,188961
2025-03-18,15:00:00,39.2,39.2,39.2,39.2,23838
2025-03-19,10:00:00,39.2,39.25,38.75,39.0,193041
2025-03-19,10:30:00,39.05,39.5,38.85,39.35,151392
2025-03-19,11:00:00,39.4,39.5,39.05,39.05,141979
2025-03-19,11:30:00,39.1,39.3,39.05,39.25,32774
2025-03-19,12:00:00,39.2,39.25,38.95,39.1,97275
2025-03-19,12:30:00,39.1,39.2,39.05,39.05,42020
2025-03-19,13:00:00,39.05,39.35,39.0,39.2,68767
2025-03-19,13:30:00,39.15,39.2,39.0,39.1,67663
2025-03-19,14:00:00,39.1,39.35,39.0,39.2,110013
2025-03-19,14:30:00,39.25,39.8,39.25,39.75,188108
2025-03-19,15:00:00,39.65,39.65,39.65,39.65,25812
2025-03-20,10:00:00,39.7,39.8,39.4,39.7,120320
2025-03-20,10:30:00,39.65,40.2,39.6,40.2,165745
2025-03-20,11:00:00,40.2,40.2,39.85,39.95,93349
2025-03-20,11:30:00,39.95,40.0,39.6,39.65,82863
2025-03-20,12:00:00,39.6,39.7,39.5,39.6,64287
2025-03-20,12:30:00,39.6,39.7,39.45,39.7,55241
2025-03-20,13:00:00,39.65,39.7,39.3,39.35,120002
2025-03-20,13:30:00,39.35,39.4,39.2,39.25,87883
2025-03-20,14:00:00,39.3,39.5,39.2,39.25,102284
2025-03-20,14:30:00,39.4,39.45,39.3,39.35,103813
2025-03-20,15:00:00,39.35,39.35,39.35,39.35,19233
2025-03-23,10:00:00,39.4,40.15,39.4,39.75,175132
2025-03-23,10:30:00,39.7,39.7,39.35,39.35,52905
2025-03-23,11:00:00,39.4,39.7,39.35,39.55,94128
2025-03-23,11:30:00,39.5,39.6,39.4,39.5,33180
2025-03-23,12:00:00,39.5,39.65,39.35,39.55,59351
2025-03-23,12:30:00,39.55,39.6,39.45,39.45,24760
2025-03-23,13:00:00,39.5,39.55,39.4,39.5,23317
2025-03-23,13:30:00,39.5,39.65,39.45,39.65,37016
2025-03-23,14:00:00,39.6,39.65,39.45,39.5,54724
2025-03-23,14:30:00,39.5,39.5,39.1,39.15,112896
2025-03-23,15:00:00,39.1,39.1,39.1,39.1,24973
2025-03-24,10:00:00,39.25,39.6,39.15,39.6,147258
2025-03-24,10:30:00,39.6,40.2,39.5,40.2,525371
2025-03-24,11:00:00,40.15,40.5,40.05,40.4,306026
2025-03-24,11:30:00,40.4,40.45,39.9,40.0,139397
2025-03-24,12:00:00,40.0,40.3,39.95,40.25,76946
2025-03-24,12:30:00,40.25,40.45,39.75,39.9,236468
2025-03-24,13:00:00,39.85,39.95,39.7,39.85,80272
2025-03-24,13:30:00,39.8,40.0,39.7,39.9,130643
2025-03-24,14:00:00,39.9,39.95,39.65,39.7,105829
2025-03-24,14:30:00,39.65,40.0,39.6,39.85,109229
2025-03-24,15:00:00,39.9,39.9,39.9,39.9,19019
2025-03-25,10:00:00,40.2,40.25,39.5,39.6,222470
2025-03-25,10:30:00,39.55,39.7,39.25,39.4,180291
2025-03-25,11:00:00,39.35,39.45,39.05,39.25,133460
2025-03-25,11:30:00,39.3,39.35,39.15,39.25,93265
2025-03-25,12:00:00,39.25,39.4,39.1,39.15,72070
2025-03-25,12:30:00,39.1,39.25,38.85,38.9,191448
2025-03-25,13:00:00,38.9,39.0,38.8,39.0,91462
2025-03-25,13:30:00,38.95,39.1,38.9,39.05,41736
2025-03-25,14:00:00,39.05,39.2,38.9,39.15,42529
2025-03-25,14:30:00,39.1,39.15,38.9,38.9,123150
2025-03-25,15:00:00,38.9,38.9,38.9,38.9,24537
2025-03-26,10:00:00,39.05,39.3,38.95,38.95,86250
2025-03-26,10:30:00,38.95,39.3,38.9,39.2,42930
2025-03-26,11:00:00,39.2,39.25,39.05,39.1,80472
2025-03-26,11:30:00,39.15,39.2,39.05,39.2,53098
2025-03-26,12:00:00,39.2,39.3,39.15,39.25,70142
2025-03-26,12:30:00,39.25,39.6,39.1,39.5,156282
2025-03-26,13:00:00,39.5,39.95,39.35,39.65,270795
2025-03-26,13:30:00,39.7,39.75,39.5,39.55,94247
2025-03-26,14:00:00,39.6,39.7,39.35,39.55,211478
2025-03-26,14:30:00,39.55,39.95,39.5,39.9,225274
2025-03-26,15:00:00,39.9,39.9,39.9,39.9,39020
2025-03-27,10:00:00,40.0,41.45,39.5,41.15,599870
2025-03-27,10:30:00,41.2,41.35,40.85,40.9,360201
2025-03-27,11:00:00,40.9,40.95,40.5,40.5,232052
2025-03-27,11:30:00,40.6,40.8,40.3,40.75,148585
2025-03-27,12:00:00,40.75,40.75,40.35,40.55,95411
2025-03-27,12:30:00,40.55,40.6,40.35,40.5,52109
2025-03-27,13:00:00,40.5,41.15,40.45,40.85,239107
2025-03-27,13:30:00,40.75,41.05,40.65,40.85,165032
2025-03-27,14:00:00,40.85,40.85,40.4,40.5,140446
2025-03-27,14:30:00,40.5,40.55,40.2,40.35,227780
2025-03-27,15:00:00,40.4,40.4,40.4,40.4,54274
2025-04-03,10:00:00,40.0,40.8,39.7,40.25,250823
2025-04-03,10:30:00,40.25,40.4,40.05,40.15,86625
2025-04-03,11:00:00,40.2,40.3,40.0,40.05,92744
2025-04-03,11:30:00,40.1,40.2,39.9,39.95,71994
2025-04-03,12:00:00,40.0,40.0,39.65,39.75,112623
2025-04-03,12:30:00,39.8,39.9,39.7,39.8,43770
2025-04-03,13:00:00,39.85,39.9,39.2,39.5,118983
2025-04-03,13:30:00,39.4,39.85,39.4,39.75,58353
2025-04-03,14:00:00,39.75,39.75,39.35,39.4,64539
2025-04-03,14:30:00,39.4,39.5,39.3,39.45,75848
2025-04-03,15:00:00,39.45,39.45,39.45,39.45,19009
2025-04-06,10:00:00,36.3,37.0,36.0,36.6,251443
2025-04-06,10:30:00,36.5,36.6,35.55,35.9,309229
2025-04-06,11:00:00,35.95,36.25,35.85,36.15,211645
2025-04-06,11:30:00,36.15,36.2,35.75,35.95,178735
2025-04-06,12:00:00,35.9,36.0,35.65,35.95,105413
2025-04-06,12:30:00,35.9,35.95,35.55,35.55,195941
2025-04-06,13:00:00,35.55,35.6,35.55,35.55,46920
2025-04-06,13:30:00,35.55,35.55,35.55,35.55,26982
2025-04-06,14:00:00,35.55,35.55,35.55,35.55,17198
2025-04-06,14:30:00,35.55,35.55,35.55,35.55,15000
2025-04-06,15:00:00,35.55,35.55,35.55,35.55,4816
2025-04-07,10:00:00,33.0,33.75,32.0,32.85,782831
2025-04-07,10:30:00,32.85,33.5,32.55,33.4,254336
2025-04-07,11:00:00,33.4,33.95,32.9,33.7,240044
2025-04-07,11:30:00,33.7,34.9,33.6,34.7,291601
2025-04-07,12:00:00,34.85,34.95,34.15,34.7,193200
2025-04-07,12:30:00,34.8,34.9,33.85,34.9,304327
2025-04-07,13:00:00,34.85,35.6,34.7,35.25,370062
2025-04-07,13:30:00,35.3,35.5,34.9,35.2,114758
2025-04-07,14:00:00,35.2,36.25,35.2,36.05,286976
2025-04-07,14:30:00,36.05,36.1,35.3,35.4,140174
2025-04-07,15:00:00,35.45,35.45,35.45,35.45,36619
2025-04-08,10:00:00,36.1,36.8,35.9,36.5,453065
2025-04-08,10:30:00,36.5,36.8,36.0,36.35,236478
2025-04-08,11:00:00,36.4,36.4,35.85,36.0,124021
2025-04-08,11:30:00,36.0,36.2,35.95,36.1,58214
2025-04-08,12:00:00,36.05,36.15,35.6,35.65,150345
2025-04-08,12:30:00,35.65,35.95,35.45,35.45,111442
2025-04-08,13:00:00,35.5,35.75,35.45,35.7,94746
2025-04-08,13:30:00,35.7,35.75,35.35,35.45,177219
2025-04-08,14:00:00,35.4,35.45,34.85,35.2,126079
2025-04-08,14:30:00,35.2,35.3,34.9,35.2,120876
2025-04-08,15:00:00,35.2,35.2,35.2,35.2,10876
2025-04-09,10:00:00,34.8,35.3,34.45,35.05,336770
2025-04-09,10:30:00,35.0,35.4,34.95,35.2,158496
2025-04-09,11:00:00,35.2,35.6,35.15,35.3,203168
2025-04-09,11:30:00,35.3,35.9,35.15,35.8,254272
2025-04-09,12:00:00,35.8,36.0,35.6,36.0,118372
2025-04-09,12:30:00,36.0,36.0,35.65,35.65,106519
2025-04-09,13:00:00,35.7,35.7,35.45,35.5,117059
2025-04-09,13:30:00,35.55,37.65,35.4,36.65,677614
2025-04-09,14:00:00,36.6,36.7,35.2,35.2,687669
2025-04-09,14:30:00,35.35,35.95,34.6,35.0,402675
2025-04-09,15:00:00,34.9,34.9,34.9,34.9,32696
2025-04-10,10:00:00,38.0,38.0,36.5,36.85,794410
2025-04-10,10:30:00,36.85,36.9,36.3,36.55,413539
2025-04-10,11:00:00,36.55,36.8,36.35,36.65,252396
2025-04-10,11:30:00,36.7,36.8,36.45,36.5,117516
2025-04-10,12:00:00,36.5,36.75,36.2,36.7,161577
2025-04-10,12:30:00,36.75,36.8,36.5,36.65,136604
2025-04-10,13:00:00,36.6,36.65,36.4,36.55,90791
2025-04-10,13:30:00,36.55,36.7,36.25,36.3,89917
2025-04-10,14:00:00,36.3,36.55,36.25,36.35,78045
2025-04-10,14:30:00,36.4,36.5,36.15,36.2,154875
2025-04-10,15:00:00,36.3,36.3,36.3,36.3,49139
2025-04-13,10:00:00,36.9,37.1,36.4,36.5,518805
2025-04-13,10:30:00,36.5,36.8,36.35,36.55,435833
2025-04-13,11:00:00,36.55,36.7,36.35,36.4,268367
2025-04-13,11:30:00,36.45,36.5,36.15,36.35,424257
2025-04-13,12:00:00,36.35,36.5,36.2,36.4,204305
2025-04-13,12:30:00,36.4,36.45,36.1,36.3,362135
2025-04-13,13:00:00,36.25,36.4,36.2,36.3,227346
2025-04-13,13:30:00,36.3,36.4,36.1,36.25,207987
2025-04-13,14:00:00,36.25,36.3,35.95,36.05,367558
2025-04-13,14:30:00,36.05,36.2,35.95,36.0,198633
2025-04-13,15:00:00,36.05,36.05,36.05,36.05,14100
2025-04-14,10:00:00,36.2,36.65,35.95,36.65,566822
2025-04-14,10:30:00,36.65,36.7,36.3,36.5,596647
2025-04-14,11:00:00,36.5,36.85,36.45,36.7,439000
2025-04-14,11:30:00,36.7,36.7,36.45,36.55,164820
2025-04-14,12:00:00,36.6,37.6,36.55,37.3,1184779
2025-04-14,12:30:00,37.35,37.45,37.1,37.35,455208
2025-04-14,13:00:00,37.4,37.45,37.15,37.25,319136
2025-04-14,13:30:00,37.25,37.3,36.75,36.9,385451
2025-04-14,14:00:00,36.9,38.0,36.75,37.95,775206
2025-04-14,14:30:00,37.95,38.0,37.0,37.7,873241
2025-04-14,15:00:00,37.7,37.7,37.7,37.7,119013
2025-04-15,10:00:00,38.2,38.75,37.85,38.55,1336448
2025-04-15,10:30:00,38.55,38.55,37.9,38.2,644972
2025-04-15,11:00:00,38.2,38.25,37.85,38.0,350839
2025-04-15,11:30:00,38.0,38.2,37.9,37.95,238603
2025-04-15,12:00:00,38.0,38.0,37.8,37.9,204084
2025-04-15,12:30:00,37.85,37.9,37.7,37.85,179695
2025-04-15,13:00:00,37.85,37.9,37.55,37.75,283831
2025-04-15,13:30:00,37.75,37.85,37.15,37.5,327069
2025-04-15,14:00:00,37.45,37.75,37.35,37.7,144694
2025-04-15,14:30:00,37.65,37.75,37.25,37.3,301436
2025-04-15,15:00:00,37.2,37.2,37.2,37.2,54670
2025-04-16,10:00:00,37.05,37.6,37.0,37.5,314301
2025-04-16,10:30:00,37.5,37.55,37.0,37.25,237197
2025-04-16,11:00:00,37.15,37.2,36.65,36.9,275311
2025-04-16,11:30:00,36.9,37.05,36.85,37.0,115669
2025-04-16,12:00:00,37.0,37.05,36.85,36.9,99080
2025-04-16,12:30:00,36.95,36.95,36.8,36.95,88515
2025-04-16,13:00:00,36.95,36.95,36.85,36.9,65450
2025-04-16,13:30:00,36.85,36.95,36.75,36.85,103811
2025-04-16,14:00:00,36.85,36.9,36.75,36.8,78366
2025-04-16,14:30:00,36.8,37.05,36.8,37.0,125318
2025-04-16,15:00:00,37.05,37.05,37.05,37.05,31665
2025-04-17,10:00:00,36.85,36.9,36.65,36.75,229052
2025-04-17,10:30:00,36.75,36.85,36.65,36.75,169435
2025-04-17,11:00:00,36.7,36.8,36.6,36.7,122387
2025-04-17,11:30:00,36.7,36.8,36.65,36.65,59096
2025-04-17,12:00:00,36.65,36.85,36.55,36.65,80780
2025-04-17,12:30:00,36.65,36.65,36.3,36.5,156196
2025-04-17,13:00:00,36.55,36.55,36.3,36.4,91026
2025-04-17,13:30:00,36.4,36.5,36.35,36.45,63804
2025-04-17,14:00:00,36.5,36.5,36.25,36.3,81795
2025-04-17,14:30:00,36.3,36.4,36.15,36.35,151894
2025-04-17,15:00:00,36.35,36.35,36.35,36.35,43002
2025-04-20,10:00:00,36.4,36.95,36.4,36.7,242830
2025-04-20,10:30:00,36.75,36.9,36.7,36.85,98721
2025-04-20,11:00:00,36.8,36.85,36.55,36.6,82175
2025-04-20,11:30:00,36.6,36.75,36.55,36.7,44443
2025-04-20,12:00:00,36.7,36.75,36.6,36.65,30421
2025-04-20,12:30:00,36.65,36.65,36.55,36.65,47181
2025-04-20,13:00:00,36.65,36.8,36.65,36.65,85098
2025-04-20,13:30:00,36.6,36.75,36.6,36.65,35057
2025-04-20,14:00:00,36.65,36.75,36.6,36.65,67512
2025-04-20,14:30:00,36.65,36.75,36.6,36.7,61891
2025-04-20,15:00:00,36.6,36.6,36.6,36.6,5420
2025-04-21,10:00:00,36.95,37.65,36.6,37.6,749391
2025-04-21,10:30:00,37.6,38.2,37.55,37.95,1450331
2025-04-21,11:00:00,37.95,38.15,37.65,37.75,513692
2025-04-21,11:30:00,37.8,37.95,37.65,37.8,240715
2025-04-21,12:00:00,37.8,37.9,37.55,37.6,208106
2025-04-21,12:30:00,37.65,37.75,37.55,37.6,102194
2025-04-21,13:00:00,37.65,37.65,37.2,37.5,181654
2025-04-21,13:30:00,37.45,38.2,37.25,38.05,380826
2025-04-21,14:00:00,38.05,39.55,38.05,38.4,2468215
2025-04-21,14:30:00,38.4,38.85,38.35,38.45,797638
2025-04-21,15:00:00,38.35,38.35,38.35,38.35,99809
2025-04-22,10:00:00,38.35,39.2,37.8,38.95,1340070
2025-04-22,10:30:00,39.0,39.05,38.4,38.7,393985
2025-04-22,11:00:00,38.7,39.0,38.6,38.8,224062
2025-04-22,11:30:00,38.8,39.2,38.6,39.1,436231
2025-04-22,12:00:00,39.1,39.15,38.8,38.85,207010
2025-04-22,12:30:00,38.85,39.4,38.85,39.25,366193
2025-04-22,13:00:00,39.25,39.35,39.0,39.15,197480
2025-04-22,13:30:00,39.2,39.2,38.85,39.05,176794
2025-04-22,14:00:00,39.05,39.65,39.0,39.2,617772
2025-04-22,14:30:00,39.2,39.25,38.7,38.85,430418
2025-04-22,15:00:00,38.85,38.85,38.85,38.85,24773
2025-04-23,10:00:00,39.1,39.6,39.0,39.55,622017
2025-04-23,10:30:00,39.6,40.0,39.4,39.5,720399
2025-04-23,11:00:00,39.5,39.7,39.45,39.5,136259
2025-04-23,11:30:00,39.55,39.6,39.2,39.2,217996
2025-04-23,12:00:00,39.2,39.35,39.1,39.3,105528
2025-04-23,12:30:00,39.3,39.35,38.9,39.15,130085
2025-04-23,13:00:00,39.1,39.7,39.05,39.6,194829
2025-04-23,13:30:00,39.55,40.35,39.5,39.8,860485
2025-04-23,14:00:00,39.8,39.85,39.55,39.6,275611
2025-04-23,14:30:00,39.65,39.75,39.35,39.5,261274
2025-04-23,15:00:00,39.7,39.7,39.7,39.7,122617
2025-04-24,10:00:00,39.7,39.7,39.25,39.4,288691
2025-04-24,10:30:00,39.45,39.45,39.0,39.3,271472
2025-04-24,11:00:00,39.3,39.4,39.15,39.2,150588
2025-04-24,11:30:00,39.15,39.3,39.15,39.3,95645
2025-04-24,12:00:00,39.25,39.35,39.2,39.2,42299
2025-04-24,12:30:00,39.2,39.3,39.0,39.25,174668
2025-04-24,13:00:00,39.25,39.25,39.0,39.25,204957
2025-04-24,13:30:00,39.2,39.3,38.6,38.8,354176
2025-04-24,14:00:00,38.8,38.95,38.65,38.85,302673
2025-04-24,14:30:00,38.85,39.05,38.8,38.85,186825
2025-04-24,15:00:00,38.8,38.8,38.8,38.8,51742
2025-04-27,10:00:00,39.0,39.0,38.8,38.9,289751
2025-04-27,10:30:00,38.85,39.05,38.75,39.0,161464
2025-04-27,11:00:00,39.0,39.3,38.9,39.25,344736
2025-04-27,11:30:00,39.3,39.4,39.2,39.3,218651
2025-04-27,12:00:00,39.3,39.55,39.25,39.35,186183
2025-04-27,12:30:00,39.35,39.4,39.0,39.05,166126
2025-04-27,13:00:00,39.1,39.25,39.0,39.05,70001
2025-04-27,13:30:00,39.05,39.1,38.85,38.9,200276
2025-04-27,14:00:00,38.95,39.0,38.85,38.95,111005
2025-04-27,14:30:00,38.9,39.2,38.9,39.05,109998
2025-04-27,15:00:00,39.0,39.0,39.0,39.0,13750
2025-04-28,10:00:00,39.95,40.1,38.7,38.8,1681830
2025-04-28,10:30:00,38.8,38.8,38.0,38.55,683597
2025-04-28,11:00:00,38.55,38.6,37.65,37.9,686483
2025-04-28,11:30:00,37.9,38.1,37.75,37.95,494019
2025-04-28,12:00:00,38.0,38.1,37.9,37.95,211662
2025-04-28,12:30:00,37.95,38.05,37.8,38.0,196837
2025-04-28,13:00:00,38.0,38.05,37.5,37.5,633129
2025-04-28,13:30:00,37.55,37.7,37.35,37.6,380479
2025-04-28,14:00:00,37.6,37.85,37.55,37.75,381219
2025-04-28,14:30:00,37.75,37.85,37.5,37.5,430361
2025-04-28,15:00:00,37.5,37.5,37.5,37.5,83644
2025-04-29,10:00:00,37.5,37.7,37.3,37.45,550994
2025-04-29,10:30:00,37.45,37.95,37.4,37.65,453938
2025-04-29,11:00:00,37.65,37.7,37.4,37.65,188801
2025-04-29,11:30:00,37.65,37.65,37.35,37.4,189835
2025-04-29,12:00:00,37.45,37.45,37.35,37.35,88036
2025-04-29,12:30:00,37.35,37.65,37.35,37.55,146001
2025-04-29,13:00:00,37.5,37.6,37.35,37.5,216234
2025-04-29,13:30:00,37.5,37.6,37.4,37.55,212800
2025-04-29,14:00:00,37.55,37.6,37.5,37.5,166923
2025-04-29,14:30:00,37.5,37.55,37.4,37.55,148210
2025-04-29,15:00:00,37.5,37.5,37.5,37.5,33725
2025-04-30,10:00:00,37.65,37.75,37.4,37.55,207563
2025-04-30,10:30:00,37.55,37.55,37.0,37.0,284888
2025-04-30,11:00:00,37.0,37.05,36.0,36.35,746697
2025-04-30,11:30:00,36.3,36.7,36.2,36.25,374393
2025-04-30,12:00:00,36.3,36.4,36.0,36.05,270413
2025-04-30,12:30:00,36.05,36.2,35.9,36.15,349132
2025-04-30,13:00:00,36.2,36.3,36.0,36.1,194482
2025-04-30,13:30:00,36.1,36.15,35.95,36.05,182789
2025-04-30,14:00:00,36.05,36.1,35.95,36.0,147044
2025-04-30,14:30:00,36.0,36.1,35.9,36.05,265368
2025-04-30,15:00:00,36.0,36.0,36.0,36.0,38198
2025-05-01,10:00:00,36.0,36.3,35.7,35.7,294403
2025-05-01,10:30:00,35.7,36.05,35.65,35.9,200912
2025-05-01,11:00:00,35.9,36.0,35.85,36.0,125827
2025-05-01,11:30:00,36.05,36.4,36.0,36.2,185497
2025-05-01,12:00:00,36.2,36.3,36.1,36.2,73539
2025-05-01,12:30:00,36.2,36.35,36.1,36.25,149255
2025-05-01,13:00:00,36.2,36.65,36.15,36.45,330209
2025-05-01,13:30:00,36.45,36.55,36.25,36.4,139343
2025-05-01,14:00:00,36.4,36.4,36.05,36.2,107551
2025-05-01,14:30:00,36.2,36.4,36.1,36.25,98814
2025-05-01,15:00:00,36.15,36.15,36.15,36.15,70906
2025-05-04,10:00:00,36.45,36.55,36.3,36.4,162965
2025-05-04,10:30:00,36.4,36.45,36.15,36.35,100838
2025-05-04,11:00:00,36.35,36.5,36.35,36.4,55879
2025-05-04,11:30:00,36.4,36.8,36.4,36.6,251493
2025-05-04,12:00:00,36.6,36.8,36.5,36.75,167526
2025-05-04,12:30:00,36.75,36.95,36.7,36.7,224863
2025-05-04,13:00:00,36.7,36.7,36.55,36.65,114145
2025-05-04,13:30:00,36.65,36.7,36.4,36.45,127914
2025-05-04,14:00:00,36.45,36.55,36.3,36.4,69451
2025-05-04,14:30:00,36.4,36.4,36.25,36.4,80995
2025-05-04,15:00:00,36.3,36.3,36.3,36.3,11197
2025-05-05,10:00:00,36.35,36.55,36.15,36.2,169245
2025-05-05,10:30:00,36.2,36.25,36.05,36.1,110840
2025-05-05,11:00:00,36.15,36.45,36.05,36.45,94000
2025-05-05,11:30:00,36.4,36.55,36.35,36.4,48603
2025-05-05,12:00:00,36.4,36.55,36.25,36.35,69896
2025-05-05,12:30:00,36.3,36.45,36.25,36.4,50970
2025-05-05,13:00:00,36.4,36.5,36.35,36.5,71673
2025-05-05,13:30:00,36.45,36.7,36.3,36.6,189791
2025-05-05,14:00:00,36.6,36.9,36.6,36.6,196975
2025-05-05,14:30:00,36.7,36.85,36.5,36.65,163383
2025-05-05,15:00:00,36.6,36.6,36.6,36.6,33163
2025-05-06,10:00:00,36.8,37.15,36.6,36.95,297856
2025-05-06,10:30:00,37.0,37.1,36.65,36.7,201722
2025-05-06,11:00:00,36.75,36.75,36.35,36.35,173642
2025-05-06,11:30:00,36.4,36.6,36.4,36.55,37559
2025-05-06,12:00:00,36.6,36.6,36.4,36.45,57199
2025-05-06,12:30:00,36.45,36.55,36.35,36.45,39289
2025-05-06,13:00:00,36.45,36.5,36.25,36.3,80955
2025-05-06,13:30:00,36.3,36.35,36.15,36.25,86744
2025-05-06,14:00:00,36.2,36.25,36.1,36.15,83538
2025-05-06,14:30:00,36.15,36.25,36.05,36.1,99648
2025-05-06,15:00:00,36.05,36.05,36.05,36.05,13116
2025-05-07,10:00:00,36.0,36.05,35.6,35.65,233525
2025-05-07,10:30:00,35.6,35.8,35.6,35.7,70105
2025-05-07,11:00:00,35.7,35.75,35.6,35.7,108137
2025-05-07,11:30:00,35.75,35.8,35.65,35.75,59449
2025-05-07,12:00:00,35.75,35.8,35.65,35.65,56315
2025-05-07,12:30:00,35.7,35.75,35.55,35.7,67786
2025-05-07,13:00:00,35.65,35.7,35.55,35.6,56115
2025-05-07,13:30:00,35.6,35.6,35.25,35.45,117515
2025-05-07,14:00:00,35.45,35.5,35.3,35.4,66640
2025-05-07,14:30:00,35.4,35.55,35.25,35.35,68011
2025-05-07,15:00:00,35.15,35.15,35.15,35.15,25901
2025-05-08,10:00:00,35.15,35.5,35.15,35.3,247177
2025-05-08,10:30:00,35.3,35.35,35.15,35.2,59367
2025-05-08,11:00:00,35.2,35.4,35.1,35.35,100309
2025-05-08,11:30:00,35.3,35.35,35.2,35.3,55982
2025-05-08,12:00:00,35.3,35.4,35.2,35.3,64025
2025-05-08,12:30:00,35.35,35.4,35.25,35.3,49491
2025-05-08,13:00:00,35.3,35.35,35.1,35.3,86221
2025-05-08,13:30:00,35.3,35.7,35.25,35.6,281984
2025-05-08,14:00:00,35.6,35.6,35.35,35.45,66912
2025-05-08,14:30:00,35.45,35.5,35.35,35.4,60109
2025-05-08,15:00:00,35.4,35.4,35.4,35.4,18855
2025-05-11,10:00:00,35.55,35.7,35.45,35.55,217193
2025-05-11,10:30:00,35.55,36.0,35.55,35.95,217178
2025-05-11,11:00:00,35.95,35.95,35.55,35.65,139397
2025-05-11,11:30:00,35.6,35.65,35.3,35.45,96020
2025-05-11,12:00:00,35.45,35.45,35.3,35.4,85189
2025-05-11,12:30:00,35.45,35.6,35.4,35.5,40807
2025-05-11,13:00:00,35.5,35.65,35.4,35.6,40723
2025-05-11,13:30:00,35.6,35.65,35.5,35.5,29633
2025-05-11,14:00:00,35.5,35.6,35.4,35.5,41638
2025-05-11,14:30:00,35.5,35.5,35.4,35.45,38656
2025-05-11,15:00:00,35.45,35.45,35.45,35.45,21402
2025-05-12,10:00:00,35.65,36.35,35.65,36.25,303607
2025-05-12,10:30:00,36.2,36.3,36.1,36.15,108292
2025-05-12,11:00:00,36.15,36.2,36.0,36.1,92342
2025-05-12,11:30:00,36.1,36.1,35.8,35.85,72109
2025-05-12,12:00:00,35.95,36.05,35.9,36.0,47955
2025-05-12,12:30:00,36.05,36.1,35.95,36.05,76772
2025-05-12,13:00:00,36.0,36.25,35.95,36.15,103983
2025-05-12,13:30:00,36.15,36.45,36.1,36.25,127090
2025-05-12,14:00:00,36.3,36.45,36.25,36.4,105668
2025-05-12,14:30:00,36.4,36.4,36.15,36.35,138347
2025-05-12,15:00:00,36.35,36.35,36.35,36.35,19730
2025-05-13,10:00:00,36.55,36.6,36.2,36.3,179916
2025-05-13,10:30:00,36.2,36.3,36.0,36.15,80769
2025-05-13,11:00:00,36.15,36.2,35.95,36.1,69104
2025-05-13,11:30:00,36.1,36.6,36.05,36.55,202166
2025-05-13,12:00:00,36.55,36.55,36.35,36.35,83711
2025-05-13,12:30:00,36.4,36.6,36.3,36.3,90194
2025-05-13,13:00:00,36.35,36.5,36.3,36.35,48821
2025-05-13,13:30:00,36.35,36.4,36.25,36.3,56513
2025-05-13,14:00:00,36.3,36.45,36.2,36.45,77284
2025-05-13,14:30:00,36.45,36.45,36.3,36.3,78259
2025-05-13,15:00:00,36.3,36.3,36.3,36.3,5178
2025-05-14,10:00:00,36.4,36.75,36.3,36.5,155042
2025-05-14,10:30:00,36.5,36.6,36.4,36.45,45152
2025-05-14,11:00:00,36.45,36.45,36.25,36.35,119640
2025-05-14,11:30:00,36.3,36.7,36.3,36.5,98852
2025-05-14,12:00:00,36.55,37.0,36.5,36.95,295937
2025-05-14,12:30:00,36.9,37.2,36.8,37.2,318237
2025-05-14,13:00:00,37.2,37.45,37.15,37.3,433506
2025-05-14,13:30:00,37.3,37.4,37.2,37.35,201473
2025-05-14,14:00:00,37.35,37.4,37.1,37.25,208448
2025-05-14,14:30:00,37.25,37.45,36.95,37.0,279075
2025-05-14,15:00:00,37.0,37.0,37.0,37.0,29707
2025-05-15,10:00:00,37.0,37.05,36.4,36.5,304148
2025-05-15,10:30:00,36.45,36.5,36.25,36.25,152242
2025-05-15,11:00:00,36.25,36.3,36.1,36.25,106492
2025-05-15,11:30:00,36.25,36.4,36.2,36.35,49281
2025-05-15,12:00:00,36.3,36.35,36.15,36.2,77332
2025-05-15,12:30:00,36.2,36.25,36.15,36.15,55311
2025-05-15,13:00:00,36.2,36.25,36.15,36.2,39211
2025-05-15,13:30:00,36.25,36.3,36.2,36.25,45504
2025-05-15,14:00:00,36.25,36.25,36.2,36.25,26341
2025-05-15,14:30:00,36.2,36.3,36.2,36.2,62702
2025-05-15,15:00:00,36.2,36.2,36.2,36.2,34139
2025-05-18,10:00:00,36.35,36.45,36.25,36.3,108016
2025-05-18,10:30:00,36.3,36.45,36.25,36.4,104686
2025-05-18,11:00:00,36.35,36.4,36.25,36.3,64166
2025-05-18,11:30:00,36.25,36.25,35.95,36.15,135525
2025-05-18,12:00:00,36.15,36.2,36.05,36.1,32727
2025-05-18,12:30:00,36.1,36.15,36.0,36.05,48319
2025-05-18,13:00:00,36.1,36.1,35.95,36.05,89625
2025-05-18,13:30:00,36.05,36.1,35.95,36.05,40120
2025-05-18,14:00:00,36.05,36.15,36.0,36.05,33068
2025-05-18,14:30:00,36.05,36.05,35.95,35.95,40972
2025-05-18,15:00:00,35.95,35.95,35.95,35.95,23891
2025-05-19,10:00:00,35.8,35.95,35.6,35.65,119380
2025-05-19,10:30:00,35.65,35.7,35.5,35.6,76899
2025-05-19,11:00:00,35.65,35.65,35.45,35.55,58314
2025-05-19,11:30:00,35.55,35.6,35.35,35.5,79511
2025-05-19,12:00:00,35.45,35.5,35.25,35.35,91140
2025-05-19,12:30:00,35.3,35.35,35.1,35.2,101651
2025-05-19,13:00:00,35.25,35.3,35.1,35.2,64268
2025-05-19,13:30:00,35.2,35.2,34.85,34.95,175685
2025-05-19,14:00:00,34.95,35.0,34.85,34.95,79606
2025-05-19,14:30:00,35.0,35.0,34.8,34.85,126403
2025-05-19,15:00:00,35.0,35.0,35.0,35.0,73564
2025-05-20,10:00:00,35.0,35.3,35.0,35.2,150418
2025-05-20,10:30:00,35.25,35.3,35.1,35.2,87000
2025-05-20,11:00:00,35.15,35.2,35.0,35.15,73739
2025-05-20,11:30:00,35.15,35.2,35.1,35.15,24851
2025-05-20,12:00:00,35.15,35.25,35.1,35.2,31318
2025-05-20,12:30:00,35.25,35.25,35.1,35.2,53872
2025-05-20,13:00:00,35.25,35.3,35.15,35.3,25174
2025-05-20,13:30:00,35.3,35.35,35.2,35.25,21901
2025-05-20,14:00:00,35.25,35.35,35.2,35.25,31330
2025-05-20,14:30:00,35.2,35.3,35.1,35.1,54467
2025-05-20,15:00:00,35.1,35.1,35.1,35.1,19695
2025-05-21,10:00:00,35.0,35.1,34.8,34.8,97557
2025-05-21,10:30:00,34.8,34.95,34.5,34.6,106902
2025-05-21,11:00:00,34.55,34.65,34.4,34.4,63096
2025-05-21,11:30:00,34.4,34.45,34.2,34.2,85383
2025-05-21,12:00:00,34.25,34.4,34.2,34.35,67965
2025-05-21,12:30:00,34.35,34.4,34.15,34.2,57777
2025-05-21,13:00:00,34.25,34.4,34.15,34.35,30635
2025-05-21,13:30:00,34.35,34.45,34.3,34.3,36140
2025-05-21,14:00:00,34.25,34.35,34.15,34.2,37880
2025-05-21,14:30:00,34.25,34.3,34.15,34.25,53644
2025-05-21,15:00:00,34.15,34.15,34.15,34.15,16335
2025-05-22,10:00:00,34.0,34.15,33.85,33.95,166403
2025-05-22,10:30:00,34.0,34.05,33.85,33.9,110342
2025-05-22,11:00:00,33.9,34.1,33.85,34.0,142339
2025-05-22,11:30:00,34.0,34.65,34.0,34.3,173167
2025-05-22,12:00:00,34.3,34.5,34.25,34.35,39671
2025-05-22,12:30:00,34.35,34.45,34.05,34.1,59071
2025-05-22,13:00:00,34.05,34.15,34.05,34.1,26922
2025-05-22,13:30:00,34.1,34.15,34.0,34.0,23343
2025-05-22,14:00:00,34.05,34.1,33.85,33.85,64511
2025-05-22,14:30:00,33.9,34.0,33.8,34.0,81227
2025-05-22,15:00:00,33.95,33.95,33.95,33.95,23514
2025-05-25,10:00:00,33.85,33.9,33.5,33.6,127266
2025-05-25,10:30:00,33.6,33.7,33.55,33.6,41928
2025-05-25,11:00:00,33.55,33.9,33.55,33.7,80827
2025-05-25,11:30:00,33.7,33.8,33.65,33.7,27885
2025-05-25,12:00:00,33.7,33.75,33.6,33.6,35051
2025-05-25,12:30:00,33.65,33.7,33.25,33.3,78366
2025-05-25,13:00:00,33.3,33.5,33.2,33.4,89684
2025-05-25,13:30:00,33.35,33.5,33.3,33.4,37135
2025-05-25,14:00:00,33.4,33.45,33.3,33.35,41973
2025-05-25,14:30:00,33.3,33.35,33.15,33.2,62590
2025-05-25,15:00:00,33.15,33.15,33.15,33.15,25328
2025-05-26,10:00:00,33.15,33.5,33.15,33.3,124537
2025-05-26,10:30:00,33.25,33.3,32.9,33.05,78333
2025-05-26,11:00:00,33.1,33.25,33.05,33.25,43616
2025-05-26,11:30:00,33.25,33.25,33.05,33.05,48920
2025-05-26,12:00:00,33.0,33.1,32.75,32.8,75921
2025-05-26,12:30:00,32.8,32.8,32.6,32.65,73175
2025-05-26,13:00:00,32.65,32.65,32.25,32.3,112180
2025-05-26,13:30:00,32.35,32.6,32.25,32.45,71987
2025-05-26,14:00:00,32.5,32.8,32.45,32.55,51702
2025-05-26,14:30:00,32.6,32.8,32.55,32.75,74642
2025-05-26,15:00:00,32.8,32.8,32.8,32.8,15017
2025-05-27,10:00:00,33.0,33.1,32.15,32.3,156835
2025-05-27,10:30:00,32.35,32.35,32.05,32.1,80106
2025-05-27,11:00:00,32.05,32.15,31.95,32.05,83619
2025-05-27,11:30:00,32.05,32.1,31.9,32.0,69624
2025-05-27,12:00:00,32.0,32.2,31.95,32.1,132302
2025-05-27,12:30:00,32.1,32.1,32.0,32.0,32855
2025-05-27,13:00:00,32.05,32.1,31.9,31.95,110217
2025-05-27,13:30:00,31.95,32.0,31.8,31.85,82364
2025-05-27,14:00:00,31.85,31.95,31.75,31.85,97146
2025-05-27,14:30:00,31.85,31.9,31.55,31.6,121690
2025-05-27,15:00:00,31.65,31.65,31.65,31.65,26041
2025-05-28,10:00:00,31.8,32.2,31.7,32.15,159554
2025-05-28,10:30:00,32.1,32.2,32.0,32.1,50206
2025-05-28,11:00:00,32.1,32.2,31.95,32.0,50080
2025-05-28,11:30:00,31.95,32.05,31.9,32.0,51188
2025-05-28,12:00:00,31.95,32.15,31.95,32.1,36268
2025-05-28,12:30:00,32.15,32.35,32.0,32.35,90011
2025-05-28,13:00:00,32.35,32.45,32.2,32.4,98851
2025-05-28,13:30:00,32.4,32.45,32.3,32.35,46879
2025-05-28,14:00:00,32.4,32.4,32.15,32.2,53454
2025-05-28,14:30:00,32.15,32.3,32.05,32.2,60512
2025-05-28,15:00:00,32.35,32.35,32.35,32.35,17008
2025-05-29,10:00:00,32.5,32.6,32.2,32.35,67254
2025-05-29,10:30:00,32.35,32.7,32.35,32.7,71824
2025-05-29,11:00:00,32.7,32.8,32.6,32.75,67230
2025-05-29,11:30:00,32.75,32.75,32.5,32.65,57921
2025-05-29,12:00:00,32.65,32.8,32.6,32.75,35307
2025-05-29,12:30:00,32.65,32.7,32.45,32.5,64411
2025-05-29,13:00:00,32.5,32.55,32.15,32.35,73932
2025-05-29,13:30:00,32.35,32.5,32.2,32.5,53430
2025-05-29,14:00:00,32.5,32.7,32.45,32.6,42291
2025-05-29,14:30:00,32.6,32.75,32.55,32.75,60449
2025-05-29,15:00:00,32.6,32.6,32.6,32.6,612084
2025-06-01,10:00:00,32.4,32.45,31.8,32.0,112739
2025-06-01,10:30:00,31.95,32.0,31.8,31.8,42891
2025-06-01,11:00:00,31.8,31.85,31.6,31.65,39886
2025-06-01,11:30:00,31.6,31.75,31.5,31.65,58256
2025-06-01,12:00:00,31.65,31.85,31.5,31.7,68477
2025-06-01,12:30:00,31.8,31.8,31.6,31.6,36299
2025-06-01,13:00:00,31.6,31.7,31.6,31.6,16506
2025-06-01,13:30:00,31.65,31.7,31.55,31.65,21110
2025-06-01,14:00:00,31.65,31.75,31.6,31.7,13035
2025-06-01,14:30:00,31.75,31.75,31.55,31.7,76221
2025-06-01,15:00:00,31.5,31.5,31.5,31.5,17562
2025-06-02,10:00:00,31.55,31.8,31.4,31.6,59287
2025-06-02,10:30:00,31.65,31.8,31.6,31.75,45177
2025-06-02,11:00:00,31.75,32.05,31.7,31.95,141547
2025-06-02,11:30:00,31.95,31.95,31.7,31.85,30971
2025-06-02,12:00:00,31.8,31.8,31.65,31.75,27896
2025-06-02,12:30:00,31.75,32.0,31.7,31.9,26622
2025-06-02,13:00:00,31.9,32.05,31.75,31.8,84822
2025-06-02,13:30:00,31.85,31.85,31.7,31.8,14926
2025-06-02,14:00:00,31.8,31.9,31.7,31.7,33972
2025-06-02,14:30:00,31.7,31.8,31.65,31.7,33209
2025-06-02,15:00:00,31.7,31.7,31.7,31.7,11197
2025-06-03,10:00:00,31.7,32.15,31.7,32.0,131308
2025-06-03,10:30:00,32.0,32.15,31.85,31.9,43704
2025-06-03,11:00:00,31.85,31.95,31.8,31.9,21107
2025-06-03,11:30:00,31.9,32.05,31.9,32.0,19706
2025-06-03,12:00:00,32.0,32.0,31.85,31.9,7377
2025-06-03,12:30:00,31.85,32.0,31.85,31.9,12673
2025-06-03,13:00:00,31.9,32.05,31.85,31.9,49739
2025-06-03,13:30:00,31.95,31.95,31.6,31.65,77894
2025-06-03,14:00:00,31.65,31.7,31.55,31.65,41219
2025-06-03,14:30:00,31.65,31.7,31.3,31.4,92104
2025-06-03,15:00:00,31.4,31.4,31.4,31.4,17572
2025-06-04,10:00:00,31.45,31.9,31.45,31.8,120126
2025-06-04,10:30:00,31.8,31.9,31.7,31.9,50124
2025-06-04,11:00:00,31.85,32.5,31.8,32.45,252557
2025-06-04,11:30:00,32.45,32.7,32.25,32.5,216323
2025-06-04,12:00:00,32.55,32.65,32.4,32.45,37049
2025-06-04,12:30:00,32.4,32.55,32.35,32.4,48741
2025-06-04,13:00:00,32.35,32.45,32.3,32.35,36384
2025-06-04,13:30:00,32.4,32.45,32.25,32.3,19411
2025-06-04,14:00:00,32.3,32.4,32.3,32.4,33172
2025-06-04,14:30:00,32.4,32.6,32.3,32.45,90596
2025-06-04,15:00:00,32.5,32.5,32.5,32.5,36533
2025-06-11,10:00:00,33.0,33.35,32.9,33.25,147676
2025-06-11,10:30:00,33.2,33.4,33.0,33.35,81631
2025-06-11,11:00:00,33.35,33.4,33.0,33.05,58092
2025-06-11,11:30:00,33.05,33.1,32.95,33.05,32216
2025-06-11,12:00:00,33.1,33.2,33.05,33.05,20847
2025-06-11,12:30:00,33.1,33.1,32.95,32.95,45766
2025-06-11,13:00:00,32.95,33.0,32.8,32.9,55234
2025-06-11,13:30:00,32.95,32.95,32.7,32.8,28373
2025-06-11,14:00:00,32.75,32.85,32.7,32.75,28308
2025-06-11,14:30:00,32.75,32.95,32.7,32.9,76045
2025-06-11,15:00:00,32.9,32.9,32.9,32.9,11550
2025-06-12,10:00:00,32.3,32.3,31.45,31.55,215618
2025-06-12,10:30:00,31.6,31.7,31.25,31.35,160443
2025-06-12,11:00:00,31.4,31.6,31.35,31.4,78132
2025-06-12,11:30:00,31.45,31.45,31.2,31.25,101998
2025-06-12,12:00:00,31.2,31.25,30.9,31.15,211498
2025-06-12,12:30:00,31.1,31.3,31.1,31.15,84435
2025-06-12,13:00:00,31.2,31.2,30.95,30.95,54240
2025-06-12,13:30:00,31.0,31.1,30.95,31.1,49735
2025-06-12,14:00:00,31.1,31.2,31.0,31.1,80032
2025-06-12,14:30:00,31.1,31.1,30.85,30.95,167137
2025-06-12,15:00:00,30.9,30.9,30.9,30.9,22675
2025-06-15,10:00:00,27.85,29.0,27.85,28.8,676018
2025-06-15,10:30:00,28.8,29.4,28.8,29.05,180634
2025-06-15,11:00:00,29.05,29.3,28.9,28.95,77824
2025-06-15,11:30:00,28.95,29.15,28.75,29.1,88825
2025-06-15,12:00:00,29.1,29.2,29.0,29.05,63905
2025-06-15,12:30:00,29.15,29.3,29.05,29.3,57421
2025-06-15,13:00:00,29.3,29.7,29.3,29.7,90747
2025-06-15,13:30:00,29.7,29.8,29.2,29.7,153855
2025-06-15,14:00:00,29.75,29.8,29.3,29.45,97452
2025-06-15,14:30:00,29.45,29.7,29.45,29.6,54775
2025-06-15,15:00:00,29.6,29.6,29.6,29.6,15469
2025-06-16,10:00:00,29.65,30.5,29.65,30.45,216523
2025-06-16,10:30:00,30.5,30.55,30.2,30.3,82338
2025-06-16,11:00:00,30.3,30.45,30.25,30.4,26754
2025-06-16,11:30:00,30.4,30.65,30.35,30.5,122373
2025-06-16,12:00:00,30.45,30.6,30.45,30.5,22574
2025-06-16,12:30:00,30.5,30.6,30.45,30.5,20019
2025-06-16,13:00:00,30.55,30.65,30.45,30.6,23388
2025-06-16,13:30:00,30.55,30.75,30.35,30.45,76357
2025-06-16,14:00:00,30.45,30.45,30.25,30.25,35123
2025-06-16,14:30:00,30.25,30.4,30.15,30.3,35608
2025-06-16,15:00:00,30.35,30.35,30.35,30.35,8029
2025-06-17,10:00:00,30.2,30.2,29.55,30.05,174518
2025-06-17,10:30:00,30.0,30.4,30.0,30.25,72386
2025-06-17,11:00:00,30.25,30.25,30.0,30.0,35868
2025-06-17,11:30:00,30.05,30.05,29.75,29.8,50513
2025-06-17,12:00:00,29.8,29.9,29.7,29.75,36041
2025-06-17,12:30:00,29.75,29.75,29.6,29.65,46976
2025-06-17,13:00:00,29.65,29.7,29.5,29.6,56512
2025-06-17,13:30:00,29.55,29.65,29.2,29.4,70689
2025-06-17,14:00:00,29.4,29.5,29.25,29.35,32265
2025-06-17,14:30:00,29.4,29.45,29.35,29.4,36916
2025-06-17,15:00:00,29.35,29.35,29.35,29.35,14877
2025-06-18,10:00:00,29.35,29.35,28.35,28.9,192661
2025-06-18,10:30:00,28.9,29.1,28.8,29.05,61501
2025-06-18,11:00:00,29.05,29.25,29.0,29.1,67729
2025-06-18,11:30:00,29.1,29.7,29.0,29.6,142878
2025-06-18,12:00:00,29.65,29.8,29.3,29.5,133466
2025-06-18,12:30:00,29.5,29.6,29.25,29.25,78255
2025-06-18,13:00:00,29.3,29.3,28.9,28.9,102842
2025-06-18,13:30:00,28.9,28.95,28.5,28.8,79691
2025-06-18,14:00:00,28.8,29.05,28.65,28.95,93039
2025-06-18,14:30:00,28.9,29.05,28.75,29.0,99055
2025-06-18,15:00:00,28.95,28.95,28.95,28.95,6671
2025-06-19,10:00:00,28.95,29.1,28.75,28.95,58718
2025-06-19,10:30:00,28.95,29.15,28.85,28.85,38031
2025-06-19,11:00:00,28.85,29.0,28.8,28.9,14842
2025-06-19,11:30:00,29.0,29.25,28.95,29.15,46946
2025-06-19,12:00:00,29.2,29.4,29.15,29.3,64658
2025-06-19,12:30:00,29.3,29.4,29.25,29.3,23749
2025-06-19,13:00:00,29.25,29.35,29.15,29.3,59389
2025-06-19,13:30:00,29.3,29.3,28.8,29.0,52493
2025-06-19,14:00:00,28.95,28.95,28.8,28.95,23447
2025-06-19,14:30:00,28.95,28.95,28.8,28.85,45716
2025-06-19,15:00:00,28.75,28.75,28.75,28.75,31857
2025-06-22,10:00:00,28.75,29.6,28.75,28.9,153315
2025-06-22,10:30:00,28.9,29.2,28.75,29.0,155704
2025-06-22,11:00:00,29.0,29.2,29.0,29.1,24576
2025-06-22,11:30:00,29.0,29.05,28.95,29.05,15462
2025-06-22,12:00:00,29.05,29.3,29.0,29.25,49851
2025-06-22,12:30:00,29.25,29.3,29.15,29.3,31915
2025-06-22,13:00:00,29.3,29.4,29.15,29.35,51311
2025-06-22,13:30:00,29.35,29.35,28.8,29.0,86431
2025-06-22,14:00:00,29.05,29.15,28.85,28.9,48213
2025-06-22,14:30:00,29.0,29.05,28.75,28.8,78706
2025-06-22,15:00:00,28.8,28.8,28.8,28.8,32082
2025-06-23,10:00:00,28.55,29.25,28.55,29.1,165763
2025-06-23,10:30:00,29.1,29.2,29.05,29.15,38482
2025-06-23,11:00:00,29.15,29.2,29.05,29.15,31168
2025-06-23,11:30:00,29.2,29.3,29.15,29.3,54516
2025-06-23,12:00:00,29.3,29.45,29.25,29.45,63614
2025-06-23,12:30:00,29.45,29.55,29.3,29.4,41039
2025-06-23,13:00:00,29.3,29.35,29.2,29.25,17211
2025-06-23,13:30:00,29.25,29.6,29.2,29.6,53887
2025-06-23,14:00:00,29.65,29.65,29.4,29.6,31032
2025-06-23,14:30:00,29.55,29.6,29.45,29.45,29339
2025-06-23,15:00:00,29.45,29.45,29.45,29.45,4586
2025-06-24,10:00:00,30.05,30.8,30.0,30.5,476248
2025-06-24,10:30:00,30.5,30.65,30.3,30.35,204699
2025-06-24,11:00:00,30.25,30.7,30.2,30.35,161887
2025-06-24,11:30:00,30.5,30.6,30.35,30.6,36586
2025-06-24,12:00:00,30.55,31.05,30.5,30.75,180816
2025-06-24,12:30:00,30.75,30.85,30.6,30.75,58748
2025-06-24,13:00:00,30.8,30.95,30.75,30.8,69637
2025-06-24,13:30:00,30.8,30.95,30.75,30.85,87133
2025-06-24,14:00:00,30.85,30.9,30.75,30.85,78829
2025-06-24,14:30:00,30.8,30.9,30.75,30.8,102168
2025-06-24,15:00:00,30.8,30.8,30.8,30.8,18153
2025-06-25,10:00:00,31.0,31.3,30.7,31.05,225458
2025-06-25,10:30:00,31.05,31.2,30.95,31.1,68967
2025-06-25,11:00:00,31.05,31.5,31.0,31.2,206378
2025-06-25,11:30:00,31.15,31.25,30.95,31.0,115892
2025-06-25,12:00:00,31.05,31.2,31.0,31.1,29768
2025-06-25,12:30:00,31.1,31.2,31.05,31.15,22229
2025-06-25,13:00:00,31.15,31.2,30.95,31.15,88276
2025-06-25,13:30:00,31.1,31.25,31.0,31.2,47467
2025-06-25,14:00:00,31.2,31.25,31.05,31.15,22767
2025-06-25,14:30:00,31.1,31.25,31.1,31.25,55820
2025-06-26,10:15:00,31.4,31.45,31.15,31.35,73317
2025-06-26,10:45:00,31.35,31.6,31.2,31.45,93192
2025-06-26,11:15:00,31.4,31.65,31.35,31.6,57006
2025-06-26,11:45:00,31.6,31.8,31.45,31.5,128228
2025-06-26,12:15:00,31.5,31.5,31.35,31.45,26078
2025-06-26,12:45:00,31.45,31.5,31.3,31.35,43717
2025-06-26,13:15:00,31.35,31.5,31.35,31.4,31214
2025-06-26,13:45:00,31.45,31.6,31.4,31.5,30602
2025-06-26,14:15:00,31.5,31.65,31.45,31.55,84750
2025-06-26,14:45:00,31.5,31.7,31.5,31.7,78257
2025-06-29,10:15:00,31.96,32.42,31.82,32.3,137767
2025-06-29,10:45:00,32.3,32.44,32.2,32.34,65092
2025-06-29,11:15:00,32.34,32.44,32.26,32.44,51886
2025-06-29,11:45:00,32.44,32.46,32.34,32.4,52825
2025-06-29,12:15:00,32.4,32.42,32.26,32.34,58345
2025-06-29,12:45:00,32.36,32.42,32.1,32.38,59272
2025-06-29,13:15:00,32.34,32.46,32.34,32.4,68570
2025-06-29,13:45:00,32.42,32.7,32.4,32.6,151758
2025-06-29,14:15:00,32.6,32.7,32.52,32.6,56662
2025-06-29,14:45:00,32.6,32.6,32.5,32.56,52513
2025-06-30,10:15:00,32.88,32.9,32.54,32.66,112202
2025-06-30,10:45:00,32.62,32.76,32.62,32.68,81675
2025-06-30,11:15:00,32.68,32.74,32.58,32.68,59265
2025-06-30,11:45:00,32.68,32.88,32.62,32.76,69940
2025-06-30,12:15:00,32.76,32.82,32.7,32.72,37149
2025-06-30,12:45:00,32.72,32.86,32.66,32.82,80171
2025-06-30,13:15:00,32.8,32.92,32.52,32.68,122611
2025-06-30,13:45:00,32.7,33.04,32.68,33.0,163683
2025-06-30,14:15:00,33.0,33.4,32.96,33.16,249210
2025-06-30,14:45:00,33.16,33.18,32.98,33.04,54497
2025-07-01,10:15:00,33.08,33.28,33.02,33.04,90498
2025-07-01,10:45:00,33.04,33.04,32.76,32.92,83695
2025-07-01,11:15:00,32.92,32.92,32.66,32.7,52956
2025-07-01,11:45:00,32.7,32.7,32.4,32.46,66683
2025-07-01,12:15:00,32.46,32.52,32.36,32.5,68826
2025-07-01,12:45:00,32.46,32.54,32.36,32.4,49186
2025-07-01,13:15:00,32.4,32.5,32.36,32.38,37186
2025-07-01,13:45:00,32.38,32.58,32.32,32.5,44043
2025-07-01,14:15:00,32.52,32.66,32.5,32.6,31480
2025-07-01,14:45:00,32.64,32.64,32.56,32.62,47768
2025-07-02,10:15:00,32.48,32.48,32.3,32.42,56716
2025-07-02,10:45:00,32.42,32.52,32.34,32.48,29732
2025-07-02,11:15:00,32.5,32.56,32.4,32.4,25593
2025-07-02,11:45:00,32.44,32.44,32.32,32.4,47024
2025-07-02,12:15:00,32.34,32.4,32.34,32.36,6002
2025-07-02,12:45:00,32.34,32.38,32.22,32.24,32223
2025-07-02,13:15:00,32.24,32.26,32.14,32.2,33304
2025-07-02,13:45:00,32.22,32.24,32.14,32.18,30141
2025-07-02,14:15:00,32.18,32.18,32.0,32.08,42742
2025-07-02,14:45:00,32.06,32.1,32.0,32.0,35150
2025-07-03,10:15:00,32.2,32.24,32.04,32.08,39958
2025-07-03,10:45:00,32.1,32.2,32.04,32.1,43133
2025-07-03,11:15:00,32.16,32.18,31.88,31.92,38548
2025-07-03,11:45:00,31.94,31.98,31.92,31.96,42829
2025-07-03,12:15:00,31.96,31.96,31.84,31.9,41467
2025-07-03,12:45:00,31.92,31.92,31.86,31.9,34263
2025-07-03,13:15:00,31.9,31.92,31.84,31.9,63009
2025-07-03,13:45:00,31.9,31.96,31.88,31.9,39955
2025-07-03,14:15:00,31.9,31.92,31.86,31.9,22995
2025-07-03,14:45:00,31.9,31.94,31.88,31.9,23517
2025-07-06,10:15:00,32.16,32.38,32.16,32.26,93054
2025-07-06,10:45:00,32.2,32.28,32.18,32.24,30979
2025-07-06,11:15:00,32.22,32.32,32.22,32.26,39715
2025-07-06,11:45:00,32.26,32.3,32.16,32.28,44940
2025-07-06,12:15:00,32.3,32.34,32.2,32.22,51434
2025-07-06,12:45:00,32.26,32.32,32.2,32.22,20285
2025-07-06,13:15:00,32.22,32.3,32.18,32.28,26574
2025-07-06,13:45:00,32.3,32.32,32.18,32.22,35967
2025-07-06,14:15:00,32.22,32.34,32.22,32.32,23739
2025-07-06,14:45:00,32.32,32.66,32.32,32.66,120471
2025-07-07,10:15:00,33.6,34.2,33.6,34.12,977396
2025-07-07,10:45:00,34.1,34.34,33.9,34.2,568512
2025-07-07,11:15:00,34.18,34.2,33.96,34.06,220122
2025-07-07,11:45:00,34.06,34.76,34.0,34.52,534932
2025-07-07,12:15:00,34.56,34.6,34.24,34.3,213961
2025-07-07,12:45:00,34.3,34.3,34.08,34.1,164953
2025-07-07,13:15:00,34.12,34.14,33.86,33.96,248016
2025-07-07,13:45:00,33.94,34.14,33.74,33.8,153571
2025-07-07,14:15:00,33.82,33.86,33.7,33.8,116281
2025-07-07,14:45:00,33.78,33.84,33.72,33.84,63738
2025-07-08,10:15:00,33.68,33.8,33.36,33.42,150384
2025-07-08,10:45:00,33.42,33.6,33.38,33.58,92009
2025-07-08,11:15:00,33.56,33.58,33.5,33.5,49933
2025-07-08,11:45:00,33.5,33.58,33.42,33.58,44322
2025-07-08,12:15:00,33.54,34.18,33.5,34.08,164501
2025-07-08,12:45:00,34.08,34.2,33.82,34.02,133302
2025-07-08,13:15:00,34.0,34.14,33.9,33.9,107777
2025-07-08,13:45:00,33.92,34.0,33.86,33.9,81866
2025-07-08,14:15:00,33.9,33.94,33.7,33.8,65934
2025-07-08,14:45:00,33.8,33.96,33.8,33.82,80009
2025-07-09,10:15:00,33.54,33.64,33.4,33.52,75999
2025-07-09,10:45:00,33.52,33.52,33.4,33.52,81222
2025-07-09,11:15:00,33.54,33.8,33.5,33.7,61984
2025-07-09,11:45:00,33.72,34.16,33.68,34.12,160717
2025-07-09,12:15:00,34.16,34.16,33.88,33.98,100978
2025-07-09,12:45:00,34.0,34.7,33.9,34.54,351130
2025-07-09,13:15:00,34.56,34.76,34.26,34.34,235418
2025-07-09,13:45:00,34.36,34.66,34.36,34.56,104433
2025-07-09,14:15:00,34.56,34.6,34.28,34.28,182392
2025-07-09,14:45:00,34.28,34.42,34.22,34.42,75173
2025-07-10,10:15:00,34.88,34.92,34.2,34.22,322271
2025-07-10,10:45:00,34.24,34.38,34.1,34.28,171017
2025-07-10,11:15:00,34.26,34.42,34.26,34.38,150818
2025-07-10,11:45:00,34.38,34.52,34.28,34.48,88425
2025-07-10,12:15:00,34.5,34.52,34.34,34.38,57474
2025-07-10,12:45:00,34.38,34.46,34.36,34.38,46408
2025-07-10,13:15:00,34.36,34.52,34.32,34.5,66949
2025-07-10,13:45:00,34.44,34.78,34.44,34.78,150877
2025-07-10,14:15:00,34.74,34.84,34.52,34.8,133377
2025-07-10,14:45:00,34.78,34.82,34.5,34.5,85396
2025-07-13,10:15:00,34.8,35.28,34.74,35.04,338710
2025-07-13,10:45:00,35.04,35.04,34.8,34.88,147514
2025-07-13,11:15:00,34.9,34.94,34.7,34.78,90811
2025-07-13,11:45:00,34.78,34.84,34.72,34.74,61104
2025-07-13,12:15:00,34.74,34.82,34.7,34.74,56796
2025-07-13,12:45:00,34.74,34.8,34.72,34.74,25430
2025-07-13,13:15:00,34.74,34.76,34.62,34.66,41892
2025-07-13,13:45:00,34.66,34.68,34.4,34.48,89898
2025-07-13,14:15:00,34.48,34.72,34.44,34.6,45080
2025-07-13,14:45:00,34.6,34.66,34.42,34.5,28346
2025-07-14,10:15:00,34.3,34.32,34.06,34.14,77461
2025-07-14,10:45:00,34.14,34.24,34.0,34.12,80327
2025-07-14,11:15:00,34.14,34.14,33.96,34.04,71411
2025-07-14,11:45:00,34.04,34.14,34.02,34.08,64153
2025-07-14,12:15:00,34.08,34.08,33.92,33.98,30464
2025-07-14,12:45:00,34.02,34.04,33.94,34.0,25342
2025-07-14,13:15:00,34.0,34.06,33.96,34.0,19523
2025-07-14,13:45:00,34.0,34.12,34.0,34.04,29466
2025-07-14,14:15:00,34.04,34.1,34.02,34.1,24921
2025-07-14,14:45:00,34.1,34.16,34.08,34.14,21326
2025-07-15,10:15:00,34.04,34.1,33.98,34.08,33743
2025-07-15,10:45:00,34.08,34.16,33.98,34.1,20223
2025-07-15,11:15:00,34.1,34.12,33.98,34.0,28147
2025-07-15,11:45:00,34.0,34.04,33.86,33.86,21158
2025-07-15,12:15:00,33.88,34.04,33.86,33.96,36795
2025-07-15,12:45:00,33.96,33.98,33.88,33.94,12482
2025-07-15,13:15:00,33.94,33.98,33.9,33.92,8259
2025-07-15,13:45:00,33.9,33.92,33.74,33.88,21490
2025-07-15,14:15:00,33.82,33.88,33.54,33.58,47724
2025-07-15,14:45:00,33.58,33.62,33.46,33.56,36464
2025-07-16,10:15:00,33.36,33.76,33.36,33.68,43920
2025-07-16,10:45:00,33.68,33.76,33.46,33.46,66127
2025-07-16,11:15:00,33.44,33.46,33.36,33.4,23512
2025-07-16,11:45:00,33.38,33.4,33.2,33.2,20245
2025-07-16,12:15:00,33.2,33.34,33.18,33.3,29122
2025-07-16,12:45:00,33.3,33.38,33.08,33.12,22099
2025-07-16,13:15:00,33.12,33.16,32.92,32.92,63835
2025-07-16,13:45:00,32.92,32.98,32.76,32.86,70391
2025-07-16,14:15:00,32.84,32.84,32.68,32.76,37708
2025-07-16,14:45:00,32.76,32.76,32.56,32.66,40021
2025-07-17,10:15:00,32.58,32.74,32.44,32.5,76214
2025-07-17,10:45:00,32.5,32.54,32.34,32.4,47606
2025-07-17,11:15:00,32.4,32.46,32.38,32.38,33156
2025-07-17,11:45:00,32.38,32.54,32.38,32.5,17188
2025-07-17,12:15:00,32.5,32.56,32.38,32.4,18100
2025-07-17,12:45:00,32.4,32.44,32.3,32.34,18328
2025-07-17,13:15:00,32.32,32.34,32.24,32.34,19947
2025-07-17,13:45:00,32.34,32.8,32.34,32.66,57376
2025-07-17,14:15:00,32.66,32.76,32.66,32.7,14058
2025-07-17,14:45:00,32.7,32.72,32.4,32.66,40598
2025-07-20,10:15:00,32.92,32.94,32.7,32.72,43016
2025-07-20,10:45:00,32.72,32.72,32.52,32.58,52738
2025-07-20,11:15:00,32.54,32.6,32.4,32.44,19808
2025-07-20,11:45:00,32.44,32.5,32.34,32.42,25343
2025-07-20,12:15:00,32.42,32.44,32.34,32.36,13400
2025-07-20,12:45:00,32.36,32.5,32.24,32.26,46692
2025-07-20,13:15:00,32.28,32.3,32.2,32.24,16394
2025-07-20,13:45:00,32.26,32.34,32.2,32.34,18941
2025-07-20,14:15:00,32.32,32.32,32.22,32.22,11122
2025-07-20,14:45:00,32.22,32.24,32.0,32.0,17750
2025-07-21,10:15:00,31.36,31.5,31.22,31.42,49333
2025-07-21,10:45:00,31.4,31.56,31.28,31.5,25773
2025-07-21,11:15:00,31.5,31.52,31.44,31.48,23024
2025-07-21,11:45:00,31.48,31.48,31.3,31.32,26841
2025-07-21,12:15:00,31.32,31.34,31.26,31.32,28584
2025-07-21,12:45:00,31.32,31.54,31.28,31.46,30202
2025-07-21,13:15:00,31.46,31.6,31.46,31.6,22931
2025-07-21,13:45:00,31.56,31.66,31.54,31.66,24622
2025-07-21,14:15:00,31.62,31.74,31.58,31.6,23872
2025-07-21,14:45:00,31.62,31.62,31.5,31.56,28567
2025-07-22,10:00:00,31.6,31.7,31.14,31.24,46892
2025-07-22,10:30:00,31.26,31.26,31.04,31.1,69612
2025-07-22,11:00:00,31.08,31.16,31.02,31.06,30633
2025-07-22,11:30:00,31.06,31.12,30.82,30.9,55095
2025-07-22,12:00:00,30.92,31.08,30.9,30.94,35292
2025-07-22,12:30:00,30.92,30.96,30.84,30.9,22566
2025-07-22,13:00:00,30.9,30.94,30.82,30.88,37423
2025-07-22,13:30:00,30.86,30.88,30.78,30.86,41747
2025-07-22,14:00:00,30.86,30.86,30.6,30.76,27751
2025-07-22,14:30:00,30.74,30.74,30.62,30.64,47277
2025-07-22,15:00:00,30.6,30.6,30.6,30.6,8062
2025-07-23,10:00:00,30.6,30.68,30.26,30.38,116413
2025-07-23,10:30:00,30.38,30.68,30.38,30.5,63189
2025-07-23,11:00:00,30.5,30.84,30.5,30.72,47177
2025-07-23,11:30:00,30.72,30.8,30.56,30.8,19616
2025-07-23,12:00:00,30.8,30.86,30.74,30.86,27238
2025-07-23,12:30:00,30.88,31.1,30.88,31.04,52238
2025-07-23,13:00:00,31.04,31.16,31.0,31.14,42935
2025-07-23,13:30:00,31.14,31.3,31.08,31.26,32270
2025-07-23,14:00:00,31.26,31.28,31.06,31.06,19688
2025-07-23,14:30:00,31.06,31.14,31.0,31.0,30055
2025-07-24,10:15:00,30.92,31.1,30.88,31.02,15008
2025-07-24,10:45:00,31.04,31.04,30.88,30.96,20329
2025-07-24,11:15:00,30.98,31.0,30.82,30.96,12287
2025-07-24,11:45:00,30.96,31.1,30.94,31.0,17000
2025-07-24,12:15:00,31.0,31.02,30.94,30.96,7254
2025-07-24,12:45:00,30.92,31.1,30.84,30.98,82333
2025-07-24,13:15:00,30.96,31.0,30.84,30.94,37752
2025-07-24,13:45:00,30.94,30.94,30.86,30.88,17589
2025-07-24,14:15:00,30.88,30.94,30.72,30.78,38827
2025-07-24,14:45:00,30.76,30.98,30.74,30.96,28105
2025-07-27,10:15:00,31.0,31.14,30.98,31.02,28923
2025-07-27,10:45:00,31.02,31.04,30.98,30.98,15933
2025-07-27,11:15:00,30.98,31.04,30.96,31.02,14118
2025-07-27,11:45:00,31.04,31.1,31.02,31.06,16027
2025-07-27,12:15:00,31.06,31.1,30.98,31.02,17740
2025-07-27,12:45:00,31.04,31.04,30.96,30.98,11813
2025-07-27,13:15:00,30.98,31.02,30.94,30.98,25473
2025-07-27,13:45:00,30.96,30.96,30.76,30.8,35262
2025-07-27,14:15:00,30.8,30.8,30.3,30.48,81573
2025-07-27,14:45:00,30.5,30.6,30.4,30.56,27008
2025-07-28,10:15:00,30.46,30.6,30.42,30.5,28345
2025-07-28,10:45:00,30.5,30.5,30.0,30.36,58905
2025-07-28,11:15:00,30.32,30.36,30.02,30.2,36599
2025-07-28,11:45:00,30.2,30.28,30.02,30.14,55280
2025-07-28,12:15:00,30.12,30.18,30.1,30.14,23895
2025-07-28,12:45:00,30.12,30.14,30.04,30.12,23378
2025-07-28,13:15:00,30.1,30.12,30.04,30.04,14385
2025-07-28,13:45:00,30.06,30.12,30.02,30.08,23468
2025-07-28,14:15:00,30.08,30.12,29.98,30.12,59370
2025-07-28,14:45:00,30.12,30.16,30.06,30.12,17828
2025-07-29,10:00:00,30.08,30.08,29.8,29.84,49518
2025-07-29,10:30:00,29.84,29.84,29.5,29.66,34531
2025-07-29,11:00:00,29.64,29.7,29.58,29.64,20644
2025-07-29,11:30:00,29.66,29.88,29.66,29.84,22616
2025-07-29,12:00:00,29.84,30.06,29.8,30.06,9365
2025-07-29,12:30:00,30.08,30.1,29.8,29.92,31520
2025-07-29,13:00:00,29.94,30.18,29.86,30.16,39310
2025-07-29,13:30:00,30.16,30.32,30.14,30.18,61667
2025-07-29,14:00:00,30.14,30.16,30.0,30.16,28678
2025-07-29,14:30:00,30.16,30.2,30.06,30.12,38712
2025-07-29,15:00:00,30.16,30.16,30.16,30.16,8165
2025-07-30,10:00:00,30.24,30.24,29.76,30.02,63289
2025-07-30,10:30:00,30.08,30.26,30.04,30.24,16510
2025-07-30,11:00:00,30.28,30.36,30.12,30.26,18382
2025-07-30,11:30:00,30.24,30.28,30.06,30.06,9513
2025-07-30,12:00:00,30.08,30.1,30.0,30.02,19208
2025-07-30,12:30:00,30.0,30.02,29.86,29.98,15929
2025-07-30,13:00:00,30.0,30.12,29.92,30.08,18087
2025-07-30,13:30:00,30.1,30.14,30.06,30.12,21068
2025-07-30,14:00:00,30.1,30.28,30.1,30.1,24606
2025-07-30,14:30:00,30.1,30.24,30.0,30.08,56839
2025-07-30,15:00:00,30.18,30.18,30.18,30.18,3484
2025-07-31,10:00:00,30.18,30.18,29.98,30.0,37221
2025-07-31,10:30:00,30.0,30.1,29.98,29.98,26305
2025-07-31,11:00:00,30.0,30.04,29.9,29.92,21317
2025-07-31,11:30:00,29.9,30.0,29.86,29.96,67967
2025-07-31,12:00:00,29.96,30.0,29.94,29.96,9094
2025-07-31,12:30:00,29.94,30.04,29.8,29.84,42035
2025-07-31,13:00:00,29.84,29.9,29.78,29.9,101726
2025-07-31,13:30:00,29.92,30.3,29.9,30.2,75013
2025-07-31,14:00:00,30.2,30.32,30.2,30.28,35509
2025-07-31,14:30:00,30.3,30.4,30.24,30.32,48770
2025-07-31,15:00:00,30.24,30.24,30.24,30.24,8451
2025-08-03,10:00:00,29.9,30.0,29.58,29.74,95215
2025-08-03,10:30:00,29.74,29.78,29.6,29.66,33832
2025-08-03,11:00:00,29.66,29.7,29.6,29.62,23788
2025-08-03,11:30:00,29.64,29.68,29.5,29.6,57083
2025-08-03,12:00:00,29.6,29.66,29.54,29.56,11395
2025-08-03,12:30:00,29.58,29.58,29.48,29.5,40821
2025-08-03,13:00:00,29.5,29.64,29.5,29.54,20253
2025-08-03,13:30:00,29.52,29.58,29.5,29.58,12569
2025-08-03,14:00:00,29.58,29.72,29.58,29.7,9349
2025-08-03,14:30:00,29.7,29.74,29.6,29.7,18813
2025-08-03,15:00:00,29.7,29.7,29.7,29.7,10059
2025-08-04,10:00:00,26.74,27.06,26.74,26.74,1190722
2025-08-04,10:30:00,26.74,26.96,26.74,26.74,502719
2025-08-04,11:00:00,26.74,27.5,26.74,27.24,771108
2025-08-04,11:30:00,27.26,27.28,26.84,27.1,393297
2025-08-04,12:00:00,27.1,27.2,27.0,27.1,228315
2025-08-04,12:30:00,27.12,27.14,26.88,27.04,283844
2025-08-04,13:00:00,27.06,27.08,26.92,26.96,197589
2025-08-04,13:30:00,26.94,27.04,26.86,27.0,423564
2025-08-04,14:00:00,27.02,27.1,26.88,26.96,323335
2025-08-04,14:30:00,26.96,26.96,26.74,26.76,297040
2025-08-04,15:00:00,26.74,26.74,26.74,26.74,64056
2025-08-05,10:00:00,25.72,26.6,25.72,26.24,476702
2025-08-05,10:30:00,26.24,26.42,25.72,25.88,269300
2025-08-05,11:00:00,25.88,25.98,25.42,25.58,497052
2025-08-05,11:30:00,25.58,25.7,24.86,24.92,820518
2025-08-05,12:00:00,24.92,25.04,24.85,24.93,308845
2025-08-05,12:30:00,24.92,25.18,24.85,24.97,450540
2025-08-05,13:00:00,24.97,24.98,24.48,24.62,633912
2025-08-05,13:30:00,24.56,24.88,24.56,24.77,344078
2025-08-05,14:00:00,24.79,24.9,24.7,24.8,145151
2025-08-05,14:30:00,24.8,24.95,24.8,24.85,156677
2025-08-05,15:00:00,24.83,24.83,24.83,24.83,73417
2025-08-06,10:00:00,24.93,25.08,24.72,24.83,343487
2025-08-06,10:30:00,24.83,25.28,24.82,24.96,420692
2025-08-06,11:00:00,24.96,24.99,24.82,24.88,170199
2025-08-06,11:30:00,24.87,24.95,24.85,24.9,84012
2025-08-06,12:00:00,24.91,25.0,24.86,24.92,70647
2025-08-06,12:30:00,24.92,25.26,24.91,25.2,131175
2025-08-06,13:00:00,25.18,25.54,25.1,25.14,346629
2025-08-06,13:30:00,25.12,25.24,25.02,25.08,103537
2025-08-06,14:00:00,25.08,25.38,25.06,25.32,132404
2025-08-06,14:30:00,25.36,25.36,25.08,25.18,123027
2025-08-06,15:00:00,25.22,25.22,25.22,25.22,24889
2025-08-07,10:00:00,25.44,25.44,24.94,25.36,172809
2025-08-07,10:30:00,25.38,25.38,24.98,25.06,184933
2025-08-07,11:00:00,25.08,25.12,25.02,25.06,65646
2025-08-07,11:30:00,25.06,25.14,25.06,25.14,49503
2025-08-07,12:00:00,25.14,25.14,25.04,25.08,47449
2025-08-07,12:30:00,25.08,25.1,24.94,24.96,144218
2025-08-07,13:00:00,24.96,25.14,24.95,25.12,92803
2025-08-07,13:30:00,25.1,25.18,25.08,25.12,112454
2025-08-07,14:00:00,25.1,25.12,25.04,25.06,37454
2025-08-07,14:30:00,25.08,25.22,25.06,25.18,155427
2025-08-07,15:00:00,25.18,25.18,25.18,25.18,26012
2025-08-10,10:00:00,25.14,25.2,24.97,25.06,141519
2025-08-10,10:30:00,25.06,25.1,24.98,25.04,84185
2025-08-10,11:00:00,25.06,25.12,25.0,25.1,36870
2025-08-10,11:30:00,25.08,25.16,25.04,25.06,47992
2025-08-10,12:00:00,25.06,25.14,25.0,25.04,14982
2025-08-10,12:30:00,25.04,25.14,25.0,25.08,34737
2025-08-10,13:00:00,25.08,25.08,25.0,25.02,27204
2025-08-10,13:30:00,25.02,25.02,24.86,24.94,40678
2025-08-10,14:00:00,24.94,24.96,24.77,24.82,68802
2025-08-10,14:30:00,24.84,24.87,24.78,24.81,58089
2025-08-10,15:00:00,24.81,24.81,24.81,24.81,9515
2025-08-11,10:00:00,24.88,24.88,23.81,23.98,349417
2025-08-11,10:30:00,23.98,23.99,23.4,23.56,342049
2025-08-11,11:00:00,23.56,23.79,23.45,23.79,153161
2025-08-11,11:30:00,23.79,24.23,23.72,24.13,152002
2025-08-11,12:00:00,24.15,24.16,23.95,24.07,119291
2025-08-11,12:30:00,24.07,24.08,23.91,23.98,85079
2025-08-11,13:00:00,23.98,24.02,23.86,23.89,46393
2025-08-11,13:30:00,23.88,23.9,23.75,23.84,64288
2025-08-11,14:00:00,23.81,23.87,23.76,23.81,85858
2025-08-11,14:30:00,23.81,23.87,23.7,23.82,109049
2025-08-11,15:00:00,23.81,23.81,23.81,23.81,10791
2025-08-12,10:00:00,23.8,23.89,23.72,23.78,140744
2025-08-12,10:30:00,23.79,23.82,23.6,23.74,67181
2025-08-12,11:00:00,23.7,23.73,23.43,23.49,112607
2025-08-12,11:30:00,23.48,23.55,23.35,23.45,85085
2025-08-12,12:00:00,23.46,23.54,23.39,23.49,105476
2025-08-12,12:30:00,23.49,23.49,23.31,23.36,86432
2025-08-12,13:00:00,23.37,23.39,23.31,23.35,61870
2025-08-12,13:30:00,23.32,23.36,23.32,23.33,86733
2025-08-12,14:00:00,23.34,23.36,23.2,23.22,82385
2025-08-12,14:30:00,23.22,23.27,23.14,23.19,100511
2025-08-12,15:00:00,23.1,23.1,23.1,23.1,26066
2025-08-13,10:00:00,23.3,24.09,23.17,23.9,502096
2025-08-13,10:30:00,23.88,24.07,23.72,23.89,283837
2025-08-13,11:00:00,23.89,24.06,23.73,23.78,211971
2025-08-13,11:30:00,23.79,23.95,23.76,23.76,105721
2025-08-13,12:00:00,23.76,23.8,23.6,23.65,126076
2025-08-13,12:30:00,23.64,23.65,23.52,23.6,65153
2025-08-13,13:00:00,23.6,24.8,23.6,24.7,932770
2025-08-13,13:30:00,24.72,25.0,24.37,24.84,585928
2025-08-13,14:00:00,24.85,24.91,24.37,24.43,302750
2025-08-13,14:30:00,24.43,24.92,24.43,24.44,317961
2025-08-13,15:00:00,24.78,24.78,24.78,24.78,80635
2025-08-14,10:00:00,24.6,24.71,24.35,24.42,339113
2025-08-14,10:30:00,24.42,24.69,24.4,24.54,145645
2025-08-14,11:00:00,24.53,24.57,24.22,24.27,106286
2025-08-14,11:30:00,24.27,24.33,24.2,24.25,96998
2025-08-14,12:00:00,24.26,24.27,24.17,24.27,86405
2025-08-14,12:30:00,24.26,24.27,24.19,24.19,47044
2025-08-14,13:00:00,24.19,24.28,24.17,24.2,45992
2025-08-14,13:30:00,24.21,24.27,24.1,24.1,95753
2025-08-14,14:00:00,24.09,24.18,24.01,24.07,116510
2025-08-14,14:30:00,24.06,24.2,24.05,24.13,126461
2025-08-14,15:00:00,24.13,24.13,24.13,24.13,18283
2025-08-17,10:00:00,24.3,24.51,24.3,24.39,167975
2025-08-17,10:30:00,24.4,24.49,24.33,24.36,100540
2025-08-17,11:00:00,24.36,24.47,24.34,24.37,31191
2025-08-17,11:30:00,24.35,24.44,24.3,24.3,43479
2025-08-17,12:00:00,24.33,24.38,24.23,24.33,26512
2025-08-17,12:30:00,24.33,24.37,24.28,24.32,26942
2025-08-17,13:00:00,24.32,24.39,24.27,24.28,44049
2025-08-17,13:30:00,24.3,24.3,24.24,24.26,36635
2025-08-17,14:00:00,24.27,24.4,24.22,24.31,58439
2025-08-17,14:30:00,24.3,24.34,24.27,24.29,41185
2025-08-17,15:00:00,24.32,24.32,24.32,24.32,3826
2025-08-18,10:00:00,24.26,24.45,24.19,24.35,105716
2025-08-18,10:30:00,24.32,24.34,24.2,24.24,43643
2025-08-18,11:00:00,24.23,24.35,24.23,24.3,23489
2025-08-18,11:30:00,24.32,24.43,24.31,24.35,60146
2025-08-18,12:00:00,24.34,24.39,24.33,24.36,32607
2025-08-18,12:30:00,24.36,24.37,24.32,24.33,19739
2025-08-18,13:00:00,24.32,24.42,24.28,24.4,45538
2025-08-18,13:30:00,24.41,24.62,24.37,24.49,88513
2025-08-18,14:00:00,24.5,24.68,24.48,24.67,106003
2025-08-18,14:30:00,24.66,24.68,24.42,24.58,98306
2025-08-18,15:00:00,24.5,24.5,24.5,24.5,8926
2025-08-19,10:00:00,24.42,24.44,24.13,24.16,104735
2025-08-19,10:30:00,24.16,24.17,24.03,24.13,101075
2025-08-19,11:00:00,24.13,24.25,24.1,24.2,42903
2025-08-19,11:30:00,24.17,24.26,24.17,24.23,11891
2025-08-19,12:00:00,24.22,24.3,24.19,24.27,26362
2025-08-19,12:30:00,24.29,24.29,24.23,24.27,8697
2025-08-19,13:00:00,24.27,24.28,24.19,24.19,29969
2025-08-19,13:30:00,24.19,24.25,24.17,24.22,22720
2025-08-19,14:00:00,24.22,24.22,24.1,24.18,36676
2025-08-19,14:30:00,24.18,24.23,24.15,24.2,38615
2025-08-19,15:00:00,24.13,24.13,24.13,24.13,16931
2025-08-20,10:00:00,24.2,24.24,24.13,24.2,22034
2025-08-20,10:30:00,24.2,24.28,24.2,24.21,32532
2025-08-20,11:00:00,24.21,24.26,24.2,24.24,16620
2025-08-20,11:30:00,24.25,24.25,24.18,24.2,17899
2025-08-20,12:00:00,24.22,24.25,24.18,24.2,11815
2025-08-20,12:30:00,24.19,24.2,24.15,24.16,24632
2025-08-20,13:00:00,24.17,24.17,24.15,24.16,12636
2025-08-20,13:30:00,24.17,24.2,24.12,24.13,38460
2025-08-20,14:00:00,24.12,24.13,23.9,23.96,118862
2025-08-20,14:30:00,23.96,23.99,23.93,23.93,38287
2025-08-20,15:00:00,23.94,23.94,23.94,23.94,7829
2025-08-21,10:00:00,23.94,23.97,23.89,23.97,41609
2025-08-21,10:30:00,23.97,24.0,23.9,23.97,32230
2025-08-21,11:00:00,23.97,23.98,23.92,23.98,9973
2025-08-21,11:30:00,23.98,23.99,23.83,23.84,43911
2025-08-21,12:00:00,23.84,23.87,23.8,23.8,47260
2025-08-21,12:30:00,23.8,23.8,23.74,23.79,36165
2025-08-21,13:00:00,23.78,23.86,23.75,23.8,46370
2025-08-21,13:30:00,23.8,23.81,23.75,23.78,34326
2025-08-21,14:00:00,23.76,23.9,23.76,23.85,37369
2025-08-21,14:30:00,23.85,23.9,23.75,23.81,35345
2025-08-21,15:00:00,23.81,23.81,23.81,23.81,11597
2025-08-24,10:00:00,23.9,24.23,23.9,24.18,55666
2025-08-24,10:30:00,24.18,24.18,24.09,24.09,29526
2025-08-24,11:00:00,24.09,24.19,24.09,24.14,32606
2025-08-24,11:30:00,24.14,24.29,24.14,24.27,90758
2025-08-24,12:00:00,24.28,24.29,24.21,24.21,34657
2025-08-24,12:30:00,24.22,24.22,24.11,24.11,47065
2025-08-24,13:00:00,24.11,24.14,24.04,24.14,23229
2025-08-24,13:30:00,24.13,24.13,24.0,24.0,43068
2025-08-24,14:00:00,24.06,24.06,23.95,23.96,20378
2025-08-24,14:30:00,23.98,24.01,23.93,24.01,21183
2025-08-24,15:00:00,24.01,24.01,24.01,24.01,13331
2025-08-25,10:00:00,24.01,24.1,23.94,24.02,30807
2025-08-25,10:30:00,24.06,24.1,23.98,24.02,51573
2025-08-25,11:00:00,24.02,24.06,23.96,23.97,19036
2025-08-25,11:30:00,23.97,24.0,23.95,24.0,23084
2025-08-25,12:00:00,24.02,24.1,24.01,24.1,9599
2025-08-25,12:30:00,24.12,24.19,24.0,24.11,84897
2025-08-25,13:00:00,24.1,24.12,24.05,24.12,25876
2025-08-25,13:30:00,24.13,24.15,24.04,24.13,29662
2025-08-25,14:00:00,24.13,24.14,24.0,24.07,63181
2025-08-25,14:30:00,24.06,24.14,24.05,24.09,39117
2025-08-25,15:00:00,24.07,24.07,24.07,24.07,5373
2025-08-26,10:00:00,24.09,24.42,24.01,24.21,165141
2025-08-26,10:30:00,24.21,24.26,24.14,24.21,35463
2025-08-26,11:00:00,24.21,24.23,24.17,24.2,24538
2025-08-26,11:30:00,24.21,24.33,24.21,24.26,74818
2025-08-26,12:00:00,24.24,24.39,24.21,24.3,75686
2025-08-26,12:30:00,24.29,24.62,24.29,24.4,327544
2025-08-26,13:00:00,24.4,24.45,24.27,24.28,80387
2025-08-26,13:30:00,24.28,24.31,24.16,24.27,50354
2025-08-26,14:00:00,24.25,24.31,24.25,24.31,21248
2025-08-26,14:30:00,24.29,24.36,24.26,24.28,38749
2025-08-26,15:00:00,24.3,24.3,24.3,24.3,33385
2025-08-27,10:00:00,24.3,24.7,24.26,24.65,158675
2025-08-27,10:30:00,24.65,24.9,24.58,24.72,291285
2025-08-27,11:00:00,24.71,25.0,24.7,24.81,354175
2025-08-27,11:30:00,24.82,24.9,24.78,24.8,95683
2025-08-27,12:00:00,24.81,24.82,24.7,24.72,93412
2025-08-27,12:30:00,24.75,24.85,24.7,24.81,51409
2025-08-27,13:00:00,24.82,24.85,24.7,24.72,43946
2025-08-27,13:30:00,24.72,24.75,24.55,24.56,98043
2025-08-27,14:00:00,24.6,24.6,24.52,24.56,53179
2025-08-27,14:30:00,24.56,24.6,24.42,24.46,81091
2025-08-27,15:00:00,24.45,24.45,24.45,24.45,12365
2025-08-28,10:00:00,24.45,24.47,24.3,24.4,53882
2025-08-28,10:30:00,24.41,24.53,24.4,24.53,17888
2025-08-28,11:00:00,24.53,24.82,24.53,24.71,211719
2025-08-28,11:30:00,24.71,25.12,24.71,25.1,307652
2025-08-28,12:00:00,25.1,25.78,25.08,25.44,671451
2025-08-28,12:30:00,25.44,25.58,25.22,25.46,194329
2025-08-28,13:00:00,25.44,25.56,25.36,25.4,137474
2025-08-28,13:30:00,25.4,25.68,25.32,25.32,249622
2025-08-28,14:00:00,25.3,25.3,25.06,25.14,91587
2025-08-28,14:30:00,25.12,25.32,25.1,25.26,77159
2025-08-28,15:00:00,25.2,25.2,25.2,25.2,11217
2025-08-31,10:00:00,25.18,25.4,24.98,25.1,150046
2025-08-31,10:30:00,25.12,25.12,25.06,25.12,48241
2025-08-31,11:00:00,25.16,25.26,25.06,25.12,42850
2025-08-31,11:30:00,25.16,25.2,24.9,24.95,93165
2025-08-31,12:00:00,24.93,24.94,24.69,24.69,59212
2025-08-31,12:30:00,24.69,24.8,24.63,24.75,32727
2025-08-31,13:00:00,24.78,24.89,24.78,24.78,40344
2025-08-31,13:30:00,24.79,24.84,24.6,24.63,30310
2025-08-31,14:00:00,24.62,24.62,24.35,24.45,51449
2025-08-31,14:30:00,24.46,24.51,24.26,24.3,63333
2025-08-31,15:00:00,24.3,24.3,24.3,24.3,19449
2025-09-01,10:00:00,24.31,24.43,24.13,24.3,43761
2025-09-01,10:30:00,24.3,24.31,24.25,24.25,28109
2025-09-01,11:00:00,24.27,24.29,24.12,24.26,81191
2025-09-01,11:30:00,24.26,24.41,24.26,24.31,18869
2025-09-01,12:00:00,24.31,24.33,24.26,24.27,15309
2025-09-01,12:30:00,24.29,24.3,24.12,24.17,51698
2025-09-01,13:00:00,24.15,24.18,24.08,24.12,18397
2025-09-01,13:30:00,24.13,24.14,23.92,23.92,50400
2025-09-01,14:00:00,23.91,24.13,23.86,24.1,41522
2025-09-01,14:30:00,24.11,24.11,23.96,24.0,54717
2025-09-01,15:00:00,24.0,24.0,24.0,24.0,14583
2025-09-02,10:00:00,24.0,24.0,23.3,23.36,143685
2025-09-02,10:30:00,23.37,23.48,23.34,23.48,68423
2025-09-02,11:00:00,23.45,23.5,23.3,23.44,40034
2025-09-02,11:30:00,23.44,23.45,23.35,23.37,15024
2025-09-02,12:00:00,23.38,23.4,23.31,23.34,14556
2025-09-02,12:30:00,23.34,23.4,23.3,23.39,12873
2025-09-02,13:00:00,23.39,23.5,23.39,23.47,20540
2025-09-02,13:30:00,23.46,23.51,23.44,23.49,63437
2025-09-02,14:00:00,23.49,23.49,23.32,23.42,35937
2025-09-02,14:30:00,23.42,23.48,23.33,23.36,48774
2025-09-02,15:00:00,23.4,23.4,23.4,23.4,9381
2025-09-03,10:00:00,23.47,23.7,23.34,23.7,57583
2025-09-03,10:30:00,23.73,23.76,23.64,23.67,41734
2025-09-03,11:00:00,23.68,23.7,23.6,23.62,14750
2025-09-03,11:30:00,23.61,23.64,23.5,23.58,33056
2025-09-03,12:00:00,23.59,23.7,23.59,23.62,29393
2025-09-03,12:30:00,23.62,23.66,23.59,23.6,11935
2025-09-03,13:00:00,23.59,23.69,23.5,23.6,24814
2025-09-03,13:30:00,23.59,23.62,23.45,23.46,20371
2025-09-03,14:00:00,23.46,23.54,23.4,23.54,23249
2025-09-03,14:30:00,23.52,23.58,23.5,23.5,15078
2025-09-03,15:00:00,23.46,23.46,23.46,23.46,7551
2025-09-04,10:00:00,23.4,23.98,23.4,23.85,142068
2025-09-04,10:30:00,23.84,23.95,23.78,23.88,47637
2025-09-04,11:00:00,23.85,23.92,23.8,23.81,41019
2025-09-04,11:30:00,23.79,23.84,23.7,23.78,23328
2025-09-04,12:00:00,23.78,23.84,23.7,23.8,14748
2025-09-04,12:30:00,23.8,23.8,23.72,23.72,5688
2025-09-04,13:00:00,23.71,23.8,23.69,23.77,14725
2025-09-04,13:30:00,23.77,23.8,23.69,23.69,17222
2025-09-04,14:00:00,23.73,23.94,23.7,23.94,44191
2025-09-04,14:30:00,23.94,23.94,23.7,23.84,33809
2025-09-04,15:00:00,23.93,23.93,23.93,23.93,5550
2025-09-07,10:00:00,24.0,24.13,23.93,24.0,43128
2025-09-07,10:30:00,24.0,24.01,23.9,23.9,28220
2025-09-07,11:00:00,23.91,23.98,23.88,23.93,10272
2025-09-07,11:30:00,23.92,23.94,23.81,23.83,10610
2025-09-07,12:00:00,23.83,23.85,23.78,23.78,12024
2025-09-07,12:30:00,23.77,23.82,23.75,23.77,12394
2025-09-07,13:00:00,23.78,23.84,23.75,23.76,18942
2025-09-07,13:30:00,23.78,23.88,23.7,23.74,30121
2025-09-07,14:00:00,23.74,23.77,23.53,23.67,27670
2025-09-07,14:30:00,23.66,23.7,23.51,23.59,41782
2025-09-07,15:00:00,23.55,23.55,23.55,23.55,14084
2025-09-08,10:00:00,23.58,23.82,23.53,23.75,34421
2025-09-08,10:30:00,23.73,23.8,23.67,23.8,34126
2025-09-08,11:00:00,23.8,23.85,23.69,23.7,67819
2025-09-08,11:30:00,23.69,23.72,23.54,23.55,15786
2025-09-08,12:00:00,23.54,23.62,23.49,23.49,32291
2025-09-08,12:30:00,23.49,23.6,23.49,23.5,45296
2025-09-08,13:00:00,23.5,23.6,23.49,23.52,12044
2025-09-08,13:30:00,23.53,23.61,23.51,23.52,22210
2025-09-08,14:00:00,23.51,23.64,23.5,23.59,33059
2025-09-08,14:30:00,23.58,23.62,23.52,23.57,36524
2025-09-08,15:00:00,23.57,23.57,23.57,23.57,73757
2025-09-09,10:00:00,23.72,23.72,23.3,23.47,53983
2025-09-09,10:30:00,23.49,23.49,23.3,23.38,17339
2025-09-09,11:00:00,23.36,23.43,23.34,23.39,8878
2025-09-09,11:30:00,23.39,23.4,23.22,23.25,25537
2025-09-09,12:00:00,23.25,23.28,23.2,23.23,23249
2025-09-09,12:30:00,23.23,23.32,23.21,23.28,28718
2025-09-09,13:00:00,23.33,23.33,23.18,23.19,18330
2025-09-09,13:30:00,23.19,23.28,23.18,23.26,17974
2025-09-09,14:00:00,23.27,23.41,23.26,23.41,39487
2025-09-09,14:30:00,23.41,23.69,23.36,23.52,87876
2025-09-09,15:00:00,23.52,23.52,23.52,23.52,4722
2025-09-10,10:00:00,23.48,23.48,22.9,22.96,103752
2025-09-10,10:30:00,22.98,23.0,22.7,22.75,122944
2025-09-10,11:00:00,22.75,22.88,22.72,22.82,52327
2025-09-10,11:30:00,22.81,22.83,22.74,22.81,25843
2025-09-10,12:00:00,22.82,23.0,22.8,22.85,43161
2025-09-10,12:30:00,22.85,22.96,22.8,22.88,23947
2025-09-10,13:00:00,22.88,22.91,22.8,22.86,34329
2025-09-10,13:30:00,22.86,22.9,22.77,22.89,33617
2025-09-10,14:00:00,22.88,22.91,22.77,22.78,33181
2025-09-10,14:30:00,22.78,22.86,22.73,22.81,40372
2025-09-10,15:00:00,22.81,22.81,22.81,22.81,10863
2025-09-11,10:00:00,23.19,23.19,22.72,22.76,52909
2025-09-11,10:30:00,22.76,22.81,22.68,22.68,55766
2025-09-11,11:00:00,22.68,22.76,22.67,22.69,70593
2025-09-11,11:30:00,22.69,22.8,22.68,22.68,33681
2025-09-11,12:00:00,22.74,22.75,22.62,22.72,13466
2025-09-11,12:30:00,22.73,22.73,22.67,22.68,16659
2025-09-11,13:00:00,22.68,22.72,22.65,22.68,19664
2025-09-11,13:30:00,22.67,22.68,22.6,22.6,48575
2025-09-11,14:00:00,22.6,22.63,22.44,22.46,42202
2025-09-11,14:30:00,22.46,22.54,22.42,22.47,49195
2025-09-11,15:00:00,22.44,22.44,22.44,22.44,10700
2025-09-14,10:00:00,22.44,22.5,22.27,22.27,19768
2025-09-14,10:30:00,22.25,22.27,22.01,22.27,64623
2025-09-14,11:00:00,22.26,22.35,22.23,22.29,27485
2025-09-14,11:30:00,22.26,22.26,22.1,22.25,51040
2025-09-14,12:00:00,22.26,22.35,22.14,22.15,48103
2025-09-14,12:30:00,22.15,22.3,22.12,22.17,45455
2025-09-14,13:00:00,22.15,22.22,22.1,22.21,29500
2025-09-14,13:30:00,22.2,22.27,22.16,22.21,49945
2025-09-14,14:00:00,22.21,22.25,22.1,22.2,43983
2025-09-14,14:30:00,22.18,22.27,22.17,22.26,33268
2025-09-14,15:00:00,22.24,22.24,22.24,22.24,2553
2025-09-15,10:00:00,22.28,22.55,22.24,22.5,87646
2025-09-15,10:30:00,22.51,22.57,22.3,22.37,68918
2025-09-15,11:00:00,22.36,22.37,22.24,22.36,34344
2025-09-15,11:30:00,22.35,22.35,22.23,22.3,32627
2025-09-15,12:00:00,22.29,22.37,22.28,22.33,15813
2025-09-15,12:30:00,22.37,22.39,22.24,22.27,25533
2025-09-15,13:00:00,22.27,22.35,22.25,22.26,29835
2025-09-15,13:30:00,22.26,22.27,22.06,22.07,101987
2025-09-15,14:00:00,22.15,22.16,22.04,22.1,47025
2025-09-15,14:30:00,22.1,22.2,22.05,22.17,51130
2025-09-15,15:00:00,22.16,22.16,22.16,22.16,12232
2025-09-16,10:00:00,22.15,22.65,22.15,22.47,139908
2025-09-16,10:30:00,22.48,22.52,22.38,22.5,89294
2025-09-16,11:00:00,22.51,22.51,22.41,22.41,28287
2025-09-16,11:30:00,22.43,22.51,22.4,22.47,36159
2025-09-16,12:00:00,22.46,22.55,22.46,22.55,44552
2025-09-16,12:30:00,22.55,22.66,22.49,22.65,165876
2025-09-16,13:00:00,22.67,22.8,22.61,22.64,105320
2025-09-16,13:30:00,22.64,22.79,22.63,22.78,73017
2025-09-16,14:00:00,22.78,22.91,22.76,22.83,111430
2025-09-16,14:30:00,22.83,22.87,22.73,22.84,78453
2025-09-16,15:00:00,22.84,22.84,22.84,22.84,19411
2025-09-17,10:00:00,22.9,23.07,22.9,22.96,95916
2025-09-17,10:30:00,22.97,23.04,22.97,22.99,41638
2025-09-17,11:00:00,22.99,23.05,22.96,23.03,63409
2025-09-17,11:30:00,22.99,23.05,22.94,22.99,26391
2025-09-17,12:00:00,22.99,23.08,22.89,23.08,64178
2025-09-17,12:30:00,23.08,23.13,23.0,23.04,54442
2025-09-17,13:00:00,23.0,23.11,22.98,23.11,24792
2025-09-17,13:30:00,23.1,23.26,23.1,23.18,121856
2025-09-17,14:00:00,23.2,23.26,23.19,23.23,16947
2025-09-17,14:30:00,23.23,23.36,23.23,23.3,81202
2025-09-17,15:00:00,23.49,23.49,23.49,23.49,25326
2025-09-18,10:00:00,23.6,23.6,23.3,23.3,68518
2025-09-18,10:30:00,23.32,23.39,23.26,23.3,47320
2025-09-18,11:00:00,23.3,23.49,23.29,23.41,31311
2025-09-18,11:30:00,23.42,23.43,23.4,23.43,21818
2025-09-18,12:00:00,23.43,23.43,23.4,23.43,19874
2025-09-18,12:30:00,23.43,23.46,23.41,23.43,71949
2025-09-18,13:00:00,23.43,23.49,23.39,23.42,69792
2025-09-18,13:30:00,23.4,23.49,23.39,23.45,30370
2025-09-18,14:00:00,23.45,23.5,23.45,23.48,26070
2025-09-18,14:30:00,23.48,23.5,23.41,23.44,48881
2025-09-18,15:00:00,23.49,23.49,23.49,23.49,74765
2025-09-21,10:00:00,23.54,23.66,23.49,23.56,41384
2025-09-21,10:30:00,23.57,23.66,23.57,23.58,65730
2025-09-21,11:00:00,23.63,23.69,23.58,23.62,36229
2025-09-21,11:30:00,23.63,23.65,23.6,23.64,30034
2025-09-21,12:00:00,23.63,23.64,23.58,23.61,50766
2025-09-21,12:30:00,23.61,23.61,23.5,23.53,53460
2025-09-21,13:00:00,23.55,23.58,23.51,23.56,18858
2025-09-21,13:30:00,23.54,23.56,23.42,23.42,81467
2025-09-21,14:00:00,23.43,23.44,23.32,23.36,63105
2025-09-21,14:30:00,23.36,23.4,23.3,23.36,111161
2025-09-21,15:00:00,23.3,23.3,23.3,23.3,34937
2025-09-22,10:00:00,23.28,23.29,23.15,23.16,40439
2025-09-22,10:30:00,23.17,23.23,23.15,23.18,36372
2025-09-22,11:00:00,23.18,23.2,23.13,23.17,42949
2025-09-22,11:30:00,23.17,23.23,23.17,23.19,67183
2025-09-22,12:00:00,23.19,23.2,23.17,23.17,51148
2025-09-22,12:30:00,23.17,23.18,23.12,23.16,42968
2025-09-22,13:00:00,23.16,23.18,23.13,23.14,28347
2025-09-22,13:30:00,23.14,23.17,23.06,23.1,45918
2025-09-22,14:00:00,23.1,23.1,22.95,22.95,101448
2025-09-22,14:30:00,22.94,23.0,22.92,22.97,35487
2025-09-22,15:00:00,22.96,22.96,22.96,22.96,11652
2025-09-24,10:00:00,23.15,23.77,23.15,23.42,242599
2025-09-24,10:30:00,23.42,23.53,23.26,23.37,61286
2025-09-24,11:00:00,23.37,23.49,23.32,23.43,63492
2025-09-24,11:30:00,23.43,23.59,23.4,23.47,57741
2025-09-24,12:00:00,23.47,23.59,23.43,23.47,61284
2025-09-24,12:30:00,23.47,23.54,23.44,23.54,49137
2025-09-24,13:00:00,23.54,23.63,23.53,23.62,111584
2025-09-24,13:30:00,23.61,23.74,23.59,23.74,105576
2025-09-24,14:00:00,23.73,23.77,23.66,23.71,73214
2025-09-24,14:30:00,23.7,23.72,23.63,23.69,43259
2025-09-24,15:00:00,23.57,23.57,23.57,23.57,12453
2025-09-25,10:00:00,23.69,23.94,23.6,23.75,126375
2025-09-25,10:30:00,23.74,24.09,23.68,23.72,242256
2025-09-25,11:00:00,23.71,23.8,23.66,23.71,73069
2025-09-25,11:30:00,23.72,23.72,23.5,23.56,73430
2025-09-25,12:00:00,23.59,23.63,23.5,23.52,43697
2025-09-25,12:30:00,23.52,23.61,23.47,23.61,48025
2025-09-25,13:00:00,23.62,23.7,23.61,23.69,38546
2025-09-25,13:30:00,23.69,23.82,23.67,23.77,82449
2025-09-25,14:00:00,23.75,23.86,23.72,23.72,51787
2025-09-25,14:30:00,23.72,23.77,23.65,23.72,71434
2025-09-25,15:00:00,23.68,23.68,23.68,23.68,6688
2025-09-28,10:00:00,23.74,24.07,23.69,23.95,431613
2025-09-28,10:30:00,23.94,23.94,23.72,23.85,160595
2025-09-28,11:00:00,23.82,23.87,23.78,23.83,68366
2025-09-28,11:30:00,23.84,23.93,23.83,23.89,99435
2025-09-28,12:00:00,23.9,23.95,23.88,23.94,72341
2025-09-28,12:30:00,23.94,23.94,23.7,23.83,183551
2025-09-28,13:00:00,23.83,23.87,23.81,23.82,37791
2025-09-28,13:30:00,23.81,23.84,23.77,23.79,44821
2025-09-28,14:00:00,23.8,23.96,23.8,23.91,145247
2025-09-28,14:30:00,23.91,23.95,23.81,23.86,120265
2025-09-28,15:00:00,23.84,23.84,23.84,23.84,21813
2025-09-29,10:00:00,23.89,24.55,23.8,24.3,610905
2025-09-29,10:30:00,24.33,24.36,24.2,24.22,253313
2025-09-29,11:00:00,24.23,24.42,24.21,24.23,210459
2025-09-29,11:30:00,24.23,24.31,24.16,24.3,266899
2025-09-29,12:00:00,24.29,24.52,24.29,24.49,200557
2025-09-29,12:30:00,24.48,24.72,24.48,24.72,313098
2025-09-29,13:00:00,24.73,25.2,24.72,24.9,996108
2025-09-29,13:30:00,24.91,25.1,24.73,24.95,309178
2025-09-29,14:00:00,24.95,25.0,24.87,24.94,164606
2025-09-29,14:30:00,24.94,24.98,24.9,24.9,200580
2025-09-29,15:00:00,24.9,24.9,24.9,24.9,38484
2025-09-30,10:00:00,24.96,25.06,24.8,24.88,243386
2025-09-30,10:30:00,24.86,24.9,24.72,24.74,187042
2025-09-30,11:00:00,24.74,24.85,24.72,24.8,98564
2025-09-30,11:30:00,24.8,24.9,24.78,24.9,67192
2025-09-30,12:00:00,24.9,24.94,24.82,24.92,57774
2025-09-30,12:30:00,24.91,24.93,24.78,24.81,80404
2025-09-30,13:00:00,24.82,24.85,24.74,24.75,91338
2025-09-30,13:30:00,24.75,24.78,24.69,24.72,112977
2025-09-30,14:00:00,24.72,24.72,24.67,24.69,68232
2025-09-30,14:30:00,24.7,24.79,24.68,24.75,55925
2025-09-30,15:00:00,24.75,24.75,24.75,24.75,8440
2025-10-01,10:00:00,24.75,25.1,24.74,24.96,166271
2025-10-01,10:30:00,24.96,24.98,24.8,24.9,63527
2025-10-01,11:00:00,24.9,25.04,24.9,25.0,49616
2025-10-01,11:30:00,25.02,25.3,25.0,25.14,233055
2025-10-01,12:00:00,25.14,25.2,25.1,25.1,75710
2025-10-01,12:30:00,25.08,25.1,24.91,24.92,74286
2025-10-01,13:00:00,24.93,25.1,24.9,25.08,85491
2025-10-01,13:30:00,25.1,25.12,24.95,25.0,38895
2025-10-01,14:00:00,25.0,25.0,24.9,24.98,62109
2025-10-01,14:30:00,24.98,25.06,24.92,25.0,57370
2025-10-01,15:00:00,25.0,25.0,25.0,25.0,20712
2025-10-02,10:00:00,25.04,25.18,24.9,25.04,212902
2025-10-02,10:30:00,25.04,25.1,24.89,24.96,91882
2025-10-02,11:00:00,24.95,24.98,24.76,24.81,152708
2025-10-02,11:30:00,24.78,24.87,24.78,24.8,48747
2025-10-02,12:00:00,24.82,24.88,24.77,24.8,52057
2025-10-02,12:30:00,24.78,24.84,24.77,24.84,28725
2025-10-02,13:00:00,24.85,24.89,24.8,24.82,16482
2025-10-02,13:30:00,24.81,24.83,24.74,24.74,52040
2025-10-02,14:00:00,24.74,24.74,24.6,24.68,66525
2025-10-02,14:30:00,24.7,24.71,24.6,24.66,59413
2025-10-02,15:00:00,24.66,24.66,24.66,24.66,15348
2025-10-05,10:00:00,24.66,24.96,24.66,24.93,89498
2025-10-05,10:30:00,24.91,24.95,24.85,24.9,54454
2025-10-05,11:00:00,24.86,25.26,24.86,25.1,183942
2025-10-05,11:30:00,25.1,25.2,25.02,25.08,93737
2025-10-05,12:00:00,25.08,25.1,25.02,25.04,31775
2025-10-05,12:30:00,25.06,25.06,24.89,24.92,71526
2025-10-05,13:00:00,24.92,25.08,24.9,25.0,71525
2025-10-05,13:30:00,25.02,25.04,24.98,25.02,25867
2025-10-05,14:00:00,25.0,25.08,24.99,25.08,48793
2025-10-05,14:30:00,25.06,25.06,24.9,24.91,63794
2025-10-05,15:00:00,24.9,24.9,24.9,24.9,14629
2025-10-06,10:00:00,24.9,25.08,24.9,25.08,63177
2025-10-06,10:30:00,25.06,25.16,25.0,25.06,87551
2025-10-06,11:00:00,25.06,25.06,24.89,24.9,112617
2025-10-06,11:30:00,24.9,24.9,24.85,24.87,82302
2025-10-06,12:00:00,24.86,24.88,24.82,24.85,49907
2025-10-06,12:30:00,24.86,25.0,24.85,24.91,36796
2025-10-06,13:00:00,24.91,24.95,24.87,24.95,32377
2025-10-06,13:30:00,24.98,25.08,24.9,24.9,49759
2025-10-06,14:00:00,24.95,24.95,24.88,24.88,15617
2025-10-06,14:30:00,24.87,24.95,24.8,24.93,137969
2025-10-06,15:00:00,24.92,24.92,24.92,24.92,16943
2025-10-07,10:00:00,25.04,25.14,24.87,24.88,157434
2025-10-07,10:30:00,24.88,24.88,24.75,24.8,76595
2025-10-07,11:00:00,24.81,24.87,24.8,24.83,41942
2025-10-07,11:30:00,24.84,24.85,24.79,24.83,40769
2025-10-07,12:00:00,24.82,24.84,24.75,24.83,79097
2025-10-07,12:30:00,24.85,24.9,24.83,24.87,17754
2025-10-07,13:00:00,24.87,24.88,24.81,24.81,18115
2025-10-07,13:30:00,24.85,24.86,24.79,24.86,25281
2025-10-07,14:00:00,24.86,24.87,24.79,24.79,23814
2025-10-07,14:30:00,24.79,24.85,24.75,24.78,71224
2025-10-07,15:00:00,24.78,24.78,24.78,24.78,15452
2025-10-08,10:00:00,24.68,24.7,24.5,24.5,154557
2025-10-08,10:30:00,24.5,24.58,24.5,24.52,81405
2025-10-08,11:00:00,24.55,24.66,24.5,24.51,48256
2025-10-08,11:30:00,24.5,24.55,24.49,24.5,42304
2025-10-08,12:00:00,24.5,24.51,24.47,24.47,26522
2025-10-08,12:30:00,24.48,24.49,24.45,24.47,29659
2025-10-08,13:00:00,24.47,24.49,24.42,24.44,39692
2025-10-08,13:30:00,24.45,24.5,24.42,24.42,33635
2025-10-08,14:00:00,24.43,24.48,24.43,24.45,21297
2025-10-08,14:30:00,24.47,24.47,24.31,24.32,56405
2025-10-08,15:00:00,24.32,24.32,24.32,24.32,3481
2025-10-09,10:00:00,24.3,24.32,24.14,24.19,39722
2025-10-09,10:30:00,24.19,24.36,24.16,24.29,61960
2025-10-09,11:00:00,24.29,24.39,24.28,24.35,34865
2025-10-09,11:30:00,24.33,24.33,24.18,24.2,74451
2025-10-09,12:00:00,24.21,24.22,24.18,24.2,26036
2025-10-09,12:30:00,24.2,24.23,24.19,24.19,11924
2025-10-09,13:00:00,24.18,24.19,24.07,24.08,57841
2025-10-09,13:30:00,24.08,24.14,24.05,24.1,55983
2025-10-09,14:00:00,24.11,24.18,24.1,24.16,24141
2025-10-09,14:30:00,24.16,24.2,24.14,24.17,31825
2025-10-09,15:00:00,24.18,24.18,24.18,24.18,6381
2025-10-12,10:00:00,23.5,23.88,23.32,23.8,128865
2025-10-12,10:30:00,23.8,23.86,23.76,23.86,37541
2025-10-12,11:00:00,23.88,23.98,23.82,23.84,27303
2025-10-12,11:30:00,23.82,23.84,23.79,23.82,21823
2025-10-12,12:00:00,23.82,23.87,23.82,23.82,13504
2025-10-12,12:30:00,23.86,24.0,23.81,23.84,27996
2025-10-12,13:00:00,23.82,23.82,23.75,23.8,33721
2025-10-12,13:30:00,23.8,23.89,23.8,23.82,28255
2025-10-12,14:00:00,23.82,24.0,23.81,23.87,22033
2025-10-12,14:30:00,23.87,23.91,23.81,23.83,12932
2025-10-12,15:00:00,23.82,23.82,23.82,23.82,8111
2025-10-13,10:00:00,23.85,24.05,23.85,23.94,52547
2025-10-13,10:30:00,23.91,24.01,23.9,24.01,30801
2025-10-13,11:00:00,24.01,24.08,24.0,24.04,23974
2025-10-13,11:30:00,24.05,24.11,24.02,24.1,41723
2025-10-13,12:00:00,24.09,24.2,24.01,24.16,63567
2025-10-13,12:30:00,24.15,24.22,24.11,24.18,57760
2025-10-13,13:00:00,24.18,24.25,24.15,24.23,39233
2025-10-13,13:30:00,24.23,24.4,24.21,24.37,112384
2025-10-13,14:00:00,24.37,24.4,24.3,24.38,70293
2025-10-13,14:30:00,24.36,24.39,24.27,24.27,47570
2025-10-14,10:15:00,24.23,24.28,24.17,24.17,41264
2025-10-14,10:45:00,24.17,24.17,24.03,24.03,45851
2025-10-14,11:15:00,24.02,24.11,24.0,24.09,18727
2025-10-14,11:45:00,24.07,24.08,23.93,23.93,57149
2025-10-14,12:15:00,23.94,24.07,23.9,24.05,43720
2025-10-14,12:45:00,24.06,24.4,24.05,24.39,104547
2025-10-14,13:15:00,24.39,24.95,24.39,24.88,487264
2025-10-14,13:45:00,24.85,25.18,24.77,24.8,547482
2025-10-14,14:15:00,24.78,24.79,24.61,24.7,112732
2025-10-14,14:45:00,24.67,24.72,24.6,24.67,84674
2025-10-15,10:15:00,24.69,24.79,24.63,24.65,109807
2025-10-15,10:45:00,24.63,24.65,24.53,24.57,57980
2025-10-15,11:15:00,24.57,24.61,24.45,24.49,57951
2025-10-15,11:45:00,24.49,24.82,24.47,24.82,107339
2025-10-15,12:15:00,24.82,24.87,24.72,24.75,112257
2025-10-15,12:45:00,24.75,24.75,24.54,24.56,124725
2025-10-15,13:15:00,24.57,24.6,24.51,24.53,60101
2025-10-15,13:45:00,24.53,24.68,24.5,24.67,128980
2025-10-15,14:15:00,24.65,25.1,24.64,24.88,269929
2025-10-15,14:45:00,24.87,24.99,24.86,24.95,73252
2025-10-16,10:15:00,24.99,25.0,24.73,24.73,102406
2025-10-16,10:45:00,24.74,24.93,24.74,24.76,77051
2025-10-16,11:15:00,24.75,24.84,24.57,24.6,118215
2025-10-16,11:45:00,24.57,24.63,24.54,24.58,106542
2025-10-16,12:15:00,24.58,24.7,24.58,24.68,40502
2025-10-16,12:45:00,24.67,24.69,24.55,24.62,36845
2025-10-16,13:15:00,24.61,24.76,24.6,24.7,35369
2025-10-16,13:45:00,24.7,24.79,24.62,24.7,48823
2025-10-16,14:15:00,24.69,24.7,24.6,24.66,25694
2025-10-16,14:45:00,24.66,24.66,24.55,24.55,28943
2025-10-19,10:15:00,24.66,24.66,24.58,24.61,21555
2025-10-19,10:45:00,24.62,24.63,24.58,24.6,27395
2025-10-19,11:15:00,24.6,24.6,24.55,24.57,18465
2025-10-19,11:45:00,24.57,24.78,24.57,24.75,45959
2025-10-19,12:15:00,24.73,24.8,24.63,24.71,29022
2025-10-19,12:45:00,24.75,25.0,24.71,24.94,243370
2025-10-19,13:15:00,24.93,24.96,24.8,24.88,48447
2025-10-19,13:45:00,24.86,24.96,24.81,24.81,81018
2025-10-19,14:15:00,24.83,24.87,24.77,24.77,51661
2025-10-19,14:45:00,24.77,24.83,24.77,24.8,35737
2025-10-20,10:15:00,24.94,25.02,24.77,25.0,123307
2025-10-20,10:45:00,24.98,25.46,24.92,25.08,618574
2025-10-20,11:15:00,25.08,25.7,24.98,25.44,756476
2025-10-20,11:45:00,25.42,25.58,25.32,25.54,225205
2025-10-20,12:15:00,25.56,25.58,25.3,25.34,208957
2025-10-20,12:45:00,25.32,25.62,25.3,25.38,205056
2025-10-20,13:15:00,25.36,25.92,25.18,25.72,619398
2025-10-20,13:45:00,25.7,25.9,25.58,25.88,327325
2025-10-20,14:15:00,25.88,26.0,25.42,25.54,540025
2025-10-20,14:45:00,25.56,25.62,25.42,25.5,140242
2025-10-21,10:15:00,25.44,25.48,25.34,25.42,141928
2025-10-21,10:45:00,25.44,25.56,24.99,25.1,310255
2025-10-21,11:15:00,25.1,25.18,25.06,25.1,103663
2025-10-21,11:45:00,25.1,25.18,25.04,25.18,94722
2025-10-21,12:15:00,25.18,25.28,25.04,25.04,70362
2025-10-21,12:45:00,25.04,25.16,25.0,25.08,55709
2025-10-21,13:15:00,25.06,25.16,25.0,25.12,92462
2025-10-21,13:45:00,25.12,25.18,25.04,25.1,42222
2025-10-21,14:15:00,25.1,25.22,25.02,25.04,73073
2025-10-21,14:45:00,25.04,25.16,25.0,25.0,104389
2025-10-22,10:15:00,24.8,24.9,24.78,24.9,80086
2025-10-22,10:45:00,24.87,24.92,24.8,24.8,53531
2025-10-22,11:15:00,24.81,24.84,24.71,24.84,65816
2025-10-22,11:45:00,24.85,24.93,24.78,24.83,55954
2025-10-22,12:15:00,24.83,24.86,24.58,24.63,95753
2025-10-22,12:45:00,24.63,24.68,24.58,24.61,46594
2025-10-22,13:15:00,24.61,24.68,24.59,24.64,73339
2025-10-22,13:45:00,24.62,24.68,24.5,24.66,131399
2025-10-22,14:15:00,24.61,24.74,24.6,24.69,33913
2025-10-22,14:45:00,24.68,24.68,24.57,24.57,48668
2025-10-23,10:00:00,24.58,24.63,24.42,24.52,47646
2025-10-23,10:30:00,24.52,24.53,24.18,24.2,70306
2025-10-23,11:00:00,24.21,24.4,24.2,24.27,62528
2025-10-23,11:30:00,24.27,24.31,24.1,24.13,90215
2025-10-23,12:00:00,24.13,24.29,24.12,24.28,43467
2025-10-23,12:30:00,24.28,24.3,24.2,24.26,32672
2025-10-23,13:00:00,24.26,24.34,24.2,24.32,33724
2025-10-23,13:30:00,24.34,24.44,24.3,24.34,45269
2025-10-23,14:00:00,24.34,24.38,24.31,24.36,25245
2025-10-23,14:30:00,24.36,24.49,24.3,24.49,32764
2025-10-23,15:00:00,24.38,24.38,24.38,24.38,16531
2025-10-26,10:00:00,24.42,24.6,24.42,24.56,67753
2025-10-26,10:30:00,24.54,24.54,24.43,24.45,22271
2025-10-26,11:00:00,24.45,24.48,24.34,24.35,39873
2025-10-26,11:30:00,24.36,24.8,24.32,24.68,96993
2025-10-26,12:00:00,24.72,24.87,24.56,24.82,60135
2025-10-26,12:30:00,24.83,24.87,24.7,24.73,44934
2025-10-26,13:00:00,24.73,24.8,24.71,24.74,12778
2025-10-26,13:30:00,24.74,24.87,24.72,24.8,18192
2025-10-26,14:00:00,24.8,24.81,24.68,24.72,29455
2025-10-26,14:30:00,24.72,24.8,24.62,24.64,43622
2025-10-26,15:00:00,24.6,24.6,24.6,24.6,5822
2025-10-27,10:00:00,24.65,24.73,24.43,24.5,89555
2025-10-27,10:30:00,24.52,24.53,24.45,24.48,16548
2025-10-27,11:00:00,24.47,24.48,24.45,24.45,17432
2025-10-27,11:30:00,24.46,24.48,24.3,24.3,50743
2025-10-27,12:00:00,24.3,24.39,24.29,24.35,18362
2025-10-27,12:30:00,24.35,24.36,24.27,24.35,72846
2025-10-27,13:00:00,24.35,24.38,24.22,24.22,43352
2025-10-27,13:30:00,24.25,24.28,24.16,24.17,68507
2025-10-27,14:00:00,24.17,24.17,24.06,24.12,61822
2025-10-27,14:30:00,24.12,24.12,24.04,24.08,98353
2025-10-27,15:00:00,24.08,24.08,24.08,24.08,8222
2025-10-28,10:00:00,24.0,24.07,23.76,23.83,156384
2025-10-28,10:30:00,23.85,24.15,23.8,24.15,58065
2025-10-28,11:00:00,24.12,24.2,23.93,24.2,92802
2025-10-28,11:30:00,24.21,24.3,24.0,24.1,90918
2025-10-28,12:00:00,24.11,24.2,24.09,24.1,24832
2025-10-28,12:30:00,24.11,24.12,24.01,24.06,22829
2025-10-28,13:00:00,24.06,24.08,24.0,24.03,20081
2025-10-28,13:30:00,24.04,24.14,24.02,24.08,22157
2025-10-28,14:00:00,24.09,24.09,24.0,24.06,35557
2025-10-28,14:30:00,24.06,24.09,23.96,23.97,42669
2025-10-29,10:15:00,24.01,24.12,24.0,24.1,71769
2025-10-29,10:45:00,24.11,24.24,24.11,24.19,59790
2025-10-29,11:15:00,24.19,24.42,24.19,24.32,101651
2025-10-29,11:45:00,24.3,24.3,24.18,24.2,20449
2025-10-29,12:15:00,24.2,24.28,24.2,24.27,29911
2025-10-29,12:45:00,24.26,24.26,24.2,24.2,27564
2025-10-29,13:15:00,24.24,24.28,24.2,24.24,12716
2025-10-29,13:45:00,24.26,24.42,24.26,24.37,48766
2025-10-29,14:15:00,24.36,24.59,24.28,24.55,113301
2025-10-29,14:45:00,24.57,24.78,24.54,24.74,187479
2025-10-30,10:15:00,24.74,24.99,24.7,24.93,200767
2025-10-30,10:45:00,24.95,24.96,24.85,24.9,95576
2025-10-30,11:15:00,24.9,24.93,24.8,24.93,128134
2025-10-30,11:45:00,24.9,24.93,24.86,24.91,25398
2025-10-30,12:15:00,24.86,24.92,24.85,24.87,28404
2025-10-30,12:45:00,24.87,25.42,24.86,25.26,377309
2025-10-30,13:15:00,25.24,25.32,25.08,25.12,280259
2025-10-30,13:45:00,25.12,25.38,25.0,25.04,148799
2025-10-30,14:15:00,25.06,25.22,25.0,25.18,69659
2025-10-30,14:45:00,25.18,25.22,25.06,25.06,55538
2025-11-02,10:15:00,24.52,24.52,24.3,24.46,141014
2025-11-02,10:45:00,24.46,24.76,24.44,24.6,111502
2025-11-02,11:15:00,24.6,24.67,24.5,24.6,86678
2025-11-02,11:45:00,24.6,24.69,24.48,24.49,42415
2025-11-02,12:15:00,24.49,24.61,24.48,24.55,23688
2025-11-02,12:45:00,24.55,24.72,24.54,24.66,34688
2025-11-02,13:15:00,24.65,24.72,24.56,24.63,29985
2025-11-02,13:45:00,24.62,24.69,24.56,24.57,23919
2025-11-02,14:15:00,24.57,24.86,24.56,24.82,100347
2025-11-02,14:45:00,24.82,24.82,24.63,24.63,22797
2025-11-03,10:15:00,24.34,24.53,24.34,24.4,49151
2025-11-03,10:45:00,24.44,24.51,24.35,24.49,84902
2025-11-03,11:15:00,24.46,24.46,24.04,24.26,66576
2025-11-03,11:45:00,24.26,24.26,24.2,24.26,8132
2025-11-03,12:15:00,24.22,24.29,24.0,24.28,81623
2025-11-03,12:45:00,24.27,24.27,24.0,24.1,61241
2025-11-03,13:15:00,24.1,24.14,23.86,23.89,51156
2025-11-03,13:45:00,23.89,23.97,23.84,23.84,52256
2025-11-03,14:15:00,23.85,23.9,23.8,23.86,68601
2025-11-03,14:45:00,23.85,24.0,23.84,23.94,45598
2025-11-04,10:15:00,23.82,23.84,23.56,23.56,74285
2025-11-04,10:45:00,23.56,23.97,23.55,23.72,102958
2025-11-04,11:15:00,23.72,23.97,23.72,23.84,44695
2025-11-04,11:45:00,23.84,23.9,23.77,23.77,23835
2025-11-04,12:15:00,23.77,23.85,23.71,23.81,30988
2025-11-04,12:45:00,23.82,23.85,23.77,23.78,11276
2025-11-04,13:15:00,23.77,23.81,23.65,23.65,49035
2025-11-04,13:45:00,23.65,23.65,23.55,23.6,66026
2025-11-04,14:15:00,23.6,23.61,23.3,23.38,134574
2025-11-04,14:45:00,23.38,23.42,23.36,23.39,48649
2025-11-05,10:15:00,23.19,23.33,23.16,23.26,30662
2025-11-05,10:45:00,23.26,23.3,23.2,23.2,21903
2025-11-05,11:15:00,23.22,23.38,23.16,23.36,34365
2025-11-05,11:45:00,23.34,23.48,23.29,23.45,39273
2025-11-05,12:15:00,23.45,23.5,23.37,23.42,22393
2025-11-05,12:45:00,23.42,23.47,23.38,23.44,14182
2025-11-05,13:15:00,23.45,23.5,23.42,23.43,27113
2025-11-05,13:45:00,23.42,23.5,23.3,23.38,51847
2025-11-05,14:15:00,23.38,23.42,23.22,23.23,23701
2025-11-05,14:45:00,23.23,23.27,23.2,23.2,17576
2025-11-06,10:15:00,23.25,23.3,23.21,23.23,24578
2025-11-06,10:45:00,23.23,23.24,23.16,23.24,19400
2025-11-06,11:15:00,23.24,23.28,23.2,23.2,23808
2025-11-06,11:45:00,23.2,23.26,23.18,23.26,13551
2025-11-06,12:15:00,23.25,23.25,23.13,23.14,41483
2025-11-06,12:45:00,23.14,23.16,23.07,23.08,22699
2025-11-06,13:15:00,23.1,23.11,23.04,23.04,33820
2025-11-06,13:45:00,23.04,23.04,22.92,23.03,53968
2025-11-06,14:15:00,23.0,23.05,22.84,22.96,36287
2025-11-06,14:45:00,22.96,22.98,22.93,22.97,22525
2025-11-09,10:15:00,22.8,22.8,22.55,22.6,50927
2025-11-09,10:45:00,22.62,22.73,22.54,22.73,28775
2025-11-09,11:15:00,22.67,22.74,22.6,22.63,21979
2025-11-09,11:45:00,22.6,22.63,22.44,22.45,30282
2025-11-09,12:15:00,22.45,22.53,22.44,22.5,19270
2025-11-09,12:45:00,22.49,22.55,22.47,22.5,20535
2025-11-09,13:15:00,22.5,22.62,22.49,22.58,24752
2025-11-09,13:45:00,22.55,22.57,22.45,22.54,21656
2025-11-09,14:15:00,22.55,22.63,22.52,22.55,48411
2025-11-09,14:45:00,22.55,22.58,22.47,22.49,17181
2025-11-10,10:15:00,22.58,22.65,22.47,22.49,21632
2025-11-10,10:45:00,22.48,22.54,22.46,22.52,51372
2025-11-10,11:15:00,22.5,22.6,22.5,22.6,21165
2025-11-10,11:45:00,22.6,22.63,22.55,22.58,16946
2025-11-10,12:15:00,22.57,22.58,22.47,22.5,37335
2025-11-10,12:45:00,22.5,22.55,22.47,22.51,35002
2025-11-10,13:15:00,22.55,22.59,22.38,22.47,87187
2025-11-10,13:45:00,22.46,22.57,22.4,22.57,28991
2025-11-10,14:15:00,22.57,22.72,22.54,22.54,36327
2025-11-10,14:45:00,22.5,22.7,22.46,22.7,77085
2025-11-11,10:15:00,22.75,22.8,22.58,22.65,102259
2025-11-11,10:45:00,22.65,22.65,22.5,22.52,61602
2025-11-11,11:15:00,22.52,22.59,22.5,22.57,27438
2025-11-11,11:45:00,22.57,22.62,22.55,22.61,4975
2025-11-11,12:15:00,22.61,22.68,22.57,22.66,11546
2025-11-11,12:45:00,22.65,22.67,22.63,22.64,11503
2025-11-11,13:15:00,22.65,22.65,22.55,22.58,14833
2025-11-11,13:45:00,22.57,22.68,22.49,22.67,70053
2025-11-11,14:15:00,22.69,22.7,22.48,22.5,56603
2025-11-11,14:45:00,22.5,22.51,22.42,22.47,51861
2025-11-12,10:15:00,22.62,22.67,22.6,22.62,17425
2025-11-12,10:45:00,22.64,22.66,22.6,22.62,16334
2025-11-12,11:15:00,22.64,22.66,22.59,22.64,39274
2025-11-12,11:45:00,22.66,22.84,22.64,22.7,84351
2025-11-12,12:15:00,22.7,22.7,22.63,22.66,19059
2025-11-12,12:45:00,22.64,22.69,22.6,22.64,97730
2025-11-12,13:15:00,22.63,22.65,22.46,22.5,111615
2025-11-12,13:45:00,22.5,22.67,22.48,22.66,93305
2025-11-12,14:15:00,22.68,22.7,22.62,22.62,18489
2025-11-12,14:45:00,22.62,22.66,22.58,22.58,11508
2025-11-13,10:00:00,22.62,22.72,22.58,22.63,15635
2025-11-13,10:30:00,22.62,22.68,22.59,22.63,6325
2025-11-13,11:00:00,22.65,22.8,22.54,22.69,121288
2025-11-13,11:30:00,22.69,22.7,22.6,22.64,27247
2025-11-13,12:00:00,22.65,22.65,22.54,22.54,26994
2025-11-13,12:30:00,22.53,22.55,22.42,22.46,65878
2025-11-13,13:00:00,22.45,22.45,22.3,22.36,79538
2025-11-13,13:30:00,22.34,22.4,22.22,22.22,66874
2025-11-13,14:00:00,22.23,22.35,22.17,22.28,30599
2025-11-13,14:30:00,22.28,22.34,22.19,22.25,45750
2025-11-13,15:00:00,22.23,22.23,22.23,22.23,5608
2025-11-16,10:00:00,22.16,22.22,22.07,22.08,52912
2025-11-16,10:30:00,22.08,22.2,22.04,22.05,29244
2025-11-16,11:00:00,22.04,22.06,22.01,22.06,25881
2025-11-16,11:30:00,22.06,22.14,22.03,22.11,19008
2025-11-16,12:00:00,22.07,22.11,22.02,22.06,9280
2025-11-16,12:30:00,22.07,22.11,22.01,22.02,15715
2025-11-16,13:00:00,22.03,22.07,21.8,21.88,46241
2025-11-16,13:30:00,21.88,22.08,21.8,22.04,51408
2025-11-16,14:00:00,22.02,22.1,21.95,22.04,34568
2025-11-16,14:30:00,22.04,22.13,21.97,22.03,29803
2025-11-16,15:00:00,21.98,21.98,21.98,21.98,6165
2025-11-17,10:00:00,22.0,22.12,21.97,22.02,27147
2025-11-17,10:30:00,22.07,22.07,21.95,22.0,32321
2025-11-17,11:00:00,22.01,22.01,21.95,21.96,32065
2025-11-17,11:30:00,21.96,21.99,21.94,21.96,14340
2025-11-17,12:00:00,21.95,22.0,21.91,22.0,24862
2025-11-17,12:30:00,21.95,21.98,21.91,21.92,6080
2025-11-17,13:00:00,21.93,21.93,21.72,21.76,17907
2025-11-17,13:30:00,21.75,21.76,21.7,21.75,22219
2025-11-17,14:00:00,21.76,21.76,21.7,21.7,30760
2025-11-17,14:30:00,21.7,21.86,21.69,21.81,21414
2025-11-17,15:00:00,21.8,21.8,21.8,21.8,4693
2025-11-18,10:00:00,21.69,21.7,21.0,21.3,152031
2025-11-18,10:30:00,21.29,21.37,21.17,21.24,56932
2025-11-18,11:00:00,21.25,21.59,21.21,21.47,95275
2025-11-18,11:30:00,21.45,21.6,21.44,21.44,37905
2025-11-18,12:00:00,21.43,21.6,21.38,21.57,49064
2025-11-18,12:30:00,21.57,21.64,21.54,21.54,23514
2025-11-18,13:00:00,21.56,21.57,21.47,21.52,23730
2025-11-18,13:30:00,21.5,21.6,21.45,21.56,34858
2025-11-18,14:00:00,21.56,21.62,21.55,21.59,14448
2025-11-18,14:30:00,21.58,21.7,21.54,21.66,47674
2025-11-18,15:00:00,21.77,21.77,21.77,21.77,5878
2025-11-19,10:00:00,21.77,21.88,21.51,21.53,63821
2025-11-19,10:30:00,21.52,21.59,21.49,21.5,37219
2025-11-19,11:00:00,21.49,21.5,21.32,21.38,30928
2025-11-19,11:30:00,21.38,21.42,21.33,21.34,25094
2025-11-19,12:00:00,21.35,21.38,21.31,21.35,28887
2025-11-19,12:30:00,21.35,21.38,21.32,21.36,17190
2025-11-19,13:00:00,21.36,21.37,21.28,21.3,45371
2025-11-19,13:30:00,21.3,21.33,21.28,21.29,29252
2025-11-19,14:00:00,21.3,21.3,21.24,21.26,24883
2025-11-19,14:30:00,21.24,21.27,21.21,21.21,13170
2025-11-19,15:00:00,21.18,21.18,21.18,21.18,15864
2025-11-20,10:00:00,21.22,21.28,21.17,21.28,19991
2025-11-20,10:30:00,21.26,21.26,21.21,21.25,6696
2025-11-20,11:00:00,21.24,21.38,21.24,21.37,30362
2025-11-20,11:30:00,21.38,21.45,21.28,21.32,43218
2025-11-20,12:00:00,21.33,21.33,21.25,21.3,41919
2025-11-20,12:30:00,21.29,21.3,21.24,21.25,10314
2025-11-20,13:00:00,21.25,21.25,21.23,21.24,54052
2025-11-20,13:30:00,21.24,21.25,21.24,21.25,26815
2025-11-20,14:00:00,21.25,21.25,21.23,21.23,11929
2025-11-20,14:30:00,21.23,21.25,21.2,21.2,12009
2025-11-20,15:00:00,21.17,21.17,21.17,21.17,18463
2025-11-23,10:00:00,21.18,21.28,21.15,21.21,38869
2025-11-23,10:30:00,21.23,21.24,21.2,21.22,15536
2025-11-23,11:00:00,21.23,21.24,21.16,21.16,16208
2025-11-23,11:30:00,21.19,21.23,21.12,21.23,16839
2025-11-23,12:00:00,21.23,21.24,21.2,21.2,8106
2025-11-23,12:30:00,21.21,21.21,21.2,21.2,19111
2025-11-23,13:00:00,21.19,21.19,21.13,21.15,8125
2025-11-23,13:30:00,21.15,21.2,21.13,21.18,6695
2025-11-23,14:00:00,21.18,21.22,21.17,21.21,9196
2025-11-23,14:30:00,21.21,21.21,21.12,21.12,9978
2025-11-23,15:00:00,21.12,21.12,21.12,21.12,1514
2025-11-24,10:00:00,21.1,21.19,20.86,20.89,60776
2025-11-24,10:30:00,20.89,20.89,20.7,20.77,71678
2025-11-24,11:00:00,20.76,20.84,20.74,20.77,35251
2025-11-24,11:30:00,20.75,20.82,20.7,20.74,15247
2025-11-24,12:00:00,20.75,20.85,20.69,20.8,36117
2025-11-24,12:30:00,20.8,20.8,20.73,20.77,31012
2025-11-24,13:00:00,20.77,20.8,20.77,20.78,17088
2025-11-24,13:30:00,20.79,20.79,20.46,20.56,84100
2025-11-24,14:00:00,20.6,20.6,20.43,20.5,65143
2025-11-24,14:30:00,20.5,20.51,20.44,20.44,33258
2025-11-24,15:00:00,20.8,20.8,20.8,20.8,64961
2025-11-25,10:00:00,20.8,20.8,20.46,20.49,54010
2025-11-25,10:30:00,20.49,20.49,20.27,20.49,31399
2025-11-25,11:00:00,20.43,20.55,20.25,20.26,69019
2025-11-25,11:30:00,20.27,20.28,20.05,20.05,60582
2025-11-25,12:00:00,20.05,20.11,20.05,20.07,44371
2025-11-25,12:30:00,20.08,20.13,19.9,19.95,86819
2025-11-25,13:00:00,19.97,20.02,19.95,19.99,84018
2025-11-25,13:30:00,19.98,20.0,19.92,20.0,66895
2025-11-25,14:00:00,20.01,20.02,19.78,19.8,81012
2025-11-25,14:30:00,19.78,20.01,19.75,20.0,194712
2025-11-25,15:00:00,19.81,19.81,19.81,19.81,13496
2025-11-26,10:00:00,19.81,19.88,19.57,19.8,135407
2025-11-26,10:30:00,19.75,19.88,19.7,19.75,29073
2025-11-26,11:00:00,19.73,19.77,19.62,19.73,18482
2025-11-26,11:30:00,19.76,19.83,19.71,19.83,32101
2025-11-26,12:00:00,19.83,19.83,19.62,19.79,29798
2025-11-26,12:30:00,19.8,19.88,19.74,19.82,12725
2025-11-26,13:00:00,19.82,19.85,19.77,19.83,9434
2025-11-26,13:30:00,19.82,19.95,19.77,19.9,22378
2025-11-26,14:00:00,19.89,19.94,19.87,19.91,6870
2025-11-26,14:30:00,19.92,19.92,19.8,19.83,24924
2025-11-26,15:00:00,19.88,19.88,19.88,19.88,1248
2025-11-27,10:00:00,19.91,20.04,19.8,19.88,25134
2025-11-27,10:30:00,19.9,19.97,19.87,19.94,12623
2025-11-27,11:00:00,19.93,19.93,19.66,19.67,14057
2025-11-27,11:30:00,19.66,19.71,19.58,19.69,19616
2025-11-27,12:00:00,19.66,19.78,19.64,19.78,9028
2025-11-27,12:30:00,19.77,19.77,19.68,19.71,2591
2025-11-27,13:00:00,19.75,19.88,19.67,19.88,31496
2025-11-27,13:30:00,19.89,19.95,19.86,19.95,19455
2025-11-27,14:00:00,19.93,19.98,19.88,19.88,23814
2025-11-27,14:30:00,19.88,19.88,19.79,19.8,7713
2025-11-27,15:00:00,19.8,19.8,19.8,19.8,2945
2025-11-30,10:00:00,19.81,20.07,19.81,19.86,25978
2025-11-30,10:30:00,19.92,19.92,19.6,19.62,32913
2025-11-30,11:00:00,19.6,19.66,19.48,19.54,34126
2025-11-30,11:30:00,19.57,19.62,19.52,19.54,32979
2025-11-30,12:00:00,19.54,19.54,19.49,19.53,19670
2025-11-30,12:30:00,19.53,19.6,19.51,19.53,12068
2025-11-30,13:00:00,19.53,19.6,19.53,19.59,9700
2025-11-30,13:30:00,19.6,19.65,19.55,19.62,9937
2025-11-30,14:00:00,19.6,19.62,19.56,19.62,26142
2025-11-30,14:30:00,19.6,19.65,19.53,19.53,13484
2025-11-30,15:00:00,19.52,19.52,19.52,19.52,2615
2025-12-01,10:00:00,19.5,19.7,19.47,19.58,29546
2025-12-01,10:30:00,19.58,19.62,19.56,19.57,5179
2025-12-01,11:00:00,19.6,19.6,19.49,19.49,26397
2025-12-01,11:30:00,19.49,19.5,19.42,19.43,7037
2025-12-01,12:00:00,19.47,19.55,19.47,19.49,36570
2025-12-01,12:30:00,19.49,19.55,19.48,19.49,3610
2025-12-01,13:00:00,19.48,19.56,19.48,19.56,3315
2025-12-01,13:30:00,19.54,19.55,19.47,19.47,18714
2025-12-01,14:00:00,19.5,19.5,19.38,19.38,15889
2025-12-01,14:30:00,19.38,19.5,19.35,19.35,42780
2025-12-01,15:00:00,19.32,19.32,19.32,19.32,9815
2025-12-02,10:00:00,19.33,19.53,19.33,19.4,38585
2025-12-02,10:30:00,19.38,19.46,19.37,19.44,19791
2025-12-02,11:00:00,19.43,19.51,19.41,19.42,26806
2025-12-02,11:30:00,19.41,19.44,19.34,19.44,43282
2025-12-02,12:00:00,19.46,19.5,19.43,19.45,15281
2025-12-02,12:30:00,19.43,19.45,19.38,19.41,11584
2025-12-02,13:00:00,19.44,19.53,19.43,19.49,33542
2025-12-02,13:30:00,19.47,19.5,19.39,19.4,10533
2025-12-02,14:00:00,19.41,19.43,19.38,19.4,17568
2025-12-02,14:30:00,19.42,19.44,19.33,19.33,13993
2025-12-02,15:00:00,19.38,19.38,19.38,19.38,4475
2025-12-03,10:00:00,19.39,19.69,19.39,19.56,52700
2025-12-03,10:30:00,19.55,19.55,19.27,19.31,37080
2025-12-03,11:00:00,19.32,19.55,19.22,19.55,39572
2025-12-03,11:30:00,19.55,19.66,19.55,19.63,39152
2025-12-03,12:00:00,19.62,19.63,19.55,19.62,32708
2025-12-03,12:30:00,19.61,19.64,19.51,19.51,26316
2025-12-03,13:00:00,19.52,19.62,19.52,19.52,32196
2025-12-03,13:30:00,19.52,19.55,19.48,19.51,15564
2025-12-03,14:00:00,19.51,19.6,19.48,19.59,10011
2025-12-03,14:30:00,19.58,19.61,19.53,19.53,29341
2025-12-03,15:00:00,19.6,19.6,19.6,19.6,2468
2025-12-04,10:00:00,19.71,19.83,19.64,19.75,53698
2025-12-04,10:30:00,19.72,19.8,19.62,19.62,104164
2025-12-04,11:00:00,19.62,19.64,19.44,19.58,82270
2025-12-04,11:30:00,19.57,19.66,19.57,19.66,37857
2025-12-04,12:00:00,19.67,19.7,19.62,19.65,62616
2025-12-04,12:30:00,19.65,19.68,19.64,19.68,10081
2025-12-04,13:00:00,19.68,19.69,19.58,19.6,23600
2025-12-04,13:30:00,19.6,19.62,19.54,19.59,29414
2025-12-04,14:00:00,19.59,19.64,19.39,19.44,40181
2025-12-04,14:30:00,19.43,19.5,19.36,19.39,50439
2025-12-04,15:00:00,19.4,19.4,19.4,19.4,8826
2025-12-07,10:00:00,19.4,19.54,19.4,19.51,37115
2025-12-07,10:30:00,19.51,19.54,19.46,19.46,21401
2025-12-07,11:00:00,19.46,19.46,19.22,19.27,76749
2025-12-07,11:30:00,19.26,19.3,19.2,19.28,54291
2025-12-07,12:00:00,19.29,19.29,19.2,19.2,26127
2025-12-07,12:30:00,19.21,19.24,19.18,19.23,7841
2025-12-07,13:00:00,19.23,19.25,19.19,19.2,9034
2025-12-07,13:30:00,19.21,19.25,19.2,19.24,12760
2025-12-07,14:00:00,19.24,19.24,19.22,19.22,400
2025-12-07,14:30:00,19.21,19.29,19.17,19.22,18710
2025-12-07,15:00:00,19.18,19.18,19.18,19.18,2957
2025-12-08,10:00:00,19.25,19.25,19.04,19.07,32513
2025-12-08,10:30:00,19.05,19.12,19.03,19.07,25707
2025-12-08,11:00:00,19.06,19.2,19.06,19.15,25164
2025-12-08,11:30:00,19.19,19.24,19.16,19.17,13715
2025-12-08,12:00:00,19.18,19.18,19.07,19.07,8241
2025-12-08,12:30:00,19.1,19.12,19.06,19.1,16717
2025-12-08,13:00:00,19.1,19.29,19.1,19.22,58637
2025-12-08,13:30:00,19.22,19.22,19.13,19.18,12916
2025-12-08,14:00:00,19.18,19.32,19.18,19.3,37557
2025-12-08,14:30:00,19.29,19.41,19.28,19.41,47673
2025-12-08,15:00:00,19.41,19.41,19.41,19.41,9261
2025-12-09,10:00:00,19.41,19.41,19.22,19.27,24570
2025-12-09,10:30:00,19.3,19.3,19.02,19.15,18150
2025-12-09,11:00:00,19.17,19.31,19.13,19.27,16928
2025-12-09,11:30:00,19.27,19.31,19.23,19.29,25319
2025-12-09,12:00:00,19.29,19.3,19.17,19.19,26082
2025-12-09,12:30:00,19.19,19.19,19.04,19.12,54534
2025-12-09,13:00:00,19.13,19.16,19.09,19.13,25565
2025-12-09,13:30:00,19.15,19.17,19.05,19.12,46303
2025-12-09,14:00:00,19.11,19.14,19.09,19.11,20702
2025-12-09,14:30:00,19.1,19.34,19.1,19.29,106827
2025-12-09,15:00:00,19.28,19.28,19.28,19.28,6463
2025-12-10,10:00:00,19.3,19.61,19.3,19.46,60925
2025-12-10,10:30:00,19.49,19.52,19.4,19.49,47094
2025-12-10,11:00:00,19.5,19.52,19.47,19.48,8910
2025-12-10,11:30:00,19.48,19.5,19.47,19.47,20466
2025-12-10,12:00:00,19.47,19.49,19.4,19.4,17809
2025-12-10,12:30:00,19.4,19.42,19.35,19.37,22896
2025-12-10,13:00:00,19.38,19.38,19.31,19.36,18844
2025-12-10,13:30:00,19.37,19.44,19.33,19.44,11569
2025-12-10,14:00:00,19.45,19.49,19.41,19.46,31357
2025-12-10,14:30:00,19.44,19.47,19.43,19.46,18200
2025-12-10,15:00:00,19.46,19.46,19.46,19.46,6437
2025-12-11,10:00:00,19.49,19.55,19.37,19.37,43541
2025-12-11,10:30:00,19.38,19.38,19.22,19.26,33095
2025-12-11,11:00:00,19.28,19.29,19.21,19.23,12536
2025-12-11,11:30:00,19.22,19.26,19.2,19.24,8835
2025-12-11,12:00:00,19.23,19.27,19.1,19.14,35126
2025-12-11,12:30:00,19.14,19.14,19.05,19.11,14191
2025-12-11,13:00:00,19.13,19.15,19.1,19.14,17590
2025-12-11,13:30:00,19.13,19.14,19.1,19.11,9751
2025-12-11,14:00:00,19.12,19.15,19.11,19.13,10191
2025-12-11,14:30:00,19.13,19.18,19.1,19.18,26697
2025-12-11,15:00:00,19.12,19.12,19.12,19.12,5757
2025-12-14,10:00:00,19.12,19.17,18.92,19.0,43035
2025-12-14,10:30:00,18.97,18.97,18.83,18.84,23468
2025-12-14,11:00:00,18.87,18.89,18.8,18.86,50254
2025-12-14,11:30:00,18.84,18.9,18.7,18.88,135268
2025-12-14,12:00:00,18.81,18.83,18.66,18.69,16504
2025-12-14,12:30:00,18.69,18.7,18.6,18.6,21874
2025-12-14,13:00:00,18.6,18.81,18.6,18.73,39010
2025-12-14,13:30:00,18.75,18.93,18.7,18.75,21346
2025-12-14,14:00:00,18.75,18.75,18.58,18.6,25966
2025-12-14,14:30:00,18.59,18.62,18.44,18.5,26228
2025-12-14,15:00:00,18.5,18.5,18.5,18.5,15102
2025-12-15,10:00:00,18.5,18.52,18.3,18.41,61350
2025-12-15,10:30:00,18.42,18.48,18.35,18.45,18030
2025-12-15,11:00:00,18.45,18.45,18.38,18.39,37456
2025-12-15,11:30:00,18.39,18.45,18.36,18.38,67692
2025-12-15,12:00:00,18.37,18.4,18.34,18.35,19829
2025-12-15,12:30:00,18.34,18.48,18.34,18.38,24094
2025-12-15,13:00:00,18.36,18.4,18.36,18.36,19224
2025-12-15,13:30:00,18.36,18.41,18.35,18.41,25245
2025-12-15,14:00:00,18.4,18.52,18.4,18.46,61285
2025-12-15,14:30:00,18.47,18.53,18.45,18.45,42788
2025-12-15,15:00:00,18.45,18.45,18.45,18.45,12829
2025-12-16,10:00:00,18.45,18.49,18.31,18.35,106468
2025-12-16,10:30:00,18.36,18.47,18.35,18.4,10274
2025-12-16,11:00:00,18.4,18.5,18.4,18.47,16486
2025-12-16,11:30:00,18.46,18.53,18.41,18.49,21628
2025-12-16,12:00:00,18.49,18.52,18.44,18.5,23220
2025-12-16,12:30:00,18.48,19.0,18.47,18.9,185554
2025-12-16,13:00:00,18.89,18.95,18.71,18.8,113426
2025-12-16,13:30:00,18.75,18.79,18.6,18.62,42806
2025-12-16,14:00:00,18.63,18.63,18.45,18.5,58616
2025-12-16,14:30:00,18.5,18.7,18.5,18.61,88804
2025-12-16,15:00:00,18.6,18.6,18.6,18.6,13191
2025-12-17,10:00:00,18.6,18.67,18.43,18.43,30800
2025-12-17,10:30:00,18.43,18.65,18.43,18.46,15072
2025-12-17,11:00:00,18.45,18.5,18.4,18.48,37833
2025-12-17,11:30:00,18.49,18.63,18.46,18.57,11887
2025-12-17,12:00:00,18.57,18.6,18.57,18.6,5813
2025-12-17,12:30:00,18.6,18.6,18.49,18.5,16056
2025-12-17,13:00:00,18.5,18.53,18.44,18.44,12851
2025-12-17,13:30:00,18.43,18.49,18.4,18.49,24889
2025-12-17,14:00:00,18.48,18.52,18.38,18.5,29749
2025-12-17,14:30:00,18.47,18.56,18.42,18.5,19562
2025-12-17,15:00:00,18.56,18.56,18.56,18.56,8060
2025-12-18,10:00:00,18.6,18.61,18.32,18.35,26967
2025-12-18,10:30:00,18.34,18.39,18.21,18.21,22542
2025-12-18,11:00:00,18.2,18.27,18.19,18.27,10619
2025-12-18,11:30:00,18.26,18.3,17.84,18.15,60738
2025-12-18,12:00:00,18.2,18.31,18.15,18.28,42190
2025-12-18,12:30:00,18.25,18.3,18.2,18.26,15216
2025-12-18,13:00:00,18.26,18.26,18.15,18.15,34339
2025-12-18,13:30:00,18.15,18.18,18.09,18.11,30715
2025-12-18,14:00:00,18.15,18.26,18.08,18.22,60786
2025-12-18,14:30:00,18.23,18.29,18.17,18.26,41550
2025-12-18,15:00:00,18.26,18.26,18.26,18.26,5693
2025-12-21,10:00:00,18.21,18.58,18.21,18.58,43286
2025-12-21,10:30:00,18.56,18.66,18.56,18.66,31796
2025-12-21,11:00:00,18.66,18.7,18.52,18.52,15345
2025-12-21,11:30:00,18.51,18.51,18.36,18.4,11691
2025-12-21,12:00:00,18.4,18.44,18.4,18.41,1737
2025-12-21,12:30:00,18.4,18.42,18.33,18.33,13361
2025-12-21,13:00:00,18.33,18.37,18.32,18.37,10983
2025-12-21,13:30:00,18.36,18.37,18.31,18.31,5686
2025-12-21,14:00:00,18.31,18.32,18.23,18.25,17274
2025-12-21,14:30:00,18.26,18.27,18.23,18.25,12694
2025-12-21,15:00:00,18.22,18.22,18.22,18.22,5069
2025-12-22,10:00:00,18.2,18.34,18.17,18.28,28404
2025-12-22,10:30:00,18.28,18.29,18.24,18.24,20250
2025-12-22,11:00:00,18.24,18.44,18.23,18.31,26565
2025-12-22,11:30:00,18.31,18.4,18.3,18.33,38335
2025-12-22,12:00:00,18.33,18.33,18.22,18.25,20404
2025-12-22,12:30:00,18.24,18.36,18.24,18.35,12962
2025-12-22,13:00:00,18.34,18.54,18.3,18.53,89449
2025-12-22,13:30:00,18.54,18.58,18.4,18.57,67551
2025-12-22,14:00:00,18.56,18.68,18.46,18.46,71221
2025-12-22,14:30:00,18.5,18.6,18.43,18.46,34773
2025-12-23,10:15:00,18.51,18.56,18.42,18.55,5330
2025-12-23,10:45:00,18.55,18.6,18.53,18.57,6493
2025-12-23,11:15:00,18.56,18.56,18.45,18.48,16535
2025-12-23,11:45:00,18.49,18.66,18.49,18.64,27089
2025-12-23,12:15:00,18.64,18.65,18.57,18.58,5114
2025-12-23,12:45:00,18.58,18.59,18.5,18.51,13833
2025-12-23,13:15:00,18.5,18.53,18.5,18.53,6641
2025-12-23,13:45:00,18.53,18.56,18.5,18.5,8645
2025-12-23,14:15:00,18.51,18.6,18.5,18.5,16988
2025-12-23,14:45:00,18.5,18.56,18.35,18.56,21421
2025-12-24,10:15:00,18.48,18.5,18.45,18.45,14534
2025-12-24,10:45:00,18.45,18.45,18.31,18.37,21493
2025-12-24,11:15:00,18.37,18.4,18.27,18.27,34840
2025-12-24,11:45:00,18.3,18.4,18.3,18.4,13631
2025-12-24,12:15:00,18.38,18.42,18.38,18.41,9127
2025-12-24,12:45:00,18.4,18.41,18.31,18.34,12407
2025-12-24,13:15:00,18.34,18.37,18.3,18.33,16941
2025-12-24,13:45:00,18.34,18.4,18.33,18.38,9407
2025-12-24,14:15:00,18.38,18.41,18.36,18.4,13057
2025-12-24,14:45:00,18.39,18.41,18.34,18.35,22543
2025-12-25,10:00:00,18.4,18.5,18.33,18.5,10266
2025-12-25,10:30:00,18.5,18.52,18.45,18.48,11866
2025-12-25,11:00:00,18.48,18.48,18.3,18.39,25746
2025-12-25,11:30:00,18.3,18.39,18.3,18.32,7024
2025-12-25,12:00:00,18.33,18.39,18.33,18.37,913
2025-12-25,12:30:00,18.36,18.39,18.34,18.39,6767
2025-12-25,13:00:00,18.37,18.38,18.34,18.34,466
2025-12-25,13:30:00,18.34,18.35,18.33,18.35,2305
2025-12-25,14:00:00,18.33,18.34,18.3,18.34,12682
2025-12-25,14:30:00,18.33,18.4,18.31,18.31,18245
2025-12-25,15:00:00,18.25,18.25,18.25,18.25,15315
2025-12-28,10:00:00,18.25,18.3,18.0,18.1,39331
2025-12-28,10:30:00,18.11,18.14,17.89,18.0,33360
2025-12-28,11:00:00,18.0,18.04,17.98,18.0,14815
2025-12-28,11:30:00,17.99,18.0,17.9,17.92,15368
2025-12-28,12:00:00,17.97,17.99,17.92,17.95,10943
2025-12-28,12:30:00,17.97,18.15,17.97,18.0,13651
2025-12-28,13:00:00,18.01,18.08,17.99,18.03,13667
2025-12-28,13:30:00,18.0,18.0,17.9,17.97,18916
2025-12-28,14:00:00,17.94,17.97,17.9,17.91,7386
2025-12-28,14:30:00,17.92,18.0,17.88,18.0,22590
2025-12-29,10:15:00,17.88,18.15,17.88,18.1,16987
2025-12-29,10:45:00,18.1,18.22,18.1,18.17,24995
2025-12-29,11:15:00,18.17,18.2,18.1,18.12,4845
2025-12-29,11:45:00,18.1,18.28,18.09,18.28,34228
2025-12-29,12:15:00,18.26,18.26,18.1,18.1,50596
2025-12-29,12:45:00,18.1,18.1,18.0,18.07,19435
2025-12-29,13:15:00,18.09,18.11,18.07,18.1,2594
2025-12-29,13:45:00,18.09,18.18,18.08,18.14,7929
2025-12-29,14:15:00,18.14,18.17,18.1,18.13,15135
2025-12-29,14:45:00,18.11,18.13,18.08,18.08,8681
2025-12-30,10:15:00,17.91,17.93,17.86,17.92,39161
2025-12-30,10:45:00,17.92,17.94,17.85,17.88,36836
2025-12-30,11:15:00,17.85,17.9,17.82,17.83,20449
2025-12-30,11:45:00,17.82,17.83,17.79,17.79,38003
2025-12-30,12:15:00,17.79,17.83,17.6,17.61,27356
2025-12-30,12:45:00,17.62,17.68,17.4,17.65,33503
2025-12-30,13:15:00,17.64,17.81,17.6,17.8,19545
2025-12-30,13:45:00,17.79,17.8,17.59,17.59,31117
2025-12-30,14:15:00,17.59,17.6,17.4,17.51,30274
2025-12-30,14:45:00,17.5,17.6,17.5,17.53,22024
2025-12-31,10:15:00,17.9,17.92,17.76,17.83,11542
2025-12-31,10:45:00,17.82,17.88,17.8,17.88,4396
2025-12-31,11:15:00,17.88,17.97,17.88,17.94,16439
2025-12-31,11:45:00,17.94,17.95,17.89,17.93,25736
2025-12-31,12:15:00,17.92,17.96,17.9,17.96,15259
2025-12-31,12:45:00,17.96,17.98,17.94,17.96,3550
2025-12-31,13:15:00,17.97,17.97,17.79,17.79,17300
2025-12-31,13:45:00,17.78,17.85,17.75,17.82,14084
2025-12-31,14:15:00,17.83,17.89,17.81,17.89,12956
2025-12-31,14:45:00,17.89,17.92,17.83,17.9,16850
2026-01-01,10:15:00,18.02,18.1,18.0,18.1,13519
2026-01-01,10:45:00,18.1,18.17,18.08,18.14,13397
2026-01-01,11:15:00,18.12,18.16,18.1,18.11,5235
2026-01-01,11:45:00,18.14,18.2,18.12,18.2,14036
2026-01-01,12:15:00,18.2,18.28,18.2,18.28,4001
2026-01-01,12:45:00,18.28,18.35,18.27,18.33,35292
2026-01-01,13:15:00,18.33,18.35,18.3,18.33,15803
2026-01-01,13:45:00,18.32,18.32,18.2,18.2,16113
2026-01-01,14:15:00,18.26,18.27,18.17,18.18,16942
2026-01-01,14:45:00,18.2,18.2,18.1,18.1,7634
2026-01-04,10:15:00,17.84,17.88,17.77,17.79,15617
2026-01-04,10:45:00,17.79,17.83,17.74,17.75,10483
2026-01-04,11:15:00,17.78,17.9,17.77,17.84,10827
2026-01-04,11:45:00,17.85,17.87,17.7,17.75,19607
2026-01-04,12:15:00,17.73,17.74,17.66,17.69,13369
2026-01-04,12:45:00,17.69,17.74,17.67,17.7,7094
2026-01-04,13:15:00,17.7,17.73,17.7,17.73,16799
2026-01-04,13:45:00,17.72,17.73,17.65,17.65,10975
2026-01-04,14:15:00,17.66,17.7,17.65,17.68,12710
2026-01-04,14:45:00,17.7,17.73,17.68,17.73,3458
2026-01-05,10:15:00,17.8,17.8,17.64,17.65,22301
2026-01-05,10:45:00,17.63,17.64,17.35,17.43,56197
2026-01-05,11:15:00,17.45,17.56,17.45,17.52,22697
2026-01-05,11:45:00,17.52,17.57,17.41,17.46,18720
2026-01-05,12:15:00,17.48,17.55,17.43,17.44,11674
2026-01-05,12:45:00,17.43,17.44,17.01,17.01,64881
2026-01-05,13:15:00,17.01,17.2,17.0,17.12,126538
2026-01-05,13:45:00,17.13,17.26,17.12,17.22,24964
2026-01-05,14:15:00,17.2,17.22,16.99,17.05,32515
2026-01-05,14:45:00,17.04,17.06,17.02,17.02,20658
2026-01-06,10:15:00,17.01,17.15,16.97,17.12,34969
2026-01-06,10:45:00,17.1,17.15,17.05,17.05,12655
2026-01-06,11:15:00,17.04,17.1,17.0,17.02,24690
2026-01-06,11:45:00,17.01,17.06,16.98,17.05,25406
2026-01-06,12:15:00,17.03,17.06,17.01,17.04,14745
2026-01-06,12:45:00,17.02,17.02,16.93,16.95,15868
2026-01-06,13:15:00,16.95,16.95,16.8,16.84,26360
2026-01-06,13:45:00,16.84,16.99,16.84,16.93,26199
2026-01-06,14:15:00,16.92,16.99,16.85,16.86,16435
2026-01-06,14:45:00,16.86,16.9,16.8,16.8,11870
2026-01-07,10:15:00,17.84,17.97,17.78,17.84,152666
2026-01-07,10:45:00,17.8,17.84,17.64,17.68,94823
2026-01-07,11:15:00,17.68,17.68,17.46,17.47,79252
2026-01-07,11:45:00,17.5,17.71,17.41,17.57,57298
2026-01-07,12:15:00,17.54,17.7,17.41,17.63,27469
2026-01-07,12:45:00,17.66,17.67,17.56,17.6,11899
2026-01-07,13:15:00,17.58,17.61,17.5,17.52,14636
2026-01-07,13:45:00,17.5,17.65,17.46,17.62,21959
2026-01-07,14:15:00,17.61,17.63,17.4,17.4,28741
2026-01-07,14:45:00,17.4,17.5,17.35,17.5,21949
2026-01-08,10:15:00,17.29,17.31,17.11,17.22,35939
2026-01-08,10:45:00,17.22,17.35,17.18,17.35,18554
2026-01-08,11:15:00,17.34,17.44,17.25,17.31,34420
2026-01-08,11:45:00,17.31,17.38,17.25,17.38,9026
2026-01-08,12:15:00,17.36,17.39,17.23,17.25,11957
2026-01-08,12:45:00,17.22,17.32,17.22,17.22,19724
2026-01-08,13:15:00,17.21,17.24,17.18,17.24,9715
2026-01-08,13:45:00,17.22,17.23,17.19,17.21,8103
2026-01-08,14:15:00,17.22,17.22,17.15,17.17,25192
2026-01-08,14:45:00,17.17,17.18,17.0,17.02,19599
2026-01-11,10:15:00,17.26,17.38,17.24,17.33,14472
2026-01-11,10:45:00,17.32,17.32,17.21,17.23,11868
2026-01-11,11:15:00,17.23,17.25,17.16,17.25,21803
2026-01-11,11:45:00,17.25,17.32,17.21,17.3,24221
2026-01-11,12:15:00,17.31,17.31,17.22,17.25,4145
2026-01-11,12:45:00,17.24,17.36,17.24,17.3,14331
2026-01-11,13:15:00,17.27,17.35,17.27,17.31,10447
2026-01-11,13:45:00,17.3,17.4,17.26,17.26,10018
2026-01-11,14:15:00,17.3,17.32,17.26,17.3,5812
2026-01-11,14:45:00,17.3,17.3,17.25,17.28,11686
2026-01-12,10:15:00,17.45,17.69,17.44,17.6,87856
2026-01-12,10:45:00,17.59,17.68,17.53,17.66,31259
2026-01-12,11:15:00,17.67,17.74,17.67,17.74,24088
2026-01-12,11:45:00,17.73,17.74,17.67,17.7,21102
2026-01-12,12:15:00,17.72,17.73,17.63,17.73,14295
2026-01-12,12:45:00,17.69,17.79,17.63,17.79,67464
2026-01-12,13:15:00,17.79,17.79,17.64,17.69,49655
2026-01-12,13:45:00,17.69,17.74,17.6,17.74,22949
2026-01-12,14:15:00,17.74,17.79,17.7,17.7,11987
2026-01-12,14:45:00,17.7,17.77,17.7,17.7,8604
2026-01-13,10:15:00,17.76,17.82,17.5,17.53,51231
2026-01-13,10:45:00,17.53,17.58,17.45,17.56,32377
2026-01-13,11:15:00,17.54,17.58,17.5,17.55,18445
2026-01-13,11:45:00,17.53,17.65,17.53,17.64,30333
2026-01-13,12:15:00,17.64,17.73,17.63,17.73,13251
2026-01-13,12:45:00,17.74,17.76,17.68,17.74,9123
2026-01-13,13:15:00,17.74,17.79,17.73,17.74,31254
2026-01-13,13:45:00,17.73,17.87,17.72,17.85,52336
2026-01-13,14:15:00,17.8,18.2,17.8,18.18,190995
2026-01-13,14:45:00,18.17,18.2,18.05,18.08,88006
2026-01-14,10:15:00,18.0,18.1,17.86,17.87,55427
2026-01-14,10:45:00,17.88,18.1,17.88,18.01,26414
2026-01-14,11:15:00,18.02,18.11,18.02,18.09,20012
2026-01-14,11:45:00,18.1,18.13,18.07,18.07,12528
2026-01-14,12:15:00,18.06,18.13,18.05,18.11,7941
2026-01-14,12:45:00,18.09,18.17,18.06,18.08,24269
2026-01-14,13:15:00,18.08,18.08,17.95,17.98,53813
2026-01-14,13:45:00,17.99,17.99,17.64,17.68,87218
2026-01-14,14:15:00,17.73,18.02,17.7,18.0,111534
2026-01-14,14:45:00,18.0,18.01,17.87,17.91,16547
2026-01-15,10:15:00,18.55,18.55,18.13,18.15,255716
2026-01-15,10:45:00,18.15,18.16,17.9,17.9,104874
2026-01-15,11:15:00,17.94,18.0,17.86,17.95,60282
2026-01-15,11:45:00,17.95,18.0,17.85,17.86,47570
2026-01-15,12:15:00,17.86,18.0,17.86,17.94,40442
2026-01-15,12:45:00,17.97,17.99,17.9,17.91,21089
2026-01-15,13:15:00,17.91,17.93,17.82,17.9,24656
2026-01-15,13:45:00,17.91,18.0,17.87,17.9,18983
2026-01-15,14:15:00,17.92,18.0,17.85,17.87,36820
2026-01-15,14:45:00,17.88,17.96,17.85,17.85,37280
2026-01-18,10:15:00,18.1,18.26,18.1,18.17,71845
2026-01-18,10:45:00,18.16,18.47,18.16,18.38,96822
2026-01-18,11:15:00,18.37,18.38,18.24,18.29,19057
2026-01-18,11:45:00,18.28,18.34,18.25,18.26,12816
2026-01-18,12:15:00,18.3,18.38,18.27,18.34,16475
2026-01-18,12:45:00,18.34,18.49,18.3,18.42,77333
2026-01-18,13:15:00,18.44,18.45,18.35,18.38,26257
2026-01-18,13:45:00,18.38,18.46,18.35,18.4,61738
2026-01-18,14:15:00,18.44,18.44,18.32,18.33,9921
2026-01-18,14:45:00,18.35,18.46,18.29,18.46,31334
2026-01-19,10:15:00,18.4,18.4,18.28,18.3,30197
2026-01-19,10:45:00,18.29,18.44,18.29,18.37,22424
2026-01-19,11:15:00,18.37,18.39,18.28,18.3,22852
2026-01-19,11:45:00,18.29,18.29,18.17,18.22,28962
2026-01-19,12:15:00,18.21,18.25,18.16,18.19,17848
2026-01-19,12:45:00,18.19,18.25,18.17,18.2,24616
2026-01-19,13:15:00,18.2,18.25,18.16,18.19,19284
2026-01-19,13:45:00,18.18,18.25,18.13,18.13,33826
2026-01-19,14:15:00,18.18,18.19,17.96,18.0,132762
2026-01-19,14:45:00,18.0,18.0,17.92,17.97,64146
2026-01-20,10:15:00,17.88,17.92,17.8,17.9,44766
2026-01-20,10:45:00,17.9,17.93,17.81,17.83,21899
2026-01-20,11:15:00,17.83,17.97,17.76,17.94,47888
2026-01-20,11:45:00,17.94,17.97,17.91,17.92,5495
2026-01-20,12:15:00,17.92,18.0,17.88,17.92,29533
2026-01-20,12:45:00,17.92,17.95,17.89,17.89,25975
2026-01-20,13:15:00,17.88,17.9,17.83,17.9,22829
2026-01-20,13:45:00,17.9,17.98,17.9,17.96,18386
2026-01-20,14:15:00,17.96,18.0,17.9,18.0,81939
2026-01-20,14:45:00,17.99,18.0,17.88,17.88,56148
2026-01-21,10:15:00,17.95,18.04,17.91,18.0,50557
2026-01-21,10:45:00,18.0,18.28,17.9,18.18,96926
2026-01-21,11:15:00,18.2,18.49,18.18,18.24,90988
2026-01-21,11:45:00,18.18,18.25,18.13,18.18,21173
2026-01-21,12:15:00,18.16,18.24,18.15,18.22,14142
2026-01-21,12:45:00,18.21,18.25,18.17,18.21,11681
2026-01-21,13:15:00,18.2,18.3,18.19,18.25,23036
2026-01-21,13:45:00,18.23,18.32,18.22,18.29,15861
2026-01-21,14:15:00,18.26,18.32,18.22,18.25,31214
2026-01-21,14:45:00,18.23,18.34,18.15,18.34,54314
2026-01-22,10:15:00,18.35,18.35,17.94,18.02,214229
2026-01-22,10:45:00,18.04,18.05,17.9,17.96,111632
2026-01-22,11:15:00,17.96,18.28,17.96,18.25,106402
2026-01-22,11:45:00,18.25,18.33,18.08,18.32,45902
2026-01-22,12:15:00,18.32,18.44,18.28,18.3,68444
2026-01-22,12:45:00,18.3,18.3,18.26,18.28,19005
2026-01-22,13:15:00,18.28,18.31,18.26,18.3,10491
2026-01-22,13:45:00,18.3,18.44,18.25,18.4,49453
2026-01-22,14:15:00,18.4,18.41,18.32,18.33,14684
2026-01-22,14:45:00,18.33,18.35,18.32,18.32,29235
2026-01-25,10:15:00,18.35,18.43,18.24,18.24,272199
2026-01-25,10:45:00,18.28,18.29,18.17,18.17,78668
2026-01-25,11:15:00,18.2,18.25,18.15,18.25,52404
2026-01-25,11:45:00,18.24,18.26,18.22,18.24,26290
2026-01-25,12:15:00,18.25,18.25,18.18,18.2,9670
2026-01-25,12:45:00,18.21,18.24,18.2,18.21,13529
2026-01-25,13:15:00,18.21,18.35,18.21,18.35,85814
2026-01-25,13:45:00,18.36,18.38,18.31,18.33,35436
2026-01-25,14:15:00,18.33,18.36,18.3,18.32,42939
2026-01-25,14:45:00,18.31,18.32,18.26,18.26,67841
2026-01-26,10:00:00,18.26,18.34,18.1,18.26,91618
2026-01-26,10:30:00,18.25,18.29,18.2,18.25,33705
2026-01-26,11:00:00,18.22,18.31,18.22,18.31,26691
2026-01-26,11:30:00,18.31,18.31,18.24,18.28,8142
2026-01-26,12:00:00,18.25,18.28,18.19,18.19,38110
2026-01-26,12:30:00,18.18,18.25,18.15,18.25,37396
2026-01-26,13:00:00,18.25,18.3,18.22,18.27,17139
2026-01-26,13:30:00,18.27,18.29,18.22,18.23,21777
2026-01-26,14:00:00,18.23,18.31,18.22,18.28,20141
2026-01-26,14:30:00,18.27,18.3,18.26,18.26,8954
2026-01-26,15:00:00,18.25,18.25,18.25,18.25,4889
2026-01-27,10:00:00,18.25,18.55,17.3,18.07,1315034
2026-01-27,10:30:00,18.06,18.27,18.01,18.15,157482
2026-01-27,11:00:00,18.15,18.46,18.14,18.36,170555
2026-01-27,11:30:00,18.4,18.47,18.36,18.45,55200
2026-01-27,12:00:00,18.43,18.47,18.34,18.39,36189
2026-01-27,12:30:00,18.37,18.41,18.31,18.36,44566
2026-01-27,13:00:00,18.32,18.38,18.28,18.34,38748
2026-01-27,13:30:00,18.34,18.38,18.32,18.37,23253
2026-01-27,14:00:00,18.36,18.37,18.24,18.28,44532
2026-01-27,14:30:00,18.28,18.3,18.23,18.27,62899
2026-01-27,15:00:00,18.26,18.26,18.26,18.26,23639
2026-01-28,10:00:00,18.26,18.3,18.12,18.14,91538
2026-01-28,10:30:00,18.15,18.21,17.91,17.96,218482
2026-01-28,11:00:00,17.99,18.0,17.95,18.0,127702
2026-01-28,11:30:00,18.0,18.07,17.98,18.03,56772
2026-01-28,12:00:00,18.02,18.06,17.99,18.02,11927
2026-01-28,12:30:00,18.02,18.03,17.92,17.96,81216
2026-01-28,13:00:00,17.97,18.02,17.95,17.99,42352
2026-01-28,13:30:00,17.99,18.0,17.95,17.98,56832
2026-01-28,14:00:00,17.97,18.0,17.91,17.94,50421
2026-01-28,14:30:00,17.94,17.95,17.9,17.93,77023
2026-01-28,15:00:00,17.98,17.98,17.98,17.98,93370
2026-01-29,10:00:00,17.98,17.99,17.75,17.8,126791
2026-01-29,10:30:00,17.81,17.81,17.72,17.76,54779
2026-01-29,11:00:00,17.75,17.8,17.67,17.7,106762
2026-01-29,11:30:00,17.68,17.72,17.58,17.58,79515
2026-01-29,12:00:00,17.58,17.6,17.4,17.4,89395
2026-01-29,12:30:00,17.4,17.46,17.39,17.41,44898
2026-01-29,13:00:00,17.43,17.45,17.4,17.45,105309
2026-01-29,13:30:00,17.45,17.49,17.45,17.46,22381
2026-01-29,14:00:00,17.47,17.47,17.4,17.42,49769
2026-01-29,14:30:00,17.42,17.45,17.4,17.42,58081
2026-01-29,15:00:00,17.4,17.4,17.4,17.4,108472
2026-02-01,10:00:00,17.46,17.5,17.1,17.19,119364
2026-02-01,10:30:00,17.19,17.19,16.85,17.02,73615
2026-02-01,11:00:00,17.02,17.04,16.99,16.99,20477
2026-02-01,11:30:00,17.0,17.05,16.9,16.91,61943
2026-02-01,12:00:00,16.95,17.03,16.88,16.89,51981
2026-02-01,12:30:00,16.89,16.9,16.84,16.87,38761
2026-02-01,13:00:00,16.87,16.93,16.86,16.92,15997
2026-02-01,13:30:00,16.92,16.96,16.89,16.9,10687
2026-02-01,14:00:00,16.91,16.91,16.82,16.87,19322
2026-02-01,14:30:00,16.85,16.89,16.82,16.88,18286
2026-02-01,15:00:00,16.81,16.81,16.81,16.81,80981
2026-02-02,10:00:00,16.8,16.8,16.46,16.54,200050
2026-02-02,10:30:00,16.53,16.72,16.52,16.71,96074
2026-02-02,11:00:00,16.72,16.8,16.68,16.68,31857
2026-02-02,11:30:00,16.67,16.76,16.6,16.73,62459
2026-02-02,12:00:00,16.73,16.76,16.71,16.72,6736
2026-02-02,12:30:00,16.71,16.75,16.69,16.75,12219
2026-02-02,13:00:00,16.75,17.0,16.75,16.92,136817
2026-02-02,13:30:00,16.93,17.0,16.86,16.86,37535
2026-02-02,14:00:00,16.85,16.94,16.84,16.9,14710
2026-02-02,14:30:00,16.88,16.92,16.85,16.91,23180
2026-02-02,15:00:00,17.0,17.0,17.0,17.0,20442
2026-02-03,10:00:00,17.0,17.05,16.95,16.96,75875
2026-02-03,10:30:00,16.95,17.12,16.88,17.1,68973
2026-02-03,11:00:00,17.1,17.1,16.98,17.0,33544
2026-02-03,11:30:00,17.0,17.0,16.94,16.97,24031
2026-02-03,12:00:00,17.0,17.0,16.94,16.94,17202
2026-02-03,12:30:00,16.94,16.96,16.86,16.92,35229
2026-02-03,13:00:00,16.94,16.96,16.91,16.92,14174
2026-02-03,13:30:00,16.92,16.92,16.79,16.88,127553
2026-02-03,14:00:00,16.88,16.88,16.72,16.85,77301
2026-02-03,14:30:00,16.8,16.86,16.8,16.84,36857
2026-02-03,15:00:00,16.82,16.82,16.82,16.82,13971
2026-02-04,10:00:00,16.85,16.89,16.7,16.88,39858
2026-02-04,10:30:00,16.89,16.89,16.8,16.81,27327
2026-02-04,11:00:00,16.82,16.85,16.81,16.82,10936
2026-02-04,11:30:00,16.81,16.82,16.75,16.79,38071
2026-02-04,12:00:00,16.76,16.78,16.72,16.77,8029
2026-02-04,12:30:00,16.76,16.79,16.72,16.78,8529
2026-02-04,13:00:00,16.78,16.8,16.74,16.79,12055
2026-02-04,13:30:00,16.77,16.79,16.72,16.74,12819
2026-02-04,14:00:00,16.73,16.8,16.7,16.78,19354
2026-02-04,14:30:00,16.74,16.74,16.65,16.69,51025
2026-02-04,15:00:00,16.66,16.66,16.66,16.66,13738
2026-02-05,10:00:00,16.66,16.66,16.3,16.42,75180
2026-02-05,10:30:00,16.41,16.41,16.31,16.33,50156
2026-02-05,11:00:00,16.34,16.35,16.25,16.31,51104
2026-02-05,11:30:00,16.32,16.33,16.27,16.31,41709
2026-02-05,12:00:00,16.31,16.35,16.28,16.35,19603
2026-02-05,12:30:00,16.31,16.35,16.25,16.29,40937
2026-02-05,13:00:00,16.27,16.29,16.14,16.15,77998
2026-02-05,13:30:00,16.15,16.2,16.15,16.19,33612
2026-02-05,14:00:00,16.18,16.2,16.14,16.2,33287
2026-02-05,14:30:00,16.2,16.2,16.02,16.09,83856
2026-02-05,15:00:00,16.0,16.0,16.0,16.0,111079
2026-02-08,10:00:00,16.2,16.32,16.18,16.31,72739
2026-02-08,10:30:00,16.31,16.36,16.27,16.27,48057
2026-02-08,11:00:00,16.27,16.32,16.25,16.28,27248
2026-02-08,11:30:00,16.28,16.29,16.2,16.29,20124
2026-02-08,12:00:00,16.27,16.27,16.18,16.22,10062
2026-02-08,12:30:00,16.24,16.24,16.13,16.18,12521
2026-02-08,13:00:00,16.16,16.18,16.12,16.14,9913
2026-02-08,13:30:00,16.15,16.17,15.99,16.09,43947
2026-02-08,14:00:00,16.08,16.16,16.05,16.06,21088
2026-02-08,14:30:00,16.06,16.13,15.98,16.03,32001
2026-02-08,15:00:00,16.06,16.06,16.06,16.06,9884
2026-02-09,10:00:00,16.06,16.19,16.03,16.11,49997
2026-02-09,10:30:00,16.11,16.15,16.06,16.1,9591
2026-02-09,11:00:00,16.11,16.15,16.06,16.06,16858
2026-02-09,11:30:00,16.06,16.14,16.06,16.14,17734
2026-02-09,12:00:00,16.15,16.45,16.13,16.33,141998
2026-02-09,12:30:00,16.33,16.4,16.29,16.29,56299
2026-02-09,13:00:00,16.29,16.53,16.19,16.45,106432
2026-02-09,13:30:00,16.45,16.5,16.3,16.3,75700
2026-02-09,14:00:00,16.33,16.44,16.31,16.44,48168
2026-02-09,14:30:00,16.45,16.56,16.25,16.3,94145
2026-02-09,15:00:00,16.22,16.22,16.22,16.22,15769
2026-02-10,10:00:00,16.22,16.35,16.2,16.3,35401
2026-02-10,10:30:00,16.29,16.33,16.17,16.21,21469
2026-02-10,11:00:00,16.22,16.25,16.21,16.23,11739
2026-02-10,11:30:00,16.22,16.28,16.2,16.2,12335
2026-02-10,12:00:00,16.2,16.24,16.18,16.21,14430
2026-02-10,12:30:00,16.22,16.27,16.2,16.21,7088
2026-02-10,13:00:00,16.21,16.22,16.18,16.18,30058
2026-02-10,13:30:00,16.18,16.22,16.18,16.21,11800
2026-02-10,14:00:00,16.21,16.21,16.16,16.18,16285
2026-02-10,14:30:00,16.18,16.21,16.16,16.18,35467
2026-02-10,15:00:00,16.19,16.19,16.19,16.19,11385
2026-02-11,10:00:00,16.3,16.31,16.11,16.12,40240
2026-02-11,10:30:00,16.12,16.15,16.05,16.08,39067
2026-02-11,11:00:00,16.09,16.14,16.07,16.1,17559
2026-02-11,11:30:00,16.1,16.13,16.07,16.1,22606
2026-02-11,12:00:00,16.1,16.12,16.08,16.1,18592
2026-02-11,12:30:00,16.12,16.13,16.07,16.07,14188
2026-02-11,13:00:00,16.08,16.1,15.99,16.05,38050
2026-02-11,13:30:00,16.06,16.06,16.02,16.04,14729
2026-02-11,14:00:00,16.02,16.07,16.01,16.04,48239
2026-02-11,14:30:00,16.04,16.08,16.01,16.08,50130
2026-02-11,15:00:00,16.05,16.05,16.05,16.05,10808
2026-02-12,10:00:00,16.05,16.14,15.99,16.12,58600
2026-02-12,10:30:00,16.12,16.17,16.08,16.15,19031
2026-02-12,11:00:00,16.17,16.22,16.12,16.21,55572
2026-02-12,11:30:00,16.21,16.25,16.18,16.22,39879
2026-02-12,12:00:00,16.21,16.22,16.19,16.2,23520
2026-02-12,12:30:00,16.21,16.23,16.19,16.19,16419
2026-02-12,13:00:00,16.19,16.23,16.19,16.2,3166
2026-02-12,13:30:00,16.19,16.25,16.19,16.23,30069
2026-02-12,14:00:00,16.23,16.25,16.21,16.23,8559
2026-02-12,14:30:00,16.23,16.28,16.18,16.18,60326
2026-02-12,15:00:00,16.18,16.18,16.18,16.18,7455
2026-02-15,10:00:00,16.22,16.36,16.22,16.27,46052
2026-02-15,10:30:00,16.26,16.34,16.24,16.26,38773
2026-02-15,11:00:00,16.26,16.3,16.25,16.29,26809
2026-02-15,11:30:00,16.29,16.3,16.26,16.27,8417
2026-02-15,12:00:00,16.27,16.3,16.26,16.29,9366
2026-02-15,12:30:00,16.3,16.31,16.29,16.31,53103
2026-02-15,13:00:00,16.31,16.5,16.31,16.32,121300
2026-02-15,13:30:00,16.32,16.37,16.3,16.3,17067
2026-02-15,14:00:00,16.31,16.4,16.29,16.36,26203
2026-02-15,14:30:00,16.35,16.38,16.3,16.35,31198
2026-02-15,15:00:00,16.3,16.3,16.3,16.3,3689
2026-02-16,10:00:00,16.3,16.31,16.05,16.08,63838
2026-02-16,10:30:00,16.08,16.1,15.87,15.9,117924
2026-02-16,11:00:00,15.91,15.98,15.89,15.96,56741
2026-02-16,11:30:00,15.97,16.0,15.92,16.0,61300
2026-02-16,12:00:00,16.0,16.0,15.83,15.84,88209
2026-02-16,12:30:00,15.85,15.87,15.76,15.83,48044
2026-02-16,13:00:00,15.84,15.86,15.79,15.8,75765
2026-02-16,13:30:00,15.81,16.0,15.72,15.85,93293
2026-02-16,14:00:00,15.84,15.86,15.79,15.81,47998
2026-02-16,14:30:00,15.8,15.85,15.75,15.8,36106
2026-02-16,15:00:00,15.76,15.76,15.76,15.76,13438
2026-02-17,10:00:00,15.77,15.8,15.55,15.59,87859
2026-02-17,10:30:00,15.58,15.62,15.55,15.57,28397
2026-02-17,11:00:00,15.57,15.6,15.53,15.58,19781
2026-02-17,11:30:00,15.58,15.58,15.52,15.54,16585
2026-02-17,12:00:00,15.55,15.59,15.52,15.56,19413
2026-02-17,12:30:00,15.56,15.57,15.51,15.53,52040
2026-02-17,13:00:00,15.53,15.55,15.51,15.51,58322
2026-02-17,13:30:00,15.51,15.52,15.28,15.29,114626
2026-02-17,14:00:00,15.29,15.31,15.27,15.28,70296
2026-02-17,14:30:00,15.27,15.29,15.23,15.26,58524
2026-02-17,15:00:00,15.26,15.26,15.26,15.26,21895
2026-02-18,10:00:00,15.16,15.26,15.07,15.12,37856
2026-02-18,10:30:00,15.12,15.17,15.1,15.13,32523
2026-02-18,11:00:00,15.15,15.18,14.81,15.08,132740
2026-02-18,11:30:00,15.08,15.18,15.08,15.15,63324
2026-02-18,12:00:00,15.18,15.27,15.16,15.19,46816
2026-02-18,12:30:00,15.22,15.45,15.19,15.41,101410
2026-02-18,13:00:00,15.41,15.61,15.3,15.51,82954
2026-02-18,13:30:00,15.48,15.51,15.23,15.24,59864
2026-02-18,14:00:00,15.28,15.29,15.19,15.22,41082
2026-02-18,14:30:00,15.23,15.3,15.15,15.24,65318
2026-02-18,15:00:00,15.2,15.2,15.2,15.2,19347
2026-02-19,10:00:00,15.2,15.2,14.95,14.95,93058
2026-02-19,10:30:00,14.96,15.01,14.94,14.94,25864
2026-02-19,11:00:00,14.94,14.94,14.85,14.86,28336
2026-02-19,11:30:00,14.86,14.9,14.7,14.76,90840
2026-02-19,12:00:00,14.76,14.85,14.7,14.81,42931
2026-02-19,12:30:00,14.81,14.81,14.74,14.78,64808
2026-02-19,13:00:00,14.77,14.78,14.64,14.66,51036
2026-02-19,13:30:00,14.66,14.7,14.53,14.7,96009
2026-02-19,14:00:00,14.68,14.7,14.5,14.56,46510
2026-02-19,14:30:00,14.57,14.63,14.5,14.53,44198
2026-02-23,10:15:00,14.09,14.2,13.86,14.06,138302
2026-02-23,10:45:00,14.07,14.15,14.03,14.1,64105
2026-02-23,11:15:00,14.1,14.16,14.0,14.13,58613
2026-02-23,11:45:00,14.14,14.18,14.07,14.17,102328
2026-02-23,12:15:00,14.17,14.17,14.06,14.16,24341
2026-02-23,12:45:00,14.14,14.14,14.03,14.03,14769
2026-02-23,13:15:00,14.03,14.06,14.0,14.02,32607
2026-02-23,13:45:00,14.04,14.04,13.88,13.92,73294
2026-02-23,14:15:00,13.92,14.04,13.91,13.99,99484
2026-02-23,14:45:00,13.99,14.05,13.99,14.01,35472
2026-02-24,10:15:00,14.07,14.28,14.03,14.18,138622
2026-02-24,10:45:00,14.19,14.28,14.13,14.22,57037
2026-02-24,11:15:00,14.18,14.22,14.14,14.17,30630
2026-02-24,11:45:00,14.15,14.22,14.14,14.2,14635
2026-02-24,12:15:00,14.22,14.4,14.19,14.22,99406
2026-02-24,12:45:00,14.22,14.25,14.14,14.2,45993
2026-02-24,13:15:00,14.22,14.26,14.01,14.1,49061
2026-02-24,13:45:00,14.1,14.13,13.99,14.02,49542
2026-02-24,14:15:00,14.02,14.09,13.96,14.0,39819
2026-02-24,14:45:00,13.99,14.0,13.88,13.88,94699
2026-02-25,10:00:00,13.92,14.38,13.92,14.02,118344
2026-02-25,10:30:00,14.03,14.11,14.02,14.05,43844
2026-02-25,11:00:00,14.06,14.07,13.94,13.94,43055
2026-02-25,11:30:00,13.95,13.96,13.88,13.96,76731
2026-02-25,12:00:00,13.93,13.94,13.83,13.93,87334
2026-02-25,12:30:00,13.93,13.97,13.84,13.97,58644
2026-02-25,13:00:00,13.95,13.97,13.84,13.84,23659
2026-02-25,13:30:00,13.84,13.9,13.82,13.9,21127
2026-02-25,14:00:00,13.9,13.92,13.83,13.84,61870
2026-02-25,14:30:00,13.84,13.89,13.68,13.68,128311
2026-02-25,15:00:00,13.95,13.95,13.95,13.95,64797
2026-02-26,10:00:00,13.94,13.94,13.72,13.79,85318
2026-02-26,10:30:00,13.8,13.81,13.6,13.65,70259
2026-02-26,11:00:00,13.65,13.67,13.52,13.62,77108
2026-02-26,11:30:00,13.62,13.69,13.59,13.64,21875
2026-02-26,12:00:00,13.64,13.65,13.59,13.6,24596
2026-02-26,12:30:00,13.61,13.63,13.55,13.55,45137
2026-02-26,13:00:00,13.56,13.57,13.5,13.55,69462
2026-02-26,13:30:00,13.55,13.56,13.5,13.51,37809
2026-02-26,14:00:00,13.51,13.52,13.47,13.49,70600
2026-02-26,14:30:00,13.49,13.52,13.39,13.52,96606
2026-02-26,15:00:00,13.41,13.41,13.41,13.41,638865
2026-03-01,10:00:00,12.25,13.1,12.25,13.0,254199
2026-03-01,10:30:00,13.04,13.17,12.92,13.04,110859
2026-03-01,11:00:00,13.03,13.07,12.95,12.99,54696
2026-03-01,11:30:00,12.98,13.0,12.91,12.91,34082
2026-03-01,12:00:00,12.91,12.99,12.83,12.89,49441
2026-03-01,12:30:00,12.89,12.89,12.8,12.81,47433
2026-03-01,13:00:00,12.81,12.87,12.81,12.84,24626
2026-03-01,13:30:00,12.85,12.96,12.83,12.9,25725
2026-03-01,14:00:00,12.9,12.93,12.85,12.93,23240
2026-03-01,14:30:00,12.93,13.0,12.9,12.99,50531
2026-03-01,15:00:00,13.7,13.7,13.7,13.7,72720
2026-03-02,10:00:00,13.48,13.65,13.22,13.41,173226
2026-03-02,10:30:00,13.39,13.48,13.3,13.37,79288
2026-03-02,11:00:00,13.38,13.38,13.22,13.22,67771
2026-03-02,11:30:00,13.22,13.26,13.11,13.11,70627
2026-03-02,12:00:00,13.14,13.17,13.05,13.11,41814
2026-03-02,12:30:00,13.11,13.19,13.09,13.19,22757
2026-03-02,13:00:00,13.18,13.24,13.09,13.24,52845
2026-03-02,13:30:00,13.23,13.24,13.09,13.13,78999
2026-03-02,14:00:00,13.13,13.17,13.13,13.17,37631
2026-03-02,14:30:00,13.16,13.2,13.11,13.18,51605
2026-03-02,15:00:00,13.23,13.23,13.23,13.23,51461
2026-03-03,10:00:00,13.19,13.21,12.9,12.92,133840
2026-03-03,10:30:00,12.9,12.95,12.81,12.94,42277
2026-03-03,11:00:00,12.92,12.98,12.87,12.87,40890
2026-03-03,11:30:00,12.9,12.94,12.5,12.81,366294
2026-03-03,12:00:00,12.81,12.81,12.66,12.68,59061
2026-03-03,12:30:00,12.68,12.69,12.56,12.65,55357
2026-03-03,13:00:00,12.66,12.79,12.65,12.72,28647
2026-03-03,13:30:00,12.73,12.74,12.66,12.66,58738
2026-03-03,14:00:00,12.67,12.67,12.55,12.55,88504
2026-03-03,14:30:00,12.56,12.6,12.5,12.5,117689
2026-03-03,15:00:00,12.55,12.55,12.55,12.55,32616
2026-03-04,10:00:00,12.55,12.7,12.55,12.65,158586
2026-03-04,10:30:00,12.66,12.82,12.64,12.82,116435
2026-03-04,11:00:00,12.81,12.86,12.78,12.84,64469
2026-03-04,11:30:00,12.84,12.98,12.83,12.96,68627
2026-03-04,12:00:00,12.96,13.0,12.9,12.92,39717
2026-03-04,12:30:00,12.95,13.05,12.93,13.05,66160
2026-03-04,13:00:00,13.04,13.14,12.99,13.0,177541
2026-03-04,13:30:00,13.0,13.05,12.97,13.02,66339
2026-03-04,14:00:00,13.02,13.09,13.0,13.04,81747
2026-03-04,14:30:00,13.02,13.06,12.96,13.02,34230
2026-03-05,10:15:00,13.15,13.45,13.12,13.39,134982
2026-03-05,10:45:00,13.39,13.44,13.36,13.39,48655
2026-03-05,11:15:00,13.4,13.43,13.24,13.29,73568
2026-03-05,11:45:00,13.29,13.31,13.25,13.3,19246
2026-03-05,12:15:00,13.3,13.4,13.28,13.28,36153
2026-03-05,12:45:00,13.29,13.29,13.17,13.21,41669
2026-03-05,13:15:00,13.19,13.23,13.18,13.2,28551
2026-03-05,13:45:00,13.17,13.27,13.17,13.25,27546
2026-03-05,14:15:00,13.25,13.31,13.23,13.28,15135
2026-03-05,14:45:00,13.27,13.33,13.22,13.22,60058
2026-03-08,10:15:00,13.5,13.57,13.41,13.41,78872
2026-03-08,10:45:00,13.46,13.54,13.42,13.53,36429
2026-03-08,11:15:00,13.53,13.55,13.49,13.53,22123
2026-03-08,11:45:00,13.53,13.55,13.5,13.52,16293
2026-03-08,12:15:00,13.55,13.64,13.5,13.53,89840
2026-03-08,12:45:00,13.53,13.62,13.51,13.58,12471
2026-03-08,13:15:00,13.59,13.64,13.56,13.59,36879
2026-03-08,13:45:00,13.59,13.6,13.45,13.49,29222
2026-03-08,14:15:00,13.47,13.52,13.47,13.5,19675
2026-03-08,14:45:00,13.5,13.54,13.49,13.49,21125
2026-03-09,10:15:00,13.58,13.78,13.58,13.61,59446
2026-03-09,10:45:00,13.6,13.7,13.5,13.5,68597
2026-03-09,11:15:00,13.51,13.59,13.45,13.48,46387
2026-03-09,11:45:00,13.46,13.48,13.3,13.31,71938
2026-03-09,12:15:00,13.32,13.33,13.24,13.24,46595
2026-03-09,12:45:00,13.26,13.38,13.25,13.32,29991
2026-03-09,13:15:00,13.36,13.36,13.22,13.24,43738
2026-03-09,13:45:00,13.23,13.41,13.23,13.31,32036
2026-03-09,14:15:00,13.34,13.34,13.14,13.17,34378
2026-03-09,14:45:00,13.16,13.25,13.14,13.17,51682
2026-03-10,10:15:00,13.28,13.28,13.17,13.22,27115
2026-03-10,10:45:00,13.22,13.29,13.2,13.24,26938
2026-03-10,11:15:00,13.26,13.29,13.2,13.25,17593
2026-03-10,11:45:00,13.25,13.4,13.24,13.34,25707
2026-03-10,12:15:00,13.34,13.35,13.3,13.31,14692
2026-03-10,12:45:00,13.31,13.31,13.26,13.27,5601
2026-03-10,13:15:00,13.29,13.33,13.29,13.29,7209
2026-03-10,13:45:00,13.3,13.42,13.28,13.41,29665
2026-03-10,14:15:00,13.43,13.45,13.41,13.42,19321
2026-03-10,14:45:00,13.42,13.48,13.37,13.37,13439
2026-03-11,10:15:00,13.23,13.49,13.22,13.36,22726
2026-03-11,10:45:00,13.34,13.41,13.15,13.2,29300
2026-03-11,11:15:00,13.21,13.27,13.1,13.18,58741
2026-03-11,11:45:00,13.19,13.2,13.07,13.09,79721
2026-03-11,12:15:00,13.08,13.1,13.02,13.03,56691
2026-03-11,12:45:00,13.02,13.03,12.9,12.9,131172
2026-03-11,13:15:00,12.9,12.92,12.83,12.86,85090
2026-03-11,13:45:00,12.87,12.97,12.86,12.93,47424
2026-03-11,14:15:00,12.92,12.94,12.9,12.9,56124
2026-03-11,14:45:00,12.91,12.93,12.82,12.82,87535
2026-03-12,10:15:00,12.89,12.9,12.81,12.84,19906
2026-03-12,10:45:00,12.83,12.9,12.81,12.88,33376
2026-03-12,11:15:00,12.85,12.88,12.81,12.84,14600
2026-03-12,11:45:00,12.84,12.86,12.76,12.77,25068
2026-03-12,12:15:00,12.78,12.78,12.73,12.78,20282
2026-03-12,12:45:00,12.77,12.81,12.74,12.78,24186
2026-03-12,13:15:00,12.78,13.08,12.78,13.02,91046
2026-03-12,13:45:00,12.99,13.36,12.99,13.12,230623
2026-03-12,14:15:00,13.12,13.15,12.92,12.99,90247
2026-03-12,14:45:00,12.98,13.0,12.95,12.95,38382
2026-03-15,10:15:00,12.89,12.89,12.69,12.87,26188
2026-03-15,10:45:00,12.76,12.77,12.69,12.72,11563
2026-03-15,11:15:00,12.7,12.76,12.63,12.63,19749
2026-03-15,11:45:00,12.64,12.79,12.63,12.79,6006
2026-03-15,12:15:00,12.79,12.79,12.63,12.72,43625
2026-03-15,12:45:00,12.7,12.79,12.7,12.72,21263
2026-03-15,13:15:00,12.72,12.76,12.65,12.71,30787
2026-03-15,13:45:00,12.72,12.93,12.72,12.8,34599
2026-03-15,14:15:00,12.8,12.85,12.75,12.76,31917
2026-03-15,14:45:00,12.76,12.83,12.7,12.79,13318
2026-03-16,10:15:00,12.74,12.79,12.68,12.7,24500
2026-03-16,10:45:00,12.71,12.84,12.7,12.84,13982
2026-03-16,11:15:00,12.84,12.9,12.81,12.88,22763
2026-03-16,11:45:00,12.89,12.89,12.8,12.82,10461
2026-03-16,12:15:00,12.81,12.82,12.75,12.77,16923
2026-03-16,12:45:00,12.79,12.81,12.75,12.8,24283
2026-03-16,13:15:00,12.8,12.82,12.78,12.81,23341
2026-03-16,13:45:00,12.81,12.86,12.78,12.85,91928
2026-03-16,14:15:00,12.85,12.87,12.78,12.83,50268
2026-03-16,14:45:00,12.81,12.83,12.78,12.83,41162
2026-03-24,10:15:00,11.98,12.14,11.94,12.04,215063
2026-03-24,10:45:00,12.04,12.2,12.02,12.18,125675
2026-03-24,11:15:00,12.19,12.24,12.12,12.15,89355
2026-03-24,11:45:00,12.15,12.16,12.03,12.06,81756
2026-03-24,12:15:00,12.06,12.07,11.93,11.95,128986
2026-03-24,12:45:00,11.95,11.97,11.92,11.97,76486
2026-03-24,13:15:00,11.96,12.05,11.93,12.05,80166
2026-03-24,13:45:00,12.05,12.08,12.01,12.03,114251
2026-03-24,14:15:00,12.05,12.14,12.03,12.05,54421
2026-03-24,14:45:00,12.06,12.08,11.98,11.98,65277
2026-03-25,10:15:00,12.08,12.2,12.07,12.19,78146
2026-03-25,10:45:00,12.18,12.19,12.1,12.15,42458
2026-03-25,11:15:00,12.15,12.25,12.14,12.23,70771
2026-03-25,11:45:00,12.23,12.3,12.2,12.29,101060
2026-03-25,12:15:00,12.29,12.29,12.22,12.26,27412
2026-03-25,12:45:00,12.26,12.26,12.2,12.2,18053
2026-03-25,13:15:00,12.2,12.33,12.19,12.32,48488
2026-03-25,13:45:00,12.34,12.34,12.29,12.31,39268
2026-03-25,14:15:00,12.31,12.33,12.28,12.3,39732
2026-03-25,14:45:00,12.31,12.32,12.28,12.3,26448
2026-03-26,10:15:00,12.32,12.32,12.18,12.18,44984
2026-03-26,10:45:00,12.18,12.18,12.11,12.16,41787
2026-03-26,11:15:00,12.16,12.21,12.14,12.2,21073
2026-03-26,11:45:00,12.2,12.25,12.18,12.24,14765
2026-03-26,12:15:00,12.24,12.25,12.16,12.16,16736
2026-03-26,12:45:00,12.16,12.23,12.16,12.23,15018
2026-03-26,13:15:00,12.23,12.3,12.22,12.26,28654
2026-03-26,13:45:00,12.25,12.29,12.2,12.25,43830
2026-03-26,14:15:00,12.25,12.25,12.22,12.23,29299
2026-03-26,14:45:00,12.23,12.23,12.19,12.2,33983
2026-03-29,10:00:00,12.22,12.25,12.15,12.16,42359
2026-03-29,10:30:00,12.15,12.21,12.11,12.19,48837
2026-03-29,11:00:00,12.2,12.21,12.17,12.21,27786
2026-03-29,11:30:00,12.22,12.26,12.21,12.23,22426
2026-03-29,12:00:00,12.21,12.24,12.16,12.17,27333
2026-03-29,12:30:00,12.17,12.21,12.15,12.15,18764
2026-03-29,13:00:00,12.16,12.18,12.13,12.17,18967
2026-03-29,13:30:00,12.17,12.18,12.13,12.16,35151
2026-03-29,14:00:00,12.16,12.17,12.13,12.14,14273
2026-03-29,14:30:00,12.15,12.15,12.09,12.11,35466
2026-03-29,15:00:00,12.1,12.1,12.1,12.1,9673
2026-03-30,10:00:00,12.04,12.05,11.97,12.0,157397
2026-03-30,10:30:00,12.01,12.05,11.95,11.97,90887
2026-03-30,11:00:00,11.97,12.01,11.93,11.96,88873
2026-03-30,11:30:00,11.97,12.01,11.94,12.0,51734
2026-03-30,12:00:00,11.98,11.99,11.95,11.98,28425
2026-03-30,12:30:00,11.99,12.03,11.96,11.99,77191
2026-03-30,13:00:00,12.0,12.04,11.99,12.02,50618
2026-03-30,13:30:00,12.02,12.03,11.98,11.99,45599
2026-03-30,14:00:00,11.99,12.03,11.99,12.0,66503
2026-03-30,14:30:00,12.0,12.02,11.99,12.02,31983
2026-03-30,15:00:00,11.96,11.96,11.96,11.96,19862
2026-03-31,10:00:00,11.96,12.19,11.94,12.14,157264
2026-03-31,10:30:00,12.14,12.18,12.13,12.15,65629
2026-03-31,11:00:00,12.17,12.17,12.1,12.1,39528
2026-03-31,11:30:00,12.11,12.17,12.08,12.1,65513
2026-03-31,12:00:00,12.1,12.13,12.07,12.1,37917
2026-03-31,12:30:00,12.11,12.23,12.1,12.21,75292
2026-03-31,13:00:00,12.21,12.28,12.17,12.2,66763
2026-03-31,13:30:00,12.2,12.22,12.18,12.21,25841
2026-03-31,14:00:00,12.21,12.22,12.16,12.19,18948
2026-03-31,14:30:00,12.19,12.3,12.19,12.25,104130
2026-03-31,15:00:00,12.22,12.22,12.22,12.22,25365
2026-04-01,10:00:00,12.31,12.5,12.31,12.49,251736
2026-04-01,10:30:00,12.5,12.58,12.45,12.55,241206
2026-04-01,11:00:00,12.55,12.58,12.44,12.49,56577
2026-04-01,11:30:00,12.49,12.49,12.38,12.39,44179
2026-04-01,12:00:00,12.39,12.57,12.37,12.55,66447
2026-04-01,12:30:00,12.54,12.54,12.37,12.42,45850
2026-04-01,13:00:00,12.43,12.44,12.39,12.39,32033
2026-04-01,13:30:00,12.41,12.43,12.36,12.37,50683
2026-04-01,14:00:00,12.39,12.45,12.32,12.37,54644
2026-04-01,14:30:00,12.4,12.4,12.25,12.3,76913
2026-04-01,15:00:00,12.32,12.32,12.32,12.32,16835
2026-04-02,10:00:00,12.49,12.49,12.21,12.34,107104
2026-04-02,10:30:00,12.33,12.48,12.33,12.46,61892
2026-04-02,11:00:00,12.45,12.46,12.35,12.42,113071
2026-04-02,11:30:00,12.44,12.59,12.41,12.5,135008
2026-04-02,12:00:00,12.49,12.8,12.49,12.69,280174
2026-04-02,12:30:00,12.69,12.99,12.68,12.8,381202
2026-04-02,13:00:00,12.8,12.88,12.66,12.72,192536
2026-04-02,13:30:00,12.71,12.81,12.6,12.74,99692
2026-04-02,14:00:00,12.74,12.74,12.49,12.55,162571
2026-04-02,14:30:00,12.55,12.56,12.38,12.45,136586
2026-04-02,15:00:00,12.42,12.42,12.42,12.42,92765
2026-04-05,10:00:00,12.58,12.58,12.21,12.23,304392
2026-04-05,10:30:00,12.23,12.28,12.21,12.26,119675
2026-04-05,11:00:00,12.27,12.3,12.17,12.17,105389
2026-04-05,11:30:00,12.17,12.2,11.9,11.91,389331
2026-04-05,12:00:00,11.91,11.99,11.87,11.89,225781
2026-04-05,12:30:00,11.89,11.94,11.84,11.92,176382
2026-04-05,13:00:00,11.92,11.95,11.89,11.94,146771
2026-04-05,13:30:00,11.94,11.98,11.92,11.95,187375
2026-04-05,14:00:00,11.97,12.13,11.95,12.06,135382
2026-04-05,14:30:00,12.07,12.18,12.05,12.12,266296
2026-04-05,15:00:00,12.04,12.04,12.04,12.04,38646
2026-04-06,10:00:00,12.12,12.26,12.11,12.12,190658
2026-04-06,10:30:00,12.12,12.13,11.93,11.96,200338
2026-04-06,11:00:00,11.97,12.01,11.96,12.0,33858
2026-04-06,11:30:00,12.0,12.03,11.98,12.01,43083
2026-04-06,12:00:00,12.02,12.03,11.99,11.99,59619
2026-04-06,12:30:00,11.99,12.0,11.98,11.99,48043
2026-04-06,13:00:00,12.0,12.04,11.99,11.99,55110
2026-04-06,13:30:00,11.99,12.03,11.99,12.03,59900
2026-04-06,14:00:00,12.03,12.05,12.0,12.04,68166
2026-04-06,14:30:00,12.04,12.08,12.0,12.0,131910
2026-04-06,15:00:00,12.0,12.0,12.0,12.0,121853
2026-04-07,10:00:00,12.0,12.02,11.92,11.96,590966
2026-04-07,10:30:00,11.96,12.0,11.94,11.96,57893
2026-04-07,11:00:00,11.94,11.95,11.86,11.87,76464
2026-04-07,11:30:00,11.86,11.9,11.81,11.9,90244
2026-04-07,12:00:00,11.9,11.9,11.83,11.87,109955
2026-04-07,12:30:00,11.87,11.87,11.69,11.69,74127
2026-04-07,13:00:00,11.69,11.73,11.67,11.68,66591
2026-04-07,13:30:00,11.68,11.71,11.6,11.61,102102
2026-04-07,14:00:00,11.61,11.65,11.55,11.58,142615
2026-04-07,14:30:00,11.58,11.63,11.56,11.6,53071
2026-04-07,15:00:00,11.55,11.55,11.55,11.55,34807
2026-04-08,10:00:00,12.0,12.14,11.85,12.03,484492
2026-04-08,10:30:00,12.03,12.05,12.01,12.03,90645
2026-04-08,11:00:00,12.04,12.05,11.99,12.04,83865
2026-04-08,11:30:00,12.03,12.03,11.95,12.0,91179
2026-04-08,12:00:00,11.97,12.03,11.95,12.02,95960
2026-04-08,12:30:00,12.03,12.11,12.01,12.1,163762
2026-04-08,13:00:00,12.09,12.25,12.08,12.2,246889
2026-04-08,13:30:00,12.2,12.2,12.08,12.1,99687
2026-04-08,14:00:00,12.1,12.13,12.03,12.04,201212
2026-04-08,14:30:00,12.05,12.12,12.04,12.09,154821
2026-04-08,15:00:00,12.1,12.1,12.1,12.1,15232
2026-04-09,10:00:00,12.01,12.06,11.83,11.86,278033
2026-04-09,10:30:00,11.86,11.87,11.83,11.85,181137
2026-04-09,11:00:00,11.85,11.86,11.79,11.86,150498
2026-04-09,11:30:00,11.86,11.88,11.83,11.85,104459
2026-04-09,12:00:00,11.83,11.85,11.73,11.75,172865
2026-04-09,12:30:00,11.74,11.82,11.74,11.81,65270
2026-04-09,13:00:00,11.81,11.83,11.8,11.82,46987
2026-04-09,13:30:00,11.82,11.83,11.8,11.81,52411
2026-04-09,14:00:00,11.81,11.84,11.8,11.84,31653
2026-04-09,14:30:00,11.83,11.89,11.82,11.86,79182
2026-04-09,15:00:00,11.84,11.84,11.84,11.84,30926
2026-04-12,10:00:00,11.81,11.85,11.78,11.84,94196
2026-04-12,10:30:00,11.84,11.86,11.83,11.84,42698
2026-04-12,11:00:00,11.83,11.85,11.79,11.82,45129
2026-04-12,11:30:00,11.81,11.82,11.79,11.8,58088
2026-04-12,12:00:00,11.79,11.82,11.79,11.81,18816
2026-04-12,12:30:00,11.8,11.8,11.77,11.79,24287
2026-04-12,13:00:00,11.8,11.83,11.79,11.81,51749
2026-04-12,13:30:00,11.8,11.8,11.76,11.77,36280
2026-04-12,14:00:00,11.78,11.8,11.77,11.78,23906
2026-04-12,14:30:00,11.79,11.8,11.73,11.75,75118
2026-04-12,15:00:00,11.72,11.72,11.72,11.72,29170
2026-04-13,10:00:00,11.74,11.76,11.56,11.6,188027
2026-04-13,10:30:00,11.59,11.6,11.57,11.58,94100
2026-04-13,11:00:00,11.58,11.59,11.43,11.51,369093
2026-04-13,11:30:00,11.52,11.52,11.49,11.51,68134
2026-04-13,12:00:00,11.51,11.52,11.49,11.49,67005
2026-04-13,12:30:00,11.5,11.58,11.5,11.52,63910
2026-04-13,13:00:00,11.54,11.56,11.53,11.54,35082
2026-04-13,13:30:00,11.54,11.57,11.53,11.57,29938
2026-04-13,14:00:00,11.56,11.58,11.51,11.53,67192
2026-04-13,14:30:00,11.51,11.53,11.46,11.46,90054
2026-04-13,15:00:00,11.5,11.5,11.5,11.5,83294
2026-04-14,10:00:00,11.5,11.71,11.49,11.7,290160
2026-04-14,10:30:00,11.69,11.72,11.66,11.69,97540
2026-04-14,11:00:00,11.7,11.71,11.62,11.64,35036
2026-04-14,11:30:00,11.63,11.67,11.62,11.67,48804
2026-04-14,12:00:00,11.68,11.75,11.68,11.72,118166
2026-04-14,12:30:00,11.7,11.72,11.68,11.69,36386
2026-04-14,13:00:00,11.69,11.97,11.68,11.95,524970
2026-04-14,13:30:00,11.96,12.16,11.91,12.14,447736
2026-04-14,14:00:00,12.15,12.2,12.05,12.09,488540
2026-04-14,14:30:00,12.08,12.17,12.02,12.12,274987
2026-04-14,15:00:00,12.07,12.07,12.07,12.07,33786
2026-04-15,10:00:00,12.18,12.4,12.08,12.38,699438
2026-04-15,10:30:00,12.36,13.27,12.36,13.27,1308254
2026-04-15,11:00:00,13.27,13.27,13.27,13.27,133653
2026-04-15,11:30:00,13.27,13.27,13.27,13.27,101098
2026-04-15,12:00:00,13.27,13.27,13.27,13.27,20720
2026-04-15,12:30:00,13.27,13.27,13.27,13.27,19878
2026-04-15,13:00:00,13.27,13.27,13.27,13.27,14286
2026-04-15,13:30:00,13.27,13.27,13.27,13.27,60292
2026-04-15,14:00:00,13.27,13.27,13.27,13.27,45251
2026-04-15,14:30:00,13.27,13.27,13.27,13.27,27440
2026-04-15,15:00:00,13.27,13.27,13.27,13.27,2246
2026-04-16,10:00:00,13.78,14.23,13.75,13.95,3249667
2026-04-16,10:30:00,13.94,14.09,13.82,14.09,758852
2026-04-16,11:00:00,14.08,14.09,13.95,14.04,351818
2026-04-16,11:30:00,14.04,14.06,13.95,14.0,211198
2026-04-16,12:00:00,13.98,14.02,13.89,13.9,199205
2026-04-16,12:30:00,13.9,14.07,13.89,14.02,354801
2026-04-16,13:00:00,14.0,14.01,13.91,13.98,151530
2026-04-16,13:30:00,13.99,14.3,13.98,14.03,997175
2026-04-16,14:00:00,14.03,14.14,14.01,14.13,277187
2026-04-16,14:30:00,14.14,14.14,14.03,14.11,317154
2026-04-16,15:00:00,14.11,14.11,14.11,14.11,103231
2026-04-19,10:00:00,14.0,15.1,13.92,14.92,1399333
2026-04-19,10:30:00,14.92,15.4,14.89,15.23,1214603
2026-04-19,11:00:00,15.23,15.52,15.21,15.52,1460653
2026-04-19,11:30:00,15.52,15.52,15.1,15.22,1191584
2026-04-19,12:00:00,15.23,15.3,15.19,15.23,347953
2026-04-19,12:30:00,15.24,15.29,15.09,15.15,381868
2026-04-19,13:00:00,15.14,15.33,15.14,15.2,302396
2026-04-19,13:30:00,15.21,15.29,15.13,15.2,174323
2026-04-19,14:00:00,15.19,15.23,15.08,15.12,232070
2026-04-19,14:30:00,15.12,15.18,14.78,15.0,588318
2026-04-19,15:00:00,15.0,15.0,15.0,15.0,66082
2026-04-20,10:00:00,15.1,15.95,14.96,15.77,1889617
2026-04-20,10:30:00,15.76,15.87,15.7,15.79,652015
2026-04-20,11:00:00,15.79,15.79,15.4,15.6,505768
2026-04-20,11:30:00,15.6,15.62,15.37,15.48,347103
2026-04-20,12:00:00,15.5,15.53,15.38,15.39,227937
2026-04-20,12:30:00,15.4,15.49,15.34,15.4,224147
2026-04-20,13:00:00,15.4,15.4,15.1,15.16,600033
2026-04-20,13:30:00,15.16,15.21,15.08,15.15,197683
2026-04-20,14:00:00,15.14,15.2,15.1,15.18,178120
2026-04-20,14:30:00,15.19,15.57,15.1,15.4,749207
2026-04-20,15:00:00,15.32,15.32,15.32,15.32,65641
2026-04-21,10:00:00,15.43,15.83,15.24,15.31,966733
2026-04-21,10:30:00,15.32,15.33,15.16,15.21,400172
2026-04-21,11:00:00,15.21,15.22,15.01,15.08,451136
2026-04-21,11:30:00,15.07,15.14,14.94,15.09,383550
2026-04-21,12:00:00,15.07,15.09,14.93,15.01,169537
2026-04-21,12:30:00,15.01,15.1,14.94,15.0,147878
2026-04-21,13:00:00,15.0,15.03,14.7,14.7,460433
2026-04-21,13:30:00,14.74,14.9,14.69,14.78,336400
2026-04-21,14:00:00,14.78,14.8,14.69,14.77,170671
2026-04-21,14:30:00,14.76,14.92,14.67,14.92,311011
2026-04-21,15:00:00,14.88,14.88,14.88,14.88,42450
2026-04-22,10:00:00,15.0,15.38,14.7,15.32,1095619
2026-04-22,10:30:00,15.3,15.56,15.26,15.3,1263392
2026-04-22,11:00:00,15.31,15.46,15.27,15.34,561528
2026-04-22,11:30:00,15.34,15.34,15.12,15.16,345141
2026-04-22,12:00:00,15.16,15.18,14.9,14.92,635133
2026-04-22,12:30:00,14.93,15.11,14.92,15.07,259666
2026-04-22,13:00:00,15.08,15.13,14.96,14.96,170967
2026-04-22,13:30:00,14.96,14.99,14.86,14.87,177230
2026-04-22,14:00:00,14.86,14.93,14.77,14.92,176404
2026-04-22,14:30:00,14.9,15.31,14.9,15.2,623411
2026-04-22,15:00:00,15.2,15.2,15.2,15.2,68303
2026-04-23,10:00:00,15.19,15.3,15.0,15.06,390728
2026-04-23,10:30:00,15.05,15.1,14.8,14.97,434772
2026-04-23,11:00:00,14.97,15.05,14.85,14.88,133918
2026-04-23,11:30:00,14.89,14.94,14.87,14.9,69549
2026-04-23,12:00:00,14.89,14.92,14.84,14.86,112266
2026-04-23,12:30:00,14.85,15.02,14.85,14.98,92643
2026-04-23,13:00:00,14.95,15.0,14.88,14.89,68491
2026-04-23,13:30:00,14.89,14.89,14.7,14.73,279336
2026-04-23,14:00:00,14.73,14.85,14.73,14.85,101294
2026-04-23,14:30:00,14.81,14.86,14.72,14.76,182569
2026-04-23,15:00:00,14.76,14.76,14.76,14.76,31308
2026-04-26,10:00:00,14.74,15.0,14.7,14.83,284900
2026-04-26,10:30:00,14.83,15.18,14.78,15.12,297566
2026-04-26,11:00:00,15.16,15.2,14.99,14.99,323781
2026-04-26,11:30:00,14.99,15.05,14.92,14.92,155048
2026-04-26,12:00:00,14.93,14.97,14.86,14.89,71586
2026-04-26,12:30:00,14.87,14.93,14.81,14.89,55126
2026-04-26,13:00:00,14.9,14.91,14.88,14.9,24769
2026-04-26,13:30:00,14.9,14.92,14.85,14.89,40026
2026-04-26,14:00:00,14.87,14.9,14.78,14.8,108538
2026-04-26,14:30:00,14.8,14.86,14.76,14.86,58711
2026-04-26,15:00:00,14.89,14.89,14.89,14.89,17010
2026-04-27,10:00:00,15.0,15.0,14.8,14.9,145073
2026-04-27,10:30:00,14.9,14.94,14.83,14.84,139985
2026-04-27,11:00:00,14.86,14.93,14.81,14.86,98820
2026-04-27,11:30:00,14.87,14.89,14.76,14.78,157336
2026-04-27,12:00:00,14.79,14.83,14.75,14.8,108597
2026-04-27,12:30:00,14.81,14.81,14.74,14.74,100756
2026-04-27,13:00:00,14.75,14.78,14.7,14.73,103503
2026-04-27,13:30:00,14.72,14.74,14.63,14.66,180847
2026-04-27,14:00:00,14.66,14.73,14.65,14.71,51228
2026-04-27,14:30:00,14.71,14.81,14.7,14.79,111051
2026-04-27,15:00:00,14.79,14.79,14.79,14.79,23622
2026-04-28,10:00:00,14.79,14.79,14.59,14.61,226989
2026-04-28,10:30:00,14.61,14.64,14.44,14.58,221440
2026-04-28,11:00:00,14.58,14.58,14.48,14.55,125027
2026-04-28,11:30:00,14.55,14.55,14.43,14.47,104435
2026-04-28,12:00:00,14.47,14.55,14.46,14.47,84112
2026-04-28,12:30:00,14.47,14.52,14.46,14.49,44938
2026-04-28,13:00:00,14.49,14.71,14.45,14.62,231272
2026-04-28,13:30:00,14.64,14.87,14.5,14.58,386642
2026-04-28,14:00:00,14.6,14.65,14.52,14.6,188635
2026-04-28,14:30:00,14.58,14.6,14.4,14.4,142801
2026-04-28,15:00:00,14.41,14.41,14.41,14.41,45890
2026-04-29,10:00:00,14.43,14.5,14.21,14.31,294997
2026-04-29,10:30:00,14.32,14.5,14.3,14.39,155890
2026-04-29,11:00:00,14.4,14.7,14.38,14.51,347456
2026-04-29,11:30:00,14.52,14.77,14.44,14.46,371114
2026-04-29,12:00:00,14.45,14.55,14.38,14.48,155492
2026-04-29,12:30:00,14.48,14.54,14.43,14.43,39899
2026-04-29,13:00:00,14.44,14.51,14.4,14.46,67126
2026-04-29,13:30:00,14.45,14.53,14.43,14.49,68426
2026-04-29,14:00:00,14.53,14.53,14.4,14.42,133509
2026-04-29,14:30:00,14.42,14.44,14.3,14.41,158799
2026-04-29,15:00:00,14.42,14.42,14.42,14.42,15691
2026-04-30,10:00:00,14.4,14.89,14.3,14.43,850635
2026-04-30,10:30:00,14.42,14.43,14.33,14.34,214009
2026-04-30,11:00:00,14.33,14.37,14.31,14.37,88546
2026-04-30,11:30:00,14.37,14.38,14.31,14.34,52523
2026-04-30,12:00:00,14.35,14.36,14.31,14.36,62878
2026-04-30,12:30:00,14.34,14.39,14.32,14.34,29288
2026-04-30,13:00:00,14.35,14.36,14.23,14.25,113058
2026-04-30,13:30:00,14.24,14.24,14.13,14.19,169384
2026-04-30,14:00:00,14.18,14.27,14.15,14.16,134226
2026-04-30,14:30:00,14.16,14.2,14.11,14.13,135655
2026-04-30,15:00:00,14.1,14.1,14.1,14.1,40043
2026-05-03,10:00:00,14.14,14.23,14.02,14.2,178994
2026-05-03,10:30:00,14.2,14.22,14.12,14.19,78080
2026-05-03,11:00:00,14.17,14.3,14.13,14.25,138624
2026-05-03,11:30:00,14.24,14.25,14.13,14.14,96316
2026-05-03,12:00:00,14.16,14.16,14.04,14.06,103766
2026-05-03,12:30:00,14.04,14.1,13.99,14.01,115638
2026-05-03,13:00:00,14.03,14.08,14.01,14.03,52128
2026-05-03,13:30:00,14.04,14.08,14.03,14.06,48579
2026-05-03,14:00:00,14.06,14.12,14.05,14.09,38799
2026-05-03,14:30:00,14.08,14.12,14.06,14.1,59527
2026-05-04,10:15:00,14.05,14.13,14.02,14.06,90134
2026-05-04,10:45:00,14.05,14.06,13.99,14.02,123007
2026-05-04,11:15:00,14.02,14.14,13.99,14.11,109175
2026-05-04,11:45:00,14.11,14.15,14.03,14.07,65069
2026-05-04,12:15:00,14.07,14.09,14.0,14.03,49503
2026-05-04,12:45:00,14.05,14.06,14.02,14.03,25337
2026-05-04,13:15:00,14.03,14.03,14.0,14.0,90922
2026-05-04,13:45:00,14.0,14.02,13.96,13.97,49794
2026-05-04,14:15:00,13.96,13.98,13.92,13.94,103405
2026-05-04,14:45:00,13.96,13.96,13.88,13.88,149895
2026-05-05,10:15:00,13.87,13.88,13.7,13.77,216769
2026-05-05,10:45:00,13.76,13.77,13.66,13.7,171576
2026-05-05,11:15:00,13.69,13.69,13.57,13.64,111055
2026-05-05,11:45:00,13.64,13.8,13.64,13.75,68569
2026-05-05,12:15:00,13.75,13.85,13.73,13.8,43948
2026-05-05,12:45:00,13.79,13.85,13.76,13.83,43664
2026-05-05,13:15:00,13.84,13.85,13.68,13.73,67834
2026-05-05,13:45:00,13.73,13.73,13.63,13.66,77223
2026-05-05,14:15:00,13.66,13.7,13.59,13.63,117746
2026-05-05,14:45:00,13.62,13.65,13.58,13.61,79694
2026-05-06,10:15:00,13.72,13.77,13.67,13.67,60897
2026-05-06,10:45:00,13.68,13.75,13.65,13.65,33314
2026-05-06,11:15:00,13.65,13.76,13.65,13.74,33026
2026-05-06,11:45:00,13.73,13.99,13.73,13.93,164581
2026-05-06,12:15:00,13.93,13.97,13.85,13.9,120659
2026-05-06,12:45:00,13.87,13.9,13.79,13.82,45408
2026-05-06,13:15:00,13.83,13.9,13.82,13.83,42099
2026-05-06,13:45:00,13.83,13.95,13.83,13.83,46453
2026-05-06,14:15:00,13.83,13.83,13.7,13.72,64454
2026-05-06,14:45:00,13.72,13.79,13.72,13.72,32953
2026-05-07,10:15:00,13.83,13.91,13.76,13.86,86403
2026-05-07,10:45:00,13.85,13.85,13.65,13.67,109236
2026-05-07,11:15:00,13.66,13.79,13.64,13.76,83930
2026-05-07,11:45:00,13.73,13.81,13.7,13.8,38690
2026-05-07,12:15:00,13.8,14.06,13.78,13.94,321060
2026-05-07,12:45:00,13.95,13.95,13.8,13.84,110336
2026-05-07,13:15:00,13.84,13.88,13.78,13.79,51503
2026-05-07,13:45:00,13.79,13.83,13.75,13.75,75760
2026-05-07,14:15:00,13.75,13.8,13.72,13.73,76710
2026-05-07,14:45:00,13.75,13.81,13.74,13.8,56836
2026-05-10,10:15:00,13.8,14.19,13.77,14.16,227627
2026-05-10,10:45:00,14.16,14.54,14.14,14.35,808111
2026-05-10,11:15:00,14.35,14.49,14.26,14.3,251508
2026-05-10,11:45:00,14.3,14.38,14.22,14.3,149041
2026-05-10,12:15:00,14.3,14.49,14.27,14.43,192823
2026-05-10,12:45:00,14.45,14.58,14.42,14.56,188385
2026-05-10,13:15:00,14.56,14.6,14.42,14.42,166576
2026-05-10,13:45:00,14.41,14.5,14.2,14.21,213425
2026-05-10,14:15:00,14.21,14.3,14.16,14.21,142273
2026-05-10,14:45:00,14.19,14.27,14.12,14.22,156074
2026-05-11,10:15:00,14.02,14.08,13.91,14.01,165141
2026-05-11,10:45:00,14.01,14.1,13.97,14.08,123845
2026-05-11,11:15:00,14.07,14.07,13.99,14.02,97893
2026-05-11,11:45:00,14.02,14.06,13.99,14.06,20815
2026-05-11,12:15:00,14.07,14.1,14.03,14.06,67553
2026-05-11,12:45:00,14.08,14.1,13.98,14.0,72991
2026-05-11,13:15:00,14.02,14.05,14.0,14.03,39781
2026-05-11,13:45:00,14.02,14.03,13.99,14.0,60345
2026-05-11,14:15:00,14.01,14.07,14.01,14.02,38673
2026-05-11,14:45:00,14.02,14.04,14.01,14.02,63988
2026-05-12,10:15:00,13.94,13.95,13.84,13.88,144880
2026-05-12,10:45:00,13.89,13.92,13.78,13.81,86869
2026-05-12,11:15:00,13.81,13.86,13.81,13.85,9912
2026-05-12,11:45:00,13.85,13.85,13.77,13.77,54286
2026-05-12,12:15:00,13.77,13.8,13.75,13.78,20524
2026-05-12,12:45:00,13.79,13.8,13.77,13.78,16983
2026-05-12,13:15:00,13.77,13.83,13.7,13.77,88437
2026-05-12,13:45:00,13.77,13.79,13.74,13.74,51400
2026-05-12,14:15:00,13.73,13.77,13.72,13.77,43702
2026-05-12,14:45:00,13.77,13.81,13.74,13.74,39829
2026-05-13,10:15:00,13.75,13.8,13.65,13.69,100887
2026-05-13,10:45:00,13.68,13.68,13.63,13.64,86438
2026-05-13,11:15:00,13.64,13.66,13.6,13.65,54568
2026-05-13,11:45:00,13.66,13.73,13.62,13.73,16405
2026-05-13,12:15:00,13.74,13.77,13.7,13.71,37415
2026-05-13,12:45:00,13.73,13.73,13.64,13.65,17545
2026-05-13,13:15:00,13.65,13.65,13.47,13.47,181387
2026-05-13,13:45:00,13.46,13.47,13.41,13.43,70248
2026-05-13,14:15:00,13.42,13.42,13.37,13.37,49192
2026-05-13,14:45:00,13.39,13.44,13.38,13.42,31035
2026-05-14,10:15:00,13.45,13.47,13.41,13.44,15741
2026-05-14,10:45:00,13.44,13.45,13.33,13.33,46090
2026-05-14,11:15:00,13.35,13.36,13.3,13.34,42555
2026-05-14,11:45:00,13.35,13.45,13.32,13.44,62143
2026-05-14,12:15:00,13.43,13.45,13.36,13.42,44339
2026-05-14,12:45:00,13.44,13.5,13.36,13.38,33062
2026-05-14,13:15:00,13.38,13.4,13.32,13.37,25735
2026-05-14,13:45:00,13.39,13.39,13.33,13.35,9002
2026-05-14,14:15:00,13.35,13.41,13.32,13.36,49928
2026-05-14,14:45:00,13.35,13.43,13.35,13.42,27941
2026-05-17,10:15:00,13.26,13.3,13.24,13.25,43331
2026-05-17,10:45:00,13.25,13.27,13.22,13.25,30802
2026-05-17,11:15:00,13.25,13.26,13.23,13.25,25395
2026-05-17,11:45:00,13.25,13.34,13.24,13.34,29918
2026-05-17,12:15:00,13.34,13.34,13.27,13.29,10542
2026-05-17,12:45:00,13.28,13.28,13.25,13.27,19669
2026-05-17,13:15:00,13.28,13.32,13.25,13.26,33140
2026-05-17,13:45:00,13.26,13.28,13.24,13.28,24367
2026-05-17,14:15:00,13.28,13.28,13.23,13.27,16437
2026-05-17,14:45:00,13.26,13.32,13.22,13.3,61207
2026-05-18,10:15:00,13.23,13.27,13.08,13.14,63416
2026-05-18,10:45:00,13.15,13.23,13.15,13.21,40271
2026-05-18,11:15:00,13.2,13.2,13.13,13.16,29873
2026-05-18,11:45:00,13.15,13.17,13.11,13.11,13611
2026-05-18,12:15:00,13.11,13.12,13.08,13.09,36030
2026-05-18,12:45:00,13.09,13.12,13.07,13.12,33810
2026-05-18,13:15:00,13.12,13.14,13.1,13.1,18690
2026-05-18,13:45:00,13.12,13.15,12.98,13.01,51939
2026-05-18,14:15:00,13.03,13.06,13.0,13.04,79089
2026-05-18,14:45:00,13.04,13.07,13.01,13.07,22779
2026-05-19,10:15:00,13.13,13.23,13.1,13.14,57310
2026-05-19,10:45:00,13.14,13.18,13.12,13.13,19521
2026-05-19,11:15:00,13.13,13.16,13.1,13.14,27108
2026-05-19,11:45:00,13.15,13.15,13.1,13.11,8438
2026-05-19,12:15:00,13.13,13.13,13.1,13.13,18767
2026-05-19,12:45:00,13.13,13.17,13.12,13.17,50056
2026-05-19,13:15:00,13.17,13.18,13.13,13.14,7354
2026-05-19,13:45:00,13.15,13.32,13.14,13.24,72664
2026-05-19,14:15:00,13.23,13.29,13.2,13.23,70270
2026-05-19,14:45:00,13.23,13.29,13.19,13.29,73334
2026-05-20,10:15:00,13.14,13.18,13.05,13.09,80882
2026-05-20,10:45:00,13.09,13.14,13.09,13.11,56809
2026-05-20,11:15:00,13.12,13.18,13.11,13.12,12287
2026-05-20,11:45:00,13.11,13.12,13.02,13.04,35046
2026-05-20,12:15:00,13.05,13.1,13.03,13.04,11788
2026-05-20,12:45:00,13.05,13.14,13.05,13.13,8051
2026-05-20,13:15:00,13.13,13.18,13.07,13.13,23115
2026-05-20,13:45:00,13.17,13.17,13.1,13.12,13683
2026-05-20,14:15:00,13.12,13.12,13.02,13.06,43406
2026-05-20,14:45:00,13.06,13.06,13.02,13.06,30939
2026-05-21,10:00:00,12.91,13.1,12.91,13.02,59229
2026-05-21,10:30:00,13.02,13.12,13.02,13.12,42633
2026-05-21,11:00:00,13.12,13.17,13.08,13.14,37061
2026-05-21,11:30:00,13.17,13.18,13.07,13.11,45753
2026-05-21,12:00:00,13.12,13.15,13.06,13.13,13364
2026-05-21,12:30:00,13.12,13.13,13.06,13.06,5530
2026-05-21,13:00:00,13.08,13.17,13.07,13.14,26464
2026-05-21,13:30:00,13.14,13.16,13.14,13.14,17486
2026-05-21,14:00:00,13.15,13.15,13.1,13.1,39516
2026-05-21,14:30:00,13.12,13.14,13.08,13.08,41009
2026-05-21,15:00:00,13.07,13.07,13.07,13.07,13798
2026-05-31,10:00:00,13.2,13.28,13.11,13.2,22953
2026-05-31,10:30:00,13.18,13.41,13.14,13.35,56786
2026-05-31,11:00:00,13.36,13.38,13.25,13.25,68765
2026-05-31,11:30:00,13.25,13.25,13.22,13.23,19455
2026-05-31,12:00:00,13.23,13.26,13.22,13.26,10985
2026-05-31,12:30:00,13.27,13.32,13.23,13.24,20363
2026-05-31,13:00:00,13.24,13.29,13.24,13.29,4578
2026-05-31,13:30:00,13.3,13.33,13.27,13.33,49610
2026-05-31,14:00:00,13.32,13.32,13.27,13.31,14334
2026-05-31,14:30:00,13.29,13.58,13.28,13.51,164912
2026-05-31,15:00:00,13.5,13.5,13.5,13.5,1438
2026-06-01,10:00:00,13.61,13.9,13.41,13.88,372457
2026-06-01,10:30:00,13.89,14.36,13.8,14.25,574930
2026-06-01,11:00:00,14.26,14.4,13.98,14.05,498930
2026-06-01,11:30:00,14.07,14.31,14.0,14.25,369588
2026-06-01,12:00:00,14.23,14.34,14.21,14.25,150961
2026-06-01,12:30:00,14.25,14.25,14.06,14.15,139111
2026-06-01,13:00:00,14.16,14.6,14.12,14.4,999421
2026-06-01,13:30:00,14.38,14.56,14.38,14.4,334201
2026-06-01,14:00:00,14.4,14.5,14.37,14.47,167531
2026-06-01,14:30:00,14.5,14.54,14.17,14.22,387061
2026-06-01,15:00:00,14.2,14.2,14.2,14.2,24810
2026-06-02,10:00:00,14.16,14.49,14.12,14.3,319941
2026-06-02,10:30:00,14.28,14.44,14.19,14.43,182689
2026-06-02,11:00:00,14.43,14.47,14.2,14.26,184934
2026-06-02,11:30:00,14.27,14.37,14.23,14.25,60001
2026-06-02,12:00:00,14.25,14.29,14.17,14.19,88964
2026-06-02,12:30:00,14.19,14.19,14.13,14.15,67380
2026-06-02,13:00:00,14.14,14.16,14.13,14.15,17527
2026-06-02,13:30:00,14.15,14.15,14.05,14.11,71679
2026-06-02,14:00:00,14.1,14.24,14.08,14.21,37291
2026-06-02,14:30:00,14.21,14.32,14.18,14.29,116076
2026-06-02,15:00:00,14.24,14.24,14.24,14.24,12851
2026-06-03,10:00:00,14.12,14.21,14.07,14.12,94991
2026-06-03,10:30:00,14.14,14.14,14.09,14.12,58365
2026-06-03,11:00:00,14.1,14.13,14.01,14.1,69960
2026-06-03,11:30:00,14.1,14.21,14.08,14.08,43205
2026-06-03,12:00:00,14.07,14.14,14.05,14.1,43462
2026-06-03,12:30:00,14.07,14.17,14.07,14.08,41867
2026-06-03,13:00:00,14.08,14.13,14.06,14.13,42483
2026-06-03,13:30:00,14.13,14.4,14.11,14.36,130150
2026-06-03,14:00:00,14.31,14.45,14.25,14.27,197100
2026-06-03,14:30:00,14.27,14.31,14.18,14.22,144966
2026-06-03,15:00:00,14.26,14.26,14.26,14.26,36173
2026-06-04,10:00:00,14.24,14.84,14.09,14.55,949729
2026-06-04,10:30:00,14.58,14.65,14.54,14.58,256439
2026-06-04,11:00:00,14.57,14.75,14.52,14.58,208537
2026-06-04,11:30:00,14.58,14.6,14.48,14.5,89914
2026-06-04,12:00:00,14.51,14.59,14.48,14.57,29800
2026-06-04,12:30:00,14.56,14.57,14.32,14.39,106841
2026-06-04,13:00:00,14.39,14.55,14.39,14.54,50410
2026-06-04,13:30:00,14.52,14.55,14.42,14.45,59139
2026-06-04,14:00:00,14.47,14.6,14.44,14.57,103681
2026-06-04,14:30:00,14.58,14.8,14.55,14.71,397810
2026-06-04,15:00:00,14.7,14.7,14.7,14.7,71025
2026-06-07,10:00:00,14.6,14.88,14.48,14.76,423940
2026-06-07,10:30:00,14.75,14.75,14.56,14.61,155487
2026-06-07,11:00:00,14.6,14.66,14.55,14.65,40930
2026-06-07,11:30:00,14.62,14.71,14.58,14.7,100638
2026-06-07,12:00:00,14.7,14.75,14.63,14.63,45121
2026-06-07,12:30:00,14.63,14.64,14.5,14.6,44845
2026-06-07,13:00:00,14.6,14.6,14.49,14.56,81731
2026-06-07,13:30:00,14.56,14.72,14.55,14.62,93833
2026-06-07,14:00:00,14.63,14.69,14.59,14.62,35830
2026-06-07,14:30:00,14.63,14.64,14.54,14.55,147955
2026-06-07,15:00:00,14.53,14.53,14.53,14.53,48504
2026-06-08,10:00:00,14.44,14.63,14.36,14.45,191613
2026-06-08,10:30:00,14.44,14.53,14.37,14.45,53108
2026-06-08,11:00:00,14.45,14.48,14.32,14.32,99232
2026-06-08,11:30:00,14.32,14.5,14.32,14.4,86902
2026-06-08,12:00:00,14.39,14.4,14.2,14.23,72870
2026-06-08,12:30:00,14.22,14.29,14.22,14.25,70805
2026-06-08,13:00:00,14.24,14.4,14.24,14.37,70769
2026-06-08,13:30:00,14.33,14.34,14.22,14.28,44190
2026-06-08,14:00:00,14.28,14.33,14.26,14.3,23796
2026-06-08,14:30:00,14.32,14.38,14.22,14.31,116328
2026-06-08,15:00:00,14.26,14.26,14.26,14.26,15869
2026-06-09,10:00:00,14.3,14.54,14.3,14.52,113177
2026-06-09,10:30:00,14.5,14.57,14.46,14.46,45971
2026-06-09,11:00:00,14.48,14.51,14.46,14.51,36266
2026-06-09,11:30:00,14.5,14.64,14.48,14.58,167077
2026-06-09,12:00:00,14.59,14.62,14.45,14.48,114441
2026-06-09,12:30:00,14.48,14.5,14.44,14.45,55134
2026-06-09,13:00:00,14.45,14.63,14.43,14.62,157358
2026-06-09,13:30:00,14.63,14.68,14.55,14.59,274505
2026-06-09,14:00:00,14.58,14.66,14.57,14.64,60131
2026-06-09,14:30:00,14.63,14.65,14.47,14.51,185737
2026-06-09,15:00:00,14.6,14.6,14.6,14.6,14866
2026-06-10,10:00:00,14.52,14.58,14.36,14.4,109463
2026-06-10,10:30:00,14.38,14.5,14.35,14.4,80371
2026-06-10,11:00:00,14.4,14.47,14.37,14.41,79738
2026-06-10,11:30:00,14.41,14.43,14.3,14.32,125271
2026-06-10,12:00:00,14.32,14.35,14.27,14.27,67175
2026-06-10,12:30:00,14.27,14.29,14.24,14.24,98347
2026-06-10,13:00:00,14.25,14.26,14.21,14.25,30709
2026-06-10,13:30:00,14.25,14.29,14.21,14.28,49452
2026-06-10,14:00:00,14.28,14.28,14.14,14.15,89683
2026-06-10,14:30:00,14.15,14.22,14.06,14.14,90208
2026-06-10,15:00:00,14.1,14.1,14.1,14.1,49974
2026-06-11,10:00:00,14.12,14.22,14.08,14.09,61982
2026-06-11,10:30:00,14.08,14.2,14.07,14.17,45093
2026-06-11,11:00:00,14.15,14.17,14.12,14.17,17809
2026-06-11,11:30:00,14.16,14.17,14.12,14.17,10498
2026-06-11,12:00:00,14.18,14.19,14.14,14.19,31432
2026-06-11,12:30:00,14.17,14.21,14.12,14.21,23473
2026-06-11,13:00:00,14.2,14.29,14.2,14.23,44815
2026-06-11,13:30:00,14.23,14.23,14.17,14.17,19068
2026-06-11,14:00:00,14.16,14.19,14.14,14.17,14288
2026-06-11,14:30:00,14.18,14.18,14.02,14.02,74021
2026-06-14,10:15:00,14.44,14.61,14.3,14.37,181388
2026-06-14,10:45:00,14.39,14.4,14.34,14.37,29034
2026-06-14,11:15:00,14.36,14.4,14.26,14.3,66149
2026-06-14,11:45:00,14.29,14.44,14.28,14.42,62333
2026-06-14,12:15:00,14.41,14.46,14.34,14.44,71707
2026-06-14,12:45:00,14.45,14.52,14.39,14.43,94587
2026-06-14,13:15:00,14.43,14.46,14.38,14.4,82684
2026-06-14,13:45:00,14.4,14.4,14.26,14.32,61484
2026-06-14,14:15:00,14.29,14.32,14.26,14.31,24012
2026-06-14,14:45:00,14.31,14.31,14.2,14.2,46054
2026-06-15,10:15:00,14.7,14.85,14.68,14.78,397645
2026-06-15,10:45:00,14.78,14.79,14.65,14.66,134729
2026-06-15,11:15:00,14.65,14.74,14.57,14.74,158453
2026-06-15,11:45:00,14.73,14.76,14.58,14.58,212522
2026-06-15,12:15:00,14.59,14.59,14.49,14.53,200130
2026-06-15,12:45:00,14.53,14.56,14.52,14.55,24482
2026-06-15,13:15:00,14.53,14.56,14.5,14.56,81753
2026-06-15,13:45:00,14.55,14.68,14.54,14.64,134822
2026-06-15,14:15:00,14.62,14.75,14.54,14.6,144196
2026-06-15,14:45:00,14.58,14.63,14.55,14.57,75729
2026-06-16,10:15:00,14.65,14.7,14.55,14.57,91628
2026-06-16,10:45:00,14.58,14.6,14.5,14.53,61406
2026-06-16,11:15:00,14.52,14.56,14.4,14.44,88171
2026-06-16,11:45:00,14.45,14.48,14.38,14.42,67745
2026-06-16,12:15:00,14.41,14.42,14.35,14.38,57743
2026-06-16,12:45:00,14.38,14.38,14.25,14.27,151930
2026-06-16,13:15:00,14.27,14.29,14.14,14.18,155224
2026-06-16,13:45:00,14.19,14.3,14.07,14.24,229843
2026-06-16,14:15:00,14.24,14.36,14.18,14.19,152463
2026-06-16,14:45:00,14.19,14.26,14.17,14.2,86820
2026-06-17,10:15:00,14.53,14.55,14.36,14.41,197062
2026-06-17,10:45:00,14.42,14.47,14.28,14.29,81304
2026-06-17,11:15:00,14.29,14.41,14.29,14.4,61324
2026-06-17,11:45:00,14.38,14.42,14.31,14.36,51667
2026-06-17,12:15:00,14.34,14.38,14.28,14.35,99115
2026-06-17,12:45:00,14.31,14.35,14.28,14.29,63511
2026-06-17,13:15:00,14.29,14.32,14.2,14.24,74461
2026-06-17,13:45:00,14.25,14.25,14.2,14.23,57547
2026-06-17,14:15:00,14.21,14.26,14.21,14.26,26883
2026-06-17,14:45:00,14.25,14.25,14.19,14.21,94833
2026-06-18,10:15:00,14.16,14.17,14.1,14.14,57318
2026-06-18,10:45:00,14.14,14.18,14.11,14.18,24863
2026-06-18,11:15:00,14.18,14.18,14.15,14.16,25412
2026-06-18,11:45:00,14.16,14.2,14.11,14.14,25501
2026-06-18,12:15:00,14.16,14.16,14.1,14.11,21565
2026-06-18,12:45:00,14.1,14.15,14.09,14.1,29128
2026-06-18,13:15:00,14.13,14.15,14.09,14.09,55992
2026-06-18,13:45:00,14.1,14.12,14.09,14.12,14591
2026-06-18,14:15:00,14.1,14.16,14.1,14.15,35225
2026-06-18,14:45:00,14.14,14.14,14.11,14.13,47145
2026-06-21,10:15:00,14.18,14.18,14.12,14.15,38247
2026-06-21,10:45:00,14.15,14.3,14.15,14.25,42993
2026-06-21,11:15:00,14.23,14.26,14.17,14.26,54913
2026-06-21,11:45:00,14.26,14.28,14.13,14.16,60047
2026-06-21,12:15:00,14.15,14.18,14.04,14.04,107233
2026-06-21,12:45:00,14.04,14.15,14.03,14.11,36341
2026-06-21,13:15:00,14.12,14.18,14.09,14.1,11552
2026-06-21,13:45:00,14.1,14.11,14.04,14.05,64202
2026-06-21,14:15:00,14.06,14.1,14.05,14.05,16694
2026-06-21,14:45:00,14.05,14.08,14.03,14.04,29165
2026-06-22,10:00:00,14.25,14.25,14.01,14.08,42282
2026-06-22,10:30:00,14.07,14.08,14.02,14.06,22907
2026-06-22,11:00:00,14.05,14.05,13.94,13.99,82753
2026-06-22,11:30:00,13.99,13.99,13.83,13.86,88444
2026-06-22,12:00:00,13.85,13.91,13.84,13.89,55991
2026-06-22,12:30:00,13.88,13.93,13.87,13.9,26478
2026-06-22,13:00:00,13.9,13.94,13.86,13.88,22496
2026-06-22,13:30:00,13.89,14.02,13.86,13.9,81606
2026-06-22,14:00:00,13.93,13.95,13.9,13.94,27073
2026-06-22,14:30:00,13.92,13.93,13.85,13.92,27621
2026-06-23,10:15:00,13.89,14.1,13.83,14.0,187287
2026-06-23,10:45:00,13.99,14.34,13.97,14.14,418598
2026-06-23,11:15:00,14.15,14.32,14.08,14.23,223341
2026-06-23,11:45:00,14.24,14.26,14.11,14.13,58052
2026-06-23,12:15:00,14.13,14.19,14.06,14.13,46403
2026-06-23,12:45:00,14.13,14.15,14.1,14.12,39456
2026-06-23,13:15:00,14.12,14.14,14.07,14.13,36634
2026-06-23,13:45:00,14.13,14.14,14.08,14.14,42895
2026-06-23,14:15:00,14.14,14.14,14.01,14.02,64981
2026-06-23,14:45:00,14.04,14.12,14.04,14.09,45624
2026-06-24,10:15:00,14.05,14.07,14.02,14.04,50964
2026-06-24,10:45:00,14.03,14.05,14.02,14.04,20274
2026-06-24,11:15:00,14.05,14.06,14.01,14.02,45027
2026-06-24,11:45:00,14.03,14.05,14.01,14.03,19095
2026-06-24,12:15:00,14.04,14.09,14.03,14.08,16730
2026-06-24,12:45:00,14.08,14.08,14.04,14.07,11670
2026-06-24,13:15:00,14.06,14.07,14.04,14.05,20301
2026-06-24,13:45:00,14.06,14.07,14.02,14.07,44453
2026-06-24,14:15:00,14.06,14.06,13.97,13.99,74035
2026-06-24,14:45:00,13.99,14.02,13.97,13.97,26688
2026-06-25,10:15:00,13.92,14.04,13.92,13.94,44215
2026-06-25,10:45:00,13.94,14.0,13.89,13.97,51055
2026-06-25,11:15:00,13.97,14.04,13.95,13.99,24917
2026-06-25,11:45:00,13.99,14.0,13.93,13.94,12399
2026-06-25,12:15:00,13.95,13.96,13.9,13.91,16158
2026-06-25,12:45:00,13.91,13.94,13.87,13.94,42390
2026-06-25,13:15:00,13.92,13.94,13.9,13.92,1660
2026-06-25,13:45:00,13.92,13.95,13.9,13.94,22023
2026-06-25,14:15:00,13.92,13.98,13.92,13.98,43288
2026-06-25,14:45:00,13.96,13.97,13.84,13.84,38284
2026-06-28,10:15:00,13.89,13.95,13.8,13.8,27817
2026-06-28,10:45:00,13.81,13.9,13.8,13.82,37818
2026-06-28,11:15:00,13.83,13.88,13.81,13.82,31453
2026-06-28,11:45:00,13.85,13.88,13.81,13.83,8818
2026-06-28,12:15:00,13.83,13.83,13.63,13.63,41463
2026-06-28,12:45:00,13.64,13.69,13.63,13.65,20066
2026-06-28,13:15:00,13.64,13.68,13.61,13.65,33261
2026-06-28,13:45:00,13.64,13.65,13.5,13.57,76701
2026-06-28,14:15:00,13.56,13.65,13.56,13.6,18787
2026-06-28,14:45:00,13.59,13.63,13.59,13.63,29363
2026-06-29,10:00:00,13.6,13.77,13.59,13.62,83607
2026-06-29,10:30:00,13.63,13.69,13.58,13.65,52652
2026-06-29,11:00:00,13.67,13.67,13.57,13.6,23749
2026-06-29,11:30:00,13.59,13.65,13.58,13.58,31092
2026-06-29,12:00:00,13.6,13.65,13.59,13.62,17551
2026-06-29,12:30:00,13.61,13.63,13.55,13.57,29316
2026-06-29,13:00:00,13.56,13.67,13.54,13.67,56643
2026-06-29,13:30:00,13.64,13.79,13.53,13.57,127408
2026-06-29,14:00:00,13.55,13.6,13.51,13.58,41236
2026-06-29,14:30:00,13.6,13.68,13.55,13.62,29677
2026-06-29,15:00:00,13.62,13.62,13.62,13.62,4390
2026-06-30,10:00:00,13.62,13.92,13.58,13.92,83430
2026-06-30,10:30:00,13.91,14.1,13.83,14.06,187888
2026-06-30,11:00:00,14.05,14.07,13.97,13.99,48597
2026-06-30,11:30:00,14.0,14.06,13.97,14.06,46438
2026-06-30,12:00:00,14.06,14.08,14.02,14.06,41274
2026-06-30,12:30:00,14.06,14.06,13.98,14.03,34324
2026-06-30,13:00:00,14.01,14.05,13.98,13.98,101219
2026-06-30,13:30:00,13.99,14.02,13.93,14.0,53513
2026-06-30,14:00:00,14.01,14.04,14.0,14.02,22491
2026-06-30,14:30:00,14.02,14.22,14.01,14.04,184941
2026-06-30,15:00:00,14.04,14.04,14.04,14.04,2075
2026-07-01,10:00:00,14.12,14.17,13.97,14.12,135623
2026-07-01,10:30:00,14.1,14.26,14.1,14.24,89701
2026-07-01,11:00:00,14.24,14.41,14.2,14.38,264240
2026-07-01,11:30:00,14.36,14.53,14.29,14.42,323078
2026-07-01,12:00:00,14.42,14.43,14.31,14.33,52993
2026-07-01,12:30:00,14.34,14.34,14.2,14.22,63757
2026-07-01,13:00:00,14.2,14.3,14.17,14.3,52911
2026-07-01,13:30:00,14.26,14.31,14.26,14.28,24886
2026-07-01,14:00:00,14.28,14.28,14.17,14.17,37276
2026-07-01,14:30:00,14.16,14.3,14.16,14.3,23563
2026-07-01,15:00:00,14.29,14.29,14.29,14.29,5989
2026-07-02,10:00:00,14.29,14.29,14.15,14.19,65176
2026-07-02,10:30:00,14.19,14.22,14.1,14.16,54581
2026-07-02,11:00:00,14.15,14.15,14.03,14.04,74213
2026-07-02,11:30:00,14.04,14.09,14.03,14.07,41030
2026-07-02,12:00:00,14.08,14.19,14.03,14.11,22149
2026-07-02,12:30:00,14.11,14.12,14.0,14.0,69972
2026-07-02,13:00:00,14.0,14.06,13.99,13.99,34964
2026-07-02,13:30:00,13.99,13.99,13.9,13.91,41737
2026-07-02,14:00:00,13.9,13.99,13.9,13.98,39711
2026-07-02,14:30:00,13.97,13.99,13.93,13.96,30951
2026-07-02,15:00:00,13.97,13.97,13.97,13.97,16068
2026-07-05,10:00:00,13.97,14.1,13.97,14.08,54624
2026-07-05,10:30:00,14.08,14.08,13.95,13.96,28705
2026-07-05,11:00:00,13.98,13.98,13.9,13.93,29640
2026-07-05,11:30:00,13.93,13.98,13.91,13.94,20538
2026-07-05,12:00:00,13.94,13.94,13.89,13.9,24527
2026-07-05,12:30:00,13.9,13.92,13.82,13.86,55541
2026-07-05,13:00:00,13.88,13.93,13.85,13.9,52343
2026-07-05,13:30:00,13.87,13.9,13.85,13.89,8441
2026-07-05,14:00:00,13.9,13.93,13.85,13.9,16156
2026-07-05,14:30:00,13.92,13.93,13.83,13.86,33760
2026-07-05,15:00:00,13.86,13.86,13.86,13.86,2425
2026-07-06,10:00:00,13.9,14.13,13.8,14.02,174955
2026-07-06,10:30:00,14.03,14.03,13.9,13.95,55954
2026-07-06,11:00:00,13.94,13.95,13.89,13.89,49306
2026-07-06,11:30:00,13.89,13.89,13.82,13.85,40540
2026-07-06,12:00:00,13.84,13.89,13.81,13.84,77438
2026-07-06,12:30:00,13.83,13.85,13.8,13.82,31990
2026-07-06,13:00:00,13.84,13.85,13.78,13.81,58076
2026-07-06,13:30:00,13.81,13.83,13.79,13.79,25178
2026-07-06,14:00:00,13.8,13.81,13.79,13.81,25474
2026-07-06,14:30:00,13.82,13.86,13.78,13.79,47547
2026-07-06,15:00:00,13.79,13.79,13.79,13.79,8724
2026-07-07,10:00:00,13.79,13.79,13.65,13.65,52546
2026-07-07,10:30:00,13.68,13.72,13.65,13.72,52137
2026-07-07,11:00:00,13.72,13.74,13.69,13.71,15926
2026-07-07,11:30:00,13.72,13.73,13.64,13.67,72573
2026-07-07,12:00:00,13.67,13.68,13.66,13.68,8553
2026-07-07,12:30:00,13.69,13.71,13.68,13.69,21485
2026-07-07,13:00:00,13.69,13.69,13.66,13.67,11257
2026-07-07,13:30:00,13.67,13.71,13.62,13.66,34486
2026-07-07,14:00:00,13.65,13.68,13.62,13.67,65159
2026-07-07,14:30:00,13.66,13.69,13.64,13.66,25889
2026-07-07,15:00:00,13.64,13.64,13.64,13.64,7952
2026-07-08,10:00:00,13.6,13.61,13.3,13.38,279374
2026-07-08,10:30:00,13.39,13.41,13.35,13.4,56273
2026-07-08,11:00:00,13.41,13.42,13.26,13.29,105150
2026-07-08,11:30:00,13.3,13.41,13.23,13.23,82026
2026-07-08,12:00:00,13.24,13.28,13.21,13.28,95778
2026-07-08,12:30:00,13.27,13.32,13.27,13.28,13982
2026-07-08,13:00:00,13.27,13.31,13.27,13.3,24897
2026-07-08,13:30:00,13.3,13.31,13.21,13.21,40823
2026-07-08,14:00:00,13.2,13.25,13.17,13.2,128649
2026-07-08,14:30:00,13.21,13.32,13.2,13.3,98494
2026-07-08,15:00:00,13.29,13.29,13.29,13.29,21310
2026-07-09,10:00:00,13.3,13.54,13.28,13.35,237139
2026-07-09,10:30:00,13.38,13.38,13.28,13.36,55496
2026-07-09,11:00:00,13.36,13.38,13.33,13.37,18376
2026-07-09,11:30:00,13.37,13.45,13.37,13.44,40682
2026-07-09,12:00:00,13.43,13.43,13.39,13.4,12101
2026-07-09,12:30:00,13.4,13.44,13.39,13.42,12740
2026-07-09,13:00:00,13.42,13.43,13.39,13.41,24659
2026-07-09,13:30:00,13.4,13.43,13.35,13.37,47674
2026-07-09,14:00:00,13.38,13.38,13.24,13.26,101455
2026-07-09,14:30:00,13.26,13.32,13.25,13.3,22423
2026-07-09,15:00:00,13.3,13.3,13.3,13.3,22600
2026-07-12,10:00:00,13.3,13.44,13.25,13.36,60644
2026-07-12,10:30:00,13.35,13.36,13.25,13.31,24582
2026-07-12,11:00:00,13.33,13.36,13.28,13.33,5722
2026-07-12,11:30:00,13.33,13.34,13.2,13.28,65661
2026-07-12,12:00:00,13.29,13.32,13.28,13.3,3743
2026-07-12,12:30:00,13.31,13.39,13.3,13.32,41475
2026-07-12,13:00:00,13.33,13.39,13.29,13.35,29824
2026-07-12,13:30:00,13.37,13.42,13.33,13.35,58209
2026-07-12,14:00:00,13.35,13.35,13.3,13.31,16191
2026-07-12,14:30:00,13.32,13.34,13.27,13.3,22196
2026-07-12,15:00:00,13.28,13.28,13.28,13.28,6788
2026-07-13,10:00:00,13.28,13.3,13.12,13.18,67979
2026-07-13,10:30:00,13.18,13.25,13.16,13.21,22838
2026-07-13,11:00:00,13.22,13.25,13.2,13.22,13845
2026-07-13,11:30:00,13.25,13.45,13.22,13.34,86564
2026-07-13,12:00:00,13.32,13.39,13.3,13.3,36909
2026-07-13,12:30:00,13.32,13.32,13.22,13.22,25264
2026-07-13,13:00:00,13.24,13.25,13.2,13.23,25746
2026-07-13,13:30:00,13.23,13.3,13.23,13.23,16867
2026-07-13,14:00:00,13.22,13.23,13.17,13.23,38102
2026-07-13,14:30:00,13.22,13.22,13.16,13.18,19354
2026-07-13,15:00:00,13.15,13.15,13.15,13.15,28694
2026-07-14,10:00:00,13.07,13.11,13.02,13.02,95038
2026-07-14,10:30:00,13.03,13.05,12.98,13.01,50618
2026-07-14,11:00:00,13.01,13.04,13.0,13.02,22257
2026-07-14,11:30:00,13.01,13.04,13.0,13.02,41798
2026-07-14,12:00:00,13.02,13.05,13.0,13.02,38399
2026-07-14,12:30:00,13.0,13.03,12.99,13.0,22350
2026-07-14,13:00:00,13.0,13.11,12.98,13.02,99890
2026-07-14,13:30:00,13.04,13.14,13.01,13.08,60729
2026-07-14,14:00:00,13.08,13.13,13.05,13.11,29861
2026-07-14,14:30:00,13.1,13.12,13.05,13.06,19947
2026-07-14,15:00:00,13.06,13.06,13.06,13.06,1842
2026-07-15,10:00:00,13.07,13.15,13.04,13.06,45850
2026-07-15,10:30:00,13.11,13.11,12.8,12.83,207520
2026-07-15,11:00:00,12.85,12.89,12.77,12.88,108057
2026-07-15,11:30:00,12.86,12.95,12.85,12.92,76989
2026-07-15,12:00:00,12.91,12.92,12.8,12.85,56599
2026-07-15,12:30:00,12.85,12.87,12.8,12.81,25454
2026-07-15,13:00:00,12.82,12.85,12.8,12.84,23315
2026-07-15,13:30:00,12.83,12.83,12.8,12.83,30924
2026-07-15,14:00:00,12.81,12.82,12.71,12.8,63594
2026-07-15,14:30:00,12.78,12.79,12.75,12.79,42060
2026-07-15,15:00:00,12.75,12.75,12.75,12.75,9764
2026-07-16,10:00:00,12.73,12.88,12.72,12.88,51859
2026-07-16,10:30:00,12.89,12.94,12.85,12.85,47689
2026-07-16,11:00:00,12.88,12.91,12.85,12.9,10587
2026-07-16,11:30:00,12.9,13.1,12.89,13.01,124333
2026-07-16,12:00:00,13.01,13.1,12.95,13.0,73968
2026-07-16,12:30:00,13.0,13.01,12.89,12.91,34867
2026-07-16,13:00:00,12.89,12.93,12.87,12.93,32153
2026-07-16,13:30:00,12.9,12.96,12.9,12.96,26649
2026-07-16,14:00:00,12.96,13.02,12.92,12.94,63823
2026-07-16,14:30:00,12.94,12.97,12.9,12.95,50130
2026-07-16,15:00:00,12.85,12.85,12.85,12.85,22707
2026-07-19,10:00:00,12.9,12.94,12.66,12.68,79161
2026-07-19,10:30:00,12.69,12.73,12.66,12.71,19610
2026-07-19,11:00:00,12.7,12.8,12.65,12.79,32591
2026-07-19,11:30:00,12.78,12.82,12.76,12.78,20510
2026-07-19,12:00:00,12.75,12.78,12.7,12.76,14167
2026-07-19,12:30:00,12.75,12.78,12.73,12.75,7811
2026-07-19,13:00:00,12.75,12.75,12.73,12.73,24262
2026-07-19,13:30:00,12.73,12.77,12.73,12.76,6686
2026-07-19,14:00:00,12.76,12.77,12.73,12.75,11883
2026-07-19,14:30:00,12.76,12.79,12.74,12.79,19817
2026-07-19,15:00:00,12.78,12.78,12.78,12.78,5272
2026-07-20,10:00:00,12.78,12.78,12.71,12.73,14295
2026-07-20,10:30:00,12.74,12.78,12.73,12.73,21591
2026-07-20,11:00:00,12.73,12.88,12.73,12.81,11524
2026-07-20,11:30:00,12.81,12.88,12.76,12.85,20414
2026-07-20,12:00:00,12.84,12.88,12.71,12.71,35378
2026-07-20,12:30:00,12.72,12.77,12.7,12.71,6355
2026-07-20,13:00:00,12.72,12.72,12.7,12.72,14391
2026-07-20,13:30:00,12.72,12.74,12.67,12.7,27009
2026-07-20,14:00:00,12.68,12.72,12.67,12.69,21527
2026-07-20,14:30:00,12.68,12.72,12.63,12.67,46597
2026-07-20,15:00:00,12.64,12.64,12.64,12.64,11371
2026-07-21,10:00:00,12.64,12.75,12.55,12.57,79300
2026-07-21,10:30:00,12.58,12.6,12.54,12.58,86748
2026-07-21,11:00:00,12.58,12.65,12.58,12.61,28327
2026-07-21,11:30:00,12.62,12.65,12.5,12.55,69350
2026-07-21,12:00:00,12.55,12.7,12.45,12.55,109417
2026-07-21,12:30:00,12.55,12.55,12.48,12.51,30487
2026-07-21,13:00:00,12.49,12.62,12.49,12.56,27314
2026-07-21,13:30:00,12.59,12.59,12.45,12.48,34400
2026-07-21,14:00:00,12.49,12.5,12.41,12.44,62132
2026-07-21,14:30:00,12.45,12.48,12.44,12.45,30048
2026-07-21,15:00:00,12.42,12.42,12.42,12.42,13984
2026-07-22,10:00:00,12.44,12.55,12.43,12.5,80358
2026-07-22,10:30:00,12.5,12.54,12.45,12.47,20115
2026-07-22,11:00:00,12.47,12.53,12.46,12.47,35932
2026-07-22,11:30:00,12.5,12.5,12.43,12.48,50584
2026-07-22,12:00:00,12.46,12.48,12.45,12.45,27530
2026-07-22,12:30:00,12.45,12.46,12.37,12.4,62738
2026-07-22,13:00:00,12.4,12.42,12.39,12.42,4466
2026-07-22,13:30:00,12.42,12.42,12.4,12.4,8195
2026-07-22,14:00:00,12.4,12.48,12.35,12.48,21630
2026-07-22,14:30:00,12.46,12.49,12.45,12.46,18893
2026-07-22,15:00:00,12.45,12.45,12.45,12.45,19868
2026-07-23,10:00:00,12.45,12.45,12.35,12.4,40742
2026-07-23,10:30:00,12.4,12.41,12.38,12.39,13459
2026-07-23,11:00:00,12.4,12.41,12.38,12.4,3626
2026-07-23,11:30:00,12.41,12.53,12.4,12.4,68277
2026-07-23,12:00:00,12.42,12.44,12.41,12.43,15653
2026-07-23,12:30:00,12.43,12.43,12.4,12.42,6296
2026-07-23,13:00:00,12.43,12.44,12.41,12.44,21749
2026-07-23,13:30:00,12.42,12.45,12.41,12.45,12003
2026-07-23,14:00:00,12.44,12.47,12.39,12.42,35670
2026-07-23,14:30:00,12.42,12.44,12.4,12.43,30959
2026-07-23,15:00:00,12.4,12.4,12.4,12.4,26080
2026-07-26,10:00:00,12.4,12.45,12.35,12.39,36682
2026-07-26,10:30:00,12.4,12.4,12.35,12.38,7936
2026-07-26,11:00:00,12.37,12.38,12.35,12.35,14246
2026-07-26,11:30:00,12.36,12.37,12.34,12.35,3708
2026-07-26,12:00:00,12.36,12.4,12.36,12.37,6030
2026-07-26,12:30:00,12.38,12.42,12.37,12.41,10036
2026-07-26,13:00:00,12.42,12.44,12.41,12.42,4437
2026-07-26,13:30:00,12.42,12.43,12.4,12.4,11786
2026-07-26,14:00:00,12.4,12.44,12.37,12.37,4959
2026-07-26,14:30:00,12.39,12.44,12.37,12.44,8161
2026-07-27,10:15:00,12.53,12.6,12.38,12.45,88671
2026-07-27,10:45:00,12.44,12.45,12.39,12.41,18668
2026-07-27,11:15:00,12.41,12.41,12.35,12.39,44706
2026-07-27,11:45:00,12.38,12.39,12.34,12.35,11580
2026-07-27,12:15:00,12.35,12.36,12.33,12.34,12395
2026-07-27,12:45:00,12.35,12.39,12.34,12.36,6747
2026-07-27,13:15:00,12.36,12.45,12.35,12.43,29477
2026-07-27,13:45:00,12.43,12.5,12.4,12.49,38563
2026-07-27,14:15:00,12.49,12.49,12.39,12.44,34939
2026-07-27,14:45:00,12.43,12.44,12.34,12.34,47372
2026-07-28,10:15:00,11.6,11.66,11.34,11.37,316015
2026-07-28,10:45:00,11.37,11.43,11.33,11.43,129821
2026-07-28,11:15:00,11.42,11.5,11.2,11.48,195277
2026-07-28,11:45:00,11.46,11.52,11.35,11.5,112988
2026-07-28,12:15:00,11.51,11.52,11.44,11.46,29931
2026-07-28,12:45:00,11.46,11.48,11.4,11.45,49771
2026-07-28,13:15:00,11.44,11.45,11.3,11.32,101326
2026-07-28,13:45:00,11.34,11.41,11.3,11.41,113175
2026-07-28,14:15:00,11.41,11.42,11.34,11.36,76879
2026-07-28,14:45:00,11.39,11.4,11.3,11.3,48441
2026-07-29,10:15:00,11.07,11.1,10.88,10.94,216710
2026-07-29,10:45:00,10.95,11.05,10.9,11.0,129659
2026-07-29,11:15:00,11.01,11.01,10.88,10.94,77199
2026-07-29,11:45:00,10.93,11.11,10.91,11.09,77595
2026-07-29,12:15:00,11.1,11.12,11.04,11.06,38642
2026-07-29,12:45:00,11.05,11.16,11.03,11.15,85850
2026-07-29,13:15:00,11.15,11.2,11.09,11.14,70184
2026-07-29,13:45:00,11.12,11.17,11.08,11.13,22096
2026-07-29,14:15:00,11.11,11.14,10.95,11.03,83490
2026-07-29,14:45:00,11.04,11.13,11.03,11.09,47171
2026-07-30,10:15:00,11.15,11.26,11.11,11.16,82173
2026-07-30,10:45:00,11.17,11.18,11.08,11.12,39800
2026-07-30,11:15:00,11.12,11.12,11.04,11.07,22221
2026-07-30,11:45:00,11.08,11.09,11.02,11.03,19900
2026-07-30,12:15:00,11.02,11.08,11.01,11.04,36932
2026-07-30,12:45:00,11.07,11.1,11.03,11.07,24432
2026-07-30,13:15:00,11.06,11.18,11.05,11.15,42604
2026-07-30,13:45:00,11.15,11.15,11.06,11.11,19073
2026-07-30,14:15:00,11.11,11.14,11.08,11.1,27800
2026-07-30,14:45:00,11.11,11.11,11.04,11.04,52129
2026-08-02,10:15:00,10.98,11.15,10.95,11.14,71211
2026-08-02,10:45:00,11.15,11.19,11.1,11.16,36193
2026-08-02,11:15:00,11.13,11.19,11.12,11.16,12803
2026-08-02,11:45:00,11.16,11.24,11.15,11.22,44881
2026-08-02,12:15:00,11.19,11.21,11.15,11.19,9400
2026-08-02,12:45:00,11.18,11.2,11.17,11.19,15633
2026-08-02,13:15:00,11.19,11.21,11.17,11.21,19997
2026-08-02,13:45:00,11.2,11.22,11.16,11.18,50126
2026-08-02,14:15:00,11.18,11.2,11.15,11.15,10125
2026-08-02,14:45:00,11.15,11.17,11.13,11.15,21578
2026-08-03,10:15:00,11.22,11.33,11.22,11.28,72038
2026-08-03,10:45:00,11.28,11.32,11.27,11.31,18996
2026-08-03,11:15:00,11.31,11.34,11.3,11.33,16620
2026-08-03,11:45:00,11.33,11.39,11.32,11.33,39680
2026-08-03,12:15:00,11.33,11.4,11.33,11.37,13964
2026-08-03,12:45:00,11.36,11.4,11.34,11.4,24137
2026-08-03,13:15:00,11.39,11.43,11.38,11.41,29328
2026-08-03,13:45:00,11.41,11.52,11.39,11.52,88617
2026-08-03,14:15:00,11.52,11.55,11.46,11.48,52484
2026-08-03,14:45:00,11.5,11.5,11.44,11.5,20717
2026-08-04,10:15:00,11.51,11.62,11.48,11.6,26382
2026-08-04,10:45:00,11.59,11.63,11.55,11.56,25705
2026-08-04,11:15:00,11.57,11.68,11.5,11.64,79420
2026-08-04,11:45:00,11.62,11.65,11.59,11.62,26249
2026-08-04,12:15:00,11.62,11.68,11.57,11.67,34587
2026-08-04,12:45:00,11.67,11.7,11.63,11.66,35106
2026-08-04,13:15:00,11.64,11.72,11.62,11.72,51174
2026-08-04,13:45:00,11.71,11.8,11.69,11.8,45865
2026-08-04,14:15:00,11.8,11.8,11.71,11.74,35784
2026-08-04,14:45:00,11.73,11.76,11.7,11.7,34076
2026-08-05,10:15:00,11.72,11.75,11.7,11.72,48239
2026-08-05,10:45:00,11.71,11.8,11.71,11.79,18984
2026-08-05,11:15:00,11.78,11.79,11.74,11.75,20666
2026-08-05,11:45:00,11.76,11.79,11.73,11.73,18612
2026-08-05,12:15:00,11.75,11.8,11.71,11.72,41315
2026-08-05,12:45:00,11.74,11.78,11.72,11.78,14549
2026-08-05,13:15:00,11.76,11.76,11.73,11.73,9264
2026-08-05,13:45:00,11.74,11.74,11.71,11.73,14814
2026-08-05,14:15:00,11.73,11.74,11.71,11.73,9901
2026-08-05,14:45:00,11.72,11.73,11.7,11.7,21644
2026-08-06,10:00:00,11.67,11.75,11.64,11.67,40204
2026-08-06,10:30:00,11.66,11.66,11.59,11.6,42900
2026-08-06,11:00:00,11.62,11.65,11.6,11.62,47777
2026-08-06,11:30:00,11.62,11.65,11.61,11.62,11032
2026-08-06,12:00:00,11.6,11.61,11.59,11.61,3595
2026-08-06,12:30:00,11.6,11.64,11.6,11.64,9919
2026-08-06,13:00:00,11.64,11.65,11.62,11.62,12265
2026-08-06,13:30:00,11.62,11.66,11.59,11.66,38413
2026-08-06,14:00:00,11.65,11.68,11.63,11.65,27865
2026-08-06,14:30:00,11.65,11.67,11.62,11.64,7831
2026-08-09,10:15:00,11.57,11.65,11.57,11.59,45373
2026-08-09,10:45:00,11.6,11.6,11.52,11.52,10953
2026-08-09,11:15:00,11.52,11.57,11.51,11.52,13709
2026-08-09,11:45:00,11.53,11.56,11.53,11.54,5663
2026-08-09,12:15:00,11.55,11.57,11.55,11.57,5462
2026-08-09,12:45:00,11.55,11.55,11.5,11.52,26316
2026-08-09,13:15:00,11.51,11.53,11.48,11.49,33433
2026-08-09,13:45:00,11.48,11.52,11.46,11.49,6133
2026-08-09,14:15:00,11.49,11.53,11.47,11.48,33961
2026-08-09,14:45:00,11.48,11.48,11.4,11.4,26100
2026-08-10,10:15:00,11.26,11.5,11.25,11.4,63088
2026-08-10,10:45:00,11.4,11.49,11.3,11.42,101009
2026-08-10,11:15:00,11.42,11.43,11.35,11.4,20878
2026-08-10,11:45:00,11.39,11.45,11.39,11.44,21255
2026-08-10,12:15:00,11.43,11.45,11.41,11.44,17224
2026-08-10,12:45:00,11.44,11.46,11.43,11.44,16150
2026-08-10,13:15:00,11.45,11.49,11.43,11.47,23089
2026-08-10,13:45:00,11.47,11.56,11.47,11.48,46683
2026-08-10,14:15:00,11.48,11.63,11.47,11.53,32356
2026-08-10,14:45:00,11.52,11.56,11.5,11.55,15797
2026-08-11,10:15:00,11.44,11.44,11.34,11.4,45875
2026-08-11,10:45:00,11.4,11.44,11.39,11.44,15282
2026-08-11,11:15:00,11.45,11.45,11.4,11.42,39959
2026-08-11,11:45:00,11.43,11.53,11.41,11.52,21333
2026-08-11,12:15:00,11.51,11.54,11.5,11.5,5995
2026-08-11,12:45:00,11.51,11.53,11.5,11.5,14429
2026-08-11,13:15:00,11.51,11.55,11.5,11.54,23433
2026-08-11,13:45:00,11.51,11.53,11.45,11.47,19079
2026-08-11,14:15:00,11.47,11.5,11.37,11.38,87400
2026-08-11,14:45:00,11.38,11.38,11.34,11.36,35740
2026-08-12,10:00:00,11.41,11.44,11.38,11.44,7286
2026-08-12,10:30:00,11.42,11.45,11.41,11.45,4960
2026-08-12,11:00:00,11.45,11.46,11.41,11.41,7403
2026-08-12,11:30:00,11.41,11.44,11.41,11.43,17361
2026-08-12,12:00:00,11.42,11.42,11.39,11.4,11794
2026-08-12,12:30:00,11.41,11.44,11.39,11.44,21624
2026-08-12,13:00:00,11.42,11.45,11.41,11.44,19760
2026-08-12,13:30:00,11.44,11.45,11.4,11.43,20386
2026-08-12,14:00:00,11.41,11.42,11.4,11.42,15202
2026-08-12,14:30:00,11.42,11.42,11.4,11.4,13992
2026-08-12,15:00:00,11.41,11.41,11.41,11.41,21060
2026-08-13,10:00:00,11.42,11.5,11.42,11.47,34076
2026-08-13,10:30:00,11.46,11.46,11.42,11.42,17778
2026-08-13,11:00:00,11.45,11.45,11.35,11.37,43752
2026-08-13,11:30:00,11.37,11.42,11.37,11.41,4983
2026-08-13,12:00:00,11.42,11.45,11.38,11.38,15904
2026-08-13,12:30:00,11.42,11.42,11.38,11.41,6337
2026-08-13,13:00:00,11.42,11.45,11.4,11.45,12201
2026-08-13,13:30:00,11.45,11.47,11.42,11.47,40321
2026-08-13,14:00:00,11.47,11.59,11.47,11.54,99554
2026-08-13,14:30:00,11.53,11.57,11.46,11.54,56666
2026-08-13,15:00:00,11.47,11.47,11.47,11.47,1597
2026-08-16,10:00:00,11.55,11.79,11.5,11.74,97584
2026-08-16,10:30:00,11.75,11.79,11.56,11.56,42440
2026-08-16,11:00:00,11.55,11.63,11.54,11.58,29030
2026-08-16,11:30:00,11.6,11.62,11.58,11.62,16261
2026-08-16,12:00:00,11.61,11.61,11.53,11.55,46724
2026-08-16,12:30:00,11.55,11.59,11.54,11.58,6598
2026-08-16,13:00:00,11.58,11.61,11.54,11.54,22817
2026-08-16,13:30:00,11.53,11.58,11.52,11.53,20575
2026-08-16,14:00:00,11.54,11.55,11.5,11.51,13793
2026-08-16,14:30:00,11.5,11.56,11.49,11.5,16638
2026-08-16,15:00:00,11.5,11.5,11.5,11.5,3984
2026-08-17,10:00:00,11.5,11.58,11.5,11.55,46134
2026-08-17,10:30:00,11.54,11.65,11.51,11.61,48949
2026-08-17,11:00:00,11.59,11.59,11.5,11.52,37691
2026-08-17,11:30:00,11.52,11.52,11.46,11.5,36179
2026-08-17,12:00:00,11.5,11.5,11.46,11.5,28320
2026-08-17,12:30:00,11.48,11.51,11.46,11.46,19938
2026-08-17,13:00:00,11.47,11.51,11.44,11.47,25585
2026-08-17,13:30:00,11.47,11.54,11.46,11.53,14173
2026-08-17,14:00:00,11.53,11.56,11.5,11.52,36259
2026-08-17,14:30:00,11.54,11.54,11.46,11.46,5821
2026-08-18,10:15:00,11.75,11.85,11.7,11.75,46807
2026-08-18,10:45:00,11.76,11.8,11.65,11.72,125395
2026-08-18,11:15:00,11.71,11.74,11.65,11.69,76934
2026-08-18,11:45:00,11.7,11.88,11.66,11.79,136298
2026-08-18,12:15:00,11.79,11.87,11.77,11.87,36474
2026-08-18,12:45:00,11.86,12.0,11.84,11.97,195324
2026-08-18,13:15:00,11.98,12.0,11.86,11.94,94323
2026-08-18,13:45:00,11.92,11.93,11.75,11.88,98851
2026-08-18,14:15:00,11.88,11.88,11.8,11.81,58210
2026-08-18,14:45:00,11.82,11.85,11.75,11.75,90131
2026-08-19,10:45:00,11.75,11.8,11.7,11.74,57883
2026-08-19,11:15:00,11.74,11.76,11.65,11.66,42154
2026-08-19,11:45:00,11.65,11.68,11.61,11.64,42993
2026-08-19,12:15:00,11.64,11.8,11.61,11.76,78799
2026-08-19,12:45:00,11.76,12.0,11.69,11.88,203286
2026-08-19,13:15:00,11.87,12.0,11.86,11.91,199054
2026-08-19,13:45:00,11.9,11.92,11.73,11.75,114285
2026-08-19,14:15:00,11.76,11.79,11.74,11.76,47663
2026-08-19,14:45:00,11.77,11.79,11.73,11.73,28000
2026-08-20,10:15:00,11.85,11.85,11.76,11.79,54665
2026-08-20,10:45:00,11.79,11.83,11.79,11.82,49266
2026-08-20,11:15:00,11.81,11.82,11.77,11.81,30256
2026-08-20,11:45:00,11.82,11.82,11.76,11.77,32333
2026-08-20,12:15:00,11.77,11.82,11.75,11.82,21149
2026-08-20,12:45:00,11.81,11.81,11.78,11.78,4837
2026-08-20,13:15:00,11.79,11.85,11.78,11.8,11060
2026-08-20,13:45:00,11.81,11.82,11.78,11.8,28492
2026-08-20,14:15:00,11.79,11.81,11.78,11.78,29514
2026-08-20,14:45:00,11.79,11.85,11.78,11.8,57370
2026-08-23,10:15:00,12.03,12.15,11.95,12.14,194823
2026-08-23,10:45:00,12.15,12.22,12.03,12.08,144806
2026-08-23,11:15:00,12.08,12.12,12.02,12.05,34641
2026-08-23,11:45:00,12.07,12.12,12.04,12.04,40348
2026-08-23,12:15:00,12.05,12.12,12.03,12.08,80484
2026-08-23,12:45:00,12.09,12.3,12.05,12.18,338967
2026-08-23,13:15:00,12.18,12.2,12.09,12.14,157808
2026-08-23,13:45:00,12.14,12.14,12.03,12.09,79510
2026-08-23,14:15:00,12.09,12.09,11.96,12.08,118655
2026-08-23,14:45:00,12.06,12.18,12.04,12.18,43661
2026-08-24,10:15:00,12.16,12.18,12.13,12.14,35560
2026-08-24,10:45:00,12.16,12.16,12.1,12.1,54271
2026-08-24,11:15:00,12.14,12.18,12.1,12.11,57559
2026-08-24,11:45:00,12.11,12.17,12.11,12.14,17439
2026-08-24,12:15:00,12.13,12.14,12.09,12.13,21833
2026-08-24,12:45:00,12.13,12.13,12.06,12.09,55970
2026-08-24,13:15:00,12.09,12.12,12.07,12.12,44843
2026-08-24,13:45:00,12.1,12.14,12.09,12.09,33113
2026-08-24,14:15:00,12.09,12.09,12.02,12.06,32347
2026-08-24,14:45:00,12.07,12.12,12.06,12.06,32581
2026-08-25,10:15:00,12.08,12.08,11.98,12.03,53656
2026-08-25,10:45:00,12.04,12.16,12.03,12.13,38197
2026-08-25,11:15:00,12.13,12.13,12.06,12.07,25120
2026-08-25,11:45:00,12.07,12.11,12.06,12.11,10640
2026-08-25,12:15:00,12.1,12.11,12.08,12.08,3854
2026-08-25,12:45:00,12.1,12.12,12.07,12.08,12988
2026-08-25,13:15:00,12.08,12.08,12.01,12.01,51070
2026-08-25,13:45:00,12.02,12.09,12.01,12.05,53716
2026-08-25,14:15:00,12.07,12.08,12.02,12.02,15690
2026-08-25,14:45:00,12.03,12.08,12.02,12.02,10236
2026-08-26,10:15:00,12.05,12.05,11.96,12.0,86816
2026-08-26,10:45:00,12.01,12.05,12.0,12.04,66220
2026-08-26,11:15:00,12.05,12.08,12.04,12.07,7832
2026-08-26,11:45:00,12.07,12.1,12.07,12.08,11388
2026-08-26,12:15:00,12.08,12.14,12.07,12.11,62416
2026-08-26,12:45:00,12.1,12.13,12.1,12.12,20759
2026-08-26,13:15:00,12.12,12.13,12.08,12.08,44958
2026-08-26,13:45:00,12.08,12.1,12.04,12.04,8876
2026-08-26,14:15:00,12.03,12.07,12.01,12.06,11085
2026-08-26,14:45:00,12.05,12.06,12.03,12.04,48002
2026-08-27,10:15:00,12.1,12.1,12.05,12.06,17159
2026-08-27,10:45:00,12.05,12.07,12.02,12.04,9258
2026-08-27,11:15:00,12.05,12.08,12.04,12.07,16746
2026-08-27,11:45:00,12.08,12.51,12.08,12.28,772557
2026-08-27,12:15:00,12.28,12.54,12.26,12.4,424532
2026-08-27,12:45:00,12.41,13.01,12.38,13.01,684685
2026-08-27,13:15:00,13.02,13.24,12.72,13.0,1441629
2026-08-27,13:45:00,13.0,13.17,12.97,13.12,288357
2026-08-27,14:15:00,13.11,13.13,12.76,12.76,423374
2026-08-27,14:45:00,12.77,12.82,12.6,12.69,369699
2026-08-30,10:15:00,12.93,12.98,12.56,12.66,390835
2026-08-30,10:45:00,12.65,12.75,12.65,12.7,113664
2026-08-30,11:15:00,12.7,12.74,12.64,12.65,54222
2026-08-30,11:45:00,12.66,12.77,12.6,12.66,107517
2026-08-30,12:15:00,12.67,12.68,12.6,12.64,44105
2026-08-30,12:45:00,12.61,12.66,12.6,12.62,62970
2026-08-30,13:15:00,12.62,12.64,12.56,12.57,98499
2026-08-30,13:45:00,12.57,12.58,12.55,12.58,35318
2026-08-30,14:15:00,12.58,12.63,12.55,12.58,35148
2026-08-30,14:45:00,12.57,12.6,12.53,12.58,48400
2026-08-31,10:15:00,12.43,12.44,12.32,12.34,134581
2026-08-31,10:45:00,12.37,12.43,12.35,12.38,48971
2026-08-31,11:15:00,12.38,12.4,12.32,12.39,35106
2026-08-31,11:45:00,12.39,12.41,12.35,12.36,22531
2026-08-31,12:15:00,12.36,12.37,12.33,12.35,30907
2026-08-31,12:45:00,12.35,12.36,12.29,12.31,42198
2026-08-31,13:15:00,12.31,12.31,12.25,12.26,31490
2026-08-31,13:45:00,12.27,12.29,12.25,12.27,40025
2026-08-31,14:15:00,12.25,12.28,12.24,12.25,27440
2026-08-31,14:45:00,12.25,12.3,12.23,12.24,65246
2026-09-01,10:15:00,12.27,12.3,12.23,12.26,63713
2026-09-01,10:45:00,12.26,12.4,12.25,12.36,131865
2026-09-01,11:15:00,12.36,12.42,12.3,12.31,65309
2026-09-01,11:45:00,12.34,12.36,12.29,12.29,22802
2026-09-01,12:15:00,12.32,12.35,12.29,12.32,23384
2026-09-01,12:45:00,12.32,12.32,12.27,12.3,13425
2026-09-01,13:15:00,12.3,12.31,12.25,12.3,34723
2026-09-01,13:45:00,12.27,12.34,12.27,12.32,19619
2026-09-01,14:15:00,12.31,12.37,12.3,12.33,39934
2026-09-01,14:45:00,12.35,12.4,12.32,12.4,49432
2026-09-02,10:15:00,12.25,12.27,12.17,12.26,66336
2026-09-02,10:45:00,12.26,12.28,12.21,12.22,27534
2026-09-02,11:15:00,12.22,12.25,12.21,12.22,16591
2026-09-02,11:45:00,12.22,12.24,12.2,12.21,20402
2026-09-02,12:15:00,12.21,12.23,12.2,12.2,6164
2026-09-02,12:45:00,12.2,12.22,12.18,12.21,14171
2026-09-02,13:15:00,12.2,12.21,12.18,12.21,14213
2026-09-02,13:45:00,12.2,12.26,12.2,12.23,15863
2026-09-02,14:15:00,12.23,12.23,12.18,12.2,25520
2026-09-02,14:45:00,12.2,12.24,12.17,12.17,16685
2026-09-03,10:15:00,12.27,12.31,12.23,12.24,29403
2026-09-03,10:45:00,12.24,12.34,12.24,12.34,28089
2026-09-03,11:15:00,12.33,12.34,12.28,12.3,17270
2026-09-03,11:45:00,12.31,12.31,12.25,12.27,13573
2026-09-03,12:15:00,12.25,12.29,12.23,12.28,15977
2026-09-03,12:45:00,12.28,12.31,12.27,12.31,6715
2026-09-03,13:15:00,12.29,12.36,12.29,12.31,45273
2026-09-03,13:45:00,12.32,12.32,12.26,12.31,16963
2026-09-03,14:15:00,12.31,12.32,12.27,12.29,15355
2026-09-03,14:45:00,12.29,12.31,12.25,12.25,21569
2026-09-06,10:15:00,12.27,12.34,12.27,12.31,22354
2026-09-06,10:45:00,12.33,12.33,12.27,12.31,18414
2026-09-06,11:15:00,12.31,12.31,12.25,12.28,16405
2026-09-06,11:45:00,12.29,12.29,12.27,12.29,2101
2026-09-06,12:15:00,12.28,12.28,12.25,12.26,8450
2026-09-06,12:45:00,12.27,12.27,12.2,12.22,36064
2026-09-06,13:15:00,12.22,12.23,12.17,12.19,17120
2026-09-06,13:45:00,12.2,12.21,12.09,12.16,50715
2026-09-06,14:15:00,12.19,12.2,12.13,12.16,20900
2026-09-06,14:45:00,12.15,12.18,12.11,12.11,25628
2026-09-07,10:15:00,12.16,12.24,12.12,12.16,27209
2026-09-07,10:45:00,12.16,12.23,12.15,12.21,12634
2026-09-07,11:15:00,12.2,12.21,12.18,12.19,27460
2026-09-07,11:45:00,12.19,12.2,12.16,12.17,6669
2026-09-07,12:15:00,12.17,12.21,12.17,12.21,15874
2026-09-07,12:45:00,12.2,12.2,12.15,12.15,13339
2026-09-07,13:15:00,12.15,12.16,12.12,12.15,8468
2026-09-07,13:45:00,12.15,12.17,12.13,12.16,3640
2026-09-07,14:15:00,12.16,12.17,12.13,12.14,7210
2026-09-07,14:45:00,12.14,12.19,12.13,12.17,11205
2026-09-08,10:15:00,12.08,12.13,12.02,12.13,55870
2026-09-08,10:45:00,12.12,12.13,12.09,12.1,13980
2026-09-08,11:15:00,12.1,12.12,12.09,12.1,8286
2026-09-08,11:45:00,12.1,12.1,12.07,12.08,11278
2026-09-08,12:15:00,12.09,12.1,12.08,12.09,4503
2026-09-08,12:45:00,12.08,12.1,12.04,12.05,18944
2026-09-08,13:15:00,12.05,12.06,12.01,12.01,33914
2026-09-08,13:45:00,12.02,12.05,12.0,12.04,35258
2026-09-08,14:15:00,12.04,12.07,12.02,12.04,21928
2026-09-08,14:45:00,12.03,12.07,12.01,12.05,33951
2026-09-09,10:00:00,12.05,12.06,12.01,12.05,17263
2026-09-09,10:30:00,12.05,12.05,12.0,12.02,29207
2026-09-09,11:00:00,12.0,12.04,11.97,12.0,33663
2026-09-09,11:30:00,12.0,12.02,11.97,11.97,27916
2026-09-09,12:00:00,11.99,11.99,11.96,11.98,18600
2026-09-09,12:30:00,11.98,12.0,11.97,11.98,19864
2026-09-09,13:00:00,11.98,12.02,11.98,12.0,2730
2026-09-09,13:30:00,12.01,12.02,11.99,12.0,10904
2026-09-09,14:00:00,12.01,12.02,11.98,11.98,10928
2026-09-09,14:30:00,12.0,12.01,11.96,11.98,16220
2026-09-10,10:15:00,12.1,12.18,12.06,12.1,35437
2026-09-10,10:45:00,12.11,12.12,12.06,12.09,11550
2026-09-10,11:15:00,12.09,12.11,12.07,12.1,14753
2026-09-10,11:45:00,12.1,12.1,12.05,12.08,11540
2026-09-10,12:15:00,12.1,12.11,12.08,12.11,25919
2026-09-10,12:45:00,12.1,12.1,12.05,12.05,13404
2026-09-10,13:15:00,12.05,12.06,12.03,12.05,12917
2026-09-10,13:45:00,12.04,12.07,12.03,12.07,9235
2026-09-10,14:15:00,12.07,12.07,12.01,12.04,15075
2026-09-10,14:45:00,12.03,12.04,12.01,12.04,15956
2026-09-13,10:00:00,12.0,12.0,11.72,11.77,102389
2026-09-13,10:30:00,11.75,11.81,11.71,11.72,40899
2026-09-13,11:00:00,11.75,11.78,11.73,11.76,7712
2026-09-13,11:30:00,11.76,11.76,11.69,11.72,62114
2026-09-13,12:00:00,11.73,11.76,11.71,11.73,25028
2026-09-13,12:30:00,11.73,11.77,11.73,11.74,2137
2026-09-13,13:00:00,11.74,11.78,11.74,11.76,12376
2026-09-13,13:30:00,11.79,11.79,11.75,11.76,17528
2026-09-13,14:00:00,11.77,11.83,11.77,11.83,13335
2026-09-13,14:30:00,11.83,11.85,11.8,11.82,28050
2026-09-14,10:15:00,11.75,11.75,11.67,11.7,32107
2026-09-14,10:45:00,11.68,11.72,11.67,11.69,10192
2026-09-14,11:15:00,11.68,11.69,11.63,11.65,10284
2026-09-14,11:45:00,11.64,11.67,11.64,11.65,8567
2026-09-14,12:15:00,11.66,11.66,11.6,11.63,17308
2026-09-14,12:45:00,11.64,11.64,11.6,11.63,14817
2026-09-14,13:15:00,11.62,11.65,11.61,11.63,12662
2026-09-14,13:45:00,11.63,11.64,11.62,11.62,4505
2026-09-14,14:15:00,11.62,11.64,11.6,11.64,9888
2026-09-14,14:45:00,11.64,11.65,11.59,11.59,12366
2026-09-15,10:15:00,11.6,11.63,11.5,11.51,16160
2026-09-15,10:45:00,11.51,11.55,11.48,11.52,15142
2026-09-15,11:15:00,11.53,11.54,11.51,11.51,11454
2026-09-15,11:45:00,11.5,11.54,11.49,11.53,29032
2026-09-15,12:15:00,11.53,11.55,11.49,11.5,7862
2026-09-15,12:45:00,11.5,11.5,11.47,11.47,13633
2026-09-15,13:15:00,11.48,11.48,11.4,11.41,34875
2026-09-15,13:45:00,11.41,11.41,11.36,11.37,38125
2026-09-15,14:15:00,11.38,11.38,11.33,11.33,22465
2026-09-15,14:45:00,11.32,11.37,11.32,11.32,22628
2026-09-16,10:15:00,11.37,11.4,11.35,11.36,8823
2026-09-16,10:45:00,11.39,11.4,11.33,11.33,9767
2026-09-16,11:15:00,11.35,11.39,11.33,11.35,10542
2026-09-16,11:45:00,11.34,11.38,11.33,11.34,6742
2026-09-16,12:15:00,11.35,11.35,11.32,11.35,13264
2026-09-16,12:45:00,11.39,11.4,11.35,11.36,9723
2026-09-16,13:15:00,11.37,11.4,11.37,11.38,5191
2026-09-16,13:45:00,11.38,11.4,11.36,11.38,3999
2026-09-16,14:15:00,11.38,11.39,11.33,11.35,11268
2026-09-16,14:45:00,11.36,11.36,11.33,11.36,8454
2026-09-17,10:15:00,11.4,11.43,11.32,11.38,18556
2026-09-17,10:45:00,11.35,11.38,11.32,11.35,17088
2026-09-17,11:15:00,11.36,11.36,11.29,11.3,18286
2026-09-17,11:45:00,11.31,11.31,11.3,11.3,17327
2026-09-17,12:15:00,11.31,11.31,11.29,11.29,3615
2026-09-17,12:45:00,11.29,11.31,11.25,11.27,24095
2026-09-17,13:15:00,11.3,11.37,11.27,11.35,21628
2026-09-17,13:45:00,11.35,11.36,11.3,11.31,29801
2026-09-17,14:15:00,11.31,11.32,11.3,11.31,8106
2026-09-17,14:45:00,11.31,11.36,11.27,11.27,69931
2026-09-20,10:15:00,11.33,11.33,11.3,11.33,36216
2026-09-20,10:45:00,11.32,11.34,11.3,11.33,48156
2026-09-20,11:15:00,11.32,11.33,11.2,11.22,110738
2026-09-20,11:45:00,11.21,11.21,11.12,11.12,18691
2026-09-20,12:15:00,11.11,11.21,11.1,11.16,28902
2026-09-20,12:45:00,11.16,11.18,11.1,11.12,20812
2026-09-20,13:15:00,11.14,11.17,11.11,11.14,13776
2026-09-20,13:45:00,11.17,11.17,11.14,11.17,9128
2026-09-20,14:15:00,11.17,11.24,11.15,11.17,11839
2026-09-20,14:45:00,11.16,11.19,11.14,11.14,14011
2026-09-21,10:15:00,11.15,11.15,11.06,11.1,14557
2026-09-21,10:45:00,11.1,11.1,11.07,11.08,13118
2026-09-21,11:15:00,11.08,11.13,11.07,11.13,13352
2026-09-21,11:45:00,11.14,11.16,11.12,11.15,10560
2026-09-21,12:15:00,11.14,11.14,11.06,11.07,20037
2026-09-21,12:45:00,11.06,11.08,11.04,11.05,7453
2026-09-21,13:15:00,11.05,11.06,11.0,11.03,28306
2026-09-21,13:45:00,11.03,11.05,11.0,11.03,18558
2026-09-21,14:15:00,11.02,11.03,10.97,10.97,18722
2026-09-21,14:45:00,10.98,11.0,10.91,10.91,27590
