Date,Time,Open,High,Low,Close,Volume
2024-09-02,10:00:00,80.2,80.2,78.6,79.4,21406
2024-09-02,10:30:00,79.4,79.5,79.2,79.3,9312
2024-09-02,11:00:00,79.4,79.8,79.0,79.3,25414
2024-09-02,11:30:00,79.2,79.3,78.8,79.0,8284
2024-09-02,12:00:00,78.9,79.0,78.0,78.3,16753
2024-09-02,12:30:00,78.4,78.7,78.4,78.5,13968
2024-09-02,13:00:00,78.5,79.1,78.4,79.0,20431
2024-09-02,13:30:00,79.0,79.1,79.0,79.1,2626
2024-09-02,14:00:00,79.0,79.1,78.7,79.1,6635
2024-09-02,14:30:00,79.1,79.1,79.0,79.0,5016
2024-09-02,15:00:00,79.3,79.3,79.3,79.3,10971
2024-09-03,10:00:00,78.7,79.6,78.7,79.4,5391
2024-09-03,10:30:00,79.4,79.7,79.4,79.6,2401
2024-09-03,11:00:00,79.6,80.0,79.4,80.0,12989
2024-09-03,11:30:00,80.0,80.7,79.9,80.3,38481
2024-09-03,12:00:00,80.3,80.4,79.9,80.0,4078
2024-09-03,12:30:00,80.0,80.4,79.9,80.2,3422
2024-09-03,13:00:00,80.2,81.3,80.1,81.2,54680
2024-09-03,13:30:00,81.2,81.5,80.9,80.9,47093
2024-09-03,14:00:00,80.9,81.2,80.9,81.0,16206
2024-09-03,14:30:00,81.0,81.2,80.2,80.5,11891
2024-09-03,15:00:00,80.8,80.8,80.8,80.8,3963
2024-09-04,10:00:00,80.4,80.4,78.1,79.8,25102
2024-09-04,10:30:00,79.7,80.2,79.6,80.0,4133
2024-09-04,11:00:00,80.0,80.0,79.6,79.9,2526
2024-09-04,11:30:00,79.9,80.0,79.8,80.0,656
2024-09-04,12:00:00,80.0,80.0,79.5,79.7,4482
2024-09-04,12:30:00,79.7,79.9,79.1,79.1,7697
2024-09-04,13:00:00,79.1,79.2,78.8,78.8,22485
2024-09-04,13:30:00,79.0,79.0,78.6,78.9,7159
2024-09-04,14:00:00,78.9,79.1,78.8,79.1,1787
2024-09-04,14:30:00,79.1,79.1,78.7,79.0,7554
2024-09-05,10:15:00,79.1,79.2,78.8,78.9,3388
2024-09-05,10:45:00,78.8,79.0,78.5,78.7,5612
2024-09-05,11:15:00,78.7,78.8,78.5,78.6,3217
2024-09-05,11:45:00,78.6,78.7,78.5,78.6,6058
2024-09-05,12:15:00,78.5,78.8,78.4,78.5,4512
2024-09-05,12:45:00,78.7,78.9,78.5,78.9,6866
2024-09-05,13:15:00,78.8,79.0,78.7,78.7,2318
2024-09-05,13:45:00,78.7,79.0,78.6,78.6,8338
2024-09-05,14:15:00,78.6,78.8,78.3,78.4,6079
2024-09-05,14:45:00,78.4,78.6,78.3,78.5,2774
2024-09-08,10:15:00,78.6,78.6,78.0,78.6,5456
2024-09-08,10:45:00,78.6,78.9,77.8,77.8,6775
2024-09-08,11:15:00,78.4,78.4,77.9,78.1,6615
2024-09-08,11:45:00,78.1,78.2,78.0,78.0,2330
2024-09-08,12:15:00,78.0,78.0,77.6,77.7,3387
2024-09-08,12:45:00,77.6,77.8,77.6,77.7,2472
2024-09-08,13:15:00,77.7,78.0,77.6,78.0,3801
2024-09-08,13:45:00,78.0,78.2,78.0,78.0,1064
2024-09-08,14:15:00,78.0,78.2,77.6,78.1,4738
2024-09-08,14:45:00,78.1,78.2,77.4,78.2,2554
2024-09-09,10:00:00,78.0,78.1,77.3,77.8,8840
2024-09-09,10:30:00,77.7,77.7,77.0,77.0,10029
2024-09-09,11:00:00,77.1,77.1,76.9,77.0,3997
2024-09-09,11:30:00,77.0,77.0,76.7,76.8,4906
2024-09-09,12:00:00,76.7,77.0,76.7,76.9,1761
2024-09-09,12:30:00,76.8,77.1,76.8,77.0,1953
2024-09-09,13:00:00,77.0,77.2,77.0,77.0,4466
2024-09-09,13:30:00,77.1,77.1,76.7,76.8,10854
2024-09-09,14:00:00,76.7,76.9,76.3,76.9,10224
2024-09-09,14:30:00,76.9,77.0,76.8,76.8,1757
2024-09-10,10:15:00,77.3,77.3,76.9,77.1,9611
2024-09-10,10:45:00,77.3,77.4,77.1,77.2,9369
2024-09-10,11:15:00,77.3,77.7,77.2,77.2,2605
2024-09-10,11:45:00,77.2,77.2,76.8,77.1,4736
2024-09-10,12:15:00,77.0,77.1,76.9,76.9,2218
2024-09-10,12:45:00,77.1,77.2,76.9,77.1,1252
2024-09-10,13:15:00,77.1,77.4,77.0,77.2,3388
2024-09-10,13:45:00,77.4,77.6,77.2,77.5,3727
2024-09-10,14:15:00,77.5,77.5,77.3,77.5,1781
2024-09-10,14:45:00,77.5,77.6,77.2,77.2,1906
2024-09-11,10:00:00,77.2,77.2,76.9,77.2,3240
2024-09-11,10:30:00,77.1,77.4,77.1,77.3,4351
2024-09-11,11:00:00,77.3,77.4,77.0,77.1,7194
2024-09-11,11:30:00,77.1,77.3,77.1,77.2,1220
2024-09-11,12:00:00,77.1,77.2,76.8,76.9,4387
2024-09-11,12:30:00,76.9,76.9,76.5,76.5,1871
2024-09-11,13:00:00,76.6,76.6,76.0,76.4,6224
2024-09-11,13:30:00,76.5,76.6,76.3,76.4,2677
2024-09-11,14:00:00,76.4,76.6,76.1,76.1,2505
2024-09-11,14:30:00,76.1,76.2,75.0,75.4,23643
2024-09-11,15:00:00,75.4,75.4,75.4,75.4,323
2024-09-12,10:00:00,77.6,77.6,75.5,76.9,7193
2024-09-12,10:30:00,76.9,77.1,76.7,76.9,2643
2024-09-12,11:00:00,76.9,77.1,76.7,76.9,4026
2024-09-12,11:30:00,76.8,77.0,76.5,76.9,4867
2024-09-12,12:00:00,76.9,76.9,76.8,76.9,1771
2024-09-12,12:30:00,76.9,77.1,76.7,77.1,4014
2024-09-12,13:00:00,77.1,77.6,77.0,77.5,14279
2024-09-12,13:30:00,77.5,77.6,77.1,77.3,2558
2024-09-12,14:00:00,77.2,77.9,77.1,77.3,12397
2024-09-12,14:30:00,77.2,77.3,76.8,77.3,6386
2024-09-12,15:00:00,77.3,77.3,77.3,77.3,2434
2024-09-15,10:00:00,77.3,77.7,76.6,77.2,6588
2024-09-15,10:30:00,77.2,77.3,76.9,77.1,2843
2024-09-15,11:00:00,77.0,77.2,76.8,76.9,5375
2024-09-15,11:30:00,77.1,77.1,76.9,77.0,363
2024-09-15,12:00:00,77.1,77.3,76.6,76.9,7054
2024-09-15,12:30:00,76.9,77.1,76.5,77.0,9792
2024-09-15,13:00:00,77.0,77.0,76.0,76.8,11826
2024-09-15,13:30:00,76.8,76.8,76.4,76.4,2709
2024-09-15,14:00:00,76.3,76.7,76.2,76.6,3679
2024-09-15,14:30:00,76.6,76.7,76.4,76.4,4126
2024-09-15,15:00:00,76.0,76.0,76.0,76.0,2991
2024-09-16,10:00:00,76.6,76.6,75.9,76.1,2618
2024-09-16,10:30:00,76.1,76.3,75.8,75.8,4199
2024-09-16,11:00:00,75.8,75.9,75.7,75.8,7481
2024-09-16,11:30:00,75.9,75.9,75.7,75.8,1138
2024-09-16,12:00:00,75.8,76.0,75.7,76.0,3048
2024-09-16,12:30:00,75.8,75.9,75.6,75.8,2491
2024-09-16,13:00:00,75.6,75.7,75.6,75.7,821
2024-09-16,13:30:00,75.7,75.7,75.4,75.7,2717
2024-09-16,14:00:00,75.8,75.8,75.6,75.7,796
2024-09-16,14:30:00,75.8,75.8,75.3,75.3,2783
2024-09-16,15:00:00,76.0,76.0,76.0,76.0,1338
2024-09-17,10:00:00,76.0,76.0,75.0,75.2,8233
2024-09-17,10:30:00,75.2,75.4,75.2,75.3,1224
2024-09-17,11:00:00,75.2,75.4,75.2,75.4,1851
2024-09-17,11:30:00,75.4,75.6,75.4,75.6,1648
2024-09-17,12:00:00,75.6,75.8,75.6,75.6,1219
2024-09-17,12:30:00,75.6,75.6,75.4,75.5,902
2024-09-17,13:00:00,75.5,75.7,75.5,75.6,693
2024-09-17,13:30:00,75.5,75.8,75.4,75.7,4168
2024-09-17,14:00:00,75.8,75.8,75.5,75.7,3541
2024-09-17,14:30:00,75.6,75.9,75.5,75.8,5446
2024-09-17,15:00:00,76.5,76.5,76.5,76.5,7073
2024-09-18,10:00:00,76.6,76.6,75.9,76.0,3642
2024-09-18,10:30:00,76.1,76.2,75.7,76.0,5099
2024-09-18,11:00:00,75.9,76.1,75.9,76.1,819
2024-09-18,11:30:00,76.0,76.1,76.0,76.1,808
2024-09-18,12:00:00,76.0,76.1,76.0,76.1,505
2024-09-18,12:30:00,76.0,76.4,76.0,76.2,6175
2024-09-18,13:00:00,76.3,76.4,76.1,76.3,2194
2024-09-18,13:30:00,76.2,76.2,76.1,76.1,228
2024-09-18,14:00:00,76.2,76.2,76.1,76.1,965
2024-09-18,14:30:00,76.2,76.3,76.0,76.0,1542
2024-09-18,15:00:00,76.0,76.0,76.0,76.0,1058
2024-09-19,10:00:00,76.0,77.0,76.0,76.7,10289
2024-09-19,10:30:00,76.4,76.6,76.3,76.3,359
2024-09-19,11:00:00,76.4,76.6,76.4,76.6,1340
2024-09-19,11:30:00,76.6,76.6,76.4,76.6,1527
2024-09-19,12:00:00,76.6,76.6,76.4,76.5,265
2024-09-19,12:30:00,76.4,76.5,76.2,76.2,2723
2024-09-19,13:00:00,76.3,76.7,76.2,76.4,5456
2024-09-19,13:30:00,76.6,76.8,76.4,76.5,3866
2024-09-19,14:00:00,76.6,76.7,76.3,76.5,2225
2024-09-19,14:30:00,76.4,77.3,76.3,76.4,7672
2024-09-19,15:00:00,76.3,76.3,76.3,76.3,2481
2024-09-22,10:00:00,76.4,76.9,76.3,76.9,2198
2024-09-22,10:30:00,76.9,76.9,76.7,76.8,421
2024-09-22,11:00:00,76.9,76.9,76.7,76.8,1294
2024-09-22,11:30:00,76.8,76.8,76.6,76.6,999
2024-09-22,12:00:00,76.7,76.9,76.5,76.5,1477
2024-09-22,12:30:00,76.5,77.1,76.5,77.1,6068
2024-09-22,13:00:00,77.0,77.1,76.7,76.9,2748
2024-09-22,13:30:00,77.0,77.4,77.0,77.2,5203
2024-09-22,14:00:00,77.3,77.4,77.1,77.2,1507
2024-09-22,14:30:00,77.2,77.4,77.1,77.1,4762
2024-09-22,15:00:00,77.7,77.7,77.7,77.7,3227
2024-09-24,10:00:00,77.1,77.8,76.9,77.8,7030
2024-09-24,10:30:00,77.9,77.9,77.5,77.7,4409
2024-09-24,11:00:00,77.7,78.4,77.7,77.8,15701
2024-09-24,11:30:00,77.8,78.0,77.7,78.0,2472
2024-09-24,12:00:00,77.9,78.1,77.8,77.8,2152
2024-09-24,12:30:00,77.8,78.3,77.8,78.1,7907
2024-09-24,13:00:00,78.1,78.3,78.0,78.2,3722
2024-09-24,13:30:00,78.1,78.3,78.0,78.0,1992
2024-09-24,14:00:00,78.1,78.3,78.0,78.1,2584
2024-09-24,14:30:00,78.1,78.5,78.0,78.5,7307
2024-09-24,15:00:00,78.5,78.5,78.5,78.5,416
2024-09-25,10:00:00,78.9,79.1,78.3,78.4,22810
2024-09-25,10:30:00,78.4,78.8,78.3,78.7,7567
2024-09-25,11:00:00,78.7,79.3,78.7,79.1,16465
2024-09-25,11:30:00,79.2,79.3,78.9,79.1,6358
2024-09-25,12:00:00,79.2,79.3,78.7,78.8,10585
2024-09-25,12:30:00,78.8,79.1,78.8,79.0,664
2024-09-25,13:00:00,78.9,79.0,78.8,78.9,3729
2024-09-25,13:30:00,78.9,78.9,78.7,78.7,3114
2024-09-25,14:00:00,78.7,78.9,78.6,78.6,12061
2024-09-25,14:30:00,78.9,78.9,78.7,78.8,3021
2024-09-25,15:00:00,78.9,78.9,78.9,78.9,1201
2024-09-26,10:00:00,79.4,79.4,78.3,79.1,7617
2024-09-26,10:30:00,79.3,79.3,79.0,79.0,2210
2024-09-26,11:00:00,79.1,79.3,79.0,79.3,2145
2024-09-26,11:30:00,79.2,79.6,79.2,79.5,11563
2024-09-26,12:00:00,79.5,79.6,79.2,79.2,2673
2024-09-26,12:30:00,79.3,79.6,79.1,79.2,3822
2024-09-26,13:00:00,79.2,79.6,79.2,79.4,3800
2024-09-26,13:30:00,79.4,79.5,79.3,79.4,1040
2024-09-26,14:00:00,79.4,79.6,79.4,79.5,3397
2024-09-26,14:30:00,79.5,79.6,79.4,79.6,8021
2024-09-26,15:00:00,79.1,79.1,79.1,79.1,1188
2024-09-29,10:00:00,79.1,79.5,79.0,79.3,2445
2024-09-29,10:30:00,79.2,79.3,79.0,79.0,1973
2024-09-29,11:00:00,79.1,79.2,78.9,78.9,2551
2024-09-29,11:30:00,79.0,79.3,78.9,79.1,2815
2024-09-29,12:00:00,79.1,79.3,79.0,79.1,2506
2024-09-29,12:30:00,79.3,79.3,79.0,79.0,1684
2024-09-29,13:00:00,79.0,79.1,79.0,79.1,2217
2024-09-29,13:30:00,79.1,79.1,79.0,79.1,5755
2024-09-29,14:00:00,79.0,79.0,78.8,78.8,6423
2024-09-29,14:30:00,79.0,79.1,78.7,78.9,3388
2024-09-30,10:15:00,79.3,79.3,78.7,78.8,2782
2024-09-30,10:45:00,78.8,79.0,78.8,79.0,3029
2024-09-30,11:15:00,78.9,79.0,78.7,78.9,2450
2024-09-30,11:45:00,78.8,78.8,78.1,78.5,6979
2024-09-30,12:15:00,78.5,78.6,78.1,78.1,2439
2024-09-30,12:45:00,78.3,78.6,78.3,78.3,2919
2024-09-30,13:15:00,78.3,78.6,78.2,78.4,5557
2024-09-30,13:45:00,78.4,78.5,78.2,78.4,2281
2024-09-30,14:15:00,78.2,78.3,78.0,78.3,1066
2024-09-30,14:45:00,78.1,78.3,77.9,78.3,4804
2024-10-01,10:15:00,77.7,78.0,77.6,77.8,2549
2024-10-01,10:45:00,77.9,78.0,77.6,77.8,3727
2024-10-01,11:15:00,77.8,77.9,77.6,77.9,1144
2024-10-01,11:45:00,77.9,78.0,77.7,77.7,2025
2024-10-01,12:15:00,77.8,77.9,77.6,77.9,7723
2024-10-01,12:45:00,77.8,78.0,77.8,77.9,256
2024-10-01,13:15:00,77.9,78.0,77.8,78.0,1011
2024-10-01,13:45:00,78.0,78.1,77.8,77.8,2870
2024-10-01,14:15:00,77.9,77.9,77.7,77.7,1462
2024-10-01,14:45:00,77.6,77.8,77.5,77.8,2000
2024-10-02,10:15:00,77.4,77.4,76.4,76.4,4493
2024-10-02,10:45:00,76.3,76.8,76.1,76.3,7095
2024-10-02,11:15:00,76.2,76.7,75.9,76.7,5422
2024-10-02,11:45:00,76.5,76.6,76.3,76.5,1630
2024-10-02,12:15:00,76.5,76.6,76.4,76.6,712
2024-10-02,12:45:00,76.6,76.6,76.2,76.5,1751
2024-10-02,13:15:00,76.2,76.5,76.0,76.2,4645
2024-10-02,13:45:00,76.2,76.2,75.7,76.2,5119
2024-10-02,14:15:00,76.2,76.2,75.9,76.0,1487
2024-10-02,14:45:00,76.0,76.0,75.6,76.0,1121
2024-10-03,10:00:00,76.0,76.2,75.9,76.0,3056
2024-10-03,10:30:00,76.0,76.1,75.7,76.0,1618
2024-10-03,11:00:00,75.9,76.0,75.7,76.0,1179
2024-10-03,11:30:00,75.9,76.1,75.7,76.0,903
2024-10-03,12:00:00,76.1,76.4,76.0,76.4,443
2024-10-03,12:30:00,76.3,76.4,76.2,76.3,415
2024-10-03,13:00:00,76.3,76.3,75.8,75.8,2051
2024-10-03,13:30:00,76.0,76.0,75.6,75.7,2438
2024-10-03,14:00:00,75.8,75.8,74.8,75.1,8305
2024-10-03,14:30:00,75.1,75.5,75.0,75.0,3437
2024-10-03,15:00:00,75.4,75.4,75.4,75.4,1114
2024-10-06,10:00:00,75.5,75.5,73.5,74.8,3517
2024-10-06,10:30:00,74.7,75.2,74.3,75.2,1174
2024-10-06,11:00:00,75.0,75.3,74.8,75.3,1177
2024-10-06,11:30:00,75.3,75.4,75.0,75.1,1702
2024-10-06,12:00:00,75.4,75.4,75.3,75.4,612
2024-10-06,12:30:00,75.4,75.4,75.1,75.2,1046
2024-10-06,13:00:00,75.1,75.2,75.0,75.0,2067
2024-10-06,13:30:00,75.1,75.1,74.3,74.3,3251
2024-10-06,14:00:00,74.3,74.9,74.3,74.9,2212
2024-10-06,14:30:00,74.8,74.8,74.1,74.1,5232
2024-10-06,15:00:00,74.3,74.3,74.3,74.3,346
2024-10-07,10:00:00,74.0,75.2,73.7,73.8,4955
2024-10-07,10:30:00,73.9,74.8,73.9,74.8,7911
2024-10-07,11:00:00,74.7,75.1,74.7,74.8,2012
2024-10-07,11:30:00,74.8,74.8,74.4,74.7,2760
2024-10-07,12:00:00,74.7,75.0,74.7,75.0,12196
2024-10-07,12:30:00,75.1,75.2,75.0,75.2,1478
2024-10-07,13:00:00,75.1,75.5,75.0,75.4,4239
2024-10-07,13:30:00,75.4,75.5,75.3,75.3,2150
2024-10-07,14:00:00,75.3,75.4,75.1,75.1,1571
2024-10-07,14:30:00,75.4,75.4,74.9,75.1,4256
2024-10-08,10:15:00,75.6,76.1,74.9,75.2,4428
2024-10-08,10:45:00,74.9,76.0,74.9,75.8,7796
2024-10-08,11:15:00,75.7,76.3,75.7,75.9,5156
2024-10-08,11:45:00,75.9,75.9,75.7,75.8,2584
2024-10-08,12:15:00,76.0,76.1,75.9,76.0,3694
2024-10-08,12:45:00,76.2,76.3,75.0,75.6,12883
2024-10-08,13:15:00,75.7,76.1,75.5,76.1,2019
2024-10-08,13:45:00,76.0,76.7,76.0,76.7,8403
2024-10-08,14:15:00,76.7,76.8,75.9,76.4,5919
2024-10-08,14:45:00,76.4,76.9,76.1,76.9,7892
2024-10-09,10:00:00,76.8,76.9,76.5,76.5,504
2024-10-09,10:30:00,76.6,76.6,75.8,75.8,2033
2024-10-09,11:00:00,75.9,75.9,75.5,75.8,747
2024-10-09,11:30:00,75.8,75.8,75.6,75.7,371
2024-10-09,12:00:00,75.6,75.7,75.5,75.5,584
2024-10-09,12:30:00,75.6,75.6,75.0,75.1,1290
2024-10-09,13:00:00,75.2,75.2,74.8,75.0,3193
2024-10-09,13:30:00,75.1,75.3,75.0,75.0,479
2024-10-09,14:00:00,75.1,75.1,74.0,74.5,5475
2024-10-09,14:30:00,74.5,74.6,74.2,74.5,1919
2024-10-10,10:15:00,75.0,75.7,74.6,75.1,4880
2024-10-10,10:45:00,75.0,75.7,75.0,75.5,3214
2024-10-10,11:15:00,75.5,75.7,75.3,75.5,4873
2024-10-10,11:45:00,75.2,75.9,75.2,75.8,3677
2024-10-10,12:15:00,75.6,76.3,75.5,76.3,2827
2024-10-10,12:45:00,76.2,76.2,75.8,75.8,4041
2024-10-10,13:15:00,76.1,76.4,76.0,76.4,4559
2024-10-10,13:45:00,76.4,76.6,76.3,76.5,3070
2024-10-10,14:15:00,76.5,76.6,76.0,76.0,3657
2024-10-10,14:45:00,75.9,76.6,75.7,76.6,4725
2024-10-13,10:00:00,76.6,78.0,76.6,77.4,14029
2024-10-13,10:30:00,77.4,77.6,77.2,77.5,3945
2024-10-13,11:00:00,77.4,78.3,77.4,78.2,17855
2024-10-13,11:30:00,78.4,78.4,78.0,78.2,5786
2024-10-13,12:00:00,78.2,78.7,78.2,78.4,6623
2024-10-13,12:30:00,78.4,78.8,78.1,78.5,4328
2024-10-13,13:00:00,78.2,79.0,78.2,78.7,16727
2024-10-13,13:30:00,78.9,79.1,78.7,78.8,10288
2024-10-13,14:00:00,78.8,79.7,78.6,79.0,22711
2024-10-13,14:30:00,79.0,79.3,78.8,78.9,8363
2024-10-13,15:00:00,79.1,79.1,79.1,79.1,184
2024-10-14,10:00:00,79.8,79.8,78.0,78.0,16386
2024-10-14,10:30:00,78.1,79.1,78.0,79.0,8048
2024-10-14,11:00:00,78.8,78.8,78.0,78.5,6822
2024-10-14,11:30:00,78.5,79.2,78.5,79.2,12882
2024-10-14,12:00:00,79.0,79.5,78.0,79.2,19232
2024-10-14,12:30:00,79.3,80.4,79.3,79.9,36699
2024-10-14,13:00:00,79.8,80.2,79.8,79.9,8211
2024-10-14,13:30:00,79.9,80.0,79.3,80.0,14957
2024-10-14,14:00:00,80.0,80.2,79.6,80.1,7098
2024-10-14,14:30:00,79.7,80.1,79.5,79.9,8954
2024-10-14,15:00:00,79.9,79.9,79.9,79.9,1815
2024-10-15,10:00:00,80.4,80.4,79.6,80.2,12146
2024-10-15,10:30:00,79.8,80.9,79.8,80.7,30147
2024-10-15,11:00:00,80.8,81.2,80.7,81.0,25835
2024-10-15,11:30:00,81.0,81.2,80.7,80.8,7727
2024-10-15,12:00:00,80.8,81.2,80.7,81.2,9903
2024-10-15,12:30:00,80.8,81.5,80.8,81.4,29567
2024-10-15,13:00:00,81.2,82.0,81.2,81.9,35108
2024-10-15,13:30:00,81.9,84.5,81.8,84.1,137632
2024-10-15,14:00:00,84.2,84.2,82.4,82.6,63156
2024-10-15,14:30:00,82.5,82.9,81.2,82.0,32822
2024-10-16,10:15:00,81.2,81.5,80.7,81.5,29482
2024-10-16,10:45:00,81.5,81.6,81.0,81.1,9320
2024-10-16,11:15:00,81.1,81.4,80.9,81.0,9546
2024-10-16,11:45:00,81.2,81.4,81.0,81.0,9639
2024-10-16,12:15:00,81.0,81.1,80.7,80.7,40007
2024-10-16,12:45:00,80.8,80.9,80.4,80.7,23168
2024-10-16,13:15:00,80.8,81.0,80.7,80.9,8559
2024-10-16,13:45:00,80.9,81.1,80.7,81.0,4464
2024-10-16,14:15:00,80.9,80.9,80.8,80.9,2136
2024-10-16,14:45:00,81.0,81.0,80.1,80.1,23059
2024-10-17,10:15:00,80.7,81.1,80.5,81.0,8294
2024-10-17,10:45:00,81.1,81.6,80.7,81.2,13300
2024-10-17,11:15:00,81.5,81.5,80.8,80.9,4213
2024-10-17,11:45:00,80.8,81.0,80.4,80.8,18307
2024-10-17,12:15:00,80.8,81.0,80.7,80.7,5893
2024-10-17,12:45:00,80.7,80.7,80.2,80.4,10390
2024-10-17,13:15:00,80.2,80.6,79.9,80.3,5192
2024-10-17,13:45:00,80.4,80.6,80.1,80.1,3810
2024-10-17,14:15:00,80.1,80.4,79.3,79.5,8537
2024-10-17,14:45:00,79.5,79.7,79.1,79.7,5435
2024-10-20,10:15:00,80.5,80.5,79.4,79.7,7000
2024-10-20,10:45:00,79.7,79.8,79.5,79.5,4175
2024-10-20,11:15:00,79.6,79.7,79.3,79.5,7322
2024-10-20,11:45:00,79.5,79.5,79.3,79.4,1825
2024-10-20,12:15:00,79.4,79.8,79.4,79.7,4329
2024-10-20,12:45:00,79.7,80.0,79.7,79.8,4653
2024-10-20,13:15:00,79.7,79.9,79.5,79.9,7452
2024-10-20,13:45:00,79.7,80.5,79.6,80.4,5059
2024-10-20,14:15:00,80.4,80.5,80.0,80.1,2575
2024-10-20,14:45:00,80.3,80.3,79.8,80.3,11721
2024-10-21,10:00:00,80.3,80.6,80.0,80.2,6508
2024-10-21,10:30:00,80.3,80.6,79.5,80.4,6662
2024-10-21,11:00:00,80.4,80.4,79.9,80.0,3564
2024-10-21,11:30:00,80.0,80.0,79.7,79.7,2076
2024-10-21,12:00:00,79.9,80.2,79.7,80.0,4308
2024-10-21,12:30:00,80.1,80.3,79.8,79.8,2794
2024-10-21,13:00:00,79.8,80.1,79.8,80.0,2640
2024-10-21,13:30:00,80.0,80.3,80.0,80.3,2941
2024-10-21,14:00:00,80.4,81.0,80.2,80.5,17868
2024-10-21,14:30:00,80.5,80.8,80.4,80.7,2156
2024-10-21,15:00:00,80.6,80.6,80.6,80.6,6361
2024-10-22,10:00:00,80.9,80.9,80.0,80.1,4470
2024-10-22,10:30:00,80.2,80.2,79.9,80.1,5027
2024-10-22,11:00:00,80.0,80.3,80.0,80.3,1666
2024-10-22,11:30:00,80.3,80.3,79.7,79.7,6010
2024-10-22,12:00:00,79.7,80.0,79.6,79.7,1668
2024-10-22,12:30:00,79.9,80.0,79.7,80.0,694
2024-10-22,13:00:00,80.0,80.0,79.6,79.6,2250
2024-10-22,13:30:00,79.6,80.0,79.6,79.7,1709
2024-10-22,14:00:00,79.7,79.9,79.5,79.5,4284
2024-10-22,14:30:00,79.4,79.6,78.5,78.6,5397
2024-10-22,15:00:00,78.5,78.5,78.5,78.5,714
2024-10-23,10:00:00,78.5,78.6,78.1,78.2,5961
2024-10-23,10:30:00,78.4,78.8,78.3,78.3,1435
2024-10-23,11:00:00,78.3,78.3,78.0,78.0,3992
2024-10-23,11:30:00,78.1,78.1,77.6,78.1,1957
2024-10-23,12:00:00,77.7,77.7,77.5,77.7,2521
2024-10-23,12:30:00,77.7,77.7,77.5,77.7,1153
2024-10-23,13:00:00,77.8,78.0,77.7,77.7,1372
2024-10-23,13:30:00,77.7,78.0,77.7,78.0,970
2024-10-23,14:00:00,78.1,78.4,78.0,78.2,3013
2024-10-23,14:30:00,78.1,78.4,77.9,78.3,2028
2024-10-23,15:00:00,77.8,77.8,77.8,77.8,302
2024-10-24,10:00:00,77.8,78.2,77.7,78.0,2596
2024-10-24,10:30:00,78.1,79.1,78.1,78.7,10733
2024-10-24,11:00:00,78.6,78.7,78.4,78.6,3070
2024-10-24,11:30:00,78.6,78.7,78.2,78.2,2497
2024-10-24,12:00:00,78.2,78.5,78.2,78.4,1430
2024-10-24,12:30:00,78.3,78.3,78.0,78.1,2429
2024-10-24,13:00:00,78.0,78.1,77.8,78.0,3759
2024-10-24,13:30:00,78.0,78.2,77.9,78.0,545
2024-10-24,14:00:00,78.0,78.2,77.9,78.0,1356
2024-10-24,14:30:00,78.2,78.5,78.1,78.1,2377
2024-10-27,10:15:00,78.6,79.5,78.5,79.5,14257
2024-10-27,10:45:00,79.3,79.8,78.4,78.4,13287
2024-10-27,11:15:00,78.3,78.3,77.5,78.1,25215
2024-10-27,11:45:00,78.0,78.4,77.8,78.4,12287
2024-10-27,12:15:00,78.4,78.5,78.3,78.4,2103
2024-10-27,12:45:00,78.4,78.4,78.1,78.2,1292
2024-10-27,13:15:00,78.4,78.4,78.0,78.3,4290
2024-10-27,13:45:00,78.0,78.2,77.9,77.9,9496
2024-10-27,14:15:00,78.0,78.2,77.9,78.0,2141
2024-10-27,14:45:00,78.0,78.3,78.0,78.3,2125
2024-10-28,10:00:00,78.7,78.7,78.0,78.5,8629
2024-10-28,10:30:00,78.4,78.5,78.0,78.3,9325
2024-10-28,11:00:00,78.3,78.4,78.0,78.1,4767
2024-10-28,11:30:00,78.1,78.2,78.0,78.1,4401
2024-10-28,12:00:00,78.1,78.1,78.0,78.0,736
2024-10-28,12:30:00,78.1,78.2,78.0,78.2,1170
2024-10-28,13:00:00,78.2,78.3,78.0,78.2,2001
2024-10-28,13:30:00,78.2,78.4,78.0,78.0,5730
2024-10-28,14:00:00,78.1,78.2,78.0,78.2,1399
2024-10-28,14:30:00,78.1,78.2,77.9,78.0,4113
2024-10-28,15:00:00,78.3,78.3,78.3,78.3,665
2024-10-29,10:00:00,78.0,78.5,77.5,77.6,8026
2024-10-29,10:30:00,77.7,77.7,77.4,77.4,6131
2024-10-29,11:00:00,77.4,77.6,77.2,77.3,5212
2024-10-29,11:30:00,77.4,77.4,77.0,77.1,4849
2024-10-29,12:00:00,77.3,77.5,77.2,77.3,1119
2024-10-29,12:30:00,77.4,77.4,77.2,77.4,213
2024-10-29,13:00:00,77.4,77.6,77.3,77.3,1340
2024-10-29,13:30:00,77.3,77.4,77.2,77.3,578
2024-10-29,14:00:00,77.3,77.4,77.3,77.4,1301
2024-10-29,14:30:00,77.4,77.4,77.0,77.2,5873
2024-10-30,10:15:00,77.0,77.0,76.6,76.9,3588
2024-10-30,10:45:00,76.7,76.9,76.5,76.9,4427
2024-10-30,11:15:00,76.7,76.9,76.7,76.7,1107
2024-10-30,11:45:00,76.7,76.9,76.7,76.7,1742
2024-10-30,12:15:00,76.9,77.6,76.9,77.3,7840
2024-10-30,12:45:00,77.2,77.5,77.2,77.4,1417
2024-10-30,13:15:00,77.3,77.6,77.3,77.6,1050
2024-10-30,13:45:00,77.6,77.8,77.0,77.2,9367
2024-10-30,14:15:00,77.2,77.8,77.2,77.4,2002
2024-10-30,14:45:00,77.5,77.9,77.2,77.7,7734
2024-10-31,10:15:00,77.2,77.6,77.0,77.3,8104
2024-10-31,10:45:00,77.3,77.4,77.0,77.0,5506
2024-10-31,11:15:00,77.2,77.2,76.8,77.0,5338
2024-10-31,11:45:00,77.0,77.0,76.7,76.7,2800
2024-10-31,12:15:00,76.8,76.9,76.7,76.9,637
2024-10-31,12:45:00,76.9,76.9,76.7,76.8,2809
2024-10-31,13:15:00,76.9,77.0,76.8,76.9,3413
2024-10-31,13:45:00,77.0,77.0,76.9,76.9,1497
2024-10-31,14:15:00,76.9,77.2,76.9,77.0,831
2024-10-31,14:45:00,77.0,77.2,76.9,77.2,1407
2024-11-03,10:15:00,77.1,77.3,77.0,77.2,1463
2024-11-03,10:45:00,77.1,77.3,77.1,77.3,4972
2024-11-03,11:15:00,77.2,77.3,76.0,76.5,3637
2024-11-03,11:45:00,76.9,77.0,76.6,76.6,1687
2024-11-03,12:15:00,76.6,77.0,76.5,76.8,4410
2024-11-03,12:45:00,77.0,77.2,77.0,77.0,3125
2024-11-03,13:15:00,77.0,77.2,77.0,77.0,1269
2024-11-03,13:45:00,77.2,77.2,76.8,77.1,1754
2024-11-03,14:15:00,77.1,77.2,76.9,77.2,2051
2024-11-03,14:45:00,77.2,77.2,77.0,77.2,2816
2024-11-04,10:15:00,76.8,76.8,76.3,76.4,1689
2024-11-04,10:45:00,76.4,76.4,75.8,75.8,5285
2024-11-04,11:15:00,76.0,76.2,75.8,76.2,5019
2024-11-04,11:45:00,76.3,76.6,76.0,76.6,3170
2024-11-04,12:15:00,76.6,76.6,76.5,76.6,1464
2024-11-04,12:45:00,76.6,76.9,76.6,76.8,1738
2024-11-04,13:15:00,76.8,77.0,76.6,76.6,10543
2024-11-04,13:45:00,76.6,76.7,76.3,76.7,3446
2024-11-04,14:15:00,76.6,76.7,76.4,76.5,1459
2024-11-04,14:45:00,76.5,77.0,76.5,77.0,4167
2024-11-05,10:00:00,77.3,78.6,77.3,78.2,45934
2024-11-05,10:30:00,78.2,78.8,78.2,78.2,35078
2024-11-05,11:00:00,78.4,78.4,77.6,77.8,13054
2024-11-05,11:30:00,77.9,78.0,77.6,77.8,7081
2024-11-05,12:00:00,77.8,77.8,77.6,77.6,5211
2024-11-05,12:30:00,77.6,77.6,77.0,77.3,7081
2024-11-05,13:00:00,77.3,77.5,77.1,77.5,4786
2024-11-05,13:30:00,77.5,77.5,77.2,77.3,2664
2024-11-05,14:00:00,77.3,77.6,77.2,77.2,3116
2024-11-05,14:30:00,77.2,77.3,76.9,77.0,9593
2024-11-05,15:00:00,77.0,77.0,77.0,77.0,1870
2024-11-06,10:00:00,77.0,77.7,76.9,77.7,5900
2024-11-06,10:30:00,77.7,77.9,77.3,77.4,7371
2024-11-06,11:00:00,77.4,77.7,77.2,77.7,2939
2024-11-06,11:30:00,77.6,78.2,77.6,78.2,10019
2024-11-06,12:00:00,78.3,78.4,78.1,78.2,11523
2024-11-06,12:30:00,78.2,79.0,78.1,78.8,18618
2024-11-06,13:00:00,78.6,78.6,78.4,78.4,2390
2024-11-06,13:30:00,78.4,78.8,78.4,78.8,4384
2024-11-06,14:00:00,78.7,78.7,78.2,78.7,8994
2024-11-06,14:30:00,78.6,78.6,78.2,78.6,6050
2024-11-07,10:15:00,79.9,81.0,79.5,80.0,48960
2024-11-07,10:45:00,80.1,80.9,80.1,80.8,22643
2024-11-07,11:15:00,80.6,81.8,80.5,81.2,45344
2024-11-07,11:45:00,81.2,81.6,81.2,81.3,19058
2024-11-07,12:15:00,81.2,81.4,80.9,81.0,7477
2024-11-07,12:45:00,81.0,81.0,80.7,80.7,8418
2024-11-07,13:15:00,80.6,80.6,80.2,80.5,4791
2024-11-07,13:45:00,80.6,80.9,80.6,80.7,3087
2024-11-07,14:15:00,80.6,80.7,79.9,80.2,6763
2024-11-07,14:45:00,80.2,80.8,80.2,80.8,1489
2024-11-10,10:00:00,81.7,81.7,80.8,81.1,8751
2024-11-10,10:30:00,81.0,81.1,80.7,81.0,8223
2024-11-10,11:00:00,81.0,81.0,80.7,80.7,2289
2024-11-10,11:30:00,80.7,80.7,80.3,80.3,3059
2024-11-10,12:00:00,80.4,80.5,80.3,80.3,1193
2024-11-10,12:30:00,80.3,80.4,80.1,80.3,1448
2024-11-10,13:00:00,80.2,80.4,79.8,79.9,2110
2024-11-10,13:30:00,79.9,79.9,79.8,79.8,716
2024-11-10,14:00:00,79.8,79.9,79.5,79.5,3031
2024-11-10,14:30:00,79.5,80.5,79.0,79.6,9209
2024-11-10,15:00:00,79.6,79.6,79.6,79.6,353
2024-11-11,10:00:00,79.1,80.0,78.7,79.2,10496
2024-11-11,10:30:00,79.1,79.2,78.0,78.2,8632
2024-11-11,11:00:00,78.2,78.4,77.9,78.4,5214
2024-11-11,11:30:00,78.4,78.4,78.1,78.3,245
2024-11-11,12:00:00,78.1,78.3,78.1,78.2,262
2024-11-11,12:30:00,78.2,78.2,78.1,78.1,1133
2024-11-11,13:00:00,78.2,78.3,77.9,78.1,2690
2024-11-11,13:30:00,78.1,78.4,78.1,78.2,3321
2024-11-11,14:00:00,78.3,78.4,78.3,78.3,703
2024-11-11,14:30:00,78.3,79.0,78.1,78.5,11128
2024-11-12,10:15:00,78.1,78.4,77.8,77.9,9230
2024-11-12,10:45:00,77.9,78.0,77.6,78.0,3050
2024-11-12,11:15:00,78.0,78.4,77.9,78.1,2277
2024-11-12,11:45:00,78.1,78.3,78.0,78.0,1405
2024-11-12,12:15:00,78.2,78.2,78.1,78.2,93
2024-11-12,12:45:00,78.1,78.1,78.0,78.1,132
2024-11-12,13:15:00,78.0,78.0,77.7,77.8,3658
2024-11-12,13:45:00,77.8,77.8,77.6,77.7,10353
2024-11-12,14:15:00,77.6,78.0,77.6,77.8,11919
2024-11-12,14:45:00,77.8,78.1,77.7,78.1,4769
2024-11-13,10:00:00,77.8,77.8,77.1,77.3,9746
2024-11-13,10:30:00,77.4,77.6,77.2,77.4,1789
2024-11-13,11:00:00,77.4,77.6,77.2,77.4,5868
2024-11-13,11:30:00,77.4,77.6,77.4,77.5,1892
2024-11-13,12:00:00,77.5,77.9,77.4,77.9,2265
2024-11-13,12:30:00,77.9,78.2,77.7,78.1,4637
2024-11-13,13:00:00,78.2,78.4,78.1,78.2,3685
2024-11-13,13:30:00,78.2,78.3,77.9,78.0,2714
2024-11-13,14:00:00,77.9,78.0,77.4,77.4,4020
2024-11-13,14:30:00,77.4,77.7,77.2,77.4,5653
2024-11-14,10:15:00,77.3,77.4,77.1,77.1,2251
2024-11-14,10:45:00,77.1,77.6,77.0,77.3,4253
2024-11-14,11:15:00,77.3,77.6,77.3,77.4,793
2024-11-14,11:45:00,77.4,77.4,77.2,77.2,1598
2024-11-14,12:15:00,77.2,77.3,77.1,77.2,843
2024-11-14,12:45:00,77.2,77.3,77.1,77.3,1772
2024-11-14,13:15:00,77.2,77.3,77.1,77.1,2352
2024-11-14,13:45:00,77.2,77.2,76.6,76.9,6687
2024-11-14,14:15:00,76.9,76.9,76.5,76.8,6769
2024-11-14,14:45:00,76.9,77.0,76.6,76.6,4344
2024-11-17,10:00:00,76.5,77.2,76.4,77.0,3404
2024-11-17,10:30:00,77.1,77.1,76.8,76.9,4398
2024-11-17,11:00:00,77.0,77.1,76.9,76.9,2415
2024-11-17,11:30:00,77.0,77.2,77.0,77.0,1585
2024-11-17,12:00:00,77.0,77.1,76.7,76.8,1762
2024-11-17,12:30:00,76.7,76.7,76.6,76.7,73
2024-11-17,13:00:00,76.7,76.8,76.6,76.7,1164
2024-11-17,13:30:00,76.7,76.9,76.6,76.7,1412
2024-11-17,14:00:00,76.9,77.3,76.9,77.3,3702
2024-11-17,14:30:00,77.1,77.2,76.8,76.8,2410
2024-11-18,10:15:00,77.2,77.2,76.8,76.9,3266
2024-11-18,10:45:00,77.2,77.3,77.1,77.2,715
2024-11-18,11:15:00,77.2,77.3,77.0,77.0,3231
2024-11-18,11:45:00,77.1,77.1,77.1,77.1,547
2024-11-18,12:15:00,77.1,77.3,76.9,77.1,1974
2024-11-18,12:45:00,77.0,77.1,76.9,76.9,561
2024-11-18,13:15:00,76.9,77.1,76.9,76.9,783
2024-11-18,13:45:00,76.9,77.2,76.9,77.0,252
2024-11-18,14:15:00,77.1,77.4,76.8,76.8,6506
2024-11-18,14:45:00,76.9,77.0,76.8,76.9,2472
2024-11-19,10:00:00,77.0,77.4,76.5,77.2,1729
2024-11-19,10:30:00,77.3,77.3,76.8,76.8,1565
2024-11-19,11:00:00,76.9,77.2,76.7,77.2,7244
2024-11-19,11:30:00,77.0,77.1,77.0,77.1,391
2024-11-19,12:00:00,76.9,77.1,76.9,77.1,931
2024-11-19,12:30:00,77.0,77.2,77.0,77.2,1271
2024-11-19,13:00:00,77.2,77.4,77.1,77.1,5982
2024-11-19,13:30:00,77.1,77.2,77.0,77.2,819
2024-11-19,14:00:00,77.1,77.3,76.6,76.7,5311
2024-11-19,14:30:00,76.8,77.0,76.7,77.0,3597
2024-11-20,10:15:00,77.2,77.3,77.1,77.2,1901
2024-11-20,10:45:00,77.3,77.3,77.0,77.0,1239
2024-11-20,11:15:00,77.1,77.1,76.8,76.9,3435
2024-11-20,11:45:00,76.8,77.1,76.8,76.9,488
2024-11-20,12:15:00,76.9,76.9,76.6,76.7,1523
2024-11-20,12:45:00,76.6,76.6,76.5,76.6,1468
2024-11-20,13:15:00,76.6,76.6,76.4,76.6,2326
2024-11-20,13:45:00,76.7,76.8,76.6,76.6,782
2024-11-20,14:15:00,76.7,76.7,76.5,76.6,585
2024-11-20,14:45:00,76.5,76.6,76.4,76.4,1230
2024-11-21,10:15:00,76.7,76.7,76.1,76.1,4496
2024-11-21,10:45:00,76.1,76.4,76.0,76.4,1153
2024-11-21,11:15:00,76.2,76.4,76.1,76.1,1216
2024-11-21,11:45:00,76.1,76.3,76.1,76.2,384
2024-11-21,12:15:00,76.4,76.4,76.1,76.2,415
2024-11-21,12:45:00,76.2,76.2,76.1,76.1,1217
2024-11-21,13:15:00,76.2,76.2,75.6,75.7,9597
2024-11-21,13:45:00,75.6,76.0,75.6,75.9,2168
2024-11-21,14:15:00,75.9,76.0,75.4,75.9,6751
2024-11-21,14:45:00,75.9,76.0,75.7,76.0,2008
2024-11-24,10:15:00,76.0,76.4,76.0,76.4,2733
2024-11-24,10:45:00,76.4,76.7,76.4,76.6,3574
2024-11-24,11:15:00,76.6,76.9,76.6,76.7,1451
2024-11-24,11:45:00,76.9,77.1,76.6,77.0,3180
2024-11-24,12:15:00,77.1,77.1,76.8,77.0,2355
2024-11-24,12:45:00,76.8,77.0,76.7,76.9,566
2024-11-24,13:15:00,76.8,76.9,76.6,76.6,3354
2024-11-24,13:45:00,76.5,76.7,76.4,76.6,3467
2024-11-24,14:15:00,76.4,76.6,76.4,76.4,1716
2024-11-24,14:45:00,76.4,76.6,76.4,76.6,4178
2024-11-25,10:00:00,76.0,76.5,75.5,75.5,4937
2024-11-25,10:30:00,75.5,75.9,75.4,75.7,6426
2024-11-25,11:00:00,75.6,76.3,75.5,75.8,1601
2024-11-25,11:30:00,75.8,76.2,75.8,76.1,2052
2024-11-25,12:00:00,76.1,76.3,76.1,76.2,1299
2024-11-25,12:30:00,76.1,76.2,76.0,76.1,2837
2024-11-25,13:00:00,76.1,76.3,76.1,76.2,3149
2024-11-25,13:30:00,76.2,76.3,76.2,76.3,1085
2024-11-25,14:00:00,76.3,76.3,76.0,76.3,1510
2024-11-25,14:30:00,76.3,76.5,76.0,76.5,1491
2024-11-26,10:15:00,76.2,76.7,76.2,76.4,4116
2024-11-26,10:45:00,76.4,76.4,75.5,76.3,8661
2024-11-26,11:30:00,76.3,76.3,75.8,76.1,2626
2024-11-26,12:00:00,76.1,76.1,75.8,75.8,841
2024-11-26,12:30:00,75.7,75.7,75.5,75.6,2956
2024-11-26,13:00:00,75.6,75.9,75.5,75.9,783
2024-11-26,13:30:00,75.9,76.1,75.6,76.0,3063
2024-11-26,14:00:00,76.0,76.1,75.9,75.9,2302
2024-11-26,14:30:00,75.8,76.0,75.1,75.3,11069
2024-11-26,15:00:00,75.5,75.5,75.5,75.5,1124
2024-11-27,10:00:00,75.5,75.6,74.9,75.1,9028
2024-11-27,10:30:00,75.1,75.1,74.6,74.7,1212
2024-11-27,11:00:00,74.6,74.7,74.2,74.5,3540
2024-11-27,11:30:00,74.5,74.6,74.4,74.4,998
2024-11-27,12:00:00,74.3,74.5,74.3,74.4,2756
2024-11-27,12:30:00,74.3,74.3,73.8,74.0,9306
2024-11-27,13:00:00,74.0,74.0,73.7,73.9,4767
2024-11-27,13:30:00,73.9,74.1,73.9,74.0,2358
2024-11-27,14:00:00,74.0,74.1,73.9,74.1,1132
2024-11-27,14:30:00,74.1,74.3,73.9,74.1,3482
2024-11-28,10:15:00,73.9,74.0,73.5,73.7,3570
2024-11-28,10:45:00,73.7,73.9,73.6,73.6,985
2024-11-28,11:15:00,73.6,74.0,73.5,73.8,3307
2024-11-28,11:45:00,74.0,74.0,73.9,74.0,393
2024-11-28,12:15:00,74.0,74.4,74.0,74.4,935
2024-11-28,12:45:00,74.5,74.6,74.0,74.0,3079
2024-11-28,13:15:00,73.9,74.2,73.9,74.2,2203
2024-11-28,13:45:00,74.1,74.4,74.0,74.3,5803
2024-11-28,14:15:00,74.4,74.9,74.3,74.6,4211
2024-11-28,14:45:00,74.6,75.3,74.6,75.3,5158
2024-12-01,10:15:00,75.1,75.7,74.8,75.0,6226
2024-12-01,10:45:00,75.5,75.6,75.1,75.4,3372
2024-12-01,11:15:00,75.2,75.4,74.9,75.0,3476
2024-12-01,11:45:00,75.0,75.3,75.0,75.3,27
2024-12-01,12:15:00,75.3,75.3,75.1,75.1,118
2024-12-01,12:45:00,75.1,75.3,75.0,75.3,1992
2024-12-01,13:15:00,75.2,75.2,75.0,75.1,794
2024-12-01,13:45:00,75.1,75.1,75.0,75.1,1233
2024-12-01,14:15:00,75.1,75.1,74.9,75.0,408
2024-12-01,14:45:00,75.1,75.1,75.0,75.1,521
2024-12-02,10:15:00,75.4,75.4,74.9,75.0,1740
2024-12-02,10:45:00,74.9,75.2,74.8,75.2,2233
2024-12-02,11:15:00,75.0,75.0,74.7,74.8,1251
2024-12-02,11:45:00,74.7,74.9,74.7,74.9,388
2024-12-02,12:15:00,74.9,74.9,74.8,74.8,806
2024-12-02,12:45:00,74.8,74.9,73.9,74.5,7617
2024-12-02,13:15:00,74.3,74.5,73.9,74.4,7335
2024-12-02,13:45:00,74.3,74.3,74.1,74.3,1796
2024-12-02,14:15:00,74.3,74.3,74.2,74.2,325
2024-12-02,14:45:00,74.3,74.5,74.1,74.5,1165
2024-12-03,10:00:00,74.2,74.8,74.1,74.1,843
2024-12-03,10:30:00,74.3,74.4,74.2,74.3,268
2024-12-03,11:00:00,74.3,74.6,74.3,74.6,861
2024-12-03,11:30:00,74.5,74.5,74.5,74.5,180
2024-12-03,12:00:00,74.4,74.7,74.4,74.7,716
2024-12-03,12:30:00,74.7,75.3,74.7,74.8,6360
2024-12-03,13:00:00,74.7,74.8,74.5,74.8,875
2024-12-03,13:30:00,74.7,74.8,74.5,74.6,4571
2024-12-03,14:00:00,74.7,75.2,74.6,75.0,7688
2024-12-03,14:30:00,75.0,75.2,74.8,74.8,4240
2024-12-03,15:00:00,75.5,75.5,75.5,75.5,1291
2024-12-04,10:00:00,75.4,75.4,74.5,75.1,2488
2024-12-04,10:30:00,75.1,75.1,74.7,74.9,6522
2024-12-04,11:00:00,75.1,75.1,74.9,75.0,2055
2024-12-04,11:30:00,75.0,75.3,75.0,75.0,6610
2024-12-04,12:00:00,75.0,75.0,74.9,75.0,4086
2024-12-04,12:30:00,74.9,75.0,74.7,74.8,5013
2024-12-04,13:00:00,74.8,74.8,74.6,74.6,3226
2024-12-04,13:30:00,74.7,74.8,74.6,74.7,2875
2024-12-04,14:00:00,74.7,74.8,74.6,74.7,1712
2024-12-04,14:30:00,74.8,74.8,73.5,74.5,10980
2024-12-04,15:00:00,74.7,74.7,74.7,74.7,827
2024-12-05,10:00:00,74.7,75.9,74.7,75.9,6636
2024-12-05,10:30:00,75.9,76.0,75.4,75.7,12531
2024-12-05,11:00:00,75.8,76.2,75.4,76.0,11264
2024-12-05,11:30:00,76.1,76.3,75.9,76.3,8300
2024-12-05,12:00:00,76.2,76.7,76.0,76.5,11545
2024-12-05,12:30:00,76.4,76.7,76.2,76.4,3383
2024-12-05,13:00:00,76.4,76.4,76.1,76.3,2430
2024-12-05,13:30:00,76.2,76.5,76.2,76.3,1427
2024-12-05,14:00:00,76.3,76.6,76.3,76.5,4449
2024-12-05,14:30:00,76.5,76.6,76.4,76.5,2011
2024-12-05,15:00:00,76.5,76.5,76.5,76.5,2066
2024-12-08,10:00:00,76.6,76.9,76.5,76.7,1545
2024-12-08,10:30:00,76.6,77.2,76.6,77.1,3021
2024-12-08,11:00:00,77.0,77.0,76.7,76.8,1902
2024-12-08,11:30:00,76.7,76.9,76.7,76.9,1929
2024-12-08,12:00:00,76.9,77.0,76.9,77.0,3142
2024-12-08,12:30:00,77.0,77.1,76.7,76.7,761
2024-12-08,13:00:00,77.0,77.0,76.7,77.0,174
2024-12-08,13:30:00,77.1,77.1,76.7,76.8,2083
2024-12-08,14:00:00,76.8,76.8,76.6,76.6,1230
2024-12-08,14:30:00,76.7,77.1,76.6,76.8,1828
2024-12-09,10:15:00,76.6,77.0,76.6,77.0,174
2024-12-09,10:45:00,77.0,77.0,76.7,77.0,860
2024-12-09,11:15:00,77.0,77.5,76.9,77.4,10530
2024-12-09,11:45:00,77.5,77.5,77.3,77.4,5144
2024-12-09,12:15:00,77.3,77.3,77.1,77.2,3395
2024-12-09,12:45:00,77.2,77.4,77.0,77.1,2157
2024-12-09,13:15:00,77.1,77.2,77.0,77.0,3702
2024-12-09,13:45:00,77.1,77.2,77.0,77.2,2936
2024-12-09,14:15:00,77.1,77.3,77.1,77.1,10871
2024-12-09,14:45:00,77.1,77.2,77.0,77.0,8869
2024-12-10,10:00:00,77.3,77.3,76.4,77.0,3828
2024-12-10,10:45:00,76.9,77.0,76.6,76.9,623
2024-12-10,11:15:00,76.9,76.9,76.7,76.9,223
2024-12-10,11:45:00,76.9,77.0,76.7,76.8,501
2024-12-10,12:15:00,76.7,76.9,76.6,76.6,291
2024-12-10,12:45:00,76.7,77.0,76.6,76.9,3340
2024-12-10,13:15:00,76.9,77.0,76.7,77.0,1373
2024-12-10,13:45:00,76.8,77.0,76.8,77.0,1341
2024-12-10,14:15:00,76.9,77.2,76.8,77.1,5802
2024-12-10,14:45:00,77.2,77.7,77.2,77.7,7401
2024-12-11,10:00:00,77.9,77.9,77.0,77.6,4705
2024-12-11,10:30:00,77.4,77.4,76.9,76.9,488
2024-12-11,11:00:00,76.8,77.0,76.7,77.0,1384
2024-12-11,11:30:00,77.0,77.0,76.8,76.8,935
2024-12-11,12:00:00,76.9,77.0,76.8,76.8,991
2024-12-11,12:30:00,76.8,77.1,76.8,77.0,2402
2024-12-11,13:00:00,77.1,77.1,76.9,77.0,2514
2024-12-11,13:30:00,77.1,77.1,77.0,77.0,573
2024-12-11,14:00:00,77.1,77.1,77.0,77.1,699
2024-12-11,14:30:00,77.1,77.1,76.9,77.0,1014
2024-12-12,10:15:00,76.7,76.8,76.5,76.6,980
2024-12-12,10:45:00,76.5,76.7,76.4,76.6,1445
2024-12-12,11:15:00,76.6,76.6,76.4,76.6,2148
2024-12-12,11:45:00,76.3,76.5,76.3,76.5,1979
2024-12-12,12:15:00,76.5,76.5,76.4,76.4,571
2024-12-12,12:45:00,76.5,76.5,76.2,76.3,2548
2024-12-12,13:15:00,76.3,76.4,76.3,76.3,195
2024-12-12,13:45:00,76.4,76.5,76.0,76.0,6220
2024-12-12,14:15:00,76.3,76.3,76.0,76.2,827
2024-12-12,14:45:00,76.2,76.3,76.1,76.1,1757
2024-12-15,10:15:00,76.5,76.7,76.0,76.3,4873
2024-12-15,10:45:00,76.2,76.5,76.2,76.5,478
2024-12-15,11:15:00,76.4,76.5,76.2,76.3,4003
2024-12-15,11:45:00,76.3,76.5,76.2,76.5,1451
2024-12-15,12:15:00,76.2,76.5,76.2,76.5,1198
2024-12-15,12:45:00,76.5,76.5,76.2,76.3,1752
2024-12-15,13:15:00,76.2,76.6,76.2,76.6,2542
2024-12-15,13:45:00,76.3,76.6,76.2,76.6,598
2024-12-15,14:15:00,76.2,76.6,76.2,76.3,870
2024-12-15,14:45:00,76.2,76.3,76.1,76.2,1197
2024-12-16,10:00:00,76.3,76.3,75.9,76.2,1495
2024-12-16,10:30:00,76.2,76.2,75.9,76.0,941
2024-12-16,11:00:00,76.0,76.2,76.0,76.2,438
2024-12-16,11:30:00,76.1,76.1,75.9,76.1,870
2024-12-16,12:00:00,76.1,76.1,75.9,75.9,721
2024-12-16,12:30:00,76.0,76.0,75.9,75.9,906
2024-12-16,13:00:00,75.9,76.0,75.8,75.9,741
2024-12-16,13:30:00,75.9,75.9,75.8,75.8,273
2024-12-16,14:00:00,75.8,76.1,75.8,76.1,5314
2024-12-16,14:30:00,76.2,76.4,75.7,75.7,1493
2024-12-16,15:00:00,76.4,76.4,76.4,76.4,1382
2024-12-17,10:00:00,76.5,76.5,75.9,76.0,3168
2024-12-17,10:30:00,75.9,76.3,75.7,75.7,1220
2024-12-17,11:00:00,75.9,75.9,75.6,75.9,576
2024-12-17,11:30:00,75.9,75.9,75.7,75.7,1585
2024-12-17,12:00:00,75.9,75.9,75.8,75.8,134
2024-12-17,12:45:00,75.8,75.9,75.6,75.6,1848
2024-12-17,13:15:00,75.9,75.9,75.6,75.6,1374
2024-12-17,13:45:00,75.7,75.9,75.6,75.6,1197
2024-12-17,14:15:00,75.7,76.0,75.7,75.7,5373
2024-12-17,14:45:00,75.7,75.9,75.5,75.9,6442
2024-12-18,10:00:00,75.5,75.8,75.5,75.8,1140
2024-12-18,10:30:00,75.5,75.8,75.2,75.3,1015
2024-12-18,11:00:00,75.3,75.7,75.2,75.6,994
2024-12-18,11:30:00,75.4,75.4,75.1,75.1,814
2024-12-18,12:00:00,75.2,75.4,75.2,75.4,1070
2024-12-18,12:30:00,75.5,75.5,75.4,75.5,194
2024-12-18,13:00:00,75.5,75.6,75.0,75.6,3387
2024-12-18,13:30:00,75.5,75.5,75.1,75.3,95
2024-12-18,14:00:00,75.4,75.7,75.3,75.3,280
2024-12-18,14:30:00,75.6,75.7,75.3,75.3,349
2024-12-19,10:15:00,74.9,75.2,74.9,75.2,1669
2024-12-19,10:45:00,75.0,75.1,74.6,75.1,2527
2024-12-19,11:15:00,75.1,75.1,74.7,74.9,340
2024-12-19,11:45:00,74.8,75.0,74.8,75.0,516
2024-12-19,12:15:00,74.9,74.9,74.7,74.8,462
2024-12-19,12:45:00,74.9,74.9,74.6,74.8,869
2024-12-19,13:15:00,74.9,75.0,74.9,75.0,280
2024-12-19,13:45:00,74.9,75.0,74.8,74.8,479
2024-12-19,14:15:00,74.8,75.1,74.8,75.0,1433
2024-12-19,14:45:00,75.1,75.1,74.7,74.7,317
2024-12-22,10:15:00,74.8,75.3,74.7,74.9,4532
2024-12-22,10:45:00,74.8,75.2,74.8,75.2,106
2024-12-22,11:15:00,75.2,75.2,75.0,75.0,25
2024-12-22,11:45:00,75.1,75.1,75.0,75.0,1921
2024-12-22,12:15:00,74.9,75.0,74.9,75.0,2724
2024-12-22,12:45:00,75.0,75.0,74.7,74.7,3159
2024-12-22,13:15:00,74.6,74.8,74.6,74.7,1371
2024-12-22,13:45:00,74.7,74.7,74.5,74.6,1568
2024-12-22,14:15:00,74.7,74.7,74.4,74.4,3385
2024-12-22,14:45:00,74.4,74.4,74.3,74.3,952
2024-12-23,10:00:00,74.5,74.5,73.7,73.8,10013
2024-12-23,10:30:00,74.0,74.5,73.4,74.2,7815
2024-12-23,11:00:00,73.7,73.9,73.3,73.5,2248
2024-12-23,11:30:00,73.6,73.7,73.3,73.7,3338
2024-12-23,12:00:00,73.5,73.9,73.5,73.7,1265
2024-12-23,12:30:00,73.7,73.9,73.6,73.6,3102
2024-12-23,13:00:00,73.8,74.2,73.7,74.1,4013
2024-12-23,13:30:00,74.0,74.1,73.9,73.9,1269
2024-12-23,14:00:00,74.1,74.1,73.6,73.7,2644
2024-12-23,14:30:00,73.7,74.0,73.7,73.7,5046
2024-12-23,15:00:00,73.7,73.7,73.7,73.7,2338
2024-12-24,10:00:00,73.7,74.1,73.6,74.1,1220
2024-12-24,10:30:00,73.9,73.9,73.6,73.9,3103
2024-12-24,11:00:00,73.7,73.8,73.7,73.8,237
2024-12-24,11:30:00,73.7,73.8,73.6,73.7,362
2024-12-24,12:00:00,73.8,73.8,73.6,73.6,990
2024-12-24,12:30:00,73.8,73.8,73.6,73.8,581
2024-12-24,13:00:00,73.9,73.9,73.6,73.8,1609
2024-12-24,13:30:00,73.7,73.8,73.5,73.7,1842
2024-12-24,14:00:00,73.8,73.8,73.7,73.8,505
2024-12-24,14:30:00,73.7,73.8,73.6,73.7,494
2024-12-25,10:15:00,73.9,74.0,73.3,73.3,1646
2024-12-25,10:45:00,73.5,74.0,73.2,73.4,3227
2024-12-25,11:15:00,73.7,73.8,73.3,73.3,1523
2024-12-25,11:45:00,73.4,73.9,73.4,73.8,1145
2024-12-25,12:15:00,73.9,74.0,73.7,73.9,852
2024-12-25,12:45:00,74.0,74.0,73.8,74.0,2321
2024-12-25,13:15:00,74.1,74.1,74.0,74.0,978
2024-12-25,13:45:00,74.0,74.1,73.9,74.0,1226
2024-12-25,14:15:00,74.1,74.1,74.0,74.1,152
2024-12-25,14:45:00,74.1,74.5,74.0,74.5,1841
2024-12-26,10:15:00,74.3,74.4,73.9,74.3,1329
2024-12-26,10:45:00,74.4,74.6,74.3,74.4,9990
2024-12-26,11:15:00,74.4,74.4,74.1,74.2,109
2024-12-26,11:45:00,74.2,74.6,74.2,74.6,275
2024-12-26,12:30:00,74.6,74.6,74.2,74.4,2569
2024-12-26,13:00:00,74.4,74.4,74.0,74.0,9027
2024-12-26,13:30:00,74.0,74.2,74.0,74.0,529
2024-12-26,14:00:00,74.0,74.1,73.9,73.9,1037
2024-12-26,14:30:00,73.9,74.1,73.8,73.8,1782
2024-12-26,15:00:00,73.8,73.8,73.8,73.8,154
2024-12-29,10:00:00,73.9,75.0,73.9,74.9,4548
2024-12-29,10:30:00,74.8,74.8,74.5,74.5,463
2024-12-29,11:00:00,74.5,74.5,74.4,74.4,801
2024-12-29,11:30:00,74.2,74.4,73.8,74.3,4469
2024-12-29,12:00:00,74.0,74.3,74.0,74.2,40
2024-12-29,12:45:00,74.2,74.2,74.0,74.0,234
2024-12-29,13:15:00,74.0,74.2,73.9,74.2,1669
2024-12-29,13:45:00,74.1,74.1,73.9,73.9,1344
2024-12-29,14:15:00,73.9,74.2,73.9,74.0,1116
2024-12-29,14:45:00,74.0,74.4,73.9,74.4,1760
2024-12-30,10:15:00,74.0,74.0,73.8,73.9,433
2024-12-30,10:45:00,73.9,74.2,73.8,73.9,1102
2024-12-30,11:15:00,74.0,74.3,73.9,74.3,422
2024-12-30,11:45:00,74.3,74.4,74.1,74.4,146
2024-12-30,12:15:00,74.4,74.4,74.2,74.4,3306
2024-12-30,12:45:00,74.4,74.5,74.1,74.3,2199
2024-12-30,13:15:00,74.4,74.5,74.1,74.2,2703
2024-12-30,13:45:00,74.6,74.6,74.2,74.3,4502
2024-12-30,14:15:00,74.3,74.7,74.2,74.5,9791
2024-12-30,14:45:00,74.6,74.6,74.2,74.2,3531
2024-12-31,10:15:00,74.5,74.5,74.4,74.4,2005
2024-12-31,10:45:00,74.5,74.6,74.2,74.6,5165
2024-12-31,11:15:00,74.5,74.6,74.2,74.6,2732
2024-12-31,11:45:00,74.4,75.1,74.3,75.0,12194
2024-12-31,12:15:00,74.9,75.3,74.9,74.9,5098
2024-12-31,12:45:00,74.9,75.2,74.8,75.1,9857
2024-12-31,13:15:00,75.1,75.2,74.9,74.9,3187
2024-12-31,13:45:00,74.8,74.9,74.6,74.7,3940
2024-12-31,14:15:00,74.7,74.9,74.4,74.5,9286
2024-12-31,14:45:00,74.5,74.9,74.3,74.9,10853
2025-01-01,10:15:00,75.0,75.2,75.0,75.0,3098
2025-01-01,10:45:00,75.0,75.2,75.0,75.2,747
2025-01-01,11:15:00,75.2,75.2,75.0,75.1,391
2025-01-01,11:45:00,75.0,75.0,75.0,75.0,2807
2025-01-01,12:15:00,75.0,75.0,74.8,74.9,3717
2025-01-01,12:45:00,74.9,75.1,74.8,75.0,10121
2025-01-01,13:15:00,74.8,75.1,74.8,75.0,10534
2025-01-01,13:45:00,75.0,75.0,74.8,74.9,558
2025-01-01,14:15:00,74.9,75.3,74.9,75.1,5043
2025-01-01,14:45:00,75.1,75.1,75.0,75.0,257
2025-01-02,10:15:00,75.1,75.1,74.7,74.9,408
2025-01-02,10:45:00,74.8,75.0,74.4,74.5,9271
2025-01-02,11:15:00,74.5,74.7,74.4,74.5,4150
2025-01-02,11:45:00,74.5,74.8,74.4,74.8,1464
2025-01-02,12:15:00,74.8,74.8,74.6,74.6,282
2025-01-02,12:45:00,74.6,74.8,74.3,74.8,8823
2025-01-02,13:15:00,74.5,74.8,74.5,74.8,1634
2025-01-02,13:45:00,74.8,74.8,74.5,74.6,576
2025-01-02,14:15:00,74.6,74.6,74.5,74.5,358
2025-01-02,14:45:00,74.5,74.6,74.3,74.5,4341
2025-01-05,10:15:00,75.0,75.0,74.2,74.4,753
2025-01-05,10:45:00,74.4,74.6,74.2,74.6,811
2025-01-05,11:15:00,74.6,74.6,74.2,74.4,556
2025-01-05,11:45:00,74.4,74.5,74.2,74.2,1351
2025-01-05,12:15:00,74.1,74.4,74.1,74.3,2007
2025-01-05,12:45:00,74.3,74.4,74.1,74.2,850
2025-01-05,13:15:00,74.2,74.4,74.2,74.3,323
2025-01-05,13:45:00,74.3,74.3,74.2,74.2,1542
2025-01-05,14:15:00,74.2,74.3,74.1,74.2,387
2025-01-05,14:45:00,74.2,74.3,74.1,74.1,1169
2025-01-06,10:15:00,74.2,74.4,74.0,74.4,2213
2025-01-06,10:45:00,74.1,74.4,74.1,74.3,1076
2025-01-06,11:15:00,74.2,75.0,74.2,74.9,5230
2025-01-06,11:45:00,74.8,75.0,74.7,74.9,5891
2025-01-06,12:15:00,74.9,74.9,74.8,74.9,741
2025-01-06,12:45:00,74.9,74.9,74.8,74.9,652
2025-01-06,13:15:00,74.9,75.4,74.8,75.2,5722
2025-01-06,13:45:00,75.3,76.3,75.3,75.7,16331
2025-01-06,14:15:00,75.7,76.5,75.7,76.4,6440
2025-01-06,14:45:00,76.2,76.5,76.0,76.5,6313
2025-01-07,10:15:00,76.7,76.7,75.9,76.4,7360
2025-01-07,10:45:00,76.0,76.8,76.0,76.8,5545
2025-01-07,11:15:00,76.8,77.7,76.8,77.2,31033
2025-01-07,11:45:00,77.6,77.6,76.8,77.0,8423
2025-01-07,12:15:00,77.0,77.2,76.9,76.9,2088
2025-01-07,12:45:00,77.0,77.0,76.9,76.9,1319
2025-01-07,13:15:00,77.0,77.7,76.9,77.6,26063
2025-01-07,13:45:00,77.6,77.8,77.4,77.5,13530
2025-01-07,14:15:00,77.5,77.9,77.3,77.4,7743
2025-01-07,14:45:00,77.3,77.5,77.0,77.2,7004
2025-01-08,10:15:00,76.6,77.5,76.6,77.2,6445
2025-01-08,10:45:00,77.5,77.5,77.0,77.3,4392
2025-01-08,11:15:00,77.3,77.4,77.2,77.2,1744
2025-01-08,11:45:00,77.2,77.2,76.5,76.8,6384
2025-01-08,12:15:00,76.8,77.3,76.7,77.3,2720
2025-01-08,12:45:00,77.3,77.8,77.3,77.4,13905
2025-01-08,13:15:00,77.4,77.5,77.3,77.4,2057
2025-01-08,13:45:00,77.3,79.0,77.3,78.4,49091
2025-01-08,14:15:00,78.3,78.5,78.0,78.0,9870
2025-01-08,14:45:00,78.1,78.2,77.9,78.2,7150
2025-01-09,10:00:00,77.9,78.3,77.5,78.2,2038
2025-01-09,10:30:00,78.2,78.8,78.0,78.2,4449
2025-01-09,11:00:00,78.1,78.4,78.1,78.1,3378
2025-01-09,11:30:00,78.0,78.0,77.8,78.0,2147
2025-01-09,12:00:00,78.0,78.1,77.9,78.0,2489
2025-01-09,12:30:00,77.9,78.4,77.9,78.4,1356
2025-01-09,13:00:00,78.3,78.4,78.1,78.2,4050
2025-01-09,13:30:00,78.2,78.5,78.1,78.5,2111
2025-01-09,14:00:00,78.4,78.5,78.3,78.5,2160
2025-01-09,14:30:00,78.5,78.9,78.4,78.8,7483
2025-01-09,15:00:00,78.9,78.9,78.9,78.9,583
2025-01-12,10:00:00,78.9,78.9,78.5,78.6,4487
2025-01-12,10:30:00,78.8,79.0,78.7,79.0,3129
2025-01-12,11:00:00,79.1,79.1,78.7,78.8,1881
2025-01-12,11:30:00,78.7,79.0,78.7,78.9,1722
2025-01-12,12:00:00,78.8,78.9,78.8,78.8,1612
2025-01-12,12:30:00,78.8,78.8,76.9,78.3,5475
2025-01-12,13:00:00,78.2,78.6,78.1,78.1,2377
2025-01-12,13:30:00,78.1,78.5,78.0,78.5,4070
2025-01-12,14:00:00,78.4,78.5,78.0,78.2,672
2025-01-12,14:30:00,78.5,78.6,78.0,78.0,3654
2025-01-13,10:15:00,78.2,78.2,78.0,78.0,3182
2025-01-13,10:45:00,78.0,78.2,78.0,78.0,847
2025-01-13,11:15:00,77.9,78.2,77.9,78.2,3014
2025-01-13,11:45:00,77.9,78.0,77.6,77.9,4929
2025-01-13,12:15:00,77.9,78.0,77.7,77.9,1642
2025-01-13,12:45:00,77.8,77.9,77.7,77.7,311
2025-01-13,13:15:00,77.7,77.8,77.5,77.5,1083
2025-01-13,13:45:00,77.4,78.2,77.4,77.8,3049
2025-01-13,14:15:00,77.7,77.8,77.2,77.3,7747
2025-01-13,14:45:00,77.3,77.9,77.2,77.9,2755
2025-01-14,10:00:00,77.3,78.0,77.3,78.0,1322
2025-01-14,10:30:00,77.8,78.0,77.6,77.6,668
2025-01-14,11:00:00,77.8,77.8,77.5,77.6,1418
2025-01-14,11:30:00,77.6,77.6,77.3,77.4,965
2025-01-14,12:00:00,77.5,77.6,77.3,77.6,2234
2025-01-14,12:30:00,77.6,77.6,77.4,77.5,1114
2025-01-14,13:00:00,77.6,77.6,77.3,77.5,503
2025-01-14,13:30:00,77.4,77.4,77.0,77.1,4765
2025-01-14,14:00:00,77.3,77.6,77.2,77.3,1730
2025-01-14,14:30:00,77.2,77.5,77.1,77.3,5818
2025-01-14,15:00:00,77.3,77.3,77.3,77.3,501
2025-01-15,10:00:00,77.5,81.4,77.5,79.5,152702
2025-01-15,10:30:00,79.7,80.1,79.5,79.7,46867
2025-01-15,11:00:00,79.6,80.6,79.4,80.2,68214
2025-01-15,11:30:00,80.2,80.6,80.0,80.0,63437
2025-01-15,12:00:00,80.0,80.1,79.6,79.6,46758
2025-01-15,12:30:00,79.5,80.1,79.3,80.0,15566
2025-01-15,13:00:00,79.9,80.4,79.9,80.2,10729
2025-01-15,13:30:00,80.1,80.4,80.0,80.4,6970
2025-01-15,14:00:00,80.4,80.4,80.1,80.1,4375
2025-01-15,14:30:00,80.0,80.2,79.5,79.9,76686
2025-01-15,15:00:00,80.0,80.0,80.0,80.0,3871
2025-01-16,10:00:00,79.5,80.0,79.5,79.8,10173
2025-01-16,10:30:00,79.8,79.9,79.2,79.2,3347
2025-01-16,11:00:00,79.3,79.6,79.3,79.6,1478
2025-01-16,11:30:00,79.4,79.5,79.0,79.1,4450
2025-01-16,12:00:00,79.0,79.2,78.8,79.0,3149
2025-01-16,12:30:00,79.0,79.3,79.0,79.2,1476
2025-01-16,13:00:00,79.2,79.7,79.2,79.7,7716
2025-01-16,13:30:00,79.7,79.8,79.6,79.8,1503
2025-01-16,14:00:00,79.8,79.8,79.6,79.8,953
2025-01-16,14:30:00,79.7,79.9,79.7,79.8,6222
2025-01-19,10:15:00,80.6,83.8,80.5,83.5,195148
2025-01-19,10:45:00,83.8,83.8,81.2,81.3,48648
2025-01-19,11:15:00,81.3,81.3,80.3,81.3,37819
2025-01-19,11:45:00,81.3,81.5,80.9,81.1,16166
2025-01-19,12:15:00,81.1,81.2,80.7,80.9,16498
2025-01-19,12:45:00,81.0,81.1,80.9,80.9,5932
2025-01-19,13:15:00,81.1,81.1,80.9,80.9,2716
2025-01-19,13:45:00,80.9,81.4,80.9,81.4,6315
2025-01-19,14:15:00,81.3,81.5,81.0,81.1,1822
2025-01-19,14:45:00,81.2,82.0,80.9,81.2,47154
2025-01-20,10:00:00,81.1,81.3,80.2,80.5,8405
2025-01-20,10:30:00,80.4,80.4,79.0,79.6,77305
2025-01-20,11:00:00,79.6,79.9,79.5,79.8,2757
2025-01-20,11:30:00,79.8,79.8,79.0,79.3,27479
2025-01-20,12:00:00,79.3,79.5,79.1,79.3,6714
2025-01-20,12:30:00,79.2,79.2,78.9,79.0,22466
2025-01-20,13:00:00,79.0,79.9,79.0,79.2,15203
2025-01-20,13:30:00,79.2,79.2,78.9,79.0,17991
2025-01-20,14:00:00,79.1,79.2,78.9,79.0,13919
2025-01-20,14:30:00,79.0,79.0,78.5,78.6,16797
2025-01-20,15:00:00,78.5,78.5,78.5,78.5,5442
2025-01-21,10:00:00,78.5,78.6,77.9,78.2,9926
2025-01-21,10:30:00,78.1,78.1,77.9,77.9,13207
2025-01-21,11:00:00,77.9,78.1,77.9,78.0,7697
2025-01-21,11:30:00,78.0,78.1,77.8,77.9,4918
2025-01-21,12:00:00,77.9,78.3,77.9,78.2,7071
2025-01-21,12:30:00,78.1,78.3,78.0,78.1,4516
2025-01-21,13:00:00,78.0,78.1,77.9,78.1,8145
2025-01-21,13:30:00,78.1,78.2,77.9,78.0,5455
2025-01-21,14:00:00,78.0,78.0,77.9,78.0,6179
2025-01-21,14:30:00,78.0,78.0,77.8,78.0,5541
2025-01-21,15:00:00,78.1,78.1,78.1,78.1,2353
2025-01-22,10:00:00,78.3,78.3,77.7,78.0,3580
2025-01-22,10:30:00,77.9,77.9,77.8,77.9,2377
2025-01-22,11:00:00,77.8,78.0,77.7,77.8,10485
2025-01-22,11:30:00,78.0,78.1,77.8,77.9,7539
2025-01-22,12:00:00,77.9,78.0,77.9,77.9,1478
2025-01-22,12:30:00,77.9,77.9,77.8,77.9,1081
2025-01-22,13:00:00,77.8,77.9,77.8,77.9,3184
2025-01-22,13:30:00,77.9,78.0,77.5,77.7,16005
2025-01-22,14:00:00,77.7,77.8,77.7,77.7,2972
2025-01-22,14:30:00,77.7,77.8,77.7,77.7,1514
2025-01-22,15:00:00,77.7,77.7,77.7,77.7,4475
2025-01-23,10:00:00,77.7,77.8,77.5,77.5,6036
2025-01-23,10:30:00,77.7,77.9,77.5,77.8,4828
2025-01-23,11:00:00,77.7,77.8,77.5,77.5,3087
2025-01-23,11:30:00,77.5,77.5,77.2,77.3,13376
2025-01-23,12:00:00,77.3,77.3,76.9,77.0,22383
2025-01-23,12:30:00,77.1,77.1,76.8,76.9,5369
2025-01-23,13:00:00,76.9,77.1,76.7,76.7,14055
2025-01-23,13:30:00,76.7,77.0,76.5,77.0,9715
2025-01-23,14:00:00,76.9,77.0,76.3,76.3,13064
2025-01-23,14:30:00,76.5,76.6,76.2,76.4,19774
2025-01-23,15:00:00,76.3,76.3,76.3,76.3,9122
2025-01-26,10:00:00,76.4,76.8,76.3,76.6,4224
2025-01-26,10:30:00,76.5,76.8,76.5,76.7,8028
2025-01-26,11:00:00,76.7,76.7,76.6,76.6,1446
2025-01-26,11:30:00,76.7,76.7,76.5,76.6,2182
2025-01-26,12:00:00,76.6,76.9,76.6,76.9,8536
2025-01-26,12:30:00,76.9,76.9,76.8,76.9,2716
2025-01-26,13:00:00,76.9,77.0,76.8,76.9,4337
2025-01-26,13:30:00,76.9,77.2,76.8,77.2,4702
2025-01-26,14:00:00,77.1,77.1,76.9,77.0,6589
2025-01-26,14:30:00,77.0,77.1,76.8,77.1,9979
2025-01-26,15:00:00,77.4,77.4,77.4,77.4,5936
2025-01-27,10:00:00,77.2,77.2,76.8,77.1,2077
2025-01-27,10:30:00,77.1,77.3,76.9,76.9,5594
2025-01-27,11:00:00,76.9,77.0,76.7,76.7,2744
2025-01-27,11:30:00,76.8,77.0,76.6,77.0,5783
2025-01-27,12:00:00,76.9,77.0,76.8,77.0,2354
2025-01-27,12:30:00,76.8,77.0,76.8,76.9,1990
2025-01-27,13:00:00,77.0,77.0,76.8,76.9,1980
2025-01-27,13:30:00,76.9,77.0,76.8,76.8,1038
2025-01-27,14:00:00,76.9,76.9,76.7,76.7,2042
2025-01-27,14:30:00,76.7,76.7,76.5,76.5,4463
2025-01-27,15:00:00,76.7,76.7,76.7,76.7,190
2025-01-28,10:00:00,76.7,76.8,76.5,76.8,1762
2025-01-28,10:30:00,76.8,76.8,76.6,76.8,3167
2025-01-28,11:00:00,76.8,77.0,76.8,76.9,4051
2025-01-28,11:30:00,77.0,77.0,76.8,77.0,1952
2025-01-28,12:00:00,77.0,77.0,76.8,76.9,1827
2025-01-28,12:30:00,76.9,77.0,76.8,77.0,4157
2025-01-28,13:00:00,77.0,77.1,77.0,77.0,2605
2025-01-28,13:30:00,77.0,77.1,76.9,77.0,2196
2025-01-28,14:00:00,77.0,77.0,76.8,76.9,3742
2025-01-28,14:30:00,76.9,77.2,76.9,77.2,6720
2025-01-28,15:00:00,77.2,77.2,77.2,77.2,2337
2025-01-29,10:00:00,77.4,77.4,76.6,76.7,15390
2025-01-29,10:30:00,76.7,76.8,76.5,76.6,7009
2025-01-29,11:00:00,76.6,76.6,76.3,76.5,9794
2025-01-29,11:30:00,76.4,76.6,76.3,76.4,1446
2025-01-29,12:00:00,76.4,76.6,76.2,76.4,6963
2025-01-29,12:30:00,76.4,76.6,76.4,76.6,1761
2025-01-29,13:00:00,76.6,76.6,76.3,76.4,1664
2025-01-29,13:30:00,76.5,76.5,76.4,76.4,724
2025-01-29,14:00:00,76.5,76.6,76.4,76.5,1354
2025-01-29,14:30:00,76.5,76.6,76.3,76.5,3480
2025-01-29,15:00:00,76.5,76.5,76.5,76.5,1140
2025-01-30,10:00:00,76.6,76.8,76.4,76.7,5252
2025-01-30,10:30:00,76.6,76.9,76.6,76.8,606
2025-01-30,11:00:00,76.7,76.9,76.7,76.9,661
2025-01-30,11:30:00,76.9,76.9,76.8,76.9,2427
2025-01-30,12:00:00,76.9,76.9,76.7,76.8,1785
2025-01-30,12:30:00,76.8,76.9,76.8,76.9,288
2025-01-30,13:00:00,76.9,76.9,76.4,76.5,12684
2025-01-30,13:30:00,76.5,76.7,76.5,76.5,1068
2025-01-30,14:00:00,76.6,76.6,76.2,76.4,10097
2025-01-30,14:30:00,76.5,76.7,76.3,76.7,20826
2025-01-30,15:00:00,76.3,76.3,76.3,76.3,2556
2025-02-02,10:00:00,76.1,76.4,76.1,76.3,2085
2025-02-02,10:30:00,76.3,76.4,76.2,76.4,1605
2025-02-02,11:00:00,76.4,76.4,76.2,76.3,1074
2025-02-02,11:30:00,76.3,76.4,76.2,76.3,2091
2025-02-02,12:00:00,76.3,76.4,76.2,76.2,4307
2025-02-02,12:30:00,76.3,76.4,76.3,76.4,1420
2025-02-02,13:00:00,76.4,76.4,76.2,76.2,8509
2025-02-02,13:30:00,76.1,76.3,76.1,76.2,1920
2025-02-02,14:00:00,76.2,76.3,76.2,76.2,375
2025-02-02,14:30:00,76.2,76.3,76.1,76.1,2617
2025-02-03,10:15:00,75.8,76.0,75.5,75.8,16983
2025-02-03,10:45:00,75.9,76.2,75.8,76.0,6030
2025-02-03,11:15:00,76.0,76.1,75.9,76.0,6191
2025-02-03,11:45:00,76.0,76.0,75.8,76.0,4753
2025-02-03,12:15:00,76.0,76.0,75.8,75.9,1501
2025-02-03,12:45:00,75.9,75.9,75.8,75.9,1203
2025-02-03,13:15:00,75.9,76.1,75.8,76.1,9359
2025-02-03,13:45:00,75.9,76.2,75.6,75.7,8285
2025-02-03,14:15:00,75.7,75.9,75.5,75.9,9148
2025-02-03,14:45:00,75.9,76.4,75.9,76.1,52110
2025-02-04,10:15:00,76.2,76.2,76.1,76.2,2242
2025-02-04,10:45:00,76.2,76.3,76.1,76.3,2678
2025-02-04,11:15:00,76.2,76.3,76.0,76.2,3809
2025-02-04,11:45:00,76.2,76.3,76.1,76.1,6326
2025-02-04,12:15:00,76.2,76.5,76.1,76.2,8314
2025-02-04,12:45:00,76.1,76.3,76.1,76.3,1251
2025-02-04,13:15:00,76.3,76.5,76.1,76.1,3566
2025-02-04,13:45:00,76.2,76.3,76.2,76.3,673
2025-02-04,14:15:00,76.2,76.7,76.2,76.6,10148
2025-02-04,14:45:00,76.6,77.0,76.6,76.9,9320
2025-02-05,10:15:00,77.1,77.2,76.7,76.9,10277
2025-02-05,10:45:00,76.8,76.9,76.6,76.9,4950
2025-02-05,11:15:00,76.9,77.0,76.8,76.9,10235
2025-02-05,11:45:00,76.8,77.0,76.8,77.0,6125
2025-02-05,12:15:00,77.0,77.3,77.0,77.3,6784
2025-02-05,12:45:00,77.2,77.3,76.8,77.3,9237
2025-02-05,13:15:00,77.2,77.4,77.2,77.4,6174
2025-02-05,13:45:00,77.3,77.4,77.0,77.3,31453
2025-02-05,14:15:00,77.4,77.6,77.0,77.2,17791
2025-02-05,14:45:00,77.0,77.2,76.8,77.0,3421
2025-02-06,10:00:00,76.7,77.1,76.7,77.0,858
2025-02-06,10:30:00,76.9,77.0,76.8,76.9,6691
2025-02-06,11:00:00,76.9,77.2,76.8,76.9,5728
2025-02-06,11:30:00,77.0,77.1,77.0,77.0,8145
2025-02-06,12:00:00,77.0,77.0,76.9,77.0,9465
2025-02-06,12:30:00,77.1,77.1,77.0,77.1,7025
2025-02-06,13:00:00,77.0,77.0,76.9,77.0,4808
2025-02-06,13:30:00,77.0,77.0,76.8,77.0,2021
2025-02-06,14:00:00,77.0,77.1,76.8,77.0,11975
2025-02-06,14:30:00,76.8,77.0,76.7,76.8,9308
2025-02-09,10:15:00,77.1,77.4,77.0,77.4,6435
2025-02-09,10:45:00,77.4,77.5,77.4,77.5,6628
2025-02-09,11:15:00,77.5,77.6,77.4,77.5,5438
2025-02-09,11:45:00,77.5,77.5,77.3,77.4,2996
2025-02-09,12:15:00,77.3,77.5,77.3,77.5,1249
2025-02-09,12:45:00,77.4,77.5,77.3,77.5,261
2025-02-09,13:15:00,77.5,77.5,77.3,77.4,956
2025-02-09,13:45:00,77.4,77.5,77.3,77.4,4501
2025-02-09,14:15:00,77.4,78.4,77.4,78.1,42704
2025-02-09,14:45:00,78.1,78.2,78.0,78.2,11871
2025-02-10,10:15:00,78.2,78.4,78.1,78.3,6188
2025-02-10,10:45:00,78.3,78.3,78.1,78.3,13416
2025-02-10,11:15:00,78.3,78.3,78.0,78.0,3372
2025-02-10,11:45:00,78.0,78.1,77.7,77.7,6056
2025-02-10,12:15:00,77.8,77.9,77.6,77.7,1461
2025-02-10,12:45:00,77.6,77.6,77.4,77.5,3687
2025-02-10,13:15:00,77.5,77.6,77.4,77.5,1644
2025-02-10,13:45:00,77.4,77.5,77.2,77.5,5093
2025-02-10,14:15:00,77.3,77.5,77.3,77.5,2020
2025-02-10,14:45:00,77.6,77.6,77.1,77.5,3131
2025-02-11,10:15:00,77.5,77.5,76.8,77.0,4171
2025-02-11,10:45:00,77.0,77.2,76.9,77.0,2842
2025-02-11,11:15:00,77.1,77.1,76.7,76.7,2961
2025-02-11,11:45:00,76.8,76.9,76.7,76.8,1695
2025-02-11,12:15:00,76.7,76.9,76.7,76.8,908
2025-02-11,12:45:00,76.7,76.8,76.5,76.5,6259
2025-02-11,13:15:00,76.7,76.8,76.7,76.8,1321
2025-02-11,13:45:00,76.7,76.8,76.6,76.8,926
2025-02-11,14:15:00,76.7,76.8,76.7,76.8,2105
2025-02-11,14:45:00,76.8,76.9,76.6,76.6,4611
2025-02-12,10:15:00,76.7,76.7,76.4,76.4,3228
2025-02-12,10:45:00,76.4,76.6,76.2,76.6,3377
2025-02-12,11:15:00,76.6,76.6,76.4,76.4,993
2025-02-12,11:45:00,76.6,77.1,76.4,76.9,9810
2025-02-12,12:15:00,76.9,77.0,76.8,76.9,499
2025-02-12,12:45:00,76.9,77.0,76.5,76.6,1376
2025-02-12,13:15:00,76.6,76.9,76.4,76.5,2158
2025-02-12,13:45:00,76.5,76.6,76.2,76.2,1949
2025-02-12,14:15:00,76.2,76.6,76.1,76.5,2486
2025-02-12,14:45:00,76.5,76.8,76.3,76.6,2323
2025-02-13,10:15:00,76.4,76.7,76.1,76.7,12291
2025-02-13,10:45:00,76.7,76.7,76.4,76.4,674
2025-02-13,11:30:00,76.3,76.4,76.2,76.4,858
2025-02-13,12:00:00,76.3,76.3,76.1,76.3,2011
2025-02-13,12:30:00,76.2,76.4,75.9,75.9,5164
2025-02-13,13:00:00,75.8,76.0,75.7,75.8,11804
2025-02-13,13:30:00,75.8,75.8,75.7,75.7,3511
2025-02-13,14:00:00,75.6,75.9,75.6,75.9,1016
2025-02-13,14:30:00,75.8,75.9,75.7,75.7,2427
2025-02-16,10:15:00,75.9,76.2,75.8,76.2,1329
2025-02-16,10:45:00,76.1,76.4,76.0,76.2,2940
2025-02-16,11:15:00,76.3,76.5,76.2,76.2,914
2025-02-16,11:45:00,76.4,76.4,75.7,76.1,14206
2025-02-16,12:15:00,76.1,76.2,75.8,75.9,2260
2025-02-16,12:45:00,75.9,76.0,75.7,75.7,2766
2025-02-16,13:15:00,75.7,75.8,75.6,75.8,1323
2025-02-16,13:45:00,75.8,75.8,75.0,75.2,15601
2025-02-16,14:15:00,75.1,75.2,74.8,75.0,4577
2025-02-16,14:45:00,75.0,75.0,74.6,74.7,10016
2025-02-17,10:15:00,74.5,74.8,74.3,74.6,5983
2025-02-17,10:45:00,74.7,74.7,74.2,74.4,1549
2025-02-17,11:15:00,74.4,74.4,74.1,74.3,5341
2025-02-17,11:45:00,74.3,74.6,74.2,74.4,18467
2025-02-17,12:15:00,74.4,74.6,74.2,74.6,2941
2025-02-17,12:45:00,74.6,74.7,74.5,74.7,851
2025-02-17,13:15:00,74.7,74.7,74.5,74.6,951
2025-02-17,13:45:00,74.6,75.3,74.5,75.3,7122
2025-02-17,14:15:00,75.3,75.4,75.2,75.3,14047
2025-02-17,14:45:00,75.3,75.4,75.3,75.3,4861
2025-02-18,10:15:00,75.7,76.2,75.5,76.2,5714
2025-02-18,10:45:00,76.2,76.3,76.0,76.1,4802
2025-02-18,11:15:00,76.1,77.4,76.1,77.0,31416
2025-02-18,11:45:00,77.0,77.2,77.0,77.1,3413
2025-02-18,12:15:00,77.1,77.2,77.0,77.0,5745
2025-02-18,12:45:00,77.0,77.0,76.9,77.0,6011
2025-02-18,13:15:00,77.0,77.0,76.9,76.9,2640
2025-02-18,13:45:00,76.9,77.0,76.9,76.9,5476
2025-02-18,14:15:00,76.9,77.0,76.8,76.9,10424
2025-02-18,14:45:00,76.9,77.0,76.9,77.0,3512
2025-02-19,10:00:00,77.4,77.7,77.3,77.5,15902
2025-02-19,10:30:00,77.6,77.6,77.3,77.4,8941
2025-02-19,11:00:00,77.4,78.2,77.4,77.4,21312
2025-02-19,11:30:00,77.5,77.6,77.3,77.5,7846
2025-02-19,12:00:00,77.5,77.5,77.4,77.4,2127
2025-02-19,12:30:00,77.4,77.4,77.3,77.4,10703
2025-02-19,13:00:00,77.5,77.6,77.3,77.3,4809
2025-02-19,13:30:00,77.3,77.4,77.3,77.4,1626
2025-02-19,14:00:00,77.4,77.4,77.3,77.3,3467
2025-02-19,14:30:00,77.3,77.5,77.3,77.3,3427
2025-02-19,15:00:00,77.5,77.5,77.5,77.5,2244
2025-02-20,10:00:00,77.9,77.9,77.0,77.1,9102
2025-02-20,10:30:00,77.1,77.4,77.1,77.4,3708
2025-02-20,11:00:00,77.4,77.5,77.3,77.5,1698
2025-02-20,11:30:00,77.5,77.5,77.4,77.4,552
2025-02-20,12:00:00,77.4,77.5,77.2,77.5,7201
2025-02-20,12:30:00,77.3,77.4,77.0,77.3,5561
2025-02-20,13:00:00,77.3,77.4,77.3,77.3,1134
2025-02-20,13:30:00,77.3,77.5,77.3,77.3,4384
2025-02-20,14:00:00,77.5,77.5,77.3,77.4,1815
2025-02-20,14:30:00,77.4,77.7,77.3,77.4,11295
2025-02-20,15:00:00,77.6,77.6,77.6,77.6,8004
2025-02-24,10:00:00,77.3,77.4,77.3,77.4,3315
2025-02-24,10:30:00,77.4,77.6,77.3,77.4,2872
2025-02-24,11:00:00,77.6,78.2,77.6,78.0,10968
2025-02-24,11:30:00,78.1,78.8,78.0,78.7,15562
2025-02-24,12:00:00,78.8,78.8,78.2,78.3,10882
2025-02-24,12:30:00,78.3,78.3,78.0,78.3,4317
2025-02-24,13:00:00,78.4,78.7,78.4,78.6,6506
2025-02-24,13:30:00,78.6,78.7,78.2,78.6,9841
2025-02-24,14:00:00,78.6,78.8,78.6,78.6,4018
2025-02-24,14:30:00,78.6,78.7,78.5,78.6,6001
2025-02-24,15:00:00,78.5,78.5,78.5,78.5,1343
2025-02-25,10:00:00,78.5,79.0,77.8,79.0,13687
2025-02-25,10:30:00,79.0,79.0,78.6,78.9,5056
2025-02-25,11:00:00,78.8,79.4,78.7,79.0,19337
2025-02-25,11:30:00,79.0,79.3,78.7,79.1,5656
2025-02-25,12:00:00,79.0,79.0,78.9,78.9,1946
2025-02-25,12:30:00,78.9,78.9,78.6,78.7,5631
2025-02-25,13:00:00,78.7,78.9,78.7,78.9,3692
2025-02-25,13:30:00,78.9,79.2,78.8,79.1,5680
2025-02-25,14:00:00,79.2,79.2,79.1,79.1,1069
2025-02-25,14:30:00,79.0,79.3,79.0,79.3,6785
2025-02-25,15:00:00,79.3,79.3,79.3,79.3,4081
2025-02-26,10:00:00,79.3,80.0,79.3,79.6,19009
2025-02-26,10:30:00,79.6,79.8,79.5,79.7,12592
2025-02-26,11:00:00,79.8,79.8,79.4,79.6,21861
2025-02-26,11:30:00,79.6,79.6,79.6,79.6,11810
2025-02-26,12:00:00,79.6,79.7,79.5,79.6,15366
2025-02-26,12:30:00,79.6,79.7,79.4,79.6,12410
2025-02-26,13:00:00,79.6,79.7,79.5,79.6,11631
2025-02-26,13:30:00,79.5,79.6,79.4,79.5,11950
2025-02-26,14:00:00,79.5,79.6,79.5,79.6,7427
2025-02-26,14:30:00,79.6,79.7,79.4,79.5,10246
2025-02-26,15:00:00,79.8,79.8,79.8,79.8,6825
2025-02-27,10:00:00,80.0,80.6,79.6,80.6,11566
2025-02-27,10:30:00,80.6,80.8,80.4,80.5,6825
2025-02-27,11:00:00,80.5,81.5,80.4,81.4,35900
2025-02-27,11:30:00,81.4,81.7,80.0,80.4,21660
2025-02-27,12:00:00,80.5,80.6,79.9,79.9,14893
2025-02-27,12:30:00,80.0,80.3,79.8,79.9,24282
2025-02-27,13:00:00,79.9,80.0,79.8,79.9,2952
2025-02-27,13:30:00,79.9,80.0,79.8,79.9,5669
2025-02-27,14:00:00,79.9,80.0,79.8,79.8,3036
2025-02-27,14:30:00,79.8,80.0,79.8,79.9,6381
2025-02-27,15:00:00,79.9,79.9,79.9,79.9,60081
2025-03-02,10:00:00,79.7,79.9,79.4,79.9,7183
2025-03-02,10:30:00,79.7,79.7,79.5,79.5,1908
2025-03-02,11:00:00,79.5,79.5,79.4,79.5,4451
2025-03-02,11:30:00,79.5,79.6,79.5,79.5,2711
2025-03-02,12:00:00,79.5,79.6,79.1,79.3,9822
2025-03-02,12:30:00,79.3,79.4,79.3,79.3,2186
2025-03-02,13:00:00,79.3,79.3,79.3,79.3,3078
2025-03-02,13:30:00,79.3,79.3,79.0,79.2,3964
2025-03-02,14:00:00,79.2,79.3,79.2,79.2,4348
2025-03-02,14:30:00,79.2,79.3,78.8,79.3,13834
2025-03-02,15:00:00,79.2,79.2,79.2,79.2,350
2025-03-03,10:00:00,79.2,80.3,78.9,80.0,9223
2025-03-03,10:30:00,80.3,80.3,80.0,80.1,6375
2025-03-03,11:00:00,80.0,80.3,80.0,80.1,6129
2025-03-03,11:30:00,80.3,80.3,80.0,80.1,3282
2025-03-03,12:00:00,80.1,80.3,80.0,80.1,1851
2025-03-03,12:30:00,80.1,80.3,80.0,80.1,2571
2025-03-03,13:00:00,80.0,80.1,79.9,80.1,8792
2025-03-03,13:30:00,80.0,80.2,79.7,79.8,7118
2025-03-03,14:00:00,79.9,80.1,79.7,80.0,4860
2025-03-03,14:30:00,80.0,80.1,80.0,80.0,2796
2025-03-04,10:15:00,79.1,79.1,78.0,79.1,8706
2025-03-04,10:45:00,79.2,79.5,78.8,79.1,6017
2025-03-04,11:15:00,79.0,79.1,78.8,79.0,5137
2025-03-04,11:45:00,79.1,79.1,78.7,79.0,6364
2025-03-04,12:15:00,79.0,79.1,79.0,79.0,6570
2025-03-04,12:45:00,79.0,79.1,78.7,78.7,5657
2025-03-04,13:15:00,78.7,78.8,78.5,78.8,3415
2025-03-04,13:45:00,79.0,79.1,79.0,79.1,3372
2025-03-04,14:15:00,79.0,79.0,78.1,78.9,10942
2025-03-04,14:45:00,78.9,79.0,78.9,78.9,8992
2025-03-05,10:15:00,79.0,79.4,79.0,79.4,347
2025-03-05,10:45:00,79.2,79.8,79.2,79.8,2700
2025-03-05,11:15:00,79.8,79.8,79.6,79.6,537
2025-03-05,11:45:00,79.6,79.7,79.5,79.7,1133
2025-03-05,12:15:00,79.6,79.7,79.3,79.6,5322
2025-03-05,12:45:00,79.6,79.7,79.2,79.6,3896
2025-03-05,13:15:00,79.6,79.7,79.3,79.3,1292
2025-03-05,13:45:00,79.3,79.4,78.3,79.3,21390
2025-03-05,14:15:00,79.3,79.5,79.1,79.5,5576
2025-03-05,14:45:00,79.6,79.9,79.3,79.6,8858
2025-03-06,10:15:00,78.4,78.4,76.8,77.8,12064
2025-03-06,10:45:00,77.5,77.5,76.2,76.3,4249
2025-03-06,11:15:00,76.4,76.5,75.8,76.1,5871
2025-03-06,11:45:00,75.9,76.0,75.1,75.2,9464
2025-03-06,12:15:00,75.2,75.3,73.9,74.0,16369
2025-03-06,12:45:00,74.0,74.5,74.0,74.3,4739
2025-03-06,13:15:00,74.2,74.2,73.6,73.9,10555
2025-03-06,13:45:00,74.0,74.5,74.0,74.2,2454
2025-03-06,14:15:00,74.2,74.8,74.0,74.3,7530
2025-03-06,14:45:00,74.3,74.8,74.3,74.8,8523
2025-03-09,10:15:00,74.0,74.3,73.9,74.0,1108
2025-03-09,10:45:00,74.2,74.2,73.0,73.0,6368
2025-03-09,11:15:00,73.0,73.9,73.0,73.2,2493
2025-03-09,11:45:00,73.3,73.8,73.3,73.8,963
2025-03-09,12:15:00,73.8,74.8,73.8,74.5,3307
2025-03-09,12:45:00,74.4,74.5,74.0,74.1,1391
2025-03-09,13:15:00,74.2,74.5,74.2,74.4,444
2025-03-09,13:45:00,74.4,74.8,74.4,74.7,1405
2025-03-09,14:15:00,74.7,75.4,74.7,75.4,2047
2025-03-09,14:45:00,75.5,75.9,74.8,75.9,2568
2025-03-10,10:15:00,74.9,74.9,73.5,73.9,3670
2025-03-10,10:45:00,74.2,74.7,73.9,74.3,2942
2025-03-10,11:15:00,74.3,74.7,74.3,74.7,1673
2025-03-10,11:45:00,74.5,74.8,74.5,74.8,117
2025-03-10,12:15:00,74.8,74.8,74.6,74.8,149
2025-03-10,12:45:00,74.6,75.0,74.4,74.7,1735
2025-03-10,13:15:00,74.7,75.5,74.7,75.5,2423
2025-03-10,13:45:00,75.4,75.4,75.0,75.0,1041
2025-03-10,14:15:00,74.9,75.2,74.9,74.9,843
2025-03-10,14:45:00,74.9,75.1,74.6,75.1,3449
2025-03-11,10:15:00,72.9,72.9,72.1,72.6,4064
2025-03-11,10:45:00,72.6,73.5,72.6,73.2,5374
2025-03-11,11:15:00,73.4,74.0,73.3,73.7,1345
2025-03-11,11:45:00,73.6,74.1,73.6,73.9,4831
2025-03-11,12:15:00,73.8,74.2,73.7,74.2,972
2025-03-11,12:45:00,74.2,74.3,73.9,74.0,4905
2025-03-11,13:15:00,74.0,74.1,73.4,74.0,6986
2025-03-11,13:45:00,73.9,74.0,73.6,74.0,4224
2025-03-11,14:15:00,74.1,74.6,74.1,74.5,1045
2025-03-11,14:45:00,74.4,75.0,73.8,75.0,3951
2025-03-12,10:00:00,75.0,75.0,74.5,74.6,1188
2025-03-12,10:30:00,74.6,74.6,74.6,74.6,390
2025-03-12,11:00:00,74.6,74.9,74.5,74.8,1437
2025-03-12,11:30:00,74.8,75.3,74.5,74.6,2069
2025-03-12,12:00:00,74.9,75.0,74.6,75.0,1488
2025-03-12,12:30:00,74.8,75.9,74.8,75.7,1583
2025-03-12,13:00:00,75.7,76.5,75.6,75.8,4324
2025-03-12,13:30:00,75.8,76.4,75.7,76.0,1618
2025-03-12,14:00:00,76.0,76.2,75.7,75.7,1129
2025-03-12,14:30:00,75.8,75.8,75.1,75.2,1732
2025-03-13,10:15:00,75.0,75.3,75.0,75.3,548
2025-03-13,10:45:00,75.1,75.3,74.8,75.3,321
2025-03-13,11:15:00,75.3,75.3,75.0,75.1,30
2025-03-13,11:45:00,75.0,75.0,74.5,74.5,1114
2025-03-13,12:15:00,74.7,74.9,74.5,74.9,894
2025-03-13,12:45:00,74.9,74.9,74.5,74.7,612
2025-03-13,13:15:00,74.9,74.9,74.5,74.6,346
2025-03-13,13:45:00,74.6,74.7,74.4,74.7,1391
2025-03-13,14:15:00,74.5,75.0,74.5,74.8,871
2025-03-13,14:45:00,74.8,75.0,74.5,75.0,8462
2025-03-16,10:15:00,75.2,75.2,74.5,74.5,584
2025-03-16,11:00:00,74.6,74.9,74.5,74.9,833
2025-03-16,11:30:00,74.9,75.0,74.5,75.0,1998
2025-03-16,12:00:00,75.0,76.0,74.8,75.0,6783
2025-03-16,12:30:00,75.3,75.3,74.9,75.0,2237
2025-03-16,13:00:00,75.1,75.4,75.1,75.3,845
2025-03-16,13:30:00,75.3,75.5,75.1,75.5,2576
2025-03-16,14:00:00,75.3,75.4,75.0,75.3,1479
2025-03-16,14:30:00,75.3,75.4,75.1,75.4,1700
2025-03-17,10:15:00,74.6,75.0,74.5,74.8,941
2025-03-17,10:45:00,74.7,75.1,74.7,75.1,1877
2025-03-17,11:15:00,75.2,75.2,74.8,75.2,2539
2025-03-17,11:45:00,75.1,75.2,74.9,74.9,1978
2025-03-17,12:15:00,74.9,75.1,74.9,75.1,120
2025-03-17,12:45:00,75.0,75.0,74.6,74.7,2109
2025-03-17,13:15:00,74.6,74.7,74.4,74.4,1282
2025-03-17,13:45:00,74.5,74.7,74.4,74.7,1129
2025-03-17,14:15:00,74.5,74.7,74.4,74.5,882
2025-03-17,14:45:00,74.5,74.5,74.3,74.4,1769
2025-03-18,10:15:00,73.4,73.5,72.0,72.2,21685
2025-03-18,10:45:00,72.5,72.8,72.3,72.8,2517
2025-03-18,11:15:00,72.8,72.9,72.8,72.9,2647
2025-03-18,11:45:00,72.9,73.0,72.8,72.9,1885
2025-03-18,12:15:00,72.9,73.0,72.8,73.0,1625
2025-03-18,12:45:00,73.0,73.1,72.9,72.9,1456
2025-03-18,13:15:00,72.9,72.9,70.8,71.9,28698
2025-03-18,13:45:00,71.9,72.0,71.5,71.5,3637
2025-03-18,14:15:00,71.6,72.0,71.6,72.0,4021
2025-03-18,14:45:00,72.1,72.8,72.0,72.8,9924
2025-03-19,10:15:00,71.3,71.5,71.2,71.3,3917
2025-03-19,10:45:00,71.3,71.7,71.2,71.6,1108
2025-03-19,11:15:00,71.7,71.8,71.6,71.7,4459
2025-03-19,11:45:00,71.7,71.7,71.4,71.5,3142
2025-03-19,12:15:00,71.5,71.7,71.3,71.5,2696
2025-03-19,12:45:00,71.4,71.8,71.3,71.8,2431
2025-03-19,13:15:00,71.8,72.0,71.8,71.9,1908
2025-03-19,13:45:00,71.8,71.9,71.1,71.1,4736
2025-03-19,14:15:00,71.3,71.7,71.2,71.7,8310
2025-03-19,14:45:00,71.7,71.9,71.6,71.8,15708
2025-03-20,10:15:00,70.9,71.1,70.7,70.9,2712
2025-03-20,10:45:00,70.8,71.0,70.8,70.9,4993
2025-03-20,11:15:00,71.0,71.2,71.0,71.2,1856
2025-03-20,11:45:00,71.2,71.2,70.9,71.0,992
2025-03-20,12:15:00,71.0,71.1,70.9,71.0,3067
2025-03-20,12:45:00,71.0,71.2,70.9,71.2,4814
2025-03-20,13:15:00,71.1,71.3,70.8,71.0,4754
2025-03-20,13:45:00,71.1,71.1,70.9,71.1,2113
2025-03-20,14:15:00,71.3,71.3,71.0,71.3,2485
2025-03-20,14:45:00,71.4,71.8,71.0,71.8,18861
2025-03-23,10:00:00,71.8,71.9,71.3,71.7,675
2025-03-23,10:30:00,71.8,71.8,71.8,71.8,486
2025-03-23,11:00:00,71.8,71.8,71.5,71.5,251
2025-03-23,11:30:00,71.4,71.6,71.3,71.3,56
2025-03-23,12:00:00,71.4,71.4,71.3,71.4,10
2025-03-23,12:30:00,71.5,71.6,71.3,71.3,1639
2025-03-23,13:00:00,71.2,71.4,71.2,71.4,1052
2025-03-23,13:45:00,71.5,71.5,71.5,71.5,50
2025-03-23,14:15:00,71.5,71.5,71.3,71.3,143
2025-03-23,14:45:00,71.3,71.4,71.3,71.3,1645
2025-03-24,10:15:00,70.6,70.9,70.5,70.5,1686
2025-03-24,10:45:00,70.5,70.8,70.5,70.8,277
2025-03-24,11:15:00,70.9,71.9,70.8,71.2,2659
2025-03-24,11:45:00,71.2,71.3,71.1,71.2,1161
2025-03-24,12:15:00,71.1,71.5,71.0,71.5,1441
2025-03-24,12:45:00,71.5,71.6,71.4,71.6,722
2025-03-24,13:15:00,71.3,71.5,71.2,71.5,1320
2025-03-24,13:45:00,71.6,71.8,71.2,71.6,5306
2025-03-24,14:15:00,71.5,71.6,71.3,71.4,710
2025-03-24,14:45:00,71.5,71.8,71.5,71.8,4713
2025-03-25,10:15:00,71.2,71.6,70.9,71.6,1785
2025-03-25,10:45:00,71.3,71.8,71.3,71.7,2078
2025-03-25,11:15:00,71.4,71.5,71.3,71.3,503
2025-03-25,11:45:00,71.4,71.7,71.2,71.4,664
2025-03-25,12:15:00,71.3,71.5,70.9,70.9,3680
2025-03-25,12:45:00,71.0,71.1,70.8,70.9,2696
2025-03-25,13:15:00,70.9,71.1,70.8,71.1,1335
2025-03-25,13:45:00,71.2,71.2,70.9,70.9,2065
2025-03-25,14:15:00,70.9,71.0,70.9,70.9,1268
2025-03-25,14:45:00,70.9,71.0,70.8,70.8,1963
2025-03-26,10:15:00,71.1,71.4,71.0,71.0,815
2025-03-26,10:45:00,71.4,71.6,71.1,71.5,3160
2025-03-26,11:15:00,71.5,71.9,71.5,71.9,3173
2025-03-26,11:45:00,71.9,72.0,71.7,71.8,2922
2025-03-26,12:15:00,72.0,72.1,71.9,72.0,2436
2025-03-26,13:00:00,72.0,72.2,72.0,72.2,1744
2025-03-26,13:30:00,72.2,72.2,71.7,72.2,5814
2025-03-26,14:00:00,72.2,72.4,72.1,72.3,2222
2025-03-26,14:30:00,72.4,72.5,72.3,72.5,3515
2025-03-26,15:00:00,72.3,72.3,72.3,72.3,11542
2025-03-27,10:00:00,72.5,73.2,72.5,72.8,3107
2025-03-27,10:30:00,72.7,72.7,72.5,72.7,707
2025-03-27,11:00:00,72.7,72.8,72.4,72.5,3013
2025-03-27,11:30:00,72.5,72.9,72.4,72.9,2469
2025-03-27,12:00:00,72.9,73.4,72.7,72.9,7143
2025-03-27,12:30:00,73.1,73.4,73.1,73.3,1750
2025-03-27,13:00:00,73.3,73.4,73.0,73.0,1452
2025-03-27,13:30:00,73.1,73.2,73.0,73.2,596
2025-03-27,14:00:00,73.2,73.3,73.2,73.2,390
2025-03-27,14:30:00,73.2,73.8,73.1,73.6,3239
2025-03-27,15:00:00,74.0,74.0,74.0,74.0,3501
2025-04-03,10:00:00,73.3,73.3,72.0,73.1,6807
2025-04-03,10:30:00,73.3,74.0,73.0,74.0,1312
2025-04-03,11:00:00,74.0,74.2,74.0,74.0,2646
2025-04-03,11:30:00,73.7,73.9,73.5,73.5,389
2025-04-03,12:00:00,73.6,73.8,73.4,73.4,401
2025-04-03,12:30:00,73.5,73.9,73.4,73.9,976
2025-04-03,13:00:00,73.7,73.7,73.0,73.0,942
2025-04-03,13:30:00,73.2,73.4,73.1,73.3,721
2025-04-03,14:00:00,73.2,73.4,73.0,73.4,560
2025-04-03,14:30:00,73.4,73.5,73.0,73.3,1880
2025-04-06,10:15:00,70.9,70.9,70.0,70.2,6888
2025-04-06,10:45:00,70.1,71.5,70.0,71.5,1081
2025-04-06,11:15:00,71.5,71.6,71.0,71.3,1172
2025-04-06,11:45:00,71.3,71.5,70.7,70.7,2019
2025-04-06,12:15:00,71.0,71.0,70.5,70.8,2148
2025-04-06,12:45:00,70.8,70.8,70.3,70.4,1210
2025-04-06,13:15:00,70.4,70.6,70.3,70.3,3840
2025-04-06,13:45:00,70.3,70.3,70.0,70.1,5600
2025-04-06,14:15:00,70.1,70.1,69.5,69.5,3804
2025-04-06,14:45:00,69.5,69.5,68.1,68.2,7991
2025-04-07,10:15:00,65.1,66.2,65.0,65.9,13573
2025-04-07,10:45:00,65.9,66.9,65.9,66.9,10010
2025-04-07,11:15:00,66.9,68.1,66.8,68.1,7143
2025-04-07,11:45:00,68.2,68.9,68.0,68.7,1506
2025-04-07,12:15:00,68.7,68.7,67.0,67.8,7933
2025-04-07,12:45:00,67.7,68.5,67.7,68.2,5062
2025-04-07,13:15:00,68.2,68.2,67.8,67.8,2779
2025-04-07,13:45:00,68.0,68.1,67.3,67.8,5183
2025-04-07,14:15:00,67.8,68.2,67.8,67.9,8858
2025-04-07,14:45:00,67.9,68.0,67.4,68.0,2659
2025-04-08,10:15:00,69.6,70.7,69.5,70.6,12701
2025-04-08,10:45:00,70.6,71.4,70.5,70.6,8931
2025-04-08,11:15:00,70.8,71.0,70.2,70.5,2442
2025-04-08,11:45:00,70.6,70.6,70.1,70.1,3982
2025-04-08,12:15:00,70.3,70.3,69.6,69.9,6003
2025-04-08,12:45:00,70.0,70.0,69.5,69.5,807
2025-04-08,13:15:00,69.6,69.7,69.2,69.7,1437
2025-04-08,13:45:00,69.7,69.8,69.1,69.1,2278
2025-04-08,14:15:00,69.2,69.7,69.1,69.6,3302
2025-04-08,14:45:00,69.7,69.9,69.3,69.8,2089
2025-04-09,10:00:00,70.0,70.0,69.2,69.7,1439
2025-04-09,10:30:00,69.8,70.0,69.8,70.0,1745
2025-04-09,11:00:00,70.0,70.0,69.3,69.3,4310
2025-04-09,11:30:00,69.3,69.5,69.3,69.4,387
2025-04-09,12:00:00,69.2,69.2,69.0,69.1,1276
2025-04-09,12:30:00,69.0,69.0,68.8,68.8,1814
2025-04-09,13:00:00,68.9,69.2,68.9,69.2,605
2025-04-09,13:30:00,69.2,69.2,68.6,68.6,2991
2025-04-09,14:00:00,68.8,68.8,67.8,67.8,3059
2025-04-09,14:30:00,68.0,68.0,67.0,67.2,5320
2025-04-09,15:00:00,67.9,67.9,67.9,67.9,1381
2025-04-10,10:00:00,70.0,70.5,69.3,70.3,10681
2025-04-10,10:30:00,70.3,70.5,70.2,70.5,2648
2025-04-10,11:00:00,70.5,70.5,69.8,69.8,2841
2025-04-10,11:30:00,69.9,70.2,69.8,70.0,1359
2025-04-10,12:00:00,70.2,70.2,69.5,69.5,4245
2025-04-10,12:45:00,69.9,70.1,69.8,69.9,615
2025-04-10,13:15:00,70.0,70.2,70.0,70.0,452
2025-04-10,13:45:00,70.0,70.0,69.7,69.7,2376
2025-04-10,14:15:00,69.7,70.1,69.6,69.9,8174
2025-04-10,14:45:00,69.9,70.0,69.6,70.0,2177
2025-04-13,10:15:00,70.0,70.2,70.0,70.1,6988
2025-04-13,10:45:00,70.1,70.1,69.7,70.0,8518
2025-04-13,11:15:00,70.0,70.9,70.0,70.8,6172
2025-04-13,11:45:00,70.8,71.0,70.7,71.0,6139
2025-04-13,12:15:00,71.0,71.0,70.9,70.9,2567
2025-04-13,12:45:00,70.8,71.0,70.6,70.9,3675
2025-04-13,13:15:00,70.9,71.0,70.4,70.5,5282
2025-04-13,13:45:00,70.5,70.5,70.3,70.3,2016
2025-04-13,14:15:00,70.3,70.3,69.9,70.0,2957
2025-04-13,14:45:00,69.8,70.5,69.7,70.5,3424
2025-04-14,10:15:00,70.1,70.2,69.8,70.2,5122
2025-04-14,10:45:00,70.3,70.5,70.2,70.3,1502
2025-04-14,11:15:00,70.4,70.4,70.3,70.4,560
2025-04-14,11:45:00,70.4,70.7,70.2,70.3,12076
2025-04-14,12:15:00,70.5,70.7,70.4,70.4,2714
2025-04-14,12:45:00,70.5,70.6,70.4,70.6,1597
2025-04-14,13:15:00,70.5,70.7,70.4,70.7,3943
2025-04-14,13:45:00,70.7,70.8,70.5,70.7,4289
2025-04-14,14:15:00,70.6,71.0,70.5,70.7,7341
2025-04-14,14:45:00,70.9,70.9,70.6,70.6,5332
2025-04-15,10:00:00,70.9,72.0,70.9,71.7,10252
2025-04-15,10:30:00,71.6,72.0,71.5,72.0,10395
2025-04-15,11:00:00,71.9,72.7,71.9,72.5,7932
2025-04-15,11:30:00,72.7,72.7,72.4,72.6,2542
2025-04-15,12:00:00,72.6,72.7,72.4,72.7,3206
2025-04-15,12:30:00,72.6,72.7,72.5,72.5,1191
2025-04-15,13:00:00,72.6,72.8,72.5,72.5,1233
2025-04-15,13:30:00,72.5,72.6,71.9,72.1,4423
2025-04-15,14:00:00,72.3,72.4,71.8,71.9,2056
2025-04-15,14:30:00,71.9,72.4,71.8,72.4,8074
2025-04-16,10:15:00,72.4,73.4,72.4,73.2,9881
2025-04-16,10:45:00,73.0,73.0,72.9,73.0,2189
2025-04-16,11:15:00,73.2,73.8,73.0,73.7,16408
2025-04-16,11:45:00,73.7,73.7,73.5,73.5,1139
2025-04-16,12:15:00,73.6,73.7,73.3,73.4,2332
2025-04-16,12:45:00,73.4,73.9,73.4,73.9,4070
2025-04-16,13:15:00,73.9,73.9,73.6,73.7,649
2025-04-16,13:45:00,73.7,73.9,73.6,73.8,1056
2025-04-16,14:15:00,73.8,73.8,73.7,73.7,1491
2025-04-16,14:45:00,73.7,73.8,73.3,73.3,4666
2025-04-17,10:00:00,73.3,73.3,72.5,72.7,2289
2025-04-17,10:30:00,72.7,73.3,72.7,73.3,885
2025-04-17,11:00:00,73.3,74.3,73.3,74.3,3913
2025-04-17,11:30:00,74.2,74.3,73.8,73.8,4185
2025-04-17,12:00:00,73.8,74.2,73.8,74.0,3397
2025-04-17,12:30:00,74.0,74.1,73.7,74.0,3132
2025-04-17,13:00:00,74.0,74.0,73.8,74.0,1672
2025-04-17,13:30:00,74.0,74.2,73.9,74.2,1206
2025-04-17,14:00:00,74.2,74.2,73.9,73.9,3134
2025-04-17,14:30:00,73.9,74.1,73.8,74.0,4548
2025-04-20,10:15:00,74.5,74.9,74.5,74.8,1277
2025-04-20,10:45:00,74.6,74.8,74.5,74.7,2091
2025-04-20,11:15:00,74.8,74.8,74.7,74.7,729
2025-04-20,11:45:00,74.7,74.8,74.5,74.7,1576
2025-04-20,12:15:00,74.6,74.7,74.5,74.5,1502
2025-04-20,12:45:00,74.7,74.7,74.4,74.4,1762
2025-04-20,13:30:00,74.4,74.6,74.4,74.6,257
2025-04-20,14:00:00,74.6,74.6,74.4,74.6,645
2025-04-20,14:30:00,74.5,74.6,74.4,74.5,1977
2025-04-21,10:15:00,74.2,74.3,73.0,73.6,7742
2025-04-21,10:45:00,73.6,73.8,73.6,73.6,1304
2025-04-21,11:15:00,73.6,73.8,73.6,73.6,358
2025-04-21,11:45:00,73.5,73.5,73.0,73.2,2045
2025-04-21,12:15:00,73.2,73.4,73.2,73.4,1090
2025-04-21,12:45:00,73.4,73.4,73.1,73.1,696
2025-04-21,13:15:00,73.0,73.1,73.0,73.0,1004
2025-04-21,13:45:00,73.0,73.3,72.9,73.2,2476
2025-04-21,14:15:00,73.3,73.3,73.2,73.2,1500
2025-04-21,14:45:00,73.3,73.3,73.0,73.0,3039
2025-04-22,10:15:00,72.6,72.6,72.2,72.3,771
2025-04-22,10:45:00,72.2,72.6,72.0,72.5,1586
2025-04-22,11:30:00,72.7,72.7,72.3,72.3,558
2025-04-22,12:00:00,72.4,72.4,71.9,72.0,1938
2025-04-22,12:30:00,72.2,72.2,71.9,71.9,1623
2025-04-22,13:00:00,72.0,72.0,71.8,71.8,760
2025-04-22,13:30:00,71.8,71.8,71.6,71.7,833
2025-04-22,14:00:00,71.7,71.9,71.5,71.7,1175
2025-04-22,14:30:00,71.6,71.8,71.4,71.4,3170
2025-04-22,15:00:00,71.5,71.5,71.5,71.5,826
2025-04-23,10:00:00,72.0,72.5,72.0,72.3,4751
2025-04-23,10:30:00,72.3,72.3,71.6,71.8,5645
2025-04-23,11:00:00,71.9,72.0,71.8,71.9,2390
2025-04-23,11:30:00,71.9,71.9,71.6,71.8,3196
2025-04-23,12:00:00,71.7,71.7,71.3,71.4,11006
2025-04-23,12:30:00,71.4,71.4,71.2,71.2,3512
2025-04-23,13:00:00,71.3,71.3,70.9,71.1,10371
2025-04-23,13:30:00,71.2,71.3,70.9,71.2,1662
2025-04-23,14:00:00,71.0,71.1,70.9,70.9,3139
2025-04-23,14:30:00,70.9,71.2,70.8,71.2,4195
2025-04-24,10:15:00,70.9,71.0,70.7,70.9,7053
2025-04-24,10:45:00,70.9,71.1,70.7,71.1,3730
2025-04-24,11:15:00,71.0,71.0,70.7,70.8,3975
2025-04-24,11:45:00,70.9,70.9,70.7,70.8,2696
2025-04-24,12:15:00,70.8,71.0,70.8,71.0,9485
2025-04-24,12:45:00,71.1,71.1,70.8,71.0,7288
2025-04-24,13:15:00,70.9,71.0,70.8,71.0,1587
2025-04-24,13:45:00,70.9,71.1,70.8,71.0,4328
2025-04-24,14:15:00,70.9,71.0,70.8,70.9,6324
2025-04-24,14:45:00,70.9,70.9,70.8,70.9,3924
2025-04-27,10:15:00,71.2,71.5,71.2,71.3,12253
2025-04-27,10:45:00,71.4,71.4,71.2,71.2,4271
2025-04-27,11:15:00,71.2,71.2,71.0,71.1,6594
2025-04-27,11:45:00,71.2,71.2,71.1,71.2,412
2025-04-27,12:15:00,71.2,71.2,71.1,71.1,2348
2025-04-27,12:45:00,71.1,71.2,71.1,71.1,1009
2025-04-27,13:15:00,71.1,71.1,70.7,70.9,3185
2025-04-27,13:45:00,71.0,71.0,70.8,70.8,2970
2025-04-27,14:15:00,70.9,71.1,70.8,71.1,852
2025-04-27,14:45:00,71.1,71.2,71.1,71.2,2718
2025-04-28,10:15:00,70.9,71.0,70.6,70.7,6973
2025-04-28,10:45:00,70.7,70.7,70.2,70.3,9168
2025-04-28,11:15:00,70.3,70.6,70.3,70.6,3893
2025-04-28,11:45:00,70.5,70.8,70.4,70.6,2315
2025-04-28,12:15:00,70.7,70.7,70.5,70.5,2819
2025-04-28,12:45:00,70.7,70.7,70.5,70.6,1449
2025-04-28,13:15:00,70.7,70.7,70.6,70.6,621
2025-04-28,13:45:00,70.7,70.9,70.5,70.7,6594
2025-04-28,14:15:00,70.6,70.8,70.6,70.8,1344
2025-04-28,14:45:00,70.8,70.9,70.7,70.7,1685
2025-04-29,10:15:00,70.6,70.7,70.5,70.7,1481
2025-04-29,10:45:00,70.7,70.8,70.5,70.6,2070
2025-04-29,11:15:00,70.6,70.7,70.3,70.4,4694
2025-04-29,11:45:00,70.4,70.5,70.2,70.3,5299
2025-04-29,12:15:00,70.3,70.4,70.2,70.3,7249
2025-04-29,12:45:00,70.3,70.3,70.2,70.3,687
2025-04-29,13:15:00,70.2,70.3,70.2,70.3,546
2025-04-29,13:45:00,70.3,70.4,70.2,70.3,756
2025-04-29,14:15:00,70.3,70.3,69.8,70.1,10262
2025-04-29,14:45:00,70.1,70.3,70.0,70.0,2907
2025-04-30,10:15:00,69.2,69.5,69.0,69.2,6752
2025-04-30,10:45:00,69.1,69.1,68.8,68.8,4504
2025-04-30,11:15:00,68.8,68.8,67.9,68.1,14399
2025-04-30,11:45:00,68.1,68.3,68.0,68.1,3272
2025-04-30,12:15:00,68.1,68.1,68.0,68.0,2300
2025-04-30,12:45:00,68.0,68.2,67.9,68.2,7487
2025-04-30,13:15:00,68.2,68.3,68.1,68.2,5485
2025-04-30,13:45:00,68.2,68.2,67.9,67.9,13772
2025-04-30,14:15:00,68.0,68.0,67.4,67.4,17734
2025-04-30,14:45:00,67.3,67.8,67.2,67.5,16001
2025-05-01,10:15:00,67.5,68.1,67.4,67.8,15231
2025-05-01,10:45:00,67.8,67.9,67.5,67.7,4980
2025-05-01,11:15:00,67.6,67.7,67.6,67.7,670
2025-05-01,11:45:00,67.6,67.7,67.6,67.6,985
2025-05-01,12:15:00,67.6,67.7,67.4,67.5,3119
2025-05-01,12:45:00,67.4,67.4,67.2,67.2,2977
2025-05-01,13:15:00,67.3,67.6,67.1,67.5,7738
2025-05-01,13:45:00,67.5,67.6,67.0,67.3,8968
2025-05-01,14:15:00,67.3,67.4,67.1,67.4,1750
2025-05-01,14:45:00,67.5,69.0,67.5,69.0,25299
2025-05-04,10:15:00,69.4,71.8,69.4,69.9,86975
2025-05-04,10:45:00,69.9,70.1,69.8,70.0,7066
2025-05-04,11:15:00,70.0,70.0,69.8,69.9,2186
2025-05-04,11:45:00,69.9,69.9,69.5,69.5,11585
2025-05-04,12:15:00,69.4,69.6,69.2,69.5,4206
2025-05-04,12:45:00,69.5,69.5,69.2,69.3,2033
2025-05-04,13:15:00,69.3,69.3,69.2,69.3,1369
2025-05-04,13:45:00,69.3,69.3,68.8,68.8,6691
2025-05-04,14:15:00,68.9,69.1,68.5,69.0,4793
2025-05-04,14:45:00,69.0,69.1,68.7,69.1,5277
2025-05-05,10:15:00,68.5,68.7,68.2,68.7,3595
2025-05-05,10:45:00,68.6,68.7,67.0,68.0,15024
2025-05-05,11:15:00,68.0,68.1,67.4,67.6,9679
2025-05-05,11:45:00,67.6,67.9,67.4,67.9,8319
2025-05-05,12:15:00,67.8,67.8,67.4,67.7,7667
2025-05-05,12:45:00,67.7,67.8,67.5,67.8,3949
2025-05-05,13:15:00,67.9,68.1,67.9,68.0,7106
2025-05-05,13:45:00,68.0,68.2,68.0,68.1,6230
2025-05-05,14:15:00,68.1,68.2,67.8,68.0,17782
2025-05-05,14:45:00,68.0,68.0,67.8,67.9,8401
2025-05-06,10:15:00,67.5,67.9,67.4,67.9,2845
2025-05-06,10:45:00,68.0,68.4,68.0,68.0,11666
2025-05-06,11:15:00,68.0,68.0,67.7,68.0,1703
2025-05-06,11:45:00,67.9,67.9,67.5,67.6,3864
2025-05-06,12:15:00,67.6,67.8,67.5,67.8,3715
2025-05-06,12:45:00,67.7,67.8,67.7,67.7,1632
2025-05-06,13:15:00,67.7,67.9,67.7,67.8,1371
2025-05-06,13:45:00,67.7,67.7,67.5,67.6,2721
2025-05-06,14:15:00,67.5,67.6,67.5,67.6,7251
2025-05-06,14:45:00,67.6,67.6,67.4,67.4,5780
2025-05-07,10:15:00,67.2,67.6,67.0,67.1,11393
2025-05-07,10:45:00,67.2,67.2,67.0,67.1,2784
2025-05-07,11:15:00,67.2,67.3,67.1,67.3,2414
2025-05-07,11:45:00,67.3,67.3,67.0,67.2,2557
2025-05-07,12:15:00,67.0,67.0,66.6,66.9,7524
2025-05-07,12:45:00,66.9,66.9,66.5,66.8,1254
2025-05-07,13:30:00,66.8,66.8,66.5,66.6,4813
2025-05-07,14:00:00,66.6,66.7,66.5,66.6,867
2025-05-07,14:30:00,66.7,67.0,66.6,67.0,727
2025-05-08,10:15:00,66.6,66.7,66.4,66.7,701
2025-05-08,10:45:00,66.6,66.7,66.6,66.6,550
2025-05-08,11:15:00,66.6,67.0,66.6,66.8,4827
2025-05-08,11:45:00,66.8,67.1,66.8,66.9,2431
2025-05-08,12:15:00,66.9,66.9,66.8,66.9,960
2025-05-08,12:45:00,66.9,67.0,66.8,66.9,980
2025-05-08,13:15:00,66.9,67.0,66.7,67.0,2613
2025-05-08,13:45:00,67.0,67.0,66.8,66.9,2502
2025-05-08,14:15:00,67.0,67.0,66.9,67.0,734
2025-05-08,14:45:00,66.9,67.0,66.0,66.0,7324
2025-05-11,10:15:00,67.3,67.5,66.6,66.8,4090
2025-05-11,10:45:00,66.7,66.9,66.6,66.9,633
2025-05-11,11:15:00,66.8,67.1,66.8,67.0,1992
2025-05-11,12:00:00,66.8,67.0,66.7,66.7,878
2025-05-11,12:30:00,66.7,66.8,66.5,66.5,2395
2025-05-11,13:00:00,66.4,66.7,66.4,66.7,464
2025-05-11,13:30:00,66.7,66.8,66.6,66.8,1280
2025-05-11,14:00:00,66.9,66.9,66.6,66.6,662
2025-05-11,14:30:00,66.8,66.8,66.5,66.6,1382
2025-05-11,15:00:00,66.6,66.6,66.6,66.6,466
2025-05-12,10:00:00,66.7,67.0,66.7,67.0,27981
2025-05-12,10:30:00,67.0,67.6,66.9,67.1,21350
2025-05-12,11:00:00,67.2,67.2,66.4,66.4,24422
2025-05-12,11:30:00,66.3,66.6,66.1,66.5,8629
2025-05-12,12:00:00,66.5,66.6,66.4,66.5,2532
2025-05-12,12:30:00,66.5,66.6,66.5,66.5,2647
2025-05-12,13:00:00,66.4,66.6,66.4,66.5,1896
2025-05-12,13:30:00,66.4,67.0,66.4,67.0,12286
2025-05-12,14:00:00,66.9,67.1,66.8,66.9,7357
2025-05-12,14:30:00,66.9,67.0,66.7,66.8,8203
2025-05-12,15:00:00,66.7,66.7,66.7,66.7,813
2025-05-13,10:00:00,67.0,67.0,65.1,65.6,31269
2025-05-13,10:30:00,65.6,65.8,65.4,65.6,8088
2025-05-13,11:00:00,65.5,65.6,65.3,65.3,9463
2025-05-13,11:30:00,65.4,65.6,65.3,65.6,3039
2025-05-13,12:00:00,65.6,65.7,65.5,65.5,2006
2025-05-13,12:30:00,65.6,65.7,65.4,65.5,2112
2025-05-13,13:00:00,65.6,65.6,65.5,65.5,802
2025-05-13,13:30:00,65.5,66.0,65.5,65.8,7097
2025-05-13,14:00:00,65.8,65.9,65.5,65.5,7642
2025-05-13,14:30:00,65.6,65.8,65.5,65.6,2956
2025-05-13,15:00:00,65.6,65.6,65.6,65.6,5876
2025-05-14,10:00:00,65.6,66.0,65.4,65.8,8688
2025-05-14,10:30:00,65.8,65.9,65.7,65.9,4083
2025-05-14,11:00:00,65.9,66.3,65.6,65.9,18012
2025-05-14,11:30:00,65.9,66.0,65.8,65.9,6672
2025-05-14,12:00:00,65.9,65.9,65.8,65.9,352
2025-05-14,12:30:00,65.9,66.0,65.8,66.0,5401
2025-05-14,13:00:00,66.0,66.0,65.7,65.8,6564
2025-05-14,13:30:00,65.8,66.0,65.8,65.9,8604
2025-05-14,14:00:00,65.9,65.9,65.8,65.9,1402
2025-05-14,14:30:00,65.9,66.0,65.7,65.8,9303
2025-05-14,15:00:00,66.0,66.0,66.0,66.0,585
2025-05-15,10:00:00,66.0,66.0,65.4,65.4,4295
2025-05-15,10:30:00,65.5,65.5,65.1,65.3,8721
2025-05-15,11:00:00,65.3,65.4,65.0,65.2,10664
2025-05-15,11:30:00,65.2,65.4,65.2,65.3,1414
2025-05-15,12:00:00,65.3,65.3,65.2,65.2,890
2025-05-15,12:30:00,65.2,65.2,65.1,65.1,3312
2025-05-15,13:00:00,65.1,65.3,65.1,65.3,2400
2025-05-15,13:30:00,65.3,65.3,65.2,65.2,501
2025-05-15,14:00:00,65.3,65.4,65.2,65.4,1712
2025-05-15,14:30:00,65.3,65.5,65.2,65.2,3683
2025-05-18,10:15:00,65.3,65.4,65.0,65.3,10348
2025-05-18,10:45:00,65.3,65.7,65.2,65.6,5177
2025-05-18,11:15:00,65.5,65.7,65.3,65.3,8647
2025-05-18,11:45:00,65.3,65.4,65.3,65.3,1164
2025-05-18,12:15:00,65.3,65.3,65.2,65.2,1885
2025-05-18,12:45:00,65.3,65.4,65.3,65.3,1362
2025-05-18,13:15:00,65.4,65.4,64.5,64.7,25162
2025-05-18,13:45:00,64.8,65.0,64.7,64.9,12301
2025-05-18,14:15:00,64.9,64.9,64.5,64.6,7661
2025-05-18,14:45:00,64.5,64.6,64.1,64.1,9997
2025-05-19,10:15:00,64.0,64.1,63.7,63.8,5228
2025-05-19,10:45:00,63.8,63.9,63.6,63.8,3703
2025-05-19,11:15:00,63.8,64.0,63.8,64.0,2958
2025-05-19,11:45:00,64.0,64.1,63.9,64.1,1057
2025-05-19,12:15:00,64.0,64.0,63.8,63.8,1844
2025-05-19,12:45:00,63.8,64.1,63.6,63.9,2126
2025-05-19,13:15:00,63.9,64.1,63.6,63.7,3719
2025-05-19,13:45:00,63.7,63.9,63.7,63.7,2495
2025-05-19,14:15:00,63.7,63.8,63.5,63.6,4122
2025-05-19,14:45:00,63.6,64.0,63.6,64.0,9175
2025-05-20,10:15:00,64.0,64.5,64.0,64.3,4104
2025-05-20,10:45:00,64.3,64.3,64.1,64.1,1262
2025-05-20,11:15:00,64.1,64.1,63.7,63.8,3970
2025-05-20,11:45:00,63.8,64.0,63.7,64.0,1249
2025-05-20,12:15:00,64.0,64.2,64.0,64.2,2805
2025-05-20,12:45:00,64.2,64.3,64.0,64.1,3120
2025-05-20,13:15:00,64.1,64.3,63.9,64.1,1054
2025-05-20,13:45:00,64.2,64.3,64.1,64.3,1058
2025-05-20,14:15:00,64.2,64.4,64.0,64.4,3656
2025-05-20,14:45:00,64.3,64.3,64.0,64.3,2380
2025-05-21,10:00:00,64.4,64.7,64.0,64.0,3419
2025-05-21,10:30:00,64.0,64.1,63.5,63.7,3738
2025-05-21,11:00:00,63.5,63.9,63.4,63.8,2449
2025-05-21,11:30:00,63.7,63.8,63.6,63.6,1459
2025-05-21,12:00:00,63.7,63.8,63.6,63.7,1058
2025-05-21,12:30:00,63.6,63.8,63.5,63.7,3324
2025-05-21,13:00:00,63.7,63.8,63.6,63.8,2701
2025-05-21,13:30:00,63.8,63.8,63.6,63.8,1196
2025-05-21,14:00:00,63.7,63.7,63.5,63.6,2991
2025-05-21,14:30:00,63.6,63.8,63.5,63.8,1297
2025-05-21,15:00:00,63.8,63.8,63.8,63.8,1996
2025-05-22,10:00:00,63.9,64.1,63.0,63.4,4985
2025-05-22,10:30:00,63.3,63.9,63.3,63.3,1577
2025-05-22,11:00:00,63.2,63.7,63.1,63.3,2479
2025-05-22,11:30:00,63.1,63.3,63.1,63.3,355
2025-05-22,12:00:00,63.2,63.3,63.1,63.2,1099
2025-05-22,12:30:00,63.3,63.3,63.0,63.0,603
2025-05-22,13:00:00,63.2,63.2,63.0,63.1,839
2025-05-22,13:30:00,63.1,63.4,63.1,63.4,721
2025-05-22,14:00:00,63.3,63.4,63.2,63.2,640
2025-05-22,14:30:00,63.1,63.6,63.1,63.3,3359
2025-05-22,15:00:00,63.6,63.6,63.6,63.6,758
2025-05-25,10:00:00,63.7,64.1,63.2,63.4,5464
2025-05-25,10:30:00,63.5,63.6,63.5,63.6,373
2025-05-25,11:00:00,63.5,63.7,63.2,63.7,2635
2025-05-25,11:30:00,63.7,63.9,63.5,63.5,1307
2025-05-25,12:15:00,63.5,63.7,63.4,63.4,429
2025-05-25,12:45:00,63.6,63.7,63.1,63.1,2773
2025-05-25,13:15:00,63.0,63.1,62.8,62.9,7617
2025-05-25,13:45:00,62.8,62.9,62.7,62.8,1710
2025-05-25,14:15:00,62.8,62.9,62.6,62.9,1106
2025-05-25,14:45:00,62.9,63.0,62.7,62.9,1742
2025-05-26,10:00:00,62.9,63.2,62.9,63.0,5409
2025-05-26,10:30:00,63.0,63.0,62.2,62.3,3375
2025-05-26,11:00:00,62.3,62.5,61.9,62.2,2635
2025-05-26,11:30:00,62.4,62.5,62.3,62.4,2155
2025-05-26,12:00:00,62.3,62.3,62.0,62.1,967
2025-05-26,12:30:00,62.0,62.1,61.9,61.9,928
2025-05-26,13:00:00,61.9,61.9,61.2,61.3,2253
2025-05-26,13:30:00,61.2,61.6,61.2,61.5,5579
2025-05-26,14:00:00,61.5,61.7,61.5,61.7,2066
2025-05-26,14:30:00,61.7,61.7,61.4,61.7,8536
2025-05-26,15:00:00,61.7,61.7,61.7,61.7,341
2025-05-27,10:00:00,61.9,62.0,60.7,60.8,8598
2025-05-27,10:30:00,60.9,61.1,60.7,60.8,2327
2025-05-27,11:00:00,60.8,61.0,60.5,60.6,2547
2025-05-27,11:30:00,60.7,60.7,60.3,60.5,6419
2025-05-27,12:00:00,60.7,60.8,60.6,60.6,2060
2025-05-27,12:30:00,60.5,60.6,60.4,60.4,1376
2025-05-27,13:00:00,60.3,60.7,60.3,60.4,6430
2025-05-27,13:30:00,60.5,60.6,60.3,60.4,1662
2025-05-27,14:00:00,60.3,60.7,60.3,60.6,2360
2025-05-27,14:30:00,60.6,60.8,60.2,60.6,4444
2025-05-27,15:00:00,60.8,60.8,60.8,60.8,616
2025-05-28,10:00:00,60.8,61.2,60.6,61.1,5032
2025-05-28,10:30:00,61.2,61.2,60.9,60.9,1185
2025-05-28,11:00:00,60.9,61.2,60.9,60.9,4652
2025-05-28,11:30:00,60.9,61.4,60.9,61.4,2551
2025-05-28,12:00:00,61.4,61.4,61.2,61.3,501
2025-05-28,12:30:00,61.2,61.5,61.1,61.5,8831
2025-05-28,13:00:00,61.4,61.7,61.4,61.6,1805
2025-05-28,13:30:00,61.5,61.7,61.5,61.5,4157
2025-05-28,14:00:00,61.5,61.6,61.4,61.5,465
2025-05-28,14:30:00,61.4,61.5,61.1,61.1,4309
2025-05-29,10:15:00,60.9,61.3,60.8,61.2,3549
2025-05-29,10:45:00,61.4,61.4,61.1,61.1,5628
2025-05-29,11:15:00,61.0,61.1,60.7,60.9,3285
2025-05-29,11:45:00,60.8,61.6,60.8,61.6,13395
2025-05-29,12:15:00,61.6,61.7,61.4,61.5,7550
2025-05-29,12:45:00,61.5,61.7,61.1,61.2,3714
2025-05-29,13:15:00,61.1,61.3,60.9,61.3,867
2025-05-29,13:45:00,61.3,61.3,60.9,61.0,3051
2025-05-29,14:15:00,61.1,61.4,61.0,61.4,2884
2025-05-29,14:45:00,61.4,61.9,60.9,61.9,7186
2025-06-01,10:00:00,61.9,62.5,61.1,61.1,6859
2025-06-01,10:30:00,61.0,61.2,60.8,60.9,2291
2025-06-01,11:00:00,60.8,61.0,60.4,60.4,4898
2025-06-01,11:30:00,60.4,60.7,60.3,60.5,5965
2025-06-01,12:00:00,60.6,61.3,60.4,61.1,5279
2025-06-01,12:30:00,61.0,61.3,60.8,61.1,1338
2025-06-01,13:00:00,60.8,60.9,60.3,60.5,2676
2025-06-01,13:30:00,60.6,60.8,60.4,60.8,1314
2025-06-01,14:00:00,60.8,60.8,60.6,60.8,1534
2025-06-01,14:30:00,60.7,61.3,60.5,61.3,3511
2025-06-02,10:15:00,60.8,61.1,60.8,61.0,386
2025-06-02,10:45:00,60.9,61.0,60.7,60.8,820
2025-06-02,11:15:00,60.8,60.9,60.6,60.6,2221
2025-06-02,11:45:00,60.8,60.8,60.5,60.8,2971
2025-06-02,12:15:00,60.8,60.8,60.6,60.8,651
2025-06-02,12:45:00,60.8,60.8,60.7,60.8,1915
2025-06-02,13:15:00,60.8,60.8,60.5,60.5,1246
2025-06-02,13:45:00,60.5,60.7,60.3,60.7,2913
2025-06-02,14:15:00,60.6,60.7,60.3,60.5,3057
2025-06-02,14:45:00,60.5,60.7,60.4,60.4,4886
2025-06-03,10:15:00,60.7,61.0,60.6,60.9,2460
2025-06-03,10:45:00,60.7,60.7,60.5,60.6,998
2025-06-03,11:15:00,60.5,60.8,60.5,60.6,1125
2025-06-03,11:45:00,60.8,60.8,60.5,60.6,1603
2025-06-03,12:15:00,60.5,60.7,60.5,60.5,2562
2025-06-03,12:45:00,60.5,60.9,60.5,60.8,2024
2025-06-03,13:15:00,60.8,60.8,60.7,60.8,516
2025-06-03,13:45:00,60.7,60.8,60.4,60.4,2362
2025-06-03,14:15:00,60.4,60.5,60.2,60.4,3540
2025-06-03,14:45:00,60.3,60.4,60.2,60.3,1958
2025-06-04,10:15:00,60.4,60.6,59.9,60.6,23889
2025-06-04,10:45:00,60.4,60.5,60.0,60.4,7704
2025-06-04,11:15:00,60.5,60.7,60.3,60.6,5774
2025-06-04,11:45:00,60.7,60.8,60.2,60.5,8605
2025-06-04,12:15:00,60.4,60.7,60.2,60.2,5937
2025-06-04,12:45:00,60.2,60.3,60.2,60.3,1702
2025-06-04,13:15:00,60.2,60.4,60.1,60.1,7409
2025-06-04,13:45:00,60.2,60.3,60.1,60.2,2920
2025-06-04,14:15:00,60.2,60.5,60.2,60.4,1551
2025-06-04,14:45:00,60.3,60.5,60.0,60.0,14833
2025-06-11,10:15:00,60.4,60.9,60.4,60.6,9477
2025-06-11,10:45:00,60.7,60.9,60.4,60.6,7276
2025-06-11,11:15:00,60.4,60.6,60.3,60.4,3599
2025-06-11,11:45:00,60.4,60.5,60.2,60.3,6937
2025-06-11,12:15:00,60.2,60.4,60.0,60.1,6323
2025-06-11,12:45:00,60.0,60.1,59.6,59.8,4186
2025-06-11,13:15:00,59.7,59.9,59.5,59.6,5730
2025-06-11,13:45:00,59.6,59.8,59.3,59.6,5072
2025-06-11,14:15:00,59.6,59.6,59.4,59.5,3135
2025-06-11,14:45:00,59.5,59.5,59.3,59.3,3414
2025-06-12,10:15:00,57.5,58.0,56.5,57.5,20128
2025-06-12,10:45:00,57.5,57.5,57.0,57.4,3956
2025-06-12,11:15:00,57.2,57.7,57.0,57.4,6086
2025-06-12,11:45:00,57.1,57.4,57.0,57.0,962
2025-06-12,12:15:00,57.0,57.2,57.0,57.1,1541
2025-06-12,12:45:00,57.1,57.3,56.9,57.0,5279
2025-06-12,13:15:00,57.0,57.4,57.0,57.0,4266
2025-06-12,13:45:00,57.0,57.2,57.0,57.0,2347
2025-06-12,14:15:00,57.2,57.7,57.2,57.6,3772
2025-06-12,14:45:00,57.5,57.5,57.2,57.5,5072
2025-06-15,10:15:00,54.0,55.0,53.6,54.5,6982
2025-06-15,10:45:00,54.5,54.7,53.8,54.3,11218
2025-06-15,11:15:00,54.1,54.1,53.6,53.8,2879
2025-06-15,11:45:00,53.6,54.6,53.5,54.0,3270
2025-06-15,12:15:00,54.4,54.8,53.8,54.6,3683
2025-06-15,12:45:00,54.2,54.7,54.1,54.7,13936
2025-06-15,13:15:00,54.8,55.4,54.3,54.6,8992
2025-06-15,13:45:00,54.7,55.0,54.5,54.7,1475
2025-06-15,14:15:00,54.7,55.0,54.2,54.6,5645
2025-06-15,14:45:00,54.6,55.5,54.6,55.5,2979
2025-06-16,10:15:00,55.9,55.9,55.3,55.5,11443
2025-06-16,10:45:00,55.5,55.9,55.3,55.7,12800
2025-06-16,11:15:00,55.7,55.8,55.1,55.4,13440
2025-06-16,11:45:00,55.3,55.6,55.3,55.4,10455
2025-06-16,12:15:00,55.3,55.5,55.2,55.5,7347
2025-06-16,12:45:00,55.4,55.9,55.4,55.8,5721
2025-06-16,13:15:00,55.8,55.9,55.6,55.7,4583
2025-06-16,13:45:00,55.8,55.8,55.3,55.3,5622
2025-06-16,14:15:00,55.3,55.6,55.2,55.3,4959
2025-06-16,14:45:00,55.4,55.6,55.2,55.6,4931
2025-06-17,10:15:00,55.6,55.9,55.4,55.9,5314
2025-06-17,10:45:00,55.8,57.2,55.7,56.9,33152
2025-06-17,11:15:00,56.8,58.4,56.8,58.1,24176
2025-06-17,11:45:00,58.0,58.1,57.4,57.5,25780
2025-06-17,12:15:00,57.4,57.8,57.0,57.3,4805
2025-06-17,12:45:00,57.0,57.4,56.6,57.3,7550
2025-06-17,13:15:00,57.3,57.3,56.6,56.6,6543
2025-06-17,13:45:00,56.6,56.8,56.4,56.4,9717
2025-06-17,14:15:00,56.4,56.6,55.8,56.0,16935
2025-06-17,14:45:00,56.0,57.0,55.7,55.7,24266
2025-06-18,10:00:00,55.3,56.3,54.6,54.8,11874
2025-06-18,10:30:00,54.8,55.1,54.2,54.4,8668
2025-06-18,11:00:00,54.4,54.6,54.2,54.6,3516
2025-06-18,11:30:00,54.4,54.7,53.9,54.1,15320
2025-06-18,12:00:00,54.1,54.2,53.8,53.9,2441
2025-06-18,12:30:00,53.8,54.2,53.8,53.9,2754
2025-06-18,13:00:00,54.0,54.0,53.8,54.0,3700
2025-06-18,13:30:00,54.0,54.0,53.7,53.7,9711
2025-06-18,14:00:00,53.7,54.0,53.5,53.7,5817
2025-06-18,14:30:00,53.7,54.0,53.5,53.5,3582
2025-06-18,15:00:00,53.4,53.4,53.4,53.4,3022
2025-06-19,10:00:00,53.0,53.5,53.0,53.5,4332
2025-06-19,10:30:00,53.5,53.6,53.3,53.6,7420
2025-06-19,11:00:00,53.5,53.6,53.3,53.5,3561
2025-06-19,11:30:00,53.5,55.0,53.5,54.8,16061
2025-06-19,12:00:00,54.8,56.2,54.5,56.0,30442
2025-06-19,12:30:00,56.0,56.1,55.1,55.1,10692
2025-06-19,13:00:00,55.1,55.1,54.9,55.1,2869
2025-06-19,13:30:00,55.1,55.1,54.5,54.5,3517
2025-06-19,14:00:00,54.4,54.9,54.2,54.6,4198
2025-06-19,14:30:00,54.7,54.7,54.3,54.5,6884
2025-06-19,15:00:00,55.1,55.1,55.1,55.1,8123
2025-06-22,10:00:00,55.8,55.8,55.0,55.1,11128
2025-06-22,10:30:00,55.0,55.2,54.5,55.1,7189
2025-06-22,11:00:00,54.9,55.1,54.8,55.0,2276
2025-06-22,11:30:00,54.9,55.1,54.5,54.5,3694
2025-06-22,12:00:00,54.8,55.0,54.6,55.0,2541
2025-06-22,12:30:00,55.1,55.1,54.9,54.9,140
2025-06-22,13:00:00,55.0,55.1,54.8,54.8,2759
2025-06-22,13:30:00,54.8,54.8,53.6,54.0,8197
2025-06-22,14:00:00,54.2,54.5,53.6,53.7,6733
2025-06-22,14:30:00,53.7,54.1,53.7,53.7,3398
2025-06-22,15:00:00,53.5,53.5,53.5,53.5,2984
2025-06-23,10:00:00,53.8,54.5,53.8,54.2,9807
2025-06-23,10:30:00,54.1,54.3,53.9,53.9,5552
2025-06-23,11:00:00,54.0,54.1,53.8,54.0,2933
2025-06-23,11:30:00,54.0,54.1,53.8,53.9,8988
2025-06-23,12:00:00,53.9,54.3,53.8,54.0,8634
2025-06-23,12:30:00,54.0,54.1,53.9,54.0,4772
2025-06-23,13:00:00,54.0,54.1,53.9,54.0,4750
2025-06-23,13:30:00,54.0,54.5,54.0,54.0,13687
2025-06-23,14:00:00,54.0,54.2,53.9,54.1,9187
2025-06-23,14:30:00,54.2,54.2,53.6,53.6,20624
2025-06-23,15:00:00,53.9,53.9,53.9,53.9,3303
2025-06-24,10:00:00,54.4,55.3,54.3,55.0,52300
2025-06-24,10:30:00,55.0,55.0,54.6,54.9,18517
2025-06-24,11:00:00,54.8,55.0,54.5,55.0,10383
2025-06-24,11:30:00,55.0,55.0,54.6,54.8,6508
2025-06-24,12:00:00,54.8,55.1,54.8,55.0,6314
2025-06-24,12:30:00,55.1,55.4,54.9,55.0,31929
2025-06-24,13:00:00,55.0,55.4,55.0,55.2,28915
2025-06-24,13:30:00,55.0,55.3,55.0,55.2,30344
2025-06-24,14:00:00,55.2,55.3,55.0,55.3,17258
2025-06-24,14:30:00,55.3,55.5,55.1,55.4,29508
2025-06-24,15:00:00,55.4,55.4,55.4,55.4,4304
2025-06-25,10:00:00,55.4,55.8,55.3,55.4,20765
2025-06-25,10:30:00,55.3,56.3,55.3,56.2,36985
2025-06-25,11:00:00,56.2,56.2,55.8,56.2,11573
2025-06-25,11:30:00,56.2,56.4,56.0,56.0,15320
2025-06-25,12:00:00,55.9,56.1,55.8,56.0,6635
2025-06-25,12:30:00,56.0,56.2,55.7,55.7,7273
2025-06-25,13:00:00,55.7,56.2,55.5,55.6,18433
2025-06-25,13:30:00,55.6,55.6,55.0,55.4,16733
2025-06-25,14:00:00,55.3,55.7,55.2,55.4,9749
2025-06-25,14:30:00,55.4,55.6,55.4,55.6,10741
2025-06-25,15:00:00,55.6,55.6,55.6,55.6,1410
2025-06-26,10:00:00,55.6,55.6,54.9,55.4,9557
2025-06-26,10:30:00,55.5,56.0,55.3,55.4,24440
2025-06-26,11:00:00,55.4,55.6,55.3,55.5,8142
2025-06-26,11:30:00,55.6,55.8,55.5,55.5,14978
2025-06-26,12:00:00,55.6,55.6,55.2,55.6,10501
2025-06-26,12:30:00,55.6,55.8,55.5,55.8,10820
2025-06-26,13:00:00,55.7,55.8,55.6,55.6,6755
2025-06-26,13:30:00,55.6,55.7,55.5,55.6,4937
2025-06-26,14:00:00,55.7,56.4,55.5,56.3,40570
2025-06-26,14:30:00,56.4,57.0,56.3,57.0,28573
2025-06-29,10:15:00,57.0,57.1,56.6,56.9,6628
2025-06-29,10:45:00,56.85,56.95,56.75,56.8,12253
2025-06-29,11:15:00,56.85,56.85,56.55,56.7,7130
2025-06-29,11:45:00,56.8,56.8,56.65,56.75,4413
2025-06-29,12:15:00,56.8,56.9,56.75,56.75,3904
2025-06-29,12:45:00,56.8,56.8,56.6,56.65,3168
2025-06-29,13:15:00,56.7,56.85,56.65,56.8,4559
2025-06-29,13:45:00,56.8,56.9,56.55,56.55,7139
2025-06-29,14:15:00,56.6,56.75,56.55,56.7,4374
2025-06-29,14:45:00,56.7,56.7,56.6,56.65,10098
2025-06-30,10:00:00,56.7,56.9,56.35,56.8,16483
2025-06-30,10:30:00,56.8,56.9,56.7,56.85,16233
2025-06-30,11:00:00,56.85,56.85,56.75,56.8,1718
2025-06-30,11:30:00,56.8,56.85,56.5,56.55,22796
2025-06-30,12:00:00,56.55,56.6,56.5,56.5,10368
2025-06-30,12:30:00,56.5,56.6,56.45,56.6,12724
2025-06-30,13:00:00,56.55,56.8,56.55,56.8,10220
2025-06-30,13:30:00,56.8,56.9,56.7,56.8,22173
2025-06-30,14:00:00,56.75,56.8,56.7,56.75,4647
2025-06-30,14:30:00,56.75,56.8,56.55,56.55,7945
2025-06-30,15:00:00,56.55,56.55,56.55,56.55,2393
2025-07-01,10:00:00,56.7,56.9,56.6,56.75,26838
2025-07-01,10:30:00,56.8,56.8,56.6,56.65,27136
2025-07-01,11:00:00,56.6,56.8,56.6,56.8,9722
2025-07-01,11:30:00,56.8,57.1,56.3,56.5,65623
2025-07-01,12:00:00,56.5,56.5,56.3,56.3,5544
2025-07-01,12:30:00,56.4,56.5,56.2,56.25,4269
2025-07-01,13:00:00,56.2,56.25,55.95,56.0,5106
2025-07-01,13:30:00,56.0,57.1,56.0,57.1,31751
2025-07-01,14:00:00,57.05,57.1,56.7,56.9,4355
2025-07-01,14:30:00,56.8,56.9,56.5,56.5,2781
2025-07-01,15:00:00,56.5,56.5,56.5,56.5,1077
2025-07-02,10:00:00,56.2,57.0,56.2,56.9,7141
2025-07-02,10:30:00,56.85,56.85,56.6,56.7,4727
2025-07-02,11:00:00,56.6,56.9,56.6,56.8,5035
2025-07-02,11:30:00,56.85,57.3,56.7,57.25,13552
2025-07-02,12:00:00,57.3,57.6,56.95,56.95,20182
2025-07-02,12:30:00,56.95,57.2,56.75,56.8,18123
2025-07-02,13:00:00,56.75,56.75,56.35,56.5,13471
2025-07-02,13:30:00,56.5,56.6,56.3,56.35,5476
2025-07-02,14:00:00,56.35,56.45,56.25,56.4,24565
2025-07-02,14:30:00,56.35,56.45,56.2,56.3,18255
2025-07-02,15:00:00,56.25,56.25,56.25,56.25,1067
2025-07-03,10:00:00,56.25,56.3,55.75,56.1,8732
2025-07-03,10:30:00,56.1,56.35,56.0,56.05,4430
2025-07-03,11:00:00,56.1,56.3,56.05,56.25,3565
2025-07-03,11:30:00,56.15,56.25,55.8,55.85,17536
2025-07-03,12:00:00,55.85,56.15,55.8,56.0,17411
2025-07-03,12:30:00,55.9,56.0,55.8,56.0,3902
2025-07-03,13:00:00,56.05,56.35,56.0,56.3,15070
2025-07-03,13:30:00,56.25,56.35,56.2,56.25,7780
2025-07-03,14:00:00,56.3,56.3,56.0,56.2,11125
2025-07-03,14:30:00,56.2,56.3,56.2,56.3,4205
2025-07-03,15:00:00,56.3,56.3,56.3,56.3,1144
2025-07-06,10:00:00,56.3,56.55,56.15,56.3,12359
2025-07-06,10:30:00,56.4,56.4,56.25,56.25,19305
2025-07-06,11:00:00,56.35,56.5,56.3,56.35,19477
2025-07-06,11:30:00,56.35,56.4,56.25,56.4,9640
2025-07-06,12:00:00,56.4,56.8,56.35,56.65,13351
2025-07-06,12:30:00,56.65,56.65,56.5,56.6,4060
2025-07-06,13:00:00,56.65,56.75,56.6,56.75,5107
2025-07-06,13:30:00,56.75,56.75,56.55,56.65,3298
2025-07-06,14:00:00,56.65,56.75,56.6,56.75,4496
2025-07-06,14:30:00,56.7,56.85,56.65,56.85,12788
2025-07-06,15:00:00,56.85,56.85,56.85,56.85,2085
2025-07-07,10:00:00,56.9,57.1,56.7,57.05,17800
2025-07-07,10:30:00,56.9,56.9,56.75,56.8,17468
2025-07-07,11:00:00,56.8,56.95,56.7,56.8,18682
2025-07-07,11:30:00,56.75,56.9,56.75,56.8,22629
2025-07-07,12:00:00,56.85,56.85,56.5,56.5,58597
2025-07-07,12:30:00,56.6,56.6,56.35,56.45,12769
2025-07-07,13:00:00,56.5,56.6,56.5,56.5,3332
2025-07-07,13:30:00,56.5,56.65,56.35,56.55,11609
2025-07-07,14:00:00,56.5,56.6,56.35,56.5,12348
2025-07-07,14:30:00,56.5,56.65,56.4,56.5,5057
2025-07-07,15:00:00,56.5,56.5,56.5,56.5,3444
2025-07-08,10:00:00,56.45,56.65,56.15,56.4,13474
2025-07-08,10:30:00,56.5,56.55,56.35,56.35,6029
2025-07-08,11:00:00,56.35,56.55,56.25,56.25,9437
2025-07-08,11:30:00,56.35,56.4,56.25,56.3,3225
2025-07-08,12:00:00,56.25,56.35,56.15,56.35,3635
2025-07-08,12:30:00,56.3,56.3,56.2,56.25,1710
2025-07-08,13:00:00,56.2,56.35,56.05,56.05,5416
2025-07-08,13:30:00,56.05,56.15,55.4,55.55,13924
2025-07-08,14:00:00,55.55,55.55,55.0,55.4,21732
2025-07-08,14:30:00,55.25,55.5,54.95,54.95,23682
2025-07-08,15:00:00,54.9,54.9,54.9,54.9,6069
2025-07-09,10:00:00,54.95,55.2,54.75,55.15,8904
2025-07-09,10:30:00,55.2,55.45,55.2,55.3,1665
2025-07-09,11:00:00,55.3,55.55,55.15,55.4,10746
2025-07-09,11:30:00,55.35,55.55,55.3,55.55,4232
2025-07-09,12:00:00,55.55,55.8,55.4,55.45,9252
2025-07-09,12:30:00,55.45,55.45,55.1,55.15,12677
2025-07-09,13:00:00,55.1,55.4,55.1,55.3,3600
2025-07-09,13:30:00,55.25,55.4,55.15,55.35,3380
2025-07-09,14:00:00,55.2,55.2,54.85,55.05,23208
2025-07-09,14:30:00,55.05,55.2,54.9,55.05,9695
2025-07-09,15:00:00,55.2,55.2,55.2,55.2,707
2025-07-10,10:00:00,55.2,55.45,55.1,55.1,4772
2025-07-10,10:30:00,55.05,55.25,54.95,55.2,6887
2025-07-10,11:00:00,55.2,55.2,55.0,55.15,1185
2025-07-10,11:30:00,55.15,55.15,55.0,55.1,4765
2025-07-10,12:00:00,55.05,55.05,54.8,54.9,4170
2025-07-10,12:30:00,54.9,55.05,54.9,55.05,5434
2025-07-10,13:00:00,55.0,55.15,55.0,55.1,3840
2025-07-10,13:30:00,55.1,55.25,55.05,55.15,2937
2025-07-10,14:00:00,55.2,55.2,55.0,55.1,2594
2025-07-10,14:30:00,55.15,55.2,55.0,55.0,5606
2025-07-10,15:00:00,55.3,55.3,55.3,55.3,2722
2025-07-13,10:00:00,55.2,55.45,55.0,55.2,7360
2025-07-13,10:30:00,55.35,55.35,55.05,55.05,5555
2025-07-13,11:00:00,55.05,55.15,54.95,55.0,11457
2025-07-13,11:30:00,54.95,55.15,54.9,55.15,1762
2025-07-13,12:00:00,55.15,55.2,55.05,55.05,1642
2025-07-13,12:30:00,55.1,55.1,55.05,55.1,246
2025-07-13,13:00:00,55.05,55.2,54.9,55.05,3818
2025-07-13,13:30:00,55.05,55.1,55.05,55.1,1091
2025-07-13,14:00:00,55.0,55.0,54.9,54.9,3372
2025-07-13,14:30:00,55.0,55.1,54.95,55.1,562
2025-07-14,10:15:00,55.05,55.05,54.75,54.85,2510
2025-07-14,10:45:00,54.85,54.9,54.75,54.75,1449
2025-07-14,11:15:00,54.8,54.8,54.35,54.5,9529
2025-07-14,11:45:00,54.5,54.5,54.3,54.3,4455
2025-07-14,12:15:00,54.4,54.5,54.15,54.2,15306
2025-07-14,12:45:00,54.2,54.2,53.95,54.0,10229
2025-07-14,13:15:00,54.0,54.05,53.95,54.0,4790
2025-07-14,13:45:00,54.05,54.2,54.0,54.2,1820
2025-07-14,14:15:00,54.15,54.2,54.0,54.05,5585
2025-07-14,14:45:00,54.05,54.25,54.0,54.0,2215
2025-07-15,10:15:00,53.85,54.15,53.85,54.15,2136
2025-07-15,10:45:00,54.0,54.15,53.9,54.15,577
2025-07-15,11:15:00,54.1,54.15,53.95,53.95,653
2025-07-15,11:45:00,54.0,54.1,53.95,54.0,362
2025-07-15,12:15:00,54.0,54.0,53.95,53.95,342
2025-07-15,12:45:00,54.0,54.1,53.9,53.9,2753
2025-07-15,13:15:00,54.0,54.0,53.8,53.9,1120
2025-07-15,13:45:00,53.9,54.0,53.8,53.9,427
2025-07-15,14:15:00,53.85,53.9,53.75,53.75,2509
2025-07-15,14:45:00,53.7,54.05,53.65,54.05,4621
2025-07-16,10:15:00,53.95,54.25,53.9,54.25,3383
2025-07-16,10:45:00,54.2,54.25,54.05,54.05,1538
2025-07-16,11:15:00,54.1,54.1,53.9,53.9,1524
2025-07-16,11:45:00,53.85,53.9,53.65,53.8,3732
2025-07-16,12:15:00,53.75,53.9,53.45,53.5,14463
2025-07-16,12:45:00,53.5,53.5,53.35,53.4,8831
2025-07-16,13:15:00,53.4,53.8,53.35,53.55,13469
2025-07-16,13:45:00,53.55,53.65,53.1,53.45,20380
2025-07-16,14:15:00,53.45,54.1,53.45,54.05,26313
2025-07-16,14:45:00,54.05,54.05,53.65,53.8,6738
2025-07-17,10:15:00,53.7,53.7,53.0,53.25,27959
2025-07-17,10:45:00,53.1,53.1,52.65,52.65,15811
2025-07-17,11:15:00,52.65,52.75,51.65,51.85,106717
2025-07-17,11:45:00,51.85,52.15,51.85,52.05,15548
2025-07-17,12:15:00,52.05,52.2,52.0,52.05,9969
2025-07-17,12:45:00,52.05,52.5,51.65,52.45,34905
2025-07-17,13:15:00,52.45,52.5,52.2,52.4,20133
2025-07-17,13:45:00,52.4,52.45,52.3,52.35,9806
2025-07-17,14:15:00,52.35,52.5,52.3,52.35,10931
2025-07-17,14:45:00,52.3,52.4,52.25,52.4,13187
2025-07-20,10:15:00,52.55,52.6,52.2,52.35,14525
2025-07-20,10:45:00,52.25,52.25,51.7,51.75,13628
2025-07-20,11:15:00,51.8,51.8,51.65,51.7,6919
2025-07-20,11:45:00,51.65,51.85,51.65,51.7,5210
2025-07-20,12:15:00,51.75,51.85,51.25,51.45,7249
2025-07-20,12:45:00,51.45,52.2,51.35,51.6,19615
2025-07-20,13:15:00,51.65,51.75,51.45,51.55,5265
2025-07-20,13:45:00,51.55,51.55,51.4,51.4,2066
2025-07-20,14:15:00,51.4,51.45,51.25,51.45,4095
2025-07-20,14:45:00,51.45,51.45,51.3,51.3,7914
2025-07-21,10:00:00,51.2,51.45,51.05,51.1,11278
2025-07-21,10:30:00,51.05,51.1,50.95,50.95,7283
2025-07-21,11:00:00,51.0,51.15,51.0,51.1,2678
2025-07-21,11:30:00,51.1,51.1,50.85,50.85,9829
2025-07-21,12:00:00,50.85,50.85,50.7,50.8,5224
2025-07-21,12:30:00,50.8,52.2,50.75,51.9,51151
2025-07-21,13:00:00,51.9,54.35,51.8,53.2,137637
2025-07-21,13:30:00,53.3,54.3,53.3,53.45,41415
2025-07-21,14:00:00,53.45,53.65,53.3,53.5,11734
2025-07-21,14:30:00,53.4,54.0,53.35,53.8,31922
2025-07-21,15:00:00,53.95,53.95,53.95,53.95,4560
2025-07-22,10:00:00,54.0,54.0,52.8,52.85,15191
2025-07-22,10:30:00,53.0,53.0,52.65,52.95,5825
2025-07-22,11:00:00,52.9,52.95,52.8,52.95,1195
2025-07-22,11:30:00,52.85,52.9,52.7,52.75,2648
2025-07-22,12:00:00,52.75,52.8,52.4,52.4,12031
2025-07-22,12:30:00,52.5,52.75,52.3,52.6,2383
2025-07-22,13:00:00,52.4,52.7,52.35,52.65,2043
2025-07-22,13:30:00,52.6,52.75,52.4,52.45,2372
2025-07-22,14:00:00,52.45,52.7,52.4,52.6,4362
2025-07-22,14:30:00,52.5,52.65,52.1,52.5,2796
2025-07-22,15:00:00,52.65,52.65,52.65,52.65,1292
2025-07-23,10:00:00,52.65,52.75,52.1,52.4,3221
2025-07-23,10:30:00,52.4,52.65,52.3,52.3,3398
2025-07-23,11:00:00,52.25,52.65,52.25,52.55,3536
2025-07-23,11:30:00,52.55,52.7,52.4,52.45,916
2025-07-23,12:00:00,52.55,52.65,52.35,52.55,1664
2025-07-23,12:30:00,52.4,52.6,52.4,52.4,609
2025-07-23,13:00:00,52.4,52.6,52.35,52.35,3037
2025-07-23,13:30:00,52.4,52.55,52.35,52.45,5173
2025-07-23,14:00:00,52.4,52.65,52.3,52.45,3176
2025-07-23,14:30:00,52.5,52.95,52.5,52.85,9217
2025-07-23,15:00:00,52.9,52.9,52.9,52.9,922
2025-07-24,10:00:00,52.9,53.05,52.6,53.05,10417
2025-07-24,10:30:00,53.15,53.25,52.9,53.1,9998
2025-07-24,11:00:00,53.1,53.25,53.0,53.1,8230
2025-07-24,11:30:00,53.1,53.3,53.05,53.15,5266
2025-07-24,12:00:00,53.15,53.15,52.8,52.8,7131
2025-07-24,12:30:00,52.9,52.9,52.5,52.75,2259
2025-07-24,13:00:00,52.7,52.9,52.65,52.85,1169
2025-07-24,13:30:00,52.9,52.95,52.85,52.95,3557
2025-07-24,14:00:00,52.9,53.0,52.9,52.95,786
2025-07-24,14:30:00,53.0,53.1,52.95,52.95,8842
2025-07-27,10:15:00,52.85,53.05,52.7,53.0,3510
2025-07-27,10:45:00,52.95,53.0,52.75,53.0,2477
2025-07-27,11:15:00,52.9,53.0,52.8,52.9,1476
2025-07-27,11:45:00,52.9,53.05,52.75,53.0,8074
2025-07-27,12:15:00,53.0,53.05,52.75,52.95,11215
2025-07-27,12:45:00,52.95,52.95,52.8,52.8,1700
2025-07-27,13:15:00,52.8,52.95,52.75,52.75,3190
2025-07-27,13:45:00,52.7,52.75,52.6,52.7,3552
2025-07-27,14:15:00,52.65,52.75,52.6,52.7,3575
2025-07-27,14:45:00,52.65,52.65,52.45,52.5,3149
2025-07-28,10:15:00,52.25,52.35,52.0,52.1,7405
2025-07-28,10:45:00,52.15,52.2,51.95,51.95,6553
2025-07-28,11:15:00,52.05,52.1,52.0,52.0,2020
2025-07-28,11:45:00,52.05,52.1,51.9,52.1,2399
2025-07-28,12:15:00,52.15,52.2,51.9,52.05,13754
2025-07-28,12:45:00,51.95,52.1,51.9,52.1,803
2025-07-28,13:15:00,52.1,52.55,51.9,52.55,8343
2025-07-28,13:45:00,52.6,53.0,52.55,52.7,13561
2025-07-28,14:15:00,52.55,52.6,52.25,52.35,7523
2025-07-28,14:45:00,52.3,52.75,52.25,52.75,7663
2025-07-29,10:00:00,52.7,52.7,51.85,51.9,5003
2025-07-29,10:30:00,51.95,51.95,51.8,51.8,3733
2025-07-29,11:00:00,51.85,52.0,51.8,52.0,898
2025-07-29,11:30:00,51.95,51.95,51.7,51.85,4557
2025-07-29,12:00:00,51.85,52.0,51.65,51.95,4922
2025-07-29,12:30:00,51.8,51.9,51.6,51.85,1983
2025-07-29,13:00:00,51.75,51.75,51.45,51.75,2776
2025-07-29,13:30:00,51.55,51.8,51.45,51.6,4285
2025-07-29,14:00:00,51.6,51.6,51.35,51.45,3154
2025-07-29,14:30:00,51.45,53.1,51.35,52.05,41026
2025-07-30,10:15:00,52.1,52.5,52.05,52.3,2397
2025-07-30,10:45:00,52.3,52.5,52.3,52.45,2469
2025-07-30,11:15:00,52.4,52.45,52.3,52.45,2632
2025-07-30,11:45:00,52.35,52.65,52.35,52.35,7285
2025-07-30,12:15:00,52.4,52.6,52.3,52.35,5370
2025-07-30,12:45:00,52.4,52.5,52.05,52.5,1183
2025-07-30,13:15:00,52.3,52.5,52.1,52.5,3026
2025-07-30,13:45:00,52.3,52.5,52.25,52.5,2304
2025-07-30,14:15:00,52.45,52.5,52.15,52.4,1555
2025-07-30,14:45:00,52.4,52.5,52.15,52.15,6112
2025-07-31,10:15:00,52.0,52.1,52.0,52.1,4342
2025-07-31,10:45:00,52.05,52.05,51.85,51.95,2455
2025-07-31,11:15:00,51.95,51.95,51.75,51.8,2956
2025-07-31,11:45:00,51.8,51.8,51.6,51.75,2318
2025-07-31,12:15:00,51.65,51.8,51.6,51.6,1321
2025-07-31,12:45:00,51.65,51.75,51.45,51.6,4214
2025-07-31,13:15:00,51.5,51.75,51.5,51.75,2926
2025-07-31,13:45:00,51.75,51.8,51.55,51.7,1456
2025-07-31,14:15:00,51.75,51.95,51.65,51.8,2555
2025-07-31,14:45:00,51.75,51.8,51.6,51.6,2764
2025-08-03,10:15:00,51.0,51.2,50.75,51.1,3407
2025-08-03,10:45:00,51.0,51.05,50.0,50.8,10641
2025-08-03,11:15:00,50.75,50.85,50.65,50.7,3939
2025-08-03,11:45:00,50.8,50.85,50.7,50.8,1038
2025-08-03,12:15:00,50.8,50.85,50.7,50.8,322
2025-08-03,12:45:00,50.8,50.85,50.8,50.8,688
2025-08-03,13:15:00,50.85,51.0,50.75,50.85,1527
2025-08-03,13:45:00,50.8,51.0,50.55,50.95,5123
2025-08-03,14:15:00,50.9,51.15,50.9,50.95,1562
2025-08-03,14:45:00,51.1,51.15,50.95,51.15,3336
2025-08-04,10:00:00,51.4,51.4,51.0,51.15,934
2025-08-04,10:30:00,51.0,51.2,51.0,51.2,428
2025-08-04,11:00:00,51.1,51.8,51.0,51.8,4219
2025-08-04,11:30:00,51.75,51.75,51.4,51.6,1409
2025-08-04,12:00:00,51.55,51.7,51.55,51.7,645
2025-08-04,12:30:00,51.7,51.7,51.45,51.45,1716
2025-08-04,13:00:00,51.4,51.5,51.4,51.5,1147
2025-08-04,13:30:00,51.5,51.6,51.45,51.5,2404
2025-08-04,14:00:00,51.45,51.55,51.4,51.5,534
2025-08-04,14:30:00,51.5,51.5,51.1,51.35,4659
2025-08-04,15:00:00,51.3,51.3,51.3,51.3,1267
2025-08-05,10:00:00,54.0,54.2,52.7,52.85,90078
2025-08-05,10:30:00,52.8,52.9,52.45,52.5,21436
2025-08-05,11:00:00,52.5,52.5,51.9,52.2,27269
2025-08-05,11:30:00,52.2,52.2,51.75,51.9,20563
2025-08-05,12:00:00,51.95,51.95,51.65,51.75,16859
2025-08-05,12:30:00,51.8,51.9,51.7,51.8,13383
2025-08-05,13:00:00,51.8,51.8,51.6,51.6,19334
2025-08-05,13:30:00,51.7,51.7,51.3,51.3,36061
2025-08-05,14:00:00,51.25,51.45,51.1,51.25,26939
2025-08-05,14:30:00,51.25,51.3,50.9,51.05,33858
2025-08-05,15:00:00,51.0,51.0,51.0,51.0,9206
2025-08-06,10:00:00,51.1,51.65,51.1,51.45,32569
2025-08-06,10:30:00,51.45,51.9,51.3,51.8,29593
2025-08-06,11:00:00,51.75,52.0,51.5,51.75,47152
2025-08-06,11:30:00,51.9,52.25,51.75,52.0,15822
2025-08-06,12:00:00,52.0,52.1,51.9,52.0,12780
2025-08-06,12:30:00,52.05,52.1,51.9,52.1,5490
2025-08-06,13:00:00,52.0,52.15,51.95,52.05,10477
2025-08-06,13:30:00,52.0,52.0,51.7,51.7,11141
2025-08-06,14:00:00,51.7,51.8,51.25,51.5,36054
2025-08-06,14:30:00,51.5,51.55,51.35,51.5,7884
2025-08-06,15:00:00,51.45,51.45,51.45,51.45,6666
2025-08-07,10:00:00,51.55,51.9,51.1,51.4,14548
2025-08-07,10:30:00,51.6,51.6,51.0,51.2,19096
2025-08-07,11:00:00,51.1,51.25,50.95,51.0,26212
2025-08-07,11:30:00,51.0,51.55,50.95,51.5,47852
2025-08-07,12:00:00,51.45,51.55,51.4,51.45,11692
2025-08-07,12:30:00,51.5,51.75,51.45,51.5,16389
2025-08-07,13:00:00,51.5,51.7,51.45,51.7,7459
2025-08-07,13:30:00,51.6,52.5,51.5,52.25,60288
2025-08-07,14:00:00,52.25,52.4,52.0,52.05,25362
2025-08-07,14:30:00,52.1,52.2,51.9,52.2,25834
2025-08-07,15:00:00,52.2,52.2,52.2,52.2,7850
2025-08-10,10:00:00,52.25,52.35,51.5,51.6,44022
2025-08-10,10:30:00,51.6,51.8,51.6,51.8,7454
2025-08-10,11:00:00,51.8,51.95,51.65,51.8,3134
2025-08-10,11:30:00,51.8,51.9,51.75,51.9,1243
2025-08-10,12:00:00,51.9,51.95,51.75,51.75,3780
2025-08-10,12:30:00,51.8,51.8,51.55,51.6,13166
2025-08-10,13:00:00,51.6,51.65,51.5,51.5,13624
2025-08-10,13:30:00,51.5,51.65,51.45,51.65,6478
2025-08-10,14:00:00,51.6,51.65,51.45,51.5,7793
2025-08-10,14:30:00,51.5,51.55,51.45,51.45,7457
2025-08-10,15:00:00,51.45,51.45,51.45,51.45,3209
2025-08-11,10:00:00,51.6,51.7,51.2,51.3,10981
2025-08-11,10:30:00,51.3,51.35,51.1,51.25,13160
2025-08-11,11:00:00,51.3,51.35,51.15,51.2,8718
2025-08-11,11:30:00,51.25,51.25,50.9,50.9,29407
2025-08-11,12:00:00,50.9,50.9,50.75,50.8,6241
2025-08-11,12:30:00,50.8,50.9,50.75,50.75,5065
2025-08-11,13:00:00,50.75,50.8,50.4,50.5,24820
2025-08-11,13:30:00,50.6,50.6,50.15,50.15,20106
2025-08-11,14:00:00,50.3,50.4,50.0,50.15,28518
2025-08-11,14:30:00,50.15,50.4,50.05,50.25,5923
2025-08-11,15:00:00,50.1,50.1,50.1,50.1,10276
2025-08-12,10:00:00,50.0,50.3,49.74,50.3,23410
2025-08-12,10:30:00,50.3,50.5,50.25,50.45,5266
2025-08-12,11:00:00,50.4,50.5,50.25,50.3,6732
2025-08-12,11:30:00,50.35,50.4,50.2,50.25,2592
2025-08-12,12:00:00,50.2,50.3,50.2,50.3,5416
2025-08-12,12:30:00,50.25,50.45,50.25,50.4,4591
2025-08-12,13:00:00,50.3,50.35,50.1,50.35,5190
2025-08-12,13:30:00,50.35,50.45,50.2,50.3,7232
2025-08-12,14:00:00,50.45,50.45,50.15,50.3,5008
2025-08-12,14:30:00,50.35,50.6,50.3,50.4,12526
2025-08-12,15:00:00,50.3,50.3,50.3,50.3,2470
2025-08-13,10:00:00,50.7,51.05,50.25,50.8,53804
2025-08-13,10:30:00,50.95,51.65,50.65,51.45,42625
2025-08-13,11:00:00,51.4,51.8,51.35,51.55,46632
2025-08-13,11:30:00,51.55,51.7,51.45,51.65,10635
2025-08-13,12:00:00,51.65,51.65,51.3,51.35,24540
2025-08-13,12:30:00,51.3,51.5,51.25,51.35,7539
2025-08-13,13:00:00,51.45,51.45,51.0,51.0,11281
2025-08-13,13:30:00,51.05,51.1,50.65,51.0,5942
2025-08-13,14:00:00,51.0,51.2,50.75,50.9,8774
2025-08-13,14:30:00,51.0,51.2,50.9,50.9,6315
2025-08-13,15:00:00,50.65,50.65,50.65,50.65,13860
2025-08-14,10:00:00,50.65,51.4,50.65,51.2,6519
2025-08-14,10:30:00,51.2,51.25,51.05,51.1,4645
2025-08-14,11:00:00,51.1,51.3,51.05,51.2,4280
2025-08-14,11:30:00,51.2,51.25,51.0,51.0,3023
2025-08-14,12:00:00,51.2,51.25,51.05,51.2,1212
2025-08-14,12:30:00,51.2,51.4,51.15,51.15,3251
2025-08-14,13:00:00,51.3,51.55,51.2,51.55,7663
2025-08-14,13:30:00,51.55,51.65,51.45,51.55,11633
2025-08-14,14:00:00,51.55,51.55,51.15,51.4,8847
2025-08-14,14:30:00,51.4,51.6,51.3,51.55,4357
2025-08-14,15:00:00,51.15,51.15,51.15,51.15,6264
2025-08-17,10:00:00,51.25,52.15,51.25,52.05,13667
2025-08-17,10:30:00,52.0,52.2,51.8,51.95,20994
2025-08-17,11:00:00,52.0,52.45,52.0,52.05,13042
2025-08-17,11:30:00,52.1,52.25,52.0,52.0,5978
2025-08-17,12:00:00,52.0,52.45,52.0,52.25,8450
2025-08-17,12:30:00,52.25,52.4,52.1,52.35,3562
2025-08-17,13:00:00,52.35,52.35,52.1,52.15,5091
2025-08-17,13:30:00,52.25,52.4,52.15,52.35,9438
2025-08-17,14:00:00,52.25,52.4,52.2,52.25,9213
2025-08-17,14:30:00,52.25,52.45,52.2,52.45,9615
2025-08-17,15:00:00,52.45,52.45,52.45,52.45,1797
2025-08-18,10:00:00,52.65,52.65,52.15,52.4,17520
2025-08-18,10:30:00,52.55,52.65,52.2,52.2,14839
2025-08-18,11:00:00,52.2,52.6,52.2,52.45,12159
2025-08-18,11:30:00,52.45,52.9,52.45,52.7,42179
2025-08-18,12:00:00,52.75,53.2,52.75,52.9,49709
2025-08-18,12:30:00,53.1,53.1,52.7,52.8,6700
2025-08-18,13:00:00,52.9,53.0,52.6,52.95,22383
2025-08-18,13:30:00,52.9,53.05,52.7,52.85,9386
2025-08-18,14:00:00,52.9,52.95,52.6,52.65,8350
2025-08-18,14:30:00,52.7,52.8,52.65,52.75,6429
2025-08-19,10:15:00,52.1,52.4,51.9,52.0,10718
2025-08-19,10:45:00,51.95,52.15,51.95,52.05,8815
2025-08-19,11:15:00,52.1,52.15,52.05,52.1,491
2025-08-19,11:45:00,52.15,52.2,52.05,52.15,8802
2025-08-19,12:15:00,52.2,52.35,52.15,52.25,4989
2025-08-19,12:45:00,52.25,52.35,52.1,52.15,2997
2025-08-19,13:15:00,52.1,52.15,52.05,52.15,4032
2025-08-19,13:45:00,52.15,52.3,52.1,52.25,8127
2025-08-19,14:15:00,52.25,52.3,52.0,52.05,7227
2025-08-19,14:45:00,52.05,52.1,51.9,51.9,20728
2025-08-20,10:15:00,51.5,51.7,51.2,51.7,5496
2025-08-20,10:45:00,51.55,51.7,51.55,51.7,517
2025-08-20,11:15:00,51.65,51.75,51.45,51.65,5325
2025-08-20,11:45:00,51.6,51.8,51.5,51.6,4071
2025-08-20,12:15:00,51.55,51.65,51.5,51.65,1748
2025-08-20,12:45:00,51.55,51.7,51.5,51.65,13429
2025-08-20,13:15:00,51.65,51.7,51.45,51.6,9717
2025-08-20,13:45:00,51.6,51.6,51.5,51.5,3530
2025-08-20,14:15:00,51.55,51.65,51.5,51.6,3991
2025-08-20,14:45:00,51.65,51.7,51.6,51.6,5534
2025-08-21,10:15:00,51.7,51.8,51.55,51.7,2390
2025-08-21,10:45:00,51.65,51.8,51.65,51.75,5269
2025-08-21,11:15:00,51.8,51.8,51.55,51.6,1620
2025-08-21,11:45:00,51.55,51.55,51.3,51.55,10122
2025-08-21,12:15:00,51.55,51.6,51.0,51.4,5846
2025-08-21,12:45:00,51.35,51.4,51.3,51.3,2178
2025-08-21,13:15:00,51.3,51.5,51.05,51.1,3278
2025-08-21,13:45:00,51.15,51.3,51.1,51.2,1131
2025-08-21,14:15:00,51.25,51.4,51.15,51.35,5694
2025-08-21,14:45:00,51.4,51.4,51.35,51.35,2914
2025-08-24,10:15:00,52.4,52.5,52.2,52.4,11750
2025-08-24,10:45:00,52.4,52.45,52.2,52.4,5621
2025-08-24,11:15:00,52.4,52.4,52.3,52.4,1979
2025-08-24,11:45:00,52.35,52.5,52.35,52.45,5181
2025-08-24,12:15:00,52.4,52.55,52.3,52.5,1918
2025-08-24,12:45:00,52.45,52.45,52.3,52.45,9603
2025-08-24,13:15:00,52.45,53.0,52.45,52.8,39014
2025-08-24,13:45:00,52.8,52.85,52.55,52.55,11326
2025-08-24,14:15:00,52.55,52.75,52.55,52.75,3734
2025-08-24,14:45:00,52.75,52.95,52.6,52.85,11481
2025-08-25,10:15:00,53.05,53.05,52.45,52.5,9812
2025-08-25,10:45:00,52.5,52.6,52.45,52.5,4422
2025-08-25,11:15:00,52.5,52.55,52.25,52.4,3470
2025-08-25,11:45:00,52.4,52.65,52.35,52.65,6798
2025-08-25,12:15:00,52.65,52.65,52.45,52.65,2436
2025-08-25,12:45:00,52.5,52.6,52.5,52.5,173
2025-08-25,13:15:00,52.45,52.5,52.0,52.5,21201
2025-08-25,13:45:00,52.35,52.35,52.15,52.3,7428
2025-08-25,14:15:00,52.25,52.3,52.2,52.3,1571
2025-08-25,14:45:00,52.25,52.3,52.0,52.0,3362
2025-08-26,10:15:00,51.85,52.2,51.85,52.1,17700
2025-08-26,10:45:00,52.1,52.35,52.1,52.35,2552
2025-08-26,11:15:00,52.3,52.35,52.15,52.35,5103
2025-08-26,11:45:00,52.25,52.45,52.25,52.3,17114
2025-08-26,12:15:00,52.3,52.3,52.25,52.25,2150
2025-08-26,12:45:00,52.2,52.25,52.1,52.15,12757
2025-08-26,13:15:00,52.05,52.15,52.0,52.1,23280
2025-08-26,13:45:00,52.05,52.1,51.9,52.05,2757
2025-08-26,14:15:00,52.0,52.1,51.9,52.05,4530
2025-08-26,14:45:00,52.05,52.05,51.55,51.55,214263
2025-08-27,10:15:00,52.0,52.4,51.95,52.25,9752
2025-08-27,10:45:00,52.2,52.4,52.15,52.4,9168
2025-08-27,11:15:00,52.4,52.45,52.1,52.3,7815
2025-08-27,11:45:00,52.3,52.3,52.1,52.15,2402
2025-08-27,12:15:00,52.15,52.25,52.05,52.05,1723
2025-08-27,12:45:00,52.05,52.3,52.05,52.3,4531
2025-08-27,13:15:00,52.3,52.35,52.1,52.25,4201
2025-08-27,13:45:00,52.3,52.3,52.1,52.15,4745
2025-08-27,14:15:00,52.15,52.25,52.0,52.25,13528
2025-08-27,14:45:00,52.15,52.35,52.15,52.35,2498
2025-08-28,10:00:00,52.0,52.5,52.0,52.3,3463
2025-08-28,10:30:00,52.25,52.4,52.0,52.05,3571
2025-08-28,11:00:00,52.0,52.3,52.0,52.25,1656
2025-08-28,11:30:00,52.25,52.25,52.0,52.1,5095
2025-08-28,12:00:00,52.1,52.15,51.9,52.1,3863
2025-08-28,12:30:00,52.1,52.1,51.9,52.05,4386
2025-08-28,13:00:00,52.0,52.05,51.4,52.0,45268
2025-08-28,13:30:00,52.0,52.0,50.95,51.4,69628
2025-08-28,14:00:00,51.35,51.4,51.2,51.2,7977
2025-08-28,14:30:00,51.2,51.3,51.05,51.05,6228
2025-08-28,15:00:00,51.0,51.0,51.0,51.0,7858
2025-08-31,10:00:00,51.1,51.25,50.95,51.0,2580
2025-08-31,10:30:00,51.1,51.2,50.75,51.05,5026
2025-08-31,11:00:00,51.15,51.15,51.0,51.15,1348
2025-08-31,11:30:00,51.05,51.05,50.8,50.8,8620
2025-08-31,12:00:00,50.8,50.8,50.65,50.7,2376
2025-08-31,12:30:00,50.7,50.7,50.45,50.45,1822
2025-08-31,13:00:00,50.55,50.6,50.35,50.35,1448
2025-08-31,13:30:00,50.45,50.6,50.4,50.5,4855
2025-08-31,14:00:00,50.45,50.5,50.2,50.5,8641
2025-08-31,14:30:00,50.45,50.6,50.45,50.5,1241
2025-08-31,15:00:00,50.5,50.5,50.5,50.5,708
2025-09-01,10:00:00,50.95,51.5,50.5,50.5,36998
2025-09-01,10:30:00,50.6,50.8,50.5,50.65,3425
2025-09-01,11:00:00,50.65,50.65,50.2,50.3,12046
2025-09-01,11:30:00,50.25,50.3,50.15,50.15,2986
2025-09-01,12:00:00,50.1,50.25,50.05,50.2,7755
2025-09-01,12:30:00,50.1,50.2,50.0,50.1,2956
2025-09-01,13:00:00,50.05,50.1,49.74,49.8,13516
2025-09-01,13:30:00,49.82,49.84,49.62,49.62,8897
2025-09-01,14:00:00,49.64,49.74,49.62,49.74,3412
2025-09-01,14:30:00,49.74,49.86,49.64,49.64,8986
2025-09-01,15:00:00,49.92,49.92,49.92,49.92,1495
2025-09-02,10:00:00,49.8,49.8,49.32,49.34,14016
2025-09-02,10:30:00,49.3,49.3,48.56,49.02,28124
2025-09-02,11:00:00,49.04,49.3,48.9,49.0,8038
2025-09-02,11:30:00,49.06,49.1,48.96,49.04,2556
2025-09-02,12:00:00,49.04,49.06,48.94,49.0,5912
2025-09-02,12:30:00,49.02,49.28,49.02,49.06,3042
2025-09-02,13:00:00,49.1,49.1,48.92,48.92,4243
2025-09-02,13:30:00,48.94,49.44,48.92,49.36,6421
2025-09-02,14:00:00,49.38,49.5,49.16,49.16,13779
2025-09-02,14:30:00,49.18,49.3,49.18,49.24,3278
2025-09-02,15:00:00,49.32,49.32,49.32,49.32,2501
2025-09-03,10:00:00,49.6,49.6,49.12,49.5,4232
2025-09-03,10:30:00,49.5,49.52,49.14,49.22,7637
2025-09-03,11:00:00,49.22,49.22,49.02,49.06,4048
2025-09-03,11:30:00,49.02,49.1,48.86,48.92,4581
2025-09-03,12:00:00,48.98,49.04,48.8,48.88,5428
2025-09-03,12:30:00,48.88,48.92,48.76,48.92,5959
2025-09-03,13:00:00,48.9,48.96,48.84,48.86,5441
2025-09-03,13:30:00,48.84,49.06,48.84,48.84,6834
2025-09-03,14:00:00,48.92,49.06,48.54,48.7,14868
2025-09-03,14:30:00,48.7,48.98,48.7,48.76,9726
2025-09-03,15:00:00,48.76,48.76,48.76,48.76,1690
2025-09-04,10:00:00,49.1,49.18,48.7,49.08,9696
2025-09-04,10:30:00,49.08,49.3,49.04,49.16,7792
2025-09-04,11:00:00,49.18,49.18,48.64,48.82,10970
2025-09-04,11:30:00,48.8,48.82,48.56,48.58,11001
2025-09-04,12:00:00,48.58,48.58,48.48,48.5,8102
2025-09-04,12:30:00,48.5,48.5,48.4,48.46,2666
2025-09-04,13:00:00,48.48,48.7,48.48,48.52,2052
2025-09-04,13:30:00,48.52,48.64,48.48,48.58,1794
2025-09-04,14:00:00,48.6,48.62,48.5,48.58,5224
2025-09-04,14:30:00,48.56,48.6,48.44,48.6,7938
2025-09-04,15:00:00,48.54,48.54,48.54,48.54,1033
2025-09-07,10:00:00,48.7,48.78,48.6,48.68,2307
2025-09-07,10:30:00,48.68,48.9,48.68,48.8,7216
2025-09-07,11:00:00,48.8,48.82,48.62,48.74,4055
2025-09-07,11:30:00,48.74,48.78,48.66,48.78,819
2025-09-07,12:00:00,48.8,48.9,48.78,48.84,2733
2025-09-07,12:30:00,48.8,49.0,48.8,49.0,4933
2025-09-07,13:00:00,49.02,49.4,48.94,48.94,2607
2025-09-07,13:30:00,48.94,48.96,48.92,48.96,281
2025-09-07,14:00:00,48.96,49.34,48.96,49.12,3519
2025-09-07,14:30:00,49.06,49.2,48.9,49.0,3987
2025-09-08,10:15:00,48.92,49.42,48.92,49.2,15061
2025-09-08,10:45:00,49.3,49.3,49.06,49.1,5304
2025-09-08,11:15:00,49.08,49.28,49.04,49.24,1660
2025-09-08,11:45:00,49.3,49.52,49.0,49.32,14163
2025-09-08,12:15:00,49.2,49.28,48.86,48.86,5725
2025-09-08,12:45:00,48.96,49.04,48.86,49.0,1736
2025-09-08,13:15:00,48.96,49.34,48.92,49.0,2304
2025-09-08,13:45:00,48.9,49.02,48.9,49.0,4148
2025-09-08,14:15:00,48.92,49.16,48.92,49.02,2275
2025-09-08,14:45:00,49.02,49.14,49.0,49.14,827
2025-09-09,10:15:00,49.16,49.24,48.96,49.0,5552
2025-09-09,10:45:00,48.96,49.08,48.92,48.96,3623
2025-09-09,11:15:00,48.94,49.0,48.7,48.84,10690
2025-09-09,11:45:00,48.82,48.84,48.5,48.5,9607
2025-09-09,12:15:00,48.56,48.68,48.34,48.56,4858
2025-09-09,12:45:00,48.54,48.74,48.5,48.62,5921
2025-09-09,13:15:00,48.7,48.8,48.58,48.76,876
2025-09-09,13:45:00,48.66,48.88,48.66,48.82,1470
2025-09-09,14:15:00,48.86,49.24,48.82,49.24,6981
2025-09-09,14:45:00,49.2,49.24,49.0,49.24,4958
2025-09-10,10:15:00,48.6,49.0,48.6,48.96,998
2025-09-10,10:45:00,48.98,49.1,48.7,48.82,1797
2025-09-10,11:15:00,48.8,49.0,48.7,48.78,1246
2025-09-10,11:45:00,48.8,48.84,48.66,48.84,1334
2025-09-10,12:15:00,48.84,49.08,48.7,48.7,7109
2025-09-10,12:45:00,48.72,48.98,48.72,48.8,1805
2025-09-10,13:15:00,48.74,48.8,48.68,48.72,2127
2025-09-10,13:45:00,48.72,48.76,48.54,48.56,4540
2025-09-10,14:15:00,48.58,48.64,48.52,48.56,2502
2025-09-10,14:45:00,48.54,48.8,48.52,48.74,5025
2025-09-11,10:15:00,48.92,48.92,48.6,48.84,2394
2025-09-11,10:45:00,48.88,48.88,48.66,48.66,3724
2025-09-11,11:15:00,48.68,48.8,48.64,48.72,2645
2025-09-11,11:45:00,48.66,48.68,48.48,48.62,4769
2025-09-11,12:15:00,48.56,48.64,48.56,48.64,740
2025-09-11,12:45:00,48.64,48.64,48.52,48.54,1733
2025-09-11,13:15:00,48.56,48.7,48.52,48.54,2233
2025-09-11,13:45:00,48.54,48.66,48.5,48.6,630
2025-09-11,14:15:00,48.56,48.7,48.4,48.62,4176
2025-09-11,14:45:00,48.62,48.7,48.46,48.5,4930
2025-09-14,10:15:00,48.3,48.58,47.88,48.06,12627
2025-09-14,10:45:00,48.06,48.06,47.64,47.8,7502
2025-09-14,11:15:00,47.72,47.82,47.58,47.7,2404
2025-09-14,11:45:00,47.8,48.0,47.56,47.82,2026
2025-09-14,12:15:00,47.82,48.0,47.8,47.8,5818
2025-09-14,12:45:00,47.8,47.8,47.6,47.62,1724
2025-09-14,13:15:00,47.62,47.8,47.56,47.8,2214
2025-09-14,13:45:00,47.82,48.04,47.74,47.96,6090
2025-09-14,14:15:00,47.84,47.98,47.84,47.86,3922
2025-09-14,14:45:00,47.86,47.98,47.66,47.92,6760
2025-09-15,10:15:00,47.6,47.92,47.6,47.86,10671
2025-09-15,10:45:00,47.72,47.82,47.62,47.7,2840
2025-09-15,11:15:00,47.78,47.8,47.62,47.7,3446
2025-09-15,11:45:00,47.76,47.78,47.7,47.78,147
2025-09-15,12:15:00,47.78,47.78,47.66,47.7,925
2025-09-15,12:45:00,47.66,47.7,47.48,47.48,6100
2025-09-15,13:15:00,47.52,47.58,47.36,47.36,5446
2025-09-15,13:45:00,47.38,47.56,47.36,47.48,2515
2025-09-15,14:15:00,47.48,47.5,47.36,47.42,9207
2025-09-15,14:45:00,47.42,47.48,47.38,47.48,3987
2025-09-16,10:15:00,47.46,47.5,47.36,47.42,9503
2025-09-16,10:45:00,47.4,47.5,47.4,47.46,2385
2025-09-16,11:15:00,47.48,47.5,47.36,47.5,7419
2025-09-16,11:45:00,47.48,47.5,47.44,47.46,598
2025-09-16,12:15:00,47.46,47.5,47.44,47.5,1664
2025-09-16,12:45:00,47.5,47.54,47.46,47.5,19422
2025-09-16,13:15:00,47.5,47.6,47.48,47.6,22250
2025-09-16,13:45:00,47.6,47.84,47.54,47.78,46423
2025-09-16,14:15:00,47.78,47.8,47.66,47.68,21181
2025-09-16,14:45:00,47.68,47.7,47.66,47.7,11794
2025-09-17,10:00:00,47.7,48.04,47.7,47.98,25157
2025-09-17,10:30:00,48.0,48.02,47.88,47.98,26283
2025-09-17,11:00:00,47.98,48.04,47.94,48.0,9060
2025-09-17,11:30:00,48.0,48.24,47.9,48.08,26113
2025-09-17,12:00:00,48.06,48.12,48.06,48.08,7185
2025-09-17,12:30:00,48.1,48.12,48.04,48.06,4352
2025-09-17,13:00:00,48.1,48.1,48.04,48.1,5219
2025-09-17,13:30:00,48.1,48.32,48.08,48.28,16605
2025-09-17,14:00:00,48.28,48.34,48.28,48.28,16832
2025-09-17,14:30:00,48.28,48.46,48.28,48.38,12403
2025-09-17,15:00:00,48.38,48.38,48.38,48.38,14650
2025-09-18,10:00:00,48.5,48.52,48.3,48.36,15286
2025-09-18,10:30:00,48.34,48.4,48.26,48.26,6870
2025-09-18,11:00:00,48.4,48.4,48.34,48.36,3443
2025-09-18,11:30:00,48.36,48.44,48.36,48.38,11829
2025-09-18,12:00:00,48.48,48.48,48.3,48.38,8099
2025-09-18,12:30:00,48.38,48.46,48.36,48.44,4728
2025-09-18,13:00:00,48.44,48.64,48.38,48.42,44091
2025-09-18,13:30:00,48.4,48.6,48.38,48.42,34393
2025-09-18,14:00:00,48.38,48.44,48.36,48.36,9113
2025-09-18,14:30:00,48.34,48.38,48.2,48.26,30150
2025-09-18,15:00:00,48.0,48.0,48.0,48.0,38035
2025-09-21,10:00:00,48.0,48.32,48.0,48.2,20337
2025-09-21,10:30:00,48.2,48.32,48.1,48.2,13444
2025-09-21,11:00:00,48.18,48.32,48.12,48.3,15177
2025-09-21,11:30:00,48.3,48.48,48.26,48.32,31684
2025-09-21,12:00:00,48.38,48.4,48.3,48.36,5338
2025-09-21,12:30:00,48.36,48.48,48.32,48.42,12578
2025-09-21,13:00:00,48.44,48.54,48.4,48.4,24291
2025-09-21,13:30:00,48.48,48.52,48.4,48.44,19281
2025-09-21,14:00:00,48.42,48.44,48.2,48.2,32396
2025-09-21,14:30:00,48.26,48.36,48.26,48.3,2540
2025-09-21,15:00:00,48.22,48.22,48.22,48.22,29362
2025-09-22,10:00:00,48.32,48.4,48.22,48.26,15540
2025-09-22,10:30:00,48.32,48.5,48.3,48.4,29181
2025-09-22,11:00:00,48.4,48.6,48.4,48.5,31443
2025-09-22,11:30:00,48.58,48.9,48.58,48.8,103487
2025-09-22,12:00:00,48.8,49.0,48.74,48.9,65205
2025-09-22,12:30:00,48.9,48.9,48.82,48.86,15408
2025-09-22,13:00:00,48.86,49.18,48.86,49.0,64713
2025-09-22,13:30:00,49.04,49.2,49.04,49.04,52698
2025-09-22,14:00:00,49.04,49.18,49.04,49.14,20289
2025-09-22,14:30:00,49.1,49.1,48.86,48.94,28934
2025-09-22,15:00:00,48.9,48.9,48.9,48.9,3146
2025-09-24,10:00:00,49.3,50.15,49.08,49.54,106270
2025-09-24,10:30:00,49.52,49.6,49.4,49.46,27768
2025-09-24,11:00:00,49.54,49.54,49.42,49.48,19904
2025-09-24,11:30:00,49.48,49.58,49.46,49.58,18764
2025-09-24,12:00:00,49.58,49.74,49.58,49.72,15023
2025-09-24,12:30:00,49.74,49.8,49.7,49.8,20759
2025-09-24,13:00:00,49.8,50.05,49.78,49.94,30279
2025-09-24,13:30:00,50.0,50.0,49.92,50.0,14182
2025-09-24,14:00:00,50.0,50.5,49.98,50.45,67298
2025-09-24,14:30:00,50.4,50.45,49.94,49.96,38994
2025-09-24,15:00:00,50.1,50.1,50.1,50.1,5415
2025-09-25,10:00:00,50.2,51.0,49.9,50.85,68606
2025-09-25,10:30:00,50.9,50.9,50.3,50.7,43004
2025-09-25,11:00:00,50.65,50.95,50.4,50.95,52355
2025-09-25,11:30:00,50.95,51.5,50.95,51.15,56588
2025-09-25,12:00:00,51.3,51.3,50.6,51.05,47285
2025-09-25,12:30:00,51.0,51.25,50.7,50.8,14362
2025-09-25,13:00:00,50.8,51.2,50.8,51.2,8053
2025-09-25,13:30:00,51.25,51.25,50.85,50.85,18487
2025-09-25,14:00:00,50.9,51.1,50.9,51.0,7369
2025-09-25,14:30:00,51.0,51.2,50.8,51.05,40181
2025-09-25,15:00:00,50.95,50.95,50.95,50.95,4686
2025-09-28,10:00:00,51.2,52.45,51.1,52.3,68157
2025-09-28,10:30:00,52.35,52.7,52.0,52.35,56129
2025-09-28,11:00:00,52.4,52.7,52.25,52.55,29857
2025-09-28,11:30:00,52.55,52.75,52.4,52.6,25260
2025-09-28,12:00:00,52.65,52.75,52.55,52.6,29306
2025-09-28,12:30:00,52.6,52.7,52.15,52.35,33843
2025-09-28,13:00:00,52.35,52.45,52.1,52.1,18796
2025-09-28,13:30:00,52.15,52.15,51.5,51.5,43833
2025-09-28,14:00:00,51.6,51.85,51.55,51.6,14966
2025-09-28,14:30:00,51.55,51.75,51.3,51.3,24457
2025-09-28,15:00:00,51.3,51.3,51.3,51.3,686
2025-09-29,10:00:00,51.25,51.6,50.8,51.0,45827
2025-09-29,10:30:00,51.05,51.3,51.0,51.2,20992
2025-09-29,11:00:00,51.3,51.3,51.15,51.15,15170
2025-09-29,11:30:00,51.15,51.3,51.05,51.15,17735
2025-09-29,12:00:00,51.1,51.2,51.0,51.2,11065
2025-09-29,12:30:00,51.2,51.5,51.1,51.5,32987
2025-09-29,13:00:00,51.45,51.85,51.45,51.6,26914
2025-09-29,13:30:00,51.55,51.6,51.5,51.55,11355
2025-09-29,14:00:00,51.55,51.55,51.25,51.3,52472
2025-09-29,14:30:00,51.45,51.45,51.3,51.45,12694
2025-09-29,15:00:00,51.35,51.35,51.35,51.35,10293
2025-09-30,10:00:00,51.3,51.6,51.2,51.5,34854
2025-09-30,10:30:00,51.45,51.6,51.4,51.6,21262
2025-09-30,11:00:00,51.6,52.1,51.5,51.95,38243
2025-09-30,11:30:00,51.95,51.95,51.7,51.8,10654
2025-09-30,12:00:00,51.8,51.8,51.6,51.65,11435
2025-09-30,12:30:00,51.7,51.85,51.65,51.7,4820
2025-09-30,13:00:00,51.75,51.75,51.6,51.6,3242
2025-09-30,13:30:00,51.65,51.65,51.5,51.55,11550
2025-09-30,14:00:00,51.55,51.7,51.55,51.6,5523
2025-09-30,14:30:00,51.6,51.7,51.6,51.65,10330
2025-09-30,15:00:00,51.7,51.7,51.7,51.7,9742
2025-10-01,10:00:00,52.35,52.4,51.8,52.0,67728
2025-10-01,10:30:00,52.0,52.1,51.85,51.95,17539
2025-10-01,11:00:00,52.0,52.1,51.9,52.05,8514
2025-10-01,11:30:00,52.0,52.1,51.95,52.0,8881
2025-10-01,12:00:00,51.95,52.0,51.9,52.0,8692
2025-10-01,12:30:00,52.0,52.05,51.9,52.0,11340
2025-10-01,13:00:00,52.0,52.15,51.95,52.05,16390
2025-10-01,13:30:00,52.05,52.1,51.85,51.9,20390
2025-10-01,14:00:00,51.85,52.05,51.85,51.95,11787
2025-10-01,14:30:00,51.95,51.95,51.8,51.9,13301
2025-10-01,15:00:00,51.8,51.8,51.8,51.8,13254
2025-10-02,10:00:00,51.8,52.0,51.4,51.7,31466
2025-10-02,10:30:00,51.7,51.7,51.45,51.65,20350
2025-10-02,11:00:00,51.65,51.7,51.55,51.65,14205
2025-10-02,11:30:00,51.7,51.75,51.6,51.65,16232
2025-10-02,12:00:00,51.65,51.7,51.6,51.65,7291
2025-10-02,12:30:00,51.65,51.65,51.55,51.65,18302
2025-10-02,13:00:00,51.65,51.75,51.55,51.65,6385
2025-10-02,13:30:00,51.65,51.75,51.6,51.65,11488
2025-10-02,14:00:00,51.65,52.0,51.65,51.75,57947
2025-10-02,14:30:00,51.8,51.85,51.65,51.7,28266
2025-10-02,15:00:00,51.65,51.65,51.65,51.65,5675
2025-10-05,10:00:00,51.75,52.2,51.6,51.85,42234
2025-10-05,10:30:00,51.85,51.9,51.7,51.8,15969
2025-10-05,11:00:00,51.7,51.95,51.7,51.7,15800
2025-10-05,11:30:00,51.7,51.9,51.6,51.9,21151
2025-10-05,12:00:00,51.9,51.9,51.85,51.9,26782
2025-10-05,12:30:00,51.9,51.9,51.85,51.9,11208
2025-10-05,13:00:00,51.9,52.45,51.9,52.25,57759
2025-10-05,13:30:00,52.25,53.0,52.25,53.0,106913
2025-10-05,14:00:00,53.0,53.2,52.6,52.7,85949
2025-10-05,14:30:00,52.65,52.8,52.6,52.8,10376
2025-10-06,10:15:00,52.6,52.8,52.5,52.6,38791
2025-10-06,10:45:00,52.65,52.9,52.55,52.6,59491
2025-10-06,11:15:00,52.6,52.75,52.45,52.55,16983
2025-10-06,11:45:00,52.5,52.55,52.4,52.45,26311
2025-10-06,12:15:00,52.5,52.7,52.5,52.55,7811
2025-10-06,12:45:00,52.55,52.75,52.55,52.7,12106
2025-10-06,13:15:00,52.7,52.75,52.5,52.7,29380
2025-10-06,13:45:00,52.65,52.7,52.55,52.6,22431
2025-10-06,14:15:00,52.6,52.7,52.55,52.6,21119
2025-10-06,14:45:00,52.6,52.6,52.45,52.55,36006
2025-10-07,10:15:00,52.9,53.0,52.4,52.45,48611
2025-10-07,10:45:00,52.45,52.5,52.35,52.45,25607
2025-10-07,11:15:00,52.5,52.65,52.45,52.6,34400
2025-10-07,11:45:00,52.6,52.65,52.45,52.5,13667
2025-10-07,12:15:00,52.5,53.0,52.45,52.95,35790
2025-10-07,12:45:00,52.9,52.95,52.65,52.75,34032
2025-10-07,13:15:00,52.8,52.85,52.65,52.65,20007
2025-10-07,13:45:00,52.65,52.8,52.65,52.65,2647
2025-10-07,14:15:00,52.65,52.75,52.55,52.55,9462
2025-10-07,14:45:00,52.55,52.6,52.5,52.5,20626
2025-10-08,10:15:00,52.1,52.1,51.85,51.85,31863
2025-10-08,10:45:00,51.85,51.9,51.4,51.5,46085
2025-10-08,11:15:00,51.5,51.65,51.4,51.55,14009
2025-10-08,11:45:00,51.55,51.6,51.35,51.4,37334
2025-10-08,12:15:00,51.4,51.5,51.3,51.3,30660
2025-10-08,12:45:00,51.35,51.45,51.3,51.45,12260
2025-10-08,13:15:00,51.45,51.45,51.35,51.4,13049
2025-10-08,13:45:00,51.4,51.45,51.35,51.45,8550
2025-10-08,14:15:00,51.4,51.45,51.35,51.4,14552
2025-10-08,14:45:00,51.4,51.45,51.3,51.45,33164
2025-10-09,10:15:00,51.35,51.45,51.05,51.2,10429
2025-10-09,10:45:00,51.2,51.3,51.1,51.3,6923
2025-10-09,11:15:00,51.25,51.3,51.1,51.25,3409
2025-10-09,11:45:00,51.2,51.25,51.15,51.2,5341
2025-10-09,12:15:00,51.2,51.25,51.15,51.25,5205
2025-10-09,12:45:00,51.25,51.3,51.15,51.2,4346
2025-10-09,13:15:00,51.2,51.2,51.0,51.1,27735
2025-10-09,13:45:00,51.05,51.1,50.95,51.1,10622
2025-10-09,14:15:00,51.05,51.15,51.0,51.15,8014
2025-10-09,14:45:00,51.15,51.15,51.1,51.15,12029
2025-10-12,10:15:00,50.5,50.6,50.15,50.5,24676
2025-10-12,10:45:00,50.55,50.7,50.45,50.6,14478
2025-10-12,11:15:00,50.6,50.85,50.55,50.65,12423
2025-10-12,11:45:00,50.65,50.7,50.5,50.6,11078
2025-10-12,12:15:00,50.6,50.7,50.55,50.6,5119
2025-10-12,12:45:00,50.6,50.8,50.55,50.75,10609
2025-10-12,13:15:00,50.7,51.05,50.7,51.05,21021
2025-10-12,13:45:00,51.0,51.2,50.95,51.0,8400
2025-10-12,14:15:00,50.95,51.0,50.9,51.0,4761
2025-10-12,14:45:00,51.0,51.0,50.9,51.0,11476
2025-10-13,10:15:00,51.3,51.3,51.1,51.2,6920
2025-10-13,10:45:00,51.2,51.3,51.2,51.3,8385
2025-10-13,11:15:00,51.3,51.3,51.0,51.2,15961
2025-10-13,11:45:00,51.2,51.45,51.15,51.4,15568
2025-10-13,12:15:00,51.45,52.15,51.4,52.0,59047
2025-10-13,12:45:00,52.0,52.0,51.65,51.8,16737
2025-10-13,13:15:00,51.8,52.0,51.75,52.0,25681
2025-10-13,13:45:00,51.9,52.15,51.85,52.1,21541
2025-10-13,14:15:00,52.0,52.05,51.8,51.8,13042
2025-10-13,14:45:00,51.8,52.0,51.8,51.9,6114
2025-10-14,10:00:00,52.0,52.2,51.45,51.6,23340
2025-10-14,10:30:00,51.55,51.55,51.3,51.5,9158
2025-10-14,11:00:00,51.5,51.65,51.5,51.65,4569
2025-10-14,11:30:00,51.6,51.65,51.4,51.45,24770
2025-10-14,12:00:00,51.45,51.5,51.3,51.4,28372
2025-10-14,12:30:00,51.3,51.4,51.15,51.4,26915
2025-10-14,13:00:00,51.4,51.75,51.4,51.7,34178
2025-10-14,13:30:00,51.7,51.8,51.5,51.5,21841
2025-10-14,14:00:00,51.45,51.5,51.25,51.25,38754
2025-10-14,14:30:00,51.25,51.4,51.2,51.4,14346
2025-10-14,15:00:00,51.45,51.45,51.45,51.45,9545
2025-10-15,10:00:00,51.3,51.7,51.3,51.45,46796
2025-10-15,10:30:00,51.4,51.6,51.25,51.55,10395
2025-10-15,11:00:00,51.5,51.7,51.4,51.45,4764
2025-10-15,11:30:00,51.4,51.45,51.35,51.35,4694
2025-10-15,12:00:00,51.45,51.45,51.25,51.45,13179
2025-10-15,12:30:00,51.45,51.45,51.3,51.4,4804
2025-10-15,13:00:00,51.35,51.45,51.35,51.4,3473
2025-10-15,13:30:00,51.3,51.85,51.3,51.5,35985
2025-10-15,14:00:00,51.5,51.65,51.45,51.55,12625
2025-10-15,14:30:00,51.5,52.25,51.45,52.0,88145
2025-10-15,15:00:00,51.6,51.6,51.6,51.6,14493
2025-10-16,10:00:00,51.55,51.95,51.4,51.7,17797
2025-10-16,10:30:00,51.7,51.9,51.7,51.7,45240
2025-10-16,11:00:00,51.75,51.75,51.4,51.4,39722
2025-10-16,11:30:00,51.4,51.4,51.05,51.25,53551
2025-10-16,12:00:00,51.25,51.3,51.2,51.2,14043
2025-10-16,12:30:00,51.25,51.25,51.1,51.15,11401
2025-10-16,13:00:00,51.2,51.25,51.15,51.2,2353
2025-10-16,13:30:00,51.25,51.3,51.0,51.15,13039
2025-10-16,14:00:00,51.1,51.2,51.0,51.0,20691
2025-10-16,14:30:00,50.95,51.3,50.95,51.3,11492
2025-10-19,10:15:00,51.25,51.3,51.1,51.25,9923
2025-10-19,10:45:00,51.25,51.25,51.05,51.1,14270
2025-10-19,11:15:00,51.25,51.25,51.05,51.05,3710
2025-10-19,11:45:00,51.05,51.2,51.0,51.1,9257
2025-10-19,12:15:00,51.15,51.2,51.1,51.15,5106
2025-10-19,12:45:00,51.1,51.15,51.05,51.05,3669
2025-10-19,13:15:00,51.05,51.2,51.05,51.2,2356
2025-10-19,13:45:00,51.1,51.2,51.05,51.05,15017
2025-10-19,14:15:00,51.05,51.05,50.8,50.85,27475
2025-10-19,14:45:00,50.85,50.9,50.75,50.8,10386
2025-10-20,10:15:00,50.65,50.8,50.65,50.75,9313
2025-10-20,10:45:00,50.7,50.7,50.35,50.4,7397
2025-10-20,11:15:00,50.4,50.4,50.3,50.35,7452
2025-10-20,11:45:00,50.35,50.4,50.25,50.35,5703
2025-10-20,12:15:00,50.35,50.4,50.3,50.35,7193
2025-10-20,12:45:00,50.4,50.4,50.25,50.25,7891
2025-10-20,13:15:00,50.35,50.35,50.05,50.15,36034
2025-10-20,13:45:00,50.15,50.15,50.05,50.15,7665
2025-10-20,14:15:00,50.15,50.15,49.9,50.05,18854
2025-10-20,14:45:00,50.0,50.2,49.9,50.05,17923
2025-10-21,10:15:00,49.52,49.52,49.24,49.26,20141
2025-10-21,10:45:00,49.26,49.26,48.76,49.0,49826
2025-10-21,11:15:00,48.9,49.12,48.9,49.0,25671
2025-10-21,11:45:00,49.02,49.14,48.98,49.14,13241
2025-10-21,12:15:00,49.12,49.14,49.1,49.1,11452
2025-10-21,12:45:00,49.12,49.18,49.02,49.14,19096
2025-10-21,13:15:00,49.04,49.16,49.04,49.14,6740
2025-10-21,13:45:00,49.14,49.14,49.08,49.14,9184
2025-10-21,14:15:00,49.14,49.16,49.0,49.02,13993
2025-10-21,14:45:00,49.04,49.04,49.0,49.0,23026
2025-10-22,10:15:00,48.84,48.94,48.74,48.74,24807
2025-10-22,10:45:00,48.74,48.9,48.72,48.88,16741
2025-10-22,11:15:00,48.9,48.9,48.82,48.88,6490
2025-10-22,11:45:00,48.88,49.1,48.88,49.06,14736
2025-10-22,12:15:00,49.06,49.06,48.84,48.84,8857
2025-10-22,12:45:00,48.86,48.9,48.82,48.9,5092
2025-10-22,13:15:00,48.9,48.92,48.84,48.9,7558
2025-10-22,13:45:00,48.88,48.9,48.68,48.76,11030
2025-10-22,14:15:00,48.76,48.78,48.72,48.78,5031
2025-10-22,14:45:00,48.78,48.8,48.74,48.74,5672
2025-10-23,10:15:00,48.56,48.66,48.5,48.54,5833
2025-10-23,10:45:00,48.56,48.68,48.44,48.46,40482
2025-10-23,11:15:00,48.48,48.56,48.48,48.56,1952
2025-10-23,11:45:00,48.56,48.56,48.48,48.56,11084
2025-10-23,12:15:00,48.54,48.68,48.54,48.54,12189
2025-10-23,12:45:00,48.54,48.56,48.52,48.52,1545
2025-10-23,13:15:00,48.56,48.72,48.56,48.64,8036
2025-10-23,13:45:00,48.64,48.68,48.62,48.68,5343
2025-10-23,14:15:00,48.7,48.7,48.68,48.7,9718
2025-10-23,14:45:00,48.68,48.72,48.66,48.68,11575
2025-10-26,10:15:00,48.84,49.0,48.84,48.94,7757
2025-10-26,10:45:00,48.94,48.96,48.9,48.92,1317
2025-10-26,11:15:00,48.92,48.92,48.88,48.9,4364
2025-10-26,11:45:00,48.9,48.94,48.88,48.94,1139
2025-10-26,12:15:00,48.92,48.94,48.86,48.9,4864
2025-10-26,12:45:00,48.88,49.0,48.88,48.96,16179
2025-10-26,13:15:00,48.96,48.96,48.88,48.88,29096
2025-10-26,13:45:00,48.88,48.92,48.8,48.92,4017
2025-10-26,14:15:00,48.86,48.94,48.86,48.92,3194
2025-10-26,14:45:00,48.86,48.92,48.84,48.92,489
2025-10-27,10:15:00,48.8,48.84,48.72,48.78,6075
2025-10-27,10:45:00,48.78,48.82,48.72,48.8,7424
2025-10-27,11:15:00,48.8,48.86,48.78,48.8,6488
2025-10-27,11:45:00,48.8,48.8,48.78,48.78,2876
2025-10-27,12:15:00,48.8,49.0,48.78,48.84,30544
2025-10-27,12:45:00,48.84,48.9,48.82,48.88,2885
2025-10-27,13:15:00,48.88,49.0,48.82,48.82,18657
2025-10-27,13:45:00,48.82,48.84,48.82,48.84,1360
2025-10-27,14:15:00,48.84,48.86,48.74,48.76,16497
2025-10-27,14:45:00,48.76,48.76,48.7,48.7,14071
2025-10-28,10:15:00,48.5,48.68,48.48,48.52,5918
2025-10-28,10:45:00,48.52,48.64,48.48,48.6,4589
2025-10-28,11:15:00,48.58,48.6,48.5,48.58,6340
2025-10-28,11:45:00,48.58,48.6,48.58,48.6,3238
2025-10-28,12:15:00,48.58,48.58,48.58,48.58,1027
2025-10-28,12:45:00,48.56,48.62,48.5,48.6,15355
2025-10-28,13:15:00,48.54,48.6,48.54,48.6,4143
2025-10-28,13:45:00,48.6,48.6,48.56,48.6,3287
2025-10-28,14:15:00,48.6,48.66,48.52,48.6,5265
2025-10-28,14:45:00,48.6,48.62,48.5,48.5,18064
2025-10-29,10:15:00,48.72,48.78,48.6,48.62,4202
2025-10-29,10:45:00,48.6,49.26,48.58,49.12,56804
2025-10-29,11:15:00,49.12,49.14,48.88,48.94,14348
2025-10-29,11:45:00,48.94,48.94,48.88,48.88,9415
2025-10-29,12:15:00,48.88,49.1,48.88,48.98,16279
2025-10-29,12:45:00,49.0,49.0,48.94,48.98,6811
2025-10-29,13:15:00,48.98,49.0,48.94,49.0,5061
2025-10-29,13:45:00,48.94,49.0,48.9,48.98,3428
2025-10-29,14:15:00,48.98,49.02,48.94,49.02,9567
2025-10-29,14:45:00,49.0,49.08,48.92,48.98,19226
2025-10-30,10:15:00,48.98,49.4,48.9,49.14,82757
2025-10-30,10:45:00,49.2,49.26,49.16,49.2,17180
2025-10-30,11:15:00,49.18,49.24,49.1,49.18,23452
2025-10-30,11:45:00,49.18,49.44,49.12,49.4,95540
2025-10-30,12:15:00,49.38,49.68,49.38,49.48,29704
2025-10-30,12:45:00,49.46,49.6,49.4,49.44,18539
2025-10-30,13:15:00,49.42,49.42,49.06,49.16,21659
2025-10-30,13:45:00,49.14,49.14,48.7,48.8,65498
2025-10-30,14:15:00,48.8,48.86,48.72,48.78,53751
2025-10-30,14:45:00,48.76,48.78,48.64,48.72,48557
2025-11-02,10:15:00,48.42,49.0,48.0,48.7,41708
2025-11-02,10:45:00,48.68,48.7,48.5,48.56,19454
2025-11-02,11:15:00,48.52,48.58,48.3,48.4,19301
2025-11-02,11:45:00,48.4,48.52,48.34,48.52,4102
2025-11-02,12:15:00,48.52,48.58,48.46,48.56,1536
2025-11-02,12:45:00,48.56,48.56,48.38,48.42,5682
2025-11-02,13:15:00,48.42,48.5,48.24,48.36,4664
2025-11-02,13:45:00,48.4,48.4,48.2,48.26,15158
2025-11-02,14:15:00,48.24,48.3,48.24,48.3,4813
2025-11-02,14:45:00,48.26,48.34,48.22,48.22,5890
2025-11-03,10:00:00,48.28,48.5,48.02,48.16,11915
2025-11-03,10:30:00,48.12,48.16,47.82,48.0,15675
2025-11-03,11:00:00,48.0,48.02,47.9,48.0,6506
2025-11-03,11:30:00,48.0,48.08,47.98,48.08,5297
2025-11-03,12:00:00,48.14,48.18,48.06,48.16,1062
2025-11-03,12:30:00,48.14,48.5,48.0,48.08,17497
2025-11-03,13:00:00,48.08,48.1,48.02,48.02,4768
2025-11-03,13:30:00,48.02,48.06,48.0,48.06,6772
2025-11-03,14:00:00,48.06,48.1,47.98,48.04,5354
2025-11-03,14:30:00,48.08,48.08,47.94,48.0,10385
2025-11-03,15:00:00,48.08,48.08,48.08,48.08,2498
2025-11-04,10:00:00,48.94,49.44,48.6,48.8,288767
2025-11-04,10:30:00,48.8,48.84,48.66,48.76,30578
2025-11-04,11:00:00,48.76,48.78,48.3,48.44,25506
2025-11-04,11:30:00,48.44,48.44,48.16,48.18,28708
2025-11-04,12:00:00,48.18,48.8,48.14,48.7,29965
2025-11-04,12:30:00,48.7,48.7,48.4,48.54,19786
2025-11-04,13:00:00,48.54,48.84,48.5,48.76,19579
2025-11-04,13:30:00,48.72,49.2,48.7,49.0,56423
2025-11-04,14:00:00,48.98,49.18,48.84,49.06,18219
2025-11-04,14:30:00,49.06,49.16,49.0,49.02,44269
2025-11-04,15:00:00,49.0,49.0,49.0,49.0,11722
2025-11-05,10:00:00,48.74,49.3,48.74,49.12,37977
2025-11-05,10:30:00,49.14,49.54,49.04,49.54,68876
2025-11-05,11:00:00,49.56,49.68,49.4,49.56,34999
2025-11-05,11:30:00,49.56,50.95,49.56,50.7,161608
2025-11-05,12:00:00,50.7,50.95,50.5,50.5,67604
2025-11-05,12:30:00,50.45,50.65,50.0,50.25,33675
2025-11-05,13:00:00,50.25,50.55,50.25,50.4,22361
2025-11-05,13:30:00,50.4,50.45,50.15,50.15,21925
2025-11-05,14:00:00,50.2,50.3,49.9,49.9,28254
2025-11-05,14:30:00,49.94,50.05,49.7,49.98,41176
2025-11-05,15:00:00,49.98,49.98,49.98,49.98,4945
2025-11-06,10:00:00,49.98,50.15,49.52,50.1,28662
2025-11-06,10:30:00,50.15,50.5,50.0,50.05,46184
2025-11-06,11:00:00,50.0,50.25,49.78,50.05,51182
2025-11-06,11:30:00,50.1,50.25,50.0,50.2,15821
2025-11-06,12:00:00,50.2,50.5,50.1,50.3,90318
2025-11-06,12:30:00,50.35,50.4,50.05,50.15,15749
2025-11-06,13:00:00,50.25,50.55,50.0,50.0,52426
2025-11-06,13:30:00,50.0,50.15,50.0,50.1,40915
2025-11-06,14:00:00,50.1,50.15,50.1,50.15,5683
2025-11-06,14:30:00,50.1,50.2,50.05,50.05,44439
2025-11-09,10:15:00,49.44,49.6,49.24,49.4,50391
2025-11-09,10:45:00,49.32,49.34,48.5,48.6,40346
2025-11-09,11:15:00,48.6,48.7,48.36,48.58,18855
2025-11-09,11:45:00,48.48,48.5,47.98,48.24,33678
2025-11-09,12:15:00,48.12,48.28,47.9,48.26,18963
2025-11-09,12:45:00,48.28,48.42,48.22,48.42,7458
2025-11-09,13:15:00,48.44,48.9,48.44,48.84,21951
2025-11-09,13:45:00,48.84,49.12,48.84,49.0,42168
2025-11-09,14:15:00,49.02,49.24,48.98,49.0,15298
2025-11-09,14:45:00,49.0,49.1,48.96,49.0,28561
2025-11-10,10:15:00,48.5,49.18,48.5,48.82,52979
2025-11-10,10:45:00,48.82,48.9,48.78,48.86,24948
2025-11-10,11:15:00,48.9,49.2,48.9,49.12,36389
2025-11-10,11:45:00,49.14,49.38,49.08,49.08,31582
2025-11-10,12:15:00,49.08,49.08,48.74,48.88,18736
2025-11-10,12:45:00,48.88,49.3,48.86,49.22,35995
2025-11-10,13:15:00,49.22,49.22,49.02,49.02,25454
2025-11-10,13:45:00,49.02,49.18,49.0,49.18,4513
2025-11-10,14:15:00,49.16,49.2,49.04,49.2,31983
2025-11-10,14:45:00,49.2,49.38,49.1,49.38,13470
2025-11-11,10:15:00,49.2,49.4,49.2,49.3,17811
2025-11-11,10:45:00,49.3,49.92,49.3,49.68,43348
2025-11-11,11:15:00,49.56,49.56,49.06,49.3,68787
2025-11-11,11:45:00,49.3,49.48,49.2,49.2,8282
2025-11-11,12:15:00,49.36,49.36,49.3,49.3,7590
2025-11-11,12:45:00,49.36,49.38,49.24,49.3,22268
2025-11-11,13:15:00,49.22,49.22,48.9,48.98,57982
2025-11-11,13:45:00,48.98,49.06,48.94,49.04,13779
2025-11-11,14:15:00,49.08,49.08,48.9,49.0,20865
2025-11-11,14:45:00,49.0,49.06,49.0,49.02,13254
2025-11-12,10:15:00,49.48,49.5,49.06,49.24,33202
2025-11-12,10:45:00,49.24,49.5,49.2,49.46,34108
2025-11-12,11:15:00,49.46,49.78,49.42,49.48,57190
2025-11-12,11:45:00,49.5,49.66,49.5,49.5,15558
2025-11-12,12:15:00,49.5,49.78,49.34,49.78,28231
2025-11-12,12:45:00,49.74,49.8,49.6,49.6,10925
2025-11-12,13:15:00,49.6,49.7,49.54,49.54,16538
2025-11-12,13:45:00,49.68,49.7,49.0,49.58,55011
2025-11-12,14:15:00,49.54,49.54,49.36,49.38,20971
2025-11-12,14:45:00,49.38,49.42,49.28,49.36,4523
2025-11-13,10:15:00,49.18,49.2,48.6,48.6,38401
2025-11-13,10:45:00,48.6,48.62,48.4,48.5,26529
2025-11-13,11:15:00,48.5,48.58,48.36,48.36,14346
2025-11-13,11:45:00,48.4,48.6,48.28,48.36,27426
2025-11-13,12:15:00,48.36,48.38,48.2,48.2,13969
2025-11-13,12:45:00,48.26,48.32,48.14,48.2,13672
2025-11-13,13:15:00,48.26,48.26,48.12,48.18,7760
2025-11-13,13:45:00,48.2,48.36,47.92,47.96,39670
2025-11-13,14:15:00,47.96,48.1,47.88,48.08,23699
2025-11-13,14:45:00,48.08,48.18,47.92,47.92,21632
2025-11-16,10:15:00,47.4,47.44,46.94,47.04,26552
2025-11-16,10:45:00,47.04,47.18,46.94,47.16,10331
2025-11-16,11:15:00,47.14,47.14,46.46,46.56,26785
2025-11-16,11:45:00,46.58,46.72,46.5,46.5,7484
2025-11-16,12:15:00,46.5,46.72,46.4,46.56,17763
2025-11-16,12:45:00,46.58,46.7,46.48,46.54,13489
2025-11-16,13:15:00,46.56,46.62,46.42,46.46,6331
2025-11-16,13:45:00,46.48,46.58,46.4,46.42,14825
2025-11-16,14:15:00,46.44,46.52,46.4,46.5,7389
2025-11-16,14:45:00,46.5,46.6,46.42,46.6,6007
2025-11-17,10:15:00,46.42,46.52,46.36,46.42,7778
2025-11-17,10:45:00,46.4,46.46,46.02,46.08,11812
2025-11-17,11:15:00,46.1,46.1,45.9,46.06,28106
2025-11-17,11:45:00,46.06,46.06,45.86,45.96,19026
2025-11-17,12:15:00,45.9,45.98,45.62,45.72,12058
2025-11-17,12:45:00,45.76,45.82,45.72,45.76,12902
2025-11-17,13:15:00,45.76,45.76,45.54,45.64,22808
2025-11-17,13:45:00,45.62,45.66,45.4,45.46,14119
2025-11-17,14:15:00,45.48,45.48,45.32,45.4,36226
2025-11-17,14:45:00,45.44,45.6,45.44,45.6,11266
2025-11-18,10:15:00,45.08,46.0,45.06,45.68,26506
2025-11-18,10:45:00,45.74,45.86,45.6,45.86,3507
2025-11-18,11:15:00,45.86,45.96,45.74,45.84,9604
2025-11-18,11:45:00,45.86,45.96,45.86,45.9,4582
2025-11-18,12:15:00,45.94,46.0,45.9,45.96,10809
2025-11-18,12:45:00,45.96,45.98,45.78,45.78,5758
2025-11-18,13:15:00,45.8,45.88,45.64,45.88,3033
2025-11-18,13:45:00,45.88,45.88,45.6,45.8,5006
2025-11-18,14:15:00,45.8,45.88,45.62,45.7,7282
2025-11-18,14:45:00,45.7,45.72,45.54,45.58,5690
2025-11-19,10:15:00,45.72,45.72,45.58,45.6,4179
2025-11-19,10:45:00,45.6,45.66,45.46,45.5,5573
2025-11-19,11:15:00,45.54,45.54,45.44,45.5,5231
2025-11-19,11:45:00,45.46,45.46,45.2,45.2,4663
2025-11-19,12:15:00,45.3,45.3,45.12,45.2,9346
2025-11-19,12:45:00,45.2,45.3,45.16,45.26,5628
2025-11-19,13:15:00,45.24,45.26,45.14,45.22,7282
2025-11-19,13:45:00,45.24,45.24,45.02,45.04,12762
2025-11-19,14:15:00,45.04,45.12,45.02,45.08,5822
2025-11-19,14:45:00,45.08,45.16,44.94,45.16,17613
2025-11-20,10:15:00,45.06,45.26,45.04,45.2,3056
2025-11-20,10:45:00,45.2,45.36,45.12,45.28,8559
2025-11-20,11:15:00,45.3,45.36,45.22,45.22,2767
2025-11-20,11:45:00,45.22,45.48,45.22,45.28,9499
2025-11-20,12:15:00,45.3,45.3,45.2,45.22,3608
2025-11-20,12:45:00,45.22,45.3,45.22,45.3,2521
2025-11-20,13:15:00,45.3,45.36,45.28,45.36,3130
2025-11-20,13:45:00,45.32,45.48,45.3,45.42,3735
2025-11-20,14:15:00,45.4,45.46,45.38,45.44,1876
2025-11-20,14:45:00,45.4,45.46,45.3,45.46,8738
2025-11-23,10:15:00,46.18,46.18,45.82,45.84,7051
2025-11-23,10:45:00,45.82,45.92,45.8,45.92,2339
2025-11-23,11:15:00,45.92,45.96,45.8,45.9,2747
2025-11-23,11:45:00,45.92,45.92,45.8,45.86,2474
2025-11-23,12:15:00,45.84,45.84,45.66,45.76,7973
2025-11-23,12:45:00,45.7,45.8,45.66,45.76,732
2025-11-23,13:15:00,45.72,45.8,45.7,45.8,1105
2025-11-23,13:45:00,45.76,45.8,45.38,45.5,10386
2025-11-23,14:15:00,45.46,45.46,45.38,45.44,3899
2025-11-23,14:45:00,45.44,45.48,45.38,45.38,3510
2025-11-24,10:00:00,45.6,45.6,45.32,45.46,3390
2025-11-24,10:30:00,45.36,45.6,45.32,45.34,6940
2025-11-24,11:00:00,45.34,45.5,45.26,45.5,4914
2025-11-24,11:30:00,45.34,45.52,45.3,45.36,363
2025-11-24,12:00:00,45.34,45.38,45.32,45.32,3055
2025-11-24,12:30:00,45.32,45.36,45.32,45.36,3641
2025-11-24,13:00:00,45.38,45.6,45.38,45.42,1376
2025-11-24,13:30:00,45.48,45.54,45.48,45.5,3064
2025-11-24,14:00:00,45.5,45.52,45.38,45.48,3691
2025-11-24,14:30:00,45.48,45.5,45.26,45.26,9378
2025-11-24,15:00:00,45.26,45.26,45.26,45.26,4464
2025-11-25,10:00:00,45.52,45.56,45.26,45.26,4515
2025-11-25,10:30:00,45.28,45.44,45.28,45.44,1363
2025-11-25,11:00:00,45.36,45.52,45.3,45.44,6681
2025-11-25,11:30:00,45.36,45.48,45.04,45.04,6247
2025-11-25,12:00:00,45.28,45.28,45.12,45.14,1724
2025-11-25,12:30:00,45.18,45.18,44.9,44.96,4622
2025-11-25,13:00:00,44.96,44.98,44.9,44.92,5733
2025-11-25,13:30:00,44.94,44.96,44.76,44.9,6410
2025-11-25,14:00:00,44.88,44.94,44.5,44.64,5686
2025-11-25,14:30:00,44.7,44.9,44.64,44.7,4853
2025-11-25,15:00:00,44.72,44.72,44.72,44.72,5299
2025-11-26,10:00:00,44.12,44.38,44.1,44.16,6601
2025-11-26,10:30:00,44.2,44.24,43.8,43.82,12639
2025-11-26,11:00:00,43.8,43.98,43.66,43.96,12614
2025-11-26,11:30:00,43.94,43.94,43.76,43.9,9436
2025-11-26,12:00:00,43.9,43.9,43.68,43.78,9215
2025-11-26,12:30:00,43.74,43.76,43.52,43.56,15026
2025-11-26,13:00:00,43.56,43.66,43.54,43.66,5322
2025-11-26,13:30:00,43.64,43.78,43.62,43.72,5304
2025-11-26,14:00:00,43.72,43.86,43.68,43.84,15043
2025-11-26,14:30:00,43.86,43.88,43.74,43.8,5199
2025-11-26,15:00:00,43.82,43.82,43.82,43.82,648
2025-11-27,10:00:00,43.96,44.08,43.74,43.84,7461
2025-11-27,10:30:00,43.84,43.88,43.74,43.8,3825
2025-11-27,11:00:00,43.8,43.8,43.36,43.36,7558
2025-11-27,11:30:00,43.38,43.42,43.02,43.14,9042
2025-11-27,12:00:00,43.2,43.48,43.0,43.3,3362
2025-11-27,12:30:00,43.26,43.32,43.2,43.2,1970
2025-11-27,13:00:00,43.24,43.56,43.22,43.3,2924
2025-11-27,13:30:00,43.3,43.3,43.26,43.3,3155
2025-11-27,14:00:00,43.26,43.4,43.16,43.18,8802
2025-11-27,14:30:00,43.22,43.26,43.12,43.2,8933
2025-11-27,15:00:00,43.06,43.06,43.06,43.06,4838
2025-11-30,10:00:00,43.1,43.46,43.1,43.22,3597
2025-11-30,10:30:00,43.32,43.32,42.98,43.0,12410
2025-11-30,11:00:00,43.02,43.02,42.84,42.84,5662
2025-11-30,11:30:00,42.84,42.9,42.3,42.4,20277
2025-11-30,12:00:00,42.38,42.4,42.1,42.28,14887
2025-11-30,12:30:00,42.38,42.38,42.12,42.12,5106
2025-11-30,13:00:00,42.2,42.3,42.12,42.26,5733
2025-11-30,13:30:00,42.28,42.38,42.22,42.34,7733
2025-11-30,14:00:00,42.34,42.34,42.16,42.24,5290
2025-11-30,14:30:00,42.24,42.3,42.1,42.18,6732
2025-11-30,15:00:00,42.1,42.1,42.1,42.1,4068
2025-12-01,10:00:00,42.02,42.5,42.0,42.4,22227
2025-12-01,10:30:00,42.46,42.46,42.0,42.2,8123
2025-12-01,11:00:00,42.18,42.26,42.1,42.2,433
2025-12-01,11:30:00,42.18,42.18,41.92,41.96,12038
2025-12-01,12:00:00,41.98,42.46,41.98,42.14,8346
2025-12-01,12:30:00,42.16,42.26,42.14,42.14,1350
2025-12-01,13:00:00,42.18,42.18,42.0,42.1,2483
2025-12-01,13:30:00,42.1,42.18,42.08,42.14,3894
2025-12-01,14:00:00,42.14,42.7,41.0,42.38,19008
2025-12-01,14:30:00,42.3,42.32,42.0,42.14,3847
2025-12-02,10:15:00,42.24,42.64,42.2,42.38,2953
2025-12-02,10:45:00,42.28,42.42,42.2,42.34,1922
2025-12-02,11:15:00,42.26,42.28,42.02,42.06,3261
2025-12-02,11:45:00,42.06,42.3,41.96,42.22,3907
2025-12-02,12:15:00,42.22,42.22,41.98,42.14,6110
2025-12-02,12:45:00,42.14,42.14,42.0,42.06,1315
2025-12-02,13:15:00,42.08,42.12,41.98,42.04,4687
2025-12-02,13:45:00,42.04,42.2,42.0,42.0,4711
2025-12-02,14:15:00,42.0,42.04,41.88,41.88,4562
2025-12-02,14:45:00,41.9,42.1,41.9,42.1,2913
2025-12-03,10:15:00,42.04,42.2,41.94,41.94,5612
2025-12-03,10:45:00,41.96,42.4,41.92,42.34,4086
2025-12-03,11:15:00,42.36,42.58,42.22,42.4,8096
2025-12-03,11:45:00,42.5,42.5,42.4,42.4,2806
2025-12-03,12:15:00,42.42,42.46,42.3,42.3,2010
2025-12-03,12:45:00,42.26,42.42,42.12,42.24,4981
2025-12-03,13:15:00,42.26,42.46,42.14,42.2,5097
2025-12-03,13:45:00,42.14,42.24,42.14,42.18,1289
2025-12-03,14:15:00,42.18,42.2,42.1,42.16,2876
2025-12-03,14:45:00,42.16,42.48,42.14,42.48,2261
2025-12-04,10:15:00,42.38,42.98,42.34,42.76,6854
2025-12-04,10:45:00,42.76,42.9,42.64,42.78,3955
2025-12-04,11:15:00,42.8,42.94,42.76,42.8,6083
2025-12-04,11:45:00,42.86,43.12,42.76,43.12,5794
2025-12-04,12:15:00,43.12,43.12,42.92,42.98,4191
2025-12-04,12:45:00,42.98,43.04,42.8,42.86,2221
2025-12-04,13:15:00,42.92,42.92,42.82,42.82,2418
2025-12-04,13:45:00,42.9,43.0,42.74,43.0,6840
2025-12-04,14:15:00,42.98,42.98,42.5,42.5,2640
2025-12-04,14:45:00,42.5,42.88,42.5,42.88,7494
2025-12-07,10:15:00,43.0,43.06,42.88,42.96,3142
2025-12-07,10:45:00,42.96,43.0,42.86,42.9,8726
2025-12-07,11:15:00,42.98,43.0,42.88,42.88,4129
2025-12-07,11:45:00,42.88,42.92,42.88,42.88,2942
2025-12-07,12:15:00,42.86,42.88,42.72,42.78,1131
2025-12-07,12:45:00,42.78,42.78,42.76,42.76,938
2025-12-07,13:15:00,42.76,42.78,42.58,42.76,3207
2025-12-07,13:45:00,42.66,42.76,42.6,42.74,1862
2025-12-07,14:15:00,42.66,42.86,42.6,42.86,1969
2025-12-07,14:45:00,42.62,42.8,42.62,42.62,857
2025-12-08,10:15:00,42.34,42.38,42.3,42.32,1829
2025-12-08,10:45:00,42.32,42.32,42.26,42.28,1940
2025-12-08,11:15:00,42.28,42.48,42.28,42.3,1813
2025-12-08,11:45:00,42.28,42.36,42.2,42.2,1810
2025-12-08,12:15:00,42.24,42.4,42.06,42.1,4039
2025-12-08,12:45:00,42.12,42.22,42.1,42.12,3536
2025-12-08,13:15:00,42.12,42.14,42.0,42.02,2625
2025-12-08,13:45:00,42.02,42.06,41.98,42.06,1558
2025-12-08,14:15:00,42.02,42.14,42.02,42.08,589
2025-12-08,14:45:00,42.16,42.34,42.1,42.12,3623
2025-12-09,10:15:00,42.24,42.42,42.2,42.3,2382
2025-12-09,10:45:00,42.3,42.4,42.16,42.4,3425
2025-12-09,11:15:00,42.4,42.7,42.4,42.66,2256
2025-12-09,11:45:00,42.66,42.78,42.6,42.66,2327
2025-12-09,12:15:00,42.66,42.92,42.62,42.9,4801
2025-12-09,12:45:00,42.9,43.08,42.78,42.9,10420
2025-12-09,13:15:00,42.9,42.9,42.8,42.8,5080
2025-12-09,13:45:00,42.84,42.86,42.74,42.86,1639
2025-12-09,14:15:00,42.86,42.96,42.84,42.86,1118
2025-12-09,14:45:00,42.88,43.08,42.86,43.08,1741
2025-12-10,10:15:00,43.12,43.2,43.02,43.04,3287
2025-12-10,10:45:00,43.02,43.2,43.02,43.2,1893
2025-12-10,11:15:00,43.18,43.26,43.08,43.2,6381
2025-12-10,11:45:00,43.26,43.34,43.22,43.32,3145
2025-12-10,12:15:00,43.34,43.34,43.18,43.24,2066
2025-12-10,12:45:00,43.24,43.3,43.18,43.24,3886
2025-12-10,13:15:00,43.26,43.34,43.24,43.3,1337
2025-12-10,13:45:00,43.26,43.34,43.2,43.34,3621
2025-12-10,14:15:00,43.34,43.4,43.3,43.38,2564
2025-12-10,14:45:00,43.3,43.38,43.22,43.22,2801
2025-12-11,10:15:00,43.18,43.7,43.12,43.62,6572
2025-12-11,10:45:00,43.6,43.62,43.36,43.36,4557
2025-12-11,11:15:00,43.28,43.54,43.28,43.5,5043
2025-12-11,11:45:00,43.5,43.54,43.38,43.5,4624
2025-12-11,12:15:00,43.5,43.52,43.04,43.12,3180
2025-12-11,12:45:00,43.12,43.16,42.86,43.0,3876
2025-12-11,13:15:00,43.08,43.18,43.02,43.1,1394
2025-12-11,13:45:00,43.1,43.16,42.98,43.08,6715
2025-12-11,14:15:00,43.08,43.14,42.96,42.98,7116
2025-12-11,14:45:00,43.0,43.16,42.92,42.92,6077
2025-12-14,10:15:00,42.54,42.88,42.4,42.44,629
2025-12-14,10:45:00,42.42,42.48,42.2,42.36,6335
2025-12-14,11:15:00,42.3,42.34,42.22,42.22,5024
2025-12-14,11:45:00,42.24,42.24,42.18,42.18,1828
2025-12-14,12:15:00,42.2,42.2,42.0,42.08,17238
2025-12-14,12:45:00,42.08,42.08,41.92,41.94,8438
2025-12-14,13:15:00,41.92,42.04,41.86,41.96,2429
2025-12-14,13:45:00,41.98,41.98,41.92,41.96,1356
2025-12-14,14:15:00,41.94,41.96,41.8,41.84,7986
2025-12-14,14:45:00,41.84,41.84,41.78,41.78,2667
2025-12-15,10:15:00,41.96,42.06,41.84,42.06,2696
2025-12-15,10:45:00,42.0,42.12,42.0,42.0,3540
2025-12-15,11:15:00,42.06,42.22,41.98,42.18,4008
2025-12-15,11:45:00,42.2,42.2,42.06,42.16,2295
2025-12-15,12:15:00,42.16,42.2,42.1,42.12,3935
2025-12-15,12:45:00,42.16,42.16,41.88,41.88,7107
2025-12-15,13:15:00,41.92,41.98,41.9,41.94,1701
2025-12-15,13:45:00,41.96,41.96,41.88,41.94,2425
2025-12-15,14:15:00,41.96,42.06,41.96,42.0,9443
2025-12-15,14:45:00,41.96,42.26,41.94,42.26,3253
2025-12-16,10:00:00,42.0,42.18,41.86,41.86,3634
2025-12-16,10:30:00,41.86,42.08,41.86,42.04,1307
2025-12-16,11:00:00,42.04,42.04,41.8,41.84,2709
2025-12-16,11:30:00,41.86,41.86,41.74,41.74,992
2025-12-16,12:00:00,41.74,42.08,41.7,42.06,4609
2025-12-16,12:30:00,42.0,42.0,41.9,41.96,944
2025-12-16,13:00:00,41.96,41.98,41.9,41.9,2698
2025-12-16,13:30:00,41.9,41.9,41.7,41.7,2938
2025-12-16,14:00:00,41.7,41.7,41.48,41.48,4622
2025-12-16,14:30:00,41.58,41.78,41.4,41.58,12005
2025-12-16,15:00:00,41.5,41.5,41.5,41.5,2714
2025-12-17,10:00:00,41.54,41.58,41.38,41.38,2985
2025-12-17,10:30:00,41.4,41.6,41.4,41.56,1131
2025-12-17,11:00:00,41.54,41.7,41.52,41.64,3370
2025-12-17,11:30:00,41.72,41.98,41.62,41.9,9302
2025-12-17,12:00:00,41.78,41.92,41.78,41.9,928
2025-12-17,12:30:00,41.9,41.9,41.5,41.8,12389
2025-12-17,13:00:00,41.72,41.92,41.7,41.82,3431
2025-12-17,13:30:00,41.86,41.86,41.52,41.54,12660
2025-12-17,14:00:00,41.56,41.64,41.52,41.64,933
2025-12-17,14:30:00,41.64,41.7,41.54,41.7,3799
2025-12-17,15:00:00,41.6,41.6,41.6,41.6,1526
2025-12-18,10:00:00,41.6,41.62,41.2,41.32,13892
2025-12-18,10:30:00,41.36,41.38,41.02,41.02,4890
2025-12-18,11:00:00,41.2,41.22,40.98,41.22,5492
2025-12-18,11:30:00,41.22,41.24,41.0,41.1,8521
2025-12-18,12:00:00,41.08,41.2,40.06,41.0,6537
2025-12-18,12:30:00,41.02,41.2,41.02,41.16,3082
2025-12-18,13:00:00,41.14,41.28,41.1,41.18,4558
2025-12-18,13:30:00,41.14,41.18,41.02,41.02,3073
2025-12-18,14:00:00,41.1,41.18,41.08,41.08,1268
2025-12-18,14:30:00,41.18,41.28,41.08,41.24,2614
2025-12-18,15:00:00,41.02,41.02,41.02,41.02,2152
2025-12-21,10:00:00,41.02,41.7,41.02,41.58,10202
2025-12-21,10:30:00,41.52,41.68,41.4,41.6,2454
2025-12-21,11:00:00,41.58,41.6,41.34,41.34,3732
2025-12-21,11:30:00,41.36,41.38,41.3,41.36,654
2025-12-21,12:00:00,41.38,41.62,41.34,41.5,1180
2025-12-21,12:30:00,41.42,41.44,41.0,41.18,7085
2025-12-21,13:00:00,41.1,41.64,41.04,41.18,2274
2025-12-21,13:30:00,41.18,41.6,41.18,41.6,6131
2025-12-21,14:00:00,41.5,41.6,41.4,41.48,1146
2025-12-21,14:30:00,41.48,41.78,41.48,41.76,4899
2025-12-22,10:15:00,41.62,41.62,41.4,41.4,1946
2025-12-22,10:45:00,41.4,41.64,41.38,41.52,1404
2025-12-22,11:15:00,41.56,41.98,41.5,41.84,9471
2025-12-22,11:45:00,41.9,42.14,41.8,41.8,7946
2025-12-22,12:15:00,41.82,41.88,41.8,41.86,5848
2025-12-22,12:45:00,41.88,41.92,41.7,41.72,8226
2025-12-22,13:15:00,41.72,41.72,41.58,41.6,7491
2025-12-22,13:45:00,41.62,41.74,41.58,41.7,4076
2025-12-22,14:15:00,41.74,41.74,41.6,41.64,5668
2025-12-22,14:45:00,41.62,41.68,41.4,41.68,4296
2025-12-23,10:00:00,41.8,41.8,41.58,41.8,904
2025-12-23,10:30:00,41.78,41.78,41.72,41.72,448
2025-12-23,11:00:00,41.72,41.72,41.6,41.62,1642
2025-12-23,11:30:00,41.64,41.88,41.64,41.88,9374
2025-12-23,12:00:00,41.9,41.98,41.9,41.98,1186
2025-12-23,12:30:00,41.98,42.0,41.9,41.9,4547
2025-12-23,13:00:00,41.88,41.98,41.88,41.92,1482
2025-12-23,13:30:00,41.92,42.16,41.92,41.98,12356
2025-12-23,14:00:00,42.02,42.06,41.92,42.0,1428
2025-12-23,14:30:00,42.0,42.0,41.8,41.88,4354
2025-12-23,15:00:00,42.0,42.0,42.0,42.0,1280
2025-12-24,10:00:00,41.88,42.3,41.66,41.66,3295
2025-12-24,10:30:00,41.88,42.0,41.88,41.9,2773
2025-12-24,11:00:00,41.8,41.8,41.56,41.56,16021
2025-12-24,11:30:00,41.54,41.56,41.5,41.5,6535
2025-12-24,12:00:00,41.52,41.52,41.4,41.42,1070
2025-12-24,12:30:00,41.44,41.7,41.36,41.44,2073
2025-12-24,13:00:00,41.5,41.66,41.44,41.66,1069
2025-12-24,13:30:00,41.46,41.48,41.42,41.46,795
2025-12-24,14:00:00,41.44,41.44,41.2,41.24,17571
2025-12-24,14:30:00,41.22,41.38,41.22,41.38,691
2025-12-24,15:00:00,41.36,41.36,41.36,41.36,457
2025-12-25,10:00:00,41.28,41.38,41.26,41.36,1767
2025-12-25,10:30:00,41.36,41.48,41.3,41.48,819
2025-12-25,11:00:00,41.36,41.5,41.32,41.4,1091
2025-12-25,11:30:00,41.4,41.44,41.34,41.34,59
2025-12-25,12:00:00,41.3,41.4,41.3,41.38,51
2025-12-25,12:30:00,41.38,41.44,41.34,41.44,1587
2025-12-25,13:00:00,41.44,41.44,41.42,41.44,309
2025-12-25,13:45:00,41.44,41.44,41.3,41.3,595
2025-12-25,14:15:00,41.3,41.42,41.28,41.3,1506
2025-12-25,14:45:00,41.4,41.46,41.04,41.04,1840
2025-12-28,10:15:00,40.88,40.94,40.4,40.76,3219
2025-12-28,10:45:00,40.8,40.94,40.3,40.32,2935
2025-12-28,11:15:00,40.32,40.4,40.14,40.2,4881
2025-12-28,11:45:00,40.16,40.22,40.1,40.12,3826
2025-12-28,12:15:00,40.14,40.22,40.12,40.14,2701
2025-12-28,12:45:00,40.22,40.5,40.22,40.4,12064
2025-12-28,13:15:00,40.42,40.42,40.22,40.26,1282
2025-12-28,13:45:00,40.28,40.28,40.12,40.12,2601
2025-12-28,14:15:00,40.12,40.12,39.7,39.8,9656
2025-12-28,14:45:00,39.78,39.8,39.58,39.58,43154
2025-12-29,10:15:00,39.4,39.68,39.36,39.58,4231
2025-12-29,10:45:00,39.6,40.06,39.52,40.02,6925
2025-12-29,11:15:00,40.0,40.4,39.98,40.02,5819
2025-12-29,11:45:00,40.02,40.16,40.0,40.12,3087
2025-12-29,12:15:00,40.16,40.16,40.0,40.0,1572
2025-12-29,12:45:00,40.02,40.1,39.92,40.0,1494
2025-12-29,13:15:00,40.02,40.06,39.98,40.0,191
2025-12-29,13:45:00,40.0,40.16,39.9,40.16,6259
2025-12-29,14:15:00,40.12,40.2,40.04,40.06,2420
2025-12-29,14:45:00,40.18,40.2,40.16,40.16,1348
2025-12-30,10:15:00,39.7,39.9,39.5,39.86,4923
2025-12-30,10:45:00,39.8,39.88,39.7,39.7,2402
2025-12-30,11:15:00,39.8,39.82,39.68,39.74,3695
2025-12-30,11:45:00,39.7,39.82,39.66,39.7,5487
2025-12-30,12:15:00,39.68,39.68,39.3,39.42,2643
2025-12-30,12:45:00,39.4,39.56,39.4,39.48,1379
2025-12-30,13:15:00,39.48,39.52,39.4,39.5,1659
2025-12-30,13:45:00,39.5,39.5,39.34,39.34,604
2025-12-30,14:15:00,39.34,39.7,39.22,39.4,7055
2025-12-30,14:45:00,39.44,39.56,39.12,39.5,4401
2025-12-31,10:15:00,40.02,40.16,39.98,39.98,9090
2025-12-31,10:45:00,40.0,40.12,40.0,40.1,1574
2025-12-31,11:15:00,40.1,40.5,40.08,40.4,4401
2025-12-31,11:45:00,40.38,40.46,40.2,40.2,1729
2025-12-31,12:15:00,40.2,40.28,40.02,40.28,1087
2025-12-31,12:45:00,40.24,40.34,40.0,40.32,6006
2025-12-31,13:15:00,40.32,40.34,40.0,40.0,2998
2025-12-31,13:45:00,39.98,40.32,39.98,40.1,2634
2025-12-31,14:15:00,40.06,40.24,40.0,40.22,1661
2025-12-31,14:45:00,40.22,40.26,39.9,40.22,8179
2026-01-01,10:15:00,41.62,41.62,41.42,41.54,6438
2026-01-01,10:45:00,41.56,41.66,41.5,41.52,7036
2026-01-01,11:15:00,41.6,41.6,41.54,41.54,2800
2026-01-01,11:45:00,41.54,41.58,41.42,41.44,9802
2026-01-01,12:15:00,41.46,41.5,41.42,41.42,4901
2026-01-01,12:45:00,41.44,41.58,41.44,41.54,11124
2026-01-01,13:15:00,41.54,41.6,41.54,41.6,8000
2026-01-01,13:45:00,41.6,41.6,41.5,41.6,1731
2026-01-01,14:15:00,41.58,41.58,41.5,41.52,1263
2026-01-01,14:45:00,41.52,41.56,41.5,41.54,3240
2026-01-04,10:15:00,40.76,40.94,40.64,40.72,10468
2026-01-04,10:45:00,40.8,40.88,40.64,40.8,6117
2026-01-04,11:15:00,40.7,40.78,40.58,40.6,3022
2026-01-04,11:45:00,40.58,40.72,40.28,40.5,7887
2026-01-04,12:15:00,40.56,40.56,40.26,40.36,2226
2026-01-04,12:45:00,40.36,40.44,40.3,40.36,714
2026-01-04,13:15:00,40.34,40.5,40.26,40.26,3127
2026-01-04,13:45:00,40.26,40.3,40.16,40.24,1201
2026-01-04,14:15:00,40.24,40.36,40.24,40.36,1561
2026-01-04,14:45:00,40.36,40.56,40.24,40.56,5347
2026-01-05,10:00:00,40.56,40.84,40.4,40.42,7524
2026-01-05,10:30:00,40.46,40.54,40.3,40.3,5878
2026-01-05,11:00:00,40.32,40.34,40.2,40.32,2905
2026-01-05,11:30:00,40.4,40.42,40.34,40.4,730
2026-01-05,12:00:00,40.38,40.42,40.3,40.34,2807
2026-01-05,12:30:00,40.32,40.32,40.12,40.12,6069
2026-01-05,13:00:00,40.12,40.12,39.9,39.96,8134
2026-01-05,13:30:00,39.9,40.0,39.84,40.0,2185
2026-01-05,14:00:00,39.98,39.98,39.82,39.84,1939
2026-01-05,14:30:00,39.84,39.9,39.74,39.74,4446
2026-01-05,15:00:00,39.74,39.74,39.74,39.74,1500
2026-01-06,10:00:00,39.84,40.18,39.72,39.74,5981
2026-01-06,10:30:00,39.76,40.04,39.76,39.94,6901
2026-01-06,11:00:00,39.94,39.94,39.8,39.86,2754
2026-01-06,11:30:00,39.82,39.82,39.46,39.5,4036
2026-01-06,12:00:00,39.56,39.6,39.24,39.5,33260
2026-01-06,12:30:00,39.5,39.5,39.0,39.3,17430
2026-01-06,13:00:00,39.3,39.34,39.22,39.34,834
2026-01-06,13:30:00,39.28,39.44,39.2,39.44,1334
2026-01-06,14:00:00,39.44,39.44,39.34,39.4,375
2026-01-06,14:30:00,39.4,39.4,39.12,39.12,5697
2026-01-06,15:00:00,39.14,39.14,39.14,39.14,1730
2026-01-07,10:00:00,40.0,40.68,39.96,39.96,8445
2026-01-07,10:30:00,40.1,40.12,39.8,39.9,5413
2026-01-07,11:00:00,39.9,40.0,39.72,39.98,2105
2026-01-07,11:30:00,39.96,40.0,39.82,40.0,464
2026-01-07,12:00:00,40.0,40.16,39.96,40.08,449
2026-01-07,12:30:00,40.02,40.16,39.98,40.0,5052
2026-01-07,13:00:00,39.96,40.08,39.78,39.92,1241
2026-01-07,13:30:00,40.0,40.0,39.74,39.9,3539
2026-01-07,14:00:00,39.98,40.0,39.88,40.0,2205
2026-01-07,14:30:00,39.98,40.2,39.88,40.18,1312
2026-01-08,10:15:00,39.58,39.58,39.3,39.38,3435
2026-01-08,10:45:00,39.44,39.58,39.36,39.46,1278
2026-01-08,11:15:00,39.46,39.66,39.42,39.6,2954
2026-01-08,11:45:00,39.52,39.56,39.52,39.56,240
2026-01-08,12:15:00,39.54,39.54,39.32,39.42,1590
2026-01-08,12:45:00,39.32,39.6,39.32,39.4,950
2026-01-08,13:15:00,39.4,39.54,39.3,39.32,1768
2026-01-08,13:45:00,39.34,39.5,39.32,39.48,2852
2026-01-08,14:15:00,39.5,39.64,39.44,39.64,1521
2026-01-08,14:45:00,39.64,39.64,39.5,39.5,1815
2026-01-11,10:15:00,39.8,40.46,39.78,40.32,2346
2026-01-11,10:45:00,40.36,40.38,40.0,40.06,3504
2026-01-11,11:15:00,40.06,40.4,40.04,40.36,3960
2026-01-11,11:45:00,40.22,40.26,40.18,40.18,2170
2026-01-11,12:15:00,40.16,40.26,40.16,40.22,403
2026-01-11,12:45:00,40.22,40.22,40.0,40.1,1737
2026-01-11,13:15:00,40.1,40.38,40.1,40.38,1096
2026-01-11,13:45:00,40.28,40.38,40.22,40.22,630
2026-01-11,14:15:00,40.22,40.32,40.1,40.22,2045
2026-01-11,14:45:00,40.28,40.38,40.1,40.38,1855
2026-01-12,10:15:00,41.04,41.64,41.04,41.62,18286
2026-01-12,10:45:00,41.6,41.8,41.58,41.8,22937
2026-01-12,11:15:00,41.8,41.88,41.74,41.74,13472
2026-01-12,11:45:00,41.74,41.78,41.32,41.66,34771
2026-01-12,12:15:00,41.66,42.0,41.58,41.9,35374
2026-01-12,12:45:00,41.98,42.5,41.88,42.38,50284
2026-01-12,13:15:00,42.38,42.64,42.1,42.56,25925
2026-01-12,13:45:00,42.54,42.98,42.54,42.78,54150
2026-01-12,14:15:00,42.78,42.78,42.64,42.64,19958
2026-01-12,14:45:00,42.62,42.7,42.6,42.7,4008
2026-01-13,10:15:00,42.9,42.92,42.44,42.68,12217
2026-01-13,10:45:00,42.5,43.6,42.44,43.6,57986
2026-01-13,11:15:00,43.54,43.94,43.48,43.94,23147
2026-01-13,11:45:00,43.94,44.14,43.7,44.0,36397
2026-01-13,12:15:00,44.0,44.04,43.9,43.94,11613
2026-01-13,12:45:00,43.92,44.08,43.9,43.94,4429
2026-01-13,13:15:00,43.94,44.52,43.94,44.42,47429
2026-01-13,13:45:00,44.46,44.5,44.16,44.34,23122
2026-01-13,14:15:00,44.34,44.56,44.34,44.52,10112
2026-01-13,14:45:00,44.44,44.48,44.26,44.26,5847
2026-01-14,10:00:00,44.3,44.48,44.12,44.16,12997
2026-01-14,10:30:00,44.26,44.58,44.14,44.58,28953
2026-01-14,11:00:00,44.6,44.7,44.3,44.68,13345
2026-01-14,11:30:00,44.68,44.68,44.4,44.5,13839
2026-01-14,12:00:00,44.5,44.64,44.44,44.6,7872
2026-01-14,12:30:00,44.46,44.6,44.46,44.54,4267
2026-01-14,13:00:00,44.5,44.7,44.4,44.44,9968
2026-01-14,13:30:00,44.44,44.44,43.9,43.92,16825
2026-01-14,14:00:00,43.92,43.92,43.5,43.74,13246
2026-01-14,14:30:00,43.7,44.08,43.62,44.0,13056
2026-01-15,10:15:00,43.44,43.68,43.36,43.64,3880
2026-01-15,10:45:00,43.66,43.88,43.5,43.88,5626
2026-01-15,11:15:00,43.8,43.92,43.72,43.88,5505
2026-01-15,11:45:00,43.86,43.86,43.68,43.68,1180
2026-01-15,12:15:00,43.62,43.86,43.58,43.86,10710
2026-01-15,12:45:00,43.86,43.94,43.8,43.8,3350
2026-01-15,13:15:00,43.8,43.82,43.74,43.8,7574
2026-01-15,13:45:00,43.84,43.84,43.62,43.68,9503
2026-01-15,14:15:00,43.74,43.74,43.5,43.58,13396
2026-01-15,14:45:00,43.5,43.72,43.5,43.7,20822
2026-01-18,10:15:00,44.36,44.52,44.06,44.38,3698
2026-01-18,10:45:00,44.38,44.38,44.14,44.16,2334
2026-01-18,11:15:00,44.22,44.24,44.12,44.12,1314
2026-01-18,11:45:00,44.14,44.14,44.08,44.08,1418
2026-01-18,12:15:00,44.08,44.1,44.02,44.02,555
2026-01-18,12:45:00,44.1,44.36,44.0,44.36,7051
2026-01-18,13:15:00,44.32,44.32,44.12,44.26,156
2026-01-18,13:45:00,44.14,44.16,44.0,44.1,1476
2026-01-18,14:15:00,44.16,44.16,44.0,44.1,925
2026-01-18,14:45:00,44.02,44.26,44.0,44.26,1735
2026-01-19,10:15:00,43.82,43.82,43.0,43.6,13676
2026-01-19,10:45:00,43.56,43.56,43.24,43.5,6184
2026-01-19,11:15:00,43.5,43.6,43.5,43.6,1512
2026-01-19,11:45:00,43.62,43.68,43.5,43.6,5068
2026-01-19,12:15:00,43.52,43.66,43.52,43.66,993
2026-01-19,12:45:00,43.66,43.7,43.56,43.64,1689
2026-01-19,13:15:00,43.64,43.74,43.5,43.5,11441
2026-01-19,13:45:00,43.6,43.6,43.52,43.56,1551
2026-01-19,14:15:00,43.54,43.54,43.5,43.5,3322
2026-01-19,14:45:00,43.5,43.56,43.46,43.46,2133
2026-01-20,10:00:00,43.36,43.52,43.22,43.3,1701
2026-01-20,10:30:00,43.24,43.3,43.04,43.04,3812
2026-01-20,11:00:00,43.2,43.2,43.08,43.16,1808
2026-01-20,11:30:00,43.18,43.4,43.08,43.1,2739
2026-01-20,12:00:00,43.1,43.16,42.56,42.9,12148
2026-01-20,12:30:00,42.9,42.92,42.8,42.9,3147
2026-01-20,13:00:00,42.9,43.0,42.88,42.88,2378
2026-01-20,13:30:00,42.94,42.94,42.62,42.7,2897
2026-01-20,14:00:00,42.7,42.78,42.56,42.6,4111
2026-01-20,14:30:00,42.56,42.8,42.52,42.8,2906
2026-01-20,15:00:00,42.54,42.54,42.54,42.54,649
2026-01-21,10:00:00,42.88,42.88,42.26,42.62,11284
2026-01-21,10:30:00,42.68,42.68,42.5,42.5,198
2026-01-21,11:00:00,42.58,42.68,42.5,42.6,1162
2026-01-21,11:30:00,42.52,42.62,42.52,42.56,1952
2026-01-21,12:00:00,42.5,42.64,42.5,42.54,1541
2026-01-21,12:30:00,42.56,42.6,42.36,42.4,2869
2026-01-21,13:00:00,42.42,42.48,42.38,42.44,778
2026-01-21,13:30:00,42.46,42.66,42.38,42.46,9143
2026-01-21,14:00:00,42.46,42.64,42.42,42.42,4543
2026-01-21,14:30:00,42.44,42.44,42.3,42.38,4976
2026-01-22,10:15:00,42.54,42.54,42.38,42.52,1792
2026-01-22,10:45:00,42.52,42.52,42.44,42.44,2545
2026-01-22,11:15:00,42.44,42.52,42.38,42.46,7634
2026-01-22,11:45:00,42.48,42.68,42.48,42.66,2411
2026-01-22,12:15:00,42.6,42.6,42.5,42.58,3755
2026-01-22,12:45:00,42.58,42.66,42.5,42.6,2320
2026-01-22,13:15:00,42.6,42.68,42.52,42.66,2556
2026-01-22,13:45:00,42.56,42.62,42.18,42.36,36430
2026-01-22,14:15:00,42.3,42.68,42.24,42.42,16450
2026-01-22,14:45:00,42.32,42.56,42.28,42.34,13763
2026-01-25,10:15:00,42.84,43.0,42.72,42.96,7523
2026-01-25,10:45:00,42.9,42.94,42.84,42.94,4633
2026-01-25,11:15:00,42.94,42.96,42.86,42.86,3460
2026-01-25,11:45:00,42.86,42.98,42.76,42.86,6993
2026-01-25,12:15:00,42.94,43.0,42.86,43.0,4764
2026-01-25,12:45:00,42.98,43.36,42.98,43.2,25113
2026-01-25,13:15:00,43.28,43.38,43.28,43.38,7912
2026-01-25,13:45:00,43.4,43.68,43.34,43.68,7547
2026-01-25,14:15:00,43.7,43.86,43.36,43.58,9707
2026-01-25,14:45:00,43.58,43.96,43.5,43.96,7709
2026-01-26,10:15:00,43.54,43.54,43.28,43.46,5925
2026-01-26,10:45:00,43.46,43.64,43.42,43.64,3501
2026-01-26,11:15:00,43.64,44.1,43.5,44.04,17482
2026-01-26,11:45:00,44.04,44.2,43.94,44.12,11448
2026-01-26,12:15:00,44.14,44.2,44.04,44.08,13210
2026-01-26,12:45:00,44.08,44.6,44.02,44.5,27286
2026-01-26,13:15:00,44.48,44.96,44.46,44.96,35728
2026-01-26,13:45:00,44.94,44.96,44.66,44.84,34136
2026-01-26,14:15:00,44.84,44.94,44.66,44.66,18051
2026-01-26,14:45:00,44.6,44.9,44.5,44.5,15019
2026-01-27,10:15:00,44.36,44.44,44.12,44.44,7962
2026-01-27,10:45:00,44.4,44.76,44.4,44.76,13330
2026-01-27,11:15:00,44.76,45.18,44.76,45.12,27066
2026-01-27,11:45:00,45.08,45.16,44.7,44.76,16734
2026-01-27,12:15:00,44.7,44.9,44.5,44.5,11540
2026-01-27,12:45:00,44.5,44.98,44.42,44.96,11047
2026-01-27,13:15:00,44.96,45.0,44.7,44.8,37291
2026-01-27,13:45:00,44.82,44.82,44.72,44.8,8302
2026-01-27,14:15:00,44.8,44.86,44.78,44.8,6714
2026-01-27,14:45:00,44.78,44.86,44.7,44.7,10161
2026-01-28,10:15:00,44.7,44.8,44.18,44.18,11682
2026-01-28,10:45:00,44.18,44.18,43.82,44.02,16089
2026-01-28,11:15:00,44.04,44.38,44.04,44.12,11834
2026-01-28,11:45:00,44.28,44.28,44.1,44.14,4043
2026-01-28,12:15:00,44.14,44.16,44.14,44.14,373
2026-01-28,12:45:00,44.14,44.28,44.1,44.28,7293
2026-01-28,13:15:00,44.28,44.48,44.2,44.4,22000
2026-01-28,13:45:00,44.3,44.3,44.12,44.12,4892
2026-01-28,14:15:00,44.12,44.3,44.12,44.22,8490
2026-01-28,14:45:00,44.2,44.5,44.2,44.44,4509
2026-01-29,10:15:00,44.44,44.6,44.2,44.38,10427
2026-01-29,10:45:00,44.3,44.4,43.9,43.9,20192
2026-01-29,11:15:00,43.96,44.14,43.82,43.96,25963
2026-01-29,11:45:00,43.82,43.86,43.56,43.62,20609
2026-01-29,12:15:00,43.66,43.72,43.6,43.72,5258
2026-01-29,12:45:00,43.7,43.74,43.66,43.7,7163
2026-01-29,13:15:00,43.7,43.82,43.7,43.78,11646
2026-01-29,13:45:00,43.82,43.82,43.78,43.78,4614
2026-01-29,14:15:00,43.78,43.78,43.6,43.74,14977
2026-01-29,14:45:00,43.74,44.24,43.74,43.96,41258
2026-02-01,10:15:00,43.54,43.98,43.52,43.56,16406
2026-02-01,10:45:00,43.72,44.18,43.58,44.1,9610
2026-02-01,11:15:00,44.04,44.06,43.96,43.96,16188
2026-02-01,11:45:00,43.98,43.98,43.9,43.96,4234
2026-02-01,12:15:00,43.98,44.02,43.92,43.94,5538
2026-02-01,12:45:00,43.94,43.96,43.9,43.9,2972
2026-02-01,13:15:00,43.9,43.96,43.9,43.96,2004
2026-02-01,13:45:00,43.92,44.0,43.92,44.0,5459
2026-02-01,14:15:00,43.98,44.0,43.96,43.98,1813
2026-02-01,14:45:00,43.98,43.98,43.96,43.96,7823
2026-02-02,10:00:00,43.96,43.96,43.1,43.96,5257
2026-02-02,10:30:00,43.72,44.16,43.72,44.14,41138
2026-02-02,11:00:00,44.1,44.3,44.1,44.24,9421
2026-02-02,11:30:00,44.22,44.28,44.2,44.28,2927
2026-02-02,12:00:00,44.26,44.3,44.24,44.3,2411
2026-02-02,12:30:00,44.3,44.3,44.24,44.24,2393
2026-02-02,13:00:00,44.3,44.3,44.24,44.24,13070
2026-02-02,13:30:00,44.3,44.3,44.24,44.3,3513
2026-02-02,14:00:00,44.24,44.3,44.24,44.28,1455
2026-02-02,14:30:00,44.26,44.3,44.24,44.26,5064
2026-02-03,10:15:00,44.1,44.24,44.0,44.24,6100
2026-02-03,10:45:00,44.14,44.26,44.06,44.06,5877
2026-02-03,11:15:00,44.1,44.1,44.04,44.06,2273
2026-02-03,11:45:00,44.04,44.16,44.0,44.06,6196
2026-02-03,12:15:00,44.06,44.08,43.9,43.9,30645
2026-02-03,12:45:00,43.9,44.08,43.9,44.08,9959
2026-02-03,13:15:00,44.08,44.08,44.0,44.0,823
2026-02-03,13:45:00,44.0,44.06,44.0,44.06,1342
2026-02-03,14:15:00,44.04,44.04,44.04,44.04,6560
2026-02-03,14:45:00,44.06,44.1,43.96,44.08,15395
2026-02-04,10:00:00,44.08,44.08,43.6,43.94,5338
2026-02-04,10:30:00,43.88,43.88,43.8,43.8,4908
2026-02-04,11:00:00,43.86,43.86,43.76,43.76,10233
2026-02-04,11:30:00,43.78,43.82,43.72,43.82,15190
2026-02-04,12:00:00,43.74,43.84,43.72,43.74,4672
2026-02-04,12:30:00,43.84,43.86,43.74,43.86,4343
2026-02-04,13:00:00,43.86,43.86,43.8,43.8,5093
2026-02-04,13:30:00,43.8,43.86,43.8,43.8,1216
2026-02-04,14:00:00,43.8,43.86,43.8,43.86,1535
2026-02-04,14:30:00,43.8,43.9,43.8,43.9,8529
2026-02-05,10:15:00,43.5,43.5,43.16,43.3,5061
2026-02-05,10:45:00,43.24,43.42,43.24,43.42,8349
2026-02-05,11:15:00,43.4,43.42,43.24,43.24,5277
2026-02-05,11:45:00,43.36,43.36,43.24,43.28,329
2026-02-05,12:15:00,43.26,43.36,43.24,43.28,8059
2026-02-05,12:45:00,43.24,43.24,42.5,42.86,9998
2026-02-05,13:15:00,42.9,42.9,42.62,42.74,4417
2026-02-05,13:45:00,42.74,42.9,42.5,42.5,12793
2026-02-05,14:15:00,42.52,42.6,42.36,42.4,7363
2026-02-05,14:45:00,42.42,42.78,42.36,42.36,7133
2026-02-08,10:15:00,42.66,42.98,42.66,42.8,667
2026-02-08,10:45:00,42.88,42.88,42.7,42.7,5951
2026-02-08,11:15:00,42.7,42.74,42.66,42.7,3974
2026-02-08,11:45:00,42.68,42.88,42.68,42.88,879
2026-02-08,12:15:00,42.88,42.88,42.74,42.74,771
2026-02-08,13:00:00,42.72,42.72,42.68,42.68,253
2026-02-08,13:30:00,42.72,42.86,42.68,42.68,983
2026-02-08,14:00:00,42.68,42.84,42.66,42.74,1997
2026-02-08,14:30:00,42.84,42.88,42.7,42.72,3184
2026-02-08,15:00:00,42.82,42.82,42.82,42.82,211
2026-02-09,10:00:00,43.1,43.38,42.98,43.2,10345
2026-02-09,10:30:00,43.2,43.36,43.12,43.2,3790
2026-02-09,11:00:00,43.2,43.32,42.68,42.8,19329
2026-02-09,11:30:00,42.8,42.98,42.8,42.98,5718
2026-02-09,12:00:00,42.98,42.98,42.92,42.96,1295
2026-02-09,12:30:00,42.96,42.96,42.9,42.9,4035
2026-02-09,13:00:00,42.9,42.9,42.28,42.66,34751
2026-02-09,13:30:00,42.6,42.6,42.56,42.6,4530
2026-02-09,14:00:00,42.6,42.66,42.6,42.66,1140
2026-02-09,14:30:00,42.66,42.84,42.56,42.58,4881
2026-02-09,15:00:00,42.5,42.5,42.5,42.5,4755
2026-02-10,10:00:00,42.5,42.88,42.5,42.78,1656
2026-02-10,10:30:00,42.78,42.88,42.72,42.74,1622
2026-02-10,11:00:00,42.88,42.88,42.8,42.88,1530
2026-02-10,11:30:00,42.88,42.88,42.8,42.8,821
2026-02-10,12:00:00,42.82,42.9,42.78,42.88,4178
2026-02-10,12:30:00,42.9,42.9,42.8,42.9,1313
2026-02-10,13:00:00,42.9,42.9,42.78,42.78,229
2026-02-10,13:30:00,42.78,42.88,42.76,42.76,1308
2026-02-10,14:00:00,42.76,42.86,42.76,42.82,4126
2026-02-10,14:30:00,42.82,42.88,42.82,42.84,1219
2026-02-11,10:15:00,42.6,42.6,42.1,42.2,6404
2026-02-11,10:45:00,42.24,42.66,42.24,42.58,2962
2026-02-11,11:15:00,42.5,42.56,42.5,42.52,1530
2026-02-11,11:45:00,42.52,42.58,42.5,42.58,1553
2026-02-11,12:15:00,42.6,42.62,42.5,42.52,2444
2026-02-11,12:45:00,42.5,42.5,42.32,42.32,10694
2026-02-11,13:15:00,42.34,42.4,42.34,42.36,5157
2026-02-11,13:45:00,42.34,42.4,42.3,42.4,3741
2026-02-11,14:15:00,42.36,42.36,42.2,42.22,12346
2026-02-11,14:45:00,42.22,42.3,42.2,42.2,5750
2026-02-12,10:15:00,42.36,42.9,42.3,42.9,46385
2026-02-12,10:45:00,42.8,43.28,42.78,43.28,81033
2026-02-12,11:15:00,43.3,43.84,43.28,43.7,36796
2026-02-12,11:45:00,43.76,43.86,43.66,43.74,13502
2026-02-12,12:15:00,43.78,43.78,43.62,43.68,10416
2026-02-12,12:45:00,43.7,43.78,43.68,43.78,3601
2026-02-12,13:15:00,43.78,43.8,43.68,43.74,5149
2026-02-12,13:45:00,43.68,43.74,43.64,43.64,5840
2026-02-12,14:15:00,43.62,43.78,43.6,43.7,9720
2026-02-12,14:45:00,43.74,44.1,43.74,44.1,109564
2026-02-15,10:15:00,45.5,45.9,45.2,45.66,34225
2026-02-15,10:45:00,45.66,46.28,45.64,46.0,56038
2026-02-15,11:15:00,46.0,46.1,45.92,46.1,82715
2026-02-15,11:45:00,46.1,46.1,46.06,46.06,46669
2026-02-15,12:15:00,46.06,47.4,46.06,47.02,100656
2026-02-15,12:45:00,47.18,47.4,47.0,47.38,31399
2026-02-15,13:15:00,47.36,47.38,47.0,47.2,14747
2026-02-15,13:45:00,47.24,47.28,46.32,46.78,26080
2026-02-15,14:15:00,46.9,47.24,46.54,46.96,22654
2026-02-15,14:45:00,46.96,47.14,46.9,47.1,20267
2026-02-16,10:15:00,46.1,46.44,46.1,46.14,8806
2026-02-16,10:45:00,46.28,46.28,46.0,46.2,11182
2026-02-16,11:15:00,46.2,46.26,46.0,46.06,6520
2026-02-16,11:45:00,46.06,46.26,46.02,46.2,6043
2026-02-16,12:15:00,46.1,46.2,46.1,46.2,2900
2026-02-16,12:45:00,46.1,46.28,46.02,46.28,6012
2026-02-16,13:15:00,46.3,46.52,46.2,46.4,6242
2026-02-16,13:45:00,46.38,46.38,46.18,46.22,6801
2026-02-16,14:15:00,46.22,46.26,46.16,46.18,4845
2026-02-16,14:45:00,46.18,46.18,45.34,45.9,42963
2026-02-17,10:15:00,45.56,45.58,45.26,45.4,5975
2026-02-17,10:45:00,45.4,45.4,44.82,44.84,20083
2026-02-17,11:15:00,44.9,45.04,44.78,45.02,10106
2026-02-17,11:45:00,45.02,45.06,44.96,45.02,7076
2026-02-17,12:15:00,44.92,45.78,44.92,45.76,19620
2026-02-17,12:45:00,45.8,46.88,45.8,46.14,56270
2026-02-17,13:15:00,46.16,46.46,45.96,46.1,8511
2026-02-17,13:45:00,46.0,46.08,45.64,45.78,5388
2026-02-17,14:15:00,45.78,46.22,45.78,46.1,13307
2026-02-17,14:45:00,46.12,46.12,45.62,45.62,9079
2026-02-18,10:15:00,45.38,45.38,45.12,45.3,2759
2026-02-18,10:45:00,45.2,45.56,45.2,45.28,3107
2026-02-18,11:15:00,45.18,45.18,45.04,45.12,2382
2026-02-18,11:45:00,45.08,45.16,44.9,45.12,12703
2026-02-18,12:15:00,45.4,45.4,45.12,45.12,2256
2026-02-18,12:45:00,45.14,45.14,44.82,44.92,9739
2026-02-18,13:15:00,44.9,45.0,44.72,44.86,12792
2026-02-18,13:45:00,44.8,45.0,44.8,44.92,2194
2026-02-18,14:15:00,44.94,45.06,44.92,44.98,3376
2026-02-18,14:45:00,44.96,45.0,44.88,44.94,4391
2026-02-19,10:00:00,44.88,44.88,43.6,43.68,16998
2026-02-19,10:30:00,43.7,43.88,43.6,43.7,5004
2026-02-19,11:00:00,43.66,43.74,42.9,42.92,29050
2026-02-19,11:30:00,42.9,43.1,42.7,43.1,15453
2026-02-19,12:00:00,43.1,43.24,42.98,43.24,7425
2026-02-19,12:30:00,43.24,43.24,43.12,43.2,2921
2026-02-19,13:00:00,43.22,43.48,43.12,43.38,8755
2026-02-19,13:30:00,43.34,43.34,43.04,43.16,9688
2026-02-19,14:00:00,43.24,43.24,42.94,43.04,15328
2026-02-19,14:30:00,43.04,43.16,42.8,42.9,26417
2026-02-19,15:00:00,42.98,42.98,42.98,42.98,4092
2026-02-23,10:00:00,42.8,43.08,41.7,41.84,17530
2026-02-23,10:30:00,41.8,42.58,41.72,42.14,13432
2026-02-23,11:00:00,42.2,42.5,42.06,42.22,8811
2026-02-23,11:30:00,42.04,42.22,42.0,42.06,4500
2026-02-23,12:00:00,42.08,42.32,42.08,42.32,4143
2026-02-23,12:30:00,42.14,42.52,42.1,42.52,5526
2026-02-23,13:00:00,42.54,43.0,42.48,43.0,6833
2026-02-23,13:30:00,42.94,42.94,42.56,42.56,1552
2026-02-23,14:00:00,42.56,42.7,42.4,42.6,8817
2026-02-23,14:30:00,42.62,42.92,42.62,42.92,2319
2026-02-23,15:00:00,43.0,43.0,43.0,43.0,1801
2026-02-24,10:00:00,43.0,43.0,42.5,42.64,3477
2026-02-24,10:30:00,42.92,43.34,42.8,42.86,10010
2026-02-24,11:00:00,42.88,42.98,42.82,42.92,1951
2026-02-24,11:30:00,42.96,42.96,42.8,42.88,2387
2026-02-24,12:00:00,42.84,43.0,42.82,43.0,423
2026-02-24,12:30:00,42.98,43.06,42.92,43.0,2777
2026-02-24,13:00:00,42.96,43.04,42.96,43.02,590
2026-02-24,13:30:00,43.0,43.02,42.8,42.88,2917
2026-02-24,14:00:00,42.8,42.86,42.58,42.6,4628
2026-02-24,14:30:00,42.62,43.08,42.56,43.06,3483
2026-02-24,15:00:00,43.06,43.06,43.06,43.06,3069
2026-02-25,10:00:00,43.06,43.3,42.9,42.9,6442
2026-02-25,10:30:00,42.84,43.9,42.84,43.2,1006
2026-02-25,11:00:00,43.1,43.1,42.74,42.74,1938
2026-02-25,11:30:00,42.7,43.1,42.6,42.94,1468
2026-02-25,12:00:00,43.0,43.0,42.74,42.74,1367
2026-02-25,12:30:00,42.74,42.82,42.68,42.8,1210
2026-02-25,13:00:00,42.8,42.98,42.78,42.78,4754
2026-02-25,13:30:00,42.8,42.8,42.6,42.66,9381
2026-02-25,14:00:00,42.62,42.72,42.6,42.68,3633
2026-02-25,14:30:00,42.64,43.0,42.64,42.86,6251
2026-02-25,15:00:00,42.86,42.86,42.86,42.86,4355
2026-02-26,10:00:00,43.0,43.0,42.62,42.7,886
2026-02-26,10:30:00,42.68,42.7,42.5,42.7,4084
2026-02-26,11:00:00,42.6,42.72,42.28,42.28,8679
2026-02-26,11:30:00,42.26,42.44,42.2,42.24,5451
2026-02-26,12:00:00,42.34,42.5,41.7,41.82,14112
2026-02-26,12:30:00,41.84,41.84,41.72,41.76,2829
2026-02-26,13:00:00,41.82,42.7,41.72,42.44,11894
2026-02-26,13:30:00,42.38,42.38,41.94,42.08,3370
2026-02-26,14:00:00,42.0,42.08,41.88,42.02,1307
2026-02-26,14:30:00,42.02,42.3,41.9,42.3,3822
2026-02-26,15:00:00,42.16,42.16,42.16,42.16,1655
2026-03-01,10:00:00,40.0,42.0,39.78,41.8,22011
2026-03-01,10:30:00,41.96,41.96,41.32,41.56,3356
2026-03-01,11:00:00,41.36,41.36,40.74,40.88,5082
2026-03-01,11:30:00,40.8,40.98,40.78,40.98,779
2026-03-01,12:00:00,40.72,40.8,40.04,40.52,5717
2026-03-01,12:30:00,40.3,40.7,40.16,40.7,1389
2026-03-01,13:00:00,40.7,40.92,40.64,40.64,6654
2026-03-01,13:30:00,40.6,40.92,40.44,40.74,5210
2026-03-01,14:00:00,40.88,41.22,40.86,41.2,2209
2026-03-01,14:30:00,41.0,41.2,41.0,41.2,941
2026-03-01,15:00:00,41.0,41.0,41.0,41.0,219
2026-03-02,10:00:00,40.42,41.4,40.42,40.6,7230
2026-03-02,10:30:00,40.58,40.8,40.54,40.54,3622
2026-03-02,11:00:00,40.54,40.54,39.68,39.68,9115
2026-03-02,11:30:00,39.68,40.04,39.6,39.74,14437
2026-03-02,12:00:00,39.8,39.8,39.52,39.66,3657
2026-03-02,12:30:00,39.64,40.26,39.5,40.26,9955
2026-03-02,13:00:00,40.22,40.32,40.02,40.18,3181
2026-03-02,13:30:00,40.18,40.24,40.0,40.2,13618
2026-03-02,14:00:00,40.2,40.36,40.06,40.12,9364
2026-03-02,14:30:00,40.06,40.24,39.92,40.24,23878
2026-03-02,15:00:00,40.4,40.4,40.4,40.4,3808
2026-03-03,10:00:00,40.46,40.58,40.0,40.0,7365
2026-03-03,10:30:00,39.9,40.28,39.72,40.2,3364
2026-03-03,11:00:00,40.14,40.18,38.82,38.92,18904
2026-03-03,11:30:00,38.92,39.5,37.68,38.18,113865
2026-03-03,12:00:00,38.24,38.24,37.7,37.92,43237
2026-03-03,12:30:00,37.92,38.5,37.9,38.38,33504
2026-03-03,13:00:00,38.28,38.58,38.2,38.58,21282
2026-03-03,13:30:00,38.58,39.04,38.5,38.96,9636
2026-03-03,14:00:00,38.94,39.04,38.8,38.96,6154
2026-03-03,14:30:00,38.96,39.06,38.8,38.84,5642
2026-03-04,10:15:00,39.02,39.4,38.98,39.12,13725
2026-03-04,10:45:00,39.12,39.22,39.0,39.0,4756
2026-03-04,11:15:00,39.04,39.14,39.02,39.1,3834
2026-03-04,11:45:00,39.14,39.5,39.0,39.5,9446
2026-03-04,12:15:00,39.54,39.76,39.54,39.74,6845
2026-03-04,12:45:00,39.8,39.84,39.62,39.7,4968
2026-03-04,13:15:00,39.64,40.0,39.58,39.98,7448
2026-03-04,13:45:00,39.9,40.22,39.88,40.2,20916
2026-03-04,14:15:00,40.2,40.28,40.08,40.18,3287
2026-03-04,14:45:00,40.18,40.2,40.06,40.06,8678
2026-03-05,10:15:00,40.46,41.16,40.42,41.1,6412
2026-03-05,10:45:00,41.08,41.4,40.8,41.4,8152
2026-03-05,11:15:00,41.4,41.44,40.98,41.14,13517
2026-03-05,11:45:00,41.14,41.34,40.98,41.28,12642
2026-03-05,12:15:00,41.28,41.28,41.12,41.18,1266
2026-03-05,12:45:00,41.1,41.1,40.92,41.0,3570
2026-03-05,13:15:00,41.0,41.0,40.8,40.8,6686
2026-03-05,13:45:00,40.78,41.0,40.6,40.94,9685
2026-03-05,14:15:00,40.82,40.84,40.8,40.84,1368
2026-03-05,14:45:00,40.82,41.0,40.8,40.8,5361
2026-03-08,10:00:00,41.0,41.7,41.0,41.6,8883
2026-03-08,10:30:00,41.64,41.92,41.6,41.92,1641
2026-03-08,11:00:00,41.96,42.0,41.0,42.0,48149
2026-03-08,11:30:00,42.0,42.28,41.8,42.28,6242
2026-03-08,12:00:00,42.28,42.3,42.18,42.18,1472
2026-03-08,12:30:00,42.18,42.28,42.12,42.2,703
2026-03-08,13:00:00,42.16,42.32,42.16,42.32,333
2026-03-08,13:30:00,42.3,42.36,42.0,42.3,21384
2026-03-08,14:00:00,42.16,42.3,42.02,42.12,3666
2026-03-08,14:30:00,42.12,42.12,41.76,41.88,11000
2026-03-08,15:00:00,41.9,41.9,41.9,41.9,1664
2026-03-09,10:00:00,41.7,41.76,41.32,41.66,3126
2026-03-09,10:30:00,41.5,41.5,40.76,40.86,32006
2026-03-09,11:00:00,40.86,40.86,40.42,40.64,13660
2026-03-09,11:30:00,40.54,40.54,40.22,40.22,6262
2026-03-09,12:00:00,40.2,40.24,40.04,40.04,6363
2026-03-09,12:30:00,40.04,40.5,39.96,40.5,11763
2026-03-09,13:00:00,40.54,40.7,40.46,40.52,15503
2026-03-09,13:30:00,40.5,40.54,40.0,40.34,19599
2026-03-09,14:00:00,40.38,40.48,40.16,40.32,4386
2026-03-09,14:30:00,40.28,40.3,39.94,40.06,9783
2026-03-09,15:00:00,39.94,39.94,39.94,39.94,2294
2026-03-10,10:00:00,39.94,40.42,39.8,40.24,7061
2026-03-10,10:30:00,40.28,40.28,40.04,40.2,3161
2026-03-10,11:00:00,40.16,40.22,39.56,39.6,29105
2026-03-10,11:30:00,39.62,39.64,39.5,39.6,5120
2026-03-10,12:00:00,39.54,39.66,39.5,39.5,5074
2026-03-10,12:30:00,39.52,39.52,39.26,39.5,5737
2026-03-10,13:00:00,39.5,40.0,39.4,39.8,4842
2026-03-10,13:30:00,39.88,40.08,39.8,40.06,8768
2026-03-10,14:00:00,40.08,40.56,40.08,40.56,7125
2026-03-10,14:30:00,40.44,40.6,40.0,40.48,7531
2026-03-11,10:15:00,40.24,40.32,40.0,40.12,3286
2026-03-11,10:45:00,40.08,40.22,39.9,39.9,4547
2026-03-11,11:15:00,39.88,39.88,39.74,39.82,5382
2026-03-11,11:45:00,39.82,39.98,39.8,39.8,6027
2026-03-11,12:15:00,39.8,39.8,39.62,39.62,3957
2026-03-11,12:45:00,39.62,39.66,39.38,39.44,7952
2026-03-11,13:15:00,39.46,39.46,39.36,39.36,4318
2026-03-11,13:45:00,39.38,39.42,39.14,39.14,9477
2026-03-11,14:15:00,39.14,39.3,39.02,39.04,15121
2026-03-11,14:45:00,39.04,39.04,38.34,38.34,50739
2026-03-12,10:15:00,38.92,39.0,38.82,39.0,93820
2026-03-12,10:45:00,39.0,39.0,38.9,39.0,39510
2026-03-12,11:15:00,38.98,39.0,38.82,38.82,17629
2026-03-12,11:45:00,38.8,39.16,38.8,39.16,8090
2026-03-12,12:15:00,39.12,39.14,38.8,38.9,10255
2026-03-12,12:45:00,38.88,39.18,38.78,39.16,19250
2026-03-12,13:15:00,39.18,39.18,38.92,39.0,8565
2026-03-12,13:45:00,39.0,39.16,39.0,39.12,2097
2026-03-12,14:15:00,39.16,39.18,39.1,39.18,3962
2026-03-12,14:45:00,39.14,39.38,39.04,39.38,12274
2026-03-15,10:15:00,39.3,39.3,38.52,38.7,5004
2026-03-15,10:45:00,38.7,38.7,38.4,38.5,4875
2026-03-15,11:15:00,38.5,38.64,38.4,38.64,842
2026-03-15,11:45:00,38.56,38.88,38.56,38.88,9238
2026-03-15,12:15:00,38.8,38.94,38.78,38.92,3124
2026-03-15,12:45:00,39.0,39.2,39.0,39.16,2459
2026-03-15,13:15:00,39.14,39.3,39.14,39.18,3661
2026-03-15,13:45:00,39.2,39.28,39.14,39.2,2668
2026-03-15,14:15:00,39.3,39.3,39.28,39.28,1046
2026-03-15,14:45:00,39.3,39.3,39.18,39.18,1273
2026-03-16,10:00:00,39.18,39.42,39.18,39.26,1255
2026-03-16,10:30:00,39.22,39.26,39.18,39.26,906
2026-03-16,11:00:00,39.3,39.72,39.0,39.72,6235
2026-03-16,11:30:00,39.78,39.86,39.72,39.78,3368
2026-03-16,12:00:00,39.72,39.98,39.72,39.98,2271
2026-03-16,12:30:00,39.94,39.98,39.94,39.98,410
2026-03-16,13:00:00,39.98,40.0,39.9,39.9,1186
2026-03-16,13:30:00,39.9,39.98,39.32,39.96,12258
2026-03-16,14:00:00,39.92,39.94,39.84,39.84,847
2026-03-16,14:30:00,39.88,40.1,39.84,40.06,12785
2026-03-24,10:15:00,39.76,40.02,39.5,39.82,1916
2026-03-24,10:45:00,39.8,40.26,39.8,40.26,670
2026-03-24,11:15:00,40.2,40.26,40.0,40.0,2053
2026-03-24,11:45:00,39.98,40.0,39.64,39.72,3657
2026-03-24,12:15:00,39.74,39.82,39.6,39.6,3955
2026-03-24,12:45:00,39.6,39.6,39.2,39.38,7488
2026-03-24,13:15:00,39.46,39.56,39.42,39.56,2910
2026-03-24,13:45:00,39.56,39.62,39.4,39.58,7450
2026-03-24,14:15:00,39.5,40.1,39.5,40.0,11886
2026-03-24,14:45:00,39.96,40.1,39.9,40.1,5099
2026-03-25,10:15:00,40.72,41.92,40.68,41.44,21234
2026-03-25,10:45:00,41.62,41.66,41.1,41.28,9398
2026-03-25,11:15:00,41.3,41.44,41.2,41.2,4116
2026-03-25,11:45:00,41.3,41.3,41.16,41.16,7014
2026-03-25,12:15:00,41.14,41.16,40.96,41.02,5633
2026-03-25,12:45:00,41.02,41.08,40.92,41.08,13613
2026-03-25,13:15:00,41.08,41.22,41.08,41.22,582
2026-03-25,13:45:00,41.22,41.28,41.22,41.28,258
2026-03-25,14:15:00,41.26,41.44,41.26,41.42,3979
2026-03-25,14:45:00,41.46,41.46,41.3,41.3,4681
2026-03-26,10:00:00,41.3,42.4,41.0,42.32,23486
2026-03-26,10:30:00,42.34,42.52,42.18,42.44,28918
2026-03-26,11:00:00,42.36,42.4,41.8,41.88,11113
2026-03-26,11:30:00,41.88,42.12,41.88,42.12,7524
2026-03-26,12:00:00,42.16,42.26,42.04,42.18,10049
2026-03-26,12:30:00,42.1,42.1,41.7,41.76,9374
2026-03-26,13:00:00,41.78,41.88,41.54,41.62,10693
2026-03-26,13:30:00,41.64,41.66,41.32,41.34,6143
2026-03-26,14:00:00,41.32,41.4,41.0,41.22,18024
2026-03-26,14:30:00,41.2,41.4,41.04,41.04,5226
2026-03-26,15:00:00,41.14,41.14,41.14,41.14,1635
2026-03-29,10:00:00,42.46,42.8,41.8,42.02,50692
2026-03-29,10:30:00,42.04,42.04,41.7,41.84,18791
2026-03-29,11:00:00,41.84,41.84,41.56,41.76,5721
2026-03-29,11:30:00,41.76,41.84,41.62,41.62,5519
2026-03-29,12:00:00,41.64,41.78,41.5,41.64,5125
2026-03-29,12:30:00,41.52,41.52,41.24,41.34,5541
2026-03-29,13:00:00,41.34,41.5,41.2,41.46,7006
2026-03-29,13:30:00,41.46,41.46,41.28,41.34,2280
2026-03-29,14:00:00,41.26,41.34,41.12,41.2,7483
2026-03-29,14:30:00,41.22,41.22,40.8,40.92,11848
2026-03-29,15:00:00,41.18,41.18,41.18,41.18,1016
2026-03-30,10:00:00,41.48,41.48,40.82,40.92,12633
2026-03-30,10:30:00,40.84,41.1,40.8,41.1,6428
2026-03-30,11:00:00,40.96,41.06,40.9,41.02,5200
2026-03-30,11:30:00,41.0,41.0,40.86,40.9,7025
2026-03-30,12:00:00,40.84,40.88,40.78,40.86,9538
2026-03-30,12:30:00,40.86,40.88,40.72,40.88,4787
2026-03-30,13:00:00,40.9,41.0,40.9,41.0,4574
2026-03-30,13:30:00,41.0,41.0,40.92,41.0,3162
2026-03-30,14:00:00,41.0,41.14,41.0,41.02,6229
2026-03-30,14:30:00,41.08,41.14,40.9,41.1,2452
2026-03-30,15:00:00,41.1,41.1,41.1,41.1,510
2026-03-31,10:00:00,41.0,41.28,41.0,41.2,10410
2026-03-31,10:30:00,41.26,41.52,41.22,41.44,6749
2026-03-31,11:00:00,41.4,41.56,41.32,41.54,8451
2026-03-31,11:30:00,41.58,41.62,41.4,41.4,15418
2026-03-31,12:00:00,41.42,41.44,40.98,41.0,48489
2026-03-31,12:30:00,41.0,41.12,40.9,41.0,9377
2026-03-31,13:00:00,41.0,41.32,40.8,41.3,16255
2026-03-31,13:30:00,41.28,41.6,41.18,41.6,19358
2026-03-31,14:00:00,41.58,41.9,41.42,41.9,26944
2026-03-31,14:30:00,41.9,42.3,41.78,42.1,27813
2026-03-31,15:00:00,42.22,42.22,42.22,42.22,1072
2026-04-01,10:00:00,42.22,42.28,41.82,41.9,7825
2026-04-01,10:30:00,41.88,42.28,41.88,42.22,9718
2026-04-01,11:00:00,42.18,42.22,41.88,41.94,8157
2026-04-01,11:30:00,41.98,41.98,41.88,41.88,3278
2026-04-01,12:00:00,41.9,42.06,41.82,42.02,6017
2026-04-01,12:30:00,42.02,42.06,41.86,41.96,1830
2026-04-01,13:00:00,41.86,41.96,41.82,41.82,2800
2026-04-01,13:30:00,41.82,42.2,41.82,41.96,10251
2026-04-01,14:00:00,41.98,41.98,41.8,41.9,6374
2026-04-01,14:30:00,41.84,41.96,41.8,41.92,10144
2026-04-01,15:00:00,41.8,41.8,41.8,41.8,2752
2026-04-02,10:00:00,41.72,41.78,41.6,41.74,9735
2026-04-02,10:30:00,41.74,41.78,41.58,41.6,2219
2026-04-02,11:00:00,41.6,41.78,41.5,41.7,4268
2026-04-02,11:30:00,41.7,41.78,41.68,41.7,1510
2026-04-02,12:00:00,41.76,41.8,41.64,41.64,1694
2026-04-02,12:30:00,41.76,42.0,41.7,41.8,9700
2026-04-02,13:00:00,41.78,41.92,41.76,41.9,3338
2026-04-02,13:30:00,41.84,41.9,41.78,41.86,1587
2026-04-02,14:00:00,41.84,41.86,41.76,41.78,5095
2026-04-02,14:30:00,41.82,41.84,41.6,41.68,3441
2026-04-02,15:00:00,41.6,41.6,41.6,41.6,4090
2026-04-05,10:00:00,41.6,42.3,41.6,42.14,19279
2026-04-05,10:30:00,42.2,42.3,42.0,42.06,7338
2026-04-05,11:00:00,42.08,42.28,42.02,42.26,4208
2026-04-05,11:30:00,42.12,42.5,42.02,42.5,16513
2026-04-05,12:00:00,42.5,42.5,42.4,42.48,7541
2026-04-05,12:30:00,42.48,42.9,42.44,42.9,12214
2026-04-05,13:00:00,42.88,43.04,42.7,42.7,13427
2026-04-05,13:30:00,42.7,42.82,42.6,42.82,4565
2026-04-05,14:00:00,42.82,42.98,42.78,42.8,7508
2026-04-05,14:30:00,42.84,43.08,42.84,43.0,19372
2026-04-06,10:15:00,43.04,43.36,42.94,43.12,14213
2026-04-06,10:45:00,43.1,43.2,42.92,42.98,17074
2026-04-06,11:15:00,42.94,43.26,42.94,43.06,8201
2026-04-06,11:45:00,43.12,43.66,43.12,43.44,24452
2026-04-06,12:15:00,43.46,43.52,43.4,43.42,1462
2026-04-06,12:45:00,43.4,43.48,43.4,43.44,1754
2026-04-06,13:15:00,43.44,43.44,43.34,43.44,2187
2026-04-06,13:45:00,43.44,43.48,43.28,43.28,9719
2026-04-06,14:15:00,43.28,43.36,43.14,43.16,4113
2026-04-06,14:45:00,43.16,43.24,42.94,42.94,9707
2026-04-07,10:15:00,43.34,43.6,43.28,43.54,6834
2026-04-07,10:45:00,43.56,43.9,43.0,43.32,23335
2026-04-07,11:15:00,43.34,43.4,43.16,43.16,5974
2026-04-07,11:45:00,43.22,43.4,43.22,43.22,6814
2026-04-07,12:15:00,43.22,43.52,43.22,43.36,8146
2026-04-07,12:45:00,43.34,43.36,43.2,43.26,4557
2026-04-07,13:15:00,43.24,43.32,43.04,43.04,12985
2026-04-07,13:45:00,43.04,43.1,42.8,42.8,18881
2026-04-07,14:15:00,42.78,42.78,42.4,42.66,11774
2026-04-07,14:45:00,42.68,42.92,42.6,42.92,14775
2026-04-08,10:00:00,43.34,44.22,43.34,44.14,50247
2026-04-08,10:30:00,44.14,44.5,44.14,44.4,12076
2026-04-08,11:00:00,44.4,44.4,44.1,44.22,6668
2026-04-08,11:30:00,44.2,44.4,44.0,44.08,5087
2026-04-08,12:00:00,44.1,44.28,44.04,44.26,5555
2026-04-08,12:30:00,44.32,44.36,44.26,44.3,3408
2026-04-08,13:00:00,44.34,44.46,44.12,44.42,8449
2026-04-08,13:30:00,44.38,44.42,44.34,44.4,3649
2026-04-08,14:00:00,44.42,44.66,44.34,44.58,16177
2026-04-08,14:30:00,44.66,44.68,44.5,44.58,6388
2026-04-08,15:00:00,44.6,44.6,44.6,44.6,2325
2026-04-09,10:00:00,44.5,44.5,44.04,44.04,8592
2026-04-09,10:30:00,44.1,44.22,44.06,44.06,2815
2026-04-09,11:00:00,44.18,44.6,43.86,44.08,13214
2026-04-09,11:30:00,44.12,44.16,43.72,43.86,25221
2026-04-09,12:00:00,43.84,43.9,43.68,43.68,12538
2026-04-09,12:30:00,43.68,43.84,43.5,43.84,2252
2026-04-09,13:00:00,43.78,43.84,43.68,43.74,3108
2026-04-09,13:30:00,43.82,43.88,43.78,43.8,3517
2026-04-09,14:00:00,43.88,43.98,43.8,43.96,11409
2026-04-09,14:30:00,43.96,43.98,43.88,43.88,18969
2026-04-09,15:00:00,43.9,43.9,43.9,43.9,47223
2026-04-12,10:00:00,44.0,44.0,43.52,43.7,7495
2026-04-12,10:30:00,43.68,44.0,43.68,43.98,6736
2026-04-12,11:00:00,43.86,43.98,43.78,43.86,2162
2026-04-12,11:30:00,43.74,43.74,43.62,43.64,2762
2026-04-12,12:00:00,43.62,43.62,43.4,43.62,7797
2026-04-12,12:30:00,43.54,43.58,43.34,43.34,6837
2026-04-12,13:00:00,43.44,43.44,43.4,43.44,1492
2026-04-12,13:30:00,43.44,43.52,43.44,43.52,755
2026-04-12,14:00:00,43.56,43.58,43.5,43.54,4517
2026-04-12,14:30:00,43.54,43.54,43.4,43.4,865
2026-04-13,10:15:00,42.98,43.16,42.98,43.1,3298
2026-04-13,10:45:00,43.1,43.86,43.1,43.8,14095
2026-04-13,11:15:00,43.78,43.78,43.5,43.58,14018
2026-04-13,11:45:00,43.58,43.66,43.5,43.5,4382
2026-04-13,12:15:00,43.5,43.64,43.5,43.54,7624
2026-04-13,12:45:00,43.54,43.56,43.5,43.5,2519
2026-04-13,13:15:00,43.5,43.74,43.5,43.74,6824
2026-04-13,13:45:00,43.74,43.82,43.72,43.74,8950
2026-04-13,14:15:00,43.8,43.84,43.64,43.64,13830
2026-04-13,14:45:00,43.68,43.8,43.62,43.8,8307
2026-04-14,10:15:00,43.7,44.34,43.7,44.08,21826
2026-04-14,10:45:00,44.08,44.14,43.8,43.88,12248
2026-04-14,11:15:00,43.9,43.96,43.86,43.9,3165
2026-04-14,11:45:00,43.98,44.22,43.92,44.22,3385
2026-04-14,12:15:00,44.22,44.22,44.06,44.06,3238
2026-04-14,12:45:00,44.04,44.06,43.98,43.98,9752
2026-04-14,13:15:00,43.98,44.32,43.98,44.22,12193
2026-04-14,13:45:00,44.18,44.24,43.96,44.14,7561
2026-04-14,14:15:00,44.12,44.28,44.12,44.24,18654
2026-04-14,14:45:00,44.24,44.24,44.0,44.08,12262
2026-04-15,10:15:00,43.4,43.62,43.4,43.56,6910
2026-04-15,10:45:00,43.56,43.96,43.56,43.96,14441
2026-04-15,11:15:00,43.98,44.2,43.9,43.9,28118
2026-04-15,11:45:00,43.9,43.9,43.66,43.86,2617
2026-04-15,12:15:00,43.82,43.96,43.72,43.96,3804
2026-04-15,12:45:00,43.96,44.2,43.96,44.06,8920
2026-04-15,13:15:00,44.04,44.04,43.84,43.98,2888
2026-04-15,13:45:00,43.98,44.0,43.9,43.9,10212
2026-04-15,14:15:00,43.94,44.0,43.92,44.0,16657
2026-04-15,14:45:00,43.98,44.04,43.78,44.02,10106
2026-04-16,10:00:00,44.0,44.88,43.96,44.5,27077
2026-04-16,10:30:00,44.5,45.3,44.4,45.28,37628
2026-04-16,11:00:00,45.26,45.5,45.06,45.12,21208
2026-04-16,11:30:00,45.2,45.28,45.06,45.1,8031
2026-04-16,12:00:00,45.1,45.38,44.74,44.86,17265
2026-04-16,12:30:00,44.9,45.0,44.74,44.9,10168
2026-04-16,13:00:00,44.9,45.02,44.76,44.82,11866
2026-04-16,13:30:00,44.82,44.88,44.7,44.7,2366
2026-04-16,14:00:00,44.68,44.96,44.62,44.88,9379
2026-04-16,14:30:00,44.84,45.2,44.84,45.12,16954
2026-04-16,15:00:00,45.12,45.12,45.12,45.12,6369
2026-04-19,10:00:00,45.3,45.38,44.88,44.9,5713
2026-04-19,10:30:00,44.88,44.9,44.8,44.8,5206
2026-04-19,11:00:00,44.82,44.84,44.54,44.58,12741
2026-04-19,11:30:00,44.54,44.66,44.54,44.64,4608
2026-04-19,12:00:00,44.66,44.66,44.6,44.6,2648
2026-04-19,12:30:00,44.58,44.58,44.0,44.3,22762
2026-04-19,13:00:00,44.32,44.4,44.3,44.34,1164
2026-04-19,13:30:00,44.34,44.4,44.0,44.3,5428
2026-04-19,14:00:00,44.3,44.38,44.18,44.3,1623
2026-04-19,14:30:00,44.34,44.34,43.76,44.14,15385
2026-04-20,10:15:00,44.08,44.5,43.9,44.5,10152
2026-04-20,10:45:00,44.44,44.54,44.1,44.1,11478
2026-04-20,11:15:00,44.14,44.14,43.8,43.8,9136
2026-04-20,11:45:00,43.8,44.04,43.72,43.9,7839
2026-04-20,12:15:00,43.9,44.1,43.82,44.02,3581
2026-04-20,12:45:00,44.04,44.04,43.8,43.8,901
2026-04-20,13:15:00,43.8,43.92,43.78,43.78,1329
2026-04-20,13:45:00,43.78,43.78,43.58,43.58,5515
2026-04-20,14:15:00,43.6,43.66,43.58,43.58,2563
2026-04-20,14:45:00,43.58,43.86,43.54,43.86,3378
2026-04-21,10:00:00,43.86,43.92,43.36,43.58,16610
2026-04-21,10:30:00,43.6,43.7,43.42,43.68,2918
2026-04-21,11:00:00,43.64,43.64,43.5,43.58,3765
2026-04-21,11:30:00,43.6,43.6,43.36,43.38,3772
2026-04-21,12:00:00,43.36,43.46,43.34,43.42,4071
2026-04-21,12:30:00,43.5,43.5,43.36,43.4,598
2026-04-21,13:00:00,43.38,43.58,43.38,43.54,1431
2026-04-21,13:30:00,43.58,43.58,43.34,43.34,3957
2026-04-21,14:00:00,43.32,43.4,43.28,43.36,3017
2026-04-21,14:30:00,43.36,43.42,43.24,43.3,6323
2026-04-22,10:15:00,43.42,43.6,43.3,43.4,2693
2026-04-22,10:45:00,43.46,43.62,43.46,43.56,2090
2026-04-22,11:15:00,43.62,43.66,43.4,43.48,5897
2026-04-22,11:45:00,43.46,43.52,43.28,43.3,7215
2026-04-22,12:15:00,43.28,43.3,43.0,43.16,7372
2026-04-22,12:45:00,43.2,43.22,43.12,43.16,2392
2026-04-22,13:15:00,43.14,43.14,43.06,43.1,3018
2026-04-22,13:45:00,43.1,43.3,43.1,43.3,1407
2026-04-22,14:15:00,43.2,43.28,43.12,43.12,3351
2026-04-22,14:45:00,43.12,43.28,43.1,43.28,2048
2026-04-23,10:00:00,43.28,43.28,42.94,43.1,6676
2026-04-23,10:30:00,43.1,43.1,42.48,42.48,23220
2026-04-23,11:00:00,42.48,42.52,42.34,42.48,13412
2026-04-23,11:30:00,42.46,42.78,42.34,42.7,73477
2026-04-23,12:00:00,42.7,42.8,42.5,42.7,11305
2026-04-23,12:30:00,42.68,43.1,42.6,42.88,13618
2026-04-23,13:00:00,42.82,42.94,42.7,42.94,5949
2026-04-23,13:30:00,42.92,42.92,42.78,42.82,4093
2026-04-23,14:00:00,42.78,42.96,42.76,42.96,1694
2026-04-23,14:30:00,42.94,43.04,42.92,42.96,11030
2026-04-23,15:00:00,43.0,43.0,43.0,43.0,420
2026-04-26,10:00:00,43.0,43.28,42.5,43.26,7186
2026-04-26,10:30:00,43.26,43.26,43.1,43.1,2492
2026-04-26,11:00:00,43.1,43.12,43.0,43.12,1832
2026-04-26,11:30:00,43.0,43.12,42.92,42.92,1065
2026-04-26,12:00:00,42.98,43.4,42.98,43.26,3248
2026-04-26,12:30:00,43.32,43.42,43.24,43.34,968
2026-04-26,13:00:00,43.32,43.34,43.22,43.34,8400
2026-04-26,13:30:00,43.34,43.34,43.2,43.2,1743
2026-04-26,14:00:00,43.2,43.3,43.18,43.2,1715
2026-04-26,14:30:00,43.3,43.34,43.08,43.34,4576
2026-04-27,10:15:00,43.46,43.66,43.46,43.66,8802
2026-04-27,10:45:00,43.68,43.96,43.68,43.76,7993
2026-04-27,11:15:00,43.7,43.8,43.64,43.64,4028
2026-04-27,11:45:00,43.6,44.36,43.4,44.36,15266
2026-04-27,12:15:00,44.34,45.06,44.34,45.06,41377
2026-04-27,12:45:00,45.06,46.0,44.96,45.7,54494
2026-04-27,13:15:00,45.68,45.86,45.14,45.16,24266
2026-04-27,13:45:00,45.12,45.24,44.98,45.0,10453
2026-04-27,14:15:00,45.0,45.4,44.96,45.26,20941
2026-04-27,14:45:00,45.26,45.36,45.04,45.36,11317
2026-04-28,10:15:00,44.9,45.0,44.8,44.88,2370
2026-04-28,10:45:00,44.9,44.9,44.52,44.52,3928
2026-04-28,11:15:00,44.52,44.7,44.4,44.6,7501
2026-04-28,11:45:00,44.46,44.58,44.36,44.52,14501
2026-04-28,12:15:00,44.5,44.58,44.3,44.32,4415
2026-04-28,12:45:00,44.48,44.48,44.1,44.22,7291
2026-04-28,13:15:00,44.3,44.38,44.2,44.26,3243
2026-04-28,13:45:00,44.26,44.38,44.22,44.26,3211
2026-04-28,14:15:00,44.3,44.4,44.22,44.28,9665
2026-04-28,14:45:00,44.22,44.44,44.14,44.44,6810
2026-04-29,10:15:00,44.8,45.34,44.78,45.06,12084
2026-04-29,10:45:00,45.06,45.2,45.0,45.12,8048
2026-04-29,11:15:00,45.14,45.34,45.08,45.1,11022
2026-04-29,11:45:00,45.08,45.48,45.08,45.48,9238
2026-04-29,12:15:00,45.48,45.68,45.48,45.5,22529
2026-04-29,12:45:00,45.54,45.66,45.52,45.52,9059
2026-04-29,13:15:00,45.5,45.54,45.4,45.54,5884
2026-04-29,13:45:00,45.54,46.4,45.54,46.0,57001
2026-04-29,14:15:00,46.0,46.04,45.42,45.52,16789
2026-04-29,14:45:00,45.64,45.64,45.52,45.6,5590
2026-04-30,10:15:00,45.8,46.1,45.52,45.74,10169
2026-04-30,10:45:00,45.7,45.7,45.32,45.36,4075
2026-04-30,11:15:00,45.48,45.86,45.48,45.56,7387
2026-04-30,11:45:00,45.52,46.0,45.4,45.64,9574
2026-04-30,12:15:00,45.64,45.78,45.38,45.6,4217
2026-04-30,12:45:00,45.6,45.78,45.56,45.66,5089
2026-04-30,13:15:00,45.58,45.8,45.58,45.78,3663
2026-04-30,13:45:00,45.76,45.92,45.62,45.66,6024
2026-04-30,14:15:00,45.74,45.76,45.6,45.76,2942
2026-04-30,14:45:00,45.68,45.76,45.56,45.76,5931
2026-05-03,10:15:00,46.32,46.7,46.32,46.68,23227
2026-05-03,10:45:00,46.68,47.0,46.6,46.9,24209
2026-05-03,11:15:00,46.92,46.92,46.7,46.8,5733
2026-05-03,11:45:00,46.76,46.94,46.74,46.8,5169
2026-05-03,12:15:00,46.76,46.8,46.56,46.6,8259
2026-05-03,12:45:00,46.66,46.72,46.58,46.62,3224
2026-05-03,13:15:00,46.62,46.92,46.62,46.84,11950
2026-05-03,13:45:00,46.78,46.94,46.7,46.94,4939
2026-05-03,14:15:00,46.94,47.7,46.86,47.7,64053
2026-05-03,14:45:00,47.7,48.28,47.48,48.28,63138
2026-05-04,10:15:00,47.38,47.5,46.96,47.22,19416
2026-05-04,10:45:00,47.3,47.32,46.9,47.0,11265
2026-05-04,11:15:00,47.0,47.18,46.84,47.1,12459
2026-05-04,11:45:00,47.08,47.14,46.96,46.96,4014
2026-05-04,12:15:00,47.04,47.16,46.86,47.16,4577
2026-05-04,12:45:00,47.04,47.2,47.0,47.14,2784
2026-05-04,13:15:00,47.14,47.18,46.56,46.56,10854
2026-05-04,13:45:00,46.56,46.64,46.36,46.44,16789
2026-05-04,14:15:00,46.42,46.5,46.3,46.4,8531
2026-05-04,14:45:00,46.42,46.44,46.34,46.42,5031
2026-05-05,10:15:00,45.82,45.82,45.2,45.2,17037
2026-05-05,10:45:00,45.18,45.2,44.9,44.92,20221
2026-05-05,11:15:00,44.94,45.08,44.86,44.92,5297
2026-05-05,11:45:00,44.92,45.04,44.88,45.04,1636
2026-05-05,12:15:00,45.06,45.14,44.78,44.82,6175
2026-05-05,12:45:00,44.84,44.92,44.82,44.92,2226
2026-05-05,13:15:00,44.94,45.02,44.8,44.8,7143
2026-05-05,13:45:00,44.82,44.86,44.64,44.72,7680
2026-05-05,14:15:00,44.74,44.78,44.64,44.64,3066
2026-05-05,14:45:00,44.66,44.66,44.52,44.52,9255
2026-05-06,10:00:00,44.6,45.06,44.54,44.74,8875
2026-05-06,10:30:00,44.72,44.72,44.4,44.42,16631
2026-05-06,11:00:00,44.44,44.64,44.38,44.5,15340
2026-05-06,11:30:00,44.56,44.58,44.42,44.52,7232
2026-05-06,12:00:00,44.52,44.6,44.42,44.42,11413
2026-05-06,12:30:00,44.42,44.52,44.3,44.3,8522
2026-05-06,13:00:00,44.28,44.5,44.28,44.5,9378
2026-05-06,13:30:00,44.52,44.54,44.44,44.5,18302
2026-05-06,14:00:00,44.5,44.56,44.3,44.34,38793
2026-05-06,14:30:00,44.34,44.36,44.2,44.26,37542
2026-05-06,15:00:00,44.34,44.34,44.34,44.34,1159
2026-05-07,10:00:00,44.42,44.5,43.76,43.94,14540
2026-05-07,10:30:00,43.94,43.94,43.76,43.78,7751
2026-05-07,11:00:00,43.8,43.98,43.52,43.62,13784
2026-05-07,11:30:00,43.6,43.74,43.54,43.74,6533
2026-05-07,12:00:00,43.74,43.76,43.62,43.72,1005
2026-05-07,12:30:00,43.7,43.74,43.58,43.68,3644
2026-05-07,13:00:00,43.68,43.76,43.62,43.62,3217
2026-05-07,13:30:00,43.6,43.66,43.54,43.58,5469
2026-05-07,14:00:00,43.62,43.62,43.28,43.32,19477
2026-05-07,14:30:00,43.4,43.66,43.3,43.62,6581
2026-05-07,15:00:00,43.62,43.62,43.62,43.62,4951
2026-05-10,10:00:00,43.8,43.8,43.36,43.4,9352
2026-05-10,10:30:00,43.4,43.5,43.3,43.5,10817
2026-05-10,11:00:00,43.46,43.5,43.38,43.48,5811
2026-05-10,11:30:00,43.46,43.48,43.42,43.48,6258
2026-05-10,12:00:00,43.48,43.66,43.42,43.5,26765
2026-05-10,12:30:00,43.5,43.7,43.46,43.46,23864
2026-05-10,13:00:00,43.5,43.52,43.4,43.5,16427
2026-05-10,13:30:00,43.48,43.5,43.42,43.48,6552
2026-05-10,14:00:00,43.48,43.5,43.44,43.5,9142
2026-05-10,14:30:00,43.5,43.6,43.38,43.5,19070
2026-05-10,15:00:00,43.5,43.5,43.5,43.5,10046
2026-05-11,10:00:00,43.68,44.24,43.54,43.78,39858
2026-05-11,10:30:00,43.78,43.84,42.76,43.0,44546
2026-05-11,11:00:00,43.0,43.2,42.84,43.08,8260
2026-05-11,11:30:00,43.1,43.2,42.86,43.2,13752
2026-05-11,12:00:00,43.28,43.9,43.24,43.48,82673
2026-05-11,12:30:00,43.5,43.56,43.4,43.44,11309
2026-05-11,13:00:00,43.44,43.44,43.3,43.3,3814
2026-05-11,13:30:00,43.26,43.48,43.24,43.46,3412
2026-05-11,14:00:00,43.46,43.48,43.4,43.4,3213
2026-05-11,14:30:00,43.4,43.42,43.2,43.38,26133
2026-05-11,15:00:00,43.36,43.36,43.36,43.36,4369
2026-05-12,10:00:00,43.84,43.84,43.22,43.22,12995
2026-05-12,10:30:00,43.2,43.2,42.52,42.54,52481
2026-05-12,11:00:00,42.54,42.66,42.52,42.54,15986
2026-05-12,11:30:00,42.56,42.6,42.3,42.4,29115
2026-05-12,12:00:00,42.36,42.38,41.82,41.92,36951
2026-05-12,12:30:00,41.9,41.92,41.76,41.9,13315
2026-05-12,13:00:00,41.92,42.0,41.9,41.92,12768
2026-05-12,13:30:00,41.9,41.96,41.82,41.86,7471
2026-05-12,14:00:00,41.86,41.88,41.78,41.86,6628
2026-05-12,14:30:00,41.86,42.06,41.82,41.98,14557
2026-05-12,15:00:00,42.06,42.06,42.06,42.06,8166
2026-05-13,10:00:00,42.16,42.16,41.5,41.5,21994
2026-05-13,10:30:00,41.58,41.58,41.26,41.36,14864
2026-05-13,11:00:00,41.4,41.6,41.34,41.54,10285
2026-05-13,11:30:00,41.5,41.76,41.5,41.76,5160
2026-05-13,12:00:00,41.76,41.98,41.7,41.88,7125
2026-05-13,12:30:00,41.98,42.04,41.86,41.86,7076
2026-05-13,13:00:00,41.84,41.9,41.74,41.74,5230
2026-05-13,13:30:00,41.76,41.8,41.66,41.66,1833
2026-05-13,14:00:00,41.68,41.7,41.62,41.62,5787
2026-05-13,14:30:00,41.64,41.76,41.6,41.76,4330
2026-05-13,15:00:00,41.76,41.76,41.76,41.76,3105
2026-05-14,10:00:00,41.76,41.82,41.54,41.82,4015
2026-05-14,10:30:00,41.7,41.96,41.7,41.86,5451
2026-05-14,11:00:00,41.84,41.84,41.72,41.72,7203
2026-05-14,11:30:00,41.78,41.78,41.6,41.62,2995
2026-05-14,12:00:00,41.62,41.68,41.62,41.64,940
2026-05-14,12:30:00,41.66,41.7,41.62,41.66,1630
2026-05-14,13:00:00,41.62,41.62,41.5,41.52,7378
2026-05-14,13:30:00,41.52,41.58,41.46,41.52,8739
2026-05-14,14:00:00,41.52,41.58,41.44,41.48,19806
2026-05-14,14:30:00,41.46,41.48,41.32,41.48,7984
2026-05-14,15:00:00,41.46,41.46,41.46,41.46,3640
2026-05-17,10:00:00,41.28,41.7,40.8,40.86,20167
2026-05-17,10:30:00,40.92,40.94,40.78,40.86,4509
2026-05-17,11:00:00,40.82,40.84,40.74,40.78,1634
2026-05-17,11:30:00,40.84,40.84,40.78,40.8,3864
2026-05-17,12:00:00,40.8,40.88,40.78,40.86,5129
2026-05-17,12:30:00,40.86,40.86,40.76,40.8,2723
2026-05-17,13:00:00,40.76,40.8,40.7,40.7,2835
2026-05-17,13:30:00,40.8,40.8,40.7,40.74,2935
2026-05-17,14:00:00,40.72,40.76,40.62,40.7,6875
2026-05-17,14:30:00,40.7,40.72,40.54,40.72,12607
2026-05-17,15:00:00,40.66,40.66,40.66,40.66,228
2026-05-18,10:00:00,40.6,40.7,40.18,40.6,13342
2026-05-18,10:30:00,40.58,40.58,40.2,40.22,15089
2026-05-18,11:00:00,40.22,40.22,40.22,40.22,1791
2026-05-18,11:30:00,40.22,40.22,40.16,40.18,3011
2026-05-18,12:00:00,40.16,40.16,40.1,40.14,3239
2026-05-18,12:30:00,40.14,40.18,40.12,40.18,3343
2026-05-18,13:00:00,40.16,40.4,40.14,40.32,7057
2026-05-18,13:45:00,40.32,40.38,40.22,40.26,2267
2026-05-18,14:15:00,40.26,40.26,40.1,40.18,2693
2026-05-18,14:45:00,40.14,40.26,40.14,40.26,3595
2026-05-19,10:00:00,40.34,40.42,40.04,40.38,15769
2026-05-19,10:30:00,40.38,40.42,40.3,40.36,14518
2026-05-19,11:00:00,40.34,40.34,40.24,40.34,5656
2026-05-19,11:30:00,40.34,40.34,40.16,40.16,7133
2026-05-19,12:00:00,40.18,40.18,40.12,40.16,6375
2026-05-19,12:30:00,40.16,40.16,40.02,40.04,13643
2026-05-19,13:00:00,40.04,40.1,40.04,40.06,11241
2026-05-19,13:30:00,40.06,40.18,40.04,40.18,6708
2026-05-19,14:00:00,40.14,40.28,40.08,40.2,6056
2026-05-19,14:30:00,40.18,40.2,40.12,40.2,7105
2026-05-19,15:00:00,40.18,40.18,40.18,40.18,1124
2026-05-20,10:00:00,40.3,40.3,39.88,40.08,55263
2026-05-20,10:30:00,40.1,40.18,40.0,40.06,4280
2026-05-20,11:00:00,40.02,40.08,39.96,40.06,4384
2026-05-20,11:30:00,40.08,40.08,40.02,40.02,2852
2026-05-20,12:00:00,40.08,40.1,40.06,40.06,3356
2026-05-20,12:30:00,40.08,40.26,40.08,40.18,4215
2026-05-20,13:00:00,40.18,40.3,40.18,40.28,6868
2026-05-20,13:30:00,40.28,40.38,40.28,40.38,7923
2026-05-20,14:00:00,40.38,40.38,40.36,40.38,4097
2026-05-20,14:30:00,40.38,40.72,40.36,40.72,33315
2026-05-20,15:00:00,40.82,40.82,40.82,40.82,4583
2026-05-21,10:00:00,40.82,40.88,40.3,40.4,17115
2026-05-21,10:30:00,40.36,40.58,40.34,40.54,13233
2026-05-21,11:00:00,40.54,40.76,40.52,40.76,23596
2026-05-21,11:30:00,40.76,40.94,40.76,40.88,18255
2026-05-21,12:00:00,40.84,40.84,40.62,40.62,11097
2026-05-21,12:30:00,40.62,41.06,40.52,41.06,40401
2026-05-21,13:00:00,41.08,41.62,41.04,41.1,23856
2026-05-21,13:30:00,41.04,41.16,40.98,41.0,9514
2026-05-21,14:00:00,40.98,41.0,40.76,40.82,34984
2026-05-21,14:30:00,40.84,40.84,40.7,40.74,33126
2026-05-21,15:00:00,40.86,40.86,40.86,40.86,4837
2026-05-31,10:00:00,40.98,41.44,40.98,41.36,7967
2026-05-31,10:30:00,41.26,41.26,41.0,41.16,6773
2026-05-31,11:00:00,41.16,41.2,41.1,41.16,1575
2026-05-31,11:30:00,41.16,41.2,41.04,41.18,4761
2026-05-31,12:00:00,41.18,41.18,41.0,41.14,14060
2026-05-31,12:30:00,41.06,41.32,41.06,41.32,10402
2026-05-31,13:00:00,41.28,41.38,41.16,41.38,3267
2026-05-31,13:30:00,41.38,41.92,41.38,41.78,9698
2026-05-31,14:00:00,41.8,41.88,41.76,41.86,4533
2026-05-31,14:30:00,41.86,42.04,41.82,41.98,10911
2026-05-31,15:00:00,41.98,41.98,41.98,41.98,2457
2026-06-01,10:00:00,41.02,41.6,40.8,41.52,58617
2026-06-01,10:30:00,41.5,41.5,41.26,41.42,9104
2026-06-01,11:00:00,41.42,41.76,41.3,41.68,11108
2026-06-01,11:30:00,41.68,41.7,41.54,41.7,3325
2026-06-01,12:00:00,41.7,41.84,41.62,41.7,7692
2026-06-01,12:30:00,41.7,41.76,41.62,41.64,3556
2026-06-01,13:00:00,41.62,41.74,41.56,41.64,4316
2026-06-01,13:30:00,41.64,41.82,41.64,41.82,5779
2026-06-01,14:00:00,41.82,41.84,41.76,41.84,3342
2026-06-01,14:30:00,41.82,41.88,41.78,41.8,14936
2026-06-02,10:15:00,41.94,41.94,41.78,41.9,3201
2026-06-02,10:45:00,41.94,42.18,41.94,42.08,5982
2026-06-02,11:15:00,42.06,42.06,41.8,41.84,7250
2026-06-02,11:45:00,41.86,42.1,41.84,41.98,1878
2026-06-02,12:15:00,41.98,42.02,41.9,41.98,3319
2026-06-02,12:45:00,41.96,42.3,41.96,42.2,9535
2026-06-02,13:15:00,42.14,42.16,42.0,42.12,6921
2026-06-02,13:45:00,42.14,42.14,42.08,42.08,1472
2026-06-02,14:15:00,42.08,42.22,42.06,42.2,7122
2026-06-02,14:45:00,42.28,42.34,42.26,42.34,10681
2026-06-03,10:15:00,42.58,43.1,42.58,43.04,48895
2026-06-03,10:45:00,43.04,43.12,42.98,43.0,13228
2026-06-03,11:15:00,43.0,43.0,42.8,42.9,14738
2026-06-03,11:45:00,42.9,42.92,42.58,42.6,20660
2026-06-03,12:15:00,42.56,42.76,42.52,42.76,7737
2026-06-03,12:45:00,42.76,42.76,42.6,42.66,4168
2026-06-03,13:15:00,42.66,42.7,42.66,42.68,3739
2026-06-03,13:45:00,42.66,42.7,42.6,42.68,2067
2026-06-03,14:15:00,42.7,42.7,42.62,42.68,5094
2026-06-03,14:45:00,42.66,42.66,42.18,42.18,10176
2026-06-04,10:00:00,42.18,42.18,41.54,41.64,23902
2026-06-04,10:30:00,41.66,41.8,41.5,41.56,7136
2026-06-04,11:00:00,41.54,41.7,41.5,41.52,5865
2026-06-04,11:30:00,41.5,41.54,41.42,41.44,5222
2026-06-04,12:00:00,41.44,41.7,41.42,41.7,4809
2026-06-04,12:30:00,41.68,41.9,41.62,41.84,8961
2026-06-04,13:00:00,41.8,41.94,41.8,41.88,3015
2026-06-04,13:30:00,41.86,41.86,41.74,41.86,2805
2026-06-04,14:00:00,41.76,41.8,41.68,41.68,5543
2026-06-04,14:30:00,41.68,41.76,41.5,41.76,12863
2026-06-07,10:15:00,41.14,41.48,40.78,40.78,22187
2026-06-07,10:45:00,40.82,40.94,40.72,40.84,12484
2026-06-07,11:15:00,40.84,40.96,40.72,40.88,15560
2026-06-07,11:45:00,40.88,40.94,40.86,40.92,4547
2026-06-07,12:15:00,40.9,40.92,40.84,40.92,989
2026-06-07,12:45:00,40.92,40.96,40.9,40.96,3519
2026-06-07,13:15:00,40.92,40.96,40.8,40.88,8581
2026-06-07,13:45:00,40.92,40.96,40.9,40.94,3979
2026-06-07,14:15:00,40.9,40.96,40.9,40.9,3001
2026-06-07,14:45:00,40.92,40.94,40.9,40.94,2024
2026-06-08,10:15:00,40.2,40.2,39.56,39.58,53028
2026-06-08,10:45:00,39.58,39.58,39.34,39.4,25635
2026-06-08,11:15:00,39.38,39.4,39.14,39.26,36319
2026-06-08,11:45:00,39.26,39.54,39.26,39.5,10580
2026-06-08,12:15:00,39.5,39.52,39.36,39.44,8603
2026-06-08,12:45:00,39.44,39.6,39.44,39.58,10072
2026-06-08,13:15:00,39.58,39.9,39.52,39.68,4209
2026-06-08,13:45:00,39.7,39.76,39.66,39.66,2322
2026-06-08,14:15:00,39.66,40.0,39.66,39.98,12734
2026-06-08,14:45:00,39.98,39.98,39.72,39.88,7983
2026-06-09,10:15:00,40.3,40.88,40.3,40.66,23541
2026-06-09,10:45:00,40.66,41.4,40.64,41.08,23473
2026-06-09,11:15:00,41.08,41.1,40.66,40.66,17399
2026-06-09,11:45:00,40.64,40.82,40.24,40.52,15944
2026-06-09,12:15:00,40.5,40.64,40.48,40.54,4172
2026-06-09,12:45:00,40.52,40.6,40.46,40.6,4815
2026-06-09,13:15:00,40.58,40.68,40.5,40.68,9813
2026-06-09,13:45:00,40.68,40.68,40.58,40.58,4062
2026-06-09,14:15:00,40.56,40.56,40.44,40.44,5639
2026-06-09,14:45:00,40.44,40.48,40.36,40.36,5879
2026-06-10,10:15:00,40.28,40.32,40.14,40.18,5391
2026-06-10,10:45:00,40.18,40.2,40.16,40.18,2748
2026-06-10,11:15:00,40.2,40.24,40.18,40.22,8823
2026-06-10,11:45:00,40.18,40.18,40.16,40.18,853
2026-06-10,12:15:00,40.18,40.24,40.1,40.18,3932
2026-06-10,12:45:00,40.16,40.18,39.92,40.12,9495
2026-06-10,13:15:00,40.08,40.14,39.94,40.1,7902
2026-06-10,13:45:00,40.1,40.1,39.96,40.02,3276
2026-06-10,14:15:00,40.0,40.02,39.86,39.88,11926
2026-06-10,14:45:00,39.9,40.16,39.86,40.16,8743
2026-06-11,10:15:00,40.06,40.22,40.04,40.12,5613
2026-06-11,10:45:00,40.2,40.22,40.1,40.2,3314
2026-06-11,11:15:00,40.18,40.22,40.14,40.22,2717
2026-06-11,11:45:00,40.2,40.28,40.18,40.24,4265
2026-06-11,12:15:00,40.2,40.24,40.2,40.24,681
2026-06-11,12:45:00,40.26,40.34,40.24,40.3,3794
2026-06-11,13:15:00,40.28,40.38,40.28,40.3,7904
2026-06-11,13:45:00,40.26,40.3,40.1,40.18,7869
2026-06-11,14:15:00,40.2,40.24,40.18,40.2,569
2026-06-11,14:45:00,40.2,40.28,40.18,40.2,2456
2026-06-14,10:15:00,40.66,40.66,40.3,40.38,14596
2026-06-14,10:45:00,40.4,40.52,40.4,40.46,8666
2026-06-14,11:15:00,40.44,40.5,40.44,40.5,2951
2026-06-14,11:45:00,40.48,40.5,40.42,40.42,1578
2026-06-14,12:15:00,40.42,40.42,40.4,40.4,2191
2026-06-14,13:00:00,40.4,40.44,40.3,40.44,4670
2026-06-14,13:30:00,40.46,40.48,40.42,40.42,3382
2026-06-14,14:00:00,40.44,40.48,40.38,40.4,1471
2026-06-14,14:30:00,40.38,40.46,40.2,40.44,5954
2026-06-14,15:00:00,40.5,40.5,40.5,40.5,1333
2026-06-15,10:00:00,40.68,40.82,40.6,40.76,14197
2026-06-15,10:30:00,40.8,40.86,40.6,40.82,14847
2026-06-15,11:00:00,40.8,41.08,40.78,40.82,26815
2026-06-15,11:30:00,40.98,41.22,40.72,41.08,14690
2026-06-15,12:00:00,41.0,41.04,40.88,40.88,4263
2026-06-15,12:30:00,40.88,40.9,40.8,40.9,4615
2026-06-15,13:00:00,40.9,40.9,40.8,40.88,5422
2026-06-15,13:30:00,40.8,40.82,40.78,40.8,2452
2026-06-15,14:00:00,40.82,40.86,40.8,40.86,5009
2026-06-15,14:30:00,40.86,40.88,40.72,40.76,6840
2026-06-15,15:00:00,40.88,40.88,40.88,40.88,2809
2026-06-16,10:00:00,40.72,40.98,40.58,40.58,13653
2026-06-16,10:30:00,40.6,40.7,40.6,40.7,3532
2026-06-16,11:00:00,40.7,40.72,40.62,40.66,4155
2026-06-16,11:30:00,40.62,40.64,40.52,40.58,6614
2026-06-16,12:00:00,40.62,40.7,40.58,40.58,4235
2026-06-16,12:30:00,40.58,40.6,40.48,40.58,4841
2026-06-16,13:00:00,40.54,40.56,40.36,40.4,6167
2026-06-16,13:30:00,40.42,40.44,40.28,40.32,7156
2026-06-16,14:00:00,40.32,40.32,40.04,40.04,16114
2026-06-16,14:30:00,40.06,40.2,40.06,40.08,13808
2026-06-16,15:00:00,40.28,40.28,40.28,40.28,8352
2026-06-17,10:00:00,40.04,40.28,40.04,40.16,5385
2026-06-17,10:30:00,40.18,40.3,39.94,40.14,63352
2026-06-17,11:00:00,40.12,40.12,39.8,39.86,24550
2026-06-17,11:30:00,39.84,39.86,39.76,39.8,4762
2026-06-17,12:00:00,39.76,39.96,39.76,39.96,8290
2026-06-17,12:30:00,39.96,39.96,39.82,39.94,4047
2026-06-17,13:00:00,39.92,40.02,39.9,40.02,7754
2026-06-17,13:30:00,40.02,40.06,39.92,39.92,2797
2026-06-17,14:00:00,39.92,39.94,39.84,39.88,8377
2026-06-17,14:30:00,39.88,39.94,39.84,39.86,2653
2026-06-18,10:15:00,39.88,39.94,39.7,39.72,3934
2026-06-18,10:45:00,39.72,39.82,39.72,39.82,1111
2026-06-18,11:15:00,39.86,40.0,39.82,39.9,2658
2026-06-18,11:45:00,39.84,39.94,39.84,39.9,987
2026-06-18,12:15:00,39.88,39.92,39.86,39.9,1810
2026-06-18,12:45:00,39.9,39.96,39.9,39.96,902
2026-06-18,13:15:00,39.96,39.98,39.86,39.88,8616
2026-06-18,13:45:00,39.92,40.0,39.88,39.88,7734
2026-06-18,14:15:00,39.92,39.92,39.78,39.82,18589
2026-06-18,14:45:00,39.86,40.0,39.84,40.0,4661
2026-06-21,10:00:00,40.0,40.1,39.96,40.0,6205
2026-06-21,10:30:00,40.02,40.02,39.96,39.98,3542
2026-06-21,11:00:00,40.0,40.08,39.98,39.98,13859
2026-06-21,11:30:00,39.96,40.1,39.9,40.1,4857
2026-06-21,12:00:00,40.14,40.16,40.02,40.02,4448
2026-06-21,12:30:00,40.02,40.06,40.0,40.0,1409
2026-06-21,13:00:00,40.02,40.02,40.0,40.02,8020
2026-06-21,13:30:00,40.02,40.04,40.0,40.02,2351
2026-06-21,14:00:00,40.0,40.04,39.98,40.0,2648
2026-06-21,14:30:00,40.0,40.04,39.96,40.0,2104
2026-06-21,15:00:00,40.08,40.08,40.08,40.08,266
2026-06-22,10:00:00,40.08,40.08,39.8,39.88,8382
2026-06-22,10:30:00,39.86,39.86,39.66,39.7,8154
2026-06-22,11:00:00,39.7,39.78,39.62,39.64,7761
2026-06-22,11:30:00,39.64,39.66,39.6,39.66,5684
2026-06-22,12:00:00,39.66,39.72,39.66,39.72,1689
2026-06-22,12:30:00,39.72,39.8,39.7,39.76,1436
2026-06-22,13:00:00,39.78,39.82,39.72,39.72,6387
2026-06-22,13:30:00,39.82,39.82,39.74,39.8,2762
2026-06-22,14:00:00,39.8,39.8,39.56,39.62,10354
2026-06-22,14:30:00,39.64,39.7,39.6,39.62,6603
2026-06-22,15:00:00,39.82,39.82,39.82,39.82,2394
2026-06-23,10:00:00,39.64,39.64,39.4,39.44,8915
2026-06-23,10:30:00,39.44,39.48,39.34,39.38,6782
2026-06-23,11:00:00,39.38,39.4,39.34,39.4,1639
2026-06-23,11:30:00,39.4,39.4,39.3,39.3,6375
2026-06-23,12:00:00,39.32,39.32,39.24,39.28,5075
2026-06-23,12:30:00,39.26,39.3,39.22,39.3,2394
2026-06-23,13:00:00,39.32,39.32,39.24,39.26,1285
2026-06-23,13:30:00,39.32,39.32,39.1,39.14,10906
2026-06-23,14:00:00,39.14,39.16,39.02,39.04,4698
2026-06-23,14:30:00,39.06,39.14,39.02,39.06,11949
2026-06-23,15:00:00,39.04,39.04,39.04,39.04,5788
2026-06-24,10:00:00,39.06,39.44,39.0,39.44,9890
2026-06-24,10:30:00,39.44,39.78,39.42,39.76,16171
2026-06-24,11:00:00,39.78,40.32,39.78,40.3,28474
2026-06-24,11:30:00,40.3,40.5,40.24,40.42,33686
2026-06-24,12:00:00,40.42,40.42,40.26,40.38,4506
2026-06-24,12:30:00,40.38,40.7,40.18,40.18,27601
2026-06-24,13:00:00,40.18,40.24,40.12,40.24,1969
2026-06-24,13:30:00,40.26,40.3,40.0,40.06,8809
2026-06-24,14:00:00,40.08,40.1,40.0,40.08,2359
2026-06-24,14:30:00,40.1,40.18,40.0,40.14,4842
2026-06-24,15:00:00,40.16,40.16,40.16,40.16,71
2026-06-25,10:00:00,40.16,40.16,39.76,39.78,5382
2026-06-25,10:30:00,39.8,39.9,39.76,39.8,2521
2026-06-25,11:00:00,39.84,39.96,39.84,39.94,3792
2026-06-25,11:30:00,39.94,39.96,39.88,39.88,5951
2026-06-25,12:00:00,39.88,39.88,39.82,39.88,2885
2026-06-25,12:30:00,39.84,39.9,39.84,39.84,3395
2026-06-25,13:00:00,39.88,39.9,39.84,39.86,687
2026-06-25,13:30:00,39.84,39.84,39.8,39.84,2419
2026-06-25,14:00:00,39.84,39.84,39.8,39.82,1752
2026-06-25,14:30:00,39.8,39.82,39.76,39.76,4261
2026-06-28,10:15:00,39.58,39.58,39.36,39.42,1608
2026-06-28,10:45:00,39.4,39.76,39.36,39.76,2275
2026-06-28,11:15:00,39.68,39.8,39.6,39.8,2447
2026-06-28,11:45:00,39.8,39.86,39.78,39.82,341
2026-06-28,12:15:00,39.86,39.86,39.72,39.76,5703
2026-06-28,12:45:00,39.8,39.82,39.76,39.78,237
2026-06-28,13:15:00,39.76,39.82,39.7,39.8,4057
2026-06-28,13:45:00,39.8,39.8,39.8,39.8,185
2026-06-28,14:15:00,39.82,39.82,39.74,39.74,480
2026-06-28,14:45:00,39.8,39.8,39.66,39.8,2686
2026-06-29,10:00:00,39.8,39.92,39.64,39.64,10985
2026-06-29,10:30:00,39.64,39.68,39.52,39.54,3023
2026-06-29,11:00:00,39.54,39.78,39.52,39.64,2373
2026-06-29,11:30:00,39.64,39.72,39.6,39.62,3474
2026-06-29,12:00:00,39.62,39.66,39.56,39.66,6451
2026-06-29,12:30:00,39.64,39.66,39.56,39.58,815
2026-06-29,13:00:00,39.58,39.6,39.54,39.6,1301
2026-06-29,13:30:00,39.6,39.64,39.6,39.6,1011
2026-06-29,14:00:00,39.62,39.62,39.58,39.58,1386
2026-06-29,14:30:00,39.58,39.7,39.54,39.62,4573
2026-06-29,15:00:00,39.7,39.7,39.7,39.7,2162
2026-06-30,10:00:00,39.7,39.8,39.66,39.72,2532
2026-06-30,10:30:00,39.74,40.18,39.72,40.14,15645
2026-06-30,11:00:00,40.1,40.14,39.94,40.02,7178
2026-06-30,11:30:00,40.0,40.16,39.98,40.14,2358
2026-06-30,12:00:00,40.1,40.18,40.06,40.06,3477
2026-06-30,12:30:00,40.06,40.18,40.06,40.16,1833
2026-06-30,13:00:00,40.16,40.16,40.08,40.12,7240
2026-06-30,13:30:00,40.12,40.12,40.0,40.02,7886
2026-06-30,14:00:00,40.0,40.04,39.94,40.02,7546
2026-06-30,14:30:00,40.04,40.04,39.92,39.94,13589
2026-06-30,15:00:00,39.94,39.94,39.94,39.94,1014
2026-07-01,10:00:00,39.92,40.16,39.8,40.16,14809
2026-07-01,10:30:00,40.18,41.12,40.16,40.84,61604
2026-07-01,11:00:00,40.84,40.84,40.28,40.54,21113
2026-07-01,11:30:00,40.54,40.6,40.42,40.58,16054
2026-07-01,12:00:00,40.58,40.72,40.54,40.56,5791
2026-07-01,12:30:00,40.58,40.58,40.3,40.36,6026
2026-07-01,13:00:00,40.34,40.78,40.34,40.68,8525
2026-07-01,13:30:00,40.66,40.66,40.4,40.46,9747
2026-07-01,14:00:00,40.46,40.48,40.38,40.38,5003
2026-07-01,14:30:00,40.38,40.38,40.28,40.36,4584
2026-07-02,10:15:00,40.14,40.14,39.82,39.9,16819
2026-07-02,10:45:00,39.84,39.92,39.82,39.9,10744
2026-07-02,11:15:00,39.88,39.88,39.8,39.84,12216
2026-07-02,11:45:00,39.84,39.84,39.6,39.7,14827
2026-07-02,12:15:00,39.7,39.72,39.66,39.72,5223
2026-07-02,12:45:00,39.72,39.8,39.72,39.8,3324
2026-07-02,13:15:00,39.8,39.8,39.74,39.74,7219
2026-07-02,13:45:00,39.74,39.76,39.68,39.68,10870
2026-07-02,14:15:00,39.7,39.72,39.46,39.46,19678
2026-07-02,14:45:00,39.54,39.62,39.44,39.62,8416
2026-07-05,10:15:00,39.7,39.78,39.7,39.72,3542
2026-07-05,10:45:00,39.72,39.72,39.62,39.62,3078
2026-07-05,11:15:00,39.62,39.68,39.62,39.68,2981
2026-07-05,11:45:00,39.64,39.76,39.64,39.68,2570
2026-07-05,12:15:00,39.7,39.86,39.7,39.86,5312
2026-07-05,12:45:00,39.88,39.9,39.66,39.72,4753
2026-07-05,13:15:00,39.76,39.8,39.66,39.68,911
2026-07-05,13:45:00,39.68,39.68,39.58,39.58,6994
2026-07-05,14:15:00,39.58,39.58,39.5,39.5,3748
2026-07-05,14:45:00,39.54,39.58,39.04,39.22,23368
2026-07-06,10:15:00,39.24,39.4,39.22,39.26,8958
2026-07-06,10:45:00,39.28,39.28,39.2,39.28,1643
2026-07-06,11:15:00,39.28,39.28,39.06,39.08,6197
2026-07-06,11:45:00,39.08,39.08,38.74,38.76,25711
2026-07-06,12:15:00,38.76,38.84,38.5,38.5,55788
2026-07-06,12:45:00,38.5,38.5,38.18,38.34,64815
2026-07-06,13:15:00,38.34,38.58,38.34,38.56,19612
2026-07-06,13:45:00,38.56,38.56,38.5,38.56,841
2026-07-06,14:15:00,38.58,38.68,38.52,38.54,4621
2026-07-06,14:45:00,38.54,38.64,38.44,38.44,14987
2026-07-07,10:15:00,38.48,38.64,38.44,38.64,7779
2026-07-07,10:45:00,38.64,38.94,38.64,38.84,24417
2026-07-07,11:15:00,38.84,38.94,38.84,38.9,15360
2026-07-07,11:45:00,38.9,38.9,38.78,38.8,6661
2026-07-07,12:15:00,38.86,38.86,38.76,38.76,2336
2026-07-07,12:45:00,38.76,38.76,38.72,38.76,4345
2026-07-07,13:15:00,38.84,38.92,38.74,38.88,6361
2026-07-07,13:45:00,38.9,38.94,38.88,38.92,3096
2026-07-07,14:15:00,38.9,38.92,38.78,38.9,12332
2026-07-07,14:45:00,38.92,39.06,38.9,39.06,9737
2026-07-08,10:15:00,38.92,39.04,38.84,38.96,8398
2026-07-08,10:45:00,38.94,39.4,38.9,39.4,20308
2026-07-08,11:15:00,39.4,39.4,38.88,39.08,10429
2026-07-08,11:45:00,39.04,39.04,38.84,38.84,3489
2026-07-08,12:15:00,38.86,38.98,38.86,38.94,1904
2026-07-08,12:45:00,38.96,39.0,38.88,38.98,3770
2026-07-08,13:15:00,38.98,38.98,38.84,38.9,1845
2026-07-08,13:45:00,38.84,38.94,38.84,38.94,4056
2026-07-08,14:15:00,38.94,39.0,38.84,39.0,13812
2026-07-08,14:45:00,38.98,38.98,38.82,38.86,4646
2026-07-09,10:15:00,38.74,38.86,38.62,38.62,6446
2026-07-09,10:45:00,38.62,38.74,38.62,38.68,1280
2026-07-09,11:15:00,38.66,38.74,38.62,38.74,4334
2026-07-09,11:45:00,38.7,38.78,38.7,38.76,1057
2026-07-09,12:15:00,38.78,38.78,38.74,38.78,1378
2026-07-09,12:45:00,38.78,38.8,38.72,38.8,3185
2026-07-09,13:15:00,38.74,38.74,38.58,38.62,14510
2026-07-09,13:45:00,38.68,38.68,38.4,38.48,15166
2026-07-09,14:15:00,38.48,38.5,38.42,38.42,6223
2026-07-09,14:45:00,38.42,38.5,38.4,38.4,8447
2026-07-12,10:15:00,38.38,38.56,38.38,38.56,2794
2026-07-12,10:45:00,38.5,38.58,38.44,38.54,4125
2026-07-12,11:15:00,38.54,38.54,38.5,38.54,387
2026-07-12,11:45:00,38.54,38.58,38.5,38.58,1146
2026-07-12,12:15:00,38.6,38.6,38.5,38.5,801
2026-07-12,12:45:00,38.56,38.6,38.52,38.6,1633
2026-07-12,13:15:00,38.6,38.7,38.6,38.66,1427
2026-07-12,13:45:00,38.66,38.7,38.6,38.7,1489
2026-07-12,14:15:00,38.62,38.72,38.62,38.7,2687
2026-07-12,14:45:00,38.66,38.74,38.66,38.74,978
2026-07-13,10:15:00,38.68,38.78,38.58,38.68,3123
2026-07-13,10:45:00,38.68,38.7,38.62,38.7,1704
2026-07-13,11:15:00,38.7,38.9,38.68,38.86,4451
2026-07-13,11:45:00,38.88,38.96,38.8,38.96,5184
2026-07-13,12:15:00,38.92,38.96,38.86,38.9,2473
2026-07-13,12:45:00,38.9,38.92,38.8,38.8,7242
2026-07-13,13:15:00,38.88,38.9,38.8,38.88,2296
2026-07-13,13:45:00,38.82,38.86,38.76,38.76,2767
2026-07-13,14:15:00,38.76,38.84,38.7,38.82,1961
2026-07-13,14:45:00,38.82,38.84,38.5,38.5,3312
2026-07-14,10:00:00,38.5,38.8,38.32,38.62,10125
2026-07-14,10:30:00,38.72,38.86,38.56,38.56,9932
2026-07-14,11:00:00,38.58,38.66,38.36,38.42,20689
2026-07-14,11:30:00,38.48,38.52,38.36,38.36,6806
2026-07-14,12:00:00,38.38,38.72,38.36,38.62,19477
2026-07-14,12:30:00,38.62,38.62,38.4,38.46,4305
2026-07-14,13:00:00,38.46,38.46,38.02,38.16,25561
2026-07-14,13:30:00,38.16,38.64,38.14,38.56,25262
2026-07-14,14:00:00,38.58,38.66,38.24,38.28,11587
2026-07-14,14:30:00,38.26,38.4,38.2,38.26,19611
2026-07-15,10:15:00,37.96,38.18,37.8,38.14,19660
2026-07-15,10:45:00,38.06,38.16,38.06,38.08,2818
2026-07-15,11:15:00,38.06,38.12,37.98,38.0,11572
2026-07-15,11:45:00,37.98,38.06,37.94,37.94,5788
2026-07-15,12:15:00,37.96,38.0,37.94,37.96,2085
2026-07-15,12:45:00,37.96,38.0,37.96,38.0,10333
2026-07-15,13:15:00,38.0,38.0,37.86,37.88,3237
2026-07-15,13:45:00,37.86,37.9,37.8,37.84,5859
2026-07-15,14:15:00,37.86,37.9,37.8,37.86,7480
2026-07-15,14:45:00,37.86,37.86,37.76,37.86,14949
2026-07-16,10:15:00,37.82,37.98,37.82,37.98,2828
2026-07-16,10:45:00,38.0,38.0,37.88,37.88,2162
2026-07-16,11:15:00,37.9,38.0,37.88,37.98,4960
2026-07-16,11:45:00,38.0,38.18,37.98,38.16,2297
2026-07-16,12:15:00,38.14,38.34,38.06,38.28,8583
2026-07-16,12:45:00,38.3,38.3,38.0,38.0,3079
2026-07-16,13:15:00,38.0,38.08,37.92,38.06,3650
2026-07-16,13:45:00,38.04,38.04,37.98,38.0,2230
2026-07-16,14:15:00,38.02,38.04,38.02,38.02,2504
2026-07-16,14:45:00,38.02,38.02,37.92,37.92,3038
2026-07-19,10:15:00,37.62,37.7,37.48,37.62,12898
2026-07-19,10:45:00,37.62,38.4,37.54,38.12,25911
2026-07-19,11:15:00,38.22,38.92,38.06,38.72,33845
2026-07-19,11:45:00,38.72,38.74,38.1,38.1,8552
2026-07-19,12:15:00,38.1,38.12,38.02,38.1,5538
2026-07-19,12:45:00,38.04,38.24,37.98,38.0,11135
2026-07-19,13:15:00,37.98,38.08,37.78,37.94,19720
2026-07-19,13:45:00,37.92,38.0,37.78,38.0,2072
2026-07-19,14:15:00,37.94,38.06,37.84,37.98,1837
2026-07-19,14:45:00,37.94,38.0,37.88,37.92,2042
2026-07-20,10:00:00,37.92,38.2,37.72,37.88,19124
2026-07-20,10:30:00,37.86,38.36,37.86,38.1,29022
2026-07-20,11:00:00,38.12,38.5,38.02,38.34,5758
2026-07-20,11:30:00,38.18,38.18,38.0,38.1,6390
2026-07-20,12:00:00,37.96,38.0,37.9,37.98,684
2026-07-20,12:30:00,37.98,37.98,37.88,37.88,2682
2026-07-20,13:00:00,37.96,38.16,37.96,38.16,8713
2026-07-20,13:30:00,38.16,38.16,37.9,37.9,4764
2026-07-20,14:00:00,37.88,37.98,37.8,37.82,2875
2026-07-20,14:30:00,37.84,37.94,37.8,37.9,2651
2026-07-20,15:00:00,37.8,37.8,37.8,37.8,1130
2026-07-21,10:00:00,37.8,37.86,37.52,37.52,9001
2026-07-21,10:30:00,37.54,37.62,37.44,37.6,8949
2026-07-21,11:00:00,37.6,37.74,37.6,37.62,1814
2026-07-21,11:30:00,37.66,37.68,37.5,37.5,2738
2026-07-21,12:00:00,37.5,37.5,37.4,37.5,3036
2026-07-21,12:30:00,37.48,37.48,37.36,37.4,6843
2026-07-21,13:00:00,37.42,37.54,37.42,37.46,4863
2026-07-21,13:30:00,37.44,37.46,37.36,37.4,4487
2026-07-21,14:00:00,37.36,37.38,37.18,37.36,15592
2026-07-21,14:30:00,37.36,37.4,37.3,37.3,3559
2026-07-22,10:15:00,37.46,37.5,37.34,37.42,2172
2026-07-22,10:45:00,37.42,37.8,37.4,37.7,10285
2026-07-22,11:15:00,37.66,37.86,37.66,37.82,4761
2026-07-22,11:45:00,37.86,37.98,37.84,37.9,6472
2026-07-22,12:15:00,37.94,37.94,37.74,37.8,2150
2026-07-22,12:45:00,37.82,37.82,37.64,37.8,5898
2026-07-22,13:15:00,37.76,37.88,37.76,37.86,1325
2026-07-22,13:45:00,37.82,37.86,37.82,37.86,565
2026-07-22,14:15:00,37.86,37.94,37.86,37.94,2507
2026-07-22,14:45:00,37.94,38.12,37.94,38.12,14097
2026-07-23,10:00:00,38.08,38.08,37.76,37.98,3656
2026-07-23,10:30:00,38.0,38.0,37.72,37.8,2686
2026-07-23,11:00:00,37.72,37.82,37.7,37.7,3330
2026-07-23,11:30:00,37.7,37.78,37.7,37.76,1816
2026-07-23,12:00:00,37.72,37.82,37.68,37.68,3752
2026-07-23,12:30:00,37.68,37.72,37.62,37.62,4316
2026-07-23,13:00:00,37.62,37.66,37.52,37.62,2529
2026-07-23,13:30:00,37.62,37.66,37.5,37.58,2957
2026-07-23,14:00:00,37.6,37.68,37.6,37.68,1044
2026-07-23,14:30:00,37.68,37.7,37.64,37.68,3354
2026-07-23,15:00:00,37.64,37.64,37.64,37.64,852
2026-07-26,10:00:00,37.68,37.74,37.0,37.46,31161
2026-07-26,10:30:00,37.46,37.46,37.3,37.36,4277
2026-07-26,11:00:00,37.36,37.44,37.34,37.38,768
2026-07-26,11:30:00,37.38,37.42,37.38,37.42,1073
2026-07-26,12:00:00,37.44,37.48,37.36,37.36,2237
2026-07-26,12:30:00,37.44,37.52,37.38,37.44,5093
2026-07-26,13:00:00,37.46,37.78,37.46,37.78,8922
2026-07-26,13:30:00,37.78,38.04,37.78,38.0,6751
2026-07-26,14:00:00,37.94,38.0,37.74,37.98,12592
2026-07-26,14:30:00,37.98,38.1,37.9,38.08,10858
2026-07-26,15:00:00,38.08,38.08,38.08,38.08,304
2026-07-27,10:00:00,38.1,38.12,37.86,37.9,9337
2026-07-27,10:30:00,37.92,38.02,37.9,37.92,5317
2026-07-27,11:00:00,37.92,37.98,37.82,37.96,4144
2026-07-27,11:30:00,37.94,37.94,37.82,37.9,7489
2026-07-27,12:00:00,37.92,37.96,37.92,37.94,1832
2026-07-27,12:30:00,37.92,37.96,37.86,37.9,3026
2026-07-27,13:00:00,37.86,37.92,37.86,37.9,2974
2026-07-27,13:30:00,37.9,37.92,37.82,37.84,4672
2026-07-27,14:00:00,37.84,37.84,37.74,37.82,4101
2026-07-27,14:30:00,37.82,37.86,37.78,37.84,3770
2026-07-28,10:15:00,37.54,37.6,37.5,37.6,3305
2026-07-28,10:45:00,37.6,37.62,37.5,37.52,2743
2026-07-28,11:15:00,37.5,37.5,37.4,37.44,4939
2026-07-28,11:45:00,37.48,37.62,37.44,37.48,4270
2026-07-28,12:15:00,37.44,37.48,37.4,37.42,739
2026-07-28,12:45:00,37.42,37.46,37.4,37.44,1654
2026-07-28,13:15:00,37.44,37.48,37.42,37.42,1193
2026-07-28,13:45:00,37.42,37.42,37.36,37.36,5465
2026-07-28,14:15:00,37.36,37.68,37.32,37.34,8471
2026-07-28,14:45:00,37.32,37.48,37.22,37.22,5997
2026-07-29,10:15:00,37.04,37.06,36.94,36.94,5503
2026-07-29,10:45:00,37.02,37.02,36.86,36.86,6239
2026-07-29,11:15:00,36.88,36.88,36.66,36.76,3914
2026-07-29,11:45:00,36.76,36.98,36.76,36.88,5958
2026-07-29,12:15:00,36.88,36.96,36.8,36.86,1930
2026-07-29,12:45:00,36.8,36.88,36.78,36.88,1401
2026-07-29,13:15:00,36.8,36.88,36.74,36.74,2260
2026-07-29,13:45:00,36.74,36.88,36.72,36.88,1675
2026-07-29,14:15:00,36.86,36.86,36.7,36.74,5429
2026-07-29,14:45:00,36.76,36.84,36.72,36.84,2490
2026-07-30,10:15:00,36.78,36.94,36.78,36.94,4046
2026-07-30,10:45:00,36.96,36.98,36.78,36.88,6901
2026-07-30,11:15:00,36.88,36.88,36.64,36.68,11762
2026-07-30,11:45:00,36.68,36.72,36.64,36.64,3009
2026-07-30,12:15:00,36.66,36.66,36.64,36.64,1271
2026-07-30,12:45:00,36.64,36.72,36.64,36.72,1155
2026-07-30,13:15:00,36.72,36.72,36.66,36.68,545
2026-07-30,13:45:00,36.68,36.8,36.68,36.76,690
2026-07-30,14:15:00,36.7,36.96,36.7,36.78,9966
2026-07-30,14:45:00,36.76,36.94,36.6,36.94,9182
2026-08-02,10:15:00,36.8,37.2,36.74,37.04,2487
2026-08-02,10:45:00,37.04,37.18,37.04,37.16,1596
2026-08-02,11:15:00,37.14,37.3,37.1,37.3,1210
2026-08-02,11:45:00,37.28,37.66,37.2,37.42,2894
2026-08-02,12:30:00,37.44,37.44,37.18,37.4,1691
2026-08-02,13:00:00,37.26,37.42,37.26,37.28,417
2026-08-02,13:30:00,37.26,37.58,37.2,37.58,869
2026-08-02,14:00:00,37.46,37.58,37.38,37.5,2595
2026-08-02,14:30:00,37.52,37.56,37.28,37.42,4095
2026-08-02,15:00:00,37.42,37.42,37.42,37.42,1249
2026-08-03,10:00:00,37.78,37.78,37.24,37.7,8294
2026-08-03,10:30:00,37.7,37.78,37.52,37.64,3676
2026-08-03,11:00:00,37.66,37.74,37.62,37.72,1477
2026-08-03,11:30:00,37.66,37.78,37.66,37.78,1600
2026-08-03,12:00:00,37.78,37.92,37.74,37.86,7256
2026-08-03,12:30:00,37.88,37.9,37.7,37.78,12472
2026-08-03,13:00:00,37.78,37.96,37.78,37.82,6045
2026-08-03,13:30:00,37.84,38.0,37.84,37.94,8507
2026-08-03,14:00:00,37.94,38.12,37.9,38.04,9713
2026-08-03,14:30:00,38.04,38.24,38.04,38.08,9078
2026-08-03,15:00:00,38.12,38.12,38.12,38.12,3880
2026-08-04,10:00:00,37.84,38.2,37.84,38.12,9739
2026-08-04,10:30:00,38.14,38.36,38.12,38.26,7291
2026-08-04,11:00:00,38.26,38.38,38.2,38.32,12749
2026-08-04,11:30:00,38.3,38.42,38.28,38.42,13336
2026-08-04,12:00:00,38.38,38.72,38.38,38.66,21703
2026-08-04,12:30:00,38.64,38.8,38.48,38.8,14918
2026-08-04,13:00:00,38.8,39.0,38.5,38.76,19463
2026-08-04,13:30:00,38.78,39.1,38.76,38.9,27850
2026-08-04,14:00:00,38.84,39.0,38.72,38.94,9491
2026-08-04,14:30:00,38.92,38.96,38.7,38.86,10008
2026-08-04,15:00:00,38.86,38.86,38.86,38.86,2307
2026-08-05,10:00:00,39.4,40.8,39.32,40.0,210700
2026-08-05,10:30:00,40.0,40.58,39.8,40.22,110989
2026-08-05,11:00:00,40.18,40.22,40.04,40.12,25552
2026-08-05,11:30:00,40.1,40.1,39.62,39.7,84775
2026-08-05,12:00:00,39.7,39.92,39.52,39.54,29136
2026-08-05,12:30:00,39.54,39.58,39.38,39.44,27418
2026-08-05,13:00:00,39.46,39.52,39.44,39.46,5617
2026-08-05,13:30:00,39.42,39.5,39.38,39.38,11764
2026-08-05,14:00:00,39.36,39.48,39.2,39.48,16409
2026-08-05,14:30:00,39.48,39.88,39.4,39.7,19639
2026-08-05,15:00:00,39.68,39.68,39.68,39.68,2432
2026-08-06,10:00:00,39.22,39.58,39.14,39.42,17372
2026-08-06,10:30:00,39.36,39.42,38.8,38.98,27281
2026-08-06,11:00:00,38.98,39.22,38.98,39.2,28771
2026-08-06,11:30:00,39.08,39.18,39.0,39.06,4110
2026-08-06,12:00:00,39.06,39.12,39.0,39.02,1965
2026-08-06,12:30:00,39.04,39.2,38.98,38.98,7506
2026-08-06,13:00:00,39.04,39.1,38.94,38.94,7072
2026-08-06,13:30:00,38.94,39.04,38.92,39.0,3440
2026-08-06,14:00:00,38.98,39.04,38.84,38.84,4824
2026-08-06,14:30:00,38.86,39.28,38.84,39.18,14493
2026-08-09,10:15:00,39.08,39.8,39.04,39.8,14311
2026-08-09,10:45:00,39.8,40.38,39.74,40.1,41183
2026-08-09,11:15:00,40.1,40.7,40.1,40.12,47422
2026-08-09,11:45:00,40.18,40.5,40.1,40.32,21290
2026-08-09,12:15:00,40.34,40.64,40.0,40.58,25167
2026-08-09,12:45:00,40.54,40.64,40.42,40.46,14533
2026-08-09,13:15:00,40.5,40.6,40.4,40.54,21492
2026-08-09,13:45:00,40.5,40.66,40.36,40.66,20963
2026-08-09,14:15:00,40.66,40.78,40.56,40.72,17879
2026-08-09,14:45:00,40.78,41.18,40.78,41.1,48870
2026-08-10,10:15:00,40.68,40.88,40.64,40.82,13451
2026-08-10,10:45:00,40.88,41.46,40.72,40.76,30984
2026-08-10,11:15:00,40.7,40.78,40.56,40.56,11295
2026-08-10,11:45:00,40.56,40.56,40.38,40.48,13866
2026-08-10,12:15:00,40.42,40.5,40.38,40.48,4090
2026-08-10,12:45:00,40.48,40.5,40.34,40.34,5712
2026-08-10,13:15:00,40.34,40.5,40.32,40.44,4415
2026-08-10,13:45:00,40.46,40.5,40.3,40.34,11285
2026-08-10,14:15:00,40.36,40.36,40.32,40.36,2702
2026-08-10,14:45:00,40.34,40.34,40.22,40.22,8164
2026-08-11,10:15:00,40.2,40.2,39.9,40.04,12277
2026-08-11,10:45:00,40.04,40.1,39.9,40.1,23272
2026-08-11,11:15:00,40.1,40.24,39.8,39.88,13509
2026-08-11,11:45:00,39.92,40.22,39.88,40.22,2607
2026-08-11,12:15:00,40.22,40.3,40.04,40.1,4056
2026-08-11,12:45:00,40.1,40.28,40.1,40.2,3561
2026-08-11,13:15:00,40.2,40.26,40.18,40.2,1310
2026-08-11,13:45:00,40.16,40.18,40.0,40.0,7696
2026-08-11,14:15:00,40.02,40.08,40.0,40.04,3122
2026-08-11,14:45:00,40.08,40.22,40.08,40.22,2786
2026-08-12,10:00:00,40.2,40.3,40.0,40.3,8544
2026-08-12,10:30:00,40.28,40.64,40.2,40.6,17800
2026-08-12,11:00:00,40.54,40.74,40.38,40.38,11647
2026-08-12,11:30:00,40.38,40.44,40.16,40.26,11924
2026-08-12,12:00:00,40.26,40.26,40.12,40.16,15602
2026-08-12,12:30:00,40.16,40.16,39.9,40.04,21472
2026-08-12,13:00:00,40.02,40.12,39.92,40.06,3465
2026-08-12,13:30:00,40.06,40.12,39.96,40.02,3952
2026-08-12,14:00:00,40.0,40.22,39.96,40.1,7011
2026-08-12,14:30:00,40.1,40.2,40.0,40.14,10286
2026-08-13,10:15:00,40.4,41.28,40.4,41.28,43123
2026-08-13,10:45:00,41.24,42.4,41.18,42.22,123601
2026-08-13,11:15:00,42.24,42.28,41.84,41.86,68938
2026-08-13,11:45:00,41.84,41.96,41.4,41.88,27644
2026-08-13,12:15:00,41.86,41.86,41.72,41.74,11285
2026-08-13,12:45:00,41.74,41.74,41.64,41.64,7811
2026-08-13,13:15:00,41.64,42.0,41.56,42.0,40333
2026-08-13,13:45:00,42.0,42.74,41.94,42.52,97487
2026-08-13,14:15:00,42.52,42.68,42.12,42.18,52669
2026-08-13,14:45:00,42.14,42.6,42.14,42.6,25983
2026-08-16,10:15:00,42.88,42.88,42.34,42.48,22087
2026-08-16,10:45:00,42.48,42.48,42.14,42.44,13859
2026-08-16,11:15:00,42.4,42.4,42.18,42.18,2929
2026-08-16,11:45:00,42.18,42.28,42.12,42.26,8619
2026-08-16,12:15:00,42.2,42.3,42.2,42.22,3440
2026-08-16,12:45:00,42.2,42.26,42.2,42.26,995
2026-08-16,13:15:00,42.24,42.26,42.18,42.2,2868
2026-08-16,13:45:00,42.22,42.24,42.14,42.22,1317
2026-08-16,14:15:00,42.22,42.24,42.12,42.22,5755
2026-08-16,14:45:00,42.22,42.22,42.0,42.0,3925
2026-08-17,10:15:00,41.92,42.4,41.92,42.32,15174
2026-08-17,10:45:00,42.32,42.36,42.22,42.3,4549
2026-08-17,11:15:00,42.28,42.28,42.22,42.24,2620
2026-08-17,11:45:00,42.24,42.24,41.94,42.0,2566
2026-08-17,12:15:00,41.96,42.14,41.92,42.14,4309
2026-08-17,12:45:00,42.12,42.2,42.12,42.12,1895
2026-08-17,13:15:00,42.12,42.16,42.04,42.12,7306
2026-08-17,13:45:00,42.06,42.24,42.06,42.2,7979
2026-08-17,14:15:00,42.18,42.18,42.1,42.14,1640
2026-08-17,14:45:00,42.14,42.16,42.04,42.16,1781
2026-08-18,10:15:00,42.24,42.24,41.54,42.08,18809
2026-08-18,10:45:00,42.5,42.64,42.22,42.46,22828
2026-08-18,11:15:00,42.5,42.6,42.46,42.52,13399
2026-08-18,11:45:00,42.54,42.8,42.52,42.68,24139
2026-08-18,12:15:00,42.66,42.68,42.36,42.38,9653
2026-08-18,12:45:00,42.3,42.62,42.28,42.56,12208
2026-08-18,13:15:00,42.58,42.8,42.4,42.4,13322
2026-08-18,13:45:00,42.4,42.5,42.36,42.48,2622
2026-08-18,14:15:00,42.46,42.46,42.18,42.2,7072
2026-08-18,14:45:00,42.2,42.32,42.0,42.24,9101
2026-08-19,10:45:00,42.08,42.1,41.96,42.0,6111
2026-08-19,11:15:00,41.98,42.08,41.9,42.0,8237
2026-08-19,11:45:00,41.98,42.08,41.98,41.98,1455
2026-08-19,12:15:00,41.98,41.98,41.92,41.98,1752
2026-08-19,12:45:00,41.98,42.04,41.94,42.02,2391
2026-08-19,13:15:00,42.02,42.08,41.98,42.02,7779
2026-08-19,13:45:00,42.02,42.08,41.96,41.96,5934
2026-08-19,14:15:00,41.96,42.24,41.9,42.1,11216
2026-08-19,14:45:00,42.1,42.14,41.96,42.14,22321
2026-08-20,10:15:00,41.84,41.84,41.74,41.74,11766
2026-08-20,10:45:00,41.74,41.88,41.74,41.84,4071
2026-08-20,11:15:00,41.84,41.96,41.82,41.96,4012
2026-08-20,11:45:00,41.9,41.96,41.88,41.94,529
2026-08-20,12:15:00,41.94,41.96,41.82,41.82,3551
2026-08-20,12:45:00,41.8,41.8,41.58,41.68,12541
2026-08-20,13:15:00,41.68,41.8,41.66,41.7,2458
2026-08-20,13:45:00,41.74,41.74,41.3,41.64,19748
2026-08-20,14:15:00,41.58,41.9,41.58,41.9,13355
2026-08-20,14:45:00,41.96,42.28,41.9,42.04,19971
2026-08-23,10:15:00,42.14,42.4,41.98,42.28,19894
2026-08-23,10:45:00,42.34,42.44,42.3,42.44,12625
2026-08-23,11:15:00,42.42,42.62,42.3,42.6,11473
2026-08-23,11:45:00,42.64,42.66,42.3,42.34,6414
2026-08-23,12:15:00,42.48,42.5,42.2,42.28,5407
2026-08-23,12:45:00,42.28,42.28,42.1,42.2,3866
2026-08-23,13:15:00,42.2,42.28,42.14,42.2,1034
2026-08-23,13:45:00,42.2,42.22,42.08,42.08,6015
2026-08-23,14:15:00,42.08,42.24,42.02,42.06,1685
2026-08-23,14:45:00,42.06,42.3,42.06,42.3,2087
2026-08-24,10:15:00,42.38,42.44,41.9,42.0,13426
2026-08-24,10:45:00,42.0,42.24,41.96,42.18,17540
2026-08-24,11:15:00,42.18,42.2,42.14,42.2,1737
2026-08-24,11:45:00,42.18,42.18,41.9,41.92,15982
2026-08-24,12:15:00,41.96,42.14,41.96,42.0,3919
2026-08-24,12:45:00,42.0,42.0,41.8,41.98,14032
2026-08-24,13:15:00,41.9,42.0,41.76,41.76,5391
2026-08-24,13:45:00,41.78,41.92,41.64,41.9,22382
2026-08-24,14:15:00,41.9,41.94,41.9,41.94,810
2026-08-24,14:45:00,41.92,41.94,41.8,41.94,7510
2026-08-25,10:00:00,41.9,42.06,41.8,41.98,4153
2026-08-25,10:30:00,41.96,42.28,41.92,42.18,8823
2026-08-25,11:00:00,42.18,42.22,41.8,42.16,7324
2026-08-25,11:30:00,42.18,42.18,42.08,42.1,3528
2026-08-25,12:00:00,42.16,42.18,42.1,42.16,2586
2026-08-25,12:30:00,42.16,42.18,42.14,42.18,1884
2026-08-25,13:00:00,42.16,42.18,42.06,42.06,2362
2026-08-25,13:30:00,42.14,42.14,41.96,42.12,1757
2026-08-25,14:00:00,42.1,42.14,42.06,42.12,1767
2026-08-25,14:30:00,42.14,42.22,42.02,42.14,8466
2026-08-25,15:00:00,42.2,42.2,42.2,42.2,2088
2026-08-26,10:00:00,42.2,42.3,42.12,42.12,8458
2026-08-26,10:30:00,42.12,42.3,42.0,42.28,5671
2026-08-26,11:00:00,42.3,42.3,42.16,42.28,6261
2026-08-26,11:30:00,42.28,42.38,42.28,42.34,6539
2026-08-26,12:00:00,42.32,42.34,42.32,42.34,881
2026-08-26,12:30:00,42.36,42.36,42.28,42.32,4056
2026-08-26,13:00:00,42.28,42.34,42.0,42.26,22323
2026-08-26,13:30:00,42.24,42.32,42.22,42.32,2223
2026-08-26,14:00:00,42.3,42.36,42.2,42.2,7055
2026-08-26,14:30:00,42.2,42.3,42.18,42.3,5148
2026-08-27,10:15:00,42.84,43.0,42.48,42.5,48852
2026-08-27,10:45:00,42.5,42.6,42.44,42.5,11127
2026-08-27,11:15:00,42.56,42.66,42.48,42.58,7740
2026-08-27,11:45:00,42.52,42.52,42.3,42.34,6473
2026-08-27,12:15:00,42.32,42.52,42.28,42.46,6958
2026-08-27,12:45:00,42.5,42.58,42.46,42.46,1833
2026-08-27,13:15:00,42.52,42.54,42.32,42.42,7531
2026-08-27,13:45:00,42.36,42.42,42.3,42.42,2131
2026-08-27,14:15:00,42.44,42.58,42.34,42.5,6203
2026-08-27,14:45:00,42.52,42.54,42.4,42.54,2741
2026-08-30,10:00:00,42.5,42.76,42.4,42.46,5088
2026-08-30,10:30:00,42.4,42.5,42.0,42.2,8675
2026-08-30,11:00:00,42.28,42.28,42.04,42.1,2981
2026-08-30,11:30:00,42.08,42.2,42.08,42.1,2301
2026-08-30,12:00:00,42.12,42.12,42.1,42.12,349
2026-08-30,12:30:00,42.12,42.12,42.08,42.1,1528
2026-08-30,13:00:00,42.08,42.14,42.06,42.08,1985
2026-08-30,13:30:00,42.08,42.14,42.02,42.06,2143
2026-08-30,14:00:00,42.14,42.2,41.98,41.98,6187
2026-08-30,14:30:00,41.98,42.0,41.9,41.92,3040
2026-08-30,15:00:00,41.9,41.9,41.9,41.9,4900
2026-08-31,10:00:00,41.8,41.94,41.8,41.9,6066
2026-08-31,10:30:00,41.94,42.5,41.86,42.4,19784
2026-08-31,11:00:00,42.38,42.38,42.18,42.2,3604
2026-08-31,11:30:00,42.22,42.48,42.2,42.28,6911
2026-08-31,12:00:00,42.28,42.38,42.24,42.34,2206
2026-08-31,12:30:00,42.36,42.38,42.3,42.34,5292
2026-08-31,13:00:00,42.34,42.34,42.2,42.2,3671
2026-08-31,13:30:00,42.2,42.2,41.98,42.0,5169
2026-08-31,14:00:00,42.06,42.1,42.02,42.02,3507
2026-08-31,14:30:00,42.02,42.1,41.98,42.0,5549
2026-08-31,15:00:00,42.1,42.1,42.1,42.1,2942
2026-09-01,10:00:00,42.1,42.34,41.98,42.34,4362
2026-09-01,10:30:00,42.34,42.6,42.28,42.56,21837
2026-09-01,11:00:00,42.56,42.9,42.56,42.78,33006
2026-09-01,11:30:00,42.8,43.1,42.6,42.7,22777
2026-09-01,12:00:00,42.72,43.1,42.64,42.98,13886
2026-09-01,12:30:00,42.92,43.0,42.82,42.86,10183
2026-09-01,13:00:00,42.86,43.08,42.8,43.0,14224
2026-09-01,13:30:00,43.04,43.04,42.84,42.84,6919
2026-09-01,14:00:00,42.88,42.88,42.84,42.86,5681
2026-09-01,14:30:00,42.88,43.66,42.86,43.34,60671
2026-09-01,15:00:00,43.38,43.38,43.38,43.38,7638
2026-09-02,10:00:00,43.34,43.34,42.48,42.84,28852
2026-09-02,10:30:00,42.84,43.04,42.74,43.0,15963
2026-09-02,11:00:00,43.0,43.04,42.78,42.92,10808
2026-09-02,11:30:00,42.9,43.1,42.88,42.9,6610
2026-09-02,12:00:00,42.92,43.0,42.8,42.94,8284
2026-09-02,12:30:00,42.86,42.94,42.82,42.82,4240
2026-09-02,13:00:00,42.82,42.9,42.7,42.8,10286
2026-09-02,13:30:00,42.8,42.92,42.7,42.7,3282
2026-09-02,14:00:00,42.78,42.86,42.72,42.78,2904
2026-09-02,14:30:00,42.78,42.92,42.7,42.9,4228
2026-09-02,15:00:00,42.94,42.94,42.94,42.94,1112
2026-09-03,10:00:00,42.9,43.3,42.8,43.22,10067
2026-09-03,10:30:00,43.3,43.3,42.9,42.9,5326
2026-09-03,11:00:00,42.98,43.0,42.92,42.92,840
2026-09-03,11:30:00,42.94,42.94,42.72,42.72,5598
2026-09-03,12:00:00,42.82,42.86,42.74,42.74,1022
2026-09-03,12:30:00,42.8,42.82,42.72,42.76,2699
2026-09-03,13:00:00,42.88,42.9,42.76,42.82,1680
2026-09-03,13:30:00,42.8,42.9,42.74,42.9,5404
2026-09-03,14:00:00,42.86,42.92,42.82,42.88,3257
2026-09-03,14:30:00,42.88,42.94,42.7,42.7,3963
2026-09-03,15:00:00,42.96,42.96,42.96,42.96,969
2026-09-06,10:00:00,42.7,42.96,42.7,42.94,3462
2026-09-06,10:30:00,42.8,42.8,42.56,42.56,3797
2026-09-06,11:00:00,42.6,42.9,42.52,42.86,7151
2026-09-06,11:30:00,42.86,42.86,42.66,42.66,573
2026-09-06,12:00:00,42.58,42.76,42.52,42.7,380
2026-09-06,12:30:00,42.58,42.7,42.54,42.56,1045
2026-09-06,13:00:00,42.56,42.74,42.54,42.6,5428
2026-09-06,13:30:00,42.54,42.72,42.54,42.68,190
2026-09-06,14:00:00,42.68,42.74,42.68,42.74,5849
2026-09-06,14:30:00,42.8,42.88,42.76,42.84,2919
2026-09-06,15:00:00,42.82,42.82,42.82,42.82,100
2026-09-07,10:00:00,42.9,42.96,42.4,42.66,2689
2026-09-07,10:30:00,42.66,42.66,42.6,42.62,1780
2026-09-07,11:00:00,42.6,42.68,42.58,42.62,619
2026-09-07,11:30:00,42.58,42.58,42.24,42.24,4146
2026-09-07,12:00:00,42.26,42.36,42.26,42.3,802
2026-09-07,12:30:00,42.34,42.38,42.24,42.26,981
2026-09-07,13:00:00,42.26,42.38,42.24,42.26,3305
2026-09-07,13:30:00,42.26,42.5,42.22,42.28,3862
2026-09-07,14:00:00,42.24,42.42,42.0,42.36,11545
2026-09-07,14:30:00,42.36,42.36,42.28,42.34,2793
2026-09-08,10:15:00,42.18,42.18,41.92,42.06,11343
2026-09-08,10:45:00,42.02,42.06,42.0,42.06,1587
2026-09-08,11:15:00,42.04,42.04,41.98,42.0,1131
2026-09-08,11:45:00,42.0,42.28,42.0,42.16,1486
2026-09-08,12:15:00,42.18,42.22,42.1,42.18,1756
2026-09-08,12:45:00,42.18,42.18,42.1,42.14,1425
2026-09-08,13:15:00,42.14,42.28,42.12,42.22,1688
2026-09-08,13:45:00,42.28,42.28,42.12,42.12,1443
2026-09-08,14:15:00,42.12,42.16,42.04,42.14,2640
2026-09-08,14:45:00,42.14,42.2,42.02,42.02,4337
2026-09-09,10:15:00,42.1,42.12,42.06,42.12,609
2026-09-09,10:45:00,42.16,42.16,42.06,42.14,602
2026-09-09,11:15:00,42.08,42.12,42.0,42.12,1398
2026-09-09,11:45:00,42.1,42.1,41.98,42.08,1050
2026-09-09,12:15:00,42.1,42.14,42.04,42.1,1642
2026-09-09,12:45:00,42.1,42.18,42.04,42.08,2015
2026-09-09,13:15:00,42.08,42.54,42.08,42.3,10493
2026-09-09,13:45:00,42.38,42.42,42.18,42.3,2754
2026-09-09,14:15:00,42.28,42.32,42.18,42.18,4195
2026-09-09,14:45:00,42.22,42.32,42.04,42.32,1963
2026-09-10,10:15:00,42.14,42.26,42.14,42.24,1757
2026-09-10,10:45:00,42.3,42.3,42.1,42.24,1837
2026-09-10,11:15:00,42.18,42.2,42.0,42.0,3149
2026-09-10,11:45:00,42.02,42.04,42.02,42.02,1484
2026-09-10,12:15:00,42.0,42.04,42.0,42.0,1511
2026-09-10,12:45:00,42.0,42.1,41.96,42.0,4326
2026-09-10,13:15:00,42.0,42.02,41.94,41.96,2383
2026-09-10,13:45:00,41.98,42.08,41.98,42.0,2377
2026-09-10,14:15:00,42.02,42.14,41.9,41.9,5954
2026-09-10,14:45:00,41.9,41.92,41.74,41.76,6312
2026-09-13,10:15:00,41.34,41.66,41.34,41.54,8636
2026-09-13,10:45:00,41.54,41.54,41.1,41.1,4634
2026-09-13,11:15:00,41.22,41.5,41.14,41.3,3402
2026-09-13,11:45:00,41.3,41.4,41.1,41.3,7095
2026-09-13,12:15:00,41.22,41.38,41.1,41.12,9143
2026-09-13,12:45:00,41.1,41.24,41.02,41.22,3325
2026-09-13,13:15:00,41.24,41.38,41.2,41.32,598
2026-09-13,13:45:00,41.3,41.3,41.16,41.2,4429
2026-09-13,14:15:00,41.22,41.24,41.1,41.1,6875
2026-09-13,14:45:00,41.12,41.12,40.98,41.0,3839
2026-09-14,10:15:00,41.22,41.22,40.88,41.02,2341
2026-09-14,10:45:00,41.06,41.18,41.06,41.12,1556
2026-09-14,11:15:00,41.1,41.14,41.06,41.1,1002
2026-09-14,11:45:00,41.04,41.18,41.04,41.1,1193
2026-09-14,12:15:00,41.1,41.1,41.04,41.1,1448
2026-09-14,12:45:00,41.06,41.18,41.06,41.08,4395
2026-09-14,13:15:00,41.14,41.16,41.1,41.14,1092
2026-09-14,13:45:00,41.14,41.18,41.0,41.1,3947
2026-09-14,14:15:00,41.06,41.24,40.94,41.06,6649
2026-09-14,14:45:00,41.14,41.14,40.76,40.9,3724
2026-09-15,10:00:00,40.9,41.0,39.76,40.56,13835
2026-09-15,10:30:00,40.56,40.6,40.3,40.38,7114
2026-09-15,11:00:00,40.4,40.66,40.4,40.66,2793
2026-09-15,11:30:00,40.68,40.7,40.56,40.64,1995
2026-09-15,12:00:00,40.64,40.86,40.6,40.6,3910
2026-09-15,12:30:00,40.6,40.78,40.54,40.62,2659
2026-09-15,13:00:00,40.58,40.6,40.5,40.6,1077
2026-09-15,13:30:00,40.64,40.8,40.64,40.64,2471
2026-09-15,14:00:00,40.64,40.68,40.48,40.68,6059
2026-09-15,14:30:00,40.6,40.6,40.2,40.38,8416
2026-09-15,15:00:00,40.58,40.58,40.58,40.58,1584
2026-09-16,10:00:00,40.5,40.7,40.3,40.3,5028
2026-09-16,10:30:00,40.48,40.48,40.06,40.2,12929
2026-09-16,11:00:00,40.3,40.3,40.2,40.2,1511
2026-09-16,11:30:00,40.2,40.2,40.08,40.08,511
2026-09-16,12:00:00,40.08,40.14,40.02,40.08,651
2026-09-16,12:30:00,40.12,40.3,40.08,40.3,786
2026-09-16,13:00:00,40.3,40.4,40.3,40.4,1321
2026-09-16,13:30:00,40.4,40.42,40.3,40.34,1748
2026-09-16,14:00:00,40.26,40.36,40.26,40.3,2244
2026-09-16,14:30:00,40.34,40.44,40.2,40.2,4235
2026-09-17,10:15:00,40.26,40.26,40.04,40.16,379
2026-09-17,10:45:00,40.18,40.22,40.18,40.22,122
2026-09-17,11:15:00,40.22,40.3,40.16,40.3,370
2026-09-17,11:45:00,40.22,40.3,40.22,40.28,435
2026-09-17,12:15:00,40.3,40.36,40.26,40.36,759
2026-09-17,12:45:00,40.36,40.36,40.3,40.32,1700
2026-09-17,13:15:00,40.32,40.36,40.28,40.36,1596
2026-09-17,13:45:00,40.36,40.5,40.3,40.44,2968
2026-09-17,14:15:00,40.44,40.6,40.32,40.32,5083
2026-09-17,14:45:00,40.38,40.66,40.24,40.66,14673
2026-09-20,10:00:00,40.44,40.64,40.02,40.18,15076
2026-09-20,10:30:00,40.18,40.26,40.1,40.26,1145
2026-09-20,11:00:00,40.2,40.3,40.08,40.28,8940
2026-09-20,11:30:00,40.14,40.28,40.12,40.2,818
2026-09-20,12:00:00,40.12,40.2,40.1,40.18,1134
2026-09-20,12:30:00,40.18,40.3,40.18,40.24,2130
2026-09-20,13:00:00,40.18,40.2,40.18,40.2,1376
2026-09-20,13:30:00,40.2,41.0,40.2,40.26,4701
2026-09-20,14:00:00,40.36,40.36,40.2,40.22,1251
2026-09-20,14:30:00,40.2,40.2,40.18,40.18,2142
2026-09-20,15:00:00,40.18,40.18,40.18,40.18,2108
2026-09-21,10:00:00,40.5,40.5,39.98,39.98,5403
2026-09-21,10:30:00,39.92,40.0,39.92,39.94,2877
2026-09-21,11:00:00,39.96,40.08,39.92,40.08,2265
2026-09-21,11:30:00,40.08,40.24,40.04,40.24,1046
2026-09-21,12:00:00,40.24,40.34,40.22,40.3,2079
2026-09-21,12:30:00,40.26,40.32,40.26,40.28,2906
2026-09-21,13:00:00,40.32,40.46,40.28,40.4,2125
2026-09-21,13:30:00,40.34,40.34,40.04,40.06,5243
2026-09-21,14:00:00,40.02,40.06,39.82,39.82,2999
2026-09-21,14:30:00,39.82,39.82,39.6,39.68,6144
2026-09-21,15:00:00,39.98,39.98,39.98,39.98,1291
