Date,Time,Open,High,Low,Close,Volume
2024-08-12,10:00:00,38.4,38.85,38.05,38.7,108884
2024-08-12,11:00:00,38.75,38.75,38.5,38.65,46157
2024-08-12,12:00:00,38.65,38.65,38.25,38.4,21806
2024-08-12,13:00:00,38.4,38.45,38.1,38.1,43965
2024-08-12,14:00:00,38.05,38.35,38.05,38.15,61136
2024-08-12,15:00:00,38.1,38.1,38.1,38.1,11346
2024-08-13,10:00:00,38.1,38.3,37.8,37.85,24403
2024-08-13,11:00:00,37.9,38.25,37.6,38.2,126170
2024-08-13,12:00:00,38.2,38.85,38.2,38.45,68878
2024-08-13,13:00:00,38.45,38.65,38.25,38.55,27931
2024-08-13,14:00:00,38.5,38.65,38.35,38.4,47251
2024-08-13,15:00:00,38.5,38.5,38.5,38.5,2118
2024-08-14,10:00:00,38.55,39.0,38.5,38.95,57295
2024-08-14,11:00:00,38.9,39.25,38.7,39.15,100246
2024-08-14,12:00:00,39.2,39.4,39.1,39.35,60500
2024-08-14,13:00:00,39.3,39.4,39.15,39.3,108657
2024-08-14,14:00:00,39.35,39.4,38.9,38.95,64887
2024-08-14,15:00:00,39.0,39.0,39.0,39.0,30745
2024-08-15,10:00:00,38.95,39.4,38.95,39.25,104564
2024-08-15,11:00:00,39.25,39.7,39.2,39.3,149772
2024-08-15,12:00:00,39.35,39.4,39.25,39.3,28383
2024-08-15,13:00:00,39.35,39.45,39.2,39.25,39602
2024-08-15,14:00:00,39.35,39.4,38.95,39.1,99822
2024-08-15,15:00:00,39.1,39.1,39.1,39.1,4822
2024-08-18,10:00:00,39.45,39.65,39.15,39.45,106598
2024-08-18,11:00:00,39.45,39.55,39.25,39.4,61229
2024-08-18,12:00:00,39.35,39.5,39.3,39.4,30596
2024-08-18,13:00:00,39.45,39.5,39.2,39.3,122189
2024-08-18,14:00:00,39.3,39.4,39.15,39.35,102939
2024-08-18,15:00:00,39.4,39.4,39.4,39.4,14866
2024-08-19,10:00:00,39.4,39.7,39.3,39.55,90621
2024-08-19,11:00:00,39.55,40.2,39.55,39.95,246934
2024-08-19,12:00:00,39.95,40.7,39.85,40.6,397720
2024-08-19,13:00:00,40.6,40.6,40.15,40.35,191145
2024-08-19,14:00:00,40.35,40.4,40.2,40.25,64087
2024-08-19,15:00:00,40.25,40.25,40.25,40.25,18492
2024-08-20,10:00:00,40.35,40.5,40.0,40.2,137124
2024-08-20,11:00:00,40.2,40.3,39.8,40.2,48072
2024-08-20,12:00:00,40.2,40.4,40.2,40.4,89310
2024-08-20,13:00:00,40.4,40.4,40.15,40.2,40598
2024-08-20,14:00:00,40.2,40.25,39.8,39.9,59063
2024-08-20,15:00:00,39.85,39.85,39.85,39.85,34286
2024-08-21,10:00:00,39.85,40.05,39.6,39.95,77019
2024-08-21,11:00:00,39.95,40.0,39.7,39.8,64535
2024-08-21,12:00:00,39.8,40.05,39.8,39.9,78605
2024-08-21,13:00:00,39.9,40.2,39.8,40.1,86675
2024-08-21,14:00:00,40.1,40.85,40.05,40.85,302600
2024-08-21,15:00:00,40.8,40.8,40.8,40.8,19986
2024-08-22,10:00:00,40.9,41.25,40.5,40.85,495254
2024-08-22,11:00:00,40.9,41.0,40.55,40.6,143037
2024-08-22,12:00:00,40.6,40.75,40.45,40.45,61012
2024-08-22,13:00:00,40.4,40.6,40.3,40.4,59879
2024-08-22,14:00:00,40.4,40.6,40.15,40.3,110626
2024-08-22,15:00:00,40.35,40.35,40.35,40.35,9817
2024-08-25,10:00:00,40.3,40.8,39.95,40.8,444417
2024-08-25,11:00:00,40.85,41.05,40.4,40.9,565707
2024-08-25,12:00:00,40.9,41.5,40.85,41.0,366171
2024-08-25,13:00:00,40.95,41.35,40.8,40.85,264571
2024-08-25,14:00:00,40.85,41.1,40.65,40.85,101326
2024-08-25,15:00:00,40.85,40.85,40.85,40.85,103159
2024-08-26,10:00:00,41.0,41.5,40.85,41.3,448813
2024-08-26,11:00:00,41.3,41.9,41.3,41.55,518787
2024-08-26,12:00:00,41.55,41.7,41.35,41.45,194172
2024-08-26,13:00:00,41.4,41.85,41.4,41.6,235103
2024-08-26,14:00:00,41.55,41.75,41.45,41.65,93938
2024-08-26,15:00:00,41.7,41.7,41.7,41.7,15085
2024-08-27,10:00:00,41.95,42.75,41.65,42.6,867992
2024-08-27,11:00:00,42.6,42.8,42.2,42.3,446610
2024-08-27,12:00:00,42.3,42.5,42.0,42.1,234254
2024-08-27,13:00:00,42.1,42.25,42.0,42.1,94200
2024-08-27,14:00:00,42.1,42.5,42.0,42.35,181163
2024-08-27,15:00:00,42.3,42.3,42.3,42.3,35197
2024-08-28,10:00:00,42.3,43.45,42.15,43.2,465995
2024-08-28,11:00:00,43.2,43.65,43.05,43.15,464823
2024-08-28,12:00:00,43.15,43.2,43.0,43.05,150747
2024-08-28,13:00:00,43.05,43.5,43.0,43.25,214239
2024-08-28,14:00:00,43.25,43.5,43.15,43.35,338092
2024-08-28,15:00:00,43.35,43.35,43.35,43.35,2840
2024-08-29,10:00:00,43.5,43.7,43.0,43.15,147700
2024-08-29,11:00:00,43.2,43.75,42.75,43.65,227901
2024-08-29,12:00:00,43.7,43.9,43.4,43.8,63773
2024-08-29,13:00:00,43.9,44.0,43.55,43.9,248828
2024-08-29,14:00:00,43.85,43.95,43.75,43.85,85980
2024-08-29,15:00:00,43.95,43.95,43.95,43.95,23502
2024-09-01,10:00:00,44.1,44.3,43.8,44.1,191798
2024-09-01,11:00:00,44.1,44.65,44.05,44.6,275296
2024-09-01,12:00:00,44.65,44.8,44.15,44.3,167245
2024-09-01,13:00:00,44.3,44.6,44.15,44.6,62116
2024-09-01,14:00:00,44.55,44.55,44.1,44.2,89962
2024-09-01,15:00:00,44.3,44.3,44.3,44.3,17990
2024-09-02,10:00:00,44.3,44.7,43.8,44.0,132282
2024-09-02,11:00:00,44.05,44.4,44.05,44.3,60286
2024-09-02,12:00:00,44.3,44.3,43.85,43.95,47273
2024-09-02,13:00:00,43.95,44.0,43.8,44.0,23266
2024-09-02,14:00:00,43.95,44.1,43.5,43.95,151855
2024-09-02,15:00:00,44.0,44.0,44.0,44.0,1724
2024-09-03,10:00:00,44.0,44.2,43.55,43.6,90017
2024-09-03,11:00:00,43.6,44.05,43.55,43.9,41553
2024-09-03,12:00:00,43.95,43.95,43.5,43.55,50098
2024-09-03,13:00:00,43.55,43.7,43.2,43.35,116560
2024-09-03,14:00:00,43.35,43.35,42.75,42.8,158120
2024-09-03,15:00:00,42.8,42.8,42.8,42.8,59393
2024-09-04,10:00:00,42.4,44.45,41.95,43.85,334655
2024-09-04,11:00:00,43.85,44.3,43.6,44.0,121879
2024-09-04,12:00:00,43.9,44.25,43.7,43.75,120303
2024-09-04,13:00:00,43.75,43.75,42.15,42.35,560598
2024-09-04,14:00:00,42.3,42.65,41.95,42.4,455647
2024-09-04,15:00:00,42.2,42.2,42.2,42.2,76526
2024-09-05,10:00:00,42.2,43.1,42.2,42.25,224387
2024-09-05,11:00:00,42.3,42.5,41.95,41.95,221324
2024-09-05,12:00:00,41.95,42.0,41.6,41.65,142773
2024-09-05,13:00:00,41.65,41.8,41.55,41.75,46581
2024-09-05,14:00:00,41.7,42.15,41.45,41.95,353798
2024-09-05,15:00:00,42.0,42.0,42.0,42.0,6321
2024-09-08,10:00:00,42.0,42.0,41.25,41.4,246033
2024-09-08,11:00:00,41.4,41.5,41.0,41.05,251713
2024-09-08,12:00:00,41.0,41.05,40.8,41.0,194887
2024-09-08,13:00:00,40.95,41.9,40.8,41.45,264711
2024-09-08,14:00:00,41.45,41.5,41.05,41.2,204399
2024-09-08,15:00:00,41.2,41.2,41.2,41.2,146903
2024-09-09,10:00:00,41.7,41.75,40.85,40.95,313940
2024-09-09,11:00:00,41.0,41.15,40.7,40.95,315409
2024-09-09,12:00:00,40.9,40.95,40.7,40.8,435681
2024-09-09,13:00:00,40.8,41.15,40.65,41.05,375028
2024-09-09,14:00:00,41.1,41.2,40.8,41.05,181811
2024-09-09,15:00:00,41.0,41.0,41.0,41.0,7135
2024-09-10,10:00:00,41.3,42.45,41.25,42.2,536125
2024-09-10,11:00:00,42.2,42.65,42.05,42.35,224608
2024-09-10,12:00:00,42.3,42.45,42.1,42.1,88871
2024-09-10,13:00:00,42.1,42.5,41.95,42.4,91410
2024-09-10,14:00:00,42.4,42.7,42.3,42.7,167471
2024-09-10,15:00:00,42.7,42.7,42.7,42.7,17077
2024-09-11,10:00:00,42.7,42.9,42.1,42.15,167504
2024-09-11,11:00:00,42.1,42.65,41.95,42.4,149933
2024-09-11,12:00:00,42.4,42.4,41.95,41.95,115985
2024-09-11,13:00:00,42.0,42.15,41.7,41.9,73106
2024-09-11,14:00:00,41.9,42.15,41.6,42.05,173618
2024-09-11,15:00:00,41.9,41.9,41.9,41.9,7851
2024-09-12,10:00:00,42.2,42.6,42.1,42.6,185007
2024-09-12,11:00:00,42.6,42.6,42.05,42.05,49951
2024-09-12,12:00:00,42.15,42.4,42.15,42.35,25148
2024-09-12,13:00:00,42.35,42.55,42.2,42.5,82808
2024-09-12,14:00:00,42.45,42.5,42.2,42.2,48622
2024-09-12,15:00:00,42.35,42.35,42.35,42.35,10184
2024-09-15,10:00:00,42.35,43.5,42.35,43.4,257743
2024-09-15,11:00:00,43.35,43.45,43.15,43.3,29482
2024-09-15,12:00:00,43.25,43.3,43.15,43.15,28943
2024-09-15,13:00:00,43.1,43.4,43.0,43.3,41567
2024-09-15,14:00:00,43.3,43.3,42.95,43.05,104358
2024-09-15,15:00:00,43.1,43.1,43.1,43.1,5695
2024-09-16,10:00:00,43.15,43.35,42.1,42.2,203404
2024-09-16,11:00:00,42.25,42.45,42.25,42.4,37202
2024-09-16,12:00:00,42.35,42.4,42.15,42.15,126790
2024-09-16,13:00:00,42.15,42.4,42.1,42.35,128516
2024-09-16,14:00:00,42.35,42.5,42.1,42.15,144283
2024-09-16,15:00:00,42.35,42.35,42.35,42.35,26579
2024-09-17,10:00:00,42.35,42.85,42.0,42.15,77624
2024-09-17,11:00:00,42.15,42.3,42.0,42.25,156778
2024-09-17,12:00:00,42.25,42.65,42.2,42.5,127152
2024-09-17,13:00:00,42.5,42.9,42.45,42.85,140642
2024-09-17,14:00:00,42.8,42.85,42.5,42.75,191254
2024-09-17,15:00:00,42.85,42.85,42.85,42.85,16822
2024-09-18,10:00:00,42.85,43.1,42.4,42.7,81445
2024-09-18,11:00:00,42.6,42.8,42.55,42.7,43213
2024-09-18,12:00:00,42.65,42.85,42.65,42.75,34423
2024-09-18,13:00:00,42.7,42.95,42.55,42.65,56897
2024-09-18,14:00:00,42.65,43.1,42.65,42.85,201216
2024-09-18,15:00:00,42.8,42.8,42.8,42.8,6266
2024-09-19,10:00:00,43.0,43.65,42.5,43.45,221948
2024-09-19,11:00:00,43.45,43.9,43.45,43.8,309162
2024-09-19,12:00:00,43.8,43.9,43.75,43.9,357162
2024-09-19,13:00:00,43.9,44.05,43.85,44.0,486659
2024-09-19,14:00:00,44.0,44.05,43.6,43.9,419530
2024-09-19,15:00:00,44.75,44.75,44.75,44.75,1217241
2024-09-22,10:00:00,44.75,45.35,44.75,45.0,260705
2024-09-22,11:00:00,45.0,45.05,44.75,44.75,86154
2024-09-22,12:00:00,44.85,44.85,44.6,44.7,90200
2024-09-22,13:00:00,44.7,44.75,44.0,44.25,103032
2024-09-22,14:00:00,44.25,44.3,43.85,44.0,96795
2024-09-22,15:00:00,43.95,43.95,43.95,43.95,1665
2024-09-24,10:00:00,44.0,44.1,43.65,44.05,114400
2024-09-24,11:00:00,44.0,44.45,43.95,44.15,105859
2024-09-24,12:00:00,43.95,44.05,43.7,44.0,56792
2024-09-24,13:00:00,44.0,44.0,43.6,43.6,67174
2024-09-24,14:00:00,43.6,43.9,43.4,43.5,105225
2024-09-24,15:00:00,43.5,43.5,43.5,43.5,44993
2024-09-25,10:00:00,43.5,44.4,43.5,44.25,130225
2024-09-25,11:00:00,44.2,44.25,44.05,44.05,65216
2024-09-25,12:00:00,44.05,44.1,43.95,44.0,44045
2024-09-25,13:00:00,44.0,44.05,43.85,44.0,121776
2024-09-25,14:00:00,43.95,44.15,43.9,44.05,123585
2024-09-25,15:00:00,44.1,44.1,44.1,44.1,6848
2024-09-26,10:00:00,44.1,44.15,43.75,43.95,39509
2024-09-26,11:00:00,43.95,44.0,43.5,43.5,44235
2024-09-26,12:00:00,43.55,43.7,43.45,43.45,83475
2024-09-26,13:00:00,43.45,43.7,43.45,43.65,42342
2024-09-26,14:00:00,43.6,43.95,43.5,43.8,110558
2024-09-26,15:00:00,44.0,44.0,44.0,44.0,25591
2024-09-29,10:00:00,43.9,43.9,43.4,43.65,65892
2024-09-29,11:00:00,43.65,43.65,43.35,43.35,95819
2024-09-29,12:00:00,43.4,43.5,43.25,43.3,51582
2024-09-29,13:00:00,43.35,43.5,43.0,43.0,73231
2024-09-29,14:00:00,43.0,43.3,42.9,42.9,75599
2024-09-29,15:00:00,42.9,42.9,42.9,42.9,7024
2024-09-30,10:00:00,42.9,43.45,42.9,43.1,53738
2024-09-30,11:00:00,43.15,43.2,43.05,43.15,16884
2024-09-30,12:00:00,43.15,43.15,43.0,43.0,20264
2024-09-30,13:00:00,43.0,43.05,42.65,42.7,49513
2024-09-30,14:00:00,42.65,42.8,42.5,42.75,60951
2024-09-30,15:00:00,43.9,43.9,43.9,43.9,270899
2024-10-01,10:00:00,43.6,43.6,43.0,43.35,97591
2024-10-01,11:00:00,43.35,43.55,43.15,43.3,64516
2024-10-01,12:00:00,43.35,43.45,43.0,43.35,79712
2024-10-01,13:00:00,43.3,43.4,43.1,43.35,18265
2024-10-01,14:00:00,43.3,43.35,43.05,43.05,43272
2024-10-01,15:00:00,43.2,43.2,43.2,43.2,27741
2024-10-02,10:00:00,42.85,43.0,42.45,42.55,65494
2024-10-02,11:00:00,42.6,42.6,42.35,42.4,51752
2024-10-02,12:00:00,42.4,42.4,42.1,42.1,49966
2024-10-02,13:00:00,42.15,42.35,41.75,42.05,44105
2024-10-02,14:00:00,42.05,42.15,41.75,41.8,51528
2024-10-02,15:00:00,41.95,41.95,41.95,41.95,1956
2024-10-03,10:00:00,41.6,42.5,41.6,42.2,75722
2024-10-03,11:00:00,42.15,42.3,42.1,42.3,17106
2024-10-03,12:00:00,42.35,42.4,42.1,42.1,21207
2024-10-03,13:00:00,42.2,42.35,41.4,41.6,52937
2024-10-03,14:00:00,41.5,41.7,41.3,41.3,85133
2024-10-03,15:00:00,41.3,41.3,41.3,41.3,7676
2024-10-06,10:00:00,41.3,41.7,39.7,40.75,119806
2024-10-06,11:00:00,40.75,40.8,40.3,40.7,25072
2024-10-06,12:00:00,40.7,40.95,40.6,40.65,19662
2024-10-06,13:00:00,40.65,40.65,40.25,40.35,40675
2024-10-06,14:00:00,40.3,40.3,39.8,39.8,52770
2024-10-06,15:00:00,39.8,39.8,39.8,39.8,6417
2024-10-07,10:00:00,39.7,40.2,39.6,40.1,198751
2024-10-07,11:00:00,40.1,40.4,40.05,40.15,25067
2024-10-07,12:00:00,40.25,40.45,40.15,40.25,11528
2024-10-07,13:00:00,40.25,40.3,40.0,40.05,52454
2024-10-07,14:00:00,40.0,40.3,39.95,40.3,41009
2024-10-07,15:00:00,40.6,40.6,40.6,40.6,10410
2024-10-08,10:00:00,40.6,40.6,40.05,40.35,55555
2024-10-08,11:00:00,40.25,40.3,40.1,40.25,44450
2024-10-08,12:00:00,40.35,40.35,40.0,40.05,38034
2024-10-08,13:00:00,40.05,40.35,40.0,40.35,13502
2024-10-08,14:00:00,40.35,40.7,39.85,40.2,137759
2024-10-08,15:00:00,40.1,40.1,40.1,40.1,3921
2024-10-09,10:00:00,40.3,40.4,40.05,40.1,36349
2024-10-09,11:00:00,40.1,40.15,39.95,40.0,26591
2024-10-09,12:00:00,40.0,40.15,39.95,39.95,46977
2024-10-09,13:00:00,40.0,40.15,39.95,39.95,30119
2024-10-09,14:00:00,39.95,40.15,39.95,39.95,54732
2024-10-09,15:00:00,40.0,40.0,40.0,40.0,9189
2024-10-10,10:00:00,40.15,40.35,39.9,40.0,46173
2024-10-10,11:00:00,40.0,40.2,40.0,40.0,13104
2024-10-10,12:00:00,40.1,40.25,40.05,40.05,8613
2024-10-10,13:00:00,40.1,40.5,40.1,40.5,45014
2024-10-10,14:00:00,40.5,40.75,40.25,40.25,31829
2024-10-10,15:00:00,40.0,40.0,40.0,40.0,7809
2024-10-13,10:00:00,40.3,40.85,40.3,40.65,74027
2024-10-13,11:00:00,40.7,40.7,40.55,40.6,21838
2024-10-13,12:00:00,40.6,40.6,40.5,40.55,37350
2024-10-13,13:00:00,40.55,40.6,40.4,40.45,44744
2024-10-13,14:00:00,40.45,40.65,40.4,40.65,37448
2024-10-13,15:00:00,40.6,40.6,40.6,40.6,642
2024-10-14,10:00:00,40.6,41.05,40.5,40.75,74144
2024-10-14,11:00:00,40.75,40.85,40.3,40.4,84128
2024-10-14,12:00:00,40.4,40.6,40.3,40.4,96142
2024-10-14,13:00:00,40.45,40.6,40.3,40.45,41026
2024-10-14,14:00:00,40.45,40.5,40.15,40.2,61387
2024-10-14,15:00:00,40.25,40.25,40.25,40.25,9251
2024-10-15,10:00:00,40.1,40.5,40.1,40.35,31969
2024-10-15,11:00:00,40.4,40.8,40.35,40.5,34439
2024-10-15,12:00:00,40.5,40.6,40.25,40.3,82696
2024-10-15,13:00:00,40.35,40.5,40.3,40.4,39734
2024-10-15,14:00:00,40.3,40.5,40.3,40.4,22971
2024-10-15,15:00:00,40.3,40.3,40.3,40.3,8163
2024-10-16,10:00:00,40.3,40.95,40.15,40.8,103163
2024-10-16,11:00:00,40.75,41.05,40.5,40.75,124671
2024-10-16,12:00:00,40.8,41.15,40.75,41.05,59038
2024-10-16,13:00:00,41.0,41.35,40.9,41.15,204209
2024-10-16,14:00:00,41.15,41.25,41.05,41.2,56083
2024-10-16,15:00:00,40.8,40.8,40.8,40.8,42984
2024-10-17,10:00:00,40.8,41.2,40.5,40.7,66069
2024-10-17,11:00:00,40.65,40.95,40.6,40.9,77585
2024-10-17,12:00:00,40.95,41.4,40.8,41.2,150925
2024-10-17,13:00:00,41.2,41.2,40.75,40.95,71898
2024-10-17,14:00:00,41.0,41.0,40.2,40.2,180735
2024-10-17,15:00:00,40.3,40.3,40.3,40.3,13624
2024-10-20,10:00:00,40.15,40.4,39.7,40.25,47294
2024-10-20,11:00:00,40.2,40.2,39.85,40.05,19250
2024-10-20,12:00:00,40.0,40.05,39.8,39.8,12139
2024-10-20,13:00:00,39.8,40.2,39.8,40.1,17173
2024-10-20,14:00:00,40.2,40.2,39.75,39.9,54277
2024-10-20,15:00:00,39.9,39.9,39.9,39.9,1634
2024-10-21,10:00:00,40.0,40.2,39.7,39.7,65270
2024-10-21,11:00:00,39.7,40.05,39.5,40.0,90823
2024-10-21,12:00:00,40.0,40.05,39.75,39.9,28509
2024-10-21,13:00:00,39.9,40.05,39.8,40.05,22124
2024-10-21,14:00:00,40.05,40.05,39.75,39.85,24416
2024-10-21,15:00:00,39.85,39.85,39.85,39.85,8826
2024-10-22,10:00:00,39.9,39.95,39.65,39.95,25991
2024-10-22,11:00:00,39.95,39.95,39.7,39.7,19589
2024-10-22,12:00:00,39.75,39.75,39.6,39.7,35793
2024-10-22,13:00:00,39.7,39.85,39.65,39.75,15291
2024-10-22,14:00:00,39.8,39.8,39.3,39.35,63290
2024-10-22,15:00:00,39.35,39.35,39.35,39.35,6933
2024-10-23,10:00:00,39.8,40.35,39.5,39.65,155048
2024-10-23,11:00:00,39.65,39.9,39.3,39.55,35296
2024-10-23,12:00:00,39.55,39.85,39.5,39.85,16085
2024-10-23,13:00:00,39.9,40.1,39.85,40.1,45110
2024-10-23,14:00:00,40.1,40.5,40.0,40.1,122344
2024-10-23,15:00:00,40.15,40.15,40.15,40.15,5421
2024-10-24,10:00:00,40.1,40.15,39.75,39.9,56837
2024-10-24,11:00:00,39.85,39.95,39.75,39.85,22626
2024-10-24,12:00:00,39.85,39.9,39.65,39.7,28097
2024-10-24,13:00:00,39.7,39.75,39.55,39.65,47485
2024-10-24,14:00:00,39.6,39.8,39.6,39.7,26523
2024-10-24,15:00:00,39.7,39.7,39.7,39.7,2335
2024-10-27,10:00:00,39.8,40.45,39.8,40.05,45159
2024-10-27,11:00:00,40.1,40.3,39.95,40.25,69104
2024-10-27,12:00:00,40.25,40.35,40.0,40.0,77527
2024-10-27,13:00:00,40.05,40.25,40.05,40.2,16979
2024-10-27,14:00:00,40.2,40.5,39.95,40.0,69225
2024-10-27,15:00:00,40.0,40.0,40.0,40.0,20001
2024-10-28,10:00:00,39.95,40.55,39.85,40.0,117887
2024-10-28,11:00:00,40.1,40.65,40.05,40.3,89135
2024-10-28,12:00:00,40.35,40.6,40.3,40.55,46010
2024-10-28,13:00:00,40.5,41.15,40.35,40.9,168806
2024-10-28,14:00:00,40.9,41.0,40.45,41.0,127730
2024-10-28,15:00:00,41.0,41.0,41.0,41.0,24101
2024-10-29,10:00:00,41.0,41.05,40.5,40.75,80228
2024-10-29,11:00:00,40.8,41.15,40.7,40.95,79644
2024-10-29,12:00:00,41.0,41.4,40.85,41.2,101195
2024-10-29,13:00:00,41.25,41.65,41.0,41.3,226095
2024-10-29,14:00:00,41.3,41.35,40.7,40.75,174913
2024-10-29,15:00:00,40.95,40.95,40.95,40.95,4517
2024-10-30,10:00:00,41.0,41.05,40.75,41.05,73129
2024-10-30,11:00:00,41.05,41.3,40.85,40.95,69222
2024-10-30,12:00:00,40.95,40.95,40.7,40.75,35170
2024-10-30,13:00:00,40.8,40.85,40.6,40.85,44209
2024-10-30,14:00:00,40.8,40.85,40.35,40.35,94932
2024-10-30,15:00:00,40.7,40.7,40.7,40.7,7392
2024-10-31,10:00:00,40.7,40.7,40.05,40.4,53085
2024-10-31,11:00:00,40.45,40.5,40.15,40.25,31008
2024-10-31,12:00:00,40.25,40.4,39.7,40.0,125932
2024-10-31,13:00:00,40.0,40.15,39.9,39.95,45582
2024-10-31,14:00:00,40.0,40.1,39.9,39.95,43262
2024-10-31,15:00:00,40.0,40.0,40.0,40.0,19824
2024-11-03,10:00:00,40.05,40.4,39.8,39.85,60702
2024-11-03,11:00:00,39.9,40.0,39.8,39.95,42848
2024-11-03,12:00:00,39.95,40.0,39.85,39.95,36386
2024-11-03,13:00:00,40.0,40.2,39.95,39.95,36438
2024-11-03,14:00:00,40.05,40.15,39.9,40.1,26466
2024-11-03,15:00:00,40.1,40.1,40.1,40.1,341
2024-11-04,10:00:00,39.8,39.9,39.5,39.7,57205
2024-11-04,11:00:00,39.7,39.7,38.9,39.1,218997
2024-11-04,12:00:00,39.15,39.45,39.15,39.45,29637
2024-11-04,13:00:00,39.45,39.65,39.35,39.6,31000
2024-11-04,14:00:00,39.55,39.6,39.0,39.2,111220
2024-11-04,15:00:00,39.45,39.45,39.45,39.45,8631
2024-11-05,10:00:00,39.15,39.25,38.95,39.1,69631
2024-11-05,11:00:00,39.15,39.3,39.05,39.3,14237
2024-11-05,12:00:00,39.25,39.35,38.95,39.15,158218
2024-11-05,13:00:00,39.05,39.2,39.05,39.2,20070
2024-11-05,14:00:00,39.15,39.3,39.0,39.1,105829
2024-11-05,15:00:00,39.1,39.1,39.1,39.1,4175
2024-11-06,10:00:00,39.25,40.0,39.25,40.0,92545
2024-11-06,11:00:00,40.0,40.05,39.75,39.95,43499
2024-11-06,12:00:00,39.9,39.95,39.4,39.4,64470
2024-11-06,13:00:00,39.4,39.45,39.0,39.25,73183
2024-11-06,14:00:00,39.25,39.4,39.0,39.3,87811
2024-11-06,15:00:00,39.4,39.4,39.4,39.4,12303
2024-11-07,10:00:00,39.4,39.55,39.15,39.15,50199
2024-11-07,11:00:00,39.2,39.3,39.1,39.25,13535
2024-11-07,12:00:00,39.25,39.25,38.9,39.1,91778
2024-11-07,13:00:00,39.1,39.15,38.9,39.05,55735
2024-11-07,14:00:00,39.05,39.15,38.45,38.9,111772
2024-11-07,15:00:00,38.9,38.9,38.9,38.9,6571
2024-11-10,10:00:00,39.25,39.75,38.95,39.35,148396
2024-11-10,11:00:00,39.35,39.35,39.0,39.2,55265
2024-11-10,12:00:00,39.2,39.6,39.2,39.45,58867
2024-11-10,13:00:00,39.4,39.55,39.0,39.05,131866
2024-11-10,14:00:00,39.15,39.3,39.05,39.25,75573
2024-11-10,15:00:00,39.15,39.15,39.15,39.15,13222
2024-11-11,10:00:00,38.8,38.9,38.1,38.55,201727
2024-11-11,11:00:00,38.6,38.7,38.25,38.65,116970
2024-11-11,12:00:00,38.6,38.6,38.45,38.55,85472
2024-11-11,13:00:00,38.55,38.7,38.55,38.7,41509
2024-11-11,14:00:00,38.7,39.0,38.6,38.9,77958
2024-11-11,15:00:00,38.95,38.95,38.95,38.95,15150
2024-11-12,10:00:00,39.0,39.1,38.4,38.5,59290
2024-11-12,11:00:00,38.55,38.65,38.45,38.6,78574
2024-11-12,12:00:00,38.6,38.7,38.5,38.65,19803
2024-11-12,13:00:00,38.6,38.7,38.55,38.55,20660
2024-11-12,14:00:00,38.55,38.65,38.35,38.5,77955
2024-11-12,15:00:00,38.4,38.4,38.4,38.4,16480
2024-11-13,10:00:00,38.4,38.4,37.7,38.0,164673
2024-11-13,11:00:00,38.0,38.35,37.85,37.95,235805
2024-11-13,12:00:00,37.9,38.2,37.85,37.95,244636
2024-11-13,13:00:00,38.0,38.5,37.95,38.4,109955
2024-11-13,14:00:00,38.45,39.1,38.45,39.0,140136
2024-11-13,15:00:00,39.0,39.0,39.0,39.0,17706
2024-11-14,10:00:00,39.15,39.15,38.55,38.9,56700
2024-11-14,11:00:00,38.85,39.1,38.8,38.8,53431
2024-11-14,12:00:00,38.8,38.9,38.8,38.85,27531
2024-11-14,13:00:00,38.85,38.95,38.8,38.85,51507
2024-11-14,14:00:00,38.85,39.0,38.85,38.9,33695
2024-11-14,15:00:00,38.9,38.9,38.9,38.9,5418
2024-11-17,10:00:00,38.75,38.9,38.45,38.65,35997
2024-11-17,11:00:00,38.65,38.85,38.55,38.7,59464
2024-11-17,12:00:00,38.85,38.85,38.6,38.6,21708
2024-11-17,13:00:00,38.6,39.05,38.6,38.95,78995
2024-11-17,14:00:00,39.0,39.1,38.65,38.7,56600
2024-11-17,15:00:00,38.7,38.7,38.7,38.7,2003
2024-11-18,10:00:00,38.5,38.8,38.45,38.7,38582
2024-11-18,11:00:00,38.7,38.7,38.35,38.35,47319
2024-11-18,12:00:00,38.35,38.55,38.3,38.3,32256
2024-11-18,13:00:00,38.3,38.65,38.3,38.55,21267
2024-11-18,14:00:00,38.55,38.65,38.35,38.5,50923
2024-11-18,15:00:00,38.45,38.45,38.45,38.45,1913
2024-11-19,10:00:00,38.25,38.7,38.25,38.45,18326
2024-11-19,11:00:00,38.45,38.6,37.9,38.0,162233
2024-11-19,12:00:00,38.0,38.6,37.9,38.45,264986
2024-11-19,13:00:00,38.45,38.5,38.35,38.45,325335
2024-11-19,14:00:00,38.45,38.5,38.15,38.2,241086
2024-11-19,15:00:00,38.25,38.25,38.25,38.25,11266
2024-11-20,10:00:00,38.25,38.25,38.05,38.1,25357
2024-11-20,11:00:00,38.1,38.1,38.0,38.1,53623
2024-11-20,12:00:00,38.0,38.0,37.65,37.75,78885
2024-11-20,13:00:00,37.75,37.9,37.7,37.85,20037
2024-11-20,14:00:00,37.85,38.15,37.85,37.9,60864
2024-11-20,15:00:00,37.8,37.8,37.8,37.8,1740
2024-11-21,10:00:00,37.8,38.0,37.6,37.7,49506
2024-11-21,11:00:00,37.7,37.75,37.45,37.55,30814
2024-11-21,12:00:00,37.6,37.7,37.35,37.45,36745
2024-11-21,13:00:00,37.45,37.5,37.0,37.1,75758
2024-11-21,14:00:00,37.1,37.4,37.05,37.35,49525
2024-11-21,15:00:00,37.3,37.3,37.3,37.3,6871
2024-11-24,10:00:00,37.3,37.4,37.0,37.1,143471
2024-11-24,11:00:00,37.1,37.35,37.05,37.3,263484
2024-11-24,12:00:00,37.3,37.35,36.9,37.0,274490
2024-11-24,13:00:00,37.05,37.1,36.9,37.0,86688
2024-11-24,14:00:00,37.0,37.1,36.85,36.9,71319
2024-11-24,15:00:00,36.9,36.9,36.9,36.9,28944
2024-11-25,10:00:00,37.0,37.0,36.55,36.55,41826
2024-11-25,11:00:00,36.55,36.6,36.25,36.45,75272
2024-11-25,12:00:00,36.55,36.6,36.5,36.5,19044
2024-11-25,13:00:00,36.55,36.9,36.4,36.75,412326
2024-11-25,14:00:00,36.75,37.0,36.6,37.0,221616
2024-11-25,15:00:00,37.0,37.0,37.0,37.0,25961
2024-11-26,10:00:00,37.0,37.1,36.7,36.75,25079
2024-11-26,11:00:00,36.75,36.85,36.5,36.7,36873
2024-11-26,12:00:00,36.7,36.7,36.4,36.6,54937
2024-11-26,13:00:00,36.6,36.75,36.5,36.65,44412
2024-11-26,14:00:00,36.7,36.9,36.55,36.7,63952
2024-11-26,15:00:00,36.6,36.6,36.6,36.6,1344
2024-11-27,10:00:00,36.7,36.85,36.2,36.45,59876
2024-11-27,11:00:00,36.45,36.85,36.35,36.75,36486
2024-11-27,12:00:00,36.8,37.0,36.65,36.9,37958
2024-11-27,13:00:00,36.9,36.95,36.7,36.9,36015
2024-11-27,14:00:00,36.8,36.8,36.3,36.3,86275
2024-11-27,15:00:00,36.3,36.3,36.3,36.3,916
2024-11-28,10:00:00,36.15,36.4,35.6,35.95,117341
2024-11-28,11:00:00,35.9,35.95,35.45,35.6,71436
2024-11-28,12:00:00,35.6,35.75,35.55,35.7,33884
2024-11-28,13:00:00,35.7,35.9,35.4,35.8,209994
2024-11-28,14:00:00,35.8,36.1,35.6,35.95,255464
2024-11-28,15:00:00,35.8,35.8,35.8,35.8,12608
2024-12-01,10:00:00,35.85,36.6,35.85,36.6,95252
2024-12-01,11:00:00,36.55,36.55,36.1,36.2,51438
2024-12-01,12:00:00,36.2,36.4,36.2,36.35,17811
2024-12-01,13:00:00,36.3,36.4,36.3,36.35,20135
2024-12-01,14:00:00,36.3,36.3,36.1,36.3,30898
2024-12-01,15:00:00,36.3,36.3,36.3,36.3,2655
2024-12-02,10:00:00,36.3,36.3,36.0,36.05,43266
2024-12-02,11:00:00,36.05,36.15,35.9,35.95,43981
2024-12-02,12:00:00,35.95,36.15,35.9,36.15,33367
2024-12-02,13:00:00,36.1,36.45,36.05,36.1,46950
2024-12-02,14:00:00,36.1,36.35,36.1,36.35,52373
2024-12-02,15:00:00,36.35,36.35,36.35,36.35,2075
2024-12-03,10:00:00,36.3,36.5,36.0,36.35,43719
2024-12-03,11:00:00,36.35,36.5,36.0,36.1,56552
2024-12-03,12:00:00,36.1,36.3,36.1,36.15,52024
2024-12-03,13:00:00,36.15,36.35,36.15,36.3,13320
2024-12-03,14:00:00,36.3,36.8,36.3,36.7,51143
2024-12-03,15:00:00,36.7,36.7,36.7,36.7,2940
2024-12-04,10:00:00,36.45,37.2,36.45,37.1,117585
2024-12-04,11:00:00,37.15,37.3,36.8,36.9,50644
2024-12-04,12:00:00,36.9,36.95,36.65,36.7,39187
2024-12-04,13:00:00,36.65,36.7,36.6,36.6,13681
2024-12-04,14:00:00,36.7,36.7,36.5,36.5,21843
2024-12-04,15:00:00,36.5,36.5,36.5,36.5,674
2024-12-05,10:00:00,36.6,36.9,36.6,36.6,35905
2024-12-05,11:00:00,36.6,36.75,36.45,36.5,53393
2024-12-05,12:00:00,36.5,36.7,36.45,36.65,42888
2024-12-05,13:00:00,36.65,36.75,36.55,36.6,43946
2024-12-05,14:00:00,36.6,36.7,36.55,36.6,44068
2024-12-05,15:00:00,36.65,36.65,36.65,36.65,1396
2024-12-08,10:00:00,36.7,36.95,36.7,36.95,23276
2024-12-08,11:00:00,36.95,36.95,36.8,36.85,10576
2024-12-08,12:00:00,36.85,36.95,36.8,36.95,10275
2024-12-08,13:00:00,36.95,37.4,36.7,37.05,143722
2024-12-08,14:00:00,37.1,37.2,36.9,36.9,58055
2024-12-08,15:00:00,37.0,37.0,37.0,37.0,2297
2024-12-09,10:00:00,37.5,37.5,36.85,37.05,82581
2024-12-09,11:00:00,37.1,37.2,36.95,37.05,27166
2024-12-09,12:00:00,37.05,37.15,36.95,37.0,30653
2024-12-09,13:00:00,37.0,37.0,36.75,36.75,52098
2024-12-09,14:00:00,36.8,36.8,36.65,36.7,59186
2024-12-09,15:00:00,36.7,36.7,36.7,36.7,3262
2024-12-10,10:00:00,36.7,36.85,36.45,36.8,42757
2024-12-10,11:00:00,36.8,37.1,36.7,36.85,57784
2024-12-10,12:00:00,36.9,36.95,36.75,36.8,21135
2024-12-10,13:00:00,36.9,36.9,36.7,36.9,19681
2024-12-10,14:00:00,36.95,37.05,36.8,37.05,60298
2024-12-10,15:00:00,37.1,37.1,37.1,37.1,7713
2024-12-11,10:00:00,37.2,37.2,36.65,36.9,46273
2024-12-11,11:00:00,36.9,37.15,36.9,37.1,39364
2024-12-11,12:00:00,37.15,37.35,37.1,37.2,57581
2024-12-11,13:00:00,37.2,37.2,36.95,37.2,20674
2024-12-11,14:00:00,37.2,37.35,36.85,37.2,107761
2024-12-11,15:00:00,37.2,37.2,37.2,37.2,350
2024-12-12,10:00:00,37.15,37.15,36.55,36.65,92772
2024-12-12,11:00:00,36.65,36.85,36.65,36.7,21730
2024-12-12,12:00:00,36.7,36.85,36.7,36.75,24766
2024-12-12,13:00:00,36.75,37.05,36.65,37.05,35482
2024-12-12,14:00:00,37.05,37.3,36.95,37.1,60420
2024-12-12,15:00:00,37.25,37.25,37.25,37.25,4602
2024-12-15,10:00:00,37.05,37.25,37.05,37.25,45357
2024-12-15,11:00:00,37.2,37.25,37.1,37.15,16130
2024-12-15,12:00:00,37.15,37.35,37.15,37.3,20543
2024-12-15,13:00:00,37.3,37.7,37.3,37.5,124449
2024-12-15,14:00:00,37.45,37.5,37.25,37.3,37415
2024-12-15,15:00:00,37.3,37.3,37.3,37.3,2296
2024-12-16,10:00:00,37.2,37.3,37.0,37.15,39605
2024-12-16,11:00:00,37.2,37.2,37.0,37.1,24809
2024-12-16,12:00:00,37.05,37.1,36.95,37.0,10318
2024-12-16,13:00:00,36.95,37.05,36.9,36.95,15623
2024-12-16,14:00:00,36.95,37.25,36.95,37.2,32937
2024-12-16,15:00:00,37.2,37.2,37.2,37.2,4832
2024-12-17,10:00:00,37.2,37.3,36.65,36.65,67297
2024-12-17,11:00:00,36.6,36.75,36.4,36.4,74071
2024-12-17,12:00:00,36.35,36.6,36.35,36.35,31572
2024-12-17,13:00:00,36.4,36.8,36.35,36.5,67658
2024-12-17,14:00:00,36.45,36.6,36.3,36.6,47126
2024-12-17,15:00:00,36.5,36.5,36.5,36.5,4609
2024-12-18,10:00:00,36.35,36.45,36.1,36.3,31950
2024-12-18,11:00:00,36.3,36.7,36.25,36.4,36909
2024-12-18,12:00:00,36.4,36.45,36.25,36.35,27213
2024-12-18,13:00:00,36.35,36.4,36.3,36.35,19818
2024-12-18,14:00:00,36.35,36.5,36.3,36.45,21792
2024-12-18,15:00:00,36.5,36.5,36.5,36.5,862
2024-12-19,10:00:00,36.0,36.35,35.95,36.2,44798
2024-12-19,11:00:00,36.15,36.2,35.8,35.9,76032
2024-12-19,12:00:00,35.85,35.95,35.8,35.9,15941
2024-12-19,13:00:00,35.85,36.0,35.75,35.75,39268
2024-12-19,14:00:00,35.8,35.95,35.65,35.95,30010
2024-12-19,15:00:00,36.0,36.0,36.0,36.0,28194
2024-12-22,10:00:00,36.35,36.4,36.05,36.1,50537
2024-12-22,11:00:00,36.15,36.3,36.0,36.0,36842
2024-12-22,12:00:00,36.15,36.15,35.9,36.0,12174
2024-12-22,13:00:00,35.9,36.0,35.6,35.6,38536
2024-12-22,14:00:00,35.6,35.65,35.25,35.35,52520
2024-12-22,15:00:00,34.9,34.9,34.9,34.9,29992
2024-12-23,10:00:00,35.05,35.05,34.55,34.55,60767
2024-12-23,11:00:00,34.55,34.85,34.45,34.85,43080
2024-12-23,12:00:00,34.85,35.1,34.8,34.85,23533
2024-12-23,13:00:00,34.85,35.0,34.85,34.85,14708
2024-12-23,14:00:00,34.85,35.1,34.7,34.95,26162
2024-12-23,15:00:00,34.85,34.85,34.85,34.85,4102
2024-12-24,10:00:00,34.95,35.0,34.45,34.45,35161
2024-12-24,11:00:00,34.45,34.65,34.3,34.35,82461
2024-12-24,12:00:00,34.35,34.75,34.35,34.7,30369
2024-12-24,13:00:00,34.75,34.9,34.65,34.8,13950
2024-12-24,14:00:00,34.8,35.0,34.4,34.85,56024
2024-12-24,15:00:00,35.0,35.0,35.0,35.0,9142
2024-12-25,10:00:00,35.0,35.7,35.0,35.1,54109
2024-12-25,11:00:00,35.1,35.45,35.1,35.25,19521
2024-12-25,12:00:00,35.25,35.4,35.2,35.25,9219
2024-12-25,13:00:00,35.25,35.35,35.05,35.1,12720
2024-12-25,14:00:00,35.1,35.25,35.0,35.0,12009
2024-12-25,15:00:00,35.0,35.0,35.0,35.0,952
2024-12-26,10:00:00,35.35,35.35,34.9,35.1,17017
2024-12-26,11:00:00,35.1,35.2,34.95,35.1,10743
2024-12-26,12:00:00,35.05,35.05,34.95,35.0,4724
2024-12-26,13:00:00,34.95,35.05,34.85,34.9,15785
2024-12-26,14:00:00,34.9,35.15,34.85,35.1,11467
2024-12-26,15:00:00,35.1,35.1,35.1,35.1,1123
2024-12-29,10:00:00,35.1,36.0,35.1,35.65,103696
2024-12-29,11:00:00,35.6,35.6,35.3,35.3,11605
2024-12-29,12:00:00,35.3,35.45,35.25,35.25,6367
2024-12-29,13:00:00,35.25,35.55,35.2,35.5,20280
2024-12-29,14:00:00,35.5,35.6,35.3,35.4,23523
2024-12-29,15:00:00,35.4,35.4,35.4,35.4,2909
2024-12-30,10:00:00,35.65,36.3,35.65,35.85,129349
2024-12-30,11:00:00,35.8,36.3,35.75,36.2,57441
2024-12-30,12:00:00,36.2,36.35,36.05,36.3,53322
2024-12-30,13:00:00,36.35,36.5,36.1,36.15,101938
2024-12-30,14:00:00,36.1,36.3,36.0,36.3,36735
2024-12-30,15:00:00,36.3,36.3,36.3,36.3,4280
2024-12-31,10:00:00,36.3,36.65,36.1,36.5,76917
2024-12-31,11:00:00,36.5,36.95,36.3,36.85,78040
2024-12-31,12:00:00,36.85,37.0,36.75,36.75,35396
2024-12-31,13:00:00,36.8,36.8,36.5,36.6,22451
2024-12-31,14:00:00,36.6,36.7,36.3,36.45,63360
2024-12-31,15:00:00,36.7,36.7,36.7,36.7,9800
2025-01-01,10:00:00,36.5,36.9,36.3,36.4,86202
2025-01-01,11:00:00,36.4,36.85,36.4,36.75,20196
2025-01-01,12:00:00,36.8,36.9,36.7,36.9,31969
2025-01-01,13:00:00,36.9,37.0,36.75,36.95,38090
2025-01-01,14:00:00,37.0,37.05,36.75,36.75,17390
2025-01-01,15:00:00,36.75,36.75,36.75,36.75,3680
2025-01-02,10:00:00,36.75,37.0,36.3,36.4,77768
2025-01-02,11:00:00,36.4,36.4,36.15,36.15,54349
2025-01-02,12:00:00,36.2,36.45,36.2,36.35,32981
2025-01-02,13:00:00,36.35,36.4,36.2,36.3,39598
2025-01-02,14:00:00,36.25,36.3,36.1,36.3,53077
2025-01-02,15:00:00,36.3,36.3,36.3,36.3,1542
2025-01-05,10:00:00,36.4,36.4,36.05,36.15,24853
2025-01-05,11:00:00,36.2,36.25,36.1,36.25,24385
2025-01-05,12:00:00,36.25,36.25,36.15,36.25,23805
2025-01-05,13:00:00,36.3,36.3,35.95,36.0,72027
2025-01-05,14:00:00,36.05,36.05,35.7,35.9,87200
2025-01-05,15:00:00,35.9,35.9,35.9,35.9,2576
2025-01-06,10:00:00,35.9,35.9,35.35,35.85,72111
2025-01-06,11:00:00,35.85,36.6,35.85,36.45,129310
2025-01-06,12:00:00,36.4,36.5,36.4,36.5,53894
2025-01-06,13:00:00,36.45,36.5,36.3,36.5,36406
2025-01-06,14:00:00,36.4,36.5,36.3,36.45,32216
2025-01-06,15:00:00,36.4,36.4,36.4,36.4,1350
2025-01-07,10:00:00,36.4,36.55,36.05,36.3,60427
2025-01-07,11:00:00,36.3,36.6,36.3,36.45,43900
2025-01-07,12:00:00,36.55,36.55,36.45,36.5,14592
2025-01-07,13:00:00,36.5,37.6,36.4,37.45,1286231
2025-01-07,14:00:00,37.5,37.6,37.25,37.5,326358
2025-01-07,15:00:00,37.55,37.55,37.55,37.55,18980
2025-01-08,10:00:00,37.55,38.05,37.2,37.55,330448
2025-01-08,11:00:00,37.65,37.75,37.3,37.4,137693
2025-01-08,12:00:00,37.4,37.45,37.1,37.25,99374
2025-01-08,13:00:00,37.25,37.5,37.2,37.25,87593
2025-01-08,14:00:00,37.3,37.35,37.0,37.0,126604
2025-01-08,15:00:00,37.0,37.0,37.0,37.0,8412
2025-01-09,10:00:00,37.2,37.2,36.85,36.95,97659
2025-01-09,11:00:00,36.95,37.05,36.75,36.9,54112
2025-01-09,12:00:00,36.85,37.4,36.75,37.2,71820
2025-01-09,13:00:00,37.2,37.4,37.2,37.3,56725
2025-01-09,14:00:00,37.35,37.4,37.1,37.3,45863
2025-01-09,15:00:00,37.4,37.4,37.4,37.4,9553
2025-01-12,10:00:00,37.75,37.95,37.5,37.8,118151
2025-01-12,11:00:00,37.75,37.85,37.45,37.5,73099
2025-01-12,12:00:00,37.5,37.7,37.45,37.55,29836
2025-01-12,13:00:00,37.55,37.65,37.25,37.5,53842
2025-01-12,14:00:00,37.45,37.5,37.2,37.25,45348
2025-01-12,15:00:00,37.6,37.6,37.6,37.6,33412
2025-01-13,10:00:00,37.65,37.85,37.3,37.7,84797
2025-01-13,11:00:00,37.65,38.4,37.65,38.2,318773
2025-01-13,12:00:00,38.25,38.45,38.1,38.4,150692
2025-01-13,13:00:00,38.4,38.7,38.3,38.4,334963
2025-01-13,14:00:00,38.35,38.75,38.25,38.55,122817
2025-01-13,15:00:00,38.55,38.55,38.55,38.55,8320
2025-01-14,10:00:00,38.55,38.7,38.15,38.45,130886
2025-01-14,11:00:00,38.45,38.5,38.2,38.2,47025
2025-01-14,12:00:00,38.25,38.4,38.2,38.4,39428
2025-01-14,13:00:00,38.3,38.6,38.25,38.6,73471
2025-01-14,14:00:00,38.55,38.6,38.3,38.4,38819
2025-01-14,15:00:00,38.45,38.45,38.45,38.45,1175
2025-01-15,10:00:00,38.45,38.8,38.35,38.45,104974
2025-01-15,11:00:00,38.45,38.5,38.3,38.45,18621
2025-01-15,12:00:00,38.35,38.5,38.3,38.4,21886
2025-01-15,13:00:00,38.4,38.55,38.25,38.45,25109
2025-01-15,14:00:00,38.45,38.5,38.0,38.15,71987
2025-01-15,15:00:00,38.15,38.15,38.15,38.15,6462
2025-01-16,10:00:00,38.25,38.25,37.85,38.0,107895
2025-01-16,11:00:00,38.0,38.05,37.8,37.95,44767
2025-01-16,12:00:00,37.95,38.0,37.8,37.9,22919
2025-01-16,13:00:00,37.9,38.0,37.85,37.95,20329
2025-01-16,14:00:00,37.9,37.95,37.8,37.9,32525
2025-01-16,15:00:00,37.8,37.8,37.8,37.8,6781
2025-01-19,10:00:00,37.8,38.2,37.7,38.1,71818
2025-01-19,11:00:00,38.1,38.2,37.8,37.85,31240
2025-01-19,12:00:00,37.85,38.25,37.8,38.15,54661
2025-01-19,13:00:00,38.2,38.25,37.9,38.1,44291
2025-01-19,14:00:00,38.05,38.4,37.95,38.4,65044
2025-01-19,15:00:00,38.45,38.45,38.45,38.45,8567
2025-01-20,10:00:00,38.5,38.55,38.15,38.15,57591
2025-01-20,11:00:00,38.1,38.25,38.0,38.2,65876
2025-01-20,12:00:00,38.15,38.2,37.95,38.1,84416
2025-01-20,13:00:00,38.1,38.15,38.05,38.1,30090
2025-01-20,14:00:00,38.1,38.2,38.0,38.05,52294
2025-01-20,15:00:00,38.15,38.15,38.15,38.15,1234
2025-01-21,10:00:00,38.15,38.35,38.0,38.1,51141
2025-01-21,11:00:00,38.2,38.45,38.1,38.4,60646
2025-01-21,12:00:00,38.45,38.5,38.1,38.15,66813
2025-01-21,13:00:00,38.2,38.6,38.1,38.3,54851
2025-01-21,14:00:00,38.25,38.45,38.2,38.35,48791
2025-01-21,15:00:00,38.35,38.35,38.35,38.35,3008
2025-01-22,10:00:00,38.15,38.3,37.95,38.0,112628
2025-01-22,11:00:00,38.05,38.3,38.0,38.25,43793
2025-01-22,12:00:00,38.15,38.2,38.1,38.15,26667
2025-01-22,13:00:00,38.2,38.3,37.95,38.1,75291
2025-01-22,14:00:00,38.05,38.1,37.85,37.85,44907
2025-01-22,15:00:00,38.05,38.05,38.05,38.05,7911
2025-01-23,10:00:00,38.1,38.1,37.9,37.95,27374
2025-01-23,11:00:00,37.95,38.0,37.75,37.95,29251
2025-01-23,12:00:00,37.9,38.2,37.8,38.0,50543
2025-01-23,13:00:00,38.0,38.0,37.8,37.9,36901
2025-01-23,14:00:00,37.9,38.0,37.85,37.9,13770
2025-01-23,15:00:00,37.9,37.9,37.9,37.9,3895
2025-01-26,10:00:00,37.7,38.0,37.7,37.9,49263
2025-01-26,11:00:00,37.9,38.0,37.85,37.95,25510
2025-01-26,12:00:00,38.0,38.3,37.95,38.2,146446
2025-01-26,13:00:00,38.15,38.35,38.0,38.3,172113
2025-01-26,14:00:00,38.3,38.5,38.25,38.45,104374
2025-01-26,15:00:00,38.3,38.3,38.3,38.3,3572
2025-01-27,10:00:00,38.3,38.75,38.1,38.75,129424
2025-01-27,11:00:00,38.75,38.8,38.5,38.8,120564
2025-01-27,12:00:00,38.75,38.8,38.5,38.5,47294
2025-01-27,13:00:00,38.5,39.0,38.45,38.85,132593
2025-01-27,14:00:00,38.85,38.9,38.5,38.7,67779
2025-01-27,15:00:00,38.75,38.75,38.75,38.75,16271
2025-01-28,10:00:00,38.8,39.0,38.5,38.65,88754
2025-01-28,11:00:00,38.7,38.8,38.5,38.6,81029
2025-01-28,12:00:00,38.6,38.75,38.5,38.7,23635
2025-01-28,13:00:00,38.7,38.8,38.6,38.7,36067
2025-01-28,14:00:00,38.65,38.7,38.05,38.25,119780
2025-01-28,15:00:00,38.5,38.5,38.5,38.5,7293
2025-01-29,10:00:00,38.4,38.4,38.0,38.2,65853
2025-01-29,11:00:00,38.2,38.75,38.2,38.25,61850
2025-01-29,12:00:00,38.35,38.35,38.0,38.3,62660
2025-01-29,13:00:00,38.3,38.35,38.1,38.2,17456
2025-01-29,14:00:00,38.2,38.35,38.0,38.05,44831
2025-01-29,15:00:00,38.0,38.0,38.0,38.0,3572
2025-01-30,10:00:00,37.8,38.25,37.8,38.1,31181
2025-01-30,11:00:00,38.1,38.15,38.0,38.05,14356
2025-01-30,12:00:00,38.1,38.2,38.0,38.1,10222
2025-01-30,13:00:00,38.2,38.55,38.1,38.35,37642
2025-01-30,14:00:00,38.35,38.35,38.0,38.15,37904
2025-01-30,15:00:00,38.05,38.05,38.05,38.05,8213
2025-02-02,10:00:00,38.0,38.15,37.85,38.0,45393
2025-02-02,11:00:00,38.0,38.05,37.9,37.95,38448
2025-02-02,12:00:00,37.95,38.0,37.7,37.85,101203
2025-02-02,13:00:00,37.85,37.9,37.8,37.8,18947
2025-02-02,14:00:00,37.85,37.9,37.7,37.75,45121
2025-02-02,15:00:00,37.7,37.7,37.7,37.7,9308
2025-02-03,10:00:00,37.8,37.8,37.2,37.65,101595
2025-02-03,11:00:00,37.7,37.7,37.55,37.65,26733
2025-02-03,12:00:00,37.65,37.7,37.5,37.5,33079
2025-02-03,13:00:00,37.55,37.55,37.45,37.45,23772
2025-02-03,14:00:00,37.5,37.7,37.4,37.7,45640
2025-02-03,15:00:00,37.7,37.7,37.7,37.7,22617
2025-02-04,10:00:00,37.65,37.9,37.6,37.7,185476
2025-02-04,11:00:00,37.7,37.7,37.65,37.7,148449
2025-02-04,12:00:00,37.7,37.85,37.65,37.8,162255
2025-02-04,13:00:00,37.75,37.8,37.65,37.75,80726
2025-02-04,14:00:00,37.7,37.8,37.7,37.8,134800
2025-02-04,15:00:00,37.8,37.8,37.8,37.8,20187
2025-02-05,10:00:00,37.9,38.2,37.75,38.0,249043
2025-02-05,11:00:00,38.0,38.0,37.95,38.0,247711
2025-02-05,12:00:00,38.0,38.0,37.9,38.0,107061
2025-02-05,13:00:00,38.0,38.05,37.9,38.0,624533
2025-02-05,14:00:00,38.0,38.1,37.95,38.0,736077
2025-02-05,15:00:00,38.0,38.0,38.0,38.0,43981
2025-02-06,10:00:00,38.3,38.55,37.95,38.15,595486
2025-02-06,11:00:00,38.15,38.15,37.95,38.05,193217
2025-02-06,12:00:00,38.1,38.15,38.0,38.15,91354
2025-02-06,13:00:00,38.1,38.15,38.05,38.05,79241
2025-02-06,14:00:00,38.05,38.3,38.0,38.05,412246
2025-02-06,15:00:00,38.0,38.0,38.0,38.0,26209
2025-02-09,10:00:00,38.1,38.3,38.0,38.1,135047
2025-02-09,11:00:00,38.15,38.15,37.9,37.95,168082
2025-02-09,12:00:00,37.95,38.0,37.9,37.9,93632
2025-02-09,13:00:00,37.9,38.0,37.85,38.0,84397
2025-02-09,14:00:00,37.95,38.0,37.9,38.0,48644
2025-02-09,15:00:00,38.0,38.0,38.0,38.0,4832
2025-02-10,10:00:00,38.15,38.15,37.55,37.75,177738
2025-02-10,11:00:00,37.75,37.8,37.55,37.65,92648
2025-02-10,12:00:00,37.6,37.7,37.55,37.6,67361
2025-02-10,13:00:00,37.6,37.65,37.55,37.6,38227
2025-02-10,14:00:00,37.6,37.7,37.55,37.55,81483
2025-02-10,15:00:00,37.55,37.55,37.55,37.55,16739
2025-02-11,10:00:00,37.35,37.6,37.2,37.3,156144
2025-02-11,11:00:00,37.3,37.45,37.15,37.2,121856
2025-02-11,12:00:00,37.15,37.2,37.05,37.1,108638
2025-02-11,13:00:00,37.15,37.2,37.1,37.15,130226
2025-02-11,14:00:00,37.2,37.2,36.8,36.85,245407
2025-02-11,15:00:00,36.85,36.85,36.85,36.85,17626
2025-02-12,10:00:00,36.8,36.95,36.1,36.2,200138
2025-02-12,11:00:00,36.2,36.4,35.9,36.2,214297
2025-02-12,12:00:00,36.15,36.15,35.95,35.95,101423
2025-02-12,13:00:00,36.0,36.25,35.9,35.95,108611
2025-02-12,14:00:00,36.0,36.1,35.7,35.85,123833
2025-02-12,15:00:00,35.75,35.75,35.75,35.75,22887
2025-02-13,10:00:00,35.8,36.3,35.7,36.05,124843
2025-02-13,11:00:00,36.0,36.15,35.9,35.95,47450
2025-02-13,12:00:00,35.95,36.05,35.85,35.95,79209
2025-02-13,13:00:00,35.95,36.1,35.9,35.95,379800
2025-02-13,14:00:00,36.0,36.0,35.95,36.0,249666
2025-02-13,15:00:00,36.1,36.1,36.1,36.1,18092
2025-02-16,10:00:00,36.3,36.7,36.2,36.35,236397
2025-02-16,11:00:00,36.4,36.4,36.15,36.2,50434
2025-02-16,12:00:00,36.15,36.3,36.1,36.15,66626
2025-02-16,13:00:00,36.15,36.2,36.0,36.1,88911
2025-02-16,14:00:00,36.1,36.4,36.05,36.15,218862
2025-02-16,15:00:00,36.3,36.3,36.3,36.3,11644
2025-02-17,10:00:00,36.4,36.4,35.75,35.75,115243
2025-02-17,11:00:00,35.75,35.85,35.7,35.85,125472
2025-02-17,12:00:00,35.85,36.0,35.8,35.95,94580
2025-02-17,13:00:00,35.95,36.0,35.95,36.0,105967
2025-02-17,14:00:00,36.0,36.0,35.9,36.0,113143
2025-02-17,15:00:00,36.0,36.0,36.0,36.0,11689
2025-02-18,10:00:00,35.9,36.05,35.85,35.9,55765
2025-02-18,11:00:00,35.9,35.95,35.8,35.9,31498
2025-02-18,12:00:00,35.9,36.0,35.9,35.95,28994
2025-02-18,13:00:00,36.0,36.0,35.95,35.95,51908
2025-02-18,14:00:00,35.95,36.0,35.85,35.9,60977
2025-02-18,15:00:00,35.85,35.85,35.85,35.85,8773
2025-02-19,10:00:00,35.85,35.95,35.65,35.8,91595
2025-02-19,11:00:00,35.8,35.8,35.6,35.7,33519
2025-02-19,12:00:00,35.7,35.75,35.45,35.65,61689
2025-02-19,13:00:00,35.65,35.85,35.6,35.75,61087
2025-02-19,14:00:00,35.8,35.85,35.7,35.8,87563
2025-02-19,15:00:00,35.8,35.8,35.8,35.8,4627
2025-02-20,10:00:00,35.8,36.7,35.8,36.2,274748
2025-02-20,11:00:00,36.3,36.3,36.15,36.25,30307
2025-02-20,12:00:00,36.25,36.5,36.2,36.45,63106
2025-02-20,13:00:00,36.4,36.45,36.3,36.35,35356
2025-02-20,14:00:00,36.35,36.5,36.3,36.45,68447
2025-02-20,15:00:00,36.5,36.5,36.5,36.5,65209
2025-02-24,10:00:00,36.6,36.6,36.0,36.05,64741
2025-02-24,11:00:00,36.05,36.05,35.6,35.8,173332
2025-02-24,12:00:00,35.75,35.95,35.65,35.8,103336
2025-02-24,13:00:00,35.8,35.8,35.55,35.65,134342
2025-02-24,14:00:00,35.65,35.65,35.55,35.6,80757
2025-02-24,15:00:00,35.6,35.6,35.6,35.6,27897
2025-02-25,10:00:00,35.45,35.45,34.4,34.8,170293
2025-02-25,11:00:00,34.8,35.0,34.55,34.9,105026
2025-02-25,12:00:00,34.95,35.0,34.85,34.9,47301
2025-02-25,13:00:00,34.9,35.0,34.8,35.0,66712
2025-02-25,14:00:00,35.0,35.0,34.85,34.85,91515
2025-02-25,15:00:00,34.95,34.95,34.95,34.95,5897
2025-02-26,10:00:00,35.0,35.0,34.4,34.5,79917
2025-02-26,11:00:00,34.45,34.6,34.4,34.5,98454
2025-02-26,12:00:00,34.5,34.5,34.05,34.3,113899
2025-02-26,13:00:00,34.25,34.45,34.2,34.35,71186
2025-02-26,14:00:00,34.3,34.5,34.3,34.5,85784
2025-02-26,15:00:00,34.45,34.45,34.45,34.45,29468
2025-02-27,10:00:00,34.5,34.5,34.1,34.45,62076
2025-02-27,11:00:00,34.4,34.45,34.1,34.2,43848
2025-02-27,12:00:00,34.2,34.7,34.15,34.6,42879
2025-02-27,13:00:00,34.6,34.6,34.3,34.45,14654
2025-02-27,14:00:00,34.45,34.5,34.35,34.4,24168
2025-02-27,15:00:00,34.25,34.25,34.25,34.25,18864
2025-03-02,10:00:00,34.2,34.45,33.7,33.8,39683
2025-03-02,11:00:00,33.8,33.8,32.85,33.0,67140
2025-03-02,12:00:00,33.0,33.3,32.9,33.15,60251
2025-03-02,13:00:00,33.3,33.5,32.95,33.0,67000
2025-03-02,14:00:00,33.0,33.2,32.85,32.85,71657
2025-03-02,15:00:00,32.85,32.85,32.85,32.85,7830
2025-03-03,10:00:00,32.85,33.5,32.7,33.1,36185
2025-03-03,11:00:00,33.1,33.1,31.75,32.05,191087
2025-03-03,12:00:00,32.05,32.45,31.9,32.25,74382
2025-03-03,13:00:00,32.2,32.3,31.9,32.05,72332
2025-03-03,14:00:00,32.05,32.55,32.0,32.45,152755
2025-03-03,15:00:00,32.4,32.4,32.4,32.4,8997
2025-03-04,10:00:00,32.45,32.6,32.0,32.3,70449
2025-03-04,11:00:00,32.3,32.5,32.1,32.4,53073
2025-03-04,12:00:00,32.35,32.4,31.95,32.05,195119
2025-03-04,13:00:00,32.05,32.15,31.9,32.1,116244
2025-03-04,14:00:00,32.1,32.1,31.4,31.65,193433
2025-03-04,15:00:00,31.55,31.55,31.55,31.55,33482
2025-03-05,10:00:00,31.7,31.85,31.15,31.35,116877
2025-03-05,11:00:00,31.3,31.4,31.25,31.4,51838
2025-03-05,12:00:00,31.4,31.4,31.2,31.3,59297
2025-03-05,13:00:00,31.3,31.3,30.9,30.9,138527
2025-03-05,14:00:00,30.9,31.0,30.55,30.95,140659
2025-03-05,15:00:00,30.95,30.95,30.95,30.95,7016
2025-03-06,10:00:00,31.15,31.2,30.6,30.95,66793
2025-03-06,11:00:00,31.1,31.1,30.55,30.55,34556
2025-03-06,12:00:00,30.55,30.75,30.45,30.7,37948
2025-03-06,13:00:00,30.8,30.9,30.3,30.45,61809
2025-03-06,14:00:00,30.3,30.45,29.9,30.1,289223
2025-03-06,15:00:00,30.25,30.25,30.25,30.25,11188
2025-03-09,10:00:00,30.3,30.45,30.05,30.15,61364
2025-03-09,11:00:00,30.1,30.1,29.3,29.7,61147
2025-03-09,12:00:00,29.7,30.1,29.6,30.1,70982
2025-03-09,13:00:00,30.1,30.3,30.0,30.0,90018
2025-03-09,14:00:00,30.0,30.2,29.5,29.6,52017
2025-03-09,15:00:00,29.6,29.6,29.6,29.6,6577
2025-03-10,10:00:00,29.6,29.75,29.25,29.25,81350
2025-03-10,11:00:00,29.25,29.7,29.15,29.35,116261
2025-03-10,12:00:00,29.4,29.6,29.3,29.35,50561
2025-03-10,13:00:00,29.3,29.5,28.7,28.8,152698
2025-03-10,14:00:00,28.85,29.05,28.3,28.35,134739
2025-03-10,15:00:00,28.6,28.6,28.6,28.6,8848
2025-03-11,10:00:00,28.2,28.3,27.5,27.85,164655
2025-03-11,11:00:00,27.95,28.05,27.85,28.0,233809
2025-03-11,12:00:00,27.95,28.95,27.85,28.9,921530
2025-03-11,13:00:00,28.9,29.5,28.9,29.2,149731
2025-03-11,14:00:00,29.2,30.0,29.15,29.55,208753
2025-03-11,15:00:00,29.5,29.5,29.5,29.5,8522
2025-03-12,10:00:00,30.0,30.1,29.55,29.8,75826
2025-03-12,11:00:00,29.9,29.9,29.7,29.85,51126
2025-03-12,12:00:00,29.85,29.9,29.45,29.45,70582
2025-03-12,13:00:00,29.45,29.55,29.25,29.5,89805
2025-03-12,14:00:00,29.5,29.7,29.4,29.4,112556
2025-03-12,15:00:00,29.45,29.45,29.45,29.45,3165
2025-03-13,10:00:00,29.45,29.9,29.45,29.65,42061
2025-03-13,11:00:00,29.65,30.2,29.5,30.0,81707
2025-03-13,12:00:00,29.95,30.0,29.75,30.0,77841
2025-03-13,13:00:00,30.0,30.0,29.65,29.65,63694
2025-03-13,14:00:00,29.65,29.75,29.45,29.6,50541
2025-03-13,15:00:00,29.6,29.6,29.6,29.6,3388
2025-03-16,10:00:00,29.75,30.0,29.65,29.8,32895
2025-03-16,11:00:00,29.85,30.8,29.75,30.45,77144
2025-03-16,12:00:00,30.4,30.6,30.3,30.35,34303
2025-03-16,13:00:00,30.35,30.55,30.3,30.35,73182
2025-03-16,14:00:00,30.4,30.5,30.3,30.4,43560
2025-03-16,15:00:00,30.45,30.45,30.45,30.45,3271
2025-03-17,10:00:00,30.7,30.9,30.2,30.85,71359
2025-03-17,11:00:00,30.8,30.85,30.5,30.6,35766
2025-03-17,12:00:00,30.65,30.8,30.2,30.25,110969
2025-03-17,13:00:00,30.25,30.4,30.0,30.0,131879
2025-03-17,14:00:00,30.05,30.35,29.95,30.25,70945
2025-03-17,15:00:00,30.3,30.3,30.3,30.3,11324
2025-03-18,10:00:00,30.3,30.3,29.75,29.8,47426
2025-03-18,11:00:00,29.8,30.1,29.8,30.1,26855
2025-03-18,12:00:00,30.1,30.15,29.8,30.0,33322
2025-03-18,13:00:00,29.95,30.05,29.65,29.8,73896
2025-03-18,14:00:00,29.75,30.0,29.7,29.9,75050
2025-03-18,15:00:00,29.9,29.9,29.9,29.9,2884
2025-03-19,10:00:00,29.9,29.9,29.45,29.7,51040
2025-03-19,11:00:00,29.7,29.85,29.5,29.5,63729
2025-03-19,12:00:00,29.45,29.5,29.2,29.3,29215
2025-03-19,13:00:00,29.25,29.35,28.9,29.0,89047
2025-03-19,14:00:00,29.1,29.2,28.85,28.95,66947
2025-03-19,15:00:00,29.0,29.0,29.0,29.0,2708
2025-03-20,10:00:00,29.0,29.1,28.75,29.0,58499
2025-03-20,11:00:00,29.0,29.4,28.8,29.2,47644
2025-03-20,12:00:00,29.2,29.25,28.9,29.0,45781
2025-03-20,13:00:00,29.0,29.15,28.8,28.85,47315
2025-03-20,14:00:00,28.9,29.1,28.75,29.0,90125
2025-03-20,15:00:00,29.0,29.0,29.0,29.0,12098
2025-03-23,10:00:00,28.75,29.15,28.7,28.7,30084
2025-03-23,11:00:00,28.85,28.9,28.55,28.55,30976
2025-03-23,12:00:00,28.55,28.8,28.4,28.7,32981
2025-03-23,13:00:00,28.7,28.8,28.5,28.5,31986
2025-03-23,14:00:00,28.5,28.65,28.45,28.5,31395
2025-03-23,15:00:00,28.5,28.5,28.5,28.5,7060
2025-03-24,10:00:00,28.55,28.55,28.2,28.5,22336
2025-03-24,11:00:00,28.45,28.9,28.4,28.8,22469
2025-03-24,12:00:00,28.8,29.1,28.8,28.95,31270
2025-03-24,13:00:00,28.95,29.1,28.9,28.95,31405
2025-03-24,14:00:00,28.95,29.0,28.85,29.0,53361
2025-03-24,15:00:00,29.0,29.0,29.0,29.0,3685
2025-03-25,10:00:00,29.2,29.35,28.8,29.05,73340
2025-03-25,11:00:00,29.0,29.3,28.8,29.1,42274
2025-03-25,12:00:00,29.1,29.25,28.85,28.85,44511
2025-03-25,13:00:00,28.85,28.85,28.65,28.75,30191
2025-03-25,14:00:00,28.8,29.05,28.75,28.95,62341
2025-03-25,15:00:00,29.05,29.05,29.05,29.05,3780
2025-03-26,10:00:00,29.1,29.65,29.1,29.6,132045
2025-03-26,11:00:00,29.6,30.0,29.55,30.0,51103
2025-03-26,12:00:00,29.95,30.4,29.8,30.35,69386
2025-03-26,13:00:00,30.35,30.45,30.15,30.2,53528
2025-03-26,14:00:00,30.25,30.5,30.15,30.45,62868
2025-03-26,15:00:00,30.45,30.45,30.45,30.45,3634
2025-03-27,10:00:00,30.5,30.5,30.0,30.0,71496
2025-03-27,11:00:00,30.0,30.4,29.95,30.3,29919
2025-03-27,12:00:00,30.35,30.55,30.25,30.55,33169
2025-03-27,13:00:00,30.55,30.65,30.4,30.45,68171
2025-03-27,14:00:00,30.4,30.4,30.15,30.4,66084
2025-03-27,15:00:00,31.2,31.2,31.2,31.2,196595
2025-04-03,10:00:00,30.1,30.8,29.1,30.6,172435
2025-04-03,11:00:00,30.55,30.6,30.4,30.4,87596
2025-04-03,12:00:00,30.4,30.4,30.15,30.15,55466
2025-04-03,13:00:00,30.15,30.15,29.85,29.95,78359
2025-04-03,14:00:00,29.9,29.9,29.5,29.65,79333
2025-04-03,15:00:00,29.75,29.75,29.75,29.75,19684
2025-04-06,10:00:00,26.9,27.9,26.9,27.65,236902
2025-04-06,11:00:00,27.6,28.8,27.6,28.15,104946
2025-04-06,12:00:00,28.1,28.1,27.65,27.65,78827
2025-04-06,13:00:00,27.7,27.8,27.25,27.3,70215
2025-04-06,14:00:00,27.35,27.35,26.8,26.8,183515
2025-04-06,15:00:00,26.8,26.8,26.8,26.8,7459
2025-04-07,10:00:00,26.25,26.25,24.96,25.85,306089
2025-04-07,11:00:00,25.9,26.65,25.65,26.5,97522
2025-04-07,12:00:00,26.55,27.35,26.5,27.15,156190
2025-04-07,13:00:00,27.15,27.25,26.8,27.0,68797
2025-04-07,14:00:00,27.0,27.2,26.8,26.85,120543
2025-04-07,15:00:00,26.85,26.85,26.85,26.85,4052
2025-04-08,10:00:00,28.0,28.0,27.05,27.85,152813
2025-04-08,11:00:00,27.8,27.95,27.6,27.8,92317
2025-04-08,12:00:00,27.8,28.0,27.75,27.9,63494
2025-04-08,13:00:00,27.9,27.95,27.8,27.9,59407
2025-04-08,14:00:00,27.85,28.35,27.8,28.15,120677
2025-04-08,15:00:00,28.1,28.1,28.1,28.1,17328
2025-04-09,10:00:00,27.5,27.9,27.25,27.9,96825
2025-04-09,11:00:00,27.9,27.9,27.5,27.6,24122
2025-04-09,12:00:00,27.65,27.75,27.55,27.55,30033
2025-04-09,13:00:00,27.55,27.6,27.25,27.35,49028
2025-04-09,14:00:00,27.35,27.35,26.6,26.7,149831
2025-04-09,15:00:00,26.7,26.7,26.7,26.7,6067
2025-04-10,10:00:00,28.95,28.95,28.0,28.1,217562
2025-04-10,11:00:00,28.1,28.15,27.75,27.85,51846
2025-04-10,12:00:00,27.8,28.0,27.6,27.9,55564
2025-04-10,13:00:00,27.9,28.0,27.75,27.75,34913
2025-04-10,14:00:00,27.8,28.25,27.65,28.1,45049
2025-04-10,15:00:00,28.45,28.45,28.45,28.45,11280
2025-04-13,10:00:00,28.45,28.95,28.3,28.95,125968
2025-04-13,11:00:00,28.95,29.0,28.55,28.6,68185
2025-04-13,12:00:00,28.6,29.0,28.6,29.0,55474
2025-04-13,13:00:00,29.0,29.35,28.8,28.8,139104
2025-04-13,14:00:00,28.8,29.15,28.75,29.05,47587
2025-04-13,15:00:00,29.15,29.15,29.15,29.15,8944
2025-04-14,10:00:00,29.2,29.25,28.9,29.0,75763
2025-04-14,11:00:00,28.95,29.1,28.8,29.0,91205
2025-04-14,12:00:00,29.0,29.2,29.0,29.1,40378
2025-04-14,13:00:00,29.15,29.55,29.15,29.25,95302
2025-04-14,14:00:00,29.2,29.35,29.0,29.3,61733
2025-04-14,15:00:00,29.3,29.3,29.3,29.3,17037
2025-04-15,10:00:00,29.3,29.6,29.15,29.55,127904
2025-04-15,11:00:00,29.55,29.55,29.3,29.35,34165
2025-04-15,12:00:00,29.3,29.45,29.3,29.4,17499
2025-04-15,13:00:00,29.35,29.35,28.8,28.8,104014
2025-04-15,14:00:00,28.85,28.9,28.65,28.65,70718
2025-04-15,15:00:00,28.6,28.6,28.6,28.6,15741
2025-04-16,10:00:00,28.55,28.7,28.35,28.5,124817
2025-04-16,11:00:00,28.6,28.85,28.5,28.7,24603
2025-04-16,12:00:00,28.75,28.75,28.55,28.6,15740
2025-04-16,13:00:00,28.6,28.85,28.6,28.65,18994
2025-04-16,14:00:00,28.6,28.75,28.5,28.6,26692
2025-04-16,15:00:00,28.55,28.55,28.55,28.55,2269
2025-04-17,10:00:00,28.45,28.45,27.8,27.85,161631
2025-04-17,11:00:00,27.85,27.95,27.8,27.8,88494
2025-04-17,12:00:00,27.8,27.85,27.55,27.8,51188
2025-04-17,13:00:00,27.85,28.05,27.8,28.0,39952
2025-04-17,14:00:00,27.95,28.0,27.8,27.95,30773
2025-04-17,15:00:00,27.9,27.9,27.9,27.9,1928
2025-04-20,10:00:00,28.0,28.55,28.0,28.5,70040
2025-04-20,11:00:00,28.45,28.5,28.3,28.45,27912
2025-04-20,12:00:00,28.4,28.45,28.3,28.4,12774
2025-04-20,13:00:00,28.35,28.85,28.35,28.65,87651
2025-04-20,14:00:00,28.65,29.0,28.6,28.9,103253
2025-04-20,15:00:00,28.85,28.85,28.85,28.85,7837
2025-04-21,10:00:00,29.0,29.0,28.45,28.6,60866
2025-04-21,11:00:00,28.6,28.7,28.2,28.2,55173
2025-04-21,12:00:00,28.4,28.45,28.0,28.1,125331
2025-04-21,13:00:00,28.2,28.25,28.0,28.15,88927
2025-04-21,14:00:00,28.15,28.2,28.1,28.15,58392
2025-04-21,15:00:00,28.1,28.1,28.1,28.1,7728
2025-04-22,10:00:00,27.9,28.0,27.7,27.9,72070
2025-04-22,11:00:00,27.9,28.2,27.85,28.05,45546
2025-04-22,12:00:00,28.05,28.15,28.0,28.05,9804
2025-04-22,13:00:00,28.05,28.05,27.9,28.0,35004
2025-04-22,14:00:00,28.0,28.15,27.95,28.1,47417
2025-04-22,15:00:00,28.2,28.2,28.2,28.2,4054
2025-04-23,10:00:00,28.3,28.7,28.3,28.55,89944
2025-04-23,11:00:00,28.45,28.5,28.25,28.3,44054
2025-04-23,12:00:00,28.3,28.35,28.15,28.15,42574
2025-04-23,13:00:00,28.25,28.35,28.2,28.2,27893
2025-04-23,14:00:00,28.2,28.3,28.15,28.25,37752
2025-04-23,15:00:00,28.25,28.25,28.25,28.25,5543
2025-04-24,10:00:00,28.3,28.35,28.05,28.25,60025
2025-04-24,11:00:00,28.25,28.35,28.15,28.3,29277
2025-04-24,12:00:00,28.3,28.4,28.25,28.4,26767
2025-04-24,13:00:00,28.3,28.5,28.15,28.4,85436
2025-04-24,14:00:00,28.45,28.45,28.35,28.4,25516
2025-04-24,15:00:00,28.5,28.5,28.5,28.5,6354
2025-04-27,10:00:00,28.6,28.9,28.6,28.8,73496
2025-04-27,11:00:00,28.8,28.9,28.75,28.85,25457
2025-04-27,12:00:00,28.8,28.9,28.75,28.85,54751
2025-04-27,13:00:00,28.85,28.95,28.75,28.9,52377
2025-04-27,14:00:00,28.85,28.95,28.8,28.9,42697
2025-04-27,15:00:00,28.85,28.85,28.85,28.85,6647
2025-04-28,10:00:00,29.0,29.0,28.6,28.7,107131
2025-04-28,11:00:00,28.75,28.75,28.5,28.5,94005
2025-04-28,12:00:00,28.55,28.6,28.4,28.45,59546
2025-04-28,13:00:00,28.5,28.6,28.4,28.55,54491
2025-04-28,14:00:00,28.55,28.6,28.45,28.5,34746
2025-04-28,15:00:00,28.5,28.5,28.5,28.5,7375
2025-04-29,10:00:00,28.6,28.9,28.5,28.6,78930
2025-04-29,11:00:00,28.55,28.65,28.45,28.6,29296
2025-04-29,12:00:00,28.6,28.65,28.5,28.6,20621
2025-04-29,13:00:00,28.6,28.65,28.5,28.65,33791
2025-04-29,14:00:00,28.6,28.6,28.45,28.5,34957
2025-04-29,15:00:00,28.4,28.4,28.4,28.4,19414
2025-04-30,10:00:00,28.4,28.4,28.0,28.0,63477
2025-04-30,11:00:00,27.95,27.95,27.75,27.8,80312
2025-04-30,12:00:00,27.8,27.9,27.65,27.7,67096
2025-04-30,13:00:00,27.7,27.9,27.6,27.75,85627
2025-04-30,14:00:00,27.75,27.85,27.65,27.85,41223
2025-04-30,15:00:00,27.9,27.9,27.9,27.9,13701
2025-05-01,10:00:00,27.65,27.8,27.5,27.6,74259
2025-05-01,11:00:00,27.65,27.65,27.5,27.6,57713
2025-05-01,12:00:00,27.6,27.7,27.5,27.55,25427
2025-05-01,13:00:00,27.55,27.65,27.5,27.55,22942
2025-05-01,14:00:00,27.55,27.7,27.45,27.7,29838
2025-05-01,15:00:00,27.7,27.7,27.7,27.7,2999
2025-05-04,10:00:00,27.95,28.15,27.9,28.05,39773
2025-05-04,11:00:00,28.05,28.05,27.7,27.75,31366
2025-05-04,12:00:00,27.75,27.9,27.7,27.75,25411
2025-05-04,13:00:00,27.65,27.85,27.65,27.7,19923
2025-05-04,14:00:00,27.7,27.8,27.55,27.6,35486
2025-05-04,15:00:00,27.7,27.7,27.7,27.7,3887
2025-05-05,10:00:00,27.7,27.9,27.6,27.8,35599
2025-05-05,11:00:00,27.85,27.95,27.8,27.95,18113
2025-05-05,12:00:00,27.95,28.1,27.85,28.0,58138
2025-05-05,13:00:00,28.05,28.3,27.95,28.0,94232
2025-05-05,14:00:00,28.0,28.1,27.95,28.05,40103
2025-05-05,15:00:00,28.15,28.15,28.15,28.15,5475
2025-05-06,10:00:00,28.15,28.35,27.9,27.95,72538
2025-05-06,11:00:00,27.9,27.9,27.65,27.7,190968
2025-05-06,12:00:00,27.75,27.75,27.3,27.3,160765
2025-05-06,13:00:00,27.3,27.45,27.15,27.35,120239
2025-05-06,14:00:00,27.35,27.35,27.05,27.05,136613
2025-05-06,15:00:00,26.9,26.9,26.9,26.9,43818
2025-05-07,10:00:00,27.0,27.15,26.6,27.0,80887
2025-05-07,11:00:00,27.0,27.05,26.55,26.65,115486
2025-05-07,12:00:00,26.65,26.65,26.4,26.5,86625
2025-05-07,13:00:00,26.5,26.8,26.45,26.65,48624
2025-05-07,14:00:00,26.65,27.0,26.6,26.75,44118
2025-05-07,15:00:00,26.8,26.8,26.8,26.8,12972
2025-05-08,10:00:00,26.6,26.85,26.4,26.7,81796
2025-05-08,11:00:00,26.7,26.9,26.5,26.5,14916
2025-05-08,12:00:00,26.55,26.6,26.4,26.5,53349
2025-05-08,13:00:00,26.5,26.5,26.3,26.35,41967
2025-05-08,14:00:00,26.4,26.45,26.3,26.4,30248
2025-05-08,15:00:00,26.35,26.35,26.35,26.35,12038
2025-05-11,10:00:00,26.4,26.55,26.0,26.15,69808
2025-05-11,11:00:00,26.15,26.25,26.05,26.1,27879
2025-05-11,12:00:00,26.1,26.2,25.85,25.9,51381
2025-05-11,13:00:00,25.9,26.1,25.85,26.0,29145
2025-05-11,14:00:00,26.0,26.0,25.9,25.95,14992
2025-05-11,15:00:00,25.95,25.95,25.95,25.95,1851
2025-05-12,10:00:00,25.95,26.5,25.95,26.4,54810
2025-05-12,11:00:00,26.4,26.45,26.2,26.25,22024
2025-05-12,12:00:00,26.3,26.55,26.3,26.45,28285
2025-05-12,13:00:00,26.4,26.85,26.4,26.7,80185
2025-05-12,14:00:00,26.7,26.85,26.7,26.8,27388
2025-05-12,15:00:00,26.8,26.8,26.8,26.8,2370
2025-05-13,10:00:00,26.9,27.2,26.9,27.05,78137
2025-05-13,11:00:00,27.0,27.05,26.8,26.9,24790
2025-05-13,12:00:00,26.95,27.0,26.85,26.85,8777
2025-05-13,13:00:00,26.9,26.9,26.7,26.8,23415
2025-05-13,14:00:00,26.8,27.1,26.75,27.05,74079
2025-05-13,15:00:00,27.1,27.1,27.1,27.1,2513
2025-05-14,10:00:00,28.2,28.5,27.9,28.45,646128
2025-05-14,11:00:00,28.4,28.9,28.4,28.5,487837
2025-05-14,12:00:00,28.5,28.55,28.15,28.3,129239
2025-05-14,13:00:00,28.3,28.75,28.2,28.7,141406
2025-05-14,14:00:00,28.7,29.55,28.6,28.7,688575
2025-05-14,15:00:00,28.65,28.65,28.65,28.65,34430
2025-05-15,10:00:00,28.9,29.35,28.4,29.1,482969
2025-05-15,11:00:00,29.1,29.35,28.8,28.8,175456
2025-05-15,12:00:00,28.75,29.0,28.45,28.6,117614
2025-05-15,13:00:00,28.6,28.9,28.45,28.6,70667
2025-05-15,14:00:00,28.6,28.7,28.45,28.55,107856
2025-05-15,15:00:00,28.55,28.55,28.55,28.55,5496
2025-05-18,10:00:00,28.6,29.15,28.3,29.0,224408
2025-05-18,11:00:00,29.0,29.05,28.75,28.75,52093
2025-05-18,12:00:00,28.75,28.8,28.6,28.7,43004
2025-05-18,13:00:00,28.7,30.0,28.6,29.8,469587
2025-05-18,14:00:00,29.75,30.15,29.65,29.85,528352
2025-05-18,15:00:00,29.85,29.85,29.85,29.85,21510
2025-05-19,10:00:00,29.85,30.25,29.6,29.95,314415
2025-05-19,11:00:00,30.0,30.0,29.7,29.75,66157
2025-05-19,12:00:00,29.75,29.8,29.6,29.65,66830
2025-05-19,13:00:00,29.6,29.65,29.3,29.55,72946
2025-05-19,14:00:00,29.5,29.6,29.3,29.3,125084
2025-05-19,15:00:00,29.2,29.2,29.2,29.2,20407
2025-05-20,10:00:00,29.4,29.65,29.15,29.2,122867
2025-05-20,11:00:00,29.2,30.2,29.15,30.05,321124
2025-05-20,12:00:00,30.05,30.65,30.05,30.45,286774
2025-05-20,13:00:00,30.45,30.6,30.3,30.35,125224
2025-05-20,14:00:00,30.3,30.3,30.0,30.15,122523
2025-05-20,15:00:00,30.15,30.15,30.15,30.15,13979
2025-05-21,10:00:00,30.4,30.4,29.65,29.75,122885
2025-05-21,11:00:00,29.75,29.8,29.5,29.55,64935
2025-05-21,12:00:00,29.55,29.65,29.5,29.55,37917
2025-05-21,13:00:00,29.6,29.85,29.55,29.7,43415
2025-05-21,14:00:00,29.7,29.8,29.05,29.35,133619
2025-05-21,15:00:00,29.3,29.3,29.3,29.3,6947
2025-05-22,10:00:00,29.05,29.35,28.9,29.0,110298
2025-05-22,11:00:00,28.95,29.1,28.85,29.05,80006
2025-05-22,12:00:00,29.05,29.3,29.0,29.15,51270
2025-05-22,13:00:00,29.15,29.5,29.0,29.1,109385
2025-05-22,14:00:00,29.1,29.15,28.7,28.85,156874
2025-05-22,15:00:00,28.85,28.85,28.85,28.85,59691
2025-05-25,10:00:00,28.8,28.95,28.5,28.75,57542
2025-05-25,11:00:00,28.7,29.35,28.65,29.35,84530
2025-05-25,12:00:00,29.35,29.9,29.35,29.75,302897
2025-05-25,13:00:00,29.75,29.95,29.55,29.7,160453
2025-05-25,14:00:00,29.7,29.75,29.15,29.3,109171
2025-05-25,15:00:00,29.4,29.4,29.4,29.4,1500
2025-05-26,10:00:00,29.5,29.6,28.8,29.1,108958
2025-05-26,11:00:00,29.1,29.85,29.1,29.5,95624
2025-05-26,12:00:00,29.35,29.5,28.85,29.1,71183
2025-05-26,13:00:00,29.1,29.15,28.65,29.0,127873
2025-05-26,14:00:00,29.05,29.4,29.0,29.4,84786
2025-05-26,15:00:00,29.45,29.45,29.45,29.45,13982
2025-05-27,10:00:00,29.4,29.45,28.4,28.4,194514
2025-05-27,11:00:00,28.45,28.65,28.2,28.3,153254
2025-05-27,12:00:00,28.35,28.45,28.1,28.2,64959
2025-05-27,13:00:00,28.15,28.3,28.0,28.15,66652
2025-05-27,14:00:00,28.2,28.25,27.95,28.0,102028
2025-05-27,15:00:00,28.4,28.4,28.4,28.4,41759
2025-05-28,10:00:00,28.4,28.75,28.3,28.6,87722
2025-05-28,11:00:00,28.6,28.6,28.25,28.4,56466
2025-05-28,12:00:00,28.35,28.4,28.15,28.25,27774
2025-05-28,13:00:00,28.2,28.45,28.2,28.3,28303
2025-05-28,14:00:00,28.35,28.45,28.15,28.2,50196
2025-05-28,15:00:00,28.35,28.35,28.35,28.35,5538
2025-05-29,10:00:00,28.4,28.65,28.2,28.65,79785
2025-05-29,11:00:00,28.65,28.7,28.3,28.4,47872
2025-05-29,12:00:00,28.4,28.45,28.2,28.3,23894
2025-05-29,13:00:00,28.3,28.3,28.05,28.2,36502
2025-05-29,14:00:00,28.25,28.35,28.15,28.2,26626
2025-05-29,15:00:00,28.25,28.25,28.25,28.25,10791
2025-06-01,10:00:00,28.25,28.25,27.7,27.85,47927
2025-06-01,11:00:00,27.85,27.95,27.7,27.75,38507
2025-06-01,12:00:00,27.8,28.0,27.6,27.85,35143
2025-06-01,13:00:00,27.75,27.8,27.45,27.75,84874
2025-06-01,14:00:00,27.75,27.9,27.65,27.8,43453
2025-06-01,15:00:00,27.85,27.85,27.85,27.85,9242
2025-06-02,10:00:00,27.8,27.85,27.65,27.8,44178
2025-06-02,11:00:00,27.7,28.0,27.6,27.7,57216
2025-06-02,12:00:00,27.75,27.9,27.7,27.8,25985
2025-06-02,13:00:00,27.8,28.1,27.8,27.8,48158
2025-06-02,14:00:00,27.8,27.9,27.7,27.8,41327
2025-06-02,15:00:00,27.8,27.8,27.8,27.8,7535
2025-06-03,10:00:00,27.75,28.25,27.75,28.0,70496
2025-06-03,11:00:00,28.0,28.25,28.0,28.25,22079
2025-06-03,12:00:00,28.2,28.2,28.05,28.15,15131
2025-06-03,13:00:00,28.15,28.2,28.0,28.0,23177
2025-06-03,14:00:00,28.0,28.1,27.85,27.95,32002
2025-06-03,15:00:00,28.0,28.0,28.0,28.0,4428
2025-06-04,10:00:00,27.9,28.25,27.9,28.0,27063
2025-06-04,11:00:00,28.0,28.2,27.8,28.15,64456
2025-06-04,12:00:00,28.15,28.2,28.0,28.15,14831
2025-06-04,13:00:00,28.1,28.15,27.95,28.0,31924
2025-06-04,14:00:00,28.0,28.1,27.95,28.0,32414
2025-06-04,15:00:00,27.95,27.95,27.95,27.95,3103
2025-06-11,10:00:00,28.3,28.65,28.3,28.5,56812
2025-06-11,11:00:00,28.5,28.5,28.35,28.5,25553
2025-06-11,12:00:00,28.45,28.65,28.4,28.4,43463
2025-06-11,13:00:00,28.4,28.5,28.1,28.15,29355
2025-06-11,14:00:00,28.2,28.2,28.0,28.1,46135
2025-06-11,15:00:00,28.1,28.1,28.1,28.1,2950
2025-06-12,10:00:00,27.55,27.7,27.0,27.1,112861
2025-06-12,11:00:00,27.1,27.15,26.6,26.9,94796
2025-06-12,12:00:00,26.85,27.1,26.8,27.0,67169
2025-06-12,13:00:00,27.0,27.05,26.9,26.9,13631
2025-06-12,14:00:00,26.85,27.0,26.75,26.75,74469
2025-06-12,15:00:00,26.7,26.7,26.7,26.7,5529
2025-06-15,10:00:00,24.3,25.75,24.22,25.4,280822
2025-06-15,11:00:00,25.4,26.0,25.1,25.2,45061
2025-06-15,12:00:00,25.35,25.95,25.3,25.85,22122
2025-06-15,13:00:00,25.8,26.35,25.7,26.15,39062
2025-06-15,14:00:00,26.15,26.15,25.6,26.0,43286
2025-06-15,15:00:00,26.0,26.0,26.0,26.0,1217
2025-06-16,10:00:00,26.05,26.7,26.05,26.6,84837
2025-06-16,11:00:00,26.65,26.7,26.5,26.6,22322
2025-06-16,12:00:00,26.6,26.95,26.5,26.85,30058
2025-06-16,13:00:00,26.85,26.9,26.7,26.75,12892
2025-06-16,14:00:00,26.75,26.75,26.5,26.6,30354
2025-06-16,15:00:00,26.55,26.55,26.55,26.55,931
2025-06-17,10:00:00,26.5,27.0,26.15,26.75,57457
2025-06-17,11:00:00,26.75,26.95,26.35,26.35,69408
2025-06-17,12:00:00,26.35,26.35,25.85,26.05,102829
2025-06-17,13:00:00,26.1,26.1,25.75,26.0,35861
2025-06-17,14:00:00,26.0,26.05,25.9,26.0,29814
2025-06-17,15:00:00,25.9,25.9,25.9,25.9,17058
2025-06-18,10:00:00,26.0,26.0,25.2,25.45,54332
2025-06-18,11:00:00,25.45,25.5,25.25,25.5,29660
2025-06-18,12:00:00,25.5,25.5,25.25,25.4,21620
2025-06-18,13:00:00,25.35,25.4,24.9,24.92,82607
2025-06-18,14:00:00,24.9,25.3,24.8,25.1,73359
2025-06-18,15:00:00,25.15,25.15,25.15,25.15,2684
2025-06-19,10:00:00,25.25,25.3,24.9,25.05,77188
2025-06-19,11:00:00,25.05,25.6,25.0,25.55,33869
2025-06-19,12:00:00,25.55,25.75,25.55,25.65,21447
2025-06-19,13:00:00,25.65,25.7,25.35,25.4,23852
2025-06-19,14:00:00,25.4,25.45,24.94,25.0,121496
2025-06-19,15:00:00,25.0,25.0,25.0,25.0,17323
2025-06-22,10:00:00,25.4,26.3,25.3,25.4,162784
2025-06-22,11:00:00,25.55,25.6,25.35,25.45,26468
2025-06-22,12:00:00,25.45,25.7,25.35,25.5,30085
2025-06-22,13:00:00,25.55,25.6,25.15,25.4,40838
2025-06-22,14:00:00,25.35,25.45,25.2,25.25,33872
2025-06-22,15:00:00,25.3,25.3,25.3,25.3,3956
2025-06-23,10:00:00,25.8,25.8,25.5,25.7,52698
2025-06-23,11:00:00,25.65,25.8,25.6,25.7,15557
2025-06-23,12:00:00,25.75,25.95,25.7,25.8,39213
2025-06-23,13:00:00,25.8,25.8,25.5,25.65,45782
2025-06-23,14:00:00,25.65,25.7,25.5,25.65,53642
2025-06-23,15:00:00,25.6,25.6,25.6,25.6,6542
2025-06-24,10:00:00,26.6,27.0,26.35,26.85,229224
2025-06-24,11:00:00,26.85,26.85,26.65,26.8,31863
2025-06-24,12:00:00,26.8,27.0,26.8,26.95,48068
2025-06-24,13:00:00,26.95,27.2,26.95,27.15,35945
2025-06-24,14:00:00,27.2,27.35,27.1,27.3,90830
2025-06-24,15:00:00,27.25,27.25,27.25,27.25,11721
2025-06-25,10:00:00,27.9,27.9,27.35,27.6,102830
2025-06-25,11:00:00,27.55,27.7,27.4,27.5,75994
2025-06-25,12:00:00,27.5,27.6,27.45,27.45,36724
2025-06-25,13:00:00,27.45,27.5,27.35,27.4,27436
2025-06-25,14:00:00,27.35,27.65,27.35,27.5,38494
2025-06-25,15:00:00,27.65,27.65,27.65,27.65,2144
2025-06-26,10:00:00,27.65,27.85,27.45,27.8,52473
2025-06-26,11:00:00,27.8,27.85,27.65,27.8,52661
2025-06-26,12:00:00,27.8,27.9,27.7,27.85,47080
2025-06-26,13:00:00,27.9,27.9,27.65,27.85,39467
2025-06-26,14:00:00,27.8,27.9,27.6,27.8,54451
2025-06-26,15:00:00,27.75,27.75,27.75,27.75,1806
2025-06-29,10:00:00,28.2,28.46,28.12,28.4,112193
2025-06-29,11:00:00,28.38,28.6,28.34,28.54,63752
2025-06-29,12:00:00,28.56,28.6,28.42,28.54,30377
2025-06-29,13:00:00,28.54,28.9,28.5,28.68,59866
2025-06-29,14:00:00,28.7,28.9,28.7,28.84,53782
2025-06-29,15:00:00,28.92,28.92,28.92,28.92,16575
2025-06-30,10:00:00,28.98,29.0,28.66,28.8,109056
2025-06-30,11:00:00,28.78,28.84,28.72,28.72,41884
2025-06-30,12:00:00,28.72,28.84,28.7,28.78,37503
2025-06-30,13:00:00,28.76,28.78,28.7,28.72,35310
2025-06-30,14:00:00,28.7,28.76,28.62,28.72,49749
2025-06-30,15:00:00,28.98,28.98,28.98,28.98,45012
2025-07-01,10:00:00,29.0,29.2,28.74,28.8,97016
2025-07-01,11:00:00,28.8,28.86,28.76,28.8,43646
2025-07-01,12:00:00,28.8,28.84,28.64,28.68,38996
2025-07-01,13:00:00,28.68,28.68,28.4,28.46,41354
2025-07-01,14:00:00,28.44,28.54,28.38,28.48,58793
2025-07-01,15:00:00,28.5,28.5,28.5,28.5,6733
2025-07-02,10:00:00,28.52,28.54,28.32,28.44,70906
2025-07-02,11:00:00,28.44,28.5,28.3,28.3,62267
2025-07-02,12:00:00,28.28,28.52,28.0,28.42,61487
2025-07-02,13:00:00,28.42,28.42,28.2,28.26,29835
2025-07-02,14:00:00,28.26,28.34,28.18,28.3,20166
2025-07-02,15:00:00,28.3,28.3,28.3,28.3,3385
2025-07-03,10:00:00,28.2,28.48,28.2,28.24,23232
2025-07-03,11:00:00,28.28,28.42,28.24,28.42,24120
2025-07-03,12:00:00,28.44,28.46,28.2,28.24,34598
2025-07-03,13:00:00,28.24,28.4,28.24,28.4,27239
2025-07-03,14:00:00,28.42,28.44,28.3,28.42,40494
2025-07-03,15:00:00,28.32,28.32,28.32,28.32,10072
2025-07-06,10:00:00,28.6,30.4,28.58,29.96,667196
2025-07-06,11:00:00,29.96,30.1,29.88,30.0,136326
2025-07-06,12:00:00,30.0,30.02,29.84,29.98,65213
2025-07-06,13:00:00,29.98,30.14,29.86,29.94,120069
2025-07-06,14:00:00,29.94,30.02,29.5,29.86,107250
2025-07-06,15:00:00,29.86,29.86,29.86,29.86,7718
2025-07-07,10:00:00,29.86,30.02,29.38,29.4,150673
2025-07-07,11:00:00,29.38,29.5,29.38,29.5,49067
2025-07-07,12:00:00,29.48,29.52,29.38,29.38,43285
2025-07-07,13:00:00,29.4,29.52,29.3,29.48,38582
2025-07-07,14:00:00,29.48,29.68,29.44,29.66,60903
2025-07-07,15:00:00,29.84,29.84,29.84,29.84,13491
2025-07-08,10:00:00,29.8,29.8,29.4,29.44,88453
2025-07-08,11:00:00,29.46,29.48,29.3,29.34,46564
2025-07-08,12:00:00,29.34,29.38,29.28,29.3,51594
2025-07-08,13:00:00,29.28,29.32,29.12,29.12,49329
2025-07-08,14:00:00,29.12,29.28,29.08,29.18,60488
2025-07-08,15:00:00,29.16,29.16,29.16,29.16,13724
2025-07-09,10:00:00,29.0,29.3,28.78,29.16,102470
2025-07-09,11:00:00,29.12,29.2,29.0,29.04,44851
2025-07-09,12:00:00,29.08,29.26,29.02,29.24,32435
2025-07-09,13:00:00,29.22,29.32,29.08,29.3,62408
2025-07-09,14:00:00,29.3,29.4,29.24,29.32,47226
2025-07-09,15:00:00,29.3,29.3,29.3,29.3,2268
2025-07-10,10:00:00,29.26,29.5,29.2,29.26,51423
2025-07-10,11:00:00,29.24,29.36,29.18,29.2,37626
2025-07-10,12:00:00,29.24,29.4,29.2,29.36,26833
2025-07-10,13:00:00,29.36,29.4,29.2,29.38,57552
2025-07-10,14:00:00,29.4,29.86,29.34,29.82,241823
2025-07-10,15:00:00,29.88,29.88,29.88,29.88,33672
2025-07-13,10:00:00,30.16,31.34,30.16,31.02,951860
2025-07-13,11:00:00,31.02,31.52,30.7,31.42,383574
2025-07-13,12:00:00,31.42,31.46,31.1,31.2,179192
2025-07-13,13:00:00,31.18,31.2,30.82,30.9,166426
2025-07-13,14:00:00,30.88,31.0,30.48,30.48,145230
2025-07-13,15:00:00,30.44,30.44,30.44,30.44,16787
2025-07-14,10:00:00,30.44,31.02,30.38,30.62,263477
2025-07-14,11:00:00,30.62,30.64,30.18,30.26,98618
2025-07-14,12:00:00,30.22,30.3,29.72,30.24,141999
2025-07-14,13:00:00,30.24,30.36,30.1,30.2,57549
2025-07-14,14:00:00,30.2,30.44,30.18,30.38,42650
2025-07-14,15:00:00,30.22,30.22,30.22,30.22,11150
2025-07-15,10:00:00,30.32,30.54,30.28,30.32,53896
2025-07-15,11:00:00,30.32,30.4,30.1,30.14,55385
2025-07-15,12:00:00,30.14,30.22,30.02,30.1,26043
2025-07-15,13:00:00,30.08,30.18,29.98,30.1,53630
2025-07-15,14:00:00,30.08,30.1,29.86,29.92,85971
2025-07-15,15:00:00,29.92,29.92,29.92,29.92,9725
2025-07-16,10:00:00,29.92,30.26,29.9,30.08,45830
2025-07-16,11:00:00,30.08,30.12,29.8,29.86,22069
2025-07-16,12:00:00,29.84,29.9,29.8,29.9,15995
2025-07-16,13:00:00,29.86,29.86,29.42,29.46,62092
2025-07-16,14:00:00,29.44,29.68,29.3,29.48,65229
2025-07-16,15:00:00,29.5,29.5,29.5,29.5,1542
2025-07-17,10:00:00,29.4,29.6,29.3,29.34,74095
2025-07-17,11:00:00,29.34,29.36,28.98,28.98,92193
2025-07-17,12:00:00,28.98,29.12,28.88,28.88,47553
2025-07-17,13:00:00,28.9,29.22,28.9,29.22,36772
2025-07-17,14:00:00,29.24,29.36,29.14,29.28,36760
2025-07-17,15:00:00,29.18,29.18,29.18,29.18,1904
2025-07-20,10:00:00,29.2,29.78,29.2,29.38,40740
2025-07-20,11:00:00,29.4,29.4,29.16,29.3,33617
2025-07-20,12:00:00,29.28,29.5,29.24,29.4,16896
2025-07-20,13:00:00,29.36,29.4,29.26,29.3,37257
2025-07-20,14:00:00,29.3,29.36,29.2,29.22,27132
2025-07-20,15:00:00,29.2,29.2,29.2,29.2,7097
2025-07-21,10:00:00,29.18,29.38,28.76,28.96,86055
2025-07-21,11:00:00,28.98,29.16,28.98,29.0,20195
2025-07-21,12:00:00,28.98,29.04,28.8,29.0,40688
2025-07-21,13:00:00,29.0,29.08,28.8,28.88,39299
2025-07-21,14:00:00,28.88,29.0,28.86,28.98,28777
2025-07-21,15:00:00,28.98,28.98,28.98,28.98,6450
2025-07-22,10:00:00,29.0,29.1,28.32,28.5,82610
2025-07-22,11:00:00,28.44,28.44,28.22,28.26,37484
2025-07-22,12:00:00,28.26,28.36,28.22,28.32,19757
2025-07-22,13:00:00,28.34,28.5,28.3,28.42,30333
2025-07-22,14:00:00,28.42,28.42,28.22,28.3,35892
2025-07-22,15:00:00,28.12,28.12,28.12,28.12,9895
2025-07-23,10:00:00,28.02,29.0,28.02,28.36,55332
2025-07-23,11:00:00,28.34,28.44,28.26,28.4,25354
2025-07-23,12:00:00,28.4,28.6,28.38,28.48,11912
2025-07-23,13:00:00,28.48,28.7,28.48,28.66,20392
2025-07-23,14:00:00,28.62,28.68,28.38,28.38,25112
2025-07-23,15:00:00,28.4,28.4,28.4,28.4,2292
2025-07-24,10:00:00,28.4,28.48,28.2,28.24,35809
2025-07-24,11:00:00,28.24,28.26,28.1,28.1,37330
2025-07-24,12:00:00,28.12,28.3,28.08,28.14,34857
2025-07-24,13:00:00,28.14,28.24,28.0,28.0,43551
2025-07-24,14:00:00,28.02,28.02,27.74,27.98,78838
2025-07-24,15:00:00,27.8,27.8,27.8,27.8,2187
2025-07-27,10:00:00,27.8,28.02,27.8,27.98,45255
2025-07-27,11:00:00,27.98,28.04,27.86,28.04,42930
2025-07-27,12:00:00,28.04,28.14,28.0,28.04,12237
2025-07-27,13:00:00,28.04,28.5,28.02,28.16,91246
2025-07-27,14:00:00,28.2,28.4,28.08,28.12,27563
2025-07-27,15:00:00,28.36,28.36,28.36,28.36,4802
2025-07-28,10:00:00,28.36,28.44,27.98,28.1,41524
2025-07-28,11:00:00,28.08,28.14,28.0,28.04,21406
2025-07-28,12:00:00,28.04,28.04,27.78,27.84,41200
2025-07-28,13:00:00,27.9,27.98,27.78,27.88,24589
2025-07-28,14:00:00,27.9,28.08,27.8,28.06,38134
2025-07-28,15:00:00,28.06,28.06,28.06,28.06,4268
2025-07-29,10:00:00,28.16,28.16,27.56,27.7,48745
2025-07-29,11:00:00,27.68,27.86,27.64,27.64,15405
2025-07-29,12:00:00,27.62,27.78,27.62,27.66,20519
2025-07-29,13:00:00,27.68,27.8,27.64,27.8,20388
2025-07-29,14:00:00,27.8,27.88,27.72,27.82,23665
2025-07-29,15:00:00,27.82,27.82,27.82,27.82,1460
2025-07-30,10:00:00,27.9,28.0,27.62,27.86,27941
2025-07-30,11:00:00,27.8,27.96,27.72,27.96,7587
2025-07-30,12:00:00,27.96,28.0,27.82,27.84,11723
2025-07-30,13:00:00,27.86,28.16,27.86,28.1,15304
2025-07-30,14:00:00,28.1,28.18,27.96,27.98,25510
2025-07-30,15:00:00,28.0,28.0,28.0,28.0,125
2025-07-31,10:00:00,27.98,27.98,27.8,27.94,15635
2025-07-31,11:00:00,27.94,28.06,27.9,27.94,12105
2025-07-31,12:00:00,27.96,27.98,27.82,27.94,12168
2025-07-31,13:00:00,27.92,28.14,27.88,28.04,23688
2025-07-31,14:00:00,28.04,28.04,27.92,27.92,17942
2025-07-31,15:00:00,27.94,27.94,27.94,27.94,1932
2025-08-03,10:00:00,27.6,27.9,27.52,27.6,29429
2025-08-03,11:00:00,27.58,27.64,27.48,27.48,27818
2025-08-03,12:00:00,27.46,27.52,27.3,27.42,33509
2025-08-03,13:00:00,27.4,27.44,27.32,27.38,11720
2025-08-03,14:00:00,27.4,27.7,27.38,27.64,23896
2025-08-03,15:00:00,27.62,27.62,27.62,27.62,2981
2025-08-04,10:00:00,27.64,27.74,27.4,27.72,62463
2025-08-04,11:00:00,27.72,27.74,27.6,27.66,10636
2025-08-04,12:00:00,27.68,27.9,27.64,27.82,23897
2025-08-04,13:00:00,27.8,27.96,27.78,27.78,24818
2025-08-04,14:00:00,27.78,27.82,27.4,27.66,31132
2025-08-04,15:00:00,27.66,27.66,27.66,27.66,660
2025-08-05,10:00:00,27.8,27.84,27.68,27.72,21096
2025-08-05,11:00:00,27.76,27.78,27.64,27.64,11600
2025-08-05,12:00:00,27.62,27.64,27.46,27.5,30790
2025-08-05,13:00:00,27.5,27.64,27.46,27.58,21851
2025-08-05,14:00:00,27.62,27.7,27.56,27.56,36677
2025-08-05,15:00:00,27.66,27.66,27.66,27.66,1765
2025-08-06,10:00:00,27.74,28.54,27.74,28.4,199045
2025-08-06,11:00:00,28.42,28.78,28.34,28.42,76448
2025-08-06,12:00:00,28.36,28.5,28.24,28.48,32807
2025-08-06,13:00:00,28.5,28.52,28.4,28.52,19639
2025-08-06,14:00:00,28.52,28.86,28.44,28.6,79925
2025-08-06,15:00:00,28.5,28.5,28.5,28.5,20620
2025-08-07,10:00:00,28.78,28.8,28.54,28.64,34141
2025-08-07,11:00:00,28.66,28.72,28.58,28.64,24421
2025-08-07,12:00:00,28.62,28.62,28.42,28.48,15616
2025-08-07,13:00:00,28.48,28.6,28.36,28.6,58492
2025-08-07,14:00:00,28.58,28.58,28.4,28.48,37911
2025-08-07,15:00:00,28.46,28.46,28.46,28.46,2151
2025-08-10,10:00:00,28.96,29.02,28.46,28.72,84298
2025-08-10,11:00:00,28.72,28.72,28.56,28.68,23304
2025-08-10,12:00:00,28.66,28.8,28.6,28.74,19136
2025-08-10,13:00:00,28.72,28.78,28.6,28.6,13244
2025-08-10,14:00:00,28.62,28.68,28.5,28.56,27182
2025-08-10,15:00:00,28.56,28.56,28.56,28.56,2599
2025-08-11,10:00:00,28.6,28.6,28.18,28.2,29073
2025-08-11,11:00:00,28.22,28.24,27.94,28.0,33861
2025-08-11,12:00:00,28.0,28.08,27.98,28.02,13243
2025-08-11,13:00:00,28.02,28.06,27.96,28.06,27474
2025-08-11,14:00:00,28.06,28.08,27.96,28.08,23287
2025-08-11,15:00:00,27.98,27.98,27.98,27.98,9730
2025-08-12,10:00:00,27.98,28.14,27.76,27.98,23781
2025-08-12,11:00:00,27.98,28.28,27.92,28.02,37965
2025-08-12,12:00:00,28.06,28.1,27.78,27.8,24756
2025-08-12,13:00:00,27.82,27.88,27.78,27.8,18264
2025-08-12,14:00:00,27.8,27.94,27.78,27.86,14335
2025-08-12,15:00:00,27.86,27.86,27.86,27.86,9550
2025-08-13,10:00:00,28.38,28.38,28.0,28.12,29377
2025-08-13,11:00:00,28.1,28.1,27.9,28.02,36954
2025-08-13,12:00:00,28.02,28.04,27.88,27.9,9913
2025-08-13,13:00:00,27.88,27.92,27.86,27.9,8853
2025-08-13,14:00:00,27.92,27.94,27.72,27.84,13254
2025-08-13,15:00:00,27.82,27.82,27.82,27.82,1142
2025-08-14,10:00:00,27.52,28.68,27.52,28.06,46143
2025-08-14,11:00:00,28.08,28.18,28.0,28.1,16441
2025-08-14,12:00:00,28.06,28.2,28.06,28.12,14682
2025-08-14,13:00:00,28.12,28.14,28.06,28.08,14664
2025-08-14,14:00:00,28.08,28.2,28.04,28.1,26120
2025-08-14,15:00:00,28.02,28.02,28.02,28.02,1630
2025-08-17,10:00:00,27.88,28.12,27.88,28.08,66220
2025-08-17,11:00:00,28.08,28.12,28.02,28.06,26149
2025-08-17,12:00:00,28.06,28.22,28.04,28.04,44903
2025-08-17,13:00:00,28.08,28.12,27.86,27.92,53576
2025-08-17,14:00:00,27.94,28.0,27.82,27.98,51643
2025-08-17,15:00:00,27.9,27.9,27.9,27.9,542
2025-08-18,10:00:00,27.9,28.04,27.74,27.76,33519
2025-08-18,11:00:00,27.76,27.76,27.72,27.76,87879
2025-08-18,12:00:00,27.76,27.76,27.62,27.64,50153
2025-08-18,13:00:00,27.64,27.68,27.46,27.56,60879
2025-08-18,14:00:00,27.56,27.62,27.5,27.56,28710
2025-08-18,15:00:00,27.5,27.5,27.5,27.5,7903
2025-08-19,10:00:00,27.5,27.5,27.3,27.34,47738
2025-08-19,11:00:00,27.34,27.42,27.3,27.36,31854
2025-08-19,12:00:00,27.36,27.6,27.3,27.6,60160
2025-08-19,13:00:00,27.58,27.8,27.48,27.68,132979
2025-08-19,14:00:00,27.7,27.74,27.46,27.52,37415
2025-08-19,15:00:00,27.48,27.48,27.48,27.48,8350
2025-08-20,10:00:00,27.48,27.7,27.42,27.52,39158
2025-08-20,11:00:00,27.54,27.64,27.5,27.58,30063
2025-08-20,12:00:00,27.58,27.6,27.5,27.54,16356
2025-08-20,13:00:00,27.52,27.54,27.38,27.4,49036
2025-08-20,14:00:00,27.4,27.4,27.22,27.24,48426
2025-08-20,15:00:00,27.24,27.24,27.24,27.24,6457
2025-08-21,10:00:00,27.24,27.34,27.12,27.34,23144
2025-08-21,11:00:00,27.3,27.3,27.0,27.08,41206
2025-08-21,12:00:00,27.12,27.24,27.12,27.16,53558
2025-08-21,13:00:00,27.14,27.18,27.02,27.04,27895
2025-08-21,14:00:00,27.02,27.2,27.0,27.14,31972
2025-08-21,15:00:00,27.0,27.0,27.0,27.0,19111
2025-08-24,10:00:00,27.04,27.6,27.02,27.58,72854
2025-08-24,11:00:00,27.58,27.84,27.54,27.66,76365
2025-08-24,12:00:00,27.68,27.68,27.52,27.54,11799
2025-08-24,13:00:00,27.54,27.56,27.34,27.34,31177
2025-08-24,14:00:00,27.36,27.58,27.3,27.52,41145
2025-08-24,15:00:00,27.52,27.52,27.52,27.52,4106
2025-08-25,10:00:00,27.48,27.78,27.48,27.56,42556
2025-08-25,11:00:00,27.6,27.7,27.5,27.56,22669
2025-08-25,12:00:00,27.54,27.62,27.42,27.42,13519
2025-08-25,13:00:00,27.42,27.5,27.34,27.42,37008
2025-08-25,14:00:00,27.48,27.6,27.34,27.5,43309
2025-08-25,15:00:00,27.58,27.58,27.58,27.58,7434
2025-08-26,10:00:00,27.6,27.6,27.38,27.46,15425
2025-08-26,11:00:00,27.38,27.48,27.36,27.38,15584
2025-08-26,12:00:00,27.38,27.52,27.34,27.52,17410
2025-08-26,13:00:00,27.54,27.6,27.46,27.56,18811
2025-08-26,14:00:00,27.56,27.56,27.32,27.36,49532
2025-08-26,15:00:00,27.36,27.36,27.36,27.36,29118
2025-08-27,10:00:00,27.52,27.54,27.36,27.36,25224
2025-08-27,11:00:00,27.38,27.54,27.36,27.5,25287
2025-08-27,12:00:00,27.44,27.48,27.3,27.44,14869
2025-08-27,13:00:00,27.44,27.48,27.36,27.44,15550
2025-08-27,14:00:00,27.44,27.46,27.26,27.28,35811
2025-08-27,15:00:00,27.28,27.28,27.28,27.28,2264
2025-08-28,10:00:00,27.3,27.94,27.3,27.68,123253
2025-08-28,11:00:00,27.68,28.42,27.66,28.08,236581
2025-08-28,12:00:00,28.12,28.22,27.92,28.04,66596
2025-08-28,13:00:00,28.04,28.42,28.0,28.04,78792
2025-08-28,14:00:00,28.04,28.46,27.98,28.3,91078
2025-08-28,15:00:00,28.28,28.28,28.28,28.28,11142
2025-08-31,10:00:00,28.3,28.38,28.02,28.08,36631
2025-08-31,11:00:00,28.1,28.12,27.92,27.94,27696
2025-08-31,12:00:00,27.96,27.96,27.7,27.74,49954
2025-08-31,13:00:00,27.72,27.8,27.5,27.5,50163
2025-08-31,14:00:00,27.5,27.88,27.0,27.7,85396
2025-08-31,15:00:00,27.9,27.9,27.9,27.9,7566
2025-09-01,10:00:00,27.9,28.02,27.48,27.88,74721
2025-09-01,11:00:00,27.86,27.86,27.66,27.72,23002
2025-09-01,12:00:00,27.74,28.02,27.68,27.92,28241
2025-09-01,13:00:00,27.92,28.0,27.7,27.82,26587
2025-09-01,14:00:00,27.76,27.94,27.66,27.86,33572
2025-09-01,15:00:00,27.86,27.86,27.86,27.86,7057
2025-09-02,10:00:00,27.86,27.98,27.42,27.68,32885
2025-09-02,11:00:00,27.68,27.68,27.58,27.66,16936
2025-09-02,12:00:00,27.66,27.82,27.56,27.78,82164
2025-09-02,13:00:00,27.82,27.88,27.64,27.78,67126
2025-09-02,14:00:00,27.8,27.8,27.5,27.76,44860
2025-09-02,15:00:00,27.78,27.78,27.78,27.78,2284
2025-09-03,10:00:00,27.76,27.8,27.54,27.78,29182
2025-09-03,11:00:00,27.78,27.78,27.5,27.56,34957
2025-09-03,12:00:00,27.58,27.76,27.5,27.66,25628
2025-09-03,13:00:00,27.66,27.72,27.58,27.58,8554
2025-09-03,14:00:00,27.56,27.6,27.52,27.54,32824
2025-09-03,15:00:00,27.62,27.62,27.62,27.62,1060
2025-09-04,10:00:00,27.54,27.78,27.32,27.78,26701
2025-09-04,11:00:00,27.78,28.1,27.74,27.74,69856
2025-09-04,12:00:00,27.74,27.78,27.54,27.58,23340
2025-09-04,13:00:00,27.64,27.7,27.44,27.54,26319
2025-09-04,14:00:00,27.54,27.58,27.42,27.44,24141
2025-09-04,15:00:00,27.58,27.58,27.58,27.58,2215
2025-09-07,10:00:00,27.58,27.96,27.36,27.38,46449
2025-09-07,11:00:00,27.36,27.4,27.1,27.16,34936
2025-09-07,12:00:00,27.18,27.22,27.08,27.1,41199
2025-09-07,13:00:00,27.18,27.18,26.52,26.58,176617
2025-09-07,14:00:00,26.6,26.7,26.38,26.58,179760
2025-09-07,15:00:00,26.6,26.6,26.6,26.6,4013
2025-09-08,10:00:00,26.58,26.8,26.34,26.56,63786
2025-09-08,11:00:00,26.6,26.7,26.46,26.46,14596
2025-09-08,12:00:00,26.46,26.46,26.06,26.3,31333
2025-09-08,13:00:00,26.38,26.4,26.16,26.24,17786
2025-09-08,14:00:00,26.2,26.4,26.1,26.34,21886
2025-09-08,15:00:00,26.48,26.48,26.48,26.48,1450
2025-09-09,10:00:00,26.3,26.3,26.1,26.18,46398
2025-09-09,11:00:00,26.16,26.22,26.1,26.12,22921
2025-09-09,12:00:00,26.14,26.14,25.96,26.08,34195
2025-09-09,13:00:00,26.08,26.2,26.06,26.14,12543
2025-09-09,14:00:00,26.1,26.66,26.1,26.66,49375
2025-09-09,15:00:00,26.68,26.68,26.68,26.68,22438
2025-09-10,10:00:00,26.5,26.52,26.16,26.38,16448
2025-09-10,11:00:00,26.38,26.4,26.1,26.1,15336
2025-09-10,12:00:00,26.1,26.3,26.06,26.3,20769
2025-09-10,13:00:00,26.3,26.3,25.98,26.06,62613
2025-09-10,14:00:00,26.06,26.08,25.96,26.04,24857
2025-09-10,15:00:00,26.1,26.1,26.1,26.1,5431
2025-09-11,10:00:00,26.12,26.16,25.96,26.0,28740
2025-09-11,11:00:00,26.0,26.02,25.76,25.76,28784
2025-09-11,12:00:00,25.78,25.86,25.58,25.68,29745
2025-09-11,13:00:00,25.62,25.8,25.52,25.7,18591
2025-09-11,14:00:00,25.7,25.74,25.56,25.62,23464
2025-09-11,15:00:00,25.7,25.7,25.7,25.7,3303
2025-09-14,10:00:00,25.7,25.8,25.5,25.58,19804
2025-09-14,11:00:00,25.6,25.7,25.36,25.68,17316
2025-09-14,12:00:00,25.7,25.74,25.52,25.64,8619
2025-09-14,13:00:00,25.66,25.98,25.58,25.88,15050
2025-09-14,14:00:00,25.84,25.92,25.7,25.8,22794
2025-09-14,15:00:00,25.88,25.88,25.88,25.88,1558
2025-09-15,10:00:00,25.88,26.26,25.62,25.96,78362
2025-09-15,11:00:00,25.98,26.24,25.98,26.14,21479
2025-09-15,12:00:00,26.12,26.26,25.98,26.04,24776
2025-09-15,13:00:00,26.04,26.24,25.9,26.0,10948
2025-09-15,14:00:00,26.02,26.1,25.86,25.98,24894
2025-09-15,15:00:00,26.2,26.2,26.2,26.2,1300
2025-09-16,10:00:00,26.3,26.38,26.12,26.3,25714
2025-09-16,11:00:00,26.3,26.3,26.16,26.2,8173
2025-09-16,12:00:00,26.2,26.44,26.16,26.42,42028
2025-09-16,13:00:00,26.44,26.58,26.4,26.5,48343
2025-09-16,14:00:00,26.5,26.62,26.42,26.54,29115
2025-09-16,15:00:00,26.58,26.58,26.58,26.58,2919
2025-09-17,10:00:00,26.72,26.78,26.56,26.72,40606
2025-09-17,11:00:00,26.72,26.72,26.56,26.56,16844
2025-09-17,12:00:00,26.56,26.64,26.56,26.64,8763
2025-09-17,13:00:00,26.64,26.74,26.62,26.68,10934
2025-09-17,14:00:00,26.68,26.76,26.66,26.7,48879
2025-09-17,15:00:00,26.7,26.7,26.7,26.7,3187
2025-09-18,10:00:00,26.88,26.88,26.56,26.66,26444
2025-09-18,11:00:00,26.66,26.84,26.62,26.78,16136
2025-09-18,12:00:00,26.82,27.0,26.72,26.98,34216
2025-09-18,13:00:00,27.0,27.0,26.88,26.94,17093
2025-09-18,14:00:00,26.92,26.94,26.74,26.82,77414
2025-09-18,15:00:00,27.34,27.34,27.34,27.34,51052
2025-09-21,10:00:00,27.54,27.54,27.28,27.36,76639
2025-09-21,11:00:00,27.34,27.58,27.34,27.42,22720
2025-09-21,12:00:00,27.42,27.5,27.4,27.44,25993
2025-09-21,13:00:00,27.46,27.52,27.32,27.32,58139
2025-09-21,14:00:00,27.32,27.32,27.06,27.08,63786
2025-09-21,15:00:00,27.08,27.08,27.08,27.08,16573
2025-09-22,10:00:00,26.84,27.24,26.84,27.24,61576
2025-09-22,11:00:00,27.24,27.38,27.1,27.22,62741
2025-09-22,12:00:00,27.16,27.16,26.0,26.88,75593
2025-09-22,13:00:00,26.9,26.94,26.82,26.9,18887
2025-09-22,14:00:00,26.92,26.96,26.8,26.8,37599
2025-09-22,15:00:00,26.64,26.64,26.64,26.64,36204
2025-09-24,10:00:00,27.0,27.6,26.8,27.34,162816
2025-09-24,11:00:00,27.3,27.44,27.28,27.38,64561
2025-09-24,12:00:00,27.38,27.6,27.34,27.48,169089
2025-09-24,13:00:00,27.5,27.62,27.46,27.6,58209
2025-09-24,14:00:00,27.56,27.68,27.5,27.68,59438
2025-09-24,15:00:00,27.68,27.68,27.68,27.68,3770
2025-09-25,10:00:00,27.8,27.84,27.3,27.32,103900
2025-09-25,11:00:00,27.32,27.44,27.18,27.38,62146
2025-09-25,12:00:00,27.42,27.42,27.14,27.26,43788
2025-09-25,13:00:00,27.28,27.9,27.28,27.9,81014
2025-09-25,14:00:00,27.88,28.0,27.78,27.88,95114
2025-09-25,15:00:00,27.96,27.96,27.96,27.96,8803
2025-09-28,10:00:00,27.96,28.24,27.96,28.24,95577
2025-09-28,11:00:00,28.26,28.52,28.26,28.42,134201
2025-09-28,12:00:00,28.4,28.44,28.36,28.36,26659
2025-09-28,13:00:00,28.36,28.4,28.22,28.32,31173
2025-09-28,14:00:00,28.28,28.28,27.84,27.88,92871
2025-09-28,15:00:00,27.88,27.88,27.88,27.88,5189
2025-09-29,10:00:00,27.92,28.1,27.82,28.04,65100
2025-09-29,11:00:00,28.04,28.12,27.9,27.98,51232
2025-09-29,12:00:00,27.98,28.26,27.98,28.16,66840
2025-09-29,13:00:00,28.16,28.22,28.1,28.2,73198
2025-09-29,14:00:00,28.24,28.38,28.14,28.16,183109
2025-09-29,15:00:00,28.32,28.32,28.32,28.32,6126
2025-09-30,10:00:00,28.32,28.92,28.16,28.46,309912
2025-09-30,11:00:00,28.48,28.5,28.26,28.32,172429
2025-09-30,12:00:00,28.32,28.32,28.02,28.12,177224
2025-09-30,13:00:00,28.1,28.32,28.1,28.16,127260
2025-09-30,14:00:00,28.16,28.26,28.08,28.22,78084
2025-09-30,15:00:00,27.62,27.62,27.62,27.62,634822
2025-10-01,10:00:00,27.88,28.86,27.8,28.68,574965
2025-10-01,11:00:00,28.62,29.12,28.52,28.88,478393
2025-10-01,12:00:00,28.88,28.94,28.72,28.76,133176
2025-10-01,13:00:00,28.74,28.96,28.68,28.82,130022
2025-10-01,14:00:00,28.8,28.86,28.5,28.58,116343
2025-10-01,15:00:00,28.5,28.5,28.5,28.5,14515
2025-10-02,10:00:00,28.8,28.8,28.32,28.42,125039
2025-10-02,11:00:00,28.48,28.5,28.2,28.3,123403
2025-10-02,12:00:00,28.26,28.32,28.14,28.28,66932
2025-10-02,13:00:00,28.26,28.3,28.0,28.1,179688
2025-10-02,14:00:00,28.1,28.1,27.98,28.02,91023
2025-10-02,15:00:00,28.08,28.08,28.08,28.08,13003
2025-10-05,10:00:00,28.1,28.5,28.1,28.3,121490
2025-10-05,11:00:00,28.3,28.46,28.28,28.4,78703
2025-10-05,12:00:00,28.4,28.4,28.12,28.14,59681
2025-10-05,13:00:00,28.16,28.24,28.08,28.14,107925
2025-10-05,14:00:00,28.14,28.2,27.98,28.06,114284
2025-10-05,15:00:00,28.08,28.08,28.08,28.08,2723
2025-10-06,10:00:00,28.18,28.56,28.08,28.44,213105
2025-10-06,11:00:00,28.44,28.46,28.08,28.1,134419
2025-10-06,12:00:00,28.08,28.12,27.88,27.98,220872
2025-10-06,13:00:00,28.0,28.06,27.96,28.02,65301
2025-10-06,14:00:00,28.0,28.1,27.92,28.0,180365
2025-10-06,15:00:00,28.0,28.0,28.0,28.0,5164
2025-10-07,10:00:00,28.08,28.22,27.9,28.04,125225
2025-10-07,11:00:00,28.0,28.06,27.92,27.98,114116
2025-10-07,12:00:00,27.96,28.04,27.92,28.0,100759
2025-10-07,13:00:00,28.02,28.06,27.8,27.82,144228
2025-10-07,14:00:00,27.82,27.92,27.76,27.92,97493
2025-10-07,15:00:00,27.84,27.84,27.84,27.84,13800
2025-10-08,10:00:00,27.84,27.94,27.66,27.66,89178
2025-10-08,11:00:00,27.66,27.68,27.3,27.34,220632
2025-10-08,12:00:00,27.34,27.38,27.26,27.36,118947
2025-10-08,13:00:00,27.36,27.44,27.34,27.38,38695
2025-10-08,14:00:00,27.36,27.38,27.14,27.28,195132
2025-10-08,15:00:00,27.4,27.4,27.4,27.4,74511
2025-10-09,10:00:00,27.48,27.74,27.48,27.48,144318
2025-10-09,11:00:00,27.48,27.56,27.4,27.5,43826
2025-10-09,12:00:00,27.48,27.48,27.38,27.4,53063
2025-10-09,13:00:00,27.42,27.42,27.26,27.38,106125
2025-10-09,14:00:00,27.34,27.6,27.32,27.48,91524
2025-10-09,15:00:00,27.42,27.42,27.42,27.42,16701
2025-10-12,10:00:00,26.9,27.12,26.74,27.08,163042
2025-10-12,11:00:00,27.06,27.26,27.06,27.26,35578
2025-10-12,12:00:00,27.24,27.26,27.06,27.12,33259
2025-10-12,13:00:00,27.12,27.14,27.04,27.14,32821
2025-10-12,14:00:00,27.12,27.22,27.02,27.08,53874
2025-10-12,15:00:00,27.02,27.02,27.02,27.02,20823
2025-10-13,10:00:00,27.12,27.44,27.12,27.44,76783
2025-10-13,11:00:00,27.44,27.66,27.42,27.52,103802
2025-10-13,12:00:00,27.54,27.62,27.5,27.56,69281
2025-10-13,13:00:00,27.58,28.0,27.5,27.94,265743
2025-10-13,14:00:00,27.92,28.22,27.88,28.16,376780
2025-10-13,15:00:00,28.16,28.16,28.16,28.16,9491
2025-10-14,10:00:00,28.16,28.34,27.82,27.86,366497
2025-10-14,11:00:00,27.86,27.9,27.76,27.82,69948
2025-10-14,12:00:00,27.84,27.84,27.7,27.8,66865
2025-10-14,13:00:00,27.8,27.82,27.62,27.68,92259
2025-10-14,14:00:00,27.68,27.76,27.6,27.64,67630
2025-10-14,15:00:00,27.6,27.6,27.6,27.6,3320
2025-10-15,10:00:00,27.6,27.7,27.46,27.52,68431
2025-10-15,11:00:00,27.52,27.66,27.5,27.64,53620
2025-10-15,12:00:00,27.64,27.78,27.58,27.72,51248
2025-10-15,13:00:00,27.72,27.72,27.5,27.58,61023
2025-10-15,14:00:00,27.58,27.74,27.48,27.74,64508
2025-10-15,15:00:00,27.54,27.54,27.54,27.54,4818
2025-10-16,10:00:00,27.6,27.6,27.46,27.46,46158
2025-10-16,11:00:00,27.44,27.52,27.4,27.52,66109
2025-10-16,12:00:00,27.52,27.6,27.48,27.48,30930
2025-10-16,13:00:00,27.5,27.56,27.46,27.46,34750
2025-10-16,14:00:00,27.44,27.44,27.28,27.38,88985
2025-10-16,15:00:00,27.6,27.6,27.6,27.6,15863
2025-10-19,10:00:00,27.62,27.66,27.4,27.48,102178
2025-10-19,11:00:00,27.46,27.66,27.4,27.44,74391
2025-10-19,12:00:00,27.5,27.5,27.3,27.32,44383
2025-10-19,13:00:00,27.32,27.4,27.28,27.34,57396
2025-10-19,14:00:00,27.34,27.38,27.28,27.36,60065
2025-10-19,15:00:00,27.22,27.22,27.22,27.22,11821
2025-10-20,10:00:00,27.26,27.3,27.02,27.02,113818
2025-10-20,11:00:00,27.06,27.08,26.96,27.02,58538
2025-10-20,12:00:00,27.02,27.02,26.8,26.84,122458
2025-10-20,13:00:00,26.84,26.92,26.74,26.74,122249
2025-10-20,14:00:00,26.76,26.82,26.7,26.82,95862
2025-10-20,15:00:00,26.76,26.76,26.76,26.76,10457
2025-10-21,10:00:00,26.78,26.78,26.22,26.36,112969
2025-10-21,11:00:00,26.36,26.48,26.28,26.36,34849
2025-10-21,12:00:00,26.34,26.38,26.28,26.3,42337
2025-10-21,13:00:00,26.32,26.34,26.28,26.32,37378
2025-10-21,14:00:00,26.32,26.34,26.26,26.28,60593
2025-10-21,15:00:00,26.08,26.08,26.08,26.08,46793
2025-10-22,10:00:00,26.08,26.26,26.08,26.18,40067
2025-10-22,11:00:00,26.18,26.42,26.12,26.16,126792
2025-10-22,12:00:00,26.14,26.2,26.06,26.08,35354
2025-10-22,13:00:00,26.08,26.16,26.02,26.1,46157
2025-10-22,14:00:00,26.12,26.22,26.08,26.16,49306
2025-10-22,15:00:00,26.16,26.16,26.16,26.16,1884
2025-10-23,10:00:00,26.16,26.36,26.06,26.08,29489
2025-10-23,11:00:00,26.08,26.14,26.06,26.12,22709
2025-10-23,12:00:00,26.12,26.18,26.12,26.16,14078
2025-10-23,13:00:00,26.18,26.36,26.18,26.32,42062
2025-10-23,14:00:00,26.34,26.62,26.34,26.48,74809
2025-10-23,15:00:00,26.6,26.6,26.6,26.6,13654
2025-10-26,10:00:00,26.6,26.8,26.54,26.6,70928
2025-10-26,11:00:00,26.6,26.68,26.6,26.68,16263
2025-10-26,12:00:00,26.68,26.7,26.6,26.66,15438
2025-10-26,13:00:00,26.64,26.66,26.5,26.58,17582
2025-10-26,14:00:00,26.52,26.66,26.52,26.58,12281
2025-10-26,15:00:00,26.58,26.58,26.58,26.58,1489
2025-10-27,10:00:00,26.78,26.78,26.54,26.6,30700
2025-10-27,11:00:00,26.64,26.74,26.6,26.6,8161
2025-10-27,12:00:00,26.62,26.62,26.54,26.58,22109
2025-10-27,13:00:00,26.58,26.62,26.52,26.54,19821
2025-10-27,14:00:00,26.52,26.56,26.48,26.52,26355
2025-10-27,15:00:00,26.58,26.58,26.58,26.58,6742
2025-10-28,10:00:00,26.5,26.58,26.42,26.5,24916
2025-10-28,11:00:00,26.54,26.58,26.46,26.5,31907
2025-10-28,12:00:00,26.58,26.58,26.5,26.5,12658
2025-10-28,13:00:00,26.5,26.64,26.48,26.56,24488
2025-10-28,14:00:00,26.56,26.6,26.5,26.6,40718
2025-10-28,15:00:00,26.58,26.58,26.58,26.58,6676
2025-10-29,10:00:00,26.48,26.62,26.48,26.58,30612
2025-10-29,11:00:00,26.58,26.6,26.42,26.48,23931
2025-10-29,12:00:00,26.48,26.54,26.42,26.5,18324
2025-10-29,13:00:00,26.5,26.66,26.5,26.66,44527
2025-10-29,14:00:00,26.62,26.86,26.62,26.86,89999
2025-10-29,15:00:00,26.82,26.82,26.82,26.82,4785
2025-10-30,10:00:00,26.82,27.24,26.82,27.16,121561
2025-10-30,11:00:00,27.16,27.24,27.04,27.04,58142
2025-10-30,12:00:00,27.04,27.08,27.02,27.08,26712
2025-10-30,13:00:00,27.1,27.3,27.02,27.02,154465
2025-10-30,14:00:00,27.04,27.08,26.82,26.94,85196
2025-10-30,15:00:00,27.02,27.02,27.02,27.02,4720
2025-11-02,10:00:00,27.52,27.9,27.5,27.58,470285
2025-11-02,11:00:00,27.6,27.78,27.44,27.44,103552
2025-11-02,12:00:00,27.42,27.58,27.42,27.46,56030
2025-11-02,13:00:00,27.46,27.52,27.4,27.42,51685
2025-11-02,14:00:00,27.42,27.58,27.34,27.54,136599
2025-11-02,15:00:00,27.54,27.54,27.54,27.54,11910
2025-11-03,10:00:00,27.68,27.76,27.38,27.5,135379
2025-11-03,11:00:00,27.5,27.5,27.1,27.24,108375
2025-11-03,12:00:00,27.24,27.28,27.0,27.06,57175
2025-11-03,13:00:00,27.12,27.26,27.1,27.22,61028
2025-11-03,14:00:00,27.22,27.24,27.06,27.06,145998
2025-11-03,15:00:00,27.06,27.06,27.06,27.06,7837
2025-11-04,10:00:00,27.02,27.08,26.9,26.98,45050
2025-11-04,11:00:00,26.96,27.18,26.92,27.1,50550
2025-11-04,12:00:00,27.1,27.12,26.94,27.0,44168
2025-11-04,13:00:00,27.0,27.24,26.98,27.2,75296
2025-11-04,14:00:00,27.14,27.2,27.04,27.14,56051
2025-11-04,15:00:00,27.18,27.18,27.18,27.18,9904
2025-11-05,10:00:00,27.32,27.32,26.7,26.86,74015
2025-11-05,11:00:00,26.88,26.88,26.76,26.82,39967
2025-11-05,12:00:00,26.84,26.96,26.82,26.84,28819
2025-11-05,13:00:00,26.86,26.94,26.72,26.74,37512
2025-11-05,14:00:00,26.74,26.78,26.46,26.52,62741
2025-11-05,15:00:00,26.48,26.48,26.48,26.48,11843
2025-11-06,10:00:00,26.38,26.68,26.38,26.54,49947
2025-11-06,11:00:00,26.52,26.58,26.48,26.54,23087
2025-11-06,12:00:00,26.56,26.68,26.44,26.46,44362
2025-11-06,13:00:00,26.46,26.62,26.36,26.62,46557
2025-11-06,14:00:00,26.62,26.66,26.48,26.54,52492
2025-11-06,15:00:00,26.54,26.54,26.54,26.54,9086
2025-11-09,10:00:00,27.0,27.0,26.3,26.42,42408
2025-11-09,11:00:00,26.42,26.5,26.2,26.24,28760
2025-11-09,12:00:00,26.24,26.4,26.1,26.34,20427
2025-11-09,13:00:00,26.3,26.52,26.28,26.46,23456
2025-11-09,14:00:00,26.46,26.54,26.26,26.34,28481
2025-11-09,15:00:00,26.26,26.26,26.26,26.26,3487
2025-11-10,10:00:00,26.12,26.48,26.12,26.2,29052
2025-11-10,11:00:00,26.2,26.32,26.12,26.18,71256
2025-11-10,12:00:00,26.16,26.2,26.14,26.14,22580
2025-11-10,13:00:00,26.16,26.22,26.14,26.2,22795
2025-11-10,14:00:00,26.22,26.42,26.2,26.38,49656
2025-11-10,15:00:00,26.34,26.34,26.34,26.34,878
2025-11-11,10:00:00,26.36,26.38,26.16,26.24,28312
2025-11-11,11:00:00,26.22,26.26,26.04,26.1,54542
2025-11-11,12:00:00,26.14,26.22,26.12,26.18,14623
2025-11-11,13:00:00,26.2,26.22,26.0,26.04,86361
2025-11-11,14:00:00,26.04,26.08,25.5,25.68,157732
2025-11-11,15:00:00,25.6,25.6,25.6,25.6,5139
2025-11-12,10:00:00,25.6,26.22,25.5,26.2,259161
2025-11-12,11:00:00,26.2,26.2,26.02,26.18,141822
2025-11-12,12:00:00,26.16,26.2,26.08,26.18,43155
2025-11-12,13:00:00,26.18,26.18,26.02,26.06,43573
2025-11-12,14:00:00,26.06,26.12,26.0,26.04,26251
2025-11-12,15:00:00,26.06,26.06,26.06,26.06,6532
2025-11-13,10:00:00,26.06,26.08,25.82,25.86,37342
2025-11-13,11:00:00,25.86,25.98,25.84,25.92,35993
2025-11-13,12:00:00,25.88,25.92,25.7,25.74,49467
2025-11-13,13:00:00,25.72,25.74,25.62,25.68,53701
2025-11-13,14:00:00,25.68,25.78,25.64,25.7,47218
2025-11-13,15:00:00,25.7,25.7,25.7,25.7,2111
2025-11-16,10:00:00,25.7,25.7,25.3,25.46,46985
2025-11-16,11:00:00,25.4,25.68,25.4,25.6,25612
2025-11-16,12:00:00,25.5,25.58,25.44,25.5,11062
2025-11-16,13:00:00,25.5,25.58,25.38,25.4,38759
2025-11-16,14:00:00,25.4,25.42,25.18,25.3,53231
2025-11-16,15:00:00,25.24,25.24,25.24,25.24,3149
2025-11-17,10:00:00,25.16,25.44,25.16,25.3,47351
2025-11-17,11:00:00,25.3,25.3,25.0,25.04,57812
2025-11-17,12:00:00,25.04,25.14,25.02,25.12,30363
2025-11-17,13:00:00,25.08,25.16,24.93,24.95,36459
2025-11-17,14:00:00,24.93,25.08,24.9,25.04,39831
2025-11-17,15:00:00,24.98,24.98,24.98,24.98,1281
2025-11-18,10:00:00,24.98,25.16,24.9,25.04,44059
2025-11-18,11:00:00,25.0,25.38,25.0,25.24,32393
2025-11-18,12:00:00,25.22,25.38,25.22,25.36,15274
2025-11-18,13:00:00,25.36,25.38,25.3,25.34,11978
2025-11-18,14:00:00,25.36,25.36,25.2,25.3,21231
2025-11-18,15:00:00,25.26,25.26,25.26,25.26,1686
2025-11-19,10:00:00,25.3,25.7,25.3,25.38,68453
2025-11-19,11:00:00,25.34,25.4,25.26,25.3,16657
2025-11-19,12:00:00,25.3,25.3,25.2,25.24,20155
2025-11-19,13:00:00,25.26,25.26,25.1,25.16,23914
2025-11-19,14:00:00,25.18,25.26,25.06,25.2,15200
2025-11-19,15:00:00,25.22,25.22,25.22,25.22,1880
2025-11-20,10:00:00,25.22,25.4,25.22,25.3,12921
2025-11-20,11:00:00,25.32,25.42,25.3,25.3,12428
2025-11-20,12:00:00,25.32,25.34,25.24,25.32,15218
2025-11-20,13:00:00,25.32,25.42,25.28,25.28,51852
2025-11-20,14:00:00,25.3,25.36,25.28,25.3,40820
2025-11-20,15:00:00,25.38,25.38,25.38,25.38,11049
2025-11-23,10:00:00,25.34,25.48,25.26,25.34,19708
2025-11-23,11:00:00,25.34,25.36,25.26,25.26,19162
2025-11-23,12:00:00,25.26,25.26,25.18,25.18,29251
2025-11-23,13:00:00,25.18,25.28,25.16,25.28,8346
2025-11-23,14:00:00,25.26,25.28,25.0,25.12,28327
2025-11-23,15:00:00,25.12,25.12,25.12,25.12,2063
2025-11-24,10:00:00,24.96,25.16,24.96,25.14,27979
2025-11-24,11:00:00,25.14,25.18,25.0,25.08,15918
2025-11-24,12:00:00,25.02,25.06,25.02,25.04,11575
2025-11-24,13:00:00,25.06,25.22,25.04,25.14,16070
2025-11-24,14:00:00,25.16,25.22,25.06,25.16,45617
2025-11-24,15:00:00,25.2,25.2,25.2,25.2,41583
2025-11-25,10:00:00,25.2,25.26,24.99,25.08,32292
2025-11-25,11:00:00,25.1,25.12,24.8,24.8,42489
2025-11-25,12:00:00,24.79,24.85,24.66,24.72,19163
2025-11-25,13:00:00,24.73,24.77,24.3,24.5,110317
2025-11-25,14:00:00,24.51,24.55,24.31,24.36,60529
2025-11-25,15:00:00,24.36,24.36,24.36,24.36,6561
2025-11-26,10:00:00,24.36,24.47,23.99,23.99,51372
2025-11-26,11:00:00,24.1,24.21,23.88,23.9,64569
2025-11-26,12:00:00,23.94,23.95,23.62,23.64,79053
2025-11-26,13:00:00,23.61,23.92,23.56,23.92,88035
2025-11-26,14:00:00,23.96,24.02,23.8,23.89,45603
2025-11-26,15:00:00,23.89,23.89,23.89,23.89,750
2025-11-27,10:00:00,23.93,24.1,23.93,23.99,38181
2025-11-27,11:00:00,24.0,24.0,23.79,23.83,18530
2025-11-27,12:00:00,23.82,24.02,23.78,24.0,23796
2025-11-27,13:00:00,24.0,24.2,23.96,24.1,23129
2025-11-27,14:00:00,24.08,24.1,23.91,23.99,20539
2025-11-27,15:00:00,23.83,23.83,23.83,23.83,14617
2025-11-30,10:00:00,23.83,24.0,23.65,23.69,28293
2025-11-30,11:00:00,23.69,23.84,23.48,23.52,36492
2025-11-30,12:00:00,23.52,23.52,23.3,23.39,14633
2025-11-30,13:00:00,23.39,23.7,23.37,23.62,16666
2025-11-30,14:00:00,23.61,23.62,23.4,23.42,21283
2025-11-30,15:00:00,23.43,23.43,23.43,23.43,354
2025-12-01,10:00:00,23.49,23.76,23.34,23.55,32584
2025-12-01,11:00:00,23.57,23.65,23.42,23.52,18166
2025-12-01,12:00:00,23.54,23.62,23.47,23.5,11650
2025-12-01,13:00:00,23.52,23.52,23.41,23.49,17922
2025-12-01,14:00:00,23.43,23.5,23.3,23.49,40182
2025-12-01,15:00:00,23.5,23.5,23.5,23.5,1357
2025-12-02,10:00:00,23.49,23.7,23.42,23.6,27271
2025-12-02,11:00:00,23.65,23.68,23.29,23.41,14293
2025-12-02,12:00:00,23.39,23.56,23.38,23.38,8200
2025-12-02,13:00:00,23.4,23.4,23.25,23.35,14675
2025-12-02,14:00:00,23.35,23.35,23.19,23.25,37292
2025-12-02,15:00:00,23.22,23.22,23.22,23.22,1197
2025-12-03,10:00:00,23.22,23.57,23.22,23.38,20636
2025-12-03,11:00:00,23.34,23.67,23.34,23.63,28468
2025-12-03,12:00:00,23.6,23.6,23.46,23.49,6637
2025-12-03,13:00:00,23.5,23.5,23.36,23.4,18066
2025-12-03,14:00:00,23.42,23.59,23.42,23.59,8287
2025-12-03,15:00:00,23.59,23.59,23.59,23.59,2399
2025-12-04,10:00:00,23.65,23.9,23.65,23.77,26917
2025-12-04,11:00:00,23.78,23.84,23.72,23.82,46279
2025-12-04,12:00:00,23.8,23.82,23.69,23.72,33986
2025-12-04,13:00:00,23.72,23.72,23.5,23.63,49359
2025-12-04,14:00:00,23.64,23.88,23.3,23.75,172782
2025-12-04,15:00:00,23.6,23.6,23.6,23.6,5214
2025-12-07,10:00:00,23.7,23.96,23.7,23.8,43062
2025-12-07,11:00:00,23.79,23.84,23.55,23.7,13718
2025-12-07,12:00:00,23.7,23.7,23.57,23.64,3448
2025-12-07,13:00:00,23.64,23.64,23.54,23.57,8653
2025-12-07,14:00:00,23.57,23.65,23.52,23.57,23834
2025-12-07,15:00:00,23.52,23.52,23.52,23.52,314
2025-12-08,10:00:00,23.63,23.63,23.4,23.5,49422
2025-12-08,11:00:00,23.5,23.62,23.49,23.51,18998
2025-12-08,12:00:00,23.51,23.53,23.43,23.48,8714
2025-12-08,13:00:00,23.49,23.64,23.48,23.56,25285
2025-12-08,14:00:00,23.56,23.64,23.54,23.57,12860
2025-12-08,15:00:00,23.6,23.6,23.6,23.6,545
2025-12-09,10:00:00,23.64,23.68,23.43,23.47,25246
2025-12-09,11:00:00,23.48,23.64,23.45,23.63,17620
2025-12-09,12:00:00,23.62,23.68,23.41,23.61,38552
2025-12-09,13:00:00,23.61,23.84,23.61,23.8,63525
2025-12-09,14:00:00,23.75,23.76,23.65,23.66,26567
2025-12-09,15:00:00,23.69,23.69,23.69,23.69,4686
2025-12-10,10:00:00,23.83,23.86,23.71,23.8,22058
2025-12-10,11:00:00,23.81,23.88,23.74,23.84,18119
2025-12-10,12:00:00,23.84,23.84,23.74,23.74,6915
2025-12-10,13:00:00,23.74,23.8,23.71,23.76,9651
2025-12-10,14:00:00,23.76,23.9,23.75,23.9,21106
2025-12-10,15:00:00,23.9,23.9,23.9,23.9,3372
2025-12-11,10:00:00,23.9,24.09,23.68,23.76,66178
2025-12-11,11:00:00,23.72,23.78,23.67,23.75,23696
2025-12-11,12:00:00,23.75,23.76,23.54,23.6,39458
2025-12-11,13:00:00,23.6,23.63,23.6,23.63,7776
2025-12-11,14:00:00,23.62,23.79,23.6,23.66,12036
2025-12-11,15:00:00,23.66,23.66,23.66,23.66,6617
2025-12-14,10:00:00,23.65,23.65,23.48,23.53,41661
2025-12-14,11:00:00,23.51,23.6,23.48,23.54,10103
2025-12-14,12:00:00,23.53,23.56,23.36,23.36,24919
2025-12-14,13:00:00,23.36,23.46,23.35,23.37,14308
2025-12-14,14:00:00,23.37,23.38,23.32,23.33,25985
2025-12-14,15:00:00,23.3,23.3,23.3,23.3,1790
2025-12-15,10:00:00,23.22,23.38,23.2,23.34,28561
2025-12-15,11:00:00,23.34,23.4,23.29,23.29,16683
2025-12-15,12:00:00,23.26,23.3,23.2,23.23,10622
2025-12-15,13:00:00,23.23,23.25,23.17,23.18,14797
2025-12-15,14:00:00,23.19,23.32,23.19,23.31,18015
2025-12-15,15:00:00,23.3,23.3,23.3,23.3,2374
2025-12-16,10:00:00,23.3,23.3,23.06,23.1,18781
2025-12-16,11:00:00,23.1,23.15,23.03,23.08,45310
2025-12-16,12:00:00,23.08,23.12,23.02,23.1,23979
2025-12-16,13:00:00,23.1,23.14,22.88,22.88,82975
2025-12-16,14:00:00,22.89,23.0,22.7,22.8,70031
2025-12-16,15:00:00,22.72,22.72,22.72,22.72,1541
2025-12-17,10:00:00,22.94,22.94,22.6,22.61,23794
2025-12-17,11:00:00,22.63,22.98,22.6,22.88,28185
2025-12-17,12:00:00,22.85,22.94,22.79,22.85,20653
2025-12-17,13:00:00,22.87,22.9,22.78,22.8,9164
2025-12-17,14:00:00,22.81,22.95,22.8,22.95,45793
2025-12-17,15:00:00,22.91,22.91,22.91,22.91,1015
2025-12-18,10:00:00,22.9,23.01,22.6,22.62,15729
2025-12-18,11:00:00,22.6,22.69,22.58,22.65,22949
2025-12-18,12:00:00,22.66,22.76,22.61,22.73,14576
2025-12-18,13:00:00,22.73,22.79,22.68,22.72,17332
2025-12-18,14:00:00,22.72,23.0,22.71,23.0,21512
2025-12-18,15:00:00,22.69,22.69,22.69,22.69,19775
2025-12-21,10:00:00,22.73,23.29,22.6,23.04,68495
2025-12-21,11:00:00,23.04,23.28,23.04,23.15,18752
2025-12-21,12:00:00,23.15,23.19,22.8,22.9,57115
2025-12-21,13:00:00,22.88,23.04,22.84,23.03,13076
2025-12-21,14:00:00,23.0,23.0,22.83,22.85,30772
2025-12-21,15:00:00,22.85,22.85,22.85,22.85,2975
2025-12-22,10:00:00,22.85,22.89,22.64,22.75,32050
2025-12-22,11:00:00,22.77,22.87,22.66,22.69,16268
2025-12-22,12:00:00,22.66,22.73,22.62,22.68,10523
2025-12-22,13:00:00,22.68,22.73,22.5,22.55,53977
2025-12-22,14:00:00,22.6,22.6,22.49,22.51,22038
2025-12-22,15:00:00,22.51,22.51,22.51,22.51,798
2025-12-23,10:00:00,22.51,22.74,22.51,22.73,38606
2025-12-23,11:00:00,22.72,22.8,22.49,22.64,81111
2025-12-23,12:00:00,22.63,22.85,22.61,22.72,53057
2025-12-23,13:00:00,22.72,22.75,22.62,22.65,51299
2025-12-23,14:00:00,22.67,22.71,22.53,22.55,54730
2025-12-23,15:00:00,22.55,22.55,22.55,22.55,4395
2025-12-24,10:00:00,22.78,22.78,22.53,22.53,60165
2025-12-24,11:00:00,22.54,22.66,22.41,22.49,113391
2025-12-24,12:00:00,22.49,22.61,22.38,22.61,22142
2025-12-24,13:00:00,22.61,22.87,22.5,22.52,82383
2025-12-24,14:00:00,22.5,22.54,22.46,22.47,30579
2025-12-24,15:00:00,22.54,22.54,22.54,22.54,1360
2025-12-25,10:00:00,22.64,22.64,22.3,22.5,48907
2025-12-25,11:00:00,22.5,22.51,22.4,22.4,4929
2025-12-25,12:00:00,22.39,22.44,22.33,22.38,16514
2025-12-25,13:00:00,22.38,22.42,22.33,22.33,5786
2025-12-25,14:00:00,22.33,22.42,22.21,22.25,59914
2025-12-25,15:00:00,22.2,22.2,22.2,22.2,21604
2025-12-28,10:00:00,22.06,22.14,21.39,21.46,110250
2025-12-28,11:00:00,21.43,21.46,21.1,21.19,82327
2025-12-28,12:00:00,21.23,21.24,21.14,21.2,30648
2025-12-28,13:00:00,21.2,21.3,21.12,21.24,92804
2025-12-28,14:00:00,21.25,21.3,21.1,21.2,52869
2025-12-28,15:00:00,21.1,21.1,21.1,21.1,6459
2025-12-29,10:00:00,21.0,21.38,20.84,21.28,73248
2025-12-29,11:00:00,21.29,21.41,21.1,21.31,31929
2025-12-29,12:00:00,21.33,21.4,21.21,21.21,20533
2025-12-29,13:00:00,21.22,21.33,21.2,21.31,22297
2025-12-29,14:00:00,21.31,21.41,21.26,21.4,40206
2025-12-29,15:00:00,21.4,21.4,21.4,21.4,949
2025-12-30,10:00:00,21.23,21.23,20.97,21.1,55941
2025-12-30,11:00:00,21.1,21.1,20.96,20.97,12955
2025-12-30,12:00:00,20.98,20.98,20.75,20.8,44047
2025-12-30,13:00:00,20.81,20.86,20.7,20.76,27491
2025-12-30,14:00:00,20.76,20.8,20.6,20.68,25899
2025-12-30,15:00:00,20.59,20.59,20.59,20.59,543
2025-12-31,10:00:00,20.69,21.4,20.69,21.11,19188
2025-12-31,11:00:00,21.11,21.27,21.09,21.18,14722
2025-12-31,12:00:00,21.22,21.25,21.16,21.22,12798
2025-12-31,13:00:00,21.22,21.25,21.1,21.16,26140
2025-12-31,14:00:00,21.16,21.29,21.16,21.17,35276
2025-12-31,15:00:00,21.26,21.26,21.26,21.26,5575
2026-01-01,10:00:00,21.33,21.63,21.33,21.61,57425
2026-01-01,11:00:00,21.6,21.66,21.59,21.62,8179
2026-01-01,12:00:00,21.61,22.03,21.61,21.88,80286
2026-01-01,13:00:00,21.88,22.05,21.81,22.03,51618
2026-01-01,14:00:00,22.03,22.07,21.84,22.03,37519
2026-01-01,15:00:00,22.03,22.03,22.03,22.03,4053
2026-01-04,10:00:00,21.4,21.79,21.4,21.42,72075
2026-01-04,11:00:00,21.42,21.53,21.42,21.44,22008
2026-01-04,12:00:00,21.44,21.44,21.21,21.21,38824
2026-01-04,13:00:00,21.24,21.27,21.0,21.17,17831
2026-01-04,14:00:00,21.15,21.21,21.02,21.18,32784
2026-01-04,15:00:00,21.2,21.2,21.2,21.2,6956
2026-01-05,10:00:00,21.3,21.4,20.81,20.84,126341
2026-01-05,11:00:00,20.84,20.9,20.77,20.79,51289
2026-01-05,12:00:00,20.8,20.89,20.76,20.76,40570
2026-01-05,13:00:00,20.76,20.8,20.61,20.78,65367
2026-01-05,14:00:00,20.76,20.82,20.56,20.56,28155
2026-01-05,15:00:00,20.62,20.62,20.62,20.62,3648
2026-01-06,10:00:00,20.63,20.86,20.54,20.56,62122
2026-01-06,11:00:00,20.58,20.65,20.55,20.61,28924
2026-01-06,12:00:00,20.58,20.58,20.27,20.34,181669
2026-01-06,13:00:00,20.34,20.38,20.14,20.26,102422
2026-01-06,14:00:00,20.26,20.29,20.1,20.25,50674
2026-01-06,15:00:00,20.25,20.25,20.25,20.25,3414
2026-01-07,10:00:00,20.6,21.1,20.25,20.31,230020
2026-01-07,11:00:00,20.28,20.49,20.17,20.4,181158
2026-01-07,12:00:00,20.4,20.44,20.18,20.22,100168
2026-01-07,13:00:00,20.22,20.4,20.05,20.15,165793
2026-01-07,14:00:00,20.12,20.23,20.0,20.13,312281
2026-01-07,15:00:00,20.22,20.22,20.22,20.22,8992
2026-01-08,10:00:00,20.01,20.16,19.94,20.12,108722
2026-01-08,11:00:00,20.12,20.23,20.07,20.18,79946
2026-01-08,12:00:00,20.2,20.36,20.16,20.3,67826
2026-01-08,13:00:00,20.3,20.39,20.25,20.26,89831
2026-01-08,14:00:00,20.25,20.39,20.25,20.3,37945
2026-01-08,15:00:00,20.3,20.3,20.3,20.3,10471
2026-01-11,10:00:00,20.3,20.59,20.3,20.5,64735
2026-01-11,11:00:00,20.53,20.6,20.49,20.6,20019
2026-01-11,12:00:00,20.59,20.63,20.55,20.6,33654
2026-01-11,13:00:00,20.6,20.75,20.56,20.69,24860
2026-01-11,14:00:00,20.69,20.79,20.65,20.76,22128
2026-01-11,15:00:00,20.59,20.59,20.59,20.59,1905
2026-01-12,10:00:00,20.6,21.28,20.6,21.19,207680
2026-01-12,11:00:00,21.22,21.32,20.99,21.01,99907
2026-01-12,12:00:00,20.98,21.02,20.83,20.84,54259
2026-01-12,13:00:00,20.83,20.87,20.73,20.87,51986
2026-01-12,14:00:00,20.87,20.94,20.74,20.75,40786
2026-01-12,15:00:00,20.84,20.84,20.84,20.84,3559
2026-01-13,10:00:00,21.0,21.05,20.71,20.83,72657
2026-01-13,11:00:00,20.84,21.03,20.84,21.03,29862
2026-01-13,12:00:00,21.02,21.19,20.96,21.19,47607
2026-01-13,13:00:00,21.2,21.2,21.1,21.16,41173
2026-01-13,14:00:00,21.14,21.14,20.94,20.94,85987
2026-01-13,15:00:00,20.9,20.9,20.9,20.9,4748
2026-01-14,10:00:00,20.91,21.26,20.91,21.16,77319
2026-01-14,11:00:00,21.16,21.33,21.16,21.33,59077
2026-01-14,12:00:00,21.34,21.44,21.22,21.24,53184
2026-01-14,13:00:00,21.24,21.24,20.9,21.0,99843
2026-01-14,14:00:00,20.98,20.98,20.7,20.7,88713
2026-01-14,15:00:00,20.8,20.8,20.8,20.8,35107
2026-01-15,10:00:00,20.71,21.04,20.66,20.68,96381
2026-01-15,11:00:00,20.68,20.86,20.68,20.78,40711
2026-01-15,12:00:00,20.78,20.78,20.5,20.54,83371
2026-01-15,13:00:00,20.54,20.54,20.3,20.33,68366
2026-01-15,14:00:00,20.34,20.4,20.22,20.24,37031
2026-01-15,15:00:00,20.09,20.09,20.09,20.09,12121
2026-01-18,10:00:00,20.13,20.65,20.13,20.5,63369
2026-01-18,11:00:00,20.53,20.55,20.31,20.55,43870
2026-01-18,12:00:00,20.59,20.66,20.5,20.65,15189
2026-01-18,13:00:00,20.62,20.7,20.55,20.59,38705
2026-01-18,14:00:00,20.59,20.65,20.49,20.52,38978
2026-01-18,15:00:00,20.59,20.59,20.59,20.59,6692
2026-01-19,10:00:00,20.42,20.65,20.42,20.59,44150
2026-01-19,11:00:00,20.57,20.62,20.44,20.44,32864
2026-01-19,12:00:00,20.43,20.46,20.33,20.46,41963
2026-01-19,13:00:00,20.4,20.5,20.34,20.5,44775
2026-01-19,14:00:00,20.48,20.48,20.34,20.4,52909
2026-01-19,15:00:00,20.45,20.45,20.45,20.45,3036
2026-01-20,10:00:00,20.45,20.53,20.35,20.35,28427
2026-01-20,11:00:00,20.36,20.54,20.35,20.48,26960
2026-01-20,12:00:00,20.47,20.49,20.4,20.42,17081
2026-01-20,13:00:00,20.41,20.42,20.31,20.32,35863
2026-01-20,14:00:00,20.31,20.33,20.22,20.28,99121
2026-01-20,15:00:00,20.26,20.26,20.26,20.26,15982
2026-01-21,10:00:00,20.18,20.37,20.11,20.26,28326
2026-01-21,11:00:00,20.26,20.38,20.21,20.23,45813
2026-01-21,12:00:00,20.24,20.28,20.11,20.15,189201
2026-01-21,13:00:00,20.14,20.28,20.1,20.28,146471
2026-01-21,14:00:00,20.28,20.3,20.19,20.19,118731
2026-01-21,15:00:00,20.15,20.15,20.15,20.15,62296
2026-01-22,10:00:00,20.22,20.57,20.22,20.31,160846
2026-01-22,11:00:00,20.31,20.36,20.27,20.28,105112
2026-01-22,12:00:00,20.28,20.33,20.24,20.31,94182
2026-01-22,13:00:00,20.31,20.43,20.26,20.41,173808
2026-01-22,14:00:00,20.41,20.58,20.41,20.44,161510
2026-01-22,15:00:00,20.46,20.46,20.46,20.46,14703
2026-01-25,10:00:00,20.5,20.89,20.5,20.82,406715
2026-01-25,11:00:00,20.81,20.84,20.65,20.69,149890
2026-01-25,12:00:00,20.69,20.73,20.58,20.61,25991
2026-01-25,13:00:00,20.63,20.85,20.58,20.74,135463
2026-01-25,14:00:00,20.72,21.1,20.68,20.93,259944
2026-01-25,15:00:00,20.85,20.85,20.85,20.85,38255
2026-01-26,10:00:00,21.1,21.11,20.78,21.09,267052
2026-01-26,11:00:00,21.09,21.18,21.02,21.05,116413
2026-01-26,12:00:00,21.05,21.08,21.01,21.02,59783
2026-01-26,13:00:00,21.02,21.3,21.02,21.19,187196
2026-01-26,14:00:00,21.18,21.29,21.08,21.13,125410
2026-01-26,15:00:00,21.14,21.14,21.14,21.14,44567
2026-01-27,10:00:00,21.2,21.69,21.2,21.48,305792
2026-01-27,11:00:00,21.5,21.66,21.33,21.36,206498
2026-01-27,12:00:00,21.36,21.4,21.19,21.2,145085
2026-01-27,13:00:00,21.21,21.39,21.21,21.39,184232
2026-01-27,14:00:00,21.42,21.46,21.27,21.3,159389
2026-01-27,15:00:00,21.32,21.32,21.32,21.32,13827
2026-01-28,10:00:00,21.49,21.49,21.11,21.17,159296
2026-01-28,11:00:00,21.17,21.27,21.15,21.2,58506
2026-01-28,12:00:00,21.18,21.36,21.16,21.24,90890
2026-01-28,13:00:00,21.24,21.26,21.18,21.19,40772
2026-01-28,14:00:00,21.2,21.24,21.16,21.17,69931
2026-01-28,15:00:00,21.34,21.34,21.34,21.34,8987
2026-01-29,10:00:00,21.32,21.33,21.05,21.14,81611
2026-01-29,11:00:00,21.14,21.15,20.96,20.98,120446
2026-01-29,12:00:00,20.98,21.01,20.89,20.92,67077
2026-01-29,13:00:00,20.92,21.0,20.87,20.93,48320
2026-01-29,14:00:00,20.93,21.0,20.7,20.78,214250
2026-01-29,15:00:00,20.72,20.72,20.72,20.72,24605
2026-02-01,10:00:00,20.72,20.88,20.26,20.46,133792
2026-02-01,11:00:00,20.47,20.63,20.19,20.33,129292
2026-02-01,12:00:00,20.3,20.38,20.13,20.13,64869
2026-02-01,13:00:00,20.15,20.25,20.1,20.19,29980
2026-02-01,14:00:00,20.17,20.2,20.08,20.16,46717
2026-02-01,15:00:00,20.36,20.36,20.36,20.36,18140
2026-02-02,10:00:00,20.3,20.3,19.82,20.17,159979
2026-02-02,11:00:00,20.17,20.37,20.16,20.3,61540
2026-02-02,12:00:00,20.3,20.32,20.1,20.3,202866
2026-02-02,13:00:00,20.32,20.4,20.27,20.34,112609
2026-02-02,14:00:00,20.35,20.6,20.34,20.53,62705
2026-02-02,15:00:00,20.48,20.48,20.48,20.48,3161
2026-02-03,10:00:00,20.48,20.7,20.48,20.7,64213
2026-02-03,11:00:00,20.75,20.82,20.56,20.74,65110
2026-02-03,12:00:00,20.73,20.78,20.62,20.76,91724
2026-02-03,13:00:00,20.74,20.9,20.72,20.8,185561
2026-02-03,14:00:00,20.8,20.8,20.5,20.76,160880
2026-02-03,15:00:00,20.76,20.76,20.76,20.76,4058
2026-02-04,10:00:00,20.76,20.8,20.51,20.65,77582
2026-02-04,11:00:00,20.64,20.71,20.42,20.59,109736
2026-02-04,12:00:00,20.58,20.59,20.45,20.53,44150
2026-02-04,13:00:00,20.53,20.54,20.36,20.38,128993
2026-02-04,14:00:00,20.38,20.49,20.37,20.43,63822
2026-02-04,15:00:00,20.51,20.51,20.51,20.51,8185
2026-02-05,10:00:00,20.51,20.51,20.07,20.08,153191
2026-02-05,11:00:00,20.08,20.12,19.95,19.98,168492
2026-02-05,12:00:00,19.99,20.0,19.84,19.85,150960
2026-02-05,13:00:00,19.86,19.94,19.86,19.93,83122
2026-02-05,14:00:00,19.92,19.93,19.85,19.86,84570
2026-02-05,15:00:00,19.85,19.85,19.85,19.85,25227
2026-02-08,10:00:00,20.04,20.2,19.93,19.95,113164
2026-02-08,11:00:00,19.95,19.95,19.81,19.82,74061
2026-02-08,12:00:00,19.81,19.88,19.68,19.71,87551
2026-02-08,13:00:00,19.72,19.74,19.62,19.7,76032
2026-02-08,14:00:00,19.66,19.71,19.64,19.68,90736
2026-02-08,15:00:00,19.68,19.68,19.68,19.68,9057
2026-02-09,10:00:00,19.65,19.65,19.37,19.42,134931
2026-02-09,11:00:00,19.42,19.44,19.39,19.43,49977
2026-02-09,12:00:00,19.43,19.61,19.26,19.41,166478
2026-02-09,13:00:00,19.41,19.41,19.28,19.3,53048
2026-02-09,14:00:00,19.3,19.43,19.24,19.39,105849
2026-02-09,15:00:00,19.45,19.45,19.45,19.45,4417
2026-02-10,10:00:00,19.45,19.62,19.43,19.53,35303
2026-02-10,11:00:00,19.59,19.77,19.59,19.67,71675
2026-02-10,12:00:00,19.66,19.8,19.65,19.68,84502
2026-02-10,13:00:00,19.68,19.75,19.68,19.7,59889
2026-02-10,14:00:00,19.7,19.76,19.59,19.59,79160
2026-02-10,15:00:00,19.59,19.59,19.59,19.59,10001
2026-02-11,10:00:00,19.51,19.62,19.22,19.32,81091
2026-02-11,11:00:00,19.31,19.37,19.2,19.25,162986
2026-02-11,12:00:00,19.23,19.32,19.23,19.25,65075
2026-02-11,13:00:00,19.24,19.32,19.22,19.28,77089
2026-02-11,14:00:00,19.28,19.31,19.24,19.3,87002
2026-02-11,15:00:00,19.39,19.39,19.39,19.39,15883
2026-02-12,10:00:00,19.28,19.57,19.28,19.57,59640
2026-02-12,11:00:00,19.57,19.8,19.54,19.78,231947
2026-02-12,12:00:00,19.78,20.16,19.76,20.0,272798
2026-02-12,13:00:00,19.99,20.08,19.9,19.94,173609
2026-02-12,14:00:00,19.95,20.0,19.88,19.88,65360
2026-02-12,15:00:00,19.95,19.95,19.95,19.95,3313
2026-02-15,10:00:00,20.0,20.09,19.82,19.9,71813
2026-02-15,11:00:00,19.91,20.09,19.9,20.01,74300
2026-02-15,12:00:00,20.01,20.05,19.96,20.0,49507
2026-02-15,13:00:00,20.0,20.01,19.94,19.95,25456
2026-02-15,14:00:00,19.95,20.01,19.9,19.92,68781
2026-02-15,15:00:00,19.95,19.95,19.95,19.95,686
2026-02-16,10:00:00,19.97,20.0,19.55,19.59,139525
2026-02-16,11:00:00,19.59,19.6,19.46,19.52,107170
2026-02-16,12:00:00,19.52,19.52,19.28,19.35,181669
2026-02-16,13:00:00,19.35,19.39,19.31,19.34,65233
2026-02-16,14:00:00,19.35,19.36,19.25,19.3,142670
2026-02-16,15:00:00,19.3,19.3,19.3,19.3,12141
2026-02-17,10:00:00,19.3,19.32,19.09,19.15,121773
2026-02-17,11:00:00,19.19,19.27,19.15,19.24,70697
2026-02-17,12:00:00,19.25,19.29,19.21,19.26,28411
2026-02-17,13:00:00,19.27,19.27,19.22,19.25,31604
2026-02-17,14:00:00,19.25,19.27,19.1,19.11,64920
2026-02-17,15:00:00,19.11,19.11,19.11,19.11,3296
2026-02-18,10:00:00,19.11,19.15,18.8,19.12,56132
2026-02-18,11:00:00,19.04,19.2,19.04,19.19,28705
2026-02-18,12:00:00,19.16,19.19,19.11,19.17,43639
2026-02-18,13:00:00,19.19,19.21,19.15,19.15,14815
2026-02-18,14:00:00,19.15,19.36,19.07,19.15,74075
2026-02-18,15:00:00,19.2,19.2,19.2,19.2,2374
2026-02-19,10:00:00,19.2,19.2,19.0,19.08,67720
2026-02-19,11:00:00,19.08,19.36,19.05,19.23,56914
2026-02-19,12:00:00,19.23,19.26,19.06,19.13,55934
2026-02-19,13:00:00,19.13,19.19,19.1,19.18,71499
2026-02-19,14:00:00,19.19,19.19,19.01,19.09,144864
2026-02-19,15:00:00,19.15,19.15,19.15,19.15,14446
2026-02-23,10:00:00,19.0,19.2,18.59,18.89,134632
2026-02-23,11:00:00,18.93,18.94,18.78,18.81,55251
2026-02-23,12:00:00,18.8,18.89,18.7,18.72,63092
2026-02-23,13:00:00,18.72,18.88,18.6,18.77,127753
2026-02-23,14:00:00,18.79,18.96,18.72,18.89,28489
2026-02-23,15:00:00,18.95,18.95,18.95,18.95,1144
2026-02-24,10:00:00,18.92,18.92,18.64,18.72,85650
2026-02-24,11:00:00,18.72,18.75,18.65,18.66,20295
2026-02-24,12:00:00,18.65,18.66,18.4,18.4,75682
2026-02-24,13:00:00,18.4,18.44,18.33,18.35,52299
2026-02-24,14:00:00,18.35,18.39,18.02,18.09,128016
2026-02-24,15:00:00,18.0,18.0,18.0,18.0,25179
2026-02-25,10:00:00,18.0,18.21,17.99,18.05,57654
2026-02-25,11:00:00,18.03,18.06,17.91,18.0,37306
2026-02-25,12:00:00,18.01,18.03,17.91,17.92,14025
2026-02-25,13:00:00,17.92,17.92,17.83,17.85,43228
2026-02-25,14:00:00,17.87,17.88,17.72,17.74,45703
2026-02-25,15:00:00,17.73,17.73,17.73,17.73,29168
2026-02-26,10:00:00,17.73,17.88,17.35,17.53,67522
2026-02-26,11:00:00,17.52,17.6,17.4,17.56,31980
2026-02-26,12:00:00,17.55,17.66,17.5,17.62,28487
2026-02-26,13:00:00,17.63,17.64,17.51,17.53,15788
2026-02-26,14:00:00,17.54,17.55,17.47,17.51,82018
2026-02-26,15:00:00,17.15,17.15,17.15,17.15,1475426
2026-03-01,10:00:00,15.7,17.1,15.7,16.98,112530
2026-03-01,11:00:00,16.9,16.95,16.66,16.81,123239
2026-03-01,12:00:00,16.84,16.87,16.2,16.4,94984
2026-03-01,13:00:00,16.41,16.52,16.34,16.39,38159
2026-03-01,14:00:00,16.38,16.83,16.38,16.62,26656
2026-03-01,15:00:00,16.81,16.81,16.81,16.81,4076
2026-03-02,10:00:00,16.68,16.9,16.51,16.51,78152
2026-03-02,11:00:00,16.52,16.52,16.2,16.21,97767
2026-03-02,12:00:00,16.21,16.28,16.1,16.28,65446
2026-03-02,13:00:00,16.29,16.44,16.27,16.34,57341
2026-03-02,14:00:00,16.32,16.35,16.27,16.27,62358
2026-03-02,15:00:00,16.27,16.27,16.27,16.27,1964
2026-03-03,10:00:00,16.3,16.4,16.02,16.15,62461
2026-03-03,11:00:00,16.17,16.25,16.13,16.18,35349
2026-03-03,12:00:00,16.18,16.19,16.0,16.15,106684
2026-03-03,13:00:00,16.16,16.2,16.07,16.1,29964
2026-03-03,14:00:00,16.09,16.27,16.09,16.22,50481
2026-03-03,15:00:00,16.24,16.24,16.24,16.24,2731
2026-03-04,10:00:00,16.2,16.58,16.16,16.58,51010
2026-03-04,11:00:00,16.57,16.62,16.47,16.62,56610
2026-03-04,12:00:00,16.62,16.85,16.61,16.8,126869
2026-03-04,13:00:00,16.83,16.89,16.75,16.8,103320
2026-03-04,14:00:00,16.79,16.97,16.75,16.92,82570
2026-03-04,15:00:00,16.84,16.84,16.84,16.84,11472
2026-03-05,10:00:00,17.0,17.18,16.86,17.12,90220
2026-03-05,11:00:00,17.14,17.29,17.08,17.11,58672
2026-03-05,12:00:00,17.11,17.15,17.01,17.01,34066
2026-03-05,13:00:00,17.01,17.05,16.91,16.92,53147
2026-03-05,14:00:00,16.91,17.14,16.91,17.1,83457
2026-03-05,15:00:00,17.15,17.15,17.15,17.15,4797
2026-03-08,10:00:00,17.3,17.49,17.18,17.21,151262
2026-03-08,11:00:00,17.21,17.23,16.96,17.2,128425
2026-03-08,12:00:00,17.2,17.44,17.2,17.35,86871
2026-03-08,13:00:00,17.35,17.39,17.28,17.35,87859
2026-03-08,14:00:00,17.33,17.41,17.3,17.38,139779
2026-03-08,15:00:00,17.38,17.38,17.38,17.38,22791
2026-03-09,10:00:00,17.5,17.59,17.16,17.3,192763
2026-03-09,11:00:00,17.27,17.32,17.16,17.19,86254
2026-03-09,12:00:00,17.18,17.23,17.1,17.15,67828
2026-03-09,13:00:00,17.13,17.24,17.13,17.22,100129
2026-03-09,14:00:00,17.21,17.24,17.1,17.18,137042
2026-03-09,15:00:00,17.11,17.11,17.11,17.11,1162
2026-03-10,10:00:00,17.02,17.1,16.8,16.9,108070
2026-03-10,11:00:00,16.9,16.93,16.82,16.85,57626
2026-03-10,12:00:00,16.87,17.0,16.76,16.79,153135
2026-03-10,13:00:00,16.78,16.88,16.78,16.87,100270
2026-03-10,14:00:00,16.87,16.95,16.86,16.92,202422
2026-03-10,15:00:00,16.89,16.89,16.89,16.89,33682
2026-03-11,10:00:00,16.9,16.9,16.72,16.85,58876
2026-03-11,11:00:00,16.84,17.11,16.83,17.0,97290
2026-03-11,12:00:00,17.0,17.0,16.71,16.71,86634
2026-03-11,13:00:00,16.71,16.73,16.65,16.7,119323
2026-03-11,14:00:00,16.7,16.71,16.61,16.62,85329
2026-03-11,15:00:00,16.61,16.61,16.61,16.61,5080
2026-03-12,10:00:00,16.42,16.8,16.39,16.57,132276
2026-03-12,11:00:00,16.57,16.61,16.5,16.52,38244
2026-03-12,12:00:00,16.54,16.57,16.46,16.54,27756
2026-03-12,13:00:00,16.53,16.7,16.53,16.56,168071
2026-03-12,14:00:00,16.57,16.65,16.54,16.58,91758
2026-03-12,15:00:00,16.6,16.6,16.6,16.6,1319
2026-03-15,10:00:00,16.62,16.62,16.26,16.29,87229
2026-03-15,11:00:00,16.29,16.31,16.19,16.22,88182
2026-03-15,12:00:00,16.21,16.31,16.2,16.3,36743
2026-03-15,13:00:00,16.3,16.41,16.27,16.33,67349
2026-03-15,14:00:00,16.33,16.41,16.28,16.41,70529
2026-03-15,15:00:00,16.36,16.36,16.36,16.36,21051
2026-03-16,10:00:00,16.36,16.44,16.21,16.44,96633
2026-03-16,11:00:00,16.45,16.6,16.4,16.41,110806
2026-03-16,12:00:00,16.42,16.6,16.4,16.59,56326
2026-03-16,13:00:00,16.6,16.7,16.56,16.68,121504
2026-03-16,14:00:00,16.68,16.88,16.66,16.77,162769
2026-03-16,15:00:00,16.88,16.88,16.88,16.88,15937
2026-03-24,10:00:00,17.0,17.0,16.57,16.9,106546
2026-03-24,11:00:00,16.9,17.09,16.82,16.82,137497
2026-03-24,12:00:00,16.83,17.0,16.74,16.89,93039
2026-03-24,13:00:00,16.92,17.07,16.87,17.03,148856
2026-03-24,14:00:00,17.01,17.02,16.84,16.84,47249
2026-03-24,15:00:00,16.69,16.69,16.69,16.69,1711570
2026-03-25,10:00:00,16.77,17.34,16.77,17.2,251739
2026-03-25,11:00:00,17.21,17.3,17.16,17.27,96024
2026-03-25,12:00:00,17.26,17.27,17.12,17.15,43633
2026-03-25,13:00:00,17.15,17.34,17.15,17.32,132667
2026-03-25,14:00:00,17.3,17.3,17.15,17.18,136763
2026-03-25,15:00:00,17.2,17.2,17.2,17.2,15398
2026-03-26,10:00:00,17.44,17.44,17.12,17.17,102064
2026-03-26,11:00:00,17.16,17.37,17.16,17.29,95283
2026-03-26,12:00:00,17.29,17.32,17.18,17.22,54012
2026-03-26,13:00:00,17.21,17.26,17.15,17.26,33063
2026-03-26,14:00:00,17.26,17.38,17.16,17.23,158618
2026-03-26,15:00:00,17.24,17.24,17.24,17.24,12871
2026-03-29,10:00:00,17.21,17.34,17.14,17.28,74832
2026-03-29,11:00:00,17.28,17.29,17.2,17.27,35966
2026-03-29,12:00:00,17.27,17.47,17.26,17.38,50962
2026-03-29,13:00:00,17.34,17.4,17.24,17.24,77826
2026-03-29,14:00:00,17.26,17.5,17.26,17.32,164496
2026-03-29,15:00:00,17.38,17.38,17.38,17.38,9236
2026-03-30,10:00:00,17.37,17.38,17.14,17.21,146855
2026-03-30,11:00:00,17.2,17.29,17.16,17.25,68016
2026-03-30,12:00:00,17.25,17.59,17.24,17.44,144080
2026-03-30,13:00:00,17.44,17.5,17.4,17.46,73683
2026-03-30,14:00:00,17.48,17.53,17.35,17.42,115639
2026-03-30,15:00:00,17.48,17.48,17.48,17.48,19989
2026-03-31,10:00:00,17.48,17.48,16.79,17.16,468450
2026-03-31,11:00:00,17.15,17.16,17.0,17.03,118713
2026-03-31,12:00:00,17.02,17.07,16.88,17.07,187167
2026-03-31,13:00:00,17.07,17.16,17.06,17.09,99441
2026-03-31,14:00:00,17.1,17.15,17.08,17.11,115973
2026-03-31,15:00:00,17.09,17.09,17.09,17.09,23839
2026-04-01,10:00:00,17.1,17.44,17.09,17.25,305870
2026-04-01,11:00:00,17.25,17.32,17.2,17.27,166003
2026-04-01,12:00:00,17.27,18.0,17.23,17.9,610188
2026-04-01,13:00:00,17.9,18.1,17.84,17.95,565100
2026-04-01,14:00:00,17.95,17.99,17.76,17.76,349038
2026-04-01,15:00:00,17.78,17.78,17.78,17.78,54608
2026-04-02,10:00:00,17.78,17.98,17.61,17.82,328784
2026-04-02,11:00:00,17.83,17.88,17.72,17.77,162558
2026-04-02,12:00:00,17.77,17.81,17.73,17.76,85242
2026-04-02,13:00:00,17.76,17.84,17.73,17.75,141421
2026-04-02,14:00:00,17.76,17.79,17.62,17.65,317194
2026-04-02,15:00:00,17.6,17.6,17.6,17.6,59409
2026-04-05,10:00:00,17.79,18.1,17.59,17.9,355850
2026-04-05,11:00:00,17.96,17.96,17.77,17.9,122539
2026-04-05,12:00:00,17.88,17.94,17.79,17.83,108986
2026-04-05,13:00:00,17.9,17.98,17.86,17.94,75989
2026-04-05,14:00:00,17.95,18.4,17.85,18.34,462527
2026-04-05,15:00:00,18.33,18.33,18.33,18.33,22275
2026-04-06,10:00:00,18.46,18.46,17.93,17.93,332436
2026-04-06,11:00:00,17.91,17.99,17.91,17.92,113417
2026-04-06,12:00:00,17.93,17.94,17.77,17.82,215751
2026-04-06,13:00:00,17.82,17.82,17.73,17.79,150106
2026-04-06,14:00:00,17.79,17.79,17.6,17.64,303746
2026-04-06,15:00:00,17.64,17.64,17.64,17.64,9912
2026-04-07,10:00:00,17.59,17.59,17.16,17.41,284054
2026-04-07,11:00:00,17.41,17.49,17.33,17.41,174715
2026-04-07,12:00:00,17.41,17.41,17.31,17.38,123062
2026-04-07,13:00:00,17.39,17.44,17.35,17.39,136276
2026-04-07,14:00:00,17.39,17.55,17.35,17.53,716733
2026-04-07,15:00:00,17.5,17.5,17.5,17.5,35590
2026-04-08,10:00:00,17.98,18.05,17.7,17.87,486557
2026-04-08,11:00:00,17.87,17.87,17.75,17.85,178163
2026-04-08,12:00:00,17.84,17.85,17.77,17.82,192591
2026-04-08,13:00:00,17.81,17.82,17.7,17.72,230908
2026-04-08,14:00:00,17.71,17.82,17.66,17.82,301783
2026-04-08,15:00:00,17.79,17.79,17.79,17.79,65175
2026-04-09,10:00:00,17.79,17.79,17.51,17.51,304042
2026-04-09,11:00:00,17.51,17.55,17.1,17.12,668454
2026-04-09,12:00:00,17.13,17.13,16.95,17.06,748380
2026-04-09,13:00:00,17.06,17.22,17.06,17.1,268947
2026-04-09,14:00:00,17.1,17.22,17.05,17.2,234861
2026-04-09,15:00:00,17.21,17.21,17.21,17.21,26704
2026-04-12,10:00:00,17.2,17.4,17.01,17.24,347818
2026-04-12,11:00:00,17.24,17.28,17.12,17.17,164040
2026-04-12,12:00:00,17.17,17.18,17.1,17.12,85129
2026-04-12,13:00:00,17.12,17.12,17.06,17.06,71997
2026-04-12,14:00:00,17.06,17.08,17.02,17.05,111323
2026-04-12,15:00:00,17.05,17.05,17.05,17.05,3302
2026-04-13,10:00:00,17.06,17.06,16.84,16.97,330606
2026-04-13,11:00:00,16.97,16.97,16.8,16.96,203266
2026-04-13,12:00:00,16.95,17.02,16.92,16.99,118110
2026-04-13,13:00:00,16.99,17.0,16.92,17.0,150905
2026-04-13,14:00:00,16.99,17.0,16.93,16.96,276246
2026-04-13,15:00:00,16.96,16.96,16.96,16.96,10195
2026-04-14,10:00:00,17.0,17.4,17.0,17.35,494076
2026-04-14,11:00:00,17.35,17.46,17.32,17.45,314496
2026-04-14,12:00:00,17.45,17.65,17.45,17.64,305294
2026-04-14,13:00:00,17.62,17.76,17.6,17.62,311216
2026-04-14,14:00:00,17.63,17.67,17.43,17.47,297433
2026-04-14,15:00:00,17.45,17.45,17.45,17.45,18312
2026-04-15,10:00:00,17.6,17.63,17.4,17.58,218601
2026-04-15,11:00:00,17.61,17.72,17.48,17.54,216569
2026-04-15,12:00:00,17.54,17.75,17.5,17.64,264508
2026-04-15,13:00:00,17.63,17.75,17.56,17.73,323308
2026-04-15,14:00:00,17.74,17.92,17.7,17.84,554991
2026-04-15,15:00:00,17.84,17.84,17.84,17.84,48810
2026-04-16,10:00:00,17.88,18.03,17.74,17.78,299471
2026-04-16,11:00:00,17.77,17.9,17.77,17.83,171525
2026-04-16,12:00:00,17.84,17.97,17.75,17.82,212204
2026-04-16,13:00:00,17.8,17.94,17.74,17.94,184785
2026-04-16,14:00:00,17.94,18.0,17.84,18.0,330572
2026-04-16,15:00:00,17.98,17.98,17.98,17.98,36318
2026-04-19,10:00:00,18.0,18.19,17.9,18.0,401963
2026-04-19,11:00:00,18.02,18.13,17.92,17.97,233738
2026-04-19,12:00:00,17.96,17.96,17.76,17.81,298636
2026-04-19,13:00:00,17.83,17.9,17.78,17.83,153913
2026-04-19,14:00:00,17.81,17.82,17.6,17.68,175023
2026-04-19,15:00:00,17.67,17.67,17.67,17.67,6553
2026-04-20,10:00:00,17.68,17.79,17.51,17.61,176651
2026-04-20,11:00:00,17.62,17.66,17.45,17.52,200644
2026-04-20,12:00:00,17.52,17.57,17.45,17.51,153092
2026-04-20,13:00:00,17.5,17.52,17.22,17.24,419366
2026-04-20,14:00:00,17.24,17.24,16.85,17.05,1184664
2026-04-20,15:00:00,17.04,17.04,17.04,17.04,41265
2026-04-21,10:00:00,16.93,17.44,16.93,17.18,591198
2026-04-21,11:00:00,17.18,17.2,17.08,17.09,94404
2026-04-21,12:00:00,17.09,17.11,17.01,17.08,82630
2026-04-21,13:00:00,17.09,17.1,17.0,17.0,142153
2026-04-21,14:00:00,16.99,17.04,16.95,16.99,191350
2026-04-21,15:00:00,16.98,16.98,16.98,16.98,28321
2026-04-22,10:00:00,17.0,17.16,17.0,17.07,173618
2026-04-22,11:00:00,17.06,17.08,16.95,16.99,153164
2026-04-22,12:00:00,16.98,17.02,16.83,16.85,225757
2026-04-22,13:00:00,16.86,16.86,16.8,16.83,154431
2026-04-22,14:00:00,16.83,16.89,16.81,16.89,133692
2026-04-22,15:00:00,16.83,16.83,16.83,16.83,5186
2026-04-23,10:00:00,16.83,17.0,16.79,16.79,144954
2026-04-23,11:00:00,16.82,16.98,16.66,16.71,212985
2026-04-23,12:00:00,16.71,16.71,16.66,16.69,105507
2026-04-23,13:00:00,16.69,16.8,16.6,16.63,292088
2026-04-23,14:00:00,16.63,16.68,16.58,16.68,206385
2026-04-23,15:00:00,16.61,16.61,16.61,16.61,42257
2026-04-26,10:00:00,16.69,16.75,16.55,16.57,233511
2026-04-26,11:00:00,16.58,16.58,16.45,16.49,206903
2026-04-26,12:00:00,16.49,16.54,16.43,16.54,82488
2026-04-26,13:00:00,16.54,16.72,16.5,16.66,192345
2026-04-26,14:00:00,16.66,16.74,16.56,16.58,113082
2026-04-26,15:00:00,16.59,16.59,16.59,16.59,5013
2026-04-27,10:00:00,16.62,16.73,16.5,16.7,189815
2026-04-27,11:00:00,16.71,16.73,16.66,16.7,101731
2026-04-27,12:00:00,16.7,16.72,16.67,16.71,73882
2026-04-27,13:00:00,16.71,16.83,16.69,16.73,169088
2026-04-27,14:00:00,16.73,16.73,16.62,16.64,188213
2026-04-27,15:00:00,16.65,16.65,16.65,16.65,12948
2026-04-28,10:00:00,16.62,16.78,16.54,16.65,468912
2026-04-28,11:00:00,16.66,16.81,16.53,16.56,354264
2026-04-28,12:00:00,16.56,16.57,16.44,16.52,164371
2026-04-28,13:00:00,16.52,16.62,16.5,16.56,119790
2026-04-28,14:00:00,16.57,16.62,16.5,16.52,197850
2026-04-28,15:00:00,16.5,16.5,16.5,16.5,76887
2026-04-29,10:00:00,16.52,16.68,16.48,16.56,172860
2026-04-29,11:00:00,16.55,16.99,16.55,16.92,367942
2026-04-29,12:00:00,16.92,17.08,16.88,17.04,392581
2026-04-29,13:00:00,17.04,17.19,16.99,17.14,289847
2026-04-29,14:00:00,17.14,17.19,17.08,17.08,264602
2026-04-29,15:00:00,17.1,17.1,17.1,17.1,14032
2026-04-30,10:00:00,17.14,17.25,17.05,17.14,200258
2026-04-30,11:00:00,17.15,17.41,17.12,17.35,323792
2026-04-30,12:00:00,17.35,17.44,17.23,17.26,229975
2026-04-30,13:00:00,17.24,17.52,17.21,17.47,398443
2026-04-30,14:00:00,17.47,17.51,17.35,17.46,323358
2026-04-30,15:00:00,17.49,17.49,17.49,17.49,44930
2026-05-03,10:00:00,17.6,18.35,17.57,18.03,1088360
2026-05-03,11:00:00,18.03,18.15,17.9,17.97,363200
2026-05-03,12:00:00,17.97,18.0,17.8,17.99,237899
2026-05-03,13:00:00,17.99,17.99,17.88,17.92,167150
2026-05-03,14:00:00,17.91,17.95,17.89,17.92,131227
2026-05-03,15:00:00,17.88,17.88,17.88,17.88,43855
2026-05-04,10:00:00,17.8,18.18,17.7,18.13,500470
2026-05-04,11:00:00,18.13,18.32,18.08,18.29,618710
2026-05-04,12:00:00,18.3,18.3,18.1,18.15,210258
2026-05-04,13:00:00,18.16,18.24,18.1,18.24,156237
2026-05-04,14:00:00,18.24,18.25,18.08,18.18,305986
2026-05-04,15:00:00,18.18,18.18,18.18,18.18,37386
2026-05-05,10:00:00,18.2,18.2,17.78,17.88,391126
2026-05-05,11:00:00,17.88,17.94,17.86,17.87,105113
2026-05-05,12:00:00,17.87,17.95,17.75,17.92,170060
2026-05-05,13:00:00,17.92,17.96,17.86,17.9,66244
2026-05-05,14:00:00,17.88,18.11,17.88,18.1,213119
2026-05-05,15:00:00,18.07,18.07,18.07,18.07,44222
2026-05-06,10:00:00,18.2,18.2,17.98,18.02,256492
2026-05-06,11:00:00,18.05,18.06,17.93,17.97,113844
2026-05-06,12:00:00,17.97,18.02,17.8,17.92,276086
2026-05-06,13:00:00,17.91,18.15,17.88,18.09,218151
2026-05-06,14:00:00,18.09,18.13,17.85,17.92,299436
2026-05-06,15:00:00,17.88,17.88,17.88,17.88,16776
2026-05-07,10:00:00,17.0,17.44,16.55,17.41,1118908
2026-05-07,11:00:00,17.36,17.88,17.31,17.81,653346
2026-05-07,12:00:00,17.81,17.98,17.79,17.94,582854
2026-05-07,13:00:00,17.95,18.08,17.73,17.78,359333
2026-05-07,14:00:00,17.8,17.84,17.72,17.82,230733
2026-05-07,15:00:00,17.83,17.83,17.83,17.83,16803
2026-05-10,10:00:00,17.7,18.18,17.56,18.17,288687
2026-05-10,11:00:00,18.17,19.09,18.11,19.09,1354458
2026-05-10,12:00:00,19.06,19.3,18.9,19.04,728165
2026-05-10,13:00:00,19.04,19.1,18.95,19.03,326786
2026-05-10,14:00:00,19.04,19.05,18.77,18.77,337224
2026-05-10,15:00:00,18.78,18.78,18.78,18.78,21335
2026-05-11,10:00:00,18.78,19.07,18.49,19.03,601575
2026-05-11,11:00:00,19.03,19.26,18.88,19.19,477002
2026-05-11,12:00:00,19.19,19.2,19.0,19.09,228264
2026-05-11,13:00:00,19.09,19.13,18.94,19.06,331611
2026-05-11,14:00:00,19.08,19.12,18.96,18.97,240533
2026-05-11,15:00:00,18.96,18.96,18.96,18.96,9129
2026-05-12,10:00:00,18.82,19.07,18.7,19.02,397125
2026-05-12,11:00:00,19.0,19.03,18.6,18.63,265717
2026-05-12,12:00:00,18.63,18.73,18.48,18.64,206235
2026-05-12,13:00:00,18.68,18.73,18.59,18.59,77809
2026-05-12,14:00:00,18.58,18.73,18.49,18.73,214090
2026-05-12,15:00:00,18.73,18.73,18.73,18.73,38887
2026-05-13,10:00:00,18.74,18.77,18.47,18.6,261579
2026-05-13,11:00:00,18.66,18.66,18.45,18.54,145641
2026-05-13,12:00:00,18.54,18.65,18.51,18.51,100938
2026-05-13,13:00:00,18.51,18.56,18.41,18.41,71897
2026-05-13,14:00:00,18.4,18.5,18.37,18.42,129005
2026-05-13,15:00:00,18.4,18.4,18.4,18.4,11854
2026-05-14,10:00:00,18.37,18.54,18.19,18.44,153940
2026-05-14,11:00:00,18.44,18.45,18.33,18.34,139489
2026-05-14,12:00:00,18.34,18.35,18.08,18.22,132256
2026-05-14,13:00:00,18.26,18.26,18.04,18.21,119031
2026-05-14,14:00:00,18.2,18.31,18.16,18.19,143941
2026-05-14,15:00:00,18.11,18.11,18.11,18.11,18048
2026-05-17,10:00:00,18.0,18.44,17.8,18.26,217064
2026-05-17,11:00:00,18.3,18.86,18.2,18.8,370653
2026-05-17,12:00:00,18.81,18.85,18.6,18.8,185160
2026-05-17,13:00:00,18.79,18.81,18.62,18.71,151680
2026-05-17,14:00:00,18.7,18.83,18.59,18.6,223112
2026-05-17,15:00:00,18.79,18.79,18.79,18.79,27101
2026-05-18,10:00:00,18.8,18.8,18.52,18.68,160915
2026-05-18,11:00:00,18.65,18.66,18.55,18.57,112360
2026-05-18,12:00:00,18.56,18.61,18.46,18.53,100838
2026-05-18,13:00:00,18.56,18.56,18.35,18.44,85646
2026-05-18,14:00:00,18.42,18.44,18.25,18.39,146178
2026-05-18,15:00:00,18.35,18.35,18.35,18.35,6422
2026-05-19,10:00:00,18.35,18.62,18.2,18.56,228802
2026-05-19,11:00:00,18.6,18.72,18.4,18.5,178415
2026-05-19,12:00:00,18.53,18.55,18.43,18.49,121112
2026-05-19,13:00:00,18.45,18.78,18.39,18.66,229148
2026-05-19,14:00:00,18.7,18.95,18.58,18.58,462750
2026-05-19,15:00:00,18.58,18.58,18.58,18.58,33201
2026-05-20,10:00:00,18.58,18.61,18.28,18.34,259768
2026-05-20,11:00:00,18.32,18.73,18.25,18.55,190304
2026-05-20,12:00:00,18.51,18.66,18.47,18.62,49162
2026-05-20,13:00:00,18.62,18.67,18.55,18.65,65661
2026-05-20,14:00:00,18.65,18.85,18.55,18.75,215103
2026-05-20,15:00:00,18.66,18.66,18.66,18.66,6248
2026-05-21,10:00:00,18.7,18.91,18.5,18.72,199576
2026-05-21,11:00:00,18.72,18.77,18.65,18.74,65152
2026-05-21,12:00:00,18.72,18.83,18.68,18.83,69099
2026-05-21,13:00:00,18.83,19.35,18.76,19.04,693250
2026-05-21,14:00:00,19.04,19.15,19.02,19.02,234026
2026-05-21,15:00:00,19.0,19.0,19.0,19.0,38170
2026-05-31,10:00:00,19.0,19.83,19.0,19.73,426073
2026-05-31,11:00:00,19.73,19.93,19.69,19.91,251512
2026-05-31,12:00:00,19.91,19.92,19.68,19.77,130803
2026-05-31,13:00:00,19.77,19.82,19.67,19.67,80548
2026-05-31,14:00:00,19.67,19.82,19.62,19.69,184434
2026-05-31,15:00:00,19.69,19.69,19.69,19.69,7443
2026-06-01,10:00:00,19.69,19.69,19.41,19.57,205467
2026-06-01,11:00:00,19.58,19.63,19.45,19.51,91206
2026-06-01,12:00:00,19.52,19.6,19.46,19.46,63769
2026-06-01,13:00:00,19.46,19.5,19.3,19.33,463650
2026-06-01,14:00:00,19.32,19.5,19.32,19.44,115158
2026-06-01,15:00:00,19.45,19.45,19.45,19.45,6577
2026-06-02,10:00:00,19.55,19.84,19.46,19.61,316371
2026-06-02,11:00:00,19.62,19.7,19.46,19.5,167177
2026-06-02,12:00:00,19.49,19.51,19.35,19.38,66013
2026-06-02,13:00:00,19.38,19.4,19.08,19.16,234066
2026-06-02,14:00:00,19.18,19.36,19.0,19.33,308941
2026-06-02,15:00:00,19.33,19.33,19.33,19.33,46636
2026-06-03,10:00:00,19.34,19.62,19.3,19.61,223949
2026-06-03,11:00:00,19.61,19.66,19.31,19.32,124973
2026-06-03,12:00:00,19.33,19.4,19.24,19.26,61791
2026-06-03,13:00:00,19.27,19.35,19.24,19.27,34572
2026-06-03,14:00:00,19.26,19.31,19.08,19.15,130009
2026-06-03,15:00:00,19.15,19.15,19.15,19.15,6798
2026-06-04,10:00:00,19.11,19.12,18.68,18.72,236629
2026-06-04,11:00:00,18.72,18.74,18.53,18.57,206459
2026-06-04,12:00:00,18.58,18.62,18.5,18.55,128735
2026-06-04,13:00:00,18.55,18.67,18.51,18.62,141171
2026-06-04,14:00:00,18.62,18.62,18.0,18.39,562164
2026-06-04,15:00:00,18.39,18.39,18.39,18.39,27829
2026-06-07,10:00:00,18.2,18.27,17.96,18.23,189121
2026-06-07,11:00:00,18.23,18.3,18.18,18.29,88207
2026-06-07,12:00:00,18.3,18.38,18.21,18.25,61735
2026-06-07,13:00:00,18.25,18.28,18.22,18.22,44542
2026-06-07,14:00:00,18.24,18.28,18.2,18.23,47534
2026-06-07,15:00:00,18.24,18.24,18.24,18.24,11867
2026-06-08,10:00:00,18.18,18.23,17.98,17.98,151801
2026-06-08,11:00:00,17.98,18.12,17.98,18.01,78801
2026-06-08,12:00:00,18.01,18.08,17.94,18.05,80450
2026-06-08,13:00:00,18.04,18.04,17.83,17.86,144826
2026-06-08,14:00:00,17.89,18.06,17.89,18.01,131859
2026-06-08,15:00:00,18.08,18.08,18.08,18.08,15050
2026-06-09,10:00:00,18.1,18.38,18.1,18.27,198611
2026-06-09,11:00:00,18.27,18.32,18.22,18.32,63327
2026-06-09,12:00:00,18.3,18.49,18.29,18.38,106822
2026-06-09,13:00:00,18.38,18.44,18.28,18.33,75003
2026-06-09,14:00:00,18.32,18.34,18.26,18.32,51898
2026-06-09,15:00:00,18.34,18.34,18.34,18.34,12846
2026-06-10,10:00:00,18.44,18.44,18.17,18.24,64062
2026-06-10,11:00:00,18.25,18.28,18.16,18.18,50572
2026-06-10,12:00:00,18.18,18.22,18.16,18.16,45675
2026-06-10,13:00:00,18.16,18.35,18.16,18.31,66779
2026-06-10,14:00:00,18.32,18.41,18.32,18.32,85429
2026-06-10,15:00:00,18.29,18.29,18.29,18.29,11654
2026-06-11,10:00:00,18.29,18.83,18.29,18.68,622090
2026-06-11,11:00:00,18.68,18.7,18.53,18.58,166343
2026-06-11,12:00:00,18.58,18.58,18.47,18.49,156149
2026-06-11,13:00:00,18.49,18.58,18.4,18.51,117085
2026-06-11,14:00:00,18.52,18.52,18.11,18.32,257962
2026-06-11,15:00:00,18.31,18.31,18.31,18.31,15329
2026-06-14,10:00:00,18.58,18.75,18.5,18.53,167422
2026-06-14,11:00:00,18.53,18.71,18.49,18.49,103553
2026-06-14,12:00:00,18.49,18.52,18.43,18.48,49486
2026-06-14,13:00:00,18.49,18.5,18.4,18.46,45896
2026-06-14,14:00:00,18.46,18.48,18.36,18.44,54049
2026-06-14,15:00:00,18.43,18.43,18.43,18.43,6579
2026-06-15,10:00:00,18.51,18.7,18.48,18.55,169593
2026-06-15,11:00:00,18.55,18.64,18.49,18.49,56836
2026-06-15,12:00:00,18.5,18.6,18.5,18.56,54681
2026-06-15,13:00:00,18.56,18.94,18.53,18.78,396301
2026-06-15,14:00:00,18.79,18.9,18.73,18.76,119648
2026-06-15,15:00:00,18.83,18.83,18.83,18.83,11235
2026-06-16,10:00:00,18.73,18.9,18.61,18.62,119776
2026-06-16,11:00:00,18.61,18.65,18.56,18.62,52674
2026-06-16,12:00:00,18.62,18.66,18.57,18.57,84275
2026-06-16,13:00:00,18.58,18.58,18.52,18.58,69726
2026-06-16,14:00:00,18.58,18.62,18.5,18.58,106958
2026-06-16,15:00:00,18.54,18.54,18.54,18.54,12196
2026-06-17,10:00:00,18.55,18.63,18.34,18.62,191390
2026-06-17,11:00:00,18.63,18.63,18.4,18.45,44891
2026-06-17,12:00:00,18.47,18.51,18.37,18.38,54599
2026-06-17,13:00:00,18.4,18.49,18.36,18.45,72845
2026-06-17,14:00:00,18.46,18.54,18.37,18.4,85622
2026-06-17,15:00:00,18.35,18.35,18.35,18.35,12842
2026-06-18,10:00:00,18.35,18.4,18.13,18.3,92270
2026-06-18,11:00:00,18.3,18.31,18.18,18.2,38243
2026-06-18,12:00:00,18.18,18.32,18.18,18.32,46637
2026-06-18,13:00:00,18.31,18.32,18.2,18.22,104426
2026-06-18,14:00:00,18.24,18.24,18.13,18.2,92968
2026-06-18,15:00:00,18.22,18.22,18.22,18.22,29145
2026-06-21,10:00:00,18.22,18.26,18.14,18.21,40199
2026-06-21,11:00:00,18.2,18.3,18.19,18.27,37036
2026-06-21,12:00:00,18.27,18.28,18.2,18.2,14905
2026-06-21,13:00:00,18.2,18.35,18.18,18.35,30072
2026-06-21,14:00:00,18.34,18.35,18.24,18.28,40233
2026-06-21,15:00:00,18.27,18.27,18.27,18.27,3353
2026-06-22,10:00:00,18.27,18.27,18.1,18.19,104649
2026-06-22,11:00:00,18.19,18.21,18.1,18.11,54059
2026-06-22,12:00:00,18.12,18.12,17.93,18.06,175268
2026-06-22,13:00:00,18.06,18.12,18.0,18.07,110393
2026-06-22,14:00:00,18.07,18.08,18.03,18.06,22358
2026-06-22,15:00:00,18.06,18.06,18.06,18.06,3772
2026-06-23,10:00:00,18.11,18.2,18.02,18.14,104326
2026-06-23,11:00:00,18.14,18.23,18.11,18.14,103190
2026-06-23,12:00:00,18.14,18.16,17.96,18.01,106993
2026-06-23,13:00:00,18.0,18.04,17.84,17.84,106463
2026-06-23,14:00:00,17.86,17.9,17.76,17.79,118763
2026-06-23,15:00:00,17.78,17.78,17.78,17.78,14990
2026-06-24,10:00:00,17.79,18.02,17.68,18.01,86142
2026-06-24,11:00:00,18.0,18.06,17.91,17.92,45764
2026-06-24,12:00:00,17.91,17.95,17.89,17.9,45854
2026-06-24,13:00:00,17.91,17.91,17.85,17.89,38567
2026-06-24,14:00:00,17.88,17.9,17.81,17.83,82227
2026-06-24,15:00:00,17.83,17.83,17.83,17.83,8453
2026-06-25,10:00:00,17.83,17.83,17.65,17.71,97226
2026-06-25,11:00:00,17.72,17.8,17.66,17.7,51273
2026-06-25,12:00:00,17.7,17.7,17.5,17.61,137516
2026-06-25,13:00:00,17.57,17.68,17.56,17.61,30770
2026-06-25,14:00:00,17.6,17.6,17.47,17.52,80714
2026-06-25,15:00:00,17.5,17.5,17.5,17.5,7521
2026-06-28,10:00:00,17.53,17.59,17.44,17.5,92936
2026-06-28,11:00:00,17.49,17.62,17.49,17.57,33781
2026-06-28,12:00:00,17.57,17.57,17.47,17.56,25931
2026-06-28,13:00:00,17.56,17.6,17.43,17.49,42186
2026-06-28,14:00:00,17.49,17.54,17.3,17.39,73865
2026-06-28,15:00:00,17.32,17.32,17.32,17.32,1151
2026-06-29,10:00:00,17.55,17.56,17.33,17.45,66051
2026-06-29,11:00:00,17.45,17.61,17.39,17.43,81929
2026-06-29,12:00:00,17.42,17.48,17.34,17.46,37763
2026-06-29,13:00:00,17.46,17.46,17.34,17.39,73941
2026-06-29,14:00:00,17.36,17.44,17.3,17.42,78607
2026-06-29,15:00:00,17.43,17.43,17.43,17.43,10148
2026-06-30,10:00:00,17.47,18.22,17.46,18.09,379900
2026-06-30,11:00:00,18.1,18.13,17.92,18.05,191596
2026-06-30,12:00:00,18.1,18.1,17.89,17.9,181921
2026-06-30,13:00:00,17.93,17.97,17.88,17.92,31871
2026-06-30,14:00:00,17.92,18.16,17.92,17.92,176092
2026-06-30,15:00:00,17.92,17.92,17.92,17.92,20288
2026-07-01,10:00:00,18.18,18.18,17.9,18.09,89768
2026-07-01,11:00:00,18.09,18.12,17.93,18.02,86686
2026-07-01,12:00:00,18.02,18.05,17.95,17.99,45380
2026-07-01,13:00:00,17.99,18.04,17.91,17.95,94538
2026-07-01,14:00:00,17.96,18.01,17.85,17.99,257643
2026-07-01,15:00:00,18.0,18.0,18.0,18.0,23497
2026-07-02,10:00:00,18.09,18.27,17.97,18.02,128591
2026-07-02,11:00:00,18.03,18.11,17.95,18.03,81075
2026-07-02,12:00:00,18.0,18.16,18.0,18.1,112053
2026-07-02,13:00:00,18.08,18.08,17.99,18.03,42683
2026-07-02,14:00:00,18.01,18.02,17.89,18.01,168693
2026-07-02,15:00:00,18.01,18.01,18.01,18.01,14642
2026-07-05,10:00:00,18.01,18.38,17.99,18.17,152214
2026-07-05,11:00:00,18.18,18.36,18.12,18.16,155449
2026-07-05,12:00:00,18.15,18.19,18.02,18.09,78313
2026-07-05,13:00:00,18.08,18.15,18.02,18.08,46185
2026-07-05,14:00:00,18.08,18.11,18.03,18.11,22251
2026-07-05,15:00:00,18.12,18.12,18.12,18.12,6724
2026-07-06,10:00:00,18.12,18.12,17.9,17.96,105523
2026-07-06,11:00:00,17.96,18.42,17.96,18.1,470098
2026-07-06,12:00:00,18.08,18.08,17.98,18.02,148236
2026-07-06,13:00:00,18.01,18.05,17.96,18.0,149419
2026-07-06,14:00:00,17.99,18.0,17.93,17.99,72298
2026-07-06,15:00:00,17.97,17.97,17.97,17.97,17318
2026-07-07,10:00:00,17.99,17.99,17.77,17.86,130897
2026-07-07,11:00:00,17.85,17.88,17.74,17.78,47964
2026-07-07,12:00:00,17.78,17.84,17.73,17.8,53730
2026-07-07,13:00:00,17.84,17.88,17.8,17.82,41266
2026-07-07,14:00:00,17.82,17.85,17.73,17.8,111492
2026-07-07,15:00:00,17.79,17.79,17.79,17.79,6905
2026-07-08,10:00:00,17.55,17.7,17.46,17.49,107452
2026-07-08,11:00:00,17.49,17.5,17.2,17.2,105933
2026-07-08,12:00:00,17.23,17.28,17.17,17.24,39446
2026-07-08,13:00:00,17.25,17.32,17.23,17.27,36490
2026-07-08,14:00:00,17.27,17.27,17.12,17.17,87716
2026-07-08,15:00:00,17.16,17.16,17.16,17.16,35192
2026-07-09,10:00:00,17.19,17.35,17.11,17.22,88934
2026-07-09,11:00:00,17.22,17.47,17.19,17.42,63182
2026-07-09,12:00:00,17.41,17.41,17.28,17.4,28998
2026-07-09,13:00:00,17.4,17.41,17.35,17.37,31684
2026-07-09,14:00:00,17.38,17.38,17.2,17.34,44279
2026-07-09,15:00:00,17.23,17.23,17.23,17.23,5537
2026-07-12,10:00:00,17.23,17.3,17.18,17.24,34876
2026-07-12,11:00:00,17.24,17.27,17.18,17.2,39114
2026-07-12,12:00:00,17.2,17.23,17.2,17.21,18765
2026-07-12,13:00:00,17.21,17.34,17.2,17.21,148391
2026-07-12,14:00:00,17.21,17.25,17.18,17.19,26070
2026-07-12,15:00:00,17.2,17.2,17.2,17.2,11851
2026-07-13,10:00:00,17.2,17.23,17.01,17.17,109048
2026-07-13,11:00:00,17.17,17.27,17.15,17.27,57212
2026-07-13,12:00:00,17.28,17.44,17.27,17.39,124432
2026-07-13,13:00:00,17.4,17.4,17.31,17.39,48456
2026-07-13,14:00:00,17.39,17.41,17.24,17.28,83340
2026-07-13,15:00:00,17.25,17.25,17.25,17.25,6219
2026-07-14,10:00:00,17.23,17.3,17.14,17.2,83648
2026-07-14,11:00:00,17.21,17.25,17.14,17.15,22634
2026-07-14,12:00:00,17.14,17.19,17.12,17.18,12781
2026-07-14,13:00:00,17.18,17.25,17.08,17.09,75211
2026-07-14,14:00:00,17.09,17.13,17.01,17.03,63246
2026-07-14,15:00:00,17.03,17.03,17.03,17.03,5848
2026-07-15,10:00:00,16.98,17.15,16.98,17.08,58864
2026-07-15,11:00:00,17.08,17.11,17.0,17.0,54371
2026-07-15,12:00:00,17.0,17.01,16.91,16.94,83299
2026-07-15,13:00:00,16.93,16.94,16.82,16.83,80270
2026-07-15,14:00:00,16.83,16.87,16.75,16.82,105697
2026-07-15,15:00:00,16.8,16.8,16.8,16.8,3094
2026-07-16,10:00:00,16.74,17.18,16.74,17.04,108976
2026-07-16,11:00:00,17.04,17.08,16.94,17.01,24151
2026-07-16,12:00:00,17.03,17.11,16.82,16.84,101180
2026-07-16,13:00:00,16.83,16.88,16.76,16.79,38756
2026-07-16,14:00:00,16.8,16.97,16.78,16.8,85048
2026-07-16,15:00:00,16.81,16.81,16.81,16.81,7269
2026-07-19,10:00:00,16.81,16.81,16.53,16.63,83247
2026-07-19,11:00:00,16.62,16.66,16.57,16.64,30416
2026-07-19,12:00:00,16.64,16.64,16.57,16.63,6158
2026-07-19,13:00:00,16.63,16.63,16.53,16.61,47408
2026-07-19,14:00:00,16.6,16.67,16.56,16.64,30752
2026-07-19,15:00:00,16.6,16.6,16.6,16.6,6335
2026-07-20,10:00:00,16.64,16.64,16.51,16.54,30110
2026-07-20,11:00:00,16.53,16.58,16.42,16.45,54148
2026-07-20,12:00:00,16.47,16.55,16.44,16.46,21450
2026-07-20,13:00:00,16.45,16.45,16.31,16.31,28384
2026-07-20,14:00:00,16.32,16.35,16.2,16.2,51827
2026-07-20,15:00:00,16.26,16.26,16.26,16.26,14260
2026-07-21,10:00:00,16.2,16.27,16.16,16.16,71361
2026-07-21,11:00:00,16.17,16.22,16.0,16.14,97282
2026-07-21,12:00:00,16.14,16.14,16.0,16.11,55784
2026-07-21,13:00:00,16.11,16.2,16.09,16.14,21287
2026-07-21,14:00:00,16.15,16.19,16.0,16.05,89389
2026-07-21,15:00:00,16.06,16.06,16.06,16.06,8293
2026-07-22,10:00:00,16.06,16.09,15.99,16.03,60030
2026-07-22,11:00:00,16.03,16.11,16.0,16.07,58624
2026-07-22,12:00:00,16.06,16.1,16.04,16.04,32743
2026-07-22,13:00:00,16.04,16.11,16.03,16.11,45270
2026-07-22,14:00:00,16.11,16.52,16.09,16.37,162912
2026-07-22,15:00:00,16.45,16.45,16.45,16.45,4083
2026-07-23,10:00:00,16.6,16.6,16.25,16.37,61780
2026-07-23,11:00:00,16.36,16.36,16.2,16.31,18390
2026-07-23,12:00:00,16.31,16.39,16.28,16.39,32562
2026-07-23,13:00:00,16.33,16.37,16.24,16.33,26278
2026-07-23,14:00:00,16.33,16.45,16.31,16.31,69933
2026-07-23,15:00:00,16.3,16.3,16.3,16.3,14586
2026-07-26,10:00:00,16.5,16.77,16.33,16.41,150872
2026-07-26,11:00:00,16.44,16.55,16.4,16.4,27258
2026-07-26,12:00:00,16.44,16.45,16.35,16.41,28639
2026-07-26,13:00:00,16.44,16.45,16.37,16.37,8576
2026-07-26,14:00:00,16.4,16.45,16.31,16.39,42854
2026-07-26,15:00:00,16.47,16.47,16.47,16.47,725
2026-07-27,10:00:00,16.47,16.48,16.34,16.4,58374
2026-07-27,11:00:00,16.41,16.41,16.33,16.33,18637
2026-07-27,12:00:00,16.34,16.37,16.26,16.35,34942
2026-07-27,13:00:00,16.33,16.35,16.3,16.32,9367
2026-07-27,14:00:00,16.33,16.36,16.28,16.36,28776
2026-07-27,15:00:00,16.4,16.4,16.4,16.4,2355
2026-07-28,10:00:00,16.4,16.4,16.05,16.06,56138
2026-07-28,11:00:00,16.07,16.12,16.04,16.09,58134
2026-07-28,12:00:00,16.09,16.09,16.0,16.01,42662
2026-07-28,13:00:00,16.03,16.07,15.99,16.01,81090
2026-07-28,14:00:00,16.0,16.02,15.93,15.98,88105
2026-07-28,15:00:00,15.95,15.95,15.95,15.95,24058
2026-07-29,10:00:00,15.83,15.92,15.71,15.8,98785
2026-07-29,11:00:00,15.8,15.88,15.64,15.87,66097
2026-07-29,12:00:00,15.86,15.92,15.83,15.84,24270
2026-07-29,13:00:00,15.84,15.86,15.78,15.82,27515
2026-07-29,14:00:00,15.82,16.04,15.8,16.0,38774
2026-07-29,15:00:00,16.0,16.0,16.0,16.0,6868
2026-07-30,10:00:00,15.98,16.0,15.85,15.91,39316
2026-07-30,11:00:00,15.9,16.29,15.8,15.99,149875
2026-07-30,12:00:00,15.99,16.1,15.92,15.99,96008
2026-07-30,13:00:00,15.99,15.99,15.9,15.94,45462
2026-07-30,14:00:00,15.94,15.97,15.89,15.89,42429
2026-07-30,15:00:00,15.89,15.89,15.89,15.89,5057
2026-08-02,10:00:00,15.93,16.38,15.78,16.3,147316
2026-08-02,11:00:00,16.26,16.52,16.16,16.38,181191
2026-08-02,12:00:00,16.37,16.41,16.3,16.34,51082
2026-08-02,13:00:00,16.34,16.44,16.3,16.41,95373
2026-08-02,14:00:00,16.42,16.42,16.25,16.27,64703
2026-08-02,15:00:00,16.26,16.26,16.26,16.26,7222
2026-08-03,10:00:00,16.28,16.65,16.28,16.6,171905
2026-08-03,11:00:00,16.59,16.7,16.39,16.48,112620
2026-08-03,12:00:00,16.47,16.54,16.42,16.45,25224
2026-08-03,13:00:00,16.46,16.59,16.46,16.53,73057
2026-08-03,14:00:00,16.51,16.58,16.46,16.58,43319
2026-08-03,15:00:00,16.56,16.56,16.56,16.56,6549
2026-08-04,10:00:00,16.6,17.1,16.57,17.0,270412
2026-08-04,11:00:00,17.01,17.06,16.74,16.76,139890
2026-08-04,12:00:00,16.75,16.84,16.7,16.8,67880
2026-08-04,13:00:00,16.8,16.95,16.8,16.92,116782
2026-08-04,14:00:00,16.88,17.06,16.84,17.04,101568
2026-08-04,15:00:00,17.03,17.03,17.03,17.03,20069
2026-08-05,10:00:00,17.06,17.33,16.96,17.18,144742
2026-08-05,11:00:00,17.2,17.35,17.03,17.21,119060
2026-08-05,12:00:00,17.23,17.66,17.2,17.54,422575
2026-08-05,13:00:00,17.51,17.67,17.47,17.57,130523
2026-08-05,14:00:00,17.57,17.6,17.22,17.25,124850
2026-08-05,15:00:00,17.33,17.33,17.33,17.33,9808
2026-08-06,10:00:00,17.3,17.46,17.2,17.25,121309
2026-08-06,11:00:00,17.25,17.26,17.01,17.02,59138
2026-08-06,12:00:00,17.03,17.19,17.01,17.13,25691
2026-08-06,13:00:00,17.13,17.18,17.08,17.14,20144
2026-08-06,14:00:00,17.15,17.33,17.15,17.18,71772
2026-08-06,15:00:00,17.27,17.27,17.27,17.27,14471
2026-08-09,10:00:00,17.58,17.58,17.2,17.26,162059
2026-08-09,11:00:00,17.26,17.33,17.17,17.22,32899
2026-08-09,12:00:00,17.2,17.5,17.2,17.47,68259
2026-08-09,13:00:00,17.48,17.65,17.41,17.56,120348
2026-08-09,14:00:00,17.56,17.6,17.2,17.4,104503
2026-08-09,15:00:00,17.3,17.3,17.3,17.3,9504
2026-08-10,10:00:00,17.3,17.31,17.12,17.27,76594
2026-08-10,11:00:00,17.25,17.35,17.17,17.2,46378
2026-08-10,12:00:00,17.21,17.36,17.18,17.33,45191
2026-08-10,13:00:00,17.33,17.5,17.21,17.4,90315
2026-08-10,14:00:00,17.43,17.63,17.43,17.61,107681
2026-08-10,15:00:00,17.61,17.61,17.61,17.61,13652
2026-08-11,10:00:00,18.13,18.28,17.56,18.04,1040207
2026-08-11,11:00:00,18.0,18.19,17.68,18.13,627048
2026-08-11,12:00:00,18.16,18.22,18.05,18.07,437912
2026-08-11,13:00:00,18.06,18.2,17.99,18.07,334633
2026-08-11,14:00:00,18.07,18.08,17.8,17.98,214356
2026-08-11,15:00:00,17.97,17.97,17.97,17.97,15992
2026-08-12,10:00:00,18.12,18.65,17.9,18.05,882230
2026-08-12,11:00:00,18.05,18.07,17.82,17.98,243563
2026-08-12,12:00:00,17.98,18.11,17.94,17.96,136109
2026-08-12,13:00:00,17.94,18.0,17.89,17.98,96708
2026-08-12,14:00:00,17.99,18.28,17.89,18.27,522704
2026-08-12,15:00:00,18.25,18.25,18.25,18.25,24894
2026-08-13,10:00:00,18.36,18.46,18.16,18.37,324221
2026-08-13,11:00:00,18.36,18.72,18.32,18.5,468217
2026-08-13,12:00:00,18.55,18.72,18.47,18.68,346166
2026-08-13,13:00:00,18.67,18.9,18.63,18.74,642026
2026-08-13,14:00:00,18.74,18.89,18.64,18.72,329765
2026-08-13,15:00:00,18.74,18.74,18.74,18.74,25556
2026-08-16,10:00:00,18.9,19.1,18.5,18.52,645182
2026-08-16,11:00:00,18.54,18.67,18.5,18.66,121493
2026-08-16,12:00:00,18.67,18.71,18.54,18.54,132552
2026-08-16,13:00:00,18.54,18.65,18.41,18.44,179870
2026-08-16,14:00:00,18.43,18.58,18.43,18.5,114661
2026-08-16,15:00:00,18.5,18.5,18.5,18.5,46598
2026-08-17,10:00:00,18.44,18.64,18.34,18.57,193131
2026-08-17,11:00:00,18.57,18.65,18.42,18.44,163307
2026-08-17,12:00:00,18.45,18.46,18.36,18.43,150137
2026-08-17,13:00:00,18.43,18.52,18.38,18.51,259128
2026-08-17,14:00:00,18.52,18.52,18.29,18.32,239110
2026-08-17,15:00:00,18.32,18.32,18.32,18.32,73206
2026-08-18,10:00:00,18.32,18.58,18.2,18.45,325551
2026-08-18,11:00:00,18.46,18.59,18.38,18.45,248311
2026-08-18,12:00:00,18.45,18.69,18.43,18.5,296879
2026-08-18,13:00:00,18.46,18.55,18.39,18.48,155278
2026-08-18,14:00:00,18.45,18.45,18.11,18.16,515793
2026-08-18,15:00:00,18.2,18.2,18.2,18.2,19052
2026-08-19,10:00:00,18.2,18.2,17.92,17.95,205251
2026-08-19,11:00:00,17.95,18.14,17.94,18.08,368229
2026-08-19,12:00:00,18.06,18.09,17.9,17.98,213193
2026-08-19,13:00:00,17.98,18.16,17.97,18.13,116533
2026-08-19,14:00:00,18.15,18.17,17.99,18.12,237950
2026-08-19,15:00:00,18.17,18.17,18.17,18.17,21584
2026-08-20,10:00:00,18.12,18.24,18.1,18.21,94686
2026-08-20,11:00:00,18.2,18.25,18.11,18.17,188224
2026-08-20,12:00:00,18.16,18.38,18.16,18.37,262914
2026-08-20,13:00:00,18.37,18.52,18.35,18.47,325512
2026-08-20,14:00:00,18.47,18.5,18.37,18.48,125485
2026-08-20,15:00:00,18.49,18.49,18.49,18.49,19449
2026-08-23,10:00:00,18.63,19.2,18.59,18.94,1094633
2026-08-23,11:00:00,18.93,19.02,18.79,18.88,339418
2026-08-23,12:00:00,18.91,18.93,18.84,18.92,115688
2026-08-23,13:00:00,18.91,18.99,18.8,18.85,193953
2026-08-23,14:00:00,18.86,18.89,18.69,18.84,207287
2026-08-23,15:00:00,18.98,18.98,18.98,18.98,26935
2026-08-24,10:00:00,19.0,19.19,18.87,18.89,381548
2026-08-24,11:00:00,18.88,18.99,18.79,18.9,216505
2026-08-24,12:00:00,18.9,18.95,18.87,18.9,101505
2026-08-24,13:00:00,18.89,18.93,18.86,18.9,68038
2026-08-24,14:00:00,18.89,18.92,18.78,18.81,145798
2026-08-24,15:00:00,18.8,18.8,18.8,18.8,18920
2026-08-25,10:00:00,18.79,18.93,18.7,18.79,188185
2026-08-25,11:00:00,18.78,18.83,18.71,18.81,140114
2026-08-25,12:00:00,18.8,18.8,18.73,18.76,125149
2026-08-25,13:00:00,18.76,18.77,18.63,18.7,167267
2026-08-25,14:00:00,18.71,18.75,18.64,18.68,116350
2026-08-25,15:00:00,18.69,18.69,18.69,18.69,22789
2026-08-26,10:00:00,18.69,18.87,18.67,18.87,208458
2026-08-26,11:00:00,18.88,18.91,18.83,18.89,113564
2026-08-26,12:00:00,18.9,18.98,18.86,18.9,176233
2026-08-26,13:00:00,18.87,19.05,18.87,18.99,337039
2026-08-26,14:00:00,18.97,19.02,18.93,18.93,65405
2026-08-26,15:00:00,18.93,18.93,18.93,18.93,2749
2026-08-27,10:00:00,18.95,19.1,18.82,18.82,260652
2026-08-27,11:00:00,18.83,18.89,18.8,18.86,87326
2026-08-27,12:00:00,18.85,18.86,18.81,18.83,62766
2026-08-27,13:00:00,18.83,18.85,18.81,18.83,65916
2026-08-27,14:00:00,18.84,18.98,18.83,18.96,129103
2026-08-27,15:00:00,18.92,18.92,18.92,18.92,11453
2026-08-30,10:00:00,19.02,19.28,19.02,19.27,581051
2026-08-30,11:00:00,19.26,19.31,19.1,19.15,207015
2026-08-30,12:00:00,19.16,19.22,19.08,19.09,85017
2026-08-30,13:00:00,19.11,19.16,19.03,19.05,133408
2026-08-30,14:00:00,19.06,19.15,19.06,19.11,67590
2026-08-30,15:00:00,19.06,19.06,19.06,19.06,27837
2026-08-31,10:00:00,19.06,19.06,18.8,18.86,377666
2026-08-31,11:00:00,18.87,18.87,18.81,18.82,104936
2026-08-31,12:00:00,18.81,19.06,18.81,18.96,148244
2026-08-31,13:00:00,18.96,19.01,18.85,18.87,69595
2026-08-31,14:00:00,18.86,19.01,18.86,18.99,138555
2026-08-31,15:00:00,19.01,19.01,19.01,19.01,3010
2026-09-01,10:00:00,19.05,19.05,18.9,18.91,67326
2026-09-01,11:00:00,18.91,18.91,18.74,18.78,185486
2026-09-01,12:00:00,18.78,18.8,18.66,18.66,211346
2026-09-01,13:00:00,18.65,18.74,18.61,18.69,118148
2026-09-01,14:00:00,18.69,18.73,18.64,18.7,85225
2026-09-01,15:00:00,18.66,18.66,18.66,18.66,13444
2026-09-02,10:00:00,18.62,18.66,18.46,18.6,217729
2026-09-02,11:00:00,18.6,18.65,18.57,18.6,34969
2026-09-02,12:00:00,18.6,18.64,18.56,18.64,48604
2026-09-02,13:00:00,18.62,18.65,18.56,18.61,108552
2026-09-02,14:00:00,18.63,18.63,18.52,18.59,116885
2026-09-02,15:00:00,18.53,18.53,18.53,18.53,24758
2026-09-03,10:00:00,18.43,18.6,18.38,18.46,161737
2026-09-03,11:00:00,18.46,18.48,18.37,18.43,99886
2026-09-03,12:00:00,18.42,18.48,18.41,18.44,52232
2026-09-03,13:00:00,18.45,18.48,18.38,18.41,61303
2026-09-03,14:00:00,18.41,18.41,18.21,18.37,205057
2026-09-03,15:00:00,18.32,18.32,18.32,18.32,5150
2026-09-06,10:00:00,18.32,18.45,18.32,18.4,48445
2026-09-06,11:00:00,18.4,18.49,18.39,18.41,120685
2026-09-06,12:00:00,18.43,18.45,18.35,18.36,27438
2026-09-06,13:00:00,18.37,18.4,18.31,18.34,58478
2026-09-06,14:00:00,18.34,18.46,18.34,18.45,32434
2026-09-06,15:00:00,18.38,18.38,18.38,18.38,4348
2026-09-07,10:00:00,18.41,18.49,18.32,18.44,103145
2026-09-07,11:00:00,18.44,18.45,18.28,18.34,29862
2026-09-07,12:00:00,18.3,18.35,18.25,18.26,43823
2026-09-07,13:00:00,18.25,18.3,18.25,18.27,57702
2026-09-07,14:00:00,18.29,18.29,18.0,18.2,174376
2026-09-07,15:00:00,18.15,18.15,18.15,18.15,2513
2026-09-08,10:00:00,18.08,18.13,18.01,18.1,64742
2026-09-08,11:00:00,18.13,18.2,18.12,18.16,23302
2026-09-08,12:00:00,18.16,18.18,18.08,18.09,14787
2026-09-08,13:00:00,18.14,18.25,18.13,18.23,32118
2026-09-08,14:00:00,18.22,18.25,18.18,18.25,48833
2026-09-08,15:00:00,18.28,18.28,18.28,18.28,7276
2026-09-09,10:00:00,18.2,18.28,18.13,18.15,36571
2026-09-09,11:00:00,18.15,18.16,18.04,18.05,47103
2026-09-09,12:00:00,18.06,18.06,18.0,18.0,64863
2026-09-09,13:00:00,18.0,18.02,17.94,17.99,102150
2026-09-09,14:00:00,17.98,18.0,17.84,17.85,124529
2026-09-09,15:00:00,17.85,17.85,17.85,17.85,11743
2026-09-10,10:00:00,17.84,17.89,17.74,17.77,179263
2026-09-10,11:00:00,17.75,17.83,17.75,17.76,49353
2026-09-10,12:00:00,17.76,17.85,17.73,17.84,41873
2026-09-10,13:00:00,17.83,17.83,17.76,17.8,15192
2026-09-10,14:00:00,17.78,17.78,17.65,17.65,100130
2026-09-10,15:00:00,17.7,17.7,17.7,17.7,10
2026-09-13,10:00:00,17.39,17.57,17.3,17.4,170989
2026-09-13,11:00:00,17.39,17.44,17.3,17.37,94132
2026-09-13,12:00:00,17.4,17.55,17.37,17.52,73153
2026-09-13,13:00:00,17.54,17.8,17.52,17.79,149133
2026-09-13,14:00:00,17.88,17.97,17.83,17.97,18274
2026-09-13,15:00:00,17.97,17.97,17.97,17.97,12087
2026-09-14,10:00:00,17.9,17.95,17.76,17.79,130060
2026-09-14,11:00:00,17.83,17.83,17.69,17.74,43389
2026-09-14,12:00:00,17.74,17.77,17.66,17.7,56243
2026-09-14,13:00:00,17.69,17.81,17.64,17.8,53743
2026-09-14,14:00:00,17.8,17.8,17.6,17.73,104125
2026-09-14,15:00:00,17.61,17.61,17.61,17.61,488
2026-09-15,10:00:00,17.6,17.63,17.2,17.26,99003
2026-09-15,11:00:00,17.28,17.35,17.13,17.16,117713
2026-09-15,12:00:00,17.21,17.24,17.0,17.07,87639
2026-09-15,13:00:00,17.08,17.1,17.0,17.03,89032
2026-09-15,14:00:00,17.03,17.04,16.82,16.87,155475
2026-09-15,15:00:00,16.87,16.87,16.87,16.87,400
2026-09-16,10:00:00,16.87,17.1,16.87,17.01,64264
2026-09-16,11:00:00,17.01,17.04,16.98,17.03,46955
2026-09-16,12:00:00,17.03,17.06,16.96,17.04,38259
2026-09-16,13:00:00,17.01,17.04,17.0,17.0,10606
2026-09-16,14:00:00,17.01,17.02,16.82,16.87,102226
2026-09-16,15:00:00,16.85,16.85,16.85,16.85,3906
2026-09-17,10:00:00,16.85,16.99,16.83,16.95,47293
2026-09-17,11:00:00,16.96,17.04,16.92,17.01,34146
2026-09-17,12:00:00,17.0,17.01,16.98,16.98,7197
2026-09-17,13:00:00,16.96,17.04,16.95,17.0,34964
2026-09-17,14:00:00,17.0,17.07,16.98,17.01,28196
2026-09-17,15:00:00,16.93,16.93,16.93,16.93,42728
2026-09-20,10:00:00,16.9,16.9,16.78,16.81,62956
2026-09-20,11:00:00,16.82,16.85,16.73,16.83,33997
2026-09-20,12:00:00,16.81,16.84,16.79,16.84,9842
2026-09-20,13:00:00,16.85,16.86,16.78,16.85,52464
2026-09-20,14:00:00,16.86,16.89,16.82,16.82,21763
2026-09-20,15:00:00,16.82,16.82,16.82,16.82,60
2026-09-21,10:00:00,16.82,16.9,16.76,16.79,42385
2026-09-21,11:00:00,16.78,16.95,16.78,16.88,67115
2026-09-21,12:00:00,16.91,16.91,16.79,16.81,34922
2026-09-21,13:00:00,16.81,16.82,16.73,16.74,83644
2026-09-21,14:00:00,16.75,16.84,16.5,16.84,119124
2026-09-21,15:00:00,16.84,16.84,16.84,16.84,10
