Date,Time,Open,High,Low,Close,Volume
2024-08-12,10:00:00,16.24,16.24,15.98,16.0,222339
2024-08-12,11:00:00,16.0,16.2,15.94,16.06,80090
2024-08-12,12:00:00,16.08,16.08,16.02,16.04,37925
2024-08-12,13:00:00,16.04,16.1,15.96,16.0,71945
2024-08-12,14:00:00,16.0,16.2,15.98,16.2,85853
2024-08-12,15:00:00,16.12,16.12,16.12,16.12,4480
2024-08-13,10:00:00,16.2,16.2,16.08,16.1,139013
2024-08-13,11:00:00,16.12,16.18,16.08,16.14,81478
2024-08-13,12:00:00,16.14,17.42,16.12,17.2,746049
2024-08-13,13:00:00,17.2,17.52,17.02,17.18,786190
2024-08-13,14:00:00,17.18,17.7,17.18,17.56,593483
2024-08-13,15:00:00,17.56,17.56,17.56,17.56,27501
2024-08-14,10:00:00,17.56,17.88,17.36,17.7,605728
2024-08-14,11:00:00,17.68,17.9,17.58,17.7,413928
2024-08-14,12:00:00,17.7,18.1,17.64,18.1,300745
2024-08-14,13:00:00,18.1,18.18,17.76,17.96,393876
2024-08-14,14:00:00,17.98,18.1,17.96,18.08,464893
2024-08-14,15:00:00,18.08,18.08,18.08,18.08,20440
2024-08-15,10:00:00,17.88,18.78,17.76,18.74,920951
2024-08-15,11:00:00,18.74,18.9,18.44,18.62,648002
2024-08-15,12:00:00,18.62,18.66,18.24,18.4,394071
2024-08-15,13:00:00,18.42,18.58,18.34,18.42,168856
2024-08-15,14:00:00,18.42,18.48,17.96,18.02,286718
2024-08-15,15:00:00,17.98,17.98,17.98,17.98,25278
2024-08-18,10:00:00,17.98,18.24,17.88,17.94,358633
2024-08-18,11:00:00,17.9,18.0,17.6,17.7,471482
2024-08-18,12:00:00,17.7,17.76,17.6,17.7,174503
2024-08-18,13:00:00,17.72,17.92,17.7,17.84,133951
2024-08-18,14:00:00,17.84,17.86,17.74,17.78,146934
2024-08-18,15:00:00,17.76,17.76,17.76,17.76,9306
2024-08-19,10:00:00,17.78,18.0,17.62,18.0,241164
2024-08-19,11:00:00,18.0,18.06,17.82,17.92,245110
2024-08-19,12:00:00,17.94,18.16,17.9,18.1,266855
2024-08-19,13:00:00,18.08,18.12,17.96,18.0,259292
2024-08-19,14:00:00,18.02,18.1,18.02,18.1,149306
2024-08-19,15:00:00,18.08,18.08,18.08,18.08,35042
2024-08-20,10:00:00,18.1,19.1,18.0,18.22,4957656
2024-08-20,11:00:00,18.22,18.38,18.16,18.16,699066
2024-08-20,12:00:00,18.14,18.24,17.76,17.9,1416955
2024-08-20,13:00:00,17.9,17.94,17.4,17.54,1125101
2024-08-20,14:00:00,17.54,17.66,17.26,17.42,865529
2024-08-20,15:00:00,17.42,17.42,17.42,17.42,42611
2024-08-21,10:00:00,17.2,17.72,17.2,17.38,985806
2024-08-21,11:00:00,17.38,17.5,17.2,17.28,476599
2024-08-21,12:00:00,17.26,17.54,17.26,17.38,320328
2024-08-21,13:00:00,17.38,17.38,17.28,17.34,276761
2024-08-21,14:00:00,17.32,17.34,17.2,17.3,285954
2024-08-21,15:00:00,17.3,17.3,17.3,17.3,21521
2024-08-22,10:00:00,17.42,17.42,17.18,17.22,391440
2024-08-22,11:00:00,17.24,17.26,16.96,17.0,565101
2024-08-22,12:00:00,17.0,17.12,17.0,17.06,229432
2024-08-22,13:00:00,17.06,17.08,16.78,16.94,539691
2024-08-22,14:00:00,16.94,16.98,16.84,16.92,267044
2024-08-22,15:00:00,16.92,16.92,16.92,16.92,38527
2024-08-25,10:00:00,17.0,17.12,16.94,16.96,239339
2024-08-25,11:00:00,16.98,17.16,16.94,17.12,230534
2024-08-25,12:00:00,17.12,17.42,17.04,17.32,571583
2024-08-25,13:00:00,17.34,17.34,17.14,17.14,236293
2024-08-25,14:00:00,17.14,17.22,17.08,17.12,186824
2024-08-25,15:00:00,17.06,17.06,17.06,17.06,23091
2024-08-26,10:00:00,17.2,17.22,16.92,16.96,229351
2024-08-26,11:00:00,16.96,17.0,16.92,16.98,124370
2024-08-26,12:00:00,17.0,17.06,16.94,17.04,101653
2024-08-26,13:00:00,17.04,17.06,16.92,16.96,132420
2024-08-26,14:00:00,16.96,16.98,16.92,16.96,109174
2024-08-26,15:00:00,16.92,16.92,16.92,16.92,53034
2024-08-27,10:00:00,17.0,17.06,16.94,17.0,130135
2024-08-27,11:00:00,17.0,17.02,16.92,16.94,124551
2024-08-27,12:00:00,16.94,16.96,16.92,16.94,49095
2024-08-27,13:00:00,16.92,16.96,16.8,16.88,216335
2024-08-27,14:00:00,16.88,16.96,16.82,16.82,91807
2024-08-27,15:00:00,16.82,16.82,16.82,16.82,28812
2024-08-28,10:00:00,16.9,16.92,16.58,16.6,228739
2024-08-28,11:00:00,16.62,16.68,16.52,16.64,170785
2024-08-28,12:00:00,16.66,16.74,16.62,16.72,44384
2024-08-28,13:00:00,16.7,16.72,16.58,16.68,66426
2024-08-28,14:00:00,16.66,16.68,16.54,16.64,104682
2024-08-28,15:00:00,16.6,16.6,16.6,16.6,14391
2024-08-29,10:00:00,16.6,16.78,16.58,16.78,148098
2024-08-29,11:00:00,16.8,16.94,16.72,16.8,202466
2024-08-29,12:00:00,16.78,16.96,16.7,16.88,93267
2024-08-29,13:00:00,16.86,17.24,16.86,17.12,494932
2024-08-29,14:00:00,17.1,17.12,16.9,16.96,142931
2024-08-29,15:00:00,16.96,16.96,16.96,16.96,11998
2024-09-01,10:00:00,17.06,17.16,16.7,16.82,428955
2024-09-01,11:00:00,16.8,17.12,16.78,17.1,212086
2024-09-01,12:00:00,17.08,17.18,16.98,17.0,238190
2024-09-01,13:00:00,17.0,17.08,16.98,17.02,70061
2024-09-01,14:00:00,17.06,17.06,16.86,16.94,140182
2024-09-01,15:00:00,16.92,16.92,16.92,16.92,21844
2024-09-02,10:00:00,16.94,17.04,16.9,17.0,135153
2024-09-02,11:00:00,17.0,17.04,16.94,16.98,92132
2024-09-02,12:00:00,16.96,16.96,16.84,16.88,115582
2024-09-02,13:00:00,16.88,16.88,16.8,16.84,95014
2024-09-02,14:00:00,16.82,16.9,16.72,16.72,171144
2024-09-02,15:00:00,16.78,16.78,16.78,16.78,10581
2024-09-03,10:00:00,16.76,16.88,16.7,16.76,186191
2024-09-03,11:00:00,16.74,16.84,16.72,16.76,130007
2024-09-03,12:00:00,16.76,16.8,16.66,16.66,111606
2024-09-03,13:00:00,16.68,16.74,16.64,16.66,151793
2024-09-03,14:00:00,16.66,16.7,16.58,16.6,215150
2024-09-03,15:00:00,16.6,16.6,16.6,16.6,28492
2024-09-04,10:00:00,16.52,16.52,16.26,16.42,352568
2024-09-04,11:00:00,16.42,16.44,16.36,16.42,119014
2024-09-04,12:00:00,16.42,16.5,16.38,16.4,110868
2024-09-04,13:00:00,16.4,16.46,16.32,16.38,78716
2024-09-04,14:00:00,16.38,16.44,16.32,16.34,70452
2024-09-04,15:00:00,16.32,16.32,16.32,16.32,4350
2024-09-05,10:00:00,16.3,16.42,16.28,16.34,103299
2024-09-05,11:00:00,16.34,16.36,16.26,16.3,102961
2024-09-05,12:00:00,16.32,16.32,16.2,16.22,118631
2024-09-05,13:00:00,16.2,16.68,16.16,16.58,248484
2024-09-05,14:00:00,16.58,16.6,16.44,16.56,214338
2024-09-05,15:00:00,16.58,16.58,16.58,16.58,44634
2024-09-08,10:00:00,16.7,17.14,16.4,17.0,808349
2024-09-08,11:00:00,17.0,17.02,16.74,16.8,231503
2024-09-08,12:00:00,16.78,16.88,16.52,16.7,155206
2024-09-08,13:00:00,16.7,17.0,16.7,16.82,225927
2024-09-08,14:00:00,16.82,16.9,16.62,16.68,153044
2024-09-08,15:00:00,16.7,16.7,16.7,16.7,22869
2024-09-09,10:00:00,16.7,16.86,16.42,16.44,440663
2024-09-09,11:00:00,16.48,16.52,16.24,16.4,198246
2024-09-09,12:00:00,16.4,16.42,16.36,16.42,134250
2024-09-09,13:00:00,16.4,16.48,16.36,16.36,234102
2024-09-09,14:00:00,16.38,16.4,16.3,16.38,105115
2024-09-09,15:00:00,16.4,16.4,16.4,16.4,9843
2024-09-10,10:00:00,16.5,16.56,16.38,16.44,124959
2024-09-10,11:00:00,16.46,16.46,16.34,16.42,134489
2024-09-10,12:00:00,16.4,16.42,16.26,16.28,95277
2024-09-10,13:00:00,16.3,16.3,16.24,16.3,222930
2024-09-10,14:00:00,16.3,16.3,16.22,16.24,238421
2024-09-10,15:00:00,16.22,16.22,16.22,16.22,50332
2024-09-11,10:00:00,16.22,16.38,16.16,16.16,277469
2024-09-11,11:00:00,16.18,16.2,16.0,16.02,227486
2024-09-11,12:00:00,16.02,16.1,15.84,15.98,186154
2024-09-11,13:00:00,15.96,16.06,15.92,16.0,101686
2024-09-11,14:00:00,15.98,16.0,15.9,15.94,90866
2024-09-11,15:00:00,15.9,15.9,15.9,15.9,19998
2024-09-12,10:00:00,16.0,16.2,15.98,16.04,111505
2024-09-12,11:00:00,16.04,16.08,15.98,16.02,81662
2024-09-12,12:00:00,16.02,16.04,15.98,16.02,47991
2024-09-12,13:00:00,16.0,16.04,15.98,16.0,37352
2024-09-12,14:00:00,16.02,16.12,16.02,16.06,50440
2024-09-12,15:00:00,16.02,16.02,16.02,16.02,15410
2024-09-15,10:00:00,16.06,16.18,16.02,16.04,61413
2024-09-15,11:00:00,16.06,16.34,16.02,16.12,192744
2024-09-15,12:00:00,16.12,16.18,16.08,16.12,29705
2024-09-15,13:00:00,16.14,16.14,16.04,16.06,44993
2024-09-15,14:00:00,16.06,16.1,16.0,16.04,95035
2024-09-15,15:00:00,16.02,16.02,16.02,16.02,5527
2024-09-16,10:00:00,16.14,16.16,16.02,16.04,87054
2024-09-16,11:00:00,16.04,16.12,15.98,16.12,120124
2024-09-16,12:00:00,16.1,16.1,16.0,16.08,42146
2024-09-16,13:00:00,16.06,16.28,16.06,16.12,221148
2024-09-16,14:00:00,16.12,16.14,16.02,16.02,83778
2024-09-16,15:00:00,16.02,16.02,16.02,16.02,4568
2024-09-17,10:00:00,16.0,16.24,15.9,15.92,143426
2024-09-17,11:00:00,15.92,15.98,15.86,15.96,70587
2024-09-17,12:00:00,15.96,16.06,15.92,16.0,56735
2024-09-17,13:00:00,16.0,16.02,15.92,15.96,65751
2024-09-17,14:00:00,15.96,15.98,15.92,15.92,60580
2024-09-17,15:00:00,15.9,15.9,15.9,15.9,21150
2024-09-18,10:00:00,15.92,16.06,15.9,15.98,56615
2024-09-18,11:00:00,16.02,16.02,15.96,15.98,38398
2024-09-18,12:00:00,15.98,16.0,15.94,15.94,26323
2024-09-18,13:00:00,15.98,16.04,15.96,16.02,40346
2024-09-18,14:00:00,16.02,16.12,15.94,16.08,78649
2024-09-18,15:00:00,16.06,16.06,16.06,16.06,5560
2024-09-19,10:00:00,16.1,16.1,15.9,15.92,80131
2024-09-19,11:00:00,15.92,16.0,15.9,16.0,35589
2024-09-19,12:00:00,15.98,16.02,15.96,15.98,44856
2024-09-19,13:00:00,15.98,16.0,15.9,15.98,65464
2024-09-19,14:00:00,15.98,16.08,15.94,16.0,62049
2024-09-19,15:00:00,16.0,16.0,16.0,16.0,24415
2024-09-22,10:00:00,16.16,16.8,16.16,16.42,669931
2024-09-22,11:00:00,16.42,16.44,16.34,16.34,122963
2024-09-22,12:00:00,16.34,16.4,16.26,16.3,106541
2024-09-22,13:00:00,16.32,16.32,16.2,16.26,113680
2024-09-22,14:00:00,16.26,16.26,16.16,16.26,128379
2024-09-22,15:00:00,16.24,16.24,16.24,16.24,14483
2024-09-24,10:00:00,16.12,16.22,16.06,16.1,126813
2024-09-24,11:00:00,16.1,16.1,16.04,16.1,75073
2024-09-24,12:00:00,16.1,16.1,16.04,16.08,70934
2024-09-24,13:00:00,16.1,16.14,16.06,16.12,58238
2024-09-24,14:00:00,16.12,16.14,16.06,16.08,66844
2024-09-24,15:00:00,16.08,16.08,16.08,16.08,5797
2024-09-25,10:00:00,16.1,16.26,16.04,16.14,241995
2024-09-25,11:00:00,16.14,16.16,16.08,16.12,96090
2024-09-25,12:00:00,16.1,16.16,16.08,16.1,40438
2024-09-25,13:00:00,16.08,16.14,16.08,16.1,34018
2024-09-25,14:00:00,16.1,16.26,16.1,16.18,138463
2024-09-25,15:00:00,16.18,16.18,16.18,16.18,19704
2024-09-26,10:00:00,16.34,16.7,16.34,16.46,947534
2024-09-26,11:00:00,16.44,16.76,16.42,16.46,577946
2024-09-26,12:00:00,16.46,16.62,16.46,16.56,122631
2024-09-26,13:00:00,16.54,16.66,16.48,16.52,227345
2024-09-26,14:00:00,16.52,16.56,16.44,16.46,191719
2024-09-26,15:00:00,16.44,16.44,16.44,16.44,47969
2024-09-29,10:00:00,16.3,16.44,16.28,16.32,227764
2024-09-29,11:00:00,16.34,16.36,16.3,16.3,82142
2024-09-29,12:00:00,16.34,16.38,16.3,16.32,78461
2024-09-29,13:00:00,16.32,16.32,16.24,16.28,157992
2024-09-29,14:00:00,16.28,16.32,16.26,16.26,80939
2024-09-29,15:00:00,16.28,16.28,16.28,16.28,15589
2024-09-30,10:00:00,16.3,16.44,16.28,16.36,131302
2024-09-30,11:00:00,16.36,16.38,16.3,16.32,58798
2024-09-30,12:00:00,16.32,16.42,16.3,16.38,107367
2024-09-30,13:00:00,16.36,16.56,16.32,16.4,205098
2024-09-30,14:00:00,16.4,16.72,16.36,16.6,554645
2024-09-30,15:00:00,16.6,16.6,16.6,16.6,28083
2024-10-01,10:00:00,16.68,16.68,16.42,16.48,262967
2024-10-01,11:00:00,16.48,16.5,16.34,16.38,202137
2024-10-01,12:00:00,16.38,16.42,16.3,16.36,142258
2024-10-01,13:00:00,16.34,16.38,16.3,16.34,92173
2024-10-01,14:00:00,16.36,16.38,16.32,16.36,83336
2024-10-01,15:00:00,16.34,16.34,16.34,16.34,13638
2024-10-02,10:00:00,16.24,16.26,16.14,16.18,233496
2024-10-02,11:00:00,16.18,16.26,16.14,16.16,78810
2024-10-02,12:00:00,16.14,16.24,16.14,16.14,88047
2024-10-02,13:00:00,16.16,16.16,15.9,15.9,178578
2024-10-02,14:00:00,15.9,15.98,15.84,15.86,153395
2024-10-02,15:00:00,15.84,15.84,15.84,15.84,28971
2024-10-03,10:00:00,15.86,16.04,15.86,15.9,104139
2024-10-03,11:00:00,15.92,15.96,15.88,15.96,44498
2024-10-03,12:00:00,15.96,16.0,15.92,15.98,44191
2024-10-03,13:00:00,15.94,15.94,15.8,15.8,98561
2024-10-03,14:00:00,15.8,15.84,15.72,15.78,148456
2024-10-03,15:00:00,15.8,15.8,15.8,15.8,8139
2024-10-06,10:00:00,15.82,15.92,15.58,15.64,205863
2024-10-06,11:00:00,15.62,15.7,15.58,15.7,117634
2024-10-06,12:00:00,15.7,15.78,15.58,15.6,59721
2024-10-06,13:00:00,15.58,15.62,15.46,15.5,90723
2024-10-06,14:00:00,15.48,15.5,15.2,15.24,155864
2024-10-06,15:00:00,15.22,15.22,15.22,15.22,8232
2024-10-07,10:00:00,15.2,15.4,15.1,15.28,171377
2024-10-07,11:00:00,15.28,15.38,15.26,15.38,123442
2024-10-07,12:00:00,15.34,15.4,15.3,15.34,82750
2024-10-07,13:00:00,15.34,15.44,15.28,15.36,74048
2024-10-07,14:00:00,15.34,15.36,15.18,15.22,144256
2024-10-07,15:00:00,15.22,15.22,15.22,15.22,4070
2024-10-08,10:00:00,15.38,15.38,15.16,15.22,67005
2024-10-08,11:00:00,15.26,15.32,15.18,15.22,44462
2024-10-08,12:00:00,15.22,15.22,15.06,15.12,113695
2024-10-08,13:00:00,15.12,15.18,15.08,15.1,72830
2024-10-08,14:00:00,15.12,15.34,15.1,15.24,100917
2024-10-08,15:00:00,15.24,15.24,15.24,15.24,10355
2024-10-09,10:00:00,15.3,15.3,15.14,15.16,100208
2024-10-09,11:00:00,15.18,15.18,15.06,15.06,80324
2024-10-09,12:00:00,15.06,15.08,15.0,15.04,103089
2024-10-09,13:00:00,15.02,15.06,14.98,15.04,37991
2024-10-09,14:00:00,15.02,15.04,14.92,14.98,131391
2024-10-09,15:00:00,14.94,14.94,14.94,14.94,11287
2024-10-10,10:00:00,14.98,15.22,14.96,15.18,112015
2024-10-10,11:00:00,15.18,15.18,15.0,15.06,46937
2024-10-10,12:00:00,15.08,15.12,15.0,15.08,71357
2024-10-10,13:00:00,15.08,15.22,15.06,15.18,43751
2024-10-10,14:00:00,15.18,15.36,15.16,15.18,111573
2024-10-10,15:00:00,15.2,15.2,15.2,15.2,16902
2024-10-13,10:00:00,15.3,15.44,15.22,15.4,68724
2024-10-13,11:00:00,15.42,15.54,15.38,15.48,119653
2024-10-13,12:00:00,15.48,15.54,15.46,15.5,36939
2024-10-13,13:00:00,15.48,15.5,15.4,15.44,45509
2024-10-13,14:00:00,15.44,15.52,15.38,15.4,55551
2024-10-13,15:00:00,15.4,15.4,15.4,15.4,1727
2024-10-14,10:00:00,15.5,15.52,15.34,15.5,59824
2024-10-14,11:00:00,15.48,15.5,15.38,15.4,82815
2024-10-14,12:00:00,15.4,15.44,15.38,15.44,29088
2024-10-14,13:00:00,15.44,15.44,15.18,15.24,144831
2024-10-14,14:00:00,15.26,15.3,15.18,15.2,83326
2024-10-14,15:00:00,15.24,15.24,15.24,15.24,19338
2024-10-15,10:00:00,15.22,15.36,15.18,15.34,81254
2024-10-15,11:00:00,15.3,15.46,15.3,15.4,103365
2024-10-15,12:00:00,15.4,15.4,15.3,15.34,55260
2024-10-15,13:00:00,15.32,15.34,15.24,15.3,110162
2024-10-15,14:00:00,15.3,15.34,15.22,15.24,61064
2024-10-15,15:00:00,15.24,15.24,15.24,15.24,3135
2024-10-16,10:00:00,15.32,15.32,15.24,15.24,73271
2024-10-16,11:00:00,15.24,15.24,15.18,15.24,56386
2024-10-16,12:00:00,15.22,15.24,15.18,15.18,52171
2024-10-16,13:00:00,15.2,15.24,15.16,15.2,45307
2024-10-16,14:00:00,15.22,15.26,15.2,15.24,27357
2024-10-16,15:00:00,15.22,15.22,15.22,15.22,2886
2024-10-17,10:00:00,15.28,15.34,15.26,15.3,47815
2024-10-17,11:00:00,15.3,15.3,15.18,15.22,55964
2024-10-17,12:00:00,15.22,15.22,15.16,15.2,34781
2024-10-17,13:00:00,15.22,15.28,15.18,15.2,164582
2024-10-17,14:00:00,15.2,15.2,15.06,15.14,114306
2024-10-17,15:00:00,15.1,15.1,15.1,15.1,16687
2024-10-20,10:00:00,15.08,15.16,14.96,15.04,87402
2024-10-20,11:00:00,15.04,15.04,15.0,15.02,30528
2024-10-20,12:00:00,15.02,15.06,14.96,15.0,23838
2024-10-20,13:00:00,14.98,15.1,14.98,15.1,20538
2024-10-20,14:00:00,15.12,15.14,15.04,15.04,41434
2024-10-20,15:00:00,15.04,15.04,15.04,15.04,2096
2024-10-21,10:00:00,15.06,15.14,15.02,15.04,65871
2024-10-21,11:00:00,15.06,15.1,15.04,15.08,45305
2024-10-21,12:00:00,15.06,15.08,15.04,15.06,38221
2024-10-21,13:00:00,15.06,15.08,15.04,15.06,50490
2024-10-21,14:00:00,15.06,15.06,14.96,15.0,108749
2024-10-21,15:00:00,15.0,15.0,15.0,15.0,3496
2024-10-22,10:00:00,15.04,15.36,14.94,15.2,509895
2024-10-22,11:00:00,15.2,15.2,15.06,15.12,144710
2024-10-22,12:00:00,15.12,15.12,15.0,15.02,114963
2024-10-22,13:00:00,15.02,15.04,14.96,15.0,175571
2024-10-22,14:00:00,15.0,15.0,14.92,14.94,95432
2024-10-22,15:00:00,14.94,14.94,14.94,14.94,15704
2024-10-23,10:00:00,15.0,15.0,14.88,14.94,98579
2024-10-23,11:00:00,14.94,14.94,14.86,14.86,49911
2024-10-23,12:00:00,14.86,14.9,14.8,14.9,41744
2024-10-23,13:00:00,14.88,14.9,14.8,14.88,34105
2024-10-23,14:00:00,14.86,14.92,14.82,14.86,59427
2024-10-23,15:00:00,14.86,14.86,14.86,14.86,10942
2024-10-24,10:00:00,14.92,14.92,14.72,14.8,112090
2024-10-24,11:00:00,14.82,14.9,14.78,14.78,45210
2024-10-24,12:00:00,14.78,14.8,14.72,14.74,88136
2024-10-24,13:00:00,14.72,14.8,14.72,14.76,18656
2024-10-24,14:00:00,14.78,14.84,14.76,14.76,36461
2024-10-24,15:00:00,14.78,14.78,14.78,14.78,10452
2024-10-27,10:00:00,14.98,15.0,14.88,14.96,195114
2024-10-27,11:00:00,14.94,14.98,14.9,14.94,51775
2024-10-27,12:00:00,14.92,14.96,14.88,14.94,35610
2024-10-27,13:00:00,14.94,14.94,14.92,14.92,34938
2024-10-27,14:00:00,14.92,15.08,14.9,15.04,165568
2024-10-27,15:00:00,15.04,15.04,15.04,15.04,3392
2024-10-28,10:00:00,15.1,15.1,14.94,15.0,91357
2024-10-28,11:00:00,14.96,15.04,14.96,15.04,41647
2024-10-28,12:00:00,15.0,15.0,14.92,14.96,91217
2024-10-28,13:00:00,14.96,15.0,14.86,14.96,83430
2024-10-28,14:00:00,14.96,14.96,14.9,14.9,26246
2024-10-28,15:00:00,14.9,14.9,14.9,14.9,2949
2024-10-29,10:00:00,14.98,14.98,14.84,14.86,84107
2024-10-29,11:00:00,14.88,14.88,14.78,14.78,59933
2024-10-29,12:00:00,14.78,14.8,14.74,14.78,28106
2024-10-29,13:00:00,14.78,14.84,14.76,14.78,37444
2024-10-29,14:00:00,14.82,14.82,14.72,14.74,55136
2024-10-29,15:00:00,14.72,14.72,14.72,14.72,29756
2024-10-30,10:00:00,14.74,14.82,14.7,14.74,54247
2024-10-30,11:00:00,14.74,14.76,14.66,14.76,52036
2024-10-30,12:00:00,14.76,14.78,14.72,14.74,31064
2024-10-30,13:00:00,14.74,14.74,14.66,14.68,20694
2024-10-30,14:00:00,14.68,14.7,14.62,14.64,71160
2024-10-30,15:00:00,14.64,14.64,14.64,14.64,6302
2024-10-31,10:00:00,14.64,14.72,14.62,14.62,53560
2024-10-31,11:00:00,14.62,14.66,14.6,14.64,30804
2024-10-31,12:00:00,14.62,14.8,14.62,14.68,81712
2024-10-31,13:00:00,14.7,14.76,14.68,14.74,19759
2024-10-31,14:00:00,14.72,14.74,14.66,14.72,41383
2024-10-31,15:00:00,14.7,14.7,14.7,14.7,3434
2024-11-03,10:00:00,14.7,14.72,14.64,14.66,31602
2024-11-03,11:00:00,14.68,14.76,14.66,14.7,42070
2024-11-03,12:00:00,14.66,14.7,14.6,14.62,50267
2024-11-03,13:00:00,14.62,14.64,14.52,14.52,46628
2024-11-03,14:00:00,14.52,14.54,14.46,14.5,76692
2024-11-03,15:00:00,14.46,14.46,14.46,14.46,24911
2024-11-04,10:00:00,14.46,14.5,14.2,14.22,119222
2024-11-04,11:00:00,14.24,14.24,13.98,14.2,161101
2024-11-04,12:00:00,14.2,14.26,14.18,14.26,26594
2024-11-04,13:00:00,14.26,14.34,14.24,14.24,58074
2024-11-04,14:00:00,14.22,14.26,14.16,14.18,79175
2024-11-04,15:00:00,14.18,14.18,14.18,14.18,11203
2024-11-05,10:00:00,14.18,14.24,14.1,14.16,75166
2024-11-05,11:00:00,14.16,14.24,14.14,14.22,47307
2024-11-05,12:00:00,14.22,14.22,14.12,14.14,41649
2024-11-05,13:00:00,14.14,14.22,14.14,14.18,47492
2024-11-05,14:00:00,14.2,14.22,14.1,14.1,88994
2024-11-05,15:00:00,14.1,14.1,14.1,14.1,20516
2024-11-06,10:00:00,14.24,14.32,14.12,14.16,139553
2024-11-06,11:00:00,14.18,14.26,14.16,14.24,58898
2024-11-06,12:00:00,14.26,14.34,14.22,14.28,99706
2024-11-06,13:00:00,14.26,14.28,13.98,14.04,484022
2024-11-06,14:00:00,14.04,14.06,13.92,13.98,388468
2024-11-06,15:00:00,13.98,13.98,13.98,13.98,8421
2024-11-07,10:00:00,14.02,14.04,13.92,13.94,77251
2024-11-07,11:00:00,13.96,14.0,13.78,13.84,442118
2024-11-07,12:00:00,13.84,13.9,13.8,13.9,69164
2024-11-07,13:00:00,13.9,13.92,13.88,13.88,40113
2024-11-07,14:00:00,13.9,13.98,13.86,13.98,77967
2024-11-07,15:00:00,14.0,14.0,14.0,14.0,5952
2024-11-10,10:00:00,14.1,14.18,13.92,14.06,82685
2024-11-10,11:00:00,14.02,14.14,14.02,14.06,87692
2024-11-10,12:00:00,14.06,14.3,14.02,14.28,152121
2024-11-10,13:00:00,14.3,14.3,14.08,14.12,155750
2024-11-10,14:00:00,14.12,14.24,14.0,14.1,175863
2024-11-10,15:00:00,14.06,14.06,14.06,14.06,3118
2024-11-11,10:00:00,14.06,14.06,13.88,13.96,94749
2024-11-11,11:00:00,13.94,13.96,13.84,13.86,99086
2024-11-11,12:00:00,13.88,14.02,13.86,13.96,94107
2024-11-11,13:00:00,13.96,14.02,13.9,13.96,63052
2024-11-11,14:00:00,13.94,14.26,13.94,14.18,214439
2024-11-11,15:00:00,14.2,14.2,14.2,14.2,8497
2024-11-12,10:00:00,14.2,14.26,14.02,14.08,79731
2024-11-12,11:00:00,14.06,14.14,14.04,14.04,24781
2024-11-12,12:00:00,14.06,14.12,14.0,14.04,50491
2024-11-12,13:00:00,14.06,14.1,14.0,14.02,57554
2024-11-12,14:00:00,14.04,14.14,14.02,14.04,105345
2024-11-12,15:00:00,14.04,14.04,14.04,14.04,17806
2024-11-13,10:00:00,14.0,14.08,13.92,14.02,62847
2024-11-13,11:00:00,14.02,14.08,13.96,14.02,52491
2024-11-13,12:00:00,14.06,14.12,14.02,14.06,85911
2024-11-13,13:00:00,14.06,14.14,14.06,14.06,54227
2024-11-13,14:00:00,14.08,14.08,13.98,14.06,45851
2024-11-13,15:00:00,13.98,13.98,13.98,13.98,809
2024-11-14,10:00:00,14.0,14.04,13.94,14.0,75402
2024-11-14,11:00:00,13.98,14.02,13.96,13.98,65457
2024-11-14,12:00:00,13.98,14.0,13.96,13.98,29055
2024-11-14,13:00:00,13.98,13.98,13.86,13.9,65534
2024-11-14,14:00:00,13.9,13.92,13.86,13.9,78275
2024-11-14,15:00:00,13.9,13.9,13.9,13.9,2758
2024-11-17,10:00:00,13.9,14.0,13.86,13.9,19069
2024-11-17,11:00:00,13.92,13.98,13.86,13.9,23428
2024-11-17,12:00:00,13.9,13.96,13.88,13.96,38437
2024-11-17,13:00:00,13.94,13.94,13.86,13.88,64227
2024-11-17,14:00:00,13.88,13.96,13.86,13.88,40865
2024-11-17,15:00:00,13.86,13.86,13.86,13.86,1196
2024-11-18,10:00:00,13.88,13.9,13.84,13.88,21422
2024-11-18,11:00:00,13.86,13.94,13.86,13.88,52277
2024-11-18,12:00:00,13.88,13.9,13.86,13.86,24454
2024-11-18,13:00:00,13.86,14.14,13.86,14.02,211317
2024-11-18,14:00:00,14.0,14.02,13.86,13.86,77580
2024-11-18,15:00:00,13.86,13.86,13.86,13.86,2816
2024-11-19,10:00:00,13.88,14.02,13.88,13.92,23337
2024-11-19,11:00:00,13.92,14.0,13.9,13.9,22334
2024-11-19,12:00:00,13.9,14.06,13.9,14.0,57935
2024-11-19,13:00:00,14.0,14.06,13.9,13.94,54671
2024-11-19,14:00:00,13.92,14.0,13.9,13.94,37263
2024-11-19,15:00:00,14.0,14.0,14.0,14.0,1678
2024-11-20,10:00:00,13.9,14.0,13.9,14.0,28039
2024-11-20,11:00:00,14.0,14.04,13.92,14.0,51465
2024-11-20,12:00:00,14.02,14.08,13.94,13.96,63031
2024-11-20,13:00:00,13.96,14.18,13.94,14.16,165272
2024-11-20,14:00:00,14.12,14.3,14.12,14.28,203061
2024-11-20,15:00:00,14.28,14.28,14.28,14.28,22167
2024-11-21,10:00:00,14.28,14.48,14.24,14.34,285971
2024-11-21,11:00:00,14.34,14.34,14.1,14.2,125629
2024-11-21,12:00:00,14.18,14.24,14.08,14.1,67778
2024-11-21,13:00:00,14.12,14.12,14.0,14.04,100746
2024-11-21,14:00:00,14.04,14.12,14.02,14.12,72748
2024-11-21,15:00:00,14.06,14.06,14.06,14.06,709
2024-11-24,10:00:00,14.08,14.26,14.08,14.2,73553
2024-11-24,11:00:00,14.26,14.3,14.16,14.18,65546
2024-11-24,12:00:00,14.16,14.16,14.12,14.16,19387
2024-11-24,13:00:00,14.14,14.16,14.12,14.14,22383
2024-11-24,14:00:00,14.14,14.14,13.98,14.04,170069
2024-11-24,15:00:00,14.04,14.04,14.04,14.04,2724
2024-11-25,10:00:00,14.06,14.06,13.9,14.02,68126
2024-11-25,11:00:00,14.02,14.12,14.0,14.02,31428
2024-11-25,12:00:00,14.02,14.02,13.94,13.96,32309
2024-11-25,13:00:00,13.94,14.02,13.92,13.98,30512
2024-11-25,14:00:00,14.0,14.02,13.96,13.98,16639
2024-11-25,15:00:00,13.98,13.98,13.98,13.98,748
2024-11-26,10:00:00,14.0,14.06,13.92,13.96,52565
2024-11-26,11:00:00,13.9,13.94,13.72,13.76,219260
2024-11-26,12:00:00,13.74,13.78,13.66,13.68,177226
2024-11-26,13:00:00,13.68,13.8,13.68,13.74,55535
2024-11-26,14:00:00,13.76,13.78,13.68,13.68,70720
2024-11-26,15:00:00,13.68,13.68,13.68,13.68,12327
2024-11-27,10:00:00,13.68,13.8,13.6,13.62,115352
2024-11-27,11:00:00,13.62,13.7,13.58,13.7,46755
2024-11-27,12:00:00,13.68,13.7,13.62,13.66,26933
2024-11-27,13:00:00,13.7,13.72,13.66,13.7,19747
2024-11-27,14:00:00,13.68,13.74,13.66,13.74,28332
2024-11-27,15:00:00,13.74,13.74,13.74,13.74,3779
2024-11-28,10:00:00,13.74,13.78,13.66,13.7,57518
2024-11-28,11:00:00,13.68,13.72,13.62,13.62,59588
2024-11-28,12:00:00,13.64,13.7,13.62,13.66,19719
2024-11-28,13:00:00,13.68,13.74,13.64,13.66,44761
2024-11-28,14:00:00,13.66,13.7,13.62,13.68,46244
2024-11-28,15:00:00,13.64,13.64,13.64,13.64,8073
2024-12-01,10:00:00,13.64,13.8,13.64,13.78,53777
2024-12-01,11:00:00,13.78,13.8,13.76,13.76,10426
2024-12-01,12:00:00,13.76,13.84,13.76,13.8,22153
2024-12-01,13:00:00,13.82,13.88,13.76,13.8,20184
2024-12-01,14:00:00,13.78,13.78,13.68,13.7,29657
2024-12-01,15:00:00,13.66,13.66,13.66,13.66,16264
2024-12-02,10:00:00,13.7,14.06,13.7,13.88,179312
2024-12-02,11:00:00,13.88,13.9,13.82,13.84,48687
2024-12-02,12:00:00,13.82,13.9,13.82,13.86,16001
2024-12-02,13:00:00,13.86,13.88,13.76,13.76,24928
2024-12-02,14:00:00,13.78,13.82,13.74,13.78,41391
2024-12-02,15:00:00,13.76,13.76,13.76,13.76,1927
2024-12-03,10:00:00,13.72,13.96,13.72,13.96,168565
2024-12-03,11:00:00,13.92,13.96,13.8,13.86,50945
2024-12-03,12:00:00,13.82,13.92,13.82,13.84,37304
2024-12-03,13:00:00,13.86,13.86,13.8,13.82,26767
2024-12-03,14:00:00,13.82,13.96,13.82,13.94,71356
2024-12-03,15:00:00,13.92,13.92,13.92,13.92,8961
2024-12-04,10:00:00,13.96,14.12,13.9,14.1,360123
2024-12-04,11:00:00,14.12,14.18,14.02,14.16,182396
2024-12-04,12:00:00,14.14,14.18,14.06,14.16,64336
2024-12-04,13:00:00,14.16,14.56,14.16,14.4,535751
2024-12-04,14:00:00,14.4,14.44,14.2,14.28,115152
2024-12-04,15:00:00,14.28,14.28,14.28,14.28,7338
2024-12-05,10:00:00,14.32,14.56,14.26,14.3,188944
2024-12-05,11:00:00,14.32,14.46,14.3,14.44,75708
2024-12-05,12:00:00,14.42,14.5,14.42,14.44,88486
2024-12-05,13:00:00,14.42,14.66,14.42,14.56,261549
2024-12-05,14:00:00,14.56,14.7,14.56,14.62,259264
2024-12-05,15:00:00,14.62,14.62,14.62,14.62,12284
2024-12-08,10:00:00,14.78,14.98,14.68,14.84,352225
2024-12-08,11:00:00,14.84,14.84,14.7,14.82,119665
2024-12-08,12:00:00,14.82,14.84,14.7,14.72,65629
2024-12-08,13:00:00,14.72,14.9,14.72,14.86,84740
2024-12-08,14:00:00,14.86,14.88,14.72,14.86,81632
2024-12-08,15:00:00,14.82,14.82,14.82,14.82,11757
2024-12-09,10:00:00,14.86,14.88,14.76,14.84,84860
2024-12-09,11:00:00,14.86,15.0,14.86,14.94,125942
2024-12-09,12:00:00,14.94,15.1,14.94,15.0,209759
2024-12-09,13:00:00,15.02,15.06,14.98,15.0,59605
2024-12-09,14:00:00,15.0,15.02,14.9,14.94,103635
2024-12-09,15:00:00,14.9,14.9,14.9,14.9,8168
2024-12-10,10:00:00,14.9,14.98,14.76,14.88,114139
2024-12-10,11:00:00,14.88,14.9,14.76,14.9,95246
2024-12-10,12:00:00,14.86,15.06,14.86,15.04,142420
2024-12-10,13:00:00,15.04,15.26,15.0,15.2,322539
2024-12-10,14:00:00,15.2,15.28,15.12,15.18,136884
2024-12-10,15:00:00,15.18,15.18,15.18,15.18,12416
2024-12-11,10:00:00,15.06,15.34,15.06,15.26,171813
2024-12-11,11:00:00,15.26,15.26,15.14,15.2,86959
2024-12-11,12:00:00,15.18,15.18,15.02,15.04,87991
2024-12-11,13:00:00,15.04,15.04,14.98,15.02,90478
2024-12-11,14:00:00,15.02,15.18,15.0,15.06,75040
2024-12-11,15:00:00,15.04,15.04,15.04,15.04,4155
2024-12-12,10:00:00,15.0,15.08,14.9,14.98,40808
2024-12-12,11:00:00,14.98,15.06,14.92,15.0,40300
2024-12-12,12:00:00,14.98,15.04,14.96,15.0,27151
2024-12-12,13:00:00,15.0,15.14,15.0,15.06,55801
2024-12-12,14:00:00,15.06,15.12,15.0,15.06,61079
2024-12-12,15:00:00,15.08,15.08,15.08,15.08,6731
2024-12-15,10:00:00,15.08,15.16,15.0,15.16,65328
2024-12-15,11:00:00,15.16,15.18,15.02,15.14,79542
2024-12-15,12:00:00,15.14,15.16,15.04,15.04,67623
2024-12-15,13:00:00,15.06,15.08,15.04,15.06,30417
2024-12-15,14:00:00,15.04,15.08,14.94,14.94,68936
2024-12-15,15:00:00,14.94,14.94,14.94,14.94,4758
2024-12-16,10:00:00,15.04,15.06,14.9,14.98,57411
2024-12-16,11:00:00,15.0,15.06,14.84,14.86,119822
2024-12-16,12:00:00,14.86,14.86,14.76,14.78,81769
2024-12-16,13:00:00,14.8,14.8,14.7,14.72,69942
2024-12-16,14:00:00,14.72,15.0,14.7,14.92,92876
2024-12-16,15:00:00,14.92,14.92,14.92,14.92,4581
2024-12-17,10:00:00,14.86,15.02,14.74,14.94,105246
2024-12-17,11:00:00,14.9,14.96,14.82,14.82,44386
2024-12-17,12:00:00,14.84,14.96,14.82,14.96,43380
2024-12-17,13:00:00,14.96,15.2,14.96,15.06,219567
2024-12-17,14:00:00,15.04,15.1,15.0,15.06,56271
2024-12-17,15:00:00,15.08,15.08,15.08,15.08,2351
2024-12-18,10:00:00,15.08,15.08,14.84,14.9,70434
2024-12-18,11:00:00,14.88,14.98,14.82,14.96,60641
2024-12-18,12:00:00,14.96,14.96,14.86,14.92,23772
2024-12-18,13:00:00,14.9,14.98,14.9,14.92,24448
2024-12-18,14:00:00,14.96,15.08,14.96,15.04,121118
2024-12-18,15:00:00,15.0,15.0,15.0,15.0,5089
2024-12-19,10:00:00,14.88,14.94,14.82,14.92,74806
2024-12-19,11:00:00,14.92,14.92,14.8,14.86,31699
2024-12-19,12:00:00,14.86,14.88,14.78,14.8,33945
2024-12-19,13:00:00,14.8,14.94,14.8,14.92,37396
2024-12-19,14:00:00,14.94,14.94,14.4,14.5,726685
2024-12-19,15:00:00,14.42,14.42,14.42,14.42,20870
2024-12-22,10:00:00,14.64,14.68,14.5,14.58,82558
2024-12-22,11:00:00,14.56,14.56,14.42,14.44,86010
2024-12-22,12:00:00,14.44,14.44,14.4,14.42,58559
2024-12-22,13:00:00,14.42,14.46,14.4,14.42,30944
2024-12-22,14:00:00,14.42,14.42,14.2,14.4,74853
2024-12-22,15:00:00,14.42,14.42,14.42,14.42,300
2024-12-23,10:00:00,14.38,14.38,14.18,14.18,78100
2024-12-23,11:00:00,14.18,14.26,14.1,14.24,25046
2024-12-23,12:00:00,14.28,14.54,14.2,14.54,70669
2024-12-23,13:00:00,14.5,14.6,14.5,14.54,79688
2024-12-23,14:00:00,14.54,14.58,14.5,14.5,17719
2024-12-23,15:00:00,14.58,14.58,14.58,14.58,290
2024-12-24,10:00:00,14.42,14.7,14.42,14.42,71168
2024-12-24,11:00:00,14.44,14.74,14.4,14.66,220619
2024-12-24,12:00:00,14.66,14.72,14.6,14.68,78722
2024-12-24,13:00:00,14.68,14.94,14.68,14.8,143201
2024-12-24,14:00:00,14.74,14.82,14.66,14.66,76749
2024-12-24,15:00:00,14.72,14.72,14.72,14.72,18222
2024-12-25,10:00:00,14.8,14.8,14.58,14.58,38765
2024-12-25,11:00:00,14.58,14.7,14.54,14.7,19750
2024-12-25,12:00:00,14.7,14.76,14.7,14.72,16558
2024-12-25,13:00:00,14.72,14.74,14.72,14.72,23070
2024-12-25,14:00:00,14.74,14.76,14.72,14.74,27201
2024-12-25,15:00:00,14.74,14.74,14.74,14.74,64
2024-12-26,10:00:00,14.74,14.74,14.6,14.7,21449
2024-12-26,11:00:00,14.72,14.72,14.56,14.62,27026
2024-12-26,12:00:00,14.64,14.66,14.58,14.62,17569
2024-12-26,13:00:00,14.64,14.66,14.58,14.6,11535
2024-12-26,14:00:00,14.62,14.64,14.5,14.54,75085
2024-12-26,15:00:00,14.54,14.54,14.54,14.54,21395
2024-12-29,10:00:00,14.52,14.68,14.52,14.66,10537
2024-12-29,11:00:00,14.66,14.68,14.52,14.58,45739
2024-12-29,12:00:00,14.52,14.62,14.52,14.6,11467
2024-12-29,13:00:00,14.6,14.6,14.54,14.56,11521
2024-12-29,14:00:00,14.56,14.6,14.54,14.58,17223
2024-12-29,15:00:00,14.58,14.58,14.58,14.58,312
2024-12-30,10:00:00,14.58,14.62,14.48,14.52,29513
2024-12-30,11:00:00,14.52,14.68,14.5,14.64,29181
2024-12-30,12:00:00,14.64,14.82,14.64,14.8,51248
2024-12-30,13:00:00,14.78,14.86,14.76,14.82,53452
2024-12-30,14:00:00,14.82,14.96,14.8,14.94,56517
2024-12-30,15:00:00,14.96,14.96,14.96,14.96,5676
2024-12-31,10:00:00,15.0,15.28,14.98,15.02,240262
2024-12-31,11:00:00,15.02,15.1,15.02,15.08,23060
2024-12-31,12:00:00,15.08,15.2,15.06,15.18,50720
2024-12-31,13:00:00,15.14,15.18,15.14,15.14,44380
2024-12-31,14:00:00,15.14,15.2,15.08,15.08,124857
2024-12-31,15:00:00,15.14,15.14,15.14,15.14,6290
2025-01-01,10:00:00,15.02,15.14,15.0,15.02,44403
2025-01-01,11:00:00,15.0,15.02,15.0,15.02,49450
2025-01-01,12:00:00,15.02,15.1,15.0,15.08,107070
2025-01-01,13:00:00,15.1,15.22,15.1,15.2,51352
2025-01-01,14:00:00,15.18,15.3,15.16,15.24,112515
2025-01-01,15:00:00,15.24,15.24,15.24,15.24,4029
2025-01-02,10:00:00,15.22,15.82,15.2,15.7,754294
2025-01-02,11:00:00,15.7,15.74,15.46,15.52,203068
2025-01-02,12:00:00,15.52,16.18,15.52,15.86,817748
2025-01-02,13:00:00,15.86,16.08,15.78,16.04,328605
2025-01-02,14:00:00,16.04,16.14,15.86,16.02,533975
2025-01-02,15:00:00,16.0,16.0,16.0,16.0,146574
2025-01-05,10:00:00,16.1,16.1,15.84,15.86,160631
2025-01-05,11:00:00,15.86,16.24,15.84,16.1,309756
2025-01-05,12:00:00,16.1,16.18,16.0,16.06,373731
2025-01-05,13:00:00,16.06,16.12,16.02,16.1,187880
2025-01-05,14:00:00,16.1,16.24,16.06,16.16,367832
2025-01-05,15:00:00,16.14,16.14,16.14,16.14,9151
2025-01-06,10:00:00,16.14,16.14,15.94,16.06,182487
2025-01-06,11:00:00,16.06,16.2,16.02,16.18,103896
2025-01-06,12:00:00,16.16,16.32,16.14,16.3,224308
2025-01-06,13:00:00,16.3,16.52,16.26,16.5,632646
2025-01-06,14:00:00,16.5,16.54,16.3,16.3,159310
2025-01-06,15:00:00,16.3,16.3,16.3,16.3,14382
2025-01-07,10:00:00,16.3,16.3,15.9,16.16,407727
2025-01-07,11:00:00,16.14,16.4,16.1,16.32,131087
2025-01-07,12:00:00,16.32,16.36,16.24,16.34,148717
2025-01-07,13:00:00,16.34,16.52,16.28,16.48,330483
2025-01-07,14:00:00,16.44,16.48,16.24,16.3,100912
2025-01-07,15:00:00,16.36,16.36,16.36,16.36,2020
2025-01-08,10:00:00,16.3,16.48,16.24,16.42,99797
2025-01-08,11:00:00,16.42,16.52,16.36,16.48,288435
2025-01-08,12:00:00,16.5,16.5,16.46,16.46,30633
2025-01-08,13:00:00,16.48,16.52,16.42,16.42,118950
2025-01-08,14:00:00,16.44,16.48,16.26,16.3,180187
2025-01-08,15:00:00,16.28,16.28,16.28,16.28,5729
2025-01-09,10:00:00,16.28,16.44,16.16,16.4,309092
2025-01-09,11:00:00,16.4,16.44,16.3,16.34,76043
2025-01-09,12:00:00,16.34,16.5,16.34,16.44,224476
2025-01-09,13:00:00,16.44,16.5,16.36,16.42,75398
2025-01-09,14:00:00,16.42,16.42,16.2,16.34,90471
2025-01-09,15:00:00,16.34,16.34,16.34,16.34,5693
2025-01-12,10:00:00,16.3,16.5,16.24,16.5,207274
2025-01-12,11:00:00,16.48,16.5,16.28,16.3,165596
2025-01-12,12:00:00,16.3,16.42,16.12,16.3,127141
2025-01-12,13:00:00,16.32,16.4,16.3,16.3,79048
2025-01-12,14:00:00,16.32,16.36,16.26,16.26,57551
2025-01-12,15:00:00,16.22,16.22,16.22,16.22,8307
2025-01-13,10:00:00,16.22,16.3,16.18,16.28,86509
2025-01-13,11:00:00,16.24,16.34,16.24,16.26,33719
2025-01-13,12:00:00,16.26,16.38,16.26,16.32,65228
2025-01-13,13:00:00,16.36,16.38,16.24,16.24,79822
2025-01-13,14:00:00,16.26,16.32,16.24,16.26,62062
2025-01-13,15:00:00,16.26,16.26,16.26,16.26,5937
2025-01-14,10:00:00,16.22,16.44,16.22,16.32,357326
2025-01-14,11:00:00,16.32,16.34,16.24,16.28,105957
2025-01-14,12:00:00,16.26,16.3,16.2,16.22,104014
2025-01-14,13:00:00,16.2,16.32,16.2,16.3,119782
2025-01-14,14:00:00,16.32,16.34,16.26,16.3,124978
2025-01-14,15:00:00,16.28,16.28,16.28,16.28,11709
2025-01-15,10:00:00,16.24,16.3,16.18,16.22,47394
2025-01-15,11:00:00,16.22,16.3,16.18,16.26,65363
2025-01-15,12:00:00,16.26,16.3,16.22,16.3,33425
2025-01-15,13:00:00,16.3,16.3,16.1,16.14,195791
2025-01-15,14:00:00,16.14,16.18,15.98,16.08,152841
2025-01-15,15:00:00,16.08,16.08,16.08,16.08,4723
2025-01-16,10:00:00,15.96,16.08,15.92,16.02,185219
2025-01-16,11:00:00,16.02,16.16,16.02,16.14,140467
2025-01-16,12:00:00,16.16,16.24,16.14,16.24,69741
2025-01-16,13:00:00,16.24,16.26,16.14,16.16,71018
2025-01-16,14:00:00,16.16,16.2,16.14,16.16,224956
2025-01-16,15:00:00,16.16,16.16,16.16,16.16,11249
2025-01-19,10:00:00,16.16,16.34,16.16,16.24,275906
2025-01-19,11:00:00,16.22,16.3,16.16,16.2,58893
2025-01-19,12:00:00,16.22,16.24,16.18,16.22,10483
2025-01-19,13:00:00,16.22,16.28,16.18,16.2,45448
2025-01-19,14:00:00,16.22,16.22,16.1,16.16,89491
2025-01-19,15:00:00,16.16,16.16,16.16,16.16,4563
2025-01-20,10:00:00,16.24,16.24,16.12,16.12,43448
2025-01-20,11:00:00,16.14,16.26,16.14,16.26,97963
2025-01-20,12:00:00,16.24,16.26,16.16,16.16,171322
2025-01-20,13:00:00,16.18,16.22,16.16,16.16,91013
2025-01-20,14:00:00,16.16,16.22,16.1,16.2,196885
2025-01-20,15:00:00,16.2,16.2,16.2,16.2,14589
2025-01-21,10:00:00,16.22,16.46,16.18,16.26,405308
2025-01-21,11:00:00,16.26,16.28,16.16,16.24,169543
2025-01-21,12:00:00,16.2,16.28,16.18,16.24,27678
2025-01-21,13:00:00,16.24,16.3,16.24,16.26,118955
2025-01-21,14:00:00,16.28,16.28,16.16,16.16,113422
2025-01-21,15:00:00,16.18,16.18,16.18,16.18,53913
2025-01-22,10:00:00,16.18,16.38,16.16,16.3,157330
2025-01-22,11:00:00,16.24,16.3,16.18,16.22,47832
2025-01-22,12:00:00,16.22,16.22,16.18,16.2,30970
2025-01-22,13:00:00,16.2,16.22,16.18,16.18,32003
2025-01-22,14:00:00,16.18,16.26,16.16,16.2,71138
2025-01-22,15:00:00,16.2,16.2,16.2,16.2,6412
2025-01-23,10:00:00,16.22,16.24,16.18,16.2,93094
2025-01-23,11:00:00,16.2,16.24,16.14,16.22,153978
2025-01-23,12:00:00,16.24,16.26,16.2,16.26,50239
2025-01-23,13:00:00,16.26,16.3,16.24,16.28,115300
2025-01-23,14:00:00,16.28,16.66,16.24,16.52,788914
2025-01-23,15:00:00,16.42,16.42,16.42,16.42,36157
2025-01-26,10:00:00,16.46,16.9,16.46,16.76,515985
2025-01-26,11:00:00,16.76,16.8,16.62,16.76,75780
2025-01-26,12:00:00,16.76,16.88,16.7,16.8,126897
2025-01-26,13:00:00,16.8,16.96,16.78,16.8,321756
2025-01-26,14:00:00,16.8,16.96,16.78,16.88,107192
2025-01-26,15:00:00,16.96,16.96,16.96,16.96,49370
2025-01-27,10:00:00,16.98,17.2,16.8,16.9,825574
2025-01-27,11:00:00,16.9,17.04,16.86,16.96,216103
2025-01-27,12:00:00,17.02,17.18,16.9,17.14,290229
2025-01-27,13:00:00,17.16,17.2,16.94,16.98,130902
2025-01-27,14:00:00,16.96,16.98,16.78,16.9,215675
2025-01-27,15:00:00,16.92,16.92,16.92,16.92,14199
2025-01-28,10:00:00,16.94,17.0,16.62,16.68,785570
2025-01-28,11:00:00,16.68,16.94,16.68,16.9,104636
2025-01-28,12:00:00,16.9,16.92,16.78,16.8,86549
2025-01-28,13:00:00,16.78,16.9,16.78,16.86,47401
2025-01-28,14:00:00,16.88,16.88,16.76,16.86,140677
2025-01-28,15:00:00,16.8,16.8,16.8,16.8,6632
2025-01-29,10:00:00,16.86,16.88,16.8,16.84,96276
2025-01-29,11:00:00,16.82,16.96,16.8,16.84,68280
2025-01-29,12:00:00,16.84,16.86,16.8,16.84,27403
2025-01-29,13:00:00,16.84,17.06,16.82,16.82,252134
2025-01-29,14:00:00,16.82,16.88,16.76,16.86,133238
2025-01-29,15:00:00,16.84,16.84,16.84,16.84,659
2025-01-30,10:00:00,16.84,16.98,16.8,16.96,69792
2025-01-30,11:00:00,16.96,17.04,16.9,17.0,112369
2025-01-30,12:00:00,17.0,17.0,16.86,16.92,51923
2025-01-30,13:00:00,16.92,16.94,16.88,16.88,66328
2025-01-30,14:00:00,16.9,16.9,16.84,16.84,38215
2025-01-30,15:00:00,16.84,16.84,16.84,16.84,9310
2025-02-02,10:00:00,16.82,16.9,16.8,16.82,107522
2025-02-02,11:00:00,16.84,17.0,16.84,16.96,104092
2025-02-02,12:00:00,16.96,16.96,16.88,16.88,22911
2025-02-02,13:00:00,16.88,16.9,16.84,16.88,24065
2025-02-02,14:00:00,16.9,16.9,16.84,16.86,59287
2025-02-02,15:00:00,16.84,16.84,16.84,16.84,4302
2025-02-03,10:00:00,16.8,17.06,16.8,16.96,392593
2025-02-03,11:00:00,16.96,17.1,16.92,16.92,196713
2025-02-03,12:00:00,16.96,17.0,16.92,16.92,59320
2025-02-03,13:00:00,16.92,16.96,16.86,16.88,52313
2025-02-03,14:00:00,16.88,16.92,16.82,16.88,126659
2025-02-03,15:00:00,16.88,16.88,16.88,16.88,1978
2025-02-04,10:00:00,16.86,16.94,16.86,16.94,33153
2025-02-04,11:00:00,16.92,16.94,16.86,16.86,39104
2025-02-04,12:00:00,16.9,16.9,16.84,16.86,34823
2025-02-04,13:00:00,16.84,16.88,16.82,16.82,41321
2025-02-04,14:00:00,16.84,16.86,16.8,16.82,128520
2025-02-04,15:00:00,16.8,16.8,16.8,16.8,40811
2025-02-05,10:00:00,16.94,16.94,16.8,16.88,66449
2025-02-05,11:00:00,16.82,16.94,16.82,16.86,70829
2025-02-05,12:00:00,16.84,16.86,16.82,16.86,52829
2025-02-05,13:00:00,16.84,16.86,16.8,16.86,96527
2025-02-05,14:00:00,16.84,16.86,16.8,16.8,81238
2025-02-05,15:00:00,16.8,16.8,16.8,16.8,4644
2025-02-06,10:00:00,18.0,18.0,17.2,17.46,2835237
2025-02-06,11:00:00,17.48,17.58,17.34,17.4,559271
2025-02-06,12:00:00,17.38,17.44,17.34,17.4,191631
2025-02-06,13:00:00,17.4,17.66,17.36,17.54,767133
2025-02-06,14:00:00,17.54,17.54,17.18,17.28,479006
2025-02-06,15:00:00,17.28,17.28,17.28,17.28,64261
2025-02-09,10:00:00,17.28,17.36,17.16,17.24,364515
2025-02-09,11:00:00,17.24,17.26,17.1,17.12,232477
2025-02-09,12:00:00,17.12,17.16,17.02,17.1,124303
2025-02-09,13:00:00,17.08,17.18,17.06,17.16,148700
2025-02-09,14:00:00,17.18,17.18,17.08,17.12,147021
2025-02-09,15:00:00,17.14,17.14,17.14,17.14,17469
2025-02-10,10:00:00,17.14,17.14,17.04,17.04,127188
2025-02-10,11:00:00,17.04,17.14,16.96,16.98,145435
2025-02-10,12:00:00,17.0,17.06,16.96,17.0,100122
2025-02-10,13:00:00,17.0,17.06,16.98,17.02,45638
2025-02-10,14:00:00,17.02,17.22,17.0,17.2,392898
2025-02-10,15:00:00,17.2,17.2,17.2,17.2,28535
2025-02-11,10:00:00,17.16,17.2,17.02,17.12,139353
2025-02-11,11:00:00,17.12,17.14,17.04,17.08,59630
2025-02-11,12:00:00,17.08,17.12,17.04,17.08,25481
2025-02-11,13:00:00,17.06,17.1,17.04,17.06,31276
2025-02-11,14:00:00,17.06,17.08,17.0,17.02,81493
2025-02-11,15:00:00,17.02,17.02,17.02,17.02,9622
2025-02-12,10:00:00,17.0,17.0,16.76,16.82,193486
2025-02-12,11:00:00,16.82,16.84,16.68,16.74,228717
2025-02-12,12:00:00,16.72,16.88,16.7,16.76,76288
2025-02-12,13:00:00,16.78,16.8,16.56,16.66,267908
2025-02-12,14:00:00,16.66,16.66,16.52,16.54,85059
2025-02-12,15:00:00,16.54,16.54,16.54,16.54,1941
2025-02-13,10:00:00,16.76,16.76,16.52,16.58,47426
2025-02-13,11:00:00,16.54,16.58,16.54,16.56,13496
2025-02-13,12:00:00,16.54,16.6,16.5,16.52,67924
2025-02-13,13:00:00,16.52,16.54,16.4,16.4,166482
2025-02-13,14:00:00,16.42,16.7,16.4,16.7,129061
2025-02-13,15:00:00,16.7,16.7,16.7,16.7,17561
2025-02-16,10:00:00,16.72,16.78,16.64,16.72,70183
2025-02-16,11:00:00,16.7,16.9,16.7,16.86,149823
2025-02-16,12:00:00,16.88,17.0,16.86,16.94,174625
2025-02-16,13:00:00,16.9,17.18,16.9,17.14,311815
2025-02-16,14:00:00,17.14,17.58,17.12,17.44,1143643
2025-02-16,15:00:00,17.48,17.48,17.48,17.48,69076
2025-02-17,10:00:00,17.54,17.88,17.46,17.82,1460811
2025-02-17,11:00:00,17.82,18.06,17.76,17.84,1059730
2025-02-17,12:00:00,17.82,17.84,17.5,17.62,323052
2025-02-17,13:00:00,17.6,17.7,17.5,17.7,202631
2025-02-17,14:00:00,17.7,17.76,17.58,17.74,164559
2025-02-17,15:00:00,17.76,17.76,17.76,17.76,20786
2025-02-18,10:00:00,17.76,18.04,17.62,17.96,433745
2025-02-18,11:00:00,17.96,18.06,17.88,18.0,435066
2025-02-18,12:00:00,17.98,18.0,17.92,17.96,97912
2025-02-18,13:00:00,17.96,18.0,17.92,17.94,86251
2025-02-18,14:00:00,17.94,18.16,17.94,18.1,741510
2025-02-18,15:00:00,18.08,18.08,18.08,18.08,83007
2025-02-19,10:00:00,18.08,18.1,17.78,17.94,546922
2025-02-19,11:00:00,17.94,18.04,17.9,17.9,120901
2025-02-19,12:00:00,17.9,18.14,17.9,18.0,233313
2025-02-19,13:00:00,18.02,18.12,17.86,17.88,523307
2025-02-19,14:00:00,17.88,18.06,17.86,17.98,702324
2025-02-19,15:00:00,17.98,17.98,17.98,17.98,254154
2025-02-20,10:00:00,18.0,18.0,17.2,17.74,893511
2025-02-20,11:00:00,17.76,17.88,17.66,17.86,286528
2025-02-20,12:00:00,17.84,17.94,17.74,17.8,131957
2025-02-20,13:00:00,17.8,17.84,17.76,17.78,118563
2025-02-20,14:00:00,17.78,17.8,17.7,17.74,122493
2025-02-20,15:00:00,17.76,17.76,17.76,17.76,6894
2025-02-24,10:00:00,17.5,17.68,17.44,17.66,163994
2025-02-24,11:00:00,17.6,17.74,17.4,17.6,146812
2025-02-24,12:00:00,17.62,17.62,17.5,17.5,56222
2025-02-24,13:00:00,17.5,17.54,17.42,17.42,79276
2025-02-24,14:00:00,17.42,17.48,17.32,17.4,117265
2025-02-24,15:00:00,17.4,17.4,17.4,17.4,2511
2025-02-25,10:00:00,17.28,17.36,17.0,17.1,146393
2025-02-25,11:00:00,17.1,17.2,17.04,17.2,109216
2025-02-25,12:00:00,17.2,17.22,17.08,17.1,55969
2025-02-25,13:00:00,17.1,17.24,17.08,17.24,115703
2025-02-25,14:00:00,17.24,17.42,17.2,17.42,210080
2025-02-25,15:00:00,17.42,17.42,17.42,17.42,6429
2025-02-26,10:00:00,17.44,17.52,17.24,17.3,54211
2025-02-26,11:00:00,17.3,17.32,17.2,17.24,13922
2025-02-26,12:00:00,17.24,17.32,17.22,17.26,54334
2025-02-26,13:00:00,17.26,17.34,17.22,17.22,40302
2025-02-26,14:00:00,17.22,17.36,17.1,17.32,101377
2025-02-26,15:00:00,17.26,17.26,17.26,17.26,7411
2025-02-27,10:00:00,17.12,17.24,17.08,17.24,31449
2025-02-27,11:00:00,17.2,17.24,17.16,17.2,11077
2025-02-27,12:00:00,17.22,17.24,17.18,17.22,9229
2025-02-27,13:00:00,17.2,17.32,17.18,17.22,34116
2025-02-27,14:00:00,17.2,17.2,17.14,17.18,44941
2025-02-27,15:00:00,17.14,17.14,17.14,17.14,4659
2025-03-02,10:00:00,17.14,17.3,17.08,17.18,23568
2025-03-02,11:00:00,17.18,17.2,17.0,17.08,83629
2025-03-02,12:00:00,17.06,17.08,16.98,17.02,49150
2025-03-02,13:00:00,17.04,17.04,16.84,16.86,42683
2025-03-02,14:00:00,16.88,16.92,16.88,16.92,39775
2025-03-02,15:00:00,16.88,16.88,16.88,16.88,2389
2025-03-03,10:00:00,16.8,16.8,16.42,16.44,80590
2025-03-03,11:00:00,16.46,16.68,16.38,16.68,55870
2025-03-03,12:00:00,16.68,16.82,16.66,16.78,28004
2025-03-03,13:00:00,16.8,16.9,16.76,16.78,20137
2025-03-03,14:00:00,16.8,17.1,16.78,17.04,76953
2025-03-03,15:00:00,17.04,17.04,17.04,17.04,1199
2025-03-04,10:00:00,17.26,17.26,16.68,16.78,70793
2025-03-04,11:00:00,16.8,16.96,16.74,16.86,32058
2025-03-04,12:00:00,16.86,16.9,16.8,16.88,20716
2025-03-04,13:00:00,16.9,16.98,16.86,16.92,35771
2025-03-04,14:00:00,16.9,17.16,16.9,17.1,189888
2025-03-04,15:00:00,17.1,17.1,17.1,17.1,9593
2025-03-05,10:00:00,17.1,17.28,16.86,17.16,100746
2025-03-05,11:00:00,17.0,17.14,17.0,17.12,23983
2025-03-05,12:00:00,17.1,17.14,17.06,17.1,33890
2025-03-05,13:00:00,17.1,17.1,16.82,16.82,62442
2025-03-05,14:00:00,16.82,17.04,16.76,17.04,50124
2025-03-05,15:00:00,17.0,17.0,17.0,17.0,14146
2025-03-06,10:00:00,16.8,16.96,16.7,16.8,26163
2025-03-06,11:00:00,16.78,16.8,16.44,16.5,53498
2025-03-06,12:00:00,16.52,16.76,16.5,16.76,49357
2025-03-06,13:00:00,16.74,16.78,16.7,16.78,32203
2025-03-06,14:00:00,16.74,16.9,16.7,16.8,33956
2025-03-06,15:00:00,16.8,16.8,16.8,16.8,2953
2025-03-09,10:00:00,16.8,16.8,16.4,16.46,52741
2025-03-09,11:00:00,16.5,16.64,16.44,16.58,24188
2025-03-09,12:00:00,16.58,16.96,16.56,16.88,45105
2025-03-09,13:00:00,16.82,16.92,16.82,16.9,22869
2025-03-09,14:00:00,16.9,17.08,16.9,17.04,101869
2025-03-09,15:00:00,17.02,17.02,17.02,17.02,26391
2025-03-10,10:00:00,17.02,17.02,16.72,16.86,47462
2025-03-10,11:00:00,16.9,16.94,16.82,16.84,17618
2025-03-10,12:00:00,16.8,16.98,16.8,16.98,21275
2025-03-10,13:00:00,16.96,16.96,16.84,16.86,31666
2025-03-10,14:00:00,16.86,17.16,16.84,17.16,153394
2025-03-10,15:00:00,17.0,17.0,17.0,17.0,4952
2025-03-11,10:00:00,16.7,16.94,16.52,16.92,217601
2025-03-11,11:00:00,16.88,17.1,16.88,17.0,62322
2025-03-11,12:00:00,17.04,17.22,17.02,17.1,91916
2025-03-11,13:00:00,17.12,17.14,17.02,17.04,30842
2025-03-11,14:00:00,17.04,17.12,16.98,17.02,46764
2025-03-11,15:00:00,17.02,17.02,17.02,17.02,768
2025-03-12,10:00:00,17.04,17.2,17.04,17.16,20669
2025-03-12,11:00:00,17.14,17.2,17.02,17.02,31227
2025-03-12,12:00:00,17.0,17.1,16.94,17.06,25923
2025-03-12,13:00:00,17.06,17.32,17.0,17.2,83774
2025-03-12,14:00:00,17.32,17.32,17.0,17.16,111710
2025-03-12,15:00:00,17.22,17.22,17.22,17.22,12589
2025-03-13,10:00:00,17.18,17.18,16.94,16.96,168606
2025-03-13,11:00:00,16.96,17.06,16.88,16.96,59215
2025-03-13,12:00:00,16.94,17.02,16.54,16.76,154860
2025-03-13,13:00:00,16.76,16.78,16.58,16.66,105538
2025-03-13,14:00:00,16.66,17.02,16.64,17.0,125324
2025-03-13,15:00:00,17.0,17.0,17.0,17.0,5185
2025-03-16,10:00:00,17.0,17.0,16.8,16.88,38991
2025-03-16,11:00:00,16.86,16.92,16.74,16.82,27088
2025-03-16,12:00:00,16.82,16.86,16.8,16.86,15841
2025-03-16,13:00:00,16.86,16.9,16.8,16.88,35986
2025-03-16,14:00:00,16.88,17.1,16.88,17.0,73589
2025-03-16,15:00:00,17.0,17.0,17.0,17.0,13799
2025-03-17,10:00:00,17.0,17.02,16.92,17.0,31868
2025-03-17,11:00:00,17.02,17.04,16.92,16.92,43034
2025-03-17,12:00:00,16.92,16.96,16.9,16.94,30015
2025-03-17,13:00:00,16.92,16.94,16.8,16.82,48523
2025-03-17,14:00:00,16.82,16.96,16.8,16.92,23678
2025-03-17,15:00:00,16.92,16.92,16.92,16.92,6083
2025-03-18,10:00:00,16.94,17.0,16.9,16.94,42452
2025-03-18,11:00:00,16.96,17.06,16.9,16.94,47252
2025-03-18,12:00:00,16.94,17.06,16.92,16.92,45488
2025-03-18,13:00:00,16.94,16.98,16.9,16.94,51951
2025-03-18,14:00:00,16.94,17.14,16.94,17.08,307994
2025-03-18,15:00:00,17.08,17.08,17.08,17.08,662
2025-03-19,10:00:00,16.96,17.02,16.9,16.98,54856
2025-03-19,11:00:00,16.98,16.98,16.9,16.9,5673
2025-03-19,12:00:00,16.9,16.92,16.9,16.9,14307
2025-03-19,13:00:00,16.9,16.96,16.84,16.86,29862
2025-03-19,14:00:00,16.86,16.96,16.8,16.96,82246
2025-03-19,15:00:00,16.94,16.94,16.94,16.94,4954
2025-03-20,10:00:00,16.9,17.0,16.8,16.86,22401
2025-03-20,11:00:00,16.88,16.94,16.8,16.86,19181
2025-03-20,12:00:00,16.84,16.92,16.84,16.92,18615
2025-03-20,13:00:00,16.94,16.96,16.82,16.84,30677
2025-03-20,14:00:00,16.88,17.3,16.88,17.22,452300
2025-03-20,15:00:00,17.22,17.22,17.22,17.22,1000
2025-03-23,10:00:00,17.2,17.22,17.06,17.08,23418
2025-03-23,11:00:00,17.08,17.18,16.98,17.12,25876
2025-03-23,12:00:00,17.14,17.18,17.1,17.1,14136
2025-03-23,13:00:00,17.08,17.12,17.0,17.0,37252
2025-03-23,14:00:00,17.0,17.06,16.98,16.98,143259
2025-03-23,15:00:00,17.0,17.0,17.0,17.0,5231
2025-03-24,10:00:00,17.0,17.0,16.9,16.92,29915
2025-03-24,11:00:00,16.9,17.0,16.86,16.88,39055
2025-03-24,12:00:00,16.88,16.92,16.84,16.92,12068
2025-03-24,13:00:00,16.94,17.1,16.94,17.08,43073
2025-03-24,14:00:00,17.08,17.08,17.0,17.06,26836
2025-03-24,15:00:00,17.0,17.0,17.0,17.0,2046
2025-03-25,10:00:00,17.0,17.02,16.9,17.0,29055
2025-03-25,11:00:00,16.94,16.98,16.9,16.96,13155
2025-03-25,12:00:00,16.96,17.08,16.92,16.92,26507
2025-03-25,13:00:00,16.9,16.98,16.9,16.98,13491
2025-03-25,14:00:00,16.94,16.96,16.8,16.8,57662
2025-03-25,15:00:00,16.8,16.8,16.8,16.8,15887
2025-03-26,10:00:00,16.84,16.9,16.8,16.9,15584
2025-03-26,11:00:00,16.9,16.96,16.9,16.96,4431
2025-03-26,12:00:00,16.92,17.04,16.9,17.0,20613
2025-03-26,13:00:00,17.0,17.2,17.0,17.16,158830
2025-03-26,14:00:00,17.14,17.2,17.1,17.16,98092
2025-03-26,15:00:00,17.18,17.18,17.18,17.18,10445
2025-03-27,10:00:00,17.1,17.18,17.0,17.08,36101
2025-03-27,11:00:00,17.06,17.14,17.02,17.14,7739
2025-03-27,12:00:00,17.1,17.2,17.1,17.1,36029
2025-03-27,13:00:00,17.12,17.18,17.1,17.16,49828
2025-03-27,14:00:00,17.18,17.3,17.16,17.28,260836
2025-03-27,15:00:00,17.28,17.28,17.28,17.28,12930
2025-04-03,10:00:00,17.16,17.2,16.92,17.0,82582
2025-04-03,11:00:00,17.02,17.16,16.94,17.02,25493
2025-04-03,12:00:00,17.02,17.08,16.96,17.02,17714
2025-04-03,13:00:00,17.0,17.0,16.94,17.0,17636
2025-04-03,14:00:00,16.98,17.08,16.96,16.98,31325
2025-04-03,15:00:00,16.98,16.98,16.98,16.98,873
2025-04-06,10:00:00,16.52,16.52,16.0,16.16,156708
2025-04-06,11:00:00,16.12,16.28,16.1,16.12,35225
2025-04-06,12:00:00,16.18,16.2,16.04,16.18,101357
2025-04-06,13:00:00,16.2,16.34,16.18,16.26,187786
2025-04-06,14:00:00,16.26,16.26,15.96,16.0,310845
2025-04-06,15:00:00,16.1,16.1,16.1,16.1,1968
2025-04-07,10:00:00,14.5,15.22,14.5,15.22,164463
2025-04-07,11:00:00,15.22,15.6,15.08,15.46,122799
2025-04-07,12:00:00,15.46,15.82,15.4,15.82,250150
2025-04-07,13:00:00,15.82,16.06,15.7,15.98,72021
2025-04-07,14:00:00,16.0,16.04,15.78,15.82,45031
2025-04-07,15:00:00,15.76,15.76,15.76,15.76,3542
2025-04-08,10:00:00,15.76,16.3,15.76,16.1,114405
2025-04-08,11:00:00,16.1,16.1,15.9,16.0,19743
2025-04-08,12:00:00,16.0,16.0,15.88,15.94,13269
2025-04-08,13:00:00,15.94,15.94,15.5,15.72,70835
2025-04-08,14:00:00,15.72,15.8,15.56,15.78,54461
2025-04-08,15:00:00,15.8,15.8,15.8,15.8,747
2025-04-09,10:00:00,15.8,16.0,15.44,15.86,21860
2025-04-09,11:00:00,15.88,15.88,15.7,15.76,31184
2025-04-09,12:00:00,15.8,15.8,15.7,15.76,6574
2025-04-09,13:00:00,15.82,15.82,15.68,15.7,13567
2025-04-09,14:00:00,15.68,15.68,15.04,15.2,124250
2025-04-09,15:00:00,15.24,15.24,15.24,15.24,1921
2025-04-10,10:00:00,16.0,16.2,15.92,15.92,210688
2025-04-10,11:00:00,15.92,15.96,15.82,15.84,32614
2025-04-10,12:00:00,15.86,15.9,15.82,15.9,21336
2025-04-10,13:00:00,15.96,15.98,15.48,15.48,96468
2025-04-10,14:00:00,15.5,15.5,15.2,15.22,449534
2025-04-10,15:00:00,15.22,15.22,15.22,15.22,99730
2025-04-13,10:00:00,15.5,15.56,15.24,15.28,96775
2025-04-13,11:00:00,15.32,15.34,15.28,15.32,84792
2025-04-13,12:00:00,15.3,15.42,15.3,15.38,114679
2025-04-13,13:00:00,15.4,15.42,15.32,15.34,60730
2025-04-13,14:00:00,15.34,15.36,15.28,15.3,80308
2025-04-13,15:00:00,15.28,15.28,15.28,15.28,7226
2025-04-14,10:00:00,15.42,15.42,15.0,15.3,223015
2025-04-14,11:00:00,15.36,15.38,15.26,15.32,61745
2025-04-14,12:00:00,15.32,15.38,15.26,15.26,123344
2025-04-14,13:00:00,15.28,15.3,15.18,15.22,63159
2025-04-14,14:00:00,15.22,15.36,15.18,15.36,95121
2025-04-14,15:00:00,15.34,15.34,15.34,15.34,963
2025-04-15,10:00:00,15.36,15.8,15.34,15.76,330882
2025-04-15,11:00:00,15.78,15.78,15.58,15.68,47567
2025-04-15,12:00:00,15.7,15.86,15.7,15.86,119631
2025-04-15,13:00:00,15.86,15.9,15.66,15.7,80382
2025-04-15,14:00:00,15.68,15.74,15.64,15.7,54023
2025-04-15,15:00:00,15.64,15.64,15.64,15.64,11288
2025-04-16,10:00:00,15.5,15.7,15.24,15.24,239254
2025-04-16,11:00:00,15.24,15.4,15.24,15.4,62805
2025-04-16,12:00:00,15.4,15.54,15.4,15.52,21427
2025-04-16,13:00:00,15.5,15.58,15.48,15.52,21865
2025-04-16,14:00:00,15.52,15.6,15.46,15.6,47817
2025-04-16,15:00:00,15.42,15.42,15.42,15.42,2912
2025-04-17,10:00:00,15.44,15.5,15.28,15.44,39452
2025-04-17,11:00:00,15.46,15.48,15.3,15.42,23094
2025-04-17,12:00:00,15.44,15.46,15.26,15.3,62138
2025-04-17,13:00:00,15.3,15.3,15.2,15.24,79698
2025-04-17,14:00:00,15.24,15.3,15.18,15.28,31872
2025-04-17,15:00:00,15.3,15.3,15.3,15.3,5586
2025-04-20,10:00:00,15.34,15.64,15.34,15.5,39352
2025-04-20,11:00:00,15.5,15.56,15.46,15.54,26799
2025-04-20,12:00:00,15.54,15.58,15.44,15.58,29067
2025-04-20,13:00:00,15.56,15.86,15.56,15.82,125041
2025-04-20,14:00:00,15.82,16.0,15.66,15.68,180765
2025-04-20,15:00:00,15.74,15.74,15.74,15.74,5116
2025-04-21,10:00:00,15.7,15.76,15.52,15.62,49340
2025-04-21,11:00:00,15.7,15.7,15.6,15.62,9212
2025-04-21,12:00:00,15.58,15.6,15.48,15.56,50048
2025-04-21,13:00:00,15.58,15.62,15.52,15.56,12777
2025-04-21,14:00:00,15.56,15.64,15.52,15.62,15371
2025-04-21,15:00:00,15.6,15.6,15.6,15.6,3778
2025-04-22,10:00:00,15.5,15.58,15.38,15.46,45186
2025-04-22,11:00:00,15.42,15.74,15.38,15.7,92284
2025-04-22,12:00:00,15.7,15.7,15.4,15.46,58170
2025-04-22,13:00:00,15.48,15.74,15.42,15.54,30150
2025-04-22,14:00:00,15.52,15.64,15.44,15.64,24546
2025-04-22,15:00:00,15.7,15.7,15.7,15.7,2735
2025-04-23,10:00:00,15.7,15.88,15.7,15.7,44910
2025-04-23,11:00:00,15.7,15.7,15.52,15.54,29481
2025-04-23,12:00:00,15.54,15.62,15.54,15.58,25150
2025-04-23,13:00:00,15.58,15.58,15.42,15.48,66957
2025-04-23,14:00:00,15.46,15.48,15.34,15.38,45522
2025-04-23,15:00:00,15.4,15.4,15.4,15.4,2331
2025-04-24,10:00:00,15.46,15.58,15.4,15.48,46665
2025-04-24,11:00:00,15.5,15.58,15.48,15.54,7839
2025-04-24,12:00:00,15.54,15.54,15.5,15.52,20776
2025-04-24,13:00:00,15.5,15.6,15.5,15.54,41290
2025-04-24,14:00:00,15.58,15.62,15.54,15.58,30700
2025-04-24,15:00:00,15.6,15.6,15.6,15.6,4174
2025-04-27,10:00:00,15.6,15.68,15.54,15.6,41512
2025-04-27,11:00:00,15.64,15.7,15.58,15.62,23013
2025-04-27,12:00:00,15.6,15.62,15.54,15.56,11267
2025-04-27,13:00:00,15.56,15.66,15.56,15.66,27179
2025-04-27,14:00:00,15.64,15.66,15.6,15.64,24162
2025-04-27,15:00:00,15.62,15.62,15.62,15.62,1006
2025-04-28,10:00:00,15.6,15.82,15.6,15.72,87791
2025-04-28,11:00:00,15.72,15.74,15.52,15.52,55798
2025-04-28,12:00:00,15.54,15.6,15.4,15.48,59789
2025-04-28,13:00:00,15.44,15.48,15.44,15.44,8096
2025-04-28,14:00:00,15.46,15.5,15.0,15.4,75377
2025-04-28,15:00:00,15.44,15.44,15.44,15.44,2104
2025-04-29,10:00:00,15.44,15.52,15.4,15.52,36678
2025-04-29,11:00:00,15.54,15.62,15.52,15.58,26344
2025-04-29,12:00:00,15.52,15.56,15.42,15.42,16244
2025-04-29,13:00:00,15.44,15.76,15.42,15.62,97782
2025-04-29,14:00:00,15.62,15.68,15.54,15.66,43458
2025-04-29,15:00:00,15.66,15.66,15.66,15.66,6680
2025-04-30,10:00:00,15.66,15.66,15.5,15.5,28673
2025-04-30,11:00:00,15.52,15.52,15.3,15.3,44767
2025-04-30,12:00:00,15.34,15.34,15.24,15.34,23374
2025-04-30,13:00:00,15.32,15.5,15.28,15.36,42671
2025-04-30,14:00:00,15.36,15.36,15.3,15.36,6396
2025-04-30,15:00:00,15.34,15.34,15.34,15.34,269
2025-05-01,10:00:00,15.4,15.4,15.18,15.2,55756
2025-05-01,11:00:00,15.22,15.26,15.16,15.2,42284
2025-05-01,12:00:00,15.2,15.2,15.06,15.1,49495
2025-05-01,13:00:00,15.12,15.14,15.06,15.1,26143
2025-05-01,14:00:00,15.1,15.12,15.06,15.06,51612
2025-05-01,15:00:00,15.06,15.06,15.06,15.06,1984
2025-05-04,10:00:00,15.3,15.3,15.02,15.02,10344
2025-05-04,11:00:00,15.04,15.08,15.0,15.02,51507
2025-05-04,12:00:00,15.04,15.06,14.9,15.06,40456
2025-05-04,13:00:00,15.02,15.06,14.92,14.96,9505
2025-05-04,14:00:00,15.02,15.02,14.9,14.92,42961
2025-05-04,15:00:00,15.0,15.0,15.0,15.0,2505
2025-05-05,10:00:00,14.92,14.96,14.82,14.9,27801
2025-05-05,11:00:00,14.94,14.98,14.84,14.88,85490
2025-05-05,12:00:00,14.88,14.94,14.8,14.86,50945
2025-05-05,13:00:00,14.86,15.1,14.86,15.04,66436
2025-05-05,14:00:00,15.04,15.14,15.0,15.12,23037
2025-05-05,15:00:00,15.1,15.1,15.1,15.1,2307
2025-05-06,10:00:00,15.18,15.18,15.06,15.1,26952
2025-05-06,11:00:00,15.1,15.1,14.98,15.0,29666
2025-05-06,12:00:00,15.0,15.1,14.92,15.0,23620
2025-05-06,13:00:00,14.96,15.0,14.9,14.9,15816
2025-05-06,14:00:00,14.9,15.0,14.88,14.98,61040
2025-05-06,15:00:00,14.88,14.88,14.88,14.88,1949
2025-05-07,10:00:00,15.52,16.12,15.4,15.46,827898
2025-05-07,11:00:00,15.48,15.5,15.3,15.34,187385
2025-05-07,12:00:00,15.36,15.5,15.1,15.2,205532
2025-05-07,13:00:00,15.24,15.24,14.94,15.06,166718
2025-05-07,14:00:00,15.06,15.32,15.0,15.04,185635
2025-05-07,15:00:00,15.06,15.06,15.06,15.06,14163
2025-05-08,10:00:00,15.0,15.18,14.94,15.02,361145
2025-05-08,11:00:00,15.0,15.08,14.96,14.98,58943
2025-05-08,12:00:00,14.98,15.02,14.96,15.0,37408
2025-05-08,13:00:00,15.02,15.02,14.96,14.98,62047
2025-05-08,14:00:00,14.98,15.0,14.8,14.98,164908
2025-05-08,15:00:00,14.98,14.98,14.98,14.98,2397
2025-05-11,10:00:00,14.98,15.08,14.8,14.98,74868
2025-05-11,11:00:00,14.96,14.98,14.88,14.92,29541
2025-05-11,12:00:00,14.9,14.94,14.88,14.88,29576
2025-05-11,13:00:00,14.9,14.9,14.86,14.88,14960
2025-05-11,14:00:00,14.88,14.88,14.82,14.88,27739
2025-05-11,15:00:00,14.82,14.82,14.82,14.82,2177
2025-05-12,10:00:00,14.82,15.3,14.82,15.14,121026
2025-05-12,11:00:00,15.16,15.18,14.96,14.98,78916
2025-05-12,12:00:00,14.98,15.04,14.98,15.0,29719
2025-05-12,13:00:00,15.0,15.06,14.96,15.04,72525
2025-05-12,14:00:00,15.06,15.06,14.96,14.96,51034
2025-05-12,15:00:00,14.94,14.94,14.94,14.94,1235
2025-05-13,10:00:00,15.0,15.06,14.94,14.96,152517
2025-05-13,11:00:00,14.96,15.0,14.88,14.92,49933
2025-05-13,12:00:00,14.92,14.94,14.84,14.9,87319
2025-05-13,13:00:00,14.9,15.0,14.86,14.86,75966
2025-05-13,14:00:00,14.88,14.88,14.82,14.84,64878
2025-05-13,15:00:00,14.9,14.9,14.9,14.9,2493
2025-05-14,10:00:00,14.9,14.9,14.82,14.84,42367
2025-05-14,11:00:00,14.82,14.88,14.78,14.86,35100
2025-05-14,12:00:00,14.84,14.88,14.78,14.8,19434
2025-05-14,13:00:00,14.8,14.96,14.8,14.88,64873
2025-05-14,14:00:00,14.92,14.98,14.9,14.98,48268
2025-05-14,15:00:00,14.98,14.98,14.98,14.98,640
2025-05-15,10:00:00,14.98,14.98,14.8,14.8,59980
2025-05-15,11:00:00,14.8,14.84,14.76,14.8,102407
2025-05-15,12:00:00,14.82,14.82,14.7,14.72,86558
2025-05-15,13:00:00,14.74,14.76,14.72,14.74,6350
2025-05-15,14:00:00,14.76,14.8,14.7,14.7,51759
2025-05-15,15:00:00,14.7,14.7,14.7,14.7,1045
2025-05-18,10:00:00,14.7,14.82,14.68,14.7,45687
2025-05-18,11:00:00,14.7,14.78,14.7,14.74,6845
2025-05-18,12:00:00,14.72,14.72,14.6,14.62,49792
2025-05-18,13:00:00,14.62,14.72,14.62,14.7,45113
2025-05-18,14:00:00,14.7,14.72,14.64,14.64,24528
2025-05-18,15:00:00,14.64,14.64,14.64,14.64,2186
2025-05-19,10:00:00,14.64,14.66,14.54,14.62,36371
2025-05-19,11:00:00,14.64,14.8,14.6,14.74,72175
2025-05-19,12:00:00,14.7,14.7,14.6,14.62,78597
2025-05-19,13:00:00,14.62,14.68,14.62,14.64,6562
2025-05-19,14:00:00,14.64,14.68,14.62,14.66,23476
2025-05-19,15:00:00,14.64,14.64,14.64,14.64,3671
2025-05-20,10:00:00,14.56,14.66,14.48,14.52,51331
2025-05-20,11:00:00,14.5,14.6,14.5,14.6,30089
2025-05-20,12:00:00,14.58,14.6,14.52,14.56,22571
2025-05-20,13:00:00,14.6,14.64,14.54,14.62,28915
2025-05-20,14:00:00,14.62,14.62,14.48,14.54,83070
2025-05-20,15:00:00,14.54,14.54,14.54,14.54,1409
2025-05-21,10:00:00,14.46,14.48,14.36,14.4,33953
2025-05-21,11:00:00,14.38,14.42,14.24,14.38,69605
2025-05-21,12:00:00,14.36,14.38,14.34,14.36,6212
2025-05-21,13:00:00,14.34,14.4,14.34,14.34,22710
2025-05-21,14:00:00,14.36,14.36,14.3,14.32,30444
2025-05-21,15:00:00,14.3,14.3,14.3,14.3,9512
2025-05-22,10:00:00,14.24,14.24,14.1,14.2,96535
2025-05-22,11:00:00,14.2,14.24,14.14,14.2,66190
2025-05-22,12:00:00,14.18,14.22,14.06,14.08,23568
2025-05-22,13:00:00,14.06,14.16,14.04,14.16,26164
2025-05-22,14:00:00,14.14,14.18,14.06,14.08,35195
2025-05-22,15:00:00,14.14,14.14,14.14,14.14,5454
2025-05-25,10:00:00,14.2,14.2,14.0,14.0,25789
2025-05-25,11:00:00,14.0,14.1,14.0,14.04,10687
2025-05-25,12:00:00,14.04,14.1,14.0,14.0,11731
2025-05-25,13:00:00,14.0,14.0,13.94,14.0,12449
2025-05-25,14:00:00,13.98,14.0,13.9,13.98,21852
2025-05-25,15:00:00,13.98,13.98,13.98,13.98,1504
2025-05-26,10:00:00,13.88,14.06,13.88,14.0,33916
2025-05-26,11:00:00,14.02,14.12,13.98,14.0,37362
2025-05-26,12:00:00,14.04,14.04,13.98,14.0,15342
2025-05-26,13:00:00,14.0,14.22,13.94,14.18,130232
2025-05-26,14:00:00,14.16,14.18,14.04,14.1,34372
2025-05-26,15:00:00,14.1,14.1,14.1,14.1,7221
2025-05-27,10:00:00,14.14,14.14,13.96,13.96,20945
2025-05-27,11:00:00,13.96,14.04,13.94,14.04,34169
2025-05-27,12:00:00,14.0,14.04,13.94,13.96,18900
2025-05-27,13:00:00,13.98,13.98,13.9,13.98,19043
2025-05-27,14:00:00,13.96,14.0,13.92,13.96,14677
2025-05-27,15:00:00,13.96,13.96,13.96,13.96,254
2025-05-28,10:00:00,14.0,14.18,14.0,14.1,28472
2025-05-28,11:00:00,14.1,14.1,14.0,14.02,13050
2025-05-28,12:00:00,14.0,14.06,14.0,14.02,13975
2025-05-28,13:00:00,14.02,14.1,14.02,14.08,20632
2025-05-28,14:00:00,14.06,14.06,13.96,14.0,25444
2025-05-28,15:00:00,13.94,13.94,13.94,13.94,7964
2025-05-29,10:00:00,14.0,14.04,13.96,14.0,37938
2025-05-29,11:00:00,14.0,14.0,13.9,13.92,21115
2025-05-29,12:00:00,13.92,13.96,13.84,13.92,68190
2025-05-29,13:00:00,13.9,13.94,13.86,13.9,20978
2025-05-29,14:00:00,13.9,13.94,13.88,13.92,21713
2025-05-29,15:00:00,13.88,13.88,13.88,13.88,7236
2025-06-01,10:00:00,13.96,13.96,13.7,13.7,47214
2025-06-01,11:00:00,13.7,13.7,13.6,13.64,11554
2025-06-01,12:00:00,13.62,13.68,13.6,13.68,8898
2025-06-01,13:00:00,13.68,13.68,13.58,13.6,20966
2025-06-01,14:00:00,13.6,13.62,13.56,13.56,17648
2025-06-01,15:00:00,13.5,13.5,13.5,13.5,10915
2025-06-02,10:00:00,13.5,13.52,13.38,13.48,35565
2025-06-02,11:00:00,13.5,13.5,13.38,13.48,17449
2025-06-02,12:00:00,13.48,13.52,13.44,13.48,26567
2025-06-02,13:00:00,13.5,13.5,13.4,13.44,14390
2025-06-02,14:00:00,13.44,13.46,13.4,13.46,17484
2025-06-02,15:00:00,13.4,13.4,13.4,13.4,16189
2025-06-03,10:00:00,13.44,13.5,13.36,13.4,16226
2025-06-03,11:00:00,13.38,13.5,13.38,13.5,13337
2025-06-03,12:00:00,13.48,13.5,13.46,13.48,5147
2025-06-03,13:00:00,13.46,13.5,13.44,13.46,9230
2025-06-03,14:00:00,13.44,13.5,13.44,13.5,13546
2025-06-03,15:00:00,13.48,13.48,13.48,13.48,4576
2025-06-04,10:00:00,13.48,13.56,13.48,13.52,37989
2025-06-04,11:00:00,13.54,13.66,13.52,13.6,32218
2025-06-04,12:00:00,13.6,13.74,13.56,13.7,43338
2025-06-04,13:00:00,13.68,13.68,13.56,13.62,6913
2025-06-04,14:00:00,13.62,13.7,13.56,13.58,23427
2025-06-04,15:00:00,13.68,13.68,13.68,13.68,1216
2025-06-11,10:00:00,13.68,13.84,13.68,13.78,24649
2025-06-11,11:00:00,13.76,13.82,13.72,13.72,23262
2025-06-11,12:00:00,13.78,13.78,13.7,13.7,6301
2025-06-11,13:00:00,13.76,13.76,13.64,13.64,14220
2025-06-11,14:00:00,13.66,13.68,13.6,13.66,15109
2025-06-11,15:00:00,13.6,13.6,13.6,13.6,2821
2025-06-12,10:00:00,13.56,13.56,13.06,13.08,68903
2025-06-12,11:00:00,13.06,13.14,12.98,13.0,53681
2025-06-12,12:00:00,13.0,13.1,12.9,12.98,51262
2025-06-12,13:00:00,12.96,12.98,12.8,12.82,34626
2025-06-12,14:00:00,12.82,12.88,12.68,12.68,43420
2025-06-12,15:00:00,12.6,12.6,12.6,12.6,2864
2025-06-15,10:00:00,11.4,12.34,11.4,12.1,108136
2025-06-15,11:00:00,12.16,12.18,11.86,11.86,35552
2025-06-15,12:00:00,11.9,12.1,11.9,12.1,20945
2025-06-15,13:00:00,12.08,12.18,12.06,12.1,48921
2025-06-15,14:00:00,12.12,12.12,11.94,12.0,15673
2025-06-15,15:00:00,12.0,12.0,12.0,12.0,2272
2025-06-16,10:00:00,12.02,12.36,12.02,12.34,29264
2025-06-16,11:00:00,12.32,12.76,12.32,12.58,155291
2025-06-16,12:00:00,12.6,12.74,12.56,12.74,27104
2025-06-16,13:00:00,12.74,13.02,12.74,12.76,72931
2025-06-16,14:00:00,12.76,12.9,12.7,12.74,50253
2025-06-16,15:00:00,12.74,12.74,12.74,12.74,1984
2025-06-17,10:00:00,12.74,12.8,12.6,12.74,54725
2025-06-17,11:00:00,12.74,12.74,12.58,12.58,23400
2025-06-17,12:00:00,12.56,12.74,12.52,12.66,35859
2025-06-17,13:00:00,12.66,12.76,12.44,12.54,861227
2025-06-17,14:00:00,12.52,12.7,12.44,12.66,41967
2025-06-17,15:00:00,12.62,12.62,12.62,12.62,9912
2025-06-18,10:00:00,12.4,12.46,12.2,12.2,35584
2025-06-18,11:00:00,12.26,12.34,12.24,12.28,17121
2025-06-18,12:00:00,12.28,12.34,12.18,12.24,26950
2025-06-18,13:00:00,12.28,12.28,12.2,12.2,12013
2025-06-18,14:00:00,12.2,12.26,12.16,12.2,11773
2025-06-18,15:00:00,12.08,12.08,12.08,12.08,11442
2025-06-19,10:00:00,12.02,12.2,11.98,12.14,13373
2025-06-19,11:00:00,12.1,12.16,12.08,12.14,27325
2025-06-19,12:00:00,12.14,12.18,12.12,12.12,8820
2025-06-19,13:00:00,12.14,12.16,12.0,12.12,21016
2025-06-19,14:00:00,12.1,12.1,11.96,11.96,10337
2025-06-19,15:00:00,11.94,11.94,11.94,11.94,3372
2025-06-22,10:00:00,12.0,12.38,12.0,12.1,56937
2025-06-22,11:00:00,12.12,12.26,12.06,12.26,15239
2025-06-22,12:00:00,12.16,12.3,12.16,12.28,5759
2025-06-22,13:00:00,12.28,12.3,12.1,12.18,15759
2025-06-22,14:00:00,12.2,12.2,12.06,12.08,18083
2025-06-22,15:00:00,12.08,12.08,12.08,12.08,1102
2025-06-23,10:00:00,12.14,12.4,12.14,12.36,25544
2025-06-23,11:00:00,12.28,12.36,12.16,12.22,17990
2025-06-23,12:00:00,12.22,12.26,12.16,12.2,40038
2025-06-23,13:00:00,12.22,12.22,12.16,12.18,3446
2025-06-23,14:00:00,12.18,12.26,12.18,12.24,14322
2025-06-23,15:00:00,12.26,12.26,12.26,12.26,4568
2025-06-24,10:00:00,12.48,12.94,12.48,12.64,138639
2025-06-24,11:00:00,12.64,12.68,12.56,12.62,46871
2025-06-24,12:00:00,12.62,12.7,12.62,12.62,31499
2025-06-24,13:00:00,12.64,12.7,12.58,12.64,125254
2025-06-24,14:00:00,12.64,12.74,12.6,12.66,96322
2025-06-24,15:00:00,12.68,12.68,12.68,12.68,20985
2025-06-25,10:00:00,12.96,12.96,12.66,12.88,40938
2025-06-25,11:00:00,12.84,12.9,12.72,12.76,62157
2025-06-25,12:00:00,12.72,12.82,12.72,12.74,50792
2025-06-25,13:00:00,12.72,12.74,12.68,12.72,16138
2025-06-25,14:00:00,12.7,12.8,12.7,12.78,22410
2025-06-25,15:00:00,12.72,12.72,12.72,12.72,11032
2025-06-26,10:00:00,12.72,12.74,12.5,12.5,185262
2025-06-26,11:00:00,12.54,12.58,12.48,12.56,136309
2025-06-26,12:00:00,12.58,12.7,12.54,12.62,74394
2025-06-26,13:00:00,12.62,12.82,12.62,12.78,101230
2025-06-26,14:00:00,12.78,13.06,12.78,13.04,94912
2025-06-26,15:00:00,13.08,13.08,13.08,13.08,6053
2025-06-29,10:00:00,13.3,13.3,12.94,12.98,179945
2025-06-29,11:00:00,12.98,13.0,12.94,12.99,38539
2025-06-29,12:00:00,13.0,13.0,12.94,12.94,184310
2025-06-29,13:00:00,12.96,13.0,12.92,12.98,211748
2025-06-29,14:00:00,12.97,13.04,12.97,13.0,121093
2025-06-29,15:00:00,13.0,13.0,13.0,13.0,10637
2025-06-30,10:00:00,13.0,13.15,12.9,13.1,216989
2025-06-30,11:00:00,13.1,13.25,13.1,13.14,181656
2025-06-30,12:00:00,13.14,13.26,13.13,13.15,100827
2025-06-30,13:00:00,13.16,13.18,13.08,13.1,33499
2025-06-30,14:00:00,13.1,13.13,13.03,13.09,127091
2025-06-30,15:00:00,13.08,13.08,13.08,13.08,15166
2025-07-01,10:00:00,13.08,13.21,13.07,13.1,117519
2025-07-01,11:00:00,13.1,13.14,13.03,13.1,61459
2025-07-01,12:00:00,13.08,13.25,13.06,13.09,93162
2025-07-01,13:00:00,13.09,13.26,13.04,13.26,129096
2025-07-01,14:00:00,13.27,13.36,13.24,13.31,217267
2025-07-01,15:00:00,13.32,13.32,13.32,13.32,9388
2025-07-02,10:00:00,13.33,13.52,13.24,13.33,231094
2025-07-02,11:00:00,13.3,13.46,13.28,13.46,115350
2025-07-02,12:00:00,13.46,13.7,13.41,13.63,260191
2025-07-02,13:00:00,13.63,13.96,13.6,13.68,531880
2025-07-02,14:00:00,13.68,13.69,13.38,13.5,196818
2025-07-02,15:00:00,13.45,13.45,13.45,13.45,31426
2025-07-03,10:00:00,13.49,13.68,13.4,13.43,99601
2025-07-03,11:00:00,13.42,13.61,13.42,13.52,59986
2025-07-03,12:00:00,13.52,13.53,13.41,13.44,59264
2025-07-03,13:00:00,13.44,13.6,13.43,13.56,72519
2025-07-03,14:00:00,13.56,13.74,13.56,13.73,124181
2025-07-03,15:00:00,13.68,13.68,13.68,13.68,17437
2025-07-06,10:00:00,13.7,13.93,13.6,13.92,128632
2025-07-06,11:00:00,13.91,13.96,13.75,13.95,137756
2025-07-06,12:00:00,13.95,13.96,13.8,13.8,32891
2025-07-06,13:00:00,13.8,13.91,13.78,13.8,71946
2025-07-06,14:00:00,13.8,13.89,13.77,13.88,110913
2025-07-06,15:00:00,13.79,13.79,13.79,13.79,12701
2025-07-07,10:00:00,13.92,13.98,13.76,13.88,72306
2025-07-07,11:00:00,13.88,13.92,13.85,13.9,36565
2025-07-07,12:00:00,13.9,14.5,13.87,14.48,314060
2025-07-07,13:00:00,14.48,14.6,14.22,14.38,945610
2025-07-07,14:00:00,14.38,14.44,14.31,14.39,167165
2025-07-07,15:00:00,14.38,14.38,14.38,14.38,40020
2025-07-08,10:00:00,14.38,14.38,14.1,14.23,271589
2025-07-08,11:00:00,14.22,14.25,14.14,14.18,109434
2025-07-08,12:00:00,14.17,14.2,14.11,14.14,45636
2025-07-08,13:00:00,14.14,14.16,14.02,14.1,82994
2025-07-08,14:00:00,14.08,14.2,14.06,14.1,64708
2025-07-08,15:00:00,14.02,14.02,14.02,14.02,19608
2025-07-09,10:00:00,14.22,14.22,13.9,13.97,126224
2025-07-09,11:00:00,13.97,14.04,13.91,13.99,64901
2025-07-09,12:00:00,13.98,14.0,13.9,13.9,53806
2025-07-09,13:00:00,13.91,13.92,13.75,13.77,92013
2025-07-09,14:00:00,13.77,13.8,13.7,13.76,105247
2025-07-09,15:00:00,13.71,13.71,13.71,13.71,9659
2025-07-10,10:00:00,13.75,14.16,13.75,13.92,176401
2025-07-10,11:00:00,13.91,13.93,13.81,13.83,90225
2025-07-10,12:00:00,13.84,13.87,13.8,13.85,32131
2025-07-10,13:00:00,13.85,13.87,13.82,13.86,11841
2025-07-10,14:00:00,13.84,13.92,13.8,13.87,47679
2025-07-10,15:00:00,13.79,13.79,13.79,13.79,17257
2025-07-13,10:00:00,13.8,13.97,13.75,13.76,50928
2025-07-13,11:00:00,13.78,14.08,13.75,14.08,268601
2025-07-13,12:00:00,14.08,14.09,13.92,13.98,181923
2025-07-13,13:00:00,13.98,14.0,13.86,13.92,165034
2025-07-13,14:00:00,13.91,13.94,13.85,13.86,68640
2025-07-13,15:00:00,13.87,13.87,13.87,13.87,4442
2025-07-14,10:00:00,13.87,14.0,13.8,13.83,89976
2025-07-14,11:00:00,13.83,13.9,13.76,13.76,47254
2025-07-14,12:00:00,13.75,13.83,13.67,13.67,41453
2025-07-14,13:00:00,13.67,13.78,13.67,13.72,34496
2025-07-14,14:00:00,13.72,13.77,13.7,13.72,21400
2025-07-14,15:00:00,13.77,13.77,13.77,13.77,1088
2025-07-15,10:00:00,13.62,13.77,13.61,13.65,88090
2025-07-15,11:00:00,13.67,13.67,13.55,13.59,40018
2025-07-15,12:00:00,13.59,13.59,13.51,13.55,40117
2025-07-15,13:00:00,13.56,13.68,13.53,13.6,35366
2025-07-15,14:00:00,13.59,13.59,13.47,13.54,48226
2025-07-15,15:00:00,13.47,13.47,13.47,13.47,1787
2025-07-16,10:00:00,13.9,14.25,13.7,14.09,1330617
2025-07-16,11:00:00,14.09,14.17,13.9,14.06,576427
2025-07-16,12:00:00,14.07,14.42,14.07,14.16,716944
2025-07-16,13:00:00,14.16,14.17,13.95,13.99,516809
2025-07-16,14:00:00,13.98,14.03,13.76,13.8,259640
2025-07-16,15:00:00,13.8,13.8,13.8,13.8,17290
2025-07-17,10:00:00,13.8,13.93,13.71,13.8,218399
2025-07-17,11:00:00,13.82,13.82,13.69,13.7,115865
2025-07-17,12:00:00,13.71,13.76,13.54,13.6,58426
2025-07-17,13:00:00,13.58,13.7,13.5,13.62,76015
2025-07-17,14:00:00,13.65,13.67,13.55,13.55,74345
2025-07-17,15:00:00,13.56,13.56,13.56,13.56,8254
2025-07-20,10:00:00,13.56,13.69,13.47,13.48,57686
2025-07-20,11:00:00,13.48,13.5,13.3,13.32,61877
2025-07-20,12:00:00,13.32,13.36,13.3,13.34,54556
2025-07-20,13:00:00,13.34,13.35,13.22,13.28,38290
2025-07-20,14:00:00,13.28,13.3,13.23,13.23,63616
2025-07-20,15:00:00,13.24,13.24,13.24,13.24,4857
2025-07-21,10:00:00,13.24,13.31,12.9,12.95,144668
2025-07-21,11:00:00,12.95,13.14,12.95,13.02,57744
2025-07-21,12:00:00,13.01,13.08,12.96,13.06,44029
2025-07-21,13:00:00,13.03,13.09,12.99,12.99,62160
2025-07-21,14:00:00,13.0,13.08,12.98,13.05,54259
2025-07-21,15:00:00,13.04,13.04,13.04,13.04,3623
2025-07-22,10:00:00,13.27,13.27,12.79,12.82,115301
2025-07-22,11:00:00,12.84,12.89,12.78,12.85,53736
2025-07-22,12:00:00,12.87,12.89,12.84,12.87,24626
2025-07-22,13:00:00,12.85,12.95,12.85,12.88,25909
2025-07-22,14:00:00,12.91,12.95,12.88,12.9,20693
2025-07-22,15:00:00,12.9,12.9,12.9,12.9,1815
2025-07-23,10:00:00,13.0,13.01,12.8,12.89,88080
2025-07-23,11:00:00,12.86,12.92,12.84,12.91,54500
2025-07-23,12:00:00,12.9,13.15,12.9,13.09,49543
2025-07-23,13:00:00,13.08,13.19,13.02,13.09,51673
2025-07-23,14:00:00,13.04,13.04,12.91,12.93,41117
2025-07-23,15:00:00,12.99,12.99,12.99,12.99,573
2025-07-24,10:00:00,12.94,12.99,12.84,12.88,63991
2025-07-24,11:00:00,12.87,12.87,12.82,12.85,34688
2025-07-24,12:00:00,12.86,12.88,12.84,12.84,14802
2025-07-24,13:00:00,12.83,12.87,12.81,12.86,16368
2025-07-24,14:00:00,12.85,12.89,12.79,12.85,31722
2025-07-24,15:00:00,12.84,12.84,12.84,12.84,1426
2025-07-27,10:00:00,12.85,12.93,12.8,12.93,40455
2025-07-27,11:00:00,12.92,13.02,12.91,12.93,33106
2025-07-27,12:00:00,12.95,13.0,12.92,12.97,41476
2025-07-27,13:00:00,13.0,13.09,12.9,12.92,148569
2025-07-27,14:00:00,12.92,12.95,12.85,12.86,27169
2025-07-27,15:00:00,12.84,12.84,12.84,12.84,9655
2025-07-28,10:00:00,12.91,12.96,12.84,12.84,55853
2025-07-28,11:00:00,12.86,12.86,12.79,12.79,34051
2025-07-28,12:00:00,12.8,12.85,12.77,12.81,37419
2025-07-28,13:00:00,12.8,12.85,12.78,12.79,35685
2025-07-28,14:00:00,12.8,12.85,12.78,12.84,13233
2025-07-28,15:00:00,12.8,12.8,12.8,12.8,7693
2025-07-29,10:00:00,12.8,12.8,12.63,12.63,50646
2025-07-29,11:00:00,12.63,12.71,12.63,12.7,34790
2025-07-29,12:00:00,12.7,12.81,12.67,12.73,33399
2025-07-29,13:00:00,12.73,12.82,12.72,12.82,64873
2025-07-29,14:00:00,12.83,12.92,12.78,12.79,168286
2025-07-29,15:00:00,12.77,12.77,12.77,12.77,22015
2025-07-30,10:00:00,12.7,12.8,12.69,12.74,52453
2025-07-30,11:00:00,12.78,12.83,12.75,12.8,28028
2025-07-30,12:00:00,12.81,12.81,12.75,12.79,23940
2025-07-30,13:00:00,12.79,12.86,12.76,12.84,29687
2025-07-30,14:00:00,12.82,12.84,12.77,12.79,156299
2025-07-30,15:00:00,12.74,12.74,12.74,12.74,11448
2025-07-31,10:00:00,12.72,12.78,12.7,12.75,17245
2025-07-31,11:00:00,12.73,12.75,12.6,12.64,31458
2025-07-31,12:00:00,12.63,12.7,12.62,12.67,17834
2025-07-31,13:00:00,12.67,12.78,12.66,12.75,19811
2025-07-31,14:00:00,12.75,12.77,12.7,12.75,30940
2025-07-31,15:00:00,12.79,12.79,12.79,12.79,13030
2025-08-03,10:00:00,12.5,12.7,12.44,12.46,49703
2025-08-03,11:00:00,12.44,12.45,12.36,12.4,49836
2025-08-03,12:00:00,12.4,12.45,12.38,12.44,22116
2025-08-03,13:00:00,12.47,12.5,12.45,12.45,11673
2025-08-03,14:00:00,12.46,12.57,12.44,12.57,25008
2025-08-03,15:00:00,12.55,12.55,12.55,12.55,4923
2025-08-04,10:00:00,12.58,12.68,12.38,12.45,75380
2025-08-04,11:00:00,12.48,12.57,12.45,12.49,33795
2025-08-04,12:00:00,12.48,12.53,12.46,12.5,23225
2025-08-04,13:00:00,12.49,12.53,12.46,12.53,14358
2025-08-04,14:00:00,12.51,12.55,12.5,12.55,36712
2025-08-04,15:00:00,12.51,12.51,12.51,12.51,15612
2025-08-05,10:00:00,12.44,12.65,12.44,12.65,41264
2025-08-05,11:00:00,12.66,12.68,12.57,12.61,27090
2025-08-05,12:00:00,12.58,12.62,12.48,12.62,39837
2025-08-05,13:00:00,12.62,12.66,12.59,12.63,24609
2025-08-05,14:00:00,12.6,12.64,12.55,12.58,19391
2025-08-05,15:00:00,12.57,12.57,12.57,12.57,6448
2025-08-06,10:00:00,12.62,12.95,12.62,12.95,109262
2025-08-06,11:00:00,12.94,12.95,12.81,12.85,50378
2025-08-06,12:00:00,12.85,12.87,12.77,12.79,7400
2025-08-06,13:00:00,12.79,12.85,12.78,12.82,16325
2025-08-06,14:00:00,12.82,12.88,12.8,12.86,25621
2025-08-06,15:00:00,12.86,12.86,12.86,12.86,4194
2025-08-07,10:00:00,13.02,13.04,12.87,12.95,64982
2025-08-07,11:00:00,12.95,13.02,12.91,13.02,29890
2025-08-07,12:00:00,13.03,13.24,12.95,13.1,125760
2025-08-07,13:00:00,13.1,13.1,13.0,13.06,28628
2025-08-07,14:00:00,13.07,13.11,13.02,13.09,39400
2025-08-07,15:00:00,13.05,13.05,13.05,13.05,1780
2025-08-10,10:00:00,13.0,13.05,12.93,12.96,14615
2025-08-10,11:00:00,12.95,12.97,12.86,12.88,27468
2025-08-10,12:00:00,12.89,12.9,12.87,12.87,10769
2025-08-10,13:00:00,12.87,12.89,12.79,12.8,28998
2025-08-10,14:00:00,12.79,12.83,12.71,12.75,70226
2025-08-10,15:00:00,12.71,12.71,12.71,12.71,15445
2025-08-11,10:00:00,12.71,12.71,12.48,12.5,52653
2025-08-11,11:00:00,12.51,12.56,12.48,12.48,29753
2025-08-11,12:00:00,12.48,12.49,12.4,12.4,24595
2025-08-11,13:00:00,12.42,12.45,12.39,12.42,85953
2025-08-11,14:00:00,12.41,12.53,12.39,12.47,57751
2025-08-11,15:00:00,12.47,12.47,12.47,12.47,5390
2025-08-12,10:00:00,12.47,12.58,12.45,12.51,18314
2025-08-12,11:00:00,12.51,12.56,12.49,12.51,19307
2025-08-12,12:00:00,12.49,12.5,12.44,12.45,18081
2025-08-12,13:00:00,12.46,12.49,12.42,12.43,20786
2025-08-12,14:00:00,12.45,12.45,12.39,12.4,52687
2025-08-12,15:00:00,12.4,12.4,12.4,12.4,1623
2025-08-13,10:00:00,12.8,12.8,12.4,12.46,59292
2025-08-13,11:00:00,12.46,12.46,12.35,12.36,43656
2025-08-13,12:00:00,12.37,12.39,12.31,12.36,12275
2025-08-13,13:00:00,12.36,12.57,12.36,12.55,48262
2025-08-13,14:00:00,12.54,12.54,12.38,12.43,36644
2025-08-13,15:00:00,12.37,12.37,12.37,12.37,5600
2025-08-14,10:00:00,12.38,12.64,12.38,12.4,76679
2025-08-14,11:00:00,12.44,12.44,12.36,12.38,35242
2025-08-14,12:00:00,12.37,12.39,12.35,12.38,33051
2025-08-14,13:00:00,12.38,12.4,12.36,12.37,22257
2025-08-14,14:00:00,12.39,12.41,12.36,12.39,33729
2025-08-14,15:00:00,12.38,12.38,12.38,12.38,5956
2025-08-17,10:00:00,12.37,12.54,12.35,12.53,69266
2025-08-17,11:00:00,12.53,12.54,12.45,12.48,38573
2025-08-17,12:00:00,12.49,12.52,12.44,12.47,21257
2025-08-17,13:00:00,12.47,12.53,12.44,12.44,21526
2025-08-17,14:00:00,12.45,12.51,12.42,12.42,25724
2025-08-17,15:00:00,12.42,12.42,12.42,12.42,737
2025-08-18,10:00:00,12.45,12.51,12.36,12.37,37318
2025-08-18,11:00:00,12.37,12.55,12.37,12.5,57324
2025-08-18,12:00:00,12.52,12.53,12.43,12.43,45500
2025-08-18,13:00:00,12.44,12.46,12.38,12.38,27748
2025-08-18,14:00:00,12.39,12.43,12.37,12.37,24221
2025-08-18,15:00:00,12.35,12.35,12.35,12.35,9895
2025-08-19,10:00:00,12.35,12.41,12.35,12.37,26669
2025-08-19,11:00:00,12.37,12.41,12.36,12.41,23169
2025-08-19,12:00:00,12.41,12.42,12.37,12.37,40542
2025-08-19,13:00:00,12.42,12.44,12.4,12.42,3946
2025-08-19,14:00:00,12.42,12.43,12.36,12.36,40883
2025-08-19,15:00:00,12.35,12.35,12.35,12.35,6815
2025-08-20,10:00:00,12.35,12.43,12.35,12.42,32803
2025-08-20,11:00:00,12.42,12.47,12.4,12.41,16402
2025-08-20,12:00:00,12.41,12.44,12.38,12.41,14155
2025-08-20,13:00:00,12.41,12.47,12.4,12.45,16451
2025-08-20,14:00:00,12.43,12.45,12.35,12.35,36135
2025-08-20,15:00:00,12.34,12.34,12.34,12.34,8380
2025-08-21,10:00:00,12.36,12.4,12.34,12.39,16762
2025-08-21,11:00:00,12.38,12.4,12.36,12.36,2737
2025-08-21,12:00:00,12.36,12.37,12.34,12.35,59390
2025-08-21,13:00:00,12.34,12.35,12.32,12.33,25785
2025-08-21,14:00:00,12.33,12.36,12.32,12.34,14998
2025-08-21,15:00:00,12.32,12.32,12.32,12.32,2132
2025-08-24,10:00:00,12.33,12.52,12.33,12.44,111318
2025-08-24,11:00:00,12.44,12.52,12.4,12.44,74628
2025-08-24,12:00:00,12.47,12.49,12.45,12.47,12366
2025-08-24,13:00:00,12.47,12.48,12.42,12.47,24523
2025-08-24,14:00:00,12.47,12.48,12.42,12.43,39973
2025-08-24,15:00:00,12.41,12.41,12.41,12.41,3001
2025-08-25,10:00:00,12.41,12.49,12.4,12.45,8244
2025-08-25,11:00:00,12.46,12.46,12.37,12.41,11541
2025-08-25,12:00:00,12.41,12.42,12.35,12.36,16560
2025-08-25,13:00:00,12.37,12.39,12.34,12.38,33767
2025-08-25,14:00:00,12.38,12.38,12.32,12.33,51265
2025-08-25,15:00:00,12.32,12.32,12.32,12.32,872
2025-08-26,10:00:00,12.33,12.35,12.31,12.31,18846
2025-08-26,11:00:00,12.34,12.34,12.3,12.32,31885
2025-08-26,12:00:00,12.31,12.35,12.3,12.32,27616
2025-08-26,13:00:00,12.34,12.38,12.32,12.34,29594
2025-08-26,14:00:00,12.34,12.4,12.34,12.34,19423
2025-08-26,15:00:00,12.34,12.34,12.34,12.34,5547
2025-08-27,10:00:00,12.4,12.4,12.3,12.3,36407
2025-08-27,11:00:00,12.3,12.34,12.29,12.33,51991
2025-08-27,12:00:00,12.32,12.34,12.3,12.31,15985
2025-08-27,13:00:00,12.33,12.35,12.32,12.34,14898
2025-08-27,14:00:00,12.34,12.34,12.28,12.29,98622
2025-08-27,15:00:00,12.28,12.28,12.28,12.28,4800
2025-08-28,10:00:00,12.29,12.3,12.23,12.25,52669
2025-08-28,11:00:00,12.25,12.25,12.19,12.23,78485
2025-08-28,12:00:00,12.22,12.23,12.2,12.2,8022
2025-08-28,13:00:00,12.22,12.25,12.2,12.25,19919
2025-08-28,14:00:00,12.23,12.27,12.21,12.27,14728
2025-08-28,15:00:00,12.2,12.2,12.2,12.2,5321
2025-08-31,10:00:00,12.2,12.24,12.18,12.2,25421
2025-08-31,11:00:00,12.2,12.23,12.15,12.17,70854
2025-08-31,12:00:00,12.17,12.17,12.11,12.12,48126
2025-08-31,13:00:00,12.11,12.12,12.09,12.09,40945
2025-08-31,14:00:00,12.08,12.14,12.08,12.11,15220
2025-08-31,15:00:00,12.07,12.07,12.07,12.07,20080
2025-09-01,10:00:00,12.07,12.11,12.06,12.07,20630
2025-09-01,11:00:00,12.08,12.09,11.95,11.95,158488
2025-09-01,12:00:00,11.95,11.97,11.92,11.93,62026
2025-09-01,13:00:00,11.94,11.96,11.53,11.7,163173
2025-09-01,14:00:00,11.7,11.8,11.6,11.69,55977
2025-09-01,15:00:00,11.69,11.69,11.69,11.69,3185
2025-09-02,10:00:00,11.84,11.85,11.69,11.8,81687
2025-09-02,11:00:00,11.79,11.8,11.7,11.72,16556
2025-09-02,12:00:00,11.72,11.72,11.64,11.7,152067
2025-09-02,13:00:00,11.7,11.75,11.66,11.74,46220
2025-09-02,14:00:00,11.74,11.74,11.66,11.66,56768
2025-09-02,15:00:00,11.66,11.66,11.66,11.66,5077
2025-09-03,10:00:00,11.82,11.82,11.68,11.74,52504
2025-09-03,11:00:00,11.73,11.73,11.69,11.71,9337
2025-09-03,12:00:00,11.71,11.78,11.7,11.75,24564
2025-09-03,13:00:00,11.75,11.77,11.73,11.75,8369
2025-09-03,14:00:00,11.75,11.75,11.7,11.72,28187
2025-09-03,15:00:00,11.75,11.75,11.75,11.75,751
2025-09-04,10:00:00,11.68,11.8,11.68,11.79,10897
2025-09-04,11:00:00,11.78,11.78,11.67,11.7,11564
2025-09-04,12:00:00,11.72,11.74,11.7,11.7,5430
2025-09-04,13:00:00,11.72,11.78,11.7,11.76,4447
2025-09-04,14:00:00,11.75,11.78,11.72,11.74,3454
2025-09-04,15:00:00,11.74,11.74,11.74,11.74,1592
2025-09-07,10:00:00,11.79,11.85,11.79,11.81,27486
2025-09-07,11:00:00,11.81,11.84,11.81,11.83,3969
2025-09-07,12:00:00,11.83,11.83,11.74,11.77,10597
2025-09-07,13:00:00,11.78,11.8,11.73,11.73,21205
2025-09-07,14:00:00,11.73,11.77,11.7,11.7,18313
2025-09-07,15:00:00,11.7,11.7,11.7,11.7,745
2025-09-08,10:00:00,11.72,11.84,11.7,11.79,47167
2025-09-08,11:00:00,11.8,11.8,11.71,11.72,12771
2025-09-08,12:00:00,11.71,11.71,11.64,11.64,23306
2025-09-08,13:00:00,11.64,11.67,11.63,11.64,25838
2025-09-08,14:00:00,11.64,11.67,11.61,11.66,52884
2025-09-08,15:00:00,11.64,11.64,11.64,11.64,6018
2025-09-09,10:00:00,11.65,11.67,11.6,11.61,23494
2025-09-09,11:00:00,11.61,11.61,11.57,11.57,58420
2025-09-09,12:00:00,11.58,11.59,11.54,11.55,31731
2025-09-09,13:00:00,11.56,11.66,11.55,11.63,24517
2025-09-09,14:00:00,11.64,11.8,11.61,11.74,23466
2025-09-09,15:00:00,11.73,11.73,11.73,11.73,2152
2025-09-10,10:00:00,11.73,11.85,11.61,11.78,70446
2025-09-10,11:00:00,11.8,11.81,11.71,11.74,83486
2025-09-10,12:00:00,11.7,11.77,11.68,11.72,41520
2025-09-10,13:00:00,11.75,11.75,11.68,11.69,38451
2025-09-10,14:00:00,11.69,11.69,11.6,11.6,50251
2025-09-10,15:00:00,11.6,11.6,11.6,11.6,3985
2025-09-11,10:00:00,11.55,12.44,11.55,12.34,400291
2025-09-11,11:00:00,12.34,12.42,12.07,12.17,256235
2025-09-11,12:00:00,12.17,12.2,12.15,12.18,40792
2025-09-11,13:00:00,12.19,12.38,12.19,12.33,380269
2025-09-11,14:00:00,12.33,12.49,12.22,12.22,251516
2025-09-11,15:00:00,12.19,12.19,12.19,12.19,12747
2025-09-14,10:00:00,12.12,12.26,12.02,12.09,66950
2025-09-14,11:00:00,12.09,12.11,11.98,12.09,45265
2025-09-14,12:00:00,12.1,12.1,11.98,12.01,16554
2025-09-14,13:00:00,11.98,12.02,11.93,12.01,33842
2025-09-14,14:00:00,11.98,12.0,11.93,11.93,28375
2025-09-14,15:00:00,11.91,11.91,11.91,11.91,2407
2025-09-15,10:00:00,11.91,12.1,11.8,11.97,125982
2025-09-15,11:00:00,11.99,11.99,11.9,11.91,17184
2025-09-15,12:00:00,11.93,11.96,11.9,11.9,14226
2025-09-15,13:00:00,11.91,11.92,11.86,11.89,30418
2025-09-15,14:00:00,11.9,11.99,11.9,11.95,23623
2025-09-15,15:00:00,11.88,11.88,11.88,11.88,21023
2025-09-16,10:00:00,11.76,11.91,11.76,11.84,29973
2025-09-16,11:00:00,11.86,11.9,11.83,11.87,25446
2025-09-16,12:00:00,11.9,11.96,11.88,11.94,8502
2025-09-16,13:00:00,11.93,12.25,11.93,12.24,114198
2025-09-16,14:00:00,12.24,12.25,12.18,12.23,55469
2025-09-16,15:00:00,12.17,12.17,12.17,12.17,9096
2025-09-17,10:00:00,12.23,12.28,12.19,12.19,22347
2025-09-17,11:00:00,12.19,12.31,12.14,12.28,45588
2025-09-17,12:00:00,12.28,12.68,12.28,12.62,244000
2025-09-17,13:00:00,12.62,12.62,12.42,12.47,50176
2025-09-17,14:00:00,12.46,12.55,12.44,12.5,26435
2025-09-17,15:00:00,12.52,12.52,12.52,12.52,1604
2025-09-18,10:00:00,12.52,12.66,12.45,12.49,104793
2025-09-18,11:00:00,12.49,12.67,12.48,12.67,38636
2025-09-18,12:00:00,12.67,12.7,12.58,12.67,73104
2025-09-18,13:00:00,12.66,12.67,12.59,12.66,41737
2025-09-18,14:00:00,12.65,12.66,12.57,12.59,40986
2025-09-18,15:00:00,12.54,12.54,12.54,12.54,25930
2025-09-21,10:00:00,12.54,12.7,12.54,12.64,29420
2025-09-21,11:00:00,12.66,12.74,12.64,12.71,37831
2025-09-21,12:00:00,12.71,12.72,12.55,12.57,59565
2025-09-21,13:00:00,12.58,12.63,12.56,12.56,42883
2025-09-21,14:00:00,12.56,12.56,12.48,12.5,66835
2025-09-21,15:00:00,12.49,12.49,12.49,12.49,2281
2025-09-22,10:00:00,12.46,12.51,12.43,12.44,20504
2025-09-22,11:00:00,12.44,12.48,12.43,12.46,22271
2025-09-22,12:00:00,12.47,12.59,12.45,12.52,26247
2025-09-22,13:00:00,12.49,12.52,12.47,12.51,10972
2025-09-22,14:00:00,12.51,12.54,12.48,12.48,24860
2025-09-22,15:00:00,12.47,12.47,12.47,12.47,2023
2025-09-24,10:00:00,12.46,12.75,12.46,12.7,96542
2025-09-24,11:00:00,12.7,12.91,12.7,12.82,108092
2025-09-24,12:00:00,12.83,13.0,12.82,12.97,186553
2025-09-24,13:00:00,12.97,12.98,12.86,12.92,31588
2025-09-24,14:00:00,12.92,12.94,12.8,12.86,88164
2025-09-24,15:00:00,12.85,12.85,12.85,12.85,2634
2025-09-25,10:00:00,12.87,12.9,12.67,12.69,88813
2025-09-25,11:00:00,12.68,12.71,12.65,12.71,27697
2025-09-25,12:00:00,12.68,12.7,12.62,12.67,41339
2025-09-25,13:00:00,12.69,12.72,12.66,12.66,22776
2025-09-25,14:00:00,12.7,12.79,12.67,12.69,44898
2025-09-25,15:00:00,12.71,12.71,12.71,12.71,951
2025-09-28,10:00:00,12.79,12.92,12.77,12.87,66686
2025-09-28,11:00:00,12.85,12.91,12.8,12.81,40385
2025-09-28,12:00:00,12.84,12.86,12.78,12.8,42585
2025-09-28,13:00:00,12.8,12.81,12.75,12.76,16993
2025-09-28,14:00:00,12.76,12.83,12.76,12.83,13186
2025-09-28,15:00:00,12.83,12.83,12.83,12.83,851
2025-09-29,10:00:00,12.98,12.98,12.74,12.85,61434
2025-09-29,11:00:00,12.84,12.92,12.82,12.87,67093
2025-09-29,12:00:00,12.84,12.87,12.74,12.79,136476
2025-09-29,13:00:00,12.78,12.8,12.72,12.74,87605
2025-09-29,14:00:00,12.73,12.75,12.73,12.75,142600
2025-09-29,15:00:00,12.75,12.75,12.75,12.75,5304
2025-09-30,10:00:00,12.8,12.84,12.77,12.78,30168
2025-09-30,11:00:00,12.78,12.82,12.74,12.78,143829
2025-09-30,12:00:00,12.78,12.8,12.68,12.7,99847
2025-09-30,13:00:00,12.7,12.71,12.64,12.66,80138
2025-09-30,14:00:00,12.66,12.75,12.65,12.72,47617
2025-09-30,15:00:00,12.74,12.74,12.74,12.74,3666
2025-10-01,10:00:00,12.75,12.79,12.71,12.77,59484
2025-10-01,11:00:00,12.78,12.92,12.75,12.89,101829
2025-10-01,12:00:00,12.87,12.89,12.78,12.78,18286
2025-10-01,13:00:00,12.79,12.81,12.76,12.76,26057
2025-10-01,14:00:00,12.76,12.83,12.75,12.8,46460
2025-10-01,15:00:00,12.8,12.8,12.8,12.8,1152
2025-10-02,10:00:00,12.8,12.85,12.79,12.82,33634
2025-10-02,11:00:00,12.81,12.82,12.79,12.82,8075
2025-10-02,12:00:00,12.82,12.83,12.71,12.72,77277
2025-10-02,13:00:00,12.72,12.77,12.72,12.76,27030
2025-10-02,14:00:00,12.76,12.76,12.69,12.69,40088
2025-10-02,15:00:00,12.65,12.65,12.65,12.65,11956
2025-10-05,10:00:00,12.71,12.85,12.71,12.74,62717
2025-10-05,11:00:00,12.73,12.84,12.73,12.82,51019
2025-10-05,12:00:00,12.81,12.9,12.8,12.84,102548
2025-10-05,13:00:00,12.84,12.88,12.8,12.85,62214
2025-10-05,14:00:00,12.85,12.88,12.81,12.85,22327
2025-10-05,15:00:00,12.84,12.84,12.84,12.84,436
2025-10-06,10:00:00,12.8,12.91,12.8,12.87,43611
2025-10-06,11:00:00,12.89,13.09,12.83,12.99,258433
2025-10-06,12:00:00,13.01,13.05,12.93,12.93,118236
2025-10-06,13:00:00,12.94,13.0,12.93,12.99,36621
2025-10-06,14:00:00,12.99,13.07,12.91,13.03,90602
2025-10-06,15:00:00,13.03,13.03,13.03,13.03,1894
2025-10-07,10:00:00,13.09,13.18,13.04,13.18,177978
2025-10-07,11:00:00,13.18,13.29,13.16,13.25,192305
2025-10-07,12:00:00,13.25,13.25,13.1,13.17,87418
2025-10-07,13:00:00,13.2,13.2,13.09,13.13,86787
2025-10-07,14:00:00,13.13,13.3,13.12,13.29,198149
2025-10-07,15:00:00,13.3,13.3,13.3,13.3,5299
2025-10-08,10:00:00,13.3,13.3,13.16,13.2,121597
2025-10-08,11:00:00,13.21,13.24,13.16,13.24,57310
2025-10-08,12:00:00,13.24,13.46,13.22,13.4,309810
2025-10-08,13:00:00,13.42,13.54,13.34,13.37,192988
2025-10-08,14:00:00,13.37,13.5,13.35,13.47,104940
2025-10-08,15:00:00,13.47,13.47,13.47,13.47,11297
2025-10-09,10:00:00,13.48,13.69,13.36,13.36,297555
2025-10-09,11:00:00,13.36,13.66,13.36,13.49,68737
2025-10-09,12:00:00,13.5,13.59,13.5,13.52,49791
2025-10-09,13:00:00,13.55,13.55,13.43,13.46,45902
2025-10-09,14:00:00,13.46,13.58,13.45,13.48,33364
2025-10-09,15:00:00,13.5,13.5,13.5,13.5,71918
2025-10-12,10:00:00,13.3,13.44,13.18,13.4,131612
2025-10-12,11:00:00,13.42,13.6,13.4,13.54,156872
2025-10-12,12:00:00,13.55,13.6,13.45,13.45,72742
2025-10-12,13:00:00,13.46,13.55,13.45,13.52,91284
2025-10-12,14:00:00,13.51,13.62,13.37,13.45,87934
2025-10-12,15:00:00,13.43,13.43,13.43,13.43,4550
2025-10-13,10:00:00,13.54,13.58,13.45,13.55,34328
2025-10-13,11:00:00,13.54,13.6,13.47,13.57,56636
2025-10-13,12:00:00,13.57,13.67,13.54,13.6,154045
2025-10-13,13:00:00,13.6,13.67,13.59,13.63,64528
2025-10-13,14:00:00,13.63,13.72,13.58,13.71,153822
2025-10-13,15:00:00,13.72,13.72,13.72,13.72,23079
2025-10-14,10:00:00,13.73,13.84,13.7,13.73,272574
2025-10-14,11:00:00,13.77,13.84,13.76,13.78,27092
2025-10-14,12:00:00,13.76,13.78,13.72,13.75,41963
2025-10-14,13:00:00,13.75,13.83,13.74,13.82,50110
2025-10-14,14:00:00,13.8,13.82,13.72,13.72,34825
2025-10-14,15:00:00,13.72,13.72,13.72,13.72,13320
2025-10-15,10:00:00,13.73,13.84,13.7,13.75,89232
2025-10-15,11:00:00,13.76,13.77,13.66,13.7,37661
2025-10-15,12:00:00,13.72,13.77,13.7,13.7,16841
2025-10-15,13:00:00,13.72,13.72,13.61,13.63,34638
2025-10-15,14:00:00,13.63,13.69,13.63,13.63,35010
2025-10-15,15:00:00,13.63,13.63,13.63,13.63,1466
2025-10-16,10:00:00,13.64,13.7,13.45,13.5,87253
2025-10-16,11:00:00,13.52,13.52,13.4,13.44,24103
2025-10-16,12:00:00,13.46,13.56,13.45,13.53,15843
2025-10-16,13:00:00,13.53,13.61,13.53,13.57,12795
2025-10-16,14:00:00,13.6,13.6,13.56,13.58,11067
2025-10-16,15:00:00,13.57,13.57,13.57,13.57,1224
2025-10-19,10:00:00,13.5,13.63,13.33,13.52,111495
2025-10-19,11:00:00,13.52,13.62,13.5,13.57,13655
2025-10-19,12:00:00,13.57,13.57,13.51,13.54,11790
2025-10-19,13:00:00,13.52,13.52,13.42,13.42,32494
2025-10-19,14:00:00,13.41,13.5,13.4,13.5,15228
2025-10-19,15:00:00,13.46,13.46,13.46,13.46,37
2025-10-20,10:00:00,13.44,13.44,13.37,13.4,29108
2025-10-20,11:00:00,13.38,13.39,13.25,13.28,31081
2025-10-20,12:00:00,13.29,13.3,13.2,13.23,25421
2025-10-20,13:00:00,13.24,13.25,13.2,13.21,11037
2025-10-20,14:00:00,13.21,13.25,13.19,13.22,13222
2025-10-20,15:00:00,13.2,13.2,13.2,13.2,478
2025-10-21,10:00:00,13.74,14.06,13.65,13.74,1744857
2025-10-21,11:00:00,13.74,13.95,13.65,13.83,463103
2025-10-21,12:00:00,13.83,14.08,13.75,13.79,941563
2025-10-21,13:00:00,13.8,13.8,13.52,13.55,353466
2025-10-21,14:00:00,13.55,13.63,13.25,13.26,540477
2025-10-21,15:00:00,13.28,13.28,13.28,13.28,36670
2025-10-22,10:00:00,13.28,13.41,13.16,13.35,453848
2025-10-22,11:00:00,13.35,13.39,13.28,13.33,59566
2025-10-22,12:00:00,13.33,13.37,13.18,13.22,140863
2025-10-22,13:00:00,13.2,13.22,13.06,13.09,134218
2025-10-22,14:00:00,13.09,13.12,12.86,12.91,195797
2025-10-22,15:00:00,12.92,12.92,12.92,12.92,14713
2025-10-23,10:00:00,13.0,13.18,12.9,13.06,234803
2025-10-23,11:00:00,13.07,13.19,13.07,13.16,72039
2025-10-23,12:00:00,13.15,13.25,13.15,13.25,104405
2025-10-23,13:00:00,13.25,13.49,13.25,13.49,178632
2025-10-23,14:00:00,13.49,13.99,13.49,13.6,778590
2025-10-23,15:00:00,13.61,13.61,13.61,13.61,211538
2025-10-26,10:00:00,13.61,13.85,13.57,13.72,154663
2025-10-26,11:00:00,13.74,13.77,13.65,13.77,73599
2025-10-26,12:00:00,13.77,13.91,13.68,13.7,100286
2025-10-26,13:00:00,13.7,13.75,13.6,13.61,74170
2025-10-26,14:00:00,13.61,13.75,13.59,13.71,86501
2025-10-26,15:00:00,13.67,13.67,13.67,13.67,7402
2025-10-27,10:00:00,13.66,13.8,13.58,13.58,145788
2025-10-27,11:00:00,13.58,13.62,13.53,13.54,44340
2025-10-27,12:00:00,13.54,13.63,13.47,13.63,91565
2025-10-27,13:00:00,13.63,13.64,13.52,13.52,16352
2025-10-27,14:00:00,13.52,13.56,13.5,13.51,52870
2025-10-27,15:00:00,13.51,13.51,13.51,13.51,3576
2025-10-28,10:00:00,13.63,13.67,13.51,13.53,103260
2025-10-28,11:00:00,13.55,13.59,13.51,13.57,25002
2025-10-28,12:00:00,13.55,13.63,13.54,13.57,39214
2025-10-28,13:00:00,13.57,13.57,13.5,13.52,42988
2025-10-28,14:00:00,13.52,13.54,13.5,13.51,45816
2025-10-28,15:00:00,13.5,13.5,13.5,13.5,3333
2025-10-29,10:00:00,13.51,13.59,13.42,13.47,224973
2025-10-29,11:00:00,13.44,13.44,13.35,13.39,138641
2025-10-29,12:00:00,13.4,13.42,13.35,13.42,97621
2025-10-29,13:00:00,13.4,13.54,13.4,13.52,38949
2025-10-29,14:00:00,13.52,13.58,13.5,13.55,36635
2025-10-29,15:00:00,13.58,13.58,13.58,13.58,2431
2025-10-30,10:00:00,13.72,13.92,13.72,13.75,484163
2025-10-30,11:00:00,13.75,13.87,13.74,13.82,103438
2025-10-30,12:00:00,13.82,13.82,13.73,13.8,53870
2025-10-30,13:00:00,13.79,13.98,13.76,13.85,292122
2025-10-30,14:00:00,13.85,13.85,13.76,13.78,169370
2025-10-30,15:00:00,13.79,13.79,13.79,13.79,13777
2025-11-02,10:00:00,13.82,13.82,13.63,13.67,339604
2025-11-02,11:00:00,13.68,13.68,13.6,13.6,58512
2025-11-02,12:00:00,13.64,13.65,13.59,13.65,15691
2025-11-02,13:00:00,13.65,13.67,13.62,13.63,39162
2025-11-02,14:00:00,13.66,13.66,13.46,13.48,114453
2025-11-02,15:00:00,13.61,13.61,13.61,13.61,20039
2025-11-03,10:00:00,13.7,13.77,13.4,13.53,103413
2025-11-03,11:00:00,13.53,13.56,13.48,13.54,36620
2025-11-03,12:00:00,13.57,13.61,13.53,13.61,30512
2025-11-03,13:00:00,13.6,13.62,13.57,13.6,29585
2025-11-03,14:00:00,13.61,13.65,13.54,13.57,32969
2025-11-03,15:00:00,13.58,13.58,13.58,13.58,373
2025-11-04,10:00:00,13.54,13.71,13.45,13.65,166022
2025-11-04,11:00:00,13.65,13.66,13.55,13.55,24633
2025-11-04,12:00:00,13.55,13.57,13.49,13.55,145811
2025-11-04,13:00:00,13.55,13.56,13.5,13.51,22158
2025-11-04,14:00:00,13.5,13.63,13.49,13.58,118063
2025-11-04,15:00:00,13.58,13.58,13.58,13.58,9848
2025-11-05,10:00:00,13.58,13.58,13.48,13.56,43854
2025-11-05,11:00:00,13.57,13.65,13.55,13.58,104644
2025-11-05,12:00:00,13.59,13.65,13.51,13.52,112584
2025-11-05,13:00:00,13.51,13.54,13.48,13.49,45690
2025-11-05,14:00:00,13.49,13.5,13.46,13.46,137396
2025-11-05,15:00:00,13.51,13.51,13.51,13.51,2691
2025-11-06,10:00:00,13.6,13.6,13.5,13.5,47843
2025-11-06,11:00:00,13.53,13.62,13.5,13.59,43558
2025-11-06,12:00:00,13.61,13.63,13.55,13.55,35042
2025-11-06,13:00:00,13.55,13.64,13.55,13.63,104002
2025-11-06,14:00:00,13.63,13.71,13.6,13.68,197340
2025-11-06,15:00:00,13.65,13.65,13.65,13.65,4185
2025-11-09,10:00:00,13.62,13.62,13.55,13.55,40198
2025-11-09,11:00:00,13.55,13.59,13.55,13.55,60029
2025-11-09,12:00:00,13.55,13.59,13.54,13.59,19171
2025-11-09,13:00:00,13.59,13.59,13.55,13.57,9695
2025-11-09,14:00:00,13.57,13.58,13.54,13.54,29440
2025-11-09,15:00:00,13.56,13.56,13.56,13.56,5848
2025-11-10,10:00:00,13.61,13.63,13.53,13.54,208507
2025-11-10,11:00:00,13.53,13.58,13.52,13.52,112802
2025-11-10,12:00:00,13.53,13.68,13.5,13.62,190822
2025-11-10,13:00:00,13.62,13.65,13.6,13.6,28747
2025-11-10,14:00:00,13.6,13.65,13.59,13.64,96196
2025-11-10,15:00:00,13.63,13.63,13.63,13.63,2943
2025-11-11,10:00:00,13.6,13.61,13.51,13.51,36771
2025-11-11,11:00:00,13.51,13.54,13.5,13.52,23712
2025-11-11,12:00:00,13.54,13.6,13.53,13.6,42972
2025-11-11,13:00:00,13.6,13.62,13.56,13.56,21936
2025-11-11,14:00:00,13.55,13.55,13.5,13.52,39874
2025-11-11,15:00:00,13.51,13.51,13.51,13.51,1349
2025-11-12,10:00:00,13.5,13.65,13.49,13.64,119752
2025-11-12,11:00:00,13.63,13.7,13.62,13.67,59194
2025-11-12,12:00:00,13.69,13.7,13.59,13.65,127967
2025-11-12,13:00:00,13.65,13.66,13.57,13.59,32269
2025-11-12,14:00:00,13.6,13.63,13.53,13.57,37740
2025-11-12,15:00:00,13.57,13.57,13.57,13.57,1184
2025-11-13,10:00:00,13.55,13.58,13.49,13.56,66278
2025-11-13,11:00:00,13.55,13.55,13.51,13.52,8475
2025-11-13,12:00:00,13.53,13.55,13.51,13.51,11343
2025-11-13,13:00:00,13.51,13.51,13.46,13.46,180992
2025-11-13,14:00:00,13.46,13.48,13.45,13.47,99087
2025-11-13,15:00:00,13.45,13.45,13.45,13.45,38534
2025-11-16,10:00:00,13.45,13.46,13.44,13.44,132602
2025-11-16,11:00:00,13.44,13.46,13.43,13.46,51589
2025-11-16,12:00:00,13.47,13.51,13.43,13.46,31809
2025-11-16,13:00:00,13.46,13.48,13.42,13.42,94438
2025-11-16,14:00:00,13.43,13.43,13.41,13.42,93909
2025-11-16,15:00:00,13.48,13.48,13.48,13.48,4787
2025-11-17,10:00:00,13.42,13.49,13.42,13.46,37157
2025-11-17,11:00:00,13.47,13.47,13.41,13.42,100282
2025-11-17,12:00:00,13.42,13.43,13.41,13.42,14269
2025-11-17,13:00:00,13.42,13.45,13.4,13.4,186260
2025-11-17,14:00:00,13.4,13.44,13.4,13.43,69812
2025-11-17,15:00:00,13.44,13.44,13.44,13.44,1016
2025-11-18,10:00:00,13.4,13.42,13.35,13.38,140260
2025-11-18,11:00:00,13.38,13.44,13.36,13.42,57147
2025-11-18,12:00:00,13.39,13.44,13.38,13.43,25953
2025-11-18,13:00:00,13.41,13.43,13.37,13.37,23853
2025-11-18,14:00:00,13.38,13.42,13.37,13.37,32507
2025-11-18,15:00:00,13.37,13.37,13.37,13.37,7610
2025-11-19,10:00:00,13.5,13.5,13.38,13.38,19859
2025-11-19,11:00:00,13.38,13.38,13.35,13.36,45686
2025-11-19,12:00:00,13.37,13.37,13.35,13.36,22909
2025-11-19,13:00:00,13.37,13.39,13.36,13.36,35960
2025-11-19,14:00:00,13.36,13.38,13.35,13.35,26403
2025-11-19,15:00:00,13.35,13.35,13.35,13.35,8982
2025-11-20,10:00:00,13.35,13.58,13.35,13.53,98355
2025-11-20,11:00:00,13.52,13.55,13.49,13.49,78026
2025-11-20,12:00:00,13.49,13.54,13.48,13.51,20051
2025-11-20,13:00:00,13.51,13.54,13.48,13.49,37319
2025-11-20,14:00:00,13.5,13.54,13.46,13.54,35694
2025-11-20,15:00:00,13.5,13.5,13.5,13.5,980
2025-11-23,10:00:00,13.46,13.53,13.45,13.49,34140
2025-11-23,11:00:00,13.48,13.56,13.48,13.56,28867
2025-11-23,12:00:00,13.55,13.6,13.51,13.52,20178
2025-11-23,13:00:00,13.52,13.62,13.52,13.62,27068
2025-11-23,14:00:00,13.63,13.7,13.62,13.66,254955
2025-11-23,15:00:00,13.7,13.7,13.7,13.7,40128
2025-11-24,10:00:00,13.7,13.7,13.61,13.63,47828
2025-11-24,11:00:00,13.63,13.65,13.58,13.6,20285
2025-11-24,12:00:00,13.6,13.6,13.57,13.58,13644
2025-11-24,13:00:00,13.56,13.62,13.55,13.62,37691
2025-11-24,14:00:00,13.63,13.63,13.5,13.5,39773
2025-11-24,15:00:00,13.58,13.58,13.58,13.58,3123
2025-11-25,10:00:00,13.55,13.6,13.5,13.51,32668
2025-11-25,11:00:00,13.51,13.55,13.5,13.5,45500
2025-11-25,12:00:00,13.5,13.5,13.49,13.49,65019
2025-11-25,13:00:00,13.48,13.49,13.44,13.45,260888
2025-11-25,14:00:00,13.46,13.47,13.43,13.46,46823
2025-11-25,15:00:00,13.47,13.47,13.47,13.47,1290
2025-11-26,10:00:00,13.43,13.5,13.38,13.38,357525
2025-11-26,11:00:00,13.38,13.45,13.37,13.44,61231
2025-11-26,12:00:00,13.44,13.44,13.4,13.4,14214
2025-11-26,13:00:00,13.39,13.7,13.36,13.67,186892
2025-11-26,14:00:00,13.64,13.69,13.6,13.63,56303
2025-11-26,15:00:00,13.63,13.63,13.63,13.63,3028
2025-11-27,10:00:00,13.63,13.7,13.57,13.6,54687
2025-11-27,11:00:00,13.58,13.58,13.48,13.51,30473
2025-11-27,12:00:00,13.51,13.56,13.5,13.53,6381
2025-11-27,13:00:00,13.52,13.59,13.52,13.58,4036
2025-11-27,14:00:00,13.58,13.58,13.5,13.55,46425
2025-11-27,15:00:00,13.52,13.52,13.52,13.52,1640
2025-11-30,10:00:00,13.52,13.58,13.5,13.5,64683
2025-11-30,11:00:00,13.5,13.51,13.49,13.49,44348
2025-11-30,12:00:00,13.49,13.5,13.48,13.48,47974
2025-11-30,13:00:00,13.48,13.54,13.48,13.49,27478
2025-11-30,14:00:00,13.49,13.55,13.48,13.51,24296
2025-11-30,15:00:00,13.55,13.55,13.55,13.55,43
2025-12-01,10:00:00,13.5,13.54,13.48,13.48,59789
2025-12-01,11:00:00,13.48,13.48,13.45,13.46,122411
2025-12-01,12:00:00,13.45,13.49,13.43,13.43,131918
2025-12-01,13:00:00,13.43,13.45,13.43,13.43,63062
2025-12-01,14:00:00,13.42,13.44,13.36,13.39,157162
2025-12-01,15:00:00,13.4,13.4,13.4,13.4,4198
2025-12-02,10:00:00,13.37,13.42,13.36,13.38,49345
2025-12-02,11:00:00,13.4,13.45,13.38,13.38,16127
2025-12-02,12:00:00,13.39,13.45,13.36,13.45,88162
2025-12-02,13:00:00,13.44,13.49,13.39,13.44,38726
2025-12-02,14:00:00,13.45,13.49,13.39,13.47,44661
2025-12-02,15:00:00,13.45,13.45,13.45,13.45,3005
2025-12-03,10:00:00,13.49,13.52,13.43,13.43,25516
2025-12-03,11:00:00,13.44,13.67,13.44,13.63,85043
2025-12-03,12:00:00,13.62,13.62,13.55,13.55,51198
2025-12-03,13:00:00,13.53,13.56,13.47,13.52,35328
2025-12-03,14:00:00,13.51,13.56,13.5,13.51,27758
2025-12-03,15:00:00,13.53,13.53,13.53,13.53,4072
2025-12-04,10:00:00,13.66,13.7,13.52,13.66,169178
2025-12-04,11:00:00,13.66,13.85,13.66,13.72,427161
2025-12-04,12:00:00,13.75,13.76,13.71,13.72,36428
2025-12-04,13:00:00,13.74,13.8,13.7,13.77,94651
2025-12-04,14:00:00,13.77,13.79,13.66,13.72,99872
2025-12-04,15:00:00,13.72,13.72,13.72,13.72,4039
2025-12-07,10:00:00,13.69,13.8,13.62,13.64,142427
2025-12-07,11:00:00,13.63,13.64,13.57,13.6,35148
2025-12-07,12:00:00,13.6,13.62,13.59,13.62,6908
2025-12-07,13:00:00,13.6,13.62,13.55,13.58,27235
2025-12-07,14:00:00,13.56,13.59,13.51,13.54,36393
2025-12-07,15:00:00,13.51,13.51,13.51,13.51,2147
2025-12-08,10:00:00,13.54,13.61,13.39,13.42,100969
2025-12-08,11:00:00,13.45,13.49,13.39,13.4,70553
2025-12-08,12:00:00,13.4,13.44,13.38,13.39,61597
2025-12-08,13:00:00,13.39,13.4,13.16,13.16,365040
2025-12-08,14:00:00,13.18,13.24,13.15,13.16,53026
2025-12-08,15:00:00,13.16,13.16,13.16,13.16,4317
2025-12-09,10:00:00,13.16,13.21,13.07,13.09,128287
2025-12-09,11:00:00,13.08,13.21,13.07,13.2,23797
2025-12-09,12:00:00,13.2,13.2,13.14,13.14,18519
2025-12-09,13:00:00,13.14,13.15,13.12,13.14,11586
2025-12-09,14:00:00,13.14,13.19,13.12,13.14,48076
2025-12-09,15:00:00,13.15,13.15,13.15,13.15,965
2025-12-10,10:00:00,13.15,13.21,13.15,13.17,37401
2025-12-10,11:00:00,13.18,13.2,13.18,13.2,13424
2025-12-10,12:00:00,13.19,13.19,13.12,13.13,69888
2025-12-10,13:00:00,13.13,13.15,13.12,13.14,16402
2025-12-10,14:00:00,13.14,13.16,13.11,13.13,35788
2025-12-10,15:00:00,13.15,13.15,13.15,13.15,5118
2025-12-11,10:00:00,13.16,13.23,13.15,13.21,28878
2025-12-11,11:00:00,13.21,13.22,13.16,13.2,13797
2025-12-11,12:00:00,13.18,13.18,13.14,13.15,13757
2025-12-11,13:00:00,13.14,13.17,13.13,13.14,24138
2025-12-11,14:00:00,13.14,13.16,13.13,13.15,26198
2025-12-11,15:00:00,13.12,13.12,13.12,13.12,12363
2025-12-14,10:00:00,13.11,13.16,13.08,13.08,41653
2025-12-14,11:00:00,13.08,13.09,12.99,13.0,188865
2025-12-14,12:00:00,13.0,13.0,12.97,12.98,55081
2025-12-14,13:00:00,12.97,12.98,12.9,12.94,165052
2025-12-14,14:00:00,12.91,12.94,12.88,12.91,49194
2025-12-14,15:00:00,12.9,12.9,12.9,12.9,1210
2025-12-15,10:00:00,12.88,12.97,12.88,12.96,40801
2025-12-15,11:00:00,12.97,12.98,12.93,12.94,21495
2025-12-15,12:00:00,12.93,12.96,12.9,12.9,30935
2025-12-15,13:00:00,12.92,12.95,12.9,12.92,3219
2025-12-15,14:00:00,12.91,12.96,12.9,12.9,18655
2025-12-15,15:00:00,12.93,12.93,12.93,12.93,1796
2025-12-16,10:00:00,12.9,13.0,12.9,12.99,68714
2025-12-16,11:00:00,12.98,13.07,12.94,12.99,50659
2025-12-16,12:00:00,12.98,13.02,12.98,12.98,14487
2025-12-16,13:00:00,13.0,13.0,12.93,12.93,17757
2025-12-16,14:00:00,12.93,13.0,12.88,12.96,60564
2025-12-16,15:00:00,12.99,12.99,12.99,12.99,2909
2025-12-17,10:00:00,12.88,12.98,12.86,12.86,93042
2025-12-17,11:00:00,12.86,13.0,12.86,12.97,39835
2025-12-17,12:00:00,12.98,12.99,12.9,12.9,5424
2025-12-17,13:00:00,12.91,12.94,12.89,12.94,16119
2025-12-17,14:00:00,12.94,12.98,12.92,12.98,32917
2025-12-17,15:00:00,12.92,12.92,12.92,12.92,2612
2025-12-18,10:00:00,12.86,12.94,12.86,12.9,4553
2025-12-18,11:00:00,12.88,13.09,12.86,13.01,63506
2025-12-18,12:00:00,13.01,13.05,12.91,12.93,19399
2025-12-18,13:00:00,12.94,12.97,12.92,12.97,14058
2025-12-18,14:00:00,12.97,13.0,12.93,12.99,92807
2025-12-18,15:00:00,12.99,12.99,12.99,12.99,1204
2025-12-21,10:00:00,12.99,13.1,12.99,13.08,29000
2025-12-21,11:00:00,13.11,13.11,12.94,12.97,40570
2025-12-21,12:00:00,12.97,12.97,12.92,12.93,24335
2025-12-21,13:00:00,12.93,13.0,12.92,13.0,37946
2025-12-21,14:00:00,13.0,13.01,12.93,12.95,15120
2025-12-21,15:00:00,12.98,12.98,12.98,12.98,638
2025-12-22,10:00:00,12.86,12.95,12.86,12.91,61047
2025-12-22,11:00:00,12.9,12.91,12.86,12.86,11450
2025-12-22,12:00:00,12.86,12.88,12.85,12.87,16681
2025-12-22,13:00:00,12.87,12.87,12.83,12.84,65185
2025-12-22,14:00:00,12.83,12.86,12.79,12.79,130128
2025-12-22,15:00:00,12.79,12.79,12.79,12.79,9232
2025-12-23,10:00:00,12.79,12.83,12.72,12.73,160433
2025-12-23,11:00:00,12.74,12.74,12.67,12.68,103553
2025-12-23,12:00:00,12.68,12.7,12.67,12.68,15552
2025-12-23,13:00:00,12.68,12.71,12.67,12.7,32512
2025-12-23,14:00:00,12.7,12.75,12.69,12.69,44601
2025-12-23,15:00:00,12.69,12.69,12.69,12.69,5617
2025-12-24,10:00:00,12.68,12.71,12.67,12.71,5591
2025-12-24,11:00:00,12.7,12.74,12.69,12.74,17157
2025-12-24,12:00:00,12.72,12.73,12.69,12.73,14408
2025-12-24,13:00:00,12.73,12.73,12.68,12.68,10063
2025-12-24,14:00:00,12.68,12.79,12.68,12.77,44433
2025-12-24,15:00:00,12.7,12.7,12.7,12.7,4593
2025-12-25,10:00:00,12.67,12.69,12.67,12.69,10866
2025-12-25,11:00:00,12.69,12.7,12.66,12.67,32454
2025-12-25,12:00:00,12.67,12.67,12.66,12.66,2466
2025-12-25,13:00:00,12.67,12.67,12.64,12.64,65909
2025-12-25,14:00:00,12.64,12.64,12.57,12.59,132745
2025-12-25,15:00:00,12.59,12.59,12.59,12.59,464
2025-12-28,10:00:00,12.59,12.63,12.52,12.56,70952
2025-12-28,11:00:00,12.52,12.52,12.47,12.47,53963
2025-12-28,12:00:00,12.48,12.48,12.44,12.46,38163
2025-12-28,13:00:00,12.44,12.46,12.44,12.44,19636
2025-12-28,14:00:00,12.44,12.5,12.39,12.5,62782
2025-12-28,15:00:00,12.43,12.43,12.43,12.43,943
2025-12-29,10:00:00,12.43,12.52,12.33,12.36,121273
2025-12-29,11:00:00,12.36,12.41,12.35,12.41,38321
2025-12-29,12:00:00,12.4,12.51,12.36,12.39,25158
2025-12-29,13:00:00,12.43,12.43,12.4,12.4,1358
2025-12-29,14:00:00,12.4,12.52,12.4,12.52,29292
2025-12-29,15:00:00,12.72,12.72,12.72,12.72,10154
2025-12-30,10:00:00,13.29,13.36,12.82,12.88,763192
2025-12-30,11:00:00,12.86,13.13,12.75,12.99,298081
2025-12-30,12:00:00,13.0,13.06,12.77,12.83,135010
2025-12-30,13:00:00,12.83,13.11,12.6,12.69,206870
2025-12-30,14:00:00,12.69,12.7,12.33,12.41,250667
2025-12-30,15:00:00,12.42,12.42,12.42,12.42,10084
2025-12-31,10:00:00,12.41,12.79,12.41,12.71,198429
2025-12-31,11:00:00,12.7,12.88,12.69,12.88,97762
2025-12-31,12:00:00,12.89,12.9,12.79,12.82,54169
2025-12-31,13:00:00,12.81,12.85,12.73,12.79,32208
2025-12-31,14:00:00,12.79,12.88,12.76,12.88,49412
2025-12-31,15:00:00,12.81,12.81,12.81,12.81,7521
2026-01-01,10:00:00,12.89,13.0,12.87,12.91,43274
2026-01-01,11:00:00,12.92,12.94,12.71,12.82,57655
2026-01-01,12:00:00,12.8,12.94,12.76,12.89,35549
2026-01-01,13:00:00,12.89,12.92,12.86,12.86,37647
2026-01-01,14:00:00,12.86,12.96,12.86,12.9,60370
2026-01-01,15:00:00,12.9,12.9,12.9,12.9,2644
2026-01-04,10:00:00,12.9,12.9,12.7,12.75,93162
2026-01-04,11:00:00,12.75,12.75,12.68,12.69,32962
2026-01-04,12:00:00,12.68,12.69,12.57,12.64,37781
2026-01-04,13:00:00,12.64,12.71,12.62,12.68,17717
2026-01-04,14:00:00,12.68,12.73,12.64,12.7,25223
2026-01-04,15:00:00,12.73,12.73,12.73,12.73,5657
2026-01-05,10:00:00,12.7,13.0,12.64,12.82,176077
2026-01-05,11:00:00,12.82,13.01,12.79,13.01,155840
2026-01-05,12:00:00,13.03,13.06,12.8,12.83,135997
2026-01-05,13:00:00,12.82,12.82,12.66,12.7,176983
2026-01-05,14:00:00,12.68,12.69,12.57,12.57,55044
2026-01-05,15:00:00,12.63,12.63,12.63,12.63,8635
2026-01-06,10:00:00,12.52,12.69,12.52,12.64,39514
2026-01-06,11:00:00,12.63,12.64,12.58,12.63,24559
2026-01-06,12:00:00,12.65,12.65,12.54,12.54,26738
2026-01-06,13:00:00,12.55,12.55,12.42,12.47,116612
2026-01-06,14:00:00,12.47,12.49,12.4,12.42,30107
2026-01-06,15:00:00,12.4,12.4,12.4,12.4,9733
2026-01-07,10:00:00,12.7,12.8,12.54,12.56,91387
2026-01-07,11:00:00,12.57,12.65,12.57,12.63,11673
2026-01-07,12:00:00,12.63,12.66,12.63,12.64,17852
2026-01-07,13:00:00,12.62,12.64,12.52,12.57,36104
2026-01-07,14:00:00,12.6,12.61,12.52,12.53,12956
2026-01-07,15:00:00,12.5,12.5,12.5,12.5,26607
2026-01-08,10:00:00,12.4,12.48,12.34,12.41,53781
2026-01-08,11:00:00,12.41,12.49,12.39,12.44,19292
2026-01-08,12:00:00,12.42,12.46,12.4,12.46,35254
2026-01-08,13:00:00,12.45,12.45,12.36,12.38,27726
2026-01-08,14:00:00,12.41,12.43,12.36,12.37,53472
2026-01-08,15:00:00,12.4,12.4,12.4,12.4,725
2026-01-11,10:00:00,12.59,12.59,12.36,12.5,63314
2026-01-11,11:00:00,12.48,12.49,12.45,12.47,11437
2026-01-11,12:00:00,12.47,12.48,12.41,12.41,24417
2026-01-11,13:00:00,12.42,12.46,12.38,12.41,28782
2026-01-11,14:00:00,12.41,12.44,12.4,12.44,20461
2026-01-11,15:00:00,12.42,12.42,12.42,12.42,2050
2026-01-12,10:00:00,12.45,12.51,12.42,12.45,76515
2026-01-12,11:00:00,12.48,12.58,12.47,12.54,158940
2026-01-12,12:00:00,12.54,12.63,12.54,12.57,101455
2026-01-12,13:00:00,12.57,12.57,12.4,12.46,94600
2026-01-12,14:00:00,12.46,12.5,12.45,12.48,37051
2026-01-12,15:00:00,12.42,12.42,12.42,12.42,14897
2026-01-13,10:00:00,12.4,12.48,12.32,12.33,55528
2026-01-13,11:00:00,12.34,12.43,12.21,12.42,117949
2026-01-13,12:00:00,12.41,12.46,12.39,12.45,21081
2026-01-13,13:00:00,12.45,12.5,12.41,12.5,49005
2026-01-13,14:00:00,12.49,12.55,12.4,12.4,100608
2026-01-13,15:00:00,12.4,12.4,12.4,12.4,9289
2026-01-14,10:00:00,12.28,12.43,12.28,12.35,51890
2026-01-14,11:00:00,12.36,12.44,12.32,12.44,29995
2026-01-14,12:00:00,12.44,12.46,12.35,12.39,108893
2026-01-14,13:00:00,12.39,12.48,12.29,12.29,98967
2026-01-14,14:00:00,12.3,12.3,12.21,12.24,124426
2026-01-14,15:00:00,12.24,12.24,12.24,12.24,5727
2026-01-15,10:00:00,12.25,12.25,12.13,12.13,117355
2026-01-15,11:00:00,12.12,12.12,12.08,12.08,108987
2026-01-15,12:00:00,12.07,12.1,12.04,12.08,66679
2026-01-15,13:00:00,12.08,12.08,12.02,12.04,53557
2026-01-15,14:00:00,12.05,12.05,12.0,12.0,71164
2026-01-15,15:00:00,12.0,12.0,12.0,12.0,2116
2026-01-18,10:00:00,12.0,12.31,12.0,12.21,88252
2026-01-18,11:00:00,12.21,12.22,12.12,12.12,47334
2026-01-18,12:00:00,12.14,12.14,12.1,12.12,38673
2026-01-18,13:00:00,12.12,12.13,12.05,12.05,53592
2026-01-18,14:00:00,12.06,12.17,12.03,12.16,31511
2026-01-18,15:00:00,12.16,12.16,12.16,12.16,3934
2026-01-19,10:00:00,12.16,12.21,12.1,12.15,139075
2026-01-19,11:00:00,12.15,12.16,12.14,12.14,28395
2026-01-19,12:00:00,12.14,12.18,12.12,12.17,14180
2026-01-19,13:00:00,12.19,12.19,12.13,12.15,39206
2026-01-19,14:00:00,12.17,12.19,12.13,12.17,42643
2026-01-19,15:00:00,12.18,12.18,12.18,12.18,4809
2026-01-20,10:00:00,12.21,12.21,12.16,12.2,11039
2026-01-20,11:00:00,12.17,12.33,12.17,12.32,57169
2026-01-20,12:00:00,12.3,12.36,12.28,12.31,66728
2026-01-20,13:00:00,12.31,12.31,12.23,12.23,19402
2026-01-20,14:00:00,12.23,12.24,12.14,12.17,27159
2026-01-20,15:00:00,12.11,12.11,12.11,12.11,2131
2026-01-21,10:00:00,12.11,12.19,12.08,12.14,16647
2026-01-21,11:00:00,12.15,12.24,12.15,12.17,14567
2026-01-21,12:00:00,12.2,12.34,12.2,12.2,51088
2026-01-21,13:00:00,12.22,12.23,12.16,12.16,23813
2026-01-21,14:00:00,12.2,12.2,12.11,12.13,43115
2026-01-21,15:00:00,12.07,12.07,12.07,12.07,22154
2026-01-22,10:00:00,12.16,12.22,12.15,12.17,15059
2026-01-22,11:00:00,12.17,12.35,12.16,12.35,80374
2026-01-22,12:00:00,12.34,12.4,12.16,12.36,147644
2026-01-22,13:00:00,12.36,12.39,12.25,12.26,62109
2026-01-22,14:00:00,12.26,12.34,12.19,12.27,220482
2026-01-22,15:00:00,12.2,12.2,12.2,12.2,46502
2026-01-25,10:00:00,12.22,12.4,12.22,12.31,78462
2026-01-25,11:00:00,12.32,12.32,12.27,12.3,38836
2026-01-25,12:00:00,12.31,12.31,12.28,12.3,14175
2026-01-25,13:00:00,12.3,12.35,12.23,12.23,53537
2026-01-25,14:00:00,12.23,12.27,12.2,12.21,185094
2026-01-25,15:00:00,12.21,12.21,12.21,12.21,39581
2026-01-26,10:00:00,12.21,12.29,12.16,12.28,112488
2026-01-26,11:00:00,12.28,12.35,12.25,12.33,87115
2026-01-26,12:00:00,12.34,12.37,12.25,12.25,37090
2026-01-26,13:00:00,12.25,12.27,12.22,12.25,22360
2026-01-26,14:00:00,12.23,12.26,12.2,12.23,40503
2026-01-26,15:00:00,12.21,12.21,12.21,12.21,8441
2026-01-27,10:00:00,12.21,12.28,12.18,12.25,117897
2026-01-27,11:00:00,12.25,12.35,12.25,12.34,54640
2026-01-27,12:00:00,12.34,12.34,12.3,12.33,45318
2026-01-27,13:00:00,12.33,12.35,12.26,12.32,93315
2026-01-27,14:00:00,12.32,12.35,12.28,12.34,42260
2026-01-27,15:00:00,12.34,12.34,12.34,12.34,2612
2026-01-28,10:00:00,12.35,12.38,12.2,12.24,98664
2026-01-28,11:00:00,12.23,12.39,12.23,12.34,74429
2026-01-28,12:00:00,12.34,12.35,12.27,12.32,180793
2026-01-28,13:00:00,12.3,12.33,12.26,12.27,83306
2026-01-28,14:00:00,12.28,12.28,12.24,12.25,62603
2026-01-28,15:00:00,12.26,12.26,12.26,12.26,602
2026-01-29,10:00:00,12.26,12.3,12.2,12.21,69821
2026-01-29,11:00:00,12.23,12.25,12.18,12.21,91831
2026-01-29,12:00:00,12.21,12.22,12.07,12.1,122057
2026-01-29,13:00:00,12.09,12.1,12.05,12.07,66072
2026-01-29,14:00:00,12.07,12.12,12.0,12.02,299265
2026-01-29,15:00:00,12.0,12.0,12.0,12.0,15549
2026-02-01,10:00:00,12.0,12.04,11.9,11.91,262989
2026-02-01,11:00:00,11.91,11.98,11.9,11.91,33206
2026-02-01,12:00:00,11.91,11.91,11.81,11.88,113997
2026-02-01,13:00:00,11.88,11.89,11.82,11.87,21160
2026-02-01,14:00:00,11.85,11.86,11.8,11.83,59398
2026-02-01,15:00:00,11.83,11.83,11.83,11.83,144
2026-02-02,10:00:00,11.85,11.94,11.78,11.87,63587
2026-02-02,11:00:00,11.87,11.95,11.85,11.91,21285
2026-02-02,12:00:00,11.92,11.92,11.88,11.92,10852
2026-02-02,13:00:00,11.93,11.96,11.89,11.9,37607
2026-02-02,14:00:00,11.92,11.96,11.85,11.86,48021
2026-02-02,15:00:00,11.97,11.97,11.97,11.97,2356
2026-02-03,10:00:00,12.0,12.06,11.96,12.03,80002
2026-02-03,11:00:00,12.04,12.07,12.0,12.03,20761
2026-02-03,12:00:00,12.03,12.07,12.03,12.07,18177
2026-02-03,13:00:00,12.07,12.07,12.02,12.02,24771
2026-02-03,14:00:00,12.01,12.01,11.9,11.95,79375
2026-02-03,15:00:00,11.93,11.93,11.93,11.93,333
2026-02-04,10:00:00,12.18,12.18,11.96,11.99,100992
2026-02-04,11:00:00,11.99,12.01,11.94,11.96,51679
2026-02-04,12:00:00,11.96,11.97,11.93,11.93,42667
2026-02-04,13:00:00,11.92,11.96,11.87,11.88,74515
2026-02-04,14:00:00,11.87,11.95,11.87,11.95,26987
2026-02-04,15:00:00,11.91,11.91,11.91,11.91,2014
2026-02-05,10:00:00,11.91,11.92,11.8,11.81,39971
2026-02-05,11:00:00,11.8,11.82,11.77,11.8,62385
2026-02-05,12:00:00,11.8,11.91,11.79,11.88,162165
2026-02-05,13:00:00,11.88,12.01,11.85,11.9,97939
2026-02-05,14:00:00,11.9,11.97,11.88,11.92,140411
2026-02-05,15:00:00,11.92,11.92,11.92,11.92,42741
2026-02-08,10:00:00,12.03,12.1,12.0,12.01,48843
2026-02-08,11:00:00,12.01,12.01,11.94,11.97,34342
2026-02-08,12:00:00,11.97,11.99,11.93,11.94,24137
2026-02-08,13:00:00,11.94,11.98,11.91,11.91,52890
2026-02-08,14:00:00,11.9,11.94,11.88,11.9,22572
2026-02-08,15:00:00,11.89,11.89,11.89,11.89,621
2026-02-09,10:00:00,11.88,11.95,11.8,11.83,57563
2026-02-09,11:00:00,11.84,11.85,11.76,11.79,51540
2026-02-09,12:00:00,11.78,11.79,11.73,11.75,89043
2026-02-09,13:00:00,11.74,11.74,11.69,11.7,105887
2026-02-09,14:00:00,11.7,11.75,11.7,11.72,17907
2026-02-09,15:00:00,11.73,11.73,11.73,11.73,1886
2026-02-10,10:00:00,11.73,11.8,11.73,11.74,17522
2026-02-10,11:00:00,11.75,11.78,11.74,11.76,29395
2026-02-10,12:00:00,11.75,11.8,11.75,11.76,38626
2026-02-10,13:00:00,11.76,11.87,11.76,11.78,147844
2026-02-10,14:00:00,11.78,11.8,11.75,11.75,47955
2026-02-10,15:00:00,11.71,11.71,11.71,11.71,15298
2026-02-11,10:00:00,11.72,11.8,11.68,11.74,94288
2026-02-11,11:00:00,11.75,11.84,11.73,11.75,142791
2026-02-11,12:00:00,11.76,11.77,11.7,11.71,48974
2026-02-11,13:00:00,11.72,11.72,11.67,11.7,49975
2026-02-11,14:00:00,11.7,11.71,11.66,11.68,59017
2026-02-11,15:00:00,11.68,11.68,11.68,11.68,2811
2026-02-12,10:00:00,11.75,11.75,11.61,11.64,77147
2026-02-12,11:00:00,11.64,11.77,11.61,11.72,86413
2026-02-12,12:00:00,11.7,11.76,11.68,11.76,29320
2026-02-12,13:00:00,11.76,11.76,11.69,11.71,39965
2026-02-12,14:00:00,11.71,11.75,11.69,11.75,76709
2026-02-12,15:00:00,11.76,11.76,11.76,11.76,6172
2026-02-15,10:00:00,11.81,11.99,11.8,11.95,248068
2026-02-15,11:00:00,11.98,12.09,11.97,12.04,234733
2026-02-15,12:00:00,12.05,12.22,12.0,12.22,145651
2026-02-15,13:00:00,12.2,12.23,12.02,12.07,137702
2026-02-15,14:00:00,12.07,12.22,12.07,12.13,130812
2026-02-15,15:00:00,12.12,12.12,12.12,12.12,3916
2026-02-16,10:00:00,12.18,12.62,12.12,12.43,606316
2026-02-16,11:00:00,12.44,12.79,12.4,12.74,488789
2026-02-16,12:00:00,12.73,12.93,12.7,12.74,404582
2026-02-16,13:00:00,12.74,12.77,12.54,12.59,196447
2026-02-16,14:00:00,12.59,12.6,12.44,12.54,147277
2026-02-16,15:00:00,12.59,12.59,12.59,12.59,19003
2026-02-17,10:00:00,12.7,12.71,12.32,12.36,279414
2026-02-17,11:00:00,12.34,12.37,12.24,12.3,127200
2026-02-17,12:00:00,12.29,12.36,12.26,12.31,57735
2026-02-17,13:00:00,12.31,12.38,12.27,12.33,66281
2026-02-17,14:00:00,12.34,12.36,12.27,12.35,56375
2026-02-17,15:00:00,12.3,12.3,12.3,12.3,6476
2026-02-18,10:00:00,12.29,12.33,12.17,12.26,103115
2026-02-18,11:00:00,12.25,12.26,12.14,12.17,84416
2026-02-18,12:00:00,12.16,12.19,12.11,12.15,61786
2026-02-18,13:00:00,12.18,12.24,12.16,12.24,26230
2026-02-18,14:00:00,12.23,12.37,12.23,12.34,51695
2026-02-18,15:00:00,12.31,12.31,12.31,12.31,3068
2026-02-19,10:00:00,12.31,12.31,11.98,11.99,109401
2026-02-19,11:00:00,11.98,12.0,11.93,11.99,46564
2026-02-19,12:00:00,12.0,12.0,11.92,11.97,39706
2026-02-19,13:00:00,11.97,11.97,11.93,11.95,45483
2026-02-19,14:00:00,11.96,11.97,11.91,11.96,52755
2026-02-19,15:00:00,11.91,11.91,11.91,11.91,1524
2026-02-23,10:00:00,11.6,12.03,11.6,11.88,73846
2026-02-23,11:00:00,11.88,11.88,11.68,11.68,55497
2026-02-23,12:00:00,11.68,11.77,11.65,11.72,75784
2026-02-23,13:00:00,11.71,11.73,11.6,11.62,41688
2026-02-23,14:00:00,11.63,11.67,11.6,11.62,32611
2026-02-23,15:00:00,11.75,11.75,11.75,11.75,898
2026-02-24,10:00:00,11.7,11.7,11.54,11.55,57489
2026-02-24,11:00:00,11.55,11.57,11.45,11.47,21369
2026-02-24,12:00:00,11.48,11.49,11.42,11.42,24177
2026-02-24,13:00:00,11.44,11.47,11.0,11.31,75619
2026-02-24,14:00:00,11.3,11.33,11.29,11.29,27242
2026-02-24,15:00:00,11.3,11.3,11.3,11.3,2813
2026-02-25,10:00:00,11.28,11.41,11.25,11.41,37513
2026-02-25,11:00:00,11.42,11.42,11.25,11.29,31088
2026-02-25,12:00:00,11.29,11.32,11.24,11.25,17407
2026-02-25,13:00:00,11.24,11.25,11.19,11.21,26187
2026-02-25,14:00:00,11.25,11.28,11.2,11.27,16829
2026-02-25,15:00:00,11.24,11.24,11.24,11.24,521
2026-02-26,10:00:00,11.0,11.27,11.0,11.09,77617
2026-02-26,11:00:00,11.06,11.09,11.01,11.04,43970
2026-02-26,12:00:00,11.03,11.05,11.0,11.05,41612
2026-02-26,13:00:00,11.04,11.06,10.94,10.97,146387
2026-02-26,14:00:00,10.99,11.0,10.94,10.95,51584
2026-02-26,15:00:00,10.94,10.94,10.94,10.94,17456
2026-03-01,10:00:00,10.77,10.87,10.36,10.81,127192
2026-03-01,11:00:00,10.78,10.82,10.7,10.75,33576
2026-03-01,12:00:00,10.75,10.82,10.68,10.71,53130
2026-03-01,13:00:00,10.7,10.7,10.5,10.51,96731
2026-03-01,14:00:00,10.52,10.62,10.52,10.61,22735
2026-03-01,15:00:00,10.58,10.58,10.58,10.58,3082
2026-03-02,10:00:00,10.48,10.83,10.48,10.63,80251
2026-03-02,11:00:00,10.64,10.64,10.51,10.53,23782
2026-03-02,12:00:00,10.53,10.53,10.44,10.45,25288
2026-03-02,13:00:00,10.44,10.56,10.4,10.48,71779
2026-03-02,14:00:00,10.49,10.58,10.48,10.56,15866
2026-03-02,15:00:00,10.5,10.5,10.5,10.5,3824
2026-03-03,10:00:00,10.5,10.6,10.44,10.5,39152
2026-03-03,11:00:00,10.51,10.54,10.39,10.39,31840
2026-03-03,12:00:00,10.42,10.44,10.33,10.33,10176
2026-03-03,13:00:00,10.32,10.46,10.32,10.46,27864
2026-03-03,14:00:00,10.46,10.55,10.38,10.55,100671
2026-03-03,15:00:00,10.58,10.58,10.58,10.58,10227
2026-03-04,10:00:00,10.7,10.72,10.45,10.67,155180
2026-03-04,11:00:00,10.67,10.9,10.67,10.9,47434
2026-03-04,12:00:00,10.92,10.96,10.87,10.94,27481
2026-03-04,13:00:00,10.95,11.08,10.9,10.93,105937
2026-03-04,14:00:00,10.94,11.05,10.92,11.05,55127
2026-03-04,15:00:00,10.96,10.96,10.96,10.96,1254
2026-03-05,10:00:00,11.15,11.24,11.05,11.22,99001
2026-03-05,11:00:00,11.23,11.24,11.1,11.13,59209
2026-03-05,12:00:00,11.14,11.21,11.0,11.01,79367
2026-03-05,13:00:00,11.02,11.05,10.97,10.98,27678
2026-03-05,14:00:00,10.99,11.03,10.95,11.02,42750
2026-03-05,15:00:00,11.02,11.02,11.02,11.02,4042
2026-03-08,10:00:00,11.02,11.26,11.02,11.16,70775
2026-03-08,11:00:00,11.18,11.2,11.13,11.2,40187
2026-03-08,12:00:00,11.17,11.19,11.1,11.12,77134
2026-03-08,13:00:00,11.14,11.34,11.11,11.34,82679
2026-03-08,14:00:00,11.32,11.37,11.24,11.29,22148
2026-03-08,15:00:00,11.35,11.35,11.35,11.35,6815
2026-03-09,10:00:00,11.44,11.44,11.1,11.29,77872
2026-03-09,11:00:00,11.27,11.27,11.09,11.09,23045
2026-03-09,12:00:00,11.08,11.09,11.0,11.02,50618
2026-03-09,13:00:00,11.02,11.08,10.98,11.06,44978
2026-03-09,14:00:00,11.07,11.19,11.04,11.16,62752
2026-03-09,15:00:00,11.13,11.13,11.13,11.13,3358
2026-03-10,10:00:00,11.13,11.38,10.9,10.95,286056
2026-03-10,11:00:00,10.95,10.96,10.83,10.87,85083
2026-03-10,12:00:00,10.89,10.94,10.79,10.8,96384
2026-03-10,13:00:00,10.78,10.81,10.63,10.68,100590
2026-03-10,14:00:00,10.68,10.94,10.67,10.85,102222
2026-03-10,15:00:00,10.84,10.84,10.84,10.84,4969
2026-03-11,10:00:00,10.84,10.92,10.66,10.69,63657
2026-03-11,11:00:00,10.69,10.72,10.62,10.66,90324
2026-03-11,12:00:00,10.66,10.7,10.53,10.6,96194
2026-03-11,13:00:00,10.59,10.59,10.43,10.52,93116
2026-03-11,14:00:00,10.54,10.56,10.49,10.52,28236
2026-03-11,15:00:00,10.52,10.52,10.52,10.52,1948
2026-03-12,10:00:00,10.6,10.6,10.48,10.48,13734
2026-03-12,11:00:00,10.49,10.51,10.41,10.44,29196
2026-03-12,12:00:00,10.42,10.46,10.4,10.44,26548
2026-03-12,13:00:00,10.44,10.45,10.4,10.42,47949
2026-03-12,14:00:00,10.42,10.44,10.4,10.41,33538
2026-03-12,15:00:00,10.41,10.41,10.41,10.41,4044
2026-03-15,10:00:00,10.48,10.5,10.4,10.4,62059
2026-03-15,11:00:00,10.4,10.42,10.28,10.28,32809
2026-03-15,12:00:00,10.27,10.27,10.19,10.25,31933
2026-03-15,13:00:00,10.26,10.36,10.24,10.26,17584
2026-03-15,14:00:00,10.26,10.38,10.26,10.38,23824
2026-03-15,15:00:00,10.37,10.37,10.37,10.37,1064
2026-03-16,10:00:00,10.3,10.37,10.28,10.34,25377
2026-03-16,11:00:00,10.32,10.33,10.27,10.28,25007
2026-03-16,12:00:00,10.28,10.29,10.23,10.26,71496
2026-03-16,13:00:00,10.27,10.3,10.2,10.3,37884
2026-03-16,14:00:00,10.3,10.46,10.3,10.43,72154
2026-03-16,15:00:00,10.42,10.42,10.42,10.42,2046
2026-03-24,10:00:00,10.21,10.37,10.15,10.32,59067
2026-03-24,11:00:00,10.34,10.46,10.33,10.44,78504
2026-03-24,12:00:00,10.42,10.45,10.36,10.36,25875
2026-03-24,13:00:00,10.36,10.38,10.33,10.36,56070
2026-03-24,14:00:00,10.37,10.37,10.28,10.32,27360
2026-03-24,15:00:00,10.29,10.29,10.29,10.29,8021
2026-03-25,10:00:00,10.5,10.56,10.34,10.56,88193
2026-03-25,11:00:00,10.55,10.63,10.54,10.63,63572
2026-03-25,12:00:00,10.62,10.65,10.58,10.61,60953
2026-03-25,13:00:00,10.61,10.62,10.5,10.51,60228
2026-03-25,14:00:00,10.52,10.55,10.49,10.51,44755
2026-03-25,15:00:00,10.52,10.52,10.52,10.52,11501
2026-03-26,10:00:00,10.55,10.55,10.36,10.42,86895
2026-03-26,11:00:00,10.42,10.5,10.4,10.47,51350
2026-03-26,12:00:00,10.49,10.51,10.43,10.44,32760
2026-03-26,13:00:00,10.43,10.44,10.33,10.35,76646
2026-03-26,14:00:00,10.35,10.4,10.31,10.31,100515
2026-03-26,15:00:00,10.3,10.3,10.3,10.3,17692
2026-03-29,10:00:00,10.47,10.49,10.38,10.47,80340
2026-03-29,11:00:00,10.47,10.47,10.38,10.38,47876
2026-03-29,12:00:00,10.41,10.46,10.4,10.4,17992
2026-03-29,13:00:00,10.41,10.43,10.38,10.4,22653
2026-03-29,14:00:00,10.4,10.41,10.35,10.38,55520
2026-03-29,15:00:00,10.32,10.32,10.32,10.32,5222
2026-03-30,10:00:00,10.47,10.51,10.36,10.45,115355
2026-03-30,11:00:00,10.47,10.48,10.4,10.43,84364
2026-03-30,12:00:00,10.44,10.45,10.42,10.45,94500
2026-03-30,13:00:00,10.46,10.47,10.41,10.44,32632
2026-03-30,14:00:00,10.44,10.47,10.42,10.44,24894
2026-03-30,15:00:00,10.47,10.47,10.47,10.47,4852
2026-03-31,10:00:00,10.41,10.56,10.4,10.45,85038
2026-03-31,11:00:00,10.44,10.47,10.39,10.42,61914
2026-03-31,12:00:00,10.43,10.52,10.41,10.52,45578
2026-03-31,13:00:00,10.5,10.57,10.47,10.53,93061
2026-03-31,14:00:00,10.52,10.58,10.5,10.51,79662
2026-03-31,15:00:00,10.51,10.51,10.51,10.51,3580
2026-04-01,10:00:00,10.53,10.73,10.53,10.72,111234
2026-04-01,11:00:00,10.73,10.74,10.67,10.72,94606
2026-04-01,12:00:00,10.72,10.75,10.65,10.66,78076
2026-04-01,13:00:00,10.68,10.72,10.68,10.7,42403
2026-04-01,14:00:00,10.71,10.71,10.61,10.68,81003
2026-04-01,15:00:00,10.62,10.62,10.62,10.62,10756
2026-04-02,10:00:00,10.62,10.63,10.46,10.5,85984
2026-04-02,11:00:00,10.5,10.55,10.48,10.52,47124
2026-04-02,12:00:00,10.52,10.57,10.5,10.52,68819
2026-04-02,13:00:00,10.52,10.6,10.52,10.58,74446
2026-04-02,14:00:00,10.59,10.62,10.53,10.57,97074
2026-04-02,15:00:00,10.62,10.62,10.62,10.62,4354
2026-04-05,10:00:00,10.64,10.99,10.51,10.97,373954
2026-04-05,11:00:00,10.96,11.06,10.85,10.89,289872
2026-04-05,12:00:00,10.89,10.99,10.76,10.97,116732
2026-04-05,13:00:00,10.93,10.97,10.88,10.96,49500
2026-04-05,14:00:00,10.96,10.97,10.88,10.9,42182
2026-04-05,15:00:00,10.93,10.93,10.93,10.93,3402
2026-04-06,10:00:00,10.96,11.12,10.86,10.9,268578
2026-04-06,11:00:00,10.9,10.92,10.79,10.85,100633
2026-04-06,12:00:00,10.85,10.85,10.76,10.77,46282
2026-04-06,13:00:00,10.77,10.8,10.73,10.77,77605
2026-04-06,14:00:00,10.79,11.03,10.77,11.0,172257
2026-04-06,15:00:00,11.0,11.0,11.0,11.0,19235
2026-04-07,10:00:00,11.06,11.06,10.67,10.74,259480
2026-04-07,11:00:00,10.74,10.77,10.66,10.74,127814
2026-04-07,12:00:00,10.76,10.76,10.65,10.69,58090
2026-04-07,13:00:00,10.69,10.7,10.65,10.66,72720
2026-04-07,14:00:00,10.67,10.67,10.42,10.46,141560
2026-04-07,15:00:00,10.46,10.46,10.46,10.46,19817
2026-04-08,10:00:00,10.75,10.89,10.71,10.79,237169
2026-04-08,11:00:00,10.79,10.87,10.76,10.86,98142
2026-04-08,12:00:00,10.84,10.89,10.83,10.88,38166
2026-04-08,13:00:00,10.88,10.89,10.83,10.87,56843
2026-04-08,14:00:00,10.89,10.92,10.86,10.9,81990
2026-04-08,15:00:00,10.88,10.88,10.88,10.88,3620
2026-04-09,10:00:00,10.88,10.94,10.73,10.78,89901
2026-04-09,11:00:00,10.77,10.81,10.69,10.78,75678
2026-04-09,12:00:00,10.76,10.79,10.72,10.73,28297
2026-04-09,13:00:00,10.73,10.76,10.7,10.72,54799
2026-04-09,14:00:00,10.71,10.72,10.64,10.66,67173
2026-04-09,15:00:00,10.69,10.69,10.69,10.69,7970
2026-04-12,10:00:00,10.65,10.74,10.6,10.66,111314
2026-04-12,11:00:00,10.66,10.68,10.56,10.58,73817
2026-04-12,12:00:00,10.59,10.6,10.56,10.6,27714
2026-04-12,13:00:00,10.6,10.62,10.57,10.59,21018
2026-04-12,14:00:00,10.6,10.61,10.55,10.6,37048
2026-04-12,15:00:00,10.57,10.57,10.57,10.57,2690
2026-04-13,10:00:00,10.51,10.55,10.48,10.48,83825
2026-04-13,11:00:00,10.48,10.53,10.48,10.52,51590
2026-04-13,12:00:00,10.51,10.59,10.49,10.57,84579
2026-04-13,13:00:00,10.55,10.61,10.52,10.58,58506
2026-04-13,14:00:00,10.6,10.63,10.58,10.61,58075
2026-04-13,15:00:00,10.59,10.59,10.59,10.59,5812
2026-04-14,10:00:00,10.66,10.88,10.66,10.71,167851
2026-04-14,11:00:00,10.74,10.75,10.67,10.67,36011
2026-04-14,12:00:00,10.68,10.71,10.66,10.71,26346
2026-04-14,13:00:00,10.73,10.75,10.69,10.7,38811
2026-04-14,14:00:00,10.7,10.73,10.66,10.66,68027
2026-04-14,15:00:00,10.68,10.68,10.68,10.68,4179
2026-04-15,10:00:00,10.63,10.81,10.63,10.79,61581
2026-04-15,11:00:00,10.79,10.82,10.74,10.78,64969
2026-04-15,12:00:00,10.77,11.18,10.77,11.14,482233
2026-04-15,13:00:00,11.14,11.29,11.09,11.18,463091
2026-04-15,14:00:00,11.18,11.18,11.02,11.03,129858
2026-04-15,15:00:00,11.05,11.05,11.05,11.05,6529
2026-04-16,10:00:00,11.05,11.16,11.05,11.15,160147
2026-04-16,11:00:00,11.14,11.25,11.14,11.16,76560
2026-04-16,12:00:00,11.17,11.19,11.1,11.16,77612
2026-04-16,13:00:00,11.16,11.19,11.13,11.16,33895
2026-04-16,14:00:00,11.15,11.18,11.13,11.16,55731
2026-04-16,15:00:00,11.17,11.17,11.17,11.17,11710
2026-04-19,10:00:00,11.15,11.21,11.08,11.13,122161
2026-04-19,11:00:00,11.16,11.24,11.14,11.17,120746
2026-04-19,12:00:00,11.18,11.18,11.1,11.11,110128
2026-04-19,13:00:00,11.14,11.14,11.1,11.11,48883
2026-04-19,14:00:00,11.11,11.15,11.1,11.15,70871
2026-04-19,15:00:00,11.18,11.18,11.18,11.18,4372
2026-04-20,10:00:00,11.12,11.18,10.96,11.01,217360
2026-04-20,11:00:00,11.0,11.03,10.98,10.99,41866
2026-04-20,12:00:00,10.99,11.0,10.95,11.0,21693
2026-04-20,13:00:00,11.0,11.0,10.96,10.99,31374
2026-04-20,14:00:00,10.98,11.0,10.92,10.98,79666
2026-04-20,15:00:00,10.98,10.98,10.98,10.98,5324
2026-04-21,10:00:00,10.8,10.97,10.76,10.82,156492
2026-04-21,11:00:00,10.82,10.82,10.75,10.8,82226
2026-04-21,12:00:00,10.79,10.8,10.75,10.76,28428
2026-04-21,13:00:00,10.75,10.87,10.75,10.82,61510
2026-04-21,14:00:00,10.81,10.87,10.78,10.81,64197
2026-04-21,15:00:00,10.78,10.78,10.78,10.78,7689
2026-04-22,10:00:00,10.8,10.9,10.8,10.83,31053
2026-04-22,11:00:00,10.82,10.85,10.76,10.77,42197
2026-04-22,12:00:00,10.78,10.79,10.74,10.75,47945
2026-04-22,13:00:00,10.74,10.75,10.66,10.68,147333
2026-04-22,14:00:00,10.7,10.7,10.66,10.68,37387
2026-04-22,15:00:00,10.68,10.68,10.68,10.68,1690
2026-04-23,10:00:00,10.75,10.75,10.67,10.72,40349
2026-04-23,11:00:00,10.7,10.8,10.69,10.78,36106
2026-04-23,12:00:00,10.78,10.79,10.73,10.76,14326
2026-04-23,13:00:00,10.76,10.77,10.69,10.71,23303
2026-04-23,14:00:00,10.7,10.71,10.66,10.66,40299
2026-04-23,15:00:00,10.68,10.68,10.68,10.68,1417
2026-04-26,10:00:00,10.68,10.71,10.66,10.67,60151
2026-04-26,11:00:00,10.67,10.68,10.64,10.65,36990
2026-04-26,12:00:00,10.66,10.69,10.64,10.67,7551
2026-04-26,13:00:00,10.69,10.7,10.66,10.67,17229
2026-04-26,14:00:00,10.67,10.69,10.64,10.64,26702
2026-04-26,15:00:00,10.64,10.64,10.64,10.64,2745
2026-04-27,10:00:00,10.67,10.72,10.61,10.64,180849
2026-04-27,11:00:00,10.62,10.62,10.54,10.62,160343
2026-04-27,12:00:00,10.63,10.63,10.58,10.62,21277
2026-04-27,13:00:00,10.63,10.72,10.63,10.69,55468
2026-04-27,14:00:00,10.72,10.78,10.66,10.68,98263
2026-04-27,15:00:00,10.69,10.69,10.69,10.69,1010
2026-04-28,10:00:00,10.7,10.8,10.57,10.58,69357
2026-04-28,11:00:00,10.58,10.6,10.57,10.58,25625
2026-04-28,12:00:00,10.57,10.66,10.54,10.63,81457
2026-04-28,13:00:00,10.63,10.66,10.58,10.6,75214
2026-04-28,14:00:00,10.63,10.67,10.59,10.59,50809
2026-04-28,15:00:00,10.59,10.59,10.59,10.59,7013
2026-04-29,10:00:00,10.6,10.68,10.57,10.59,160037
2026-04-29,11:00:00,10.6,10.65,10.59,10.59,80125
2026-04-29,12:00:00,10.59,10.61,10.55,10.61,158703
2026-04-29,13:00:00,10.62,10.72,10.6,10.71,120589
2026-04-29,14:00:00,10.71,10.72,10.64,10.67,89687
2026-04-29,15:00:00,10.74,10.74,10.74,10.74,13927
2026-04-30,10:00:00,10.82,10.93,10.75,10.78,268996
2026-04-30,11:00:00,10.79,10.83,10.77,10.77,88798
2026-04-30,12:00:00,10.78,10.79,10.65,10.65,285874
2026-04-30,13:00:00,10.68,10.72,10.65,10.69,222944
2026-04-30,14:00:00,10.71,10.74,10.67,10.73,98810
2026-04-30,15:00:00,10.8,10.8,10.8,10.8,10972
2026-05-03,10:00:00,10.8,10.9,10.75,10.86,126753
2026-05-03,11:00:00,10.85,10.9,10.82,10.87,51420
2026-05-03,12:00:00,10.87,10.88,10.78,10.78,75880
2026-05-03,13:00:00,10.78,10.86,10.78,10.86,36183
2026-05-03,14:00:00,10.84,11.03,10.82,10.96,234321
2026-05-03,15:00:00,10.99,10.99,10.99,10.99,2154
2026-05-04,10:00:00,10.98,10.98,10.85,10.87,90078
2026-05-04,11:00:00,10.87,10.88,10.79,10.79,156063
2026-05-04,12:00:00,10.79,10.79,10.73,10.75,107379
2026-05-04,13:00:00,10.74,10.75,10.71,10.73,87637
2026-05-04,14:00:00,10.74,10.78,10.7,10.75,157949
2026-05-04,15:00:00,10.74,10.74,10.74,10.74,7065
2026-05-05,10:00:00,10.76,10.76,10.61,10.67,143363
2026-05-05,11:00:00,10.69,10.72,10.67,10.68,17232
2026-05-05,12:00:00,10.69,10.71,10.65,10.71,36406
2026-05-05,13:00:00,10.71,10.74,10.66,10.72,76093
2026-05-05,14:00:00,10.72,10.75,10.7,10.73,74974
2026-05-05,15:00:00,10.71,10.71,10.71,10.71,875
2026-05-06,10:00:00,10.67,10.84,10.67,10.76,62959
2026-05-06,11:00:00,10.77,10.84,10.74,10.82,42980
2026-05-06,12:00:00,10.83,10.9,10.83,10.84,75251
2026-05-06,13:00:00,10.84,10.87,10.81,10.85,68246
2026-05-06,14:00:00,10.85,10.85,10.76,10.8,32327
2026-05-06,15:00:00,10.77,10.77,10.77,10.77,2495
2026-05-07,10:00:00,10.93,10.93,10.79,10.9,82980
2026-05-07,11:00:00,10.89,10.95,10.86,10.94,71635
2026-05-07,12:00:00,10.94,11.01,10.94,10.97,113196
2026-05-07,13:00:00,10.97,11.0,10.92,10.93,24892
2026-05-07,14:00:00,10.93,10.98,10.87,10.91,62728
2026-05-07,15:00:00,10.92,10.92,10.92,10.92,1352
2026-05-10,10:00:00,10.92,11.0,10.84,10.89,71492
2026-05-10,11:00:00,10.9,10.92,10.89,10.92,10456
2026-05-10,12:00:00,10.92,10.97,10.87,10.87,32009
2026-05-10,13:00:00,10.89,10.93,10.87,10.92,37301
2026-05-10,14:00:00,10.93,11.1,10.91,11.06,179648
2026-05-10,15:00:00,11.06,11.06,11.06,11.06,4388
2026-05-11,10:00:00,11.06,11.06,10.91,10.96,57734
2026-05-11,11:00:00,10.96,10.98,10.92,10.97,31215
2026-05-11,12:00:00,10.97,11.21,10.97,11.2,271026
2026-05-11,13:00:00,11.21,11.25,11.13,11.18,301457
2026-05-11,14:00:00,11.19,11.22,11.13,11.19,79642
2026-05-11,15:00:00,11.2,11.2,11.2,11.2,843
2026-05-12,10:00:00,11.2,11.2,10.97,10.97,228221
2026-05-12,11:00:00,11.0,11.0,10.95,10.96,63756
2026-05-12,12:00:00,10.98,11.05,10.94,10.99,49272
2026-05-12,13:00:00,10.97,11.02,10.96,11.0,27212
2026-05-12,14:00:00,11.0,11.01,10.95,10.97,40058
2026-05-12,15:00:00,10.94,10.94,10.94,10.94,10645
2026-05-13,10:00:00,10.94,10.94,10.84,10.85,63701
2026-05-13,11:00:00,10.88,10.9,10.77,10.9,64158
2026-05-13,12:00:00,10.9,10.92,10.86,10.91,11122
2026-05-13,13:00:00,10.9,10.9,10.85,10.85,21314
2026-05-13,14:00:00,10.85,10.86,10.82,10.85,12039
2026-05-13,15:00:00,10.86,10.86,10.86,10.86,1468
2026-05-14,10:00:00,10.88,10.9,10.81,10.87,42427
2026-05-14,11:00:00,10.88,10.88,10.84,10.86,26616
2026-05-14,12:00:00,10.84,10.92,10.84,10.88,14843
2026-05-14,13:00:00,10.88,10.9,10.86,10.86,8478
2026-05-14,14:00:00,10.88,10.88,10.83,10.87,14922
2026-05-14,15:00:00,10.85,10.85,10.85,10.85,2301
2026-05-17,10:00:00,10.9,10.91,10.83,10.84,26803
2026-05-17,11:00:00,10.85,10.87,10.82,10.84,16881
2026-05-17,12:00:00,10.84,10.85,10.75,10.78,34338
2026-05-17,13:00:00,10.78,10.8,10.75,10.77,44601
2026-05-17,14:00:00,10.77,10.8,10.71,10.72,44006
2026-05-17,15:00:00,10.72,10.72,10.72,10.72,613
2026-05-18,10:00:00,10.89,10.89,10.68,10.7,70272
2026-05-18,11:00:00,10.7,10.71,10.6,10.6,331759
2026-05-18,12:00:00,10.63,10.68,10.62,10.65,16348
2026-05-18,13:00:00,10.64,10.7,10.64,10.67,21547
2026-05-18,14:00:00,10.67,10.7,10.63,10.66,36730
2026-05-18,15:00:00,10.63,10.63,10.63,10.63,3686
2026-05-19,10:00:00,10.63,10.77,10.63,10.72,32363
2026-05-19,11:00:00,10.72,10.74,10.68,10.71,5236
2026-05-19,12:00:00,10.71,10.72,10.69,10.7,7079
2026-05-19,13:00:00,10.68,10.69,10.65,10.66,33848
2026-05-19,14:00:00,10.68,10.69,10.66,10.67,10895
2026-05-19,15:00:00,10.66,10.66,10.66,10.66,4330
2026-05-20,10:00:00,10.66,10.69,10.6,10.67,64552
2026-05-20,11:00:00,10.64,10.68,10.63,10.67,51219
2026-05-20,12:00:00,10.66,10.71,10.65,10.71,7471
2026-05-20,13:00:00,10.71,10.74,10.69,10.73,22283
2026-05-20,14:00:00,10.73,10.75,10.7,10.75,19906
2026-05-20,15:00:00,10.76,10.76,10.76,10.76,3667
2026-05-21,10:00:00,10.75,10.8,10.75,10.79,21913
2026-05-21,11:00:00,10.76,10.79,10.76,10.76,9058
2026-05-21,12:00:00,10.76,10.84,10.76,10.82,23800
2026-05-21,13:00:00,10.81,10.88,10.8,10.86,35247
2026-05-21,14:00:00,10.88,10.9,10.85,10.85,50558
2026-05-21,15:00:00,10.88,10.88,10.88,10.88,1069
2026-05-31,10:00:00,10.88,11.06,10.82,11.04,84614
2026-05-31,11:00:00,11.04,11.09,11.01,11.01,28216
2026-05-31,12:00:00,11.01,11.03,10.98,10.99,18609
2026-05-31,13:00:00,10.99,11.05,10.98,11.04,19077
2026-05-31,14:00:00,11.01,11.03,10.98,10.99,25538
2026-05-31,15:00:00,11.01,11.01,11.01,11.01,11687
2026-06-01,10:00:00,11.0,11.16,10.98,11.14,60466
2026-06-01,11:00:00,11.11,11.16,11.06,11.1,61598
2026-06-01,12:00:00,11.1,11.1,10.99,10.99,52238
2026-06-01,13:00:00,11.0,11.07,11.0,11.07,38146
2026-06-01,14:00:00,11.05,11.09,11.01,11.02,88290
2026-06-01,15:00:00,11.01,11.01,11.01,11.01,17065
2026-06-02,10:00:00,11.01,11.09,11.01,11.03,26391
2026-06-02,11:00:00,11.07,11.08,11.03,11.07,25137
2026-06-02,12:00:00,11.05,11.09,11.01,11.06,38205
2026-06-02,13:00:00,11.06,11.06,11.0,11.0,32863
2026-06-02,14:00:00,11.01,11.03,10.99,10.99,15999
2026-06-02,15:00:00,10.99,10.99,10.99,10.99,9941
2026-06-03,10:00:00,10.99,11.03,10.98,11.03,30252
2026-06-03,11:00:00,11.02,11.11,11.0,11.05,28324
2026-06-03,12:00:00,11.05,11.05,11.02,11.03,11372
2026-06-03,13:00:00,11.03,11.06,11.02,11.06,15222
2026-06-03,14:00:00,11.07,11.07,11.01,11.04,13230
2026-06-03,15:00:00,11.04,11.04,11.04,11.04,970
2026-06-04,10:00:00,11.01,11.03,10.94,10.99,53842
2026-06-04,11:00:00,11.0,11.0,10.96,10.98,8845
2026-06-04,12:00:00,10.96,11.01,10.95,10.98,29223
2026-06-04,13:00:00,11.01,11.01,10.94,10.94,36802
2026-06-04,14:00:00,10.95,10.98,10.93,10.97,42981
2026-06-04,15:00:00,10.95,10.95,10.95,10.95,2307
2026-06-07,10:00:00,10.9,10.93,10.86,10.9,72564
2026-06-07,11:00:00,10.88,10.9,10.87,10.89,31658
2026-06-07,12:00:00,10.88,10.88,10.86,10.87,18074
2026-06-07,13:00:00,10.9,10.93,10.88,10.9,24759
2026-06-07,14:00:00,10.88,10.92,10.86,10.89,31707
2026-06-07,15:00:00,10.9,10.9,10.9,10.9,101
2026-06-08,10:00:00,10.9,10.9,10.8,10.85,98493
2026-06-08,11:00:00,10.84,10.85,10.81,10.81,31668
2026-06-08,12:00:00,10.81,10.81,10.71,10.8,38486
2026-06-08,13:00:00,10.78,10.83,10.75,10.76,27865
2026-06-08,14:00:00,10.79,10.9,10.79,10.9,61831
2026-06-08,15:00:00,10.9,10.9,10.9,10.9,1524
2026-06-09,10:00:00,10.9,11.0,10.88,10.99,81375
2026-06-09,11:00:00,11.0,11.0,10.94,10.99,34097
2026-06-09,12:00:00,10.98,11.06,10.95,10.97,100720
2026-06-09,13:00:00,10.96,10.96,10.88,10.88,137629
2026-06-09,14:00:00,10.88,10.98,10.87,10.94,201626
2026-06-09,15:00:00,10.92,10.92,10.92,10.92,3249
2026-06-10,10:00:00,10.93,11.0,10.93,10.99,35671
2026-06-10,11:00:00,10.99,11.06,10.99,11.01,87841
2026-06-10,12:00:00,11.01,11.05,11.0,11.0,27553
2026-06-10,13:00:00,11.0,11.0,10.96,10.96,14292
2026-06-10,14:00:00,10.96,10.97,10.93,10.93,39903
2026-06-10,15:00:00,10.93,10.93,10.93,10.93,1792
2026-06-11,10:00:00,10.88,10.96,10.88,10.93,23671
2026-06-11,11:00:00,10.92,10.94,10.87,10.93,100287
2026-06-11,12:00:00,10.91,10.92,10.88,10.91,18120
2026-06-11,13:00:00,10.91,10.95,10.9,10.91,28045
2026-06-11,14:00:00,10.92,10.93,10.88,10.91,23525
2026-06-11,15:00:00,10.92,10.92,10.92,10.92,6704
2026-06-14,10:00:00,11.01,11.06,11.01,11.02,41589
2026-06-14,11:00:00,11.02,11.03,10.98,11.01,43286
2026-06-14,12:00:00,11.01,11.02,10.99,11.0,16747
2026-06-14,13:00:00,11.0,11.03,10.99,11.0,28289
2026-06-14,14:00:00,11.01,11.04,11.0,11.0,35955
2026-06-14,15:00:00,11.0,11.0,11.0,11.0,4000
2026-06-15,10:00:00,11.0,11.14,11.0,11.11,103485
2026-06-15,11:00:00,11.12,11.16,11.07,11.12,69678
2026-06-15,12:00:00,11.13,11.15,11.05,11.11,61419
2026-06-15,13:00:00,11.09,11.1,11.05,11.1,25912
2026-06-15,14:00:00,11.1,11.11,11.07,11.11,46182
2026-06-15,15:00:00,11.1,11.1,11.1,11.1,1573
2026-06-16,10:00:00,11.06,11.16,11.06,11.12,37025
2026-06-16,11:00:00,11.12,11.12,11.08,11.1,22216
2026-06-16,12:00:00,11.09,11.1,11.05,11.05,42759
2026-06-16,13:00:00,11.07,11.07,10.99,11.0,17856
2026-06-16,14:00:00,11.02,11.02,10.98,11.02,30325
2026-06-16,15:00:00,11.05,11.05,11.05,11.05,542
2026-06-17,10:00:00,10.97,11.03,10.93,11.0,43221
2026-06-17,11:00:00,11.0,11.0,10.94,10.96,34026
2026-06-17,12:00:00,10.97,10.98,10.95,10.97,4917
2026-06-17,13:00:00,10.96,11.02,10.96,10.96,23164
2026-06-17,14:00:00,10.96,10.98,10.92,10.98,16318
2026-06-17,15:00:00,11.0,11.0,11.0,11.0,639
2026-06-18,10:00:00,10.94,10.96,10.91,10.92,13883
2026-06-18,11:00:00,10.92,10.92,10.87,10.87,31258
2026-06-18,12:00:00,10.87,10.92,10.86,10.87,120759
2026-06-18,13:00:00,10.87,10.91,10.86,10.88,42612
2026-06-18,14:00:00,10.87,10.89,10.86,10.88,47500
2026-06-18,15:00:00,10.88,10.88,10.88,10.88,1755
2026-06-21,10:00:00,10.88,10.88,10.82,10.85,34585
2026-06-21,11:00:00,10.87,10.89,10.85,10.85,3567
2026-06-21,12:00:00,10.86,10.87,10.84,10.84,9950
2026-06-21,13:00:00,10.84,10.87,10.81,10.84,126724
2026-06-21,14:00:00,10.84,10.88,10.8,10.85,52055
2026-06-21,15:00:00,10.85,10.85,10.85,10.85,2837
2026-06-22,10:00:00,10.85,10.9,10.82,10.9,42104
2026-06-22,11:00:00,10.9,10.9,10.86,10.87,14119
2026-06-22,12:00:00,10.87,10.9,10.84,10.9,40911
2026-06-22,13:00:00,10.88,10.9,10.87,10.89,18629
2026-06-22,14:00:00,10.88,10.92,10.85,10.89,7681
2026-06-22,15:00:00,10.9,10.9,10.9,10.9,746
2026-06-23,10:00:00,10.84,10.94,10.82,10.93,134596
2026-06-23,11:00:00,10.93,10.94,10.84,10.86,38178
2026-06-23,12:00:00,10.86,10.87,10.81,10.83,13466
2026-06-23,13:00:00,10.83,10.85,10.81,10.82,16156
2026-06-23,14:00:00,10.81,10.84,10.78,10.82,149471
2026-06-23,15:00:00,10.8,10.8,10.8,10.8,3514
2026-06-24,10:00:00,10.78,10.89,10.78,10.89,145180
2026-06-24,11:00:00,10.87,10.88,10.86,10.86,8924
2026-06-24,12:00:00,10.86,11.03,10.86,10.92,88060
2026-06-24,13:00:00,10.9,10.97,10.9,10.97,23860
2026-06-24,14:00:00,10.96,10.99,10.94,10.94,21015
2026-06-24,15:00:00,10.96,10.96,10.96,10.96,3160
2026-06-25,10:00:00,10.97,10.97,10.88,10.9,54898
2026-06-25,11:00:00,10.9,10.9,10.87,10.9,20498
2026-06-25,12:00:00,10.88,10.9,10.85,10.9,33685
2026-06-25,13:00:00,10.88,10.89,10.84,10.84,18946
2026-06-25,14:00:00,10.84,10.85,10.8,10.83,38240
2026-06-25,15:00:00,10.82,10.82,10.82,10.82,4953
2026-06-28,10:00:00,10.8,10.87,10.8,10.81,26659
2026-06-28,11:00:00,10.84,10.86,10.82,10.83,6808
2026-06-28,12:00:00,10.83,10.83,10.8,10.82,56072
2026-06-28,13:00:00,10.83,10.85,10.8,10.82,16362
2026-06-28,14:00:00,10.82,10.85,10.8,10.8,26830
2026-06-28,15:00:00,10.83,10.83,10.83,10.83,260
2026-06-29,10:00:00,10.8,10.92,10.8,10.92,43591
2026-06-29,11:00:00,10.91,10.91,10.82,10.82,12874
2026-06-29,12:00:00,10.83,10.9,10.83,10.88,11686
2026-06-29,13:00:00,10.88,10.89,10.85,10.89,13091
2026-06-29,14:00:00,10.86,10.91,10.86,10.91,24294
2026-06-29,15:00:00,10.89,10.89,10.89,10.89,1276
2026-06-30,10:00:00,10.89,11.13,10.89,11.13,243336
2026-06-30,11:00:00,11.13,11.29,11.12,11.19,216435
2026-06-30,12:00:00,11.19,11.29,11.1,11.2,254872
2026-06-30,13:00:00,11.18,11.22,11.15,11.22,49217
2026-06-30,14:00:00,11.2,11.28,11.14,11.2,144731
2026-06-30,15:00:00,11.16,11.16,11.16,11.16,15971
2026-07-01,10:00:00,11.16,11.33,11.12,11.33,136836
2026-07-01,11:00:00,11.31,11.34,11.2,11.27,162222
2026-07-01,12:00:00,11.27,11.29,11.16,11.16,126932
2026-07-01,13:00:00,11.19,11.24,11.12,11.17,103367
2026-07-01,14:00:00,11.17,11.18,11.11,11.14,33267
2026-07-01,15:00:00,11.14,11.14,11.14,11.14,3526
2026-07-02,10:00:00,11.15,11.19,11.03,11.1,77679
2026-07-02,11:00:00,11.09,11.1,11.04,11.1,30745
2026-07-02,12:00:00,11.1,11.18,11.1,11.14,105319
2026-07-02,13:00:00,11.13,11.17,11.12,11.13,18040
2026-07-02,14:00:00,11.12,11.17,11.1,11.11,43484
2026-07-02,15:00:00,11.14,11.14,11.14,11.14,1314
2026-07-05,10:00:00,11.16,11.22,11.1,11.12,55700
2026-07-05,11:00:00,11.12,11.4,11.12,11.36,138371
2026-07-05,12:00:00,11.35,11.35,11.29,11.29,71321
2026-07-05,13:00:00,11.3,11.31,11.24,11.24,37972
2026-07-05,14:00:00,11.26,11.3,11.24,11.29,26546
2026-07-05,15:00:00,11.27,11.27,11.27,11.27,1323
2026-07-06,10:00:00,11.32,11.32,11.17,11.19,73250
2026-07-06,11:00:00,11.19,11.19,11.11,11.11,30380
2026-07-06,12:00:00,11.13,11.14,11.1,11.1,18593
2026-07-06,13:00:00,11.1,11.12,11.1,11.1,11305
2026-07-06,14:00:00,11.1,11.11,11.06,11.08,33695
2026-07-06,15:00:00,11.05,11.05,11.05,11.05,11874
2026-07-07,10:00:00,11.08,11.08,10.96,10.99,84909
2026-07-07,11:00:00,11.0,11.05,11.0,11.04,44263
2026-07-07,12:00:00,11.06,11.11,11.04,11.08,21638
2026-07-07,13:00:00,11.08,11.12,11.07,11.11,11968
2026-07-07,14:00:00,11.11,11.12,11.07,11.09,3796
2026-07-07,15:00:00,11.09,11.09,11.09,11.09,100
2026-07-08,10:00:00,11.1,11.1,11.0,11.01,51450
2026-07-08,11:00:00,11.01,11.02,10.83,10.88,118389
2026-07-08,12:00:00,10.87,10.9,10.83,10.86,27026
2026-07-08,13:00:00,10.85,10.86,10.83,10.84,11506
2026-07-08,14:00:00,10.85,10.86,10.8,10.83,78110
2026-07-08,15:00:00,10.84,10.84,10.84,10.84,6343
2026-07-09,10:00:00,10.84,10.86,10.8,10.82,27133
2026-07-09,11:00:00,10.85,10.87,10.8,10.81,17387
2026-07-09,12:00:00,10.81,10.82,10.8,10.81,25753
2026-07-09,13:00:00,10.8,10.82,10.76,10.76,61562
2026-07-09,14:00:00,10.76,10.77,10.75,10.76,87546
2026-07-09,15:00:00,10.76,10.76,10.76,10.76,1262
2026-07-12,10:00:00,10.76,10.81,10.75,10.81,35731
2026-07-12,11:00:00,10.84,10.87,10.81,10.82,22298
2026-07-12,12:00:00,10.83,10.83,10.8,10.8,7561
2026-07-12,13:00:00,10.81,10.81,10.78,10.79,7844
2026-07-12,14:00:00,10.78,10.78,10.68,10.69,136862
2026-07-12,15:00:00,10.68,10.68,10.68,10.68,800
2026-07-13,10:00:00,10.76,10.78,10.7,10.78,42114
2026-07-13,11:00:00,10.79,10.8,10.74,10.78,12997
2026-07-13,12:00:00,10.78,10.8,10.71,10.73,16717
2026-07-13,13:00:00,10.71,10.8,10.7,10.8,82004
2026-07-13,14:00:00,10.8,10.8,10.76,10.76,19366
2026-07-13,15:00:00,10.76,10.76,10.76,10.76,2543
2026-07-14,10:00:00,10.71,10.84,10.71,10.75,46056
2026-07-14,11:00:00,10.76,10.87,10.76,10.8,43898
2026-07-14,12:00:00,10.79,10.9,10.79,10.8,46599
2026-07-14,13:00:00,10.83,10.83,10.73,10.77,16712
2026-07-14,14:00:00,10.76,10.78,10.71,10.74,75091
2026-07-14,15:00:00,10.71,10.71,10.71,10.71,368
2026-07-15,10:00:00,10.73,10.8,10.72,10.79,16517
2026-07-15,11:00:00,10.78,10.81,10.78,10.78,3809
2026-07-15,12:00:00,10.8,10.8,10.74,10.74,13834
2026-07-15,13:00:00,10.74,10.74,10.71,10.72,33198
2026-07-15,14:00:00,10.71,10.74,10.71,10.73,23765
2026-07-15,15:00:00,10.75,10.75,10.75,10.75,6455
2026-07-16,10:00:00,10.75,10.8,10.75,10.8,11015
2026-07-16,11:00:00,10.79,10.8,10.75,10.77,16243
2026-07-16,12:00:00,10.79,10.8,10.77,10.77,13138
2026-07-16,13:00:00,10.77,10.8,10.77,10.77,6391
2026-07-16,14:00:00,10.78,10.8,10.77,10.79,3292
2026-07-16,15:00:00,10.79,10.79,10.79,10.79,681
2026-07-19,10:00:00,10.75,10.75,10.71,10.74,29695
2026-07-19,11:00:00,10.73,10.74,10.7,10.74,9925
2026-07-19,12:00:00,10.72,10.73,10.65,10.68,61112
2026-07-19,13:00:00,10.7,10.7,10.65,10.68,10583
2026-07-19,14:00:00,10.67,10.69,10.66,10.66,9450
2026-07-19,15:00:00,10.69,10.69,10.69,10.69,125
2026-07-20,10:00:00,10.69,10.69,10.63,10.66,29651
2026-07-20,11:00:00,10.64,10.66,10.62,10.64,25775
2026-07-20,12:00:00,10.64,10.66,10.57,10.59,48759
2026-07-20,13:00:00,10.58,10.59,10.54,10.55,45222
2026-07-20,14:00:00,10.55,10.61,10.45,10.52,73230
2026-07-20,15:00:00,10.5,10.5,10.5,10.5,1565
2026-07-21,10:00:00,10.5,10.5,10.33,10.36,46725
2026-07-21,11:00:00,10.37,10.42,10.35,10.39,10167
2026-07-21,12:00:00,10.36,10.37,10.29,10.34,37470
2026-07-21,13:00:00,10.34,10.37,10.3,10.37,27949
2026-07-21,14:00:00,10.36,10.37,10.27,10.29,46655
2026-07-21,15:00:00,10.3,10.3,10.3,10.3,3356
2026-07-22,10:00:00,10.21,10.34,10.21,10.33,30181
2026-07-22,11:00:00,10.33,10.37,10.3,10.36,10745
2026-07-22,12:00:00,10.35,10.35,10.23,10.27,69786
2026-07-22,13:00:00,10.28,10.3,10.21,10.29,52172
2026-07-22,14:00:00,10.29,10.32,10.26,10.26,15865
2026-07-22,15:00:00,10.23,10.23,10.23,10.23,4566
2026-07-23,10:00:00,10.23,10.38,10.23,10.32,40436
2026-07-23,11:00:00,10.33,10.34,10.29,10.32,14685
2026-07-23,12:00:00,10.31,10.33,10.3,10.3,2140
2026-07-23,13:00:00,10.3,10.34,10.3,10.32,2774
2026-07-23,14:00:00,10.33,10.41,10.33,10.41,17356
2026-07-23,15:00:00,10.42,10.42,10.42,10.42,4153
2026-07-26,10:00:00,10.38,10.43,10.33,10.35,45213
2026-07-26,11:00:00,10.35,10.35,10.33,10.33,12423
2026-07-26,12:00:00,10.33,10.42,10.33,10.42,27265
2026-07-26,13:00:00,10.42,10.45,10.38,10.39,27139
2026-07-26,14:00:00,10.4,10.4,10.35,10.35,14427
2026-07-26,15:00:00,10.34,10.34,10.34,10.34,310
2026-07-27,10:00:00,10.32,10.45,10.32,10.36,19336
2026-07-27,11:00:00,10.38,10.4,10.35,10.38,16943
2026-07-27,12:00:00,10.38,10.38,10.34,10.37,4418
2026-07-27,13:00:00,10.37,10.37,10.32,10.36,8723
2026-07-27,14:00:00,10.36,10.38,10.32,10.35,24879
2026-07-27,15:00:00,10.31,10.31,10.31,10.31,972
2026-07-28,10:00:00,9.6,9.99,9.28,9.28,1013612
2026-07-28,11:00:00,9.29,9.31,9.28,9.28,79904
2026-07-28,12:00:00,9.28,9.28,9.28,9.28,29432
2026-07-28,13:00:00,9.28,9.3,9.28,9.3,449833
2026-07-28,14:00:00,9.29,9.3,9.28,9.28,264374
2026-07-28,15:00:00,9.28,9.28,9.28,9.28,48523
2026-07-29,10:00:00,9.22,9.44,9.17,9.34,356741
2026-07-29,11:00:00,9.33,9.34,9.26,9.3,77549
2026-07-29,12:00:00,9.3,9.33,9.28,9.3,154455
2026-07-29,13:00:00,9.31,9.31,9.27,9.28,33488
2026-07-29,14:00:00,9.29,9.3,9.23,9.23,120670
2026-07-29,15:00:00,9.23,9.23,9.23,9.23,5938
2026-07-30,10:00:00,9.32,9.32,9.16,9.18,55429
2026-07-30,11:00:00,9.18,9.21,9.01,9.04,145697
2026-07-30,12:00:00,9.04,9.28,9.04,9.21,71888
2026-07-30,13:00:00,9.21,9.29,9.21,9.24,66035
2026-07-30,14:00:00,9.23,9.29,9.17,9.21,92048
2026-07-30,15:00:00,9.21,9.21,9.21,9.21,2889
2026-08-02,10:00:00,9.11,9.31,9.1,9.29,115040
2026-08-02,11:00:00,9.29,9.34,9.26,9.28,87997
2026-08-02,12:00:00,9.26,9.32,9.26,9.3,16233
2026-08-02,13:00:00,9.29,9.29,9.26,9.28,7539
2026-08-02,14:00:00,9.28,9.42,9.28,9.33,84049
2026-08-02,15:00:00,9.32,9.32,9.32,9.32,7917
2026-08-03,10:00:00,9.31,9.44,9.29,9.32,99431
2026-08-03,11:00:00,9.33,9.37,9.32,9.34,28797
2026-08-03,12:00:00,9.34,9.37,9.33,9.34,24802
2026-08-03,13:00:00,9.33,9.37,9.31,9.35,34544
2026-08-03,14:00:00,9.36,9.37,9.3,9.32,80329
2026-08-03,15:00:00,9.31,9.31,9.31,9.31,5825
2026-08-04,10:00:00,9.31,9.35,9.28,9.3,56131
2026-08-04,11:00:00,9.31,9.31,9.25,9.27,51898
2026-08-04,12:00:00,9.29,9.29,9.25,9.29,26897
2026-08-04,13:00:00,9.3,9.45,9.3,9.43,156874
2026-08-04,14:00:00,9.41,9.44,9.38,9.39,41805
2026-08-04,15:00:00,9.41,9.41,9.41,9.41,1745
2026-08-05,10:00:00,9.4,9.46,9.37,9.44,60788
2026-08-05,11:00:00,9.44,9.44,9.38,9.38,15420
2026-08-05,12:00:00,9.38,9.39,9.3,9.32,55478
2026-08-05,13:00:00,9.32,9.37,9.3,9.36,15776
2026-08-05,14:00:00,9.35,9.35,9.26,9.26,57920
2026-08-05,15:00:00,9.27,9.27,9.27,9.27,102
2026-08-06,10:00:00,9.25,9.29,9.25,9.27,24760
2026-08-06,11:00:00,9.27,9.33,9.25,9.26,57877
2026-08-06,12:00:00,9.27,9.3,9.25,9.26,33344
2026-08-06,13:00:00,9.26,9.28,9.25,9.25,45384
2026-08-06,14:00:00,9.25,9.26,9.21,9.24,52309
2026-08-06,15:00:00,9.24,9.24,9.24,9.24,5292
2026-08-09,10:00:00,9.24,9.28,9.24,9.24,23231
2026-08-09,11:00:00,9.23,9.28,9.22,9.25,14288
2026-08-09,12:00:00,9.26,9.26,9.21,9.22,57137
2026-08-09,13:00:00,9.21,9.21,9.14,9.2,53552
2026-08-09,14:00:00,9.19,9.2,9.18,9.19,7906
2026-08-09,15:00:00,9.19,9.19,9.19,9.19,201
2026-08-10,10:00:00,9.18,9.2,9.11,9.16,51606
2026-08-10,11:00:00,9.16,9.17,9.1,9.14,97694
2026-08-10,12:00:00,9.16,9.19,9.14,9.17,8332
2026-08-10,13:00:00,9.15,9.18,9.14,9.15,7168
2026-08-10,14:00:00,9.15,9.15,9.1,9.11,32137
2026-08-10,15:00:00,9.17,9.17,9.17,9.17,772
2026-08-11,10:00:00,9.11,9.12,9.02,9.03,172988
2026-08-11,11:00:00,9.03,9.15,9.02,9.15,42729
2026-08-11,12:00:00,9.12,9.26,9.12,9.26,50785
2026-08-11,13:00:00,9.26,9.27,9.16,9.16,35872
2026-08-11,14:00:00,9.15,9.22,9.13,9.2,19787
2026-08-11,15:00:00,9.21,9.21,9.21,9.21,2916
2026-08-12,10:00:00,9.15,9.19,9.1,9.13,39198
2026-08-12,11:00:00,9.13,9.17,9.11,9.12,20091
2026-08-12,12:00:00,9.13,9.14,9.1,9.1,20881
2026-08-12,13:00:00,9.11,9.15,9.11,9.15,15364
2026-08-12,14:00:00,9.14,9.15,9.09,9.11,50909
2026-08-12,15:00:00,9.17,9.17,9.17,9.17,1567
2026-08-13,10:00:00,9.17,9.19,9.07,9.11,57547
2026-08-13,11:00:00,9.11,9.13,9.1,9.12,10040
2026-08-13,12:00:00,9.13,9.17,9.12,9.14,16836
2026-08-13,13:00:00,9.16,9.19,9.12,9.13,29479
2026-08-13,14:00:00,9.14,9.19,9.1,9.11,94378
2026-08-13,15:00:00,9.1,9.1,9.1,9.1,4089
2026-08-16,10:00:00,9.27,9.28,9.15,9.15,155258
2026-08-16,11:00:00,9.18,9.18,9.12,9.15,30406
2026-08-16,12:00:00,9.16,9.19,9.13,9.16,39606
2026-08-16,13:00:00,9.14,9.15,9.09,9.11,45082
2026-08-16,14:00:00,9.11,9.14,9.08,9.14,21668
2026-08-16,15:00:00,9.1,9.1,9.1,9.1,610
2026-08-17,10:00:00,9.12,9.14,9.06,9.12,34311
2026-08-17,11:00:00,9.12,9.15,9.08,9.14,58017
2026-08-17,12:00:00,9.15,9.17,9.09,9.1,49371
2026-08-17,13:00:00,9.09,9.21,9.09,9.2,50387
2026-08-17,14:00:00,9.19,9.24,9.12,9.18,52123
2026-08-17,15:00:00,9.16,9.16,9.16,9.16,55
2026-08-18,10:00:00,9.26,9.37,9.13,9.2,293444
2026-08-18,11:00:00,9.2,9.26,9.16,9.16,31023
2026-08-18,12:00:00,9.15,9.16,9.1,9.14,74058
2026-08-18,13:00:00,9.14,9.15,9.02,9.05,169041
2026-08-18,14:00:00,9.05,9.13,9.05,9.1,119270
2026-08-18,15:00:00,9.09,9.09,9.09,9.09,2056
2026-08-19,10:00:00,9.09,9.11,9.02,9.05,40536
2026-08-19,11:00:00,9.05,9.06,9.02,9.02,62336
2026-08-19,12:00:00,9.03,9.04,9.01,9.04,63292
2026-08-19,13:00:00,9.05,9.09,9.03,9.07,37907
2026-08-19,14:00:00,9.08,9.11,9.04,9.04,78266
2026-08-19,15:00:00,9.05,9.05,9.05,9.05,66210
2026-08-20,10:00:00,9.04,9.12,9.04,9.08,57372
2026-08-20,11:00:00,9.08,9.12,9.08,9.09,25873
2026-08-20,12:00:00,9.1,9.11,9.08,9.1,15973
2026-08-20,13:00:00,9.09,9.13,9.08,9.09,35092
2026-08-20,14:00:00,9.09,9.1,9.08,9.08,11428
2026-08-20,15:00:00,9.08,9.08,9.08,9.08,1054
2026-08-23,10:00:00,9.07,9.2,9.07,9.15,51274
2026-08-23,11:00:00,9.14,9.15,9.1,9.14,27557
2026-08-23,12:00:00,9.14,9.16,9.11,9.11,96617
2026-08-23,13:00:00,9.11,9.18,9.11,9.15,67385
2026-08-23,14:00:00,9.16,9.2,9.15,9.16,79188
2026-08-23,15:00:00,9.16,9.16,9.16,9.16,100
2026-08-24,10:00:00,9.19,9.24,9.14,9.22,64827
2026-08-24,11:00:00,9.22,9.28,9.2,9.26,188860
2026-08-24,12:00:00,9.27,9.28,9.19,9.22,39925
2026-08-24,13:00:00,9.23,9.42,9.22,9.42,370592
2026-08-24,14:00:00,9.42,9.53,9.32,9.48,534224
2026-08-24,15:00:00,9.47,9.47,9.47,9.47,8393
2026-08-25,10:00:00,9.51,9.7,9.4,9.59,901045
2026-08-25,11:00:00,9.59,9.66,9.54,9.65,186040
2026-08-25,12:00:00,9.64,9.67,9.56,9.64,211680
2026-08-25,13:00:00,9.64,9.65,9.56,9.58,46403
2026-08-25,14:00:00,9.59,9.69,9.54,9.62,187705
2026-08-25,15:00:00,9.62,9.62,9.62,9.62,14661
2026-08-26,10:00:00,9.66,10.2,9.66,9.98,1365320
2026-08-26,11:00:00,9.98,10.02,9.88,9.91,204881
2026-08-26,12:00:00,9.91,10.0,9.89,9.91,160294
2026-08-26,13:00:00,9.91,9.92,9.78,9.83,168654
2026-08-26,14:00:00,9.84,9.89,9.8,9.8,71683
2026-08-26,15:00:00,9.84,9.84,9.84,9.84,5237
2026-08-27,10:00:00,9.86,9.9,9.68,9.69,122932
2026-08-27,11:00:00,9.69,9.71,9.63,9.65,170699
2026-08-27,12:00:00,9.65,9.67,9.63,9.65,56793
2026-08-27,13:00:00,9.65,9.68,9.65,9.67,42605
2026-08-27,14:00:00,9.66,9.71,9.65,9.65,95033
2026-08-27,15:00:00,9.68,9.68,9.68,9.68,18512
2026-08-30,10:00:00,9.6,9.72,9.6,9.7,93306
2026-08-30,11:00:00,9.71,9.75,9.7,9.72,49782
2026-08-30,12:00:00,9.7,9.73,9.67,9.69,15261
2026-08-30,13:00:00,9.7,9.74,9.68,9.72,36395
2026-08-30,14:00:00,9.73,9.92,9.72,9.77,188136
2026-08-30,15:00:00,9.8,9.8,9.8,9.8,27455
2026-08-31,10:00:00,9.79,9.79,9.6,9.62,167488
2026-08-31,11:00:00,9.62,9.63,9.6,9.61,48666
2026-08-31,12:00:00,9.61,9.73,9.5,9.67,276281
2026-08-31,13:00:00,9.66,9.68,9.57,9.57,210297
2026-08-31,14:00:00,9.57,9.6,9.52,9.57,83112
2026-08-31,15:00:00,9.57,9.57,9.57,9.57,700
2026-09-01,10:00:00,9.42,9.6,9.41,9.6,166972
2026-09-01,11:00:00,9.61,9.9,9.57,9.83,229916
2026-09-01,12:00:00,9.84,9.84,9.72,9.78,67704
2026-09-01,13:00:00,9.78,9.83,9.74,9.74,91106
2026-09-01,14:00:00,9.75,9.76,9.65,9.72,52640
2026-09-01,15:00:00,9.65,9.65,9.65,9.65,2387
2026-09-02,10:00:00,9.65,9.9,9.62,9.87,144316
2026-09-02,11:00:00,9.87,9.9,9.73,9.78,138623
2026-09-02,12:00:00,9.78,9.87,9.78,9.83,120275
2026-09-02,13:00:00,9.82,9.89,9.8,9.82,89196
2026-09-02,14:00:00,9.82,9.98,9.81,9.92,236277
2026-09-02,15:00:00,9.96,9.96,9.96,9.96,5125
2026-09-03,10:00:00,9.98,9.98,9.85,9.88,122071
2026-09-03,11:00:00,9.88,9.94,9.88,9.88,21044
2026-09-03,12:00:00,9.88,9.88,9.81,9.84,54092
2026-09-03,13:00:00,9.83,9.86,9.82,9.86,27039
2026-09-03,14:00:00,9.85,9.85,9.8,9.8,67319
2026-09-03,15:00:00,9.78,9.78,9.78,9.78,549
2026-09-06,10:00:00,9.78,9.85,9.78,9.83,44390
2026-09-06,11:00:00,9.83,9.9,9.83,9.86,35354
2026-09-06,12:00:00,9.85,9.92,9.84,9.91,31095
2026-09-06,13:00:00,9.91,9.93,9.87,9.9,42098
2026-09-06,14:00:00,9.88,9.98,9.88,9.93,118953
2026-09-06,15:00:00,9.89,9.89,9.89,9.89,4074
2026-09-07,10:00:00,9.81,9.95,9.81,9.95,25474
2026-09-07,11:00:00,9.94,9.95,9.85,9.87,115557
2026-09-07,12:00:00,9.86,9.89,9.85,9.86,13246
2026-09-07,13:00:00,9.86,9.86,9.8,9.82,58496
2026-09-07,14:00:00,9.83,9.87,9.79,9.8,44136
2026-09-07,15:00:00,9.79,9.79,9.79,9.79,17122
2026-09-08,10:00:00,9.77,9.77,9.65,9.71,45082
2026-09-08,11:00:00,9.69,9.71,9.67,9.7,24876
2026-09-08,12:00:00,9.7,9.7,9.66,9.66,16713
2026-09-08,13:00:00,9.66,9.69,9.63,9.63,25271
2026-09-08,14:00:00,9.64,9.68,9.61,9.65,39184
2026-09-08,15:00:00,9.64,9.64,9.64,9.64,376
2026-09-09,10:00:00,9.64,9.7,9.62,9.66,8895
2026-09-09,11:00:00,9.68,9.68,9.65,9.66,10841
2026-09-09,12:00:00,9.65,9.7,9.63,9.7,49235
2026-09-09,13:00:00,9.69,9.71,9.68,9.68,29222
2026-09-09,14:00:00,9.68,9.68,9.6,9.66,10595
2026-09-09,15:00:00,9.64,9.64,9.64,9.64,58
2026-09-10,10:00:00,9.64,9.64,9.58,9.58,15528
2026-09-10,11:00:00,9.58,9.62,9.57,9.61,25101
2026-09-10,12:00:00,9.61,9.63,9.59,9.61,14714
2026-09-10,13:00:00,9.59,9.61,9.58,9.59,8181
2026-09-10,14:00:00,9.6,9.6,9.52,9.53,88256
2026-09-10,15:00:00,9.56,9.56,9.56,9.56,3276
2026-09-13,10:00:00,9.21,9.48,9.21,9.34,86194
2026-09-13,11:00:00,9.36,9.36,9.3,9.32,9076
2026-09-13,12:00:00,9.31,9.33,9.31,9.31,5100
2026-09-13,13:00:00,9.32,9.36,9.31,9.34,8143
2026-09-13,14:00:00,9.36,9.37,9.36,9.37,261
2026-09-14,10:00:00,9.45,9.45,9.2,9.23,95043
2026-09-14,11:00:00,9.23,9.24,9.18,9.21,29127
2026-09-14,12:00:00,9.2,9.23,9.2,9.2,8299
2026-09-14,13:00:00,9.2,9.22,9.17,9.17,44796
2026-09-14,14:00:00,9.17,9.19,9.15,9.15,33221
2026-09-14,15:00:00,9.17,9.17,9.17,9.17,4634
2026-09-15,10:00:00,9.22,9.22,9.07,9.09,54521
2026-09-15,11:00:00,9.1,9.12,9.04,9.08,38051
2026-09-15,12:00:00,9.09,9.1,9.05,9.05,19656
2026-09-15,13:00:00,9.05,9.05,9.0,9.0,172683
2026-09-15,14:00:00,9.01,9.01,8.89,8.9,56110
2026-09-15,15:00:00,8.88,8.88,8.88,8.88,50
2026-09-16,10:00:00,8.86,8.97,8.86,8.87,47123
2026-09-16,11:00:00,8.86,8.87,8.76,8.78,25593
2026-09-16,12:00:00,8.77,8.82,8.75,8.8,24012
2026-09-16,13:00:00,8.8,8.84,8.77,8.84,13721
2026-09-16,14:00:00,8.84,8.93,8.81,8.81,52704
2026-09-16,15:00:00,8.8,8.8,8.8,8.8,955
2026-09-17,10:00:00,8.78,8.82,8.64,8.71,146146
2026-09-17,11:00:00,8.71,8.73,8.64,8.65,156752
2026-09-17,12:00:00,8.66,8.68,8.64,8.68,36575
2026-09-17,13:00:00,8.67,8.79,8.67,8.79,39693
2026-09-17,14:00:00,8.77,8.86,8.75,8.82,39139
2026-09-17,15:00:00,8.82,8.82,8.82,8.82,226
2026-09-20,10:00:00,8.83,8.89,8.0,8.41,529000
2026-09-20,11:00:00,8.42,8.54,8.37,8.53,223201
2026-09-20,12:00:00,8.5,8.5,8.45,8.49,33109
2026-09-20,13:00:00,8.49,8.74,8.49,8.6,91102
2026-09-20,14:00:00,8.6,8.75,8.49,8.55,162467
2026-09-20,15:00:00,8.5,8.5,8.5,8.5,6102
2026-09-21,10:00:00,8.5,9.31,8.5,9.15,872254
2026-09-21,11:00:00,9.18,9.26,9.08,9.21,238935
2026-09-21,12:00:00,9.23,9.27,9.17,9.17,132956
2026-09-21,13:00:00,9.17,9.35,9.0,9.29,801172
2026-09-21,14:00:00,9.31,9.32,9.23,9.28,91447
2026-09-21,15:00:00,9.25,9.25,9.25,9.25,2135
