Date,Time,Open,High,Low,Close,Volume
2024-08-12,10:00:00,89.5,89.9,89.2,89.6,31640
2024-08-12,11:00:00,89.4,89.8,88.5,88.7,65599
2024-08-12,12:00:00,88.7,88.9,87.7,88.1,42584
2024-08-12,13:00:00,88.0,88.1,87.1,87.7,72784
2024-08-12,14:00:00,87.7,88.0,87.2,87.3,47160
2024-08-12,15:00:00,87.1,87.1,87.1,87.1,7989
2024-08-13,10:00:00,87.4,88.1,87.2,87.7,43708
2024-08-13,11:00:00,87.8,88.5,87.4,88.5,62081
2024-08-13,12:00:00,88.6,88.8,88.3,88.3,16712
2024-08-13,13:00:00,88.3,88.8,88.1,88.1,33808
2024-08-13,14:00:00,88.2,88.5,88.0,88.5,29136
2024-08-13,15:00:00,88.1,88.1,88.1,88.1,1198
2024-08-14,10:00:00,88.4,89.3,88.3,88.9,93418
2024-08-14,11:00:00,89.0,89.0,88.7,88.8,12423
2024-08-14,12:00:00,88.8,88.9,88.7,88.9,22196
2024-08-14,13:00:00,88.9,88.9,88.2,88.4,27898
2024-08-14,14:00:00,88.5,88.7,88.0,88.1,33687
2024-08-14,15:00:00,88.1,88.1,88.1,88.1,4171
2024-08-15,10:00:00,88.5,89.4,88.5,89.3,35817
2024-08-15,11:00:00,89.3,89.4,88.9,89.1,41217
2024-08-15,12:00:00,89.3,89.4,89.0,89.1,24148
2024-08-15,13:00:00,89.0,89.3,88.9,89.1,25940
2024-08-15,14:00:00,89.2,89.2,88.6,88.6,31669
2024-08-15,15:00:00,88.6,88.6,88.6,88.6,3896
2024-08-18,10:00:00,89.0,90.3,89.0,89.9,62737
2024-08-18,11:00:00,90.0,90.2,89.8,90.1,26391
2024-08-18,12:00:00,90.1,91.1,90.0,91.1,53610
2024-08-18,13:00:00,91.1,92.1,91.0,92.0,84083
2024-08-18,14:00:00,92.0,92.2,91.6,91.8,36901
2024-08-18,15:00:00,91.5,91.5,91.5,91.5,4470
2024-08-19,10:00:00,91.8,92.2,91.3,91.6,59612
2024-08-19,11:00:00,91.6,92.9,91.4,92.0,53608
2024-08-19,12:00:00,92.0,92.9,92.0,92.1,58030
2024-08-19,13:00:00,92.2,93.1,92.1,92.7,76036
2024-08-19,14:00:00,92.7,93.3,92.7,93.1,81182
2024-08-19,15:00:00,93.1,93.1,93.1,93.1,9435
2024-08-20,10:00:00,93.1,94.2,93.0,94.1,84701
2024-08-20,11:00:00,94.0,94.3,93.6,94.2,61902
2024-08-20,12:00:00,94.1,94.7,94.0,94.5,73181
2024-08-20,13:00:00,94.6,94.8,94.5,94.6,71352
2024-08-20,14:00:00,94.7,94.7,94.0,94.2,58290
2024-08-20,15:00:00,94.1,94.1,94.1,94.1,2944
2024-08-21,10:00:00,94.1,95.4,93.5,95.3,104961
2024-08-21,11:00:00,95.3,95.4,94.5,94.5,42692
2024-08-21,12:00:00,94.5,94.8,94.1,94.3,23423
2024-08-21,13:00:00,94.3,94.7,94.3,94.6,23309
2024-08-21,14:00:00,94.6,95.2,94.6,94.9,70717
2024-08-21,15:00:00,94.5,94.5,94.5,94.5,9651
2024-08-22,10:00:00,94.6,95.7,94.3,95.3,62699
2024-08-22,11:00:00,95.3,95.4,94.1,94.1,59899
2024-08-22,12:00:00,94.2,94.8,94.1,94.5,18843
2024-08-22,13:00:00,94.7,94.9,94.5,94.7,41582
2024-08-22,14:00:00,94.7,94.9,94.2,94.5,54137
2024-08-22,15:00:00,94.1,94.1,94.1,94.1,4153
2024-08-25,10:00:00,94.0,95.2,93.9,94.4,66926
2024-08-25,11:00:00,94.4,95.0,94.2,94.9,47133
2024-08-25,12:00:00,94.8,94.9,94.2,94.3,31380
2024-08-25,13:00:00,94.2,94.5,94.0,94.0,15133
2024-08-25,14:00:00,94.0,94.7,94.0,94.5,33450
2024-08-25,15:00:00,94.0,94.0,94.0,94.0,1512
2024-08-26,10:00:00,93.5,93.7,91.7,92.1,65249
2024-08-26,11:00:00,92.2,92.3,91.2,91.8,124134
2024-08-26,12:00:00,91.7,92.3,91.7,92.3,32528
2024-08-26,13:00:00,92.2,92.3,91.5,92.0,38762
2024-08-26,14:00:00,92.1,92.2,91.6,91.9,51388
2024-08-26,15:00:00,91.7,91.7,91.7,91.7,3447
2024-08-27,10:00:00,91.7,92.8,91.6,92.4,55979
2024-08-27,11:00:00,92.3,92.4,91.7,91.8,25087
2024-08-27,12:00:00,91.7,92.0,91.3,91.7,22443
2024-08-27,13:00:00,91.8,91.9,91.3,91.4,26969
2024-08-27,14:00:00,91.3,91.5,90.3,90.7,77915
2024-08-27,15:00:00,90.7,90.7,90.7,90.7,3600
2024-08-28,10:00:00,90.6,91.0,89.6,90.1,76058
2024-08-28,11:00:00,90.2,90.6,90.0,90.4,51262
2024-08-28,12:00:00,90.5,91.2,90.4,90.9,28008
2024-08-28,13:00:00,91.0,91.1,90.8,91.0,20776
2024-08-28,14:00:00,91.0,91.3,90.7,90.7,30795
2024-08-28,15:00:00,90.6,90.6,90.6,90.6,3933
2024-08-29,10:00:00,90.6,91.9,90.6,91.7,47551
2024-08-29,11:00:00,91.7,92.0,91.5,91.8,59604
2024-08-29,12:00:00,91.8,91.8,91.3,91.4,36387
2024-08-29,13:00:00,91.4,91.6,91.3,91.5,14150
2024-08-29,14:00:00,91.5,92.2,91.4,92.1,55758
2024-08-29,15:00:00,91.2,91.2,91.2,91.2,107014
2024-09-01,10:00:00,91.6,93.1,91.6,92.8,59666
2024-09-01,11:00:00,92.8,93.1,92.4,92.5,132207
2024-09-01,12:00:00,92.5,92.9,92.4,92.9,40401
2024-09-01,13:00:00,92.9,93.0,92.7,93.0,73450
2024-09-01,14:00:00,93.0,93.1,91.8,92.4,157823
2024-09-01,15:00:00,92.5,92.5,92.5,92.5,5940
2024-09-02,10:00:00,92.1,92.9,92.1,92.3,16607
2024-09-02,11:00:00,92.3,93.0,92.3,92.7,42913
2024-09-02,12:00:00,92.7,93.1,92.6,92.7,20194
2024-09-02,13:00:00,92.8,93.1,92.0,92.3,48649
2024-09-02,14:00:00,92.2,92.3,91.9,92.2,21157
2024-09-02,15:00:00,92.6,92.6,92.6,92.6,717
2024-09-03,10:00:00,92.6,92.6,91.9,92.1,30172
2024-09-03,11:00:00,92.2,92.3,92.0,92.0,25039
2024-09-03,12:00:00,92.2,92.6,92.0,92.4,36278
2024-09-03,13:00:00,92.5,93.2,92.4,93.1,36922
2024-09-03,14:00:00,93.0,94.0,93.0,94.0,91031
2024-09-03,15:00:00,94.0,94.0,94.0,94.0,19883
2024-09-04,10:00:00,92.7,93.9,92.1,93.3,44435
2024-09-04,11:00:00,93.3,93.5,92.9,93.5,10790
2024-09-04,12:00:00,93.4,94.1,93.4,94.0,46388
2024-09-04,13:00:00,94.1,94.3,93.8,94.0,34612
2024-09-04,14:00:00,94.0,94.0,92.8,93.8,31557
2024-09-04,15:00:00,93.4,93.4,93.4,93.4,6669
2024-09-05,10:00:00,93.4,93.8,92.9,93.5,10502
2024-09-05,11:00:00,93.5,93.5,93.3,93.4,7168
2024-09-05,12:00:00,93.4,93.5,92.6,92.7,13948
2024-09-05,13:00:00,92.7,92.8,92.3,92.4,25035
2024-09-05,14:00:00,92.6,92.6,92.2,92.5,50728
2024-09-05,15:00:00,92.9,92.9,92.9,92.9,52706
2024-09-08,10:00:00,92.3,92.3,91.8,92.1,17653
2024-09-08,11:00:00,92.1,92.1,91.4,91.8,32348
2024-09-08,12:00:00,91.7,91.9,91.1,91.4,16724
2024-09-08,13:00:00,91.2,92.1,91.2,92.1,11020
2024-09-08,14:00:00,92.0,92.2,91.7,92.1,7252
2024-09-08,15:00:00,92.1,92.1,92.1,92.1,6215
2024-09-09,10:00:00,92.2,92.8,92.2,92.2,8992
2024-09-09,11:00:00,92.3,92.3,91.7,91.8,11756
2024-09-09,12:00:00,91.8,92.3,91.7,92.0,16604
2024-09-09,13:00:00,92.2,92.3,91.7,91.8,9072
2024-09-09,14:00:00,91.8,92.5,91.7,92.5,30701
2024-09-09,15:00:00,92.5,92.5,92.5,92.5,722
2024-09-10,10:00:00,92.5,93.3,92.4,92.6,25964
2024-09-10,11:00:00,92.7,92.7,92.4,92.5,14739
2024-09-10,12:00:00,92.5,92.7,92.5,92.6,14294
2024-09-10,13:00:00,92.7,93.6,92.6,93.5,50703
2024-09-10,14:00:00,93.5,95.3,93.2,95.0,203427
2024-09-10,15:00:00,95.0,95.0,95.0,95.0,47185
2024-09-11,10:00:00,95.1,95.4,94.0,94.6,99581
2024-09-11,11:00:00,94.6,95.1,94.5,94.7,71317
2024-09-11,12:00:00,94.9,94.9,93.9,94.1,30194
2024-09-11,13:00:00,94.1,94.4,93.9,93.9,28200
2024-09-11,14:00:00,93.9,94.5,93.7,94.3,47926
2024-09-11,15:00:00,94.0,94.0,94.0,94.0,1863
2024-09-12,10:00:00,93.7,94.7,93.7,94.5,23818
2024-09-12,11:00:00,94.5,94.5,93.8,94.0,31082
2024-09-12,12:00:00,93.9,94.2,93.6,94.0,46917
2024-09-12,13:00:00,94.0,94.1,94.0,94.0,15858
2024-09-12,14:00:00,94.2,94.3,94.0,94.0,26109
2024-09-12,15:00:00,94.0,94.0,94.0,94.0,3923
2024-09-15,10:00:00,94.1,94.6,93.8,94.0,41226
2024-09-15,11:00:00,94.2,94.2,93.7,93.7,19511
2024-09-15,12:00:00,93.7,94.0,93.1,93.5,18702
2024-09-15,13:00:00,93.5,93.5,93.0,93.1,20183
2024-09-15,14:00:00,93.1,93.9,93.1,93.9,26545
2024-09-15,15:00:00,93.9,93.9,93.9,93.9,2334
2024-09-16,10:00:00,93.9,94.5,93.3,94.0,47817
2024-09-16,11:00:00,94.0,94.5,93.8,94.3,24443
2024-09-16,12:00:00,94.3,94.6,94.1,94.3,27930
2024-09-16,13:00:00,94.3,94.5,93.2,93.9,92558
2024-09-16,14:00:00,94.1,94.4,93.9,94.1,21351
2024-09-16,15:00:00,94.1,94.1,94.1,94.1,1199
2024-09-17,10:00:00,94.1,95.0,94.1,94.9,60998
2024-09-17,11:00:00,94.8,95.2,94.6,94.9,76656
2024-09-17,12:00:00,94.8,94.9,94.6,94.8,34273
2024-09-17,13:00:00,94.8,94.9,94.6,94.7,30129
2024-09-17,14:00:00,94.7,95.1,94.5,94.8,72121
2024-09-17,15:00:00,94.8,94.8,94.8,94.8,26420
2024-09-18,10:00:00,94.7,95.0,94.2,94.8,50273
2024-09-18,11:00:00,94.8,95.3,94.7,95.3,66617
2024-09-18,12:00:00,95.4,95.6,95.3,95.6,67538
2024-09-18,13:00:00,95.6,95.6,94.9,95.0,41961
2024-09-18,14:00:00,95.1,95.2,94.9,95.0,23788
2024-09-18,15:00:00,95.2,95.2,95.2,95.2,1807
2024-09-19,10:00:00,95.1,97.5,94.5,96.9,223413
2024-09-19,11:00:00,96.8,97.0,96.4,96.9,74736
2024-09-19,12:00:00,96.9,97.2,96.7,97.1,35668
2024-09-19,13:00:00,97.1,97.1,95.8,96.2,43800
2024-09-19,14:00:00,96.2,96.5,95.7,96.1,53481
2024-09-19,15:00:00,96.1,96.1,96.1,96.1,31455
2024-09-22,10:00:00,96.1,96.8,96.0,96.6,16685
2024-09-22,11:00:00,96.6,97.2,96.6,96.6,36631
2024-09-22,12:00:00,96.5,97.3,96.5,97.0,31835
2024-09-22,13:00:00,97.0,97.2,96.8,97.2,31123
2024-09-22,14:00:00,97.2,97.4,96.9,97.0,30629
2024-09-22,15:00:00,97.4,97.4,97.4,97.4,2737
2024-09-24,10:00:00,95.9,96.9,95.6,96.0,78091
2024-09-24,11:00:00,96.0,96.2,95.8,95.8,31377
2024-09-24,12:00:00,95.8,96.0,95.6,95.8,50777
2024-09-24,13:00:00,95.8,96.1,95.6,95.7,21707
2024-09-24,14:00:00,95.7,96.0,95.4,95.4,38374
2024-09-24,15:00:00,95.2,95.2,95.2,95.2,11556
2024-09-25,10:00:00,95.0,95.2,94.1,94.4,66369
2024-09-25,11:00:00,94.4,94.5,94.0,94.2,34309
2024-09-25,12:00:00,94.2,94.3,93.7,94.0,56917
2024-09-25,13:00:00,94.0,94.3,93.9,94.0,26166
2024-09-25,14:00:00,94.0,94.3,93.9,94.0,71892
2024-09-25,15:00:00,94.0,94.0,94.0,94.0,4517
2024-09-26,10:00:00,94.1,95.3,93.9,94.9,66768
2024-09-26,11:00:00,95.0,95.1,94.9,95.1,26816
2024-09-26,12:00:00,95.0,95.1,94.7,95.0,41391
2024-09-26,13:00:00,95.0,95.2,94.8,95.1,23142
2024-09-26,14:00:00,95.1,95.5,94.9,95.5,56794
2024-09-26,15:00:00,95.4,95.4,95.4,95.4,7534
2024-09-29,10:00:00,95.5,95.5,94.9,95.1,34390
2024-09-29,11:00:00,95.0,95.5,94.9,94.9,22470
2024-09-29,12:00:00,95.0,95.0,94.3,94.5,27991
2024-09-29,13:00:00,94.4,95.0,94.4,94.9,17912
2024-09-29,14:00:00,94.7,94.9,94.5,94.6,12582
2024-09-29,15:00:00,94.6,94.6,94.6,94.6,760
2024-09-30,10:00:00,94.6,95.2,94.6,94.8,48399
2024-09-30,11:00:00,94.8,94.9,94.0,94.3,38995
2024-09-30,12:00:00,94.3,94.5,94.0,94.5,18793
2024-09-30,13:00:00,94.5,94.5,93.6,94.0,34381
2024-09-30,14:00:00,94.0,94.7,93.8,94.5,30402
2024-09-30,15:00:00,94.8,94.8,94.8,94.8,3459
2024-10-01,10:00:00,94.5,94.8,94.2,94.6,18036
2024-10-01,11:00:00,94.6,95.2,94.6,95.2,23528
2024-10-01,12:00:00,95.1,95.6,95.0,95.1,54105
2024-10-01,13:00:00,95.1,95.3,94.4,94.7,33695
2024-10-01,14:00:00,94.6,95.0,94.2,94.8,13900
2024-10-01,15:00:00,94.3,94.3,94.3,94.3,5523
2024-10-02,10:00:00,93.8,95.0,93.3,94.1,56849
2024-10-02,11:00:00,94.1,94.5,94.0,94.2,58670
2024-10-02,12:00:00,94.2,94.3,93.3,93.5,30512
2024-10-02,13:00:00,93.5,93.6,92.9,93.1,40098
2024-10-02,14:00:00,93.2,93.8,92.9,93.5,30327
2024-10-02,15:00:00,93.4,93.4,93.4,93.4,2742
2024-10-03,10:00:00,92.8,93.7,92.5,93.0,49403
2024-10-03,11:00:00,93.0,93.6,93.0,93.1,31275
2024-10-03,12:00:00,93.2,93.5,92.8,93.0,31687
2024-10-03,13:00:00,93.1,93.6,92.9,93.0,48292
2024-10-03,14:00:00,93.0,93.7,92.7,93.2,57889
2024-10-03,15:00:00,93.8,93.8,93.8,93.8,9049
2024-10-06,10:00:00,92.8,93.9,92.4,93.0,54466
2024-10-06,11:00:00,93.0,93.4,92.8,93.3,21244
2024-10-06,12:00:00,93.4,94.2,93.2,94.1,44789
2024-10-06,13:00:00,94.1,94.2,93.5,93.6,38823
2024-10-06,14:00:00,93.6,93.7,92.3,92.3,31927
2024-10-06,15:00:00,92.1,92.1,92.1,92.1,11440
2024-10-07,10:00:00,92.1,93.1,91.7,92.6,51546
2024-10-07,11:00:00,92.5,93.1,92.2,93.1,34740
2024-10-07,12:00:00,93.1,93.3,92.0,92.3,68722
2024-10-07,13:00:00,92.4,92.8,92.1,92.4,22345
2024-10-07,14:00:00,92.2,92.3,90.9,91.5,93315
2024-10-07,15:00:00,91.2,91.2,91.2,91.2,8363
2024-10-08,10:00:00,94.5,95.6,93.7,94.2,288681
2024-10-08,11:00:00,94.3,94.5,93.9,94.2,74768
2024-10-08,12:00:00,94.2,94.3,93.5,93.6,46144
2024-10-08,13:00:00,93.6,94.4,93.6,94.4,46253
2024-10-08,14:00:00,94.4,94.5,93.9,94.3,91863
2024-10-08,15:00:00,93.9,93.9,93.9,93.9,18350
2024-10-09,10:00:00,94.5,96.6,93.9,95.9,147241
2024-10-09,11:00:00,95.8,96.1,95.0,95.2,105544
2024-10-09,12:00:00,95.3,95.8,95.0,95.7,34592
2024-10-09,13:00:00,95.7,96.1,95.2,96.0,87170
2024-10-09,14:00:00,96.1,98.4,95.7,96.6,281859
2024-10-09,15:00:00,96.6,96.6,96.6,96.6,10042
2024-10-10,10:00:00,97.1,97.3,96.7,96.8,54367
2024-10-10,11:00:00,96.8,96.9,96.1,96.6,60447
2024-10-10,12:00:00,96.7,97.3,96.0,97.3,38893
2024-10-10,13:00:00,97.2,97.6,97.0,97.1,40338
2024-10-10,14:00:00,97.2,97.6,96.5,96.6,36187
2024-10-10,15:00:00,96.6,96.6,96.6,96.6,2407
2024-10-13,10:00:00,97.1,97.4,96.7,97.2,33442
2024-10-13,11:00:00,97.3,97.3,96.2,96.8,52998
2024-10-13,12:00:00,96.8,97.1,96.6,97.1,11800
2024-10-13,13:00:00,97.2,97.2,96.5,96.5,27549
2024-10-13,14:00:00,96.5,97.1,96.5,96.9,31889
2024-10-13,15:00:00,96.9,96.9,96.9,96.9,5260
2024-10-14,10:00:00,96.5,97.7,96.5,97.3,46681
2024-10-14,11:00:00,97.3,97.6,97.1,97.1,18451
2024-10-14,12:00:00,97.1,98.0,97.1,98.0,95234
2024-10-14,13:00:00,98.0,98.0,97.7,97.7,45657
2024-10-14,14:00:00,97.8,98.0,97.6,98.0,46590
2024-10-14,15:00:00,97.9,97.9,97.9,97.9,11287
2024-10-15,10:00:00,97.9,98.0,97.0,97.1,78025
2024-10-15,11:00:00,97.2,97.5,97.0,97.5,30765
2024-10-15,12:00:00,97.5,97.6,97.2,97.2,19511
2024-10-15,13:00:00,97.3,97.4,97.1,97.4,20203
2024-10-15,14:00:00,97.3,97.5,97.1,97.4,50728
2024-10-15,15:00:00,97.9,97.9,97.9,97.9,18375
2024-10-16,10:00:00,97.6,98.0,97.2,97.9,154434
2024-10-16,11:00:00,97.9,98.5,97.5,98.3,90697
2024-10-16,12:00:00,98.4,98.9,98.2,98.6,67373
2024-10-16,13:00:00,98.5,99.3,98.5,99.0,142372
2024-10-16,14:00:00,99.2,99.2,98.2,98.5,79852
2024-10-16,15:00:00,98.6,98.6,98.6,98.6,70557
2024-10-17,10:00:00,98.6,98.8,97.9,98.2,34616
2024-10-17,11:00:00,98.0,98.1,97.2,97.4,32842
2024-10-17,12:00:00,97.4,97.5,96.5,96.7,47264
2024-10-17,13:00:00,96.6,97.1,96.0,97.1,63350
2024-10-17,14:00:00,97.1,97.3,96.0,96.7,148256
2024-10-17,15:00:00,96.4,96.4,96.4,96.4,18308
2024-10-20,10:00:00,96.0,96.8,95.6,95.8,47148
2024-10-20,11:00:00,95.8,97.0,95.8,96.0,21294
2024-10-20,12:00:00,95.9,96.1,95.6,95.6,10704
2024-10-20,13:00:00,95.7,96.0,95.5,96.0,21613
2024-10-20,14:00:00,96.0,96.0,95.6,95.9,16472
2024-10-20,15:00:00,95.6,95.6,95.6,95.6,3814
2024-10-21,10:00:00,95.6,96.9,95.6,96.2,45636
2024-10-21,11:00:00,96.3,96.7,96.2,96.3,31637
2024-10-21,12:00:00,96.4,96.6,95.9,96.3,25563
2024-10-21,13:00:00,96.4,96.4,95.8,95.9,41778
2024-10-21,14:00:00,95.8,96.6,95.8,96.5,56858
2024-10-21,15:00:00,96.3,96.3,96.3,96.3,22700
2024-10-22,10:00:00,96.1,97.9,96.1,97.6,80677
2024-10-22,11:00:00,97.6,97.9,97.4,97.9,53047
2024-10-22,12:00:00,97.8,98.0,97.2,97.3,56933
2024-10-22,13:00:00,97.3,97.5,96.9,97.4,58011
2024-10-22,14:00:00,97.4,97.9,96.8,97.0,83256
2024-10-22,15:00:00,97.0,97.0,97.0,97.0,11214
2024-10-23,10:00:00,97.0,97.5,96.6,96.6,27658
2024-10-23,11:00:00,96.7,97.0,96.4,96.6,16880
2024-10-23,12:00:00,96.4,96.6,95.9,96.3,34783
2024-10-23,13:00:00,96.5,96.6,96.2,96.3,9277
2024-10-23,14:00:00,96.3,98.2,96.2,98.1,113760
2024-10-23,15:00:00,98.0,98.0,98.0,98.0,41175
2024-10-24,10:00:00,98.0,99.0,97.1,98.9,114415
2024-10-24,11:00:00,99.0,99.2,98.7,98.8,39661
2024-10-24,12:00:00,98.8,98.8,98.6,98.6,24969
2024-10-24,13:00:00,98.6,98.8,98.6,98.7,26908
2024-10-24,14:00:00,98.7,98.8,98.5,98.5,40914
2024-10-24,15:00:00,98.1,98.1,98.1,98.1,18941
2024-10-27,10:00:00,98.2,99.4,98.1,99.2,71266
2024-10-27,11:00:00,99.1,100.0,99.0,99.9,115389
2024-10-27,12:00:00,99.9,100.0,99.0,99.0,129626
2024-10-27,13:00:00,99.1,99.4,99.0,99.3,9039
2024-10-27,14:00:00,99.3,99.4,99.2,99.3,36525
2024-10-27,15:00:00,99.2,99.2,99.2,99.2,1468
2024-10-28,10:00:00,99.5,101.2,99.5,100.4,256309
2024-10-28,11:00:00,100.2,101.4,100.0,101.2,70172
2024-10-28,12:00:00,101.2,101.6,101.0,101.6,95732
2024-10-28,13:00:00,101.6,101.8,101.2,101.4,78189
2024-10-28,14:00:00,101.6,101.6,100.8,101.2,39442
2024-10-28,15:00:00,101.2,101.2,101.2,101.2,6991
2024-10-29,10:00:00,101.0,102.0,100.2,101.6,92655
2024-10-29,11:00:00,101.6,101.8,100.0,100.8,60462
2024-10-29,12:00:00,100.8,100.8,100.0,100.6,57003
2024-10-29,13:00:00,100.8,100.8,100.4,100.6,16195
2024-10-29,14:00:00,100.6,100.6,99.8,99.8,26747
2024-10-29,15:00:00,99.8,99.8,99.8,99.8,7364
2024-10-30,10:00:00,99.8,99.8,97.9,98.0,116031
2024-10-30,11:00:00,98.0,99.0,98.0,98.6,43041
2024-10-30,12:00:00,98.6,98.8,98.0,98.2,30212
2024-10-30,13:00:00,98.3,98.4,98.0,98.0,38640
2024-10-30,14:00:00,98.0,99.5,97.9,99.3,138669
2024-10-30,15:00:00,99.2,99.2,99.2,99.2,12895
2024-10-31,10:00:00,99.2,102.0,98.9,101.6,204379
2024-10-31,11:00:00,101.6,102.0,101.0,101.0,124491
2024-10-31,12:00:00,101.4,101.8,100.6,101.0,104176
2024-10-31,13:00:00,101.0,101.4,100.6,101.2,82131
2024-10-31,14:00:00,101.0,101.6,100.6,101.0,113673
2024-10-31,15:00:00,101.0,101.0,101.0,101.0,20920
2024-11-03,10:00:00,101.8,102.0,100.4,100.8,45669
2024-11-03,11:00:00,100.6,100.8,99.8,99.8,34299
2024-11-03,12:00:00,100.0,100.2,99.7,100.0,15605
2024-11-03,13:00:00,100.2,101.0,100.0,100.2,40149
2024-11-03,14:00:00,100.2,100.6,99.7,99.7,15267
2024-11-03,15:00:00,99.6,99.6,99.6,99.6,6988
2024-11-04,10:00:00,99.7,100.6,98.9,99.3,98316
2024-11-04,11:00:00,99.4,99.8,98.9,99.4,24301
2024-11-04,12:00:00,99.7,100.4,99.1,100.2,20289
2024-11-04,13:00:00,100.2,100.2,99.5,99.8,21123
2024-11-04,14:00:00,99.9,100.0,99.4,99.4,20147
2024-11-04,15:00:00,99.2,99.2,99.2,99.2,5572
2024-11-05,10:00:00,99.4,99.8,98.0,98.2,55548
2024-11-05,11:00:00,98.0,98.7,97.9,98.0,34193
2024-11-05,12:00:00,98.0,98.3,97.6,97.7,22888
2024-11-05,13:00:00,97.8,98.0,97.1,97.5,53106
2024-11-05,14:00:00,97.7,97.8,97.3,97.3,37111
2024-11-05,15:00:00,97.2,97.2,97.2,97.2,7830
2024-11-06,10:00:00,97.4,98.9,97.4,98.3,51928
2024-11-06,11:00:00,98.3,98.7,97.8,98.3,159394
2024-11-06,12:00:00,98.0,98.5,97.8,98.0,78020
2024-11-06,13:00:00,98.0,98.3,97.5,98.1,88692
2024-11-06,14:00:00,98.1,99.0,97.9,99.0,112478
2024-11-06,15:00:00,99.0,99.0,99.0,99.0,5919
2024-11-07,10:00:00,98.3,100.2,98.3,99.9,67369
2024-11-07,11:00:00,99.9,101.4,99.9,101.2,97757
2024-11-07,12:00:00,101.0,103.0,100.8,102.8,347997
2024-11-07,13:00:00,102.8,102.8,101.4,101.6,150946
2024-11-07,14:00:00,101.6,102.4,100.8,102.0,70844
2024-11-07,15:00:00,102.0,102.0,102.0,102.0,8604
2024-11-10,10:00:00,102.0,103.4,102.0,102.8,87188
2024-11-10,11:00:00,102.6,105.0,102.2,105.0,171418
2024-11-10,12:00:00,105.0,105.0,103.6,103.8,69328
2024-11-10,13:00:00,103.8,104.0,102.8,103.4,44424
2024-11-10,14:00:00,103.6,104.2,102.2,103.0,86249
2024-11-10,15:00:00,102.2,102.2,102.2,102.2,8544
2024-11-11,10:00:00,103.0,104.4,102.0,102.8,158084
2024-11-11,11:00:00,102.6,103.4,101.6,102.8,62456
2024-11-11,12:00:00,102.8,103.4,102.4,103.0,22254
2024-11-11,13:00:00,103.0,103.0,101.8,102.2,37519
2024-11-11,14:00:00,102.2,103.0,101.8,102.0,29750
2024-11-11,15:00:00,102.8,102.8,102.8,102.8,1103
2024-11-12,10:00:00,102.4,103.2,101.4,101.8,56654
2024-11-12,11:00:00,101.8,102.4,101.6,101.8,34313
2024-11-12,12:00:00,101.8,102.2,101.6,101.6,22790
2024-11-12,13:00:00,101.6,101.8,100.2,100.8,35709
2024-11-12,14:00:00,100.8,101.8,100.4,101.4,57236
2024-11-12,15:00:00,101.4,101.4,101.4,101.4,2472
2024-11-13,10:00:00,101.0,102.6,101.0,101.8,58502
2024-11-13,11:00:00,101.6,101.8,100.6,100.6,26869
2024-11-13,12:00:00,100.8,101.0,100.2,100.4,20352
2024-11-13,13:00:00,100.4,101.0,100.4,100.8,28528
2024-11-13,14:00:00,100.6,101.0,100.2,101.0,38929
2024-11-13,15:00:00,100.2,100.2,100.2,100.2,3880
2024-11-14,10:00:00,101.6,101.6,99.1,99.1,76040
2024-11-14,11:00:00,99.1,99.4,98.1,98.2,85504
2024-11-14,12:00:00,98.2,98.3,97.4,97.6,84903
2024-11-14,13:00:00,97.5,98.4,97.5,98.0,84261
2024-11-14,14:00:00,98.1,98.4,96.7,96.9,225438
2024-11-14,15:00:00,96.8,96.8,96.8,96.8,6654
2024-11-17,10:00:00,96.9,98.0,96.9,97.4,34672
2024-11-17,11:00:00,97.5,97.5,97.0,97.1,39503
2024-11-17,12:00:00,97.2,97.2,96.1,96.8,27073
2024-11-17,13:00:00,96.7,97.5,96.6,97.1,29716
2024-11-17,14:00:00,97.2,97.5,97.0,97.2,16639
2024-11-17,15:00:00,97.1,97.1,97.1,97.1,2122
2024-11-18,10:00:00,97.1,98.3,97.1,97.5,35748
2024-11-18,11:00:00,97.6,97.7,97.0,97.3,44742
2024-11-18,12:00:00,97.2,97.7,97.0,97.4,16568
2024-11-18,13:00:00,97.4,97.6,97.3,97.4,13431
2024-11-18,14:00:00,97.4,97.6,97.0,97.0,52686
2024-11-18,15:00:00,97.0,97.0,97.0,97.0,16491
2024-11-19,10:00:00,97.0,98.1,96.6,97.0,55058
2024-11-19,11:00:00,97.0,97.4,96.7,96.8,72828
2024-11-19,12:00:00,96.8,97.6,96.8,97.5,44195
2024-11-19,13:00:00,97.5,98.0,97.2,97.7,43522
2024-11-19,14:00:00,97.7,97.7,96.8,97.2,46725
2024-11-19,15:00:00,97.0,97.0,97.0,97.0,3086
2024-11-20,10:00:00,97.0,97.9,96.8,96.9,27482
2024-11-20,11:00:00,97.0,97.0,96.5,96.9,40656
2024-11-20,12:00:00,96.8,96.9,96.6,96.7,10702
2024-11-20,13:00:00,96.8,96.9,96.3,96.8,20618
2024-11-20,14:00:00,96.7,96.7,96.3,96.5,24650
2024-11-20,15:00:00,96.5,96.5,96.5,96.5,16960
2024-11-21,10:00:00,96.5,96.8,95.8,95.9,25849
2024-11-21,11:00:00,95.9,96.0,95.5,95.9,29443
2024-11-21,12:00:00,96.0,96.6,95.8,96.0,32100
2024-11-21,13:00:00,96.0,96.1,95.8,96.1,20464
2024-11-21,14:00:00,96.0,96.3,95.9,96.0,63899
2024-11-21,15:00:00,96.0,96.0,96.0,96.0,7289
2024-11-24,10:00:00,96.1,96.4,95.9,96.1,45618
2024-11-24,11:00:00,96.1,96.4,95.9,96.2,33573
2024-11-24,12:00:00,96.0,96.3,95.9,96.1,12742
2024-11-24,13:00:00,96.0,96.3,95.9,96.2,23798
2024-11-24,14:00:00,96.2,96.3,95.9,96.1,11262
2024-11-24,15:00:00,96.1,96.1,96.1,96.1,816
2024-11-25,10:00:00,95.8,96.3,95.0,95.4,49260
2024-11-25,11:00:00,95.2,96.2,95.2,96.0,87763
2024-11-25,12:00:00,96.0,97.7,96.0,97.6,70543
2024-11-25,13:00:00,97.5,98.2,97.3,98.0,64244
2024-11-25,14:00:00,98.0,100.0,97.8,99.4,151735
2024-11-25,15:00:00,99.0,99.0,99.0,99.0,20795
2024-11-26,10:00:00,99.0,99.7,98.1,98.4,69602
2024-11-26,11:00:00,98.5,99.0,98.1,98.3,52127
2024-11-26,12:00:00,98.2,98.9,97.9,98.9,25926
2024-11-26,13:00:00,98.8,98.9,98.5,98.9,25206
2024-11-26,14:00:00,98.9,98.9,97.8,98.0,46631
2024-11-26,15:00:00,97.9,97.9,97.9,97.9,8125
2024-11-27,10:00:00,98.0,98.8,97.2,98.5,43000
2024-11-27,11:00:00,98.3,99.7,98.2,99.5,108952
2024-11-27,12:00:00,99.5,99.5,98.5,98.9,53957
2024-11-27,13:00:00,98.9,99.0,98.2,98.2,32146
2024-11-27,14:00:00,98.2,99.1,98.0,98.7,69191
2024-11-27,15:00:00,98.8,98.8,98.8,98.8,7497
2024-11-28,10:00:00,99.6,99.6,97.6,98.1,38576
2024-11-28,11:00:00,98.3,98.6,98.1,98.3,18540
2024-11-28,12:00:00,98.3,99.2,98.2,99.0,47981
2024-11-28,13:00:00,98.8,99.0,98.4,98.9,22202
2024-11-28,14:00:00,98.9,99.2,98.6,98.7,41252
2024-11-28,15:00:00,99.0,99.0,99.0,99.0,23478
2024-12-01,10:00:00,99.7,99.9,98.9,99.0,60528
2024-12-01,11:00:00,98.9,99.4,98.9,99.2,33134
2024-12-01,12:00:00,99.3,99.7,98.8,99.2,51704
2024-12-01,13:00:00,99.4,99.5,99.1,99.4,32765
2024-12-01,14:00:00,99.4,101.0,99.2,100.8,114366
2024-12-01,15:00:00,100.8,100.8,100.8,100.8,5805
2024-12-02,10:00:00,101.0,103.4,100.0,102.8,548210
2024-12-02,11:00:00,102.6,103.0,101.6,102.2,122547
2024-12-02,12:00:00,102.0,103.6,101.2,103.0,134898
2024-12-02,13:00:00,103.0,103.2,101.8,102.4,68204
2024-12-02,14:00:00,102.4,103.0,102.0,102.6,75742
2024-12-02,15:00:00,102.6,102.6,102.6,102.6,7950
2024-12-03,10:00:00,103.6,103.8,102.0,102.4,163648
2024-12-03,11:00:00,102.4,103.6,102.0,103.6,177897
2024-12-03,12:00:00,103.4,103.6,101.6,101.8,79138
2024-12-03,13:00:00,102.0,102.2,100.6,101.8,172483
2024-12-03,14:00:00,101.6,102.8,101.2,102.6,126857
2024-12-03,15:00:00,102.6,102.6,102.6,102.6,9247
2024-12-04,10:00:00,102.4,102.4,99.3,99.8,238905
2024-12-04,11:00:00,99.9,101.0,99.4,100.4,194257
2024-12-04,12:00:00,100.4,100.4,99.8,100.0,62165
2024-12-04,13:00:00,100.0,100.8,99.9,100.2,78270
2024-12-04,14:00:00,100.4,100.6,99.4,99.6,124408
2024-12-04,15:00:00,99.6,99.6,99.6,99.6,8804
2024-12-05,10:00:00,99.8,100.4,99.3,99.6,130602
2024-12-05,11:00:00,99.6,99.8,98.8,98.9,125201
2024-12-05,12:00:00,98.9,99.1,98.3,98.5,172126
2024-12-05,13:00:00,98.4,98.7,98.0,98.1,112896
2024-12-05,14:00:00,98.0,98.2,97.3,97.6,121514
2024-12-05,15:00:00,97.6,97.6,97.6,97.6,10215
2024-12-08,10:00:00,97.8,98.2,97.4,97.9,91312
2024-12-08,11:00:00,97.8,98.2,97.8,98.1,35421
2024-12-08,12:00:00,98.1,98.8,98.0,98.3,54478
2024-12-08,13:00:00,98.3,98.4,97.9,98.3,35056
2024-12-08,14:00:00,98.3,98.3,97.6,98.0,36127
2024-12-08,15:00:00,97.6,97.6,97.6,97.6,3798
2024-12-09,10:00:00,97.3,98.2,96.6,96.7,123542
2024-12-09,11:00:00,96.6,96.8,96.2,96.4,108665
2024-12-09,12:00:00,96.3,96.4,95.5,95.6,200718
2024-12-09,13:00:00,95.5,96.4,95.3,95.3,235383
2024-12-09,14:00:00,95.3,95.6,94.9,95.5,217501
2024-12-09,15:00:00,95.6,95.6,95.6,95.6,12650
2024-12-10,10:00:00,95.7,96.2,94.8,95.4,149103
2024-12-10,11:00:00,95.3,95.5,94.9,95.0,95571
2024-12-10,12:00:00,95.0,95.2,94.4,94.5,122058
2024-12-10,13:00:00,94.5,94.8,94.2,94.4,141391
2024-12-10,14:00:00,94.4,94.8,94.0,94.7,142741
2024-12-10,15:00:00,94.7,94.7,94.7,94.7,18842
2024-12-11,10:00:00,94.7,95.0,93.9,95.0,192190
2024-12-11,11:00:00,94.8,95.0,94.4,94.6,81575
2024-12-11,12:00:00,94.6,94.8,94.4,94.6,45052
2024-12-11,13:00:00,94.5,94.6,94.0,94.2,67782
2024-12-11,14:00:00,94.2,94.5,93.9,94.3,104576
2024-12-11,15:00:00,94.5,94.5,94.5,94.5,5171
2024-12-12,10:00:00,94.8,94.8,93.3,93.5,211639
2024-12-12,11:00:00,93.5,94.0,93.4,93.8,110325
2024-12-12,12:00:00,93.9,94.0,93.6,93.7,70421
2024-12-12,13:00:00,93.7,94.5,93.7,94.3,59956
2024-12-12,14:00:00,94.3,95.6,94.3,95.3,133503
2024-12-12,15:00:00,95.5,95.5,95.5,95.5,20113
2024-12-15,10:00:00,95.8,95.9,94.9,95.4,106197
2024-12-15,11:00:00,95.5,95.8,95.3,95.5,45689
2024-12-15,12:00:00,95.4,95.7,95.3,95.5,39817
2024-12-15,13:00:00,95.6,95.7,95.1,95.2,32090
2024-12-15,14:00:00,95.2,95.2,94.6,95.0,48493
2024-12-15,15:00:00,94.4,94.4,94.4,94.4,17683
2024-12-16,10:00:00,94.4,94.9,94.0,94.3,98899
2024-12-16,11:00:00,94.4,94.4,94.1,94.3,23802
2024-12-16,12:00:00,94.3,94.5,94.1,94.2,28075
2024-12-16,13:00:00,94.0,94.4,94.0,94.0,50857
2024-12-16,14:00:00,94.2,94.3,93.9,94.1,46766
2024-12-16,15:00:00,94.0,94.0,94.0,94.0,7506
2024-12-17,10:00:00,94.1,94.5,93.5,93.7,43530
2024-12-17,11:00:00,93.7,95.2,93.6,94.8,121591
2024-12-17,12:00:00,94.6,95.5,94.6,95.0,121641
2024-12-17,13:00:00,95.1,95.1,94.8,94.9,44700
2024-12-17,14:00:00,94.9,95.4,93.5,93.7,159558
2024-12-17,15:00:00,93.8,93.8,93.8,93.8,28549
2024-12-18,10:00:00,94.0,94.7,93.5,93.8,76260
2024-12-18,11:00:00,93.8,94.0,93.6,93.8,59313
2024-12-18,12:00:00,93.8,94.0,93.7,94.0,41567
2024-12-18,13:00:00,94.0,94.2,93.8,94.2,45019
2024-12-18,14:00:00,94.2,95.1,94.2,94.9,108526
2024-12-18,15:00:00,95.1,95.1,95.1,95.1,4269
2024-12-19,10:00:00,100.0,100.0,97.6,97.9,1101560
2024-12-19,11:00:00,97.9,98.2,97.3,98.0,350394
2024-12-19,12:00:00,97.9,98.3,97.9,98.1,138002
2024-12-19,13:00:00,98.1,98.6,97.8,98.2,158280
2024-12-19,14:00:00,98.3,98.3,97.8,98.0,257382
2024-12-19,15:00:00,98.0,98.0,98.0,98.0,80157
2024-12-22,10:00:00,99.0,99.0,97.7,98.6,419658
2024-12-22,11:00:00,98.6,99.3,98.5,98.9,181066
2024-12-22,12:00:00,98.9,99.0,98.7,99.0,99364
2024-12-22,13:00:00,99.0,99.0,98.7,98.8,95269
2024-12-22,14:00:00,98.8,98.9,98.5,98.7,142296
2024-12-22,15:00:00,98.7,98.7,98.7,98.7,25415
2024-12-23,10:00:00,98.7,99.0,98.0,98.4,159161
2024-12-23,11:00:00,98.5,98.9,98.3,98.9,133158
2024-12-23,12:00:00,98.8,99.1,98.4,98.5,231526
2024-12-23,13:00:00,98.5,98.5,97.8,98.3,152178
2024-12-23,14:00:00,98.3,98.9,98.2,98.8,234981
2024-12-23,15:00:00,98.9,98.9,98.9,98.9,55325
2024-12-24,10:00:00,92.6,93.7,92.5,92.9,423332
2024-12-24,11:00:00,92.9,92.9,91.9,92.1,191985
2024-12-24,12:00:00,92.0,92.6,91.9,92.6,101409
2024-12-24,13:00:00,92.6,92.9,92.5,92.6,77922
2024-12-24,14:00:00,92.5,92.8,92.2,92.3,79195
2024-12-24,15:00:00,92.2,92.2,92.2,92.2,20344
2024-12-25,10:00:00,92.2,92.5,90.9,91.2,122182
2024-12-25,11:00:00,91.2,92.0,91.0,91.7,133669
2024-12-25,12:00:00,91.6,91.8,91.5,91.7,32070
2024-12-25,13:00:00,91.6,91.7,90.9,91.3,68073
2024-12-25,14:00:00,91.3,91.4,90.9,91.2,41624
2024-12-25,15:00:00,91.2,91.2,91.2,91.2,3118
2024-12-26,10:00:00,91.2,91.6,91.0,91.4,64280
2024-12-26,11:00:00,91.4,91.5,91.1,91.2,32997
2024-12-26,12:00:00,91.2,91.4,91.1,91.3,45941
2024-12-26,13:00:00,91.3,91.3,90.9,91.2,45079
2024-12-26,14:00:00,91.2,91.3,91.0,91.1,52259
2024-12-26,15:00:00,91.2,91.2,91.2,91.2,8373
2024-12-29,10:00:00,91.5,91.7,91.2,91.5,98516
2024-12-29,11:00:00,91.5,91.5,90.8,90.9,144257
2024-12-29,12:00:00,90.9,91.0,90.6,90.6,64390
2024-12-29,13:00:00,90.7,90.8,90.6,90.8,40829
2024-12-29,14:00:00,90.7,90.9,90.5,90.9,72798
2024-12-29,15:00:00,90.9,90.9,90.9,90.9,5781
2024-12-30,10:00:00,90.9,90.9,89.9,90.0,95607
2024-12-30,11:00:00,90.0,90.2,89.7,90.2,79715
2024-12-30,12:00:00,90.2,90.2,89.8,89.9,44359
2024-12-30,13:00:00,90.0,90.0,89.8,90.0,52213
2024-12-30,14:00:00,90.0,90.1,89.8,90.0,60966
2024-12-30,15:00:00,90.0,90.0,90.0,90.0,26527
2024-12-31,10:00:00,90.0,90.4,89.7,90.0,153642
2024-12-31,11:00:00,90.0,90.6,90.0,90.4,111387
2024-12-31,12:00:00,90.4,90.5,90.2,90.3,52402
2024-12-31,13:00:00,90.4,90.5,90.1,90.4,86814
2024-12-31,14:00:00,90.4,90.8,90.3,90.4,86711
2024-12-31,15:00:00,90.2,90.2,90.2,90.2,23968
2025-01-01,10:00:00,90.2,90.6,90.0,90.1,70975
2025-01-01,11:00:00,90.1,90.4,90.1,90.2,16808
2025-01-01,12:00:00,90.2,90.5,90.1,90.4,19726
2025-01-01,13:00:00,90.3,90.6,90.3,90.4,23381
2025-01-01,14:00:00,90.5,90.6,90.2,90.2,29208
2025-01-01,15:00:00,90.1,90.1,90.1,90.1,8639
2025-01-02,10:00:00,90.4,90.6,90.3,90.4,33247
2025-01-02,11:00:00,90.5,90.9,90.3,90.8,50200
2025-01-02,12:00:00,90.8,91.7,90.8,91.6,137871
2025-01-02,13:00:00,91.6,91.8,91.4,91.8,58874
2025-01-02,14:00:00,91.7,92.0,91.6,91.9,81519
2025-01-02,15:00:00,92.1,92.1,92.1,92.1,29448
2025-01-05,10:00:00,92.4,93.2,92.0,93.0,148856
2025-01-05,11:00:00,93.1,93.3,92.7,93.1,72559
2025-01-05,12:00:00,93.1,93.2,92.9,93.0,35654
2025-01-05,13:00:00,93.0,93.0,92.5,92.6,30806
2025-01-05,14:00:00,92.8,92.8,92.4,92.5,22386
2025-01-05,15:00:00,92.7,92.7,92.7,92.7,2988
2025-01-06,10:00:00,92.6,93.0,92.0,92.9,98686
2025-01-06,11:00:00,92.9,93.7,92.8,93.2,129652
2025-01-06,12:00:00,93.2,93.6,93.1,93.4,94122
2025-01-06,13:00:00,93.4,93.6,93.1,93.4,90910
2025-01-06,14:00:00,93.4,93.8,93.3,93.5,127027
2025-01-06,15:00:00,93.3,93.3,93.3,93.3,16365
2025-01-07,10:00:00,93.2,93.5,92.4,92.6,111419
2025-01-07,11:00:00,92.7,93.5,92.6,93.1,73418
2025-01-07,12:00:00,93.0,93.9,92.9,93.6,134458
2025-01-07,13:00:00,93.5,94.4,93.5,94.0,199216
2025-01-07,14:00:00,93.9,94.0,93.6,93.9,54548
2025-01-07,15:00:00,93.9,93.9,93.9,93.9,11826
2025-01-08,10:00:00,95.6,97.9,95.2,96.2,909176
2025-01-08,11:00:00,96.2,97.2,95.8,96.5,295603
2025-01-08,12:00:00,96.6,96.6,95.7,95.8,121053
2025-01-08,13:00:00,96.0,96.2,95.7,96.0,85167
2025-01-08,14:00:00,96.0,96.0,95.4,95.5,140730
2025-01-08,15:00:00,95.9,95.9,95.9,95.9,21370
2025-01-09,10:00:00,96.3,96.8,95.8,96.1,179206
2025-01-09,11:00:00,96.0,97.2,95.8,96.9,166693
2025-01-09,12:00:00,96.9,97.1,96.5,96.7,86729
2025-01-09,13:00:00,96.6,96.6,95.4,95.6,125419
2025-01-09,14:00:00,95.6,95.9,94.9,95.9,155485
2025-01-09,15:00:00,95.9,95.9,95.9,95.9,4705
2025-01-12,10:00:00,96.5,96.5,95.4,96.1,64706
2025-01-12,11:00:00,96.1,96.1,95.4,95.5,39848
2025-01-12,12:00:00,95.4,95.7,95.1,95.7,39273
2025-01-12,13:00:00,95.7,95.7,95.0,95.2,53503
2025-01-12,14:00:00,95.2,95.5,95.0,95.5,40208
2025-01-12,15:00:00,95.5,95.5,95.5,95.5,10550
2025-01-13,10:00:00,95.8,95.8,94.2,94.3,201414
2025-01-13,11:00:00,94.3,94.3,94.1,94.2,76717
2025-01-13,12:00:00,94.2,94.4,94.0,94.4,51213
2025-01-13,13:00:00,94.4,95.3,94.0,94.9,144600
2025-01-13,14:00:00,95.0,95.4,94.8,95.2,66042
2025-01-13,15:00:00,95.3,95.3,95.3,95.3,14447
2025-01-14,10:00:00,95.2,95.3,94.5,95.1,75450
2025-01-14,11:00:00,95.2,95.7,95.0,95.5,80095
2025-01-14,12:00:00,95.5,95.8,95.3,95.5,64466
2025-01-14,13:00:00,95.5,95.5,94.8,95.0,116443
2025-01-14,14:00:00,95.0,95.6,95.0,95.4,50805
2025-01-14,15:00:00,95.7,95.7,95.7,95.7,13902
2025-01-15,10:00:00,95.7,96.0,95.2,95.9,97925
2025-01-15,11:00:00,95.8,96.2,95.6,95.9,96752
2025-01-15,12:00:00,95.9,96.0,95.7,95.9,45492
2025-01-15,13:00:00,96.0,96.0,95.5,95.6,49768
2025-01-15,14:00:00,95.6,97.0,95.6,96.6,233074
2025-01-15,15:00:00,96.9,96.9,96.9,96.9,14482
2025-01-16,10:00:00,97.0,97.0,95.8,95.9,114439
2025-01-16,11:00:00,95.9,96.7,95.8,96.4,74005
2025-01-16,12:00:00,96.5,96.5,96.1,96.2,28597
2025-01-16,13:00:00,96.2,96.2,96.0,96.0,23197
2025-01-16,14:00:00,95.9,96.2,95.7,95.9,47109
2025-01-16,15:00:00,95.9,95.9,95.9,95.9,7544
2025-01-19,10:00:00,95.9,96.1,95.5,95.7,46031
2025-01-19,11:00:00,95.6,96.0,95.3,95.7,49785
2025-01-19,12:00:00,95.7,95.9,95.4,95.5,17066
2025-01-19,13:00:00,95.5,95.5,95.4,95.5,20164
2025-01-19,14:00:00,95.4,95.6,95.3,95.5,32640
2025-01-19,15:00:00,95.5,95.5,95.5,95.5,1100
2025-01-20,10:00:00,95.5,95.5,95.0,95.2,39831
2025-01-20,11:00:00,95.2,95.7,94.9,95.7,74006
2025-01-20,12:00:00,95.7,97.9,95.7,97.6,387761
2025-01-20,13:00:00,97.6,97.7,96.8,96.9,117922
2025-01-20,14:00:00,96.9,97.6,96.8,97.2,136324
2025-01-20,15:00:00,97.3,97.3,97.3,97.3,15579
2025-01-21,10:00:00,97.3,97.4,96.3,97.1,92618
2025-01-21,11:00:00,97.2,97.2,96.5,96.7,69864
2025-01-21,12:00:00,96.8,96.9,96.3,96.5,83736
2025-01-21,13:00:00,96.5,96.6,96.1,96.3,100513
2025-01-21,14:00:00,96.2,96.4,96.0,96.3,81323
2025-01-21,15:00:00,96.3,96.3,96.3,96.3,3200
2025-01-22,10:00:00,96.4,96.4,95.7,96.0,83384
2025-01-22,11:00:00,96.0,96.2,95.8,96.1,34317
2025-01-22,12:00:00,96.1,96.1,95.7,96.0,40781
2025-01-22,13:00:00,96.0,96.0,95.6,95.8,41317
2025-01-22,14:00:00,95.8,95.8,95.4,95.5,77562
2025-01-22,15:00:00,96.0,96.0,96.0,96.0,33481
2025-01-23,10:00:00,95.7,96.2,95.4,96.0,76705
2025-01-23,11:00:00,95.9,96.2,95.6,95.7,74305
2025-01-23,12:00:00,95.7,96.4,95.5,96.0,99961
2025-01-23,13:00:00,96.0,96.3,95.7,96.0,72782
2025-01-23,14:00:00,96.0,96.0,95.5,96.0,67561
2025-01-23,15:00:00,95.9,95.9,95.9,95.9,4833
2025-01-26,10:00:00,95.9,96.4,95.7,96.0,41601
2025-01-26,11:00:00,95.9,96.0,95.5,95.7,54703
2025-01-26,12:00:00,95.7,96.0,95.6,95.8,38128
2025-01-26,13:00:00,95.8,95.9,95.6,95.8,17412
2025-01-26,14:00:00,95.9,96.1,95.8,96.0,22622
2025-01-26,15:00:00,96.2,96.2,96.2,96.2,16507
2025-01-27,10:00:00,96.2,99.9,95.7,99.6,1021205
2025-01-27,11:00:00,99.5,99.7,98.3,98.6,253109
2025-01-27,12:00:00,98.6,99.3,98.5,98.6,153425
2025-01-27,13:00:00,98.7,99.0,98.0,98.0,113882
2025-01-27,14:00:00,98.1,98.5,97.9,97.9,108821
2025-01-27,15:00:00,98.0,98.0,98.0,98.0,23126
2025-01-28,10:00:00,98.1,99.3,98.1,98.6,130861
2025-01-28,11:00:00,98.5,98.6,97.3,98.0,192778
2025-01-28,12:00:00,98.0,98.2,97.7,98.0,76704
2025-01-28,13:00:00,97.9,98.7,97.8,98.5,88884
2025-01-28,14:00:00,98.6,98.8,98.2,98.3,86417
2025-01-28,15:00:00,98.9,98.9,98.9,98.9,30763
2025-01-29,10:00:00,98.9,98.9,97.6,98.0,59080
2025-01-29,11:00:00,97.9,98.0,97.5,97.8,30048
2025-01-29,12:00:00,97.8,97.9,97.6,97.6,39010
2025-01-29,13:00:00,97.7,98.2,97.4,97.7,48719
2025-01-29,14:00:00,97.8,98.0,97.7,97.8,27886
2025-01-29,15:00:00,97.5,97.5,97.5,97.5,15168
2025-01-30,10:00:00,97.8,98.2,97.6,97.8,44153
2025-01-30,11:00:00,97.8,98.0,97.7,97.9,10963
2025-01-30,12:00:00,97.9,98.1,97.8,98.0,15401
2025-01-30,13:00:00,98.0,98.3,97.8,98.2,42787
2025-01-30,14:00:00,98.2,98.3,97.8,98.2,49299
2025-01-30,15:00:00,98.4,98.4,98.4,98.4,23929
2025-02-02,10:00:00,98.4,98.8,98.0,98.0,43125
2025-02-02,11:00:00,98.0,98.4,97.9,98.1,27409
2025-02-02,12:00:00,98.2,98.3,97.9,98.3,16652
2025-02-02,13:00:00,98.3,98.4,97.9,98.0,19693
2025-02-02,14:00:00,98.1,98.8,97.8,98.1,63978
2025-02-02,15:00:00,98.5,98.5,98.5,98.5,7128
2025-02-03,10:00:00,98.3,98.3,96.8,97.5,154149
2025-02-03,11:00:00,97.3,97.7,97.0,97.0,24392
2025-02-03,12:00:00,97.2,97.2,96.9,97.2,44267
2025-02-03,13:00:00,97.2,97.5,97.0,97.2,61271
2025-02-03,14:00:00,97.2,97.4,96.8,97.4,52585
2025-02-03,15:00:00,97.7,97.7,97.7,97.7,17520
2025-02-04,10:00:00,97.6,97.6,96.9,96.9,33458
2025-02-04,11:00:00,97.0,97.5,96.9,97.5,45592
2025-02-04,12:00:00,97.4,97.5,97.1,97.4,20624
2025-02-04,13:00:00,97.4,97.6,97.2,97.5,28202
2025-02-04,14:00:00,97.5,97.7,97.1,97.4,52733
2025-02-04,15:00:00,97.7,97.7,97.7,97.7,27646
2025-02-05,10:00:00,97.5,97.5,96.7,97.2,91507
2025-02-05,11:00:00,97.2,97.4,97.1,97.2,30168
2025-02-05,12:00:00,97.1,97.8,97.1,97.6,42228
2025-02-05,13:00:00,97.7,97.9,97.3,97.6,49562
2025-02-05,14:00:00,97.5,97.8,97.4,97.7,30722
2025-02-05,15:00:00,97.8,97.8,97.8,97.8,19754
2025-02-06,10:00:00,97.8,98.0,97.4,97.8,34429
2025-02-06,11:00:00,97.8,98.6,97.6,98.2,81570
2025-02-06,12:00:00,98.2,98.5,98.0,98.4,44945
2025-02-06,13:00:00,98.3,98.6,98.3,98.5,52838
2025-02-06,14:00:00,98.5,98.7,98.2,98.3,71566
2025-02-06,15:00:00,98.7,98.7,98.7,98.7,12830
2025-02-09,10:00:00,98.5,98.6,98.0,98.1,33242
2025-02-09,11:00:00,98.3,98.3,98.0,98.1,9461
2025-02-09,12:00:00,98.2,98.2,97.9,98.0,21013
2025-02-09,13:00:00,98.0,98.5,97.9,98.2,30347
2025-02-09,14:00:00,98.2,98.6,98.0,98.2,34160
2025-02-09,15:00:00,98.1,98.1,98.1,98.1,1198
2025-02-10,10:00:00,98.1,98.4,97.7,97.7,54352
2025-02-10,11:00:00,97.8,98.0,97.7,97.9,11710
2025-02-10,12:00:00,97.9,98.0,97.8,97.9,14918
2025-02-10,13:00:00,97.8,97.9,97.6,97.6,30143
2025-02-10,14:00:00,97.7,97.7,97.4,97.7,64255
2025-02-10,15:00:00,97.8,97.8,97.8,97.8,14778
2025-02-11,10:00:00,97.8,98.4,97.5,98.3,39212
2025-02-11,11:00:00,98.3,98.6,98.0,98.5,56247
2025-02-11,12:00:00,98.5,98.6,98.1,98.2,37512
2025-02-11,13:00:00,98.3,99.2,98.2,98.6,134598
2025-02-11,14:00:00,98.6,98.8,98.5,98.8,55522
2025-02-11,15:00:00,99.4,99.4,99.4,99.4,96447
2025-02-12,10:00:00,99.3,99.3,98.1,98.3,53628
2025-02-12,11:00:00,98.3,98.7,98.1,98.3,34981
2025-02-12,12:00:00,98.3,98.4,98.1,98.1,67724
2025-02-12,13:00:00,98.2,98.3,97.7,97.9,68986
2025-02-12,14:00:00,97.9,98.3,97.9,98.3,67029
2025-02-12,15:00:00,99.0,99.0,99.0,99.0,56120
2025-02-13,10:00:00,98.7,98.7,97.8,98.1,90563
2025-02-13,11:00:00,98.1,98.4,97.9,98.2,55286
2025-02-13,12:00:00,98.2,98.3,97.6,97.8,65501
2025-02-13,13:00:00,97.7,97.9,97.5,97.7,47402
2025-02-13,14:00:00,97.7,97.9,97.4,97.5,89009
2025-02-13,15:00:00,97.9,97.9,97.9,97.9,12600
2025-02-16,10:00:00,97.9,97.9,97.5,97.7,28912
2025-02-16,11:00:00,97.7,97.7,97.5,97.7,21641
2025-02-16,12:00:00,97.7,97.7,97.4,97.5,19335
2025-02-16,13:00:00,97.5,97.6,97.2,97.2,23668
2025-02-16,14:00:00,97.3,97.5,96.8,97.0,32791
2025-02-16,15:00:00,97.0,97.0,97.0,97.0,3530
2025-02-17,10:00:00,97.0,97.4,95.8,96.0,65593
2025-02-17,11:00:00,96.0,96.3,95.8,96.1,31113
2025-02-17,12:00:00,96.1,96.4,95.9,96.1,58232
2025-02-17,13:00:00,96.1,96.2,96.0,96.2,24529
2025-02-17,14:00:00,96.2,96.2,95.6,95.8,65266
2025-02-17,15:00:00,96.0,96.0,96.0,96.0,8739
2025-02-18,10:00:00,96.6,97.0,96.2,96.5,120340
2025-02-18,11:00:00,96.5,96.6,96.2,96.5,26773
2025-02-18,12:00:00,96.5,96.8,96.4,96.5,53408
2025-02-18,13:00:00,96.4,96.6,96.2,96.5,24879
2025-02-18,14:00:00,96.5,96.6,96.2,96.3,126684
2025-02-18,15:00:00,96.5,96.5,96.5,96.5,17236
2025-02-19,10:00:00,96.4,96.4,95.6,95.8,32607
2025-02-19,11:00:00,95.8,95.9,95.6,95.8,24163
2025-02-19,12:00:00,95.8,95.9,95.5,95.7,25254
2025-02-19,13:00:00,95.8,96.2,95.6,95.7,34916
2025-02-19,14:00:00,95.8,96.5,95.5,96.0,109832
2025-02-19,15:00:00,96.7,96.7,96.7,96.7,27345
2025-02-20,10:00:00,95.5,96.2,94.5,95.7,226357
2025-02-20,11:00:00,95.7,96.2,95.4,95.4,80047
2025-02-20,12:00:00,95.5,96.3,95.2,96.0,86702
2025-02-20,13:00:00,95.9,96.0,95.6,95.7,64609
2025-02-20,14:00:00,95.7,96.4,95.4,96.4,141242
2025-02-20,15:00:00,96.5,96.5,96.5,96.5,28927
2025-02-24,10:00:00,96.4,96.6,95.9,96.1,31764
2025-02-24,11:00:00,96.0,97.4,96.0,97.4,70977
2025-02-24,12:00:00,97.4,97.9,96.5,96.8,83447
2025-02-24,13:00:00,96.7,97.0,96.3,96.6,43994
2025-02-24,14:00:00,96.5,96.8,96.3,96.7,43866
2025-02-24,15:00:00,96.8,96.8,96.8,96.8,11870
2025-02-25,10:00:00,96.8,96.8,95.8,96.1,55861
2025-02-25,11:00:00,96.1,96.5,95.7,96.5,78201
2025-02-25,12:00:00,96.3,96.8,96.2,96.5,32204
2025-02-25,13:00:00,96.5,96.8,96.3,96.5,39822
2025-02-25,14:00:00,96.5,96.6,96.4,96.5,40712
2025-02-25,15:00:00,96.6,96.6,96.6,96.6,8988
2025-02-26,10:00:00,96.6,96.6,96.0,96.1,19426
2025-02-26,11:00:00,96.2,97.0,96.1,96.6,29215
2025-02-26,12:00:00,96.6,97.3,96.6,96.7,55852
2025-02-26,13:00:00,96.7,97.0,96.6,96.8,14565
2025-02-26,14:00:00,96.7,97.0,96.2,96.6,45993
2025-02-26,15:00:00,96.9,96.9,96.9,96.9,17114
2025-02-27,10:00:00,96.9,97.2,96.5,97.0,18554
2025-02-27,11:00:00,97.1,97.5,96.7,97.1,52301
2025-02-27,12:00:00,97.1,97.2,96.3,96.8,38323
2025-02-27,13:00:00,96.9,97.1,96.8,96.8,30495
2025-02-27,14:00:00,96.8,97.7,96.6,97.4,99640
2025-02-27,15:00:00,97.8,97.8,97.8,97.8,60015
2025-03-02,10:00:00,97.1,97.8,97.1,97.4,21415
2025-03-02,11:00:00,97.4,97.7,96.8,96.8,18913
2025-03-02,12:00:00,96.8,97.0,95.6,96.0,38742
2025-03-02,13:00:00,96.0,96.5,95.8,96.1,45735
2025-03-02,14:00:00,96.1,96.8,96.1,96.4,52946
2025-03-02,15:00:00,97.5,97.5,97.5,97.5,26400
2025-03-03,10:00:00,97.3,97.6,96.6,97.1,51045
2025-03-03,11:00:00,97.1,97.7,97.1,97.4,68109
2025-03-03,12:00:00,97.4,97.8,97.4,97.7,87863
2025-03-03,13:00:00,97.7,98.0,97.3,97.4,72780
2025-03-03,14:00:00,97.5,97.9,97.0,97.4,127007
2025-03-03,15:00:00,97.2,97.2,97.2,97.2,18867
2025-03-04,10:00:00,96.7,97.7,96.6,97.2,62504
2025-03-04,11:00:00,97.2,98.0,97.2,97.3,132062
2025-03-04,12:00:00,97.2,97.5,96.2,96.3,101808
2025-03-04,13:00:00,96.3,96.5,95.8,96.4,93140
2025-03-04,14:00:00,96.5,96.7,94.3,94.8,266244
2025-03-04,15:00:00,96.0,96.0,96.0,96.0,56829
2025-03-05,10:00:00,96.2,97.1,96.0,96.8,85169
2025-03-05,11:00:00,96.9,97.0,96.4,96.6,30382
2025-03-05,12:00:00,96.5,96.7,96.2,96.3,48411
2025-03-05,13:00:00,96.4,96.8,96.3,96.5,47869
2025-03-05,14:00:00,96.5,97.2,96.2,96.9,103022
2025-03-05,15:00:00,97.1,97.1,97.1,97.1,23230
2025-03-06,10:00:00,97.0,97.0,95.3,96.3,97846
2025-03-06,11:00:00,96.4,96.4,95.3,95.5,99228
2025-03-06,12:00:00,95.6,96.3,95.5,96.2,57213
2025-03-06,13:00:00,96.2,96.4,95.9,96.0,66541
2025-03-06,14:00:00,95.9,97.0,95.7,96.9,124005
2025-03-06,15:00:00,97.1,97.1,97.1,97.1,44571
2025-03-09,10:00:00,97.0,97.0,96.4,96.9,22481
2025-03-09,11:00:00,96.9,97.6,96.4,97.6,41710
2025-03-09,12:00:00,97.6,97.7,97.5,97.6,30073
2025-03-09,13:00:00,97.6,98.0,97.6,97.9,61192
2025-03-09,14:00:00,97.7,97.8,97.5,97.7,20751
2025-03-09,15:00:00,97.8,97.8,97.8,97.8,2751
2025-03-10,10:00:00,97.8,97.8,96.9,97.3,43311
2025-03-10,11:00:00,97.3,98.0,97.2,97.6,35553
2025-03-10,12:00:00,97.5,97.5,96.1,96.2,69808
2025-03-10,13:00:00,96.2,96.4,94.8,95.5,145834
2025-03-10,14:00:00,95.6,95.9,95.0,95.2,122074
2025-03-10,15:00:00,95.0,95.0,95.0,95.0,16838
2025-03-11,10:00:00,95.0,95.0,93.0,93.6,84412
2025-03-11,11:00:00,93.6,94.3,93.4,93.8,49541
2025-03-11,12:00:00,93.7,94.7,93.2,94.6,58185
2025-03-11,13:00:00,94.6,95.6,94.4,95.3,86349
2025-03-11,14:00:00,95.2,95.5,94.8,95.3,51268
2025-03-11,15:00:00,94.9,94.9,94.9,94.9,12124
2025-03-12,10:00:00,94.9,95.4,94.8,95.3,26474
2025-03-12,11:00:00,95.3,95.4,94.9,95.3,110051
2025-03-12,12:00:00,95.3,96.1,95.3,96.0,75084
2025-03-12,13:00:00,96.0,96.5,95.9,96.2,40093
2025-03-12,14:00:00,96.2,96.4,95.5,95.6,57032
2025-03-12,15:00:00,96.0,96.0,96.0,96.0,15214
2025-03-13,10:00:00,95.7,96.0,95.2,95.4,55758
2025-03-13,11:00:00,95.4,95.8,95.1,95.4,161248
2025-03-13,12:00:00,95.3,95.7,95.2,95.6,66526
2025-03-13,13:00:00,95.5,95.7,95.4,95.5,53780
2025-03-13,14:00:00,95.5,95.6,95.2,95.4,73085
2025-03-13,15:00:00,95.4,95.4,95.4,95.4,14446
2025-03-16,10:00:00,95.5,95.9,95.2,95.5,52941
2025-03-16,11:00:00,95.5,95.5,95.0,95.2,115930
2025-03-16,12:00:00,95.3,95.5,95.0,95.4,79240
2025-03-16,13:00:00,95.4,95.5,95.2,95.4,60612
2025-03-16,14:00:00,95.5,95.8,95.3,95.4,119706
2025-03-16,15:00:00,95.4,95.4,95.4,95.4,9583
2025-03-17,10:00:00,95.5,97.2,95.4,96.9,193657
2025-03-17,11:00:00,96.9,97.0,96.4,96.7,40132
2025-03-17,12:00:00,96.7,96.7,96.3,96.4,50519
2025-03-17,13:00:00,96.4,96.4,95.8,96.2,95586
2025-03-17,14:00:00,96.3,96.3,95.9,96.0,67300
2025-03-17,15:00:00,96.1,96.1,96.1,96.1,10493
2025-03-18,10:00:00,96.1,96.1,95.5,95.9,85016
2025-03-18,11:00:00,95.8,96.6,95.8,96.4,83319
2025-03-18,12:00:00,96.3,96.8,96.3,96.5,73232
2025-03-18,13:00:00,96.4,96.7,95.9,96.1,86404
2025-03-18,14:00:00,96.0,96.5,95.8,95.8,163899
2025-03-18,15:00:00,96.4,96.4,96.4,96.4,37150
2025-03-19,10:00:00,94.0,94.0,92.8,93.2,170787
2025-03-19,11:00:00,93.1,93.2,92.0,92.5,115449
2025-03-19,12:00:00,92.6,92.9,92.3,92.9,65513
2025-03-19,13:00:00,92.8,93.2,92.5,93.1,58681
2025-03-19,14:00:00,93.1,93.2,92.7,93.0,84734
2025-03-19,15:00:00,93.2,93.2,93.2,93.2,20901
2025-03-20,10:00:00,93.0,93.5,92.2,93.2,99038
2025-03-20,11:00:00,93.3,93.3,92.9,92.9,56994
2025-03-20,12:00:00,93.0,93.2,92.8,93.0,26046
2025-03-20,13:00:00,93.0,93.1,92.6,92.9,59539
2025-03-20,14:00:00,93.0,93.8,92.6,93.8,99069
2025-03-20,15:00:00,93.9,93.9,93.9,93.9,129029
2025-03-23,10:00:00,93.8,94.0,92.7,93.7,27740
2025-03-23,11:00:00,93.6,93.8,93.5,93.7,11195
2025-03-23,12:00:00,93.7,93.9,93.5,93.7,12172
2025-03-23,13:00:00,93.6,93.9,93.6,93.8,10213
2025-03-23,14:00:00,93.8,93.8,93.2,93.4,28793
2025-03-23,15:00:00,93.2,93.2,93.2,93.2,1335
2025-03-24,10:00:00,93.2,93.5,93.2,93.3,12515
2025-03-24,11:00:00,93.3,93.8,93.2,93.5,53904
2025-03-24,12:00:00,93.5,93.8,93.2,93.8,21121
2025-03-24,13:00:00,93.7,93.8,93.2,93.3,21870
2025-03-24,14:00:00,93.4,93.5,93.2,93.4,35626
2025-03-24,15:00:00,93.1,93.1,93.1,93.1,6579
2025-03-25,10:00:00,93.6,93.8,93.1,93.7,21665
2025-03-25,11:00:00,93.6,93.7,93.2,93.3,11334
2025-03-25,12:00:00,93.3,93.4,93.1,93.2,14005
2025-03-25,13:00:00,93.3,93.3,92.8,93.2,35542
2025-03-25,14:00:00,93.1,93.3,92.0,92.3,45181
2025-03-25,15:00:00,91.8,91.8,91.8,91.8,31010
2025-03-26,10:00:00,92.4,93.0,92.4,92.7,23958
2025-03-26,11:00:00,92.8,92.9,92.6,92.8,26298
2025-03-26,12:00:00,92.8,93.4,92.8,93.0,36641
2025-03-26,13:00:00,93.0,93.4,93.0,93.4,40215
2025-03-26,14:00:00,93.3,93.9,93.1,93.9,87738
2025-03-26,15:00:00,93.9,93.9,93.9,93.9,25942
2025-03-27,10:00:00,93.8,94.2,93.5,93.8,35966
2025-03-27,11:00:00,93.8,94.3,93.7,94.2,13494
2025-03-27,12:00:00,94.2,94.3,93.8,93.9,21024
2025-03-27,13:00:00,93.9,93.9,93.6,93.7,25340
2025-03-27,14:00:00,93.9,94.2,93.7,94.2,52713
2025-03-27,15:00:00,94.2,94.2,94.2,94.2,24079
2025-04-03,10:00:00,93.4,94.3,93.0,94.0,83914
2025-04-03,11:00:00,94.0,94.1,93.5,93.9,29094
2025-04-03,12:00:00,93.9,94.5,93.8,94.2,56353
2025-04-03,13:00:00,94.2,94.3,93.2,93.5,76745
2025-04-03,14:00:00,93.3,93.8,93.1,93.2,67678
2025-04-03,15:00:00,93.1,93.1,93.1,93.1,36927
2025-04-06,10:00:00,88.7,90.0,88.0,89.6,170543
2025-04-06,11:00:00,89.6,90.2,89.4,89.9,105434
2025-04-06,12:00:00,89.9,90.1,89.4,89.5,38771
2025-04-06,13:00:00,89.4,89.6,87.9,88.3,69168
2025-04-06,14:00:00,88.3,89.0,87.0,87.9,130072
2025-04-06,15:00:00,87.6,87.6,87.6,87.6,6364
2025-04-07,10:00:00,86.0,87.9,83.8,87.9,235963
2025-04-07,11:00:00,87.9,90.1,87.6,89.7,138262
2025-04-07,12:00:00,89.8,90.5,89.1,89.4,179917
2025-04-07,13:00:00,89.5,90.1,89.3,89.8,80713
2025-04-07,14:00:00,89.8,90.1,89.7,89.9,128848
2025-04-07,15:00:00,90.0,90.0,90.0,90.0,35201
2025-04-08,10:00:00,91.3,93.5,91.1,91.3,243820
2025-04-08,11:00:00,91.4,91.6,89.9,90.0,206017
2025-04-08,12:00:00,90.0,90.4,89.3,89.5,154253
2025-04-08,13:00:00,89.5,90.8,89.4,90.2,112808
2025-04-08,14:00:00,90.2,91.1,89.7,90.8,156192
2025-04-08,15:00:00,90.9,90.9,90.9,90.9,33143
2025-04-09,10:00:00,90.8,91.7,90.0,91.2,80299
2025-04-09,11:00:00,91.3,91.5,90.8,91.0,92136
2025-04-09,12:00:00,91.2,91.2,90.2,90.2,41874
2025-04-09,13:00:00,90.2,90.8,90.0,90.2,57993
2025-04-09,14:00:00,90.3,90.6,89.3,89.3,121235
2025-04-09,15:00:00,90.2,90.2,90.2,90.2,28904
2025-04-10,10:00:00,93.8,93.8,91.7,91.9,156188
2025-04-10,11:00:00,91.8,92.2,91.6,92.0,65917
2025-04-10,12:00:00,91.9,92.1,91.6,91.9,31926
2025-04-10,13:00:00,91.8,92.2,91.6,91.8,56493
2025-04-10,14:00:00,91.8,92.0,91.6,91.9,54840
2025-04-10,15:00:00,92.1,92.1,92.1,92.1,27896
2025-04-13,10:00:00,92.1,92.8,91.5,92.6,53217
2025-04-13,11:00:00,92.6,93.0,92.4,92.8,45517
2025-04-13,12:00:00,92.7,93.0,92.7,92.8,30645
2025-04-13,13:00:00,92.8,93.0,92.8,92.9,25923
2025-04-13,14:00:00,92.8,92.9,92.6,92.7,33961
2025-04-13,15:00:00,92.4,92.4,92.4,92.4,9125
2025-04-14,10:00:00,93.1,93.3,92.5,93.0,69617
2025-04-14,11:00:00,93.0,93.1,92.8,92.9,32444
2025-04-14,12:00:00,92.9,93.0,92.6,92.6,43881
2025-04-14,13:00:00,92.6,93.0,92.6,92.7,44767
2025-04-14,14:00:00,92.7,92.9,92.6,92.9,47359
2025-04-14,15:00:00,93.0,93.0,93.0,93.0,8797
2025-04-15,10:00:00,93.0,94.5,92.9,94.4,150577
2025-04-15,11:00:00,94.3,95.4,94.3,95.1,134295
2025-04-15,12:00:00,95.1,95.1,94.2,95.0,83188
2025-04-15,13:00:00,95.0,95.2,94.7,95.1,58405
2025-04-15,14:00:00,95.0,95.5,94.7,95.0,133367
2025-04-15,15:00:00,94.8,94.8,94.8,94.8,39666
2025-04-16,10:00:00,94.9,95.1,93.6,94.7,79522
2025-04-16,11:00:00,94.7,94.7,93.9,94.2,53551
2025-04-16,12:00:00,94.2,94.5,93.7,94.1,51410
2025-04-16,13:00:00,94.1,94.4,93.8,94.0,38996
2025-04-16,14:00:00,94.0,94.2,93.6,94.1,43214
2025-04-16,15:00:00,94.0,94.0,94.0,94.0,23604
2025-04-17,10:00:00,93.5,94.1,93.3,94.0,40831
2025-04-17,11:00:00,94.1,94.2,93.7,94.0,39493
2025-04-17,12:00:00,94.0,94.0,93.5,93.9,23407
2025-04-17,13:00:00,93.9,94.0,93.5,93.7,46802
2025-04-17,14:00:00,93.6,93.7,92.5,93.0,50510
2025-04-17,15:00:00,93.0,93.0,93.0,93.0,9690
2025-04-20,10:00:00,93.2,93.9,93.2,93.9,34405
2025-04-20,11:00:00,93.9,93.9,93.7,93.8,13022
2025-04-20,12:00:00,93.8,93.9,93.7,93.7,14545
2025-04-20,13:00:00,93.7,93.9,93.6,93.9,9654
2025-04-20,14:00:00,93.9,94.0,93.6,93.8,17946
2025-04-20,15:00:00,93.7,93.7,93.7,93.7,506
2025-04-21,10:00:00,93.8,94.0,93.2,93.3,44256
2025-04-21,11:00:00,93.3,93.4,92.8,92.9,36205
2025-04-21,12:00:00,92.9,93.0,92.5,92.7,32823
2025-04-21,13:00:00,92.7,92.7,92.2,92.4,31014
2025-04-21,14:00:00,92.4,92.4,91.8,91.8,53854
2025-04-21,15:00:00,92.0,92.0,92.0,92.0,2596
2025-04-22,10:00:00,92.0,92.0,91.0,91.6,86366
2025-04-22,11:00:00,91.6,91.8,91.4,91.6,42869
2025-04-22,12:00:00,91.6,91.9,91.6,91.7,53751
2025-04-22,13:00:00,91.8,91.8,91.1,91.1,51652
2025-04-22,14:00:00,91.2,91.5,91.1,91.4,44764
2025-04-22,15:00:00,91.2,91.2,91.2,91.2,14756
2025-04-23,10:00:00,91.9,92.5,91.7,92.4,85478
2025-04-23,11:00:00,92.4,93.1,92.3,92.7,42410
2025-04-23,12:00:00,92.6,92.7,91.7,92.2,64057
2025-04-23,13:00:00,92.3,92.3,91.9,92.1,35321
2025-04-23,14:00:00,92.1,92.1,91.7,91.8,31104
2025-04-23,15:00:00,92.4,92.4,92.4,92.4,17541
2025-04-24,10:00:00,92.2,93.4,91.9,92.3,96986
2025-04-24,11:00:00,92.3,92.4,91.8,92.0,70241
2025-04-24,12:00:00,91.9,92.2,91.7,91.8,70112
2025-04-24,13:00:00,91.8,92.1,91.6,92.0,51104
2025-04-24,14:00:00,92.0,92.2,91.7,92.2,38927
2025-04-24,15:00:00,91.9,91.9,91.9,91.9,22363
2025-04-27,10:00:00,92.0,92.4,91.9,91.9,28717
2025-04-27,11:00:00,92.0,92.0,91.5,91.7,22449
2025-04-27,12:00:00,91.7,91.9,91.5,91.6,23955
2025-04-27,13:00:00,91.7,91.8,91.2,91.6,32193
2025-04-27,14:00:00,91.7,91.7,91.4,91.4,20678
2025-04-27,15:00:00,91.8,91.8,91.8,91.8,3139
2025-04-28,10:00:00,92.0,92.1,91.3,92.0,54827
2025-04-28,11:00:00,92.1,92.5,91.8,92.5,70673
2025-04-28,12:00:00,92.5,92.5,92.2,92.4,27970
2025-04-28,13:00:00,92.4,92.7,92.3,92.6,46135
2025-04-28,14:00:00,92.6,93.0,92.4,93.0,55868
2025-04-28,15:00:00,92.9,92.9,92.9,92.9,11963
2025-04-29,10:00:00,92.5,93.0,92.4,92.9,18164
2025-04-29,11:00:00,92.8,93.5,92.7,93.5,69189
2025-04-29,12:00:00,93.4,93.6,93.3,93.4,36350
2025-04-29,13:00:00,93.3,93.9,93.3,93.7,39593
2025-04-29,14:00:00,93.8,94.0,93.5,94.0,45153
2025-04-29,15:00:00,94.0,94.0,94.0,94.0,7795
2025-04-30,10:00:00,94.0,94.4,93.3,93.4,33523
2025-04-30,11:00:00,93.3,93.6,93.2,93.4,17810
2025-04-30,12:00:00,93.3,93.4,93.1,93.4,9655
2025-04-30,13:00:00,93.3,93.5,93.2,93.3,16074
2025-04-30,14:00:00,93.4,93.7,93.3,93.7,29796
2025-04-30,15:00:00,94.0,94.0,94.0,94.0,31187
2025-05-01,10:00:00,93.3,93.6,92.8,92.9,29029
2025-05-01,11:00:00,92.8,92.9,92.6,92.6,17079
2025-05-01,12:00:00,92.6,92.6,92.0,92.2,34777
2025-05-01,13:00:00,92.2,92.4,91.7,91.7,54462
2025-05-01,14:00:00,91.7,91.9,91.2,91.7,62754
2025-05-01,15:00:00,91.6,91.6,91.6,91.6,19742
2025-05-04,10:00:00,91.8,92.4,91.7,91.8,11963
2025-05-04,11:00:00,91.8,91.9,91.7,91.7,7209
2025-05-04,12:00:00,91.7,91.9,91.6,91.8,6014
2025-05-04,13:00:00,91.8,92.1,91.7,92.0,10226
2025-05-04,14:00:00,92.0,92.0,91.7,91.7,13590
2025-05-04,15:00:00,91.6,91.6,91.6,91.6,6311
2025-05-05,10:00:00,91.3,92.0,91.1,91.9,30299
2025-05-05,11:00:00,91.9,91.9,90.8,91.0,62376
2025-05-05,12:00:00,90.9,91.0,90.6,90.9,50937
2025-05-05,13:00:00,90.9,91.2,90.9,91.0,43148
2025-05-05,14:00:00,91.0,91.0,90.9,91.0,49568
2025-05-05,15:00:00,90.8,90.8,90.8,90.8,11663
2025-05-06,10:00:00,91.0,91.0,89.8,90.9,108972
2025-05-06,11:00:00,90.8,91.0,90.6,91.0,30377
2025-05-06,12:00:00,90.9,91.0,90.2,90.7,24885
2025-05-06,13:00:00,90.7,90.9,90.4,90.6,20130
2025-05-06,14:00:00,90.5,91.0,90.4,90.9,29493
2025-05-06,15:00:00,90.9,90.9,90.9,90.9,10469
2025-05-07,10:00:00,90.9,91.0,90.3,90.8,15852
2025-05-07,11:00:00,90.7,91.3,90.7,90.9,27371
2025-05-07,12:00:00,90.9,91.0,90.9,90.9,21383
2025-05-07,13:00:00,91.0,91.0,90.2,90.3,62243
2025-05-07,14:00:00,90.4,90.9,90.4,90.6,12090
2025-05-07,15:00:00,90.9,90.9,90.9,90.9,7929
2025-05-08,10:00:00,90.8,91.1,90.6,91.1,18873
2025-05-08,11:00:00,91.2,92.2,91.0,91.2,68141
2025-05-08,12:00:00,91.3,91.5,90.9,91.0,30514
2025-05-08,13:00:00,91.0,91.0,90.8,91.0,21300
2025-05-08,14:00:00,91.0,91.1,90.5,90.7,29814
2025-05-08,15:00:00,90.9,90.9,90.9,90.9,14019
2025-05-11,10:00:00,91.3,92.3,91.3,91.6,30885
2025-05-11,11:00:00,91.5,91.7,91.4,91.5,12435
2025-05-11,12:00:00,91.5,91.6,91.3,91.6,12406
2025-05-11,13:00:00,91.5,91.6,91.4,91.6,8456
2025-05-11,14:00:00,91.5,91.6,91.3,91.6,14017
2025-05-11,15:00:00,91.7,91.7,91.7,91.7,2637
2025-05-12,10:00:00,91.8,92.4,91.5,91.9,44215
2025-05-12,11:00:00,91.8,92.0,91.4,91.6,37461
2025-05-12,12:00:00,91.5,91.6,90.8,90.9,56232
2025-05-12,13:00:00,90.9,91.0,90.3,90.7,63796
2025-05-12,14:00:00,90.7,91.0,90.6,91.0,43314
2025-05-12,15:00:00,90.8,90.8,90.8,90.8,19273
2025-05-13,10:00:00,91.0,91.3,90.6,91.2,36508
2025-05-13,11:00:00,91.2,91.4,90.8,91.0,25855
2025-05-13,12:00:00,91.0,91.0,90.6,90.9,33188
2025-05-13,13:00:00,90.9,91.0,90.6,91.0,27284
2025-05-13,14:00:00,91.0,91.0,90.8,91.0,31267
2025-05-13,15:00:00,91.0,91.0,91.0,91.0,9782
2025-05-14,10:00:00,91.5,91.5,90.8,91.2,25115
2025-05-14,11:00:00,91.3,91.3,90.8,90.8,19130
2025-05-14,12:00:00,90.8,91.1,90.8,91.0,45099
2025-05-14,13:00:00,90.9,91.0,90.3,90.7,96099
2025-05-14,14:00:00,90.7,90.8,90.4,90.6,61800
2025-05-14,15:00:00,91.0,91.0,91.0,91.0,14962
2025-05-15,10:00:00,90.6,90.6,89.5,89.8,58083
2025-05-15,11:00:00,89.8,90.1,89.7,90.0,31596
2025-05-15,12:00:00,90.0,90.1,89.9,90.0,34274
2025-05-15,13:00:00,90.0,90.0,89.7,89.9,17502
2025-05-15,14:00:00,89.9,90.2,89.9,90.2,41514
2025-05-15,15:00:00,90.2,90.2,90.2,90.2,47333
2025-05-18,10:00:00,90.2,90.4,89.6,89.7,38002
2025-05-18,11:00:00,89.7,90.2,89.6,90.2,32135
2025-05-18,12:00:00,90.1,90.2,89.9,90.2,15244
2025-05-18,13:00:00,90.2,90.4,90.1,90.3,9140
2025-05-18,14:00:00,90.3,90.4,90.0,90.1,6994
2025-05-18,15:00:00,90.1,90.1,90.1,90.1,250
2025-05-19,10:00:00,89.9,90.0,88.4,88.6,126101
2025-05-19,11:00:00,88.6,88.6,87.8,87.8,94301
2025-05-19,12:00:00,87.9,87.9,86.5,86.6,160972
2025-05-19,13:00:00,86.5,86.9,86.2,86.7,107392
2025-05-19,14:00:00,86.6,86.7,85.8,86.2,154259
2025-05-19,15:00:00,85.9,85.9,85.9,85.9,22954
2025-05-20,10:00:00,86.6,87.6,85.5,87.0,234877
2025-05-20,11:00:00,87.1,88.1,86.9,87.9,228707
2025-05-20,12:00:00,87.9,87.9,87.0,87.4,90308
2025-05-20,13:00:00,87.4,87.9,87.3,87.6,70623
2025-05-20,14:00:00,87.6,87.7,87.2,87.6,102473
2025-05-20,15:00:00,87.3,87.3,87.3,87.3,35882
2025-05-21,10:00:00,87.6,88.0,87.0,87.1,70715
2025-05-21,11:00:00,87.1,87.2,86.7,86.9,54714
2025-05-21,12:00:00,86.9,86.9,86.4,86.6,39124
2025-05-21,13:00:00,86.7,87.1,86.7,87.0,44038
2025-05-21,14:00:00,87.0,87.2,86.9,87.0,99708
2025-05-21,15:00:00,86.9,86.9,86.9,86.9,16767
2025-05-22,10:00:00,86.6,87.1,86.1,86.1,44117
2025-05-22,11:00:00,86.1,86.4,85.8,85.9,81134
2025-05-22,12:00:00,85.9,86.1,85.8,86.0,42057
2025-05-22,13:00:00,86.0,86.3,85.9,85.9,60535
2025-05-22,14:00:00,85.9,86.2,85.8,86.0,66580
2025-05-22,15:00:00,86.5,86.5,86.5,86.5,19895
2025-05-25,10:00:00,86.7,87.2,86.4,86.8,22706
2025-05-25,11:00:00,86.8,86.9,86.6,86.7,9831
2025-05-25,12:00:00,86.7,86.8,86.5,86.8,24402
2025-05-25,13:00:00,86.6,86.8,86.1,86.6,30227
2025-05-25,14:00:00,86.5,86.8,86.1,86.6,11404
2025-05-25,15:00:00,86.6,86.6,86.6,86.6,3804
2025-05-26,10:00:00,86.2,86.9,86.2,86.4,30258
2025-05-26,11:00:00,86.5,87.3,86.5,86.8,23419
2025-05-26,12:00:00,86.8,86.8,86.4,86.5,12752
2025-05-26,13:00:00,86.6,86.6,85.7,86.0,51992
2025-05-26,14:00:00,86.0,86.6,85.8,86.5,33642
2025-05-26,15:00:00,86.3,86.3,86.3,86.3,9057
2025-05-27,10:00:00,86.3,86.7,84.9,85.1,77967
2025-05-27,11:00:00,85.1,85.1,84.4,85.0,59985
2025-05-27,12:00:00,85.0,85.3,84.8,85.2,35209
2025-05-27,13:00:00,85.1,85.5,85.0,85.3,45380
2025-05-27,14:00:00,85.4,86.3,85.1,85.3,103647
2025-05-27,15:00:00,85.0,85.0,85.0,85.0,13513
2025-05-28,10:00:00,85.3,86.8,85.3,86.6,63756
2025-05-28,11:00:00,86.6,87.1,86.4,86.8,37280
2025-05-28,12:00:00,86.8,87.2,86.5,86.6,84086
2025-05-28,13:00:00,86.6,87.0,86.6,87.0,21917
2025-05-28,14:00:00,86.9,87.3,86.7,86.7,31226
2025-05-28,15:00:00,87.1,87.1,87.1,87.1,13014
2025-05-29,10:00:00,87.1,87.6,86.4,86.7,48257
2025-05-29,11:00:00,86.6,86.9,86.4,86.7,48749
2025-05-29,12:00:00,86.7,87.3,86.6,86.7,45259
2025-05-29,13:00:00,86.6,86.9,86.2,86.8,65492
2025-05-29,14:00:00,86.8,86.9,86.4,86.7,71961
2025-05-29,15:00:00,86.9,86.9,86.9,86.9,59162
2025-06-01,10:00:00,86.9,87.3,86.6,87.2,50526
2025-06-01,11:00:00,87.1,87.2,86.9,87.0,24414
2025-06-01,12:00:00,87.1,87.1,86.8,86.9,16937
2025-06-01,13:00:00,86.9,87.0,86.5,86.8,29877
2025-06-01,14:00:00,86.8,87.0,86.6,86.9,23696
2025-06-01,15:00:00,87.0,87.0,87.0,87.0,2023
2025-06-02,10:00:00,86.7,87.3,86.2,86.2,55826
2025-06-02,11:00:00,86.3,86.3,85.6,85.9,54741
2025-06-02,12:00:00,85.9,86.4,85.8,86.3,44796
2025-06-02,13:00:00,86.4,86.4,85.8,86.0,49885
2025-06-02,14:00:00,86.0,86.6,85.9,86.3,50526
2025-06-02,15:00:00,86.3,86.3,86.3,86.3,10036
2025-06-03,10:00:00,86.6,86.6,85.9,86.1,21389
2025-06-03,11:00:00,86.2,87.0,86.1,86.8,42297
2025-06-03,12:00:00,86.8,87.2,86.6,87.2,28859
2025-06-03,13:00:00,87.2,87.4,86.8,87.0,47229
2025-06-03,14:00:00,86.9,87.1,86.6,86.8,87156
2025-06-03,15:00:00,87.0,87.0,87.0,87.0,7116
2025-06-04,10:00:00,86.6,87.2,86.3,86.7,33706
2025-06-04,11:00:00,86.7,87.0,86.6,86.8,34364
2025-06-04,12:00:00,86.8,87.1,86.6,87.0,53853
2025-06-04,13:00:00,87.0,87.2,86.6,86.8,38340
2025-06-04,14:00:00,86.8,87.5,86.6,87.5,55213
2025-06-04,15:00:00,87.1,87.1,87.1,87.1,18776
2025-06-11,10:00:00,87.2,88.4,87.2,88.2,61509
2025-06-11,11:00:00,88.3,88.4,88.1,88.3,35785
2025-06-11,12:00:00,88.3,88.9,88.2,88.8,55470
2025-06-11,13:00:00,88.8,88.9,88.5,88.8,61993
2025-06-11,14:00:00,88.7,89.0,88.5,88.7,59938
2025-06-11,15:00:00,88.8,88.8,88.8,88.8,5595
2025-06-12,10:00:00,88.7,89.1,88.1,88.9,118170
2025-06-12,11:00:00,88.8,89.0,88.4,88.5,80946
2025-06-12,12:00:00,88.5,88.6,88.0,88.2,91482
2025-06-12,13:00:00,88.2,88.3,87.4,87.5,93227
2025-06-12,14:00:00,87.5,88.0,87.5,87.8,103355
2025-06-12,15:00:00,87.5,87.5,87.5,87.5,21424
2025-06-15,10:00:00,85.0,86.9,84.9,86.2,82801
2025-06-15,11:00:00,86.1,86.2,85.6,85.6,18873
2025-06-15,12:00:00,85.7,87.3,85.7,87.3,43073
2025-06-15,13:00:00,87.3,87.8,87.1,87.5,29450
2025-06-15,14:00:00,87.7,88.0,87.1,87.2,30407
2025-06-15,15:00:00,87.3,87.3,87.3,87.3,1442
2025-06-16,10:00:00,87.3,89.0,87.3,87.5,60830
2025-06-16,11:00:00,87.5,87.9,87.4,87.7,54986
2025-06-16,12:00:00,87.7,87.9,87.3,87.5,40219
2025-06-16,13:00:00,87.5,87.8,87.4,87.8,49276
2025-06-16,14:00:00,87.7,88.1,86.9,87.1,79749
2025-06-16,15:00:00,86.9,86.9,86.9,86.9,6623
2025-06-17,10:00:00,86.9,87.5,86.2,86.4,68566
2025-06-17,11:00:00,86.3,86.6,86.1,86.1,37164
2025-06-17,12:00:00,86.1,86.2,85.6,86.0,61961
2025-06-17,13:00:00,86.0,86.2,85.0,85.6,115015
2025-06-17,14:00:00,85.5,85.5,84.9,85.2,131673
2025-06-17,15:00:00,85.0,85.0,85.0,85.0,17792
2025-06-18,10:00:00,85.0,85.6,84.3,84.8,61780
2025-06-18,11:00:00,84.7,85.0,83.9,84.1,95515
2025-06-18,12:00:00,84.1,84.1,83.9,84.0,87114
2025-06-18,13:00:00,84.0,84.1,83.4,83.6,79469
2025-06-18,14:00:00,83.6,83.9,83.4,83.8,87047
2025-06-18,15:00:00,83.7,83.7,83.7,83.7,37611
2025-06-19,10:00:00,83.7,84.9,83.5,84.3,26184
2025-06-19,11:00:00,84.1,84.6,84.0,84.2,14598
2025-06-19,12:00:00,84.2,84.5,84.1,84.4,14114
2025-06-19,13:00:00,84.4,84.8,84.3,84.3,28643
2025-06-19,14:00:00,84.3,84.5,84.0,84.2,17005
2025-06-19,15:00:00,84.8,84.8,84.8,84.8,40025
2025-06-22,10:00:00,85.0,87.0,84.5,84.9,47106
2025-06-22,11:00:00,85.0,85.1,84.5,84.6,26202
2025-06-22,12:00:00,84.7,85.1,84.6,84.9,15030
2025-06-22,13:00:00,84.9,84.9,83.9,84.1,73097
2025-06-22,14:00:00,84.2,84.5,84.0,84.4,36569
2025-06-22,15:00:00,84.3,84.3,84.3,84.3,19189
2025-06-23,10:00:00,84.4,84.8,83.8,84.2,75878
2025-06-23,11:00:00,84.2,84.3,84.0,84.2,50025
2025-06-23,12:00:00,84.2,84.6,84.1,84.4,38849
2025-06-23,13:00:00,84.4,84.5,84.2,84.4,16759
2025-06-23,14:00:00,84.4,84.7,84.3,84.4,44854
2025-06-23,15:00:00,84.1,84.1,84.1,84.1,22678
2025-06-24,10:00:00,85.4,87.8,85.3,86.6,218362
2025-06-24,11:00:00,86.7,86.8,86.3,86.6,42467
2025-06-24,12:00:00,86.6,87.2,86.6,86.9,66221
2025-06-24,13:00:00,86.9,87.3,86.8,87.1,58196
2025-06-24,14:00:00,87.2,87.6,87.0,87.2,90033
2025-06-24,15:00:00,87.4,87.4,87.4,87.4,5381
2025-06-25,10:00:00,87.4,88.2,87.4,87.8,37268
2025-06-25,11:00:00,87.8,88.1,87.6,87.8,32176
2025-06-25,12:00:00,87.8,88.0,87.7,87.8,20154
2025-06-25,13:00:00,87.9,87.9,87.4,87.6,35827
2025-06-25,14:00:00,87.6,87.8,87.3,87.6,37459
2025-06-25,15:00:00,87.2,87.2,87.2,87.2,13693
2025-06-26,10:00:00,88.0,88.4,87.5,87.7,61714
2025-06-26,11:00:00,87.7,88.6,87.7,88.3,77172
2025-06-26,12:00:00,88.3,88.4,87.8,87.9,34986
2025-06-26,13:00:00,87.9,88.0,87.6,87.7,34573
2025-06-26,14:00:00,87.7,88.0,87.6,87.7,51736
2025-06-26,15:00:00,87.5,87.5,87.5,87.5,50485
2025-06-29,10:00:00,88.0,88.8,88.0,88.5,32478
2025-06-29,11:00:00,88.5,88.55,88.05,88.15,18910
2025-06-29,12:00:00,88.1,88.2,88.0,88.15,14414
2025-06-29,13:00:00,88.15,88.25,88.0,88.25,24263
2025-06-29,14:00:00,88.25,88.3,88.15,88.15,29203
2025-06-29,15:00:00,88.3,88.3,88.3,88.3,10900
2025-06-30,10:00:00,88.45,88.5,87.85,87.85,45117
2025-06-30,11:00:00,87.85,88.05,87.75,87.85,37859
2025-06-30,12:00:00,87.9,88.15,87.7,88.0,46817
2025-06-30,13:00:00,88.15,88.2,87.8,87.9,48634
2025-06-30,14:00:00,87.9,87.95,87.8,87.9,60626
2025-06-30,15:00:00,88.25,88.25,88.25,88.25,25629
2025-07-01,10:00:00,88.2,88.2,87.4,87.7,52623
2025-07-01,11:00:00,87.8,87.8,87.4,87.5,50537
2025-07-01,12:00:00,87.5,87.5,87.4,87.4,26442
2025-07-01,13:00:00,87.4,87.45,87.15,87.2,32129
2025-07-01,14:00:00,87.2,87.7,87.2,87.35,44327
2025-07-01,15:00:00,87.25,87.25,87.25,87.25,11806
2025-07-02,10:00:00,87.15,87.35,87.0,87.2,45457
2025-07-02,11:00:00,87.2,87.4,87.2,87.2,37263
2025-07-02,12:00:00,87.25,87.25,87.05,87.05,31241
2025-07-02,13:00:00,87.05,87.3,87.05,87.1,41785
2025-07-02,14:00:00,87.05,87.25,87.05,87.2,57407
2025-07-02,15:00:00,87.05,87.05,87.05,87.05,11155
2025-07-03,10:00:00,87.4,87.55,87.0,87.2,36511
2025-07-03,11:00:00,87.25,87.45,87.15,87.3,23130
2025-07-03,12:00:00,87.3,87.8,87.25,87.55,24450
2025-07-03,13:00:00,87.55,87.6,87.3,87.3,22615
2025-07-03,14:00:00,87.3,87.55,87.15,87.4,57340
2025-07-03,15:00:00,87.3,87.3,87.3,87.3,34138
2025-07-06,10:00:00,87.4,87.75,87.35,87.55,13114
2025-07-06,11:00:00,87.6,87.95,87.55,87.8,13388
2025-07-06,12:00:00,87.8,88.1,87.65,88.05,27799
2025-07-06,13:00:00,88.05,88.35,87.75,87.95,28188
2025-07-06,14:00:00,87.9,88.05,87.75,88.05,35155
2025-07-06,15:00:00,88.05,88.05,88.05,88.05,1503
2025-07-07,10:00:00,88.1,88.5,87.1,87.1,44900
2025-07-07,11:00:00,87.15,87.55,87.15,87.3,15161
2025-07-07,12:00:00,87.35,87.35,87.15,87.25,25674
2025-07-07,13:00:00,87.2,87.35,87.15,87.35,11670
2025-07-07,14:00:00,87.3,87.7,87.25,87.35,36295
2025-07-07,15:00:00,87.3,87.3,87.3,87.3,14253
2025-07-08,10:00:00,88.7,91.4,88.7,90.7,771759
2025-07-08,11:00:00,90.7,90.7,89.9,90.15,195569
2025-07-08,12:00:00,90.15,90.2,89.8,89.85,106313
2025-07-08,13:00:00,89.8,89.95,89.5,89.55,95961
2025-07-08,14:00:00,89.55,89.7,89.0,89.0,97639
2025-07-08,15:00:00,88.9,88.9,88.9,88.9,10275
2025-07-09,10:00:00,89.1,89.55,88.8,89.35,87310
2025-07-09,11:00:00,89.3,89.95,89.25,89.75,62597
2025-07-09,12:00:00,89.75,89.95,89.45,89.7,52304
2025-07-09,13:00:00,89.65,90.15,89.65,89.95,66410
2025-07-09,14:00:00,90.0,90.1,89.85,89.9,50722
2025-07-09,15:00:00,89.5,89.5,89.5,89.5,55830
2025-07-10,10:00:00,89.5,90.0,89.3,89.45,17317
2025-07-10,11:00:00,89.5,89.55,89.3,89.45,24549
2025-07-10,12:00:00,89.4,89.6,89.3,89.35,24706
2025-07-10,13:00:00,89.45,89.6,89.4,89.45,19037
2025-07-10,14:00:00,89.5,89.9,89.45,89.75,38965
2025-07-10,15:00:00,89.65,89.65,89.65,89.65,20640
2025-07-13,10:00:00,90.0,90.5,89.9,90.4,38631
2025-07-13,11:00:00,90.35,90.4,89.9,89.95,11351
2025-07-13,12:00:00,89.95,90.1,89.95,90.05,5644
2025-07-13,13:00:00,90.1,90.1,89.9,90.0,17662
2025-07-13,14:00:00,90.0,90.0,89.9,89.95,8971
2025-07-13,15:00:00,89.95,89.95,89.95,89.95,5281
2025-07-14,10:00:00,90.0,90.0,89.6,89.75,41177
2025-07-14,11:00:00,89.75,89.75,89.25,89.3,25157
2025-07-14,12:00:00,89.3,89.4,89.1,89.3,17463
2025-07-14,13:00:00,89.3,89.45,89.25,89.35,6729
2025-07-14,14:00:00,89.35,89.65,89.3,89.55,15975
2025-07-14,15:00:00,89.8,89.8,89.8,89.8,5863
2025-07-15,10:00:00,89.8,89.8,89.3,89.45,16306
2025-07-15,11:00:00,89.4,89.6,89.35,89.35,14900
2025-07-15,12:00:00,89.35,89.45,89.05,89.3,15565
2025-07-15,13:00:00,89.15,89.3,88.95,88.95,25906
2025-07-15,14:00:00,88.95,88.95,88.45,88.55,51644
2025-07-15,15:00:00,88.8,88.8,88.8,88.8,20487
2025-07-16,10:00:00,88.45,88.7,88.05,88.55,25029
2025-07-16,11:00:00,88.5,88.55,88.05,88.1,15902
2025-07-16,12:00:00,88.15,88.5,88.0,88.3,20220
2025-07-16,13:00:00,88.3,88.45,88.15,88.2,13551
2025-07-16,14:00:00,88.2,88.25,88.1,88.2,46007
2025-07-16,15:00:00,88.0,88.0,88.0,88.0,20892
2025-07-17,10:00:00,88.0,88.6,87.95,88.2,23204
2025-07-17,11:00:00,88.2,88.5,88.1,88.2,20171
2025-07-17,12:00:00,88.25,88.6,88.1,88.4,45806
2025-07-17,13:00:00,88.3,88.4,88.1,88.2,17636
2025-07-17,14:00:00,88.2,88.35,88.05,88.05,15882
2025-07-17,15:00:00,88.55,88.55,88.55,88.55,4459
2025-07-20,10:00:00,88.6,88.85,88.3,88.35,7876
2025-07-20,11:00:00,88.4,88.4,87.7,87.75,19300
2025-07-20,12:00:00,87.8,87.8,87.6,87.7,5408
2025-07-20,13:00:00,87.75,87.95,87.65,87.75,9340
2025-07-20,14:00:00,87.8,87.8,87.55,87.65,10959
2025-07-20,15:00:00,87.65,87.65,87.65,87.65,380
2025-07-21,10:00:00,87.7,87.95,86.8,86.85,41930
2025-07-21,11:00:00,86.85,87.0,86.8,86.8,8368
2025-07-21,12:00:00,86.8,87.35,86.7,87.35,43363
2025-07-21,13:00:00,87.35,87.85,87.3,87.75,24565
2025-07-21,14:00:00,87.8,87.8,87.55,87.65,27013
2025-07-21,15:00:00,87.9,87.9,87.9,87.9,8578
2025-07-22,10:00:00,87.9,87.95,87.2,87.4,18262
2025-07-22,11:00:00,87.45,87.55,87.1,87.25,10474
2025-07-22,12:00:00,87.2,87.3,86.9,87.0,12872
2025-07-22,13:00:00,87.05,87.5,87.0,87.45,13290
2025-07-22,14:00:00,87.35,87.35,86.6,86.65,40162
2025-07-22,15:00:00,86.5,86.5,86.5,86.5,16361
2025-07-23,10:00:00,86.5,86.8,86.2,86.35,26767
2025-07-23,11:00:00,86.35,86.8,86.3,86.6,16503
2025-07-23,12:00:00,86.65,86.9,86.5,86.8,20362
2025-07-23,13:00:00,86.75,87.15,86.7,87.15,17095
2025-07-23,14:00:00,87.1,87.5,86.9,87.5,21749
2025-07-23,15:00:00,87.65,87.65,87.65,87.65,30419
2025-07-24,10:00:00,87.65,88.0,87.0,87.05,36530
2025-07-24,11:00:00,87.0,87.05,86.55,86.95,17748
2025-07-24,12:00:00,87.0,87.15,86.9,87.1,15293
2025-07-24,13:00:00,87.15,87.4,87.15,87.2,17391
2025-07-24,14:00:00,87.25,87.8,87.2,87.5,20563
2025-07-24,15:00:00,87.55,87.55,87.55,87.55,5068
2025-07-27,10:00:00,87.6,88.0,87.6,88.0,30937
2025-07-27,11:00:00,88.0,88.65,87.95,88.65,29651
2025-07-27,12:00:00,88.6,88.65,88.15,88.5,19109
2025-07-27,13:00:00,88.5,88.75,88.15,88.65,22096
2025-07-27,14:00:00,88.65,88.85,88.6,88.7,12307
2025-07-27,15:00:00,88.6,88.6,88.6,88.6,402
2025-07-28,10:00:00,88.7,88.95,87.9,88.1,56903
2025-07-28,11:00:00,88.3,88.5,87.8,88.3,47394
2025-07-28,12:00:00,88.35,88.95,88.2,88.6,43231
2025-07-28,13:00:00,88.6,89.15,88.55,88.9,49924
2025-07-28,14:00:00,88.9,89.15,88.7,88.95,46181
2025-07-28,15:00:00,89.1,89.1,89.1,89.1,12330
2025-07-29,10:00:00,89.1,89.15,88.35,88.95,46010
2025-07-29,11:00:00,89.0,89.4,88.9,89.3,34657
2025-07-29,12:00:00,89.35,89.4,89.0,89.3,41137
2025-07-29,13:00:00,89.15,89.7,89.1,89.5,41594
2025-07-29,14:00:00,89.5,89.65,89.15,89.15,31517
2025-07-29,15:00:00,89.15,89.15,89.15,89.15,7068
2025-07-30,10:00:00,89.15,89.45,88.7,89.05,36260
2025-07-30,11:00:00,89.05,89.15,88.6,89.0,38921
2025-07-30,12:00:00,89.0,89.25,88.9,89.1,26074
2025-07-30,13:00:00,89.1,89.1,88.8,89.05,26380
2025-07-30,14:00:00,89.0,89.15,88.9,89.1,31188
2025-07-30,15:00:00,89.0,89.0,89.0,89.0,6426
2025-07-31,10:00:00,88.85,89.05,88.5,88.7,97922
2025-07-31,11:00:00,88.65,89.0,88.6,88.75,37515
2025-07-31,12:00:00,88.75,89.0,88.75,88.8,18519
2025-07-31,13:00:00,88.8,89.1,88.65,89.05,54339
2025-07-31,14:00:00,89.05,89.2,88.9,89.0,46765
2025-07-31,15:00:00,89.75,89.75,89.75,89.75,294305
2025-08-03,10:00:00,89.1,89.9,88.25,89.5,49145
2025-08-03,11:00:00,89.5,89.55,89.05,89.3,35660
2025-08-03,12:00:00,89.3,89.75,89.1,89.7,43971
2025-08-03,13:00:00,89.7,89.9,89.55,89.75,19959
2025-08-03,14:00:00,89.7,90.0,89.65,89.75,64105
2025-08-03,15:00:00,89.75,89.75,89.75,89.75,11253
2025-08-04,10:00:00,87.75,87.8,86.7,87.25,76334
2025-08-04,11:00:00,87.25,87.7,87.2,87.55,29306
2025-08-04,12:00:00,87.55,87.95,87.2,87.6,27759
2025-08-04,13:00:00,87.55,88.45,87.5,88.4,72672
2025-08-04,14:00:00,88.4,88.8,88.1,88.8,43183
2025-08-04,15:00:00,88.8,88.8,88.8,88.8,7863
2025-08-05,10:00:00,88.75,88.8,88.3,88.65,29963
2025-08-05,11:00:00,88.75,88.75,88.3,88.5,35525
2025-08-05,12:00:00,88.5,89.35,88.4,89.0,41674
2025-08-05,13:00:00,89.0,89.25,88.8,89.1,31103
2025-08-05,14:00:00,89.15,89.5,89.05,89.05,41317
2025-08-05,15:00:00,89.5,89.5,89.5,89.5,13497
2025-08-06,10:00:00,89.5,89.85,88.7,88.85,53709
2025-08-06,11:00:00,89.0,89.1,88.75,88.95,15930
2025-08-06,12:00:00,88.95,89.25,88.95,89.15,35503
2025-08-06,13:00:00,89.1,89.4,89.05,89.25,28735
2025-08-06,14:00:00,89.25,89.35,89.05,89.05,31423
2025-08-06,15:00:00,89.3,89.3,89.3,89.3,13622
2025-08-07,10:00:00,89.45,89.45,88.8,89.2,24354
2025-08-07,11:00:00,89.15,89.15,88.95,89.05,22920
2025-08-07,12:00:00,89.05,89.4,89.0,89.3,30618
2025-08-07,13:00:00,89.15,89.9,89.15,89.75,55323
2025-08-07,14:00:00,89.7,89.95,89.65,89.85,38037
2025-08-07,15:00:00,89.9,89.9,89.9,89.9,8574
2025-08-10,10:00:00,89.9,89.9,89.05,89.35,19614
2025-08-10,11:00:00,89.1,89.3,89.0,89.25,9224
2025-08-10,12:00:00,89.15,89.5,89.15,89.3,4468
2025-08-10,13:00:00,89.4,89.8,89.3,89.65,21852
2025-08-10,14:00:00,89.7,89.9,89.55,89.6,59292
2025-08-10,15:00:00,89.9,89.9,89.9,89.9,9177
2025-08-11,10:00:00,89.9,89.9,89.25,89.4,23233
2025-08-11,11:00:00,89.3,89.4,88.9,89.15,33196
2025-08-11,12:00:00,89.15,89.55,89.0,89.1,46685
2025-08-11,13:00:00,89.2,89.2,89.0,89.2,19740
2025-08-11,14:00:00,89.2,89.5,89.1,89.25,22814
2025-08-11,15:00:00,88.95,88.95,88.95,88.95,11080
2025-08-12,10:00:00,89.3,89.65,88.9,88.95,27634
2025-08-12,11:00:00,88.95,89.3,88.9,89.15,44927
2025-08-12,12:00:00,89.2,89.3,88.85,88.9,26607
2025-08-12,13:00:00,88.9,89.1,88.8,88.95,18600
2025-08-12,14:00:00,89.0,89.2,88.85,88.85,28472
2025-08-12,15:00:00,89.0,89.0,89.0,89.0,6263
2025-08-13,10:00:00,89.4,89.4,88.15,88.15,27648
2025-08-13,11:00:00,88.1,88.1,87.6,88.05,28414
2025-08-13,12:00:00,88.05,88.2,88.0,88.2,14086
2025-08-13,13:00:00,88.15,88.35,87.9,88.25,25018
2025-08-13,14:00:00,88.25,88.6,88.1,88.35,31397
2025-08-13,15:00:00,88.35,88.35,88.35,88.35,2962
2025-08-14,10:00:00,88.35,88.9,88.15,88.25,23975
2025-08-14,11:00:00,88.2,88.65,88.0,88.5,39073
2025-08-14,12:00:00,88.5,88.7,88.4,88.55,16904
2025-08-14,13:00:00,88.55,88.75,88.4,88.7,17110
2025-08-14,14:00:00,88.7,88.75,88.35,88.5,42337
2025-08-14,15:00:00,88.75,88.75,88.75,88.75,17577
2025-08-17,10:00:00,88.2,88.35,88.0,88.15,24693
2025-08-17,11:00:00,88.2,89.0,88.15,88.9,46438
2025-08-17,12:00:00,88.9,89.0,88.7,88.7,20786
2025-08-17,13:00:00,88.75,89.0,88.75,88.85,50863
2025-08-17,14:00:00,88.85,89.0,88.7,88.75,31508
2025-08-17,15:00:00,88.95,88.95,88.95,88.95,7083
2025-08-18,10:00:00,88.75,88.75,88.3,88.45,12406
2025-08-18,11:00:00,88.4,88.6,88.3,88.6,41634
2025-08-18,12:00:00,88.6,88.7,88.4,88.5,20136
2025-08-18,13:00:00,88.45,88.55,88.25,88.3,25388
2025-08-18,14:00:00,88.35,88.6,88.25,88.45,18228
2025-08-18,15:00:00,88.4,88.4,88.4,88.4,8366
2025-08-19,10:00:00,88.3,88.4,87.3,87.35,40133
2025-08-19,11:00:00,87.35,88.2,87.3,88.15,34170
2025-08-19,12:00:00,88.2,88.55,88.0,88.05,51620
2025-08-19,13:00:00,88.0,88.05,87.85,88.0,9823
2025-08-19,14:00:00,88.0,88.1,87.85,87.95,40677
2025-08-19,15:00:00,88.35,88.35,88.35,88.35,6033
2025-08-20,10:00:00,87.9,88.1,87.8,88.05,30748
2025-08-20,11:00:00,88.05,88.1,87.8,87.95,23710
2025-08-20,12:00:00,87.95,88.0,87.85,87.9,21620
2025-08-20,13:00:00,87.95,87.95,87.6,87.65,34714
2025-08-20,14:00:00,87.65,87.7,87.6,87.7,51618
2025-08-20,15:00:00,87.6,87.6,87.6,87.6,9055
2025-08-21,10:00:00,87.75,88.15,87.75,88.05,17011
2025-08-21,11:00:00,88.05,88.4,87.95,88.15,24815
2025-08-21,12:00:00,88.15,88.25,88.0,88.2,14299
2025-08-21,13:00:00,88.25,88.65,88.15,88.3,36106
2025-08-21,14:00:00,88.3,88.5,88.15,88.4,33036
2025-08-21,15:00:00,88.5,88.5,88.5,88.5,3681
2025-08-24,10:00:00,88.4,88.8,88.35,88.6,47597
2025-08-24,11:00:00,88.6,88.65,88.1,88.4,29807
2025-08-24,12:00:00,88.45,88.55,88.35,88.5,13125
2025-08-24,13:00:00,88.5,88.65,88.3,88.55,21275
2025-08-24,14:00:00,88.5,88.8,88.4,88.55,38641
2025-08-24,15:00:00,88.3,88.3,88.3,88.3,3287
2025-08-25,10:00:00,88.4,88.65,88.25,88.55,15695
2025-08-25,11:00:00,88.55,89.65,88.5,89.5,127861
2025-08-25,12:00:00,89.55,90.15,89.2,90.05,169225
2025-08-25,13:00:00,90.1,90.95,90.1,90.9,131079
2025-08-25,14:00:00,90.85,91.0,90.45,90.95,145699
2025-08-25,15:00:00,90.9,90.9,90.9,90.9,12382
2025-08-26,10:00:00,91.0,91.65,90.7,91.1,60463
2025-08-26,11:00:00,91.0,91.0,90.25,90.45,26030
2025-08-26,12:00:00,90.55,90.9,90.4,90.8,14744
2025-08-26,13:00:00,90.75,90.9,90.5,90.6,24325
2025-08-26,14:00:00,90.6,90.85,90.35,90.5,24967
2025-08-26,15:00:00,90.85,90.85,90.85,90.85,26118
2025-08-27,10:00:00,91.0,91.0,90.25,90.55,21590
2025-08-27,11:00:00,90.6,90.8,90.45,90.65,12771
2025-08-27,12:00:00,90.6,90.65,90.4,90.4,25617
2025-08-27,13:00:00,90.4,90.65,90.4,90.6,10442
2025-08-27,14:00:00,90.6,90.95,90.45,90.55,40890
2025-08-27,15:00:00,90.8,90.8,90.8,90.8,2257
2025-08-28,10:00:00,90.75,90.75,90.2,90.45,4719
2025-08-28,11:00:00,90.5,90.7,90.45,90.6,4009
2025-08-28,12:00:00,90.6,90.7,90.5,90.55,15462
2025-08-28,13:00:00,90.55,90.65,90.3,90.65,34852
2025-08-28,14:00:00,90.6,90.9,90.4,90.5,30978
2025-08-28,15:00:00,90.5,90.5,90.5,90.5,1830
2025-08-31,10:00:00,90.1,90.4,89.6,89.65,11827
2025-08-31,11:00:00,89.65,89.8,89.5,89.6,7132
2025-08-31,12:00:00,89.5,89.6,89.3,89.55,13073
2025-08-31,13:00:00,89.6,89.7,89.55,89.7,12579
2025-08-31,14:00:00,89.8,90.5,89.6,90.2,25492
2025-08-31,15:00:00,90.2,90.2,90.2,90.2,111
2025-09-01,10:00:00,90.0,90.0,89.6,89.95,12753
2025-09-01,11:00:00,89.85,90.45,89.8,90.2,28213
2025-09-01,12:00:00,90.2,90.35,89.95,90.0,10913
2025-09-01,13:00:00,90.0,90.2,89.85,89.95,22930
2025-09-01,14:00:00,89.9,90.35,89.85,90.3,18032
2025-09-01,15:00:00,90.35,90.35,90.35,90.35,2360
2025-09-02,10:00:00,89.65,89.7,88.8,88.85,22317
2025-09-02,11:00:00,88.8,88.9,88.5,88.9,14825
2025-09-02,12:00:00,88.9,89.05,88.8,88.8,19794
2025-09-02,13:00:00,88.75,89.1,88.7,88.95,25524
2025-09-02,14:00:00,88.9,88.95,88.6,88.65,20728
2025-09-02,15:00:00,88.9,88.9,88.9,88.9,2719
2025-09-03,10:00:00,88.75,89.2,88.3,88.3,47874
2025-09-03,11:00:00,88.3,88.4,88.0,88.15,24592
2025-09-03,12:00:00,88.2,88.25,88.1,88.15,7723
2025-09-03,13:00:00,88.15,88.4,87.9,88.0,25924
2025-09-03,14:00:00,88.0,88.35,87.95,88.3,16453
2025-09-03,15:00:00,88.25,88.25,88.25,88.25,2536
2025-09-04,10:00:00,88.25,88.45,88.05,88.1,8911
2025-09-04,11:00:00,88.15,88.2,87.95,88.0,11725
2025-09-04,12:00:00,88.05,88.1,87.9,88.0,7791
2025-09-04,13:00:00,88.05,88.1,87.75,87.9,15855
2025-09-04,14:00:00,87.85,88.1,87.8,87.95,14052
2025-09-04,15:00:00,88.05,88.05,88.05,88.05,3614
2025-09-07,10:00:00,88.05,88.6,87.9,88.5,17897
2025-09-07,11:00:00,88.55,89.0,88.45,88.85,15044
2025-09-07,12:00:00,88.8,88.85,88.5,88.7,3602
2025-09-07,13:00:00,88.7,88.85,88.5,88.55,9523
2025-09-07,14:00:00,88.65,89.05,88.5,88.8,10908
2025-09-07,15:00:00,89.0,89.0,89.0,89.0,606
2025-09-08,10:00:00,88.95,88.95,88.35,88.4,11856
2025-09-08,11:00:00,88.4,88.5,88.15,88.3,5973
2025-09-08,12:00:00,88.3,88.55,88.2,88.55,8623
2025-09-08,13:00:00,88.55,88.9,88.25,88.3,29230
2025-09-08,14:00:00,88.3,88.3,87.65,87.85,25492
2025-09-08,15:00:00,87.85,87.85,87.85,87.85,2785
2025-09-09,10:00:00,87.9,88.0,87.6,87.8,9652
2025-09-09,11:00:00,87.75,88.0,87.5,87.55,25572
2025-09-09,12:00:00,87.5,87.55,87.3,87.5,6514
2025-09-09,13:00:00,87.55,87.7,87.35,87.7,9298
2025-09-09,14:00:00,87.6,88.15,87.55,88.0,20270
2025-09-09,15:00:00,88.0,88.0,88.0,88.0,9261
2025-09-10,10:00:00,88.0,88.0,87.3,87.3,17285
2025-09-10,11:00:00,87.3,87.4,86.95,87.1,15990
2025-09-10,12:00:00,87.1,87.3,87.05,87.2,11173
2025-09-10,13:00:00,87.3,87.35,87.15,87.2,8101
2025-09-10,14:00:00,87.2,87.6,87.0,87.15,15637
2025-09-10,15:00:00,87.7,87.7,87.7,87.7,1474
2025-09-11,10:00:00,87.8,87.8,87.25,87.3,5749
2025-09-11,11:00:00,87.2,87.35,87.0,87.15,10560
2025-09-11,12:00:00,87.15,87.15,86.55,86.75,19076
2025-09-11,13:00:00,86.7,87.2,86.55,87.05,25713
2025-09-11,14:00:00,86.95,87.0,86.5,86.75,49299
2025-09-11,15:00:00,86.9,86.9,86.9,86.9,11814
2025-09-14,10:00:00,87.5,87.5,86.2,86.3,14013
2025-09-14,11:00:00,86.3,86.3,85.6,86.0,14556
2025-09-14,12:00:00,85.95,86.0,85.4,85.4,10753
2025-09-14,13:00:00,85.5,85.75,85.3,85.6,17555
2025-09-14,14:00:00,85.6,85.65,85.0,85.2,33955
2025-09-14,15:00:00,85.0,85.0,85.0,85.0,4029
2025-09-15,10:00:00,86.35,86.35,84.6,84.75,22974
2025-09-15,11:00:00,84.65,85.0,84.5,84.65,17097
2025-09-15,12:00:00,84.65,84.85,84.6,84.65,13866
2025-09-15,13:00:00,84.6,84.75,84.45,84.7,21355
2025-09-15,14:00:00,84.7,84.85,84.6,84.85,23481
2025-09-15,15:00:00,84.85,84.85,84.85,84.85,23155
2025-09-16,10:00:00,85.3,85.5,84.9,84.9,12950
2025-09-16,11:00:00,84.95,85.05,84.8,84.95,12907
2025-09-16,12:00:00,85.0,85.1,84.85,85.05,8056
2025-09-16,13:00:00,85.0,85.1,84.85,85.1,27331
2025-09-16,14:00:00,85.1,85.55,85.05,85.35,45472
2025-09-16,15:00:00,85.55,85.55,85.55,85.55,3851
2025-09-17,10:00:00,85.5,85.85,85.0,85.15,34360
2025-09-17,11:00:00,85.2,85.25,85.0,85.25,17958
2025-09-17,12:00:00,85.2,85.3,85.0,85.1,21690
2025-09-17,13:00:00,85.1,85.45,85.05,85.15,26326
2025-09-17,14:00:00,85.15,85.3,85.15,85.25,52961
2025-09-17,15:00:00,85.2,85.2,85.2,85.2,3868
2025-09-18,10:00:00,85.7,85.7,84.45,84.55,74670
2025-09-18,11:00:00,84.55,85.15,84.55,84.95,32569
2025-09-18,12:00:00,84.95,85.05,84.6,84.75,48826
2025-09-18,13:00:00,84.75,85.0,84.65,85.0,47495
2025-09-18,14:00:00,85.0,85.1,84.9,85.0,57151
2025-09-18,15:00:00,85.0,85.0,85.0,85.0,17390
2025-09-21,10:00:00,85.5,85.5,84.85,85.4,83018
2025-09-21,11:00:00,85.4,85.4,85.1,85.3,30258
2025-09-21,12:00:00,85.3,85.5,85.2,85.4,30907
2025-09-21,13:00:00,85.45,85.6,85.3,85.4,30456
2025-09-21,14:00:00,85.4,85.5,85.3,85.3,23248
2025-09-21,15:00:00,85.3,85.3,85.3,85.3,1375
2025-09-22,10:00:00,85.3,85.3,84.65,84.95,65431
2025-09-22,11:00:00,85.0,85.15,84.7,85.1,34104
2025-09-22,12:00:00,85.1,85.2,84.95,85.15,60575
2025-09-22,13:00:00,85.1,85.15,84.9,85.05,47251
2025-09-22,14:00:00,85.05,85.2,85.0,85.1,33698
2025-09-22,15:00:00,85.1,85.1,85.1,85.1,9532
2025-09-24,10:00:00,85.1,87.45,85.1,87.45,287825
2025-09-24,11:00:00,87.45,87.45,86.6,86.7,181395
2025-09-24,12:00:00,86.75,87.1,86.7,87.0,305694
2025-09-24,13:00:00,86.95,87.1,86.7,87.1,237436
2025-09-24,14:00:00,87.1,87.7,86.9,87.25,140639
2025-09-24,15:00:00,87.0,87.0,87.0,87.0,16520
2025-09-25,10:00:00,87.3,87.5,86.05,86.2,82970
2025-09-25,11:00:00,86.15,86.2,85.7,86.1,51172
2025-09-25,12:00:00,86.1,86.15,85.6,86.15,96012
2025-09-25,13:00:00,86.1,86.4,86.0,86.35,43174
2025-09-25,14:00:00,86.3,86.4,86.05,86.25,45745
2025-09-25,15:00:00,86.4,86.4,86.4,86.4,12652
2025-09-28,10:00:00,86.45,86.5,86.0,86.4,13780
2025-09-28,11:00:00,86.45,86.5,86.2,86.4,17149
2025-09-28,12:00:00,86.4,86.4,86.15,86.2,21635
2025-09-28,13:00:00,86.25,86.3,86.15,86.2,14474
2025-09-28,14:00:00,86.2,86.2,86.05,86.15,15051
2025-09-28,15:00:00,86.2,86.2,86.2,86.2,1829
2025-09-29,10:00:00,86.2,87.05,86.2,87.0,50832
2025-09-29,11:00:00,87.0,87.5,86.6,86.7,90840
2025-09-29,12:00:00,86.7,87.25,86.65,87.15,66759
2025-09-29,13:00:00,87.2,88.25,87.15,88.2,131853
2025-09-29,14:00:00,88.2,88.2,87.8,87.85,24354
2025-09-29,15:00:00,88.0,88.0,88.0,88.0,20899
2025-09-30,10:00:00,87.95,89.0,87.7,88.6,89545
2025-09-30,11:00:00,88.7,89.0,88.4,88.45,65225
2025-09-30,12:00:00,88.45,89.1,88.45,88.95,84018
2025-09-30,13:00:00,89.0,89.35,88.8,89.05,82570
2025-09-30,14:00:00,89.05,89.65,88.75,89.65,162437
2025-09-30,15:00:00,89.65,89.65,89.65,89.65,78638
2025-10-01,10:00:00,89.5,89.65,89.0,89.5,42201
2025-10-01,11:00:00,89.5,89.55,89.15,89.3,23247
2025-10-01,12:00:00,89.3,89.4,89.0,89.4,29556
2025-10-01,13:00:00,89.4,89.95,89.35,89.7,44548
2025-10-01,14:00:00,89.7,89.95,89.6,89.85,40091
2025-10-01,15:00:00,89.95,89.95,89.95,89.95,5677
2025-10-02,10:00:00,90.0,90.45,89.55,89.7,62715
2025-10-02,11:00:00,89.7,89.85,89.5,89.5,41905
2025-10-02,12:00:00,89.55,89.7,89.2,89.5,26024
2025-10-02,13:00:00,89.6,89.7,89.4,89.65,21490
2025-10-02,14:00:00,89.65,89.75,89.4,89.7,23044
2025-10-02,15:00:00,89.6,89.6,89.6,89.6,3960
2025-10-05,10:00:00,89.6,90.3,89.6,90.05,56916
2025-10-05,11:00:00,90.05,90.15,89.7,90.15,42896
2025-10-05,12:00:00,90.15,90.25,89.7,89.9,44922
2025-10-05,13:00:00,89.9,90.1,89.7,90.0,19409
2025-10-05,14:00:00,90.05,90.2,89.9,90.05,69320
2025-10-05,15:00:00,89.9,89.9,89.9,89.9,401
2025-10-06,10:00:00,89.65,89.85,89.1,89.6,59373
2025-10-06,11:00:00,89.6,89.6,89.1,89.35,29512
2025-10-06,12:00:00,89.35,89.55,89.25,89.5,19169
2025-10-06,13:00:00,89.5,89.85,89.5,89.7,32619
2025-10-06,14:00:00,89.7,89.9,89.45,89.9,43726
2025-10-06,15:00:00,90.0,90.0,90.0,90.0,18499
2025-10-07,10:00:00,92.2,92.95,90.8,91.0,553563
2025-10-07,11:00:00,90.95,91.25,90.05,90.6,179868
2025-10-07,12:00:00,90.6,90.8,90.35,90.8,60016
2025-10-07,13:00:00,90.8,92.4,90.75,92.35,336262
2025-10-07,14:00:00,92.25,92.4,91.9,92.4,176461
2025-10-07,15:00:00,92.4,92.4,92.4,92.4,41915
2025-10-08,10:00:00,92.2,92.6,91.75,92.5,92545
2025-10-08,11:00:00,92.5,92.5,91.95,92.05,94112
2025-10-08,12:00:00,92.05,92.2,92.05,92.1,30744
2025-10-08,13:00:00,92.15,92.5,92.1,92.25,59865
2025-10-08,14:00:00,92.35,92.4,92.25,92.35,19564
2025-10-08,15:00:00,92.4,92.4,92.4,92.4,2052
2025-10-09,10:00:00,91.65,93.5,91.65,93.45,141033
2025-10-09,11:00:00,93.45,93.5,92.4,92.4,37167
2025-10-09,12:00:00,92.35,92.5,92.25,92.3,14273
2025-10-09,13:00:00,92.25,92.35,92.2,92.2,9599
2025-10-09,14:00:00,92.2,92.85,92.2,92.6,43268
2025-10-09,15:00:00,92.95,92.95,92.95,92.95,6139
2025-10-12,10:00:00,90.5,91.65,90.5,91.5,46994
2025-10-12,11:00:00,91.5,91.8,91.5,91.7,9609
2025-10-12,12:00:00,91.8,91.85,91.45,91.55,10364
2025-10-12,13:00:00,91.55,91.55,91.25,91.3,14234
2025-10-12,14:00:00,91.35,91.55,91.3,91.45,19435
2025-10-12,15:00:00,91.45,91.45,91.45,91.45,75
2025-10-13,10:00:00,91.5,92.35,91.5,91.95,34050
2025-10-13,11:00:00,91.9,92.1,91.8,91.85,17392
2025-10-13,12:00:00,91.85,92.0,91.5,91.85,22706
2025-10-13,13:00:00,91.85,91.9,91.65,91.85,20357
2025-10-13,14:00:00,91.9,91.95,91.65,91.65,41901
2025-10-13,15:00:00,91.55,91.55,91.55,91.55,4225
2025-10-14,10:00:00,91.55,91.8,91.4,91.4,49246
2025-10-14,11:00:00,91.4,91.4,91.1,91.1,35177
2025-10-14,12:00:00,91.05,91.2,90.7,90.85,48558
2025-10-14,13:00:00,90.85,90.85,90.25,90.75,46056
2025-10-14,14:00:00,90.8,90.9,90.55,90.7,27690
2025-10-14,15:00:00,90.55,90.55,90.55,90.55,34103
2025-10-15,10:00:00,90.55,91.2,90.3,90.65,23407
2025-10-15,11:00:00,90.7,91.3,90.65,91.05,27143
2025-10-15,12:00:00,91.05,91.05,90.65,90.7,20911
2025-10-15,13:00:00,90.65,90.8,90.6,90.65,11165
2025-10-15,14:00:00,90.6,90.75,90.35,90.45,20291
2025-10-15,15:00:00,90.8,90.8,90.8,90.8,70214
2025-10-16,10:00:00,90.7,90.7,90.15,90.2,21581
2025-10-16,11:00:00,90.15,90.25,89.95,90.25,44354
2025-10-16,12:00:00,90.25,90.25,90.1,90.15,9516
2025-10-16,13:00:00,90.15,90.6,90.1,90.35,39592
2025-10-16,14:00:00,90.3,90.55,90.2,90.5,16358
2025-10-16,15:00:00,90.45,90.45,90.45,90.45,2221
2025-10-19,10:00:00,90.45,90.7,90.4,90.6,32754
2025-10-19,11:00:00,90.65,90.65,90.1,90.45,16172
2025-10-19,12:00:00,90.5,90.7,90.4,90.65,22904
2025-10-19,13:00:00,90.7,90.75,90.6,90.7,11473
2025-10-19,14:00:00,90.7,90.75,90.45,90.5,7262
2025-10-19,15:00:00,90.6,90.6,90.6,90.6,1598
2025-10-20,10:00:00,90.6,90.75,90.25,90.3,15609
2025-10-20,11:00:00,90.25,90.4,90.05,90.25,31596
2025-10-20,12:00:00,90.25,90.35,89.9,89.95,57648
2025-10-20,13:00:00,89.95,90.05,89.85,90.0,24105
2025-10-20,14:00:00,90.0,90.0,89.4,89.5,38578
2025-10-20,15:00:00,89.55,89.55,89.55,89.55,5897
2025-10-21,10:00:00,89.05,89.45,88.25,88.55,43833
2025-10-21,11:00:00,88.55,88.95,88.4,88.6,32843
2025-10-21,12:00:00,88.6,88.6,88.2,88.45,82215
2025-10-21,13:00:00,88.45,88.45,88.25,88.25,33114
2025-10-21,14:00:00,88.3,88.5,88.3,88.4,45424
2025-10-21,15:00:00,88.2,88.2,88.2,88.2,8820
2025-10-22,10:00:00,88.15,88.15,87.35,87.45,43892
2025-10-22,11:00:00,87.45,87.55,87.15,87.25,41276
2025-10-22,12:00:00,87.25,87.3,86.8,87.0,58781
2025-10-22,13:00:00,87.0,87.0,86.65,86.7,65879
2025-10-22,14:00:00,86.8,86.85,86.35,86.5,70755
2025-10-22,15:00:00,86.1,86.1,86.1,86.1,23241
2025-10-23,10:00:00,86.1,87.15,86.1,87.15,31698
2025-10-23,11:00:00,87.15,87.9,87.0,87.9,37824
2025-10-23,12:00:00,87.95,88.1,87.8,88.05,52023
2025-10-23,13:00:00,88.05,88.6,88.05,88.5,32952
2025-10-23,14:00:00,88.45,88.65,88.0,88.35,47356
2025-10-23,15:00:00,88.0,88.0,88.0,88.0,7642
2025-10-26,10:00:00,89.0,89.65,88.8,89.3,40077
2025-10-26,11:00:00,89.35,89.45,89.15,89.25,11558
2025-10-26,12:00:00,89.3,89.65,89.2,89.4,20035
2025-10-26,13:00:00,89.35,89.5,89.2,89.2,6414
2025-10-26,14:00:00,89.2,89.4,89.15,89.15,6452
2025-10-26,15:00:00,89.05,89.05,89.05,89.05,2024
2025-10-27,10:00:00,89.1,89.3,88.6,88.8,29934
2025-10-27,11:00:00,88.8,88.8,88.4,88.7,18739
2025-10-27,12:00:00,88.6,88.7,88.45,88.5,16421
2025-10-27,13:00:00,88.55,88.75,88.5,88.6,17285
2025-10-27,14:00:00,88.6,88.65,88.5,88.55,15853
2025-10-27,15:00:00,88.55,88.55,88.55,88.55,1255
2025-10-28,10:00:00,88.55,88.85,88.3,88.8,15092
2025-10-28,11:00:00,88.75,88.85,88.35,88.7,48828
2025-10-28,12:00:00,88.7,88.7,88.4,88.6,12676
2025-10-28,13:00:00,88.65,88.8,88.55,88.6,23088
2025-10-28,14:00:00,88.55,88.65,88.4,88.6,27704
2025-10-28,15:00:00,88.3,88.3,88.3,88.3,1412
2025-10-29,10:00:00,88.5,88.5,88.2,88.3,6684
2025-10-29,11:00:00,88.3,88.35,87.9,87.95,41096
2025-10-29,12:00:00,88.0,88.05,87.7,87.95,29024
2025-10-29,13:00:00,87.95,88.2,87.9,88.05,13745
2025-10-29,14:00:00,88.05,88.1,87.9,87.95,19541
2025-10-29,15:00:00,87.75,87.75,87.75,87.75,5179
2025-10-30,10:00:00,88.75,88.8,88.0,88.6,19971
2025-10-30,11:00:00,88.65,88.8,88.45,88.8,15967
2025-10-30,12:00:00,88.85,88.85,88.0,88.1,28737
2025-10-30,13:00:00,88.05,88.3,87.9,87.9,24656
2025-10-30,14:00:00,87.95,88.3,87.85,88.0,16464
2025-10-30,15:00:00,88.7,88.7,88.7,88.7,5786
2025-11-02,10:00:00,89.3,89.3,88.75,88.85,23942
2025-11-02,11:00:00,88.8,89.0,88.65,88.7,7100
2025-11-02,12:00:00,88.65,88.9,88.65,88.9,11912
2025-11-02,13:00:00,88.85,88.9,88.6,88.8,11641
2025-11-02,14:00:00,88.65,88.9,88.55,88.9,37663
2025-11-02,15:00:00,88.9,88.9,88.9,88.9,13164
2025-11-03,10:00:00,88.7,89.0,88.55,88.7,17798
2025-11-03,11:00:00,88.65,88.75,88.0,88.05,24015
2025-11-03,12:00:00,88.05,88.1,87.6,87.7,29372
2025-11-03,13:00:00,87.7,87.75,87.1,87.4,27921
2025-11-03,14:00:00,87.4,87.6,87.2,87.2,20040
2025-11-03,15:00:00,87.2,87.2,87.2,87.2,3464
2025-11-04,10:00:00,87.5,87.95,87.25,87.95,34471
2025-11-04,11:00:00,87.85,88.65,87.7,88.2,43182
2025-11-04,12:00:00,88.4,88.9,88.25,88.9,23437
2025-11-04,13:00:00,88.9,88.95,88.5,88.8,34852
2025-11-04,14:00:00,88.75,88.95,88.2,88.65,43047
2025-11-04,15:00:00,88.25,88.25,88.25,88.25,3476
2025-11-05,10:00:00,88.0,88.5,87.7,88.4,31131
2025-11-05,11:00:00,88.4,88.45,87.6,88.2,41658
2025-11-05,12:00:00,88.2,88.8,88.15,88.8,59428
2025-11-05,13:00:00,88.75,89.0,88.55,88.75,35297
2025-11-05,14:00:00,88.85,88.95,88.6,88.7,36518
2025-11-05,15:00:00,88.95,88.95,88.95,88.95,5382
2025-11-06,10:00:00,88.95,89.25,88.3,89.0,39211
2025-11-06,11:00:00,89.0,89.3,88.8,88.95,38911
2025-11-06,12:00:00,89.0,89.2,88.8,88.9,15659
2025-11-06,13:00:00,88.9,89.05,88.8,88.85,15615
2025-11-06,14:00:00,88.9,89.3,88.8,89.3,25209
2025-11-06,15:00:00,89.3,89.3,89.3,89.3,8425
2025-11-09,10:00:00,88.25,89.35,88.25,88.75,16285
2025-11-09,11:00:00,88.85,89.5,88.45,89.45,35815
2025-11-09,12:00:00,89.45,90.0,89.15,89.95,46881
2025-11-09,13:00:00,89.8,90.0,89.7,89.75,27397
2025-11-09,14:00:00,89.8,90.0,89.65,89.65,19165
2025-11-09,15:00:00,90.0,90.0,90.0,90.0,936
2025-11-10,10:00:00,89.85,90.4,89.7,89.85,58967
2025-11-10,11:00:00,89.85,91.0,89.85,90.95,139267
2025-11-10,12:00:00,90.95,91.5,90.65,91.3,66174
2025-11-10,13:00:00,91.3,91.4,90.65,90.8,52526
2025-11-10,14:00:00,90.9,91.4,90.75,91.25,53583
2025-11-10,15:00:00,91.5,91.5,91.5,91.5,7725
2025-11-11,10:00:00,91.5,91.65,90.85,91.0,21649
2025-11-11,11:00:00,90.95,91.0,90.5,90.55,36194
2025-11-11,12:00:00,90.55,91.0,90.05,90.15,49238
2025-11-11,13:00:00,90.15,90.75,90.15,90.65,19530
2025-11-11,14:00:00,90.7,91.2,90.65,90.95,34209
2025-11-11,15:00:00,91.1,91.1,91.1,91.1,4420
2025-11-12,10:00:00,91.0,91.65,90.75,91.45,43336
2025-11-12,11:00:00,91.45,91.6,91.4,91.45,27098
2025-11-12,12:00:00,91.45,91.8,91.4,91.6,48258
2025-11-12,13:00:00,91.6,91.8,91.55,91.8,26245
2025-11-12,14:00:00,91.8,91.9,91.45,91.9,47084
2025-11-12,15:00:00,91.9,91.9,91.9,91.9,4483
2025-11-13,10:00:00,91.9,92.25,91.9,92.0,73426
2025-11-13,11:00:00,92.05,92.05,91.8,91.95,37711
2025-11-13,12:00:00,91.95,92.05,91.8,91.9,43201
2025-11-13,13:00:00,91.9,92.0,91.7,91.9,46303
2025-11-13,14:00:00,91.95,92.9,91.85,92.7,143384
2025-11-13,15:00:00,92.7,92.7,92.7,92.7,3978
2025-11-16,10:00:00,92.6,92.6,92.2,92.3,16793
2025-11-16,11:00:00,92.35,92.35,92.0,92.3,37738
2025-11-16,12:00:00,92.2,92.3,91.9,92.1,23857
2025-11-16,13:00:00,92.2,92.4,92.1,92.2,14975
2025-11-16,14:00:00,92.2,92.35,92.1,92.2,30295
2025-11-16,15:00:00,92.2,92.2,92.2,92.2,3397
2025-11-17,10:00:00,92.0,92.25,91.45,91.6,28348
2025-11-17,11:00:00,91.6,91.8,91.3,91.8,14429
2025-11-17,12:00:00,91.8,91.8,91.0,91.35,28273
2025-11-17,13:00:00,91.25,91.5,90.8,90.95,25431
2025-11-17,14:00:00,90.95,91.65,90.8,91.65,25837
2025-11-17,15:00:00,91.8,91.8,91.8,91.8,2847
2025-11-18,10:00:00,91.5,91.5,90.85,91.0,14649
2025-11-18,11:00:00,90.95,91.5,90.95,91.25,6962
2025-11-18,12:00:00,91.3,91.5,91.15,91.35,7613
2025-11-18,13:00:00,91.35,91.5,91.0,91.1,23167
2025-11-18,14:00:00,91.15,91.25,90.85,91.15,13665
2025-11-18,15:00:00,91.25,91.25,91.25,91.25,4676
2025-11-19,10:00:00,91.5,91.7,91.3,91.5,11816
2025-11-19,11:00:00,91.5,91.65,91.5,91.5,5200
2025-11-19,12:00:00,91.5,91.6,91.4,91.5,9750
2025-11-19,13:00:00,91.6,92.3,91.4,92.2,64530
2025-11-19,14:00:00,92.2,92.55,92.0,92.55,53168
2025-11-19,15:00:00,92.15,92.15,92.15,92.15,4448
2025-11-20,10:00:00,92.9,93.0,92.15,92.7,36832
2025-11-20,11:00:00,92.75,93.0,91.4,91.5,104364
2025-11-20,12:00:00,91.45,91.65,91.2,91.4,21590
2025-11-20,13:00:00,91.4,91.6,91.25,91.5,22352
2025-11-20,14:00:00,91.4,91.45,91.0,91.1,30357
2025-11-20,15:00:00,91.45,91.45,91.45,91.45,10609
2025-11-23,10:00:00,91.3,91.35,90.55,90.9,33173
2025-11-23,11:00:00,90.9,91.0,90.75,90.8,9328
2025-11-23,12:00:00,90.8,90.9,90.55,90.8,13023
2025-11-23,13:00:00,90.7,91.0,90.7,90.95,20814
2025-11-23,14:00:00,90.95,91.65,90.85,91.0,69765
2025-11-23,15:00:00,91.5,91.5,91.5,91.5,19863
2025-11-24,10:00:00,91.9,92.5,91.5,92.2,96099
2025-11-24,11:00:00,92.15,92.25,91.6,92.0,42887
2025-11-24,12:00:00,91.95,91.95,91.6,91.75,57443
2025-11-24,13:00:00,91.8,91.95,91.6,91.65,48061
2025-11-24,14:00:00,91.65,92.2,91.65,92.0,68287
2025-11-24,15:00:00,91.5,91.5,91.5,91.5,35322
2025-11-25,10:00:00,91.5,92.05,90.8,91.35,35414
2025-11-25,11:00:00,91.25,91.95,91.2,91.4,72122
2025-11-25,12:00:00,91.4,91.65,90.65,91.05,59587
2025-11-25,13:00:00,91.0,91.05,90.4,90.6,64245
2025-11-25,14:00:00,90.6,90.65,89.55,89.9,40042
2025-11-25,15:00:00,89.3,89.3,89.3,89.3,14702
2025-11-26,10:00:00,88.9,89.75,88.55,88.7,26573
2025-11-26,11:00:00,88.7,89.35,88.5,89.3,29915
2025-11-26,12:00:00,89.25,89.25,88.05,88.25,93014
2025-11-26,13:00:00,88.25,88.8,87.95,88.3,45965
2025-11-26,14:00:00,88.35,89.5,88.3,89.0,54644
2025-11-26,15:00:00,89.1,89.1,89.1,89.1,4074
2025-11-27,10:00:00,89.8,89.85,88.85,89.55,21860
2025-11-27,11:00:00,89.7,90.3,89.55,89.9,105769
2025-11-27,12:00:00,89.8,90.55,89.5,90.55,78096
2025-11-27,13:00:00,90.6,91.0,89.55,89.55,111627
2025-11-27,14:00:00,89.75,90.3,89.5,90.2,50725
2025-11-27,15:00:00,90.1,90.1,90.1,90.1,14098
2025-11-30,10:00:00,90.4,91.4,89.75,90.0,29246
2025-11-30,11:00:00,90.15,90.15,89.55,89.7,12857
2025-11-30,12:00:00,89.7,89.9,89.4,89.6,10986
2025-11-30,13:00:00,89.6,89.95,89.55,89.75,8869
2025-11-30,14:00:00,89.75,89.8,89.4,89.4,29464
2025-11-30,15:00:00,89.05,89.05,89.05,89.05,5541
2025-12-01,10:00:00,89.05,89.35,88.05,88.05,34830
2025-12-01,11:00:00,88.15,88.2,87.45,87.65,43338
2025-12-01,12:00:00,87.65,87.95,87.45,87.55,23258
2025-12-01,13:00:00,87.55,87.85,87.45,87.6,14492
2025-12-01,14:00:00,87.65,87.85,87.5,87.6,26892
2025-12-01,15:00:00,87.65,87.65,87.65,87.65,24580
2025-12-02,10:00:00,87.95,88.25,87.5,87.7,18139
2025-12-02,11:00:00,87.7,88.0,87.65,87.8,9351
2025-12-02,12:00:00,87.85,88.4,87.85,88.1,12540
2025-12-02,13:00:00,88.15,88.15,87.85,88.0,12213
2025-12-02,14:00:00,88.0,88.05,87.1,87.5,23876
2025-12-02,15:00:00,87.7,87.7,87.7,87.7,4433
2025-12-03,10:00:00,88.2,88.25,87.55,87.55,14108
2025-12-03,11:00:00,87.6,88.3,87.55,88.1,11846
2025-12-03,12:00:00,88.15,88.15,87.55,87.75,27841
2025-12-03,13:00:00,87.8,88.1,87.75,87.9,13418
2025-12-03,14:00:00,87.9,88.15,87.9,88.05,14253
2025-12-03,15:00:00,88.55,88.55,88.55,88.55,27762
2025-12-04,10:00:00,89.0,89.5,88.6,89.25,18175
2025-12-04,11:00:00,89.3,89.6,89.05,89.6,18134
2025-12-04,12:00:00,89.6,89.9,89.2,89.4,30435
2025-12-04,13:00:00,89.4,89.45,89.05,89.15,29853
2025-12-04,14:00:00,89.15,89.15,88.2,88.3,49032
2025-12-04,15:00:00,88.55,88.55,88.55,88.55,6126
2025-12-07,10:00:00,88.55,88.7,87.95,88.35,14027
2025-12-07,11:00:00,88.35,88.35,88.1,88.15,11007
2025-12-07,12:00:00,88.15,88.3,88.1,88.25,6143
2025-12-07,13:00:00,88.25,88.35,88.0,88.25,11088
2025-12-07,14:00:00,88.25,88.4,88.2,88.4,8649
2025-12-07,15:00:00,88.4,88.4,88.4,88.4,635
2025-12-08,10:00:00,88.4,88.4,87.7,87.9,17193
2025-12-08,11:00:00,87.9,88.0,87.85,87.95,12659
2025-12-08,12:00:00,88.0,88.0,87.85,87.95,10815
2025-12-08,13:00:00,87.95,88.0,87.7,87.7,11122
2025-12-08,14:00:00,87.8,88.0,87.75,87.85,9144
2025-12-08,15:00:00,87.7,87.7,87.7,87.7,10187
2025-12-09,10:00:00,88.15,88.15,87.55,87.6,26491
2025-12-09,11:00:00,87.65,87.75,87.35,87.75,10726
2025-12-09,12:00:00,87.75,87.8,87.1,87.35,21474
2025-12-09,13:00:00,87.4,87.75,87.4,87.75,10573
2025-12-09,14:00:00,87.75,87.75,87.45,87.6,22721
2025-12-09,15:00:00,87.25,87.25,87.25,87.25,12227
2025-12-10,10:00:00,87.75,87.8,87.3,87.55,29642
2025-12-10,11:00:00,87.6,87.6,87.45,87.5,8585
2025-12-10,12:00:00,87.5,87.6,87.35,87.5,19539
2025-12-10,13:00:00,87.45,87.55,87.15,87.35,20660
2025-12-10,14:00:00,87.4,87.55,86.4,87.25,82956
2025-12-10,15:00:00,87.0,87.0,87.0,87.0,6949
2025-12-11,10:00:00,87.4,87.4,87.05,87.15,7102
2025-12-11,11:00:00,87.25,87.3,87.05,87.15,6387
2025-12-11,12:00:00,87.2,87.45,86.9,87.25,11688
2025-12-11,13:00:00,87.25,87.25,86.9,87.1,10017
2025-12-11,14:00:00,87.15,87.25,87.0,87.05,13194
2025-12-11,15:00:00,87.05,87.05,87.05,87.05,3831
2025-12-14,10:00:00,87.1,87.1,86.05,86.1,15178
2025-12-14,11:00:00,86.1,86.4,86.05,86.15,5722
2025-12-14,12:00:00,86.1,86.15,85.85,85.95,15112
2025-12-14,13:00:00,85.95,86.2,85.8,86.05,6892
2025-12-14,14:00:00,86.1,86.35,86.1,86.25,9059
2025-12-14,15:00:00,86.3,86.3,86.3,86.3,1302
2025-12-15,10:00:00,90.0,90.0,85.55,86.55,50775
2025-12-15,11:00:00,86.55,86.8,86.1,86.1,14749
2025-12-15,12:00:00,86.2,86.25,85.8,86.05,20333
2025-12-15,13:00:00,86.05,86.25,85.9,86.15,23278
2025-12-15,14:00:00,86.15,86.4,86.05,86.15,25530
2025-12-15,15:00:00,86.05,86.05,86.05,86.05,4815
2025-12-16,10:00:00,86.1,86.6,86.1,86.5,7498
2025-12-16,11:00:00,86.5,86.55,85.95,86.1,25460
2025-12-16,12:00:00,86.15,86.2,86.0,86.15,8554
2025-12-16,13:00:00,86.1,86.15,85.2,85.3,34776
2025-12-16,14:00:00,85.4,85.75,85.1,85.35,41581
2025-12-16,15:00:00,85.15,85.15,85.15,85.15,8764
2025-12-17,10:00:00,85.05,85.4,84.65,85.15,23153
2025-12-17,11:00:00,85.15,85.6,84.85,85.3,12776
2025-12-17,12:00:00,85.3,85.45,85.2,85.25,5497
2025-12-17,13:00:00,85.25,85.3,85.0,85.05,13579
2025-12-17,14:00:00,85.1,85.3,84.95,84.95,13248
2025-12-17,15:00:00,85.25,85.25,85.25,85.25,7789
2025-12-18,10:00:00,85.0,85.25,84.75,84.8,19059
2025-12-18,11:00:00,84.75,84.75,84.2,84.5,20280
2025-12-18,12:00:00,84.5,84.55,84.35,84.5,9942
2025-12-18,13:00:00,84.45,84.95,84.45,84.95,18017
2025-12-18,14:00:00,84.9,85.45,84.8,85.25,18433
2025-12-18,15:00:00,85.05,85.05,85.05,85.05,27078
2025-12-21,10:00:00,85.25,86.2,85.25,85.9,11791
2025-12-21,11:00:00,85.9,85.9,85.5,85.5,8041
2025-12-21,12:00:00,85.5,85.6,85.4,85.4,15152
2025-12-21,13:00:00,85.4,85.6,85.3,85.45,4344
2025-12-21,14:00:00,85.6,85.95,85.5,85.9,7347
2025-12-21,15:00:00,85.95,85.95,85.95,85.95,973
2025-12-22,10:00:00,86.45,86.45,84.65,84.7,19799
2025-12-22,11:00:00,84.75,85.3,84.75,85.0,36429
2025-12-22,12:00:00,85.05,85.3,84.8,85.3,19416
2025-12-22,13:00:00,85.35,85.4,85.05,85.05,13225
2025-12-22,14:00:00,85.1,85.4,85.0,85.0,30450
2025-12-22,15:00:00,85.3,85.3,85.3,85.3,3395
2025-12-23,10:00:00,85.1,85.3,85.0,85.15,13857
2025-12-23,11:00:00,85.15,85.2,84.9,85.05,10393
2025-12-23,12:00:00,85.05,85.2,85.0,85.05,4592
2025-12-23,13:00:00,85.05,85.5,85.05,85.45,26971
2025-12-23,14:00:00,85.4,85.7,85.15,85.7,24310
2025-12-23,15:00:00,86.05,86.05,86.05,86.05,74438
2025-12-24,10:00:00,86.1,86.1,85.05,85.05,10461
2025-12-24,11:00:00,85.05,85.25,84.95,85.2,10545
2025-12-24,12:00:00,85.1,85.5,85.05,85.4,6134
2025-12-24,13:00:00,85.35,85.45,85.15,85.45,7526
2025-12-24,14:00:00,85.45,85.65,85.4,85.5,11235
2025-12-24,15:00:00,85.5,85.5,85.5,85.5,9086
2025-12-25,10:00:00,85.5,85.9,85.15,85.85,6403
2025-12-25,11:00:00,85.85,86.25,85.85,86.2,6712
2025-12-25,12:00:00,86.15,86.35,85.9,86.0,6757
2025-12-25,13:00:00,86.05,86.45,85.9,86.4,5504
2025-12-25,14:00:00,86.45,87.0,86.15,86.8,16746
2025-12-25,15:00:00,86.8,86.8,86.8,86.8,55
2025-12-28,10:00:00,87.1,87.1,86.0,86.25,14141
2025-12-28,11:00:00,86.35,86.8,86.2,86.6,7111
2025-12-28,12:00:00,86.55,86.75,86.5,86.7,6286
2025-12-28,13:00:00,86.65,86.65,86.4,86.5,4528
2025-12-28,14:00:00,86.45,86.75,86.3,86.4,19413
2025-12-28,15:00:00,86.4,86.4,86.4,86.4,5455
2025-12-29,10:00:00,85.9,86.3,85.5,86.0,17955
2025-12-29,11:00:00,85.9,86.05,84.8,84.9,40919
2025-12-29,12:00:00,85.0,85.1,84.75,84.9,19022
2025-12-29,13:00:00,84.95,85.3,84.5,85.2,22809
2025-12-29,14:00:00,85.2,85.5,85.1,85.1,18993
2025-12-29,15:00:00,85.4,85.4,85.4,85.4,12164
2025-12-30,10:00:00,85.25,85.25,84.15,84.6,43291
2025-12-30,11:00:00,84.6,84.95,84.25,84.95,42427
2025-12-30,12:00:00,84.85,84.95,84.25,84.35,16581
2025-12-30,13:00:00,84.35,84.4,84.15,84.3,26481
2025-12-30,14:00:00,84.25,84.5,83.85,84.0,42967
2025-12-30,15:00:00,83.95,83.95,83.95,83.95,10299
2025-12-31,10:00:00,84.35,85.0,84.2,84.4,34838
2025-12-31,11:00:00,84.35,84.5,84.2,84.3,31693
2025-12-31,12:00:00,84.3,84.4,84.2,84.3,17908
2025-12-31,13:00:00,84.3,84.3,84.05,84.2,24120
2025-12-31,14:00:00,84.15,84.55,84.15,84.5,28477
2025-12-31,15:00:00,84.5,84.5,84.5,84.5,15699
2026-01-01,10:00:00,84.5,85.0,84.45,84.5,38558
2026-01-01,11:00:00,84.65,84.8,84.5,84.6,48344
2026-01-01,12:00:00,84.6,84.8,84.45,84.5,33041
2026-01-01,13:00:00,84.5,84.7,84.35,84.4,31758
2026-01-01,14:00:00,84.4,84.7,84.35,84.6,13657
2026-01-01,15:00:00,84.9,84.9,84.9,84.9,1843
2026-01-04,10:00:00,84.9,84.9,84.2,84.5,33036
2026-01-04,11:00:00,84.5,84.75,84.45,84.7,7666
2026-01-04,12:00:00,84.65,84.65,84.4,84.6,7505
2026-01-04,13:00:00,84.6,84.6,84.3,84.35,13713
2026-01-04,14:00:00,84.35,84.6,84.25,84.5,29384
2026-01-04,15:00:00,84.25,84.25,84.25,84.25,917
2026-01-05,10:00:00,84.25,84.85,84.25,84.7,24026
2026-01-05,11:00:00,84.7,85.1,84.6,85.05,18005
2026-01-05,12:00:00,85.0,85.8,84.95,85.7,39341
2026-01-05,13:00:00,85.65,86.0,85.55,86.0,35333
2026-01-05,14:00:00,85.95,86.15,85.85,85.95,38161
2026-01-05,15:00:00,86.0,86.0,86.0,86.0,5705
2026-01-06,10:00:00,85.9,86.3,85.8,86.0,15324
2026-01-06,11:00:00,85.95,86.1,85.3,86.0,30806
2026-01-06,12:00:00,86.05,86.05,85.75,85.8,5841
2026-01-06,13:00:00,85.9,86.1,85.75,85.85,9510
2026-01-06,14:00:00,85.85,85.9,85.7,85.75,14220
2026-01-06,15:00:00,85.7,85.7,85.7,85.7,2993
2026-01-07,10:00:00,88.0,88.0,86.3,86.35,63216
2026-01-07,11:00:00,86.35,86.55,86.0,86.25,27359
2026-01-07,12:00:00,86.35,86.65,86.25,86.45,16356
2026-01-07,13:00:00,86.3,86.35,86.0,86.2,32242
2026-01-07,14:00:00,86.2,86.55,86.1,86.1,21020
2026-01-07,15:00:00,86.25,86.25,86.25,86.25,33035
2026-01-08,10:00:00,86.25,86.45,86.0,86.25,12863
2026-01-08,11:00:00,86.2,86.45,86.1,86.25,17454
2026-01-08,12:00:00,86.25,86.4,86.25,86.3,11337
2026-01-08,13:00:00,86.35,86.35,85.8,85.8,38915
2026-01-08,14:00:00,85.9,86.1,85.75,86.1,31073
2026-01-08,15:00:00,86.0,86.0,86.0,86.0,7253
2026-01-11,10:00:00,86.1,86.8,86.1,86.65,39411
2026-01-11,11:00:00,86.65,86.8,86.5,86.7,20564
2026-01-11,12:00:00,86.75,86.75,86.65,86.65,7128
2026-01-11,13:00:00,86.75,86.75,86.55,86.6,18566
2026-01-11,14:00:00,86.6,86.75,86.45,86.65,24392
2026-01-11,15:00:00,86.65,86.65,86.65,86.65,1503
2026-01-12,10:00:00,86.2,86.65,85.3,85.75,91007
2026-01-12,11:00:00,85.7,85.85,85.3,85.8,64218
2026-01-12,12:00:00,85.8,85.85,85.25,85.45,74530
2026-01-12,13:00:00,85.3,85.4,84.95,85.0,115702
2026-01-12,14:00:00,85.05,85.3,84.9,84.95,101019
2026-01-12,15:00:00,85.0,85.0,85.0,85.0,19944
2026-01-13,10:00:00,85.5,85.5,84.55,84.7,124324
2026-01-13,11:00:00,84.7,85.9,84.7,85.75,72370
2026-01-13,12:00:00,85.75,85.85,85.4,85.55,31391
2026-01-13,13:00:00,85.55,85.75,85.05,85.2,56911
2026-01-13,14:00:00,85.2,85.35,85.05,85.3,54332
2026-01-13,15:00:00,85.3,85.3,85.3,85.3,6875
2026-01-14,10:00:00,85.05,85.9,85.05,85.3,46101
2026-01-14,11:00:00,85.2,85.9,85.15,85.75,60087
2026-01-14,12:00:00,85.75,86.15,85.7,86.05,61815
2026-01-14,13:00:00,86.0,86.25,85.55,85.6,44618
2026-01-14,14:00:00,85.55,85.7,85.15,85.6,36561
2026-01-14,15:00:00,85.8,85.8,85.8,85.8,10830
2026-01-15,10:00:00,85.4,85.65,84.65,85.55,143328
2026-01-15,11:00:00,85.55,86.45,85.35,85.95,108807
2026-01-15,12:00:00,85.95,85.95,85.55,85.55,33646
2026-01-15,13:00:00,85.55,85.75,85.35,85.6,25480
2026-01-15,14:00:00,85.6,85.7,85.35,85.4,37675
2026-01-15,15:00:00,85.8,85.8,85.8,85.8,15602
2026-01-18,10:00:00,85.95,86.2,85.65,86.1,90086
2026-01-18,11:00:00,86.1,86.15,85.95,85.95,61053
2026-01-18,12:00:00,86.0,86.2,85.8,85.85,64849
2026-01-18,13:00:00,85.95,86.45,85.9,86.2,80671
2026-01-18,14:00:00,86.3,86.4,86.2,86.35,26784
2026-01-18,15:00:00,86.3,86.3,86.3,86.3,8594
2026-01-19,10:00:00,86.3,87.4,86.3,87.2,111060
2026-01-19,11:00:00,87.2,87.3,86.85,86.9,96101
2026-01-19,12:00:00,86.9,87.45,86.9,87.25,118389
2026-01-19,13:00:00,87.3,87.7,87.3,87.55,110296
2026-01-19,14:00:00,87.6,87.6,87.25,87.3,107092
2026-01-19,15:00:00,87.2,87.2,87.2,87.2,52056
2026-01-20,10:00:00,87.5,87.65,86.75,86.8,67768
2026-01-20,11:00:00,86.8,86.85,86.55,86.6,29586
2026-01-20,12:00:00,86.65,86.9,86.6,86.65,25716
2026-01-20,13:00:00,86.65,86.9,86.35,86.5,98443
2026-01-20,14:00:00,86.5,86.55,85.9,86.05,44759
2026-01-20,15:00:00,86.0,86.0,86.0,86.0,9223
2026-01-21,10:00:00,86.4,87.25,86.2,86.55,117961
2026-01-21,11:00:00,86.5,86.6,85.8,86.05,110090
2026-01-21,12:00:00,86.1,86.2,85.9,86.0,25436
2026-01-21,13:00:00,85.95,86.4,85.95,86.05,25279
2026-01-21,14:00:00,86.0,86.45,85.95,86.4,51024
2026-01-21,15:00:00,86.6,86.6,86.6,86.6,17803
2026-01-22,10:00:00,86.85,87.4,86.6,87.05,76103
2026-01-22,11:00:00,87.15,87.4,86.9,87.1,70934
2026-01-22,12:00:00,87.1,87.65,87.1,87.6,76250
2026-01-22,13:00:00,87.65,87.75,87.4,87.65,55748
2026-01-22,14:00:00,87.65,87.75,87.25,87.3,129056
2026-01-22,15:00:00,87.7,87.7,87.7,87.7,12260
2026-01-25,10:00:00,87.8,88.1,87.6,87.9,57772
2026-01-25,11:00:00,87.9,88.0,87.75,87.8,27833
2026-01-25,12:00:00,87.8,87.95,87.7,87.85,25418
2026-01-25,13:00:00,87.85,88.0,87.75,87.95,17270
2026-01-25,14:00:00,87.95,87.95,87.6,87.65,26376
2026-01-25,15:00:00,87.65,87.65,87.65,87.65,3148
2026-01-26,10:00:00,87.95,87.95,86.95,87.45,65075
2026-01-26,11:00:00,87.45,88.1,87.3,87.65,66683
2026-01-26,12:00:00,87.65,87.85,87.15,87.2,102406
2026-01-26,13:00:00,87.15,88.0,87.1,87.95,71973
2026-01-26,14:00:00,87.9,88.0,87.7,87.9,41149
2026-01-26,15:00:00,88.05,88.05,88.05,88.05,13858
2026-01-27,10:00:00,88.0,88.2,87.55,88.2,40786
2026-01-27,11:00:00,88.15,88.5,88.15,88.4,39246
2026-01-27,12:00:00,88.45,88.45,88.3,88.35,28428
2026-01-27,13:00:00,88.35,88.5,88.3,88.45,48032
2026-01-27,14:00:00,88.45,88.5,88.35,88.4,44884
2026-01-27,15:00:00,88.45,88.45,88.45,88.45,7419
2026-01-28,10:00:00,88.5,88.85,88.25,88.55,79387
2026-01-28,11:00:00,88.6,88.95,88.5,88.75,40268
2026-01-28,12:00:00,88.7,89.0,88.6,88.9,48604
2026-01-28,13:00:00,88.9,89.0,88.85,89.0,30925
2026-01-28,14:00:00,89.0,89.0,88.5,88.7,51078
2026-01-28,15:00:00,89.0,89.0,89.0,89.0,6631
2026-01-29,10:00:00,88.5,88.8,88.2,88.4,20118
2026-01-29,11:00:00,88.55,88.8,88.45,88.75,13366
2026-01-29,12:00:00,88.7,88.8,88.5,88.55,17098
2026-01-29,13:00:00,88.5,88.7,88.45,88.6,31226
2026-01-29,14:00:00,88.55,88.65,88.25,88.4,29465
2026-01-29,15:00:00,87.95,87.95,87.95,87.95,37623
2026-02-01,10:00:00,88.0,88.25,86.75,86.9,44974
2026-02-01,11:00:00,86.9,87.05,86.8,86.9,13806
2026-02-01,12:00:00,86.95,87.5,86.9,87.4,18686
2026-02-01,13:00:00,87.3,87.4,87.2,87.35,9498
2026-02-01,14:00:00,87.3,87.85,87.0,87.65,23996
2026-02-01,15:00:00,87.8,87.8,87.8,87.8,2105
2026-02-02,10:00:00,87.2,88.25,86.7,87.9,41235
2026-02-02,11:00:00,87.9,88.45,87.7,88.0,44064
2026-02-02,12:00:00,88.0,88.5,87.7,87.7,45227
2026-02-02,13:00:00,87.8,88.05,87.65,87.65,37369
2026-02-02,14:00:00,87.8,88.15,87.65,87.9,29319
2026-02-02,15:00:00,88.15,88.15,88.15,88.15,10356
2026-02-03,10:00:00,88.0,88.0,87.2,87.5,59877
2026-02-03,11:00:00,87.4,87.6,87.3,87.4,18914
2026-02-03,12:00:00,87.4,87.55,87.25,87.35,17664
2026-02-03,13:00:00,87.3,87.6,87.15,87.25,41558
2026-02-03,14:00:00,87.25,87.5,87.0,87.35,46948
2026-02-03,15:00:00,87.35,87.35,87.35,87.35,8024
2026-02-04,10:00:00,87.4,89.25,87.4,89.0,121323
2026-02-04,11:00:00,89.05,89.4,88.85,89.15,61286
2026-02-04,12:00:00,89.1,89.15,88.95,89.1,35487
2026-02-04,13:00:00,89.05,89.15,88.95,89.0,26786
2026-02-04,14:00:00,88.95,89.45,88.95,89.3,78456
2026-02-04,15:00:00,89.25,89.25,89.25,89.25,10934
2026-02-05,10:00:00,89.2,89.25,87.8,88.65,44767
2026-02-05,11:00:00,88.65,88.7,88.0,88.05,20970
2026-02-05,12:00:00,88.05,88.15,87.8,87.9,15495
2026-02-05,13:00:00,87.9,89.05,87.9,88.35,28715
2026-02-05,14:00:00,88.4,88.75,87.85,87.95,28790
2026-02-05,15:00:00,87.9,87.9,87.9,87.9,8351
2026-02-08,10:00:00,87.95,88.85,87.95,88.5,19059
2026-02-08,11:00:00,88.4,88.5,87.95,88.05,16231
2026-02-08,12:00:00,88.05,88.15,87.95,88.15,7441
2026-02-08,13:00:00,88.05,88.1,87.85,87.85,13287
2026-02-08,14:00:00,87.85,87.95,87.7,87.75,11054
2026-02-08,15:00:00,88.1,88.1,88.1,88.1,1875
2026-02-09,10:00:00,87.8,87.8,87.4,87.6,18730
2026-02-09,11:00:00,87.6,87.6,87.1,87.25,21357
2026-02-09,12:00:00,87.2,87.5,87.15,87.5,11969
2026-02-09,13:00:00,87.4,87.65,87.3,87.45,31359
2026-02-09,14:00:00,87.5,87.95,87.5,87.5,23456
2026-02-09,15:00:00,88.0,88.0,88.0,88.0,13506
2026-02-10,10:00:00,87.5,87.65,87.2,87.45,9731
2026-02-10,11:00:00,87.45,87.5,87.2,87.35,13865
2026-02-10,12:00:00,87.35,87.45,87.3,87.4,11136
2026-02-10,13:00:00,87.3,87.4,87.2,87.3,25762
2026-02-10,14:00:00,87.35,87.45,87.05,87.15,58312
2026-02-10,15:00:00,87.45,87.45,87.45,87.45,8818
2026-02-11,10:00:00,87.45,87.5,86.7,86.75,29369
2026-02-11,11:00:00,86.75,86.75,86.3,86.45,34059
2026-02-11,12:00:00,86.45,86.6,86.3,86.3,11660
2026-02-11,13:00:00,86.35,86.45,86.1,86.45,16056
2026-02-11,14:00:00,86.4,86.5,86.3,86.35,15076
2026-02-11,15:00:00,86.85,86.85,86.85,86.85,16131
2026-02-12,10:00:00,86.2,86.55,86.1,86.1,23031
2026-02-12,11:00:00,86.15,86.45,86.05,86.4,19624
2026-02-12,12:00:00,86.45,86.45,86.1,86.2,24144
2026-02-12,13:00:00,86.2,86.5,85.9,86.3,26943
2026-02-12,14:00:00,86.3,86.4,86.15,86.2,14628
2026-02-12,15:00:00,86.2,86.2,86.2,86.2,2924
2026-02-15,10:00:00,86.35,86.5,86.0,86.4,30089
2026-02-15,11:00:00,86.35,86.65,86.35,86.55,5243
2026-02-15,12:00:00,86.65,86.9,86.6,86.65,6699
2026-02-15,13:00:00,86.65,86.7,86.6,86.65,3261
2026-02-15,14:00:00,86.65,87.4,86.55,86.9,71105
2026-02-15,15:00:00,86.8,86.8,86.8,86.8,523
2026-02-16,10:00:00,87.0,87.0,86.2,86.55,21740
2026-02-16,11:00:00,86.6,86.6,86.15,86.3,19497
2026-02-16,12:00:00,86.3,86.5,86.3,86.3,37759
2026-02-16,13:00:00,86.3,86.4,86.3,86.3,25711
2026-02-16,14:00:00,86.3,86.7,86.3,86.45,50170
2026-02-16,15:00:00,86.65,86.65,86.65,86.65,4739
2026-02-17,10:00:00,86.25,86.3,82.85,85.8,535812
2026-02-17,11:00:00,85.9,85.9,85.2,85.2,373395
2026-02-17,12:00:00,85.2,85.85,85.2,85.75,245805
2026-02-17,13:00:00,85.8,85.8,85.25,85.6,190153
2026-02-17,14:00:00,85.65,86.05,85.6,85.75,60552
2026-02-17,15:00:00,86.05,86.05,86.05,86.05,19386
2026-02-18,10:00:00,85.6,86.25,85.45,85.75,45934
2026-02-18,11:00:00,85.75,85.75,85.45,85.5,25756
2026-02-18,12:00:00,85.55,85.75,85.45,85.7,44471
2026-02-18,13:00:00,85.6,85.85,85.6,85.75,19245
2026-02-18,14:00:00,85.75,86.3,85.75,86.3,61036
2026-02-18,15:00:00,86.25,86.25,86.25,86.25,6469
2026-02-19,10:00:00,86.2,87.2,86.0,86.95,50783
2026-02-19,11:00:00,87.0,87.0,86.5,86.5,22076
2026-02-19,12:00:00,86.5,86.85,86.35,86.5,23391
2026-02-19,13:00:00,86.5,86.65,86.1,86.45,28475
2026-02-19,14:00:00,86.5,87.2,86.45,86.65,88552
2026-02-19,15:00:00,86.75,86.75,86.75,86.75,4354
2026-02-23,10:00:00,86.75,86.85,84.8,85.0,37049
2026-02-23,11:00:00,85.1,85.55,84.75,85.15,42862
2026-02-23,12:00:00,85.15,85.8,85.15,85.7,33023
2026-02-23,13:00:00,85.6,85.9,84.3,85.4,161329
2026-02-23,14:00:00,85.4,86.25,85.4,86.25,108411
2026-02-23,15:00:00,85.95,85.95,85.95,85.95,18457
2026-02-24,10:00:00,85.35,86.15,84.65,85.05,64810
2026-02-24,11:00:00,85.0,85.2,84.6,85.05,120376
2026-02-24,12:00:00,85.05,85.15,84.95,85.1,28260
2026-02-24,13:00:00,85.1,85.2,84.95,85.0,45460
2026-02-24,14:00:00,85.05,85.1,84.0,84.8,136408
2026-02-24,15:00:00,85.0,85.0,85.0,85.0,14676
2026-02-25,10:00:00,84.3,85.65,84.3,85.2,35199
2026-02-25,11:00:00,85.15,85.15,84.0,84.45,72681
2026-02-25,12:00:00,84.45,84.5,84.2,84.35,22011
2026-02-25,13:00:00,84.4,84.6,84.25,84.5,52947
2026-02-25,14:00:00,84.55,85.0,84.35,84.5,30747
2026-02-25,15:00:00,84.9,84.9,84.9,84.9,6417
2026-02-26,10:00:00,84.9,84.9,84.0,84.1,15131
2026-02-26,11:00:00,84.15,84.25,83.5,83.6,91854
2026-02-26,12:00:00,83.6,84.15,83.6,84.05,28192
2026-02-26,13:00:00,84.05,84.1,83.85,83.85,65058
2026-02-26,14:00:00,83.85,83.85,82.55,82.7,120298
2026-02-26,15:00:00,82.85,82.85,82.85,82.85,12123
2026-03-01,10:00:00,74.6,81.55,74.6,80.55,179125
2026-03-01,11:00:00,80.55,81.1,80.45,80.85,25722
2026-03-01,12:00:00,80.95,82.0,80.6,81.8,52971
2026-03-01,13:00:00,82.0,82.2,81.65,81.85,23989
2026-03-01,14:00:00,81.85,82.15,81.75,82.0,22918
2026-03-01,15:00:00,82.1,82.1,82.1,82.1,1430
2026-03-02,10:00:00,81.3,82.15,80.25,80.35,50672
2026-03-02,11:00:00,80.35,80.4,79.15,79.5,108455
2026-03-02,12:00:00,79.55,80.5,79.45,80.45,29341
2026-03-02,13:00:00,80.55,80.85,79.75,79.95,29351
2026-03-02,14:00:00,80.0,80.0,78.6,79.05,86986
2026-03-02,15:00:00,79.5,79.5,79.5,79.5,9280
2026-03-03,10:00:00,79.0,79.3,77.05,77.35,112183
2026-03-03,11:00:00,77.45,77.85,77.35,77.8,33941
2026-03-03,12:00:00,77.8,77.95,77.0,77.8,72841
2026-03-03,13:00:00,77.75,78.5,77.7,78.5,116706
2026-03-03,14:00:00,78.5,80.25,78.2,79.85,149305
2026-03-03,15:00:00,79.45,79.45,79.45,79.45,7255
2026-03-04,10:00:00,81.0,81.7,80.25,81.15,94674
2026-03-04,11:00:00,81.15,81.95,81.0,81.8,42515
2026-03-04,12:00:00,81.8,82.05,81.5,82.0,51104
2026-03-04,13:00:00,82.0,82.5,81.95,82.35,64476
2026-03-04,14:00:00,82.35,82.7,82.1,82.65,49656
2026-03-04,15:00:00,82.65,82.65,82.65,82.65,13027
2026-03-05,10:00:00,80.25,81.55,79.8,80.95,99585
2026-03-05,11:00:00,80.85,81.1,80.3,81.1,57668
2026-03-05,12:00:00,81.05,81.2,80.05,80.3,66310
2026-03-05,13:00:00,80.4,80.55,80.3,80.5,21594
2026-03-05,14:00:00,80.55,80.8,80.45,80.6,23424
2026-03-05,15:00:00,80.5,80.5,80.5,80.5,7732
2026-03-08,10:00:00,80.5,81.3,80.4,80.5,51692
2026-03-08,11:00:00,80.5,81.15,80.25,80.85,46652
2026-03-08,12:00:00,81.0,81.25,80.85,81.05,21950
2026-03-08,13:00:00,81.0,84.1,80.75,84.05,70501
2026-03-08,14:00:00,82.6,83.6,80.9,80.9,66894
2026-03-08,15:00:00,81.95,81.95,81.95,81.95,3993
2026-03-09,10:00:00,81.9,81.9,80.6,81.0,55614
2026-03-09,11:00:00,81.0,81.0,80.7,80.85,52889
2026-03-09,12:00:00,80.8,80.9,80.5,80.65,23641
2026-03-09,13:00:00,80.65,80.7,80.45,80.6,13658
2026-03-09,14:00:00,80.6,80.6,80.0,80.15,27148
2026-03-09,15:00:00,80.0,80.0,80.0,80.0,18893
2026-03-10,10:00:00,80.1,80.4,79.8,79.9,22430
2026-03-10,11:00:00,79.95,80.45,79.85,80.45,21964
2026-03-10,12:00:00,80.45,80.55,80.2,80.2,15103
2026-03-10,13:00:00,80.2,80.25,80.1,80.15,13466
2026-03-10,14:00:00,80.2,80.55,80.15,80.55,31272
2026-03-10,15:00:00,80.75,80.75,80.75,80.75,4879
2026-03-11,10:00:00,80.55,80.8,80.3,80.45,10993
2026-03-11,11:00:00,80.5,80.5,80.3,80.4,4986
2026-03-11,12:00:00,80.4,80.8,80.35,80.5,9729
2026-03-11,13:00:00,80.5,80.5,80.1,80.2,15302
2026-03-11,14:00:00,80.2,80.5,80.2,80.4,17681
2026-03-11,15:00:00,80.2,80.2,80.2,80.2,10121
2026-03-12,10:00:00,80.2,80.3,79.85,80.15,25524
2026-03-12,11:00:00,80.15,80.2,79.9,79.95,16272
2026-03-12,12:00:00,79.95,80.3,79.9,80.3,17503
2026-03-12,13:00:00,80.3,80.4,80.15,80.3,16158
2026-03-12,14:00:00,80.3,80.45,80.2,80.2,18672
2026-03-12,15:00:00,80.4,80.4,80.4,80.4,5858
2026-03-15,10:00:00,80.35,80.55,80.0,80.2,23437
2026-03-15,11:00:00,80.05,80.4,80.0,80.4,5912
2026-03-15,12:00:00,80.35,80.55,80.35,80.4,26803
2026-03-15,13:00:00,80.45,80.75,80.4,80.75,6974
2026-03-15,14:00:00,80.7,81.15,80.7,80.7,14340
2026-03-15,15:00:00,80.9,80.9,80.9,80.9,464
2026-03-16,10:00:00,80.9,80.9,80.3,80.65,6741
2026-03-16,11:00:00,80.65,80.95,80.65,80.65,4250
2026-03-16,12:00:00,80.65,80.85,80.6,80.7,8534
2026-03-16,13:00:00,80.7,81.0,80.6,81.0,17857
2026-03-16,14:00:00,80.95,81.15,80.75,80.8,30444
2026-03-16,15:00:00,80.4,80.4,80.4,80.4,29096
2026-03-24,10:00:00,81.4,81.65,80.4,80.55,23825
2026-03-24,11:00:00,80.55,81.0,80.5,80.6,14200
2026-03-24,12:00:00,80.6,80.75,80.25,80.25,9320
2026-03-24,13:00:00,80.25,80.35,80.05,80.2,17472
2026-03-24,14:00:00,80.15,80.2,80.05,80.2,14295
2026-03-24,15:00:00,80.0,80.0,80.0,80.0,33531
2026-03-25,10:00:00,80.0,80.4,79.9,79.95,58461
2026-03-25,11:00:00,80.0,80.2,79.6,80.1,40047
2026-03-25,12:00:00,80.1,80.25,79.9,80.0,17589
2026-03-25,13:00:00,80.0,80.15,80.0,80.05,22657
2026-03-25,14:00:00,80.05,80.35,80.0,80.35,37129
2026-03-25,15:00:00,80.3,80.3,80.3,80.3,13138
2026-03-26,10:00:00,80.3,80.35,79.8,79.95,75079
2026-03-26,11:00:00,79.95,80.15,79.85,80.15,17857
2026-03-26,12:00:00,80.15,80.15,79.95,80.0,13754
2026-03-26,13:00:00,80.05,80.05,79.6,79.7,68285
2026-03-26,14:00:00,79.7,79.8,79.6,79.8,46733
2026-03-26,15:00:00,80.0,80.0,80.0,80.0,14865
2026-03-29,10:00:00,80.0,80.35,79.75,80.3,29703
2026-03-29,11:00:00,80.3,80.45,80.15,80.45,57075
2026-03-29,12:00:00,80.4,80.45,80.05,80.2,10431
2026-03-29,13:00:00,80.15,80.3,80.05,80.3,12856
2026-03-29,14:00:00,80.3,80.4,80.0,80.4,19201
2026-03-29,15:00:00,80.0,80.0,80.0,80.0,2519
2026-03-30,10:00:00,80.35,80.45,79.95,80.05,25653
2026-03-30,11:00:00,80.05,80.3,80.05,80.25,14768
2026-03-30,12:00:00,80.2,80.65,80.0,80.45,42779
2026-03-30,13:00:00,80.45,80.5,80.2,80.25,21818
2026-03-30,14:00:00,80.3,80.3,80.05,80.05,38107
2026-03-30,15:00:00,80.05,80.05,80.05,80.05,3503
2026-03-31,10:00:00,80.45,80.75,80.05,80.65,23522
2026-03-31,11:00:00,80.6,80.8,80.5,80.65,26194
2026-03-31,12:00:00,80.65,80.8,80.65,80.8,7697
2026-03-31,13:00:00,80.75,80.9,80.7,80.75,26040
2026-03-31,14:00:00,80.85,81.0,80.75,80.95,40733
2026-03-31,15:00:00,80.85,80.85,80.85,80.85,3547
2026-04-01,10:00:00,80.95,81.25,80.85,81.2,21512
2026-04-01,11:00:00,81.2,81.25,80.8,80.95,22661
2026-04-01,12:00:00,80.9,81.25,80.9,81.25,12623
2026-04-01,13:00:00,81.3,81.7,81.1,81.35,40712
2026-04-01,14:00:00,81.35,81.7,81.25,81.5,39028
2026-04-01,15:00:00,81.7,81.7,81.7,81.7,5826
2026-04-02,10:00:00,81.9,81.9,81.25,81.5,14128
2026-04-02,11:00:00,81.5,81.55,81.3,81.35,14135
2026-04-02,12:00:00,81.35,81.5,81.25,81.25,10704
2026-04-02,13:00:00,81.25,81.55,81.25,81.35,10698
2026-04-02,14:00:00,81.35,81.65,80.9,81.55,86886
2026-04-02,15:00:00,81.7,81.7,81.7,81.7,3205
2026-04-05,10:00:00,81.65,81.9,81.35,81.55,19859
2026-04-05,11:00:00,81.55,81.75,81.5,81.55,7933
2026-04-05,12:00:00,81.55,81.6,81.45,81.5,13798
2026-04-05,13:00:00,81.5,81.6,81.3,81.6,13831
2026-04-05,14:00:00,81.6,81.7,81.4,81.5,15601
2026-04-05,15:00:00,81.4,81.4,81.4,81.4,7454
2026-04-06,10:00:00,81.0,81.55,81.0,81.0,18911
2026-04-06,11:00:00,80.95,81.0,80.8,81.0,8406
2026-04-06,12:00:00,80.9,81.0,80.6,80.95,12773
2026-04-06,13:00:00,80.95,81.1,80.95,81.1,3958
2026-04-06,14:00:00,81.0,81.1,80.4,80.9,91912
2026-04-06,15:00:00,80.7,80.7,80.7,80.7,1474
2026-04-07,10:00:00,80.65,80.95,80.45,80.45,21319
2026-04-07,11:00:00,80.45,80.5,80.1,80.25,21369
2026-04-07,12:00:00,80.2,80.25,80.0,80.1,13128
2026-04-07,13:00:00,80.15,80.2,79.9,79.9,23850
2026-04-07,14:00:00,79.9,80.0,79.7,80.0,41631
2026-04-07,15:00:00,79.9,79.9,79.9,79.9,3407
2026-04-08,10:00:00,81.3,82.35,81.1,82.3,144539
2026-04-08,11:00:00,82.25,82.25,81.7,81.95,57012
2026-04-08,12:00:00,81.95,82.4,81.95,82.3,34155
2026-04-08,13:00:00,82.25,82.5,82.15,82.4,49013
2026-04-08,14:00:00,82.4,82.75,82.3,82.4,76096
2026-04-08,15:00:00,82.4,82.4,82.4,82.4,9062
2026-04-09,10:00:00,82.0,82.0,81.5,81.85,19723
2026-04-09,11:00:00,81.85,82.05,81.55,81.85,15283
2026-04-09,12:00:00,81.85,82.1,81.8,81.95,5132
2026-04-09,13:00:00,81.95,82.15,81.85,81.85,15787
2026-04-09,14:00:00,81.9,82.0,81.75,81.8,19272
2026-04-09,15:00:00,82.0,82.0,82.0,82.0,5417
2026-04-12,10:00:00,81.55,82.2,81.35,81.9,17809
2026-04-12,11:00:00,82.0,82.0,81.7,82.0,23066
2026-04-12,12:00:00,82.0,82.05,81.4,81.4,9844
2026-04-12,13:00:00,81.4,81.8,81.4,81.55,5238
2026-04-12,14:00:00,81.5,81.8,81.35,81.55,18174
2026-04-12,15:00:00,81.4,81.4,81.4,81.4,54
2026-04-13,10:00:00,81.7,81.95,81.0,81.8,33142
2026-04-13,11:00:00,81.8,81.95,81.65,81.85,9302
2026-04-13,12:00:00,81.85,82.0,81.65,81.9,29375
2026-04-13,13:00:00,81.85,81.95,81.6,81.6,15336
2026-04-13,14:00:00,81.6,81.75,81.1,81.15,59750
2026-04-13,15:00:00,81.3,81.3,81.3,81.3,4281
2026-04-14,10:00:00,81.3,81.3,80.75,80.95,26971
2026-04-14,11:00:00,81.05,81.6,80.95,81.55,41363
2026-04-14,12:00:00,81.5,81.85,81.5,81.6,19152
2026-04-14,13:00:00,81.6,81.85,81.5,81.8,28177
2026-04-14,14:00:00,81.65,82.05,81.55,82.0,47368
2026-04-14,15:00:00,82.0,82.0,82.0,82.0,9864
2026-04-15,10:00:00,81.9,83.0,81.85,82.85,78034
2026-04-15,11:00:00,82.9,83.0,82.25,82.3,54613
2026-04-15,12:00:00,82.3,82.35,81.95,81.95,26676
2026-04-15,13:00:00,81.95,82.2,81.85,82.1,26804
2026-04-15,14:00:00,82.1,82.15,81.9,81.95,27895
2026-04-15,15:00:00,82.0,82.0,82.0,82.0,9270
2026-04-16,10:00:00,82.05,82.3,81.8,81.95,41034
2026-04-16,11:00:00,82.05,82.1,81.9,82.05,11094
2026-04-16,12:00:00,82.0,82.2,81.95,82.15,14649
2026-04-16,13:00:00,82.05,82.45,81.95,82.35,30136
2026-04-16,14:00:00,82.35,82.4,82.2,82.3,17388
2026-04-16,15:00:00,82.5,82.5,82.5,82.5,7266
2026-04-19,10:00:00,82.75,82.75,82.15,82.35,14644
2026-04-19,11:00:00,82.35,82.5,82.15,82.4,10193
2026-04-19,12:00:00,82.4,82.4,82.05,82.05,7951
2026-04-19,13:00:00,82.1,82.15,81.85,82.0,11915
2026-04-19,14:00:00,81.95,82.0,81.85,81.85,6652
2026-04-19,15:00:00,81.8,81.8,81.8,81.8,519
2026-04-20,10:00:00,81.85,82.0,81.5,81.6,16979
2026-04-20,11:00:00,81.65,82.15,81.6,81.95,5975
2026-04-20,12:00:00,81.95,82.25,81.9,82.1,6377
2026-04-20,13:00:00,82.1,82.15,81.75,81.75,11886
2026-04-20,14:00:00,81.75,82.1,81.75,81.9,13449
2026-04-20,15:00:00,81.8,81.8,81.8,81.8,3225
2026-04-21,10:00:00,81.7,82.3,81.7,81.9,13295
2026-04-21,11:00:00,81.9,82.0,81.75,81.75,10068
2026-04-21,12:00:00,81.75,82.0,81.75,81.85,4309
2026-04-21,13:00:00,81.85,81.95,81.7,81.9,11861
2026-04-21,14:00:00,81.8,81.95,81.7,81.8,9006
2026-04-21,15:00:00,81.9,81.9,81.9,81.9,3801
2026-04-22,10:00:00,81.9,82.1,81.6,81.65,6038
2026-04-22,11:00:00,81.6,81.85,81.55,81.65,8732
2026-04-22,12:00:00,81.7,81.75,81.55,81.65,7842
2026-04-22,13:00:00,81.75,81.75,81.55,81.65,7962
2026-04-22,14:00:00,81.65,81.7,81.5,81.55,9039
2026-04-22,15:00:00,81.5,81.5,81.5,81.5,2416
2026-04-23,10:00:00,81.55,81.9,81.45,81.6,11255
2026-04-23,11:00:00,81.6,81.7,81.55,81.55,6950
2026-04-23,12:00:00,81.6,81.6,81.2,81.5,14209
2026-04-23,13:00:00,81.55,81.65,81.3,81.4,9781
2026-04-23,14:00:00,81.35,81.75,81.35,81.7,9009
2026-04-23,15:00:00,81.5,81.5,81.5,81.5,1769
2026-04-26,10:00:00,81.5,81.6,81.05,81.3,9934
2026-04-26,11:00:00,81.5,81.7,81.4,81.6,7518
2026-04-26,12:00:00,81.6,81.65,81.5,81.65,4693
2026-04-26,13:00:00,81.55,81.75,81.45,81.75,45339
2026-04-26,14:00:00,81.6,82.15,81.6,81.85,28436
2026-04-26,15:00:00,81.8,81.8,81.8,81.8,33
2026-04-27,10:00:00,81.8,82.0,81.5,81.9,11031
2026-04-27,11:00:00,81.9,82.0,81.75,81.95,15115
2026-04-27,12:00:00,81.95,82.1,81.95,82.05,17574
2026-04-27,13:00:00,82.1,82.2,81.9,81.9,15254
2026-04-27,14:00:00,81.9,82.0,81.8,81.95,18464
2026-04-27,15:00:00,82.25,82.25,82.25,82.25,19599
2026-04-28,10:00:00,82.2,82.2,81.4,81.5,10587
2026-04-28,11:00:00,81.55,81.6,81.45,81.5,11506
2026-04-28,12:00:00,81.55,81.55,81.15,81.15,44006
2026-04-28,13:00:00,81.15,81.3,81.05,81.1,14575
2026-04-28,14:00:00,81.15,81.25,80.85,80.9,34247
2026-04-28,15:00:00,80.9,80.9,80.9,80.9,3000
2026-04-29,10:00:00,80.9,81.15,80.8,81.05,9350
2026-04-29,11:00:00,81.05,81.1,80.95,80.95,9466
2026-04-29,12:00:00,80.95,81.0,80.8,80.85,9325
2026-04-29,13:00:00,80.85,81.15,80.85,81.1,4086
2026-04-29,14:00:00,81.1,81.1,80.85,80.85,10933
2026-04-29,15:00:00,80.85,80.85,80.85,80.85,3126
2026-04-30,10:00:00,80.55,80.8,80.55,80.7,15763
2026-04-30,11:00:00,80.7,80.95,80.55,80.65,23622
2026-04-30,12:00:00,80.65,80.65,80.5,80.6,12850
2026-04-30,13:00:00,80.6,80.6,80.45,80.55,18163
2026-04-30,14:00:00,80.5,80.65,80.45,80.55,18342
2026-04-30,15:00:00,80.5,80.5,80.5,80.5,8647
2026-05-03,10:00:00,80.55,80.55,80.2,80.5,10891
2026-05-03,11:00:00,80.5,80.5,80.3,80.35,4835
2026-05-03,12:00:00,80.35,80.4,80.25,80.3,8105
2026-05-03,13:00:00,80.35,80.4,80.15,80.2,13720
2026-05-03,14:00:00,80.25,80.65,80.15,80.6,10655
2026-05-03,15:00:00,80.5,80.5,80.5,80.5,258
2026-05-04,10:00:00,80.5,80.55,80.25,80.4,11332
2026-05-04,11:00:00,80.4,80.9,80.3,80.9,22591
2026-05-04,12:00:00,80.9,80.9,80.6,80.8,5622
2026-05-04,13:00:00,80.85,80.85,80.55,80.55,7158
2026-05-04,14:00:00,80.55,80.7,80.4,80.45,15228
2026-05-04,15:00:00,80.25,80.25,80.25,80.25,9408
2026-05-05,10:00:00,80.25,80.4,80.05,80.15,22087
2026-05-05,11:00:00,80.15,80.55,80.1,80.5,15194
2026-05-05,12:00:00,80.5,80.6,80.4,80.45,20688
2026-05-05,13:00:00,80.45,80.55,80.25,80.3,4806
2026-05-05,14:00:00,80.2,80.5,80.2,80.3,8104
2026-05-05,15:00:00,80.3,80.3,80.3,80.3,3377
2026-05-06,10:00:00,80.4,80.5,80.3,80.3,8507
2026-05-06,11:00:00,80.3,80.4,80.1,80.3,6159
2026-05-06,12:00:00,80.3,80.5,80.0,80.45,23892
2026-05-06,13:00:00,80.45,80.6,80.25,80.3,30380
2026-05-06,14:00:00,80.3,80.35,80.0,80.1,24638
2026-05-06,15:00:00,80.0,80.0,80.0,80.0,3023
2026-05-07,10:00:00,80.55,80.55,80.0,80.25,25973
2026-05-07,11:00:00,80.25,80.25,80.05,80.15,12462
2026-05-07,12:00:00,80.2,80.25,80.05,80.05,15239
2026-05-07,13:00:00,80.05,80.1,80.0,80.05,37715
2026-05-07,14:00:00,80.1,80.1,80.0,80.05,12379
2026-05-07,15:00:00,80.1,80.1,80.1,80.1,3589
2026-05-10,10:00:00,80.1,80.25,79.8,80.15,5530
2026-05-10,11:00:00,80.15,80.25,80.05,80.2,7707
2026-05-10,12:00:00,80.25,80.4,80.05,80.2,23867
2026-05-10,13:00:00,80.2,80.3,80.2,80.2,5691
2026-05-10,14:00:00,80.2,80.2,80.05,80.1,6310
2026-05-10,15:00:00,80.0,80.0,80.0,80.0,238
2026-05-11,10:00:00,80.9,80.9,80.05,80.4,40357
2026-05-11,11:00:00,80.4,80.45,80.25,80.4,9650
2026-05-11,12:00:00,80.4,80.85,80.4,80.55,28500
2026-05-11,13:00:00,80.5,80.7,80.4,80.55,32136
2026-05-11,14:00:00,80.6,80.7,80.45,80.6,10796
2026-05-11,15:00:00,80.6,80.6,80.6,80.6,2376
2026-05-12,10:00:00,80.55,80.7,80.35,80.5,9662
2026-05-12,11:00:00,80.5,80.6,80.4,80.5,5207
2026-05-12,12:00:00,80.45,80.5,80.1,80.1,16180
2026-05-12,13:00:00,80.05,80.4,80.05,80.35,10750
2026-05-12,14:00:00,80.35,80.45,80.2,80.2,14344
2026-05-12,15:00:00,80.2,80.2,80.2,80.2,3566
2026-05-13,10:00:00,80.15,80.15,79.6,79.95,35361
2026-05-13,11:00:00,79.85,80.05,79.75,79.9,28357
2026-05-13,12:00:00,79.85,80.25,79.85,80.15,4834
2026-05-13,13:00:00,80.1,80.2,80.05,80.05,4665
2026-05-13,14:00:00,80.05,80.25,80.0,80.25,16860
2026-05-13,15:00:00,80.25,80.25,80.25,80.25,2782
2026-05-14,10:00:00,80.25,80.35,79.95,80.0,22022
2026-05-14,11:00:00,80.0,80.15,79.95,80.05,23791
2026-05-14,12:00:00,80.05,80.1,79.7,80.05,36555
2026-05-14,13:00:00,80.05,80.2,80.0,80.1,29940
2026-05-14,14:00:00,80.05,80.2,79.75,79.95,49394
2026-05-14,15:00:00,79.9,79.9,79.9,79.9,31256
2026-05-17,10:00:00,79.85,79.85,78.85,78.95,24569
2026-05-17,11:00:00,78.95,79.2,78.45,78.8,33210
2026-05-17,12:00:00,78.75,79.35,78.7,79.35,9244
2026-05-17,13:00:00,79.3,79.45,78.8,78.85,7698
2026-05-17,14:00:00,78.85,79.3,78.8,79.25,11163
2026-05-17,15:00:00,79.0,79.0,79.0,79.0,3733
2026-05-18,10:00:00,79.95,79.95,78.6,79.2,7574
2026-05-18,11:00:00,79.2,79.7,79.2,79.65,10292
2026-05-18,12:00:00,79.6,79.7,79.4,79.6,3490
2026-05-18,13:00:00,79.6,79.6,79.35,79.45,26957
2026-05-18,14:00:00,79.45,79.55,79.25,79.45,10915
2026-05-18,15:00:00,79.4,79.4,79.4,79.4,1399
2026-05-19,10:00:00,79.3,79.55,79.2,79.55,13908
2026-05-19,11:00:00,79.5,80.5,79.5,80.1,88469
2026-05-19,12:00:00,80.15,80.2,79.95,80.15,12580
2026-05-19,13:00:00,80.1,80.35,80.1,80.2,10260
2026-05-19,14:00:00,80.2,80.25,79.9,80.0,38009
2026-05-19,15:00:00,80.3,80.3,80.3,80.3,7269
2026-05-20,10:00:00,80.3,80.3,79.7,80.15,15616
2026-05-20,11:00:00,80.1,80.2,80.0,80.05,5108
2026-05-20,12:00:00,80.05,80.2,80.05,80.15,5392
2026-05-20,13:00:00,80.15,80.5,80.1,80.3,51241
2026-05-20,14:00:00,80.25,80.4,80.1,80.3,36070
2026-05-20,15:00:00,80.4,80.4,80.4,80.4,7117
2026-05-21,10:00:00,80.15,80.6,79.8,79.95,32985
2026-05-21,11:00:00,79.9,80.0,79.45,79.65,27122
2026-05-21,12:00:00,79.65,79.75,79.4,79.6,59957
2026-05-21,13:00:00,79.6,79.85,79.6,79.85,21007
2026-05-21,14:00:00,79.85,79.9,79.7,79.75,13860
2026-05-21,15:00:00,79.5,79.5,79.5,79.5,20605
2026-05-31,10:00:00,79.55,79.95,79.3,79.5,20033
2026-05-31,11:00:00,79.5,79.5,79.25,79.3,17442
2026-05-31,12:00:00,79.3,79.3,78.95,79.1,28405
2026-05-31,13:00:00,79.1,79.1,78.9,78.9,17802
2026-05-31,14:00:00,78.9,79.0,78.85,78.95,16779
2026-05-31,15:00:00,78.8,78.8,78.8,78.8,7505
2026-06-01,10:00:00,78.9,79.0,77.7,77.95,65953
2026-06-01,11:00:00,77.95,78.05,77.55,77.6,32340
2026-06-01,12:00:00,77.6,77.65,76.85,77.05,120853
2026-06-01,13:00:00,77.0,77.4,76.9,77.35,21344
2026-06-01,14:00:00,77.35,77.5,77.15,77.45,18989
2026-06-01,15:00:00,77.4,77.4,77.4,77.4,6525
2026-06-02,10:00:00,77.45,78.1,77.1,77.2,25898
2026-06-02,11:00:00,77.2,77.4,76.5,76.65,70280
2026-06-02,12:00:00,76.7,76.7,75.8,75.9,97378
2026-06-02,13:00:00,75.85,76.0,75.8,75.95,43138
2026-06-02,14:00:00,75.95,76.0,75.85,75.95,31357
2026-06-02,15:00:00,76.0,76.0,76.0,76.0,10367
2026-06-03,10:00:00,75.95,76.4,75.55,76.4,36766
2026-06-03,11:00:00,76.4,76.55,76.15,76.25,17713
2026-06-03,12:00:00,76.25,76.35,75.75,75.95,38808
2026-06-03,13:00:00,76.0,76.6,75.9,76.6,18859
2026-06-03,14:00:00,76.65,76.8,76.45,76.5,20920
2026-06-03,15:00:00,76.65,76.65,76.65,76.65,2531
2026-06-04,10:00:00,76.65,77.0,76.4,76.85,18615
2026-06-04,11:00:00,76.85,77.25,76.75,76.8,33359
2026-06-04,12:00:00,76.75,76.9,76.7,76.75,10077
2026-06-04,13:00:00,76.75,77.1,76.0,76.8,72832
2026-06-04,14:00:00,76.75,77.0,76.75,76.85,15260
2026-06-04,15:00:00,76.65,76.65,76.65,76.65,15033
2026-06-07,10:00:00,76.45,76.45,75.8,75.9,41447
2026-06-07,11:00:00,75.85,76.05,75.8,76.0,11365
2026-06-07,12:00:00,76.0,76.05,75.8,76.0,25990
2026-06-07,13:00:00,76.05,76.05,75.85,75.95,15700
2026-06-07,14:00:00,75.95,76.0,75.85,75.85,19468
2026-06-07,15:00:00,75.8,75.8,75.8,75.8,9207
2026-06-08,10:00:00,75.7,75.7,75.0,75.05,49048
2026-06-08,11:00:00,75.05,75.15,74.3,74.35,131074
2026-06-08,12:00:00,74.3,74.35,74.05,74.05,37929
2026-06-08,13:00:00,74.15,74.35,74.1,74.25,14909
2026-06-08,14:00:00,74.3,74.45,74.25,74.35,30043
2026-06-08,15:00:00,74.15,74.15,74.15,74.15,20521
2026-06-09,10:00:00,74.2,75.45,74.2,75.15,59058
2026-06-09,11:00:00,75.15,75.3,74.4,74.5,60761
2026-06-09,12:00:00,74.5,75.25,74.5,75.05,48431
2026-06-09,13:00:00,75.05,75.4,75.0,75.2,27707
2026-06-09,14:00:00,75.2,75.2,74.95,74.95,44601
2026-06-09,15:00:00,75.1,75.1,75.1,75.1,14922
2026-06-10,10:00:00,75.1,75.2,74.6,75.0,16339
2026-06-10,11:00:00,74.95,75.1,74.8,75.1,14631
2026-06-10,12:00:00,75.1,75.2,74.9,74.95,24302
2026-06-10,13:00:00,75.0,75.0,74.85,74.85,12391
2026-06-10,14:00:00,74.85,74.95,74.8,74.9,27448
2026-06-10,15:00:00,74.8,74.8,74.8,74.8,16631
2026-06-11,10:00:00,74.95,75.0,74.5,74.8,36762
2026-06-11,11:00:00,74.85,74.85,74.35,74.4,36370
2026-06-11,12:00:00,74.35,74.55,74.2,74.55,36843
2026-06-11,13:00:00,74.55,74.65,74.4,74.45,7586
2026-06-11,14:00:00,74.5,74.5,74.2,74.35,24196
2026-06-11,15:00:00,74.35,74.35,74.35,74.35,47448
2026-06-14,10:00:00,74.7,75.1,74.5,74.85,41034
2026-06-14,11:00:00,74.85,75.0,74.8,74.9,15685
2026-06-14,12:00:00,74.9,74.95,74.8,74.9,7050
2026-06-14,13:00:00,74.95,74.95,74.8,74.85,24973
2026-06-14,14:00:00,74.9,74.95,74.8,74.8,38236
2026-06-14,15:00:00,74.9,74.9,74.9,74.9,6988
2026-06-15,10:00:00,75.1,75.8,74.85,75.75,70791
2026-06-15,11:00:00,75.75,75.8,75.55,75.6,28754
2026-06-15,12:00:00,75.6,75.75,75.6,75.7,16452
2026-06-15,13:00:00,75.7,75.75,75.4,75.7,42669
2026-06-15,14:00:00,75.7,75.75,75.5,75.5,42810
2026-06-15,15:00:00,75.45,75.45,75.45,75.45,76065
2026-06-16,10:00:00,75.5,75.9,75.4,75.55,55209
2026-06-16,11:00:00,75.6,75.65,75.2,75.2,50889
2026-06-16,12:00:00,75.25,75.35,75.1,75.15,14021
2026-06-16,13:00:00,75.2,75.25,75.1,75.25,8316
2026-06-16,14:00:00,75.2,75.25,75.1,75.15,17548
2026-06-16,15:00:00,75.2,75.2,75.2,75.2,8197
2026-06-17,10:00:00,75.2,75.45,75.15,75.3,16195
2026-06-17,11:00:00,75.3,75.35,75.0,75.0,34482
2026-06-17,12:00:00,75.0,75.4,75.0,75.4,10486
2026-06-17,13:00:00,75.35,75.5,75.2,75.2,16906
2026-06-17,14:00:00,75.2,75.3,74.75,75.0,65948
2026-06-17,15:00:00,74.75,74.75,74.75,74.75,9546
2026-06-18,10:00:00,75.0,75.25,74.9,75.15,31736
2026-06-18,11:00:00,75.1,75.3,75.1,75.2,25629
2026-06-18,12:00:00,75.25,75.25,74.95,75.1,38300
2026-06-18,13:00:00,75.1,75.15,75.0,75.15,11708
2026-06-18,14:00:00,75.15,75.2,74.95,75.1,97902
2026-06-18,15:00:00,74.8,74.8,74.8,74.8,50445
2026-06-21,10:00:00,74.8,75.25,74.8,75.0,67398
2026-06-21,11:00:00,75.0,75.0,74.35,74.4,46927
2026-06-21,12:00:00,74.4,74.4,73.95,74.15,63426
2026-06-21,13:00:00,74.15,74.45,74.1,74.4,32151
2026-06-21,14:00:00,74.35,74.35,74.0,74.05,22794
2026-06-21,15:00:00,74.0,74.0,74.0,74.0,23499
2026-06-22,10:00:00,74.25,74.45,74.1,74.2,26563
2026-06-22,11:00:00,74.2,74.25,73.9,73.9,30671
2026-06-22,12:00:00,73.9,74.15,73.9,74.05,22609
2026-06-22,13:00:00,74.05,74.1,73.95,74.05,15830
2026-06-22,14:00:00,74.0,74.2,73.9,74.05,58152
2026-06-22,15:00:00,74.0,74.0,74.0,74.0,7346
2026-06-23,10:00:00,74.05,74.35,73.9,74.1,32717
2026-06-23,11:00:00,74.15,74.25,74.0,74.05,14723
2026-06-23,12:00:00,74.05,74.1,73.95,73.95,11359
2026-06-23,13:00:00,73.95,74.15,73.9,74.0,13154
2026-06-23,14:00:00,74.05,74.1,73.85,74.0,46209
2026-06-23,15:00:00,74.25,74.25,74.25,74.25,11095
2026-06-24,10:00:00,74.25,74.35,74.0,74.3,62460
2026-06-24,11:00:00,74.35,74.35,74.2,74.35,77304
2026-06-24,12:00:00,74.25,74.35,74.0,74.05,40723
2026-06-24,13:00:00,74.05,74.35,74.05,74.2,36510
2026-06-24,14:00:00,74.2,74.35,74.1,74.2,19254
2026-06-24,15:00:00,74.1,74.1,74.1,74.1,16797
2026-06-25,10:00:00,74.1,74.1,73.6,73.9,30421
2026-06-25,11:00:00,73.9,74.1,73.9,74.0,31438
2026-06-25,12:00:00,73.9,74.0,73.85,73.9,6696
2026-06-25,13:00:00,73.95,74.0,73.75,73.85,23650
2026-06-25,14:00:00,73.85,73.95,73.65,73.65,33563
2026-06-25,15:00:00,73.65,73.65,73.65,73.65,9109
2026-06-28,10:00:00,73.65,73.7,72.55,72.6,44385
2026-06-28,11:00:00,72.65,73.0,72.55,73.0,23662
2026-06-28,12:00:00,73.0,73.1,72.9,73.05,13910
2026-06-28,13:00:00,73.1,73.15,72.75,72.8,23428
2026-06-28,14:00:00,72.8,73.0,72.75,72.85,19317
2026-06-28,15:00:00,72.75,72.75,72.75,72.75,14405
2026-06-29,10:00:00,73.05,73.1,72.3,72.55,26119
2026-06-29,11:00:00,72.55,72.75,72.25,72.35,35884
2026-06-29,12:00:00,72.35,72.65,72.3,72.45,38011
2026-06-29,13:00:00,72.5,72.75,72.45,72.7,16916
2026-06-29,14:00:00,72.75,73.0,72.55,73.0,35080
2026-06-29,15:00:00,73.0,73.0,73.0,73.0,3775
2026-06-30,10:00:00,73.0,73.25,72.5,72.75,41561
2026-06-30,11:00:00,72.7,72.75,72.35,72.35,25837
2026-06-30,12:00:00,72.4,72.4,72.25,72.3,25186
2026-06-30,13:00:00,72.3,72.3,72.0,72.2,43109
2026-06-30,14:00:00,72.15,72.25,72.0,72.1,44245
2026-06-30,15:00:00,72.3,72.3,72.3,72.3,25394
2026-07-01,10:00:00,72.5,73.0,72.5,73.0,22954
2026-07-01,11:00:00,72.9,73.0,72.65,72.75,41879
2026-07-01,12:00:00,72.75,73.15,72.7,72.95,26465
2026-07-01,13:00:00,72.9,73.35,72.9,73.2,25011
2026-07-01,14:00:00,73.25,73.7,73.15,73.6,24859
2026-07-01,15:00:00,73.65,73.65,73.65,73.65,9663
2026-07-02,10:00:00,73.7,74.4,73.6,74.25,58848
2026-07-02,11:00:00,74.25,74.3,74.0,74.25,12534
2026-07-02,12:00:00,74.25,74.35,73.95,74.05,15901
2026-07-02,13:00:00,74.15,74.3,74.1,74.25,9948
2026-07-02,14:00:00,74.3,74.45,74.05,74.35,44018
2026-07-02,15:00:00,74.3,74.3,74.3,74.3,12001
2026-07-05,10:00:00,74.35,74.45,73.8,74.15,24768
2026-07-05,11:00:00,74.0,74.15,73.9,74.0,8241
2026-07-05,12:00:00,74.0,74.0,73.8,73.9,24349
2026-07-05,13:00:00,73.85,74.05,73.8,73.85,19032
2026-07-05,14:00:00,73.85,73.95,73.65,73.65,24209
2026-07-05,15:00:00,72.85,72.85,72.85,72.85,6382
2026-07-06,10:00:00,73.3,73.9,73.3,73.55,22504
2026-07-06,11:00:00,73.5,74.0,73.45,73.75,6085
2026-07-06,12:00:00,73.75,73.95,73.6,73.85,10216
2026-07-06,13:00:00,73.9,74.05,73.8,73.8,9685
2026-07-06,14:00:00,73.8,73.95,73.7,73.8,21252
2026-07-06,15:00:00,73.5,73.5,73.5,73.5,17963
2026-07-07,10:00:00,73.9,73.9,73.25,73.6,6685
2026-07-07,11:00:00,73.55,73.95,73.5,73.85,12353
2026-07-07,12:00:00,73.85,74.15,73.8,73.85,21194
2026-07-07,13:00:00,73.85,74.0,73.65,73.95,13027
2026-07-07,14:00:00,74.0,74.0,73.7,73.8,10497
2026-07-07,15:00:00,73.8,73.8,73.8,73.8,2600
2026-07-08,10:00:00,72.85,72.85,71.0,71.15,193988
2026-07-08,11:00:00,71.15,71.2,69.9,70.05,173020
2026-07-08,12:00:00,70.05,70.15,69.95,70.0,75387
2026-07-08,13:00:00,70.0,70.05,69.65,69.8,96474
2026-07-08,14:00:00,69.8,69.9,69.15,69.3,143477
2026-07-08,15:00:00,69.35,69.35,69.35,69.35,23618
2026-07-09,10:00:00,69.35,69.5,67.75,68.0,138045
2026-07-09,11:00:00,68.15,68.4,67.9,68.25,143537
2026-07-09,12:00:00,68.25,69.3,68.2,69.15,104639
2026-07-09,13:00:00,69.15,69.15,68.2,68.45,61921
2026-07-09,14:00:00,68.45,68.5,68.0,68.2,64223
2026-07-09,15:00:00,68.1,68.1,68.1,68.1,22172
2026-07-12,10:00:00,68.1,68.8,67.5,68.65,98598
2026-07-12,11:00:00,68.7,68.85,68.5,68.55,46772
2026-07-12,12:00:00,68.6,68.75,68.35,68.4,25557
2026-07-12,13:00:00,68.4,68.55,68.4,68.5,21302
2026-07-12,14:00:00,68.45,68.45,68.1,68.2,37429
2026-07-12,15:00:00,68.3,68.3,68.3,68.3,2225
2026-07-13,10:00:00,68.3,68.3,67.55,67.9,56394
2026-07-13,11:00:00,67.95,68.1,67.8,67.95,34856
2026-07-13,12:00:00,68.0,68.1,67.95,68.1,21055
2026-07-13,13:00:00,68.0,68.6,68.0,68.55,57715
2026-07-13,14:00:00,68.55,68.9,68.5,68.65,61126
2026-07-13,15:00:00,68.65,68.65,68.65,68.65,23634
2026-07-14,10:00:00,68.8,68.8,68.3,68.3,23332
2026-07-14,11:00:00,68.3,68.7,68.3,68.55,29835
2026-07-14,12:00:00,68.55,68.6,68.25,68.25,15789
2026-07-14,13:00:00,68.25,68.35,68.0,68.1,30873
2026-07-14,14:00:00,68.15,68.5,68.1,68.4,31769
2026-07-14,15:00:00,68.0,68.0,68.0,68.0,31104
2026-07-15,10:00:00,68.2,68.9,68.2,68.75,55240
2026-07-15,11:00:00,68.7,68.75,68.6,68.6,12696
2026-07-15,12:00:00,68.65,68.7,68.5,68.5,18172
2026-07-15,13:00:00,68.5,68.55,68.4,68.5,15077
2026-07-15,14:00:00,68.45,68.55,68.45,68.45,16030
2026-07-15,15:00:00,68.7,68.7,68.7,68.7,16020
2026-07-16,10:00:00,68.65,68.8,68.4,68.7,25113
2026-07-16,11:00:00,68.65,68.75,68.55,68.7,16182
2026-07-16,12:00:00,68.7,68.8,68.6,68.65,33017
2026-07-16,13:00:00,68.7,68.75,68.6,68.65,13340
2026-07-16,14:00:00,68.65,68.75,68.5,68.65,36910
2026-07-16,15:00:00,68.85,68.85,68.85,68.85,13937
2026-07-19,10:00:00,68.7,68.85,68.25,68.4,21734
2026-07-19,11:00:00,68.4,68.9,68.4,68.85,15960
2026-07-19,12:00:00,68.85,68.95,68.65,68.7,13479
2026-07-19,13:00:00,68.75,68.8,68.7,68.75,9768
2026-07-19,14:00:00,68.75,68.85,68.65,68.8,11110
2026-07-19,15:00:00,68.75,68.75,68.75,68.75,2161
2026-07-20,10:00:00,68.75,68.9,68.65,68.75,27121
2026-07-20,11:00:00,68.7,68.9,68.65,68.75,15595
2026-07-20,12:00:00,68.8,68.8,68.45,68.55,22263
2026-07-20,13:00:00,68.55,68.6,68.3,68.4,17442
2026-07-20,14:00:00,68.4,68.55,68.35,68.5,12890
2026-07-20,15:00:00,68.6,68.6,68.6,68.6,6174
2026-07-21,10:00:00,68.5,68.5,67.9,68.1,30307
2026-07-21,11:00:00,68.0,68.2,68.0,68.15,2652
2026-07-21,12:00:00,68.1,68.2,68.1,68.1,4483
2026-07-21,13:00:00,68.05,68.1,67.8,67.9,15839
2026-07-21,14:00:00,67.9,68.1,67.85,68.0,6971
2026-07-21,15:00:00,67.7,67.7,67.7,67.7,8962
2026-07-22,10:00:00,67.85,68.35,67.7,68.3,15252
2026-07-22,11:00:00,68.3,68.3,68.0,68.05,3559
2026-07-22,12:00:00,68.1,68.45,68.0,68.4,10597
2026-07-22,13:00:00,68.35,68.5,68.25,68.35,32627
2026-07-22,14:00:00,68.35,68.55,68.35,68.4,52592
2026-07-22,15:00:00,68.5,68.5,68.5,68.5,8062
2026-07-23,10:00:00,68.5,68.5,68.3,68.35,12586
2026-07-23,11:00:00,68.3,68.45,68.2,68.4,6843
2026-07-23,12:00:00,68.45,68.45,68.25,68.4,2821
2026-07-23,13:00:00,68.35,68.6,68.35,68.5,18245
2026-07-23,14:00:00,68.5,68.6,68.45,68.45,20827
2026-07-23,15:00:00,68.5,68.5,68.5,68.5,19043
2026-07-26,10:00:00,68.4,68.4,68.25,68.4,10981
2026-07-26,11:00:00,68.4,68.6,68.35,68.5,16752
2026-07-26,12:00:00,68.5,68.5,68.4,68.45,1541
2026-07-26,13:00:00,68.45,68.55,68.4,68.5,5859
2026-07-26,14:00:00,68.45,68.5,68.4,68.5,7924
2026-07-26,15:00:00,68.5,68.5,68.5,68.5,935
2026-07-27,10:00:00,68.5,68.55,67.9,68.0,75816
2026-07-27,11:00:00,68.0,68.0,67.3,67.45,53400
2026-07-27,12:00:00,67.45,67.8,67.25,67.65,29978
2026-07-27,13:00:00,67.75,67.85,67.65,67.8,23411
2026-07-27,14:00:00,67.8,67.95,67.7,67.8,44023
2026-07-27,15:00:00,67.7,67.7,67.7,67.7,9210
2026-07-28,10:00:00,67.7,67.75,67.1,67.15,26237
2026-07-28,11:00:00,67.15,67.15,66.9,67.0,36278
2026-07-28,12:00:00,67.05,67.05,66.6,66.85,30353
2026-07-28,13:00:00,66.85,67.0,66.8,66.95,21018
2026-07-28,14:00:00,66.95,67.0,66.8,66.8,19350
2026-07-28,15:00:00,66.9,66.9,66.9,66.9,5992
2026-07-29,10:00:00,66.65,66.9,66.25,66.3,40738
2026-07-29,11:00:00,66.3,66.35,65.55,65.8,46353
2026-07-29,12:00:00,65.85,66.15,65.7,65.75,21482
2026-07-29,13:00:00,65.7,65.9,65.65,65.8,38085
2026-07-29,14:00:00,65.8,65.8,65.55,65.55,58299
2026-07-29,15:00:00,65.8,65.8,65.8,65.8,14351
2026-07-30,10:00:00,66.0,66.5,65.75,66.45,26414
2026-07-30,11:00:00,66.45,67.0,66.3,66.95,16171
2026-07-30,12:00:00,66.9,67.1,66.75,66.9,31014
2026-07-30,13:00:00,66.95,67.25,66.85,67.05,14749
2026-07-30,14:00:00,67.1,67.1,66.2,66.5,77793
2026-07-30,15:00:00,66.15,66.15,66.15,66.15,140996
2026-08-02,10:00:00,66.0,66.75,65.95,66.7,29750
2026-08-02,11:00:00,66.6,66.75,66.05,66.25,29935
2026-08-02,12:00:00,66.25,66.3,65.9,66.0,32897
2026-08-02,13:00:00,65.95,66.15,65.95,66.1,43551
2026-08-02,14:00:00,66.1,66.3,66.0,66.25,29109
2026-08-02,15:00:00,66.25,66.25,66.25,66.25,3340
2026-08-03,10:00:00,66.6,68.4,66.6,67.9,210401
2026-08-03,11:00:00,67.9,68.45,67.85,68.2,116879
2026-08-03,12:00:00,68.2,68.4,67.9,68.0,71967
2026-08-03,13:00:00,68.0,68.5,67.95,68.0,111830
2026-08-03,14:00:00,68.0,68.4,67.9,67.95,146288
2026-08-03,15:00:00,68.0,68.0,68.0,68.0,19201
2026-08-04,10:00:00,68.45,68.45,67.3,67.35,159251
2026-08-04,11:00:00,67.4,67.75,67.3,67.6,57374
2026-08-04,12:00:00,67.65,67.95,67.55,67.9,67467
2026-08-04,13:00:00,67.9,69.0,67.9,68.7,148989
2026-08-04,14:00:00,68.7,69.0,68.0,68.2,186239
2026-08-04,15:00:00,68.2,68.2,68.2,68.2,27171
2026-08-05,10:00:00,68.3,69.05,67.85,68.95,125025
2026-08-05,11:00:00,69.0,69.2,68.95,69.2,76182
2026-08-05,12:00:00,69.2,69.2,68.4,68.75,104144
2026-08-05,13:00:00,68.7,68.75,68.1,68.55,89332
2026-08-05,14:00:00,68.6,68.75,68.5,68.6,69779
2026-08-05,15:00:00,68.45,68.45,68.45,68.45,20125
2026-08-06,10:00:00,68.5,68.8,67.9,68.05,124146
2026-08-06,11:00:00,68.1,68.15,67.5,67.65,102074
2026-08-06,12:00:00,67.65,68.2,67.55,67.95,76025
2026-08-06,13:00:00,67.95,67.95,67.65,67.85,85364
2026-08-06,14:00:00,67.85,67.95,67.85,67.85,49031
2026-08-06,15:00:00,67.9,67.9,67.9,67.9,17050
2026-08-09,10:00:00,68.0,68.95,68.0,68.65,126564
2026-08-09,11:00:00,68.7,69.15,68.65,68.95,90835
2026-08-09,12:00:00,68.95,69.05,68.85,69.0,51718
2026-08-09,13:00:00,69.0,69.05,68.7,68.8,75674
2026-08-09,14:00:00,68.8,68.95,68.6,68.7,82969
2026-08-09,15:00:00,68.95,68.95,68.95,68.95,7306
2026-08-10,10:00:00,69.1,69.15,68.2,68.55,150171
2026-08-10,11:00:00,68.55,68.75,68.35,68.55,78242
2026-08-10,12:00:00,68.55,68.55,68.4,68.55,28154
2026-08-10,13:00:00,68.55,68.6,68.25,68.5,85874
2026-08-10,14:00:00,68.55,68.7,68.3,68.55,120298
2026-08-10,15:00:00,68.5,68.5,68.5,68.5,25084
2026-08-11,10:00:00,66.95,66.95,64.8,65.45,385390
2026-08-11,11:00:00,65.45,65.9,65.4,65.75,100645
2026-08-11,12:00:00,65.75,66.0,65.55,65.65,110527
2026-08-11,13:00:00,65.65,66.05,65.4,65.55,122013
2026-08-11,14:00:00,65.5,65.7,65.35,65.4,64782
2026-08-11,15:00:00,65.4,65.4,65.4,65.4,51380
2026-08-12,10:00:00,65.5,65.5,64.6,64.9,183985
2026-08-12,11:00:00,64.85,65.05,64.65,64.9,72132
2026-08-12,12:00:00,64.85,64.95,64.25,64.35,79055
2026-08-12,13:00:00,64.4,64.4,63.5,63.7,197365
2026-08-12,14:00:00,63.7,63.8,63.2,63.2,158107
2026-08-12,15:00:00,63.2,63.2,63.2,63.2,22752
2026-08-13,10:00:00,63.05,63.45,62.9,63.15,84456
2026-08-13,11:00:00,63.2,63.2,62.75,62.85,57519
2026-08-13,12:00:00,62.85,63.35,62.8,63.1,56836
2026-08-13,13:00:00,63.1,63.15,62.65,62.75,52403
2026-08-13,14:00:00,62.75,62.75,62.55,62.65,50802
2026-08-13,15:00:00,62.5,62.5,62.5,62.5,30521
2026-08-16,10:00:00,62.8,63.3,62.7,63.05,79044
2026-08-16,11:00:00,63.05,63.6,63.05,63.3,50487
2026-08-16,12:00:00,63.35,63.6,63.35,63.55,38421
2026-08-16,13:00:00,63.6,63.95,63.5,63.55,30663
2026-08-16,14:00:00,63.65,63.75,63.05,63.15,60871
2026-08-16,15:00:00,63.2,63.2,63.2,63.2,5637
2026-08-17,10:00:00,63.2,63.5,63.0,63.35,41128
2026-08-17,11:00:00,63.35,63.9,63.35,63.6,71804
2026-08-17,12:00:00,63.6,63.75,63.55,63.7,25646
2026-08-17,13:00:00,63.7,63.9,63.55,63.65,61703
2026-08-17,14:00:00,63.65,63.95,63.6,63.65,36632
2026-08-17,15:00:00,63.95,63.95,63.95,63.95,28835
2026-08-18,10:00:00,63.75,64.35,63.3,64.15,106855
2026-08-18,11:00:00,64.1,64.25,64.0,64.2,26661
2026-08-18,12:00:00,64.2,64.2,63.7,63.9,56319
2026-08-18,13:00:00,63.9,64.1,63.75,64.1,70882
2026-08-18,14:00:00,64.05,64.1,63.8,64.0,110299
2026-08-18,15:00:00,64.0,64.0,64.0,64.0,43439
2026-08-19,10:00:00,64.0,64.3,63.9,64.0,25358
2026-08-19,11:00:00,63.95,64.3,63.95,64.3,41534
2026-08-19,12:00:00,64.3,64.7,64.15,64.65,82439
2026-08-19,13:00:00,64.7,64.8,64.5,64.6,26481
2026-08-19,14:00:00,64.65,64.7,64.5,64.55,22305
2026-08-19,15:00:00,64.9,64.9,64.9,64.9,87356
2026-08-20,10:00:00,64.9,64.9,64.25,64.6,39803
2026-08-20,11:00:00,64.65,64.7,64.2,64.25,28599
2026-08-20,12:00:00,64.25,64.35,64.1,64.3,18484
2026-08-20,13:00:00,64.3,64.45,64.25,64.3,22252
2026-08-20,14:00:00,64.35,64.45,64.2,64.3,25183
2026-08-20,15:00:00,64.25,64.25,64.25,64.25,12718
2026-08-23,10:00:00,64.3,64.95,64.3,64.75,68094
2026-08-23,11:00:00,64.75,64.9,64.65,64.8,17890
2026-08-23,12:00:00,64.8,64.9,64.6,64.85,23085
2026-08-23,13:00:00,64.9,65.35,64.9,65.3,55359
2026-08-23,14:00:00,65.2,65.35,65.15,65.3,25923
2026-08-23,15:00:00,65.35,65.35,65.35,65.35,8349
2026-08-24,10:00:00,65.35,65.85,65.3,65.65,56672
2026-08-24,11:00:00,65.65,66.05,65.5,65.85,73472
2026-08-24,12:00:00,65.9,65.95,65.55,65.6,91829
2026-08-24,13:00:00,65.6,65.75,65.55,65.7,15388
2026-08-24,14:00:00,65.7,65.8,65.45,65.55,39757
2026-08-24,15:00:00,65.6,65.6,65.6,65.6,61270
2026-08-25,10:00:00,66.05,66.05,65.45,65.6,32121
2026-08-25,11:00:00,65.6,66.6,65.6,66.6,47558
2026-08-25,12:00:00,66.6,67.0,66.55,66.85,59816
2026-08-25,13:00:00,66.8,66.85,66.5,66.5,36153
2026-08-25,14:00:00,66.5,66.55,66.1,66.15,35952
2026-08-25,15:00:00,66.0,66.0,66.0,66.0,25515
2026-08-26,10:00:00,66.75,66.75,66.1,66.25,32623
2026-08-26,11:00:00,66.3,66.5,66.1,66.2,98788
2026-08-26,12:00:00,66.3,66.4,66.25,66.3,11181
2026-08-26,13:00:00,66.35,66.6,66.25,66.25,31681
2026-08-26,14:00:00,66.2,66.4,66.2,66.3,41139
2026-08-26,15:00:00,66.25,66.25,66.25,66.25,8682
2026-08-27,10:00:00,66.35,66.55,66.1,66.3,50683
2026-08-27,11:00:00,66.3,66.75,66.15,66.6,41624
2026-08-27,12:00:00,66.6,66.65,66.35,66.45,44629
2026-08-27,13:00:00,66.45,66.75,66.45,66.75,67446
2026-08-27,14:00:00,66.7,66.95,66.45,66.55,74423
2026-08-27,15:00:00,66.7,66.7,66.7,66.7,7357
2026-08-30,10:00:00,66.85,66.95,66.35,66.35,33109
2026-08-30,11:00:00,66.45,66.6,66.3,66.45,41740
2026-08-30,12:00:00,66.4,66.55,66.2,66.4,18178
2026-08-30,13:00:00,66.4,66.7,66.4,66.55,21340
2026-08-30,14:00:00,66.55,66.75,66.5,66.7,20431
2026-08-30,15:00:00,66.7,66.7,66.7,66.7,9049
2026-08-31,10:00:00,66.65,66.65,66.0,66.4,64622
2026-08-31,11:00:00,66.3,66.55,66.25,66.4,24611
2026-08-31,12:00:00,66.35,66.4,66.15,66.3,47911
2026-08-31,13:00:00,66.3,66.45,66.0,66.05,42555
2026-08-31,14:00:00,66.05,66.05,65.55,65.7,99122
2026-08-31,15:00:00,65.25,65.25,65.25,65.25,1231
2026-09-01,10:00:00,65.75,67.45,65.65,66.9,151095
2026-09-01,11:00:00,67.1,67.5,67.05,67.25,87694
2026-09-01,12:00:00,67.25,67.35,67.1,67.25,32390
2026-09-01,13:00:00,67.3,67.45,67.25,67.4,41371
2026-09-01,14:00:00,67.4,67.4,67.2,67.35,50139
2026-09-01,15:00:00,67.4,67.4,67.4,67.4,3243
2026-09-02,10:00:00,67.35,67.4,66.85,66.95,15398
2026-09-02,11:00:00,66.95,67.0,66.65,66.75,28388
2026-09-02,12:00:00,66.7,66.75,66.4,66.5,22807
2026-09-02,13:00:00,66.5,66.7,66.35,66.4,35021
2026-09-02,14:00:00,66.4,66.5,66.05,66.15,35467
2026-09-02,15:00:00,66.05,66.05,66.05,66.05,11134
2026-09-03,10:00:00,66.2,66.25,65.9,66.15,14009
2026-09-03,11:00:00,66.15,66.25,66.1,66.25,9512
2026-09-03,12:00:00,66.25,66.45,66.05,66.35,32094
2026-09-03,13:00:00,66.35,66.45,66.2,66.3,7312
2026-09-03,14:00:00,66.35,66.6,66.2,66.4,21459
2026-09-03,15:00:00,66.4,66.4,66.4,66.4,3230
2026-09-06,10:00:00,66.5,66.8,66.4,66.7,78074
2026-09-06,11:00:00,66.7,66.8,66.6,66.7,14133
2026-09-06,12:00:00,66.8,67.0,66.75,67.0,15413
2026-09-06,13:00:00,66.95,67.5,66.95,67.2,73325
2026-09-06,14:00:00,67.2,67.2,66.9,66.95,22150
2026-09-06,15:00:00,67.15,67.15,67.15,67.15,329
2026-09-07,10:00:00,67.15,67.2,66.8,67.05,41093
2026-09-07,11:00:00,67.1,67.1,66.7,66.7,25947
2026-09-07,12:00:00,66.7,66.8,66.65,66.75,9815
2026-09-07,13:00:00,66.7,66.85,66.7,66.8,13074
2026-09-07,14:00:00,66.75,67.05,66.75,66.8,19901
2026-09-07,15:00:00,66.8,66.8,66.8,66.8,1381
2026-09-08,10:00:00,66.6,67.0,66.3,66.9,22278
2026-09-08,11:00:00,66.9,67.05,66.8,67.0,23610
2026-09-08,12:00:00,67.05,67.25,67.0,67.15,16949
2026-09-08,13:00:00,67.05,68.8,67.0,68.4,222073
2026-09-08,14:00:00,68.3,69.15,68.2,68.9,218204
2026-09-08,15:00:00,69.15,69.15,69.15,69.15,77702
2026-09-09,10:00:00,69.0,69.75,68.65,69.35,107399
2026-09-09,11:00:00,69.3,69.3,68.9,69.0,50330
2026-09-09,12:00:00,69.0,69.2,68.9,69.2,43164
2026-09-09,13:00:00,69.25,70.1,69.25,70.0,208184
2026-09-09,14:00:00,70.0,70.05,69.85,70.0,111098
2026-09-09,15:00:00,70.1,70.1,70.1,70.1,29395
2026-09-10,10:00:00,70.1,70.8,70.0,70.1,59291
2026-09-10,11:00:00,70.2,70.2,69.6,69.65,40824
2026-09-10,12:00:00,69.75,70.0,69.55,69.7,34701
2026-09-10,13:00:00,69.65,69.8,69.55,69.55,16757
2026-09-10,14:00:00,69.6,69.6,69.3,69.4,21031
2026-09-10,15:00:00,69.5,69.5,69.5,69.5,1632
2026-09-13,10:00:00,68.9,68.9,68.0,68.0,104102
2026-09-13,11:00:00,68.1,68.3,68.0,68.05,13883
2026-09-13,12:00:00,68.05,68.05,67.95,67.95,7308
2026-09-13,13:00:00,67.9,68.1,67.9,68.05,6225
2026-09-13,14:00:00,68.0,68.1,67.95,68.0,1645
2026-09-13,15:00:00,68.0,68.0,68.0,68.0,143
2026-09-14,10:00:00,68.0,68.2,67.15,67.5,29056
2026-09-14,11:00:00,67.5,67.6,67.35,67.45,7564
2026-09-14,12:00:00,67.45,67.5,67.2,67.35,12425
2026-09-14,13:00:00,67.35,67.55,67.3,67.5,6675
2026-09-14,14:00:00,67.5,67.6,67.35,67.5,18942
2026-09-14,15:00:00,67.45,67.45,67.45,67.45,1
2026-09-15,10:00:00,67.4,67.7,67.0,67.1,25828
2026-09-15,11:00:00,67.1,67.25,67.05,67.2,6555
2026-09-15,12:00:00,67.15,67.3,67.0,67.0,30088
2026-09-15,13:00:00,67.0,67.05,66.7,66.95,37767
2026-09-15,14:00:00,66.95,67.1,66.85,66.85,22956
2026-09-15,15:00:00,66.8,66.8,66.8,66.8,1532
2026-09-16,10:00:00,66.85,67.5,66.35,66.4,38341
2026-09-16,11:00:00,66.4,66.5,65.7,65.8,46234
2026-09-16,12:00:00,65.8,65.85,65.55,65.8,19009
2026-09-16,13:00:00,65.8,65.9,65.75,65.9,15870
2026-09-16,14:00:00,65.9,66.1,65.7,65.75,37435
2026-09-16,15:00:00,65.75,65.75,65.75,65.75,16796
2026-09-17,10:00:00,65.7,65.9,65.45,65.7,15965
2026-09-17,11:00:00,65.8,65.9,65.6,65.7,11064
2026-09-17,12:00:00,65.7,65.8,65.6,65.7,9382
2026-09-17,13:00:00,65.6,65.95,65.55,65.9,6923
2026-09-17,14:00:00,65.95,66.5,65.95,66.45,36866
2026-09-17,15:00:00,66.5,66.5,66.5,66.5,211
2026-09-20,10:00:00,66.6,66.6,66.0,66.1,11786
2026-09-20,11:00:00,66.15,66.3,66.05,66.15,8925
2026-09-20,12:00:00,66.1,66.15,65.9,65.95,10098
2026-09-20,13:00:00,65.9,66.25,65.8,66.25,9436
2026-09-20,14:00:00,66.25,66.9,66.25,66.4,18808
2026-09-20,15:00:00,66.9,66.9,66.9,66.9,3968
2026-09-21,10:00:00,66.9,67.0,65.8,66.05,23709
2026-09-21,11:00:00,66.0,66.15,66.0,66.1,3501
2026-09-21,12:00:00,66.1,66.25,65.95,66.1,30568
2026-09-21,13:00:00,66.1,66.1,65.2,65.25,38667
2026-09-21,14:00:00,65.3,65.5,65.2,65.35,16115
2026-09-21,15:00:00,65.35,65.35,65.35,65.35,14852
