Date,Time,Open,High,Low,Close,Volume
2024-08-12,10:00:00,4.12,4.12,4.05,4.08,197531
2024-08-12,11:00:00,4.07,4.09,4.05,4.06,158584
2024-08-12,12:00:00,4.05,4.08,4.04,4.07,119865
2024-08-12,13:00:00,4.06,4.09,4.06,4.07,60414
2024-08-12,14:00:00,4.08,4.1,4.06,4.07,157953
2024-08-12,15:00:00,4.07,4.07,4.07,4.07,41681
2024-08-13,10:00:00,4.07,4.1,4.06,4.06,111265
2024-08-13,11:00:00,4.08,4.15,4.07,4.14,338050
2024-08-13,12:00:00,4.14,4.17,4.08,4.09,419626
2024-08-13,13:00:00,4.1,4.12,4.07,4.11,146528
2024-08-13,14:00:00,4.1,4.13,4.09,4.12,305108
2024-08-13,15:00:00,4.11,4.11,4.11,4.11,33257
2024-08-14,10:00:00,4.14,4.2,4.11,4.16,369461
2024-08-14,11:00:00,4.16,4.17,4.14,4.16,175729
2024-08-14,12:00:00,4.16,4.17,4.14,4.15,246367
2024-08-14,13:00:00,4.16,4.21,4.15,4.19,484726
2024-08-14,14:00:00,4.19,4.21,4.17,4.19,356463
2024-08-14,15:00:00,4.2,4.2,4.2,4.2,19505
2024-08-15,10:00:00,4.2,4.27,4.17,4.26,495618
2024-08-15,11:00:00,4.27,4.27,4.21,4.23,270718
2024-08-15,12:00:00,4.23,4.26,4.21,4.23,237484
2024-08-15,13:00:00,4.23,4.26,4.22,4.25,137666
2024-08-15,14:00:00,4.26,4.3,4.25,4.26,439111
2024-08-15,15:00:00,4.26,4.26,4.26,4.26,14412
2024-08-18,10:00:00,4.26,4.38,4.26,4.36,387597
2024-08-18,11:00:00,4.36,4.38,4.35,4.38,102227
2024-08-18,12:00:00,4.38,4.43,4.36,4.41,428278
2024-08-18,13:00:00,4.4,4.42,4.4,4.41,227866
2024-08-18,14:00:00,4.4,4.43,4.4,4.4,231262
2024-08-18,15:00:00,4.4,4.4,4.4,4.4,10804
2024-08-19,10:00:00,4.41,4.46,4.31,4.36,640485
2024-08-19,11:00:00,4.36,4.39,4.35,4.38,181122
2024-08-19,12:00:00,4.38,4.39,4.37,4.38,84063
2024-08-19,13:00:00,4.37,4.4,4.37,4.38,127878
2024-08-19,14:00:00,4.39,4.43,4.38,4.41,216752
2024-08-19,15:00:00,4.44,4.44,4.44,4.44,33338
2024-08-20,10:00:00,4.44,4.53,4.41,4.48,623390
2024-08-20,11:00:00,4.48,4.5,4.42,4.49,493112
2024-08-20,12:00:00,4.48,4.49,4.46,4.48,74171
2024-08-20,13:00:00,4.47,4.51,4.46,4.5,461939
2024-08-20,14:00:00,4.5,4.51,4.48,4.48,138028
2024-08-20,15:00:00,4.48,4.48,4.48,4.48,81627
2024-08-21,10:00:00,4.47,4.48,4.43,4.47,239930
2024-08-21,11:00:00,4.47,4.49,4.45,4.48,214275
2024-08-21,12:00:00,4.49,4.52,4.49,4.52,428562
2024-08-21,13:00:00,4.51,4.52,4.49,4.51,156875
2024-08-21,14:00:00,4.51,4.51,4.48,4.48,274595
2024-08-21,15:00:00,4.49,4.49,4.49,4.49,4668
2024-08-22,10:00:00,4.51,4.51,4.45,4.48,89284
2024-08-22,11:00:00,4.49,4.51,4.48,4.49,173404
2024-08-22,12:00:00,4.49,4.51,4.48,4.5,67844
2024-08-22,13:00:00,4.49,4.5,4.47,4.49,88003
2024-08-22,14:00:00,4.49,4.49,4.47,4.47,77211
2024-08-22,15:00:00,4.47,4.47,4.47,4.47,6432
2024-08-25,10:00:00,4.5,4.54,4.5,4.52,265080
2024-08-25,11:00:00,4.52,4.59,4.51,4.56,376331
2024-08-25,12:00:00,4.55,4.56,4.53,4.54,131484
2024-08-25,13:00:00,4.54,4.54,4.51,4.52,133102
2024-08-25,14:00:00,4.53,4.55,4.51,4.54,177452
2024-08-25,15:00:00,4.53,4.53,4.53,4.53,1944
2024-08-26,10:00:00,4.53,4.54,4.49,4.52,166111
2024-08-26,11:00:00,4.51,4.53,4.5,4.5,50198
2024-08-26,12:00:00,4.51,4.53,4.5,4.53,27104
2024-08-26,13:00:00,4.53,4.53,4.49,4.51,51192
2024-08-26,14:00:00,4.51,4.53,4.5,4.5,35428
2024-08-26,15:00:00,4.5,4.5,4.5,4.5,12163
2024-08-27,10:00:00,4.5,4.52,4.49,4.52,63532
2024-08-27,11:00:00,4.52,4.52,4.48,4.5,91985
2024-08-27,12:00:00,4.49,4.5,4.47,4.49,62201
2024-08-27,13:00:00,4.5,4.59,4.47,4.57,833968
2024-08-27,14:00:00,4.57,4.62,4.55,4.56,980836
2024-08-27,15:00:00,4.55,4.55,4.55,4.55,43025
2024-08-28,10:00:00,4.55,4.58,4.52,4.55,163476
2024-08-28,11:00:00,4.56,4.56,4.52,4.54,176651
2024-08-28,12:00:00,4.55,4.57,4.54,4.54,234260
2024-08-28,13:00:00,4.56,4.57,4.55,4.56,57805
2024-08-28,14:00:00,4.55,4.57,4.55,4.55,221680
2024-08-28,15:00:00,4.56,4.56,4.56,4.56,28478
2024-08-29,10:00:00,4.56,4.56,4.52,4.54,391232
2024-08-29,11:00:00,4.54,4.56,4.54,4.55,117243
2024-08-29,12:00:00,4.55,4.57,4.55,4.56,59046
2024-08-29,13:00:00,4.56,4.58,4.54,4.56,132481
2024-08-29,14:00:00,4.55,4.58,4.54,4.55,133769
2024-08-29,15:00:00,4.58,4.58,4.58,4.58,90032
2024-09-01,10:00:00,4.51,4.59,4.51,4.58,488238
2024-09-01,11:00:00,4.57,4.58,4.55,4.56,139434
2024-09-01,12:00:00,4.55,4.59,4.55,4.58,67487
2024-09-01,13:00:00,4.57,4.58,4.54,4.55,165418
2024-09-01,14:00:00,4.56,4.6,4.56,4.6,360299
2024-09-01,15:00:00,4.6,4.6,4.6,4.6,66332
2024-09-02,10:00:00,4.6,4.63,4.58,4.61,195223
2024-09-02,11:00:00,4.6,4.62,4.59,4.61,96684
2024-09-02,12:00:00,4.61,4.67,4.6,4.64,522532
2024-09-02,13:00:00,4.64,4.69,4.63,4.68,328289
2024-09-02,14:00:00,4.68,4.7,4.64,4.69,352992
2024-09-02,15:00:00,4.69,4.69,4.69,4.69,25325
2024-09-03,10:00:00,4.69,4.69,4.66,4.69,136667
2024-09-03,11:00:00,4.68,4.69,4.67,4.67,86156
2024-09-03,12:00:00,4.66,4.69,4.66,4.66,48316
2024-09-03,13:00:00,4.66,4.68,4.63,4.66,195938
2024-09-03,14:00:00,4.66,4.69,4.63,4.69,223781
2024-09-03,15:00:00,4.69,4.69,4.69,4.69,71337
2024-09-04,10:00:00,4.56,4.68,4.51,4.65,553108
2024-09-04,11:00:00,4.65,4.67,4.6,4.66,363034
2024-09-04,12:00:00,4.66,4.68,4.65,4.67,153236
2024-09-04,13:00:00,4.67,4.68,4.6,4.61,393138
2024-09-04,14:00:00,4.62,4.64,4.6,4.62,220613
2024-09-04,15:00:00,4.65,4.65,4.65,4.65,31717
2024-09-05,10:00:00,4.63,4.65,4.6,4.61,115336
2024-09-05,11:00:00,4.6,4.61,4.58,4.59,72791
2024-09-05,12:00:00,4.59,4.6,4.58,4.6,84650
2024-09-05,13:00:00,4.59,4.61,4.57,4.57,165053
2024-09-05,14:00:00,4.57,4.62,4.57,4.58,150870
2024-09-05,15:00:00,4.58,4.58,4.58,4.58,24353
2024-09-08,10:00:00,4.5,4.62,4.5,4.58,214936
2024-09-08,11:00:00,4.59,4.59,4.5,4.51,144075
2024-09-08,12:00:00,4.52,4.55,4.49,4.5,104183
2024-09-08,13:00:00,4.5,4.6,4.48,4.57,262174
2024-09-08,14:00:00,4.57,4.58,4.53,4.57,68023
2024-09-08,15:00:00,4.55,4.55,4.55,4.55,1241
2024-09-09,10:00:00,4.54,4.58,4.54,4.57,142114
2024-09-09,11:00:00,4.57,4.57,4.55,4.56,57620
2024-09-09,12:00:00,4.56,4.57,4.55,4.56,24479
2024-09-09,13:00:00,4.58,4.71,4.57,4.68,698737
2024-09-09,14:00:00,4.68,4.94,4.65,4.85,2517442
2024-09-09,15:00:00,4.84,4.84,4.84,4.84,204870
2024-09-10,10:00:00,4.86,4.91,4.77,4.82,878157
2024-09-10,11:00:00,4.83,4.84,4.78,4.79,431258
2024-09-10,12:00:00,4.79,4.8,4.75,4.78,166688
2024-09-10,13:00:00,4.78,4.8,4.75,4.77,123765
2024-09-10,14:00:00,4.76,4.79,4.73,4.77,425782
2024-09-10,15:00:00,4.8,4.8,4.8,4.8,49762
2024-09-11,10:00:00,4.76,4.8,4.71,4.74,378069
2024-09-11,11:00:00,4.74,4.78,4.73,4.75,74625
2024-09-11,12:00:00,4.74,4.76,4.72,4.72,89189
2024-09-11,13:00:00,4.71,4.71,4.67,4.68,154692
2024-09-11,14:00:00,4.68,4.72,4.63,4.7,391880
2024-09-11,15:00:00,4.7,4.7,4.7,4.7,88454
2024-09-12,10:00:00,4.69,4.74,4.68,4.69,88857
2024-09-12,11:00:00,4.68,4.69,4.64,4.65,74786
2024-09-12,12:00:00,4.65,4.68,4.65,4.67,53684
2024-09-12,13:00:00,4.67,4.7,4.66,4.69,35358
2024-09-12,14:00:00,4.69,4.71,4.67,4.68,87959
2024-09-12,15:00:00,4.67,4.67,4.67,4.67,3412
2024-09-15,10:00:00,4.67,4.7,4.65,4.68,66480
2024-09-15,11:00:00,4.67,4.75,4.66,4.7,225417
2024-09-15,12:00:00,4.71,4.74,4.69,4.69,50253
2024-09-15,13:00:00,4.69,4.74,4.69,4.72,80516
2024-09-15,14:00:00,4.72,4.74,4.71,4.74,70523
2024-09-15,15:00:00,4.73,4.73,4.73,4.73,4321
2024-09-16,10:00:00,4.73,4.73,4.62,4.63,154289
2024-09-16,11:00:00,4.65,4.66,4.6,4.65,111354
2024-09-16,12:00:00,4.64,4.68,4.62,4.66,180574
2024-09-16,13:00:00,4.65,4.68,4.63,4.67,131163
2024-09-16,14:00:00,4.67,4.68,4.62,4.62,117188
2024-09-16,15:00:00,4.62,4.62,4.62,4.62,5773
2024-09-17,10:00:00,4.62,4.63,4.52,4.59,606966
2024-09-17,11:00:00,4.59,4.67,4.58,4.65,228108
2024-09-17,12:00:00,4.65,4.66,4.6,4.6,368320
2024-09-17,13:00:00,4.6,4.67,4.6,4.65,442920
2024-09-17,14:00:00,4.65,4.69,4.62,4.65,357008
2024-09-17,15:00:00,4.64,4.64,4.64,4.64,10307
2024-09-18,10:00:00,4.61,4.67,4.61,4.65,119659
2024-09-18,11:00:00,4.67,4.67,4.65,4.65,55555
2024-09-18,12:00:00,4.66,4.69,4.66,4.67,47699
2024-09-18,13:00:00,4.68,4.74,4.63,4.74,365753
2024-09-18,14:00:00,4.74,4.74,4.68,4.69,91649
2024-09-18,15:00:00,4.7,4.7,4.7,4.7,26122
2024-09-19,10:00:00,4.7,4.73,4.68,4.72,167572
2024-09-19,11:00:00,4.72,4.73,4.69,4.7,92405
2024-09-19,12:00:00,4.69,4.72,4.69,4.72,81800
2024-09-19,13:00:00,4.71,4.72,4.69,4.71,44774
2024-09-19,14:00:00,4.71,4.72,4.69,4.71,109931
2024-09-19,15:00:00,4.71,4.71,4.71,4.71,44941
2024-09-22,10:00:00,4.73,4.73,4.7,4.71,93342
2024-09-22,11:00:00,4.71,4.75,4.71,4.73,60685
2024-09-22,12:00:00,4.73,4.73,4.71,4.73,26551
2024-09-22,13:00:00,4.74,4.74,4.7,4.72,122711
2024-09-22,14:00:00,4.73,4.73,4.71,4.73,20294
2024-09-22,15:00:00,4.73,4.73,4.73,4.73,7004
2024-09-24,10:00:00,4.7,4.7,4.65,4.68,233880
2024-09-24,11:00:00,4.68,4.69,4.63,4.64,289169
2024-09-24,12:00:00,4.64,4.68,4.61,4.65,724126
2024-09-24,13:00:00,4.65,4.66,4.63,4.65,285811
2024-09-24,14:00:00,4.65,4.66,4.63,4.65,346137
2024-09-24,15:00:00,4.67,4.67,4.67,4.67,49019
2024-09-25,10:00:00,4.68,4.68,4.61,4.61,149673
2024-09-25,11:00:00,4.63,4.63,4.59,4.62,358634
2024-09-25,12:00:00,4.61,4.62,4.59,4.61,248164
2024-09-25,13:00:00,4.62,4.63,4.6,4.62,327238
2024-09-25,14:00:00,4.63,4.65,4.61,4.63,306046
2024-09-25,15:00:00,4.63,4.63,4.63,4.63,12336
2024-09-26,10:00:00,4.65,4.67,4.61,4.67,204650
2024-09-26,11:00:00,4.66,4.7,4.66,4.68,452805
2024-09-26,12:00:00,4.68,4.7,4.65,4.69,375240
2024-09-26,13:00:00,4.68,4.72,4.67,4.69,415217
2024-09-26,14:00:00,4.69,4.71,4.65,4.65,293319
2024-09-26,15:00:00,4.65,4.65,4.65,4.65,46073
2024-09-29,10:00:00,4.66,4.7,4.64,4.7,215673
2024-09-29,11:00:00,4.69,4.72,4.69,4.7,110257
2024-09-29,12:00:00,4.71,4.71,4.67,4.68,108194
2024-09-29,13:00:00,4.67,4.68,4.64,4.65,153850
2024-09-29,14:00:00,4.64,4.68,4.63,4.66,150121
2024-09-29,15:00:00,4.64,4.64,4.64,4.64,65403
2024-09-30,10:00:00,4.64,4.68,4.64,4.65,60070
2024-09-30,11:00:00,4.65,4.66,4.63,4.65,81465
2024-09-30,12:00:00,4.65,4.67,4.64,4.66,174047
2024-09-30,13:00:00,4.67,4.7,4.66,4.68,107608
2024-09-30,14:00:00,4.68,4.68,4.65,4.65,63272
2024-09-30,15:00:00,4.67,4.67,4.67,4.67,5722
2024-10-01,10:00:00,4.67,4.7,4.66,4.69,276162
2024-10-01,11:00:00,4.69,4.75,4.67,4.72,350509
2024-10-01,12:00:00,4.71,4.74,4.69,4.72,303955
2024-10-01,13:00:00,4.72,4.73,4.69,4.72,158697
2024-10-01,14:00:00,4.72,4.73,4.68,4.7,172785
2024-10-01,15:00:00,4.67,4.67,4.67,4.67,13382
2024-10-02,10:00:00,4.67,4.67,4.61,4.63,415443
2024-10-02,11:00:00,4.62,4.63,4.59,4.63,251576
2024-10-02,12:00:00,4.62,4.63,4.59,4.59,302020
2024-10-02,13:00:00,4.59,4.61,4.56,4.59,274006
2024-10-02,14:00:00,4.59,4.6,4.52,4.54,171271
2024-10-02,15:00:00,4.54,4.54,4.54,4.54,14211
2024-10-03,10:00:00,4.55,4.6,4.53,4.55,111913
2024-10-03,11:00:00,4.55,4.58,4.54,4.58,116256
2024-10-03,12:00:00,4.59,4.6,4.54,4.56,167825
2024-10-03,13:00:00,4.56,4.57,4.5,4.51,145349
2024-10-03,14:00:00,4.51,4.51,4.48,4.51,168538
2024-10-03,15:00:00,4.51,4.51,4.51,4.51,5718
2024-10-06,10:00:00,4.51,4.51,4.38,4.43,121144
2024-10-06,11:00:00,4.44,4.48,4.43,4.45,78950
2024-10-06,12:00:00,4.48,4.5,4.45,4.45,79138
2024-10-06,13:00:00,4.47,4.47,4.43,4.45,25857
2024-10-06,14:00:00,4.44,4.44,4.38,4.39,184633
2024-10-06,15:00:00,4.39,4.39,4.39,4.39,45980
2024-10-07,10:00:00,4.38,4.5,4.38,4.5,330190
2024-10-07,11:00:00,4.49,4.52,4.49,4.51,108887
2024-10-07,12:00:00,4.51,4.53,4.5,4.51,90408
2024-10-07,13:00:00,4.52,4.52,4.5,4.5,88247
2024-10-07,14:00:00,4.5,4.51,4.49,4.51,176965
2024-10-07,15:00:00,4.51,4.51,4.51,4.51,10133
2024-10-08,10:00:00,4.55,4.55,4.48,4.48,70084
2024-10-08,11:00:00,4.51,4.52,4.5,4.5,28675
2024-10-08,12:00:00,4.5,4.51,4.48,4.5,86392
2024-10-08,13:00:00,4.5,4.54,4.47,4.54,109900
2024-10-08,14:00:00,4.54,4.56,4.5,4.51,292758
2024-10-08,15:00:00,4.51,4.51,4.51,4.51,16399
2024-10-09,10:00:00,4.55,4.55,4.46,4.47,191800
2024-10-09,11:00:00,4.47,4.47,4.42,4.44,204569
2024-10-09,12:00:00,4.45,4.46,4.44,4.45,352653
2024-10-09,13:00:00,4.45,4.47,4.44,4.45,355743
2024-10-09,14:00:00,4.44,4.46,4.39,4.4,306484
2024-10-09,15:00:00,4.4,4.4,4.4,4.4,56609
2024-10-10,10:00:00,4.39,4.43,4.39,4.42,111805
2024-10-10,11:00:00,4.42,4.45,4.41,4.44,265557
2024-10-10,12:00:00,4.44,4.48,4.43,4.48,229903
2024-10-10,13:00:00,4.48,4.53,4.47,4.49,570138
2024-10-10,14:00:00,4.49,4.84,4.49,4.8,5295586
2024-10-10,15:00:00,4.8,4.8,4.8,4.8,298013
2024-10-13,10:00:00,4.81,4.9,4.75,4.82,1743618
2024-10-13,11:00:00,4.81,4.85,4.78,4.82,480885
2024-10-13,12:00:00,4.84,4.85,4.78,4.79,239445
2024-10-13,13:00:00,4.8,4.84,4.78,4.82,316075
2024-10-13,14:00:00,4.82,4.85,4.76,4.76,438367
2024-10-13,15:00:00,4.75,4.75,4.75,4.75,43044
2024-10-14,10:00:00,4.79,4.9,4.75,4.84,1424689
2024-10-14,11:00:00,4.83,4.84,4.78,4.81,479633
2024-10-14,12:00:00,4.81,4.96,4.8,4.88,1797483
2024-10-14,13:00:00,4.88,4.91,4.76,4.79,1036414
2024-10-14,14:00:00,4.79,4.8,4.71,4.76,599915
2024-10-14,15:00:00,4.76,4.76,4.76,4.76,31695
2024-10-15,10:00:00,4.76,4.84,4.71,4.79,610609
2024-10-15,11:00:00,4.8,4.81,4.77,4.78,246321
2024-10-15,12:00:00,4.78,4.8,4.73,4.75,369541
2024-10-15,13:00:00,4.75,4.79,4.74,4.77,131168
2024-10-15,14:00:00,4.77,4.78,4.74,4.74,205776
2024-10-15,15:00:00,4.74,4.74,4.74,4.74,30468
2024-10-16,10:00:00,4.72,4.8,4.72,4.76,354194
2024-10-16,11:00:00,4.75,4.98,4.74,4.95,1709629
2024-10-16,12:00:00,4.96,5.0,4.86,4.88,2619658
2024-10-16,13:00:00,4.88,4.9,4.82,4.83,560073
2024-10-16,14:00:00,4.84,4.91,4.83,4.9,758564
2024-10-16,15:00:00,4.85,4.85,4.85,4.85,1173435
2024-10-17,10:00:00,4.86,4.9,4.82,4.83,466335
2024-10-17,11:00:00,4.84,4.84,4.8,4.82,194043
2024-10-17,12:00:00,4.83,4.84,4.81,4.81,123292
2024-10-17,13:00:00,4.81,4.82,4.78,4.78,190471
2024-10-17,14:00:00,4.78,4.8,4.75,4.78,452806
2024-10-17,15:00:00,4.75,4.75,4.75,4.75,16619
2024-10-20,10:00:00,4.77,4.8,4.74,4.76,243872
2024-10-20,11:00:00,4.76,4.76,4.73,4.74,34106
2024-10-20,12:00:00,4.74,4.75,4.7,4.72,149369
2024-10-20,13:00:00,4.72,4.76,4.71,4.74,126672
2024-10-20,14:00:00,4.74,4.78,4.74,4.74,43765
2024-10-20,15:00:00,4.74,4.74,4.74,4.74,11986
2024-10-21,10:00:00,4.74,4.8,4.74,4.75,225739
2024-10-21,11:00:00,4.76,4.8,4.75,4.77,334167
2024-10-21,12:00:00,4.78,4.8,4.77,4.78,17208
2024-10-21,13:00:00,4.78,4.84,4.78,4.8,316222
2024-10-21,14:00:00,4.8,4.81,4.77,4.79,179647
2024-10-21,15:00:00,4.79,4.79,4.79,4.79,16147
2024-10-22,10:00:00,4.8,4.86,4.77,4.86,372695
2024-10-22,11:00:00,4.86,4.86,4.81,4.82,338216
2024-10-22,12:00:00,4.82,4.83,4.79,4.82,493150
2024-10-22,13:00:00,4.82,4.82,4.77,4.78,252185
2024-10-22,14:00:00,4.78,4.78,4.72,4.75,156828
2024-10-22,15:00:00,4.75,4.75,4.75,4.75,7665
2024-10-23,10:00:00,4.75,4.75,4.69,4.7,297200
2024-10-23,11:00:00,4.69,4.7,4.66,4.67,97358
2024-10-23,12:00:00,4.66,4.68,4.64,4.67,175908
2024-10-23,13:00:00,4.67,4.7,4.67,4.69,82729
2024-10-23,14:00:00,4.69,4.7,4.66,4.67,73438
2024-10-23,15:00:00,4.67,4.67,4.67,4.67,76889
2024-10-24,10:00:00,4.73,4.81,4.68,4.71,1480939
2024-10-24,11:00:00,4.71,4.71,4.67,4.68,370590
2024-10-24,12:00:00,4.68,4.68,4.6,4.64,334111
2024-10-24,13:00:00,4.62,4.65,4.6,4.61,95914
2024-10-24,14:00:00,4.61,4.62,4.56,4.58,293201
2024-10-24,15:00:00,4.6,4.6,4.6,4.6,18027
2024-10-27,10:00:00,4.6,4.72,4.6,4.69,511495
2024-10-27,11:00:00,4.68,4.7,4.62,4.62,187942
2024-10-27,12:00:00,4.65,4.67,4.6,4.65,224850
2024-10-27,13:00:00,4.65,4.65,4.62,4.65,85651
2024-10-27,14:00:00,4.65,4.69,4.64,4.68,112743
2024-10-27,15:00:00,4.68,4.68,4.68,4.68,4551
2024-10-28,10:00:00,4.7,4.7,4.66,4.66,102799
2024-10-28,11:00:00,4.66,4.67,4.64,4.67,243144
2024-10-28,12:00:00,4.67,4.74,4.66,4.69,342890
2024-10-28,13:00:00,4.7,4.72,4.67,4.7,252881
2024-10-28,14:00:00,4.7,4.7,4.65,4.65,190294
2024-10-28,15:00:00,4.65,4.65,4.65,4.65,23766
2024-10-29,10:00:00,4.7,4.7,4.58,4.6,421096
2024-10-29,11:00:00,4.6,4.64,4.57,4.62,189708
2024-10-29,12:00:00,4.64,4.64,4.6,4.61,97762
2024-10-29,13:00:00,4.61,4.62,4.58,4.6,143160
2024-10-29,14:00:00,4.6,4.62,4.59,4.61,97450
2024-10-29,15:00:00,4.61,4.61,4.61,4.61,25254
2024-10-30,10:00:00,4.61,4.61,4.54,4.57,213701
2024-10-30,11:00:00,4.57,4.62,4.56,4.62,188241
2024-10-30,12:00:00,4.61,4.61,4.59,4.6,130243
2024-10-30,13:00:00,4.61,4.61,4.6,4.61,72505
2024-10-30,14:00:00,4.61,4.69,4.56,4.68,363878
2024-10-30,15:00:00,4.69,4.69,4.69,4.69,30684
2024-10-31,10:00:00,4.7,4.89,4.68,4.85,2726869
2024-10-31,11:00:00,4.85,4.9,4.83,4.87,1011867
2024-10-31,12:00:00,4.87,4.95,4.85,4.92,1320681
2024-10-31,13:00:00,4.92,4.95,4.9,4.91,893540
2024-10-31,14:00:00,4.91,4.93,4.86,4.89,1486424
2024-10-31,15:00:00,4.9,4.9,4.9,4.9,47938
2024-11-03,10:00:00,4.92,4.96,4.85,4.89,522771
2024-11-03,11:00:00,4.88,4.89,4.81,4.84,320514
2024-11-03,12:00:00,4.85,4.86,4.83,4.83,106333
2024-11-03,13:00:00,4.83,4.88,4.83,4.86,90042
2024-11-03,14:00:00,4.85,4.85,4.75,4.8,450995
2024-11-03,15:00:00,4.79,4.79,4.79,4.79,4180
2024-11-04,10:00:00,4.86,4.87,4.73,4.75,258992
2024-11-04,11:00:00,4.75,4.75,4.7,4.71,330335
2024-11-04,12:00:00,4.7,4.73,4.67,4.73,283007
2024-11-04,13:00:00,4.74,4.75,4.72,4.72,152394
2024-11-04,14:00:00,4.73,4.73,4.7,4.73,111091
2024-11-04,15:00:00,4.72,4.72,4.72,4.72,22174
2024-11-05,10:00:00,4.76,4.76,4.68,4.68,126532
2024-11-05,11:00:00,4.69,4.7,4.67,4.69,104712
2024-11-05,12:00:00,4.69,4.7,4.64,4.69,127588
2024-11-05,13:00:00,4.69,4.73,4.66,4.72,156780
2024-11-05,14:00:00,4.73,4.74,4.69,4.7,97228
2024-11-05,15:00:00,4.67,4.67,4.67,4.67,29614
2024-11-06,10:00:00,4.68,4.77,4.68,4.72,263107
2024-11-06,11:00:00,4.72,4.74,4.69,4.7,146710
2024-11-06,12:00:00,4.7,4.73,4.68,4.69,143966
2024-11-06,13:00:00,4.7,4.71,4.69,4.71,92004
2024-11-06,14:00:00,4.7,4.71,4.68,4.68,124018
2024-11-06,15:00:00,4.68,4.68,4.68,4.68,6005
2024-11-07,10:00:00,4.7,4.73,4.69,4.7,109742
2024-11-07,11:00:00,4.7,4.72,4.67,4.7,102133
2024-11-07,12:00:00,4.69,4.7,4.67,4.68,118913
2024-11-07,13:00:00,4.68,4.69,4.64,4.64,383673
2024-11-07,14:00:00,4.64,4.66,4.63,4.65,396468
2024-11-07,15:00:00,4.64,4.64,4.64,4.64,47911
2024-11-10,10:00:00,4.7,4.74,4.67,4.7,392371
2024-11-10,11:00:00,4.7,4.72,4.69,4.7,82848
2024-11-10,12:00:00,4.7,4.71,4.67,4.68,92649
2024-11-10,13:00:00,4.68,4.69,4.65,4.67,120407
2024-11-10,14:00:00,4.66,4.7,4.65,4.68,74978
2024-11-10,15:00:00,4.67,4.67,4.67,4.67,2623
2024-11-11,10:00:00,4.67,4.68,4.63,4.66,58364
2024-11-11,11:00:00,4.65,4.67,4.63,4.64,92682
2024-11-11,12:00:00,4.64,4.66,4.62,4.64,122135
2024-11-11,13:00:00,4.64,4.64,4.58,4.59,464893
2024-11-11,14:00:00,4.58,4.61,4.58,4.61,214005
2024-11-11,15:00:00,4.61,4.61,4.61,4.61,15909
2024-11-12,10:00:00,4.6,4.62,4.59,4.59,150614
2024-11-12,11:00:00,4.59,4.61,4.58,4.6,143746
2024-11-12,12:00:00,4.59,4.6,4.54,4.58,332244
2024-11-12,13:00:00,4.58,4.59,4.56,4.57,116073
2024-11-12,14:00:00,4.58,4.59,4.54,4.55,289868
2024-11-12,15:00:00,4.55,4.55,4.55,4.55,15589
2024-11-13,10:00:00,4.55,4.56,4.51,4.55,178259
2024-11-13,11:00:00,4.55,4.57,4.53,4.54,74523
2024-11-13,12:00:00,4.53,4.55,4.52,4.52,107903
2024-11-13,13:00:00,4.54,4.55,4.52,4.54,150396
2024-11-13,14:00:00,4.54,4.55,4.52,4.53,106340
2024-11-13,15:00:00,4.52,4.52,4.52,4.52,14287
2024-11-14,10:00:00,4.51,4.55,4.51,4.52,128986
2024-11-14,11:00:00,4.52,4.54,4.51,4.53,49858
2024-11-14,12:00:00,4.53,4.53,4.5,4.52,147883
2024-11-14,13:00:00,4.51,4.52,4.48,4.49,143010
2024-11-14,14:00:00,4.48,4.5,4.46,4.46,217300
2024-11-14,15:00:00,4.46,4.46,4.46,4.46,39614
2024-11-17,10:00:00,4.46,4.47,4.38,4.43,345094
2024-11-17,11:00:00,4.43,4.48,4.41,4.47,155778
2024-11-17,12:00:00,4.46,4.51,4.43,4.45,245834
2024-11-17,13:00:00,4.45,4.48,4.42,4.45,140315
2024-11-17,14:00:00,4.45,4.45,4.35,4.38,575052
2024-11-17,15:00:00,4.38,4.38,4.38,4.38,15845
2024-11-18,10:00:00,4.38,4.39,4.34,4.37,356606
2024-11-18,11:00:00,4.36,4.37,4.34,4.35,234604
2024-11-18,12:00:00,4.35,4.39,4.33,4.37,265807
2024-11-18,13:00:00,4.37,4.38,4.35,4.37,52212
2024-11-18,14:00:00,4.37,4.37,4.3,4.3,308372
2024-11-18,15:00:00,4.3,4.3,4.3,4.3,40119
2024-11-19,10:00:00,4.3,4.34,4.29,4.33,394074
2024-11-19,11:00:00,4.33,4.36,4.31,4.34,135374
2024-11-19,12:00:00,4.34,4.36,4.3,4.34,549163
2024-11-19,13:00:00,4.34,4.34,4.32,4.33,183059
2024-11-19,14:00:00,4.33,4.35,4.31,4.35,205822
2024-11-19,15:00:00,4.35,4.35,4.35,4.35,40294
2024-11-20,10:00:00,4.38,4.38,4.31,4.35,324370
2024-11-20,11:00:00,4.35,4.35,4.33,4.35,54953
2024-11-20,12:00:00,4.35,4.35,4.3,4.32,356466
2024-11-20,13:00:00,4.32,4.32,4.3,4.32,124149
2024-11-20,14:00:00,4.32,4.33,4.3,4.32,100853
2024-11-20,15:00:00,4.3,4.3,4.3,4.3,4510
2024-11-21,10:00:00,4.31,4.34,4.31,4.33,74081
2024-11-21,11:00:00,4.32,4.33,4.3,4.3,62531
2024-11-21,12:00:00,4.32,4.32,4.3,4.31,44799
2024-11-21,13:00:00,4.32,4.32,4.3,4.3,73839
2024-11-21,14:00:00,4.31,4.34,4.31,4.33,125708
2024-11-21,15:00:00,4.33,4.33,4.33,4.33,42158
2024-11-24,10:00:00,4.34,4.38,4.32,4.35,107411
2024-11-24,11:00:00,4.36,4.36,4.32,4.33,54516
2024-11-24,12:00:00,4.33,4.34,4.31,4.32,129406
2024-11-24,13:00:00,4.34,4.35,4.31,4.32,99509
2024-11-24,14:00:00,4.32,4.34,4.29,4.29,242636
2024-11-24,15:00:00,4.29,4.29,4.29,4.29,25603
2024-11-25,10:00:00,4.29,4.3,4.26,4.28,133971
2024-11-25,11:00:00,4.28,4.28,4.25,4.27,176644
2024-11-25,12:00:00,4.28,4.29,4.26,4.28,63631
2024-11-25,13:00:00,4.27,4.31,4.27,4.31,83480
2024-11-25,14:00:00,4.3,4.32,4.25,4.29,118464
2024-11-25,15:00:00,4.29,4.29,4.29,4.29,11651
2024-11-26,10:00:00,4.29,4.31,4.26,4.26,77288
2024-11-26,11:00:00,4.26,4.28,4.24,4.27,86601
2024-11-26,12:00:00,4.27,4.27,4.25,4.26,37073
2024-11-26,13:00:00,4.26,4.27,4.25,4.27,27752
2024-11-26,14:00:00,4.26,4.27,4.24,4.25,164960
2024-11-26,15:00:00,4.24,4.24,4.24,4.24,13797
2024-11-27,10:00:00,4.26,4.28,4.22,4.25,78436
2024-11-27,11:00:00,4.25,4.26,4.23,4.24,103446
2024-11-27,12:00:00,4.25,4.25,4.23,4.25,19867
2024-11-27,13:00:00,4.25,4.26,4.22,4.25,135841
2024-11-27,14:00:00,4.25,4.26,4.22,4.23,56612
2024-11-27,15:00:00,4.22,4.22,4.22,4.22,4362
2024-11-28,10:00:00,4.27,4.27,4.17,4.19,197589
2024-11-28,11:00:00,4.19,4.2,4.16,4.16,65479
2024-11-28,12:00:00,4.17,4.2,4.16,4.2,45203
2024-11-28,13:00:00,4.2,4.21,4.19,4.21,72614
2024-11-28,14:00:00,4.21,4.23,4.2,4.22,78977
2024-11-28,15:00:00,4.23,4.23,4.23,4.23,20524
2024-12-01,10:00:00,4.24,4.27,4.24,4.25,57373
2024-12-01,11:00:00,4.25,4.27,4.23,4.25,38579
2024-12-01,12:00:00,4.25,4.26,4.22,4.25,120422
2024-12-01,13:00:00,4.24,4.24,4.22,4.23,82953
2024-12-01,14:00:00,4.23,4.26,4.23,4.24,69724
2024-12-01,15:00:00,4.25,4.25,4.25,4.25,2408
2024-12-02,10:00:00,4.27,4.27,4.23,4.25,45901
2024-12-02,11:00:00,4.25,4.27,4.21,4.24,91658
2024-12-02,12:00:00,4.23,4.25,4.22,4.22,30987
2024-12-02,13:00:00,4.23,4.23,4.2,4.22,144406
2024-12-02,14:00:00,4.21,4.24,4.21,4.22,129809
2024-12-02,15:00:00,4.22,4.22,4.22,4.22,1919
2024-12-03,10:00:00,4.23,4.25,4.22,4.25,41535
2024-12-03,11:00:00,4.24,4.27,4.24,4.26,74771
2024-12-03,12:00:00,4.26,4.26,4.24,4.25,11582
2024-12-03,13:00:00,4.26,4.32,4.25,4.31,266450
2024-12-03,14:00:00,4.31,4.34,4.28,4.29,382227
2024-12-03,15:00:00,4.28,4.28,4.28,4.28,45395
2024-12-04,10:00:00,4.33,4.39,4.29,4.3,413676
2024-12-04,11:00:00,4.3,4.32,4.29,4.29,127900
2024-12-04,12:00:00,4.3,4.3,4.28,4.3,146809
2024-12-04,13:00:00,4.3,4.33,4.3,4.31,34666
2024-12-04,14:00:00,4.32,4.34,4.3,4.3,105649
2024-12-04,15:00:00,4.3,4.3,4.3,4.3,31097
2024-12-05,10:00:00,4.33,4.33,4.31,4.31,31339
2024-12-05,11:00:00,4.31,4.32,4.29,4.31,59922
2024-12-05,12:00:00,4.31,4.32,4.3,4.31,54834
2024-12-05,13:00:00,4.31,4.31,4.3,4.31,27460
2024-12-05,14:00:00,4.3,4.32,4.29,4.31,82904
2024-12-05,15:00:00,4.32,4.32,4.32,4.32,18320
2024-12-08,10:00:00,4.33,4.36,4.33,4.35,51405
2024-12-08,11:00:00,4.34,4.36,4.34,4.35,146348
2024-12-08,12:00:00,4.35,4.35,4.33,4.34,77622
2024-12-08,13:00:00,4.34,4.35,4.31,4.31,120133
2024-12-08,14:00:00,4.33,4.35,4.31,4.31,215736
2024-12-08,15:00:00,4.31,4.31,4.31,4.31,13483
2024-12-09,10:00:00,4.34,4.34,4.3,4.3,174855
2024-12-09,11:00:00,4.3,4.31,4.29,4.3,79988
2024-12-09,12:00:00,4.3,4.31,4.29,4.31,53712
2024-12-09,13:00:00,4.31,4.32,4.3,4.3,52717
2024-12-09,14:00:00,4.31,4.32,4.29,4.3,149224
2024-12-09,15:00:00,4.3,4.3,4.3,4.3,171858
2024-12-10,10:00:00,4.3,4.32,4.29,4.29,40005
2024-12-10,11:00:00,4.3,4.31,4.29,4.3,76653
2024-12-10,12:00:00,4.29,4.31,4.29,4.3,64517
2024-12-10,13:00:00,4.31,4.31,4.28,4.29,236203
2024-12-10,14:00:00,4.29,4.31,4.28,4.29,131845
2024-12-10,15:00:00,4.29,4.29,4.29,4.29,22923
2024-12-11,10:00:00,4.31,4.31,4.26,4.3,312119
2024-12-11,11:00:00,4.3,4.31,4.28,4.3,51336
2024-12-11,12:00:00,4.3,4.3,4.28,4.29,38020
2024-12-11,13:00:00,4.28,4.29,4.26,4.28,118274
2024-12-11,14:00:00,4.27,4.31,4.26,4.3,248252
2024-12-11,15:00:00,4.3,4.3,4.3,4.3,4123
2024-12-12,10:00:00,4.31,4.32,4.28,4.29,41021
2024-12-12,11:00:00,4.29,4.3,4.28,4.3,60746
2024-12-12,12:00:00,4.3,4.31,4.28,4.3,68300
2024-12-12,13:00:00,4.28,4.3,4.28,4.29,33750
2024-12-12,14:00:00,4.29,4.3,4.27,4.28,49936
2024-12-12,15:00:00,4.27,4.27,4.27,4.27,3613
2024-12-15,10:00:00,4.29,4.29,4.26,4.29,146678
2024-12-15,11:00:00,4.29,4.3,4.27,4.28,34769
2024-12-15,12:00:00,4.28,4.29,4.27,4.28,32424
2024-12-15,13:00:00,4.28,4.29,4.26,4.28,91275
2024-12-15,14:00:00,4.27,4.28,4.25,4.26,117466
2024-12-15,15:00:00,4.28,4.28,4.28,4.28,502
2024-12-16,10:00:00,4.27,4.28,4.23,4.25,155918
2024-12-16,11:00:00,4.24,4.25,4.23,4.25,47629
2024-12-16,12:00:00,4.25,4.26,4.24,4.26,33678
2024-12-16,13:00:00,4.25,4.26,4.24,4.25,50372
2024-12-16,14:00:00,4.24,4.27,4.24,4.26,97523
2024-12-16,15:00:00,4.23,4.23,4.23,4.23,17629
2024-12-17,10:00:00,4.23,4.35,4.23,4.31,1060330
2024-12-17,11:00:00,4.31,4.31,4.27,4.29,275483
2024-12-17,12:00:00,4.3,4.31,4.28,4.3,162472
2024-12-17,13:00:00,4.3,4.31,4.26,4.28,266198
2024-12-17,14:00:00,4.28,4.28,4.2,4.21,599153
2024-12-17,15:00:00,4.22,4.22,4.22,4.22,43028
2024-12-18,10:00:00,4.22,4.23,4.12,4.19,224258
2024-12-18,11:00:00,4.19,4.22,4.18,4.2,94967
2024-12-18,12:00:00,4.19,4.2,4.18,4.19,73531
2024-12-18,13:00:00,4.19,4.21,4.18,4.2,64097
2024-12-18,14:00:00,4.2,4.24,4.2,4.22,116686
2024-12-18,15:00:00,4.21,4.21,4.21,4.21,21513
2024-12-19,10:00:00,4.22,4.22,4.17,4.21,136061
2024-12-19,11:00:00,4.2,4.21,4.18,4.2,137825
2024-12-19,12:00:00,4.2,4.2,4.18,4.2,55564
2024-12-19,13:00:00,4.2,4.2,4.17,4.2,102065
2024-12-19,14:00:00,4.19,4.22,4.18,4.21,104267
2024-12-19,15:00:00,4.2,4.2,4.2,4.2,17703
2024-12-22,10:00:00,4.25,4.25,4.21,4.22,88752
2024-12-22,11:00:00,4.23,4.24,4.21,4.22,32789
2024-12-22,12:00:00,4.22,4.24,4.2,4.21,95586
2024-12-22,13:00:00,4.2,4.21,4.19,4.19,85402
2024-12-22,14:00:00,4.19,4.2,4.15,4.17,131723
2024-12-22,15:00:00,4.18,4.18,4.18,4.18,153
2024-12-23,10:00:00,4.15,4.18,4.13,4.14,72865
2024-12-23,11:00:00,4.14,4.15,4.13,4.15,45415
2024-12-23,12:00:00,4.15,4.17,4.14,4.17,25766
2024-12-23,13:00:00,4.17,4.17,4.14,4.15,256101
2024-12-23,14:00:00,4.15,4.17,4.13,4.17,87358
2024-12-23,15:00:00,4.16,4.16,4.16,4.16,1460
2024-12-24,10:00:00,4.18,4.2,4.16,4.17,81004
2024-12-24,11:00:00,4.17,4.18,4.15,4.17,106843
2024-12-24,12:00:00,4.17,4.17,4.14,4.16,32172
2024-12-24,13:00:00,4.16,4.16,4.15,4.16,28902
2024-12-24,14:00:00,4.15,4.16,4.14,4.16,108067
2024-12-24,15:00:00,4.15,4.15,4.15,4.15,4415
2024-12-25,10:00:00,4.15,4.18,4.14,4.15,16064
2024-12-25,11:00:00,4.16,4.2,4.14,4.2,224821
2024-12-25,12:00:00,4.2,4.2,4.17,4.17,110707
2024-12-25,13:00:00,4.17,4.18,4.15,4.18,26748
2024-12-25,14:00:00,4.18,4.18,4.15,4.15,41802
2024-12-25,15:00:00,4.15,4.15,4.15,4.15,7458
2024-12-26,10:00:00,4.18,4.2,4.16,4.17,84993
2024-12-26,11:00:00,4.18,4.19,4.16,4.16,32744
2024-12-26,12:00:00,4.17,4.18,4.16,4.18,10976
2024-12-26,13:00:00,4.18,4.18,4.16,4.17,34011
2024-12-26,14:00:00,4.16,4.17,4.15,4.17,30823
2024-12-26,15:00:00,4.14,4.14,4.14,4.14,95930
2024-12-29,10:00:00,4.12,4.16,4.12,4.15,114761
2024-12-29,11:00:00,4.16,4.17,4.14,4.16,106162
2024-12-29,12:00:00,4.16,4.17,4.14,4.15,28741
2024-12-29,13:00:00,4.15,4.15,4.12,4.14,85458
2024-12-29,14:00:00,4.14,4.14,4.12,4.14,147480
2024-12-29,15:00:00,4.13,4.13,4.13,4.13,2829
2024-12-30,10:00:00,4.12,4.17,4.12,4.15,96862
2024-12-30,11:00:00,4.16,4.16,4.13,4.16,26250
2024-12-30,12:00:00,4.16,4.21,4.16,4.2,161595
2024-12-30,13:00:00,4.2,4.23,4.18,4.22,125633
2024-12-30,14:00:00,4.21,4.25,4.18,4.23,281500
2024-12-30,15:00:00,4.23,4.23,4.23,4.23,18241
2024-12-31,10:00:00,4.23,4.25,4.2,4.2,114857
2024-12-31,11:00:00,4.2,4.22,4.19,4.21,34540
2024-12-31,12:00:00,4.21,4.24,4.2,4.24,210077
2024-12-31,13:00:00,4.23,4.25,4.22,4.23,135481
2024-12-31,14:00:00,4.23,4.25,4.21,4.24,212307
2024-12-31,15:00:00,4.25,4.25,4.25,4.25,33227
2025-01-01,10:00:00,4.3,4.32,4.24,4.25,406695
2025-01-01,11:00:00,4.26,4.3,4.25,4.27,79221
2025-01-01,12:00:00,4.27,4.28,4.24,4.26,171511
2025-01-01,13:00:00,4.26,4.28,4.25,4.28,117206
2025-01-01,14:00:00,4.27,4.29,4.26,4.28,110133
2025-01-01,15:00:00,4.28,4.28,4.28,4.28,11443
2025-01-02,10:00:00,4.26,4.28,4.23,4.24,163056
2025-01-02,11:00:00,4.24,4.26,4.23,4.24,121026
2025-01-02,12:00:00,4.24,4.27,4.22,4.24,269593
2025-01-02,13:00:00,4.24,4.27,4.23,4.26,159528
2025-01-02,14:00:00,4.26,4.27,4.24,4.26,141192
2025-01-02,15:00:00,4.25,4.25,4.25,4.25,4335
2025-01-05,10:00:00,4.24,4.28,4.24,4.25,189607
2025-01-05,11:00:00,4.24,4.28,4.24,4.25,83368
2025-01-05,12:00:00,4.26,4.3,4.25,4.29,166044
2025-01-05,13:00:00,4.29,4.31,4.28,4.29,148515
2025-01-05,14:00:00,4.28,4.3,4.26,4.27,93595
2025-01-05,15:00:00,4.26,4.26,4.26,4.26,12629
2025-01-06,10:00:00,4.25,4.28,4.25,4.25,52111
2025-01-06,11:00:00,4.26,4.28,4.25,4.28,157899
2025-01-06,12:00:00,4.27,4.31,4.27,4.3,203417
2025-01-06,13:00:00,4.3,4.3,4.28,4.29,327002
2025-01-06,14:00:00,4.28,4.34,4.28,4.32,1011626
2025-01-06,15:00:00,4.3,4.3,4.3,4.3,13712
2025-01-07,10:00:00,4.33,4.33,4.29,4.32,310353
2025-01-07,11:00:00,4.32,4.37,4.32,4.35,458791
2025-01-07,12:00:00,4.35,4.36,4.33,4.34,344205
2025-01-07,13:00:00,4.34,4.35,4.3,4.3,205598
2025-01-07,14:00:00,4.31,4.36,4.29,4.32,364337
2025-01-07,15:00:00,4.32,4.32,4.32,4.32,19664
2025-01-08,10:00:00,4.33,4.35,4.3,4.34,97586
2025-01-08,11:00:00,4.32,4.34,4.32,4.33,134391
2025-01-08,12:00:00,4.32,4.37,4.32,4.34,275363
2025-01-08,13:00:00,4.35,4.43,4.34,4.41,534804
2025-01-08,14:00:00,4.42,4.43,4.37,4.37,318928
2025-01-08,15:00:00,4.38,4.38,4.38,4.38,30691
2025-01-09,10:00:00,4.38,4.39,4.35,4.36,274642
2025-01-09,11:00:00,4.35,4.38,4.35,4.37,107991
2025-01-09,12:00:00,4.36,4.37,4.34,4.36,105004
2025-01-09,13:00:00,4.36,4.36,4.29,4.29,486451
2025-01-09,14:00:00,4.29,4.31,4.23,4.29,475515
2025-01-09,15:00:00,4.29,4.29,4.29,4.29,12365
2025-01-12,10:00:00,4.29,4.32,4.28,4.31,170994
2025-01-12,11:00:00,4.32,4.34,4.31,4.33,100087
2025-01-12,12:00:00,4.33,4.37,4.32,4.35,122620
2025-01-12,13:00:00,4.35,4.36,4.33,4.34,38681
2025-01-12,14:00:00,4.34,4.35,4.33,4.33,39213
2025-01-12,15:00:00,4.33,4.33,4.33,4.33,3513
2025-01-13,10:00:00,4.33,4.39,4.33,4.38,218087
2025-01-13,11:00:00,4.37,4.38,4.36,4.37,103158
2025-01-13,12:00:00,4.37,4.38,4.35,4.36,39166
2025-01-13,13:00:00,4.36,4.38,4.34,4.35,67023
2025-01-13,14:00:00,4.37,4.38,4.35,4.37,91202
2025-01-13,15:00:00,4.35,4.35,4.35,4.35,2834
2025-01-14,10:00:00,4.34,4.39,4.34,4.37,194402
2025-01-14,11:00:00,4.37,4.39,4.36,4.37,274969
2025-01-14,12:00:00,4.37,4.37,4.35,4.36,83050
2025-01-14,13:00:00,4.36,4.37,4.35,4.36,52214
2025-01-14,14:00:00,4.36,4.38,4.35,4.36,323691
2025-01-14,15:00:00,4.38,4.38,4.38,4.38,24045
2025-01-15,10:00:00,4.38,4.53,4.37,4.52,1214269
2025-01-15,11:00:00,4.52,4.52,4.45,4.47,623450
2025-01-15,12:00:00,4.48,4.48,4.44,4.45,189236
2025-01-15,13:00:00,4.45,4.47,4.44,4.46,114571
2025-01-15,14:00:00,4.46,4.46,4.4,4.42,142702
2025-01-15,15:00:00,4.41,4.41,4.41,4.41,13479
2025-01-16,10:00:00,4.42,4.44,4.4,4.42,132460
2025-01-16,11:00:00,4.42,4.44,4.41,4.42,24146
2025-01-16,12:00:00,4.42,4.43,4.4,4.41,58685
2025-01-16,13:00:00,4.42,4.42,4.37,4.38,119797
2025-01-16,14:00:00,4.38,4.4,4.36,4.4,153851
2025-01-16,15:00:00,4.38,4.38,4.38,4.38,7035
2025-01-19,10:00:00,4.39,4.41,4.38,4.38,235757
2025-01-19,11:00:00,4.38,4.38,4.32,4.33,552542
2025-01-19,12:00:00,4.33,4.34,4.32,4.33,289967
2025-01-19,13:00:00,4.32,4.34,4.32,4.32,333833
2025-01-19,14:00:00,4.33,4.34,4.31,4.34,422772
2025-01-19,15:00:00,4.34,4.34,4.34,4.34,36139
2025-01-20,10:00:00,4.34,4.34,4.3,4.34,426269
2025-01-20,11:00:00,4.34,4.34,4.33,4.33,67574
2025-01-20,12:00:00,4.33,4.34,4.33,4.34,85389
2025-01-20,13:00:00,4.34,4.35,4.33,4.34,149200
2025-01-20,14:00:00,4.34,4.34,4.32,4.33,144962
2025-01-20,15:00:00,4.33,4.33,4.33,4.33,55075
2025-01-21,10:00:00,4.34,4.38,4.31,4.36,426242
2025-01-21,11:00:00,4.36,4.38,4.34,4.35,134954
2025-01-21,12:00:00,4.34,4.35,4.34,4.35,17045
2025-01-21,13:00:00,4.34,4.34,4.32,4.33,179156
2025-01-21,14:00:00,4.32,4.34,4.32,4.33,190789
2025-01-21,15:00:00,4.34,4.34,4.34,4.34,4168
2025-01-22,10:00:00,4.34,4.34,4.3,4.31,363694
2025-01-22,11:00:00,4.32,4.36,4.31,4.33,218536
2025-01-22,12:00:00,4.33,4.37,4.33,4.37,151249
2025-01-22,13:00:00,4.35,4.38,4.33,4.33,296840
2025-01-22,14:00:00,4.33,4.34,4.32,4.33,188622
2025-01-22,15:00:00,4.33,4.33,4.33,4.33,12274
2025-01-23,10:00:00,4.36,4.36,4.31,4.33,224982
2025-01-23,11:00:00,4.32,4.33,4.31,4.32,43060
2025-01-23,12:00:00,4.32,4.33,4.31,4.33,106103
2025-01-23,13:00:00,4.32,4.35,4.32,4.33,133427
2025-01-23,14:00:00,4.33,4.35,4.32,4.33,285148
2025-01-23,15:00:00,4.33,4.33,4.33,4.33,5703
2025-01-26,10:00:00,4.33,4.35,4.32,4.33,195789
2025-01-26,11:00:00,4.34,4.35,4.33,4.34,53382
2025-01-26,12:00:00,4.34,4.35,4.32,4.34,369454
2025-01-26,13:00:00,4.34,4.34,4.31,4.32,164907
2025-01-26,14:00:00,4.31,4.33,4.31,4.33,173241
2025-01-26,15:00:00,4.32,4.32,4.32,4.32,1636
2025-01-27,10:00:00,4.33,4.34,4.32,4.34,165143
2025-01-27,11:00:00,4.33,4.34,4.33,4.34,76434
2025-01-27,12:00:00,4.33,4.36,4.33,4.35,262557
2025-01-27,13:00:00,4.35,4.35,4.33,4.34,153869
2025-01-27,14:00:00,4.34,4.34,4.32,4.34,121943
2025-01-27,15:00:00,4.33,4.33,4.33,4.33,40501
2025-01-28,10:00:00,4.34,4.34,4.3,4.31,664654
2025-01-28,11:00:00,4.31,4.38,4.31,4.37,407289
2025-01-28,12:00:00,4.37,4.39,4.36,4.37,512607
2025-01-28,13:00:00,4.36,4.37,4.35,4.36,120097
2025-01-28,14:00:00,4.36,4.38,4.35,4.38,314618
2025-01-28,15:00:00,4.37,4.37,4.37,4.37,24330
2025-01-29,10:00:00,4.35,4.38,4.32,4.33,519655
2025-01-29,11:00:00,4.32,4.33,4.29,4.31,806087
2025-01-29,12:00:00,4.31,4.31,4.3,4.3,267528
2025-01-29,13:00:00,4.3,4.33,4.29,4.29,495856
2025-01-29,14:00:00,4.3,4.31,4.28,4.3,367391
2025-01-29,15:00:00,4.3,4.3,4.3,4.3,31251
2025-01-30,10:00:00,4.3,4.31,4.28,4.3,126918
2025-01-30,11:00:00,4.3,4.3,4.25,4.25,470502
2025-01-30,12:00:00,4.26,4.28,4.24,4.26,375618
2025-01-30,13:00:00,4.26,4.26,4.19,4.22,1208925
2025-01-30,14:00:00,4.22,4.24,4.21,4.21,501502
2025-01-30,15:00:00,4.2,4.2,4.2,4.2,116380
2025-02-02,10:00:00,4.2,4.27,4.18,4.24,1170543
2025-02-02,11:00:00,4.25,4.25,4.21,4.23,341038
2025-02-02,12:00:00,4.22,4.23,4.2,4.22,289260
2025-02-02,13:00:00,4.22,4.23,4.2,4.22,218772
2025-02-02,14:00:00,4.22,4.23,4.19,4.2,692863
2025-02-02,15:00:00,4.2,4.2,4.2,4.2,124566
2025-02-03,10:00:00,4.2,4.23,4.19,4.23,242314
2025-02-03,11:00:00,4.22,4.23,4.21,4.23,114133
2025-02-03,12:00:00,4.23,4.25,4.22,4.23,88391
2025-02-03,13:00:00,4.23,4.23,4.22,4.22,91163
2025-02-03,14:00:00,4.21,4.23,4.19,4.19,609359
2025-02-03,15:00:00,4.2,4.2,4.2,4.2,26784
2025-02-04,10:00:00,4.2,4.22,4.19,4.2,189638
2025-02-04,11:00:00,4.21,4.21,4.19,4.2,109038
2025-02-04,12:00:00,4.21,4.22,4.2,4.2,118082
2025-02-04,13:00:00,4.2,4.21,4.19,4.21,152466
2025-02-04,14:00:00,4.21,4.22,4.18,4.2,606858
2025-02-04,15:00:00,4.2,4.2,4.2,4.2,58108
2025-02-05,10:00:00,4.21,4.21,4.19,4.21,125142
2025-02-05,11:00:00,4.2,4.23,4.2,4.22,132606
2025-02-05,12:00:00,4.22,4.24,4.21,4.23,208935
2025-02-05,13:00:00,4.23,4.25,4.22,4.23,213081
2025-02-05,14:00:00,4.23,4.24,4.16,4.19,1420706
2025-02-05,15:00:00,4.19,4.19,4.19,4.19,30947
2025-02-06,10:00:00,4.2,4.21,4.17,4.18,361265
2025-02-06,11:00:00,4.18,4.19,4.17,4.18,201077
2025-02-06,12:00:00,4.18,4.18,4.16,4.17,465446
2025-02-06,13:00:00,4.17,4.18,4.16,4.17,422071
2025-02-06,14:00:00,4.17,4.19,4.16,4.19,173628
2025-02-06,15:00:00,4.19,4.19,4.19,4.19,43639
2025-02-09,10:00:00,4.19,4.19,4.18,4.19,198711
2025-02-09,11:00:00,4.19,4.23,4.18,4.23,417365
2025-02-09,12:00:00,4.22,4.23,4.21,4.22,265336
2025-02-09,13:00:00,4.22,4.23,4.21,4.23,189147
2025-02-09,14:00:00,4.22,4.24,4.21,4.23,245946
2025-02-09,15:00:00,4.23,4.23,4.23,4.23,28464
2025-02-10,10:00:00,4.24,4.26,4.22,4.24,605729
2025-02-10,11:00:00,4.25,4.27,4.24,4.25,323545
2025-02-10,12:00:00,4.25,4.26,4.24,4.24,56266
2025-02-10,13:00:00,4.24,4.25,4.23,4.24,131882
2025-02-10,14:00:00,4.24,4.24,4.22,4.23,174050
2025-02-10,15:00:00,4.22,4.22,4.22,4.22,26058
2025-02-11,10:00:00,4.23,4.24,4.21,4.21,252821
2025-02-11,11:00:00,4.22,4.22,4.2,4.21,117951
2025-02-11,12:00:00,4.2,4.22,4.2,4.22,122350
2025-02-11,13:00:00,4.22,4.23,4.21,4.22,129868
2025-02-11,14:00:00,4.22,4.23,4.2,4.22,213273
2025-02-11,15:00:00,4.22,4.22,4.22,4.22,41210
2025-02-12,10:00:00,4.22,4.22,4.18,4.2,452343
2025-02-12,11:00:00,4.19,4.22,4.19,4.21,135891
2025-02-12,12:00:00,4.2,4.22,4.2,4.22,132594
2025-02-12,13:00:00,4.22,4.22,4.2,4.21,107266
2025-02-12,14:00:00,4.21,4.21,4.19,4.19,159433
2025-02-12,15:00:00,4.19,4.19,4.19,4.19,135630
2025-02-13,10:00:00,4.19,4.23,4.18,4.2,390567
2025-02-13,11:00:00,4.2,4.21,4.18,4.2,91134
2025-02-13,12:00:00,4.19,4.21,4.19,4.2,102384
2025-02-13,13:00:00,4.2,4.21,4.18,4.19,211809
2025-02-13,14:00:00,4.19,4.21,4.19,4.2,161382
2025-02-13,15:00:00,4.2,4.2,4.2,4.2,14415
2025-02-16,10:00:00,4.21,4.22,4.2,4.22,75859
2025-02-16,11:00:00,4.22,4.22,4.2,4.21,74842
2025-02-16,12:00:00,4.21,4.21,4.19,4.21,73310
2025-02-16,13:00:00,4.2,4.21,4.19,4.21,143186
2025-02-16,14:00:00,4.2,4.21,4.2,4.2,42317
2025-02-16,15:00:00,4.2,4.2,4.2,4.2,4600
2025-02-17,10:00:00,4.2,4.2,4.18,4.18,102244
2025-02-17,11:00:00,4.19,4.19,4.17,4.17,101633
2025-02-17,12:00:00,4.17,4.18,4.17,4.18,66743
2025-02-17,13:00:00,4.18,4.18,4.17,4.18,93106
2025-02-17,14:00:00,4.18,4.2,4.17,4.19,92349
2025-02-17,15:00:00,4.2,4.2,4.2,4.2,15101
2025-02-18,10:00:00,4.2,4.2,4.18,4.19,117463
2025-02-18,11:00:00,4.19,4.2,4.18,4.19,81754
2025-02-18,12:00:00,4.18,4.19,4.18,4.19,117351
2025-02-18,13:00:00,4.19,4.2,4.17,4.19,151763
2025-02-18,14:00:00,4.18,4.19,4.17,4.19,200534
2025-02-18,15:00:00,4.19,4.19,4.19,4.19,16385
2025-02-19,10:00:00,4.18,4.19,4.17,4.18,119219
2025-02-19,11:00:00,4.18,4.19,4.17,4.18,65763
2025-02-19,12:00:00,4.18,4.19,4.16,4.17,147969
2025-02-19,13:00:00,4.17,4.17,4.16,4.17,313825
2025-02-19,14:00:00,4.17,4.17,4.16,4.17,51411
2025-02-19,15:00:00,4.16,4.16,4.16,4.16,3548
2025-02-20,10:00:00,4.17,4.18,4.15,4.17,52929
2025-02-20,11:00:00,4.16,4.17,4.15,4.16,102914
2025-02-20,12:00:00,4.16,4.16,4.15,4.16,26121
2025-02-20,13:00:00,4.16,4.17,4.15,4.17,64836
2025-02-20,14:00:00,4.17,4.17,4.15,4.16,142195
2025-02-20,15:00:00,4.16,4.16,4.16,4.16,8893
2025-02-24,10:00:00,4.16,4.18,4.15,4.16,31952
2025-02-24,11:00:00,4.16,4.16,4.13,4.15,101196
2025-02-24,12:00:00,4.16,4.16,4.15,4.16,40242
2025-02-24,13:00:00,4.16,4.16,4.14,4.15,36748
2025-02-24,14:00:00,4.14,4.15,4.12,4.15,194311
2025-02-24,15:00:00,4.13,4.13,4.13,4.13,41954
2025-02-25,10:00:00,4.15,4.15,4.09,4.11,511533
2025-02-25,11:00:00,4.11,4.13,4.1,4.12,134448
2025-02-25,12:00:00,4.12,4.13,4.1,4.11,77805
2025-02-25,13:00:00,4.1,4.11,4.08,4.1,329484
2025-02-25,14:00:00,4.1,4.13,4.1,4.12,171484
2025-02-25,15:00:00,4.12,4.12,4.12,4.12,17139
2025-02-26,10:00:00,4.1,4.13,4.09,4.11,76562
2025-02-26,11:00:00,4.1,4.13,4.09,4.12,61479
2025-02-26,12:00:00,4.12,4.13,4.11,4.12,61748
2025-02-26,13:00:00,4.12,4.12,4.1,4.12,67544
2025-02-26,14:00:00,4.12,4.12,4.1,4.11,65166
2025-02-26,15:00:00,4.12,4.12,4.12,4.12,5311
2025-02-27,10:00:00,4.12,4.12,4.1,4.11,20085
2025-02-27,11:00:00,4.11,4.11,4.1,4.1,79720
2025-02-27,12:00:00,4.11,4.12,4.1,4.11,56285
2025-02-27,13:00:00,4.12,4.12,4.11,4.11,62712
2025-02-27,14:00:00,4.11,4.16,4.11,4.15,273746
2025-02-27,15:00:00,4.17,4.17,4.17,4.17,221150
2025-03-02,10:00:00,4.18,4.2,4.15,4.2,330166
2025-03-02,11:00:00,4.2,4.2,4.14,4.16,105808
2025-03-02,12:00:00,4.15,4.17,4.13,4.15,87695
2025-03-02,13:00:00,4.15,4.15,4.11,4.12,122135
2025-03-02,14:00:00,4.13,4.15,4.12,4.15,85104
2025-03-02,15:00:00,4.15,4.15,4.15,4.15,7327
2025-03-03,10:00:00,4.15,4.15,4.12,4.12,126905
2025-03-03,11:00:00,4.12,4.14,4.1,4.12,125361
2025-03-03,12:00:00,4.13,4.14,4.11,4.12,311771
2025-03-03,13:00:00,4.13,4.14,4.1,4.14,119235
2025-03-03,14:00:00,4.14,4.14,4.08,4.08,581917
2025-03-03,15:00:00,4.08,4.08,4.08,4.08,97802
2025-03-04,10:00:00,4.06,4.06,3.8,3.99,487987
2025-03-04,11:00:00,3.99,4.02,3.97,4.0,121780
2025-03-04,12:00:00,3.99,4.02,3.98,4.01,46266
2025-03-04,13:00:00,4.0,4.01,3.98,4.0,194692
2025-03-04,14:00:00,4.0,4.01,3.99,3.99,84718
2025-03-04,15:00:00,3.99,3.99,3.99,3.99,4830
2025-03-05,10:00:00,4.02,4.02,3.95,4.0,160191
2025-03-05,11:00:00,4.01,4.01,3.98,4.0,45368
2025-03-05,12:00:00,3.99,4.0,3.99,3.99,14944
2025-03-05,13:00:00,3.99,4.01,3.99,3.99,71294
2025-03-05,14:00:00,3.98,4.0,3.96,3.97,100708
2025-03-05,15:00:00,3.97,3.97,3.97,3.97,20645
2025-03-06,10:00:00,3.97,3.97,3.93,3.94,143319
2025-03-06,11:00:00,3.94,3.95,3.93,3.93,35492
2025-03-06,12:00:00,3.93,3.96,3.92,3.95,114597
2025-03-06,13:00:00,3.94,3.96,3.93,3.93,79597
2025-03-06,14:00:00,3.94,3.96,3.93,3.95,163274
2025-03-06,15:00:00,3.94,3.94,3.94,3.94,6599
2025-03-09,10:00:00,3.94,3.97,3.94,3.95,70865
2025-03-09,11:00:00,3.95,3.95,3.87,3.9,48245
2025-03-09,12:00:00,3.91,3.93,3.91,3.92,53452
2025-03-09,13:00:00,3.92,3.93,3.9,3.93,179916
2025-03-09,14:00:00,3.93,3.96,3.92,3.92,218543
2025-03-09,15:00:00,3.91,3.91,3.91,3.91,18096
2025-03-10,10:00:00,3.92,3.92,3.87,3.88,107898
2025-03-10,11:00:00,3.89,3.9,3.85,3.87,148347
2025-03-10,12:00:00,3.87,3.89,3.86,3.86,74776
2025-03-10,13:00:00,3.86,3.88,3.82,3.86,108232
2025-03-10,14:00:00,3.85,3.87,3.83,3.84,141317
2025-03-10,15:00:00,3.82,3.82,3.82,3.82,36774
2025-03-11,10:00:00,3.81,3.81,3.7,3.78,318416
2025-03-11,11:00:00,3.77,3.8,3.77,3.8,169591
2025-03-11,12:00:00,3.8,3.86,3.79,3.86,218002
2025-03-11,13:00:00,3.86,3.96,3.85,3.95,253539
2025-03-11,14:00:00,3.95,4.04,3.95,4.0,537975
2025-03-11,15:00:00,4.03,4.03,4.03,4.03,25167
2025-03-12,10:00:00,4.03,4.03,3.7,3.98,186596
2025-03-12,11:00:00,3.98,3.98,3.94,3.95,63392
2025-03-12,12:00:00,3.94,3.96,3.93,3.95,78822
2025-03-12,13:00:00,3.96,3.96,3.9,3.95,133563
2025-03-12,14:00:00,3.95,3.96,3.85,3.93,323195
2025-03-12,15:00:00,3.92,3.92,3.92,3.92,60043
2025-03-13,10:00:00,3.89,3.98,3.89,3.95,67962
2025-03-13,11:00:00,3.94,3.99,3.93,3.98,168717
2025-03-13,12:00:00,3.98,3.99,3.95,3.96,48570
2025-03-13,13:00:00,3.96,3.97,3.95,3.96,60363
2025-03-13,14:00:00,3.96,4.0,3.95,4.0,142551
2025-03-13,15:00:00,4.0,4.0,4.0,4.0,11154
2025-03-16,10:00:00,4.0,4.02,3.98,4.0,42895
2025-03-16,11:00:00,3.99,4.01,3.99,4.0,26594
2025-03-16,12:00:00,4.01,4.03,4.0,4.02,31883
2025-03-16,13:00:00,4.03,4.03,4.01,4.03,62807
2025-03-16,14:00:00,4.03,4.08,4.02,4.02,205032
2025-03-16,15:00:00,4.08,4.08,4.08,4.08,59931
2025-03-17,10:00:00,4.08,4.12,4.06,4.1,245584
2025-03-17,11:00:00,4.11,4.12,4.09,4.09,132229
2025-03-17,12:00:00,4.09,4.1,4.06,4.07,82904
2025-03-17,13:00:00,4.07,4.12,4.06,4.08,126767
2025-03-17,14:00:00,4.09,4.09,4.06,4.08,38360
2025-03-17,15:00:00,4.06,4.06,4.06,4.06,12710
2025-03-18,10:00:00,4.08,4.08,4.01,4.03,163064
2025-03-18,11:00:00,4.03,4.03,4.01,4.03,50079
2025-03-18,12:00:00,4.03,4.05,4.01,4.02,36455
2025-03-18,13:00:00,4.01,4.03,4.01,4.02,28711
2025-03-18,14:00:00,4.01,4.02,3.97,3.98,108366
2025-03-18,15:00:00,4.01,4.01,4.01,4.01,15071
2025-03-19,10:00:00,4.0,4.0,3.95,3.98,49154
2025-03-19,11:00:00,3.97,3.99,3.96,3.98,19794
2025-03-19,12:00:00,3.98,3.99,3.97,3.97,12769
2025-03-19,13:00:00,3.98,4.0,3.97,3.98,52248
2025-03-19,14:00:00,3.98,4.0,3.96,4.0,16056
2025-03-19,15:00:00,3.97,3.97,3.97,3.97,12593
2025-03-20,10:00:00,3.97,4.0,3.97,3.98,14011
2025-03-20,11:00:00,3.99,4.02,3.98,3.98,27991
2025-03-20,12:00:00,3.99,4.01,3.98,4.0,14544
2025-03-20,13:00:00,4.01,4.01,3.98,4.0,46692
2025-03-20,14:00:00,4.0,4.0,3.99,4.0,34980
2025-03-20,15:00:00,4.0,4.0,4.0,4.0,9775
2025-03-23,10:00:00,3.96,4.0,3.96,3.99,31445
2025-03-23,11:00:00,3.99,3.99,3.96,3.99,12717
2025-03-23,12:00:00,3.97,4.01,3.97,3.98,30746
2025-03-23,13:00:00,3.98,3.98,3.96,3.98,46540
2025-03-23,14:00:00,3.98,3.98,3.96,3.97,45177
2025-03-23,15:00:00,3.96,3.96,3.96,3.96,1736
2025-03-24,10:00:00,3.96,3.98,3.94,3.95,54206
2025-03-24,11:00:00,3.94,3.99,3.93,3.98,66799
2025-03-24,12:00:00,3.96,3.98,3.94,3.95,17781
2025-03-24,13:00:00,3.96,3.96,3.94,3.95,41107
2025-03-24,14:00:00,3.95,3.98,3.95,3.96,57558
2025-03-24,15:00:00,3.98,3.98,3.98,3.98,1542
2025-03-25,10:00:00,3.96,4.0,3.96,3.98,46068
2025-03-25,11:00:00,3.97,3.99,3.96,3.98,32106
2025-03-25,12:00:00,3.99,3.99,3.96,3.99,43625
2025-03-25,13:00:00,3.98,3.99,3.95,3.98,42954
2025-03-25,14:00:00,3.97,4.0,3.97,3.99,124094
2025-03-25,15:00:00,4.0,4.0,4.0,4.0,4179
2025-03-26,10:00:00,4.0,4.03,4.0,4.02,38326
2025-03-26,11:00:00,4.02,4.04,4.02,4.03,41395
2025-03-26,12:00:00,4.03,4.04,4.02,4.03,24747
2025-03-26,13:00:00,4.03,4.06,4.02,4.05,131435
2025-03-26,14:00:00,4.05,4.05,4.02,4.03,54344
2025-03-26,15:00:00,4.03,4.03,4.03,4.03,28541
2025-03-27,10:00:00,4.02,4.13,4.02,4.1,338814
2025-03-27,11:00:00,4.1,4.11,4.08,4.11,105249
2025-03-27,12:00:00,4.12,4.14,4.1,4.11,275991
2025-03-27,13:00:00,4.11,4.12,4.1,4.1,77554
2025-03-27,14:00:00,4.11,4.12,4.09,4.12,75891
2025-03-27,15:00:00,4.12,4.12,4.12,4.12,18542
2025-04-03,10:00:00,4.05,4.09,4.04,4.06,174046
2025-04-03,11:00:00,4.07,4.08,4.06,4.08,83026
2025-04-03,12:00:00,4.08,4.19,4.08,4.16,416853
2025-04-03,13:00:00,4.15,4.16,4.12,4.16,109468
2025-04-03,14:00:00,4.16,4.16,4.09,4.12,137633
2025-04-03,15:00:00,4.12,4.12,4.12,4.12,6114
2025-04-06,10:00:00,3.85,3.95,3.84,3.88,264759
2025-04-06,11:00:00,3.88,3.93,3.85,3.9,266634
2025-04-06,12:00:00,3.9,3.95,3.88,3.94,82027
2025-04-06,13:00:00,3.94,3.94,3.87,3.87,155949
2025-04-06,14:00:00,3.87,3.88,3.83,3.85,145443
2025-04-06,15:00:00,3.85,3.85,3.85,3.85,1855
2025-04-07,10:00:00,3.83,3.83,3.58,3.8,524613
2025-04-07,11:00:00,3.79,3.88,3.77,3.86,196603
2025-04-07,12:00:00,3.86,3.9,3.82,3.84,155829
2025-04-07,13:00:00,3.85,3.88,3.83,3.87,103155
2025-04-07,14:00:00,3.88,3.91,3.86,3.88,167378
2025-04-07,15:00:00,3.89,3.89,3.89,3.89,4141
2025-04-08,10:00:00,3.95,4.03,3.95,3.98,234749
2025-04-08,11:00:00,3.97,4.0,3.96,3.99,100659
2025-04-08,12:00:00,3.98,3.99,3.95,3.95,55941
2025-04-08,13:00:00,3.96,3.96,3.92,3.95,49923
2025-04-08,14:00:00,3.95,3.96,3.92,3.95,116003
2025-04-08,15:00:00,3.93,3.93,3.93,3.93,17256
2025-04-09,10:00:00,3.93,3.93,3.88,3.92,163691
2025-04-09,11:00:00,3.92,3.92,3.88,3.88,57553
2025-04-09,12:00:00,3.89,3.92,3.88,3.88,33086
2025-04-09,13:00:00,3.88,3.92,3.88,3.89,54548
2025-04-09,14:00:00,3.9,3.9,3.83,3.86,142614
2025-04-09,15:00:00,3.82,3.82,3.82,3.82,23435
2025-04-10,10:00:00,3.99,3.99,3.94,3.96,302967
2025-04-10,11:00:00,3.96,3.96,3.93,3.94,80988
2025-04-10,12:00:00,3.95,3.97,3.94,3.97,43887
2025-04-10,13:00:00,3.97,3.97,3.95,3.96,22520
2025-04-10,14:00:00,3.96,3.97,3.94,3.95,84790
2025-04-10,15:00:00,3.95,3.95,3.95,3.95,13513
2025-04-13,10:00:00,3.96,4.04,3.96,4.04,274739
2025-04-13,11:00:00,4.04,4.04,4.02,4.03,31075
2025-04-13,12:00:00,4.04,4.04,4.02,4.03,91092
2025-04-13,13:00:00,4.03,4.09,4.03,4.06,306527
2025-04-13,14:00:00,4.06,4.06,4.01,4.04,109923
2025-04-13,15:00:00,4.04,4.04,4.04,4.04,25567
2025-04-14,10:00:00,4.04,4.08,4.02,4.05,103632
2025-04-14,11:00:00,4.03,4.05,4.02,4.04,92465
2025-04-14,12:00:00,4.04,4.06,4.03,4.04,30836
2025-04-14,13:00:00,4.05,4.06,4.04,4.04,61043
2025-04-14,14:00:00,4.05,4.08,4.04,4.04,154293
2025-04-14,15:00:00,4.05,4.05,4.05,4.05,17521
2025-04-15,10:00:00,4.06,4.16,4.05,4.12,788971
2025-04-15,11:00:00,4.11,4.14,4.09,4.11,196559
2025-04-15,12:00:00,4.1,4.12,4.1,4.12,41351
2025-04-15,13:00:00,4.11,4.12,4.08,4.09,72026
2025-04-15,14:00:00,4.09,4.11,4.08,4.08,170754
2025-04-15,15:00:00,4.08,4.08,4.08,4.08,9298
2025-04-16,10:00:00,4.05,4.25,4.05,4.2,1784924
2025-04-16,11:00:00,4.2,4.22,4.17,4.17,505534
2025-04-16,12:00:00,4.18,4.22,4.17,4.21,339840
2025-04-16,13:00:00,4.21,4.21,4.15,4.15,183452
2025-04-16,14:00:00,4.16,4.18,4.09,4.09,630874
2025-04-16,15:00:00,4.08,4.08,4.08,4.08,44053
2025-04-17,10:00:00,4.08,4.11,4.05,4.09,270547
2025-04-17,11:00:00,4.09,4.09,4.08,4.09,62693
2025-04-17,12:00:00,4.08,4.14,4.07,4.08,88819
2025-04-17,13:00:00,4.09,4.1,4.07,4.1,61504
2025-04-17,14:00:00,4.1,4.1,4.05,4.07,160420
2025-04-17,15:00:00,4.07,4.07,4.07,4.07,6054
2025-04-20,10:00:00,4.1,4.17,4.07,4.12,171238
2025-04-20,11:00:00,4.12,4.14,4.11,4.12,54815
2025-04-20,12:00:00,4.11,4.12,4.09,4.11,27498
2025-04-20,13:00:00,4.1,4.11,4.09,4.11,35449
2025-04-20,14:00:00,4.11,4.13,4.1,4.13,67456
2025-04-20,15:00:00,4.13,4.13,4.13,4.13,17987
2025-04-21,10:00:00,4.13,4.13,4.07,4.1,80476
2025-04-21,11:00:00,4.09,4.1,4.08,4.08,31576
2025-04-21,12:00:00,4.09,4.1,4.08,4.1,11338
2025-04-21,13:00:00,4.09,4.11,4.09,4.1,47712
2025-04-21,14:00:00,4.09,4.1,4.07,4.09,118876
2025-04-21,15:00:00,4.1,4.1,4.1,4.1,2712
2025-04-22,10:00:00,4.07,4.09,4.06,4.07,148523
2025-04-22,11:00:00,4.08,4.1,4.07,4.08,191208
2025-04-22,12:00:00,4.09,4.1,4.08,4.1,72351
2025-04-22,13:00:00,4.1,4.1,4.07,4.08,117561
2025-04-22,14:00:00,4.08,4.12,4.07,4.1,200456
2025-04-22,15:00:00,4.12,4.12,4.12,4.12,15829
2025-04-23,10:00:00,4.12,4.15,4.11,4.11,139863
2025-04-23,11:00:00,4.13,4.13,4.1,4.12,36894
2025-04-23,12:00:00,4.11,4.12,4.1,4.1,28143
2025-04-23,13:00:00,4.12,4.12,4.1,4.11,32840
2025-04-23,14:00:00,4.11,4.12,4.09,4.1,63947
2025-04-23,15:00:00,4.09,4.09,4.09,4.09,4852
2025-04-24,10:00:00,4.1,4.11,4.09,4.1,36847
2025-04-24,11:00:00,4.1,4.14,4.1,4.11,162736
2025-04-24,12:00:00,4.12,4.13,4.11,4.11,35328
2025-04-24,13:00:00,4.12,4.13,4.09,4.12,208328
2025-04-24,14:00:00,4.12,4.12,4.08,4.08,185169
2025-04-24,15:00:00,4.1,4.1,4.1,4.1,11173
2025-04-27,10:00:00,4.1,4.13,4.09,4.1,180218
2025-04-27,11:00:00,4.1,4.1,4.09,4.1,30017
2025-04-27,12:00:00,4.1,4.11,4.08,4.1,105160
2025-04-27,13:00:00,4.09,4.1,4.08,4.1,38075
2025-04-27,14:00:00,4.1,4.1,4.08,4.1,68397
2025-04-27,15:00:00,4.09,4.09,4.09,4.09,15493
2025-04-28,10:00:00,4.09,4.1,4.08,4.1,135279
2025-04-28,11:00:00,4.09,4.1,4.07,4.08,101915
2025-04-28,12:00:00,4.08,4.09,4.07,4.08,69457
2025-04-28,13:00:00,4.07,4.09,4.06,4.08,193936
2025-04-28,14:00:00,4.07,4.09,4.07,4.08,47342
2025-04-28,15:00:00,4.09,4.09,4.09,4.09,20177
2025-04-29,10:00:00,4.07,4.1,4.07,4.1,260295
2025-04-29,11:00:00,4.1,4.11,4.09,4.09,36358
2025-04-29,12:00:00,4.09,4.09,4.07,4.09,83356
2025-04-29,13:00:00,4.08,4.09,4.05,4.06,124514
2025-04-29,14:00:00,4.06,4.07,4.05,4.07,59234
2025-04-29,15:00:00,4.06,4.06,4.06,4.06,16640
2025-04-30,10:00:00,4.08,4.08,4.02,4.04,91178
2025-04-30,11:00:00,4.04,4.04,4.02,4.04,85841
2025-04-30,12:00:00,4.04,4.04,4.0,4.02,259332
2025-04-30,13:00:00,4.02,4.03,4.01,4.02,66586
2025-04-30,14:00:00,4.02,4.05,4.01,4.05,87429
2025-04-30,15:00:00,4.02,4.02,4.02,4.02,10403
2025-05-01,10:00:00,4.02,4.03,3.98,4.0,183704
2025-05-01,11:00:00,3.99,4.01,3.98,3.99,52414
2025-05-01,12:00:00,4.0,4.0,3.98,4.0,63591
2025-05-01,13:00:00,4.0,4.0,3.99,4.0,16657
2025-05-01,14:00:00,4.0,4.02,3.98,4.02,71833
2025-05-01,15:00:00,4.03,4.03,4.03,4.03,8091
2025-05-04,10:00:00,4.03,4.03,4.0,4.03,57320
2025-05-04,11:00:00,4.03,4.04,4.0,4.0,61214
2025-05-04,12:00:00,4.0,4.01,3.99,3.99,89590
2025-05-04,13:00:00,4.0,4.0,3.97,4.0,79352
2025-05-04,14:00:00,3.99,4.0,3.98,3.99,31806
2025-05-04,15:00:00,3.98,3.98,3.98,3.98,2539
2025-05-05,10:00:00,3.97,3.99,3.95,3.96,153815
2025-05-05,11:00:00,3.96,4.0,3.95,3.98,103972
2025-05-05,12:00:00,3.98,3.99,3.95,3.98,126453
2025-05-05,13:00:00,3.98,4.0,3.97,3.99,89192
2025-05-05,14:00:00,3.98,4.02,3.98,3.99,81079
2025-05-05,15:00:00,4.02,4.02,4.02,4.02,4626
2025-05-06,10:00:00,4.02,4.03,3.99,4.0,44246
2025-05-06,11:00:00,4.01,4.02,3.99,4.01,54444
2025-05-06,12:00:00,4.01,4.01,3.99,4.0,56833
2025-05-06,13:00:00,3.99,4.0,3.98,3.98,78271
2025-05-06,14:00:00,3.98,3.98,3.96,3.97,107234
2025-05-06,15:00:00,3.95,3.95,3.95,3.95,9666
2025-05-07,10:00:00,3.96,3.98,3.95,3.96,96965
2025-05-07,11:00:00,3.97,4.16,3.96,4.06,923240
2025-05-07,12:00:00,4.06,4.1,4.04,4.06,387850
2025-05-07,13:00:00,4.06,4.08,4.03,4.06,295590
2025-05-07,14:00:00,4.04,4.05,4.01,4.02,89118
2025-05-07,15:00:00,4.0,4.0,4.0,4.0,16650
2025-05-08,10:00:00,4.0,4.04,4.0,4.01,66784
2025-05-08,11:00:00,4.01,4.04,4.0,4.02,81505
2025-05-08,12:00:00,4.0,4.03,3.99,4.0,26090
2025-05-08,13:00:00,4.0,4.01,3.99,4.01,44950
2025-05-08,14:00:00,4.0,4.02,3.98,4.0,260530
2025-05-08,15:00:00,3.96,3.96,3.96,3.96,54234
2025-05-11,10:00:00,4.27,4.27,4.06,4.11,1474608
2025-05-11,11:00:00,4.12,4.18,4.08,4.18,609744
2025-05-11,12:00:00,4.18,4.19,4.1,4.12,748644
2025-05-11,13:00:00,4.12,4.17,4.11,4.13,438299
2025-05-11,14:00:00,4.13,4.15,4.09,4.1,415185
2025-05-11,15:00:00,4.13,4.13,4.13,4.13,11769
2025-05-12,10:00:00,4.09,4.18,4.09,4.14,506333
2025-05-12,11:00:00,4.14,4.16,4.12,4.14,402864
2025-05-12,12:00:00,4.14,4.23,4.13,4.19,647809
2025-05-12,13:00:00,4.2,4.25,4.19,4.21,1208557
2025-05-12,14:00:00,4.21,4.22,4.18,4.19,283527
2025-05-12,15:00:00,4.21,4.21,4.21,4.21,32021
2025-05-13,10:00:00,4.21,4.23,4.18,4.19,158435
2025-05-13,11:00:00,4.19,4.23,4.18,4.21,278823
2025-05-13,12:00:00,4.21,4.22,4.19,4.2,76488
2025-05-13,13:00:00,4.2,4.21,4.18,4.2,115061
2025-05-13,14:00:00,4.19,4.21,4.18,4.18,275818
2025-05-13,15:00:00,4.19,4.19,4.19,4.19,44623
2025-05-14,10:00:00,4.21,4.26,4.2,4.22,475322
2025-05-14,11:00:00,4.21,4.26,4.2,4.24,182866
2025-05-14,12:00:00,4.24,4.3,4.23,4.27,871101
2025-05-14,13:00:00,4.27,4.27,4.23,4.24,318481
2025-05-14,14:00:00,4.25,4.25,4.22,4.24,260292
2025-05-14,15:00:00,4.25,4.25,4.25,4.25,24159
2025-05-15,10:00:00,4.25,4.25,4.18,4.2,155208
2025-05-15,11:00:00,4.2,4.22,4.18,4.19,96626
2025-05-15,12:00:00,4.2,4.21,4.18,4.19,81812
2025-05-15,13:00:00,4.18,4.2,4.17,4.2,220762
2025-05-15,14:00:00,4.19,4.19,4.17,4.17,104494
2025-05-15,15:00:00,4.17,4.17,4.17,4.17,22590
2025-05-18,10:00:00,4.28,4.28,4.18,4.21,210024
2025-05-18,11:00:00,4.21,4.22,4.19,4.19,112843
2025-05-18,12:00:00,4.2,4.2,4.17,4.17,134397
2025-05-18,13:00:00,4.17,4.19,4.17,4.18,95019
2025-05-18,14:00:00,4.18,4.2,4.17,4.18,79227
2025-05-18,15:00:00,4.17,4.17,4.17,4.17,18363
2025-05-19,10:00:00,4.15,4.18,4.15,4.17,90175
2025-05-19,11:00:00,4.17,4.2,4.15,4.2,196848
2025-05-19,12:00:00,4.2,4.2,4.17,4.17,37722
2025-05-19,13:00:00,4.18,4.19,4.16,4.19,77680
2025-05-19,14:00:00,4.17,4.19,4.16,4.19,95813
2025-05-19,15:00:00,4.18,4.18,4.18,4.18,4527
2025-05-20,10:00:00,4.18,4.2,4.17,4.18,65001
2025-05-20,11:00:00,4.19,4.19,4.15,4.17,74677
2025-05-20,12:00:00,4.17,4.18,4.14,4.15,88636
2025-05-20,13:00:00,4.15,4.18,4.15,4.17,85072
2025-05-20,14:00:00,4.18,4.19,4.16,4.18,51382
2025-05-20,15:00:00,4.17,4.17,4.17,4.17,2146
2025-05-21,10:00:00,4.16,4.18,4.14,4.14,47524
2025-05-21,11:00:00,4.15,4.16,4.14,4.15,116312
2025-05-21,12:00:00,4.15,4.15,4.12,4.13,95153
2025-05-21,13:00:00,4.13,4.14,4.12,4.13,49802
2025-05-21,14:00:00,4.13,4.14,4.11,4.11,70206
2025-05-21,15:00:00,4.12,4.12,4.12,4.12,9403
2025-05-22,10:00:00,4.1,4.14,4.1,4.13,55210
2025-05-22,11:00:00,4.12,4.13,4.1,4.12,88773
2025-05-22,12:00:00,4.12,4.14,4.11,4.12,155397
2025-05-22,13:00:00,4.11,4.13,4.11,4.12,30356
2025-05-22,14:00:00,4.13,4.14,4.11,4.12,49470
2025-05-22,15:00:00,4.13,4.13,4.13,4.13,12445
2025-05-25,10:00:00,4.18,4.18,4.1,4.12,180828
2025-05-25,11:00:00,4.12,4.12,4.06,4.07,136359
2025-05-25,12:00:00,4.06,4.08,4.03,4.04,272840
2025-05-25,13:00:00,4.04,4.07,4.04,4.07,50867
2025-05-25,14:00:00,4.07,4.07,4.03,4.03,184859
2025-05-25,15:00:00,4.03,4.03,4.03,4.03,14840
2025-05-26,10:00:00,4.0,4.08,4.0,4.04,170487
2025-05-26,11:00:00,4.03,4.03,3.98,4.0,515492
2025-05-26,12:00:00,4.0,4.0,3.95,3.96,154587
2025-05-26,13:00:00,3.97,3.97,3.91,3.95,306302
2025-05-26,14:00:00,3.95,4.02,3.93,4.0,265757
2025-05-26,15:00:00,3.98,3.98,3.98,3.98,11083
2025-05-27,10:00:00,3.98,4.0,3.96,4.0,87359
2025-05-27,11:00:00,4.0,4.01,3.94,3.95,192636
2025-05-27,12:00:00,3.95,3.97,3.94,3.95,73429
2025-05-27,13:00:00,3.95,3.96,3.92,3.94,70081
2025-05-27,14:00:00,3.94,3.96,3.93,3.95,79347
2025-05-27,15:00:00,3.96,3.96,3.96,3.96,11199
2025-05-28,10:00:00,4.0,4.01,3.97,4.0,90163
2025-05-28,11:00:00,4.0,4.02,3.98,3.99,72688
2025-05-28,12:00:00,3.99,4.01,3.98,4.0,106426
2025-05-28,13:00:00,4.0,4.03,4.0,4.03,123702
2025-05-28,14:00:00,4.01,4.02,3.97,3.97,104271
2025-05-28,15:00:00,3.98,3.98,3.98,3.98,4532
2025-05-29,10:00:00,4.0,4.05,3.99,4.03,46756
2025-05-29,11:00:00,4.04,4.04,4.0,4.0,94110
2025-05-29,12:00:00,4.0,4.02,3.98,4.0,176744
2025-05-29,13:00:00,4.0,4.0,3.97,3.99,65321
2025-05-29,14:00:00,3.99,4.0,3.96,4.0,185596
2025-05-29,15:00:00,4.02,4.02,4.02,4.02,107048
2025-06-01,10:00:00,4.0,4.02,3.94,3.94,57002
2025-06-01,11:00:00,3.95,3.96,3.94,3.96,49706
2025-06-01,12:00:00,3.96,3.98,3.94,3.95,38976
2025-06-01,13:00:00,3.96,3.96,3.9,3.95,156324
2025-06-01,14:00:00,3.95,3.96,3.93,3.94,36214
2025-06-01,15:00:00,3.99,3.99,3.99,3.99,7116
2025-06-02,10:00:00,3.98,3.98,3.95,3.98,59996
2025-06-02,11:00:00,3.98,3.98,3.92,3.93,155113
2025-06-02,12:00:00,3.93,3.95,3.92,3.95,136689
2025-06-02,13:00:00,3.95,3.96,3.92,3.94,122097
2025-06-02,14:00:00,3.94,3.95,3.92,3.92,139049
2025-06-02,15:00:00,3.95,3.95,3.95,3.95,6871
2025-06-03,10:00:00,3.96,3.96,3.92,3.93,27814
2025-06-03,11:00:00,3.94,3.95,3.94,3.95,9117
2025-06-03,12:00:00,3.94,3.96,3.94,3.95,9332
2025-06-03,13:00:00,3.94,3.95,3.94,3.95,46164
2025-06-03,14:00:00,3.95,3.95,3.94,3.94,26041
2025-06-03,15:00:00,3.94,3.94,3.94,3.94,18197
2025-06-04,10:00:00,3.92,3.99,3.92,3.98,71109
2025-06-04,11:00:00,3.98,4.01,3.96,3.99,59694
2025-06-04,12:00:00,4.0,4.02,3.99,4.01,49653
2025-06-04,13:00:00,4.01,4.03,4.0,4.0,173351
2025-06-04,14:00:00,4.01,4.02,3.99,4.01,67451
2025-06-04,15:00:00,4.0,4.0,4.0,4.0,8363
2025-06-11,10:00:00,4.01,4.02,3.98,4.02,153906
2025-06-11,11:00:00,4.02,4.02,4.01,4.02,32033
2025-06-11,12:00:00,4.02,4.05,4.02,4.04,35236
2025-06-11,13:00:00,4.04,4.04,4.01,4.02,65589
2025-06-11,14:00:00,4.01,4.05,4.01,4.04,95273
2025-06-11,15:00:00,4.05,4.05,4.05,4.05,19461
2025-06-12,10:00:00,4.02,4.02,3.93,3.98,145534
2025-06-12,11:00:00,3.98,3.99,3.97,3.97,148505
2025-06-12,12:00:00,3.97,3.99,3.94,3.97,314222
2025-06-12,13:00:00,3.96,3.98,3.94,3.96,62420
2025-06-12,14:00:00,3.98,4.0,3.95,3.97,166565
2025-06-12,15:00:00,3.97,3.97,3.97,3.97,9457
2025-06-15,10:00:00,3.78,3.87,3.71,3.83,403886
2025-06-15,11:00:00,3.83,3.83,3.78,3.78,52511
2025-06-15,12:00:00,3.79,3.81,3.77,3.78,255093
2025-06-15,13:00:00,3.78,3.85,3.77,3.8,140985
2025-06-15,14:00:00,3.8,3.81,3.73,3.77,355836
2025-06-15,15:00:00,3.75,3.75,3.75,3.75,71847
2025-06-16,10:00:00,3.78,3.84,3.78,3.83,129823
2025-06-16,11:00:00,3.83,3.87,3.82,3.84,72555
2025-06-16,12:00:00,3.83,3.87,3.8,3.86,145544
2025-06-16,13:00:00,3.87,3.87,3.84,3.85,83150
2025-06-16,14:00:00,3.85,3.86,3.8,3.81,308497
2025-06-16,15:00:00,3.81,3.81,3.81,3.81,8553
2025-06-17,10:00:00,3.81,3.84,3.77,3.83,86657
2025-06-17,11:00:00,3.82,3.84,3.8,3.82,48958
2025-06-17,12:00:00,3.81,3.83,3.78,3.8,168229
2025-06-17,13:00:00,3.8,3.83,3.78,3.79,153203
2025-06-17,14:00:00,3.79,3.8,3.78,3.78,92106
2025-06-17,15:00:00,3.78,3.78,3.78,3.78,18899
2025-06-18,10:00:00,3.79,3.79,3.71,3.74,241866
2025-06-18,11:00:00,3.75,3.76,3.72,3.76,42805
2025-06-18,12:00:00,3.76,3.77,3.74,3.75,21986
2025-06-18,13:00:00,3.76,3.77,3.74,3.76,117255
2025-06-18,14:00:00,3.75,3.76,3.69,3.7,245203
2025-06-18,15:00:00,3.7,3.7,3.7,3.7,2864
2025-06-19,10:00:00,3.71,3.74,3.67,3.71,44695
2025-06-19,11:00:00,3.72,3.75,3.72,3.74,49829
2025-06-19,12:00:00,3.74,3.8,3.73,3.77,99231
2025-06-19,13:00:00,3.77,3.78,3.73,3.74,291769
2025-06-19,14:00:00,3.74,3.76,3.73,3.76,14172
2025-06-19,15:00:00,3.74,3.74,3.74,3.74,2191
2025-06-22,10:00:00,3.78,3.87,3.78,3.82,226440
2025-06-22,11:00:00,3.83,3.83,3.8,3.83,54574
2025-06-22,12:00:00,3.83,3.87,3.83,3.85,117591
2025-06-22,13:00:00,3.84,3.85,3.81,3.84,53375
2025-06-22,14:00:00,3.84,3.84,3.81,3.83,31674
2025-06-22,15:00:00,3.82,3.82,3.82,3.82,4504
2025-06-23,10:00:00,3.83,3.9,3.83,3.88,153066
2025-06-23,11:00:00,3.89,3.89,3.87,3.87,63331
2025-06-23,12:00:00,3.88,3.93,3.85,3.9,245733
2025-06-23,13:00:00,3.91,3.91,3.88,3.88,16202
2025-06-23,14:00:00,3.89,3.93,3.89,3.91,186892
2025-06-23,15:00:00,3.91,3.91,3.91,3.91,59195
2025-06-24,10:00:00,3.96,4.03,3.96,3.99,480995
2025-06-24,11:00:00,4.0,4.01,3.96,4.0,149510
2025-06-24,12:00:00,4.0,4.02,3.99,4.0,180173
2025-06-24,13:00:00,4.0,4.01,3.98,4.0,370486
2025-06-24,14:00:00,4.01,4.02,3.99,4.0,178832
2025-06-24,15:00:00,4.0,4.0,4.0,4.0,28469
2025-06-25,10:00:00,4.01,4.03,4.0,4.02,55031
2025-06-25,11:00:00,4.02,4.04,3.99,3.99,218952
2025-06-25,12:00:00,4.0,4.0,3.98,4.0,70423
2025-06-25,13:00:00,3.99,4.0,3.96,3.98,225048
2025-06-25,14:00:00,3.97,4.01,3.97,3.98,134518
2025-06-25,15:00:00,3.98,3.98,3.98,3.98,14195
2025-06-26,10:00:00,4.01,4.01,3.98,4.0,56053
2025-06-26,11:00:00,3.99,4.04,3.97,4.04,456427
2025-06-26,12:00:00,4.04,4.05,4.02,4.04,166099
2025-06-26,13:00:00,4.03,4.06,4.03,4.06,142534
2025-06-26,14:00:00,4.05,4.16,4.05,4.07,599230
2025-06-26,15:00:00,4.09,4.09,4.09,4.09,16312
2025-06-29,10:00:00,4.09,4.14,4.04,4.09,383068
2025-06-29,11:00:00,4.08,4.11,4.07,4.11,136910
2025-06-29,12:00:00,4.1,4.1,4.09,4.1,21114
2025-06-29,13:00:00,4.1,4.1,4.09,4.09,72515
2025-06-29,14:00:00,4.09,4.13,4.09,4.12,146990
2025-06-29,15:00:00,4.13,4.13,4.13,4.13,8201
2025-06-30,10:00:00,4.13,4.15,4.1,4.13,177225
2025-06-30,11:00:00,4.12,4.14,4.09,4.1,113388
2025-06-30,12:00:00,4.1,4.12,4.09,4.11,89066
2025-06-30,13:00:00,4.11,4.12,4.09,4.11,47162
2025-06-30,14:00:00,4.11,4.11,4.09,4.1,86990
2025-06-30,15:00:00,4.09,4.09,4.09,4.09,21896
2025-07-01,10:00:00,4.11,4.15,4.09,4.12,214854
2025-07-01,11:00:00,4.12,4.12,4.1,4.11,66851
2025-07-01,12:00:00,4.11,4.12,4.1,4.12,80412
2025-07-01,13:00:00,4.11,4.12,4.1,4.1,139931
2025-07-01,14:00:00,4.1,4.11,4.1,4.11,183173
2025-07-01,15:00:00,4.12,4.12,4.12,4.12,48242
2025-07-02,10:00:00,4.15,4.17,4.1,4.12,421211
2025-07-02,11:00:00,4.13,4.19,4.12,4.16,522880
2025-07-02,12:00:00,4.15,4.16,4.14,4.15,67743
2025-07-02,13:00:00,4.15,4.15,4.12,4.13,87598
2025-07-02,14:00:00,4.13,4.17,4.13,4.17,155589
2025-07-02,15:00:00,4.16,4.16,4.16,4.16,31445
2025-07-03,10:00:00,4.17,4.17,4.14,4.14,109314
2025-07-03,11:00:00,4.16,4.17,4.14,4.17,46627
2025-07-03,12:00:00,4.17,4.18,4.16,4.17,97721
2025-07-03,13:00:00,4.17,4.22,4.16,4.17,494745
2025-07-03,14:00:00,4.16,4.19,4.15,4.17,163998
2025-07-03,15:00:00,4.18,4.18,4.18,4.18,10015
2025-07-06,10:00:00,4.16,4.17,4.13,4.15,127377
2025-07-06,11:00:00,4.14,4.17,4.13,4.16,175556
2025-07-06,12:00:00,4.16,4.17,4.13,4.17,42901
2025-07-06,13:00:00,4.16,4.17,4.15,4.15,58751
2025-07-06,14:00:00,4.17,4.19,4.15,4.19,83407
2025-07-06,15:00:00,4.18,4.18,4.18,4.18,6741
2025-07-07,10:00:00,4.18,4.22,4.15,4.19,329549
2025-07-07,11:00:00,4.17,4.21,4.17,4.2,159909
2025-07-07,12:00:00,4.2,4.21,4.17,4.2,131434
2025-07-07,13:00:00,4.21,4.21,4.18,4.2,178022
2025-07-07,14:00:00,4.2,4.24,4.19,4.2,497540
2025-07-07,15:00:00,4.21,4.21,4.21,4.21,7686
2025-07-08,10:00:00,4.23,4.23,4.18,4.21,165830
2025-07-08,11:00:00,4.22,4.22,4.19,4.2,37188
2025-07-08,12:00:00,4.2,4.21,4.18,4.19,116643
2025-07-08,13:00:00,4.19,4.21,4.19,4.2,120498
2025-07-08,14:00:00,4.2,4.21,4.17,4.18,184899
2025-07-08,15:00:00,4.18,4.18,4.18,4.18,10729
2025-07-09,10:00:00,4.18,4.18,4.15,4.17,63469
2025-07-09,11:00:00,4.18,4.2,4.16,4.17,69608
2025-07-09,12:00:00,4.18,4.19,4.17,4.17,45884
2025-07-09,13:00:00,4.18,4.2,4.17,4.19,83793
2025-07-09,14:00:00,4.19,4.2,4.18,4.19,117503
2025-07-09,15:00:00,4.18,4.18,4.18,4.18,17048
2025-07-10,10:00:00,4.18,4.23,4.18,4.2,105818
2025-07-10,11:00:00,4.2,4.22,4.19,4.19,57542
2025-07-10,12:00:00,4.2,4.2,4.18,4.19,23648
2025-07-10,13:00:00,4.2,4.21,4.19,4.2,62542
2025-07-10,14:00:00,4.2,4.22,4.19,4.2,86650
2025-07-10,15:00:00,4.2,4.2,4.2,4.2,25305
2025-07-13,10:00:00,4.2,4.22,4.18,4.19,74974
2025-07-13,11:00:00,4.19,4.21,4.18,4.2,50585
2025-07-13,12:00:00,4.2,4.22,4.18,4.2,110865
2025-07-13,13:00:00,4.19,4.23,4.18,4.2,269634
2025-07-13,14:00:00,4.2,4.21,4.16,4.18,118037
2025-07-13,15:00:00,4.17,4.17,4.17,4.17,36940
2025-07-14,10:00:00,4.18,4.18,4.12,4.13,63257
2025-07-14,11:00:00,4.13,4.15,4.12,4.15,54181
2025-07-14,12:00:00,4.15,4.16,4.12,4.13,59075
2025-07-14,13:00:00,4.14,4.16,4.13,4.15,19637
2025-07-14,14:00:00,4.15,4.18,4.14,4.18,54743
2025-07-14,15:00:00,4.18,4.18,4.18,4.18,11358
2025-07-15,10:00:00,4.19,4.19,4.16,4.16,41984
2025-07-15,11:00:00,4.16,4.17,4.14,4.14,62204
2025-07-15,12:00:00,4.14,4.15,4.11,4.12,138654
2025-07-15,13:00:00,4.12,4.16,4.11,4.15,77073
2025-07-15,14:00:00,4.14,4.15,4.12,4.15,167623
2025-07-15,15:00:00,4.13,4.13,4.13,4.13,63547
2025-07-16,10:00:00,4.1,4.17,4.1,4.17,79097
2025-07-16,11:00:00,4.17,4.17,4.14,4.15,92123
2025-07-16,12:00:00,4.16,4.16,4.14,4.14,100743
2025-07-16,13:00:00,4.15,4.16,4.11,4.11,132789
2025-07-16,14:00:00,4.12,4.13,4.11,4.13,40625
2025-07-16,15:00:00,4.13,4.13,4.13,4.13,5411
2025-07-17,10:00:00,4.11,4.13,4.09,4.1,45332
2025-07-17,11:00:00,4.09,4.13,4.08,4.12,133967
2025-07-17,12:00:00,4.13,4.13,4.1,4.1,45715
2025-07-17,13:00:00,4.1,4.13,4.1,4.12,32301
2025-07-17,14:00:00,4.13,4.15,4.11,4.13,124370
2025-07-17,15:00:00,4.15,4.15,4.15,4.15,63396
2025-07-20,10:00:00,4.15,4.17,4.12,4.14,194037
2025-07-20,11:00:00,4.15,4.15,4.08,4.13,100561
2025-07-20,12:00:00,4.12,4.12,4.08,4.09,61286
2025-07-20,13:00:00,4.09,4.09,4.07,4.07,43438
2025-07-20,14:00:00,4.08,4.09,4.07,4.07,77770
2025-07-20,15:00:00,4.07,4.07,4.07,4.07,5743
2025-07-21,10:00:00,4.06,4.06,4.02,4.04,97444
2025-07-21,11:00:00,4.04,4.07,4.04,4.05,33470
2025-07-21,12:00:00,4.05,4.05,4.03,4.05,47342
2025-07-21,13:00:00,4.05,4.06,4.03,4.05,55798
2025-07-21,14:00:00,4.05,4.07,4.04,4.04,52155
2025-07-21,15:00:00,4.04,4.04,4.04,4.04,20504
2025-07-22,10:00:00,4.04,4.06,3.99,4.01,142107
2025-07-22,11:00:00,4.02,4.02,3.98,4.0,46755
2025-07-22,12:00:00,4.0,4.02,4.0,4.01,29697
2025-07-22,13:00:00,4.01,4.01,3.97,4.0,119806
2025-07-22,14:00:00,4.0,4.0,3.98,3.98,51247
2025-07-22,15:00:00,3.98,3.98,3.98,3.98,31558
2025-07-23,10:00:00,3.95,4.0,3.94,3.99,225777
2025-07-23,11:00:00,3.98,4.03,3.98,4.0,363821
2025-07-23,12:00:00,4.01,4.02,3.99,4.0,92446
2025-07-23,13:00:00,3.99,4.03,3.99,4.03,301867
2025-07-23,14:00:00,4.03,4.04,4.01,4.01,111878
2025-07-23,15:00:00,4.04,4.04,4.04,4.04,11277
2025-07-24,10:00:00,4.04,4.05,4.0,4.02,130329
2025-07-24,11:00:00,4.01,4.03,4.0,4.02,56142
2025-07-24,12:00:00,4.02,4.03,4.0,4.01,93463
2025-07-24,13:00:00,4.0,4.04,4.0,4.03,110985
2025-07-24,14:00:00,4.03,4.07,4.02,4.06,258155
2025-07-24,15:00:00,4.03,4.03,4.03,4.03,11749
2025-07-27,10:00:00,4.03,4.09,4.02,4.07,100862
2025-07-27,11:00:00,4.08,4.09,4.06,4.07,29813
2025-07-27,12:00:00,4.07,4.1,4.06,4.09,135377
2025-07-27,13:00:00,4.09,4.1,4.05,4.06,238796
2025-07-27,14:00:00,4.07,4.08,4.04,4.08,186335
2025-07-27,15:00:00,4.07,4.07,4.07,4.07,9015
2025-07-28,10:00:00,3.99,4.02,3.96,3.97,193823
2025-07-28,11:00:00,3.97,3.99,3.96,3.98,103187
2025-07-28,12:00:00,3.97,3.98,3.93,3.94,225117
2025-07-28,13:00:00,3.94,3.96,3.91,3.93,156006
2025-07-28,14:00:00,3.93,3.94,3.9,3.91,299164
2025-07-28,15:00:00,3.91,3.91,3.91,3.91,14030
2025-07-29,10:00:00,3.91,3.91,3.87,3.88,175440
2025-07-29,11:00:00,3.88,3.9,3.88,3.9,57667
2025-07-29,12:00:00,3.88,3.89,3.88,3.89,51039
2025-07-29,13:00:00,3.89,3.9,3.87,3.88,62536
2025-07-29,14:00:00,3.89,3.9,3.87,3.87,223380
2025-07-29,15:00:00,3.88,3.88,3.88,3.88,24137
2025-07-30,10:00:00,3.9,3.92,3.86,3.91,85761
2025-07-30,11:00:00,3.91,3.91,3.85,3.85,103789
2025-07-30,12:00:00,3.85,3.87,3.85,3.86,161440
2025-07-30,13:00:00,3.86,3.86,3.82,3.84,312614
2025-07-30,14:00:00,3.84,3.85,3.82,3.85,201176
2025-07-30,15:00:00,3.85,3.85,3.85,3.85,14325
2025-07-31,10:00:00,3.87,3.88,3.84,3.85,64936
2025-07-31,11:00:00,3.85,3.87,3.84,3.86,40260
2025-07-31,12:00:00,3.86,3.86,3.83,3.84,34809
2025-07-31,13:00:00,3.84,3.84,3.8,3.82,236885
2025-07-31,14:00:00,3.81,3.83,3.81,3.82,157690
2025-07-31,15:00:00,3.82,3.82,3.82,3.82,16301
2025-08-03,10:00:00,3.8,3.81,3.77,3.77,114202
2025-08-03,11:00:00,3.77,3.8,3.75,3.79,132882
2025-08-03,12:00:00,3.77,3.79,3.77,3.79,31658
2025-08-03,13:00:00,3.78,3.82,3.78,3.82,69182
2025-08-03,14:00:00,3.81,3.9,3.81,3.87,109731
2025-08-03,15:00:00,3.86,3.86,3.86,3.86,12799
2025-08-04,10:00:00,3.86,3.9,3.81,3.86,57247
2025-08-04,11:00:00,3.86,3.86,3.83,3.83,100028
2025-08-04,12:00:00,3.84,3.85,3.83,3.85,36481
2025-08-04,13:00:00,3.85,3.88,3.84,3.87,231734
2025-08-04,14:00:00,3.87,3.87,3.85,3.85,80951
2025-08-04,15:00:00,3.86,3.86,3.86,3.86,13407
2025-08-05,10:00:00,3.87,3.87,3.85,3.86,153092
2025-08-05,11:00:00,3.86,3.87,3.85,3.85,129997
2025-08-05,12:00:00,3.85,3.85,3.82,3.84,76885
2025-08-05,13:00:00,3.83,3.85,3.81,3.84,207804
2025-08-05,14:00:00,3.84,3.85,3.84,3.84,100350
2025-08-05,15:00:00,3.84,3.84,3.84,3.84,47307
2025-08-06,10:00:00,3.87,3.87,3.85,3.85,89197
2025-08-06,11:00:00,3.86,3.86,3.84,3.85,193202
2025-08-06,12:00:00,3.85,3.87,3.85,3.85,42271
2025-08-06,13:00:00,3.85,3.87,3.83,3.86,231325
2025-08-06,14:00:00,3.85,3.86,3.84,3.84,57909
2025-08-06,15:00:00,3.84,3.84,3.84,3.84,3900
2025-08-07,10:00:00,3.86,3.9,3.85,3.87,214292
2025-08-07,11:00:00,3.87,3.88,3.85,3.86,84699
2025-08-07,12:00:00,3.85,3.85,3.84,3.84,86878
2025-08-07,13:00:00,3.84,3.85,3.83,3.84,50976
2025-08-07,14:00:00,3.84,3.84,3.82,3.83,219413
2025-08-07,15:00:00,3.83,3.83,3.83,3.83,15736
2025-08-10,10:00:00,3.87,3.87,3.82,3.83,67948
2025-08-10,11:00:00,3.83,3.84,3.81,3.84,56920
2025-08-10,12:00:00,3.84,3.84,3.81,3.82,46552
2025-08-10,13:00:00,3.82,3.83,3.8,3.81,46241
2025-08-10,14:00:00,3.8,3.82,3.78,3.8,114440
2025-08-10,15:00:00,3.79,3.79,3.79,3.79,4907
2025-08-11,10:00:00,3.78,3.8,3.76,3.77,155887
2025-08-11,11:00:00,3.76,3.78,3.75,3.75,137626
2025-08-11,12:00:00,3.76,3.76,3.73,3.75,154155
2025-08-11,13:00:00,3.76,3.77,3.75,3.75,69649
2025-08-11,14:00:00,3.75,3.76,3.73,3.73,119522
2025-08-11,15:00:00,3.73,3.73,3.73,3.73,21091
2025-08-12,10:00:00,3.74,3.77,3.73,3.77,113537
2025-08-12,11:00:00,3.76,3.77,3.74,3.76,39181
2025-08-12,12:00:00,3.75,3.76,3.73,3.73,46414
2025-08-12,13:00:00,3.74,3.76,3.73,3.74,36401
2025-08-12,14:00:00,3.75,3.77,3.73,3.75,50622
2025-08-12,15:00:00,3.75,3.75,3.75,3.75,102972
2025-08-13,10:00:00,3.75,3.75,3.72,3.73,122598
2025-08-13,11:00:00,3.73,3.74,3.72,3.72,81366
2025-08-13,12:00:00,3.73,3.74,3.71,3.72,148484
2025-08-13,13:00:00,3.72,3.73,3.7,3.72,152496
2025-08-13,14:00:00,3.72,3.72,3.7,3.72,108370
2025-08-13,15:00:00,3.7,3.7,3.7,3.7,14584
2025-08-14,10:00:00,3.71,3.72,3.69,3.7,80779
2025-08-14,11:00:00,3.69,3.7,3.68,3.69,115539
2025-08-14,12:00:00,3.69,3.71,3.68,3.71,74507
2025-08-14,13:00:00,3.7,3.72,3.7,3.71,104480
2025-08-14,14:00:00,3.71,3.72,3.68,3.7,187470
2025-08-14,15:00:00,3.67,3.67,3.67,3.67,49506
2025-08-17,10:00:00,3.68,3.72,3.68,3.71,47263
2025-08-17,11:00:00,3.71,3.73,3.7,3.72,70539
2025-08-17,12:00:00,3.73,3.73,3.71,3.72,24443
2025-08-17,13:00:00,3.72,3.74,3.7,3.74,82786
2025-08-17,14:00:00,3.74,3.74,3.72,3.73,37599
2025-08-17,15:00:00,3.72,3.72,3.72,3.72,821
2025-08-18,10:00:00,3.7,3.73,3.7,3.7,164787
2025-08-18,11:00:00,3.7,3.72,3.7,3.7,121514
2025-08-18,12:00:00,3.7,3.72,3.7,3.71,124871
2025-08-18,13:00:00,3.71,3.72,3.68,3.71,211954
2025-08-18,14:00:00,3.71,3.71,3.69,3.69,140271
2025-08-18,15:00:00,3.68,3.68,3.68,3.68,30733
2025-08-19,10:00:00,3.68,3.7,3.65,3.66,235132
2025-08-19,11:00:00,3.66,3.67,3.65,3.67,102827
2025-08-19,12:00:00,3.67,3.7,3.66,3.7,242265
2025-08-19,13:00:00,3.69,3.7,3.67,3.7,184959
2025-08-19,14:00:00,3.69,3.74,3.69,3.72,237710
2025-08-19,15:00:00,3.7,3.7,3.7,3.7,9663
2025-08-20,10:00:00,3.7,3.81,3.7,3.73,476320
2025-08-20,11:00:00,3.73,3.75,3.71,3.72,135902
2025-08-20,12:00:00,3.73,3.75,3.72,3.72,103306
2025-08-20,13:00:00,3.73,3.74,3.72,3.72,36401
2025-08-20,14:00:00,3.73,3.73,3.71,3.71,129384
2025-08-20,15:00:00,3.7,3.7,3.7,3.7,26749
2025-08-21,10:00:00,3.74,3.74,3.7,3.72,106161
2025-08-21,11:00:00,3.72,3.72,3.7,3.72,88179
2025-08-21,12:00:00,3.72,3.72,3.68,3.69,272273
2025-08-21,13:00:00,3.69,3.7,3.68,3.69,206648
2025-08-21,14:00:00,3.7,3.7,3.67,3.68,171637
2025-08-21,15:00:00,3.69,3.69,3.69,3.69,8347
2025-08-24,10:00:00,3.71,3.74,3.71,3.73,167501
2025-08-24,11:00:00,3.73,3.75,3.73,3.73,84858
2025-08-24,12:00:00,3.74,3.75,3.73,3.73,80245
2025-08-24,13:00:00,3.73,3.74,3.72,3.73,58243
2025-08-24,14:00:00,3.73,3.74,3.72,3.74,105331
2025-08-24,15:00:00,3.73,3.73,3.73,3.73,3400
2025-08-25,10:00:00,3.72,3.75,3.71,3.72,183077
2025-08-25,11:00:00,3.71,3.74,3.71,3.73,69047
2025-08-25,12:00:00,3.73,3.73,3.72,3.72,23228
2025-08-25,13:00:00,3.73,3.79,3.72,3.76,380745
2025-08-25,14:00:00,3.75,3.76,3.73,3.76,90972
2025-08-25,15:00:00,3.74,3.74,3.74,3.74,19889
2025-08-26,10:00:00,3.74,3.75,3.73,3.74,62919
2025-08-26,11:00:00,3.74,3.75,3.72,3.75,36004
2025-08-26,12:00:00,3.73,3.74,3.72,3.73,63137
2025-08-26,13:00:00,3.73,3.75,3.71,3.73,324256
2025-08-26,14:00:00,3.74,3.75,3.72,3.74,75505
2025-08-26,15:00:00,3.74,3.74,3.74,3.74,2395311
2025-08-27,10:00:00,3.76,3.77,3.74,3.76,129540
2025-08-27,11:00:00,3.77,3.8,3.76,3.78,271530
2025-08-27,12:00:00,3.77,3.84,3.77,3.79,361527
2025-08-27,13:00:00,3.79,3.8,3.77,3.8,105844
2025-08-27,14:00:00,3.79,3.8,3.77,3.8,76333
2025-08-27,15:00:00,3.77,3.77,3.77,3.77,51467
2025-08-28,10:00:00,3.78,3.8,3.76,3.76,140721
2025-08-28,11:00:00,3.78,3.8,3.76,3.78,111429
2025-08-28,12:00:00,3.79,3.79,3.75,3.77,51658
2025-08-28,13:00:00,3.77,3.77,3.74,3.74,92369
2025-08-28,14:00:00,3.76,3.76,3.74,3.76,41606
2025-08-28,15:00:00,3.75,3.75,3.75,3.75,41806
2025-08-31,10:00:00,3.74,3.76,3.72,3.72,40945
2025-08-31,11:00:00,3.73,3.74,3.71,3.72,40825
2025-08-31,12:00:00,3.72,3.73,3.7,3.71,85766
2025-08-31,13:00:00,3.71,3.73,3.69,3.71,149487
2025-08-31,14:00:00,3.7,3.72,3.67,3.72,296832
2025-08-31,15:00:00,3.72,3.72,3.72,3.72,2763
2025-09-01,10:00:00,3.72,3.72,3.68,3.69,64355
2025-09-01,11:00:00,3.69,3.7,3.66,3.67,106009
2025-09-01,12:00:00,3.68,3.69,3.67,3.69,94315
2025-09-01,13:00:00,3.69,3.69,3.62,3.63,257028
2025-09-01,14:00:00,3.63,3.65,3.62,3.64,111313
2025-09-01,15:00:00,3.64,3.64,3.64,3.64,2883
2025-09-02,10:00:00,3.66,3.66,3.62,3.63,96297
2025-09-02,11:00:00,3.64,3.64,3.62,3.62,61582
2025-09-02,12:00:00,3.63,3.63,3.61,3.63,66651
2025-09-02,13:00:00,3.63,3.67,3.62,3.66,104266
2025-09-02,14:00:00,3.66,3.67,3.63,3.66,56929
2025-09-02,15:00:00,3.65,3.65,3.65,3.65,15826
2025-09-03,10:00:00,3.67,3.68,3.65,3.66,107023
2025-09-03,11:00:00,3.67,3.69,3.66,3.67,87947
2025-09-03,12:00:00,3.68,3.68,3.65,3.67,49197
2025-09-03,13:00:00,3.67,3.67,3.65,3.65,33416
2025-09-03,14:00:00,3.65,3.67,3.63,3.65,102480
2025-09-03,15:00:00,3.65,3.65,3.65,3.65,1722
2025-09-04,10:00:00,3.65,3.68,3.65,3.67,29679
2025-09-04,11:00:00,3.67,3.67,3.64,3.66,59503
2025-09-04,12:00:00,3.65,3.66,3.61,3.62,183395
2025-09-04,13:00:00,3.63,3.64,3.61,3.62,72119
2025-09-04,14:00:00,3.62,3.64,3.6,3.6,133764
2025-09-04,15:00:00,3.6,3.6,3.6,3.6,1723
2025-09-07,10:00:00,3.6,3.63,3.59,3.61,86025
2025-09-07,11:00:00,3.61,3.62,3.59,3.6,18543
2025-09-07,12:00:00,3.6,3.6,3.58,3.58,45099
2025-09-07,13:00:00,3.58,3.61,3.58,3.61,67863
2025-09-07,14:00:00,3.61,3.62,3.58,3.62,68656
2025-09-07,15:00:00,3.61,3.61,3.61,3.61,4146
2025-09-08,10:00:00,3.61,3.61,3.52,3.6,84099
2025-09-08,11:00:00,3.6,3.61,3.59,3.59,51705
2025-09-08,12:00:00,3.59,3.6,3.54,3.57,132797
2025-09-08,13:00:00,3.57,3.57,3.53,3.57,352577
2025-09-08,14:00:00,3.56,3.59,3.49,3.52,915087
2025-09-08,15:00:00,3.53,3.53,3.53,3.53,20905
2025-09-09,10:00:00,3.55,3.57,3.53,3.56,51400
2025-09-09,11:00:00,3.56,3.59,3.55,3.58,82020
2025-09-09,12:00:00,3.56,3.58,3.56,3.58,49715
2025-09-09,13:00:00,3.58,3.58,3.55,3.58,77495
2025-09-09,14:00:00,3.59,3.61,3.57,3.6,131624
2025-09-09,15:00:00,3.58,3.58,3.58,3.58,16346
2025-09-10,10:00:00,3.63,3.63,3.55,3.57,100548
2025-09-10,11:00:00,3.58,3.59,3.57,3.57,40825
2025-09-10,12:00:00,3.57,3.6,3.56,3.6,78004
2025-09-10,13:00:00,3.58,3.59,3.57,3.58,23383
2025-09-10,14:00:00,3.57,3.59,3.55,3.58,140477
2025-09-10,15:00:00,3.54,3.54,3.54,3.54,728
2025-09-11,10:00:00,3.54,3.6,3.54,3.58,44654
2025-09-11,11:00:00,3.58,3.58,3.55,3.57,84888
2025-09-11,12:00:00,3.56,3.57,3.54,3.56,93362
2025-09-11,13:00:00,3.56,3.58,3.55,3.58,138889
2025-09-11,14:00:00,3.57,3.58,3.54,3.54,174904
2025-09-11,15:00:00,3.56,3.56,3.56,3.56,7750
2025-09-14,10:00:00,3.56,3.57,3.5,3.52,180162
2025-09-14,11:00:00,3.54,3.54,3.5,3.52,57798
2025-09-14,12:00:00,3.52,3.54,3.5,3.52,153419
2025-09-14,13:00:00,3.52,3.56,3.52,3.53,48974
2025-09-14,14:00:00,3.54,3.55,3.5,3.51,45170
2025-09-14,15:00:00,3.51,3.51,3.51,3.51,2310
2025-09-15,10:00:00,3.52,3.55,3.51,3.54,61084
2025-09-15,11:00:00,3.55,3.55,3.51,3.52,124126
2025-09-15,12:00:00,3.53,3.54,3.51,3.53,15670
2025-09-15,13:00:00,3.53,3.53,3.5,3.53,68062
2025-09-15,14:00:00,3.53,3.54,3.52,3.52,83159
2025-09-15,15:00:00,3.54,3.54,3.54,3.54,254
2025-09-16,10:00:00,3.54,3.54,3.52,3.53,20861
2025-09-16,11:00:00,3.53,3.55,3.52,3.55,78331
2025-09-16,12:00:00,3.54,3.55,3.54,3.55,22698
2025-09-16,13:00:00,3.55,3.57,3.54,3.57,125395
2025-09-16,14:00:00,3.57,3.58,3.56,3.56,119408
2025-09-16,15:00:00,3.59,3.59,3.59,3.59,10911
2025-09-17,10:00:00,3.59,3.6,3.57,3.59,98568
2025-09-17,11:00:00,3.58,3.59,3.58,3.59,102803
2025-09-17,12:00:00,3.59,3.59,3.58,3.58,46957
2025-09-17,13:00:00,3.59,3.62,3.58,3.62,259336
2025-09-17,14:00:00,3.62,3.64,3.61,3.64,209875
2025-09-17,15:00:00,3.63,3.63,3.63,3.63,11578
2025-09-18,10:00:00,3.64,3.65,3.61,3.62,180472
2025-09-18,11:00:00,3.63,3.64,3.61,3.62,100351
2025-09-18,12:00:00,3.62,3.63,3.6,3.63,225520
2025-09-18,13:00:00,3.64,3.65,3.62,3.64,131799
2025-09-18,14:00:00,3.63,3.65,3.63,3.65,208637
2025-09-18,15:00:00,3.65,3.65,3.65,3.65,75202
2025-09-21,10:00:00,3.66,3.7,3.64,3.7,136432
2025-09-21,11:00:00,3.67,3.7,3.66,3.67,52445
2025-09-21,12:00:00,3.67,3.69,3.67,3.68,61455
2025-09-21,13:00:00,3.68,3.72,3.68,3.7,467438
2025-09-21,14:00:00,3.7,3.72,3.67,3.67,405699
2025-09-21,15:00:00,3.67,3.67,3.67,3.67,71542
2025-09-22,10:00:00,3.67,3.7,3.66,3.67,66744
2025-09-22,11:00:00,3.67,3.67,3.65,3.65,176996
2025-09-22,12:00:00,3.65,3.65,3.63,3.63,301618
2025-09-22,13:00:00,3.63,3.67,3.63,3.65,90979
2025-09-22,14:00:00,3.65,3.66,3.65,3.65,122994
2025-09-22,15:00:00,3.65,3.65,3.65,3.65,8450
2025-09-24,10:00:00,3.66,3.74,3.66,3.7,293640
2025-09-24,11:00:00,3.69,3.74,3.68,3.73,339575
2025-09-24,12:00:00,3.74,3.79,3.73,3.78,434768
2025-09-24,13:00:00,3.77,3.77,3.74,3.75,204013
2025-09-24,14:00:00,3.75,3.85,3.74,3.78,767500
2025-09-24,15:00:00,3.79,3.79,3.79,3.79,14155
2025-09-25,10:00:00,3.82,3.82,3.73,3.73,205888
2025-09-25,11:00:00,3.73,3.74,3.7,3.7,172096
2025-09-25,12:00:00,3.71,3.71,3.67,3.69,231380
2025-09-25,13:00:00,3.69,3.72,3.67,3.71,165993
2025-09-25,14:00:00,3.71,3.71,3.68,3.7,197608
2025-09-25,15:00:00,3.69,3.69,3.69,3.69,12901
2025-09-28,10:00:00,3.71,3.74,3.71,3.73,47799
2025-09-28,11:00:00,3.74,3.74,3.7,3.71,251422
2025-09-28,12:00:00,3.71,3.72,3.69,3.7,165989
2025-09-28,13:00:00,3.7,3.71,3.67,3.7,441052
2025-09-28,14:00:00,3.71,3.71,3.68,3.68,56149
2025-09-28,15:00:00,3.69,3.69,3.69,3.69,6874
2025-09-29,10:00:00,3.7,3.73,3.69,3.73,216690
2025-09-29,11:00:00,3.74,3.76,3.72,3.74,239549
2025-09-29,12:00:00,3.75,3.75,3.74,3.75,33967
2025-09-29,13:00:00,3.75,3.77,3.74,3.76,398994
2025-09-29,14:00:00,3.76,3.79,3.76,3.79,153387
2025-09-29,15:00:00,3.79,3.79,3.79,3.79,1221
2025-09-30,10:00:00,3.77,3.8,3.77,3.78,207015
2025-09-30,11:00:00,3.79,3.8,3.76,3.78,327189
2025-09-30,12:00:00,3.78,3.78,3.75,3.76,283007
2025-09-30,13:00:00,3.76,3.78,3.75,3.77,125693
2025-09-30,14:00:00,3.77,3.78,3.75,3.78,124266
2025-09-30,15:00:00,3.78,3.78,3.78,3.78,26505
2025-10-01,10:00:00,3.78,3.78,3.74,3.76,225289
2025-10-01,11:00:00,3.76,3.76,3.74,3.76,43321
2025-10-01,12:00:00,3.76,3.76,3.75,3.76,80550
2025-10-01,13:00:00,3.75,3.76,3.74,3.74,79797
2025-10-01,14:00:00,3.75,3.76,3.74,3.75,23634
2025-10-01,15:00:00,3.76,3.76,3.76,3.76,2279
2025-10-02,10:00:00,3.77,3.77,3.75,3.76,76839
2025-10-02,11:00:00,3.76,3.76,3.74,3.76,23273
2025-10-02,12:00:00,3.76,3.76,3.74,3.75,66296
2025-10-02,13:00:00,3.75,3.76,3.74,3.75,78633
2025-10-02,14:00:00,3.75,3.76,3.74,3.74,67098
2025-10-02,15:00:00,3.75,3.75,3.75,3.75,7133
2025-10-05,10:00:00,3.75,3.79,3.75,3.78,189789
2025-10-05,11:00:00,3.78,3.78,3.77,3.77,94893
2025-10-05,12:00:00,3.77,3.78,3.76,3.77,51509
2025-10-05,13:00:00,3.77,3.78,3.76,3.77,63625
2025-10-05,14:00:00,3.77,3.79,3.76,3.78,107422
2025-10-05,15:00:00,3.78,3.78,3.78,3.78,607
2025-10-06,10:00:00,3.78,3.8,3.78,3.78,165543
2025-10-06,11:00:00,3.79,3.79,3.76,3.76,157979
2025-10-06,12:00:00,3.76,3.77,3.76,3.77,15516
2025-10-06,13:00:00,3.77,3.78,3.76,3.78,104168
2025-10-06,14:00:00,3.78,3.79,3.77,3.79,57273
2025-10-06,15:00:00,3.78,3.78,3.78,3.78,13040
2025-10-07,10:00:00,3.78,3.79,3.77,3.78,36647
2025-10-07,11:00:00,3.78,3.79,3.78,3.78,57236
2025-10-07,12:00:00,3.79,3.81,3.78,3.8,174467
2025-10-07,13:00:00,3.8,3.81,3.79,3.8,21213
2025-10-07,14:00:00,3.79,3.8,3.78,3.79,71837
2025-10-07,15:00:00,3.8,3.8,3.8,3.8,27104
2025-10-08,10:00:00,3.8,3.81,3.79,3.79,124390
2025-10-08,11:00:00,3.8,3.8,3.77,3.79,227560
2025-10-08,12:00:00,3.78,3.8,3.77,3.79,131189
2025-10-08,13:00:00,3.79,3.79,3.77,3.79,34255
2025-10-08,14:00:00,3.78,3.79,3.77,3.79,32825
2025-10-08,15:00:00,3.79,3.79,3.79,3.79,15185
2025-10-09,10:00:00,3.77,3.79,3.76,3.77,91573
2025-10-09,11:00:00,3.77,3.79,3.76,3.76,48086
2025-10-09,12:00:00,3.76,3.77,3.75,3.76,41930
2025-10-09,13:00:00,3.77,3.77,3.75,3.76,28896
2025-10-09,14:00:00,3.76,3.78,3.75,3.78,102519
2025-10-09,15:00:00,3.78,3.78,3.78,3.78,1417
2025-10-12,10:00:00,3.74,3.75,3.69,3.74,132985
2025-10-12,11:00:00,3.74,3.75,3.73,3.75,48304
2025-10-12,12:00:00,3.75,3.78,3.7,3.75,330987
2025-10-12,13:00:00,3.75,3.76,3.72,3.74,61931
2025-10-12,14:00:00,3.76,3.76,3.71,3.76,116884
2025-10-12,15:00:00,3.75,3.75,3.75,3.75,14843
2025-10-13,10:00:00,3.76,3.77,3.76,3.76,81035
2025-10-13,11:00:00,3.77,3.79,3.75,3.77,156993
2025-10-13,12:00:00,3.78,3.78,3.76,3.76,53788
2025-10-13,13:00:00,3.78,3.78,3.77,3.78,97692
2025-10-13,14:00:00,3.77,3.79,3.74,3.74,436313
2025-10-13,15:00:00,3.77,3.77,3.77,3.77,9402
2025-10-14,10:00:00,3.78,3.8,3.77,3.78,309613
2025-10-14,11:00:00,3.78,3.78,3.76,3.76,61541
2025-10-14,12:00:00,3.76,3.77,3.76,3.77,22641
2025-10-14,13:00:00,3.77,3.78,3.77,3.77,34713
2025-10-14,14:00:00,3.77,3.78,3.74,3.75,368162
2025-10-14,15:00:00,3.74,3.74,3.74,3.74,36215
2025-10-15,10:00:00,3.76,3.76,3.74,3.75,73371
2025-10-15,11:00:00,3.76,3.76,3.71,3.74,371588
2025-10-15,12:00:00,3.74,3.74,3.72,3.72,56121
2025-10-15,13:00:00,3.73,3.73,3.71,3.72,112459
2025-10-15,14:00:00,3.71,3.73,3.71,3.72,108176
2025-10-15,15:00:00,3.51,3.51,3.51,3.51,2370293
2025-10-16,10:00:00,3.62,3.65,3.6,3.64,1996809
2025-10-16,11:00:00,3.64,3.65,3.62,3.65,173768
2025-10-16,12:00:00,3.65,3.65,3.63,3.64,148600
2025-10-16,13:00:00,3.65,3.68,3.63,3.65,349430
2025-10-16,14:00:00,3.65,3.66,3.61,3.63,410449
2025-10-16,15:00:00,3.63,3.63,3.63,3.63,31602
2025-10-19,10:00:00,3.65,3.7,3.65,3.67,280909
2025-10-19,11:00:00,3.66,3.67,3.64,3.66,106891
2025-10-19,12:00:00,3.65,3.67,3.64,3.65,92051
2025-10-19,13:00:00,3.66,3.67,3.65,3.66,138564
2025-10-19,14:00:00,3.66,3.67,3.64,3.64,147403
2025-10-19,15:00:00,3.64,3.64,3.64,3.64,23404
2025-10-20,10:00:00,3.66,3.66,3.63,3.64,137370
2025-10-20,11:00:00,3.64,3.64,3.61,3.63,138905
2025-10-20,12:00:00,3.63,3.63,3.61,3.62,67491
2025-10-20,13:00:00,3.62,3.62,3.6,3.62,128942
2025-10-20,14:00:00,3.61,3.62,3.6,3.6,94334
2025-10-20,15:00:00,3.62,3.62,3.62,3.62,7316
2025-10-21,10:00:00,3.61,3.63,3.58,3.6,194363
2025-10-21,11:00:00,3.6,3.61,3.58,3.6,101020
2025-10-21,12:00:00,3.6,3.61,3.57,3.59,164066
2025-10-21,13:00:00,3.59,3.61,3.57,3.61,117428
2025-10-21,14:00:00,3.61,3.61,3.57,3.6,417286
2025-10-21,15:00:00,3.59,3.59,3.59,3.59,1674
2025-10-22,10:00:00,3.59,3.61,3.58,3.59,97613
2025-10-22,11:00:00,3.58,3.6,3.58,3.6,70577
2025-10-22,12:00:00,3.6,3.6,3.57,3.58,62578
2025-10-22,13:00:00,3.57,3.59,3.56,3.56,102193
2025-10-22,14:00:00,3.58,3.58,3.55,3.56,132249
2025-10-22,15:00:00,3.54,3.54,3.54,3.54,29637
2025-10-23,10:00:00,3.57,3.6,3.55,3.57,122955
2025-10-23,11:00:00,3.57,3.58,3.56,3.57,111666
2025-10-23,12:00:00,3.58,3.58,3.55,3.57,176372
2025-10-23,13:00:00,3.57,3.57,3.55,3.56,102138
2025-10-23,14:00:00,3.56,3.58,3.55,3.57,184526
2025-10-23,15:00:00,3.56,3.56,3.56,3.56,2558
2025-10-26,10:00:00,3.59,3.59,3.56,3.57,243386
2025-10-26,11:00:00,3.58,3.58,3.57,3.57,120158
2025-10-26,12:00:00,3.58,3.58,3.57,3.58,79034
2025-10-26,13:00:00,3.58,3.59,3.57,3.59,188547
2025-10-26,14:00:00,3.59,3.59,3.57,3.59,28472
2025-10-26,15:00:00,3.59,3.59,3.59,3.59,2354
2025-10-27,10:00:00,3.58,3.6,3.57,3.58,100120
2025-10-27,11:00:00,3.59,3.61,3.57,3.59,76486
2025-10-27,12:00:00,3.6,3.6,3.58,3.58,33692
2025-10-27,13:00:00,3.59,3.59,3.57,3.58,43764
2025-10-27,14:00:00,3.58,3.59,3.57,3.59,129726
2025-10-27,15:00:00,3.57,3.57,3.57,3.57,30947
2025-10-28,10:00:00,3.59,3.6,3.58,3.59,30785
2025-10-28,11:00:00,3.6,3.6,3.58,3.59,62292
2025-10-28,12:00:00,3.59,3.6,3.58,3.58,51237
2025-10-28,13:00:00,3.59,3.6,3.58,3.6,98632
2025-10-28,14:00:00,3.59,3.61,3.59,3.61,124723
2025-10-28,15:00:00,3.59,3.59,3.59,3.59,4539
2025-10-29,10:00:00,3.59,3.6,3.58,3.59,138320
2025-10-29,11:00:00,3.58,3.59,3.56,3.58,168111
2025-10-29,12:00:00,3.57,3.58,3.56,3.57,42383
2025-10-29,13:00:00,3.57,3.59,3.56,3.57,65250
2025-10-29,14:00:00,3.57,3.57,3.56,3.57,90271
2025-10-29,15:00:00,3.56,3.56,3.56,3.56,4206
2025-10-30,10:00:00,3.58,3.59,3.57,3.59,107963
2025-10-30,11:00:00,3.59,3.59,3.57,3.59,60954
2025-10-30,12:00:00,3.58,3.59,3.58,3.58,44485
2025-10-30,13:00:00,3.58,3.6,3.56,3.57,75739
2025-10-30,14:00:00,3.57,3.58,3.56,3.58,48419
2025-10-30,15:00:00,3.57,3.57,3.57,3.57,11897
2025-11-02,10:00:00,3.57,3.59,3.57,3.58,19445
2025-11-02,11:00:00,3.58,3.59,3.56,3.57,138810
2025-11-02,12:00:00,3.57,3.57,3.56,3.57,36095
2025-11-02,13:00:00,3.56,3.57,3.56,3.57,51796
2025-11-02,14:00:00,3.56,3.57,3.55,3.55,71391
2025-11-02,15:00:00,3.55,3.55,3.55,3.55,32147
2025-11-03,10:00:00,3.57,3.57,3.54,3.55,113662
2025-11-03,11:00:00,3.54,3.55,3.53,3.54,91541
2025-11-03,12:00:00,3.53,3.55,3.53,3.54,73338
2025-11-03,13:00:00,3.54,3.55,3.53,3.55,57403
2025-11-03,14:00:00,3.54,3.55,3.52,3.54,115201
2025-11-03,15:00:00,3.53,3.53,3.53,3.53,2357
2025-11-04,10:00:00,3.54,3.55,3.52,3.53,20230
2025-11-04,11:00:00,3.53,3.54,3.53,3.54,11928
2025-11-04,12:00:00,3.53,3.54,3.52,3.53,15131
2025-11-04,13:00:00,3.53,3.53,3.51,3.53,51439
2025-11-04,14:00:00,3.53,3.54,3.52,3.54,37044
2025-11-04,15:00:00,3.54,3.54,3.54,3.54,4342
2025-11-05,10:00:00,3.54,3.54,3.49,3.51,187670
2025-11-05,11:00:00,3.5,3.51,3.5,3.51,28239
2025-11-05,12:00:00,3.51,3.53,3.51,3.51,69002
2025-11-05,13:00:00,3.52,3.52,3.5,3.51,124567
2025-11-05,14:00:00,3.51,3.51,3.49,3.51,144849
2025-11-05,15:00:00,3.52,3.52,3.52,3.52,7234
2025-11-06,10:00:00,3.5,3.51,3.47,3.49,201044
2025-11-06,11:00:00,3.49,3.49,3.47,3.49,44957
2025-11-06,12:00:00,3.48,3.49,3.48,3.49,15955
2025-11-06,13:00:00,3.49,3.5,3.47,3.49,75098
2025-11-06,14:00:00,3.49,3.5,3.48,3.5,97243
2025-11-06,15:00:00,3.48,3.48,3.48,3.48,38426
2025-11-09,10:00:00,3.49,3.49,3.45,3.47,97180
2025-11-09,11:00:00,3.47,3.47,3.45,3.46,11037
2025-11-09,12:00:00,3.46,3.46,3.44,3.45,99763
2025-11-09,13:00:00,3.46,3.47,3.45,3.46,36929
2025-11-09,14:00:00,3.45,3.48,3.45,3.48,25807
2025-11-09,15:00:00,3.48,3.48,3.48,3.48,2907
2025-11-10,10:00:00,3.48,3.48,3.45,3.46,32263
2025-11-10,11:00:00,3.47,3.48,3.46,3.48,60971
2025-11-10,12:00:00,3.48,3.49,3.47,3.48,29438
2025-11-10,13:00:00,3.48,3.5,3.47,3.49,71236
2025-11-10,14:00:00,3.5,3.5,3.48,3.5,55621
2025-11-10,15:00:00,3.49,3.49,3.49,3.49,6165
2025-11-11,10:00:00,3.5,3.5,3.47,3.48,67320
2025-11-11,11:00:00,3.48,3.48,3.44,3.45,261608
2025-11-11,12:00:00,3.45,3.49,3.45,3.48,91704
2025-11-11,13:00:00,3.49,3.5,3.48,3.49,174716
2025-11-11,14:00:00,3.49,3.49,3.46,3.49,83174
2025-11-11,15:00:00,3.47,3.47,3.47,3.47,8532
2025-11-12,10:00:00,3.49,3.5,3.48,3.5,89287
2025-11-12,11:00:00,3.5,3.5,3.49,3.49,42078
2025-11-12,12:00:00,3.49,3.5,3.49,3.49,6745
2025-11-12,13:00:00,3.5,3.5,3.49,3.5,11513
2025-11-12,14:00:00,3.49,3.5,3.48,3.49,42196
2025-11-12,15:00:00,3.49,3.49,3.49,3.49,2653
2025-11-13,10:00:00,3.5,3.5,3.47,3.47,14661
2025-11-13,11:00:00,3.48,3.49,3.47,3.48,23905
2025-11-13,12:00:00,3.49,3.49,3.47,3.48,23077
2025-11-13,13:00:00,3.48,3.5,3.47,3.47,35622
2025-11-13,14:00:00,3.48,3.49,3.47,3.49,45990
2025-11-13,15:00:00,3.49,3.49,3.49,3.49,586
2025-11-16,10:00:00,3.46,3.49,3.46,3.46,48156
2025-11-16,11:00:00,3.47,3.47,3.44,3.45,28114
2025-11-16,12:00:00,3.46,3.46,3.43,3.45,24588
2025-11-16,13:00:00,3.45,3.46,3.43,3.43,41947
2025-11-16,14:00:00,3.44,3.44,3.42,3.43,77145
2025-11-16,15:00:00,3.43,3.43,3.43,3.43,1285
2025-11-17,10:00:00,3.43,3.45,3.4,3.42,79169
2025-11-17,11:00:00,3.41,3.41,3.38,3.39,119484
2025-11-17,12:00:00,3.39,3.41,3.39,3.41,41430
2025-11-17,13:00:00,3.41,3.41,3.38,3.39,49777
2025-11-17,14:00:00,3.38,3.4,3.37,3.39,153676
2025-11-17,15:00:00,3.38,3.38,3.38,3.38,5317
2025-11-18,10:00:00,3.39,3.39,3.36,3.37,35460
2025-11-18,11:00:00,3.38,3.39,3.36,3.38,43121
2025-11-18,12:00:00,3.38,3.39,3.38,3.39,19251
2025-11-18,13:00:00,3.39,3.39,3.36,3.37,171518
2025-11-18,14:00:00,3.36,3.38,3.36,3.36,30439
2025-11-18,15:00:00,3.36,3.36,3.36,3.36,24952
2025-11-19,10:00:00,3.35,3.38,3.32,3.34,81490
2025-11-19,11:00:00,3.35,3.37,3.34,3.37,71725
2025-11-19,12:00:00,3.36,3.37,3.36,3.37,89597
2025-11-19,13:00:00,3.36,3.37,3.35,3.35,13509
2025-11-19,14:00:00,3.35,3.36,3.33,3.35,74756
2025-11-19,15:00:00,3.34,3.34,3.34,3.34,5327
2025-11-20,10:00:00,3.34,3.37,3.34,3.35,87063
2025-11-20,11:00:00,3.35,3.36,3.33,3.35,61791
2025-11-20,12:00:00,3.34,3.35,3.32,3.34,87822
2025-11-20,13:00:00,3.33,3.38,3.33,3.38,117443
2025-11-20,14:00:00,3.37,3.38,3.36,3.38,69770
2025-11-20,15:00:00,3.37,3.37,3.37,3.37,17259
2025-11-23,10:00:00,3.39,3.4,3.34,3.37,56959
2025-11-23,11:00:00,3.38,3.4,3.37,3.39,72747
2025-11-23,12:00:00,3.39,3.39,3.37,3.37,21141
2025-11-23,13:00:00,3.37,3.39,3.37,3.38,15606
2025-11-23,14:00:00,3.38,3.39,3.37,3.38,19202
2025-11-23,15:00:00,3.38,3.38,3.38,3.38,1514
2025-11-24,10:00:00,3.37,3.39,3.37,3.38,32311
2025-11-24,11:00:00,3.37,3.39,3.3,3.34,241033
2025-11-24,12:00:00,3.33,3.36,3.33,3.36,43369
2025-11-24,13:00:00,3.35,3.35,3.34,3.35,36301
2025-11-24,14:00:00,3.34,3.35,3.33,3.34,95477
2025-11-24,15:00:00,3.32,3.32,3.32,3.32,12583
2025-11-25,10:00:00,3.34,3.35,3.32,3.34,94763
2025-11-25,11:00:00,3.33,3.34,3.31,3.33,43257
2025-11-25,12:00:00,3.33,3.33,3.31,3.33,23830
2025-11-25,13:00:00,3.32,3.33,3.31,3.33,46748
2025-11-25,14:00:00,3.33,3.33,3.3,3.32,198022
2025-11-25,15:00:00,3.32,3.32,3.32,3.32,7266
2025-11-26,10:00:00,3.33,3.33,3.3,3.32,25973
2025-11-26,11:00:00,3.32,3.33,3.31,3.32,12859
2025-11-26,12:00:00,3.33,3.34,3.31,3.32,20161
2025-11-26,13:00:00,3.31,3.34,3.31,3.32,76195
2025-11-26,14:00:00,3.32,3.32,3.31,3.31,75295
2025-11-26,15:00:00,3.32,3.32,3.32,3.32,3650
2025-11-27,10:00:00,3.33,3.35,3.31,3.34,64496
2025-11-27,11:00:00,3.34,3.35,3.3,3.32,68362
2025-11-27,12:00:00,3.32,3.33,3.31,3.33,24222
2025-11-27,13:00:00,3.33,3.33,3.32,3.32,6414
2025-11-27,14:00:00,3.33,3.35,3.32,3.35,116537
2025-11-27,15:00:00,3.33,3.33,3.33,3.33,5334
2025-11-30,10:00:00,3.33,3.37,3.33,3.35,30561
2025-11-30,11:00:00,3.35,3.36,3.33,3.35,163013
2025-11-30,12:00:00,3.35,3.36,3.33,3.33,33196
2025-11-30,13:00:00,3.34,3.37,3.33,3.36,103501
2025-11-30,14:00:00,3.36,3.43,3.36,3.4,185821
2025-11-30,15:00:00,3.4,3.4,3.4,3.4,4343
2025-12-01,10:00:00,3.4,3.44,3.4,3.4,169390
2025-12-01,11:00:00,3.4,3.41,3.38,3.39,108978
2025-12-01,12:00:00,3.38,3.39,3.36,3.36,69488
2025-12-01,13:00:00,3.38,3.38,3.35,3.35,43042
2025-12-01,14:00:00,3.36,3.38,3.33,3.38,56114
2025-12-01,15:00:00,3.33,3.33,3.33,3.33,8081
2025-12-02,10:00:00,3.36,3.38,3.33,3.35,22787
2025-12-02,11:00:00,3.34,3.35,3.33,3.34,11210
2025-12-02,12:00:00,3.34,3.35,3.33,3.35,6549
2025-12-02,13:00:00,3.34,3.36,3.33,3.33,61150
2025-12-02,14:00:00,3.34,3.36,3.33,3.36,20222
2025-12-02,15:00:00,3.33,3.33,3.33,3.33,19187
2025-12-03,10:00:00,3.37,3.38,3.34,3.35,24724
2025-12-03,11:00:00,3.35,3.37,3.34,3.36,5433
2025-12-03,12:00:00,3.36,3.36,3.35,3.36,12114
2025-12-03,13:00:00,3.35,3.36,3.33,3.35,28814
2025-12-03,14:00:00,3.35,3.37,3.34,3.35,33692
2025-12-03,15:00:00,3.35,3.35,3.35,3.35,6842
2025-12-04,10:00:00,3.37,3.41,3.36,3.4,88616
2025-12-04,11:00:00,3.4,3.41,3.39,3.4,25188
2025-12-04,12:00:00,3.4,3.42,3.35,3.42,117881
2025-12-04,13:00:00,3.41,3.42,3.37,3.39,45417
2025-12-04,14:00:00,3.38,3.4,3.33,3.33,211747
2025-12-04,15:00:00,3.35,3.35,3.35,3.35,112238
2025-12-07,10:00:00,3.35,3.37,3.35,3.36,37849
2025-12-07,11:00:00,3.35,3.36,3.34,3.34,58322
2025-12-07,12:00:00,3.35,3.36,3.32,3.33,139472
2025-12-07,13:00:00,3.33,3.33,3.32,3.33,37222
2025-12-07,14:00:00,3.33,3.34,3.32,3.34,40820
2025-12-07,15:00:00,3.35,3.35,3.35,3.35,3761
2025-12-08,10:00:00,3.33,3.35,3.32,3.33,36667
2025-12-08,11:00:00,3.34,3.34,3.32,3.33,11163
2025-12-08,12:00:00,3.33,3.34,3.32,3.34,20431
2025-12-08,13:00:00,3.33,3.34,3.32,3.33,20455
2025-12-08,14:00:00,3.33,3.34,3.32,3.34,36702
2025-12-08,15:00:00,3.34,3.34,3.34,3.34,5562
2025-12-09,10:00:00,3.32,3.36,3.32,3.33,58470
2025-12-09,11:00:00,3.33,3.35,3.32,3.35,109056
2025-12-09,12:00:00,3.35,3.35,3.33,3.35,93805
2025-12-09,13:00:00,3.34,3.36,3.33,3.35,78548
2025-12-09,14:00:00,3.35,3.35,3.33,3.34,86028
2025-12-09,15:00:00,3.35,3.35,3.35,3.35,1321
2025-12-10,10:00:00,3.35,3.37,3.35,3.36,61020
2025-12-10,11:00:00,3.36,3.38,3.35,3.37,52448
2025-12-10,12:00:00,3.37,3.38,3.35,3.36,44756
2025-12-10,13:00:00,3.36,3.37,3.35,3.37,19793
2025-12-10,14:00:00,3.37,3.37,3.34,3.36,49399
2025-12-10,15:00:00,3.37,3.37,3.37,3.37,171
2025-12-11,10:00:00,3.36,3.36,3.35,3.35,13180
2025-12-11,11:00:00,3.34,3.36,3.34,3.35,6917
2025-12-11,12:00:00,3.35,3.36,3.33,3.33,29809
2025-12-11,13:00:00,3.35,3.35,3.33,3.35,85599
2025-12-11,14:00:00,3.35,3.37,3.33,3.36,120173
2025-12-11,15:00:00,3.36,3.36,3.36,3.36,551
2025-12-14,10:00:00,3.36,3.36,3.32,3.34,29427
2025-12-14,11:00:00,3.34,3.34,3.32,3.33,16544
2025-12-14,12:00:00,3.33,3.34,3.32,3.32,47517
2025-12-14,13:00:00,3.33,3.33,3.32,3.33,28674
2025-12-14,14:00:00,3.32,3.34,3.3,3.31,108557
2025-12-14,15:00:00,3.31,3.31,3.31,3.31,8230
2025-12-15,10:00:00,3.31,3.31,3.25,3.29,135666
2025-12-15,11:00:00,3.3,3.31,3.28,3.29,21104
2025-12-15,12:00:00,3.29,3.3,3.28,3.3,38718
2025-12-15,13:00:00,3.29,3.3,3.26,3.29,42523
2025-12-15,14:00:00,3.29,3.31,3.25,3.31,61027
2025-12-15,15:00:00,3.3,3.3,3.3,3.3,6831
2025-12-16,10:00:00,3.28,3.3,3.27,3.29,55942
2025-12-16,11:00:00,3.28,3.29,3.24,3.29,155390
2025-12-16,12:00:00,3.29,3.29,3.26,3.26,131706
2025-12-16,13:00:00,3.28,3.28,3.24,3.26,50857
2025-12-16,14:00:00,3.26,3.26,3.21,3.24,157828
2025-12-16,15:00:00,3.21,3.21,3.21,3.21,2579
2025-12-17,10:00:00,3.22,3.24,3.21,3.23,112620
2025-12-17,11:00:00,3.22,3.24,3.21,3.23,123242
2025-12-17,12:00:00,3.23,3.24,3.18,3.19,148130
2025-12-17,13:00:00,3.19,3.22,3.19,3.22,131971
2025-12-17,14:00:00,3.21,3.23,3.2,3.22,122958
2025-12-17,15:00:00,3.22,3.22,3.22,3.22,5474
2025-12-18,10:00:00,3.21,3.24,3.21,3.22,93817
2025-12-18,11:00:00,3.22,3.23,3.2,3.22,45092
2025-12-18,12:00:00,3.22,3.29,3.2,3.25,263278
2025-12-18,13:00:00,3.25,3.29,3.24,3.28,121773
2025-12-18,14:00:00,3.28,3.28,3.24,3.28,137460
2025-12-18,15:00:00,3.23,3.23,3.23,3.23,47794
2025-12-21,10:00:00,3.26,3.3,3.25,3.3,65397
2025-12-21,11:00:00,3.28,3.3,3.27,3.29,29153
2025-12-21,12:00:00,3.28,3.29,3.27,3.28,3728
2025-12-21,13:00:00,3.28,3.28,3.26,3.27,5691
2025-12-21,14:00:00,3.27,3.29,3.26,3.29,33763
2025-12-21,15:00:00,3.29,3.29,3.29,3.29,25831
2025-12-22,10:00:00,3.3,3.3,3.24,3.25,39133
2025-12-22,11:00:00,3.27,3.29,3.26,3.27,61279
2025-12-22,12:00:00,3.27,3.27,3.22,3.25,68814
2025-12-22,13:00:00,3.25,3.26,3.23,3.24,122169
2025-12-22,14:00:00,3.23,3.25,3.23,3.25,141543
2025-12-22,15:00:00,3.25,3.25,3.25,3.25,188217
2025-12-23,10:00:00,3.25,3.25,3.22,3.25,75316
2025-12-23,11:00:00,3.25,3.26,3.23,3.26,109848
2025-12-23,12:00:00,3.27,3.28,3.25,3.25,15096
2025-12-23,13:00:00,3.26,3.27,3.25,3.25,1450
2025-12-23,14:00:00,3.27,3.27,3.25,3.25,7131
2025-12-23,15:00:00,3.26,3.26,3.26,3.26,2609
2025-12-24,10:00:00,3.26,3.27,3.24,3.24,25869
2025-12-24,11:00:00,3.24,3.27,3.24,3.27,8652
2025-12-24,12:00:00,3.25,3.31,3.25,3.3,260467
2025-12-24,13:00:00,3.3,3.3,3.26,3.28,78398
2025-12-24,14:00:00,3.28,3.3,3.26,3.26,78026
2025-12-24,15:00:00,3.27,3.27,3.27,3.27,2438
2025-12-25,10:00:00,3.29,3.3,3.27,3.3,58172
2025-12-25,11:00:00,3.3,3.36,3.29,3.35,215270
2025-12-25,12:00:00,3.35,3.39,3.31,3.33,240531
2025-12-25,13:00:00,3.31,3.35,3.29,3.29,76326
2025-12-25,14:00:00,3.3,3.31,3.28,3.28,53404
2025-12-25,15:00:00,3.29,3.29,3.29,3.29,3729
2025-12-28,10:00:00,3.36,3.36,3.27,3.28,117500
2025-12-28,11:00:00,3.28,3.29,3.27,3.27,29283
2025-12-28,12:00:00,3.27,3.28,3.26,3.27,21679
2025-12-28,13:00:00,3.26,3.28,3.25,3.27,24555
2025-12-28,14:00:00,3.26,3.31,3.25,3.29,113187
2025-12-28,15:00:00,3.33,3.33,3.33,3.33,70296
2025-12-29,10:00:00,3.33,3.33,3.28,3.32,141254
2025-12-29,11:00:00,3.32,3.34,3.3,3.31,85980
2025-12-29,12:00:00,3.3,3.32,3.3,3.31,48886
2025-12-29,13:00:00,3.31,3.37,3.3,3.31,369969
2025-12-29,14:00:00,3.32,3.34,3.29,3.3,234932
2025-12-29,15:00:00,3.3,3.3,3.3,3.3,2539
2025-12-30,10:00:00,3.32,3.32,3.28,3.3,43401
2025-12-30,11:00:00,3.31,3.31,3.28,3.29,20010
2025-12-30,12:00:00,3.3,3.3,3.26,3.28,86560
2025-12-30,13:00:00,3.29,3.35,3.28,3.32,217962
2025-12-30,14:00:00,3.32,3.34,3.27,3.31,542832
2025-12-30,15:00:00,3.31,3.31,3.31,3.31,2792
2025-12-31,10:00:00,3.32,3.36,3.32,3.35,98528
2025-12-31,11:00:00,3.35,3.4,3.34,3.4,234362
2025-12-31,12:00:00,3.38,3.4,3.35,3.37,267582
2025-12-31,13:00:00,3.36,3.37,3.34,3.35,65707
2025-12-31,14:00:00,3.36,3.36,3.33,3.36,96350
2025-12-31,15:00:00,3.37,3.37,3.37,3.37,333
2026-01-01,10:00:00,3.37,3.41,3.37,3.41,117784
2026-01-01,11:00:00,3.41,3.41,3.39,3.4,118846
2026-01-01,12:00:00,3.4,3.4,3.38,3.4,54265
2026-01-01,13:00:00,3.39,3.4,3.38,3.38,38419
2026-01-01,14:00:00,3.38,3.4,3.38,3.39,56465
2026-01-01,15:00:00,3.38,3.38,3.38,3.38,3002
2026-01-04,10:00:00,3.38,3.38,3.33,3.33,130523
2026-01-04,11:00:00,3.34,3.35,3.33,3.33,49952
2026-01-04,12:00:00,3.33,3.36,3.33,3.34,34120
2026-01-04,13:00:00,3.34,3.35,3.33,3.34,39255
2026-01-04,14:00:00,3.34,3.36,3.33,3.35,62798
2026-01-04,15:00:00,3.35,3.35,3.35,3.35,12
2026-01-05,10:00:00,3.36,3.4,3.35,3.36,128629
2026-01-05,11:00:00,3.37,3.42,3.36,3.4,313912
2026-01-05,12:00:00,3.4,3.43,3.38,3.41,170957
2026-01-05,13:00:00,3.41,3.43,3.4,3.41,88071
2026-01-05,14:00:00,3.41,3.42,3.39,3.41,92040
2026-01-05,15:00:00,3.41,3.41,3.41,3.41,43382
2026-01-06,10:00:00,3.4,3.46,3.4,3.42,214041
2026-01-06,11:00:00,3.41,3.41,3.37,3.38,113747
2026-01-06,12:00:00,3.38,3.38,3.35,3.36,95835
2026-01-06,13:00:00,3.36,3.37,3.34,3.37,71320
2026-01-06,14:00:00,3.36,3.38,3.34,3.34,141368
2026-01-06,15:00:00,3.34,3.34,3.34,3.34,28123
2026-01-07,10:00:00,3.38,3.43,3.36,3.38,245236
2026-01-07,11:00:00,3.37,3.39,3.36,3.37,110796
2026-01-07,12:00:00,3.38,3.4,3.37,3.39,83365
2026-01-07,13:00:00,3.39,3.4,3.37,3.39,24276
2026-01-07,14:00:00,3.39,3.4,3.38,3.38,31775
2026-01-07,15:00:00,3.38,3.38,3.38,3.38,5054
2026-01-08,10:00:00,3.38,3.38,3.36,3.38,104620
2026-01-08,11:00:00,3.38,3.39,3.37,3.37,16463
2026-01-08,12:00:00,3.37,3.38,3.36,3.36,25749
2026-01-08,13:00:00,3.37,3.38,3.36,3.36,40074
2026-01-08,14:00:00,3.37,3.38,3.36,3.36,41428
2026-01-08,15:00:00,3.36,3.36,3.36,3.36,12084
2026-01-11,10:00:00,3.36,3.43,3.36,3.42,263286
2026-01-11,11:00:00,3.43,3.43,3.39,3.41,94646
2026-01-11,12:00:00,3.41,3.41,3.39,3.41,15141
2026-01-11,13:00:00,3.4,3.4,3.39,3.39,32218
2026-01-11,14:00:00,3.4,3.41,3.39,3.41,43011
2026-01-11,15:00:00,3.41,3.41,3.41,3.41,54
2026-01-12,10:00:00,3.42,3.43,3.4,3.42,70584
2026-01-12,11:00:00,3.42,3.43,3.41,3.41,81462
2026-01-12,12:00:00,3.41,3.42,3.41,3.41,27905
2026-01-12,13:00:00,3.42,3.42,3.41,3.42,34470
2026-01-12,14:00:00,3.41,3.42,3.41,3.41,48374
2026-01-12,15:00:00,3.4,3.4,3.4,3.4,18883
2026-01-13,10:00:00,3.42,3.43,3.4,3.41,73933
2026-01-13,11:00:00,3.4,3.41,3.39,3.41,99823
2026-01-13,12:00:00,3.4,3.41,3.39,3.41,236177
2026-01-13,13:00:00,3.4,3.41,3.4,3.4,87038
2026-01-13,14:00:00,3.41,3.41,3.39,3.39,63175
2026-01-13,15:00:00,3.4,3.4,3.4,3.4,32400
2026-01-14,10:00:00,3.39,3.41,3.38,3.38,199167
2026-01-14,11:00:00,3.39,3.45,3.38,3.42,201079
2026-01-14,12:00:00,3.41,3.43,3.39,3.4,233777
2026-01-14,13:00:00,3.4,3.42,3.38,3.39,307001
2026-01-14,14:00:00,3.38,3.39,3.36,3.37,234777
2026-01-14,15:00:00,3.37,3.37,3.37,3.37,3336
2026-01-15,10:00:00,3.37,3.37,3.33,3.33,149724
2026-01-15,11:00:00,3.33,3.33,3.31,3.32,123858
2026-01-15,12:00:00,3.31,3.32,3.3,3.32,53740
2026-01-15,13:00:00,3.32,3.33,3.3,3.33,151025
2026-01-15,14:00:00,3.33,3.33,3.3,3.31,45485
2026-01-15,15:00:00,3.31,3.31,3.31,3.31,22083
2026-01-18,10:00:00,3.31,3.36,3.31,3.36,269162
2026-01-18,11:00:00,3.35,3.36,3.34,3.35,19133
2026-01-18,12:00:00,3.36,3.36,3.34,3.35,37795
2026-01-18,13:00:00,3.34,3.36,3.33,3.33,100768
2026-01-18,14:00:00,3.35,3.35,3.33,3.33,87848
2026-01-18,15:00:00,3.33,3.33,3.33,3.33,396
2026-01-19,10:00:00,3.35,3.35,3.32,3.34,126176
2026-01-19,11:00:00,3.33,3.34,3.33,3.33,65916
2026-01-19,12:00:00,3.33,3.34,3.33,3.33,14875
2026-01-19,13:00:00,3.34,3.35,3.33,3.34,55023
2026-01-19,14:00:00,3.33,3.36,3.33,3.35,97171
2026-01-19,15:00:00,3.35,3.35,3.35,3.35,9704
2026-01-20,10:00:00,3.34,3.35,3.32,3.33,84341
2026-01-20,11:00:00,3.34,3.35,3.33,3.34,62123
2026-01-20,12:00:00,3.33,3.33,3.32,3.33,82447
2026-01-20,13:00:00,3.33,3.33,3.31,3.33,41457
2026-01-20,14:00:00,3.32,3.32,3.3,3.32,114706
2026-01-20,15:00:00,3.32,3.32,3.32,3.32,3222
2026-01-21,10:00:00,3.33,3.33,3.27,3.32,306881
2026-01-21,11:00:00,3.32,3.32,3.3,3.32,10927
2026-01-21,12:00:00,3.32,3.33,3.31,3.31,18070
2026-01-21,13:00:00,3.32,3.34,3.31,3.33,49489
2026-01-21,14:00:00,3.34,3.35,3.33,3.34,59592
2026-01-21,15:00:00,3.34,3.34,3.34,3.34,2262
2026-01-22,10:00:00,3.35,3.36,3.34,3.35,119759
2026-01-22,11:00:00,3.35,3.36,3.33,3.34,242556
2026-01-22,12:00:00,3.34,3.35,3.33,3.34,32331
2026-01-22,13:00:00,3.34,3.36,3.32,3.35,478457
2026-01-22,14:00:00,3.36,3.37,3.35,3.37,138687
2026-01-22,15:00:00,3.37,3.37,3.37,3.37,288
2026-01-25,10:00:00,3.38,3.47,3.38,3.45,637256
2026-01-25,11:00:00,3.46,3.48,3.45,3.47,444847
2026-01-25,12:00:00,3.48,3.53,3.48,3.5,482499
2026-01-25,13:00:00,3.5,3.55,3.5,3.54,278819
2026-01-25,14:00:00,3.54,3.59,3.52,3.54,768805
2026-01-25,15:00:00,3.54,3.54,3.54,3.54,22860
2026-01-26,10:00:00,3.57,3.75,3.54,3.64,3020457
2026-01-26,11:00:00,3.65,3.69,3.62,3.67,1201597
2026-01-26,12:00:00,3.67,3.72,3.66,3.69,683362
2026-01-26,13:00:00,3.69,3.71,3.67,3.68,304249
2026-01-26,14:00:00,3.69,3.74,3.67,3.7,681854
2026-01-26,15:00:00,3.7,3.7,3.7,3.7,100537
2026-01-27,10:00:00,3.72,3.79,3.68,3.74,1994535
2026-01-27,11:00:00,3.76,3.8,3.76,3.79,977814
2026-01-27,12:00:00,3.79,3.8,3.77,3.78,229616
2026-01-27,13:00:00,3.78,3.85,3.77,3.84,957831
2026-01-27,14:00:00,3.84,4.07,3.81,3.99,7112821
2026-01-27,15:00:00,3.99,3.99,3.99,3.99,309298
2026-01-28,10:00:00,3.95,3.97,3.87,3.87,2499074
2026-01-28,11:00:00,3.87,3.9,3.81,3.83,1562092
2026-01-28,12:00:00,3.83,3.87,3.82,3.84,567296
2026-01-28,13:00:00,3.85,3.91,3.85,3.87,1468819
2026-01-28,14:00:00,3.86,3.9,3.82,3.83,899685
2026-01-28,15:00:00,3.83,3.83,3.83,3.83,132888
2026-01-29,10:00:00,3.83,3.86,3.76,3.77,1051516
2026-01-29,11:00:00,3.77,3.79,3.75,3.77,465927
2026-01-29,12:00:00,3.76,3.77,3.73,3.75,730295
2026-01-29,13:00:00,3.75,3.75,3.72,3.73,483248
2026-01-29,14:00:00,3.73,3.74,3.7,3.71,534418
2026-01-29,15:00:00,3.7,3.7,3.7,3.7,78753
2026-02-01,10:00:00,3.74,3.88,3.74,3.79,2617235
2026-02-01,11:00:00,3.79,3.8,3.76,3.79,536526
2026-02-01,12:00:00,3.79,3.8,3.76,3.78,350793
2026-02-01,13:00:00,3.79,3.87,3.77,3.83,1123135
2026-02-01,14:00:00,3.83,3.85,3.77,3.8,906252
2026-02-01,15:00:00,3.81,3.81,3.81,3.81,60410
2026-02-02,10:00:00,3.82,3.92,3.76,3.81,1739490
2026-02-02,11:00:00,3.82,3.89,3.81,3.86,490057
2026-02-02,12:00:00,3.87,3.87,3.84,3.85,208517
2026-02-02,13:00:00,3.85,3.86,3.81,3.82,439349
2026-02-02,14:00:00,3.81,3.84,3.79,3.79,481182
2026-02-02,15:00:00,3.8,3.8,3.8,3.8,34963
2026-02-03,10:00:00,3.8,3.83,3.79,3.8,579790
2026-02-03,11:00:00,3.8,3.83,3.78,3.79,268492
2026-02-03,12:00:00,3.79,3.8,3.76,3.78,284806
2026-02-03,13:00:00,3.78,3.79,3.76,3.79,211027
2026-02-03,14:00:00,3.78,3.78,3.75,3.78,165076
2026-02-03,15:00:00,3.78,3.78,3.78,3.78,139477
2026-02-04,10:00:00,3.78,3.88,3.76,3.84,1116669
2026-02-04,11:00:00,3.84,3.85,3.79,3.82,498191
2026-02-04,12:00:00,3.81,3.82,3.79,3.8,157365
2026-02-04,13:00:00,3.8,3.81,3.79,3.8,63284
2026-02-04,14:00:00,3.8,3.81,3.77,3.77,271602
2026-02-04,15:00:00,3.77,3.77,3.77,3.77,16368
2026-02-05,10:00:00,3.77,3.79,3.7,3.71,270251
2026-02-05,11:00:00,3.72,3.73,3.7,3.73,169611
2026-02-05,12:00:00,3.72,3.73,3.7,3.7,201408
2026-02-05,13:00:00,3.72,3.72,3.67,3.67,218076
2026-02-05,14:00:00,3.67,3.69,3.64,3.68,437205
2026-02-05,15:00:00,3.7,3.7,3.7,3.7,22903
2026-02-08,10:00:00,3.74,3.78,3.71,3.74,541274
2026-02-08,11:00:00,3.74,3.75,3.71,3.72,142771
2026-02-08,12:00:00,3.72,3.73,3.69,3.72,112148
2026-02-08,13:00:00,3.72,3.78,3.71,3.77,288475
2026-02-08,14:00:00,3.75,3.77,3.71,3.72,194344
2026-02-08,15:00:00,3.72,3.72,3.72,3.72,19353
2026-02-09,10:00:00,3.71,3.72,3.66,3.67,269412
2026-02-09,11:00:00,3.67,3.68,3.65,3.67,284795
2026-02-09,12:00:00,3.67,3.7,3.66,3.67,187628
2026-02-09,13:00:00,3.67,3.67,3.65,3.66,172957
2026-02-09,14:00:00,3.66,3.68,3.61,3.63,323779
2026-02-09,15:00:00,3.63,3.63,3.63,3.63,147293
2026-02-10,10:00:00,3.72,3.84,3.72,3.8,2783996
2026-02-10,11:00:00,3.78,3.81,3.76,3.78,561177
2026-02-10,12:00:00,3.78,3.83,3.76,3.8,402417
2026-02-10,13:00:00,3.8,3.8,3.76,3.78,559421
2026-02-10,14:00:00,3.77,3.79,3.71,3.71,527596
2026-02-10,15:00:00,3.71,3.71,3.71,3.71,61523
2026-02-11,10:00:00,3.72,3.75,3.7,3.71,461525
2026-02-11,11:00:00,3.7,3.71,3.67,3.69,247575
2026-02-11,12:00:00,3.69,3.7,3.67,3.68,78370
2026-02-11,13:00:00,3.69,3.7,3.66,3.68,292373
2026-02-11,14:00:00,3.68,3.69,3.66,3.67,149315
2026-02-11,15:00:00,3.67,3.67,3.67,3.67,16334
2026-02-12,10:00:00,3.69,3.7,3.67,3.69,155465
2026-02-12,11:00:00,3.68,3.7,3.67,3.68,113808
2026-02-12,12:00:00,3.68,3.69,3.66,3.68,102480
2026-02-12,13:00:00,3.68,3.68,3.67,3.67,60578
2026-02-12,14:00:00,3.68,3.69,3.67,3.68,132507
2026-02-12,15:00:00,3.68,3.68,3.68,3.68,27459
2026-02-15,10:00:00,3.68,3.73,3.68,3.7,285679
2026-02-15,11:00:00,3.69,3.72,3.69,3.72,98399
2026-02-15,12:00:00,3.72,3.72,3.7,3.7,104470
2026-02-15,13:00:00,3.7,3.72,3.7,3.7,146930
2026-02-15,14:00:00,3.7,3.71,3.7,3.7,160693
2026-02-15,15:00:00,3.7,3.7,3.7,3.7,24288
2026-02-16,10:00:00,3.72,3.72,3.68,3.71,315435
2026-02-16,11:00:00,3.7,3.72,3.69,3.71,206875
2026-02-16,12:00:00,3.72,3.72,3.69,3.7,152579
2026-02-16,13:00:00,3.69,3.7,3.68,3.69,154376
2026-02-16,14:00:00,3.68,3.7,3.68,3.7,130883
2026-02-16,15:00:00,3.69,3.69,3.69,3.69,6274
2026-02-17,10:00:00,3.69,3.69,3.65,3.67,170475
2026-02-17,11:00:00,3.66,3.67,3.65,3.66,179038
2026-02-17,12:00:00,3.66,3.66,3.64,3.66,167182
2026-02-17,13:00:00,3.66,3.66,3.63,3.64,70706
2026-02-17,14:00:00,3.64,3.65,3.61,3.64,239356
2026-02-17,15:00:00,3.64,3.64,3.64,3.64,34738
2026-02-18,10:00:00,3.73,3.9,3.71,3.84,3531635
2026-02-18,11:00:00,3.84,3.86,3.81,3.84,697515
2026-02-18,12:00:00,3.84,3.88,3.81,3.83,720243
2026-02-18,13:00:00,3.83,3.83,3.73,3.75,777355
2026-02-18,14:00:00,3.75,3.81,3.7,3.75,1270212
2026-02-18,15:00:00,3.74,3.74,3.74,3.74,70771
2026-02-19,10:00:00,3.76,3.76,3.7,3.72,744519
2026-02-19,11:00:00,3.72,3.75,3.7,3.74,361563
2026-02-19,12:00:00,3.74,3.81,3.74,3.78,717785
2026-02-19,13:00:00,3.77,3.8,3.74,3.76,492880
2026-02-19,14:00:00,3.76,3.76,3.72,3.74,343540
2026-02-19,15:00:00,3.75,3.75,3.75,3.75,15613
2026-02-23,10:00:00,3.71,3.77,3.7,3.71,361027
2026-02-23,11:00:00,3.71,3.72,3.67,3.67,292744
2026-02-23,12:00:00,3.67,3.71,3.67,3.71,114771
2026-02-23,13:00:00,3.71,3.73,3.7,3.71,180981
2026-02-23,14:00:00,3.71,3.73,3.66,3.7,416531
2026-02-23,15:00:00,3.71,3.71,3.71,3.71,15934
2026-02-24,10:00:00,3.61,3.65,3.59,3.62,296245
2026-02-24,11:00:00,3.63,3.63,3.61,3.61,112958
2026-02-24,12:00:00,3.61,3.63,3.6,3.62,35121
2026-02-24,13:00:00,3.62,3.65,3.62,3.62,137977
2026-02-24,14:00:00,3.62,3.63,3.6,3.6,262288
2026-02-24,15:00:00,3.65,3.65,3.65,3.65,90607
2026-02-25,10:00:00,3.65,3.65,3.6,3.64,130151
2026-02-25,11:00:00,3.64,3.64,3.61,3.62,90547
2026-02-25,12:00:00,3.62,3.62,3.6,3.61,57812
2026-02-25,13:00:00,3.61,3.62,3.59,3.6,75466
2026-02-25,14:00:00,3.61,3.61,3.58,3.58,110492
2026-02-25,15:00:00,3.58,3.58,3.58,3.58,25897
2026-02-26,10:00:00,3.57,3.6,3.55,3.56,172853
2026-02-26,11:00:00,3.56,3.57,3.54,3.55,137716
2026-02-26,12:00:00,3.56,3.57,3.54,3.54,46777
2026-02-26,13:00:00,3.55,3.56,3.54,3.55,62001
2026-02-26,14:00:00,3.55,3.57,3.54,3.55,100398
2026-02-26,15:00:00,3.54,3.54,3.54,3.54,28093
2026-03-01,10:00:00,3.3,3.5,3.3,3.48,311653
2026-03-01,11:00:00,3.48,3.48,3.37,3.42,110976
2026-03-01,12:00:00,3.43,3.44,3.41,3.43,168053
2026-03-01,13:00:00,3.43,3.44,3.42,3.44,254130
2026-03-01,14:00:00,3.43,3.44,3.43,3.44,185708
2026-03-01,15:00:00,3.44,3.44,3.44,3.44,116
2026-03-02,10:00:00,3.44,3.47,3.42,3.42,202381
2026-03-02,11:00:00,3.42,3.42,3.39,3.4,133052
2026-03-02,12:00:00,3.4,3.42,3.39,3.42,64418
2026-03-02,13:00:00,3.42,3.43,3.41,3.41,99769
2026-03-02,14:00:00,3.41,3.42,3.39,3.39,201605
2026-03-02,15:00:00,3.39,3.39,3.39,3.39,15293
2026-03-03,10:00:00,3.36,3.39,3.35,3.36,264735
2026-03-03,11:00:00,3.35,3.38,3.33,3.37,480832
2026-03-03,12:00:00,3.36,3.37,3.35,3.36,28491
2026-03-03,13:00:00,3.36,3.37,3.35,3.37,26370
2026-03-03,14:00:00,3.36,3.38,3.35,3.38,75866
2026-03-03,15:00:00,3.35,3.35,3.35,3.35,6182
2026-03-04,10:00:00,3.35,3.42,3.35,3.42,149527
2026-03-04,11:00:00,3.42,3.45,3.4,3.45,83348
2026-03-04,12:00:00,3.45,3.5,3.44,3.48,86734
2026-03-04,13:00:00,3.47,3.49,3.46,3.47,92275
2026-03-04,14:00:00,3.47,3.49,3.45,3.48,93658
2026-03-04,15:00:00,3.46,3.46,3.46,3.46,10695
2026-03-05,10:00:00,3.46,3.53,3.46,3.53,175363
2026-03-05,11:00:00,3.53,3.53,3.5,3.5,73268
2026-03-05,12:00:00,3.51,3.51,3.48,3.49,71736
2026-03-05,13:00:00,3.48,3.49,3.47,3.49,126077
2026-03-05,14:00:00,3.48,3.5,3.48,3.5,76949
2026-03-05,15:00:00,3.5,3.5,3.5,3.5,11902
2026-03-08,10:00:00,3.5,3.57,3.49,3.5,478762
2026-03-08,11:00:00,3.51,3.52,3.5,3.52,47774
2026-03-08,12:00:00,3.52,3.53,3.51,3.53,8061
2026-03-08,13:00:00,3.52,3.6,3.51,3.57,381554
2026-03-08,14:00:00,3.57,3.57,3.55,3.56,101624
2026-03-08,15:00:00,3.55,3.55,3.55,3.55,3132
2026-03-09,10:00:00,3.57,3.57,3.51,3.55,158612
2026-03-09,11:00:00,3.53,3.54,3.51,3.52,96195
2026-03-09,12:00:00,3.52,3.53,3.49,3.51,103147
2026-03-09,13:00:00,3.51,3.53,3.5,3.52,126577
2026-03-09,14:00:00,3.52,3.53,3.48,3.5,171135
2026-03-09,15:00:00,3.5,3.5,3.5,3.5,3431
2026-03-10,10:00:00,3.5,3.54,3.5,3.54,67764
2026-03-10,11:00:00,3.54,3.55,3.52,3.54,52636
2026-03-10,12:00:00,3.53,3.55,3.53,3.53,35179
2026-03-10,13:00:00,3.53,3.55,3.52,3.54,117821
2026-03-10,14:00:00,3.53,3.62,3.53,3.6,569832
2026-03-10,15:00:00,3.6,3.6,3.6,3.6,32349
2026-03-11,10:00:00,3.58,3.59,3.56,3.58,149955
2026-03-11,11:00:00,3.57,3.58,3.56,3.58,40639
2026-03-11,12:00:00,3.58,3.6,3.57,3.58,98654
2026-03-11,13:00:00,3.58,3.59,3.54,3.56,79673
2026-03-11,14:00:00,3.56,3.58,3.56,3.58,25433
2026-03-11,15:00:00,3.57,3.57,3.57,3.57,16615
2026-03-12,10:00:00,3.57,3.59,3.56,3.58,27735
2026-03-12,11:00:00,3.58,3.58,3.55,3.57,73006
2026-03-12,12:00:00,3.57,3.58,3.56,3.56,67776
2026-03-12,13:00:00,3.57,3.57,3.55,3.57,108407
2026-03-12,14:00:00,3.57,3.57,3.54,3.56,121499
2026-03-12,15:00:00,3.55,3.55,3.55,3.55,3615
2026-03-15,10:00:00,3.59,3.6,3.53,3.55,200709
2026-03-15,11:00:00,3.55,3.59,3.51,3.53,119890
2026-03-15,12:00:00,3.53,3.53,3.51,3.51,51805
2026-03-15,13:00:00,3.52,3.53,3.51,3.53,11455
2026-03-15,14:00:00,3.52,3.53,3.51,3.51,18210
2026-03-15,15:00:00,3.53,3.53,3.53,3.53,2012
2026-03-16,10:00:00,3.51,3.53,3.51,3.51,37925
2026-03-16,11:00:00,3.51,3.56,3.51,3.54,52742
2026-03-16,12:00:00,3.54,3.56,3.54,3.56,23257
2026-03-16,13:00:00,3.55,3.57,3.55,3.57,45236
2026-03-16,14:00:00,3.57,3.57,3.55,3.56,116207
2026-03-16,15:00:00,3.56,3.56,3.56,3.56,469
2026-03-24,10:00:00,3.61,3.61,3.51,3.56,142427
2026-03-24,11:00:00,3.56,3.56,3.53,3.54,93555
2026-03-24,12:00:00,3.54,3.54,3.52,3.53,24954
2026-03-24,13:00:00,3.53,3.53,3.51,3.53,32735
2026-03-24,14:00:00,3.53,3.54,3.51,3.52,77040
2026-03-24,15:00:00,3.52,3.52,3.52,3.52,5143
2026-03-25,10:00:00,3.52,3.56,3.52,3.55,55664
2026-03-25,11:00:00,3.54,3.58,3.54,3.57,79290
2026-03-25,12:00:00,3.57,3.58,3.55,3.55,56149
2026-03-25,13:00:00,3.56,3.57,3.54,3.57,47028
2026-03-25,14:00:00,3.56,3.57,3.55,3.57,32841
2026-03-25,15:00:00,3.56,3.56,3.56,3.56,55621
2026-03-26,10:00:00,3.58,3.58,3.56,3.57,201652
2026-03-26,11:00:00,3.56,3.57,3.56,3.56,38653
2026-03-26,12:00:00,3.56,3.57,3.56,3.57,41233
2026-03-26,13:00:00,3.56,3.57,3.56,3.57,30947
2026-03-26,14:00:00,3.57,3.59,3.56,3.58,165733
2026-03-26,15:00:00,3.57,3.57,3.57,3.57,2341
2026-03-29,10:00:00,3.57,3.58,3.54,3.57,215468
2026-03-29,11:00:00,3.57,3.58,3.56,3.57,28822
2026-03-29,12:00:00,3.57,3.58,3.55,3.57,48219
2026-03-29,13:00:00,3.55,3.58,3.51,3.52,227848
2026-03-29,14:00:00,3.52,3.55,3.51,3.54,454527
2026-03-29,15:00:00,3.54,3.54,3.54,3.54,5933
2026-03-30,10:00:00,3.57,3.57,3.53,3.55,117455
2026-03-30,11:00:00,3.55,3.56,3.53,3.54,28419
2026-03-30,12:00:00,3.54,3.57,3.54,3.56,94699
2026-03-30,13:00:00,3.55,3.56,3.53,3.54,48936
2026-03-30,14:00:00,3.56,3.57,3.55,3.56,124476
2026-03-30,15:00:00,3.56,3.56,3.56,3.56,2612
2026-03-31,10:00:00,3.56,3.58,3.54,3.57,48938
2026-03-31,11:00:00,3.56,3.61,3.56,3.59,147741
2026-03-31,12:00:00,3.58,3.59,3.57,3.58,72709
2026-03-31,13:00:00,3.58,3.61,3.57,3.58,169029
2026-03-31,14:00:00,3.58,3.62,3.57,3.6,249556
2026-03-31,15:00:00,3.58,3.58,3.58,3.58,40295
2026-04-01,10:00:00,3.62,3.66,3.6,3.64,318495
2026-04-01,11:00:00,3.63,3.65,3.62,3.64,263842
2026-04-01,12:00:00,3.64,3.65,3.63,3.64,105310
2026-04-01,13:00:00,3.64,3.66,3.64,3.66,242328
2026-04-01,14:00:00,3.67,3.69,3.65,3.69,408845
2026-04-01,15:00:00,3.68,3.68,3.68,3.68,30494
2026-04-02,10:00:00,3.7,3.81,3.68,3.8,1720371
2026-04-02,11:00:00,3.8,3.8,3.73,3.74,341584
2026-04-02,12:00:00,3.75,3.77,3.74,3.74,169392
2026-04-02,13:00:00,3.74,3.75,3.73,3.74,120603
2026-04-02,14:00:00,3.74,3.75,3.71,3.73,177603
2026-04-02,15:00:00,3.73,3.73,3.73,3.73,3104
2026-04-05,10:00:00,3.73,3.73,3.67,3.69,313824
2026-04-05,11:00:00,3.68,3.7,3.67,3.68,111286
2026-04-05,12:00:00,3.67,3.68,3.66,3.66,49188
2026-04-05,13:00:00,3.66,3.68,3.66,3.67,69129
2026-04-05,14:00:00,3.67,3.68,3.66,3.67,109871
2026-04-05,15:00:00,3.67,3.67,3.67,3.67,18321
2026-04-06,10:00:00,3.66,3.68,3.64,3.65,119602
2026-04-06,11:00:00,3.64,3.66,3.64,3.66,122753
2026-04-06,12:00:00,3.66,3.7,3.66,3.69,280401
2026-04-06,13:00:00,3.69,3.71,3.69,3.7,125688
2026-04-06,14:00:00,3.7,3.76,3.69,3.72,434818
2026-04-06,15:00:00,3.73,3.73,3.73,3.73,3988
2026-04-07,10:00:00,3.74,3.75,3.63,3.65,361853
2026-04-07,11:00:00,3.65,3.65,3.61,3.62,222289
2026-04-07,12:00:00,3.62,3.64,3.62,3.63,127416
2026-04-07,13:00:00,3.63,3.67,3.63,3.65,179429
2026-04-07,14:00:00,3.66,3.66,3.64,3.64,244566
2026-04-07,15:00:00,3.64,3.64,3.64,3.64,127645
2026-04-08,10:00:00,3.66,3.75,3.66,3.73,414457
2026-04-08,11:00:00,3.72,3.73,3.71,3.72,37290
2026-04-08,12:00:00,3.72,3.76,3.72,3.76,276026
2026-04-08,13:00:00,3.76,3.76,3.74,3.74,94543
2026-04-08,14:00:00,3.74,3.76,3.74,3.75,357065
2026-04-08,15:00:00,3.75,3.75,3.75,3.75,22118
2026-04-09,10:00:00,3.75,3.76,3.7,3.76,256281
2026-04-09,11:00:00,3.76,3.77,3.73,3.77,105651
2026-04-09,12:00:00,3.77,3.78,3.76,3.76,502909
2026-04-09,13:00:00,3.76,3.77,3.72,3.74,165937
2026-04-09,14:00:00,3.74,3.75,3.72,3.72,59807
2026-04-09,15:00:00,3.73,3.73,3.73,3.73,13069
2026-04-12,10:00:00,3.72,3.75,3.72,3.73,64735
2026-04-12,11:00:00,3.73,3.75,3.71,3.72,93202
2026-04-12,12:00:00,3.71,3.72,3.7,3.7,54402
2026-04-12,13:00:00,3.71,3.72,3.7,3.7,29008
2026-04-12,14:00:00,3.71,3.71,3.68,3.7,94082
2026-04-12,15:00:00,3.62,3.62,3.62,3.62,67113
2026-04-13,10:00:00,3.7,3.74,3.68,3.72,476298
2026-04-13,11:00:00,3.73,3.74,3.71,3.71,231240
2026-04-13,12:00:00,3.72,3.74,3.7,3.71,157551
2026-04-13,13:00:00,3.71,3.72,3.7,3.72,68485
2026-04-13,14:00:00,3.72,3.72,3.68,3.69,193681
2026-04-13,15:00:00,3.7,3.7,3.7,3.7,3595
2026-04-14,10:00:00,3.73,3.73,3.7,3.72,81941
2026-04-14,11:00:00,3.72,3.75,3.72,3.74,237361
2026-04-14,12:00:00,3.75,3.78,3.74,3.78,220285
2026-04-14,13:00:00,3.77,3.8,3.76,3.77,340700
2026-04-14,14:00:00,3.77,3.78,3.76,3.77,124503
2026-04-14,15:00:00,3.78,3.78,3.78,3.78,98715
2026-04-15,10:00:00,3.79,3.82,3.77,3.8,304223
2026-04-15,11:00:00,3.8,3.82,3.79,3.81,478321
2026-04-15,12:00:00,3.81,3.82,3.8,3.81,131826
2026-04-15,13:00:00,3.81,3.81,3.79,3.81,164191
2026-04-15,14:00:00,3.8,3.82,3.79,3.8,162683
2026-04-15,15:00:00,3.81,3.81,3.81,3.81,29641
2026-04-16,10:00:00,3.8,3.81,3.79,3.8,162835
2026-04-16,11:00:00,3.81,3.81,3.79,3.79,28819
2026-04-16,12:00:00,3.8,3.81,3.77,3.78,112464
2026-04-16,13:00:00,3.78,3.8,3.77,3.79,93208
2026-04-16,14:00:00,3.79,3.8,3.77,3.8,231443
2026-04-16,15:00:00,3.8,3.8,3.8,3.8,3147
2026-04-19,10:00:00,3.8,3.89,3.79,3.89,690483
2026-04-19,11:00:00,3.89,3.92,3.83,3.84,1125943
2026-04-19,12:00:00,3.84,3.85,3.81,3.83,235597
2026-04-19,13:00:00,3.83,3.85,3.81,3.84,122995
2026-04-19,14:00:00,3.84,3.85,3.81,3.83,221134
2026-04-19,15:00:00,3.82,3.82,3.82,3.82,3137
2026-04-20,10:00:00,3.84,3.84,3.78,3.8,181347
2026-04-20,11:00:00,3.8,3.81,3.79,3.8,94597
2026-04-20,12:00:00,3.79,3.8,3.79,3.8,66248
2026-04-20,13:00:00,3.8,3.8,3.77,3.79,75819
2026-04-20,14:00:00,3.78,3.79,3.76,3.79,193470
2026-04-20,15:00:00,3.76,3.76,3.76,3.76,12162
2026-04-21,10:00:00,3.76,3.81,3.76,3.8,139255
2026-04-21,11:00:00,3.8,3.8,3.78,3.79,29642
2026-04-21,12:00:00,3.8,3.8,3.78,3.79,49602
2026-04-21,13:00:00,3.8,3.8,3.79,3.79,39250
2026-04-21,14:00:00,3.79,3.82,3.79,3.82,130181
2026-04-21,15:00:00,3.82,3.82,3.82,3.82,24853
2026-04-22,10:00:00,3.79,3.85,3.79,3.82,192715
2026-04-22,11:00:00,3.82,3.82,3.81,3.81,52137
2026-04-22,12:00:00,3.82,3.82,3.8,3.8,89106
2026-04-22,13:00:00,3.81,3.81,3.79,3.81,118031
2026-04-22,14:00:00,3.82,3.82,3.8,3.81,90946
2026-04-22,15:00:00,3.8,3.8,3.8,3.8,179
2026-04-23,10:00:00,3.8,3.8,3.77,3.78,95780
2026-04-23,11:00:00,3.77,3.79,3.76,3.77,93838
2026-04-23,12:00:00,3.78,3.79,3.77,3.77,28963
2026-04-23,13:00:00,3.78,3.79,3.77,3.77,46267
2026-04-23,14:00:00,3.78,3.81,3.77,3.79,243686
2026-04-23,15:00:00,3.78,3.78,3.78,3.78,14781
2026-04-26,10:00:00,3.84,3.85,3.73,3.75,671524
2026-04-26,11:00:00,3.75,3.78,3.7,3.76,304988
2026-04-26,12:00:00,3.74,3.75,3.7,3.75,137060
2026-04-26,13:00:00,3.74,3.78,3.73,3.74,102259
2026-04-26,14:00:00,3.75,3.75,3.73,3.74,79046
2026-04-26,15:00:00,3.72,3.72,3.72,3.72,80164
2026-04-27,10:00:00,3.77,3.77,3.7,3.75,171987
2026-04-27,11:00:00,3.75,3.76,3.73,3.74,118231
2026-04-27,12:00:00,3.75,3.75,3.73,3.75,52714
2026-04-27,13:00:00,3.74,3.75,3.73,3.75,68173
2026-04-27,14:00:00,3.75,3.76,3.72,3.72,221621
2026-04-27,15:00:00,3.74,3.74,3.74,3.74,13792
2026-04-28,10:00:00,3.73,3.73,3.7,3.73,129764
2026-04-28,11:00:00,3.73,3.74,3.72,3.73,106563
2026-04-28,12:00:00,3.72,3.73,3.72,3.73,7494
2026-04-28,13:00:00,3.73,3.73,3.7,3.73,125723
2026-04-28,14:00:00,3.73,3.73,3.71,3.71,78820
2026-04-28,15:00:00,3.73,3.73,3.73,3.73,9798
2026-04-29,10:00:00,3.7,3.73,3.7,3.71,143918
2026-04-29,11:00:00,3.72,3.73,3.71,3.73,77933
2026-04-29,12:00:00,3.73,3.73,3.72,3.72,20820
2026-04-29,13:00:00,3.72,3.75,3.72,3.75,159653
2026-04-29,14:00:00,3.74,3.74,3.72,3.73,100140
2026-04-29,15:00:00,3.73,3.73,3.73,3.73,18071
2026-04-30,10:00:00,3.73,3.75,3.71,3.74,164197
2026-04-30,11:00:00,3.74,3.74,3.72,3.73,115262
2026-04-30,12:00:00,3.73,3.74,3.73,3.74,41964
2026-04-30,13:00:00,3.73,3.74,3.72,3.74,51166
2026-04-30,14:00:00,3.73,3.74,3.72,3.73,93002
2026-04-30,15:00:00,3.72,3.72,3.72,3.72,30083
2026-05-03,10:00:00,3.75,3.75,3.72,3.74,210854
2026-05-03,11:00:00,3.75,3.77,3.74,3.75,116473
2026-05-03,12:00:00,3.75,3.76,3.73,3.74,177289
2026-05-03,13:00:00,3.74,3.75,3.73,3.75,30664
2026-05-03,14:00:00,3.74,3.75,3.73,3.73,36605
2026-05-03,15:00:00,3.73,3.73,3.73,3.73,27562
2026-05-04,10:00:00,3.73,3.74,3.7,3.72,164448
2026-05-04,11:00:00,3.73,3.73,3.7,3.71,193645
2026-05-04,12:00:00,3.72,3.72,3.71,3.72,24857
2026-05-04,13:00:00,3.72,3.72,3.7,3.71,147100
2026-05-04,14:00:00,3.71,3.72,3.7,3.71,57583
2026-05-04,15:00:00,3.71,3.71,3.71,3.71,7103
2026-05-05,10:00:00,3.7,3.71,3.66,3.67,203813
2026-05-05,11:00:00,3.67,3.69,3.67,3.68,59609
2026-05-05,12:00:00,3.67,3.69,3.67,3.67,61380
2026-05-05,13:00:00,3.68,3.68,3.67,3.68,31146
2026-05-05,14:00:00,3.68,3.7,3.67,3.69,78451
2026-05-05,15:00:00,3.69,3.69,3.69,3.69,10610
2026-05-06,10:00:00,3.69,3.7,3.67,3.68,65193
2026-05-06,11:00:00,3.68,3.69,3.66,3.69,171107
2026-05-06,12:00:00,3.69,3.69,3.67,3.67,34210
2026-05-06,13:00:00,3.69,3.69,3.67,3.69,39133
2026-05-06,14:00:00,3.69,3.69,3.67,3.68,117507
2026-05-06,15:00:00,3.69,3.69,3.69,3.69,27509
2026-05-07,10:00:00,3.68,3.78,3.68,3.7,555344
2026-05-07,11:00:00,3.69,3.71,3.68,3.7,112100
2026-05-07,12:00:00,3.71,3.71,3.68,3.71,109105
2026-05-07,13:00:00,3.7,3.72,3.7,3.7,80407
2026-05-07,14:00:00,3.7,3.7,3.69,3.7,123763
2026-05-07,15:00:00,3.68,3.68,3.68,3.68,1488
2026-05-10,10:00:00,3.68,3.73,3.68,3.7,179765
2026-05-10,11:00:00,3.69,3.72,3.68,3.69,251969
2026-05-10,12:00:00,3.7,3.71,3.69,3.71,13880
2026-05-10,13:00:00,3.7,3.71,3.7,3.71,84378
2026-05-10,14:00:00,3.7,3.71,3.68,3.69,164600
2026-05-10,15:00:00,3.69,3.69,3.69,3.69,2379
2026-05-11,10:00:00,3.7,3.71,3.66,3.68,103725
2026-05-11,11:00:00,3.68,3.69,3.67,3.69,54758
2026-05-11,12:00:00,3.7,3.71,3.69,3.69,59969
2026-05-11,13:00:00,3.7,3.71,3.68,3.7,161583
2026-05-11,14:00:00,3.71,3.71,3.69,3.7,94975
2026-05-11,15:00:00,3.7,3.7,3.7,3.7,19378
2026-05-12,10:00:00,3.69,3.71,3.69,3.69,16550
2026-05-12,11:00:00,3.68,3.7,3.68,3.69,40263
2026-05-12,12:00:00,3.68,3.69,3.67,3.69,80220
2026-05-12,13:00:00,3.69,3.69,3.68,3.68,14277
2026-05-12,14:00:00,3.68,3.69,3.66,3.66,150186
2026-05-12,15:00:00,3.65,3.65,3.65,3.65,13034
2026-05-13,10:00:00,3.67,3.68,3.65,3.66,309070
2026-05-13,11:00:00,3.66,3.67,3.65,3.67,149503
2026-05-13,12:00:00,3.66,3.68,3.66,3.67,30128
2026-05-13,13:00:00,3.66,3.68,3.66,3.67,77191
2026-05-13,14:00:00,3.67,3.67,3.66,3.67,90142
2026-05-13,15:00:00,3.67,3.67,3.67,3.67,3735
2026-05-14,10:00:00,3.66,3.67,3.64,3.67,106300
2026-05-14,11:00:00,3.66,3.66,3.63,3.65,225101
2026-05-14,12:00:00,3.65,3.66,3.64,3.65,8751
2026-05-14,13:00:00,3.64,3.64,3.63,3.64,83676
2026-05-14,14:00:00,3.63,3.66,3.63,3.65,61969
2026-05-14,15:00:00,3.65,3.65,3.65,3.65,1364
2026-05-17,10:00:00,3.65,3.65,3.6,3.62,74863
2026-05-17,11:00:00,3.62,3.63,3.6,3.6,86147
2026-05-17,12:00:00,3.6,3.66,3.58,3.6,415603
2026-05-17,13:00:00,3.59,3.64,3.59,3.61,253854
2026-05-17,14:00:00,3.61,3.62,3.6,3.61,50975
2026-05-17,15:00:00,3.62,3.62,3.62,3.62,5001
2026-05-18,10:00:00,3.61,3.62,3.59,3.62,35023
2026-05-18,11:00:00,3.62,3.62,3.59,3.6,138056
2026-05-18,12:00:00,3.6,3.61,3.55,3.6,199103
2026-05-18,13:00:00,3.59,3.61,3.58,3.6,46322
2026-05-18,14:00:00,3.61,3.61,3.59,3.59,63710
2026-05-18,15:00:00,3.61,3.61,3.61,3.61,6829
2026-05-19,10:00:00,3.61,3.63,3.6,3.61,151009
2026-05-19,11:00:00,3.61,3.63,3.61,3.62,37527
2026-05-19,12:00:00,3.62,3.64,3.62,3.63,34971
2026-05-19,13:00:00,3.63,3.63,3.61,3.63,75382
2026-05-19,14:00:00,3.63,3.63,3.6,3.62,168452
2026-05-19,15:00:00,3.62,3.62,3.62,3.62,7235
2026-05-20,10:00:00,3.62,3.63,3.6,3.62,26415
2026-05-20,11:00:00,3.63,3.63,3.62,3.63,90523
2026-05-20,12:00:00,3.63,3.67,3.62,3.65,263405
2026-05-20,13:00:00,3.64,3.66,3.63,3.66,45729
2026-05-20,14:00:00,3.65,3.65,3.62,3.62,138421
2026-05-20,15:00:00,3.63,3.63,3.63,3.63,7389
2026-05-21,10:00:00,3.63,3.66,3.62,3.66,77267
2026-05-21,11:00:00,3.66,3.66,3.65,3.66,19575
2026-05-21,12:00:00,3.66,3.68,3.65,3.66,236857
2026-05-21,13:00:00,3.67,3.7,3.67,3.69,190596
2026-05-21,14:00:00,3.69,3.69,3.66,3.69,99068
2026-05-21,15:00:00,3.69,3.69,3.69,3.69,48101
2026-05-31,10:00:00,3.7,3.71,3.68,3.69,86152
2026-05-31,11:00:00,3.67,3.69,3.67,3.69,128486
2026-05-31,12:00:00,3.68,3.7,3.68,3.7,43621
2026-05-31,13:00:00,3.69,3.7,3.68,3.69,8988
2026-05-31,14:00:00,3.69,3.69,3.68,3.68,9722
2026-05-31,15:00:00,3.68,3.68,3.68,3.68,10087
2026-06-01,10:00:00,3.68,3.72,3.68,3.7,178101
2026-06-01,11:00:00,3.7,3.71,3.69,3.7,34558
2026-06-01,12:00:00,3.71,3.74,3.7,3.72,264091
2026-06-01,13:00:00,3.71,3.74,3.71,3.74,262333
2026-06-01,14:00:00,3.73,3.74,3.71,3.72,58670
2026-06-01,15:00:00,3.7,3.7,3.7,3.7,32184
2026-06-02,10:00:00,3.7,3.74,3.7,3.72,90554
2026-06-02,11:00:00,3.72,3.75,3.71,3.75,189074
2026-06-02,12:00:00,3.75,3.75,3.73,3.74,123764
2026-06-02,13:00:00,3.74,3.74,3.73,3.73,101427
2026-06-02,14:00:00,3.73,3.74,3.72,3.73,34247
2026-06-02,15:00:00,3.72,3.72,3.72,3.72,50121
2026-06-03,10:00:00,3.73,3.74,3.71,3.72,142100
2026-06-03,11:00:00,3.73,3.73,3.71,3.72,95163
2026-06-03,12:00:00,3.72,3.72,3.69,3.71,97131
2026-06-03,13:00:00,3.7,3.72,3.7,3.71,58103
2026-06-03,14:00:00,3.71,3.73,3.69,3.69,370131
2026-06-03,15:00:00,3.69,3.69,3.69,3.69,9819
2026-06-04,10:00:00,3.7,3.71,3.69,3.7,34499
2026-06-04,11:00:00,3.71,3.71,3.69,3.7,70138
2026-06-04,12:00:00,3.7,3.71,3.69,3.69,21309
2026-06-04,13:00:00,3.7,3.73,3.7,3.72,73106
2026-06-04,14:00:00,3.71,3.72,3.69,3.69,47699
2026-06-04,15:00:00,3.69,3.69,3.69,3.69,12344
2026-06-07,10:00:00,3.69,3.7,3.67,3.69,67707
2026-06-07,11:00:00,3.68,3.7,3.67,3.7,27709
2026-06-07,12:00:00,3.7,3.7,3.69,3.69,10624
2026-06-07,13:00:00,3.7,3.7,3.69,3.69,12896
2026-06-07,14:00:00,3.69,3.71,3.67,3.67,72774
2026-06-07,15:00:00,3.67,3.67,3.67,3.67,56454
2026-06-08,10:00:00,3.68,3.68,3.66,3.67,59197
2026-06-08,11:00:00,3.67,3.67,3.66,3.66,39934
2026-06-08,12:00:00,3.66,3.66,3.63,3.66,171406
2026-06-08,13:00:00,3.66,3.66,3.64,3.65,75742
2026-06-08,14:00:00,3.66,3.68,3.64,3.68,92052
2026-06-08,15:00:00,3.65,3.65,3.65,3.65,9308
2026-06-09,10:00:00,3.65,3.72,3.65,3.71,192405
2026-06-09,11:00:00,3.71,3.71,3.66,3.66,445679
2026-06-09,12:00:00,3.66,3.68,3.62,3.67,1281575
2026-06-09,13:00:00,3.66,3.67,3.65,3.67,141820
2026-06-09,14:00:00,3.67,3.68,3.65,3.67,160170
2026-06-09,15:00:00,3.67,3.67,3.67,3.67,5114
2026-06-10,10:00:00,3.67,3.69,3.65,3.68,95969
2026-06-10,11:00:00,3.68,3.74,3.67,3.68,233553
2026-06-10,12:00:00,3.69,3.71,3.68,3.7,80192
2026-06-10,13:00:00,3.7,3.7,3.68,3.68,15831
2026-06-10,14:00:00,3.69,3.7,3.67,3.7,122027
2026-06-10,15:00:00,3.69,3.69,3.69,3.69,12945
2026-06-11,10:00:00,3.68,3.7,3.67,3.69,69160
2026-06-11,11:00:00,3.68,3.7,3.68,3.69,8569
2026-06-11,12:00:00,3.69,3.69,3.68,3.69,20171
2026-06-11,13:00:00,3.69,3.69,3.67,3.68,80370
2026-06-11,14:00:00,3.68,3.69,3.66,3.68,74191
2026-06-11,15:00:00,3.68,3.68,3.68,3.68,3534
2026-06-14,10:00:00,3.68,3.71,3.68,3.68,54024
2026-06-14,11:00:00,3.69,3.7,3.67,3.68,181560
2026-06-14,12:00:00,3.69,3.7,3.66,3.69,133317
2026-06-14,13:00:00,3.69,3.7,3.68,3.69,37121
2026-06-14,14:00:00,3.69,3.69,3.68,3.68,44074
2026-06-14,15:00:00,3.67,3.67,3.67,3.67,3221
2026-06-15,10:00:00,3.68,3.73,3.68,3.72,169732
2026-06-15,11:00:00,3.72,3.72,3.71,3.71,48961
2026-06-15,12:00:00,3.71,3.72,3.7,3.71,34746
2026-06-15,13:00:00,3.72,3.72,3.7,3.71,26239
2026-06-15,14:00:00,3.71,3.71,3.7,3.71,29841
2026-06-15,15:00:00,3.7,3.7,3.7,3.7,2088
2026-06-16,10:00:00,3.71,3.73,3.7,3.71,127834
2026-06-16,11:00:00,3.71,3.72,3.7,3.71,37652
2026-06-16,12:00:00,3.7,3.72,3.69,3.69,79290
2026-06-16,13:00:00,3.71,3.72,3.69,3.71,69918
2026-06-16,14:00:00,3.71,3.72,3.7,3.71,49793
2026-06-16,15:00:00,3.72,3.72,3.72,3.72,8305
2026-06-17,10:00:00,3.72,3.72,3.69,3.71,32681
2026-06-17,11:00:00,3.7,3.71,3.69,3.7,50031
2026-06-17,12:00:00,3.7,3.71,3.69,3.71,66494
2026-06-17,13:00:00,3.71,3.71,3.69,3.71,9571
2026-06-17,14:00:00,3.69,3.7,3.69,3.69,19719
2026-06-17,15:00:00,3.7,3.7,3.7,3.7,686
2026-06-18,10:00:00,3.7,3.75,3.7,3.73,326302
2026-06-18,11:00:00,3.73,3.74,3.71,3.74,133720
2026-06-18,12:00:00,3.74,3.75,3.73,3.74,192573
2026-06-18,13:00:00,3.74,3.75,3.73,3.74,73237
2026-06-18,14:00:00,3.74,3.75,3.73,3.73,72719
2026-06-18,15:00:00,3.75,3.75,3.75,3.75,121012
2026-06-21,10:00:00,3.75,3.79,3.74,3.76,505028
2026-06-21,11:00:00,3.76,3.77,3.73,3.75,271788
2026-06-21,12:00:00,3.74,3.75,3.74,3.74,13955
2026-06-21,13:00:00,3.75,3.75,3.74,3.74,37883
2026-06-21,14:00:00,3.73,3.74,3.72,3.74,112889
2026-06-21,15:00:00,3.74,3.74,3.74,3.74,5
2026-06-22,10:00:00,3.74,3.74,3.69,3.72,146971
2026-06-22,11:00:00,3.71,3.73,3.71,3.71,39126
2026-06-22,12:00:00,3.72,3.73,3.71,3.73,13334
2026-06-22,13:00:00,3.73,3.73,3.72,3.73,10634
2026-06-22,14:00:00,3.73,3.73,3.71,3.72,17906
2026-06-22,15:00:00,3.71,3.71,3.71,3.71,11147
2026-06-23,10:00:00,3.71,3.72,3.7,3.71,24238
2026-06-23,11:00:00,3.71,3.73,3.7,3.71,110810
2026-06-23,12:00:00,3.7,3.71,3.69,3.69,50827
2026-06-23,13:00:00,3.69,3.7,3.68,3.68,96719
2026-06-23,14:00:00,3.69,3.69,3.68,3.69,43629
2026-06-23,15:00:00,3.69,3.69,3.69,3.69,3834
2026-06-24,10:00:00,3.67,3.72,3.67,3.72,31744
2026-06-24,11:00:00,3.71,3.71,3.69,3.71,122944
2026-06-24,12:00:00,3.7,3.71,3.69,3.7,19226
2026-06-24,13:00:00,3.7,3.71,3.69,3.71,21954
2026-06-24,14:00:00,3.72,3.73,3.69,3.71,87416
2026-06-24,15:00:00,3.7,3.7,3.7,3.7,32480
2026-06-25,10:00:00,3.7,3.71,3.69,3.7,39216
2026-06-25,11:00:00,3.7,3.73,3.7,3.72,54079
2026-06-25,12:00:00,3.72,3.73,3.69,3.7,117955
2026-06-25,13:00:00,3.7,3.7,3.69,3.7,16544
2026-06-25,14:00:00,3.7,3.7,3.69,3.7,18553
2026-06-25,15:00:00,3.7,3.7,3.7,3.7,1944
2026-06-28,10:00:00,3.7,3.7,3.69,3.69,43963
2026-06-28,11:00:00,3.7,3.7,3.68,3.7,15429
2026-06-28,12:00:00,3.7,3.7,3.68,3.69,40109
2026-06-28,13:00:00,3.69,3.7,3.67,3.68,54099
2026-06-28,14:00:00,3.68,3.69,3.68,3.69,17985
2026-06-28,15:00:00,3.69,3.69,3.69,3.69,4543
2026-06-29,10:00:00,3.68,3.69,3.67,3.69,47737
2026-06-29,11:00:00,3.69,3.69,3.68,3.68,5976
2026-06-29,12:00:00,3.69,3.69,3.68,3.69,7139
2026-06-29,13:00:00,3.69,3.7,3.68,3.7,30596
2026-06-29,14:00:00,3.69,3.69,3.67,3.67,79421
2026-06-29,15:00:00,3.68,3.68,3.68,3.68,3757
2026-06-30,10:00:00,3.68,3.7,3.67,3.7,269788
2026-06-30,11:00:00,3.7,3.7,3.68,3.69,45684
2026-06-30,12:00:00,3.69,3.7,3.68,3.68,76967
2026-06-30,13:00:00,3.69,3.69,3.67,3.68,79573
2026-06-30,14:00:00,3.68,3.69,3.66,3.68,147120
2026-06-30,15:00:00,3.67,3.67,3.67,3.67,43588
2026-07-01,10:00:00,3.67,3.7,3.67,3.68,104758
2026-07-01,11:00:00,3.69,3.69,3.67,3.68,47551
2026-07-01,12:00:00,3.68,3.7,3.67,3.68,124318
2026-07-01,13:00:00,3.69,3.7,3.68,3.7,37767
2026-07-01,14:00:00,3.69,3.76,3.68,3.72,573405
2026-07-01,15:00:00,3.72,3.72,3.72,3.72,22420
2026-07-02,10:00:00,3.73,3.74,3.71,3.72,75278
2026-07-02,11:00:00,3.71,3.72,3.69,3.7,182531
2026-07-02,12:00:00,3.71,3.71,3.69,3.7,127047
2026-07-02,13:00:00,3.7,3.7,3.69,3.7,82812
2026-07-02,14:00:00,3.7,3.7,3.69,3.7,122835
2026-07-02,15:00:00,3.69,3.69,3.69,3.69,2116
2026-07-05,10:00:00,3.69,3.7,3.67,3.68,166383
2026-07-05,11:00:00,3.68,3.69,3.67,3.69,26280
2026-07-05,12:00:00,3.68,3.69,3.67,3.68,28106
2026-07-05,13:00:00,3.68,3.69,3.67,3.69,53223
2026-07-05,14:00:00,3.68,3.69,3.67,3.68,16879
2026-07-05,15:00:00,3.67,3.67,3.67,3.67,2781
2026-07-06,10:00:00,3.67,3.68,3.66,3.68,113531
2026-07-06,11:00:00,3.68,3.69,3.67,3.69,87694
2026-07-06,12:00:00,3.69,3.69,3.66,3.67,84567
2026-07-06,13:00:00,3.67,3.67,3.65,3.65,162224
2026-07-06,14:00:00,3.66,3.67,3.64,3.67,71358
2026-07-06,15:00:00,3.67,3.67,3.67,3.67,125
2026-07-07,10:00:00,3.67,3.67,3.64,3.66,82067
2026-07-07,11:00:00,3.65,3.66,3.63,3.65,75327
2026-07-07,12:00:00,3.66,3.66,3.65,3.66,19084
2026-07-07,13:00:00,3.65,3.67,3.65,3.66,32143
2026-07-07,14:00:00,3.66,3.67,3.65,3.67,62323
2026-07-07,15:00:00,3.67,3.67,3.67,3.67,12052
2026-07-08,10:00:00,3.66,3.67,3.63,3.66,78534
2026-07-08,11:00:00,3.66,3.67,3.62,3.64,126072
2026-07-08,12:00:00,3.64,3.65,3.63,3.64,77004
2026-07-08,13:00:00,3.63,3.64,3.63,3.63,57416
2026-07-08,14:00:00,3.63,3.64,3.59,3.62,245676
2026-07-08,15:00:00,3.63,3.63,3.63,3.63,34823
2026-07-09,10:00:00,3.61,3.61,3.58,3.59,96284
2026-07-09,11:00:00,3.6,3.62,3.59,3.61,138827
2026-07-09,12:00:00,3.61,3.64,3.6,3.63,73648
2026-07-09,13:00:00,3.62,3.63,3.61,3.61,17232
2026-07-09,14:00:00,3.62,3.63,3.61,3.63,38472
2026-07-09,15:00:00,3.63,3.63,3.63,3.63,4960
2026-07-12,10:00:00,3.63,3.63,3.61,3.63,21284
2026-07-12,11:00:00,3.63,3.63,3.62,3.62,9687
2026-07-12,12:00:00,3.63,3.64,3.63,3.64,6843
2026-07-12,13:00:00,3.64,3.65,3.63,3.64,96356
2026-07-12,14:00:00,3.64,3.65,3.62,3.64,52175
2026-07-12,15:00:00,3.64,3.64,3.64,3.64,605
2026-07-13,10:00:00,3.64,3.67,3.63,3.65,77946
2026-07-13,11:00:00,3.66,3.66,3.64,3.65,15060
2026-07-13,12:00:00,3.65,3.66,3.65,3.66,31908
2026-07-13,13:00:00,3.66,3.66,3.63,3.64,90845
2026-07-13,14:00:00,3.64,3.65,3.63,3.64,66348
2026-07-13,15:00:00,3.65,3.65,3.65,3.65,11058
2026-07-14,10:00:00,3.63,3.67,3.6,3.66,225666
2026-07-14,11:00:00,3.66,3.66,3.65,3.65,24081
2026-07-14,12:00:00,3.66,3.67,3.65,3.65,38228
2026-07-14,13:00:00,3.66,3.67,3.64,3.65,30891
2026-07-14,14:00:00,3.64,3.68,3.64,3.66,160688
2026-07-14,15:00:00,3.68,3.68,3.68,3.68,60618
2026-07-15,10:00:00,3.69,3.71,3.68,3.7,157052
2026-07-15,11:00:00,3.69,3.72,3.69,3.69,140337
2026-07-15,12:00:00,3.7,3.7,3.67,3.7,98405
2026-07-15,13:00:00,3.7,3.7,3.68,3.68,89138
2026-07-15,14:00:00,3.68,3.69,3.67,3.67,59052
2026-07-15,15:00:00,3.66,3.66,3.66,3.66,45009
2026-07-16,10:00:00,3.66,3.66,3.63,3.64,74729
2026-07-16,11:00:00,3.65,3.65,3.63,3.64,25895
2026-07-16,12:00:00,3.64,3.65,3.63,3.64,4264
2026-07-16,13:00:00,3.64,3.65,3.64,3.64,10841
2026-07-16,14:00:00,3.65,3.65,3.64,3.64,16164
2026-07-16,15:00:00,3.64,3.64,3.64,3.64,8146
2026-07-19,10:00:00,3.62,3.63,3.61,3.62,87126
2026-07-19,11:00:00,3.61,3.62,3.61,3.62,23811
2026-07-19,12:00:00,3.62,3.62,3.61,3.61,25779
2026-07-19,13:00:00,3.62,3.63,3.61,3.63,15565
2026-07-19,14:00:00,3.62,3.64,3.62,3.64,54135
2026-07-19,15:00:00,3.64,3.64,3.64,3.64,1745
2026-07-20,10:00:00,3.63,3.64,3.62,3.63,81271
2026-07-20,11:00:00,3.62,3.63,3.62,3.62,21160
2026-07-20,12:00:00,3.62,3.63,3.61,3.62,85130
2026-07-20,13:00:00,3.61,3.62,3.58,3.6,89589
2026-07-20,14:00:00,3.6,3.62,3.59,3.61,35441
2026-07-20,15:00:00,3.61,3.61,3.61,3.61,24287
2026-07-21,10:00:00,3.62,3.62,3.59,3.61,28669
2026-07-21,11:00:00,3.6,3.61,3.6,3.6,19699
2026-07-21,12:00:00,3.6,3.61,3.59,3.6,19221
2026-07-21,13:00:00,3.59,3.61,3.59,3.59,13989
2026-07-21,14:00:00,3.6,3.61,3.59,3.61,57375
2026-07-21,15:00:00,3.6,3.6,3.6,3.6,3681
2026-07-22,10:00:00,3.59,3.61,3.59,3.59,8773
2026-07-22,11:00:00,3.59,3.6,3.59,3.59,36891
2026-07-22,12:00:00,3.6,3.61,3.6,3.61,46609
2026-07-22,13:00:00,3.6,3.61,3.6,3.61,20302
2026-07-22,14:00:00,3.61,3.62,3.6,3.61,21349
2026-07-22,15:00:00,3.61,3.61,3.61,3.61,498
2026-07-23,10:00:00,3.62,3.62,3.59,3.6,15098
2026-07-23,11:00:00,3.6,3.62,3.59,3.61,60735
2026-07-23,12:00:00,3.6,3.62,3.59,3.61,6120
2026-07-23,13:00:00,3.61,3.61,3.6,3.61,3384
2026-07-23,14:00:00,3.61,3.62,3.59,3.59,121632
2026-07-23,15:00:00,3.59,3.59,3.59,3.59,4046
2026-07-26,10:00:00,3.59,3.61,3.59,3.6,25682
2026-07-26,11:00:00,3.59,3.6,3.59,3.59,4808
2026-07-26,12:00:00,3.6,3.6,3.59,3.59,862
2026-07-26,13:00:00,3.59,3.6,3.59,3.59,10549
2026-07-26,14:00:00,3.59,3.61,3.58,3.6,83227
2026-07-26,15:00:00,3.6,3.6,3.6,3.6,5002
2026-07-27,10:00:00,3.58,3.61,3.58,3.61,93579
2026-07-27,11:00:00,3.6,3.6,3.59,3.59,2954
2026-07-27,12:00:00,3.6,3.61,3.59,3.61,10981
2026-07-27,13:00:00,3.6,3.6,3.59,3.59,14559
2026-07-27,14:00:00,3.59,3.6,3.58,3.59,31738
2026-07-27,15:00:00,3.6,3.6,3.6,3.6,4212
2026-07-28,10:00:00,3.58,3.6,3.58,3.59,11853
2026-07-28,11:00:00,3.59,3.59,3.57,3.59,38437
2026-07-28,12:00:00,3.59,3.59,3.56,3.58,35318
2026-07-28,13:00:00,3.58,3.58,3.56,3.58,34216
2026-07-28,14:00:00,3.58,3.58,3.56,3.57,53276
2026-07-28,15:00:00,3.57,3.57,3.57,3.57,3490
2026-07-29,10:00:00,3.57,3.57,3.55,3.55,85756
2026-07-29,11:00:00,3.55,3.56,3.54,3.56,53704
2026-07-29,12:00:00,3.56,3.57,3.55,3.56,3462
2026-07-29,13:00:00,3.56,3.57,3.55,3.56,19543
2026-07-29,14:00:00,3.56,3.56,3.55,3.55,59474
2026-07-29,15:00:00,3.55,3.55,3.55,3.55,147
2026-07-30,10:00:00,3.55,3.57,3.55,3.57,38460
2026-07-30,11:00:00,3.57,3.58,3.55,3.56,31754
2026-07-30,12:00:00,3.57,3.57,3.56,3.57,24839
2026-07-30,13:00:00,3.56,3.57,3.56,3.57,40253
2026-07-30,14:00:00,3.57,3.59,3.55,3.58,68087
2026-07-30,15:00:00,3.55,3.55,3.55,3.55,56801
2026-08-02,10:00:00,3.55,3.58,3.55,3.58,65096
2026-08-02,11:00:00,3.57,3.6,3.57,3.59,124270
2026-08-02,12:00:00,3.6,3.61,3.6,3.6,89285
2026-08-02,13:00:00,3.61,3.62,3.61,3.61,62180
2026-08-02,14:00:00,3.61,3.62,3.58,3.58,85372
2026-08-02,15:00:00,3.57,3.57,3.57,3.57,8976
2026-08-03,10:00:00,3.65,3.7,3.65,3.67,537701
2026-08-03,11:00:00,3.67,3.68,3.65,3.67,82205
2026-08-03,12:00:00,3.67,3.69,3.66,3.68,104969
2026-08-03,13:00:00,3.67,3.7,3.66,3.69,223554
2026-08-03,14:00:00,3.68,3.7,3.68,3.7,153401
2026-08-03,15:00:00,3.7,3.7,3.7,3.7,73309
2026-08-04,10:00:00,3.69,3.72,3.68,3.72,164516
2026-08-04,11:00:00,3.72,3.74,3.71,3.73,395401
2026-08-04,12:00:00,3.73,3.75,3.72,3.72,143667
2026-08-04,13:00:00,3.73,3.75,3.72,3.74,134973
2026-08-04,14:00:00,3.74,3.75,3.71,3.73,164462
2026-08-04,15:00:00,3.72,3.72,3.72,3.72,5750
2026-08-05,10:00:00,3.72,3.75,3.72,3.74,80302
2026-08-05,11:00:00,3.74,3.75,3.73,3.74,81404
2026-08-05,12:00:00,3.73,3.74,3.71,3.72,155369
2026-08-05,13:00:00,3.74,3.74,3.72,3.72,114823
2026-08-05,14:00:00,3.71,3.77,3.71,3.76,364983
2026-08-05,15:00:00,3.76,3.76,3.76,3.76,57448
2026-08-06,10:00:00,3.75,3.75,3.72,3.74,123182
2026-08-06,11:00:00,3.74,3.75,3.73,3.73,48340
2026-08-06,12:00:00,3.73,3.75,3.73,3.75,34540
2026-08-06,13:00:00,3.74,3.76,3.73,3.74,111792
2026-08-06,14:00:00,3.75,3.76,3.73,3.75,72238
2026-08-06,15:00:00,3.75,3.75,3.75,3.75,210160
2026-08-09,10:00:00,3.62,3.68,3.6,3.65,315385
2026-08-09,11:00:00,3.65,3.66,3.63,3.64,43596
2026-08-09,12:00:00,3.65,3.65,3.64,3.64,38297
2026-08-09,13:00:00,3.65,3.66,3.62,3.63,161380
2026-08-09,14:00:00,3.63,3.64,3.6,3.61,108515
2026-08-09,15:00:00,3.62,3.62,3.62,3.62,17803
2026-08-10,10:00:00,3.6,3.6,3.57,3.6,230796
2026-08-10,11:00:00,3.59,3.6,3.56,3.57,251710
2026-08-10,12:00:00,3.57,3.59,3.56,3.58,117687
2026-08-10,13:00:00,3.58,3.59,3.56,3.57,63685
2026-08-10,14:00:00,3.58,3.59,3.56,3.57,42303
2026-08-10,15:00:00,3.57,3.57,3.57,3.57,8647
2026-08-11,10:00:00,3.56,3.59,3.56,3.57,80951
2026-08-11,11:00:00,3.57,3.57,3.56,3.57,48777
2026-08-11,12:00:00,3.57,3.58,3.56,3.57,76655
2026-08-11,13:00:00,3.57,3.57,3.55,3.55,51947
2026-08-11,14:00:00,3.55,3.56,3.55,3.56,105697
2026-08-11,15:00:00,3.55,3.55,3.55,3.55,90981
2026-08-12,10:00:00,3.54,3.55,3.52,3.54,94975
2026-08-12,11:00:00,3.53,3.54,3.52,3.54,58330
2026-08-12,12:00:00,3.54,3.55,3.52,3.53,56888
2026-08-12,13:00:00,3.53,3.54,3.52,3.54,109495
2026-08-12,14:00:00,3.53,3.54,3.51,3.54,142844
2026-08-12,15:00:00,3.54,3.54,3.54,3.54,8002
2026-08-13,10:00:00,3.52,3.53,3.51,3.52,103108
2026-08-13,11:00:00,3.52,3.53,3.5,3.52,202105
2026-08-13,12:00:00,3.52,3.52,3.5,3.51,66498
2026-08-13,13:00:00,3.51,3.52,3.48,3.5,173464
2026-08-13,14:00:00,3.5,3.53,3.49,3.51,286653
2026-08-13,15:00:00,3.51,3.51,3.51,3.51,30708
2026-08-16,10:00:00,3.53,3.53,3.5,3.51,277571
2026-08-16,11:00:00,3.51,3.51,3.49,3.5,105003
2026-08-16,12:00:00,3.5,3.5,3.47,3.48,107571
2026-08-16,13:00:00,3.48,3.49,3.46,3.48,91884
2026-08-16,14:00:00,3.47,3.48,3.44,3.44,176205
2026-08-16,15:00:00,3.46,3.46,3.46,3.46,31335
2026-08-17,10:00:00,3.45,3.47,3.43,3.47,109634
2026-08-17,11:00:00,3.47,3.47,3.44,3.44,53372
2026-08-17,12:00:00,3.44,3.44,3.43,3.44,142956
2026-08-17,13:00:00,3.44,3.47,3.43,3.46,73942
2026-08-17,14:00:00,3.46,3.47,3.45,3.45,51695
2026-08-17,15:00:00,3.46,3.46,3.46,3.46,12771
2026-08-18,10:00:00,3.46,3.46,3.44,3.45,97615
2026-08-18,11:00:00,3.45,3.46,3.44,3.44,35016
2026-08-18,12:00:00,3.44,3.45,3.43,3.44,50997
2026-08-18,13:00:00,3.44,3.45,3.44,3.45,64794
2026-08-18,14:00:00,3.44,3.46,3.44,3.44,108238
2026-08-18,15:00:00,3.44,3.44,3.44,3.44,12767
2026-08-19,10:00:00,3.44,3.47,3.44,3.46,9529
2026-08-19,11:00:00,3.45,3.47,3.45,3.46,61329
2026-08-19,12:00:00,3.46,3.47,3.44,3.45,53903
2026-08-19,13:00:00,3.45,3.46,3.45,3.46,46004
2026-08-19,14:00:00,3.45,3.47,3.45,3.45,95151
2026-08-19,15:00:00,3.44,3.44,3.44,3.44,23525
2026-08-20,10:00:00,3.46,3.47,3.45,3.46,43675
2026-08-20,11:00:00,3.46,3.47,3.45,3.46,24229
2026-08-20,12:00:00,3.46,3.48,3.46,3.48,49516
2026-08-20,13:00:00,3.47,3.49,3.46,3.47,78118
2026-08-20,14:00:00,3.48,3.49,3.47,3.49,31539
2026-08-20,15:00:00,3.48,3.48,3.48,3.48,106
2026-08-23,10:00:00,3.5,3.53,3.49,3.52,140492
2026-08-23,11:00:00,3.52,3.52,3.5,3.51,13588
2026-08-23,12:00:00,3.51,3.52,3.49,3.5,101597
2026-08-23,13:00:00,3.5,3.52,3.49,3.51,9936
2026-08-23,14:00:00,3.52,3.52,3.5,3.5,17380
2026-08-23,15:00:00,3.51,3.51,3.51,3.51,1154
2026-08-24,10:00:00,3.5,3.53,3.5,3.52,57583
2026-08-24,11:00:00,3.51,3.52,3.5,3.52,71070
2026-08-24,12:00:00,3.51,3.52,3.51,3.51,12983
2026-08-24,13:00:00,3.51,3.52,3.51,3.52,18056
2026-08-24,14:00:00,3.52,3.52,3.51,3.52,89851
2026-08-24,15:00:00,3.51,3.51,3.51,3.51,5690
2026-08-25,10:00:00,3.51,3.52,3.5,3.5,21469
2026-08-25,11:00:00,3.51,3.52,3.5,3.52,38689
2026-08-25,12:00:00,3.52,3.52,3.5,3.51,33405
2026-08-25,13:00:00,3.51,3.52,3.5,3.52,27750
2026-08-25,14:00:00,3.51,3.51,3.49,3.51,73215
2026-08-25,15:00:00,3.5,3.5,3.5,3.5,2767
2026-08-26,10:00:00,3.5,3.51,3.49,3.51,34096
2026-08-26,11:00:00,3.52,3.53,3.5,3.51,76465
2026-08-26,12:00:00,3.51,3.52,3.49,3.52,59486
2026-08-26,13:00:00,3.51,3.52,3.5,3.51,15579
2026-08-26,14:00:00,3.52,3.52,3.49,3.49,122761
2026-08-26,15:00:00,3.5,3.5,3.5,3.5,2123
2026-08-27,10:00:00,3.51,3.53,3.5,3.51,56478
2026-08-27,11:00:00,3.51,3.52,3.5,3.52,59066
2026-08-27,12:00:00,3.51,3.52,3.5,3.51,18614
2026-08-27,13:00:00,3.5,3.51,3.49,3.49,121623
2026-08-27,14:00:00,3.5,3.5,3.47,3.48,412524
2026-08-27,15:00:00,3.49,3.49,3.49,3.49,2836
2026-08-30,10:00:00,3.51,3.52,3.49,3.51,386245
2026-08-30,11:00:00,3.51,3.53,3.5,3.52,93202
2026-08-30,12:00:00,3.51,3.52,3.51,3.52,54868
2026-08-30,13:00:00,3.51,3.52,3.5,3.51,271360
2026-08-30,14:00:00,3.52,3.55,3.51,3.53,259061
2026-08-30,15:00:00,3.53,3.53,3.53,3.53,119247
2026-08-31,10:00:00,3.54,3.54,3.51,3.53,208840
2026-08-31,11:00:00,3.53,3.54,3.52,3.53,23497
2026-08-31,12:00:00,3.54,3.54,3.51,3.52,119848
2026-08-31,13:00:00,3.52,3.55,3.51,3.52,305197
2026-08-31,14:00:00,3.52,3.53,3.51,3.51,33419
2026-08-31,15:00:00,3.51,3.51,3.51,3.51,1685
2026-09-01,10:00:00,3.51,3.54,3.5,3.51,196954
2026-09-01,11:00:00,3.51,3.52,3.5,3.5,59364
2026-09-01,12:00:00,3.5,3.52,3.5,3.52,116296
2026-09-01,13:00:00,3.52,3.52,3.49,3.5,38821
2026-09-01,14:00:00,3.5,3.5,3.49,3.49,104497
2026-09-01,15:00:00,3.49,3.49,3.49,3.49,16593
2026-09-02,10:00:00,3.49,3.5,3.47,3.5,47298
2026-09-02,11:00:00,3.49,3.51,3.49,3.5,152310
2026-09-02,12:00:00,3.5,3.51,3.49,3.51,6171
2026-09-02,13:00:00,3.51,3.53,3.5,3.52,289974
2026-09-02,14:00:00,3.53,3.53,3.5,3.5,67526
2026-09-02,15:00:00,3.5,3.5,3.5,3.5,8674
2026-09-03,10:00:00,3.5,3.52,3.49,3.5,48841
2026-09-03,11:00:00,3.51,3.51,3.49,3.5,23177
2026-09-03,12:00:00,3.5,3.51,3.49,3.49,34775
2026-09-03,13:00:00,3.49,3.5,3.49,3.5,27896
2026-09-03,14:00:00,3.5,3.5,3.48,3.49,59262
2026-09-03,15:00:00,3.49,3.49,3.49,3.49,6033
2026-09-06,10:00:00,3.49,3.52,3.49,3.52,92057
2026-09-06,11:00:00,3.52,3.55,3.51,3.53,490629
2026-09-06,12:00:00,3.52,3.54,3.52,3.53,50745
2026-09-06,13:00:00,3.53,3.54,3.52,3.52,14438
2026-09-06,14:00:00,3.52,3.55,3.52,3.54,209916
2026-09-06,15:00:00,3.52,3.52,3.52,3.52,10914
2026-09-07,10:00:00,3.54,3.54,3.51,3.52,27143
2026-09-07,11:00:00,3.52,3.53,3.51,3.52,59255
2026-09-07,12:00:00,3.51,3.52,3.5,3.52,67109
2026-09-07,13:00:00,3.52,3.52,3.5,3.51,42583
2026-09-07,14:00:00,3.51,3.51,3.5,3.5,20691
2026-09-07,15:00:00,3.5,3.5,3.5,3.5,11130
2026-09-08,10:00:00,3.5,3.51,3.48,3.51,71198
2026-09-08,11:00:00,3.51,3.51,3.49,3.5,1866
2026-09-08,12:00:00,3.5,3.51,3.49,3.5,7417
2026-09-08,13:00:00,3.49,3.5,3.49,3.5,23758
2026-09-08,14:00:00,3.51,3.51,3.49,3.5,26551
2026-09-08,15:00:00,3.49,3.49,3.49,3.49,188
2026-09-09,10:00:00,3.48,3.5,3.48,3.49,88867
2026-09-09,11:00:00,3.5,3.5,3.49,3.5,24701
2026-09-09,12:00:00,3.5,3.5,3.49,3.5,60651
2026-09-09,13:00:00,3.49,3.5,3.49,3.5,23269
2026-09-09,14:00:00,3.5,3.5,3.48,3.48,28697
2026-09-09,15:00:00,3.48,3.48,3.48,3.48,1490
2026-09-10,10:00:00,3.49,3.49,3.48,3.49,47249
2026-09-10,11:00:00,3.49,3.49,3.44,3.46,143367
2026-09-10,12:00:00,3.45,3.46,3.43,3.46,187452
2026-09-10,13:00:00,3.45,3.47,3.45,3.47,83245
2026-09-10,14:00:00,3.45,3.45,3.43,3.44,106173
2026-09-10,15:00:00,3.44,3.44,3.44,3.44,3103
2026-09-13,10:00:00,3.44,3.44,3.4,3.41,123066
2026-09-13,11:00:00,3.42,3.43,3.41,3.41,71167
2026-09-13,12:00:00,3.42,3.42,3.41,3.41,25219
2026-09-13,13:00:00,3.41,3.42,3.41,3.42,14487
2026-09-13,14:00:00,3.42,3.42,3.41,3.41,1248
2026-09-13,15:00:00,3.41,3.41,3.41,3.41,122
2026-09-14,10:00:00,3.41,3.41,3.37,3.37,72774
2026-09-14,11:00:00,3.39,3.4,3.38,3.4,103161
2026-09-14,12:00:00,3.39,3.4,3.38,3.39,16857
2026-09-14,13:00:00,3.38,3.4,3.38,3.39,13242
2026-09-14,14:00:00,3.39,3.4,3.38,3.38,45215
2026-09-14,15:00:00,3.38,3.38,3.38,3.38,657
2026-09-15,10:00:00,3.39,3.4,3.36,3.37,93317
2026-09-15,11:00:00,3.36,3.38,3.35,3.37,45294
2026-09-15,12:00:00,3.37,3.37,3.35,3.36,8147
2026-09-15,13:00:00,3.36,3.36,3.34,3.35,207036
2026-09-15,14:00:00,3.35,3.36,3.34,3.35,152439
2026-09-15,15:00:00,3.34,3.34,3.34,3.34,351
2026-09-16,10:00:00,3.35,3.37,3.34,3.36,213603
2026-09-16,11:00:00,3.36,3.37,3.34,3.34,134521
2026-09-16,12:00:00,3.34,3.36,3.34,3.35,31415
2026-09-16,13:00:00,3.35,3.36,3.34,3.35,25987
2026-09-16,14:00:00,3.35,3.36,3.33,3.35,31349
2026-09-16,15:00:00,3.35,3.35,3.35,3.35,32
2026-09-17,10:00:00,3.33,3.36,3.33,3.35,30315
2026-09-17,11:00:00,3.35,3.35,3.34,3.35,19543
2026-09-17,12:00:00,3.36,3.36,3.34,3.35,13284
2026-09-17,13:00:00,3.35,3.36,3.34,3.34,58798
2026-09-17,14:00:00,3.35,3.36,3.34,3.35,91580
2026-09-17,15:00:00,3.37,3.37,3.37,3.37,1
2026-09-20,10:00:00,3.36,3.36,3.32,3.35,43029
2026-09-20,11:00:00,3.36,3.36,3.33,3.33,51081
2026-09-20,12:00:00,3.33,3.35,3.32,3.35,15955
2026-09-20,13:00:00,3.35,3.35,3.33,3.35,13001
2026-09-20,14:00:00,3.34,3.35,3.33,3.33,19463
2026-09-20,15:00:00,3.33,3.33,3.33,3.33,3997
2026-09-21,10:00:00,3.34,3.35,3.33,3.34,42490
2026-09-21,11:00:00,3.34,3.34,3.33,3.33,33746
2026-09-21,12:00:00,3.34,3.34,3.32,3.33,41864
2026-09-21,13:00:00,3.33,3.33,3.31,3.32,30171
2026-09-21,14:00:00,3.32,3.33,3.31,3.31,27400
2026-09-21,15:00:00,3.32,3.32,3.32,3.32,10
