Date,Time,Open,High,Low,Close,Volume
2024-09-02,10:00:00,177.4,181.6,177.4,179.8,56753
2024-09-02,11:00:00,179.4,180.6,178.6,179.8,18514
2024-09-02,12:00:00,179.8,183.0,179.4,180.2,84231
2024-09-02,13:00:00,180.4,180.6,179.2,180.6,31102
2024-09-02,14:00:00,180.8,182.0,180.0,181.0,95163
2024-09-02,15:00:00,181.2,181.2,181.2,181.2,4333
2024-09-03,10:00:00,184.0,187.6,182.0,182.0,95260
2024-09-03,11:00:00,182.2,182.4,179.0,179.8,81816
2024-09-03,12:00:00,179.8,180.0,178.8,179.6,16006
2024-09-03,13:00:00,179.6,180.0,178.6,178.6,17475
2024-09-03,14:00:00,178.8,180.0,178.0,180.0,40973
2024-09-03,15:00:00,180.0,180.0,180.0,180.0,7529
2024-09-04,10:00:00,179.6,182.6,176.2,180.0,40427
2024-09-04,11:00:00,180.2,182.6,180.0,181.8,22983
2024-09-04,12:00:00,181.6,184.0,181.4,183.8,51495
2024-09-04,13:00:00,183.8,184.6,181.2,182.8,98256
2024-09-04,14:00:00,182.8,182.8,181.4,182.6,28240
2024-09-04,15:00:00,182.8,182.8,182.8,182.8,1279
2024-09-05,10:00:00,184.0,186.0,182.2,184.6,48940
2024-09-05,11:00:00,184.6,185.0,180.8,182.6,60915
2024-09-05,12:00:00,182.8,183.2,180.2,182.8,19649
2024-09-05,13:00:00,183.0,184.0,181.6,182.0,58162
2024-09-05,14:00:00,182.2,182.2,180.6,182.0,48331
2024-09-05,15:00:00,182.0,182.0,182.0,182.0,16030
2024-09-08,10:00:00,184.8,184.8,181.2,183.0,16988
2024-09-08,11:00:00,183.2,183.2,178.8,179.6,24679
2024-09-08,12:00:00,179.6,179.8,178.8,179.6,6301
2024-09-08,13:00:00,179.6,181.0,179.4,180.4,18460
2024-09-08,14:00:00,180.4,183.2,180.0,183.0,23770
2024-09-08,15:00:00,183.0,183.0,183.0,183.0,1221
2024-09-09,10:00:00,183.0,185.0,183.0,183.8,36884
2024-09-09,11:00:00,183.8,184.2,183.2,183.6,24305
2024-09-09,12:00:00,183.6,188.4,183.6,188.4,70987
2024-09-09,13:00:00,188.0,197.2,188.0,192.0,144019
2024-09-09,14:00:00,192.0,192.6,190.6,191.8,55783
2024-09-09,15:00:00,192.0,192.0,192.0,192.0,15561
2024-09-10,10:00:00,197.0,198.6,189.8,190.2,137002
2024-09-10,11:00:00,190.0,191.2,187.6,188.0,59150
2024-09-10,12:00:00,188.4,189.0,187.2,187.8,80090
2024-09-10,13:00:00,187.8,190.8,187.6,188.6,112863
2024-09-10,14:00:00,188.4,193.0,188.2,190.8,90476
2024-09-10,15:00:00,192.4,192.4,192.4,192.4,3649
2024-09-11,10:00:00,191.0,195.2,190.6,191.6,57025
2024-09-11,11:00:00,191.6,192.0,190.0,191.4,25059
2024-09-11,12:00:00,191.6,191.6,190.0,190.0,19665
2024-09-11,13:00:00,190.0,192.6,190.0,191.2,39618
2024-09-11,14:00:00,191.4,192.0,189.6,191.8,65642
2024-09-11,15:00:00,190.0,190.0,190.0,190.0,1870
2024-09-12,10:00:00,183.2,193.2,183.2,190.0,52355
2024-09-12,11:00:00,190.0,190.0,185.0,186.0,66047
2024-09-12,12:00:00,186.0,186.6,184.0,184.8,47475
2024-09-12,13:00:00,185.0,185.0,183.8,184.2,29155
2024-09-12,14:00:00,184.4,184.6,182.8,183.6,63004
2024-09-15,10:00:00,184.2,187.0,183.4,184.4,16571
2024-09-15,11:00:00,184.4,186.0,183.0,184.8,16184
2024-09-15,12:00:00,185.0,186.8,184.6,186.6,11709
2024-09-15,13:00:00,186.6,187.2,185.0,185.4,30396
2024-09-15,14:00:00,185.4,185.6,184.0,184.6,11887
2024-09-15,15:00:00,184.8,187.0,184.6,184.6,9189
2024-09-16,10:00:00,186.0,188.4,185.4,187.0,31782
2024-09-16,11:00:00,187.0,187.4,185.8,187.0,20797
2024-09-16,12:00:00,186.8,187.0,185.8,186.0,16195
2024-09-16,13:00:00,186.2,187.8,186.0,186.8,22019
2024-09-16,14:00:00,186.8,187.8,185.2,185.4,40183
2024-09-16,15:00:00,185.4,185.4,185.4,185.4,31088
2024-09-17,10:00:00,185.0,185.0,181.8,182.4,56174
2024-09-17,11:00:00,182.4,183.6,182.2,183.0,62571
2024-09-17,12:00:00,183.0,185.2,182.8,185.0,49639
2024-09-17,13:00:00,185.2,187.4,184.6,186.8,23851
2024-09-17,14:00:00,186.8,188.4,186.2,187.6,47952
2024-09-17,15:00:00,186.6,186.6,186.6,186.6,1541
2024-09-18,10:00:00,186.6,189.6,185.4,189.0,71938
2024-09-18,11:00:00,189.0,190.8,187.4,189.4,56158
2024-09-18,12:00:00,189.6,190.6,189.2,190.0,98832
2024-09-18,13:00:00,189.8,191.0,189.8,190.0,44685
2024-09-18,14:00:00,190.2,190.8,189.6,190.2,32316
2024-09-18,15:00:00,190.0,190.0,190.0,190.0,2263
2024-09-19,10:00:00,190.2,190.6,187.0,189.2,39336
2024-09-19,11:00:00,189.2,192.6,187.2,191.0,116661
2024-09-19,12:00:00,191.4,202.0,191.2,199.6,287018
2024-09-19,13:00:00,199.6,200.6,198.6,199.0,82735
2024-09-19,14:00:00,199.0,202.4,199.0,199.4,206650
2024-09-19,15:00:00,202.2,202.2,202.2,202.2,1228199
2024-09-22,10:00:00,202.2,202.2,199.0,199.4,52319
2024-09-22,11:00:00,199.4,199.6,197.2,197.2,40240
2024-09-22,12:00:00,197.6,197.8,196.4,196.4,15642
2024-09-22,13:00:00,196.4,197.6,194.6,195.4,30336
2024-09-22,14:00:00,195.4,195.6,193.2,193.8,39226
2024-09-22,15:00:00,193.0,193.0,193.0,193.0,5070
2024-09-24,10:00:00,193.8,197.4,180.0,194.4,137640
2024-09-24,11:00:00,194.4,196.6,193.6,194.6,47700
2024-09-24,12:00:00,194.6,196.2,193.6,193.6,39899
2024-09-24,13:00:00,193.6,195.6,193.2,195.0,24538
2024-09-24,14:00:00,194.8,194.8,189.2,189.8,91382
2024-09-24,15:00:00,190.0,190.0,190.0,190.0,7070
2024-09-25,10:00:00,194.2,195.0,190.0,190.4,53123
2024-09-25,11:00:00,190.2,192.2,190.0,190.8,34150
2024-09-25,12:00:00,191.2,191.8,190.6,191.2,22036
2024-09-25,13:00:00,191.2,195.0,191.2,193.4,44010
2024-09-25,14:00:00,193.4,194.4,192.6,193.4,22336
2024-09-25,15:00:00,194.8,194.8,194.8,194.8,3172
2024-09-26,10:00:00,194.8,197.2,193.8,196.0,65841
2024-09-26,11:00:00,195.6,198.0,194.4,197.6,41770
2024-09-26,12:00:00,197.4,197.8,196.0,197.8,53184
2024-09-26,13:00:00,197.8,198.0,195.8,197.2,35499
2024-09-26,14:00:00,197.2,199.6,197.0,199.2,72478
2024-09-26,15:00:00,199.2,199.2,199.2,199.2,8249
2024-09-29,10:00:00,199.0,199.2,197.0,198.2,9541
2024-09-29,11:00:00,197.8,198.0,196.6,197.4,9185
2024-09-29,12:00:00,197.6,197.6,196.6,196.8,3027
2024-09-29,13:00:00,196.8,197.6,196.6,197.0,3006
2024-09-29,14:00:00,197.6,197.6,196.0,196.4,22889
2024-09-29,15:00:00,196.0,196.0,196.0,196.0,1306
2024-09-30,10:00:00,196.0,196.6,193.6,193.8,8611
2024-09-30,11:00:00,193.6,193.8,191.8,192.4,7654
2024-09-30,12:00:00,193.0,193.0,189.4,190.6,13916
2024-09-30,13:00:00,190.4,191.4,188.4,189.0,18047
2024-09-30,14:00:00,189.0,190.6,187.8,188.8,15824
2024-09-30,15:00:00,190.6,190.6,190.6,190.6,6843
2024-10-01,10:00:00,190.0,190.0,186.4,186.6,16475
2024-10-01,11:00:00,186.8,187.2,185.6,185.6,23486
2024-10-01,12:00:00,185.6,186.0,184.8,185.0,44523
2024-10-01,13:00:00,185.0,185.8,185.0,185.6,11612
2024-10-01,14:00:00,185.8,186.0,185.0,185.2,21592
2024-10-01,15:00:00,185.8,185.8,185.8,185.8,1794
2024-10-02,10:00:00,185.0,185.0,180.6,180.6,23330
2024-10-02,11:00:00,180.8,182.0,180.0,180.8,11770
2024-10-02,12:00:00,180.6,180.8,178.4,178.8,21917
2024-10-02,13:00:00,178.8,179.0,174.2,177.2,39313
2024-10-02,14:00:00,177.2,177.6,176.6,176.8,26302
2024-10-02,15:00:00,177.6,177.6,177.6,177.6,1645
2024-10-03,10:00:00,177.0,178.6,176.0,177.2,27387
2024-10-03,11:00:00,177.0,177.4,176.0,177.0,7321
2024-10-03,12:00:00,177.0,178.6,176.6,177.4,16423
2024-10-03,13:00:00,177.4,177.4,174.8,175.2,18025
2024-10-03,14:00:00,175.2,175.2,173.0,174.0,28319
2024-10-03,15:00:00,174.2,174.2,174.2,174.2,3285
2024-10-06,10:00:00,174.0,174.2,164.2,168.2,55188
2024-10-06,11:00:00,168.2,169.4,166.0,169.0,45486
2024-10-06,12:00:00,169.0,171.0,167.0,167.4,41669
2024-10-06,13:00:00,167.6,168.2,167.0,167.8,13948
2024-10-06,14:00:00,167.2,168.0,163.6,164.4,33416
2024-10-06,15:00:00,165.0,165.0,165.0,165.0,12214
2024-10-07,10:00:00,165.0,171.6,165.0,170.4,44087
2024-10-07,11:00:00,170.4,173.0,170.2,172.2,34046
2024-10-07,12:00:00,172.2,174.0,172.2,173.6,23830
2024-10-07,13:00:00,173.4,176.6,173.2,173.8,47600
2024-10-07,14:00:00,173.6,177.0,172.2,175.6,29327
2024-10-07,15:00:00,175.6,175.6,175.6,175.6,2822
2024-10-08,10:00:00,179.0,180.2,174.8,176.4,40280
2024-10-08,11:00:00,176.4,178.4,175.8,177.4,12466
2024-10-08,12:00:00,177.2,178.6,176.4,176.4,20350
2024-10-08,13:00:00,176.4,179.0,176.4,177.4,19959
2024-10-08,14:00:00,177.4,179.0,176.6,179.0,47921
2024-10-08,15:00:00,178.8,178.8,178.8,178.8,2279
2024-10-09,10:00:00,179.0,181.6,178.6,179.8,40898
2024-10-09,11:00:00,179.8,179.8,176.4,176.8,20124
2024-10-09,12:00:00,177.2,179.2,176.6,178.0,12763
2024-10-09,13:00:00,178.6,178.8,176.8,177.8,10040
2024-10-09,14:00:00,177.8,178.0,176.4,176.8,13948
2024-10-09,15:00:00,176.6,176.6,176.6,176.6,2646
2024-10-10,10:00:00,175.8,176.8,172.2,173.2,44516
2024-10-10,11:00:00,173.2,174.0,172.8,173.6,14150
2024-10-10,12:00:00,173.4,174.8,173.4,174.8,13408
2024-10-10,13:00:00,174.6,176.2,174.6,176.0,14419
2024-10-10,14:00:00,175.8,176.8,175.0,175.0,17939
2024-10-10,15:00:00,175.0,175.0,175.0,175.0,6518
2024-10-13,10:00:00,178.0,178.6,176.0,177.6,10552
2024-10-13,11:00:00,177.6,178.8,177.6,178.8,14929
2024-10-13,12:00:00,178.6,181.0,178.6,179.4,9943
2024-10-13,13:00:00,179.2,179.2,177.8,178.0,3399
2024-10-13,14:00:00,177.8,178.8,177.6,178.2,4071
2024-10-13,15:00:00,178.0,178.0,178.0,178.0,236
2024-10-14,10:00:00,178.0,179.4,176.4,177.0,20638
2024-10-14,11:00:00,177.0,179.2,177.0,178.0,13375
2024-10-14,12:00:00,178.0,179.2,178.0,179.0,9147
2024-10-14,13:00:00,178.8,178.8,175.4,175.6,43832
2024-10-14,14:00:00,175.6,175.8,174.2,175.0,15935
2024-10-14,15:00:00,175.0,175.0,175.0,175.0,8871
2024-10-15,10:00:00,174.0,175.6,170.0,172.4,30110
2024-10-15,11:00:00,172.4,173.8,172.2,173.6,7637
2024-10-15,12:00:00,173.6,173.8,172.0,172.0,7543
2024-10-15,13:00:00,172.2,172.8,171.8,172.8,11417
2024-10-15,14:00:00,172.8,172.8,171.2,171.8,19808
2024-10-15,15:00:00,171.6,171.6,171.6,171.6,7087
2024-10-16,10:00:00,171.6,173.2,171.6,172.6,10718
2024-10-16,11:00:00,172.4,173.6,172.2,173.0,14467
2024-10-16,12:00:00,173.0,173.8,172.8,172.8,15702
2024-10-16,13:00:00,172.8,173.6,172.4,172.6,13463
2024-10-16,14:00:00,172.8,173.0,172.2,172.8,12115
2024-10-16,15:00:00,173.2,173.2,173.2,173.2,20260
2024-10-17,10:00:00,173.6,173.6,169.4,170.2,39217
2024-10-17,11:00:00,170.2,170.4,169.2,170.0,14149
2024-10-17,12:00:00,170.0,170.2,168.4,168.4,18806
2024-10-17,13:00:00,168.6,169.4,168.6,168.8,12808
2024-10-17,14:00:00,168.8,169.2,168.2,168.2,23060
2024-10-17,15:00:00,169.0,169.0,169.0,169.0,5728
2024-10-20,10:00:00,170.0,170.6,167.2,167.8,17601
2024-10-20,11:00:00,167.8,168.4,167.4,168.0,7693
2024-10-20,12:00:00,167.8,168.2,167.4,167.4,3893
2024-10-20,13:00:00,167.4,168.4,167.4,168.0,3859
2024-10-20,14:00:00,168.0,168.4,167.8,168.0,13698
2024-10-20,15:00:00,167.8,167.8,167.8,167.8,1599
2024-10-21,10:00:00,167.0,168.2,166.6,167.6,10319
2024-10-21,11:00:00,167.6,168.0,166.6,167.4,6469
2024-10-21,12:00:00,167.4,168.0,166.2,167.8,9542
2024-10-21,13:00:00,167.8,168.2,167.6,167.8,13897
2024-10-21,14:00:00,168.0,168.0,167.0,167.2,8616
2024-10-21,15:00:00,167.2,167.2,167.2,167.2,544
2024-10-22,10:00:00,167.2,167.4,165.2,166.6,17872
2024-10-22,11:00:00,166.6,166.8,165.2,165.2,6581
2024-10-22,12:00:00,165.4,165.4,163.4,163.4,17415
2024-10-22,13:00:00,163.8,164.2,163.4,163.8,17044
2024-10-22,14:00:00,163.6,163.8,162.6,163.6,18068
2024-10-22,15:00:00,163.6,163.6,163.6,163.6,9205
2024-10-23,10:00:00,163.6,164.6,162.2,162.6,19096
2024-10-23,11:00:00,162.6,162.6,160.4,160.8,23461
2024-10-23,12:00:00,161.0,161.4,160.2,161.0,21745
2024-10-23,13:00:00,161.0,162.8,161.0,161.8,19531
2024-10-23,14:00:00,161.6,162.8,161.6,162.6,17360
2024-10-23,15:00:00,162.2,162.2,162.2,162.2,3943
2024-10-24,10:00:00,163.0,164.0,161.0,163.0,9413
2024-10-24,11:00:00,163.0,165.8,162.8,165.6,28857
2024-10-24,12:00:00,165.6,165.8,164.6,165.0,14501
2024-10-24,13:00:00,165.0,166.0,163.2,163.2,93630
2024-10-24,14:00:00,163.2,165.0,163.2,165.0,16777
2024-10-24,15:00:00,165.0,165.0,165.0,165.0,2047
2024-10-27,10:00:00,166.0,166.8,162.6,163.0,95460
2024-10-27,11:00:00,162.8,162.8,160.4,161.0,59552
2024-10-27,12:00:00,161.0,162.0,160.6,161.8,26008
2024-10-27,13:00:00,161.8,163.2,161.8,162.4,31210
2024-10-27,14:00:00,162.8,163.2,162.6,163.0,14246
2024-10-27,15:00:00,163.0,163.0,163.0,163.0,1314
2024-10-28,10:00:00,163.6,164.4,163.0,163.2,36393
2024-10-28,11:00:00,163.0,163.4,162.0,163.0,25659
2024-10-28,12:00:00,163.2,164.0,163.0,163.8,19864
2024-10-28,13:00:00,163.6,165.0,163.4,164.4,44015
2024-10-28,14:00:00,164.4,166.2,164.2,166.0,30177
2024-10-28,15:00:00,166.0,166.0,166.0,166.0,6028
2024-10-29,10:00:00,166.2,166.4,163.8,164.6,25635
2024-10-29,11:00:00,165.0,165.0,163.4,164.0,18655
2024-10-29,12:00:00,164.0,164.0,161.6,162.8,21412
2024-10-29,13:00:00,163.0,163.2,162.2,162.4,14455
2024-10-29,14:00:00,162.4,162.6,161.4,162.6,24072
2024-10-29,15:00:00,162.0,162.0,162.0,162.0,1468
2024-10-30,10:00:00,162.6,164.0,161.0,162.6,18403
2024-10-30,11:00:00,162.6,162.8,161.8,161.8,2439
2024-10-30,12:00:00,162.0,163.0,161.8,162.2,4055
2024-10-30,13:00:00,162.2,163.0,161.4,162.0,19940
2024-10-30,14:00:00,161.8,164.0,161.2,164.0,22624
2024-10-31,10:00:00,169.0,170.6,163.6,164.6,32235
2024-10-31,11:00:00,164.6,165.8,164.4,165.4,24997
2024-10-31,12:00:00,165.4,168.0,165.0,168.0,39925
2024-10-31,13:00:00,168.0,169.4,167.0,168.8,43969
2024-10-31,14:00:00,169.0,169.2,168.2,168.8,30436
2024-10-31,15:00:00,169.0,170.8,168.8,169.0,32691
2024-11-03,10:00:00,165.8,169.0,165.8,168.0,15103
2024-11-03,11:00:00,168.0,169.8,167.6,168.0,22564
2024-11-03,12:00:00,167.6,169.4,167.4,168.4,3388
2024-11-03,13:00:00,168.2,168.4,167.2,167.2,3277
2024-11-03,14:00:00,167.4,168.0,166.8,167.4,6655
2024-11-03,15:00:00,167.8,168.0,165.8,165.8,12149
2024-11-04,10:00:00,166.0,166.0,163.6,165.0,8451
2024-11-04,11:00:00,165.0,165.0,163.0,164.6,9537
2024-11-04,12:00:00,164.6,166.0,164.2,165.8,6787
2024-11-04,13:00:00,165.6,166.0,164.2,164.6,8994
2024-11-04,14:00:00,164.4,164.8,163.8,164.6,13617
2024-11-04,15:00:00,164.4,164.6,163.4,163.4,9438
2024-11-05,10:00:00,163.0,166.4,163.0,164.4,29633
2024-11-05,11:00:00,164.2,164.4,163.2,164.0,11404
2024-11-05,12:00:00,164.0,164.2,163.4,163.4,8382
2024-11-05,13:00:00,163.4,163.6,162.8,163.4,20299
2024-11-05,14:00:00,163.4,163.4,162.4,163.2,19826
2024-11-05,15:00:00,162.2,162.2,162.2,162.2,7028
2024-11-06,10:00:00,164.6,165.4,163.0,164.0,18168
2024-11-06,11:00:00,164.0,165.0,163.6,164.4,6495
2024-11-06,12:00:00,164.4,164.4,162.8,163.2,12002
2024-11-06,13:00:00,163.2,163.4,162.4,162.6,13978
2024-11-06,14:00:00,162.6,163.2,162.4,163.2,3500
2024-11-06,15:00:00,162.8,162.8,162.8,162.8,731
2024-11-07,10:00:00,164.4,164.8,160.8,161.6,26375
2024-11-07,11:00:00,161.6,162.0,161.0,162.0,6095
2024-11-07,12:00:00,162.4,163.8,162.2,163.8,12969
2024-11-07,13:00:00,163.6,163.8,162.8,163.2,6620
2024-11-07,14:00:00,163.2,164.0,162.8,163.6,9002
2024-11-10,10:00:00,161.8,163.6,159.8,163.4,11499
2024-11-10,11:00:00,163.4,164.0,163.0,164.0,3608
2024-11-10,12:00:00,163.6,163.6,161.8,161.8,9591
2024-11-10,13:00:00,162.0,163.0,161.8,161.8,78716
2024-11-10,14:00:00,162.0,162.6,161.8,162.0,6478
2024-11-10,15:00:00,161.8,162.0,161.6,161.8,1970
2024-11-11,10:00:00,155.2,160.0,152.4,158.0,25751
2024-11-11,11:00:00,157.8,158.4,156.6,157.0,52076
2024-11-11,12:00:00,157.2,157.4,154.6,155.0,89739
2024-11-11,13:00:00,155.0,156.4,155.0,156.0,49177
2024-11-11,14:00:00,156.0,157.0,154.8,154.8,33811
2024-11-11,15:00:00,154.8,155.2,154.8,155.2,26865
2024-11-12,10:00:00,152.2,153.6,149.0,152.4,18318
2024-11-12,11:00:00,152.4,153.4,152.2,152.8,17811
2024-11-12,12:00:00,152.8,153.0,151.2,151.6,16754
2024-11-12,13:00:00,151.8,153.4,150.0,153.2,44052
2024-11-12,14:00:00,153.2,153.2,151.4,151.8,17584
2024-11-12,15:00:00,151.8,152.2,151.8,152.2,7039
2024-11-13,10:00:00,149.8,150.0,148.2,148.8,44613
2024-11-13,11:00:00,148.8,150.0,148.6,149.8,40845
2024-11-13,12:00:00,149.6,151.0,149.6,149.6,32021
2024-11-13,13:00:00,150.0,150.0,149.4,149.8,10422
2024-11-13,14:00:00,149.6,150.0,149.0,149.0,12059
2024-11-13,15:00:00,149.0,149.8,148.8,149.8,10900
2024-11-14,10:00:00,146.4,149.0,144.8,148.8,14007
2024-11-14,11:00:00,148.4,149.4,147.8,148.8,13111
2024-11-14,12:00:00,148.6,149.6,148.2,148.6,14373
2024-11-14,13:00:00,148.6,149.2,146.6,147.2,30204
2024-11-14,14:00:00,147.2,147.4,144.4,145.6,78996
2024-11-14,15:00:00,145.4,146.4,144.6,146.4,22407
2024-11-17,10:00:00,146.2,146.4,144.0,145.4,6703
2024-11-17,11:00:00,145.8,147.8,145.0,146.0,32583
2024-11-17,12:00:00,145.8,147.6,145.6,146.4,18034
2024-11-17,13:00:00,146.8,147.4,145.8,145.8,17630
2024-11-17,14:00:00,145.8,146.2,145.6,145.8,7895
2024-11-17,15:00:00,145.8,146.0,145.6,145.6,6022
2024-11-18,10:00:00,146.0,146.4,144.8,145.8,12335
2024-11-18,11:00:00,145.8,146.4,145.0,145.6,19366
2024-11-18,12:00:00,145.8,146.6,145.0,145.2,17910
2024-11-18,13:00:00,145.2,145.6,144.6,145.6,15607
2024-11-18,14:00:00,145.6,145.8,145.0,145.8,7058
2024-11-18,15:00:00,145.8,145.8,145.8,145.8,3110
2024-11-19,10:00:00,145.8,146.2,145.4,145.6,13704
2024-11-19,11:00:00,145.6,146.4,145.6,145.8,13001
2024-11-19,12:00:00,145.8,149.2,145.6,148.4,31545
2024-11-19,13:00:00,148.8,149.6,147.0,148.0,151212
2024-11-19,14:00:00,148.0,148.0,146.2,146.8,19325
2024-11-19,15:00:00,146.8,146.8,146.8,146.8,1467
2024-11-20,10:00:00,146.0,147.0,145.8,146.0,5295
2024-11-20,11:00:00,146.0,146.2,144.8,145.8,10912
2024-11-20,12:00:00,145.8,146.2,145.6,145.6,4827
2024-11-20,13:00:00,145.8,149.4,145.6,148.2,27875
2024-11-20,14:00:00,148.2,149.0,147.8,148.6,18003
2024-11-20,15:00:00,149.2,149.2,149.2,149.2,2787
2024-11-21,10:00:00,149.4,151.6,149.0,151.0,45272
2024-11-21,11:00:00,151.0,151.6,150.4,151.0,18615
2024-11-21,12:00:00,151.0,153.4,151.0,153.4,30354
2024-11-21,13:00:00,153.6,154.4,152.4,153.0,26862
2024-11-21,14:00:00,153.2,156.2,152.6,155.0,45820
2024-11-21,15:00:00,154.8,154.8,154.8,154.8,4971
2024-11-24,10:00:00,155.2,161.4,154.0,157.8,52612
2024-11-24,11:00:00,157.4,157.6,156.4,156.8,31466
2024-11-24,12:00:00,157.0,157.0,156.4,156.8,11241
2024-11-24,13:00:00,156.6,157.2,156.6,156.6,12134
2024-11-24,14:00:00,156.6,157.0,156.6,157.0,12936
2024-11-24,15:00:00,156.6,156.6,156.6,156.6,22554
2024-11-25,10:00:00,154.2,157.0,152.6,155.8,20838
2024-11-25,11:00:00,155.6,155.6,153.8,154.0,9426
2024-11-25,12:00:00,154.0,154.6,153.8,154.2,4707
2024-11-25,13:00:00,154.4,156.0,154.4,155.0,5939
2024-11-25,14:00:00,155.0,155.0,154.0,154.8,7970
2024-11-26,10:00:00,154.0,154.6,152.4,152.4,11724
2024-11-26,11:00:00,152.2,154.8,151.0,154.2,13351
2024-11-26,12:00:00,154.4,154.6,153.6,154.0,11414
2024-11-26,13:00:00,154.0,155.6,153.6,155.6,9301
2024-11-26,14:00:00,155.6,155.8,154.0,154.6,8212
2024-11-26,15:00:00,154.6,154.8,154.0,154.0,4419
2024-11-27,10:00:00,154.8,154.8,153.8,154.2,5497
2024-11-27,11:00:00,154.2,154.8,153.8,154.0,17104
2024-11-27,12:00:00,154.0,154.2,153.2,153.2,6438
2024-11-27,13:00:00,153.2,157.2,153.2,157.0,19173
2024-11-27,14:00:00,156.8,156.8,155.0,156.2,11701
2024-11-27,15:00:00,155.8,156.2,155.0,155.0,4635
2024-11-28,10:00:00,155.0,155.6,154.4,155.2,6425
2024-11-28,11:00:00,155.2,156.4,154.6,155.6,8081
2024-11-28,12:00:00,155.6,158.2,155.6,158.0,17761
2024-11-28,13:00:00,158.0,158.8,157.2,157.8,14308
2024-11-28,14:00:00,157.6,158.0,156.0,156.0,9268
2024-11-28,15:00:00,157.2,157.2,157.2,157.2,2578
2024-12-01,10:00:00,157.2,158.0,155.2,155.4,7064
2024-12-01,11:00:00,155.4,156.0,154.0,155.4,9117
2024-12-01,12:00:00,155.2,156.0,155.0,155.8,717
2024-12-01,13:00:00,155.4,156.6,155.2,155.6,4135
2024-12-01,14:00:00,155.6,156.8,155.4,156.8,3375
2024-12-01,15:00:00,156.4,156.4,156.4,156.4,90
2024-12-02,10:00:00,153.8,158.8,152.6,156.0,23657
2024-12-02,11:00:00,156.0,156.6,155.0,155.0,6535
2024-12-02,12:00:00,155.2,156.0,155.2,155.4,2025
2024-12-02,13:00:00,155.4,155.4,153.8,154.4,28126
2024-12-02,14:00:00,154.0,154.6,153.6,154.0,21816
2024-12-03,10:00:00,153.4,154.2,153.0,153.6,3833
2024-12-03,11:00:00,153.6,155.2,153.6,154.0,13509
2024-12-03,12:00:00,154.0,154.4,153.4,153.8,6400
2024-12-03,13:00:00,154.0,154.0,153.2,153.2,5923
2024-12-03,14:00:00,153.4,154.0,153.0,153.4,6387
2024-12-03,15:00:00,153.4,154.0,153.0,153.4,4450
2024-12-04,10:00:00,153.8,153.8,152.0,152.8,4867
2024-12-04,11:00:00,152.4,154.0,152.4,154.0,3934
2024-12-04,12:00:00,154.0,154.0,152.6,153.2,11298
2024-12-04,13:00:00,153.2,153.8,153.0,153.6,7596
2024-12-04,14:00:00,153.8,153.8,152.4,153.0,13160
2024-12-04,15:00:00,153.2,153.4,152.2,152.2,16634
2024-12-05,10:00:00,152.8,154.0,152.2,153.0,12926
2024-12-05,11:00:00,153.2,153.4,152.2,153.2,10047
2024-12-05,12:00:00,153.2,153.4,152.6,153.0,6821
2024-12-05,13:00:00,153.0,153.4,152.0,152.6,11107
2024-12-05,14:00:00,152.6,153.2,152.0,153.0,11588
2024-12-08,10:00:00,155.0,155.8,153.6,155.0,10604
2024-12-08,11:00:00,155.2,156.6,154.8,155.8,10842
2024-12-08,12:00:00,155.8,156.0,155.0,155.0,6909
2024-12-08,13:00:00,154.8,156.0,154.8,155.0,5180
2024-12-08,14:00:00,155.0,155.8,154.8,155.2,3703
2024-12-08,15:00:00,155.2,155.2,155.0,155.0,1818
2024-12-09,10:00:00,154.8,157.0,152.2,152.2,20393
2024-12-09,11:00:00,152.4,153.0,152.0,153.0,10744
2024-12-09,12:00:00,153.0,154.2,152.8,153.8,12078
2024-12-09,13:00:00,154.0,154.4,153.0,153.6,8948
2024-12-09,14:00:00,153.8,155.0,153.2,155.0,19515
2024-12-09,15:00:00,154.8,155.2,154.4,154.8,16380
2024-12-10,10:00:00,157.4,158.0,155.8,157.2,32656
2024-12-10,11:00:00,157.2,158.0,157.0,157.4,20767
2024-12-10,12:00:00,157.6,157.6,156.6,157.0,18938
2024-12-10,13:00:00,157.2,157.2,156.6,157.0,13608
2024-12-10,14:00:00,157.0,157.2,156.8,157.2,8670
2024-12-10,15:00:00,157.2,157.4,156.8,157.4,5095
2024-12-11,10:00:00,156.2,156.2,155.2,155.4,4888
2024-12-11,11:00:00,155.8,156.4,155.4,156.2,3965
2024-12-11,12:00:00,156.2,157.4,156.2,157.0,11378
2024-12-11,13:00:00,157.0,157.2,155.8,156.0,16977
2024-12-11,14:00:00,155.8,156.4,155.8,156.0,31821
2024-12-11,15:00:00,156.0,157.0,156.0,157.0,3651
2024-12-12,10:00:00,157.0,157.2,156.0,157.0,6339
2024-12-12,11:00:00,157.0,157.6,157.0,157.2,2863
2024-12-12,12:00:00,157.2,157.6,157.0,157.0,2775
2024-12-12,13:00:00,157.4,157.4,157.0,157.4,2105
2024-12-12,14:00:00,157.2,157.4,156.0,157.0,14617
2024-12-12,15:00:00,157.0,157.0,157.0,157.0,6937
2024-12-15,10:00:00,157.2,158.6,156.0,158.4,9718
2024-12-15,11:00:00,158.6,159.8,158.6,159.2,17636
2024-12-15,12:00:00,159.2,160.0,158.8,159.0,11732
2024-12-15,13:00:00,159.0,159.8,158.8,159.6,3875
2024-12-15,14:00:00,159.6,165.0,159.6,162.0,62161
2024-12-15,15:00:00,162.0,162.0,162.0,162.0,694
2024-12-16,10:00:00,160.6,164.2,159.2,160.4,31112
2024-12-16,11:00:00,160.4,162.2,160.2,161.8,4975
2024-12-16,12:00:00,161.6,161.8,160.0,160.2,7992
2024-12-16,13:00:00,160.2,160.6,160.0,160.4,7262
2024-12-16,14:00:00,160.4,161.0,159.2,160.6,12236
2024-12-17,10:00:00,159.0,159.2,158.0,159.0,5570
2024-12-17,11:00:00,159.2,159.8,158.2,158.4,4083
2024-12-17,12:00:00,158.2,158.8,158.0,158.4,2029
2024-12-17,13:00:00,158.4,158.8,157.0,157.2,9826
2024-12-17,14:00:00,157.0,157.6,156.2,157.4,13032
2024-12-17,15:00:00,157.4,158.4,157.4,158.2,3384
2024-12-18,10:00:00,157.4,158.0,154.4,157.6,13132
2024-12-18,11:00:00,157.8,158.8,157.0,157.0,5004
2024-12-18,12:00:00,157.0,157.6,156.8,157.0,4906
2024-12-18,13:00:00,156.8,156.8,156.0,156.8,5155
2024-12-18,14:00:00,156.8,157.8,156.6,157.4,4395
2024-12-19,10:00:00,154.8,156.0,154.8,156.0,3092
2024-12-19,11:00:00,156.0,156.2,155.4,156.0,1529
2024-12-19,12:00:00,156.0,156.2,155.4,155.8,1496
2024-12-19,13:00:00,155.8,157.0,155.6,157.0,4488
2024-12-19,14:00:00,157.0,157.2,156.2,156.8,3387
2024-12-19,15:00:00,156.8,157.2,156.2,156.2,21053
2024-12-22,10:00:00,156.2,158.8,156.2,158.6,3224
2024-12-22,11:00:00,158.6,158.6,157.4,158.4,2346
2024-12-22,12:00:00,158.0,158.4,158.0,158.0,590
2024-12-22,13:00:00,157.8,158.4,157.6,157.6,2342
2024-12-22,14:00:00,157.6,158.2,157.0,157.0,5354
2024-12-22,15:00:00,157.0,157.0,157.0,157.0,3713
2024-12-23,10:00:00,157.0,158.6,153.2,154.0,15814
2024-12-23,11:00:00,154.0,155.8,153.6,155.4,4825
2024-12-23,12:00:00,155.2,156.8,155.2,156.6,3665
2024-12-23,13:00:00,156.4,157.0,155.6,155.6,3297
2024-12-23,14:00:00,155.6,157.6,155.4,157.2,6167
2024-12-23,15:00:00,157.6,157.6,157.6,157.6,1121
2024-12-24,10:00:00,154.4,158.0,153.6,155.6,6145
2024-12-24,11:00:00,155.6,155.6,154.6,154.8,4092
2024-12-24,12:00:00,154.8,155.2,154.0,154.0,5500
2024-12-24,13:00:00,154.2,154.4,153.8,154.2,7786
2024-12-24,14:00:00,154.2,155.0,154.0,155.0,8104
2024-12-25,10:00:00,154.2,154.4,153.8,153.8,3091
2024-12-25,11:00:00,153.8,155.4,153.8,154.0,5708
2024-12-25,12:00:00,154.8,155.2,154.0,154.8,1566
2024-12-25,13:00:00,154.8,155.2,154.8,155.2,1492
2024-12-25,14:00:00,155.2,157.2,155.2,156.8,4623
2024-12-25,15:00:00,157.0,157.8,156.6,157.4,3568
2024-12-26,10:00:00,156.0,157.6,156.0,156.2,3580
2024-12-26,11:00:00,156.2,157.0,156.2,156.8,1834
2024-12-26,12:00:00,156.8,157.2,156.0,156.2,1149
2024-12-26,13:00:00,156.2,157.0,156.2,156.8,1292
2024-12-26,14:00:00,157.0,157.2,156.0,156.2,7790
2024-12-29,10:00:00,157.4,157.8,157.2,157.8,608
2024-12-29,11:00:00,157.8,158.0,157.0,157.0,5242
2024-12-29,12:00:00,157.0,157.8,157.0,157.0,1641
2024-12-29,13:00:00,157.4,157.8,157.0,157.6,3028
2024-12-29,14:00:00,157.6,157.6,157.0,157.6,2251
2024-12-29,15:00:00,156.0,156.0,156.0,156.0,5013
2024-12-30,10:00:00,155.6,157.6,155.6,156.6,2801
2024-12-30,11:00:00,156.6,156.8,156.2,156.6,1056
2024-12-30,12:00:00,156.6,157.2,155.0,155.2,8347
2024-12-30,13:00:00,155.2,155.6,153.8,154.4,8651
2024-12-30,14:00:00,154.4,156.4,154.4,155.6,84719
2024-12-30,15:00:00,155.4,155.4,155.4,155.4,448
2024-12-31,10:00:00,155.4,155.6,152.0,152.2,65718
2024-12-31,11:00:00,152.2,153.0,151.8,152.8,21590
2024-12-31,12:00:00,152.6,152.8,152.2,152.6,11903
2024-12-31,13:00:00,152.8,153.0,152.4,152.8,6050
2024-12-31,14:00:00,152.8,153.0,152.2,152.6,10344
2024-12-31,15:00:00,152.2,152.2,152.2,152.2,2236
2025-01-01,10:00:00,152.2,153.0,152.0,152.2,3576
2025-01-01,11:00:00,152.2,152.6,152.0,152.6,1862
2025-01-01,12:00:00,152.4,153.4,152.4,153.0,28812
2025-01-01,13:00:00,152.8,153.0,152.4,152.6,4136
2025-01-01,14:00:00,152.6,152.8,152.0,152.8,6215
2025-01-01,15:00:00,152.8,152.8,152.8,152.8,72
2025-01-02,10:00:00,152.8,153.0,149.2,149.8,30661
2025-01-02,11:00:00,149.8,150.0,149.2,149.8,16155
2025-01-02,12:00:00,149.8,150.0,149.2,149.4,7866
2025-01-02,13:00:00,149.4,150.0,149.0,149.0,23177
2025-01-02,14:00:00,149.4,149.8,149.0,149.0,14175
2025-01-02,15:00:00,150.0,150.0,150.0,150.0,5008
2025-01-05,10:00:00,149.0,149.2,147.8,148.0,15364
2025-01-05,11:00:00,148.0,148.0,146.4,147.0,31224
2025-01-05,12:00:00,147.0,147.8,146.8,147.0,23786
2025-01-05,13:00:00,147.0,147.8,146.8,146.8,13751
2025-01-05,14:00:00,147.0,147.4,146.4,147.4,16015
2025-01-05,15:00:00,146.8,146.8,146.8,146.8,1157
2025-01-06,10:00:00,147.4,149.0,145.8,148.8,25457
2025-01-06,11:00:00,148.8,152.0,148.4,151.4,51229
2025-01-06,12:00:00,151.4,152.0,150.2,150.6,17407
2025-01-06,13:00:00,150.6,151.6,150.2,151.0,12737
2025-01-06,14:00:00,151.2,151.8,151.0,151.6,18320
2025-01-06,15:00:00,151.2,151.2,151.2,151.2,1483
2025-01-07,10:00:00,152.4,155.0,152.2,154.0,38472
2025-01-07,11:00:00,153.8,156.6,153.8,155.2,48496
2025-01-07,12:00:00,155.2,156.8,155.0,155.8,18106
2025-01-07,13:00:00,155.8,155.8,155.0,155.4,7121
2025-01-07,14:00:00,155.2,156.2,155.2,156.0,21373
2025-01-07,15:00:00,156.0,156.0,156.0,156.0,1509
2025-01-08,10:00:00,156.0,160.0,155.0,158.8,47322
2025-01-08,11:00:00,158.8,162.2,158.6,161.6,40677
2025-01-08,12:00:00,161.8,163.8,160.8,163.2,30856
2025-01-08,13:00:00,163.0,164.0,161.2,162.4,36191
2025-01-08,14:00:00,162.2,164.0,162.2,163.6,32741
2025-01-08,15:00:00,163.8,163.8,163.8,163.8,3023
2025-01-09,10:00:00,163.8,163.8,161.0,162.6,16523
2025-01-09,11:00:00,162.0,165.0,162.0,164.6,23946
2025-01-09,12:00:00,164.8,165.8,164.4,165.6,24527
2025-01-09,13:00:00,165.4,165.8,164.6,164.6,13378
2025-01-09,14:00:00,164.6,164.8,162.2,162.4,24451
2025-01-09,15:00:00,163.0,163.0,163.0,163.0,559
2025-01-12,10:00:00,163.0,165.6,162.4,165.2,22401
2025-01-12,11:00:00,165.2,165.4,164.0,164.8,5530
2025-01-12,12:00:00,164.0,164.6,163.8,164.2,3263
2025-01-12,13:00:00,164.2,164.6,163.0,163.4,3143
2025-01-12,14:00:00,163.8,164.0,162.4,162.8,4506
2025-01-12,15:00:00,162.8,162.8,162.8,162.8,498
2025-01-13,10:00:00,156.2,163.6,156.2,158.8,54181
2025-01-13,11:00:00,158.6,159.0,157.4,158.0,13939
2025-01-13,12:00:00,157.8,158.0,156.8,157.4,17811
2025-01-13,13:00:00,157.2,158.2,157.2,158.0,10088
2025-01-13,14:00:00,158.2,158.2,156.0,156.4,36153
2025-01-14,10:00:00,160.6,162.2,156.4,157.4,12998
2025-01-14,11:00:00,157.6,161.8,156.6,161.4,61862
2025-01-14,12:00:00,161.2,161.6,159.6,159.8,12968
2025-01-14,13:00:00,159.8,161.2,159.4,159.4,7201
2025-01-14,14:00:00,159.4,161.4,159.4,160.8,12197
2025-01-14,15:00:00,160.8,161.8,160.0,160.6,6575
2025-01-15,10:00:00,159.2,162.4,159.2,160.6,14616
2025-01-15,11:00:00,160.8,161.4,159.2,159.8,5377
2025-01-15,12:00:00,159.6,160.0,158.8,159.2,11774
2025-01-15,13:00:00,159.2,159.8,159.0,159.2,2986
2025-01-15,14:00:00,159.2,160.4,159.0,159.4,10457
2025-01-15,15:00:00,159.4,160.0,159.2,159.2,3262
2025-01-16,10:00:00,160.0,163.2,160.0,162.6,16826
2025-01-16,11:00:00,162.6,163.8,160.4,160.8,64393
2025-01-16,12:00:00,160.4,160.8,160.0,160.0,6381
2025-01-16,13:00:00,160.0,160.4,159.6,159.6,7228
2025-01-16,14:00:00,159.8,160.4,159.6,160.4,5213
2025-01-16,15:00:00,160.2,161.2,160.0,160.0,5547
2025-01-19,10:00:00,163.0,164.6,162.8,164.2,19908
2025-01-19,11:00:00,164.2,165.0,162.8,164.0,24958
2025-01-19,12:00:00,164.0,164.0,162.4,162.6,13932
2025-01-19,13:00:00,163.4,163.4,161.0,161.2,17378
2025-01-19,14:00:00,161.2,161.6,159.6,160.8,25483
2025-01-19,15:00:00,160.2,160.8,159.0,160.0,10824
2025-01-20,10:00:00,161.0,162.6,160.8,162.4,14150
2025-01-20,11:00:00,162.0,162.4,161.0,161.8,12683
2025-01-20,12:00:00,161.8,162.2,161.0,162.2,17051
2025-01-20,13:00:00,162.2,163.0,161.8,162.6,9878
2025-01-20,14:00:00,162.6,162.8,161.4,162.2,17367
2025-01-20,15:00:00,162.2,162.2,162.2,162.2,1047
2025-01-21,10:00:00,162.8,167.2,160.2,162.0,57242
2025-01-21,11:00:00,162.4,162.8,161.2,161.6,14799
2025-01-21,12:00:00,161.8,163.0,161.0,162.6,14748
2025-01-21,13:00:00,162.6,163.4,162.6,163.0,11833
2025-01-21,14:00:00,163.2,163.8,162.6,163.8,17615
2025-01-22,10:00:00,166.8,168.0,165.4,166.4,20616
2025-01-22,11:00:00,166.2,167.2,164.8,165.2,21812
2025-01-22,12:00:00,165.2,165.2,164.6,165.0,6676
2025-01-22,13:00:00,165.0,165.8,164.6,165.8,8862
2025-01-22,14:00:00,165.8,166.0,164.4,165.6,10137
2025-01-22,15:00:00,166.0,166.8,165.4,166.8,6975
2025-01-23,10:00:00,164.0,167.6,163.0,166.6,10428
2025-01-23,11:00:00,166.6,166.6,163.6,163.8,14651
2025-01-23,12:00:00,163.8,164.2,163.4,164.0,8255
2025-01-23,13:00:00,164.2,164.4,163.2,164.0,12585
2025-01-23,14:00:00,164.0,164.2,163.4,164.0,6499
2025-01-23,15:00:00,164.0,164.2,163.8,164.0,2906
2025-01-26,10:00:00,164.0,166.0,163.8,165.8,3361
2025-01-26,11:00:00,165.2,165.6,164.8,165.0,5972
2025-01-26,12:00:00,165.2,165.4,164.8,165.4,4151
2025-01-26,13:00:00,165.4,165.4,164.8,165.0,3049
2025-01-26,14:00:00,165.4,166.4,165.0,166.0,10705
2025-01-26,15:00:00,166.0,166.2,165.4,165.4,3049
2025-01-27,10:00:00,164.6,166.2,164.2,166.0,10606
2025-01-27,11:00:00,166.2,166.4,165.0,165.8,4805
2025-01-27,12:00:00,165.8,166.0,165.0,165.6,3504
2025-01-27,13:00:00,165.6,165.8,164.6,164.8,7440
2025-01-27,14:00:00,164.8,165.4,164.6,164.6,8300
2025-01-28,10:00:00,166.2,166.4,164.2,165.4,5102
2025-01-28,11:00:00,165.4,166.0,164.4,165.8,9621
2025-01-28,12:00:00,165.8,167.0,165.8,166.0,13611
2025-01-28,13:00:00,166.0,166.8,166.0,166.4,5808
2025-01-28,14:00:00,166.4,167.2,165.8,166.0,16281
2025-01-28,15:00:00,166.2,166.8,166.0,166.2,3378
2025-01-29,10:00:00,165.2,165.4,162.2,163.8,10022
2025-01-29,11:00:00,163.8,165.0,163.8,165.0,3812
2025-01-29,12:00:00,165.0,165.2,164.0,164.6,7788
2025-01-29,13:00:00,164.6,165.6,164.6,165.4,3585
2025-01-29,14:00:00,165.4,165.6,165.0,165.2,3035
2025-01-29,15:00:00,165.2,165.2,165.0,165.0,4838
2025-01-30,10:00:00,165.0,165.0,163.6,164.0,6712
2025-01-30,11:00:00,164.0,164.4,163.4,163.6,15022
2025-01-30,12:00:00,163.6,164.0,163.2,163.4,7312
2025-01-30,13:00:00,163.6,163.6,162.6,163.0,10933
2025-01-30,14:00:00,162.8,163.4,162.6,163.4,11590
2025-01-30,15:00:00,163.4,163.4,163.4,163.4,776
2025-02-02,10:00:00,163.4,163.8,162.2,163.0,8471
2025-02-02,11:00:00,163.0,163.4,162.4,163.0,3507
2025-02-02,12:00:00,162.8,163.0,162.6,163.0,2077
2025-02-02,13:00:00,163.0,163.0,162.8,163.0,1661
2025-02-02,14:00:00,162.8,163.2,162.8,163.0,9520
2025-02-02,15:00:00,163.2,163.2,163.2,163.2,2328
2025-02-03,10:00:00,162.8,163.6,161.0,161.8,19034
2025-02-03,11:00:00,161.6,163.0,161.6,163.0,5705
2025-02-03,12:00:00,162.6,163.2,162.0,162.4,9956
2025-02-03,13:00:00,162.4,162.8,161.8,161.8,8973
2025-02-03,14:00:00,161.8,162.2,161.0,161.6,7826
2025-02-04,10:00:00,163.2,163.4,162.0,162.2,1791
2025-02-04,11:00:00,162.6,163.2,162.0,163.0,9318
2025-02-04,12:00:00,162.8,163.2,162.2,162.8,5787
2025-02-04,13:00:00,163.0,163.2,161.8,162.0,7841
2025-02-04,14:00:00,162.2,163.2,162.0,163.0,3382
2025-02-04,15:00:00,163.0,163.2,162.4,163.2,1908
2025-02-05,10:00:00,162.4,162.6,162.0,162.6,6502
2025-02-05,11:00:00,162.6,163.4,162.2,162.8,13573
2025-02-05,12:00:00,162.6,163.0,162.2,162.8,8984
2025-02-05,13:00:00,162.6,163.2,162.2,163.2,10641
2025-02-05,14:00:00,163.0,163.2,162.2,162.4,10146
2025-02-05,15:00:00,162.4,163.0,162.4,162.4,4379
2025-02-06,10:00:00,162.2,163.4,162.2,163.0,8475
2025-02-06,11:00:00,163.0,163.2,160.6,162.2,38657
2025-02-06,12:00:00,162.2,162.8,162.0,162.4,12889
2025-02-06,13:00:00,162.4,163.2,162.4,163.0,14177
2025-02-06,14:00:00,163.0,163.2,163.0,163.0,14316
2025-02-06,15:00:00,163.0,163.0,163.0,163.0,10776
2025-02-09,10:00:00,162.2,162.8,161.0,162.4,8768
2025-02-09,11:00:00,162.2,162.6,162.0,162.2,5718
2025-02-09,12:00:00,162.6,163.0,162.2,163.0,3694
2025-02-09,13:00:00,163.0,163.0,162.0,162.6,10435
2025-02-09,14:00:00,163.0,163.0,162.0,162.4,5446
2025-02-09,15:00:00,162.8,162.8,162.8,162.8,580
2025-02-10,10:00:00,162.0,162.2,159.6,160.0,19011
2025-02-10,11:00:00,160.0,160.2,159.0,159.4,22837
2025-02-10,12:00:00,159.4,159.4,158.4,159.0,20862
2025-02-10,13:00:00,159.0,159.6,159.0,159.2,7374
2025-02-10,14:00:00,159.2,160.2,159.2,160.2,14214
2025-02-10,15:00:00,160.4,160.4,160.4,160.4,996
2025-02-11,10:00:00,159.2,159.2,157.2,157.4,21566
2025-02-11,11:00:00,157.6,158.0,157.6,157.8,11030
2025-02-11,12:00:00,157.8,158.2,157.2,157.2,42218
2025-02-11,13:00:00,157.4,158.2,157.2,157.6,36988
2025-02-11,14:00:00,157.4,157.6,156.4,157.4,25838
2025-02-11,15:00:00,157.4,157.4,157.4,157.4,25212
2025-02-12,10:00:00,157.2,157.2,154.0,154.4,28528
2025-02-12,11:00:00,154.4,154.6,154.0,154.6,13278
2025-02-12,12:00:00,154.4,154.6,153.6,153.8,14947
2025-02-12,13:00:00,153.8,154.2,153.2,153.8,28881
2025-02-12,14:00:00,153.8,154.6,153.2,153.6,31697
2025-02-12,15:00:00,154.4,154.4,154.4,154.4,11150
2025-02-13,10:00:00,154.2,155.2,153.4,154.8,27723
2025-02-13,11:00:00,155.0,158.4,154.8,158.2,30109
2025-02-13,12:00:00,158.2,158.2,157.4,157.6,20365
2025-02-13,13:00:00,157.4,158.0,157.4,157.8,4480
2025-02-13,14:00:00,157.6,160.6,157.6,160.4,49008
2025-02-13,15:00:00,160.6,160.6,160.6,160.6,3492
2025-02-16,10:00:00,160.8,161.6,159.0,159.8,12562
2025-02-16,11:00:00,159.8,160.0,159.0,160.0,5622
2025-02-16,12:00:00,160.4,161.0,160.0,160.2,9021
2025-02-16,13:00:00,160.6,161.8,160.0,161.4,9937
2025-02-16,14:00:00,161.4,161.6,160.0,160.4,8636
2025-02-16,15:00:00,160.4,160.4,160.4,160.4,1747
2025-02-17,10:00:00,161.0,164.0,161.0,163.6,52530
2025-02-17,11:00:00,163.6,164.0,163.0,163.2,14511
2025-02-17,12:00:00,163.2,164.8,163.2,164.2,13868
2025-02-17,13:00:00,164.2,165.8,164.0,165.0,36587
2025-02-17,14:00:00,164.8,165.0,164.0,164.6,12214
2025-02-17,15:00:00,164.8,164.8,164.8,164.8,1122
2025-02-18,10:00:00,164.4,166.8,164.4,166.4,22672
2025-02-18,11:00:00,166.6,169.4,166.6,169.0,53661
2025-02-18,12:00:00,168.8,172.8,168.6,171.4,62217
2025-02-18,13:00:00,171.4,171.6,170.0,170.4,11649
2025-02-18,14:00:00,170.4,171.8,170.0,170.8,13696
2025-02-18,15:00:00,171.2,171.2,171.2,171.2,5123
2025-02-19,10:00:00,171.6,173.6,169.8,172.0,35737
2025-02-19,11:00:00,172.2,172.6,168.0,168.0,42210
2025-02-19,12:00:00,168.2,168.6,167.4,168.2,8585
2025-02-19,13:00:00,168.0,168.0,165.0,166.0,14361
2025-02-19,14:00:00,165.8,166.6,165.2,166.0,8115
2025-02-19,15:00:00,165.8,165.8,165.8,165.8,470
2025-02-20,10:00:00,164.4,167.0,162.0,163.2,21192
2025-02-20,11:00:00,163.6,164.4,160.4,163.4,12874
2025-02-20,12:00:00,163.4,164.0,162.2,164.0,5805
2025-02-20,13:00:00,163.6,164.0,162.8,163.8,2904
2025-02-20,14:00:00,163.6,164.2,163.2,164.0,7828
2025-02-24,10:00:00,161.2,165.8,161.2,163.2,25153
2025-02-24,11:00:00,163.2,164.0,161.0,163.8,15613
2025-02-24,12:00:00,163.6,164.4,162.0,162.4,4431
2025-02-24,13:00:00,162.4,163.6,162.0,162.8,3950
2025-02-24,14:00:00,163.2,163.2,161.0,161.8,9605
2025-02-24,15:00:00,162.4,164.8,161.0,161.2,4845
2025-02-25,10:00:00,167.0,168.4,162.0,165.0,31427
2025-02-25,11:00:00,164.8,168.0,163.4,167.2,73186
2025-02-25,12:00:00,167.2,167.4,166.2,166.6,12745
2025-02-25,13:00:00,166.6,169.0,165.6,168.8,25078
2025-02-25,14:00:00,168.8,170.4,167.0,168.4,25497
2025-02-25,15:00:00,168.6,168.8,166.0,167.0,12485
2025-02-26,10:00:00,172.2,172.2,168.4,170.2,35904
2025-02-26,11:00:00,170.4,173.0,170.2,171.6,51227
2025-02-26,12:00:00,171.6,173.0,171.2,172.4,20823
2025-02-26,13:00:00,172.6,172.8,171.8,171.8,13921
2025-02-26,14:00:00,171.8,172.2,170.6,171.0,23963
2025-02-26,15:00:00,171.2,172.4,171.0,172.2,12465
2025-02-27,10:00:00,174.0,177.8,171.0,172.6,43566
2025-02-27,11:00:00,172.6,173.6,171.6,173.2,12388
2025-02-27,12:00:00,173.2,175.0,172.4,174.2,38578
2025-02-27,13:00:00,174.4,174.4,173.6,173.6,19105
2025-02-27,14:00:00,173.6,174.6,173.0,173.6,25058
2025-02-27,15:00:00,173.8,174.8,173.8,174.0,12915
2025-03-02,10:00:00,175.0,179.0,171.0,177.2,22666
2025-03-02,11:00:00,177.2,177.8,175.2,175.2,12409
2025-03-02,12:00:00,175.2,180.4,175.2,177.0,53517
2025-03-02,13:00:00,177.2,177.4,176.0,176.6,5969
2025-03-02,14:00:00,176.6,177.0,175.2,176.0,13039
2025-03-02,15:00:00,176.0,176.0,175.0,175.0,9362
2025-03-03,10:00:00,168.8,173.6,165.0,171.4,26816
2025-03-03,11:00:00,171.4,174.2,170.8,172.8,12684
2025-03-03,12:00:00,172.6,174.6,172.4,173.4,6830
2025-03-03,13:00:00,173.4,173.6,172.0,172.6,8602
2025-03-03,14:00:00,172.6,172.6,169.6,169.6,26169
2025-03-03,15:00:00,169.6,169.8,168.0,168.8,14535
2025-03-04,10:00:00,167.2,170.0,165.8,169.4,4489
2025-03-04,11:00:00,169.4,169.4,167.0,168.6,12680
2025-03-04,12:00:00,168.6,168.6,166.8,167.2,6019
2025-03-04,13:00:00,167.4,167.4,165.2,166.8,8389
2025-03-04,14:00:00,166.6,166.8,165.4,165.6,10526
2025-03-04,15:00:00,165.8,166.6,165.2,166.6,6680
2025-03-05,10:00:00,166.2,166.2,162.8,163.4,13343
2025-03-05,11:00:00,162.8,163.4,161.0,161.8,22155
2025-03-05,12:00:00,162.0,162.2,161.2,161.2,11224
2025-03-05,13:00:00,161.4,161.4,160.4,160.4,12028
2025-03-05,14:00:00,160.4,160.4,157.0,159.2,28428
2025-03-05,15:00:00,159.8,159.8,159.8,159.8,1495
2025-03-06,10:00:00,157.2,159.8,155.0,157.8,11204
2025-03-06,11:00:00,157.6,157.6,155.0,157.0,13042
2025-03-06,12:00:00,157.0,158.4,156.2,156.8,15041
2025-03-06,13:00:00,156.8,157.6,155.2,157.4,8727
2025-03-06,14:00:00,157.6,159.0,157.2,157.6,25171
2025-03-06,15:00:00,158.2,158.2,158.2,158.2,732
2025-03-09,10:00:00,158.2,161.2,157.6,157.6,7671
2025-03-09,11:00:00,157.6,159.2,155.0,159.0,9600
2025-03-09,12:00:00,158.2,162.0,158.2,161.2,10359
2025-03-09,13:00:00,161.2,162.4,160.2,162.2,5530
2025-03-09,14:00:00,162.0,163.6,162.0,162.8,12356
2025-03-09,15:00:00,163.0,163.0,163.0,163.0,403
2025-03-10,10:00:00,159.6,162.2,158.6,160.6,14179
2025-03-10,11:00:00,161.0,162.0,157.4,158.6,7754
2025-03-10,12:00:00,158.8,159.8,158.4,159.6,3119
2025-03-10,13:00:00,159.4,159.4,157.0,157.8,12652
2025-03-10,14:00:00,158.0,159.4,157.2,157.4,13642
2025-03-10,15:00:00,156.0,156.0,156.0,156.0,5304
2025-03-11,10:00:00,157.2,158.2,150.2,152.2,37424
2025-03-11,11:00:00,152.6,154.0,152.2,153.2,16890
2025-03-11,12:00:00,153.0,155.0,152.6,154.4,22003
2025-03-11,13:00:00,154.2,155.2,154.0,154.2,18553
2025-03-11,14:00:00,154.2,159.0,154.0,157.0,52046
2025-03-12,10:00:00,154.8,158.2,152.2,156.8,7583
2025-03-12,11:00:00,156.8,159.8,156.4,159.2,6257
2025-03-12,12:00:00,159.2,159.2,156.0,157.0,9227
2025-03-12,13:00:00,157.2,157.2,154.0,154.4,13910
2025-03-12,14:00:00,154.4,156.8,154.4,156.4,10989
2025-03-12,15:00:00,156.0,156.4,154.8,154.8,5281
2025-03-13,10:00:00,159.0,159.6,154.2,156.2,7170
2025-03-13,11:00:00,156.0,158.0,155.6,157.6,9029
2025-03-13,12:00:00,157.4,157.8,157.2,157.6,3608
2025-03-13,13:00:00,157.8,159.4,157.6,158.6,12923
2025-03-13,14:00:00,158.8,159.0,156.0,158.4,24000
2025-03-13,15:00:00,158.2,159.0,158.0,159.0,4861
2025-03-16,10:00:00,158.2,158.8,157.2,158.0,4870
2025-03-16,11:00:00,158.2,159.0,157.8,158.0,3344
2025-03-16,12:00:00,158.0,161.4,158.0,160.6,4438
2025-03-16,13:00:00,160.4,161.6,160.2,161.2,4838
2025-03-16,14:00:00,161.4,161.4,159.0,160.0,5012
2025-03-16,15:00:00,159.6,161.2,159.2,161.2,3538
2025-03-17,10:00:00,161.2,161.2,158.0,160.0,34705
2025-03-17,11:00:00,160.0,160.8,158.8,159.4,11593
2025-03-17,12:00:00,159.6,159.6,157.2,157.8,18998
2025-03-17,13:00:00,157.8,157.8,156.6,157.2,19170
2025-03-17,14:00:00,157.0,159.0,156.8,158.4,14347
2025-03-17,15:00:00,157.8,157.8,157.8,157.8,1129
2025-03-18,10:00:00,158.2,158.4,156.0,157.0,9277
2025-03-18,11:00:00,157.0,157.6,156.0,157.4,9380
2025-03-18,12:00:00,157.4,158.2,156.6,156.8,7722
2025-03-18,13:00:00,156.8,157.2,154.2,154.2,18798
2025-03-18,14:00:00,154.4,156.6,154.0,154.0,12101
2025-03-18,15:00:00,155.0,155.0,155.0,155.0,1232
2025-03-19,10:00:00,152.0,155.2,150.0,152.4,51329
2025-03-19,11:00:00,152.2,153.4,151.6,153.0,10088
2025-03-19,12:00:00,153.0,153.4,152.2,153.4,4369
2025-03-19,13:00:00,153.4,154.0,152.8,153.0,3125
2025-03-19,14:00:00,153.2,154.2,153.0,153.8,4238
2025-03-19,15:00:00,154.2,154.2,154.2,154.2,2616
2025-03-20,10:00:00,156.8,160.4,154.8,157.0,23438
2025-03-20,11:00:00,157.0,157.8,155.8,157.0,13385
2025-03-20,12:00:00,156.8,156.8,154.8,155.2,6854
2025-03-20,13:00:00,155.2,156.0,155.0,155.0,4059
2025-03-20,14:00:00,155.2,157.4,154.6,156.0,19423
2025-03-20,15:00:00,157.8,157.8,157.8,157.8,33053
2025-03-23,10:00:00,158.0,158.0,155.4,155.4,2768
2025-03-23,11:00:00,155.6,156.8,155.6,156.6,1096
2025-03-23,12:00:00,156.4,157.0,155.8,156.4,2622
2025-03-23,13:00:00,156.4,157.0,156.2,157.0,1885
2025-03-23,14:00:00,157.0,158.0,157.0,157.0,3255
2025-03-23,15:00:00,157.0,157.0,157.0,157.0,640
2025-03-24,10:00:00,155.0,156.0,153.6,155.0,7193
2025-03-24,11:00:00,155.0,156.4,155.0,156.0,3515
2025-03-24,12:00:00,156.0,156.6,156.0,156.2,316
2025-03-24,13:00:00,156.6,157.0,155.0,155.4,3450
2025-03-24,14:00:00,155.4,156.2,155.2,155.8,4130
2025-03-24,15:00:00,155.8,156.0,155.0,155.0,3673
2025-03-25,10:00:00,153.2,154.2,153.0,153.0,10164
2025-03-25,11:00:00,153.4,154.0,152.6,152.8,3699
2025-03-25,12:00:00,152.8,153.6,152.4,153.4,4185
2025-03-25,13:00:00,153.4,153.6,152.0,152.2,4428
2025-03-25,14:00:00,152.4,153.4,152.2,153.4,3658
2025-03-25,15:00:00,153.2,153.8,153.0,153.2,1421
2025-03-26,10:00:00,155.4,156.0,153.2,154.6,4063
2025-03-26,11:00:00,154.4,155.8,154.0,155.8,5610
2025-03-26,12:00:00,155.4,156.0,155.2,155.6,3616
2025-03-26,13:00:00,155.6,155.6,154.6,154.8,4089
2025-03-26,14:00:00,154.8,155.4,154.4,154.4,5054
2025-03-27,10:00:00,156.0,156.4,152.2,155.6,6892
2025-03-27,11:00:00,155.6,155.6,154.2,155.2,2200
2025-03-27,12:00:00,155.4,158.0,155.0,157.6,11955
2025-03-27,13:00:00,157.6,157.6,155.2,155.2,14886
2025-03-27,14:00:00,155.4,156.0,154.8,155.8,4767
2025-03-27,15:00:00,156.0,156.0,155.0,156.0,2998
2025-04-03,10:00:00,150.4,155.8,138.8,155.2,12677
2025-04-03,11:00:00,155.0,155.0,153.2,153.4,5978
2025-04-03,12:00:00,153.4,153.4,151.4,151.8,7618
2025-04-03,13:00:00,151.8,152.0,151.0,151.2,7127
2025-04-03,14:00:00,151.2,151.6,150.2,150.2,9155
2025-04-03,15:00:00,150.4,150.8,150.2,150.4,2255
2025-04-06,10:00:00,143.2,144.0,134.0,143.2,17899
2025-04-06,11:00:00,143.0,144.6,142.0,144.2,7464
2025-04-06,12:00:00,144.2,145.4,143.8,144.6,6002
2025-04-06,13:00:00,144.8,147.8,143.2,145.0,15208
2025-04-06,14:00:00,145.0,145.4,137.2,141.6,53133
2025-04-06,15:00:00,141.4,143.4,141.2,143.2,2527
2025-04-07,10:00:00,145.6,150.4,134.4,139.4,14586
2025-04-07,11:00:00,139.0,145.2,138.6,144.4,21733
2025-04-07,12:00:00,144.8,146.6,144.2,144.8,10250
2025-04-07,13:00:00,144.8,146.0,144.6,145.6,4151
2025-04-07,14:00:00,145.4,146.8,145.0,145.8,6022
2025-04-07,15:00:00,146.4,146.4,145.6,145.6,2141
2025-04-08,10:00:00,149.0,151.2,147.0,149.2,18292
2025-04-08,11:00:00,149.2,149.6,146.6,146.8,20931
2025-04-08,12:00:00,147.0,147.0,145.2,146.0,12196
2025-04-08,13:00:00,146.0,147.0,145.8,147.0,5043
2025-04-08,14:00:00,147.0,148.0,146.6,148.0,9219
2025-04-08,15:00:00,148.0,149.0,147.8,149.0,7982
2025-04-09,10:00:00,144.2,151.2,144.2,147.6,19986
2025-04-09,11:00:00,147.6,149.2,147.0,148.0,7465
2025-04-09,12:00:00,148.0,149.0,147.2,147.4,4584
2025-04-09,13:00:00,147.6,148.4,147.4,147.4,1493
2025-04-09,14:00:00,147.2,147.6,144.0,144.0,22754
2025-04-09,15:00:00,144.0,146.6,144.0,144.2,5285
2025-04-10,10:00:00,149.0,152.4,149.0,151.0,32744
2025-04-10,11:00:00,151.0,151.2,148.8,149.4,22037
2025-04-10,12:00:00,149.4,149.4,148.2,148.8,13913
2025-04-10,13:00:00,148.8,149.6,148.4,148.4,7771
2025-04-10,14:00:00,149.0,150.0,148.0,149.6,6493
2025-04-10,15:00:00,149.6,149.8,149.0,149.0,4154
2025-04-13,10:00:00,151.8,152.0,149.0,151.6,8268
2025-04-13,11:00:00,151.6,153.0,151.0,153.0,7226
2025-04-13,12:00:00,152.4,152.6,152.0,152.4,1746
2025-04-13,13:00:00,152.4,152.4,151.2,151.4,2753
2025-04-13,14:00:00,151.6,152.0,151.2,152.0,829
2025-04-13,15:00:00,152.2,152.4,151.4,151.8,1499
2025-04-14,10:00:00,153.2,154.0,149.8,149.8,3979
2025-04-14,11:00:00,149.8,151.4,149.6,151.4,10724
2025-04-14,12:00:00,151.4,151.6,150.4,151.0,5487
2025-04-14,13:00:00,151.0,151.2,149.8,150.0,6506
2025-04-14,14:00:00,149.8,152.4,149.8,152.0,11215
2025-04-14,15:00:00,152.0,153.2,151.8,153.2,8256
2025-04-15,10:00:00,157.8,157.8,153.0,153.0,5132
2025-04-15,11:00:00,153.0,155.8,153.0,155.4,13523
2025-04-15,12:00:00,155.6,156.6,155.0,156.2,15260
2025-04-15,13:00:00,156.0,156.0,155.2,155.8,8932
2025-04-15,14:00:00,155.6,157.0,155.6,157.0,9124
2025-04-15,15:00:00,156.6,157.8,156.0,157.8,9131
2025-04-16,10:00:00,156.8,157.8,153.0,155.8,14579
2025-04-16,11:00:00,155.8,156.4,154.6,156.2,6126
2025-04-16,12:00:00,156.0,156.6,154.6,154.8,4216
2025-04-16,13:00:00,155.0,155.6,155.0,155.6,9412
2025-04-16,14:00:00,155.4,156.0,155.0,155.8,3009
2025-04-16,15:00:00,155.8,156.8,155.4,156.8,3434
2025-04-17,10:00:00,153.2,155.4,152.8,154.4,8419
2025-04-17,11:00:00,154.2,154.8,153.8,154.6,5515
2025-04-17,12:00:00,154.6,154.6,154.2,154.6,2897
2025-04-17,13:00:00,154.6,154.6,153.8,154.0,3387
2025-04-17,14:00:00,154.2,154.6,153.6,154.0,9897
2025-04-17,15:00:00,154.0,154.4,153.0,153.2,8191
2025-04-20,10:00:00,155.4,155.6,154.0,154.2,2440
2025-04-20,11:00:00,154.6,155.0,154.0,154.2,1835
2025-04-20,12:00:00,154.4,154.4,153.2,153.2,4343
2025-04-20,13:00:00,153.2,153.8,153.2,153.4,5000
2025-04-20,14:00:00,153.4,154.0,152.8,154.0,5371
2025-04-20,15:00:00,154.0,154.2,153.8,153.8,1403
2025-04-21,10:00:00,154.2,155.2,153.0,154.6,8393
2025-04-21,11:00:00,154.6,154.8,153.6,153.6,2345
2025-04-21,12:00:00,153.4,154.4,153.4,154.4,1833
2025-04-21,13:00:00,154.2,154.6,153.8,154.2,1489
2025-04-21,14:00:00,154.0,154.8,153.8,154.8,1658
2025-04-22,10:00:00,153.4,155.4,153.4,153.8,9289
2025-04-22,11:00:00,154.0,154.4,153.2,153.2,3687
2025-04-22,12:00:00,153.2,153.6,153.0,153.2,2153
2025-04-22,13:00:00,153.0,153.4,151.6,152.0,25872
2025-04-22,14:00:00,151.8,153.4,151.8,152.8,8314
2025-04-22,15:00:00,152.8,154.4,152.8,153.4,3986
2025-04-23,10:00:00,150.2,154.2,150.2,152.2,26543
2025-04-23,11:00:00,152.2,152.2,150.0,150.2,36951
2025-04-23,12:00:00,150.0,151.0,149.8,150.8,22055
2025-04-23,13:00:00,150.8,151.2,149.8,150.2,25784
2025-04-23,14:00:00,150.0,150.2,149.4,150.2,21652
2025-04-23,15:00:00,150.2,150.2,150.0,150.2,7753
2025-04-24,10:00:00,150.6,152.0,150.4,150.6,7403
2025-04-24,11:00:00,150.6,151.2,149.8,150.8,20895
2025-04-24,12:00:00,151.0,151.8,150.8,151.0,12126
2025-04-24,13:00:00,151.0,151.2,150.8,151.0,6608
2025-04-24,14:00:00,151.0,152.0,150.8,151.6,27570
2025-04-24,15:00:00,151.6,151.6,150.6,150.6,11133
2025-04-27,10:00:00,151.0,152.2,151.0,152.0,2735
2025-04-27,11:00:00,152.0,153.4,151.8,153.0,7373
2025-04-27,12:00:00,153.2,153.4,152.0,152.0,7283
2025-04-27,13:00:00,151.8,152.2,151.0,151.8,10693
2025-04-27,14:00:00,151.8,152.0,151.4,151.8,2361
2025-04-27,15:00:00,152.0,152.0,151.0,151.0,2715
2025-04-28,10:00:00,154.6,158.4,151.2,151.8,22661
2025-04-28,11:00:00,151.6,153.0,151.4,152.0,10886
2025-04-28,12:00:00,152.4,153.8,152.2,153.6,15864
2025-04-28,13:00:00,154.0,155.6,153.6,155.2,25070
2025-04-28,14:00:00,155.2,155.4,154.2,154.6,10311
2025-04-28,15:00:00,154.6,155.2,154.6,154.6,2323
2025-04-29,10:00:00,157.4,173.0,157.0,157.6,379161
2025-04-29,11:00:00,157.6,157.6,155.8,156.8,14484
2025-04-29,12:00:00,156.6,157.6,156.6,157.4,6452
2025-04-29,13:00:00,157.4,158.0,156.8,157.2,6809
2025-04-29,14:00:00,157.0,157.4,157.0,157.2,9457
2025-04-29,15:00:00,157.4,157.4,157.0,157.4,14991
2025-04-30,10:00:00,173.0,176.4,171.4,173.0,155750
2025-04-30,11:00:00,173.0,173.0,173.0,173.0,13257
2025-04-30,12:00:00,173.0,173.0,173.0,173.0,4605
2025-04-30,13:00:00,173.0,173.0,173.0,173.0,3119
2025-04-30,14:00:00,173.0,173.0,173.0,173.0,4256
2025-04-30,15:00:00,173.0,173.0,173.0,173.0,1800
2025-05-01,10:00:00,172.6,172.8,169.0,172.6,123060
2025-05-01,11:00:00,172.8,172.8,170.8,171.4,28860
2025-05-01,12:00:00,171.6,172.4,169.6,169.8,21441
2025-05-01,13:00:00,169.8,170.4,169.0,169.4,18124
2025-05-01,14:00:00,169.8,172.0,169.2,170.4,42679
2025-05-01,15:00:00,170.2,171.2,169.8,170.0,12003
2025-05-04,10:00:00,171.0,172.0,168.2,169.0,14903
2025-05-04,11:00:00,169.0,169.4,168.0,168.2,6954
2025-05-04,12:00:00,168.4,168.6,166.2,166.2,7664
2025-05-04,13:00:00,166.0,167.6,165.2,166.4,23073
2025-05-04,14:00:00,167.0,168.8,166.2,167.0,26162
2025-05-04,15:00:00,168.2,168.2,168.2,168.2,14267
2025-05-05,10:00:00,166.2,172.0,166.2,168.8,23029
2025-05-05,11:00:00,168.6,171.2,167.6,170.8,20590
2025-05-05,12:00:00,171.0,171.6,169.0,169.4,19382
2025-05-05,13:00:00,169.4,173.4,168.0,172.4,30413
2025-05-05,14:00:00,172.6,175.8,172.0,173.6,65565
2025-05-05,15:00:00,173.0,173.0,173.0,173.0,6118
2025-05-06,10:00:00,172.8,175.4,169.0,173.0,22007
2025-05-06,11:00:00,173.0,173.2,170.8,172.2,11926
2025-05-06,12:00:00,172.2,172.4,171.0,172.2,10629
2025-05-06,13:00:00,172.4,172.4,171.2,171.2,3940
2025-05-06,14:00:00,171.0,172.8,171.0,172.8,10933
2025-05-07,10:00:00,169.6,170.6,169.0,169.4,6284
2025-05-07,11:00:00,169.2,172.0,169.2,170.8,6524
2025-05-07,12:00:00,171.0,171.2,170.0,170.0,2100
2025-05-07,13:00:00,170.2,170.4,169.4,169.6,6741
2025-05-07,14:00:00,169.6,170.4,169.4,169.4,9720
2025-05-07,15:00:00,169.4,169.8,169.0,169.6,9057
2025-05-08,10:00:00,170.0,171.2,168.2,168.6,15262
2025-05-08,11:00:00,168.6,170.0,168.6,170.0,2702
2025-05-08,12:00:00,170.2,172.6,169.8,170.0,18582
2025-05-08,13:00:00,169.6,169.8,168.6,169.0,6393
2025-05-08,14:00:00,169.0,170.4,169.0,169.6,8010
2025-05-11,10:00:00,171.2,171.8,170.0,170.0,6546
2025-05-11,11:00:00,170.0,171.0,169.6,170.4,2011
2025-05-11,12:00:00,170.4,171.0,170.2,170.4,2232
2025-05-11,13:00:00,170.4,172.0,170.0,171.4,5245
2025-05-11,14:00:00,171.4,174.0,171.4,173.0,12405
2025-05-11,15:00:00,172.8,173.8,171.2,171.2,11004
2025-05-12,10:00:00,179.8,182.2,170.8,174.8,23909
2025-05-12,11:00:00,174.6,174.6,172.8,173.6,14187
2025-05-12,12:00:00,173.4,176.8,173.2,176.8,60603
2025-05-12,13:00:00,176.8,182.0,176.4,178.6,69256
2025-05-12,14:00:00,178.4,183.8,178.2,182.0,60268
2025-05-12,15:00:00,181.8,181.8,179.0,179.8,12686
2025-05-13,10:00:00,181.6,182.4,180.4,180.6,9154
2025-05-13,11:00:00,180.4,181.0,179.0,180.2,21209
2025-05-13,12:00:00,180.2,180.4,178.4,179.0,22226
2025-05-13,13:00:00,179.0,180.2,178.8,180.0,10458
2025-05-13,14:00:00,179.8,180.0,179.2,180.0,8630
2025-05-13,15:00:00,179.8,181.0,179.8,181.0,8310
2025-05-14,10:00:00,181.0,181.0,179.0,179.6,8875
2025-05-14,11:00:00,179.6,180.0,179.2,180.0,8933
2025-05-14,12:00:00,179.8,180.0,179.8,179.8,1984
2025-05-14,13:00:00,179.8,180.4,179.8,180.2,5488
2025-05-14,14:00:00,180.2,181.0,179.8,179.8,12894
2025-05-14,15:00:00,180.0,180.0,180.0,180.0,1575
2025-05-15,10:00:00,179.4,183.4,178.6,179.0,43750
2025-05-15,11:00:00,178.8,179.2,178.2,179.0,7283
2025-05-15,12:00:00,179.2,179.8,178.8,179.0,4864
2025-05-15,13:00:00,179.4,179.6,178.4,179.0,8986
2025-05-15,14:00:00,179.4,180.4,179.0,179.0,12386
2025-05-15,15:00:00,180.0,180.0,180.0,180.0,24776
2025-05-18,10:00:00,178.0,178.0,176.4,176.6,13035
2025-05-18,11:00:00,177.0,177.8,176.0,176.8,5261
2025-05-18,12:00:00,176.8,177.4,175.4,175.4,7825
2025-05-18,13:00:00,176.0,176.0,174.4,175.0,9908
2025-05-18,14:00:00,175.0,175.4,174.2,175.0,6859
2025-05-18,15:00:00,174.6,174.6,174.6,174.6,1679
2025-05-19,10:00:00,174.6,177.0,174.4,175.6,16133
2025-05-19,11:00:00,176.2,176.2,174.8,175.0,3938
2025-05-19,12:00:00,175.0,175.4,174.2,174.8,11623
2025-05-19,13:00:00,174.8,174.8,173.8,174.2,5245
2025-05-19,14:00:00,174.6,175.0,174.2,175.0,5933
2025-05-19,15:00:00,174.4,174.4,174.4,174.4,3526
2025-05-20,10:00:00,174.8,174.8,173.4,173.6,2511
2025-05-20,11:00:00,173.6,174.2,173.0,174.0,4369
2025-05-20,12:00:00,174.2,174.8,174.0,174.6,4020
2025-05-20,13:00:00,174.6,174.8,174.0,174.8,3683
2025-05-20,14:00:00,174.6,175.0,174.4,175.0,4976
2025-05-20,15:00:00,176.4,176.4,176.4,176.4,5840
2025-05-21,10:00:00,176.4,176.4,174.4,175.0,5826
2025-05-21,11:00:00,174.6,175.0,174.0,175.0,2697
2025-05-21,12:00:00,174.8,175.2,174.4,174.6,10348
2025-05-21,13:00:00,174.4,174.8,174.2,174.6,2691
2025-05-21,14:00:00,174.6,175.0,173.6,175.0,4072
2025-05-21,15:00:00,174.2,174.2,174.2,174.2,1676
2025-05-22,10:00:00,170.6,173.6,167.0,171.2,10076
2025-05-22,11:00:00,171.2,171.4,169.6,171.0,6582
2025-05-22,12:00:00,171.0,171.6,170.0,170.0,4156
2025-05-22,13:00:00,169.8,170.8,169.6,170.0,4780
2025-05-22,14:00:00,170.0,170.4,169.6,170.0,5184
2025-05-25,10:00:00,166.2,169.6,166.0,167.4,11290
2025-05-25,11:00:00,167.2,168.0,167.0,167.6,3979
2025-05-25,12:00:00,167.8,168.2,167.4,167.6,1306
2025-05-25,13:00:00,167.8,168.0,167.2,167.6,2373
2025-05-25,14:00:00,167.4,168.0,167.0,167.2,2283
2025-05-25,15:00:00,167.0,167.4,166.2,166.2,5351
2025-05-26,10:00:00,168.6,171.0,168.6,169.6,11775
2025-05-26,11:00:00,169.6,174.4,168.6,173.8,31624
2025-05-26,12:00:00,173.8,174.0,171.0,172.0,15661
2025-05-26,13:00:00,172.0,172.8,170.8,172.4,13961
2025-05-26,14:00:00,172.4,172.6,171.2,171.2,7787
2025-05-26,15:00:00,171.4,171.6,170.4,171.4,8431
2025-05-27,10:00:00,170.0,177.0,170.0,172.0,28457
2025-05-27,11:00:00,172.4,172.8,170.2,171.2,12010
2025-05-27,12:00:00,171.6,171.6,170.6,170.6,2597
2025-05-27,13:00:00,170.6,171.2,169.8,171.2,5532
2025-05-27,14:00:00,171.2,171.2,168.4,170.0,12050
2025-05-28,10:00:00,172.0,173.4,171.2,172.2,2743
2025-05-28,11:00:00,172.0,172.4,171.6,171.6,2154
2025-05-28,12:00:00,171.6,172.0,169.8,170.6,5013
2025-05-28,13:00:00,170.4,172.2,170.4,171.6,3660
2025-05-28,14:00:00,171.8,171.8,170.8,171.4,2662
2025-05-28,15:00:00,171.0,172.0,171.0,172.0,1166
2025-05-29,10:00:00,171.6,174.8,171.6,174.2,8209
2025-05-29,11:00:00,174.0,174.0,172.0,172.4,6492
2025-05-29,12:00:00,172.2,174.6,172.0,173.0,15454
2025-05-29,13:00:00,173.4,175.0,172.4,173.4,8393
2025-05-29,14:00:00,173.8,174.6,172.6,173.8,8543
2025-05-29,15:00:00,173.6,174.8,173.4,174.8,7799
2025-06-01,10:00:00,172.2,174.6,172.2,172.2,9077
2025-06-01,11:00:00,172.2,172.8,171.2,172.0,5146
2025-06-01,12:00:00,172.0,172.0,169.8,170.0,3602
2025-06-01,13:00:00,170.0,170.4,169.0,169.6,1954
2025-06-01,14:00:00,170.0,170.4,169.6,170.0,1452
2025-06-01,15:00:00,169.2,169.2,169.2,169.2,1211
2025-06-02,10:00:00,168.0,170.4,168.0,168.6,2777
2025-06-02,11:00:00,168.6,169.2,168.4,169.2,1520
2025-06-02,12:00:00,169.8,171.4,169.4,171.2,2757
2025-06-02,13:00:00,171.2,171.8,170.4,171.4,5555
2025-06-02,14:00:00,171.0,171.6,170.6,171.2,4055
2025-06-02,15:00:00,171.4,171.4,171.4,171.4,1342
2025-06-03,10:00:00,171.0,171.6,169.8,171.2,2571
2025-06-03,11:00:00,171.0,172.0,171.0,171.4,1795
2025-06-03,12:00:00,171.4,171.8,171.0,171.0,713
2025-06-03,13:00:00,171.0,174.2,170.6,172.8,11409
2025-06-03,14:00:00,172.8,173.6,171.4,172.0,7174
2025-06-03,15:00:00,170.6,170.6,170.6,170.6,5542
2025-06-04,10:00:00,170.6,172.4,170.2,171.2,3968
2025-06-04,11:00:00,171.2,171.6,170.8,171.4,1704
2025-06-04,12:00:00,171.4,172.6,171.4,172.6,2851
2025-06-04,13:00:00,172.4,174.4,171.8,173.6,10370
2025-06-04,14:00:00,173.4,174.2,172.6,173.0,4675
2025-06-04,15:00:00,173.6,173.6,173.6,173.6,7188
2025-06-11,10:00:00,174.0,176.0,167.6,174.4,37090
2025-06-11,11:00:00,174.4,175.0,174.2,175.0,5951
2025-06-11,12:00:00,174.8,175.0,174.4,175.0,5031
2025-06-11,13:00:00,175.0,175.0,173.8,174.0,6196
2025-06-11,14:00:00,174.2,175.2,174.0,174.8,8846
2025-06-12,10:00:00,167.8,169.2,166.0,169.2,15556
2025-06-12,11:00:00,169.0,169.2,167.2,168.2,8443
2025-06-12,12:00:00,168.2,169.0,167.2,168.4,11386
2025-06-12,13:00:00,168.4,168.4,165.6,166.0,15586
2025-06-12,14:00:00,166.0,167.0,164.6,165.2,55118
2025-06-12,15:00:00,165.2,165.4,163.2,164.8,10759
2025-06-15,10:00:00,157.0,162.8,157.0,159.2,19423
2025-06-15,11:00:00,159.4,160.0,158.8,159.4,3794
2025-06-15,12:00:00,159.2,160.0,158.6,160.0,6344
2025-06-15,13:00:00,159.8,161.0,158.6,160.4,17692
2025-06-15,14:00:00,160.2,160.6,158.0,159.0,8756
2025-06-15,15:00:00,158.4,158.4,158.4,158.4,1011
2025-06-16,10:00:00,158.4,161.0,158.4,160.8,27774
2025-06-16,11:00:00,160.8,162.4,160.8,162.0,17535
2025-06-16,12:00:00,161.6,162.8,161.4,161.6,10898
2025-06-16,13:00:00,161.6,162.0,161.2,161.4,6872
2025-06-16,14:00:00,161.6,162.8,161.4,162.2,15677
2025-06-16,15:00:00,162.2,162.2,162.2,162.2,3824
2025-06-17,10:00:00,161.0,162.4,159.8,161.4,9073
2025-06-17,11:00:00,161.2,161.6,160.0,160.6,4702
2025-06-17,12:00:00,160.6,160.8,159.2,159.6,3492
2025-06-17,13:00:00,159.6,160.0,159.2,159.8,3609
2025-06-17,14:00:00,159.6,160.0,159.0,159.2,8586
2025-06-17,15:00:00,158.4,158.4,158.4,158.4,3070
2025-06-18,10:00:00,158.4,158.6,154.4,154.8,15349
2025-06-18,11:00:00,154.8,155.4,154.4,154.6,11328
2025-06-18,12:00:00,154.6,155.0,153.8,154.0,13145
2025-06-18,13:00:00,154.0,155.6,153.6,155.2,28070
2025-06-18,14:00:00,155.2,155.2,153.6,153.8,20461
2025-06-18,15:00:00,154.8,154.8,154.8,154.8,5605
2025-06-19,10:00:00,156.4,159.8,153.2,154.8,21601
2025-06-19,11:00:00,154.8,155.6,154.2,155.4,13703
2025-06-19,12:00:00,155.0,156.2,154.6,156.2,9389
2025-06-19,13:00:00,155.6,156.2,154.8,155.0,6005
2025-06-19,14:00:00,155.0,156.4,154.8,156.4,16066
2025-06-22,10:00:00,157.0,158.2,155.6,156.4,7576
2025-06-22,11:00:00,156.8,157.4,156.2,157.0,5791
2025-06-22,12:00:00,157.0,157.6,156.8,157.6,5161
2025-06-22,13:00:00,157.2,157.6,156.8,157.0,3609
2025-06-22,14:00:00,157.2,158.0,156.8,157.6,8701
2025-06-22,15:00:00,157.6,158.0,157.0,157.0,7573
2025-06-23,10:00:00,164.2,172.6,156.4,156.4,24060
2025-06-23,11:00:00,156.4,158.8,156.4,158.2,9996
2025-06-23,12:00:00,158.0,159.2,158.0,159.0,6293
2025-06-23,13:00:00,158.8,159.6,158.6,158.8,6464
2025-06-23,14:00:00,159.0,165.0,158.8,164.0,51199
2025-06-23,15:00:00,163.8,164.2,163.0,164.2,4652
2025-06-24,10:00:00,170.4,175.4,170.2,174.4,38171
2025-06-24,11:00:00,174.4,175.0,173.0,173.0,23660
2025-06-24,12:00:00,172.8,174.0,171.4,172.6,26386
2025-06-24,13:00:00,172.6,172.6,171.0,171.2,13650
2025-06-24,14:00:00,171.4,172.4,171.0,171.8,16942
2025-06-24,15:00:00,171.6,172.0,170.4,170.4,4715
2025-06-25,10:00:00,170.2,172.0,169.4,171.2,9512
2025-06-25,11:00:00,171.2,172.4,170.6,172.4,6955
2025-06-25,12:00:00,172.4,173.2,172.2,172.6,5085
2025-06-25,13:00:00,172.6,172.8,171.6,172.4,6157
2025-06-25,14:00:00,172.4,172.4,171.8,172.4,3892
2025-06-25,15:00:00,172.4,172.4,170.2,170.2,8893
2025-06-26,10:00:00,170.0,170.2,168.2,169.0,3188
2025-06-26,11:00:00,169.0,170.4,168.8,169.8,4676
2025-06-26,12:00:00,169.6,169.8,169.0,169.4,8039
2025-06-26,13:00:00,169.2,171.0,168.6,170.4,9971
2025-06-26,14:00:00,170.4,172.0,170.2,171.0,12866
2025-06-26,15:00:00,170.8,171.0,170.4,171.0,3379
2025-06-29,10:00:00,171.4,172.2,170.6,171.1,16250
2025-06-29,11:00:00,171.2,171.2,170.4,171.1,6309
2025-06-29,12:00:00,171.1,171.2,170.5,171.1,1974
2025-06-29,13:00:00,171.1,171.5,170.6,171.5,7881
2025-06-29,14:00:00,171.3,171.5,170.8,171.1,7361
2025-06-29,15:00:00,171.0,171.0,171.0,171.0,864
2025-06-30,10:00:00,170.6,172.0,170.1,170.9,16786
2025-06-30,11:00:00,170.9,173.2,170.2,172.1,23226
2025-06-30,12:00:00,172.4,174.0,171.7,173.0,37626
2025-06-30,13:00:00,173.0,173.4,172.7,172.8,9204
2025-06-30,14:00:00,172.8,173.2,172.6,173.2,10109
2025-06-30,15:00:00,173.2,173.2,173.2,173.2,209
2025-07-01,10:00:00,173.2,173.5,171.0,171.2,3749
2025-07-01,11:00:00,171.2,171.6,170.4,170.4,5543
2025-07-01,12:00:00,170.4,170.4,169.3,169.3,4286
2025-07-01,13:00:00,169.4,169.9,169.3,169.6,3568
2025-07-01,14:00:00,169.8,169.9,169.4,169.8,10571
2025-07-01,15:00:00,169.4,169.4,169.4,169.4,4343
2025-07-02,10:00:00,169.2,169.2,167.0,167.6,13650
2025-07-02,11:00:00,167.7,168.0,167.5,167.9,6984
2025-07-02,12:00:00,167.9,169.5,167.7,169.2,11525
2025-07-02,13:00:00,169.0,169.2,168.9,169.0,5719
2025-07-02,14:00:00,169.0,169.8,168.9,169.6,10926
2025-07-02,15:00:00,169.8,169.8,169.8,169.8,778
2025-07-03,10:00:00,169.3,170.1,167.9,168.2,5134
2025-07-03,11:00:00,168.4,169.6,168.2,168.9,2116
2025-07-03,12:00:00,168.9,169.6,168.9,169.4,2114
2025-07-03,13:00:00,169.3,169.6,168.4,169.0,3633
2025-07-03,14:00:00,169.2,169.2,167.0,167.4,17389
2025-07-03,15:00:00,167.2,167.2,167.2,167.2,1765
2025-07-06,10:00:00,165.0,167.2,165.0,167.0,5454
2025-07-06,11:00:00,167.0,167.2,165.3,165.8,9678
2025-07-06,12:00:00,165.8,166.5,165.5,166.0,6777
2025-07-06,13:00:00,166.1,167.5,166.1,167.0,13087
2025-07-06,14:00:00,167.0,167.2,166.4,166.4,8411
2025-07-06,15:00:00,166.4,166.4,166.4,166.4,2441
2025-07-07,10:00:00,166.4,167.1,165.5,166.8,15582
2025-07-07,11:00:00,166.8,171.0,166.4,170.2,94598
2025-07-07,12:00:00,170.1,170.1,169.2,170.0,10683
2025-07-07,13:00:00,169.7,170.0,168.7,168.8,4208
2025-07-07,14:00:00,168.8,168.9,168.5,168.9,7044
2025-07-07,15:00:00,168.9,168.9,168.9,168.9,955
2025-07-08,10:00:00,167.6,169.0,167.6,168.8,4100
2025-07-08,11:00:00,168.8,169.4,168.7,169.1,3716
2025-07-08,12:00:00,169.2,169.2,169.0,169.1,2319
2025-07-08,13:00:00,168.9,169.2,168.2,168.5,4081
2025-07-08,14:00:00,168.5,168.5,168.1,168.2,741
2025-07-08,15:00:00,168.5,168.5,168.5,168.5,1084
2025-07-09,10:00:00,168.8,170.4,166.2,168.0,11649
2025-07-09,11:00:00,168.0,168.2,167.4,167.6,955
2025-07-09,12:00:00,167.7,168.4,167.5,168.1,2909
2025-07-09,13:00:00,168.0,168.9,167.8,168.0,2448
2025-07-09,14:00:00,168.0,168.7,168.0,168.1,3086
2025-07-10,10:00:00,168.6,170.4,168.3,169.1,2356
2025-07-10,11:00:00,168.8,170.0,166.0,167.1,12203
2025-07-10,12:00:00,167.1,167.4,166.0,167.2,10312
2025-07-10,13:00:00,167.2,168.1,167.1,168.1,2466
2025-07-10,14:00:00,167.9,168.8,167.9,168.4,10110
2025-07-10,15:00:00,168.3,168.6,168.0,168.6,2504
2025-07-13,10:00:00,174.9,177.0,168.0,168.5,36420
2025-07-13,11:00:00,168.5,169.0,167.4,167.8,1733
2025-07-13,12:00:00,167.8,170.6,167.6,170.6,7388
2025-07-13,13:00:00,170.4,173.4,170.4,173.2,39957
2025-07-13,14:00:00,173.2,173.5,172.5,172.7,26047
2025-07-13,15:00:00,172.9,174.9,172.7,174.9,14432
2025-07-14,10:00:00,179.7,180.0,176.0,177.1,30920
2025-07-14,11:00:00,177.2,181.3,177.2,180.0,122741
2025-07-14,12:00:00,180.6,181.0,177.6,178.4,61144
2025-07-14,13:00:00,178.3,180.0,178.0,179.0,37418
2025-07-14,14:00:00,179.0,179.8,178.6,178.9,11746
2025-07-14,15:00:00,178.8,179.8,178.6,179.7,8836
2025-07-15,10:00:00,177.6,178.0,176.4,177.0,6872
2025-07-15,11:00:00,177.0,177.0,175.5,175.8,11561
2025-07-15,12:00:00,175.8,176.6,175.6,176.0,5744
2025-07-15,13:00:00,176.0,176.4,175.5,176.0,8879
2025-07-15,14:00:00,175.9,176.3,175.2,175.3,5078
2025-07-15,15:00:00,175.3,175.7,174.8,175.5,12273
2025-07-16,10:00:00,175.5,177.9,175.0,176.2,12484
2025-07-16,11:00:00,176.2,176.2,175.1,175.1,3645
2025-07-16,12:00:00,175.0,176.0,174.8,175.4,4931
2025-07-16,13:00:00,175.4,176.3,175.1,175.4,4374
2025-07-16,14:00:00,175.3,176.0,174.9,174.9,5847
2025-07-16,15:00:00,174.3,174.3,174.3,174.3,4053
2025-07-17,10:00:00,173.1,176.7,173.1,173.9,20624
2025-07-17,11:00:00,173.8,174.5,173.2,174.4,5185
2025-07-17,12:00:00,174.6,174.7,173.7,174.3,7342
2025-07-17,13:00:00,174.2,176.0,174.0,176.0,7494
2025-07-17,14:00:00,175.8,176.4,175.2,175.3,8899
2025-07-17,15:00:00,176.4,176.4,176.4,176.4,2960
2025-07-20,10:00:00,176.5,177.3,175.2,175.2,2667
2025-07-20,11:00:00,175.1,175.4,174.7,175.4,1683
2025-07-20,12:00:00,175.4,176.3,175.0,176.3,2188
2025-07-20,13:00:00,176.4,180.1,175.9,178.0,18332
2025-07-20,14:00:00,178.0,178.0,176.0,176.6,11156
2025-07-20,15:00:00,176.6,176.6,176.6,176.6,828
2025-07-21,10:00:00,176.6,176.6,175.4,175.7,3902
2025-07-21,11:00:00,175.6,177.1,175.6,176.4,3652
2025-07-21,12:00:00,176.5,176.9,176.4,176.9,1393
2025-07-21,13:00:00,176.9,178.3,176.5,177.3,7478
2025-07-21,14:00:00,177.3,177.3,175.7,176.1,4603
2025-07-21,15:00:00,176.1,176.1,176.1,176.1,764
2025-07-22,10:00:00,175.9,177.1,174.8,176.1,12741
2025-07-22,11:00:00,176.4,176.6,175.6,176.2,3350
2025-07-22,12:00:00,176.1,177.0,175.6,175.9,4602
2025-07-22,13:00:00,175.9,176.5,175.5,175.9,6324
2025-07-22,14:00:00,176.0,176.4,175.5,176.0,6382
2025-07-23,10:00:00,177.0,179.3,173.8,173.8,45636
2025-07-23,11:00:00,174.0,174.8,172.6,172.9,11861
2025-07-23,12:00:00,172.8,175.4,172.8,175.0,9779
2025-07-23,13:00:00,175.0,175.4,173.1,174.8,16388
2025-07-23,14:00:00,174.9,176.0,174.2,175.4,13055
2025-07-23,15:00:00,175.4,177.2,175.4,177.0,10077
2025-07-24,10:00:00,176.7,178.1,174.9,177.9,19205
2025-07-24,11:00:00,178.0,178.0,174.9,175.7,24459
2025-07-24,12:00:00,175.6,177.0,175.3,176.2,21875
2025-07-24,13:00:00,176.3,176.7,175.1,175.6,12010
2025-07-24,14:00:00,175.5,176.2,175.4,176.2,12904
2025-07-24,15:00:00,176.3,176.7,176.0,176.7,17281
2025-07-27,10:00:00,172.4,176.1,169.0,175.4,11996
2025-07-27,11:00:00,175.2,175.3,174.7,174.9,2596
2025-07-27,12:00:00,174.9,175.8,174.6,175.0,7805
2025-07-27,13:00:00,175.0,175.0,173.6,174.7,6758
2025-07-27,14:00:00,174.8,174.8,172.0,172.7,8010
2025-07-27,15:00:00,172.7,173.5,172.4,172.4,6267
2025-07-28,10:00:00,168.8,171.4,163.5,169.6,17373
2025-07-28,11:00:00,169.4,169.9,169.0,169.0,4812
2025-07-28,12:00:00,169.1,169.7,167.7,167.7,10028
2025-07-28,13:00:00,167.8,168.6,167.7,168.6,4281
2025-07-28,14:00:00,168.7,169.0,168.6,168.9,5832
2025-07-28,15:00:00,168.8,169.0,168.4,168.8,8849
2025-07-29,10:00:00,161.4,164.5,161.1,164.2,15106
2025-07-29,11:00:00,164.2,164.5,162.3,163.2,19464
2025-07-29,12:00:00,163.3,165.0,162.9,163.0,10218
2025-07-29,13:00:00,162.9,163.2,162.3,163.2,20596
2025-07-29,14:00:00,163.3,163.3,162.9,163.0,7072
2025-07-29,15:00:00,162.9,162.9,161.4,161.4,35329
2025-07-30,10:00:00,163.8,163.8,161.2,161.4,20566
2025-07-30,11:00:00,161.8,162.5,161.4,162.4,4823
2025-07-30,12:00:00,162.4,163.3,162.0,162.7,18094
2025-07-30,13:00:00,162.7,164.5,162.7,164.0,25096
2025-07-30,14:00:00,164.0,164.0,163.5,163.7,13870
2025-07-30,15:00:00,163.7,163.8,163.1,163.8,3611
2025-07-31,10:00:00,162.3,163.1,160.5,162.1,9454
2025-07-31,11:00:00,162.3,162.9,161.5,161.8,3963
2025-07-31,12:00:00,161.9,162.1,160.8,161.8,8544
2025-07-31,13:00:00,161.9,163.8,161.5,163.1,12151
2025-07-31,14:00:00,163.3,163.5,162.6,163.2,5416
2025-07-31,15:00:00,163.2,163.5,162.3,162.3,12269
2025-08-03,10:00:00,161.0,161.5,160.5,160.8,2629
2025-08-03,11:00:00,160.7,162.6,160.2,162.3,7603
2025-08-03,12:00:00,162.4,162.6,161.9,162.3,1675
2025-08-03,13:00:00,162.3,162.5,161.5,161.7,1058
2025-08-03,14:00:00,161.7,161.9,161.2,161.2,499
2025-08-03,15:00:00,161.3,161.9,161.3,161.7,1000
2025-08-04,10:00:00,161.7,162.5,160.6,162.5,6322
2025-08-04,11:00:00,162.4,163.6,162.0,162.2,14397
2025-08-04,12:00:00,162.2,162.2,161.0,161.1,2746
2025-08-04,13:00:00,161.2,161.6,160.5,161.4,5071
2025-08-04,14:00:00,161.5,161.6,160.0,160.4,12420
2025-08-04,15:00:00,161.1,161.1,161.1,161.1,1037
2025-08-05,10:00:00,161.9,163.4,161.3,163.3,9649
2025-08-05,11:00:00,163.2,163.3,161.6,161.8,3128
2025-08-05,12:00:00,161.7,162.3,161.2,162.3,4477
2025-08-05,13:00:00,162.3,164.2,161.9,163.6,14405
2025-08-05,14:00:00,163.3,164.1,163.3,164.0,7555
2025-08-05,15:00:00,164.0,164.0,164.0,164.0,4874
2025-08-06,10:00:00,163.6,166.4,163.0,166.1,20040
2025-08-06,11:00:00,166.1,167.0,165.4,166.7,7201
2025-08-06,12:00:00,166.7,166.8,165.4,166.0,10847
2025-08-06,13:00:00,166.2,166.3,163.9,163.9,12901
2025-08-06,14:00:00,163.9,163.9,163.0,163.7,13665
2025-08-07,10:00:00,162.5,163.5,162.3,162.7,6436
2025-08-07,11:00:00,162.6,163.2,162.4,163.2,4267
2025-08-07,12:00:00,163.0,163.3,162.7,162.7,733
2025-08-07,13:00:00,162.7,163.0,162.0,162.7,4276
2025-08-07,14:00:00,162.7,163.6,162.5,163.0,6736
2025-08-07,15:00:00,163.0,163.0,162.5,162.5,1637
2025-08-10,10:00:00,162.4,163.0,161.4,162.3,4059
2025-08-10,11:00:00,162.3,163.1,162.2,163.1,1328
2025-08-10,12:00:00,163.1,163.1,162.4,162.8,1262
2025-08-10,13:00:00,162.8,163.0,162.5,162.5,1659
2025-08-10,14:00:00,162.5,163.0,162.3,162.7,1277
2025-08-10,15:00:00,162.7,162.7,162.4,162.4,1395
2025-08-11,10:00:00,161.4,162.5,161.0,161.9,5521
2025-08-11,11:00:00,161.5,161.7,160.4,160.4,7658
2025-08-11,12:00:00,160.4,162.3,160.2,162.2,5269
2025-08-11,13:00:00,162.2,162.8,162.0,162.0,1942
2025-08-11,14:00:00,162.0,162.2,161.4,161.5,2899
2025-08-11,15:00:00,161.5,162.4,161.2,161.4,2436
2025-08-12,10:00:00,162.2,162.4,161.7,161.7,1893
2025-08-12,11:00:00,161.7,162.3,161.0,162.0,1444
2025-08-12,12:00:00,162.0,162.1,161.0,161.0,1754
2025-08-12,13:00:00,161.1,162.2,160.9,162.1,14505
2025-08-12,14:00:00,162.0,162.2,161.4,161.8,3910
2025-08-12,15:00:00,161.8,162.2,161.4,161.4,1757
2025-08-13,10:00:00,161.1,162.5,160.2,161.2,7892
2025-08-13,11:00:00,161.2,161.3,160.9,161.0,2794
2025-08-13,12:00:00,161.0,161.1,160.0,160.1,3182
2025-08-13,13:00:00,160.1,160.3,158.9,159.6,8134
2025-08-13,14:00:00,159.6,161.0,159.5,160.4,3665
2025-08-14,10:00:00,162.6,162.6,160.0,160.1,3261
2025-08-14,11:00:00,160.3,161.9,160.3,161.6,5834
2025-08-14,12:00:00,161.6,162.3,161.3,161.7,1912
2025-08-14,13:00:00,161.6,162.3,161.6,162.2,2074
2025-08-14,14:00:00,162.2,162.2,161.9,161.9,2136
2025-08-14,15:00:00,162.1,162.7,162.0,162.6,4544
2025-08-17,10:00:00,162.2,162.5,161.4,161.6,2480
2025-08-17,11:00:00,161.6,162.1,160.9,161.9,8393
2025-08-17,12:00:00,161.8,163.0,161.7,162.8,5149
2025-08-17,13:00:00,162.8,163.0,162.3,162.6,4428
2025-08-17,14:00:00,162.4,162.6,161.5,162.0,3879
2025-08-17,15:00:00,161.9,162.2,161.9,162.2,414
2025-08-18,10:00:00,162.3,162.9,162.2,162.4,1002
2025-08-18,11:00:00,162.3,162.7,160.4,161.2,11576
2025-08-18,12:00:00,161.2,161.3,160.7,160.7,1301
2025-08-18,13:00:00,160.7,160.8,160.3,160.6,8205
2025-08-18,14:00:00,160.8,161.0,160.4,160.9,5094
2025-08-18,15:00:00,161.0,161.6,161.0,161.6,1817
2025-08-19,10:00:00,162.6,163.8,159.1,159.1,19084
2025-08-19,11:00:00,159.1,161.3,158.9,160.9,22622
2025-08-19,12:00:00,161.1,162.5,160.0,160.4,16629
2025-08-19,13:00:00,160.4,162.0,160.3,161.5,14026
2025-08-19,14:00:00,161.4,162.9,161.3,162.6,13286
2025-08-20,10:00:00,159.8,164.0,159.6,163.7,10452
2025-08-20,11:00:00,163.7,163.9,162.7,162.8,3457
2025-08-20,12:00:00,162.7,162.9,161.9,161.9,8133
2025-08-20,13:00:00,161.8,161.8,161.0,161.4,3526
2025-08-20,14:00:00,161.3,161.3,159.6,160.0,15158
2025-08-20,15:00:00,160.0,160.1,159.7,159.8,6275
2025-08-21,10:00:00,159.9,160.4,159.4,160.0,4645
2025-08-21,11:00:00,160.0,160.6,158.5,158.6,21753
2025-08-21,12:00:00,158.6,158.6,157.3,157.3,11674
2025-08-21,13:00:00,157.2,157.6,156.1,157.6,8752
2025-08-21,14:00:00,157.6,158.2,157.6,158.2,7515
2025-08-21,15:00:00,158.2,158.3,157.7,157.7,2991
2025-08-24,10:00:00,158.2,159.8,157.8,159.4,8975
2025-08-24,11:00:00,159.4,159.4,158.0,159.1,8086
2025-08-24,12:00:00,159.0,159.2,158.7,158.8,1885
2025-08-24,13:00:00,158.8,159.1,158.6,159.1,1108
2025-08-24,14:00:00,159.0,159.0,158.4,158.7,1802
2025-08-25,10:00:00,158.3,159.0,158.2,159.0,1752
2025-08-25,11:00:00,158.8,159.7,156.9,157.0,13414
2025-08-25,12:00:00,157.2,157.9,157.2,157.6,1686
2025-08-25,13:00:00,157.6,157.7,157.0,157.4,2574
2025-08-25,14:00:00,157.4,157.6,157.1,157.5,2780
2025-08-25,15:00:00,157.4,157.5,157.2,157.5,1959
2025-08-26,10:00:00,158.5,162.1,156.2,157.0,29978
2025-08-26,11:00:00,157.1,157.6,157.0,157.3,1022
2025-08-26,12:00:00,157.3,157.3,156.5,156.9,4118
2025-08-26,13:00:00,156.9,157.6,156.9,157.3,2734
2025-08-26,14:00:00,157.6,158.3,157.1,157.7,7694
2025-08-27,10:00:00,160.6,162.8,159.7,161.9,24152
2025-08-27,11:00:00,162.2,162.2,159.0,159.1,29086
2025-08-27,12:00:00,159.1,160.0,158.8,159.7,6221
2025-08-27,13:00:00,159.8,159.8,159.0,159.4,7193
2025-08-27,14:00:00,159.5,160.4,158.9,159.1,21757
2025-08-27,15:00:00,159.1,160.6,158.8,160.6,14080
2025-08-28,10:00:00,158.7,161.2,157.2,160.6,4257
2025-08-28,11:00:00,160.4,161.0,160.2,160.8,3360
2025-08-28,12:00:00,160.8,161.0,159.1,159.1,7808
2025-08-28,13:00:00,159.0,159.1,158.7,158.7,3948
2025-08-28,14:00:00,158.6,158.8,158.0,158.4,4641
2025-08-28,15:00:00,158.4,159.1,158.0,158.7,3581
2025-08-31,10:00:00,157.2,158.0,155.0,157.5,2752
2025-08-31,11:00:00,157.6,158.3,157.1,157.1,1787
2025-08-31,12:00:00,157.2,157.2,156.1,156.7,2481
2025-08-31,13:00:00,156.7,157.1,156.5,156.5,2349
2025-08-31,14:00:00,156.3,156.9,156.0,156.8,4889
2025-08-31,15:00:00,156.8,157.2,156.8,157.2,693
2025-09-01,10:00:00,157.2,158.0,156.0,156.7,1738
2025-09-01,11:00:00,156.6,156.6,155.7,156.0,2443
2025-09-01,12:00:00,156.0,156.7,155.8,156.2,3494
2025-09-01,13:00:00,156.2,157.0,156.2,156.3,2527
2025-09-01,14:00:00,156.5,157.2,156.0,156.8,7526
2025-09-01,15:00:00,156.9,157.2,156.8,157.2,2082
2025-09-02,10:00:00,156.6,156.6,156.1,156.1,350
2025-09-02,11:00:00,156.1,156.9,155.2,156.6,9706
2025-09-02,12:00:00,156.5,157.5,156.5,157.1,3879
2025-09-02,13:00:00,156.9,157.7,156.0,157.6,15532
2025-09-02,14:00:00,157.8,158.0,157.0,157.2,3608
2025-09-02,15:00:00,157.3,157.3,156.8,156.8,2268
2025-09-03,10:00:00,156.0,158.5,156.0,157.5,10004
2025-09-03,11:00:00,157.5,157.8,156.8,156.8,4598
2025-09-03,12:00:00,156.8,157.2,155.1,155.6,10895
2025-09-03,13:00:00,155.8,155.8,154.8,154.8,6199
2025-09-03,14:00:00,154.8,155.5,154.2,154.6,11515
2025-09-03,15:00:00,154.3,154.3,154.3,154.3,775
2025-09-04,10:00:00,154.0,154.8,153.1,153.8,16847
2025-09-04,11:00:00,153.9,153.9,152.8,153.2,9957
2025-09-04,12:00:00,153.3,153.4,153.1,153.4,882
2025-09-04,13:00:00,153.4,154.0,153.1,153.6,5841
2025-09-04,14:00:00,153.6,153.7,152.8,152.9,5524
2025-09-04,15:00:00,153.4,153.4,153.4,153.4,762
2025-09-07,10:00:00,153.4,154.3,153.4,154.0,2466
2025-09-07,11:00:00,154.2,154.2,153.5,153.7,1023
2025-09-07,12:00:00,153.8,153.8,153.5,153.5,1136
2025-09-07,13:00:00,153.5,154.1,153.5,154.1,1700
2025-09-07,14:00:00,154.0,154.0,152.6,153.5,4399
2025-09-07,15:00:00,153.8,153.8,153.8,153.8,40
2025-09-08,10:00:00,151.4,154.3,150.6,152.9,8444
2025-09-08,11:00:00,152.9,153.0,151.5,152.0,7743
2025-09-08,12:00:00,151.8,151.8,150.2,150.3,10770
2025-09-08,13:00:00,150.3,150.3,149.4,150.1,7670
2025-09-08,14:00:00,150.1,150.7,150.0,150.7,3684
2025-09-09,10:00:00,151.0,151.2,149.4,150.0,2797
2025-09-09,11:00:00,150.0,150.3,148.8,149.0,14351
2025-09-09,12:00:00,149.0,149.3,148.0,148.3,8857
2025-09-09,13:00:00,148.2,149.8,148.1,149.6,5168
2025-09-09,14:00:00,149.8,150.9,149.6,150.9,6989
2025-09-09,15:00:00,150.8,151.0,150.3,151.0,51146
2025-09-10,10:00:00,150.1,150.2,148.6,149.0,7709
2025-09-10,11:00:00,149.2,149.7,148.8,149.4,7061
2025-09-10,12:00:00,149.3,149.5,149.0,149.3,4758
2025-09-10,13:00:00,149.3,149.8,149.2,149.6,1900
2025-09-10,14:00:00,149.7,150.0,149.4,149.6,1745
2025-09-10,15:00:00,149.6,150.6,149.6,150.6,3959
2025-09-11,10:00:00,150.6,150.6,149.0,149.5,2187
2025-09-11,11:00:00,149.5,149.8,149.0,149.0,1294
2025-09-11,12:00:00,149.1,149.2,148.5,148.6,3068
2025-09-11,13:00:00,148.6,149.9,148.4,149.5,12413
2025-09-11,14:00:00,149.3,149.9,148.0,148.3,6692
2025-09-11,15:00:00,148.3,148.3,148.3,148.3,543
2025-09-14,10:00:00,149.6,149.6,146.4,146.4,2638
2025-09-14,11:00:00,146.3,146.5,144.3,145.5,6148
2025-09-14,12:00:00,145.6,146.2,144.9,145.7,4222
2025-09-14,13:00:00,145.6,146.6,145.2,146.0,3975
2025-09-14,14:00:00,146.5,147.8,145.0,145.1,17675
2025-09-14,15:00:00,145.1,145.1,145.1,145.1,14852
2025-09-15,10:00:00,145.1,145.1,142.9,143.0,38056
2025-09-15,11:00:00,143.0,143.1,142.1,142.2,28898
2025-09-15,12:00:00,142.2,143.7,141.9,143.4,41756
2025-09-15,13:00:00,143.4,145.0,142.9,145.0,23702
2025-09-15,14:00:00,144.9,145.5,144.6,145.0,27333
2025-09-15,15:00:00,145.0,145.0,145.0,145.0,1814
2025-09-16,10:00:00,145.6,146.2,144.3,145.0,6550
2025-09-16,11:00:00,145.0,145.2,144.6,145.0,9756
2025-09-16,12:00:00,144.9,146.3,144.8,146.3,8257
2025-09-16,13:00:00,146.2,147.7,146.1,147.4,8685
2025-09-16,14:00:00,147.5,147.7,147.0,147.1,9416
2025-09-16,15:00:00,146.7,146.7,146.7,146.7,1622
2025-09-17,10:00:00,149.0,152.0,148.0,150.5,33054
2025-09-17,11:00:00,150.7,151.8,150.4,151.6,12795
2025-09-17,12:00:00,151.6,152.8,151.4,152.4,10617
2025-09-17,13:00:00,152.4,152.5,151.5,152.3,6934
2025-09-17,14:00:00,152.4,152.5,151.5,152.0,11537
2025-09-17,15:00:00,152.0,152.0,152.0,152.0,16217
2025-09-18,10:00:00,152.4,153.0,150.7,151.4,10804
2025-09-18,11:00:00,151.4,152.0,151.2,151.7,9367
2025-09-18,12:00:00,151.6,152.0,151.5,151.9,5030
2025-09-18,13:00:00,151.7,151.7,151.1,151.7,5463
2025-09-18,14:00:00,151.6,152.9,151.6,152.6,12919
2025-09-18,15:00:00,152.0,152.0,152.0,152.0,16177
2025-09-21,10:00:00,152.0,153.8,152.0,153.1,4088
2025-09-21,11:00:00,153.0,154.2,152.6,154.2,5296
2025-09-21,12:00:00,154.2,155.9,154.1,155.4,7920
2025-09-21,13:00:00,155.4,156.2,155.4,155.5,6911
2025-09-21,14:00:00,155.4,156.0,155.4,156.0,5627
2025-09-21,15:00:00,156.0,156.0,156.0,156.0,580
2025-09-22,10:00:00,153.8,158.2,153.8,154.8,33819
2025-09-22,11:00:00,154.8,155.0,153.8,154.7,10105
2025-09-22,12:00:00,154.7,155.4,154.0,154.6,6524
2025-09-22,13:00:00,154.5,154.7,154.0,154.3,5301
2025-09-22,14:00:00,154.3,154.9,154.0,154.2,15178
2025-09-24,10:00:00,156.6,158.0,153.8,154.6,32892
2025-09-24,11:00:00,154.2,155.4,153.8,155.0,12253
2025-09-24,12:00:00,155.0,157.2,155.0,157.2,24566
2025-09-24,13:00:00,157.2,158.4,157.0,157.9,52775
2025-09-24,14:00:00,157.9,158.2,156.7,157.0,22507
2025-09-24,15:00:00,157.0,157.2,156.5,156.6,5720
2025-09-25,10:00:00,153.5,156.4,152.6,153.4,19776
2025-09-25,11:00:00,153.2,153.5,151.4,152.3,34847
2025-09-25,12:00:00,152.3,152.5,150.9,151.0,21218
2025-09-25,13:00:00,151.0,152.7,150.8,152.1,36512
2025-09-25,14:00:00,152.2,153.0,151.8,152.8,23869
2025-09-25,15:00:00,152.8,154.0,152.6,153.5,23194
2025-09-28,10:00:00,156.8,159.6,152.3,152.7,17984
2025-09-28,11:00:00,152.5,154.5,152.5,154.3,6477
2025-09-28,12:00:00,154.5,155.2,154.0,155.1,11021
2025-09-28,13:00:00,155.1,155.3,154.6,155.2,11136
2025-09-28,14:00:00,155.2,156.0,155.0,155.5,7260
2025-09-28,15:00:00,155.5,156.8,155.5,156.8,5178
2025-09-29,10:00:00,156.3,159.5,156.3,156.8,33586
2025-09-29,11:00:00,156.8,156.9,155.7,156.1,15275
2025-09-29,12:00:00,156.0,158.0,156.0,158.0,17930
2025-09-29,13:00:00,158.0,158.3,157.3,157.3,20657
2025-09-29,14:00:00,157.2,157.3,156.7,156.9,7108
2025-09-29,15:00:00,156.9,157.2,156.3,156.3,8129
2025-09-30,10:00:00,157.6,157.8,156.6,156.8,8105
2025-09-30,11:00:00,156.8,157.5,156.5,157.2,20945
2025-09-30,12:00:00,157.2,158.4,157.2,158.0,15565
2025-09-30,13:00:00,158.0,158.1,157.4,157.4,7740
2025-09-30,14:00:00,157.4,157.7,157.4,157.6,7815
2025-09-30,15:00:00,157.6,157.7,157.2,157.6,6800
2025-10-01,10:00:00,158.0,158.0,157.4,157.4,3989
2025-10-01,11:00:00,157.5,158.4,157.3,157.4,14536
2025-10-01,12:00:00,157.4,157.7,156.6,156.8,4542
2025-10-01,13:00:00,156.7,157.0,155.9,156.4,9954
2025-10-01,14:00:00,156.4,157.0,156.4,157.0,4526
2025-10-01,15:00:00,156.8,157.0,156.3,156.9,5096
2025-10-02,10:00:00,157.0,158.0,157.0,157.4,11749
2025-10-02,11:00:00,157.5,157.7,157.2,157.5,4656
2025-10-02,12:00:00,157.4,157.6,156.8,156.9,13579
2025-10-02,13:00:00,157.0,157.2,156.1,156.6,6142
2025-10-02,14:00:00,156.9,157.1,156.7,157.0,8061
2025-10-02,15:00:00,156.6,156.6,156.6,156.6,4366
2025-10-05,10:00:00,157.0,159.5,157.0,157.8,12813
2025-10-05,11:00:00,158.0,159.2,157.5,158.0,21083
2025-10-05,12:00:00,158.0,158.3,157.0,157.3,3375
2025-10-05,13:00:00,157.2,158.0,157.1,157.2,9290
2025-10-05,14:00:00,157.3,157.9,157.2,157.2,3872
2025-10-05,15:00:00,157.9,157.9,157.9,157.9,484
2025-10-06,10:00:00,157.9,158.5,157.7,158.0,8434
2025-10-06,11:00:00,158.0,158.1,157.1,157.3,7883
2025-10-06,12:00:00,157.2,157.5,157.0,157.1,4572
2025-10-06,13:00:00,157.5,157.7,157.1,157.2,4065
2025-10-06,14:00:00,157.2,157.6,157.0,157.6,6581
2025-10-06,15:00:00,157.8,157.8,157.8,157.8,20715
2025-10-07,10:00:00,157.8,158.5,156.5,156.9,14643
2025-10-07,11:00:00,156.9,158.1,156.9,157.7,13973
2025-10-07,12:00:00,157.8,158.1,157.7,157.8,8598
2025-10-07,13:00:00,157.8,158.0,157.3,157.6,11855
2025-10-07,14:00:00,157.6,157.9,157.5,157.9,10704
2025-10-08,10:00:00,158.5,159.2,158.5,158.6,9270
2025-10-08,11:00:00,158.6,159.2,158.2,158.3,12525
2025-10-08,12:00:00,158.3,158.9,158.0,158.4,6940
2025-10-08,13:00:00,158.7,158.7,158.1,158.1,6461
2025-10-08,14:00:00,158.1,158.6,158.0,158.0,6401
2025-10-08,15:00:00,158.0,158.5,158.0,158.5,7825
2025-10-09,10:00:00,158.5,158.5,157.7,158.0,4976
2025-10-09,11:00:00,158.0,158.0,156.8,156.9,12804
2025-10-09,12:00:00,157.2,157.2,156.5,156.8,16359
2025-10-09,13:00:00,156.8,156.9,156.1,156.2,10776
2025-10-09,14:00:00,156.3,157.0,155.5,156.7,21773
2025-10-09,15:00:00,156.1,156.1,156.1,156.1,2487
2025-10-12,10:00:00,154.5,156.4,151.8,156.4,25540
2025-10-12,11:00:00,156.5,157.5,156.3,156.4,9041
2025-10-12,12:00:00,156.5,157.5,156.5,156.7,4348
2025-10-12,13:00:00,156.8,157.8,156.7,156.8,6131
2025-10-12,14:00:00,157.0,158.1,156.6,158.0,9966
2025-10-12,15:00:00,158.0,158.0,158.0,158.0,2587
2025-10-13,10:00:00,159.0,161.1,158.3,160.7,53137
2025-10-13,11:00:00,160.7,160.8,159.2,159.9,14141
2025-10-13,12:00:00,160.0,160.0,158.8,159.0,6609
2025-10-13,13:00:00,159.0,159.3,158.6,159.2,5100
2025-10-13,14:00:00,159.3,159.6,159.1,159.5,7127
2025-10-14,10:00:00,163.0,164.0,160.2,161.1,38889
2025-10-14,11:00:00,161.1,165.0,160.8,164.3,84648
2025-10-14,12:00:00,164.3,165.3,163.5,164.9,42555
2025-10-14,13:00:00,164.9,165.2,162.5,162.9,25619
2025-10-14,14:00:00,162.8,163.1,162.4,162.9,14334
2025-10-14,15:00:00,163.0,163.4,162.8,163.0,10732
2025-10-15,10:00:00,162.0,163.2,162.0,163.2,11680
2025-10-15,11:00:00,163.3,163.3,162.7,163.2,7724
2025-10-15,12:00:00,163.2,163.4,161.8,162.9,19188
2025-10-15,13:00:00,162.8,162.9,162.4,162.5,3103
2025-10-15,14:00:00,162.5,162.9,162.0,162.3,10012
2025-10-15,15:00:00,162.5,162.7,162.0,162.0,60044
2025-10-16,10:00:00,159.8,162.3,159.8,161.8,20126
2025-10-16,11:00:00,161.9,161.9,160.5,160.9,8074
2025-10-16,12:00:00,160.9,160.9,159.0,159.0,11299
2025-10-16,13:00:00,159.1,159.5,158.6,159.4,46067
2025-10-16,14:00:00,159.4,160.8,159.3,159.7,23297
2025-10-16,15:00:00,159.6,160.2,159.6,159.8,12997
2025-10-19,10:00:00,161.5,163.7,161.5,162.5,13854
2025-10-19,11:00:00,162.5,162.8,161.2,161.4,15213
2025-10-19,12:00:00,161.2,161.8,161.0,161.2,9151
2025-10-19,13:00:00,161.1,161.3,160.0,160.9,14462
2025-10-19,14:00:00,161.0,161.2,160.7,160.7,4180
2025-10-19,15:00:00,160.7,161.7,160.6,161.2,2831
2025-10-20,10:00:00,160.0,162.4,159.4,159.6,18545
2025-10-20,11:00:00,159.6,159.7,159.0,159.7,11606
2025-10-20,12:00:00,159.7,159.9,159.0,159.2,5329
2025-10-20,13:00:00,159.5,159.7,159.2,159.5,3924
2025-10-20,14:00:00,159.8,159.9,159.4,159.8,5842
2025-10-20,15:00:00,160.0,160.0,160.0,160.0,1061
2025-10-21,10:00:00,160.0,160.4,159.2,159.3,6934
2025-10-21,11:00:00,159.2,159.5,158.2,158.3,18032
2025-10-21,12:00:00,158.5,158.9,158.2,158.8,9377
2025-10-21,13:00:00,158.9,159.3,158.2,158.8,11402
2025-10-21,14:00:00,158.8,159.2,158.4,158.4,3531
2025-10-21,15:00:00,158.4,158.4,158.4,158.4,533
2025-10-22,10:00:00,159.6,159.6,154.1,157.7,48199
2025-10-22,11:00:00,157.7,159.4,157.6,159.4,7380
2025-10-22,12:00:00,159.4,159.8,159.2,159.7,5334
2025-10-22,13:00:00,159.8,159.9,158.4,159.4,14161
2025-10-22,14:00:00,159.4,159.4,158.8,159.1,7283
2025-10-23,10:00:00,152.8,156.3,152.8,155.0,44361
2025-10-23,11:00:00,154.9,155.0,153.0,154.2,57644
2025-10-23,12:00:00,154.3,155.0,152.8,153.4,62272
2025-10-23,13:00:00,153.4,153.6,152.8,153.2,36137
2025-10-23,14:00:00,153.2,153.7,152.5,153.0,50898
2025-10-23,15:00:00,152.8,153.3,152.8,152.8,31275
2025-10-26,10:00:00,155.0,155.2,153.1,153.1,18135
2025-10-26,11:00:00,153.4,153.4,152.5,153.0,9869
2025-10-26,12:00:00,153.0,154.0,152.7,153.5,15752
2025-10-26,13:00:00,153.8,154.9,153.8,154.9,13708
2025-10-26,14:00:00,154.6,155.0,154.4,154.7,16028
2025-10-26,15:00:00,154.9,155.1,154.7,155.0,4494
2025-10-27,10:00:00,153.3,156.8,153.3,156.6,13740
2025-10-27,11:00:00,156.6,156.7,153.9,154.0,15914
2025-10-27,12:00:00,153.9,155.2,153.6,154.0,22007
2025-10-27,13:00:00,154.1,154.2,153.6,153.8,16115
2025-10-27,14:00:00,153.7,153.9,152.5,153.4,24473
2025-10-27,15:00:00,153.4,153.6,153.1,153.3,3679
2025-10-28,10:00:00,153.0,154.0,152.6,153.1,13171
2025-10-28,11:00:00,153.1,153.9,152.9,153.0,10844
2025-10-28,12:00:00,153.1,153.8,153.1,153.4,4759
2025-10-28,13:00:00,153.4,153.9,153.1,153.5,9931
2025-10-28,14:00:00,153.5,154.6,153.1,153.5,19191
2025-10-28,15:00:00,153.6,153.7,153.0,153.0,3235
2025-10-29,10:00:00,153.4,154.2,153.3,153.8,7172
2025-10-29,11:00:00,153.9,153.9,153.0,153.4,9595
2025-10-29,12:00:00,153.7,154.0,153.5,153.8,15551
2025-10-29,13:00:00,153.8,154.5,152.8,153.0,38753
2025-10-29,14:00:00,153.4,153.9,153.0,153.7,9764
2025-10-29,15:00:00,153.7,153.8,153.4,153.4,2009
2025-10-30,10:00:00,153.9,154.7,153.8,154.7,2835
2025-10-30,11:00:00,154.6,155.4,154.5,154.7,12809
2025-10-30,12:00:00,154.7,155.3,154.1,155.1,6331
2025-10-30,13:00:00,155.1,155.1,154.4,154.6,12581
2025-10-30,14:00:00,154.5,155.9,153.6,155.3,18667
2025-10-30,15:00:00,155.7,156.0,155.3,156.0,5748
2025-11-02,10:00:00,156.0,156.0,154.0,154.5,8689
2025-11-02,11:00:00,154.5,154.6,154.3,154.4,1878
2025-11-02,12:00:00,154.4,154.8,154.3,154.7,1360
2025-11-02,13:00:00,154.7,155.0,154.6,155.0,981
2025-11-02,14:00:00,155.0,155.4,154.9,155.3,2205
2025-11-03,10:00:00,154.3,155.0,154.0,154.1,4628
2025-11-03,11:00:00,154.1,154.4,153.9,154.1,5206
2025-11-03,12:00:00,154.2,155.2,154.0,155.1,5914
2025-11-03,13:00:00,155.1,155.1,154.7,154.8,9131
2025-11-03,14:00:00,154.8,155.0,154.3,154.4,2503
2025-11-03,15:00:00,154.4,155.0,154.3,155.0,2974
2025-11-04,10:00:00,153.8,154.9,152.0,153.9,11673
2025-11-04,11:00:00,153.9,154.0,153.3,154.0,7656
2025-11-04,12:00:00,154.0,154.0,153.3,153.5,2702
2025-11-04,13:00:00,153.5,153.5,153.0,153.3,5962
2025-11-04,14:00:00,153.3,153.8,152.9,153.7,16008
2025-11-05,10:00:00,149.8,152.9,149.7,152.5,5607
2025-11-05,11:00:00,152.5,152.7,151.1,151.1,12545
2025-11-05,12:00:00,151.4,152.3,151.1,151.6,10369
2025-11-05,13:00:00,151.6,151.8,151.1,151.2,4846
2025-11-05,14:00:00,151.2,151.5,150.1,150.4,13781
2025-11-05,15:00:00,150.5,150.9,149.8,149.8,8313
2025-11-06,10:00:00,150.4,151.7,150.4,151.3,2873
2025-11-06,11:00:00,151.6,151.9,150.7,150.9,6046
2025-11-06,12:00:00,150.9,151.4,150.3,150.3,6895
2025-11-06,13:00:00,150.4,150.9,150.2,150.5,3913
2025-11-06,14:00:00,150.5,150.6,150.3,150.4,3364
2025-11-06,15:00:00,150.5,150.7,150.3,150.3,2025
2025-11-09,10:00:00,149.9,150.7,149.6,149.6,3141
2025-11-09,11:00:00,149.6,149.9,149.2,149.6,3184
2025-11-09,12:00:00,149.6,149.9,149.5,149.8,699
2025-11-09,13:00:00,149.8,149.9,148.9,149.8,7118
2025-11-09,14:00:00,149.5,149.7,149.3,149.3,710
2025-11-10,10:00:00,151.6,151.6,149.9,150.6,6214
2025-11-10,11:00:00,150.6,150.6,148.8,149.4,15874
2025-11-10,12:00:00,149.4,150.6,149.4,149.8,7644
2025-11-10,13:00:00,149.8,150.8,149.8,150.1,5047
2025-11-10,14:00:00,150.1,151.1,149.9,150.8,6948
2025-11-10,15:00:00,150.9,151.6,150.7,151.6,5682
2025-11-11,10:00:00,147.9,150.4,147.9,149.8,4110
2025-11-11,11:00:00,149.8,149.8,148.5,148.8,10914
2025-11-11,12:00:00,148.9,149.4,148.6,149.2,6359
2025-11-11,13:00:00,149.2,149.3,148.6,148.7,5133
2025-11-11,14:00:00,148.7,148.7,147.6,147.6,26323
2025-11-11,15:00:00,147.7,148.9,147.7,147.9,11108
2025-11-12,10:00:00,148.9,149.3,148.1,148.3,3339
2025-11-12,11:00:00,148.3,148.8,148.1,148.7,3871
2025-11-12,12:00:00,148.6,149.2,148.4,148.5,2524
2025-11-12,13:00:00,148.5,148.9,148.3,148.7,3489
2025-11-12,14:00:00,148.7,149.3,148.4,148.8,7866
2025-11-12,15:00:00,148.8,149.4,148.7,149.0,6350
2025-11-13,10:00:00,149.0,153.6,149.0,153.2,28928
2025-11-13,11:00:00,153.2,155.0,152.5,153.6,27529
2025-11-13,12:00:00,153.6,154.0,152.3,152.7,10963
2025-11-13,13:00:00,152.8,152.8,151.6,152.0,15030
2025-11-13,14:00:00,152.2,153.0,151.8,152.1,9528
2025-11-13,15:00:00,151.4,151.4,151.4,151.4,843
2025-11-16,10:00:00,151.4,151.5,150.1,150.4,1967
2025-11-16,11:00:00,150.6,151.0,150.4,150.6,1076
2025-11-16,12:00:00,150.6,151.0,149.7,150.0,3445
2025-11-16,13:00:00,149.7,149.9,149.5,149.6,1650
2025-11-16,14:00:00,149.6,150.4,149.4,150.4,3327
2025-11-16,15:00:00,149.8,149.8,149.8,149.8,138
2025-11-17,10:00:00,147.1,150.0,146.8,149.5,6683
2025-11-17,11:00:00,149.5,149.6,148.8,149.0,5356
2025-11-17,12:00:00,149.1,149.2,148.5,148.6,3010
2025-11-17,13:00:00,148.5,148.5,146.8,147.1,8783
2025-11-17,14:00:00,147.2,147.7,147.0,147.2,3744
2025-11-18,10:00:00,150.2,152.5,146.4,147.0,6014
2025-11-18,11:00:00,147.0,149.0,146.8,148.3,5204
2025-11-18,12:00:00,148.4,150.2,148.2,149.9,6302
2025-11-18,13:00:00,149.9,150.6,149.0,150.6,16037
2025-11-18,14:00:00,150.7,151.2,150.5,150.8,5696
2025-11-18,15:00:00,151.0,151.2,150.2,150.2,2750
2025-11-19,10:00:00,149.5,152.5,148.6,151.1,7610
2025-11-19,11:00:00,151.1,151.5,150.0,150.5,4044
2025-11-19,12:00:00,150.6,150.7,150.1,150.3,2235
2025-11-19,13:00:00,150.5,150.5,149.8,150.1,4169
2025-11-19,14:00:00,150.3,150.3,149.8,150.3,4370
2025-11-19,15:00:00,150.0,150.1,149.5,149.5,2590
2025-11-20,10:00:00,149.7,150.2,149.5,150.0,939
2025-11-20,11:00:00,150.0,150.6,149.2,149.2,2604
2025-11-20,12:00:00,149.2,149.7,149.2,149.2,1549
2025-11-20,13:00:00,149.2,150.5,149.2,150.2,3881
2025-11-20,14:00:00,150.2,150.5,149.5,149.7,4179
2025-11-20,15:00:00,149.7,150.2,149.7,149.8,2217
2025-11-23,10:00:00,148.9,150.5,148.9,150.4,3978
2025-11-23,11:00:00,150.6,150.7,150.0,150.4,100
2025-11-23,12:00:00,150.1,150.5,149.2,149.2,2251
2025-11-23,13:00:00,149.3,149.3,148.9,148.9,1838
2025-11-23,14:00:00,148.8,149.3,148.8,149.0,1843
2025-11-24,10:00:00,150.3,150.5,148.2,148.2,3168
2025-11-24,11:00:00,148.2,149.1,147.4,148.0,7026
2025-11-24,12:00:00,148.1,148.3,147.8,147.9,6007
2025-11-24,13:00:00,148.0,148.7,147.9,148.5,13076
2025-11-24,14:00:00,148.5,148.5,148.0,148.3,3171
2025-11-24,15:00:00,148.2,150.3,147.5,150.3,25740
2025-11-25,10:00:00,148.8,148.9,147.8,147.8,2670
2025-11-25,11:00:00,147.9,148.5,147.1,147.2,3467
2025-11-25,12:00:00,147.1,147.4,146.5,146.9,4425
2025-11-25,13:00:00,146.8,147.0,145.9,146.3,9945
2025-11-25,14:00:00,146.3,147.0,145.0,145.3,9964
2025-11-25,15:00:00,145.3,145.4,145.1,145.1,2737
2025-11-26,10:00:00,149.0,151.2,144.0,144.2,16816
2025-11-26,11:00:00,144.1,145.1,143.9,145.1,3257
2025-11-26,12:00:00,144.9,147.0,144.1,146.7,29780
2025-11-26,13:00:00,146.6,148.8,146.3,148.8,30546
2025-11-26,14:00:00,148.8,150.3,148.6,149.0,19101
2025-11-27,10:00:00,151.0,152.5,150.2,152.4,10419
2025-11-27,11:00:00,152.4,152.5,150.0,150.1,9159
2025-11-27,12:00:00,150.2,150.9,149.9,150.5,6470
2025-11-27,13:00:00,150.4,151.0,150.0,150.6,2582
2025-11-27,14:00:00,150.4,150.8,150.4,150.4,1991
2025-11-27,15:00:00,150.4,151.0,150.3,151.0,3109
2025-11-30,10:00:00,150.5,150.7,149.8,150.3,2161
2025-11-30,11:00:00,150.3,150.5,149.8,150.0,1428
2025-11-30,12:00:00,150.2,150.4,149.5,150.4,3409
2025-11-30,13:00:00,150.3,150.4,150.1,150.2,435
2025-11-30,14:00:00,150.4,152.5,150.1,151.7,9162
2025-11-30,15:00:00,151.7,151.7,150.8,151.2,2490
2025-12-01,10:00:00,149.6,151.5,149.0,151.0,15893
2025-12-01,11:00:00,151.0,152.0,149.7,149.9,5939
2025-12-01,12:00:00,149.7,150.7,149.5,149.8,6925
2025-12-01,13:00:00,149.7,149.9,149.3,149.6,1792
2025-12-01,14:00:00,149.6,149.9,148.6,149.9,13143
2025-12-02,10:00:00,146.3,150.5,146.3,149.2,4398
2025-12-02,11:00:00,149.5,149.6,148.4,148.5,2682
2025-12-02,12:00:00,148.5,149.3,148.5,148.7,2799
2025-12-02,13:00:00,148.6,148.8,147.5,147.9,3891
2025-12-02,14:00:00,147.9,148.0,146.8,147.4,8608
2025-12-02,15:00:00,147.4,147.6,146.3,146.3,4073
2025-12-03,10:00:00,151.0,151.0,147.2,147.7,5444
2025-12-03,11:00:00,147.7,148.8,147.0,148.5,3343
2025-12-03,12:00:00,148.5,149.0,148.5,148.9,3376
2025-12-03,13:00:00,148.9,149.4,148.6,149.1,9110
2025-12-03,14:00:00,149.1,149.9,148.6,149.2,15753
2025-12-03,15:00:00,149.2,151.0,148.6,151.0,13555
2025-12-04,10:00:00,149.9,150.7,149.5,150.6,1897
2025-12-04,11:00:00,150.8,152.5,150.6,151.6,21577
2025-12-04,12:00:00,151.6,151.8,150.8,150.8,3262
2025-12-04,13:00:00,150.8,151.5,150.8,151.2,5612
2025-12-04,14:00:00,151.2,151.3,150.8,151.2,7607
2025-12-04,15:00:00,151.2,151.7,150.7,151.7,4344
2025-12-07,10:00:00,152.0,152.0,150.0,150.0,6390
2025-12-07,11:00:00,150.0,150.5,149.5,150.2,3008
2025-12-07,12:00:00,150.2,150.5,150.1,150.3,644
2025-12-07,13:00:00,150.3,150.4,150.0,150.0,917
2025-12-07,14:00:00,150.1,150.1,149.7,149.7,3594
2025-12-07,15:00:00,149.8,149.8,149.8,149.8,17
2025-12-08,10:00:00,149.2,149.7,149.0,149.3,1207
2025-12-08,11:00:00,149.3,149.7,149.0,149.4,1435
2025-12-08,12:00:00,149.1,149.5,149.1,149.1,498
2025-12-08,13:00:00,149.2,149.6,149.0,149.2,1367
2025-12-08,14:00:00,149.1,149.1,148.7,148.8,1739
2025-12-08,15:00:00,148.5,148.5,148.5,148.5,1606
2025-12-09,10:00:00,147.8,148.2,146.8,147.3,9293
2025-12-09,11:00:00,147.2,147.7,146.5,147.0,12354
2025-12-09,12:00:00,147.1,147.2,146.2,146.6,8789
2025-12-09,13:00:00,146.5,146.9,146.4,146.8,8647
2025-12-09,14:00:00,146.9,146.9,146.6,146.8,5702
2025-12-09,15:00:00,146.6,146.6,146.6,146.6,4094
2025-12-10,10:00:00,146.6,146.6,146.0,146.3,6535
2025-12-10,11:00:00,146.4,147.5,146.4,147.0,6468
2025-12-10,12:00:00,147.0,147.3,146.5,147.2,4661
2025-12-10,13:00:00,147.2,147.8,146.9,147.8,5719
2025-12-10,14:00:00,147.9,148.2,147.5,148.2,6068
2025-12-10,15:00:00,147.5,147.5,147.5,147.5,1628
2025-12-11,10:00:00,146.8,148.4,146.6,147.6,12885
2025-12-11,11:00:00,147.6,147.6,146.6,146.6,5414
2025-12-11,12:00:00,146.6,147.1,146.1,147.1,10606
2025-12-11,13:00:00,147.1,147.5,146.6,146.6,5053
2025-12-11,14:00:00,146.7,146.7,146.1,146.4,7369
2025-12-11,15:00:00,146.1,146.1,146.1,146.1,2357
2025-12-14,10:00:00,146.1,146.5,144.4,144.8,7460
2025-12-14,11:00:00,144.8,145.0,144.4,144.5,6364
2025-12-14,12:00:00,144.5,144.6,144.0,144.0,2521
2025-12-14,13:00:00,144.0,144.1,143.0,143.1,9734
2025-12-14,14:00:00,143.0,144.1,143.0,143.1,5194
2025-12-14,15:00:00,144.0,144.0,144.0,144.0,90
2025-12-15,10:00:00,144.0,144.9,143.1,143.7,6385
2025-12-15,11:00:00,143.5,143.7,142.6,143.1,5726
2025-12-15,12:00:00,143.2,143.4,142.2,142.9,7503
2025-12-15,13:00:00,142.8,143.5,142.1,142.7,9898
2025-12-15,14:00:00,142.8,143.4,142.7,142.9,5418
2025-12-15,15:00:00,142.9,142.9,142.9,142.9,1019
2025-12-16,10:00:00,142.5,142.9,142.1,142.7,10005
2025-12-16,11:00:00,142.7,143.0,142.1,142.1,3994
2025-12-16,12:00:00,142.3,142.5,141.8,142.1,3589
2025-12-16,13:00:00,142.2,142.5,141.1,141.3,5701
2025-12-16,14:00:00,141.2,141.5,140.3,141.0,11309
2025-12-16,15:00:00,140.4,140.4,140.4,140.4,581
2025-12-17,10:00:00,140.4,140.9,139.3,140.5,6737
2025-12-17,11:00:00,140.5,141.9,140.1,141.4,4779
2025-12-17,12:00:00,141.4,141.7,140.8,140.8,3168
2025-12-17,13:00:00,140.8,141.3,140.5,140.8,2356
2025-12-17,14:00:00,140.5,141.0,140.0,140.8,9169
2025-12-17,15:00:00,140.8,140.8,140.8,140.8,4504
2025-12-18,10:00:00,140.8,140.8,138.2,138.3,13140
2025-12-18,11:00:00,138.3,139.1,138.1,138.6,7297
2025-12-18,12:00:00,138.6,138.9,138.5,138.5,5821
2025-12-18,13:00:00,138.5,138.7,137.9,138.1,10289
2025-12-18,14:00:00,138.1,138.6,137.9,138.0,12808
2025-12-18,15:00:00,137.5,137.5,137.5,137.5,5771
2025-12-21,10:00:00,144.9,144.9,137.5,141.3,15959
2025-12-21,11:00:00,141.5,142.4,141.0,141.0,5430
2025-12-21,12:00:00,141.0,141.9,141.0,141.8,3219
2025-12-21,13:00:00,141.6,142.5,141.5,142.5,7503
2025-12-21,14:00:00,142.5,142.5,142.0,142.0,5670
2025-12-22,10:00:00,141.8,142.7,141.5,142.0,2220
2025-12-22,11:00:00,142.0,142.9,142.0,142.6,2640
2025-12-22,12:00:00,142.6,143.0,141.9,143.0,8998
2025-12-22,13:00:00,143.0,143.6,142.9,142.9,5949
2025-12-22,14:00:00,142.8,143.8,142.7,143.3,5008
2025-12-22,15:00:00,143.0,143.3,143.0,143.3,1578
2025-12-23,10:00:00,144.2,145.6,143.6,144.7,22078
2025-12-23,11:00:00,144.8,145.4,144.6,144.8,6920
2025-12-23,12:00:00,144.8,145.4,144.6,144.7,6160
2025-12-23,13:00:00,144.9,145.0,144.2,144.9,5124
2025-12-23,14:00:00,144.8,144.9,144.1,144.2,4647
2025-12-24,10:00:00,144.5,144.8,144.1,144.1,6337
2025-12-24,11:00:00,144.2,144.2,142.7,142.8,4290
2025-12-24,12:00:00,142.8,144.2,142.8,143.9,5473
2025-12-24,13:00:00,143.9,144.0,143.2,143.2,1813
2025-12-24,14:00:00,143.2,143.7,142.4,143.2,3989
2025-12-24,15:00:00,143.2,143.8,143.2,143.5,2306
2025-12-25,10:00:00,144.2,144.2,142.6,143.9,1377
2025-12-25,11:00:00,144.2,144.2,142.0,144.1,1559
2025-12-25,12:00:00,143.1,144.2,143.0,143.0,715
2025-12-25,13:00:00,143.8,144.0,143.0,143.1,856
2025-12-25,14:00:00,143.1,144.0,142.7,144.0,651
2025-12-25,15:00:00,142.9,144.0,142.1,142.1,810
2025-12-28,10:00:00,143.4,143.4,141.6,142.0,4814
2025-12-28,11:00:00,142.3,142.3,141.7,141.9,2120
2025-12-28,12:00:00,141.6,142.2,141.6,142.2,1102
2025-12-28,13:00:00,142.2,142.3,141.9,141.9,949
2025-12-28,14:00:00,141.9,141.9,140.4,140.9,7917
2025-12-28,15:00:00,141.0,141.0,141.0,141.0,186
2025-12-29,10:00:00,142.0,142.0,140.1,141.6,3912
2025-12-29,11:00:00,141.6,141.8,141.0,141.1,1774
2025-12-29,12:00:00,141.2,141.3,140.6,140.7,1675
2025-12-29,13:00:00,140.8,141.4,140.8,141.2,3206
2025-12-29,14:00:00,141.3,142.6,141.3,141.8,6413
2025-12-30,10:00:00,141.2,141.3,141.0,141.3,474
2025-12-30,11:00:00,141.3,141.4,141.0,141.3,1821
2025-12-30,12:00:00,141.2,141.3,140.1,140.3,3105
2025-12-30,13:00:00,140.2,140.2,139.6,139.7,4385
2025-12-30,14:00:00,139.7,140.0,139.3,139.9,5792
2025-12-30,15:00:00,140.0,141.1,139.9,141.0,4356
2025-12-31,10:00:00,140.3,142.7,140.3,142.2,5350
2025-12-31,11:00:00,142.2,142.4,142.2,142.3,389
2025-12-31,12:00:00,142.3,142.3,142.0,142.2,863
2025-12-31,13:00:00,142.1,142.3,141.8,141.8,1242
2025-12-31,14:00:00,142.0,142.3,141.8,142.2,3050
2025-12-31,15:00:00,142.3,142.3,142.3,142.3,261
2026-01-01,10:00:00,143.3,143.5,142.1,142.4,770
2026-01-01,11:00:00,142.4,143.1,142.2,142.3,714
2026-01-01,12:00:00,142.3,142.7,142.3,142.7,682
2026-01-01,13:00:00,142.7,144.8,142.7,143.5,4833
2026-01-01,14:00:00,143.7,144.0,142.8,143.2,4703
2026-01-01,15:00:00,144.0,144.0,144.0,144.0,2198
2026-01-04,10:00:00,140.5,143.6,140.5,141.9,2436
2026-01-04,11:00:00,141.8,142.2,141.6,141.7,4582
2026-01-04,12:00:00,141.7,141.8,141.1,141.4,2759
2026-01-04,13:00:00,141.3,141.4,141.0,141.0,1666
2026-01-04,14:00:00,141.0,141.3,140.6,140.9,2896
2026-01-05,10:00:00,138.6,140.9,138.4,139.3,8323
2026-01-05,11:00:00,139.3,139.5,138.1,139.5,4593
2026-01-05,12:00:00,139.5,140.2,139.2,139.6,5532
2026-01-05,13:00:00,139.6,139.6,138.7,138.7,4851
2026-01-05,14:00:00,138.7,139.3,138.7,139.0,7584
2026-01-05,15:00:00,138.9,138.9,138.6,138.6,4549
2026-01-06,10:00:00,139.2,139.2,138.4,138.4,882
2026-01-06,11:00:00,138.4,139.4,138.0,138.0,5171
2026-01-06,12:00:00,138.1,138.1,137.0,137.8,5933
2026-01-06,13:00:00,137.8,138.1,137.8,138.1,1659
2026-01-06,14:00:00,138.0,138.1,137.5,137.6,8459
2026-01-06,15:00:00,137.7,137.7,137.0,137.0,4530
2026-01-07,10:00:00,140.0,141.5,139.0,140.3,27461
2026-01-07,11:00:00,140.6,140.7,139.5,139.7,6188
2026-01-07,12:00:00,139.7,140.5,139.4,139.7,6671
2026-01-07,13:00:00,139.7,140.7,139.5,140.7,5612
2026-01-07,14:00:00,140.7,140.9,140.0,140.3,3911
2026-01-08,10:00:00,139.3,139.4,139.0,139.0,1907
2026-01-08,11:00:00,139.0,139.8,138.9,139.4,5255
2026-01-08,12:00:00,139.5,141.0,139.5,140.8,8711
2026-01-08,13:00:00,140.8,140.9,139.8,140.1,2216
2026-01-08,14:00:00,140.2,140.3,139.6,139.8,4434
2026-01-08,15:00:00,139.8,140.2,139.6,139.7,3281
2026-01-11,10:00:00,139.7,142.2,139.7,141.7,11426
2026-01-11,11:00:00,141.7,142.3,141.3,142.3,2474
2026-01-11,12:00:00,142.3,142.4,141.7,141.9,1361
2026-01-11,13:00:00,141.9,142.2,141.5,142.2,2478
2026-01-11,14:00:00,142.2,143.0,141.9,143.0,3254
2026-01-11,15:00:00,143.0,143.0,143.0,143.0,534
2026-01-12,10:00:00,143.2,143.2,141.9,142.0,11321
2026-01-12,11:00:00,142.1,143.0,142.1,143.0,1519
2026-01-12,12:00:00,143.0,144.0,142.9,142.9,4712
2026-01-12,13:00:00,142.8,144.0,142.7,142.9,8878
2026-01-12,14:00:00,142.9,142.9,142.3,142.3,3679
2026-01-12,15:00:00,142.7,142.7,142.7,142.7,1149
2026-01-13,10:00:00,142.7,143.1,141.5,142.8,6192
2026-01-13,11:00:00,142.6,142.8,142.4,142.4,2529
2026-01-13,12:00:00,142.4,143.0,142.2,142.9,6290
2026-01-13,13:00:00,142.9,143.3,142.9,143.1,3309
2026-01-13,14:00:00,142.9,143.1,142.6,142.7,7021
2026-01-13,15:00:00,143.5,143.5,143.5,143.5,2901
2026-01-14,10:00:00,143.0,144.9,143.0,144.8,21081
2026-01-14,11:00:00,144.8,145.5,144.6,144.9,13890
2026-01-14,12:00:00,145.1,145.9,144.8,145.5,9733
2026-01-14,13:00:00,145.6,145.7,143.6,143.7,12386
2026-01-14,14:00:00,143.6,143.7,142.5,142.8,8667
2026-01-14,15:00:00,143.9,143.9,143.9,143.9,2752
2026-01-15,10:00:00,143.9,143.9,141.1,141.3,17123
2026-01-15,11:00:00,141.2,142.0,141.0,141.9,6184
2026-01-15,12:00:00,141.7,141.7,141.0,141.2,3850
2026-01-15,13:00:00,141.2,141.3,140.8,140.9,5843
2026-01-15,14:00:00,140.9,141.0,140.1,140.7,16136
2026-01-15,15:00:00,140.2,140.2,140.2,140.2,4548
2026-01-18,10:00:00,140.2,142.5,140.2,142.2,11501
2026-01-18,11:00:00,142.2,142.4,142.1,142.3,2215
2026-01-18,12:00:00,142.4,142.4,142.2,142.3,1407
2026-01-18,13:00:00,142.3,142.4,142.2,142.2,1930
2026-01-18,14:00:00,142.2,142.6,142.2,142.4,4968
2026-01-18,15:00:00,142.3,142.3,142.3,142.3,486
2026-01-19,10:00:00,141.9,142.3,141.2,141.6,7245
2026-01-19,11:00:00,141.6,141.8,141.4,141.8,965
2026-01-19,12:00:00,141.8,142.4,141.6,142.4,2013
2026-01-19,13:00:00,142.5,142.5,141.6,141.8,9958
2026-01-19,14:00:00,141.8,141.8,141.0,141.7,14303
2026-01-20,10:00:00,140.7,141.5,139.1,141.5,19273
2026-01-20,11:00:00,141.4,141.8,141.4,141.6,2142
2026-01-20,12:00:00,141.6,141.7,141.5,141.7,1228
2026-01-20,13:00:00,141.7,141.7,141.1,141.7,5463
2026-01-20,14:00:00,141.6,141.7,140.9,141.0,31888
2026-01-20,15:00:00,141.0,141.5,140.7,140.7,6934
2026-01-21,10:00:00,139.0,140.0,138.8,139.1,16574
2026-01-21,11:00:00,139.1,139.5,139.1,139.4,10238
2026-01-21,12:00:00,139.4,140.0,139.0,139.2,9549
2026-01-21,13:00:00,139.2,139.3,138.3,139.3,15918
2026-01-21,14:00:00,139.2,139.5,138.8,139.2,9613
2026-01-21,15:00:00,139.1,139.2,139.0,139.0,1606
2026-01-22,10:00:00,141.5,143.0,139.5,140.0,10713
2026-01-22,11:00:00,140.0,141.4,140.0,141.3,10049
2026-01-22,12:00:00,141.3,141.5,140.7,140.9,3974
2026-01-22,13:00:00,140.9,141.3,140.8,140.8,7111
2026-01-22,14:00:00,140.8,141.4,140.7,141.0,9626
2026-01-22,15:00:00,141.1,141.5,141.0,141.5,9807
2026-01-25,10:00:00,142.0,143.5,141.4,141.7,10418
2026-01-25,11:00:00,141.7,142.4,141.7,142.3,3813
2026-01-25,12:00:00,142.4,142.4,142.0,142.0,2183
2026-01-25,13:00:00,142.0,143.1,141.3,141.4,21095
2026-01-25,14:00:00,141.3,142.4,141.2,142.3,3698
2026-01-25,15:00:00,142.4,142.5,141.8,142.0,1279
2026-01-26,10:00:00,143.7,144.1,141.1,141.4,6888
2026-01-26,11:00:00,141.7,141.7,141.0,141.4,5000
2026-01-26,12:00:00,141.4,144.4,141.2,143.3,19428
2026-01-26,13:00:00,143.3,144.5,143.0,143.0,10383
2026-01-26,14:00:00,143.0,143.6,142.8,143.4,7330
2026-01-26,15:00:00,143.3,143.7,142.9,143.7,5128
2026-01-27,10:00:00,142.4,144.8,142.3,144.0,9273
2026-01-27,11:00:00,144.0,145.0,143.6,143.9,11708
2026-01-27,12:00:00,143.8,144.0,142.4,143.0,8378
2026-01-27,13:00:00,142.8,143.2,142.5,143.1,7005
2026-01-27,14:00:00,143.1,143.2,142.6,142.6,6037
2026-01-27,15:00:00,142.6,142.8,142.4,142.4,6779
2026-01-28,10:00:00,142.9,143.2,141.6,142.1,5095
2026-01-28,11:00:00,142.1,142.6,141.4,141.7,9401
2026-01-28,12:00:00,141.7,142.1,141.5,142.0,3532
2026-01-28,13:00:00,142.1,142.6,142.0,142.4,1772
2026-01-28,14:00:00,142.4,142.5,142.1,142.2,2692
2026-01-28,15:00:00,142.2,142.9,142.2,142.9,1795
2026-01-29,10:00:00,140.2,142.6,140.2,141.2,12943
2026-01-29,11:00:00,141.5,141.8,141.3,141.3,4449
2026-01-29,12:00:00,141.4,141.5,141.0,141.3,7786
2026-01-29,13:00:00,141.2,141.3,140.4,141.0,11965
2026-01-29,14:00:00,140.9,141.5,140.4,140.5,11498
2026-01-29,15:00:00,140.7,140.9,140.2,140.2,9575
2026-02-01,10:00:00,140.4,141.1,139.0,140.5,6734
2026-02-01,11:00:00,140.7,141.8,140.5,141.5,5099
2026-02-01,12:00:00,141.3,141.4,140.8,141.4,2817
2026-02-01,13:00:00,140.9,141.4,140.8,140.9,3674
2026-02-01,14:00:00,140.9,141.2,140.5,140.5,6133
2026-02-01,15:00:00,140.4,140.6,140.2,140.4,3934
2026-02-02,10:00:00,141.2,141.9,139.8,140.3,8946
2026-02-02,11:00:00,140.4,141.2,140.2,140.7,9054
2026-02-02,12:00:00,140.7,140.9,140.6,140.6,3058
2026-02-02,13:00:00,140.7,140.7,140.1,140.6,10264
2026-02-02,14:00:00,140.5,141.8,140.5,141.0,11534
2026-02-02,15:00:00,141.0,141.2,140.8,141.2,2895
2026-02-03,10:00:00,138.7,142.3,137.5,142.2,17237
2026-02-03,11:00:00,142.1,142.5,140.9,141.0,7428
2026-02-03,12:00:00,141.1,141.3,140.2,140.2,7605
2026-02-03,13:00:00,140.3,140.4,139.6,139.7,12347
2026-02-03,14:00:00,139.8,139.9,138.8,139.0,22226
2026-02-03,15:00:00,139.0,139.4,138.7,138.7,9332
2026-02-04,10:00:00,135.2,137.7,135.1,136.6,16188
2026-02-04,11:00:00,136.7,136.8,135.7,135.7,27103
2026-02-04,12:00:00,135.8,135.9,134.8,135.4,21985
2026-02-04,13:00:00,135.4,135.6,134.8,134.8,11529
2026-02-04,14:00:00,134.8,135.6,134.5,135.6,12886
2026-02-04,15:00:00,135.5,135.6,135.2,135.2,8300
2026-02-05,10:00:00,133.4,136.5,133.4,135.2,14461
2026-02-05,11:00:00,135.1,135.5,135.0,135.3,5696
2026-02-05,12:00:00,135.3,135.3,134.0,134.1,11614
2026-02-05,13:00:00,134.0,134.8,134.0,134.8,5131
2026-02-05,14:00:00,134.6,135.0,134.1,134.1,6077
2026-02-05,15:00:00,134.1,134.3,133.4,133.4,8020
2026-02-08,10:00:00,130.8,135.0,129.5,134.2,10298
2026-02-08,11:00:00,134.6,134.6,133.0,133.3,5508
2026-02-08,12:00:00,133.3,133.3,131.8,131.9,7345
2026-02-08,13:00:00,132.2,132.5,130.4,131.1,14596
2026-02-08,14:00:00,131.0,131.5,130.8,131.0,5545
2026-02-08,15:00:00,130.9,131.0,130.7,130.8,2557
2026-02-09,10:00:00,127.9,130.0,127.9,128.9,13233
2026-02-09,11:00:00,128.9,129.6,128.7,129.0,4639
2026-02-09,12:00:00,129.0,129.2,128.2,128.4,5600
2026-02-09,13:00:00,128.4,128.4,127.8,127.9,7126
2026-02-09,14:00:00,128.0,128.1,127.4,128.0,9786
2026-02-09,15:00:00,127.8,128.0,127.6,127.9,3710
2026-02-10,10:00:00,129.2,132.5,128.2,128.6,16148
2026-02-10,11:00:00,128.6,129.0,128.3,128.3,11783
2026-02-10,12:00:00,128.3,128.7,128.1,128.3,7171
2026-02-10,13:00:00,128.3,128.4,127.5,128.2,11107
2026-02-10,14:00:00,128.2,130.0,127.8,129.6,101534
2026-02-10,15:00:00,129.6,129.7,129.2,129.2,7288
2026-02-11,10:00:00,128.9,129.4,128.0,128.1,8981
2026-02-11,11:00:00,128.3,129.1,127.8,129.0,20668
2026-02-11,12:00:00,129.0,129.4,128.5,128.8,9659
2026-02-11,13:00:00,128.8,129.1,128.7,129.1,8145
2026-02-11,14:00:00,129.1,129.4,128.9,129.0,6101
2026-02-11,15:00:00,129.0,129.2,128.9,128.9,2502
2026-02-12,10:00:00,131.0,132.3,128.5,128.9,12937
2026-02-12,11:00:00,128.8,130.0,128.5,129.8,11816
2026-02-12,12:00:00,129.7,130.0,129.6,129.7,3587
2026-02-12,13:00:00,129.7,131.2,129.6,131.2,11538
2026-02-12,14:00:00,131.2,131.3,130.5,130.9,7902
2026-02-12,15:00:00,130.9,131.0,130.5,131.0,3967
2026-02-15,10:00:00,132.1,132.4,131.9,132.1,3567
2026-02-15,11:00:00,132.1,133.1,131.9,133.1,14624
2026-02-15,12:00:00,133.0,133.2,132.6,132.7,6929
2026-02-15,13:00:00,132.7,133.0,132.2,132.5,7599
2026-02-15,14:00:00,132.5,133.0,132.2,132.6,13306
2026-02-15,15:00:00,132.5,133.2,132.4,133.2,20879
2026-02-16,10:00:00,133.2,133.3,132.0,132.5,13808
2026-02-16,11:00:00,132.4,132.8,132.1,132.6,3593
2026-02-16,12:00:00,132.8,135.4,132.0,134.0,50011
2026-02-16,13:00:00,134.2,134.5,133.3,133.7,11060
2026-02-16,14:00:00,133.7,133.7,132.9,133.6,9028
2026-02-16,15:00:00,133.0,133.0,133.0,133.0,28895
2026-02-17,10:00:00,133.0,133.6,132.0,132.1,11725
2026-02-17,11:00:00,132.1,132.1,130.7,130.8,20257
2026-02-17,12:00:00,130.9,133.4,130.9,132.3,12056
2026-02-17,13:00:00,132.4,133.5,132.3,132.7,10342
2026-02-17,14:00:00,132.7,132.7,131.5,131.5,10748
2026-02-17,15:00:00,132.4,132.4,132.4,132.4,2247
2026-02-18,10:00:00,132.4,132.5,130.1,130.1,6108
2026-02-18,11:00:00,130.3,130.8,129.6,130.8,16381
2026-02-18,12:00:00,130.8,130.8,130.1,130.3,7621
2026-02-18,13:00:00,130.3,131.1,130.3,131.1,3538
2026-02-18,14:00:00,131.0,131.3,130.5,130.9,4850
2026-02-18,15:00:00,130.8,130.8,130.8,130.8,246
2026-02-19,10:00:00,130.4,131.6,129.0,129.6,13449
2026-02-19,11:00:00,129.7,130.6,129.7,130.3,19500
2026-02-19,12:00:00,130.3,130.6,129.8,130.4,7296
2026-02-19,13:00:00,130.4,131.8,130.4,131.3,13337
2026-02-19,14:00:00,131.2,131.8,130.8,131.0,11945
2026-02-23,10:00:00,128.1,131.5,128.1,128.2,23866
2026-02-23,11:00:00,128.1,128.2,125.0,125.4,16982
2026-02-23,12:00:00,125.7,128.3,125.5,127.9,18366
2026-02-23,13:00:00,127.8,129.2,127.8,128.6,6974
2026-02-23,14:00:00,128.5,128.5,128.0,128.4,9107
2026-02-23,15:00:00,128.5,128.6,128.0,128.1,4544
2026-02-24,10:00:00,131.0,134.3,130.3,131.4,71982
2026-02-24,11:00:00,131.7,132.6,130.3,132.1,37052
2026-02-24,12:00:00,132.0,133.5,131.8,132.9,70069
2026-02-24,13:00:00,132.9,134.0,131.9,132.8,79472
2026-02-24,14:00:00,132.8,133.1,132.3,132.5,22033
2026-02-24,15:00:00,132.5,132.7,131.0,131.0,79530
2026-02-25,10:00:00,137.0,137.8,133.9,135.9,26555
2026-02-25,11:00:00,136.2,136.5,135.0,135.4,26741
2026-02-25,12:00:00,135.5,135.9,135.0,135.6,9760
2026-02-25,13:00:00,135.6,135.6,134.8,135.0,12576
2026-02-25,14:00:00,135.0,136.7,135.0,136.5,15463
2026-02-25,15:00:00,136.6,137.0,136.5,137.0,6844
2026-02-26,10:00:00,135.0,136.2,125.0,135.4,14365
2026-02-26,11:00:00,135.5,136.4,134.6,135.5,14704
2026-02-26,12:00:00,135.5,136.1,135.0,135.1,14641
2026-02-26,13:00:00,135.0,135.7,135.0,135.4,3315
2026-02-26,14:00:00,135.4,135.8,135.0,135.5,13519
2026-02-26,15:00:00,135.5,135.7,135.0,135.0,16350
2026-03-01,10:00:00,133.7,134.8,131.4,133.3,12606
2026-03-01,11:00:00,133.1,135.0,132.5,133.5,10774
2026-03-01,12:00:00,133.1,134.2,133.0,133.5,3790
2026-03-01,13:00:00,133.0,133.8,133.0,133.2,3401
2026-03-01,14:00:00,133.2,133.7,133.0,133.4,4534
2026-03-01,15:00:00,133.2,134.1,133.2,133.7,4803
2026-03-02,10:00:00,134.4,134.4,132.4,132.4,11432
2026-03-02,11:00:00,132.4,132.4,129.2,129.3,31948
2026-03-02,12:00:00,129.5,129.5,128.0,129.5,14448
2026-03-02,13:00:00,129.6,130.6,129.2,129.5,16435
2026-03-02,14:00:00,129.3,130.3,128.7,129.2,21802
2026-03-02,15:00:00,129.7,129.8,129.2,129.3,5550
2026-03-03,10:00:00,128.0,129.9,126.6,128.1,26081
2026-03-03,11:00:00,128.0,129.1,128.0,129.1,3598
2026-03-03,12:00:00,129.1,129.5,128.0,128.1,6940
2026-03-03,13:00:00,128.0,128.5,127.8,128.2,7300
2026-03-03,14:00:00,128.4,129.7,128.3,128.6,7892
2026-03-04,10:00:00,132.7,133.9,128.4,129.1,5198
2026-03-04,11:00:00,129.5,130.3,129.4,129.9,2460
2026-03-04,12:00:00,129.7,132.0,129.7,132.0,11246
2026-03-04,13:00:00,131.8,132.4,131.4,132.2,7096
2026-03-04,14:00:00,132.2,133.1,131.9,133.1,7033
2026-03-04,15:00:00,132.9,133.9,132.7,132.7,5071
2026-03-05,10:00:00,134.2,136.9,133.0,134.0,13627
2026-03-05,11:00:00,134.2,135.0,134.1,134.8,23895
2026-03-05,12:00:00,134.7,136.1,134.7,135.3,14144
2026-03-05,13:00:00,135.3,135.4,134.1,134.9,11635
2026-03-05,14:00:00,135.1,135.5,134.6,134.8,10265
2026-03-05,15:00:00,135.0,135.3,134.2,134.2,10268
2026-03-08,10:00:00,135.6,136.4,135.4,136.3,4052
2026-03-08,11:00:00,136.3,136.8,135.8,136.6,5794
2026-03-08,12:00:00,136.5,138.0,136.5,137.7,11030
2026-03-08,13:00:00,137.4,138.0,136.6,136.7,7983
2026-03-08,14:00:00,136.6,137.1,135.8,137.1,6483
2026-03-08,15:00:00,137.0,137.2,135.0,135.0,4680
2026-03-09,10:00:00,137.3,139.0,133.0,137.4,27955
2026-03-09,11:00:00,137.3,137.5,136.6,136.9,7824
2026-03-09,12:00:00,137.0,137.0,136.5,136.9,4786
2026-03-09,13:00:00,136.9,138.8,136.6,138.3,13912
2026-03-09,14:00:00,138.3,138.3,136.9,136.9,5439
2026-03-10,10:00:00,135.5,136.6,133.8,136.1,4052
2026-03-10,11:00:00,135.7,136.9,135.2,136.9,4988
2026-03-10,12:00:00,136.9,136.9,136.0,136.4,670
2026-03-10,13:00:00,136.0,136.2,135.6,135.6,1510
2026-03-10,14:00:00,135.7,136.0,135.5,135.6,10366
2026-03-11,10:00:00,134.3,134.3,133.6,134.3,3218
2026-03-11,11:00:00,134.6,135.2,134.0,135.1,4202
2026-03-11,12:00:00,135.0,135.5,134.9,135.2,2642
2026-03-11,13:00:00,135.0,135.3,134.9,135.0,3762
2026-03-11,14:00:00,134.9,135.8,134.8,135.8,18797
2026-03-11,15:00:00,135.5,135.7,134.8,135.3,3782
2026-03-12,10:00:00,135.3,135.3,134.9,135.0,1279
2026-03-12,11:00:00,134.9,135.7,134.8,135.5,2745
2026-03-12,12:00:00,135.3,135.5,135.0,135.4,3813
2026-03-12,13:00:00,135.2,135.7,135.2,135.7,1011
2026-03-12,14:00:00,135.7,135.8,135.2,135.3,4906
2026-03-12,15:00:00,135.9,135.9,135.9,135.9,1132
2026-03-15,10:00:00,135.9,136.5,135.8,135.8,3765
2026-03-15,11:00:00,136.0,136.4,135.9,136.4,2271
2026-03-15,12:00:00,136.3,137.7,136.2,137.6,8518
2026-03-15,13:00:00,137.7,141.0,137.7,140.7,32014
2026-03-15,14:00:00,140.8,142.9,139.5,142.1,29949
2026-03-15,15:00:00,142.0,142.0,142.0,142.0,2693
2026-03-16,10:00:00,139.3,140.4,139.0,139.2,5244
2026-03-16,11:00:00,139.2,141.0,138.5,139.1,17168
2026-03-16,12:00:00,139.1,139.9,138.9,138.9,9082
2026-03-16,13:00:00,139.2,139.2,137.8,138.1,10761
2026-03-16,14:00:00,138.1,139.5,137.3,139.2,14710
2026-03-16,15:00:00,139.2,139.2,139.2,139.2,1566
2026-03-24,10:00:00,141.1,141.1,137.3,141.0,59801
2026-03-24,11:00:00,141.0,141.4,137.6,137.8,15534
2026-03-24,12:00:00,138.1,139.3,138.0,138.5,13264
2026-03-24,13:00:00,138.2,138.9,137.8,138.2,10931
2026-03-24,14:00:00,138.2,139.1,138.1,139.1,12290
2026-03-25,10:00:00,142.6,142.9,139.8,139.8,5285
2026-03-25,11:00:00,139.9,141.6,139.3,141.6,13190
2026-03-25,12:00:00,141.7,143.7,141.7,143.2,28016
2026-03-25,13:00:00,143.2,144.5,143.0,143.8,25276
2026-03-25,14:00:00,143.8,144.1,143.3,143.8,13517
2026-03-25,15:00:00,143.7,144.1,142.6,142.6,8415
2026-03-26,10:00:00,142.0,143.8,142.0,143.2,6488
2026-03-26,11:00:00,142.9,143.4,142.5,143.2,12982
2026-03-26,12:00:00,143.2,144.4,143.2,144.3,8441
2026-03-26,13:00:00,144.2,144.2,142.3,142.7,7167
2026-03-26,14:00:00,142.8,143.5,142.3,142.3,7041
2026-03-26,15:00:00,142.3,142.6,142.0,142.0,5401
2026-03-29,10:00:00,144.8,145.6,142.8,143.6,14959
2026-03-29,11:00:00,143.6,144.7,143.6,144.7,8812
2026-03-29,12:00:00,144.8,144.8,144.0,144.4,4235
2026-03-29,13:00:00,144.2,144.7,144.1,144.6,2149
2026-03-29,14:00:00,144.6,144.9,144.4,144.8,4913
2026-03-29,15:00:00,144.7,144.8,144.5,144.8,1762
2026-03-30,10:00:00,143.8,144.5,143.8,144.5,2663
2026-03-30,11:00:00,144.5,145.7,144.3,145.4,13805
2026-03-30,12:00:00,145.4,145.5,144.3,144.7,19466
2026-03-30,13:00:00,144.9,145.4,144.8,145.0,14664
2026-03-30,14:00:00,145.0,145.4,144.3,144.5,17162
2026-03-30,15:00:00,144.5,144.7,144.0,144.0,7018
2026-03-31,10:00:00,143.9,145.5,143.6,145.0,13675
2026-03-31,11:00:00,144.8,144.9,143.9,144.1,6833
2026-03-31,12:00:00,144.0,144.1,143.2,143.4,5030
2026-03-31,13:00:00,143.6,143.8,143.1,143.2,3769
2026-03-31,14:00:00,143.2,143.6,142.8,142.8,8399
2026-03-31,15:00:00,142.3,142.3,142.3,142.3,4510
2026-04-01,10:00:00,142.3,144.0,142.3,143.3,7893
2026-04-01,11:00:00,143.4,143.5,142.5,142.9,3741
2026-04-01,12:00:00,142.8,143.7,142.0,142.6,23338
2026-04-01,13:00:00,142.7,142.9,142.0,142.1,67557
2026-04-01,14:00:00,142.1,145.0,142.0,145.0,22759
2026-04-01,15:00:00,144.4,144.4,144.4,144.4,2098
2026-04-02,10:00:00,150.6,152.3,144.4,151.0,101257
2026-04-02,11:00:00,150.9,150.9,150.0,150.4,13879
2026-04-02,12:00:00,150.4,151.5,149.9,150.6,14298
2026-04-02,13:00:00,150.2,150.2,148.6,149.4,14385
2026-04-02,14:00:00,149.5,151.0,149.4,150.2,11920
2026-04-05,10:00:00,150.7,151.5,150.1,150.7,4379
2026-04-05,11:00:00,150.3,150.3,148.5,148.5,5845
2026-04-05,12:00:00,148.7,150.7,148.5,150.0,4958
2026-04-05,13:00:00,150.0,150.1,149.2,149.4,987
2026-04-05,14:00:00,149.4,150.5,149.2,150.1,3687
2026-04-05,15:00:00,149.9,150.0,149.2,149.2,694
2026-04-06,10:00:00,150.1,153.1,150.0,151.0,55355
2026-04-06,11:00:00,151.0,151.2,149.7,150.2,7304
2026-04-06,12:00:00,150.3,150.8,149.7,149.9,4278
2026-04-06,13:00:00,150.0,152.0,150.0,151.6,21445
2026-04-06,14:00:00,151.4,152.0,151.3,151.3,5254
2026-04-07,10:00:00,152.4,155.0,152.4,153.8,45534
2026-04-07,11:00:00,154.0,154.0,151.9,153.1,16920
2026-04-07,12:00:00,153.2,154.2,153.1,153.7,26762
2026-04-07,13:00:00,153.7,153.7,152.6,152.9,20362
2026-04-07,14:00:00,153.0,153.0,152.0,152.2,35522
2026-04-07,15:00:00,152.1,152.4,152.0,152.4,15949
2026-04-08,10:00:00,153.5,155.3,153.3,154.2,18735
2026-04-08,11:00:00,154.4,154.4,153.1,153.2,14697
2026-04-08,12:00:00,153.3,153.8,153.1,153.7,6494
2026-04-08,13:00:00,153.9,153.9,153.4,153.6,8761
2026-04-08,14:00:00,153.6,153.7,153.4,153.5,6639
2026-04-08,15:00:00,153.5,153.7,153.5,153.5,3908
2026-04-09,10:00:00,153.0,153.7,150.2,152.6,9352
2026-04-09,11:00:00,152.5,153.8,152.1,153.3,6211
2026-04-09,12:00:00,153.2,153.4,152.7,152.7,6468
2026-04-09,13:00:00,152.9,153.1,152.6,153.1,4653
2026-04-09,14:00:00,153.1,153.2,152.9,153.0,6680
2026-04-09,15:00:00,153.0,153.2,152.9,153.0,2763
2026-04-12,10:00:00,151.6,152.7,151.6,152.1,1090
2026-04-12,11:00:00,152.3,153.0,151.9,152.0,2839
2026-04-12,12:00:00,152.0,152.6,151.8,152.2,1979
2026-04-12,13:00:00,152.0,152.4,152.0,152.1,275
2026-04-12,14:00:00,152.1,152.3,151.6,151.7,12612
2026-04-12,15:00:00,151.8,151.8,151.6,151.6,141
2026-04-13,10:00:00,153.1,153.1,151.7,152.3,6922
2026-04-13,11:00:00,152.3,152.9,152.0,152.9,4991
2026-04-13,12:00:00,152.9,153.0,152.4,152.5,4043
2026-04-13,13:00:00,152.5,152.7,152.1,152.7,5664
2026-04-13,14:00:00,152.6,152.8,152.3,152.3,5499
2026-04-13,15:00:00,152.8,152.8,152.8,152.8,4596
2026-04-14,10:00:00,151.9,155.0,151.9,155.0,9030
2026-04-14,11:00:00,155.0,155.2,154.5,155.0,10553
2026-04-14,12:00:00,155.0,155.3,154.5,154.8,5156
2026-04-14,13:00:00,155.1,155.4,154.8,155.2,3918
2026-04-14,14:00:00,155.2,155.8,154.9,155.0,11119
2026-04-14,15:00:00,155.0,155.0,155.0,155.0,4278
2026-04-15,10:00:00,156.0,156.6,155.3,156.1,11609
2026-04-15,11:00:00,156.0,156.3,155.5,155.7,3779
2026-04-15,12:00:00,155.7,156.2,155.5,156.2,1777
2026-04-15,13:00:00,156.2,156.2,155.6,155.7,3607
2026-04-15,14:00:00,155.7,155.9,155.2,155.8,8921
2026-04-16,10:00:00,155.7,156.6,155.7,156.0,2195
2026-04-16,11:00:00,156.2,156.3,155.6,155.6,5454
2026-04-16,12:00:00,155.6,156.1,155.6,155.9,2776
2026-04-16,13:00:00,156.0,156.0,155.6,156.0,2897
2026-04-16,14:00:00,156.0,156.3,155.6,155.6,5969
2026-04-16,15:00:00,155.6,155.8,155.6,155.7,5476
2026-04-19,10:00:00,155.1,156.8,155.0,156.0,8552
2026-04-19,11:00:00,155.9,156.0,155.7,155.9,1340
2026-04-19,12:00:00,155.8,155.9,155.0,155.2,11975
2026-04-19,13:00:00,155.3,155.3,155.0,155.2,3697
2026-04-19,14:00:00,155.2,155.3,155.0,155.0,625
2026-04-19,15:00:00,155.0,155.1,155.0,155.1,308
2026-04-20,10:00:00,155.5,156.8,155.4,155.6,3159
2026-04-20,11:00:00,156.3,156.8,155.8,156.0,12881
2026-04-20,12:00:00,156.0,156.0,155.8,155.9,11205
2026-04-20,13:00:00,155.9,155.9,155.2,155.4,5670
2026-04-20,14:00:00,155.3,155.5,155.0,155.2,11123
2026-04-20,15:00:00,155.2,155.4,155.0,155.0,4153
2026-04-21,10:00:00,155.0,155.8,154.6,155.6,3861
2026-04-21,11:00:00,155.7,155.7,155.4,155.6,582
2026-04-21,12:00:00,155.4,155.5,155.0,155.1,1923
2026-04-21,13:00:00,155.3,155.9,155.2,155.5,5149
2026-04-21,14:00:00,155.6,156.3,155.4,156.1,5508
2026-04-21,15:00:00,156.0,156.0,156.0,156.0,2093
2026-04-22,10:00:00,156.0,156.8,155.7,156.2,2191
2026-04-22,11:00:00,156.3,157.8,155.8,155.8,22773
2026-04-22,12:00:00,155.8,155.9,155.0,155.1,17577
2026-04-22,13:00:00,155.1,155.1,154.6,154.8,7921
2026-04-22,14:00:00,154.7,155.1,154.7,154.9,4199
2026-04-22,15:00:00,155.4,155.4,155.4,155.4,1907
2026-04-23,10:00:00,156.8,157.1,152.6,153.6,27173
2026-04-23,11:00:00,153.6,155.9,152.7,155.9,20299
2026-04-23,12:00:00,155.9,156.2,155.0,155.8,15607
2026-04-23,13:00:00,155.8,156.2,154.8,154.9,16052
2026-04-23,14:00:00,154.9,155.2,154.7,155.0,5431
2026-04-23,15:00:00,155.0,155.0,155.0,155.0,1306
2026-04-26,10:00:00,154.1,155.1,154.1,154.2,1831
2026-04-26,11:00:00,154.0,154.4,153.9,154.0,3592
2026-04-26,12:00:00,154.0,154.3,153.7,154.3,2888
2026-04-26,13:00:00,154.6,154.6,154.2,154.2,686
2026-04-26,14:00:00,154.5,154.5,154.1,154.4,3586
2026-04-26,15:00:00,154.2,154.2,154.2,154.2,101
2026-04-27,10:00:00,154.2,155.0,154.1,154.9,1793
2026-04-27,11:00:00,155.0,155.7,154.9,155.6,3757
2026-04-27,12:00:00,155.7,156.0,155.7,155.7,2475
2026-04-27,13:00:00,155.7,156.0,155.3,155.8,5698
2026-04-27,14:00:00,155.9,156.4,155.6,155.8,3882
2026-04-27,15:00:00,155.5,155.5,155.5,155.5,1204
2026-04-28,10:00:00,156.0,156.8,155.1,155.9,9606
2026-04-28,11:00:00,155.9,156.0,155.5,155.6,1389
2026-04-28,12:00:00,155.5,155.6,155.5,155.5,303
2026-04-28,13:00:00,155.5,156.0,155.2,156.0,4751
2026-04-28,14:00:00,156.1,156.5,155.8,156.3,7088
2026-04-29,10:00:00,155.6,155.7,155.3,155.3,694
2026-04-29,11:00:00,155.4,156.2,155.0,155.8,4949
2026-04-29,12:00:00,155.8,155.8,155.3,155.6,2263
2026-04-29,13:00:00,155.5,156.3,155.5,156.0,3057
2026-04-29,14:00:00,156.0,156.0,155.0,155.8,5034
2026-04-29,15:00:00,155.8,155.9,155.3,155.3,2233
2026-04-30,10:00:00,155.3,156.0,154.5,156.0,8624
2026-04-30,11:00:00,155.7,156.5,155.7,156.5,1633
2026-04-30,12:00:00,156.3,156.3,155.4,155.4,736
2026-04-30,13:00:00,155.4,156.2,155.3,156.0,3575
2026-04-30,14:00:00,155.9,155.9,155.0,155.7,7925
2026-04-30,15:00:00,155.4,155.4,155.4,155.4,1489
2026-05-03,10:00:00,155.7,155.7,154.8,155.1,4563
2026-05-03,11:00:00,155.1,155.6,154.8,155.6,1250
2026-05-03,12:00:00,155.6,155.6,154.8,155.0,1359
2026-05-03,13:00:00,154.8,155.4,154.8,155.2,1702
2026-05-03,14:00:00,155.3,155.3,155.1,155.3,423
2026-05-04,10:00:00,155.3,155.4,152.5,155.0,12766
2026-05-04,11:00:00,155.0,155.3,154.2,155.0,23322
2026-05-04,12:00:00,155.0,155.5,154.8,155.2,8277
2026-05-04,13:00:00,155.2,155.3,155.0,155.0,5037
2026-05-04,14:00:00,155.0,155.2,154.8,155.1,11764
2026-05-05,10:00:00,152.5,152.5,151.0,152.0,3546
2026-05-05,11:00:00,152.0,153.5,152.0,153.4,2713
2026-05-05,12:00:00,153.4,154.1,153.4,154.1,9981
2026-05-05,13:00:00,154.1,154.1,153.3,153.7,8921
2026-05-05,14:00:00,153.7,154.1,153.1,153.7,17786
2026-05-05,15:00:00,153.8,154.2,153.8,154.0,5781
2026-05-06,10:00:00,152.0,155.1,151.8,154.7,6181
2026-05-06,11:00:00,154.5,155.4,154.2,155.3,1496
2026-05-06,12:00:00,155.3,155.6,154.8,154.8,6787
2026-05-06,13:00:00,154.8,155.3,153.7,153.7,12101
2026-05-06,14:00:00,153.7,153.8,152.0,152.1,9605
2026-05-07,10:00:00,153.1,154.0,152.9,153.2,6401
2026-05-07,11:00:00,153.2,154.2,153.2,154.1,16912
2026-05-07,12:00:00,154.0,154.2,153.8,154.0,8193
2026-05-07,13:00:00,154.0,154.2,154.0,154.1,2259
2026-05-07,14:00:00,154.0,154.2,154.0,154.0,1966
2026-05-07,15:00:00,154.0,154.4,154.0,154.0,2695
2026-05-10,10:00:00,154.0,157.6,152.7,156.8,27273
2026-05-10,11:00:00,156.7,156.7,156.0,156.4,3436
2026-05-10,12:00:00,156.4,156.4,154.9,155.6,11560
2026-05-10,13:00:00,155.5,155.9,155.5,155.7,1636
2026-05-10,14:00:00,155.7,157.0,155.7,156.7,7336
2026-05-10,15:00:00,156.7,156.7,156.7,156.7,719
2026-05-11,10:00:00,156.7,156.7,153.8,155.7,21334
2026-05-11,11:00:00,155.8,156.3,155.5,156.2,6384
2026-05-11,12:00:00,156.2,156.6,155.4,155.5,7404
2026-05-11,13:00:00,155.5,155.5,154.8,155.3,19594
2026-05-11,14:00:00,155.3,155.3,154.6,155.0,16363
2026-05-11,15:00:00,155.0,155.0,155.0,155.0,1295
2026-05-12,10:00:00,155.0,157.1,155.0,155.9,6230
2026-05-12,11:00:00,156.2,156.2,155.8,156.0,2219
2026-05-12,12:00:00,156.2,157.7,156.2,156.8,10663
2026-05-12,13:00:00,156.8,157.3,156.0,156.1,10485
2026-05-12,14:00:00,156.0,157.0,156.0,156.5,9833
2026-05-12,15:00:00,156.5,156.5,156.5,156.5,659
2026-05-13,10:00:00,153.6,156.5,153.3,155.1,6865
2026-05-13,11:00:00,155.0,155.4,153.9,155.0,20086
2026-05-13,12:00:00,155.1,155.1,154.7,155.0,4454
2026-05-13,13:00:00,155.0,155.6,155.0,155.0,2721
2026-05-13,14:00:00,155.0,155.5,153.7,154.1,14267
2026-05-14,10:00:00,154.9,155.2,153.4,153.6,3454
2026-05-14,11:00:00,153.8,154.9,153.6,154.9,1871
2026-05-14,12:00:00,154.9,155.8,154.9,155.0,7941
2026-05-14,13:00:00,155.0,155.0,154.0,154.6,5930
2026-05-14,14:00:00,154.6,155.1,154.6,154.7,3279
2026-05-14,15:00:00,154.7,155.0,154.3,154.9,2056
2026-05-17,10:00:00,155.6,156.4,154.0,155.8,7541
2026-05-17,11:00:00,156.2,156.3,155.6,156.2,3060
2026-05-17,12:00:00,156.0,156.8,155.7,156.0,4802
2026-05-17,13:00:00,156.0,156.5,155.4,155.6,3923
2026-05-17,14:00:00,155.6,155.6,155.0,155.6,1599
2026-05-17,15:00:00,155.2,155.6,155.2,155.6,1521
2026-05-18,10:00:00,155.1,155.8,154.3,155.0,3187
2026-05-18,11:00:00,155.0,155.6,155.0,155.1,2404
2026-05-18,12:00:00,155.1,155.4,154.6,155.4,4202
2026-05-18,13:00:00,155.5,155.9,155.0,155.4,3373
2026-05-18,14:00:00,155.1,155.5,155.0,155.3,802
2026-05-18,15:00:00,155.3,155.4,155.1,155.1,567
2026-05-19,10:00:00,155.6,156.2,155.4,155.6,1214
2026-05-19,11:00:00,155.4,155.7,155.3,155.7,220
2026-05-19,12:00:00,155.4,155.9,155.4,155.7,738
2026-05-19,13:00:00,155.4,155.4,155.0,155.0,988
2026-05-19,14:00:00,155.0,155.7,155.0,155.3,2077
2026-05-19,15:00:00,155.3,155.5,155.1,155.1,1912
2026-05-20,10:00:00,155.6,155.8,154.5,154.9,3889
2026-05-20,11:00:00,155.0,155.0,154.3,154.5,3287
2026-05-20,12:00:00,154.4,154.4,154.0,154.3,1459
2026-05-20,13:00:00,154.1,155.9,154.1,155.1,6318
2026-05-20,14:00:00,155.0,155.2,154.4,154.9,4099
2026-05-21,10:00:00,155.6,155.7,155.1,155.2,543
2026-05-21,11:00:00,155.5,155.5,155.1,155.2,2213
2026-05-21,12:00:00,155.2,155.3,155.0,155.3,780
2026-05-21,13:00:00,155.1,155.3,153.0,154.5,11865
2026-05-21,14:00:00,154.7,154.7,152.7,153.9,50361
2026-05-21,15:00:00,153.7,154.5,153.4,153.4,16019
2026-05-31,10:00:00,157.9,157.9,154.7,155.4,4688
2026-05-31,11:00:00,155.1,155.5,155.1,155.2,260
2026-05-31,12:00:00,155.2,156.8,155.0,156.6,7960
2026-05-31,13:00:00,156.5,157.0,156.5,156.9,7433
2026-05-31,14:00:00,156.9,157.8,156.7,157.2,8407
2026-06-01,10:00:00,156.1,156.5,156.1,156.3,741
2026-06-01,11:00:00,156.1,157.1,156.0,156.9,7006
2026-06-01,12:00:00,156.9,156.9,156.4,156.7,610
2026-06-01,13:00:00,156.5,156.7,156.3,156.7,421
2026-06-01,14:00:00,156.8,156.9,156.5,156.5,408
2026-06-01,15:00:00,156.5,156.6,156.1,156.1,3046
2026-06-02,10:00:00,154.8,156.0,154.2,155.1,8162
2026-06-02,11:00:00,154.8,154.8,154.1,154.5,9152
2026-06-02,12:00:00,154.6,154.6,153.9,154.5,10339
2026-06-02,13:00:00,154.3,154.6,154.1,154.3,9956
2026-06-02,14:00:00,154.5,155.1,154.3,155.0,6000
2026-06-03,10:00:00,155.5,155.6,154.2,155.1,5282
2026-06-03,11:00:00,155.1,155.4,155.0,155.2,631
2026-06-03,12:00:00,155.4,155.6,155.2,155.5,2153
2026-06-03,13:00:00,155.2,155.5,155.1,155.2,717
2026-06-03,14:00:00,155.2,155.6,154.5,154.9,5819
2026-06-03,15:00:00,154.9,155.7,154.9,155.5,15161
2026-06-04,10:00:00,156.2,156.8,155.1,155.3,6898
2026-06-04,11:00:00,155.1,155.7,155.1,155.4,505
2026-06-04,12:00:00,155.2,155.5,155.1,155.3,1289
2026-06-04,13:00:00,155.3,155.7,155.3,155.6,501
2026-06-04,14:00:00,155.6,156.0,155.4,156.0,2610
2026-06-04,15:00:00,155.9,156.2,155.7,156.2,6273
2026-06-07,10:00:00,155.4,157.0,154.8,156.5,2715
2026-06-07,11:00:00,156.2,156.7,155.8,155.8,4162
2026-06-07,12:00:00,155.9,156.6,155.9,156.2,2546
2026-06-07,13:00:00,156.6,156.6,156.1,156.1,1708
2026-06-07,14:00:00,156.2,156.5,155.0,155.1,7455
2026-06-07,15:00:00,155.2,155.5,155.2,155.4,613
2026-06-08,10:00:00,156.5,158.3,155.5,157.5,18876
2026-06-08,11:00:00,157.6,158.2,157.0,157.5,7379
2026-06-08,12:00:00,157.6,159.0,157.4,157.6,27600
2026-06-08,13:00:00,157.5,157.8,157.0,157.0,3974
2026-06-08,14:00:00,157.0,157.1,156.4,156.5,5548
2026-06-08,15:00:00,156.5,156.9,156.1,156.5,3882
2026-06-09,10:00:00,156.4,156.6,155.7,155.8,2580
2026-06-09,11:00:00,155.7,157.0,155.7,156.1,29080
2026-06-09,12:00:00,156.1,156.3,156.0,156.0,2676
2026-06-09,13:00:00,156.0,156.2,155.2,156.0,48540
2026-06-09,14:00:00,156.0,156.1,155.1,155.8,20178
2026-06-09,15:00:00,155.8,155.8,155.3,155.3,1927
2026-06-10,10:00:00,155.8,155.9,155.2,155.8,5963
2026-06-10,11:00:00,155.9,156.1,155.1,155.1,4805
2026-06-10,12:00:00,155.2,155.6,155.1,155.2,1586
2026-06-10,13:00:00,155.2,155.2,155.1,155.2,747
2026-06-10,14:00:00,155.2,155.8,155.0,155.8,6341
2026-06-10,15:00:00,156.0,156.0,156.0,156.0,812
2026-06-11,10:00:00,157.9,158.7,155.0,155.4,6472
2026-06-11,11:00:00,155.4,155.9,155.4,155.9,1067
2026-06-11,12:00:00,155.9,157.9,155.9,157.5,7371
2026-06-11,13:00:00,157.5,157.7,157.4,157.4,1541
2026-06-11,14:00:00,157.4,157.9,157.4,157.9,3666
2026-06-14,10:00:00,160.5,161.0,157.2,157.2,13713
2026-06-14,11:00:00,157.2,157.7,156.8,157.5,2666
2026-06-14,12:00:00,157.1,159.6,156.9,158.7,12114
2026-06-14,13:00:00,158.7,159.8,158.5,159.7,9324
2026-06-14,14:00:00,159.5,159.7,158.7,159.4,15767
2026-06-14,15:00:00,159.5,160.5,159.3,160.5,9439
2026-06-15,10:00:00,160.0,161.1,159.0,160.9,11963
2026-06-15,11:00:00,160.9,161.1,159.7,161.0,12866
2026-06-15,12:00:00,160.8,161.0,160.5,161.0,5376
2026-06-15,13:00:00,160.9,161.7,160.9,161.1,11439
2026-06-15,14:00:00,160.9,161.2,160.0,160.3,9878
2026-06-15,15:00:00,160.5,160.6,160.0,160.0,5763
2026-06-16,10:00:00,160.4,160.6,159.2,159.6,3286
2026-06-16,11:00:00,159.5,160.0,159.0,159.7,3958
2026-06-16,12:00:00,159.7,160.3,159.5,160.0,4194
2026-06-16,13:00:00,160.1,160.2,159.6,159.7,3680
2026-06-16,14:00:00,159.7,160.1,159.7,160.0,3847
2026-06-16,15:00:00,160.0,160.4,159.7,160.4,2327
2026-06-17,10:00:00,160.8,162.8,160.3,161.9,13613
2026-06-17,11:00:00,162.1,162.1,160.4,160.9,2619
2026-06-17,12:00:00,160.7,161.5,160.6,161.4,3078
2026-06-17,13:00:00,161.5,161.7,161.1,161.1,2891
2026-06-17,14:00:00,161.4,161.5,160.6,161.3,7112
2026-06-17,15:00:00,161.5,161.6,161.1,161.4,2783
2026-06-18,10:00:00,163.6,163.6,160.5,162.0,59661
2026-06-18,11:00:00,162.0,162.4,161.1,161.1,2433
2026-06-18,12:00:00,161.3,162.2,161.2,161.7,1348
2026-06-18,13:00:00,161.6,162.1,161.4,161.9,1458
2026-06-18,14:00:00,161.8,163.7,161.8,163.0,19976
2026-06-21,10:00:00,162.0,162.8,162.0,162.4,840
2026-06-21,11:00:00,162.4,162.8,161.5,161.6,4774
2026-06-21,12:00:00,161.6,161.7,161.0,161.5,2366
2026-06-21,13:00:00,161.5,161.5,161.0,161.0,1516
2026-06-21,14:00:00,161.0,161.1,160.7,160.8,1132
2026-06-21,15:00:00,160.8,160.9,160.8,160.9,824
2026-06-22,10:00:00,161.2,163.0,160.1,162.9,12827
2026-06-22,11:00:00,162.8,162.9,162.3,162.4,611
2026-06-22,12:00:00,162.4,162.4,162.0,162.3,2543
2026-06-22,13:00:00,162.2,162.2,160.9,161.4,7343
2026-06-22,14:00:00,161.5,161.7,161.3,161.3,1032
2026-06-23,10:00:00,161.8,162.5,161.1,161.2,7315
2026-06-23,11:00:00,161.2,162.4,161.0,162.4,2253
2026-06-23,12:00:00,162.2,162.4,162.0,162.2,1043
2026-06-23,13:00:00,162.3,162.3,162.1,162.3,634
2026-06-23,14:00:00,162.3,162.4,162.0,162.0,1479
2026-06-23,15:00:00,162.1,162.5,161.8,161.8,3910
2026-06-24,10:00:00,161.5,162.4,161.5,162.3,793
2026-06-24,11:00:00,162.4,162.7,161.5,162.1,11783
2026-06-24,12:00:00,162.1,162.8,161.9,162.6,6797
2026-06-24,13:00:00,162.7,163.3,162.3,162.3,7115
2026-06-24,14:00:00,162.3,163.0,162.1,162.2,6665
2026-06-24,15:00:00,162.2,162.4,161.5,161.5,8565
2026-06-25,10:00:00,161.7,161.7,160.5,160.9,5211
2026-06-25,11:00:00,161.1,161.1,160.7,161.1,3374
2026-06-25,12:00:00,161.1,161.1,159.6,160.1,7955
2026-06-25,13:00:00,160.1,160.5,159.5,159.6,1660
2026-06-25,14:00:00,159.8,159.8,159.1,159.2,17151
2026-06-25,15:00:00,159.2,159.7,159.0,159.7,3218
2026-06-28,10:00:00,159.0,160.3,159.0,159.1,4097
2026-06-28,11:00:00,159.1,159.6,159.0,159.2,675
2026-06-28,12:00:00,159.2,159.5,159.0,159.0,601
2026-06-28,13:00:00,159.1,159.3,158.1,158.1,13868
2026-06-28,14:00:00,158.0,159.0,158.0,158.4,20587
2026-06-28,15:00:00,158.4,158.4,158.4,158.4,122
2026-06-29,10:00:00,157.9,158.4,156.4,157.2,15314
2026-06-29,11:00:00,157.2,157.5,156.7,157.2,4124
2026-06-29,12:00:00,157.2,157.4,155.8,155.9,32552
2026-06-29,13:00:00,156.1,156.5,155.8,156.0,7835
2026-06-29,14:00:00,155.9,156.2,155.5,155.5,14448
2026-06-29,15:00:00,155.4,155.4,155.4,155.4,6959
2026-06-30,10:00:00,155.4,156.8,155.4,155.8,4359
2026-06-30,11:00:00,155.8,155.8,154.6,155.8,19014
2026-06-30,12:00:00,155.7,155.7,155.1,155.5,4718
2026-06-30,13:00:00,155.3,155.6,154.7,155.4,13866
2026-06-30,14:00:00,155.5,155.8,155.0,155.1,3841
2026-06-30,15:00:00,155.0,155.0,155.0,155.0,15567
2026-07-01,10:00:00,157.0,157.0,154.7,156.3,4329
2026-07-01,11:00:00,156.2,157.0,156.2,156.5,3092
2026-07-01,12:00:00,156.5,156.5,155.1,155.5,6265
2026-07-01,13:00:00,155.4,155.6,154.5,154.9,29587
2026-07-01,14:00:00,154.8,156.8,154.8,156.0,15003
2026-07-02,10:00:00,151.5,157.0,149.4,155.5,3853
2026-07-02,11:00:00,155.7,155.9,155.1,155.5,13322
2026-07-02,12:00:00,155.6,155.6,153.2,153.7,19679
2026-07-02,13:00:00,153.7,153.7,152.0,152.3,13543
2026-07-02,14:00:00,152.1,152.3,150.7,151.5,21287
2026-07-02,15:00:00,151.8,151.9,151.1,151.5,3401
2026-07-05,10:00:00,148.5,151.1,147.6,147.7,19143
2026-07-05,11:00:00,147.8,148.9,146.8,147.4,7904
2026-07-05,12:00:00,147.1,147.8,146.9,147.0,3156
2026-07-05,13:00:00,147.2,147.5,147.0,147.5,7213
2026-07-05,14:00:00,147.9,148.9,147.5,148.9,2888
2026-07-05,15:00:00,148.3,148.5,148.0,148.5,947
2026-07-06,10:00:00,150.7,151.4,150.6,150.7,2442
2026-07-06,11:00:00,150.6,151.5,150.0,151.1,12066
2026-07-06,12:00:00,151.0,151.2,149.7,150.2,35478
2026-07-06,13:00:00,150.2,150.4,149.6,150.0,9952
2026-07-06,14:00:00,149.9,150.0,149.1,149.2,6015
2026-07-06,15:00:00,149.5,150.7,149.5,150.7,3575
2026-07-07,10:00:00,150.4,151.0,149.8,150.2,5795
2026-07-07,11:00:00,150.5,150.5,149.5,150.0,3691
2026-07-07,12:00:00,150.0,150.5,149.8,150.1,2847
2026-07-07,13:00:00,150.2,150.5,149.7,150.5,4142
2026-07-07,14:00:00,150.2,150.4,149.5,150.1,18522
2026-07-08,10:00:00,149.8,150.2,149.5,149.7,2798
2026-07-08,11:00:00,149.7,150.4,149.4,149.5,13558
2026-07-08,12:00:00,149.4,150.3,148.7,149.8,19126
2026-07-08,13:00:00,149.8,150.9,149.8,150.0,13404
2026-07-08,14:00:00,149.9,150.2,149.0,149.7,8691
2026-07-08,15:00:00,149.8,150.1,149.6,150.1,2004
2026-07-09,10:00:00,147.3,150.0,144.9,148.6,12481
2026-07-09,11:00:00,148.8,149.0,148.3,149.0,6532
2026-07-09,12:00:00,149.0,149.0,148.4,148.9,3556
2026-07-09,13:00:00,149.0,149.6,148.2,148.3,9614
2026-07-09,14:00:00,148.3,148.4,146.8,147.1,12071
2026-07-12,10:00:00,145.9,146.2,145.6,146.1,874
2026-07-12,11:00:00,146.0,146.0,145.3,145.8,3506
2026-07-12,12:00:00,145.6,147.4,145.5,147.4,4504
2026-07-12,13:00:00,147.2,147.8,147.0,147.6,2232
2026-07-12,14:00:00,147.4,147.9,147.1,147.1,2730
2026-07-12,15:00:00,147.1,147.8,147.1,147.8,640
2026-07-13,10:00:00,147.0,147.4,146.6,146.9,8161
2026-07-13,11:00:00,146.9,147.2,146.8,146.8,7452
2026-07-13,12:00:00,147.0,147.3,146.8,146.9,4371
2026-07-13,13:00:00,147.1,147.1,147.0,147.1,1432
2026-07-13,14:00:00,147.0,147.1,146.3,146.5,7128
2026-07-13,15:00:00,146.6,146.6,146.6,146.6,64313
2026-07-14,10:00:00,145.0,146.6,144.8,146.0,7276
2026-07-14,11:00:00,145.9,146.4,145.8,146.1,2570
2026-07-14,12:00:00,146.1,146.6,146.0,146.2,1091
2026-07-14,13:00:00,146.2,146.4,146.0,146.0,1855
2026-07-14,14:00:00,146.0,146.1,145.8,145.8,1399
2026-07-15,10:00:00,145.4,147.0,145.4,146.6,7126
2026-07-15,11:00:00,146.5,148.2,146.3,147.4,20472
2026-07-15,12:00:00,147.1,148.9,147.1,148.6,4795
2026-07-15,13:00:00,148.7,148.7,148.0,148.0,1313
2026-07-15,14:00:00,148.0,148.1,147.8,148.0,8406
2026-07-15,15:00:00,148.0,148.9,148.0,148.9,3180
2026-07-16,10:00:00,146.9,148.3,144.8,147.3,8994
2026-07-16,11:00:00,147.3,147.3,146.2,146.6,4135
2026-07-16,12:00:00,146.7,146.8,146.5,146.5,124
2026-07-16,13:00:00,146.6,146.6,146.3,146.4,2150
2026-07-16,14:00:00,146.6,147.2,146.4,147.0,4885
2026-07-19,10:00:00,145.1,145.3,145.0,145.0,534
2026-07-19,11:00:00,145.0,145.2,144.0,144.6,5911
2026-07-19,12:00:00,144.5,144.6,144.3,144.5,5199
2026-07-19,13:00:00,144.6,144.6,144.3,144.3,2454
2026-07-19,14:00:00,144.4,144.5,144.4,144.4,765
2026-07-19,15:00:00,144.5,144.5,144.3,144.3,729
2026-07-20,10:00:00,147.0,147.0,144.3,145.2,5985
2026-07-20,11:00:00,145.4,146.0,145.2,146.0,1451
2026-07-20,12:00:00,146.0,146.8,145.8,146.4,3336
2026-07-20,13:00:00,146.2,146.4,146.1,146.2,1118
2026-07-20,14:00:00,146.1,146.6,146.0,146.2,1082
2026-07-21,10:00:00,146.8,146.9,146.3,146.6,2005
2026-07-21,11:00:00,146.6,146.9,146.0,146.4,3487
2026-07-21,12:00:00,146.4,147.1,146.4,146.5,5437
2026-07-21,13:00:00,146.4,147.2,146.0,147.0,6550
2026-07-21,14:00:00,147.0,147.2,146.8,147.0,3991
2026-07-21,15:00:00,147.1,147.2,147.0,147.1,2108
2026-07-22,10:00:00,146.6,148.5,146.4,147.3,9054
2026-07-22,11:00:00,147.0,147.3,146.2,146.9,9450
2026-07-22,12:00:00,146.7,147.1,146.2,146.5,8393
2026-07-22,13:00:00,146.5,146.7,146.2,146.7,4259
2026-07-22,14:00:00,146.6,147.2,146.6,147.0,3969
2026-07-23,10:00:00,142.4,146.9,140.6,146.8,3657
2026-07-23,11:00:00,146.7,146.9,145.9,146.4,14358
2026-07-23,12:00:00,146.4,146.7,142.4,142.4,8136
2026-07-23,13:00:00,142.4,143.8,142.4,143.5,4739
2026-07-23,14:00:00,143.5,143.8,142.4,142.6,21411
2026-07-23,15:00:00,142.7,143.2,142.4,142.4,6844
2026-07-26,10:00:00,138.9,142.0,138.9,140.2,10786
2026-07-26,11:00:00,140.2,140.3,140.0,140.0,4131
2026-07-26,12:00:00,140.1,140.2,139.3,139.3,9762
2026-07-26,13:00:00,139.5,139.9,138.8,139.0,4963
2026-07-26,14:00:00,139.1,139.3,139.0,139.1,1570
2026-07-26,15:00:00,139.1,139.1,138.9,138.9,1440
2026-07-27,10:00:00,139.1,139.6,138.2,139.3,4425
2026-07-27,11:00:00,139.5,139.8,139.4,139.5,832
2026-07-27,12:00:00,139.6,139.8,138.8,139.1,8317
2026-07-27,13:00:00,139.1,139.1,138.4,138.6,5479
2026-07-27,14:00:00,138.5,139.3,138.5,139.0,3761
2026-07-27,15:00:00,138.8,138.9,138.5,138.5,3723
2026-07-28,10:00:00,139.6,141.2,139.4,140.6,7503
2026-07-28,11:00:00,140.5,141.2,140.4,140.8,5222
2026-07-28,12:00:00,140.8,141.2,140.8,141.0,3534
2026-07-28,13:00:00,140.9,141.6,140.7,141.1,10922
2026-07-28,14:00:00,141.3,141.3,140.7,141.2,4659
2026-07-28,15:00:00,141.2,141.2,141.2,141.2,2017
2026-07-29,10:00:00,140.0,140.3,138.3,138.6,4259
2026-07-29,11:00:00,138.5,138.5,137.7,138.1,2453
2026-07-29,12:00:00,138.1,138.3,137.0,137.0,4862
2026-07-29,13:00:00,137.0,137.9,137.0,137.5,2996
2026-07-29,14:00:00,137.5,137.9,137.2,137.9,3937
2026-07-29,15:00:00,137.9,137.9,137.9,137.9,579
2026-07-30,10:00:00,137.8,139.0,137.3,138.2,7091
2026-07-30,11:00:00,138.4,138.5,137.5,138.5,3270
2026-07-30,12:00:00,138.3,139.4,138.0,139.2,5023
2026-07-30,13:00:00,139.4,139.5,137.1,137.1,12277
2026-07-30,14:00:00,137.3,137.7,136.7,137.0,16753
2026-07-30,15:00:00,136.8,136.8,136.8,136.8,3874
2026-08-02,10:00:00,136.5,136.5,134.5,135.9,2859
2026-08-02,11:00:00,136.3,136.8,135.9,136.5,852
2026-08-02,12:00:00,136.8,137.4,136.2,137.4,4054
2026-08-02,13:00:00,137.1,137.3,136.6,137.1,1164
2026-08-02,14:00:00,137.3,137.5,136.8,137.5,2144
2026-08-02,15:00:00,137.0,137.0,137.0,137.0,957
2026-08-03,10:00:00,138.8,138.8,136.7,138.0,22454
2026-08-03,11:00:00,138.0,139.8,138.0,139.7,25696
2026-08-03,12:00:00,139.8,140.4,139.2,140.0,13889
2026-08-03,13:00:00,140.1,140.1,139.6,140.0,13190
2026-08-03,14:00:00,139.9,140.4,139.4,139.4,23991
2026-08-03,15:00:00,140.0,140.0,140.0,140.0,2585
2026-08-04,10:00:00,140.0,140.2,138.5,140.1,3168
2026-08-04,11:00:00,140.2,140.8,139.9,140.2,8184
2026-08-04,12:00:00,140.5,140.7,139.5,140.0,6457
2026-08-04,13:00:00,139.9,140.9,139.9,140.9,5895
2026-08-04,14:00:00,140.9,142.4,140.9,142.4,11980
2026-08-04,15:00:00,141.3,141.3,141.3,141.3,2081
2026-08-05,10:00:00,141.3,143.5,141.0,142.9,4141
2026-08-05,11:00:00,142.9,143.2,141.0,141.1,5931
2026-08-05,12:00:00,141.1,141.6,140.6,141.0,6221
2026-08-05,13:00:00,140.7,141.7,140.7,141.3,2503
2026-08-05,14:00:00,141.3,142.2,141.1,142.1,1418
2026-08-05,15:00:00,142.0,142.0,142.0,142.0,1991
2026-08-06,10:00:00,141.6,142.1,141.4,141.7,1551
2026-08-06,11:00:00,141.7,141.8,140.0,140.2,6603
2026-08-06,12:00:00,140.2,140.3,140.1,140.3,840
2026-08-06,13:00:00,140.2,140.5,139.7,140.0,3004
2026-08-06,14:00:00,139.9,140.1,139.7,139.7,2116
2026-08-06,15:00:00,140.1,140.1,140.1,140.1,3615
2026-08-09,10:00:00,140.0,141.2,138.8,140.2,26348
2026-08-09,11:00:00,140.1,140.4,140.0,140.1,633
2026-08-09,12:00:00,140.0,140.3,140.0,140.0,741
2026-08-09,13:00:00,140.0,140.0,139.4,139.7,1836
2026-08-09,14:00:00,139.9,140.0,139.5,139.8,679
2026-08-10,10:00:00,141.3,141.3,139.0,140.5,5242
2026-08-10,11:00:00,140.8,141.0,139.8,140.0,4164
2026-08-10,12:00:00,140.0,140.1,139.3,139.7,11922
2026-08-10,13:00:00,139.8,141.5,139.7,141.4,11203
2026-08-10,14:00:00,141.4,141.5,141.0,141.0,2030
2026-08-10,15:00:00,140.9,141.3,140.4,141.3,2083
2026-08-11,10:00:00,140.4,140.4,139.8,140.0,257
2026-08-11,11:00:00,140.0,140.3,139.8,140.2,1581
2026-08-11,12:00:00,140.2,140.6,140.0,140.5,459
2026-08-11,13:00:00,140.5,140.6,140.5,140.5,1053
2026-08-11,14:00:00,140.6,140.9,140.5,140.7,1444
2026-08-11,15:00:00,140.7,140.7,140.5,140.5,1584
2026-08-12,10:00:00,140.8,143.3,140.5,142.7,12770
2026-08-12,11:00:00,142.6,142.7,140.7,141.3,26724
2026-08-12,12:00:00,141.1,142.6,140.9,141.8,14331
2026-08-12,13:00:00,141.6,142.2,141.5,141.7,1292
2026-08-12,14:00:00,141.6,142.1,141.6,141.9,3338
2026-08-12,15:00:00,141.6,141.6,141.6,141.6,1191
2026-08-13,10:00:00,142.0,142.6,141.4,142.5,3051
2026-08-13,11:00:00,142.5,142.6,142.3,142.5,791
2026-08-13,12:00:00,142.5,143.0,141.9,142.3,7789
2026-08-13,13:00:00,142.3,142.6,142.0,142.2,1595
2026-08-13,14:00:00,142.2,142.3,141.9,142.2,1835
2026-08-16,10:00:00,142.0,142.3,141.7,141.7,319
2026-08-16,11:00:00,141.7,141.9,141.0,141.8,3185
2026-08-16,12:00:00,141.9,142.5,141.6,142.4,1668
2026-08-16,13:00:00,142.4,142.5,141.6,141.8,15941
2026-08-16,14:00:00,141.8,142.1,141.5,141.7,12478
2026-08-16,15:00:00,142.0,142.0,141.5,141.5,1001
2026-08-17,10:00:00,139.9,141.0,139.2,140.1,7061
2026-08-17,11:00:00,140.1,140.2,139.0,139.1,3537
2026-08-17,12:00:00,139.1,139.7,139.0,139.2,4118
2026-08-17,13:00:00,139.2,139.5,139.0,139.0,3452
2026-08-17,14:00:00,139.1,139.4,138.8,139.0,11577
2026-08-18,10:00:00,139.4,140.9,138.0,140.5,2814
2026-08-18,11:00:00,139.8,139.8,139.6,139.6,1859
2026-08-18,12:00:00,139.6,140.9,139.5,140.5,10929
2026-08-18,13:00:00,140.5,140.9,140.5,140.9,4842
2026-08-18,14:00:00,140.8,140.9,139.5,139.5,9402
2026-08-18,15:00:00,139.7,139.9,139.4,139.4,3683
2026-08-19,11:00:00,140.6,141.9,140.6,141.6,6829
2026-08-19,12:00:00,141.6,142.4,141.5,142.4,6370
2026-08-19,13:00:00,142.2,142.6,142.2,142.3,2652
2026-08-19,14:00:00,142.4,142.9,142.1,142.4,7753
2026-08-19,15:00:00,142.1,142.5,142.1,142.4,1718
2026-08-20,10:00:00,141.0,142.4,141.0,141.6,4071
2026-08-20,11:00:00,141.7,141.8,141.4,141.6,1445
2026-08-20,12:00:00,141.6,141.9,140.8,141.3,4768
2026-08-20,13:00:00,141.4,141.6,140.8,141.4,2679
2026-08-20,14:00:00,141.4,141.4,140.8,140.8,1199
2026-08-20,15:00:00,140.8,140.8,140.8,140.8,1921
2026-08-23,10:00:00,141.3,143.5,141.3,143.1,12180
2026-08-23,11:00:00,143.1,143.5,142.6,142.9,9235
2026-08-23,12:00:00,142.6,142.7,142.2,142.5,1855
2026-08-23,13:00:00,142.5,143.0,142.0,143.0,1991
2026-08-23,14:00:00,143.0,143.0,142.5,142.8,2628
2026-08-23,15:00:00,142.7,142.8,142.4,142.7,4462
2026-08-24,10:00:00,139.7,142.5,139.7,141.1,11908
2026-08-24,11:00:00,141.1,141.8,141.1,141.7,5245
2026-08-24,12:00:00,141.7,141.8,141.3,141.6,1576
2026-08-24,13:00:00,141.6,141.7,141.3,141.6,4004
2026-08-24,14:00:00,141.4,141.6,139.5,140.0,12564
2026-08-25,10:00:00,140.5,141.0,139.9,140.1,2008
2026-08-25,11:00:00,140.0,141.1,140.0,140.4,6530
2026-08-25,12:00:00,140.3,140.6,140.3,140.5,1205
2026-08-25,13:00:00,140.6,140.7,140.3,140.5,3477
2026-08-25,14:00:00,140.5,140.7,140.4,140.5,389
2026-08-25,15:00:00,140.6,140.7,140.5,140.5,1583
2026-08-26,10:00:00,140.6,140.8,140.4,140.6,1302
2026-08-26,11:00:00,140.8,141.4,140.8,140.9,7531
2026-08-26,12:00:00,141.0,141.2,140.8,141.2,1418
2026-08-26,13:00:00,141.3,141.4,141.0,141.1,945
2026-08-26,14:00:00,141.0,141.2,140.9,141.0,3040
2026-08-26,15:00:00,141.0,141.2,141.0,141.0,759
2026-08-27,10:00:00,141.0,142.4,141.0,141.9,12337
2026-08-27,11:00:00,141.9,142.0,141.7,141.7,13930
2026-08-27,12:00:00,141.8,141.9,139.7,140.0,52101
2026-08-27,13:00:00,140.0,140.0,139.3,139.5,6826
2026-08-27,14:00:00,139.5,139.6,138.9,139.3,7100
2026-08-27,15:00:00,138.9,138.9,138.9,138.9,889
2026-08-30,10:00:00,139.4,139.8,139.1,139.1,1440
2026-08-30,11:00:00,139.2,139.6,139.0,139.3,500
2026-08-30,12:00:00,139.3,139.3,139.0,139.0,522
2026-08-30,13:00:00,139.1,139.4,139.0,139.4,1911
2026-08-30,14:00:00,139.2,139.5,139.1,139.5,1098
2026-08-30,15:00:00,139.2,139.2,139.2,139.2,207
2026-08-31,10:00:00,139.2,139.2,138.1,138.8,6039
2026-08-31,11:00:00,138.9,139.0,137.3,137.6,13889
2026-08-31,12:00:00,137.4,137.4,136.7,136.9,14419
2026-08-31,13:00:00,136.9,137.1,136.0,136.1,10117
2026-08-31,14:00:00,136.0,136.8,135.4,136.8,15724
2026-08-31,15:00:00,136.9,136.9,136.9,136.9,2635
2026-09-01,10:00:00,136.1,137.8,135.2,137.0,9531
2026-09-01,11:00:00,137.1,138.3,137.0,138.0,11255
2026-09-01,12:00:00,138.2,138.5,136.5,136.7,23543
2026-09-01,13:00:00,136.5,136.7,136.2,136.3,5033
2026-09-01,14:00:00,136.2,136.3,136.0,136.1,12046
2026-09-02,10:00:00,134.6,136.0,134.0,135.5,6883
2026-09-02,11:00:00,135.5,135.8,134.8,135.1,11997
2026-09-02,12:00:00,135.2,135.3,135.1,135.1,3023
2026-09-02,13:00:00,135.1,135.2,134.8,135.0,11507
2026-09-02,14:00:00,135.1,135.1,134.6,134.9,10076
2026-09-02,15:00:00,134.9,135.0,134.6,134.6,2115
2026-09-03,10:00:00,135.2,135.7,135.2,135.3,1719
2026-09-03,11:00:00,135.3,135.8,135.0,135.6,14415
2026-09-03,12:00:00,135.7,136.2,135.6,135.7,5789
2026-09-03,13:00:00,135.7,136.3,135.7,136.3,6032
2026-09-03,14:00:00,136.4,136.7,136.3,136.6,2161
2026-09-03,15:00:00,136.6,137.2,136.5,137.2,3350
2026-09-06,10:00:00,137.2,137.9,136.8,137.7,1897
2026-09-06,11:00:00,137.7,137.7,137.0,137.2,2018
2026-09-06,12:00:00,137.3,137.6,137.2,137.3,3762
2026-09-06,13:00:00,137.3,137.5,137.0,137.4,4961
2026-09-06,14:00:00,137.0,137.4,136.9,137.4,867
2026-09-06,15:00:00,137.2,137.2,137.2,137.2,84
2026-09-07,10:00:00,137.2,137.7,136.8,136.9,2458
2026-09-07,11:00:00,136.9,136.9,136.6,136.9,325
2026-09-07,12:00:00,136.8,137.2,136.8,137.2,1560
2026-09-07,13:00:00,137.1,137.4,137.0,137.2,792
2026-09-07,14:00:00,137.4,137.4,137.0,137.1,1551
2026-09-07,15:00:00,137.2,137.2,137.2,137.2,510
2026-09-08,10:00:00,137.1,137.1,136.6,137.0,739
2026-09-08,11:00:00,136.8,137.8,136.8,137.7,812
2026-09-08,12:00:00,137.6,137.6,137.2,137.3,338
2026-09-08,13:00:00,137.4,137.5,137.2,137.4,824
2026-09-08,14:00:00,137.5,137.5,137.0,137.0,3753
2026-09-09,10:00:00,136.8,137.0,136.8,136.9,375
2026-09-09,11:00:00,136.9,136.9,136.7,136.9,1078
2026-09-09,12:00:00,136.8,137.0,136.5,136.9,2983
2026-09-09,13:00:00,136.9,136.9,136.4,136.6,16290
2026-09-09,14:00:00,136.6,136.7,136.2,136.3,1471
2026-09-09,15:00:00,136.2,137.0,136.0,137.0,5400
2026-09-10,10:00:00,136.6,137.3,136.6,136.7,1100
2026-09-10,11:00:00,136.7,136.9,136.3,136.7,1518
2026-09-10,12:00:00,136.7,136.8,136.7,136.7,139
2026-09-10,13:00:00,136.7,136.8,136.4,136.7,1594
2026-09-10,14:00:00,136.7,137.2,136.4,136.9,4489
2026-09-10,15:00:00,137.0,137.2,136.8,137.2,589
2026-09-13,10:00:00,136.1,136.8,135.2,136.2,15936
2026-09-13,11:00:00,136.4,136.4,135.9,136.0,1305
2026-09-13,12:00:00,136.0,136.1,135.9,136.0,129
2026-09-13,13:00:00,136.0,136.5,136.0,136.5,1292
2026-09-13,14:00:00,136.3,136.5,136.0,136.1,571
2026-09-14,10:00:00,135.3,135.3,134.6,135.0,3014
2026-09-14,11:00:00,134.9,135.1,134.3,134.9,4545
2026-09-14,12:00:00,134.9,134.9,134.1,134.1,5855
2026-09-14,13:00:00,134.1,134.3,133.4,133.8,11462
2026-09-14,14:00:00,133.7,134.3,133.6,133.9,17007
2026-09-14,15:00:00,134.1,134.7,133.8,134.7,2759
2026-09-15,10:00:00,131.7,134.1,131.0,132.1,13041
2026-09-15,11:00:00,132.1,132.1,131.7,131.8,6969
2026-09-15,12:00:00,131.8,131.9,131.2,131.5,5324
2026-09-15,13:00:00,131.4,131.5,130.8,130.8,5898
2026-09-15,14:00:00,130.8,131.3,130.7,131.1,10899
2026-09-16,10:00:00,130.0,131.8,129.1,131.2,1100
2026-09-16,11:00:00,131.3,131.3,129.5,129.5,12222
2026-09-16,12:00:00,129.6,129.8,129.1,129.6,8256
2026-09-16,13:00:00,129.6,129.7,129.2,129.7,15710
2026-09-16,14:00:00,129.7,130.0,129.5,129.7,6628
2026-09-16,15:00:00,129.8,130.0,129.5,130.0,4598
2026-09-17,10:00:00,130.7,131.7,130.1,130.3,6991
2026-09-17,11:00:00,130.2,132.3,130.2,131.9,19714
2026-09-17,12:00:00,132.1,133.3,131.6,133.3,13966
2026-09-17,13:00:00,133.3,134.3,132.8,133.1,21164
2026-09-17,14:00:00,133.0,134.5,132.4,134.2,91033
2026-09-17,15:00:00,134.1,135.1,133.3,135.1,67098
2026-09-20,10:00:00,134.0,134.0,133.4,133.8,293
2026-09-20,11:00:00,133.4,133.8,133.2,133.2,4959
2026-09-20,12:00:00,133.3,133.5,131.9,131.9,6805
2026-09-20,13:00:00,131.9,132.8,131.8,132.3,7145
2026-09-20,14:00:00,132.3,132.4,131.8,132.2,1891
2026-09-20,15:00:00,132.2,132.8,131.8,131.8,2528
2026-09-21,10:00:00,131.8,132.5,131.4,132.4,1395
2026-09-21,11:00:00,132.4,132.6,131.9,132.5,1339
2026-09-21,12:00:00,132.4,132.4,132.1,132.2,1459
2026-09-21,13:00:00,132.4,132.5,131.8,131.8,3021
2026-09-21,14:00:00,131.8,132.4,131.5,132.4,3080
2026-09-21,15:00:00,132.7,132.7,132.7,132.7,1531
