Date,Time,Open,High,Low,Close,Volume
2024-12-03,10:00:00,48.4,57.2,48.4,57.2,1934370
2024-12-03,11:00:00,57.2,57.2,57.2,57.2,38004
2024-12-03,12:00:00,57.2,57.2,57.2,57.2,9216
2024-12-03,13:00:00,57.2,57.2,57.2,57.2,10671
2024-12-03,14:00:00,57.2,57.2,57.2,57.2,9177
2024-12-03,15:00:00,57.2,57.2,57.2,57.2,723
2024-12-04,10:00:00,62.8667,66.6667,58.4,59.7333,12276846
2024-12-04,11:00:00,59.7333,60.6,59.3333,59.6667,3660894
2024-12-04,12:00:00,59.6667,59.8667,56.6667,56.6667,2198259
2024-12-04,13:00:00,56.6667,57.5333,54.6667,55.0,1945626
2024-12-04,14:00:00,55.0667,55.4,53.8667,55.0,1436598
2024-12-04,15:00:00,55.0,55.0,55.0,55.0,114339
2024-12-05,10:00:00,55.3333,56.6667,54.6,56.3333,1847889
2024-12-05,11:00:00,56.3333,56.5333,55.4,55.6667,634965
2024-12-05,12:00:00,55.6667,57.1333,55.5333,56.8,953148
2024-12-05,13:00:00,56.7333,57.3333,55.8,55.8667,796527
2024-12-05,14:00:00,55.8667,55.9333,55.2,55.6667,611262
2024-12-05,15:00:00,55.7333,55.7333,55.7333,55.7333,68382
2024-12-08,10:00:00,55.9333,57.2,55.4,56.7333,636885
2024-12-08,11:00:00,56.8,57.0,56.5333,56.6667,407511
2024-12-08,12:00:00,56.6667,57.0667,56.6,56.7333,526419
2024-12-08,13:00:00,56.7333,57.0,56.6,56.6,170049
2024-12-08,14:00:00,56.6,56.7333,56.0,56.0667,199551
2024-12-08,15:00:00,56.0667,56.0667,56.0667,56.0667,28512
2024-12-09,10:00:00,56.1333,56.4667,55.7333,55.8667,204243
2024-12-09,11:00:00,55.8667,56.2,55.5333,55.6667,158709
2024-12-09,12:00:00,55.6667,55.7333,55.1333,55.4,140127
2024-12-09,13:00:00,55.4,55.6,55.0,55.1333,129612
2024-12-09,14:00:00,55.1333,55.2,54.6667,54.8,297915
2024-12-09,15:00:00,55.0,55.0,55.0,55.0,22092
2024-12-10,10:00:00,55.0,55.0667,53.8,54.1333,431502
2024-12-10,11:00:00,54.1333,54.1333,52.8,52.8667,639525
2024-12-10,12:00:00,53.0,53.0,52.6,52.6667,344610
2024-12-10,13:00:00,52.6,52.8667,52.1333,52.2667,279276
2024-12-10,14:00:00,52.3333,52.5333,51.8,52.2667,423198
2024-12-10,15:00:00,52.2,52.2,52.2,52.2,58989
2024-12-11,10:00:00,52.0,52.4,51.1333,52.2667,341772
2024-12-11,11:00:00,52.1333,52.2667,51.6,51.8,119130
2024-12-11,12:00:00,51.8,51.8667,51.6667,51.8,40599
2024-12-11,13:00:00,51.8,51.9333,51.5333,51.6,80877
2024-12-11,14:00:00,51.6,51.8,51.3333,51.5333,157251
2024-12-11,15:00:00,51.4667,51.4667,51.4667,51.4667,17118
2024-12-12,10:00:00,51.5333,52.4,51.1333,51.3333,188775
2024-12-12,11:00:00,51.3333,52.4667,51.3333,51.9333,293106
2024-12-12,12:00:00,51.9333,52.0,51.5333,51.6667,132105
2024-12-12,13:00:00,51.6,51.6667,51.4,51.6,79851
2024-12-12,14:00:00,51.5333,52.0,51.4667,51.6667,83289
2024-12-12,15:00:00,51.6667,51.6667,51.6667,51.6667,25536
2024-12-15,10:00:00,51.7333,52.0667,51.4667,51.6,105879
2024-12-15,11:00:00,51.6,51.7333,51.4667,51.5333,103569
2024-12-15,12:00:00,51.5333,51.5333,51.3333,51.4667,144204
2024-12-15,13:00:00,51.4667,51.4667,51.2,51.3333,117447
2024-12-15,14:00:00,51.3333,51.4667,51.2,51.2667,67851
2024-12-15,15:00:00,51.2,51.2,51.2,51.2,5298
2024-12-16,10:00:00,51.4,51.5333,50.3333,50.5333,183801
2024-12-16,11:00:00,50.6,51.1333,50.6,50.7333,106077
2024-12-16,12:00:00,50.8,51.0,50.4667,50.7333,82893
2024-12-16,13:00:00,50.6667,50.8,50.6,50.6667,68739
2024-12-16,14:00:00,50.6667,52.2,50.6,51.8667,376761
2024-12-16,15:00:00,51.6667,51.6667,51.6667,51.6667,20970
2024-12-17,10:00:00,51.6667,52.1333,51.2,51.4,157260
2024-12-17,11:00:00,51.4667,53.7333,51.3333,52.6,636489
2024-12-17,12:00:00,52.6,53.4,52.4667,53.0667,212070
2024-12-17,13:00:00,53.0667,53.0667,52.4667,52.6667,136365
2024-12-17,14:00:00,52.6667,52.8,52.3333,52.5333,65910
2024-12-17,15:00:00,52.5333,52.5333,52.5333,52.5333,7491
2024-12-18,10:00:00,52.4667,53.4,52.2,52.8,112779
2024-12-18,11:00:00,52.9333,53.0,52.3333,52.5333,41982
2024-12-18,12:00:00,52.4667,54.3333,52.2667,54.2667,271635
2024-12-18,13:00:00,54.2667,55.9333,54.1333,55.0,597480
2024-12-18,14:00:00,55.0667,57.7333,55.0,57.4667,1181220
2024-12-18,15:00:00,57.2667,57.2667,57.2667,57.2667,47892
2024-12-19,10:00:00,55.4,56.4667,55.4,55.9333,659352
2024-12-19,11:00:00,55.9333,57.4667,55.4667,57.2,285327
2024-12-19,12:00:00,57.2,57.7333,56.5333,57.6,240111
2024-12-19,13:00:00,57.5333,57.9333,56.6667,56.8,200502
2024-12-19,14:00:00,56.8,58.1333,56.3333,57.4667,344481
2024-12-19,15:00:00,57.5333,57.5333,57.5333,57.5333,14637
2024-12-22,10:00:00,57.7333,58.6,57.3333,57.6667,218907
2024-12-22,11:00:00,57.6,57.9333,57.2667,57.2667,229320
2024-12-22,12:00:00,57.3333,57.6,56.6,56.8667,73575
2024-12-22,13:00:00,56.9333,57.2667,56.8,57.0,56697
2024-12-22,14:00:00,57.0667,57.0667,55.6667,55.9333,126258
2024-12-22,15:00:00,55.6667,55.6667,55.6667,55.6667,51057
2024-12-23,10:00:00,55.6667,56.2,54.7333,55.4667,173121
2024-12-23,11:00:00,55.5333,56.7333,55.2667,56.3333,247770
2024-12-23,12:00:00,56.3333,56.4667,56.1333,56.2,25047
2024-12-23,13:00:00,56.3333,56.5333,56.0667,56.2667,33660
2024-12-23,14:00:00,56.1333,56.3333,55.0667,55.3333,92559
2024-12-23,15:00:00,55.3333,55.3333,55.3333,55.3333,5709
2024-12-24,10:00:00,55.6667,55.8,55.0667,55.3333,29403
2024-12-24,11:00:00,55.2667,55.4,54.8,54.8667,35514
2024-12-24,12:00:00,55.0,55.3333,54.7333,55.0667,28728
2024-12-24,13:00:00,55.0667,55.2,54.8,55.0,17007
2024-12-24,14:00:00,55.0,55.7333,55.0,55.2667,56403
2024-12-24,15:00:00,55.0,55.0,55.0,55.0,2274
2024-12-25,10:00:00,54.7333,55.0,54.6,54.6,28227
2024-12-25,11:00:00,54.6,56.0667,54.6,55.6667,94992
2024-12-25,12:00:00,55.6667,56.1333,55.6667,56.0,24672
2024-12-25,13:00:00,56.0,56.1333,56.0,56.0667,44514
2024-12-25,14:00:00,56.0667,57.1333,56.0667,56.1333,109803
2024-12-25,15:00:00,56.1333,56.1333,56.1333,56.1333,6315
2024-12-26,10:00:00,56.4667,57.0667,56.2667,56.8,44664
2024-12-26,11:00:00,56.8,58.0,56.6667,57.8,198840
2024-12-26,12:00:00,57.8667,58.2,57.3333,57.9333,190578
2024-12-26,13:00:00,57.9333,59.1333,57.8,58.4667,442860
2024-12-26,14:00:00,58.6,58.7333,58.2667,58.2667,155667
2024-12-26,15:00:00,58.3333,58.3333,58.3333,58.3333,14397
2024-12-29,10:00:00,58.3333,59.3333,58.3333,58.5333,296577
2024-12-29,11:00:00,58.6667,58.8,58.4,58.8,67008
2024-12-29,12:00:00,58.7333,58.8,58.2667,58.3333,97521
2024-12-29,13:00:00,58.3333,58.4667,58.3333,58.4,35040
2024-12-29,14:00:00,58.3333,58.4667,58.3333,58.3333,57588
2024-12-29,15:00:00,58.4,58.4,58.4,58.4,9525
2024-12-30,10:00:00,58.3333,59.2667,58.2667,59.1333,141111
2024-12-30,11:00:00,59.1333,59.4667,58.8667,59.3333,95583
2024-12-30,12:00:00,59.3333,60.2,59.2,59.6667,287148
2024-12-30,13:00:00,59.6667,59.7333,59.1333,59.3333,69453
2024-12-30,14:00:00,59.3333,59.5333,59.0,59.0,43002
2024-12-30,15:00:00,59.1333,59.1333,59.1333,59.1333,17793
2024-12-31,10:00:00,59.3333,61.1333,58.9333,60.9333,330300
2024-12-31,11:00:00,60.8667,60.9333,60.0,60.0667,105615
2024-12-31,12:00:00,60.1333,60.5333,60.0,60.4,59163
2024-12-31,13:00:00,60.4667,60.4667,60.0667,60.3333,30039
2024-12-31,14:00:00,60.3333,60.3333,60.0,60.0667,123792
2024-12-31,15:00:00,60.0,60.0,60.0,60.0,10185
2025-01-01,10:00:00,60.0,61.0,60.0,60.6667,80199
2025-01-01,11:00:00,60.9333,61.0,60.1333,60.2,26658
2025-01-01,12:00:00,60.1333,60.4667,59.9333,60.1333,159780
2025-01-01,13:00:00,60.1333,60.3333,60.0,60.0,51684
2025-01-01,14:00:00,60.0,60.5333,59.9333,60.0667,83964
2025-01-01,15:00:00,60.0,60.0,60.0,60.0,2784
2025-01-02,10:00:00,60.0,60.6667,59.7333,60.6667,56451
2025-01-02,11:00:00,60.5333,61.4667,60.4667,60.8,284166
2025-01-02,12:00:00,60.7333,61.0667,60.6,61.0,47973
2025-01-02,13:00:00,61.0,61.6,60.8,61.5333,114945
2025-01-02,14:00:00,61.5333,62.8667,61.4667,61.8667,325038
2025-01-02,15:00:00,62.2,62.2,62.2,62.2,9573
2025-01-05,10:00:00,62.4667,64.7333,62.2,63.9333,338691
2025-01-05,11:00:00,63.8667,64.1333,63.3333,63.6667,126759
2025-01-05,12:00:00,63.6667,63.6667,63.2667,63.3333,82518
2025-01-05,13:00:00,63.4,63.9333,62.8,63.5333,78999
2025-01-05,14:00:00,63.4667,63.6667,62.4667,62.8,43725
2025-01-05,15:00:00,62.6667,62.6667,62.6667,62.6667,4434
2025-01-06,10:00:00,62.6667,63.3333,61.7333,61.9333,88248
2025-01-06,11:00:00,61.9333,62.3333,61.0667,61.2667,147615
2025-01-06,12:00:00,61.3333,61.3333,60.6,60.8667,140817
2025-01-06,13:00:00,60.8,61.5333,60.8,61.3333,69240
2025-01-06,14:00:00,61.2,61.4,60.9333,61.1333,103836
2025-01-06,15:00:00,61.1333,61.1333,61.1333,61.1333,16131
2025-01-07,10:00:00,61.1333,61.6,60.0,60.6667,139605
2025-01-07,11:00:00,60.6,61.3333,60.3333,60.6667,60927
2025-01-07,12:00:00,60.6667,61.0667,60.6667,60.8667,15291
2025-01-07,13:00:00,60.8667,62.0,60.7333,61.2,76587
2025-01-07,14:00:00,61.2,61.8,61.0667,61.6,37149
2025-01-07,15:00:00,61.6,61.6,61.6,61.6,2292
2025-01-08,10:00:00,62.6,62.8667,60.8667,61.2,168285
2025-01-08,11:00:00,61.2,61.2,60.8667,61.0,36495
2025-01-08,12:00:00,61.0,61.2,60.2667,60.4,97770
2025-01-08,13:00:00,60.4667,60.6,60.2667,60.4667,41799
2025-01-08,14:00:00,60.4667,60.6667,60.0,60.0,62274
2025-01-08,15:00:00,60.0,60.0,60.0,60.0,14154
2025-01-09,10:00:00,59.9333,59.9333,58.0,58.2,171552
2025-01-09,11:00:00,58.2,58.6,58.1333,58.5333,115839
2025-01-09,12:00:00,58.6,58.6667,57.2667,57.3333,130170
2025-01-09,13:00:00,57.3333,57.6667,57.0,57.6667,189624
2025-01-09,14:00:00,57.6,58.4667,57.2,58.4,153024
2025-01-09,15:00:00,58.3333,58.3333,58.3333,58.3333,4512
2025-01-12,10:00:00,58.3333,58.8,57.3333,58.3333,87531
2025-01-12,11:00:00,58.3333,58.6,57.5333,57.7333,105816
2025-01-12,12:00:00,57.7333,57.9333,57.4667,57.6667,39021
2025-01-12,13:00:00,57.6667,57.8667,57.4667,57.6,31206
2025-01-12,14:00:00,57.5333,57.8667,57.5333,57.7333,40344
2025-01-12,15:00:00,57.7333,57.7333,57.7333,57.7333,7683
2025-01-13,10:00:00,58.2,60.6,57.8,59.9333,312657
2025-01-13,11:00:00,59.8,62.2667,59.8,61.8,342555
2025-01-13,12:00:00,61.8,63.2,61.4667,62.6,206049
2025-01-13,13:00:00,62.4667,62.6667,62.0,62.4667,109314
2025-01-13,14:00:00,62.5333,62.6667,61.4,62.0,130962
2025-01-13,15:00:00,62.3333,62.3333,62.3333,62.3333,17370
2025-01-14,10:00:00,61.9333,62.8667,61.4,61.8,85482
2025-01-14,11:00:00,61.8,61.8,61.4,61.4667,39951
2025-01-14,12:00:00,61.4,61.4,60.3333,60.6667,149964
2025-01-14,13:00:00,60.6667,62.0667,60.6,61.6,170229
2025-01-14,14:00:00,61.6,62.6667,61.4,62.2,152397
2025-01-14,15:00:00,62.2,62.2,62.2,62.2,12780
2025-01-15,10:00:00,63.3333,65.2667,62.1333,65.2667,430728
2025-01-15,11:00:00,65.2,65.5333,63.5333,63.8,293868
2025-01-15,12:00:00,63.8,64.6667,63.5333,63.8,152931
2025-01-15,13:00:00,63.7333,64.1333,63.2,63.7333,140466
2025-01-15,14:00:00,63.6667,63.7333,62.5333,63.4667,145419
2025-01-16,10:00:00,64.6667,66.0,63.0,63.4667,85488
2025-01-16,11:00:00,63.4667,65.0,63.2,64.9333,163245
2025-01-16,12:00:00,65.0,66.1333,64.8667,66.0,293688
2025-01-16,13:00:00,65.8667,66.0,64.5333,65.1333,122529
2025-01-16,14:00:00,65.2,66.4667,64.6,65.0,264477
2025-01-16,15:00:00,64.9333,65.0667,64.5333,64.6667,35424
2025-01-19,10:00:00,64.6667,65.3333,64.3333,64.8,64857
2025-01-19,11:00:00,64.8,64.9333,63.6667,64.4667,70881
2025-01-19,12:00:00,64.4667,64.8667,64.0667,64.4,22515
2025-01-19,13:00:00,64.3333,64.7333,64.0667,64.4,22479
2025-01-19,14:00:00,64.4,65.6,64.2667,64.6667,53205
2025-01-19,15:00:00,64.6667,64.9333,64.4,64.6667,14997
2025-01-20,10:00:00,63.2,64.9333,62.2,64.4667,58761
2025-01-20,11:00:00,64.4667,64.9333,64.0,64.2,49902
2025-01-20,12:00:00,64.2,64.4667,64.0,64.2,49860
2025-01-20,13:00:00,64.2667,64.2667,63.9333,64.0,47898
2025-01-20,14:00:00,64.0667,64.2,63.4,63.6,53712
2025-01-20,15:00:00,63.5333,63.6,63.0667,63.2,32352
2025-01-21,10:00:00,64.6,64.6667,62.6667,63.4667,78858
2025-01-21,11:00:00,63.3333,64.2,63.2,63.5333,43473
2025-01-21,12:00:00,63.5333,63.7333,63.2,63.2,17451
2025-01-21,13:00:00,63.3333,64.4667,63.3333,64.2667,114987
2025-01-21,14:00:00,64.2667,65.0,64.0667,64.5333,85929
2025-01-21,15:00:00,64.4667,64.6667,64.4,64.6,21069
2025-01-22,10:00:00,63.2,64.6,63.2,64.3333,21057
2025-01-22,11:00:00,64.2667,64.4667,63.8667,64.2,23853
2025-01-22,12:00:00,64.2,64.3333,63.4667,63.4667,41460
2025-01-22,13:00:00,63.6667,63.7333,63.4,63.4667,47661
2025-01-22,14:00:00,63.5333,63.6667,63.1333,63.1333,45465
2025-01-22,15:00:00,63.1333,63.4667,63.1333,63.2,9084
2025-01-23,10:00:00,63.5333,64.4,63.3333,63.9333,37734
2025-01-23,11:00:00,64.0,64.1333,63.3333,63.5333,74016
2025-01-23,12:00:00,63.5333,63.5333,62.6667,63.3333,41115
2025-01-23,13:00:00,63.2667,63.6667,63.0,63.5333,49167
2025-01-23,14:00:00,63.4667,63.5333,62.8667,63.0,21090
2025-01-23,15:00:00,63.0,63.5333,62.9333,63.5333,20712
2025-01-26,10:00:00,64.1333,64.4,63.2667,63.2667,42435
2025-01-26,11:00:00,63.3333,65.2667,63.3333,64.0,115242
2025-01-26,12:00:00,64.0,64.0667,63.5333,63.7333,36219
2025-01-26,13:00:00,63.7333,64.0667,63.6667,63.8667,24864
2025-01-26,14:00:00,64.0,65.0,64.0,64.2667,75945
2025-01-26,15:00:00,64.2667,64.3333,64.0667,64.1333,5958
2025-01-27,10:00:00,62.2667,63.6667,62.2667,63.2,95109
2025-01-27,11:00:00,63.3333,63.6,63.2667,63.4,34944
2025-01-27,12:00:00,63.4,63.8667,63.3333,63.4667,48657
2025-01-27,13:00:00,63.4667,63.4667,62.2,62.6,84294
2025-01-27,14:00:00,62.5333,63.0,62.2667,62.6,92580
2025-01-27,15:00:00,62.5333,62.6,62.2667,62.2667,15063
2025-01-28,10:00:00,62.5333,63.2667,62.2667,62.8667,41847
2025-01-28,11:00:00,62.8667,63.5333,62.6,63.3333,59286
2025-01-28,12:00:00,63.3333,63.6,63.0,63.3333,31845
2025-01-28,13:00:00,63.0667,63.2667,62.6,62.6,25575
2025-01-28,14:00:00,62.6,62.8,62.3333,62.8,24489
2025-01-28,15:00:00,62.8667,62.8667,62.4667,62.8667,25587
2025-01-29,10:00:00,61.5333,63.2667,61.4667,62.0,96453
2025-01-29,11:00:00,62.1333,62.2,61.6667,61.8667,46341
2025-01-29,12:00:00,61.8667,61.8667,61.5333,61.6667,15807
2025-01-29,13:00:00,61.6667,61.9333,61.4,61.6,15309
2025-01-29,14:00:00,61.6,61.6667,61.0,61.0667,30105
2025-01-30,10:00:00,61.6667,62.5333,61.6667,62.2,27825
2025-01-30,11:00:00,62.0667,63.2,62.0,62.4,89043
2025-01-30,12:00:00,62.4,62.6,62.1333,62.2,10839
2025-01-30,13:00:00,62.2,62.3333,61.9333,62.2,21306
2025-01-30,14:00:00,62.2667,62.2667,61.7333,61.8,8706
2025-01-30,15:00:00,61.9333,61.9333,61.6667,61.6667,3816
2025-02-02,10:00:00,61.6,62.1333,61.2,61.6667,21741
2025-02-02,11:00:00,61.6667,61.8667,61.3333,61.6667,13347
2025-02-02,12:00:00,61.8,61.8,61.5333,61.6667,5097
2025-02-02,13:00:00,61.6,62.0667,61.6,61.8667,15567
2025-02-02,14:00:00,61.8,61.8,61.6,61.6667,12603
2025-02-02,15:00:00,61.6,61.6667,61.6,61.6,7023
2025-02-03,10:00:00,61.4,61.6667,61.3333,61.5333,10614
2025-02-03,11:00:00,61.6667,62.0,61.3333,61.5333,9312
2025-02-03,12:00:00,61.4,61.6667,61.4,61.5333,1614
2025-02-03,13:00:00,61.5333,61.6667,61.4,61.4667,9783
2025-02-03,14:00:00,61.5333,61.6667,61.4,61.6667,13575
2025-02-03,15:00:00,61.6,61.6,61.4,61.4,19566
2025-02-04,10:00:00,61.0667,61.6667,61.0,61.4667,7107
2025-02-04,11:00:00,61.4,61.6,61.0667,61.0667,24969
2025-02-04,12:00:00,61.3333,61.3333,61.0667,61.2,3936
2025-02-04,13:00:00,61.2,61.2,60.8667,61.0,30141
2025-02-04,14:00:00,61.0,61.2,60.8667,61.2,21030
2025-02-04,15:00:00,61.1333,61.2667,61.0,61.0667,23112
2025-02-05,10:00:00,61.1333,61.2,60.6667,60.8667,42864
2025-02-05,11:00:00,60.8667,61.3333,60.8,61.1333,42432
2025-02-05,12:00:00,61.1333,61.1333,60.7333,60.9333,16959
2025-02-05,13:00:00,60.9333,60.9333,60.7333,60.8,7737
2025-02-05,14:00:00,60.8,60.9333,60.6667,60.8,23208
2025-02-05,15:00:00,60.8,60.8667,60.7333,60.8,7926
2025-02-06,10:00:00,60.6667,61.3333,60.6667,60.8667,32364
2025-02-06,11:00:00,60.8,60.9333,60.7333,60.8,12636
2025-02-06,12:00:00,60.8667,61.0,60.7333,61.0,17904
2025-02-06,13:00:00,60.9333,61.0,60.7333,60.8667,21858
2025-02-06,14:00:00,60.8667,61.0667,60.7333,61.0,43590
2025-02-06,15:00:00,60.8,60.8,60.8,60.8,3759
2025-02-09,10:00:00,61.0,61.0,60.4667,60.8,51468
2025-02-09,11:00:00,60.8,61.3333,60.6667,61.1333,214695
2025-02-09,12:00:00,61.1333,61.4667,60.8667,61.0,189279
2025-02-09,13:00:00,61.0,62.0,60.8667,61.5333,145950
2025-02-09,14:00:00,61.5333,61.7333,61.0,61.4667,103866
2025-02-09,15:00:00,61.3333,61.3333,61.3333,61.3333,13323
2025-02-10,10:00:00,61.3333,61.3333,60.2667,60.4667,159156
2025-02-10,11:00:00,60.5333,60.6667,60.0667,60.3333,107028
2025-02-10,12:00:00,60.3333,60.3333,59.8667,60.1333,80916
2025-02-10,13:00:00,60.0667,60.2,59.6667,59.8667,81204
2025-02-10,14:00:00,59.8667,60.2,59.2667,59.9333,271032
2025-02-10,15:00:00,60.0,60.0,60.0,60.0,6564
2025-02-11,10:00:00,59.9333,60.7333,59.0,59.0,159045
2025-02-11,11:00:00,59.0,59.4,58.9333,59.3333,46800
2025-02-11,12:00:00,59.3333,59.3333,59.0,59.2667,37170
2025-02-11,13:00:00,59.2,60.0667,59.0667,59.9333,257985
2025-02-11,14:00:00,59.9333,60.0,59.5333,59.8667,56595
2025-02-12,10:00:00,59.5333,60.6667,59.4667,60.2,97758
2025-02-12,11:00:00,60.2,60.6667,59.6667,60.0,59061
2025-02-12,12:00:00,60.0,60.0,59.4667,59.5333,26247
2025-02-12,13:00:00,59.4667,59.5333,59.0667,59.1333,43653
2025-02-12,14:00:00,59.1333,59.6667,59.0,59.5333,121722
2025-02-12,15:00:00,59.4667,59.6667,59.3333,59.5333,21093
2025-02-13,10:00:00,59.7333,60.7333,59.0667,59.3333,69207
2025-02-13,11:00:00,59.3333,59.6667,59.2667,59.4667,23760
2025-02-13,12:00:00,59.4,59.4,59.0,59.2,69027
2025-02-13,13:00:00,59.2,60.8667,59.2,60.7333,285105
2025-02-13,14:00:00,60.8667,61.2,59.5333,59.6667,188640
2025-02-13,15:00:00,59.8667,59.8667,59.6,59.7333,40953
2025-02-16,10:00:00,60.6667,61.2667,60.1333,61.0,190566
2025-02-16,11:00:00,60.9333,61.8,60.7333,61.3333,178071
2025-02-16,12:00:00,61.3333,61.3333,60.8667,61.0667,67380
2025-02-16,13:00:00,61.0667,61.3333,60.8,61.1333,72279
2025-02-16,14:00:00,61.2,61.2,60.3333,60.7333,91299
2025-02-16,15:00:00,60.6667,60.9333,60.6667,60.6667,9684
2025-02-17,10:00:00,61.6667,62.5333,60.2667,60.3333,60522
2025-02-17,11:00:00,60.3333,61.3333,59.9333,60.8,114888
2025-02-17,12:00:00,60.8,61.1333,60.5333,60.8,33870
2025-02-17,13:00:00,60.7333,62.6667,60.7333,62.3333,256875
2025-02-17,14:00:00,62.3333,62.4667,61.3333,61.4667,143235
2025-02-17,15:00:00,61.6,61.9333,61.5333,61.6667,19413
2025-02-18,10:00:00,63.3333,63.3333,62.2,62.4,146409
2025-02-18,11:00:00,62.3333,62.6667,61.9333,62.6,58743
2025-02-18,12:00:00,62.6,64.0,62.5333,63.4667,300708
2025-02-18,13:00:00,63.4667,63.8667,63.2,63.3333,107703
2025-02-18,14:00:00,63.4,63.6,62.9333,63.3333,55605
2025-02-18,15:00:00,63.4,63.5333,63.1333,63.3333,27570
2025-02-19,10:00:00,62.4667,63.1333,62.1333,62.5333,28986
2025-02-19,11:00:00,62.5333,62.8667,61.8,61.8,71286
2025-02-19,12:00:00,61.9333,62.8,61.8,62.6667,44217
2025-02-19,13:00:00,62.6667,62.8,62.5333,62.6,30192
2025-02-19,14:00:00,62.5333,62.6,62.1333,62.5333,19860
2025-02-19,15:00:00,62.4667,62.6,62.2667,62.4667,6801
2025-02-20,10:00:00,60.0,62.2667,59.8667,60.8,66147
2025-02-20,11:00:00,61.0667,61.4667,60.4667,60.8667,63120
2025-02-20,12:00:00,60.8667,60.9333,60.6667,60.8,24873
2025-02-20,13:00:00,60.8,60.8,60.4,60.6,44844
2025-02-20,14:00:00,60.6,60.6,59.8667,60.4,103971
2025-02-20,15:00:00,60.3333,60.4,60.0,60.0,31149
2025-02-24,10:00:00,58.8667,60.6667,58.7333,59.5333,34089
2025-02-24,11:00:00,59.6,60.2,59.0667,59.6667,51342
2025-02-24,12:00:00,59.4667,59.6667,59.1333,59.2667,19380
2025-02-24,13:00:00,59.2667,59.4,59.1333,59.2,17397
2025-02-24,14:00:00,59.2,59.3333,58.4,58.5333,84777
2025-02-24,15:00:00,58.6,59.0,58.5333,58.8667,39306
2025-02-25,10:00:00,61.3333,61.3333,58.4667,58.4667,55884
2025-02-25,11:00:00,58.4667,58.5333,58.0,58.4,67620
2025-02-25,12:00:00,58.4,58.9333,58.2667,58.7333,16632
2025-02-25,13:00:00,58.6667,58.6667,58.0667,58.2667,19059
2025-02-25,14:00:00,58.2667,60.8667,58.2667,60.8,129918
2025-02-25,15:00:00,60.8,61.6667,60.4667,61.3333,95493
2025-02-26,10:00:00,60.4,60.6,60.2,60.2667,20613
2025-02-26,11:00:00,60.1333,60.6667,60.0667,60.2,22290
2025-02-26,12:00:00,60.2,60.2667,59.8667,60.0667,26460
2025-02-26,13:00:00,60.0667,60.1333,59.5333,59.6,46464
2025-02-26,14:00:00,59.6,60.4667,59.4,60.1333,74544
2025-02-26,15:00:00,60.1333,60.4667,59.7333,59.7333,31797
2025-02-27,10:00:00,59.7333,60.6667,59.7333,60.2,94233
2025-02-27,11:00:00,60.2,60.6667,59.2,59.3333,115908
2025-02-27,12:00:00,59.4667,59.7333,59.2667,59.5333,14268
2025-02-27,13:00:00,59.6,59.6,59.0667,59.1333,35676
2025-02-27,14:00:00,59.1333,59.2,58.7333,59.0,36144
2025-02-27,15:00:00,59.0,59.0,59.0,59.0,2832
2025-03-02,10:00:00,57.6667,59.3333,57.5333,59.1333,29799
2025-03-02,11:00:00,59.0667,59.0667,58.3333,58.3333,12240
2025-03-02,12:00:00,58.3333,58.3333,57.4,57.8667,21699
2025-03-02,13:00:00,57.8667,58.0667,57.3333,57.8,20793
2025-03-02,14:00:00,57.9333,58.3333,57.8,58.3333,7566
2025-03-03,10:00:00,57.8667,58.4667,57.6667,58.0667,24567
2025-03-03,11:00:00,58.0,58.6667,57.6,57.8,50535
2025-03-03,12:00:00,57.8,58.3333,57.6,58.2667,18507
2025-03-03,13:00:00,57.9333,58.2,56.1333,56.2,101253
2025-03-03,14:00:00,56.2667,56.4667,55.6667,56.4,72039
2025-03-03,15:00:00,56.4667,56.7333,56.1333,56.1333,39465
2025-03-04,10:00:00,56.0,56.0,53.2667,55.0667,62112
2025-03-04,11:00:00,55.0667,56.0667,55.0667,55.8,35706
2025-03-04,12:00:00,55.8,56.4667,55.4,55.7333,27348
2025-03-04,13:00:00,55.7333,55.9333,55.3333,55.6667,51147
2025-03-04,14:00:00,55.7333,55.7333,55.2,55.2,42579
2025-03-04,15:00:00,55.2,55.2,55.2,55.2,19782
2025-03-05,10:00:00,55.3333,57.6667,54.6667,55.5333,75573
2025-03-05,11:00:00,55.5333,55.6667,55.0,55.0667,24876
2025-03-05,12:00:00,55.0667,55.2667,54.7333,54.7333,17742
2025-03-05,13:00:00,54.6667,55.2667,54.3333,54.6,33333
2025-03-05,14:00:00,54.6,54.8667,53.2667,53.9333,151743
2025-03-05,15:00:00,53.9333,53.9333,53.9333,53.9333,15768
2025-03-06,10:00:00,54.2667,54.2667,52.7333,53.8,65490
2025-03-06,11:00:00,53.7333,53.8,52.1333,52.2667,82422
2025-03-06,12:00:00,52.2667,52.8667,51.9333,52.0,54669
2025-03-06,13:00:00,52.0,52.4,51.6667,52.3333,82833
2025-03-06,14:00:00,52.3333,53.0,52.0,52.5333,74046
2025-03-06,15:00:00,52.5333,52.5333,52.5333,52.5333,5349
2025-03-09,10:00:00,53.3333,53.3333,52.3333,53.0,30360
2025-03-09,11:00:00,53.2,53.2,51.5333,52.2,25674
2025-03-09,12:00:00,52.0,53.0,52.0,52.6667,9225
2025-03-09,13:00:00,52.8,52.9333,52.3333,52.6667,29823
2025-03-09,14:00:00,52.8,53.5333,52.5333,53.5333,54858
2025-03-09,15:00:00,53.3333,53.3333,53.3333,53.3333,5721
2025-03-10,10:00:00,54.0,54.0,52.2,52.2667,133260
2025-03-10,11:00:00,52.3333,52.9333,51.8667,52.4,120225
2025-03-10,12:00:00,52.3333,52.4,51.7333,51.8667,60384
2025-03-10,13:00:00,51.7333,51.8,51.0667,51.4667,80010
2025-03-10,14:00:00,51.6,53.0,51.5333,52.9333,72648
2025-03-10,15:00:00,52.6667,52.6667,52.6667,52.6667,8712
2025-03-11,10:00:00,52.2,52.2,50.3333,50.6,127161
2025-03-11,11:00:00,50.6667,52.0,50.6667,51.7333,83232
2025-03-11,12:00:00,51.7333,53.5333,51.6667,53.1333,92475
2025-03-11,13:00:00,53.2667,53.7333,52.6667,53.0667,100686
2025-03-11,14:00:00,53.1333,54.2,53.0667,54.2,67110
2025-03-11,15:00:00,54.0667,54.0667,54.0667,54.0667,10206
2025-03-12,10:00:00,54.0667,55.2,53.6667,55.1333,53610
2025-03-12,11:00:00,54.8667,55.2667,54.3333,55.0,39426
2025-03-12,12:00:00,54.9333,54.9333,54.1333,54.2667,36933
2025-03-12,13:00:00,54.2667,54.7333,54.2667,54.6667,30927
2025-03-12,14:00:00,54.6667,54.8,54.2667,54.6667,25464
2025-03-12,15:00:00,54.2,54.2,54.2,54.2,1791
2025-03-13,10:00:00,55.0667,55.6,53.9333,55.2,33522
2025-03-13,11:00:00,55.2667,56.1333,55.0,55.3333,52665
2025-03-13,12:00:00,55.1333,55.8,54.8667,55.4,23112
2025-03-13,13:00:00,55.4,55.6667,55.0667,55.3333,18993
2025-03-13,14:00:00,55.3333,55.4667,55.0667,55.4,32628
2025-03-16,10:00:00,55.2667,55.8667,55.2667,55.7333,4005
2025-03-16,11:00:00,55.8,56.2,55.4,56.2,7293
2025-03-16,12:00:00,56.2,56.3333,55.8,56.1333,6489
2025-03-16,13:00:00,56.1333,56.5333,56.1333,56.2,14991
2025-03-16,14:00:00,56.2667,56.3333,55.9333,55.9333,6363
2025-03-16,15:00:00,55.8667,56.4667,55.6667,56.4667,9171
2025-03-17,10:00:00,56.6,56.6667,55.6,56.4667,12387
2025-03-17,11:00:00,56.2,56.8667,56.0667,56.0667,39861
2025-03-17,12:00:00,56.0,56.3333,55.8,56.3333,45483
2025-03-17,13:00:00,56.3333,56.8667,56.3333,56.6667,34092
2025-03-17,14:00:00,56.6667,57.1333,56.3333,56.8667,29583
2025-03-17,15:00:00,56.6667,56.6667,56.6667,56.6667,5298
2025-03-18,10:00:00,56.6667,56.6667,55.3333,55.6667,33072
2025-03-18,11:00:00,55.8667,56.7333,55.6667,56.6667,51519
2025-03-18,12:00:00,56.6667,56.8667,56.2667,56.6667,40356
2025-03-18,13:00:00,56.6667,56.7333,56.3333,56.3333,32184
2025-03-18,14:00:00,56.4,56.7333,55.4667,55.5333,76890
2025-03-18,15:00:00,55.4,55.4,55.4,55.4,10248
2025-03-19,10:00:00,55.4,56.2667,54.7333,56.2667,21723
2025-03-19,11:00:00,56.0667,57.3333,56.0667,57.0,33234
2025-03-19,12:00:00,56.8,57.3333,56.6667,57.1333,9912
2025-03-19,13:00:00,57.2667,57.5333,57.0,57.2667,19701
2025-03-19,14:00:00,57.2667,57.4667,56.9333,57.2667,31545
2025-03-19,15:00:00,57.3333,57.3333,57.3333,57.3333,261
2025-03-20,10:00:00,56.6667,57.2,56.0667,57.0667,17724
2025-03-20,11:00:00,56.8,57.0,56.7333,56.7333,3990
2025-03-20,12:00:00,56.6667,56.8667,56.6667,56.8,1803
2025-03-20,13:00:00,56.8,56.9333,56.3333,56.4667,63420
2025-03-20,14:00:00,56.3333,57.1333,56.3333,56.8667,12450
2025-03-23,10:00:00,56.4667,60.3333,56.2667,56.7333,107844
2025-03-23,11:00:00,56.7333,56.9333,56.6667,56.9333,2430
2025-03-23,12:00:00,56.7333,56.7333,56.6667,56.6667,339
2025-03-23,13:00:00,56.7333,56.7333,56.3333,56.6667,7251
2025-03-23,14:00:00,56.6667,56.8,56.6667,56.6667,5196
2025-03-23,15:00:00,56.6667,56.6667,56.4667,56.4667,2958
2025-03-24,10:00:00,59.0,59.2,57.6,58.8,96243
2025-03-24,11:00:00,58.7333,59.3333,58.1333,59.2,64650
2025-03-24,12:00:00,59.0667,59.2,58.6,58.8667,25281
2025-03-24,13:00:00,58.8667,60.3333,58.8,59.7333,104316
2025-03-24,14:00:00,59.7333,60.4,58.2667,58.4667,111591
2025-03-24,15:00:00,58.4667,59.0,58.2667,59.0,12348
2025-03-25,10:00:00,57.6667,58.0,57.3333,57.8667,35088
2025-03-25,11:00:00,57.9333,58.4,57.7333,58.3333,34032
2025-03-25,12:00:00,58.2667,58.2667,57.6667,57.8,10428
2025-03-25,13:00:00,57.7333,57.8,57.1333,57.4,50739
2025-03-25,14:00:00,57.4,57.6,57.2667,57.4,16122
2025-03-25,15:00:00,57.4,57.6667,57.1333,57.6667,26511
2025-03-26,10:00:00,57.0,58.0,56.8,57.6667,22512
2025-03-26,11:00:00,57.5333,57.7333,56.5333,56.7333,109848
2025-03-26,12:00:00,56.7333,56.9333,56.3333,56.7333,49140
2025-03-26,13:00:00,56.8667,57.2,56.0667,56.7333,104940
2025-03-26,14:00:00,56.8,56.9333,56.5333,56.8,48915
2025-03-26,15:00:00,56.8,57.2667,56.6667,57.0,13305
2025-03-27,10:00:00,57.3333,57.6667,56.0,57.6,38112
2025-03-27,11:00:00,57.4667,57.4667,56.4667,56.5333,40410
2025-03-27,12:00:00,56.6667,57.3333,56.6667,57.2667,12897
2025-03-27,13:00:00,57.2667,57.3333,57.0,57.3333,15858
2025-03-27,14:00:00,57.2667,58.6667,57.2,58.2667,133749
2025-03-27,15:00:00,58.2,58.3333,57.3333,57.3333,31881
2025-04-03,10:00:00,57.3333,57.8,57.2667,57.3333,8025
2025-04-03,11:00:00,57.2667,57.3333,56.6667,56.8667,39339
2025-04-03,12:00:00,56.8667,57.2,56.6,57.0,13839
2025-04-03,13:00:00,57.1333,57.1333,56.8,56.8667,9012
2025-04-03,14:00:00,56.8667,57.3333,56.6667,57.0,26169
2025-04-03,15:00:00,57.1333,57.3333,56.8667,57.2,11697
2025-04-06,10:00:00,52.8,55.0,52.8,53.7333,52602
2025-04-06,11:00:00,53.7333,54.8667,53.7333,54.7333,40206
2025-04-06,12:00:00,54.7333,55.3333,54.3333,54.3333,49407
2025-04-06,13:00:00,54.3333,54.7333,53.6667,53.8667,51660
2025-04-06,14:00:00,53.8667,53.9333,53.3333,53.7333,77952
2025-04-06,15:00:00,53.6667,53.6667,53.6667,53.6667,3276
2025-04-07,10:00:00,53.3333,53.3333,51.6667,52.8667,168465
2025-04-07,11:00:00,52.8667,53.6667,52.4,53.4667,54432
2025-04-07,12:00:00,53.5333,53.9333,52.5333,52.8,87318
2025-04-07,13:00:00,52.8667,54.2667,52.7333,54.0667,54438
2025-04-07,14:00:00,54.1333,54.2,53.4,53.6667,46500
2025-04-07,15:00:00,53.6667,53.6667,53.6667,53.6667,3981
2025-04-08,10:00:00,54.4667,55.4667,53.6,53.6,307395
2025-04-08,11:00:00,53.6667,54.2667,53.5333,53.8,122028
2025-04-08,12:00:00,53.7333,53.7333,52.4,52.6,154455
2025-04-08,13:00:00,52.5333,53.2,52.2667,53.0,63276
2025-04-08,14:00:00,53.0,53.4,52.7333,53.2,72693
2025-04-08,15:00:00,52.8,52.8,52.8,52.8,7086
2025-04-09,10:00:00,51.6667,53.1333,51.6667,53.0,60072
2025-04-09,11:00:00,53.0,53.1333,52.4,52.8,34755
2025-04-09,12:00:00,52.8667,53.2667,52.6667,53.1333,21831
2025-04-09,13:00:00,53.0,53.6,52.9333,53.0667,28971
2025-04-09,14:00:00,53.1333,53.1333,51.3333,51.3333,122970
2025-04-09,15:00:00,51.3333,51.3333,51.3333,51.3333,22923
2025-04-10,10:00:00,55.2667,55.2667,52.7333,53.5333,154608
2025-04-10,11:00:00,53.6,54.2,53.3333,54.0,111171
2025-04-10,12:00:00,54.0,55.4667,53.8,54.8,173184
2025-04-10,13:00:00,54.8,55.4667,54.7333,55.1333,53115
2025-04-10,14:00:00,55.2,55.6667,55.1333,55.6667,49989
2025-04-10,15:00:00,55.5333,55.5333,55.5333,55.5333,5094
2025-04-13,10:00:00,55.6667,56.3333,55.5333,56.1333,38493
2025-04-13,11:00:00,56.0667,56.3333,55.6667,55.9333,29925
2025-04-13,12:00:00,55.9333,57.2667,55.7333,56.8667,93870
2025-04-13,13:00:00,57.0,57.1333,56.6667,56.8667,18864
2025-04-13,14:00:00,56.8667,57.0667,56.4,56.6667,48204
2025-04-13,15:00:00,56.6667,56.6667,56.6667,56.6667,1419
2025-04-14,10:00:00,56.6667,57.4667,55.9333,57.2,46647
2025-04-14,11:00:00,57.2,57.4667,57.2,57.4667,15033
2025-04-14,12:00:00,57.4667,57.8,57.0,57.1333,40167
2025-04-14,13:00:00,57.1333,57.2667,56.5333,56.7333,31296
2025-04-14,14:00:00,56.7333,57.2667,56.7333,57.0,12060
2025-04-15,10:00:00,56.8,57.5333,56.8,57.4667,14664
2025-04-15,11:00:00,57.2667,57.8667,57.2,57.4667,49989
2025-04-15,12:00:00,57.4667,57.6667,57.4,57.4667,7548
2025-04-15,13:00:00,57.4667,57.6,57.0,57.0667,19695
2025-04-15,14:00:00,57.0,57.4,56.7333,56.8,37758
2025-04-15,15:00:00,56.8,57.2667,56.8,56.8,13332
2025-04-16,10:00:00,57.5333,57.6667,56.7333,57.1333,23334
2025-04-16,11:00:00,57.2,57.2667,56.6667,57.0667,13749
2025-04-16,12:00:00,57.0667,57.6667,57.0,57.2667,46560
2025-04-16,13:00:00,57.3333,58.6667,57.2667,57.8,66570
2025-04-16,14:00:00,57.8,58.2,57.4,57.4,34302
2025-04-16,15:00:00,57.6,57.6,57.2,57.5333,21933
2025-04-17,10:00:00,56.8667,56.8667,56.3333,56.6667,35193
2025-04-17,11:00:00,56.6,57.0,56.4,56.8,23907
2025-04-17,12:00:00,56.6667,56.8,56.3333,56.4,13098
2025-04-17,13:00:00,56.4,56.8667,56.4,56.4667,10893
2025-04-17,14:00:00,56.6,56.9333,56.6,56.8,19998
2025-04-17,15:00:00,56.8667,56.9333,56.6667,56.9333,7374
2025-04-20,10:00:00,57.3333,57.6,57.0,57.3333,16620
2025-04-20,11:00:00,57.2,57.2,56.6667,56.9333,11529
2025-04-20,12:00:00,56.9333,57.0,56.4667,56.8667,17919
2025-04-20,13:00:00,56.8667,57.0667,56.8,56.9333,4242
2025-04-20,14:00:00,56.9333,56.9333,56.6,56.6,4815
2025-04-20,15:00:00,56.6667,56.6667,56.6667,56.6667,279
2025-04-21,10:00:00,56.4,57.0,55.6,56.6667,20154
2025-04-21,11:00:00,56.6,56.8667,56.6,56.7333,2925
2025-04-21,12:00:00,56.7333,56.8,56.5333,56.6667,1161
2025-04-21,13:00:00,56.6,56.6667,56.5333,56.5333,8553
2025-04-21,14:00:00,56.5333,56.5333,56.2667,56.4,42003
2025-04-22,10:00:00,55.6667,55.9333,55.4,55.7333,17958
2025-04-22,11:00:00,55.7333,56.0,55.7333,55.9333,9615
2025-04-22,12:00:00,55.9333,56.2,55.8,56.0,4026
2025-04-22,13:00:00,56.0,56.0,55.5333,55.6667,13755
2025-04-22,14:00:00,55.7333,55.9333,55.3333,55.8667,30723
2025-04-22,15:00:00,55.7333,55.8667,55.6667,55.6667,1893
2025-04-23,10:00:00,55.9333,56.6667,55.7333,56.0,124356
2025-04-23,11:00:00,56.0667,56.4,55.9333,56.4,21582
2025-04-23,12:00:00,56.4,56.8,56.1333,56.1333,23565
2025-04-23,13:00:00,56.1333,56.3333,56.0,56.2667,6738
2025-04-23,14:00:00,56.3333,56.6667,56.2667,56.2667,18558
2025-04-24,10:00:00,56.9333,57.1333,56.1333,56.3333,7119
2025-04-24,11:00:00,56.4,56.7333,56.2667,56.7333,26238
2025-04-24,12:00:00,56.6,56.8,56.3333,56.6,11913
2025-04-24,13:00:00,56.6667,57.6,56.5333,57.6,65613
2025-04-24,14:00:00,57.5333,57.5333,56.8,56.8,25668
2025-04-24,15:00:00,56.8667,56.9333,56.7333,56.9333,2679
2025-04-27,10:00:00,57.0,57.2667,57.0,57.0,663
2025-04-27,11:00:00,57.0667,57.0667,56.5333,56.8,13545
2025-04-27,12:00:00,56.7333,56.9333,56.3333,56.5333,14025
2025-04-27,13:00:00,56.3333,56.8667,56.3333,56.7333,10242
2025-04-27,14:00:00,56.8,56.8,56.5333,56.6,6981
2025-04-27,15:00:00,56.7333,57.0,56.5333,56.8667,8052
2025-04-28,10:00:00,56.7333,57.0667,56.3333,56.6,32616
2025-04-28,11:00:00,56.5333,56.6,56.0667,56.1333,12651
2025-04-28,12:00:00,56.3333,56.4,56.1333,56.2667,8817
2025-04-28,13:00:00,56.2,56.6,56.0,56.6,13305
2025-04-28,14:00:00,56.4,56.9333,56.3333,56.8667,9987
2025-04-28,15:00:00,57.0,57.0,57.0,57.0,8865
2025-04-29,10:00:00,56.9333,57.6,56.8,57.5333,36150
2025-04-29,11:00:00,57.4,57.6667,56.7333,57.3333,31698
2025-04-29,12:00:00,57.3333,57.3333,56.7333,56.8,30939
2025-04-29,13:00:00,56.7333,56.8667,56.4,56.8667,20208
2025-04-29,14:00:00,56.8667,56.9333,56.6667,56.9333,8217
2025-04-29,15:00:00,56.9333,56.9333,56.9333,56.9333,1332
2025-04-30,10:00:00,56.4,57.0,55.6667,56.3333,24123
2025-04-30,11:00:00,56.2667,56.6667,56.1333,56.3333,53175
2025-04-30,12:00:00,56.4,56.4667,55.6,56.2,52791
2025-04-30,13:00:00,56.2,56.4667,56.0,56.4667,28914
2025-04-30,14:00:00,56.4667,56.5333,56.2667,56.4,11841
2025-05-01,10:00:00,56.4667,56.4667,55.8667,56.0667,12396
2025-05-01,11:00:00,56.0667,56.3333,55.8667,56.1333,21468
2025-05-01,12:00:00,56.1333,56.2667,55.9333,56.2,19743
2025-05-01,13:00:00,56.0667,56.4,56.0667,56.2667,12684
2025-05-01,14:00:00,56.2,56.2667,55.8667,56.2667,17859
2025-05-01,15:00:00,56.2667,56.4667,56.0667,56.4667,5133
2025-05-04,10:00:00,56.2,56.4,56.1333,56.3333,1212
2025-05-04,11:00:00,56.2667,56.2667,56.0,56.0667,7449
2025-05-04,12:00:00,56.0,56.2,56.0,56.2,10329
2025-05-04,13:00:00,56.1333,56.4,56.0,56.2,3669
2025-05-04,14:00:00,56.2,56.2,55.9333,56.0,6612
2025-05-04,15:00:00,56.1333,56.4,55.9333,56.4,14103
2025-05-05,10:00:00,56.8,58.6667,55.4667,56.2,73317
2025-05-05,11:00:00,56.2667,56.8,56.0667,56.6,7341
2025-05-05,12:00:00,56.6,57.2667,56.4667,57.0667,45198
2025-05-05,13:00:00,56.9333,57.1333,56.8667,56.9333,14172
2025-05-05,14:00:00,56.9333,57.0,56.8667,56.9333,21201
2025-05-06,10:00:00,58.2,58.4,57.3333,57.3333,27318
2025-05-06,11:00:00,57.6,57.6,57.0,57.2,37077
2025-05-06,12:00:00,57.1333,57.2,56.9333,57.0667,9489
2025-05-06,13:00:00,56.9333,57.2667,56.8667,57.2667,20193
2025-05-06,14:00:00,57.2,57.2,56.9333,56.9333,14967
2025-05-06,15:00:00,57.0,57.1333,56.8667,57.1333,6504
2025-05-07,10:00:00,57.3333,57.4667,56.8,57.4667,18384
2025-05-07,11:00:00,57.5333,58.1333,57.2,57.6,51399
2025-05-07,12:00:00,57.6,57.6667,57.4667,57.5333,15714
2025-05-07,13:00:00,57.6,57.6,57.0,57.1333,19578
2025-05-07,14:00:00,57.2,57.2667,57.0,57.1333,24816
2025-05-08,10:00:00,56.6667,57.0,56.3333,56.8667,7839
2025-05-08,11:00:00,56.7333,56.9333,55.8667,56.1333,30558
2025-05-08,12:00:00,56.0667,56.6667,56.0,56.6,22965
2025-05-08,13:00:00,56.4667,56.8667,56.4,56.8667,17760
2025-05-08,14:00:00,56.8667,57.1333,56.6667,57.0,12999
2025-05-08,15:00:00,57.0,57.0,56.6,56.6667,9183
2025-05-11,10:00:00,56.6667,57.1333,56.6667,57.1333,2985
2025-05-11,11:00:00,57.1333,57.2,56.8667,56.8667,8946
2025-05-11,12:00:00,56.8667,56.8667,56.3333,56.6667,40104
2025-05-11,13:00:00,56.6667,57.1333,56.6667,56.7333,16902
2025-05-11,14:00:00,56.7333,56.9333,56.6,56.6,13131
2025-05-11,15:00:00,56.6,56.6667,56.6,56.6667,3042
2025-05-12,10:00:00,58.4667,58.6667,57.0,57.7333,49647
2025-05-12,11:00:00,57.7333,57.8,57.1333,57.4,32628
2025-05-12,12:00:00,57.4667,57.8667,57.4,57.6667,23010
2025-05-12,13:00:00,57.7333,58.3333,57.6,57.8,53085
2025-05-12,14:00:00,57.8667,58.8667,57.8667,58.6,113952
2025-05-13,10:00:00,59.0,59.2667,58.3333,58.8,31062
2025-05-13,11:00:00,58.8,59.2,58.6667,59.1333,43305
2025-05-13,12:00:00,59.0,59.1333,58.6,58.8667,7191
2025-05-13,13:00:00,58.8,58.8667,58.4,58.4667,8124
2025-05-13,14:00:00,58.4,59.3333,58.3333,59.0,50223
2025-05-13,15:00:00,59.0,59.0667,58.8667,59.0,3441
2025-05-14,10:00:00,58.5333,59.3333,57.4,59.1333,41508
2025-05-14,11:00:00,58.9333,59.0667,58.5333,58.9333,14004
2025-05-14,12:00:00,58.9333,59.0,58.6667,58.8,15066
2025-05-14,13:00:00,58.8,59.0,58.7333,58.8667,9957
2025-05-14,14:00:00,58.8667,58.9333,58.6,58.6667,29301
2025-05-14,15:00:00,58.6,58.6667,58.5333,58.5333,7791
2025-05-15,10:00:00,58.3333,58.8667,57.8,58.2667,26007
2025-05-15,11:00:00,58.3333,58.5333,57.8667,58.4,28866
2025-05-15,12:00:00,58.6,59.2667,58.4,58.8667,29064
2025-05-15,13:00:00,58.7333,58.9333,58.5333,58.9333,14664
2025-05-15,14:00:00,58.8667,58.9333,58.3333,58.8,17130
2025-05-15,15:00:00,58.8,58.8667,58.4,58.8,9714
2025-05-18,10:00:00,59.3333,59.5333,58.6667,58.9333,20736
2025-05-18,11:00:00,58.9333,59.1333,58.8,59.0,9939
2025-05-18,12:00:00,59.0,59.0,58.7333,58.8667,5958
2025-05-18,13:00:00,58.8667,58.9333,58.7333,58.8,3660
2025-05-18,14:00:00,58.8667,59.0,58.6667,58.6667,10548
2025-05-18,15:00:00,58.9333,58.9333,58.9333,58.9333,852
2025-05-19,10:00:00,59.1333,59.1333,58.3333,58.7333,18963
2025-05-19,11:00:00,58.8,58.8,58.4,58.8,23259
2025-05-19,12:00:00,58.8,59.0,58.6,58.6667,6297
2025-05-19,13:00:00,58.6667,58.8,58.3333,58.6,25512
2025-05-19,14:00:00,58.6,59.0667,58.4,59.0667,31614
2025-05-20,10:00:00,58.7333,59.1333,58.5333,58.7333,6798
2025-05-20,11:00:00,58.7333,58.8,58.4667,58.6,7260
2025-05-20,12:00:00,58.7333,58.7333,58.3333,58.5333,8520
2025-05-20,13:00:00,58.5333,58.8,58.5333,58.8,7872
2025-05-20,14:00:00,58.8,58.8667,58.6667,58.6667,7356
2025-05-20,15:00:00,58.7333,58.7333,58.6,58.6667,3693
2025-05-21,10:00:00,58.4,58.8667,58.4,58.6667,20361
2025-05-21,11:00:00,58.6667,58.6667,58.0667,58.4,39777
2025-05-21,12:00:00,58.3333,58.4,58.2,58.3333,11835
2025-05-21,13:00:00,58.4,58.9333,58.2667,58.8667,17526
2025-05-21,14:00:00,58.8667,59.1333,58.4667,58.9333,34308
2025-05-21,15:00:00,58.6667,58.6667,58.6667,58.6667,9966
2025-05-22,10:00:00,58.6667,58.9333,58.2667,58.5333,23400
2025-05-22,11:00:00,58.6667,58.7333,58.2667,58.5333,8130
2025-05-22,12:00:00,58.4667,58.6667,58.1333,58.2667,10374
2025-05-22,13:00:00,58.3333,58.3333,58.1333,58.2667,8256
2025-05-22,14:00:00,58.1333,58.2667,57.5333,57.5333,18264
2025-05-22,15:00:00,57.5333,57.5333,57.5333,57.5333,420
2025-05-25,10:00:00,56.3333,58.1333,55.6667,57.9333,29580
2025-05-25,11:00:00,57.9333,58.1333,57.8,58.0,8784
2025-05-25,12:00:00,57.9333,58.1333,57.9333,57.9333,7311
2025-05-25,13:00:00,57.9333,58.0,57.6667,57.8667,5640
2025-05-25,14:00:00,57.8,57.8667,56.6667,56.6667,14643
2025-05-26,10:00:00,56.8667,57.1333,56.7333,56.7333,4872
2025-05-26,11:00:00,56.7333,56.8,56.2,56.2,15369
2025-05-26,12:00:00,56.2,56.4,55.8667,56.4,21786
2025-05-26,13:00:00,56.2667,56.2667,55.8,56.0,6753
2025-05-26,14:00:00,56.0,56.3333,56.0,56.2,8646
2025-05-26,15:00:00,56.0667,56.3333,56.0,56.3333,4374
2025-05-27,10:00:00,56.3333,56.6667,55.6667,55.8667,5763
2025-05-27,11:00:00,55.8667,55.8667,55.3333,55.5333,6954
2025-05-27,12:00:00,55.5333,55.5333,55.1333,55.3333,11991
2025-05-27,13:00:00,55.3333,55.3333,54.8,54.8,7938
2025-05-27,14:00:00,54.8667,55.3333,54.8,55.3333,21483
2025-05-27,15:00:00,55.3333,55.3333,55.3333,55.3333,1686
2025-05-28,10:00:00,56.6,57.7333,55.0,56.0,16860
2025-05-28,11:00:00,56.0,56.5333,55.8667,56.5333,19608
2025-05-28,12:00:00,56.4,56.7333,56.3333,56.7333,24531
2025-05-28,13:00:00,56.7333,56.9333,56.4667,56.8,14400
2025-05-28,14:00:00,56.6667,57.2,56.6667,56.9333,34707
2025-05-29,10:00:00,55.2667,57.6,54.9333,57.3333,129924
2025-05-29,11:00:00,57.3333,57.4667,57.2,57.2667,4329
2025-05-29,12:00:00,57.2667,57.8667,57.2667,57.7333,19545
2025-05-29,13:00:00,57.7333,57.7333,57.0,57.3333,18012
2025-05-29,14:00:00,57.3333,57.5333,57.0,57.5333,10923
2025-05-29,15:00:00,57.4,57.6,55.2667,55.2667,692133
2025-06-01,10:00:00,53.8667,55.1333,53.6,54.9333,3171
2025-06-01,11:00:00,55.0,55.0,53.3333,53.9333,24891
2025-06-01,12:00:00,53.8667,54.1333,53.5333,53.5333,8910
2025-06-01,13:00:00,53.6,54.1333,53.0,53.2667,24678
2025-06-01,14:00:00,53.2667,53.7333,53.2667,53.6,11349
2025-06-01,15:00:00,53.5333,53.9333,53.4,53.8667,12198
2025-06-02,10:00:00,53.3333,53.9333,53.3333,53.8,4749
2025-06-02,11:00:00,53.8667,53.8667,53.2667,53.4667,13620
2025-06-02,12:00:00,53.4667,53.8,53.3333,53.7333,9174
2025-06-02,13:00:00,53.6667,53.8667,53.4667,53.6,5619
2025-06-02,14:00:00,53.5333,53.8,53.4,53.6667,8517
2025-06-02,15:00:00,53.7333,53.8,53.3333,53.3333,20745
2025-06-03,10:00:00,53.8,53.9333,53.6,53.6667,2409
2025-06-03,11:00:00,53.6667,54.2667,53.5333,54.0,15525
2025-06-03,12:00:00,54.0,54.2,53.8667,53.8667,15951
2025-06-03,13:00:00,53.9333,54.4,53.7333,54.4,22884
2025-06-03,14:00:00,54.4,57.6,54.3333,56.0,218103
2025-06-03,15:00:00,56.0,56.3333,55.0,55.6667,44487
2025-06-04,10:00:00,55.6667,56.8667,55.6667,56.2,23091
2025-06-04,11:00:00,56.2,56.7333,56.0667,56.4667,10989
2025-06-04,12:00:00,56.4,56.7333,56.4,56.4667,16185
2025-06-04,13:00:00,56.5333,57.0,56.4,56.6667,24984
2025-06-04,14:00:00,56.6667,56.8667,56.4667,56.6667,38790
2025-06-04,15:00:00,56.9333,56.9333,56.9333,56.9333,1824
2025-06-11,10:00:00,56.0,57.3333,54.2667,56.7333,49146
2025-06-11,11:00:00,56.8,56.9333,56.4,56.6667,35232
2025-06-11,12:00:00,56.6667,56.6667,56.0,56.1333,25758
2025-06-11,13:00:00,56.0,56.2,55.8,56.1333,35004
2025-06-11,14:00:00,56.1333,56.2,56.0,56.0,17829
2025-06-12,10:00:00,52.9333,54.3333,48.6667,54.0667,46596
2025-06-12,11:00:00,53.9333,54.0667,53.5333,53.6667,46476
2025-06-12,12:00:00,53.6667,53.6667,53.2,53.6,30822
2025-06-12,13:00:00,53.6667,53.6667,53.0,53.1333,51486
2025-06-12,14:00:00,53.1333,53.2,53.0,53.0667,33078
2025-06-12,15:00:00,53.0,53.0,52.7333,52.9333,32310
2025-06-15,10:00:00,51.4667,51.7333,51.1333,51.7333,11172
2025-06-15,11:00:00,51.6667,51.6667,50.6667,50.6667,13653
2025-06-15,12:00:00,51.0,51.4,50.4,51.3333,30813
2025-06-15,13:00:00,51.4,51.8,51.0667,51.2,9831
2025-06-15,14:00:00,51.4667,51.6,50.4,51.0,20955
2025-06-15,15:00:00,50.9333,51.0,50.0,50.0,19932
2025-06-16,10:00:00,50.6667,52.1333,50.6667,51.9333,49728
2025-06-16,11:00:00,51.9333,52.3333,51.8667,52.1333,14547
2025-06-16,12:00:00,52.0667,52.3333,52.0,52.3333,6708
2025-06-16,13:00:00,52.3333,52.7333,52.3333,52.3333,29160
2025-06-16,14:00:00,52.3333,52.5333,52.1333,52.2667,12687
2025-06-16,15:00:00,52.4667,52.4667,52.4667,52.4667,723
2025-06-17,10:00:00,52.4667,52.4667,51.7333,51.8667,28065
2025-06-17,11:00:00,51.8667,52.2,51.5333,51.6,12831
2025-06-17,12:00:00,51.8,51.8667,51.0,51.0,15549
2025-06-17,13:00:00,51.2,51.4,50.9333,51.1333,8244
2025-06-17,14:00:00,51.1333,51.2,50.8,50.9333,13860
2025-06-17,15:00:00,50.9333,50.9333,50.9333,50.9333,762
2025-06-18,10:00:00,50.9333,50.9333,49.9333,49.9333,37833
2025-06-18,11:00:00,49.8667,50.0667,49.6667,49.8667,20949
2025-06-18,12:00:00,49.8667,49.8667,49.3333,49.6667,25350
2025-06-18,13:00:00,49.6667,50.0,49.5333,49.6667,13749
2025-06-18,14:00:00,49.5333,50.3333,49.4,50.3333,37443
2025-06-18,15:00:00,50.3333,50.3333,50.3333,50.3333,2334
2025-06-19,10:00:00,50.3333,51.2,50.0,50.8,35667
2025-06-19,11:00:00,50.7333,51.0667,50.4667,50.8667,13071
2025-06-19,12:00:00,50.9333,51.0,50.7333,50.8,13257
2025-06-19,13:00:00,50.8667,50.9333,50.0667,50.2,18108
2025-06-19,14:00:00,50.3333,50.3333,50.0667,50.2667,17619
2025-06-19,15:00:00,50.0,50.0,50.0,50.0,9243
2025-06-22,10:00:00,51.4667,51.7333,50.1333,51.6667,78300
2025-06-22,11:00:00,51.6667,51.9333,51.3333,51.6,21336
2025-06-22,12:00:00,51.6,51.9333,51.4,51.9333,24084
2025-06-22,13:00:00,51.8667,52.0,51.3333,51.6667,15861
2025-06-22,14:00:00,51.6667,51.6667,51.3333,51.3333,12111
2025-06-23,10:00:00,51.6667,51.6667,51.0,51.4,9912
2025-06-23,11:00:00,51.5333,51.8,51.2667,51.7333,14937
2025-06-23,12:00:00,51.6,52.0,51.6,51.9333,16149
2025-06-23,13:00:00,51.9333,52.2,51.6667,51.8667,22746
2025-06-23,14:00:00,51.8667,52.0,51.4,52.0,51975
2025-06-23,15:00:00,51.9333,52.0,51.6667,51.6667,15087
2025-06-24,10:00:00,52.3333,54.0,52.3333,53.0667,63321
2025-06-24,11:00:00,53.0667,53.4,52.8667,53.4,9363
2025-06-24,12:00:00,53.4,53.4,53.2,53.2667,10023
2025-06-24,13:00:00,53.3333,53.6,53.2667,53.5333,22482
2025-06-24,14:00:00,53.4,53.5333,53.0,53.3333,45981
2025-06-24,15:00:00,53.3333,53.3333,53.3333,53.3333,4392
2025-06-25,10:00:00,53.0667,53.6667,53.0667,53.6,28725
2025-06-25,11:00:00,53.6,53.8667,53.4667,53.6,15699
2025-06-25,12:00:00,53.6,53.6,53.2667,53.3333,16689
2025-06-25,13:00:00,53.3333,53.4,52.9333,53.0,40104
2025-06-25,14:00:00,53.0,53.0,51.9333,52.2667,136623
2025-06-25,15:00:00,52.2667,52.2667,52.2667,52.2667,4347
2025-06-26,10:00:00,52.4667,52.8667,51.6,51.6667,73587
2025-06-26,11:00:00,51.6667,51.8,51.2,51.5333,74250
2025-06-26,12:00:00,51.5333,51.6667,51.3333,51.4,28476
2025-06-26,13:00:00,51.4667,51.8667,51.4667,51.8667,52941
2025-06-26,14:00:00,51.8667,52.2,51.8667,52.2,28443
2025-06-26,15:00:00,52.2667,52.2667,52.2667,52.2667,14508
2025-06-29,10:00:00,52.2667,52.9667,52.2667,52.4667,14250
2025-06-29,11:00:00,52.4667,52.9,52.3333,52.9,15495
2025-06-29,12:00:00,52.8333,52.9,52.6667,52.7,5973
2025-06-29,13:00:00,52.8,53.4,52.7333,53.4,23826
2025-06-29,14:00:00,53.4,53.4,53.0,53.0,10398
2025-06-29,15:00:00,53.0333,53.0333,53.0333,53.0333,678
2025-06-30,10:00:00,53.2667,53.3,52.8667,53.2333,15897
2025-06-30,11:00:00,53.2333,53.3,53.0,53.2,12912
2025-06-30,12:00:00,53.2333,53.2667,53.1333,53.1333,11058
2025-06-30,13:00:00,53.1333,53.2667,53.1,53.1,16137
2025-06-30,14:00:00,53.2333,53.2667,52.8333,52.8333,23145
2025-06-30,15:00:00,52.7333,52.7333,52.7333,52.7333,5205
2025-07-01,10:00:00,51.9,53.0667,51.9,52.5333,24354
2025-07-01,11:00:00,52.7333,52.7333,52.4333,52.5,6246
2025-07-01,12:00:00,52.5333,52.5333,52.4,52.5,2250
2025-07-01,13:00:00,52.5333,52.5333,52.3333,52.4667,6972
2025-07-01,14:00:00,52.4667,52.4667,52.2333,52.2333,19602
2025-07-02,10:00:00,52.2333,52.3,52.0,52.2667,5970
2025-07-02,11:00:00,52.2667,52.6667,52.2333,52.6,9531
2025-07-02,12:00:00,52.6,52.6333,52.2667,52.2667,15042
2025-07-02,13:00:00,52.2667,52.2667,51.8333,51.9,13806
2025-07-02,14:00:00,51.9,52.3333,51.8667,52.0667,25620
2025-07-02,15:00:00,52.1,52.2333,52.0,52.2333,3795
2025-07-03,10:00:00,52.2,52.3,51.9667,52.0,6921
2025-07-03,11:00:00,52.0,52.2333,51.9333,52.1,2016
2025-07-03,12:00:00,52.1333,52.2667,52.0,52.1,3636
2025-07-03,13:00:00,52.1333,52.4,52.1333,52.3333,7719
2025-07-03,14:00:00,52.3333,52.3667,52.1333,52.2,8244
2025-07-03,15:00:00,52.2,52.3333,52.1333,52.2,4326
2025-07-06,10:00:00,52.1667,52.1667,52.0,52.0333,4242
2025-07-06,11:00:00,52.1333,52.3333,52.0333,52.1,9957
2025-07-06,12:00:00,52.1,52.2,51.9667,52.2,7491
2025-07-06,13:00:00,52.1333,52.3333,52.0667,52.3333,13686
2025-07-06,14:00:00,52.3333,52.5333,52.2333,52.3333,10290
2025-07-06,15:00:00,52.3667,52.5333,52.3667,52.5,1581
2025-07-07,10:00:00,53.1333,54.6667,52.2667,52.3333,130353
2025-07-07,11:00:00,52.3333,52.9667,52.3333,52.8333,27639
2025-07-07,12:00:00,52.8333,52.9333,52.7333,52.8667,5574
2025-07-07,13:00:00,52.8667,53.5667,52.8667,53.1667,33309
2025-07-07,14:00:00,53.1667,53.2333,52.6667,52.6667,17073
2025-07-08,10:00:00,54.4333,54.7667,53.5,53.6667,54918
2025-07-08,11:00:00,53.6333,54.1333,53.6333,54.0,45444
2025-07-08,12:00:00,53.9333,54.5667,53.7,54.5333,49311
2025-07-08,13:00:00,54.5333,55.0,54.3,54.5333,86832
2025-07-08,14:00:00,54.5333,54.6667,54.2333,54.2333,55890
2025-07-08,15:00:00,54.2667,54.5333,54.0333,54.4333,28755
2025-07-09,10:00:00,56.1333,56.1333,54.2333,54.6,16473
2025-07-09,11:00:00,54.5333,54.9667,54.3333,54.8,26595
2025-07-09,12:00:00,54.8667,55.8,54.8667,55.6,82170
2025-07-09,13:00:00,55.6,56.1667,55.5333,55.6333,62064
2025-07-09,14:00:00,55.6333,56.1333,55.4667,55.6667,65868
2025-07-09,15:00:00,55.6667,56.3,55.6333,56.1333,22266
2025-07-10,10:00:00,56.0667,56.0667,55.6,55.7667,4527
2025-07-10,11:00:00,55.8,57.0,55.6,56.7,85188
2025-07-10,12:00:00,56.5667,57.2667,56.5667,56.9333,43398
2025-07-10,13:00:00,56.8,57.4,56.7333,56.8,76983
2025-07-10,14:00:00,56.7,56.7,56.1333,56.2667,43998
2025-07-10,15:00:00,56.3667,56.7,56.3667,56.5333,10617
2025-07-13,10:00:00,55.4333,56.4667,55.1333,56.4,13971
2025-07-13,11:00:00,56.4,56.4667,55.9333,55.9333,8373
2025-07-13,12:00:00,55.9667,56.1333,55.6667,55.7667,6702
2025-07-13,13:00:00,55.7667,55.8,55.4667,55.4667,13617
2025-07-13,14:00:00,55.4333,55.6667,55.4333,55.6,4500
2025-07-14,10:00:00,55.1667,55.1667,54.8333,54.8667,11343
2025-07-14,11:00:00,54.8,55.0667,54.6333,55.0,13365
2025-07-14,12:00:00,55.0,55.3,54.8333,54.9,12525
2025-07-14,13:00:00,54.9333,55.1667,54.7333,54.8667,11607
2025-07-14,14:00:00,54.8667,55.0333,54.5667,54.7333,18312
2025-07-14,15:00:00,54.8,54.8333,54.4333,54.4333,17814
2025-07-15,10:00:00,55.9333,56.6667,54.5333,54.8667,25833
2025-07-15,11:00:00,54.7667,56.4667,54.7667,55.9333,58317
2025-07-15,12:00:00,55.9667,56.6667,55.7,55.7333,68220
2025-07-15,13:00:00,55.7333,56.3333,55.7333,56.1333,41280
2025-07-15,14:00:00,56.1333,56.4667,55.9333,55.9333,67479
2025-07-16,10:00:00,56.0333,56.0333,55.5,55.6333,7173
2025-07-16,11:00:00,55.6333,56.0667,55.4667,55.9667,17373
2025-07-16,12:00:00,56.0333,56.6,55.9333,56.6,27741
2025-07-16,13:00:00,56.6,57.0333,56.5333,56.6667,86130
2025-07-16,14:00:00,56.6667,56.8667,55.8,55.8667,57282
2025-07-16,15:00:00,55.8667,56.4,55.7333,56.1,5652
2025-07-17,10:00:00,55.6667,56.2667,55.6667,55.8667,26127
2025-07-17,11:00:00,56.0,56.0,55.3667,55.6,18807
2025-07-17,12:00:00,55.5333,55.7667,55.0667,55.3333,28014
2025-07-17,13:00:00,55.3333,56.2667,55.3333,56.2667,9537
2025-07-17,14:00:00,56.2667,56.3333,55.6667,56.1,13917
2025-07-20,10:00:00,55.4333,56.6,55.3,56.5333,29940
2025-07-20,11:00:00,56.4,56.4,55.9,55.9,6276
2025-07-20,12:00:00,55.8667,55.9333,55.6667,55.7333,4143
2025-07-20,13:00:00,55.8667,55.8667,55.3,55.4667,10350
2025-07-20,14:00:00,55.4667,55.4667,55.3333,55.4333,1323
2025-07-21,10:00:00,55.5,55.5333,55.0667,55.2,3708
2025-07-21,11:00:00,55.2,55.4,55.2,55.3,6915
2025-07-21,12:00:00,55.2667,55.3,54.9333,54.9333,14676
2025-07-21,13:00:00,54.9333,55.1667,54.8667,55.1,18012
2025-07-21,14:00:00,55.2,55.6667,54.9333,55.4333,14325
2025-07-21,15:00:00,55.4333,55.4333,55.0,55.2333,1944
2025-07-22,10:00:00,53.6667,55.3,53.6667,54.6,16899
2025-07-22,11:00:00,54.6,54.6333,54.0333,54.2333,7779
2025-07-22,12:00:00,54.1,54.3667,53.8,54.2667,11943
2025-07-22,13:00:00,54.2667,54.6667,54.2,54.2,12327
2025-07-22,14:00:00,54.1667,54.1667,53.7333,53.8,18381
2025-07-23,10:00:00,54.3333,54.5,53.8667,53.9333,3606
2025-07-23,11:00:00,53.8667,54.0,53.8333,53.8333,6714
2025-07-23,12:00:00,53.9,54.1333,53.8,54.0667,5367
2025-07-23,13:00:00,54.0667,54.1667,54.0333,54.1667,5130
2025-07-23,14:00:00,54.1667,54.2,53.7,53.7333,20130
2025-07-23,15:00:00,53.7667,54.3333,53.7667,54.3333,14325
2025-07-24,10:00:00,54.3,54.3,54.1667,54.1667,351
2025-07-24,11:00:00,54.2667,54.2667,54.0,54.0,1437
2025-07-24,12:00:00,54.0333,54.1,53.8667,54.0333,21114
2025-07-24,13:00:00,54.1,54.1333,53.8333,54.1,12780
2025-07-24,14:00:00,54.0667,54.1667,53.9667,54.1,16149
2025-07-24,15:00:00,54.0333,54.2333,54.0333,54.1,6132
2025-07-27,10:00:00,54.1,54.4667,54.1,54.4667,10371
2025-07-27,11:00:00,54.5,55.3333,54.5,55.3333,13149
2025-07-27,12:00:00,55.3,55.6667,54.9,54.9333,15570
2025-07-27,13:00:00,54.9,55.3333,54.7333,55.0667,12954
2025-07-27,14:00:00,55.1,55.2,54.8667,54.9667,6714
2025-07-27,15:00:00,54.8,54.8,54.8,54.8,345
2025-07-28,10:00:00,55.2333,55.4,54.3333,55.0,15666
2025-07-28,11:00:00,54.8667,54.8667,54.5333,54.6,7968
2025-07-28,12:00:00,54.6667,54.8667,54.6,54.7333,8085
2025-07-28,13:00:00,54.7667,55.1,54.7667,54.9,7683
2025-07-28,14:00:00,54.8667,55.6333,54.7333,55.5667,18252
2025-07-29,10:00:00,54.0,54.4667,53.7333,54.2,5973
2025-07-29,11:00:00,54.2,54.4,54.0667,54.3333,5352
2025-07-29,12:00:00,54.3,54.4667,53.7333,54.0333,9402
2025-07-29,13:00:00,54.0333,54.0333,53.7333,53.7667,9981
2025-07-29,14:00:00,53.8333,54.0333,53.7,53.8667,20235
2025-07-29,15:00:00,53.8333,54.0333,53.8,54.0,3441
2025-07-30,10:00:00,54.0,54.5,53.6667,53.9,11955
2025-07-30,11:00:00,53.9667,54.0333,53.8667,53.8667,4410
2025-07-30,12:00:00,53.8667,53.9,53.7333,53.7333,9741
2025-07-30,13:00:00,53.7667,54.3667,53.7667,54.0,12081
2025-07-30,14:00:00,53.8667,54.2,53.8667,54.0667,6408
2025-07-30,15:00:00,54.0333,54.2,54.0,54.0,2931
2025-07-31,10:00:00,53.8333,53.8667,53.6667,53.8667,2343
2025-07-31,11:00:00,53.8333,54.0,53.6667,53.7333,12717
2025-07-31,12:00:00,53.7667,53.8667,53.6667,53.7667,9627
2025-07-31,13:00:00,53.7667,53.9333,53.7333,53.9,4818
2025-07-31,14:00:00,53.9333,54.0,53.8,53.9333,7422
2025-07-31,15:00:00,53.9333,54.0667,53.8333,53.8333,5544
2025-08-03,10:00:00,53.3333,53.6333,53.1333,53.4,15585
2025-08-03,11:00:00,53.3333,53.4333,53.2,53.2667,3978
2025-08-03,12:00:00,53.2,53.3333,53.1667,53.3,2793
2025-08-03,13:00:00,53.3,53.6333,53.3,53.5333,2064
2025-08-03,14:00:00,53.5333,53.9333,53.5,53.9,6204
2025-08-03,15:00:00,53.9,53.9,53.9,53.9,783
2025-08-04,10:00:00,53.6,54.1,53.1667,53.8667,13896
2025-08-04,11:00:00,53.8333,53.9,53.8,53.8,3057
2025-08-04,12:00:00,53.8,54.0667,53.5,53.5,6615
2025-08-04,13:00:00,53.5333,53.7667,53.5333,53.6667,4797
2025-08-04,14:00:00,53.7,53.8,53.6,53.6333,7320
2025-08-05,10:00:00,53.9,53.9,53.5667,53.6333,3528
2025-08-05,11:00:00,53.6667,53.6667,53.1667,53.2667,20271
2025-08-05,12:00:00,53.2667,53.5,53.2667,53.3667,15348
2025-08-05,13:00:00,53.3333,53.4667,53.3333,53.4,5721
2025-08-05,14:00:00,53.3333,53.4333,53.0667,53.2333,34953
2025-08-05,15:00:00,53.2667,53.6333,53.2667,53.4,5958
2025-08-06,10:00:00,53.2333,53.4,52.3333,52.9333,30378
2025-08-06,11:00:00,53.0,53.0,52.3,52.3333,48390
2025-08-06,12:00:00,52.3,52.4,52.0,52.1667,49050
2025-08-06,13:00:00,52.1667,52.2667,51.8333,51.8667,62715
2025-08-06,14:00:00,51.8667,52.6667,51.8667,52.4667,53991
2025-08-06,15:00:00,52.1667,52.1667,52.1667,52.1667,1029
2025-08-07,10:00:00,52.0,52.2667,51.8667,52.0,30069
2025-08-07,11:00:00,52.0333,52.2,51.8667,51.9667,15174
2025-08-07,12:00:00,51.9667,52.1333,51.9333,52.1333,9900
2025-08-07,13:00:00,52.0333,52.3333,52.0,52.0667,8796
2025-08-07,14:00:00,52.0667,52.4,52.0,52.1333,15084
2025-08-10,10:00:00,52.2667,52.4667,51.8667,52.2667,18123
2025-08-10,11:00:00,52.2667,52.2667,52.0333,52.0667,6900
2025-08-10,12:00:00,52.1333,52.2333,52.0,52.1667,7590
2025-08-10,13:00:00,52.1333,52.1667,51.9667,52.0,5202
2025-08-10,14:00:00,52.0,52.1333,51.9,51.9667,7266
2025-08-10,15:00:00,51.9333,52.4,51.9333,52.2667,8775
2025-08-11,10:00:00,52.1,52.5,51.5667,52.1,22728
2025-08-11,11:00:00,52.1,52.1,51.3333,51.4667,16896
2025-08-11,12:00:00,51.4333,51.6,51.3667,51.4333,11448
2025-08-11,13:00:00,51.5667,51.8,51.4333,51.6667,23532
2025-08-11,14:00:00,51.7333,52.0,51.6,51.7,12339
2025-08-11,15:00:00,51.6667,52.1,51.6333,52.1,6978
2025-08-12,10:00:00,52.1,52.1,51.7,51.7,4239
2025-08-12,11:00:00,51.6667,51.8333,51.4333,51.8,7638
2025-08-12,12:00:00,51.6667,51.7667,51.5333,51.5333,14331
2025-08-12,13:00:00,51.5333,51.8,51.4667,51.6333,10428
2025-08-12,14:00:00,51.6333,51.8667,51.6,51.7333,5418
2025-08-12,15:00:00,51.7333,51.8,51.6,51.8,6582
2025-08-13,10:00:00,52.6,52.6,51.5333,51.6,11259
2025-08-13,11:00:00,51.7333,51.7333,51.1667,51.1667,12492
2025-08-13,12:00:00,51.2,51.5,51.0667,51.0667,7392
2025-08-13,13:00:00,51.1333,51.1333,50.7667,51.0333,19260
2025-08-13,14:00:00,51.0333,51.1,50.7667,51.0333,18765
2025-08-13,15:00:00,50.9,50.9,50.9,50.9,1521
2025-08-14,10:00:00,52.3333,52.3333,50.8,51.2333,31323
2025-08-14,11:00:00,51.3,51.3,51.0,51.0333,11838
2025-08-14,12:00:00,51.0667,51.1333,50.9333,51.0667,4713
2025-08-14,13:00:00,51.0667,51.6,51.0,51.6,11934
2025-08-14,14:00:00,51.5667,52.0,51.5333,51.9333,15900
2025-08-17,10:00:00,52.4333,52.6,51.9667,52.0,6879
2025-08-17,11:00:00,52.0333,52.3,52.0,52.0667,8886
2025-08-17,12:00:00,52.0667,52.0667,51.8667,52.0,3393
2025-08-17,13:00:00,52.1,52.3333,52.0333,52.2,4080
2025-08-17,14:00:00,52.3,52.5,52.1333,52.5,11184
2025-08-17,15:00:00,52.5,52.6,52.4333,52.4333,6309
2025-08-18,10:00:00,52.2,52.2667,52.1,52.2667,1995
2025-08-18,11:00:00,52.2,52.2,51.6667,51.9667,8955
2025-08-18,12:00:00,51.7667,51.9667,51.6333,51.6333,6120
2025-08-18,13:00:00,51.6,51.7,51.4,51.6,8454
2025-08-18,14:00:00,51.6667,51.7667,51.5667,51.6667,8805
2025-08-18,15:00:00,51.6667,51.7,51.5,51.5,4998
2025-08-19,10:00:00,51.7667,52.2,51.5,51.5,4164
2025-08-19,11:00:00,51.5,51.8333,51.5,51.8333,3198
2025-08-19,12:00:00,51.8333,52.1333,51.8333,52.0667,3780
2025-08-19,13:00:00,52.0,52.0,51.7333,51.7333,6084
2025-08-19,14:00:00,51.7333,52.1,51.7,51.9667,8214
2025-08-19,15:00:00,51.9,51.9,51.9,51.9,1998
2025-08-20,10:00:00,52.8,53.1333,51.9,52.4333,38538
2025-08-20,11:00:00,52.2667,52.6,52.2,52.4,22269
2025-08-20,12:00:00,52.3667,52.5,52.3667,52.4,6510
2025-08-20,13:00:00,52.4,52.6667,52.3667,52.5333,12906
2025-08-20,14:00:00,52.5667,52.9333,52.5333,52.9333,34167
2025-08-21,10:00:00,52.6,52.9667,52.6,52.8667,4140
2025-08-21,11:00:00,52.7,52.9,52.7,52.8,2454
2025-08-21,12:00:00,52.9,52.9,52.5333,52.5333,5871
2025-08-21,13:00:00,52.5,52.6,52.3,52.3667,15384
2025-08-21,14:00:00,52.3,52.5667,52.3,52.5333,7068
2025-08-21,15:00:00,52.5333,52.6667,52.5333,52.6,891
2025-08-24,10:00:00,52.8,53.1333,52.7333,53.0333,3570
2025-08-24,11:00:00,53.0,53.2667,52.8333,53.0667,17520
2025-08-24,12:00:00,53.1667,53.6667,53.0,53.4333,21489
2025-08-24,13:00:00,53.4333,53.4667,53.1333,53.2333,16506
2025-08-24,14:00:00,53.3333,53.4667,53.1667,53.2,11364
2025-08-24,15:00:00,53.2,53.3333,53.1667,53.3333,16998
2025-08-25,10:00:00,53.4333,53.5,53.2,53.2333,9264
2025-08-25,11:00:00,53.2,53.2333,52.8,52.8,8202
2025-08-25,12:00:00,52.8667,52.9333,52.6667,52.6667,8028
2025-08-25,13:00:00,52.6,52.7667,52.3667,52.4333,7239
2025-08-25,14:00:00,52.4333,52.5,52.3,52.4667,8154
2025-08-25,15:00:00,52.5,52.5,52.5,52.5,879
2025-08-26,10:00:00,53.0,53.0,52.2333,52.3,37848
2025-08-26,11:00:00,52.3,52.3,52.0,52.0333,7071
2025-08-26,12:00:00,52.0,52.2333,52.0,52.2,1950
2025-08-26,13:00:00,52.3,52.4,52.1667,52.3333,8229
2025-08-26,14:00:00,52.2,52.6667,52.2,52.3333,17190
2025-08-27,10:00:00,52.8,52.8,52.6333,52.7667,1593
2025-08-27,11:00:00,52.7333,52.8333,52.6,52.8333,5778
2025-08-27,12:00:00,52.7,52.7,52.6333,52.6667,2919
2025-08-27,13:00:00,52.6667,52.7667,52.5,52.6,3774
2025-08-27,14:00:00,52.5,52.5333,52.4,52.5333,1755
2025-08-27,15:00:00,52.4,52.5,52.3333,52.3667,1905
2025-08-28,10:00:00,52.4,52.8,52.0,52.7667,10740
2025-08-28,11:00:00,52.5667,52.7667,52.5667,52.6,732
2025-08-28,12:00:00,52.6,52.6333,52.4667,52.4667,630
2025-08-28,13:00:00,52.4667,52.5,52.3667,52.4,2208
2025-08-28,14:00:00,52.5,52.5333,52.4,52.4,4350
2025-08-31,10:00:00,51.2667,52.0667,50.7667,51.9667,8730
2025-08-31,11:00:00,52.0,52.0,51.5333,51.5333,4968
2025-08-31,12:00:00,51.6,51.8333,51.4333,51.4667,5271
2025-08-31,13:00:00,51.4667,51.5333,51.0667,51.1667,9777
2025-08-31,14:00:00,51.1,51.5667,51.1,51.3333,14556
2025-08-31,15:00:00,51.3333,51.5667,51.2667,51.2667,4869
2025-09-01,10:00:00,50.5333,51.3333,50.1333,51.1667,16302
2025-09-01,11:00:00,51.1,51.1,50.6333,50.6667,29448
2025-09-01,12:00:00,50.6667,50.8,50.6,50.8,13803
2025-09-01,13:00:00,50.8,50.8,50.5333,50.6333,25413
2025-09-01,14:00:00,50.6667,50.6667,50.4333,50.4667,11538
2025-09-01,15:00:00,50.6333,50.6667,50.5,50.5333,5493
2025-09-02,10:00:00,49.6667,50.1667,49.3667,49.8,14007
2025-09-02,11:00:00,49.7667,49.8333,49.5667,49.6,13191
2025-09-02,12:00:00,49.6667,49.6667,49.2667,49.3333,28497
2025-09-02,13:00:00,49.3333,49.7,49.2,49.5667,24303
2025-09-02,14:00:00,49.5333,49.8333,49.5,49.8,8370
2025-09-02,15:00:00,49.9,49.9333,49.6667,49.6667,1938
2025-09-03,10:00:00,49.6,49.7,49.5,49.5333,7236
2025-09-03,11:00:00,49.6,50.0,49.5,49.7333,19395
2025-09-03,12:00:00,49.6667,49.7333,49.4667,49.6667,14436
2025-09-03,13:00:00,49.5,49.6667,49.5,49.5667,5268
2025-09-03,14:00:00,49.6,49.6,49.0667,49.4667,16185
2025-09-03,15:00:00,49.3333,49.5333,49.3333,49.5,4539
2025-09-04,10:00:00,49.4333,49.6333,49.4333,49.5,8724
2025-09-04,11:00:00,49.5,49.5,49.0,49.0,14622
2025-09-04,12:00:00,49.0333,49.4,49.0333,49.4,15387
2025-09-04,13:00:00,49.3333,49.3667,49.2,49.3333,10497
2025-09-04,14:00:00,49.3333,49.3333,49.2,49.3,11976
2025-09-04,15:00:00,49.3333,49.3333,49.3333,49.3333,6201
2025-09-07,10:00:00,49.6,49.6,49.1333,49.1333,8466
2025-09-07,11:00:00,49.1333,49.1333,48.9333,48.9667,20781
2025-09-07,12:00:00,49.1,49.1,48.8,49.0,7530
2025-09-07,13:00:00,48.9,49.0667,48.8667,48.9667,3492
2025-09-07,14:00:00,48.9667,48.9667,48.8333,48.9,4695
2025-09-07,15:00:00,48.9,48.9,48.9,48.9,585
2025-09-08,10:00:00,48.9,49.1,48.9,49.0,11205
2025-09-08,11:00:00,49.0333,49.0333,48.7333,48.7333,7338
2025-09-08,12:00:00,48.7,48.7,48.6,48.6333,11301
2025-09-08,13:00:00,48.6,48.6667,48.4667,48.5667,6090
2025-09-08,14:00:00,48.5333,48.6667,48.5333,48.6667,4101
2025-09-08,15:00:00,48.6667,48.6667,48.6667,48.6667,3633
2025-09-09,10:00:00,48.6667,48.9667,48.0,48.6,38751
2025-09-09,11:00:00,48.6333,48.7667,48.2,48.3,7458
2025-09-09,12:00:00,48.3,48.4,48.2667,48.3333,7110
2025-09-09,13:00:00,48.3333,48.5333,48.2667,48.2667,18903
2025-09-09,14:00:00,48.3333,48.5333,48.3,48.3333,49914
2025-09-09,15:00:00,48.2667,48.2667,48.2667,48.2667,9216
2025-09-10,10:00:00,49.0667,49.0667,47.8,48.0,24675
2025-09-10,11:00:00,48.0,48.1,47.8667,47.9333,14799
2025-09-10,12:00:00,47.9333,48.1333,47.8667,48.0,10416
2025-09-10,13:00:00,48.1,48.1,47.9,47.9333,4926
2025-09-10,14:00:00,47.9667,48.0,47.9,47.9,8025
2025-09-10,15:00:00,48.0,48.0,48.0,48.0,240
2025-09-11,10:00:00,48.3333,48.8333,47.6667,47.9667,75336
2025-09-11,11:00:00,47.9333,48.0,47.8333,47.8333,747
2025-09-11,12:00:00,47.9,47.9667,47.8667,47.9,4842
2025-09-11,13:00:00,47.9333,47.9667,47.8333,47.9,5355
2025-09-11,14:00:00,47.9,48.2333,47.8667,48.0333,58065
2025-09-14,10:00:00,49.4,50.5333,48.0,48.0,55185
2025-09-14,11:00:00,48.0,48.2333,47.8667,48.0333,22341
2025-09-14,12:00:00,48.0667,48.6,48.0,48.3667,58680
2025-09-14,13:00:00,48.3667,49.3333,48.3333,49.3,167952
2025-09-14,14:00:00,49.2667,50.7667,49.2,49.8333,214974
2025-09-14,15:00:00,49.8,49.8333,49.4,49.4,31353
2025-09-15,10:00:00,52.0,53.3,50.0333,50.5667,45390
2025-09-15,11:00:00,50.5333,51.5667,50.3667,51.5667,61344
2025-09-15,12:00:00,51.5667,51.7333,51.0,51.2,46245
2025-09-15,13:00:00,51.1667,51.2667,50.8667,50.9333,11160
2025-09-15,14:00:00,50.9333,52.6667,50.8,52.1,76317
2025-09-15,15:00:00,52.0667,52.2333,52.0,52.0,22953
2025-09-16,10:00:00,53.3333,53.6667,52.3333,52.9,63633
2025-09-16,11:00:00,52.9,53.3667,52.6667,52.9667,25377
2025-09-16,12:00:00,52.9333,53.3333,52.9333,53.1667,9705
2025-09-16,13:00:00,53.1,53.3,53.0,53.1667,10983
2025-09-16,14:00:00,53.2667,53.6,53.0333,53.4333,33753
2025-09-16,15:00:00,53.3333,53.6667,53.2667,53.3333,22725
2025-09-17,10:00:00,53.3333,53.5,52.7333,53.0,34791
2025-09-17,11:00:00,53.1333,53.1333,52.7,52.8,7431
2025-09-17,12:00:00,52.8,53.2667,52.7,53.1,6222
2025-09-17,13:00:00,53.1,53.4667,53.0667,53.1333,18228
2025-09-17,14:00:00,53.0,53.6667,52.9667,53.4667,28554
2025-09-17,15:00:00,53.4667,53.4667,53.0667,53.3333,15336
2025-09-18,10:00:00,53.1667,53.3667,52.8,53.2333,7083
2025-09-18,11:00:00,53.2333,53.3333,52.9333,53.0667,5265
2025-09-18,12:00:00,53.0667,53.3333,52.9,53.3,16386
2025-09-18,13:00:00,53.1667,53.3,52.7333,53.0333,42816
2025-09-18,14:00:00,53.0333,53.3333,52.9667,53.2667,20181
2025-09-18,15:00:00,53.2667,53.3667,53.1,53.1667,32595
2025-09-21,10:00:00,53.0,53.0,52.4667,52.9,7425
2025-09-21,11:00:00,52.8,52.9333,52.7333,52.9333,7860
2025-09-21,12:00:00,52.9333,53.2333,52.9333,53.1667,24168
2025-09-21,13:00:00,53.1667,53.6667,53.1333,53.2667,21366
2025-09-21,14:00:00,53.1667,53.2667,53.0,53.1333,14115
2025-09-21,15:00:00,53.0667,53.1333,53.0,53.0,6906
2025-09-22,10:00:00,52.9333,52.9333,52.8667,52.9333,537
2025-09-22,11:00:00,52.8667,53.0,52.6333,52.8,13524
2025-09-22,12:00:00,52.8,52.8333,52.6333,52.6333,3294
2025-09-22,13:00:00,52.6667,52.9333,52.6333,52.6333,1935
2025-09-22,14:00:00,52.6333,52.6333,52.3667,52.4667,8259
2025-09-22,15:00:00,52.4667,52.5,52.2333,52.2667,11253
2025-09-24,10:00:00,52.2667,53.6667,52.2667,53.3,53985
2025-09-24,11:00:00,53.3,53.3,53.0333,53.3,16449
2025-09-24,12:00:00,53.2333,54.0,53.1333,53.9,49191
2025-09-24,13:00:00,53.8333,54.0,53.5,53.5,10947
2025-09-24,14:00:00,53.5667,53.7333,53.4667,53.7,16443
2025-09-24,15:00:00,53.7,53.7,53.7,53.7,669
2025-09-25,10:00:00,53.9667,54.0667,53.2333,53.3,40263
2025-09-25,11:00:00,53.3667,53.7,53.0667,53.2,31035
2025-09-25,12:00:00,53.1667,53.1667,52.8,52.9667,30081
2025-09-25,13:00:00,52.9667,53.1333,52.8333,53.0,12339
2025-09-25,14:00:00,52.9333,53.9667,52.9333,53.5,44097
2025-09-25,15:00:00,53.5,53.5,53.5,53.5,864
2025-09-28,10:00:00,53.6667,53.6667,53.0667,53.0667,5238
2025-09-28,11:00:00,53.1333,53.5,53.1333,53.5,10827
2025-09-28,12:00:00,53.6333,53.6333,53.3333,53.4667,2364
2025-09-28,13:00:00,53.4,53.6667,53.3333,53.5,2391
2025-09-28,14:00:00,53.5333,53.6667,53.4,53.6667,2580
2025-09-29,10:00:00,53.7667,53.7667,53.4,53.4667,32118
2025-09-29,11:00:00,53.4667,53.6,53.1667,53.2,8793
2025-09-29,12:00:00,53.2667,53.6333,53.2667,53.5,2403
2025-09-29,13:00:00,53.4667,53.8,53.4667,53.5,23778
2025-09-29,14:00:00,53.5,53.8,53.4667,53.7333,13197
2025-09-29,15:00:00,53.7333,53.7667,53.6333,53.7667,5739
2025-09-30,10:00:00,53.6667,54.0667,53.6,54.0667,15027
2025-09-30,11:00:00,54.1667,54.4667,53.7667,54.3333,57882
2025-09-30,12:00:00,54.3333,54.3667,53.8333,53.9,30321
2025-09-30,13:00:00,53.9333,54.5,53.8333,53.9333,61800
2025-09-30,14:00:00,53.8333,54.0,53.4333,53.4333,33759
2025-09-30,15:00:00,53.4333,53.6667,53.3333,53.3333,18606
2025-10-01,10:00:00,53.1667,53.6333,53.0,53.5333,39618
2025-10-01,11:00:00,53.5667,53.8667,53.5333,53.7333,5406
2025-10-01,12:00:00,53.7333,53.8,53.3333,53.6,18729
2025-10-01,13:00:00,53.6333,53.9667,53.6333,53.7333,16338
2025-10-01,14:00:00,53.7333,54.0,53.6667,53.8667,13380
2025-10-01,15:00:00,53.8333,53.8333,53.8333,53.8333,2157
2025-10-02,10:00:00,53.3333,54.1667,53.3333,53.5667,46290
2025-10-02,11:00:00,53.7,53.8333,53.5,53.8333,12618
2025-10-02,12:00:00,53.9333,53.9333,53.5667,53.6667,9666
2025-10-02,13:00:00,53.8,53.8,53.5667,53.5667,4596
2025-10-02,14:00:00,53.5667,53.6667,53.2667,53.3,12000
2025-10-05,10:00:00,53.6667,54.1667,53.4667,53.9,14058
2025-10-05,11:00:00,53.9333,54.3333,53.9333,53.9333,40560
2025-10-05,12:00:00,54.0,54.0667,53.8333,53.8333,12723
2025-10-05,13:00:00,53.8333,53.9,53.6667,53.7667,10194
2025-10-05,14:00:00,53.7333,53.9667,53.6667,53.6667,10896
2025-10-05,15:00:00,53.7333,53.7333,53.6,53.6667,9492
2025-10-06,10:00:00,53.8667,54.5,53.8333,54.3,45405
2025-10-06,11:00:00,54.2,54.3,53.8333,53.8333,25962
2025-10-06,12:00:00,53.9667,54.2667,53.9333,53.9333,16176
2025-10-06,13:00:00,54.0667,54.0667,53.5333,53.8,20733
2025-10-06,14:00:00,53.8,54.0,53.6667,53.6667,17868
2025-10-06,15:00:00,53.7667,53.7667,53.5333,53.6667,8487
2025-10-07,10:00:00,56.6667,57.9667,56.5,57.4333,583986
2025-10-07,11:00:00,57.5667,58.0,57.3333,57.3667,147951
2025-10-07,12:00:00,57.4,58.9667,57.3,58.8333,362013
2025-10-07,13:00:00,58.8333,59.0333,58.1,58.8333,884649
2025-10-07,14:00:00,58.9667,59.0333,57.6667,58.0667,257178
2025-10-07,15:00:00,58.0667,58.0667,58.0667,58.0667,10029
2025-10-08,10:00:00,57.6667,59.6333,57.6667,59.0333,265524
2025-10-08,11:00:00,59.0333,59.5,58.6667,59.2,103149
2025-10-08,12:00:00,59.3,59.3333,58.3333,58.8,60399
2025-10-08,13:00:00,58.8,59.0667,58.3,58.7667,74067
2025-10-08,14:00:00,58.8,58.9333,58.6333,58.6667,74196
2025-10-08,15:00:00,58.7,58.7,58.7,58.7,4425
2025-10-09,10:00:00,58.4,58.8333,58.1667,58.6667,40071
2025-10-09,11:00:00,58.5,58.6,58.1,58.1333,28428
2025-10-09,12:00:00,58.1333,58.5333,57.7333,58.5333,38286
2025-10-09,13:00:00,58.4667,58.6,57.9333,58.0333,27918
2025-10-09,14:00:00,58.2,58.3333,57.9,58.1667,82269
2025-10-09,15:00:00,57.8667,57.8667,57.8667,57.8667,1224
2025-10-12,10:00:00,56.6667,57.5333,55.3333,57.3,67767
2025-10-12,11:00:00,57.2667,57.6,57.2667,57.6,6060
2025-10-12,12:00:00,57.5,57.5333,57.3667,57.3667,5505
2025-10-12,13:00:00,57.3667,57.6667,57.2,57.5333,25854
2025-10-12,14:00:00,57.6,57.6333,57.2667,57.3333,60681
2025-10-12,15:00:00,57.3667,57.3667,57.3667,57.3667,1455
2025-10-13,10:00:00,57.3333,58.4667,57.3333,58.3333,33249
2025-10-13,11:00:00,58.3333,58.4333,57.1,57.3667,84579
2025-10-13,12:00:00,57.4667,57.7,57.2667,57.3333,62358
2025-10-13,13:00:00,57.4,57.5,57.1667,57.4,33162
2025-10-13,14:00:00,57.4,57.8333,57.3,57.5333,38292
2025-10-14,10:00:00,57.2667,57.6667,56.9,57.5667,53532
2025-10-14,11:00:00,57.5667,57.7333,57.4333,57.6333,8742
2025-10-14,12:00:00,57.6333,57.6333,57.3333,57.3333,3594
2025-10-14,13:00:00,57.3667,57.6,57.3333,57.4,3933
2025-10-14,14:00:00,57.3667,57.4,57.2,57.3,15462
2025-10-14,15:00:00,57.2667,57.3667,57.2667,57.2667,4302
2025-10-15,10:00:00,57.3667,57.5,57.0667,57.3333,12126
2025-10-15,11:00:00,57.3333,57.4,57.1333,57.3,7761
2025-10-15,12:00:00,57.3333,57.5333,57.2667,57.3,7377
2025-10-15,13:00:00,57.4,57.4,57.2,57.2667,10533
2025-10-15,14:00:00,57.3,57.3333,57.2,57.3333,11139
2025-10-15,15:00:00,57.3,57.3667,57.2333,57.3667,8073
2025-10-16,10:00:00,57.0333,57.3667,56.7667,57.3667,7515
2025-10-16,11:00:00,57.3333,57.3333,56.6667,56.9,31200
2025-10-16,12:00:00,56.9,57.0,56.8,57.0,3054
2025-10-16,13:00:00,56.9,57.0,56.6333,56.8333,11808
2025-10-16,14:00:00,56.9333,57.2333,56.8333,57.0667,23685
2025-10-16,15:00:00,57.0667,57.1333,57.0333,57.0333,4674
2025-10-19,10:00:00,57.2,57.2333,56.7667,56.9,5940
2025-10-19,11:00:00,56.9,57.3333,56.7,56.9,33357
2025-10-19,12:00:00,56.9,57.0,56.8,56.8,6183
2025-10-19,13:00:00,56.8667,57.1333,56.7667,57.0,20949
2025-10-19,14:00:00,56.9667,57.0667,56.8333,56.9,7566
2025-10-19,15:00:00,56.9,57.0667,56.8667,56.9,6543
2025-10-20,10:00:00,56.1667,57.1667,55.6667,57.1667,49986
2025-10-20,11:00:00,57.1667,57.1667,56.0667,56.2,38433
2025-10-20,12:00:00,56.2,56.4667,56.0333,56.2667,28110
2025-10-20,13:00:00,56.3333,56.3333,55.3333,56.1667,90405
2025-10-20,14:00:00,56.1,56.1333,55.8333,55.9333,16638
2025-10-21,10:00:00,55.2333,55.8667,55.1667,55.5667,12567
2025-10-21,11:00:00,55.5667,55.6,55.2667,55.4667,7311
2025-10-21,12:00:00,55.4667,55.5,55.1667,55.2667,7386
2025-10-21,13:00:00,55.2667,55.3667,55.2,55.3,5895
2025-10-21,14:00:00,55.3667,55.6333,55.1333,55.2667,22209
2025-10-21,15:00:00,55.2333,55.3667,55.1667,55.2333,9879
2025-10-22,10:00:00,55.3,55.3333,55.1667,55.2333,1347
2025-10-22,11:00:00,55.2,55.3333,54.9333,55.0333,13554
2025-10-22,12:00:00,55.1667,55.5,55.1667,55.1667,9702
2025-10-22,13:00:00,55.2333,55.3667,55.1667,55.2,2115
2025-10-22,14:00:00,55.2,55.3333,54.9333,55.2333,7779
2025-10-22,15:00:00,55.2333,55.3333,55.0,55.0,4611
2025-10-23,10:00:00,55.0,55.5333,55.0,55.3,8364
2025-10-23,11:00:00,55.4,55.8333,55.3667,55.6667,26616
2025-10-23,12:00:00,55.6333,56.3667,55.5,56.3,43842
2025-10-23,13:00:00,56.3,56.5,56.2,56.2,17076
2025-10-23,14:00:00,56.2,56.3,56.0667,56.1667,12141
2025-10-23,15:00:00,56.2667,56.2667,56.2667,56.2667,633
2025-10-26,10:00:00,56.2667,56.6333,56.2,56.6,9369
2025-10-26,11:00:00,56.5333,56.9,56.5333,56.8667,13437
2025-10-26,12:00:00,56.9,56.9,56.6333,56.8,18921
2025-10-26,13:00:00,56.7,56.8333,56.6,56.6667,19941
2025-10-26,14:00:00,56.6667,56.7667,56.6,56.7333,8472
2025-10-26,15:00:00,56.8667,56.8667,56.8667,56.8667,1296
2025-10-27,10:00:00,56.5667,56.7667,56.5333,56.6667,6885
2025-10-27,11:00:00,56.6667,56.7,56.5,56.5667,10338
2025-10-27,12:00:00,56.5333,56.7,56.4333,56.5,43179
2025-10-27,13:00:00,56.5,56.5667,56.3333,56.3333,58500
2025-10-27,14:00:00,56.3667,56.4333,56.1333,56.3,43359
2025-10-27,15:00:00,56.3,56.3,56.3,56.3,82314
2025-10-28,10:00:00,56.6,56.8,56.2333,56.5,15810
2025-10-28,11:00:00,56.5,56.5,56.2667,56.3333,20694
2025-10-28,12:00:00,56.3333,56.3667,56.0,56.3667,28527
2025-10-28,13:00:00,56.4,56.4,56.2,56.3667,8475
2025-10-28,14:00:00,56.4,56.7333,56.2667,56.6,11646
2025-10-28,15:00:00,56.7333,56.7333,56.7333,56.7333,1821
2025-10-29,10:00:00,56.8,56.8,56.5,56.7333,3027
2025-10-29,11:00:00,56.7,57.5,56.7,57.4,56187
2025-10-29,12:00:00,57.4333,57.6667,57.1333,57.3333,24288
2025-10-29,13:00:00,57.3333,57.3333,56.8333,57.1667,30189
2025-10-29,14:00:00,57.1667,57.3333,57.0333,57.2667,48786
2025-10-29,15:00:00,57.6,57.6,57.6,57.6,40548
2025-10-30,10:00:00,57.3333,58.0333,56.9667,57.9,36513
2025-10-30,11:00:00,57.8667,58.3,57.6667,57.7,54981
2025-10-30,12:00:00,57.7,57.7,57.2333,57.3333,13152
2025-10-30,13:00:00,57.2333,57.3333,56.6667,57.0,28164
2025-10-30,14:00:00,57.0,57.0,56.7,56.9667,39702
2025-10-30,15:00:00,57.1333,57.1333,57.1333,57.1333,2688
2025-11-02,10:00:00,56.3333,56.7667,56.3333,56.5333,15723
2025-11-02,11:00:00,56.5667,57.1,56.5667,57.0,18525
2025-11-02,12:00:00,57.0,57.4,57.0,57.3333,11061
2025-11-02,13:00:00,57.3333,57.6667,57.2333,57.4333,42852
2025-11-02,14:00:00,57.4333,58.2333,57.3667,58.1,138768
2025-11-02,15:00:00,57.8,57.8,57.8,57.8,4080
2025-11-03,10:00:00,57.4667,57.5,57.2,57.2333,12111
2025-11-03,11:00:00,57.2,57.2333,56.9333,57.1667,8940
2025-11-03,12:00:00,57.1667,57.6,57.1667,57.4667,33501
2025-11-03,13:00:00,57.4667,58.3333,57.3667,57.7333,33105
2025-11-03,14:00:00,57.7667,58.2333,57.7667,58.1,77259
2025-11-03,15:00:00,58.1,58.1,58.1,58.1,2352
2025-11-04,10:00:00,58.0,58.1,57.4667,57.7333,10998
2025-11-04,11:00:00,57.7,57.7667,57.4,57.6333,2955
2025-11-04,12:00:00,57.6333,57.6333,57.0,57.3,23841
2025-11-04,13:00:00,57.2667,57.9,57.2667,57.4333,17154
2025-11-04,14:00:00,57.4333,57.7333,57.4333,57.5667,16113
2025-11-04,15:00:00,57.4333,57.4333,57.4333,57.4333,588
2025-11-05,10:00:00,57.3333,57.3667,56.8,56.8667,17697
2025-11-05,11:00:00,56.9,56.9,56.6667,56.8,6243
2025-11-05,12:00:00,56.8,56.9667,56.5333,56.5333,8814
2025-11-05,13:00:00,56.5333,56.7333,56.4333,56.4333,15990
2025-11-05,14:00:00,56.5,56.5333,56.0333,56.4,22791
2025-11-05,15:00:00,56.2667,56.2667,56.2667,56.2667,438
2025-11-06,10:00:00,57.0,57.0,56.1333,56.4333,15354
2025-11-06,11:00:00,56.4,57.7333,56.4,57.2,42366
2025-11-06,12:00:00,57.2,57.3333,56.7667,56.8667,14007
2025-11-06,13:00:00,56.9333,56.9333,56.6,56.6667,3108
2025-11-06,14:00:00,56.6667,57.3333,56.6667,56.7333,26523
2025-11-09,10:00:00,55.7,56.4667,55.4,56.0,16872
2025-11-09,11:00:00,56.0667,56.4,55.9667,56.1333,30261
2025-11-09,12:00:00,55.9667,55.9667,55.1333,55.1333,67938
2025-11-09,13:00:00,55.2667,56.0,55.1333,55.9667,7203
2025-11-09,14:00:00,55.9667,56.2333,55.6667,55.8667,19938
2025-11-09,15:00:00,55.8,55.9667,55.7,55.7,5052
2025-11-10,10:00:00,54.6,55.9333,54.2667,55.9,18042
2025-11-10,11:00:00,55.9333,56.1,55.3333,55.4,273291
2025-11-10,12:00:00,55.4,55.4667,54.6667,55.2,104823
2025-11-10,13:00:00,55.3,55.3,54.6,54.6,244770
2025-11-10,14:00:00,54.6,55.4,54.5,54.6667,284373
2025-11-10,15:00:00,54.6667,54.7,54.3667,54.6,26871
2025-11-11,10:00:00,54.6667,54.9333,54.2667,54.5333,25233
2025-11-11,11:00:00,54.4333,54.5333,54.2667,54.3333,10332
2025-11-11,12:00:00,54.3667,54.5333,54.2,54.2667,20928
2025-11-11,13:00:00,54.3667,54.6667,53.8333,54.0667,139464
2025-11-11,14:00:00,54.1,54.3333,53.5,54.3333,106401
2025-11-11,15:00:00,54.3333,54.8,54.2667,54.6667,17940
2025-11-12,10:00:00,54.9333,55.1333,54.3333,55.0667,30297
2025-11-12,11:00:00,55.0,55.4,54.9,55.2667,24666
2025-11-12,12:00:00,55.3333,55.6667,55.2333,55.5,20937
2025-11-12,13:00:00,55.4333,55.5,55.2333,55.2333,6381
2025-11-12,14:00:00,55.3667,55.3667,55.1667,55.1667,3234
2025-11-12,15:00:00,55.1667,55.2333,54.9333,54.9333,1410
2025-11-13,10:00:00,55.0,55.0,54.9,54.9,1680
2025-11-13,11:00:00,54.9333,54.9333,54.8333,54.9333,1701
2025-11-13,12:00:00,55.0667,55.0667,54.8,54.8333,2955
2025-11-13,13:00:00,54.8,54.8,54.4333,54.5333,5277
2025-11-13,14:00:00,54.5667,54.8667,54.3333,54.6667,8658
2025-11-13,15:00:00,54.7667,54.8667,54.6333,54.8667,5379
2025-11-16,10:00:00,54.0,54.3,53.9333,53.9667,11160
2025-11-16,11:00:00,53.9667,54.0667,53.8,53.8667,624
2025-11-16,12:00:00,53.8667,54.2667,53.7333,54.2,5553
2025-11-16,13:00:00,54.1333,54.2,53.9667,53.9667,1953
2025-11-16,14:00:00,54.0,54.0,53.7667,53.8333,8700
2025-11-16,15:00:00,53.8333,53.8333,53.8333,53.8333,333
2025-11-17,10:00:00,53.8333,54.1,53.5667,53.6333,4794
2025-11-17,11:00:00,53.6667,53.6667,53.2,53.3333,7419
2025-11-17,12:00:00,53.3333,53.3333,53.1333,53.2,2910
2025-11-17,13:00:00,53.1667,53.1667,52.5333,52.6667,27906
2025-11-17,14:00:00,52.7333,52.7333,52.0667,52.3333,65502
2025-11-17,15:00:00,52.3333,52.3333,52.3333,52.3333,1113
2025-11-18,10:00:00,52.5667,53.3333,52.1333,52.4333,6684
2025-11-18,11:00:00,52.4667,52.8333,52.4,52.7667,4365
2025-11-18,12:00:00,52.7667,52.9333,52.7667,52.9,1584
2025-11-18,13:00:00,52.9,52.9,52.6667,52.8333,4566
2025-11-18,14:00:00,52.8333,52.9333,52.6667,52.7,3666
2025-11-19,10:00:00,52.9,52.9333,52.4333,52.8,7614
2025-11-19,11:00:00,52.7,52.8333,52.4333,52.7333,5121
2025-11-19,12:00:00,52.6333,52.8,52.4667,52.6667,4233
2025-11-19,13:00:00,52.6667,52.8333,52.4667,52.6333,9036
2025-11-19,14:00:00,52.6333,52.6333,52.4,52.5,3771
2025-11-19,15:00:00,52.5333,52.5667,52.3333,52.5667,10407
2025-11-20,10:00:00,52.6,53.0333,52.4,53.0,13845
2025-11-20,11:00:00,52.9667,53.0,52.3667,52.6,11220
2025-11-20,12:00:00,52.6667,52.7333,52.4667,52.5333,7398
2025-11-20,13:00:00,52.5333,52.7667,52.5333,52.6333,8898
2025-11-20,14:00:00,52.7,52.7,52.6,52.6667,3810
2025-11-23,10:00:00,52.8,52.8,52.5,52.5,1095
2025-11-23,11:00:00,52.5667,52.5667,52.4,52.4,2175
2025-11-23,12:00:00,52.4,52.5,52.2,52.2,9312
2025-11-23,13:00:00,52.2,52.3,52.1,52.2333,423
2025-11-23,14:00:00,52.2333,52.2667,52.0,52.2333,10848
2025-11-23,15:00:00,52.2333,52.7667,52.2333,52.7667,2214
2025-11-24,10:00:00,52.6667,52.7333,52.0333,52.3667,12891
2025-11-24,11:00:00,52.5,52.5,52.0667,52.4,5400
2025-11-24,12:00:00,52.3333,52.5,52.1333,52.1333,5991
2025-11-24,13:00:00,52.1333,52.2667,52.1333,52.2,2109
2025-11-24,14:00:00,52.2667,52.2667,52.0333,52.1,4074
2025-11-24,15:00:00,52.4333,52.4333,52.4333,52.4333,23472
2025-11-25,10:00:00,52.6667,52.6667,51.8667,51.9333,7326
2025-11-25,11:00:00,51.9333,52.0667,51.5667,51.5667,7089
2025-11-25,12:00:00,51.5333,51.6333,51.1667,51.3,16428
2025-11-25,13:00:00,51.3,51.5,51.2,51.3333,9522
2025-11-25,14:00:00,51.3,51.3333,50.6667,50.9667,49938
2025-11-25,15:00:00,50.9,50.9,50.9,50.9,3927
2025-11-26,10:00:00,50.8333,51.0,50.5333,50.8333,9621
2025-11-26,11:00:00,50.8333,51.2,50.6667,51.1,7191
2025-11-26,12:00:00,51.1667,51.6,51.0333,51.3333,14169
2025-11-26,13:00:00,51.3333,51.4667,51.1667,51.3,7182
2025-11-26,14:00:00,51.3333,51.9333,51.3,51.9,19605
2025-11-26,15:00:00,52.3,52.3,52.3,52.3,2313
2025-11-27,10:00:00,52.3333,52.4333,51.7333,51.7333,13638
2025-11-27,11:00:00,51.8333,52.3333,51.0333,51.8333,50616
2025-11-27,12:00:00,51.8333,51.9333,51.4333,51.6333,3828
2025-11-27,13:00:00,51.6,52.4667,51.5667,52.4667,20292
2025-11-27,14:00:00,52.4667,52.6333,51.7,52.0,29991
2025-11-27,15:00:00,52.1,52.1,52.1,52.1,432
2025-11-30,10:00:00,52.3,52.3333,51.6667,51.9667,4512
2025-11-30,11:00:00,52.0333,52.0333,51.6667,51.7333,1695
2025-11-30,12:00:00,51.5333,51.7333,51.5333,51.7333,2007
2025-11-30,13:00:00,51.6,51.9333,51.5333,51.8333,3972
2025-11-30,14:00:00,51.8,52.0333,51.6667,52.0333,3837
2025-12-01,10:00:00,52.1333,52.2,51.7333,51.8333,1257
2025-12-01,11:00:00,51.8667,52.0667,51.7667,52.0667,6897
2025-12-01,12:00:00,52.0,52.4,51.9667,52.4,6753
2025-12-01,13:00:00,52.3333,52.4,52.1333,52.3,5391
2025-12-01,14:00:00,52.3333,52.5333,52.0,52.4333,29283
2025-12-01,15:00:00,52.4667,52.5,52.1,52.1,7368
2025-12-02,10:00:00,52.8667,55.3,52.0,53.2,82842
2025-12-02,11:00:00,53.1,53.7333,52.9333,53.0333,33930
2025-12-02,12:00:00,53.1667,53.1667,52.7333,53.0,4998
2025-12-02,13:00:00,53.0,53.1667,52.5333,52.5333,8157
2025-12-02,14:00:00,52.6667,52.7667,52.5667,52.6667,4791
2025-12-03,10:00:00,51.3333,52.8333,51.3333,52.1,23193
2025-12-03,11:00:00,52.3,52.3,51.6,51.6667,27486
2025-12-03,12:00:00,51.7,51.9333,51.3333,51.3667,39819
2025-12-03,13:00:00,51.3667,51.6667,51.3333,51.6667,15843
2025-12-03,14:00:00,51.6333,51.7,51.4,51.6667,13584
2025-12-03,15:00:00,51.7333,51.7333,51.3333,51.3333,7641
2025-12-04,10:00:00,53.0667,53.0667,52.1,52.4667,12321
2025-12-04,11:00:00,52.4667,52.6,52.3667,52.4667,20484
2025-12-04,12:00:00,52.4333,52.6667,52.4,52.6333,8700
2025-12-04,13:00:00,52.6,52.7,52.1667,52.2667,14517
2025-12-04,14:00:00,52.2667,52.7,52.2,52.4667,22539
2025-12-04,15:00:00,52.4333,53.1333,52.4333,53.0667,38841
2025-12-07,10:00:00,52.9667,53.1,52.3333,52.9667,6810
2025-12-07,11:00:00,52.9,52.9667,52.3667,52.5667,6555
2025-12-07,12:00:00,52.4,52.6,52.3333,52.4,5691
2025-12-07,13:00:00,52.4333,53.0667,52.3667,53.0667,13635
2025-12-07,14:00:00,53.0667,53.3333,52.8667,53.0,14082
2025-12-07,15:00:00,52.9,52.9667,52.9,52.9667,825
2025-12-08,10:00:00,52.5,52.7333,52.3,52.5,2382
2025-12-08,11:00:00,52.6,52.6,52.1,52.4667,6699
2025-12-08,12:00:00,52.4,53.0,52.4,52.9,6621
2025-12-08,13:00:00,52.7667,52.7667,52.5,52.5,3087
2025-12-08,14:00:00,52.5333,52.6667,52.5,52.6667,1953
2025-12-08,15:00:00,52.6667,52.7333,52.3333,52.3333,7227
2025-12-09,10:00:00,52.7,53.2,52.3333,52.9,15726
2025-12-09,11:00:00,52.8333,53.2667,52.7333,53.0667,12090
2025-12-09,12:00:00,53.0333,53.2333,52.9333,53.0333,11166
2025-12-09,13:00:00,53.0333,53.0333,52.7333,52.8667,8760
2025-12-09,14:00:00,52.8667,52.8667,52.3333,52.7333,88452
2025-12-10,10:00:00,53.1667,53.7667,53.1333,53.7333,18804
2025-12-10,11:00:00,53.7333,54.0667,53.3333,53.5,32763
2025-12-10,12:00:00,53.5,53.6,53.2667,53.5,12594
2025-12-10,13:00:00,53.4667,53.9333,53.3333,53.5333,23163
2025-12-10,14:00:00,53.5,54.2667,53.4,53.9,24963
2025-12-10,15:00:00,53.9667,54.0667,53.8667,53.8667,5319
2025-12-11,10:00:00,53.8667,54.0667,53.5667,53.6,8916
2025-12-11,11:00:00,53.5667,53.8667,53.5333,53.6667,6699
2025-12-11,12:00:00,53.7,53.7,53.4667,53.6667,11055
2025-12-11,13:00:00,53.6667,54.1,53.6333,54.0333,33228
2025-12-11,14:00:00,54.0333,54.1667,53.9,54.1,15948
2025-12-11,15:00:00,54.1,54.1,54.1,54.1,4446
2025-12-14,10:00:00,53.6667,54.1,53.0,53.9333,58413
2025-12-14,11:00:00,53.9667,53.9667,53.8333,53.9,10860
2025-12-14,12:00:00,53.9,53.9,53.6667,53.6667,2841
2025-12-14,13:00:00,53.6,53.6,53.3333,53.5,2364
2025-12-14,14:00:00,53.5,53.6667,53.5,53.6667,6984
2025-12-14,15:00:00,53.6667,53.7,53.6667,53.6667,4566
2025-12-15,10:00:00,53.2,53.6,53.0,53.4667,9756
2025-12-15,11:00:00,53.4667,54.1333,53.4333,54.0333,32646
2025-12-15,12:00:00,54.0667,54.1,53.8667,53.9,11508
2025-12-15,13:00:00,53.8,53.8,53.5667,53.6667,4635
2025-12-15,14:00:00,53.7333,54.0,53.2667,53.2667,41700
2025-12-15,15:00:00,53.2667,53.3333,53.0667,53.3333,4524
2025-12-16,10:00:00,53.0333,53.1333,52.5,52.6667,9846
2025-12-16,11:00:00,52.6667,52.9,52.3333,52.6667,12936
2025-12-16,12:00:00,52.6667,52.6667,52.3667,52.5667,7788
2025-12-16,13:00:00,52.5667,53.0,52.5,52.6,10998
2025-12-16,14:00:00,52.5,52.5,52.1,52.3333,24726
2025-12-16,15:00:00,52.5667,52.5667,52.5667,52.5667,3675
2025-12-17,10:00:00,52.6333,52.6333,51.8333,52.0,13011
2025-12-17,11:00:00,51.9667,52.5667,51.9333,52.3667,6174
2025-12-17,12:00:00,52.3,52.3333,51.9333,51.9333,6705
2025-12-17,13:00:00,51.9667,52.4,51.9667,52.3,17391
2025-12-17,14:00:00,52.2333,52.3667,52.2333,52.2667,5712
2025-12-18,10:00:00,52.3,52.4333,52.1667,52.1667,2373
2025-12-18,11:00:00,52.2333,52.6667,51.8667,52.4333,23880
2025-12-18,12:00:00,52.3333,52.3333,52.1,52.3333,11649
2025-12-18,13:00:00,52.4,52.4667,52.2333,52.2333,5808
2025-12-18,14:00:00,52.3,52.3,52.1667,52.2667,3045
2025-12-18,15:00:00,52.2667,52.6,52.2,52.6,6783
2025-12-21,10:00:00,52.4333,53.1667,52.4333,52.8333,10140
2025-12-21,11:00:00,52.7,52.8333,52.5667,52.8,3801
2025-12-21,12:00:00,52.8,52.8333,52.6,52.6333,6516
2025-12-21,13:00:00,52.6667,52.8667,52.6,52.8667,7413
2025-12-21,14:00:00,52.8667,53.0,52.7,52.8333,9444
2025-12-21,15:00:00,53.0,53.0,53.0,53.0,1635
2025-12-22,10:00:00,52.7667,53.0,52.2,52.5667,41106
2025-12-22,11:00:00,52.6667,53.4667,52.5667,52.7333,31026
2025-12-22,12:00:00,52.9,52.9,52.5,52.6333,7938
2025-12-22,13:00:00,52.5333,52.7333,52.4333,52.6333,6258
2025-12-22,14:00:00,52.6667,52.7667,52.5,52.7667,16011
2025-12-23,10:00:00,51.7333,52.3667,51.4333,52.1667,60729
2025-12-23,11:00:00,52.1667,52.2667,52.0,52.2333,17049
2025-12-23,12:00:00,52.2333,52.4667,52.2333,52.3667,27789
2025-12-23,13:00:00,52.3667,52.5,52.1,52.1333,60171
2025-12-23,14:00:00,52.1,52.1333,51.5667,51.7,41322
2025-12-23,15:00:00,51.7667,51.7667,51.6667,51.7333,6042
2025-12-24,10:00:00,51.5,51.5333,51.3333,51.4667,29097
2025-12-24,11:00:00,51.4333,51.4667,51.0,51.1667,18540
2025-12-24,12:00:00,51.1,51.2333,50.8333,51.1,37653
2025-12-24,13:00:00,51.1,51.1667,50.6667,50.6667,35334
2025-12-24,14:00:00,50.6667,50.7333,50.6,50.6667,8469
2025-12-24,15:00:00,50.6667,51.2,50.5667,51.2,17301
2025-12-25,10:00:00,51.3333,51.3333,50.6667,50.9667,9939
2025-12-25,11:00:00,51.0667,51.0667,51.0,51.0333,1140
2025-12-25,12:00:00,51.0333,51.2333,51.0,51.2,9207
2025-12-25,13:00:00,51.0,51.4,51.0,51.2667,5373
2025-12-25,14:00:00,51.2333,51.3,51.1667,51.1667,5571
2025-12-28,10:00:00,51.0,51.1,50.7667,50.8667,942
2025-12-28,11:00:00,50.8333,51.1667,50.7667,50.9667,21954
2025-12-28,12:00:00,50.8667,51.5,50.8667,51.0,22095
2025-12-28,13:00:00,51.1,51.4,51.1,51.3333,38418
2025-12-28,14:00:00,51.3333,51.4,51.2,51.3333,15411
2025-12-28,15:00:00,51.3333,51.4,51.3333,51.4,675
2025-12-29,10:00:00,50.8667,52.2333,50.2,51.8333,104748
2025-12-29,11:00:00,51.8,51.9667,51.4,51.5,63162
2025-12-29,12:00:00,51.4,51.4,50.9333,51.0667,71523
2025-12-29,13:00:00,51.0667,51.1333,51.0333,51.0333,2295
2025-12-29,14:00:00,51.1,51.2,50.6333,51.1333,33129
2025-12-30,10:00:00,50.6667,51.3667,50.2,51.0,29061
2025-12-30,11:00:00,51.0,51.2667,51.0,51.1333,6822
2025-12-30,12:00:00,51.1333,51.2667,50.9667,51.0,14835
2025-12-30,13:00:00,51.0,51.2667,50.9,51.0,30861
2025-12-30,14:00:00,51.0,51.0,50.3333,50.6333,32400
2025-12-30,15:00:00,50.6,50.7,50.5333,50.6667,9882
2025-12-31,10:00:00,51.6333,52.1333,51.1333,51.3667,14544
2025-12-31,11:00:00,51.3667,51.7333,51.3667,51.6667,9408
2025-12-31,12:00:00,51.6667,51.6667,51.4,51.5,3648
2025-12-31,13:00:00,51.4,51.8,51.3667,51.4,11991
2025-12-31,14:00:00,51.4,51.4,51.0667,51.3667,13155
2025-12-31,15:00:00,51.3667,51.6333,51.3,51.6333,2625
2026-01-01,10:00:00,52.4,52.6333,51.7,51.9,27453
2026-01-01,11:00:00,51.8667,51.8667,51.7333,51.7333,1611
2026-01-01,12:00:00,51.8667,52.3333,51.7333,52.3,8634
2026-01-01,13:00:00,52.3,52.6,52.3,52.4333,6417
2026-01-01,14:00:00,52.4333,52.4333,52.1,52.2,14691
2026-01-01,15:00:00,52.2,52.4,52.1,52.4,1737
2026-01-04,10:00:00,51.6667,52.6333,51.5667,51.5667,16698
2026-01-04,11:00:00,51.7,51.7667,51.0,51.0333,31041
2026-01-04,12:00:00,51.0333,51.5667,51.0,51.5667,17928
2026-01-04,13:00:00,51.5,51.7667,51.3667,51.6667,8661
2026-01-04,14:00:00,51.7667,51.9333,51.5667,51.6667,27162
2026-01-04,15:00:00,51.6333,51.8,51.6,51.6667,14508
2026-01-05,10:00:00,52.5,53.0667,52.3333,52.9333,24909
2026-01-05,11:00:00,53.0333,53.3,52.4,52.9,76785
2026-01-05,12:00:00,52.7667,52.9,52.3333,52.4667,34935
2026-01-05,13:00:00,52.4667,52.5,52.0,52.5,22245
2026-01-05,14:00:00,52.5,52.6,52.2667,52.2667,32067
2026-01-05,15:00:00,52.2667,52.3667,52.1,52.1,16764
2026-01-06,10:00:00,52.3333,52.4333,51.9333,52.2333,10902
2026-01-06,11:00:00,52.3333,52.3333,52.0,52.2,5019
2026-01-06,12:00:00,52.1667,52.2667,52.1,52.2667,5442
2026-01-06,13:00:00,52.2333,52.4,52.1667,52.4,8862
2026-01-06,14:00:00,52.4,52.4333,52.1333,52.2333,8310
2026-01-06,15:00:00,52.2333,52.2333,52.2333,52.2333,735
2026-01-07,10:00:00,52.5667,53.5,52.1333,52.7667,70794
2026-01-07,11:00:00,52.8333,52.8667,52.4667,52.8667,15555
2026-01-07,12:00:00,52.9333,52.9667,52.3667,52.5667,33972
2026-01-07,13:00:00,52.4333,52.7333,52.4333,52.7,9630
2026-01-07,14:00:00,52.7,52.8333,52.5333,52.7333,7494
2026-01-08,10:00:00,52.0667,52.8333,52.0,52.3667,16224
2026-01-08,11:00:00,52.5667,52.7,52.4,52.6333,12738
2026-01-08,12:00:00,52.6,52.7667,52.4667,52.5333,3042
2026-01-08,13:00:00,52.6,52.6,52.1333,52.3333,7035
2026-01-08,14:00:00,52.3333,52.4667,52.2,52.4333,2259
2026-01-08,15:00:00,52.4667,52.8333,52.0667,52.0667,70017
2026-01-11,10:00:00,52.3667,52.7,51.7667,52.6667,12378
2026-01-11,11:00:00,52.6667,52.8667,52.3667,52.5333,23010
2026-01-11,12:00:00,52.4667,52.5333,52.0,52.2,40755
2026-01-11,13:00:00,52.2,52.2667,52.0,52.2667,15459
2026-01-11,14:00:00,52.1,52.3333,51.8667,51.8667,22929
2026-01-11,15:00:00,51.9333,52.3667,51.8333,52.3667,3306
2026-01-12,10:00:00,51.1333,52.1,50.6,50.8,97896
2026-01-12,11:00:00,50.7667,50.8667,50.2667,50.7,341772
2026-01-12,12:00:00,50.7333,50.7333,49.8333,50.1333,213900
2026-01-12,13:00:00,50.1333,50.6333,49.8333,50.4333,178521
2026-01-12,14:00:00,50.5667,51.8,50.5,51.5,184176
2026-01-12,15:00:00,51.5,51.5,51.0,51.1333,23064
2026-01-13,10:00:00,51.1333,51.6333,50.8333,51.6,40593
2026-01-13,11:00:00,51.5333,51.7667,51.0333,51.1667,23025
2026-01-13,12:00:00,51.1667,51.3333,51.0,51.2,20442
2026-01-13,13:00:00,51.2333,51.3,51.1,51.1333,14943
2026-01-13,14:00:00,51.1333,51.2,50.9333,51.0333,13704
2026-01-13,15:00:00,51.0333,51.1333,50.9667,51.1333,10110
2026-01-14,10:00:00,50.5333,51.0,50.3333,50.7,20310
2026-01-14,11:00:00,50.6667,50.9333,50.3333,50.8667,39555
2026-01-14,12:00:00,50.7667,51.1,50.7667,50.9333,24387
2026-01-14,13:00:00,50.9,51.0333,50.6333,50.7333,26928
2026-01-14,14:00:00,50.8333,50.8667,50.5333,50.6333,41661
2026-01-14,15:00:00,50.6333,50.6667,50.5333,50.5333,7479
2026-01-15,10:00:00,49.9,50.4333,49.6667,50.1,53478
2026-01-15,11:00:00,50.1333,50.1333,49.9,50.0667,21159
2026-01-15,12:00:00,50.0667,50.1,49.7667,49.8667,15018
2026-01-15,13:00:00,49.9333,49.9333,49.5333,49.6333,25770
2026-01-15,14:00:00,49.7333,49.9667,49.5,49.5,16170
2026-01-15,15:00:00,49.4667,49.9,49.4333,49.9,13173
2026-01-18,10:00:00,48.7333,50.0,48.7333,49.8333,72258
2026-01-18,11:00:00,49.9333,50.0,49.7667,50.0,17265
2026-01-18,12:00:00,50.0,50.2,49.8667,49.9667,28779
2026-01-18,13:00:00,49.9667,50.2,49.9667,50.0,15312
2026-01-18,14:00:00,50.0,50.1,49.7667,49.8333,28209
2026-01-18,15:00:00,49.8,49.8,48.7333,48.7333,96441
2026-01-19,10:00:00,49.3,49.3,48.8,48.9333,59703
2026-01-19,11:00:00,49.0,49.1333,48.5667,48.5667,123675
2026-01-19,12:00:00,48.5333,49.0,48.5,48.8,20925
2026-01-19,13:00:00,48.9,49.4667,48.8333,49.2,53613
2026-01-19,14:00:00,49.2,49.3333,48.8333,49.0,43722
2026-01-19,15:00:00,48.9333,49.3,48.9333,49.3,8736
2026-01-20,10:00:00,48.5667,49.0333,47.8333,48.8667,61767
2026-01-20,11:00:00,48.9333,48.9667,48.7,48.9667,22848
2026-01-20,12:00:00,48.9667,49.0333,48.8,49.0,36564
2026-01-20,13:00:00,49.0,49.0333,48.6333,48.6667,51681
2026-01-20,14:00:00,48.6667,48.8,48.5,48.5667,62046
2026-01-20,15:00:00,48.5,48.7,48.5,48.5667,8925
2026-01-21,10:00:00,48.8,49.4,48.5667,48.7,51819
2026-01-21,11:00:00,48.7,48.8,48.6667,48.7667,13920
2026-01-21,12:00:00,48.7667,48.7667,48.6,48.7,13269
2026-01-21,13:00:00,48.7333,48.7667,48.4667,48.6667,26826
2026-01-21,14:00:00,48.7,49.2333,48.6667,48.8333,45192
2026-01-21,15:00:00,48.8,48.9333,48.8,48.8,21360
2026-01-22,10:00:00,50.5333,51.1667,49.1,49.1,29061
2026-01-22,11:00:00,49.1667,50.0333,49.1667,50.0,100083
2026-01-22,12:00:00,49.9333,50.6,49.9333,50.5,99765
2026-01-22,13:00:00,50.6,50.6667,50.5,50.6,26673
2026-01-22,14:00:00,50.5,51.0,50.1667,50.6667,65463
2026-01-22,15:00:00,50.6667,50.6667,50.4667,50.5333,22155
2026-01-25,10:00:00,51.1667,51.4667,50.3,50.3333,26178
2026-01-25,11:00:00,50.3,50.5333,50.3,50.5333,6606
2026-01-25,12:00:00,50.5333,50.5333,50.4333,50.4667,8799
2026-01-25,13:00:00,50.4333,50.5333,50.3333,50.5333,13326
2026-01-25,14:00:00,50.5,51.3333,50.5,51.2333,40833
2026-01-25,15:00:00,51.1667,51.4,51.0,51.1667,22392
2026-01-26,10:00:00,51.4667,51.6667,51.1333,51.5667,17895
2026-01-26,11:00:00,51.6,52.3333,51.4,52.0,86700
2026-01-26,12:00:00,52.0667,52.1667,51.5333,51.6667,15255
2026-01-26,13:00:00,51.6667,51.8,51.6,51.7,12768
2026-01-26,14:00:00,51.7667,51.7667,51.3667,51.4,23808
2026-01-26,15:00:00,51.4,51.6,51.4,51.4667,17349
2026-01-27,10:00:00,51.5,51.7333,51.4667,51.6667,4374
2026-01-27,11:00:00,51.6,51.8333,51.5667,51.7,7320
2026-01-27,12:00:00,51.8,52.0,51.6,51.7667,27177
2026-01-27,13:00:00,51.6667,52.3333,51.6667,52.0667,35283
2026-01-27,14:00:00,52.1333,52.2333,51.9333,52.0,23931
2026-01-27,15:00:00,51.9333,51.9667,51.7,51.7667,9048
2026-01-28,10:00:00,51.8,52.1667,51.5333,51.5333,16695
2026-01-28,11:00:00,51.5333,51.9333,51.3333,51.9333,14298
2026-01-28,12:00:00,51.8333,52.1,51.8333,52.0,11715
2026-01-28,13:00:00,51.9333,51.9667,51.8667,51.9667,10482
2026-01-28,14:00:00,51.9333,52.0,51.8667,51.8667,18129
2026-01-28,15:00:00,51.9667,51.9667,51.9667,51.9667,792
2026-01-29,10:00:00,51.5333,51.9667,51.3333,51.6667,33735
2026-01-29,11:00:00,51.7,51.9,51.5333,51.6667,4296
2026-01-29,12:00:00,51.5333,51.6667,51.2333,51.3,16701
2026-01-29,13:00:00,51.3,51.4667,51.2667,51.4667,5106
2026-01-29,14:00:00,51.4333,51.5667,51.1667,51.1667,18258
2026-01-29,15:00:00,51.0333,51.0333,51.0333,51.0333,4680
2026-02-01,10:00:00,51.8667,51.9,50.4667,50.8333,32919
2026-02-01,11:00:00,50.7333,51.6333,50.6667,51.1,38955
2026-02-01,12:00:00,51.1,51.1,50.6667,50.6667,1497
2026-02-01,13:00:00,50.6333,51.1,50.6333,50.9333,5784
2026-02-01,14:00:00,50.9333,51.1,50.6667,50.9333,7371
2026-02-01,15:00:00,51.1,51.1,51.1,51.1,681
2026-02-02,10:00:00,51.7,52.2,50.1333,50.7,27066
2026-02-02,11:00:00,50.7333,51.2667,50.7333,51.1333,6909
2026-02-02,12:00:00,51.1667,51.6333,51.1333,51.5667,22788
2026-02-02,13:00:00,51.5667,51.8,51.5667,51.6667,18318
2026-02-02,14:00:00,51.6333,51.8333,51.6333,51.7,11646
2026-02-03,10:00:00,52.0,52.1,51.9667,52.0333,5142
2026-02-03,11:00:00,52.0,52.1667,51.7667,51.8,8226
2026-02-03,12:00:00,51.8,52.0333,51.5333,51.6333,9492
2026-02-03,13:00:00,51.7,52.0333,51.7,51.8333,15537
2026-02-03,14:00:00,51.8333,51.8333,51.3333,51.8,21243
2026-02-03,15:00:00,51.6667,51.8,51.6333,51.7667,2715
2026-02-04,10:00:00,51.5667,52.1,51.2333,51.6667,19188
2026-02-04,11:00:00,51.6667,51.7333,51.5,51.6667,18798
2026-02-04,12:00:00,51.7333,51.8333,51.7,51.8,3582
2026-02-04,13:00:00,51.8,51.8,51.5333,51.5333,10491
2026-02-04,14:00:00,51.5,51.7,51.5,51.6333,5814
2026-02-04,15:00:00,51.6667,51.8,51.5667,51.5667,1683
2026-02-05,10:00:00,50.3,51.3333,50.3,50.8333,32751
2026-02-05,11:00:00,50.8667,51.0667,50.5667,50.5667,36972
2026-02-05,12:00:00,50.6,50.9,50.4333,50.5333,17388
2026-02-05,13:00:00,50.5333,50.5333,50.0667,50.1333,61239
2026-02-05,14:00:00,50.2333,50.4,50.0667,50.3333,14586
2026-02-05,15:00:00,50.3,50.4333,50.3,50.3,4656
2026-02-08,10:00:00,50.1,50.9667,49.7,50.9,6729
2026-02-08,11:00:00,50.8667,50.9,50.3333,50.4333,5736
2026-02-08,12:00:00,50.3667,50.4333,50.2,50.2333,11301
2026-02-08,13:00:00,50.2667,50.3333,49.9333,50.2333,11568
2026-02-08,14:00:00,50.2,50.3333,50.0667,50.2333,6525
2026-02-08,15:00:00,50.2667,50.4333,50.1,50.1,12216
2026-02-09,10:00:00,48.3333,49.9333,48.0667,49.5667,44577
2026-02-09,11:00:00,49.6,49.6333,49.4667,49.5667,6222
2026-02-09,12:00:00,49.5333,49.5667,49.1333,49.2667,31944
2026-02-09,13:00:00,49.2667,49.2667,48.4333,48.4333,57822
2026-02-09,14:00:00,48.5667,48.6,48.1333,48.1667,108999
2026-02-09,15:00:00,48.1667,48.3333,48.0667,48.3333,65097
2026-02-10,10:00:00,48.1,48.5,47.8667,48.0333,83238
2026-02-10,11:00:00,48.0,48.3333,47.8333,48.1667,24339
2026-02-10,12:00:00,48.1667,48.2,48.0,48.1333,18945
2026-02-10,13:00:00,48.1,48.2,48.0,48.1333,15096
2026-02-10,14:00:00,48.1333,48.2333,47.9667,48.1333,28206
2026-02-10,15:00:00,48.1333,48.2333,48.1,48.1,28803
2026-02-11,10:00:00,47.7333,48.1,47.5333,47.7333,48954
2026-02-11,11:00:00,47.8,48.1333,47.3667,47.7667,113724
2026-02-11,12:00:00,47.8,47.9333,47.7333,47.7667,23652
2026-02-11,13:00:00,47.7667,47.9667,47.6667,47.8333,18849
2026-02-11,14:00:00,47.8333,47.9,47.7667,47.7667,19953
2026-02-11,15:00:00,47.8333,47.8667,47.7333,47.7333,11568
2026-02-12,10:00:00,48.2333,48.9333,47.3,47.4,26328
2026-02-12,11:00:00,47.3667,48.0,47.2333,47.9333,61242
2026-02-12,12:00:00,47.9333,48.2333,47.3667,48.0667,190836
2026-02-12,13:00:00,48.0,48.3333,48.0,48.3333,18807
2026-02-12,14:00:00,48.3333,48.6333,48.2,48.4,40605
2026-02-12,15:00:00,48.3667,48.4667,48.2333,48.2333,23547
2026-02-15,10:00:00,48.1,48.4667,47.9,48.4,16542
2026-02-15,11:00:00,48.3667,48.4,48.2667,48.2667,7623
2026-02-15,12:00:00,48.2667,48.2667,48.0,48.1,14184
2026-02-15,13:00:00,48.0667,48.1333,48.0,48.1,3339
2026-02-15,14:00:00,48.1333,48.2667,48.0333,48.2333,8610
2026-02-15,15:00:00,48.2667,48.2667,48.1,48.1,7821
2026-02-16,10:00:00,48.0,49.3,47.3667,47.9,62715
2026-02-16,11:00:00,47.9,48.0667,47.8667,47.9333,19593
2026-02-16,12:00:00,47.9333,48.0667,47.9,48.0,30777
2026-02-16,13:00:00,47.9667,48.0333,47.8333,47.8333,24027
2026-02-16,14:00:00,47.9667,48.5,47.8,48.0,164796
2026-02-16,15:00:00,47.9333,48.0,47.8667,48.0,13047
2026-02-17,10:00:00,48.8333,48.8333,47.2333,48.3333,468798
2026-02-17,11:00:00,48.2667,49.1667,48.0333,48.4333,433860
2026-02-17,12:00:00,48.4333,49.5,48.3667,48.7667,466020
2026-02-17,13:00:00,48.7667,49.1,48.6,48.9667,223662
2026-02-17,14:00:00,48.9333,49.2667,48.5,48.7,540027
2026-02-17,15:00:00,48.7,48.8333,48.6667,48.8333,154608
2026-02-18,10:00:00,48.4,49.1667,48.2667,48.4,37425
2026-02-18,11:00:00,48.5,48.8333,48.3333,48.7333,109269
2026-02-18,12:00:00,48.7,48.7333,48.1667,48.3333,152826
2026-02-18,13:00:00,48.3,48.6333,48.2333,48.6333,80241
2026-02-18,14:00:00,48.6,48.7,48.4667,48.6,24411
2026-02-18,15:00:00,48.6,48.6333,48.4,48.4,25542
2026-02-19,10:00:00,49.1667,49.3,48.8333,48.9667,56583
2026-02-19,11:00:00,48.9667,49.4333,48.6,49.3,127911
2026-02-19,12:00:00,49.3,49.5333,48.9667,49.3333,175596
2026-02-19,13:00:00,49.3333,49.7333,48.9,48.9667,177888
2026-02-19,14:00:00,48.8667,48.9667,48.5,48.5,160608
2026-02-19,15:00:00,48.4667,48.7667,48.4667,48.6667,65598
2026-02-23,10:00:00,49.3,49.3,48.6667,48.8667,19683
2026-02-23,11:00:00,48.9333,48.9333,48.2667,48.5667,48885
2026-02-23,12:00:00,48.6667,48.7,48.2333,48.3333,14631
2026-02-23,13:00:00,48.3,48.5,48.2333,48.2333,62274
2026-02-23,14:00:00,48.2667,48.5667,48.1333,48.5,105486
2026-02-23,15:00:00,48.6,48.6,48.6,48.6,15627
2026-02-24,10:00:00,47.7667,48.6667,47.4,48.1,40266
2026-02-24,11:00:00,48.1,48.1,47.4,47.6,69375
2026-02-24,12:00:00,47.6,47.6,47.4333,47.4667,12444
2026-02-24,13:00:00,47.4667,47.6333,47.3333,47.5667,28536
2026-02-24,14:00:00,47.5667,47.6667,47.3333,47.4,28254
2026-02-25,10:00:00,45.9333,47.6,45.2667,47.2,39213
2026-02-25,11:00:00,47.2,47.2667,46.5333,46.5667,29970
2026-02-25,12:00:00,46.5667,46.7,45.8667,45.9,24879
2026-02-25,13:00:00,46.0333,46.1,45.6667,45.7667,105567
2026-02-25,14:00:00,45.7,45.9,45.5333,45.6333,156555
2026-02-25,15:00:00,45.6333,45.9333,45.5,45.9333,46662
2026-02-26,10:00:00,45.0333,45.7333,41.6667,45.3667,116712
2026-02-26,11:00:00,45.4333,45.4333,45.2,45.4,31053
2026-02-26,12:00:00,45.4,45.5667,45.3333,45.4333,24444
2026-02-26,13:00:00,45.4667,45.8333,45.1667,45.5,163932
2026-02-26,14:00:00,45.5,45.5667,45.2333,45.3333,125898
2026-02-26,15:00:00,45.3,45.5667,45.0333,45.0333,271722
2026-03-01,10:00:00,43.9333,44.6667,43.8333,44.4667,32832
2026-03-01,11:00:00,44.4667,44.6667,43.8,43.8,21423
2026-03-01,12:00:00,43.7667,44.0333,43.6,43.7667,13275
2026-03-01,13:00:00,43.7667,44.1,43.5333,44.0,47850
2026-03-01,14:00:00,44.0,44.2667,43.6667,44.0,26274
2026-03-01,15:00:00,44.0667,45.0,44.0,44.3,10050
2026-03-02,10:00:00,44.3,44.7,43.8333,44.7,53034
2026-03-02,11:00:00,44.7333,44.7333,43.8333,43.9,30057
2026-03-02,12:00:00,43.9667,44.1,43.3333,43.5,42153
2026-03-02,13:00:00,43.4333,44.0,43.2,43.7,191589
2026-03-02,14:00:00,43.6667,43.9,43.2,43.3333,214254
2026-03-02,15:00:00,43.3333,43.3333,43.3333,43.3333,218964
2026-03-03,10:00:00,43.3333,43.3333,42.9333,43.3,30009
2026-03-03,11:00:00,43.3,43.3333,42.8667,42.9667,17967
2026-03-03,12:00:00,43.0,43.1333,42.7,42.9,26961
2026-03-03,13:00:00,42.9,43.1,42.8333,42.8333,93342
2026-03-03,14:00:00,42.8333,43.1333,42.8,43.0,29016
2026-03-03,15:00:00,43.1333,43.1333,43.1333,43.1333,561
2026-03-04,10:00:00,43.1333,43.6667,43.0667,43.5,230841
2026-03-04,11:00:00,43.5667,43.9667,43.3,43.5667,218181
2026-03-04,12:00:00,43.6333,43.7667,43.3667,43.5667,115293
2026-03-04,13:00:00,43.6,43.9667,43.3,43.8333,174723
2026-03-04,14:00:00,43.7667,44.4,43.7333,43.9333,335637
2026-03-04,15:00:00,43.9667,43.9667,43.9667,43.9667,62022
2026-03-05,10:00:00,44.3333,44.8667,44.1667,44.6,48873
2026-03-05,11:00:00,44.6,44.6667,43.9667,44.1333,104289
2026-03-05,12:00:00,44.1667,44.4333,44.0,44.1667,94038
2026-03-05,13:00:00,44.0,44.1333,43.5333,43.5667,240924
2026-03-05,14:00:00,43.6,43.6667,43.3333,43.6333,44250
2026-03-05,15:00:00,43.6333,43.6333,43.6333,43.6333,9270
2026-03-08,10:00:00,43.6667,44.4667,43.6333,44.2,87123
2026-03-08,11:00:00,44.2,44.6667,44.0667,44.4,83412
2026-03-08,12:00:00,44.3667,44.6667,44.3667,44.5333,24945
2026-03-08,13:00:00,44.5333,44.8,44.3333,44.6667,81042
2026-03-08,14:00:00,44.5667,44.8,44.5667,44.7,28893
2026-03-08,15:00:00,45.0,45.0,45.0,45.0,97368
2026-03-09,10:00:00,45.0333,45.0333,43.7333,43.8333,129522
2026-03-09,11:00:00,43.7333,43.8333,43.2667,43.3667,108411
2026-03-09,12:00:00,43.3333,43.5,43.0333,43.3,58200
2026-03-09,13:00:00,43.2667,43.2667,42.8667,42.9333,60825
2026-03-09,14:00:00,42.9,42.9333,42.2333,42.2667,74220
2026-03-09,15:00:00,42.3333,42.3333,42.3333,42.3333,14895
2026-03-10,10:00:00,42.4667,43.0,42.2667,42.6667,65433
2026-03-10,11:00:00,42.6667,42.7333,42.5,42.6333,30867
2026-03-10,12:00:00,42.6333,43.0667,42.6333,43.0333,41424
2026-03-10,13:00:00,42.9667,43.8,42.9667,43.5,212121
2026-03-10,14:00:00,43.4667,44.3667,43.4667,44.1333,101292
2026-03-10,15:00:00,44.0333,44.0333,44.0333,44.0333,12435
2026-03-11,10:00:00,43.8333,44.6667,43.5667,44.1,59742
2026-03-11,11:00:00,44.1,44.2667,43.9333,44.2333,7014
2026-03-11,12:00:00,44.2,44.2,43.9,44.0,41622
2026-03-11,13:00:00,44.0,44.1,43.9667,44.0667,50733
2026-03-11,14:00:00,44.1333,44.6,43.7333,43.8,73650
2026-03-12,10:00:00,43.4333,43.8,43.0333,43.4667,21150
2026-03-12,11:00:00,43.6,43.6,43.0667,43.1333,14883
2026-03-12,12:00:00,43.1333,43.4333,43.1,43.4,30363
2026-03-12,13:00:00,43.4,43.6,43.2,43.5,58548
2026-03-12,14:00:00,43.5,43.6667,43.4,43.4,39897
2026-03-12,15:00:00,43.4,43.6667,43.4,43.4333,9153
2026-03-15,10:00:00,43.0333,43.3667,42.8333,43.0333,13803
2026-03-15,11:00:00,43.0667,43.1333,42.5333,42.5333,28503
2026-03-15,12:00:00,42.5667,42.7333,42.5667,42.6333,10932
2026-03-15,13:00:00,42.6333,42.8,42.5667,42.7667,29295
2026-03-15,14:00:00,42.7333,42.9,42.6667,42.9,17649
2026-03-15,15:00:00,42.8,43.1333,42.6667,43.0333,14835
2026-03-16,10:00:00,42.5333,43.0,42.2667,42.9,27450
2026-03-16,11:00:00,42.9333,43.0667,42.6667,42.6667,18714
2026-03-16,12:00:00,42.6667,42.7333,42.5667,42.6667,15249
2026-03-16,13:00:00,42.7,43.0,42.6333,43.0,26994
2026-03-16,14:00:00,43.0333,43.0667,42.3333,42.5,231672
2026-03-16,15:00:00,42.5,42.5667,42.4,42.5333,26607
2026-03-24,10:00:00,39.9,42.4333,39.9,42.4333,70977
2026-03-24,11:00:00,42.4333,42.4667,42.2,42.3,21105
2026-03-24,12:00:00,42.3,42.5333,41.7333,41.9333,75993
2026-03-24,13:00:00,41.9333,41.9333,41.0667,41.1667,239316
2026-03-24,14:00:00,41.3667,41.3667,40.1,40.1667,566964
2026-03-24,15:00:00,40.1667,40.1667,39.7667,39.9,179673
2026-03-25,10:00:00,41.2333,41.5,40.6,40.9333,151212
2026-03-25,11:00:00,40.9333,41.4333,40.9,41.3,171366
2026-03-25,12:00:00,41.3,41.4333,40.9667,41.2333,86709
2026-03-25,13:00:00,41.2333,41.3667,40.7333,40.8333,259248
2026-03-25,14:00:00,40.8,41.3,40.7667,41.2667,207351
2026-03-25,15:00:00,41.2,41.3333,41.1333,41.2333,31323
2026-03-26,10:00:00,41.5333,42.1,41.1,41.1667,56790
2026-03-26,11:00:00,41.1,41.4,41.0,41.3333,22698
2026-03-26,12:00:00,41.3333,41.4,41.1667,41.1667,17385
2026-03-26,13:00:00,41.2,41.3,41.1667,41.3,15384
2026-03-26,14:00:00,41.3,41.7667,41.2667,41.5667,69102
2026-03-26,15:00:00,41.5667,41.8,41.4667,41.5333,132975
2026-03-29,10:00:00,42.5,42.5667,41.8333,42.3333,28242
2026-03-29,11:00:00,42.2667,42.4,42.0667,42.3333,26514
2026-03-29,12:00:00,42.3333,42.5,42.2333,42.4667,47007
2026-03-29,13:00:00,42.4333,42.4667,42.2,42.3,4464
2026-03-29,14:00:00,42.3,42.4333,42.2333,42.2667,8109
2026-03-29,15:00:00,42.3333,42.5,42.2333,42.5,3864
2026-03-30,10:00:00,42.0333,42.0333,41.6667,41.8667,41967
2026-03-30,11:00:00,41.8667,42.0667,41.7333,41.8333,43539
2026-03-30,12:00:00,41.8333,41.9,41.7667,41.9,16191
2026-03-30,13:00:00,41.9,41.9333,41.7667,41.8667,12558
2026-03-30,14:00:00,41.9,42.0333,41.8333,41.8667,34125
2026-03-30,15:00:00,41.8667,42.0333,41.7333,42.0333,26922
2026-03-31,10:00:00,42.0333,42.3333,41.6,41.7667,43059
2026-03-31,11:00:00,41.7667,41.8667,41.5333,41.5333,48021
2026-03-31,12:00:00,41.5333,41.6667,41.5333,41.5667,59385
2026-03-31,13:00:00,41.5667,41.6333,41.5,41.6333,21288
2026-03-31,14:00:00,41.5667,42.1333,41.5,42.1333,100758
2026-03-31,15:00:00,42.1,42.1667,41.9333,42.0333,86958
2026-04-01,10:00:00,42.3333,42.6667,42.0667,42.6,71862
2026-04-01,11:00:00,42.4333,42.5667,42.1,42.2,29967
2026-04-01,12:00:00,42.2333,42.2667,42.0667,42.1333,21006
2026-04-01,13:00:00,42.2,42.2,42.0333,42.1,16737
2026-04-01,14:00:00,42.1333,42.5,42.0333,42.3667,40200
2026-04-01,15:00:00,42.3333,42.4667,42.3333,42.3333,26742
2026-04-02,10:00:00,42.6667,43.0,42.6,42.8667,19497
2026-04-02,11:00:00,42.8333,43.0333,42.7333,43.0333,33942
2026-04-02,12:00:00,43.0,43.1333,42.8667,43.0333,82608
2026-04-02,13:00:00,43.0,43.1,42.5333,42.6,66768
2026-04-02,14:00:00,42.6667,42.7,42.5333,42.6,12579
2026-04-02,15:00:00,42.6,42.6667,42.5667,42.6333,17445
2026-04-05,10:00:00,42.6667,43.1,42.3333,42.5,135135
2026-04-05,11:00:00,42.5,42.5333,42.0,42.4333,79206
2026-04-05,12:00:00,42.2667,42.5,42.2333,42.4,15129
2026-04-05,13:00:00,42.4333,42.7667,42.4,42.7667,14103
2026-04-05,14:00:00,42.6667,42.6667,42.4,42.6667,25461
2026-04-05,15:00:00,42.7,42.7,42.7,42.7,6069
2026-04-06,10:00:00,42.8333,42.8333,42.4,42.4333,18771
2026-04-06,11:00:00,42.4333,42.6,42.4333,42.5667,9675
2026-04-06,12:00:00,42.6333,42.6333,42.4333,42.6333,13413
2026-04-06,13:00:00,42.6667,42.6667,42.5333,42.6667,8328
2026-04-06,14:00:00,42.6667,42.7333,42.5333,42.6667,14121
2026-04-06,15:00:00,42.7,42.7,42.7,42.7,13029
2026-04-07,10:00:00,42.5667,42.5667,41.8667,42.0,36441
2026-04-07,11:00:00,41.9667,41.9667,41.7,41.9,49614
2026-04-07,12:00:00,41.8333,41.9,41.6667,41.7333,19824
2026-04-07,13:00:00,41.7,41.7667,41.3333,41.3667,65937
2026-04-07,14:00:00,41.4333,41.4333,40.8667,41.1667,93219
2026-04-07,15:00:00,41.2333,41.2333,41.2333,41.2333,17319
2026-04-08,10:00:00,42.3,42.8333,41.6667,42.7333,173727
2026-04-08,11:00:00,42.7667,42.7667,42.6,42.6667,26619
2026-04-08,12:00:00,42.6667,42.6667,42.2333,42.3333,181551
2026-04-08,13:00:00,42.3333,42.4333,41.7,41.9,347937
2026-04-08,14:00:00,41.9,42.3,41.8333,42.1,228873
2026-04-08,15:00:00,42.1667,42.1667,42.1667,42.1667,7353
2026-04-09,10:00:00,40.9333,41.9333,40.5333,41.2,127932
2026-04-09,11:00:00,41.2333,41.3,40.8667,40.9333,60969
2026-04-09,12:00:00,40.9333,41.1,40.9,41.1,14907
2026-04-09,13:00:00,41.0667,41.2,41.0333,41.2,24654
2026-04-09,14:00:00,41.2,41.2,40.9333,40.9667,57741
2026-04-12,10:00:00,40.7667,40.9667,40.6667,40.9333,28743
2026-04-12,11:00:00,40.9333,41.0333,40.8,40.9333,28611
2026-04-12,12:00:00,40.8333,41.0,40.8333,40.8667,16659
2026-04-12,13:00:00,40.9667,40.9667,40.8667,40.9667,5430
2026-04-12,14:00:00,40.9333,41.0333,40.9,40.9667,17052
2026-04-12,15:00:00,40.9333,41.0,40.9333,40.9667,5016
2026-04-13,10:00:00,40.9333,41.2333,40.8,41.0667,40860
2026-04-13,11:00:00,41.1,42.1,41.0667,42.0,115155
2026-04-13,12:00:00,41.9667,42.5,41.9,42.4,83694
2026-04-13,13:00:00,42.4,43.1333,42.3333,42.6667,151206
2026-04-13,14:00:00,42.7333,42.8333,42.3,42.3333,89142
2026-04-13,15:00:00,42.3333,42.3333,42.3333,42.3333,5922
2026-04-14,10:00:00,43.1667,43.1667,42.0,42.1,191163
2026-04-14,11:00:00,42.1,42.4667,41.6333,41.7,151926
2026-04-14,12:00:00,41.7,41.7667,41.5,41.6,89526
2026-04-14,13:00:00,41.5667,41.7333,41.4,41.6333,133833
2026-04-14,14:00:00,41.6,42.0,41.5667,41.8,89676
2026-04-14,15:00:00,41.8,41.8,41.8,41.8,4209
2026-04-15,10:00:00,41.9,42.3667,41.8,42.1333,140802
2026-04-15,11:00:00,42.1667,42.4667,42.0333,42.4333,66372
2026-04-15,12:00:00,42.4333,42.4333,42.2,42.4,44583
2026-04-15,13:00:00,42.4,42.4667,42.3333,42.3667,56628
2026-04-15,14:00:00,42.4,42.4667,42.0333,42.2333,72984
2026-04-15,15:00:00,42.2667,42.2667,42.2667,42.2667,1983
2026-04-16,10:00:00,42.6,42.6667,42.3667,42.5667,70302
2026-04-16,11:00:00,42.5,42.8333,42.2,42.7333,124806
2026-04-16,12:00:00,42.7,42.7333,42.3667,42.6333,41868
2026-04-16,13:00:00,42.7,42.7667,42.6667,42.7333,36444
2026-04-16,14:00:00,42.7333,42.8333,42.6667,42.8,36012
2026-04-16,15:00:00,42.8333,42.8333,42.8333,42.8333,6921
2026-04-19,10:00:00,43.1333,44.3333,43.1333,43.9333,243354
2026-04-19,11:00:00,43.9333,44.1667,43.8667,44.0,51006
2026-04-19,12:00:00,44.0,44.2,43.9333,44.0333,68247
2026-04-19,13:00:00,44.1,44.1667,43.9,43.9333,37632
2026-04-19,14:00:00,43.9667,44.1667,43.9,44.0333,87546
2026-04-19,15:00:00,44.0,44.0,44.0,44.0,4644
2026-04-20,10:00:00,44.1,44.1333,43.4333,43.6,57288
2026-04-20,11:00:00,43.6,43.8,43.5667,43.6,20355
2026-04-20,12:00:00,43.6333,43.7333,43.5667,43.6,14901
2026-04-20,13:00:00,43.6,43.7667,43.5333,43.7,16023
2026-04-20,14:00:00,43.6667,43.7333,43.5333,43.7333,25983
2026-04-20,15:00:00,43.7333,43.7333,43.7333,43.7333,3666
2026-04-21,10:00:00,43.7,44.3333,43.6667,43.8,70707
2026-04-21,11:00:00,43.8,43.9667,43.7333,43.8333,21702
2026-04-21,12:00:00,43.8333,43.9,43.8,43.8333,12750
2026-04-21,13:00:00,43.8333,43.8667,43.5667,43.6333,30246
2026-04-21,14:00:00,43.6,43.7333,43.5667,43.6,40098
2026-04-22,10:00:00,43.0,43.8333,42.8667,43.7,21984
2026-04-22,11:00:00,43.7,43.7333,43.3667,43.4,21822
2026-04-22,12:00:00,43.4,43.6667,43.3333,43.3667,15837
2026-04-22,13:00:00,43.3667,43.4333,43.2,43.2333,21762
2026-04-22,14:00:00,43.2333,43.2667,42.9333,43.0333,25254
2026-04-22,15:00:00,43.0333,43.1333,42.8333,43.0,18099
2026-04-23,10:00:00,42.7667,43.0,42.7333,42.8333,17784
2026-04-23,11:00:00,42.7667,42.7667,42.4333,42.5667,25065
2026-04-23,12:00:00,42.5333,42.5333,42.0667,42.1667,30285
2026-04-23,13:00:00,42.2,42.7667,42.2,42.7333,30327
2026-04-23,14:00:00,42.7667,43.0667,42.6333,42.8333,103392
2026-04-23,15:00:00,42.7,42.8667,42.7,42.7667,6759
2026-04-26,10:00:00,43.2,43.2667,42.6667,43.0667,22443
2026-04-26,11:00:00,43.0667,43.3,42.9,43.1667,27921
2026-04-26,12:00:00,43.2,43.2667,42.8333,42.9333,14082
2026-04-26,13:00:00,42.9333,43.1333,42.9,43.0667,7752
2026-04-26,14:00:00,43.0667,43.3333,43.0,43.2,13851
2026-04-26,15:00:00,43.2,43.2333,43.2,43.2,1359
2026-04-27,10:00:00,42.8,43.3333,42.7667,43.2,35706
2026-04-27,11:00:00,43.3333,43.9,43.2667,43.8333,77061
2026-04-27,12:00:00,43.8333,43.9333,43.5,43.5667,32814
2026-04-27,13:00:00,43.5667,43.9333,43.4333,43.9333,41112
2026-04-27,14:00:00,43.9333,44.1,43.8667,43.9333,50130
2026-04-27,15:00:00,43.9333,44.0,43.7667,43.9667,14622
2026-04-28,10:00:00,43.3333,44.0,43.0,43.1,77859
2026-04-28,11:00:00,43.1,43.2,43.0,43.1,20901
2026-04-28,12:00:00,43.1667,43.4333,43.1,43.4333,25863
2026-04-28,13:00:00,43.4667,43.5667,43.1333,43.4333,27006
2026-04-28,14:00:00,43.4,43.6,43.2667,43.3333,16074
2026-04-29,10:00:00,43.4333,43.6333,43.4,43.5667,16743
2026-04-29,11:00:00,43.5667,43.6667,43.4667,43.5667,16365
2026-04-29,12:00:00,43.6,43.7,43.4,43.6667,23961
2026-04-29,13:00:00,43.6,43.8,43.5333,43.6,19281
2026-04-29,14:00:00,43.6333,43.6667,43.5,43.5,17898
2026-04-29,15:00:00,43.5,43.5333,43.4333,43.4333,26778
2026-04-30,10:00:00,43.3333,43.5667,43.3333,43.4,22659
2026-04-30,11:00:00,43.4,43.4333,43.2,43.4,19725
2026-04-30,12:00:00,43.4,43.4,43.2,43.2,10917
2026-04-30,13:00:00,43.2,43.3333,43.2,43.2333,14322
2026-04-30,14:00:00,43.2333,43.3,43.2333,43.2667,13158
2026-04-30,15:00:00,43.2333,43.3333,43.1,43.3333,14976
2026-05-03,10:00:00,44.0667,44.2333,43.4,44.0,46746
2026-05-03,11:00:00,44.0,44.3333,43.9667,44.2667,109971
2026-05-03,12:00:00,44.2667,44.3333,44.0,44.0,29460
2026-05-03,13:00:00,44.0,44.1667,43.9667,43.9667,4509
2026-05-03,14:00:00,43.9667,44.1667,43.9667,44.0667,7929
2026-05-03,15:00:00,44.0667,44.0667,44.0,44.0667,8205
2026-05-04,10:00:00,43.8333,44.1333,43.3333,44.0667,19743
2026-05-04,11:00:00,44.0667,44.0667,43.7667,44.0,10671
2026-05-04,12:00:00,43.9667,43.9667,43.7333,43.7333,34200
2026-05-04,13:00:00,43.7333,43.9333,43.4,43.7667,43551
2026-05-04,14:00:00,43.8333,43.9,43.7333,43.7333,9753
2026-05-04,15:00:00,43.7333,43.8333,43.7333,43.8333,12666
2026-05-05,10:00:00,43.7,43.8667,43.5667,43.6667,23511
2026-05-05,11:00:00,43.6667,43.6667,43.3667,43.4333,37230
2026-05-05,12:00:00,43.4333,43.5,43.4,43.4333,8928
2026-05-05,13:00:00,43.4667,43.5,43.1333,43.1667,43128
2026-05-05,14:00:00,43.1667,43.3333,42.9333,43.2,47766
2026-05-05,15:00:00,43.2333,43.3333,42.9667,43.3333,42027
2026-05-06,10:00:00,43.1667,43.8,43.1,43.2667,67659
2026-05-06,11:00:00,43.3333,43.4667,43.2,43.4667,9597
2026-05-06,12:00:00,43.5,43.5,43.2667,43.2667,18183
2026-05-06,13:00:00,43.2667,43.3333,43.2,43.2667,9948
2026-05-06,14:00:00,43.2667,43.3333,43.1333,43.2,17295
2026-05-07,10:00:00,43.5333,43.6667,43.3333,43.4,35481
2026-05-07,11:00:00,43.4,43.4,43.0333,43.1333,55038
2026-05-07,12:00:00,43.1,43.4667,43.0667,43.4,34347
2026-05-07,13:00:00,43.3667,43.5667,43.3667,43.4,23379
2026-05-07,14:00:00,43.4333,43.5,43.3667,43.4333,16251
2026-05-07,15:00:00,43.4667,43.8,43.2,43.8,18228
2026-05-10,10:00:00,131.4,131.9,130.0,131.2,22615
2026-05-10,11:00:00,131.3,131.8,131.0,131.0,8009
2026-05-10,12:00:00,130.9,131.2,129.6,129.8,18117
2026-05-10,13:00:00,130.0,130.0,129.2,129.7,12165
2026-05-10,14:00:00,129.7,131.6,129.3,131.3,30290
2026-05-10,15:00:00,131.2,131.2,131.2,131.2,3429
2026-05-11,10:00:00,45.02,47.0,44.5,45.04,200197
2026-05-11,11:00:00,45.02,45.04,43.48,43.68,90731
2026-05-11,12:00:00,43.64,44.0,43.58,43.88,44071
2026-05-11,13:00:00,43.9,44.88,43.88,44.88,48203
2026-05-11,14:00:00,44.86,45.12,44.32,44.38,97324
2026-05-11,15:00:00,44.34,44.34,44.34,44.34,4391
2026-05-12,10:00:00,43.1,44.42,41.0,43.84,115074
2026-05-12,11:00:00,43.9,44.0,43.82,43.9,5907
2026-05-12,12:00:00,43.9,43.9,43.54,43.7,16418
2026-05-12,13:00:00,43.78,43.84,43.52,43.72,20705
2026-05-12,14:00:00,43.7,43.82,43.3,43.34,27758
2026-05-13,10:00:00,42.8,43.0,40.9,41.04,111177
2026-05-13,11:00:00,41.04,44.0,41.04,42.48,599251
2026-05-13,12:00:00,42.48,43.46,42.32,42.64,100815
2026-05-13,13:00:00,42.62,42.62,41.3,41.52,215249
2026-05-13,14:00:00,41.48,42.22,41.44,42.12,750288
2026-05-13,15:00:00,42.1,43.04,42.0,42.8,78453
2026-05-14,10:00:00,42.66,43.06,42.4,42.6,175072
2026-05-14,11:00:00,42.6,43.34,42.5,43.26,186466
2026-05-14,12:00:00,43.26,43.42,43.06,43.38,98879
2026-05-14,13:00:00,43.38,43.58,43.34,43.5,25650
2026-05-14,14:00:00,43.52,44.16,43.42,44.02,83466
2026-05-14,15:00:00,44.0,44.36,44.0,44.0,52999
2026-05-17,10:00:00,43.6,45.7,43.6,45.38,124299
2026-05-17,11:00:00,45.46,46.7,45.3,46.22,265419
2026-05-17,12:00:00,46.12,46.54,46.0,46.38,69443
2026-05-17,13:00:00,46.4,46.9,46.36,46.64,199501
2026-05-17,14:00:00,46.52,46.8,46.5,46.68,144305
2026-05-17,15:00:00,46.6,46.6,46.6,46.6,9861
2026-05-18,10:00:00,46.66,46.66,44.72,44.98,106299
2026-05-18,11:00:00,44.92,44.96,43.74,44.24,116484
2026-05-18,12:00:00,44.26,44.36,43.9,43.94,113812
2026-05-18,13:00:00,43.92,44.7,43.92,44.58,52366
2026-05-18,14:00:00,44.46,44.88,44.44,44.44,32698
2026-05-18,15:00:00,44.44,44.44,44.44,44.44,3267
2026-05-19,10:00:00,44.72,44.72,43.9,44.3,60810
2026-05-19,11:00:00,44.36,44.66,44.34,44.5,22057
2026-05-19,12:00:00,44.5,44.94,44.14,44.78,162384
2026-05-19,13:00:00,44.78,44.9,44.5,44.7,239291
2026-05-19,14:00:00,44.72,44.82,44.7,44.7,69861
2026-05-20,10:00:00,41.08,44.28,40.5,43.7,172444
2026-05-20,11:00:00,43.7,44.0,43.3,43.3,171145
2026-05-20,12:00:00,43.32,43.4,42.92,43.0,136279
2026-05-20,13:00:00,43.0,43.68,42.34,42.48,327147
2026-05-20,14:00:00,42.48,42.96,40.26,41.0,1150337
2026-05-20,15:00:00,41.1,42.06,40.7,41.08,343187
2026-05-21,10:00:00,39.9,40.7,39.5,39.56,168060
2026-05-21,11:00:00,39.58,39.8,39.06,39.26,195276
2026-05-21,12:00:00,39.26,39.7,39.18,39.5,105169
2026-05-21,13:00:00,39.56,40.08,39.48,39.9,124753
2026-05-21,14:00:00,39.86,40.0,39.68,39.74,163785
2026-05-21,15:00:00,39.7,39.92,39.56,39.9,193862
2026-05-31,10:00:00,39.78,40.06,39.64,39.98,74217
2026-05-31,11:00:00,39.98,39.98,39.68,39.84,72846
2026-05-31,12:00:00,39.82,39.92,39.8,39.82,10251
2026-05-31,13:00:00,39.82,39.82,39.74,39.76,11580
2026-05-31,14:00:00,39.76,39.76,39.52,39.6,28000
2026-05-31,15:00:00,39.62,39.84,39.56,39.78,11520
2026-06-01,10:00:00,39.16,39.68,38.72,39.56,106332
2026-06-01,11:00:00,39.58,39.6,39.44,39.46,38676
2026-06-01,12:00:00,39.48,39.48,39.22,39.3,40977
2026-06-01,13:00:00,39.3,39.3,39.1,39.14,50128
2026-06-01,14:00:00,39.14,39.3,39.12,39.22,30012
2026-06-01,15:00:00,39.2,39.22,39.14,39.16,26172
2026-06-02,10:00:00,38.8,38.82,38.72,38.78,18584
2026-06-02,11:00:00,38.78,38.8,38.66,38.76,51835
2026-06-02,12:00:00,38.76,38.78,38.42,38.52,42278
2026-06-02,13:00:00,38.54,38.54,38.0,38.04,57041
2026-06-02,14:00:00,38.04,38.12,38.0,38.1,39885
2026-06-02,15:00:00,38.1,38.22,38.08,38.1,13931
2026-06-03,10:00:00,38.52,38.84,38.08,38.44,75451
2026-06-03,11:00:00,38.48,38.5,38.1,38.4,202332
2026-06-03,12:00:00,38.4,38.68,38.22,38.64,48805
2026-06-03,13:00:00,38.64,39.32,38.56,39.22,124281
2026-06-03,14:00:00,39.26,39.3,38.6,38.62,63781
2026-06-04,10:00:00,38.7,38.7,38.28,38.42,34619
2026-06-04,11:00:00,38.44,38.62,38.42,38.46,29164
2026-06-04,12:00:00,38.5,38.84,38.44,38.66,27991
2026-06-04,13:00:00,38.64,38.8,38.62,38.62,19041
2026-06-04,14:00:00,38.62,38.7,38.56,38.56,19915
2026-06-04,15:00:00,38.58,38.7,38.56,38.7,18114
2026-06-07,10:00:00,38.1,38.44,37.52,38.14,24190
2026-06-07,11:00:00,38.14,38.18,37.88,37.98,48556
2026-06-07,12:00:00,38.02,38.28,38.0,38.14,29906
2026-06-07,13:00:00,38.2,38.2,38.08,38.14,18690
2026-06-07,14:00:00,38.12,38.18,38.08,38.1,16934
2026-06-07,15:00:00,38.1,38.12,38.08,38.1,4667
2026-06-08,10:00:00,38.48,38.8,37.7,37.74,41385
2026-06-08,11:00:00,37.76,37.82,37.6,37.72,29625
2026-06-08,12:00:00,37.72,38.0,37.6,37.72,47061
2026-06-08,13:00:00,37.74,37.8,37.72,37.76,6280
2026-06-08,14:00:00,37.78,38.28,37.76,38.18,39555
2026-06-08,15:00:00,38.18,38.48,38.16,38.48,39142
2026-06-09,10:00:00,38.4,38.98,38.32,38.92,41607
2026-06-09,11:00:00,38.94,39.1,38.9,38.9,20087
2026-06-09,12:00:00,38.92,39.06,38.82,39.06,13278
2026-06-09,13:00:00,39.06,39.2,38.22,38.46,66160
2026-06-09,14:00:00,38.46,38.72,38.46,38.58,25105
2026-06-09,15:00:00,38.52,38.56,38.36,38.4,18726
2026-06-10,10:00:00,38.14,38.4,38.04,38.34,18436
2026-06-10,11:00:00,38.34,38.34,38.08,38.16,24536
2026-06-10,12:00:00,38.18,38.46,38.18,38.36,35038
2026-06-10,13:00:00,38.36,38.5,38.18,38.2,20955
2026-06-10,14:00:00,38.2,38.2,38.06,38.12,21956
2026-06-10,15:00:00,38.1,38.16,38.1,38.14,26418
2026-06-11,10:00:00,38.4,38.62,37.96,38.12,38303
2026-06-11,11:00:00,38.06,38.08,37.96,38.0,24646
2026-06-11,12:00:00,37.98,38.04,37.88,37.9,44619
2026-06-11,13:00:00,37.88,37.98,37.74,37.78,66182
2026-06-11,14:00:00,37.8,38.22,37.78,38.14,75078
2026-06-11,15:00:00,38.16,38.4,38.0,38.4,45358
2026-06-14,10:00:00,38.3,38.62,38.3,38.56,68002
2026-06-14,11:00:00,38.58,38.6,38.28,38.32,28403
2026-06-14,12:00:00,38.38,38.44,38.24,38.44,16051
2026-06-14,13:00:00,38.34,38.6,38.34,38.56,46637
2026-06-14,14:00:00,38.56,38.6,38.5,38.52,16131
2026-06-14,15:00:00,38.54,38.56,38.28,38.3,157868
2026-06-15,10:00:00,38.26,38.5,38.08,38.5,65079
2026-06-15,11:00:00,38.56,38.64,38.28,38.4,167015
2026-06-15,12:00:00,38.38,38.4,38.22,38.3,95358
2026-06-15,13:00:00,38.32,38.4,38.22,38.24,32284
2026-06-15,14:00:00,38.24,38.26,38.2,38.24,23831
2026-06-15,15:00:00,38.22,38.26,38.14,38.26,17025
2026-06-16,10:00:00,37.68,38.1,37.64,37.98,90086
2026-06-16,11:00:00,37.98,38.06,37.86,37.94,42205
2026-06-16,12:00:00,37.94,37.96,37.8,37.96,29723
2026-06-16,13:00:00,37.96,37.96,37.6,37.7,119394
2026-06-16,14:00:00,37.74,37.9,37.6,37.72,128104
2026-06-16,15:00:00,37.7,37.76,37.66,37.68,17253
2026-06-17,10:00:00,38.2,38.2,37.72,37.94,42574
2026-06-17,11:00:00,37.94,38.52,37.92,38.3,119464
2026-06-17,12:00:00,38.34,38.34,38.0,38.18,35436
2026-06-17,13:00:00,38.18,38.38,38.06,38.18,103832
2026-06-17,14:00:00,38.18,38.24,38.12,38.14,21404
2026-06-17,15:00:00,38.12,38.2,38.1,38.2,3029
2026-06-18,10:00:00,37.94,38.1,37.9,37.96,21178
2026-06-18,11:00:00,37.96,38.0,37.92,38.0,15285
2026-06-18,12:00:00,37.98,38.0,37.96,38.0,8392
2026-06-18,13:00:00,38.0,38.0,37.92,37.98,17807
2026-06-18,14:00:00,37.96,38.02,37.92,38.0,47813
2026-06-18,15:00:00,37.98,38.0,37.94,37.94,12563
2026-06-21,10:00:00,37.78,38.06,37.48,38.04,17997
2026-06-21,11:00:00,38.04,38.04,37.94,37.94,22784
2026-06-21,12:00:00,37.94,37.98,37.9,37.98,12002
2026-06-21,13:00:00,37.98,38.0,37.9,37.9,10507
2026-06-21,14:00:00,37.96,37.96,37.76,37.78,14797
2026-06-21,15:00:00,37.8,37.8,37.74,37.78,22535
2026-06-22,10:00:00,36.9,37.6,36.2,37.58,104487
2026-06-22,11:00:00,37.58,37.64,37.46,37.5,29272
2026-06-22,12:00:00,37.48,37.48,37.0,37.2,45311
2026-06-22,13:00:00,37.2,37.3,37.12,37.24,14941
2026-06-22,14:00:00,37.24,37.26,36.8,36.92,44416
2026-06-22,15:00:00,36.96,36.96,36.8,36.9,68903
2026-06-23,10:00:00,36.5,36.58,36.32,36.58,18158
2026-06-23,11:00:00,36.58,37.24,36.52,37.24,94208
2026-06-23,12:00:00,37.24,37.24,36.98,36.98,13134
2026-06-23,13:00:00,37.04,37.1,36.5,36.94,14104
2026-06-23,14:00:00,36.9,36.9,36.52,36.62,27202
2026-06-23,15:00:00,36.62,36.68,36.5,36.5,28864
2026-06-24,10:00:00,36.3,36.46,35.92,36.24,62059
2026-06-24,11:00:00,36.22,36.5,36.22,36.38,33358
2026-06-24,12:00:00,36.32,36.38,36.2,36.3,20339
2026-06-24,13:00:00,36.3,36.32,35.96,36.0,78646
2026-06-24,14:00:00,36.0,36.38,35.78,36.26,291278
2026-06-24,15:00:00,36.26,36.36,36.14,36.3,98456
2026-06-25,10:00:00,35.62,36.14,35.54,35.98,28004
2026-06-25,11:00:00,35.94,35.98,35.84,35.88,35496
2026-06-25,12:00:00,35.84,35.86,35.64,35.68,47740
2026-06-25,13:00:00,35.7,35.82,35.7,35.78,14473
2026-06-25,14:00:00,35.78,35.78,35.62,35.64,25029
2026-06-25,15:00:00,35.66,35.74,35.6,35.62,21770
2026-06-28,10:00:00,35.68,35.68,35.28,35.32,21124
2026-06-28,11:00:00,35.34,35.44,35.34,35.42,7338
2026-06-28,12:00:00,35.4,35.7,35.38,35.56,19592
2026-06-28,13:00:00,35.56,35.66,35.5,35.6,4200
2026-06-28,14:00:00,35.6,35.76,35.5,35.68,17865
2026-06-28,15:00:00,35.64,35.68,35.58,35.68,1122
2026-06-29,10:00:00,35.54,35.58,35.4,35.4,7128
2026-06-29,11:00:00,35.38,35.78,35.36,35.72,25726
2026-06-29,12:00:00,35.76,35.76,35.6,35.7,21257
2026-06-29,13:00:00,35.7,35.7,35.52,35.64,7326
2026-06-29,14:00:00,35.6,35.6,35.3,35.42,90517
2026-06-29,15:00:00,35.44,35.44,35.32,35.32,26777
2026-06-30,10:00:00,35.32,35.98,35.26,35.6,122063
2026-06-30,11:00:00,35.62,36.1,35.62,35.92,64691
2026-06-30,12:00:00,35.94,35.94,35.74,35.88,16864
2026-06-30,13:00:00,35.88,35.98,35.44,35.44,34332
2026-06-30,14:00:00,35.44,35.62,35.4,35.56,32333
2026-07-01,10:00:00,35.7,36.32,35.44,36.18,199515
2026-07-01,11:00:00,36.16,36.8,36.1,36.8,265707
2026-07-01,12:00:00,36.8,37.14,36.0,36.06,186698
2026-07-01,13:00:00,36.18,36.2,35.96,36.02,132806
2026-07-01,14:00:00,36.06,36.06,35.7,35.88,57342
2026-07-01,15:00:00,35.88,35.94,35.7,35.7,37625
2026-07-02,10:00:00,34.4,35.56,34.06,35.44,66062
2026-07-02,11:00:00,35.42,35.44,35.02,35.12,109840
2026-07-02,12:00:00,35.02,35.08,34.92,34.98,59612
2026-07-02,13:00:00,34.94,34.94,34.74,34.8,32869
2026-07-02,14:00:00,34.8,34.84,34.66,34.74,38349
2026-07-02,15:00:00,34.72,34.72,34.4,34.4,55664
2026-07-05,10:00:00,34.64,34.64,34.0,34.04,34190
2026-07-05,11:00:00,34.02,35.04,34.0,35.0,96360
2026-07-05,12:00:00,35.0,35.0,34.76,34.8,21691
2026-07-05,13:00:00,34.74,34.78,34.44,34.48,25285
2026-07-05,14:00:00,34.44,34.62,34.3,34.62,21934
2026-07-05,15:00:00,34.62,34.74,34.58,34.64,18443
2026-07-06,10:00:00,35.32,35.32,34.34,34.5,37155
2026-07-06,11:00:00,34.52,34.64,34.4,34.56,25776
2026-07-06,12:00:00,34.56,35.24,34.44,35.12,68314
2026-07-06,13:00:00,35.22,36.1,35.22,35.56,200221
2026-07-06,14:00:00,35.6,35.92,35.3,35.42,61168
2026-07-06,15:00:00,35.36,35.4,35.2,35.32,14187
2026-07-07,10:00:00,35.1,35.1,32.5,34.52,340586
2026-07-07,11:00:00,34.56,34.8,34.5,34.6,44752
2026-07-07,12:00:00,34.6,34.8,34.56,34.78,29519
2026-07-07,13:00:00,34.78,34.9,34.68,34.86,34426
2026-07-07,14:00:00,34.86,34.92,34.7,34.84,42532
2026-07-07,15:00:00,34.86,35.1,34.78,35.1,33138
2026-07-08,10:00:00,31.6,33.1,30.3,32.32,611891
2026-07-08,11:00:00,32.32,32.6,31.7,31.92,955703
2026-07-08,12:00:00,31.92,32.0,31.72,31.72,493690
2026-07-08,13:00:00,31.74,31.8,31.6,31.6,1243201
2026-07-08,14:00:00,31.62,31.64,31.6,31.6,66300
2026-07-08,15:00:00,31.6,31.6,31.6,31.6,18209
2026-07-09,10:00:00,30.78,30.78,30.16,30.36,273317
2026-07-09,11:00:00,30.34,30.86,30.04,30.6,362839
2026-07-09,12:00:00,30.6,31.3,30.6,31.1,260487
2026-07-09,13:00:00,31.08,31.24,30.88,30.92,111962
2026-07-09,14:00:00,30.96,31.0,30.7,30.82,118164
2026-07-09,15:00:00,30.82,30.84,30.74,30.78,30846
2026-07-12,10:00:00,30.46,30.68,30.46,30.54,25070
2026-07-12,11:00:00,30.44,30.54,30.2,30.32,84056
2026-07-12,12:00:00,30.3,30.48,30.24,30.36,75586
2026-07-12,13:00:00,30.42,30.56,30.38,30.44,27368
2026-07-12,14:00:00,30.42,30.44,30.22,30.34,61558
2026-07-12,15:00:00,30.36,30.5,30.18,30.18,57265
2026-07-13,10:00:00,30.3,30.36,30.1,30.22,40643
2026-07-13,11:00:00,30.22,30.44,30.18,30.4,36800
2026-07-13,12:00:00,30.4,30.42,30.2,30.32,22808
2026-07-13,13:00:00,30.32,30.42,30.28,30.38,64588
2026-07-13,14:00:00,30.4,31.2,30.38,31.02,401024
2026-07-13,15:00:00,30.9,30.9,30.9,30.9,24453
2026-07-14,10:00:00,30.9,31.18,30.72,31.0,94032
2026-07-14,11:00:00,31.02,31.18,30.76,31.02,51629
2026-07-14,12:00:00,30.98,31.16,30.9,30.92,54376
2026-07-14,13:00:00,30.92,31.04,30.84,30.84,63846
2026-07-14,14:00:00,30.8,30.8,30.44,30.48,69267
2026-07-14,15:00:00,30.48,30.48,30.48,30.48,5647
2026-07-15,10:00:00,30.44,30.54,30.18,30.24,44666
2026-07-15,11:00:00,30.28,30.38,30.2,30.34,48818
2026-07-15,12:00:00,30.34,30.36,30.14,30.16,37063
2026-07-15,13:00:00,30.18,30.24,30.12,30.18,43534
2026-07-15,14:00:00,30.16,30.32,30.1,30.1,46783
2026-07-15,15:00:00,30.1,30.1,30.1,30.1,15707
2026-07-16,10:00:00,30.7,30.7,29.86,30.14,57055
2026-07-16,11:00:00,30.14,30.18,30.08,30.1,25138
2026-07-16,12:00:00,30.14,30.2,30.0,30.02,23014
2026-07-16,13:00:00,30.02,30.16,29.98,30.16,46285
2026-07-16,14:00:00,30.16,30.24,30.1,30.2,32698
2026-07-16,15:00:00,30.14,30.14,30.14,30.14,12508
2026-07-19,10:00:00,30.06,30.06,29.64,29.76,80518
2026-07-19,11:00:00,29.76,29.9,29.7,29.76,40253
2026-07-19,12:00:00,29.74,29.8,29.68,29.74,40748
2026-07-19,13:00:00,29.72,29.82,29.72,29.76,37072
2026-07-19,14:00:00,29.74,29.8,29.72,29.76,52053
2026-07-19,15:00:00,29.74,29.74,29.74,29.74,8765
2026-07-20,10:00:00,29.98,29.98,29.76,29.92,16227
2026-07-20,11:00:00,29.96,30.08,29.9,30.0,15972
2026-07-20,12:00:00,29.96,30.06,29.78,29.78,10916
2026-07-20,13:00:00,29.8,29.84,29.72,29.74,23117
2026-07-20,14:00:00,29.74,29.78,29.62,29.62,64687
2026-07-20,15:00:00,29.64,29.64,29.64,29.64,4939
2026-07-21,10:00:00,29.62,29.72,29.32,29.42,75693
2026-07-21,11:00:00,29.44,29.58,29.44,29.5,11473
2026-07-21,12:00:00,29.48,29.5,29.3,29.34,25717
2026-07-21,13:00:00,29.36,29.38,29.24,29.24,32387
2026-07-21,14:00:00,29.26,29.34,29.18,29.18,56789
2026-07-21,15:00:00,29.18,29.18,29.18,29.18,2008
2026-07-22,10:00:00,29.26,29.42,29.2,29.3,25095
2026-07-22,11:00:00,29.3,29.34,29.14,29.16,21987
2026-07-22,12:00:00,29.18,29.3,29.12,29.16,20535
2026-07-22,13:00:00,29.16,29.34,29.14,29.34,11996
2026-07-22,14:00:00,29.32,29.38,29.2,29.2,12654
2026-07-23,10:00:00,29.22,29.26,29.04,29.18,18679
2026-07-23,11:00:00,29.14,29.28,29.14,29.28,9129
2026-07-23,12:00:00,29.3,29.38,29.24,29.34,9353
2026-07-23,13:00:00,29.34,29.5,29.32,29.42,32230
2026-07-23,14:00:00,29.44,29.5,29.38,29.4,54703
2026-07-23,15:00:00,29.44,29.44,29.36,29.36,26179
2026-07-26,10:00:00,29.06,29.4,29.06,29.32,63894
2026-07-26,11:00:00,29.3,29.36,29.26,29.3,13578
2026-07-26,12:00:00,29.3,29.44,29.3,29.36,11377
2026-07-26,13:00:00,29.38,29.38,29.24,29.24,21799
2026-07-26,14:00:00,29.24,29.32,29.2,29.2,30404
2026-07-26,15:00:00,29.36,29.36,29.36,29.36,599
2026-07-27,10:00:00,29.36,29.62,29.2,29.5,27080
2026-07-27,11:00:00,29.54,29.54,29.3,29.36,50130
2026-07-27,12:00:00,29.4,29.44,29.16,29.2,23645
2026-07-27,13:00:00,29.22,29.32,29.2,29.3,16607
2026-07-27,14:00:00,29.32,29.44,29.22,29.42,49753
2026-07-27,15:00:00,29.3,29.3,29.3,29.3,2133
2026-07-28,10:00:00,29.3,29.34,29.1,29.28,51288
2026-07-28,11:00:00,29.3,29.3,29.18,29.2,47937
2026-07-28,12:00:00,29.26,29.28,29.24,29.26,7932
2026-07-28,13:00:00,29.26,29.28,29.02,29.08,25644
2026-07-28,14:00:00,29.08,29.12,28.98,29.0,24513
2026-07-28,15:00:00,29.0,29.0,29.0,29.0,9899
2026-07-29,10:00:00,29.0,29.0,28.48,28.48,26589
2026-07-29,11:00:00,28.48,28.88,28.32,28.88,40908
2026-07-29,12:00:00,28.9,28.98,28.54,28.6,15802
2026-07-29,13:00:00,28.68,28.8,28.6,28.76,6641
2026-07-29,14:00:00,28.76,29.22,28.7,28.94,79353
2026-07-29,15:00:00,29.0,29.0,29.0,29.0,26358
2026-07-30,10:00:00,29.4,29.6,28.62,28.62,39125
2026-07-30,11:00:00,28.62,28.74,28.56,28.62,61629
2026-07-30,12:00:00,28.6,28.68,28.58,28.68,23721
2026-07-30,13:00:00,28.68,29.28,28.66,29.24,55096
2026-07-30,14:00:00,29.2,29.88,29.2,29.52,124042
2026-08-02,10:00:00,29.48,29.48,29.3,29.42,25487
2026-08-02,11:00:00,29.44,29.74,29.3,29.5,64041
2026-08-02,12:00:00,29.58,29.66,29.5,29.54,10281
2026-08-02,13:00:00,29.6,29.62,29.3,29.36,33312
2026-08-02,14:00:00,29.48,29.48,29.3,29.36,18934
2026-08-02,15:00:00,29.44,29.46,29.36,29.42,3965
2026-08-03,10:00:00,29.34,29.6,29.22,29.56,27745
2026-08-03,11:00:00,29.48,29.76,29.48,29.68,40519
2026-08-03,12:00:00,29.68,29.82,29.64,29.82,22663
2026-08-03,13:00:00,29.78,30.42,29.78,30.42,117529
2026-08-03,14:00:00,30.4,30.42,30.1,30.16,71978
2026-08-03,15:00:00,30.02,30.02,30.02,30.02,5195
2026-08-04,10:00:00,29.88,30.02,29.62,29.84,151870
2026-08-04,11:00:00,29.9,30.1,29.84,29.92,97725
2026-08-04,12:00:00,29.88,29.94,29.8,29.84,26878
2026-08-04,13:00:00,29.84,30.36,29.84,29.88,118645
2026-08-04,14:00:00,29.88,30.0,29.86,29.88,98227
2026-08-05,10:00:00,29.58,29.86,29.5,29.8,18723
2026-08-05,11:00:00,29.78,30.14,29.78,30.1,39696
2026-08-05,12:00:00,30.12,30.12,29.72,29.82,31236
2026-08-05,13:00:00,29.82,29.84,29.64,29.64,20000
2026-08-05,14:00:00,29.66,29.72,29.6,29.62,11884
2026-08-05,15:00:00,29.6,29.64,29.54,29.58,16672
2026-08-06,10:00:00,28.72,29.66,28.52,29.34,26720
2026-08-06,11:00:00,29.32,29.36,29.18,29.26,31501
2026-08-06,12:00:00,29.22,29.22,29.06,29.16,21862
2026-08-06,13:00:00,29.12,29.12,28.84,28.96,52160
2026-08-06,14:00:00,28.96,28.96,28.68,28.7,39618
2026-08-06,15:00:00,28.68,28.8,28.68,28.72,11947
2026-08-09,10:00:00,28.56,28.98,28.02,28.64,150509
2026-08-09,11:00:00,28.68,28.9,28.64,28.84,76021
2026-08-09,12:00:00,28.82,28.82,28.62,28.7,80707
2026-08-09,13:00:00,28.7,28.7,28.6,28.64,27441
2026-08-09,14:00:00,28.64,28.68,28.58,28.6,116025
2026-08-09,15:00:00,28.6,28.62,28.56,28.56,20457
2026-08-10,10:00:00,28.12,28.2,27.8,28.14,81307
2026-08-10,11:00:00,28.12,28.12,27.9,27.9,54642
2026-08-10,12:00:00,27.9,28.2,27.9,28.0,60026
2026-08-10,13:00:00,28.0,28.06,28.0,28.04,32088
2026-08-10,14:00:00,28.06,28.42,28.06,28.3,81691
2026-08-10,15:00:00,28.36,28.44,28.12,28.12,30995
2026-08-11,10:00:00,28.06,28.2,27.82,27.88,55990
2026-08-11,11:00:00,27.88,27.9,27.84,27.86,16317
2026-08-11,12:00:00,27.86,28.18,27.84,28.04,23968
2026-08-11,13:00:00,28.02,28.08,27.94,28.0,36153
2026-08-11,14:00:00,28.0,28.12,28.0,28.0,90402
2026-08-11,15:00:00,28.0,28.22,28.0,28.06,73016
2026-08-12,10:00:00,28.44,28.46,28.02,28.02,18290
2026-08-12,11:00:00,28.02,28.2,27.9,27.94,89838
2026-08-12,12:00:00,27.94,28.1,27.92,28.1,15565
2026-08-12,13:00:00,28.12,28.38,28.1,28.38,30171
2026-08-12,14:00:00,28.34,28.34,28.28,28.3,13910
2026-08-12,15:00:00,28.3,28.5,28.28,28.44,15367
2026-08-13,10:00:00,28.22,28.98,28.22,28.32,15158
2026-08-13,11:00:00,28.38,28.38,28.12,28.18,3190
2026-08-13,12:00:00,28.18,28.38,28.18,28.38,7431
2026-08-13,13:00:00,28.38,28.5,28.24,28.44,13400
2026-08-13,14:00:00,28.44,28.68,28.34,28.34,36356
2026-08-13,15:00:00,28.38,28.46,28.22,28.22,13611
2026-08-16,10:00:00,29.4,29.54,28.52,28.72,35790
2026-08-16,11:00:00,28.7,28.9,28.62,28.72,19411
2026-08-16,12:00:00,28.72,28.78,28.6,28.78,33510
2026-08-16,13:00:00,28.8,29.72,28.64,29.72,171246
2026-08-16,14:00:00,29.74,29.98,29.44,29.62,151366
2026-08-16,15:00:00,29.6,29.64,29.4,29.4,14842
2026-08-17,10:00:00,30.3,30.34,29.22,29.5,20464
2026-08-17,11:00:00,29.5,30.76,29.42,30.64,132610
2026-08-17,12:00:00,30.6,30.7,29.9,30.4,146974
2026-08-17,13:00:00,30.44,30.7,30.4,30.54,72382
2026-08-17,14:00:00,30.54,30.54,30.24,30.32,31693
2026-08-17,15:00:00,30.34,30.4,30.3,30.3,6304
2026-08-18,10:00:00,30.24,30.32,30.02,30.04,5587
2026-08-18,11:00:00,30.3,30.32,29.98,30.12,19070
2026-08-18,12:00:00,30.12,30.22,30.04,30.22,12766
2026-08-18,13:00:00,30.22,30.24,30.0,30.04,22913
2026-08-18,14:00:00,30.06,30.32,30.0,30.3,53868
2026-08-18,15:00:00,30.3,30.3,30.18,30.24,9489
2026-08-19,11:00:00,30.06,30.16,29.9,30.0,13595
2026-08-19,12:00:00,30.0,30.02,29.88,29.9,16972
2026-08-19,13:00:00,29.92,30.36,29.88,30.28,35769
2026-08-19,14:00:00,30.26,30.26,30.04,30.18,14978
2026-08-19,15:00:00,30.22,30.3,30.1,30.2,12287
2026-08-20,10:00:00,30.2,30.3,30.1,30.1,17664
2026-08-20,11:00:00,30.1,30.5,29.96,30.18,61310
2026-08-20,12:00:00,30.22,30.32,30.08,30.1,18738
2026-08-20,13:00:00,30.18,30.26,30.08,30.1,15327
2026-08-20,14:00:00,30.12,30.16,30.0,30.04,29108
2026-08-20,15:00:00,29.96,29.96,29.96,29.96,3709
2026-08-23,10:00:00,29.98,30.62,29.98,30.44,39092
2026-08-23,11:00:00,30.46,30.62,30.36,30.46,18862
2026-08-23,12:00:00,30.42,30.5,30.38,30.4,11968
2026-08-23,13:00:00,30.44,31.08,30.38,31.06,57900
2026-08-23,14:00:00,31.08,31.14,30.84,31.02,30792
2026-08-23,15:00:00,31.0,31.0,31.0,31.0,1307
2026-08-24,10:00:00,31.2,31.44,31.0,31.34,32437
2026-08-24,11:00:00,31.32,31.4,31.2,31.26,85143
2026-08-24,12:00:00,31.28,31.3,31.06,31.18,22296
2026-08-24,13:00:00,31.18,31.5,31.12,31.48,81580
2026-08-24,14:00:00,31.5,31.66,31.22,31.66,121595
2026-08-24,15:00:00,31.72,31.72,31.72,31.72,5825
2026-08-25,10:00:00,31.8,32.26,31.36,31.6,73017
2026-08-25,11:00:00,31.6,31.8,31.6,31.78,62702
2026-08-25,12:00:00,31.78,31.92,31.66,31.92,28283
2026-08-25,13:00:00,31.9,31.9,31.8,31.84,7204
2026-08-25,14:00:00,31.84,31.9,31.8,31.9,12066
2026-08-26,10:00:00,32.24,32.32,31.98,32.26,28961
2026-08-26,11:00:00,32.28,32.46,32.04,32.08,61646
2026-08-26,12:00:00,32.08,32.2,32.0,32.1,18972
2026-08-26,13:00:00,32.18,32.18,32.06,32.16,11271
2026-08-26,14:00:00,32.16,32.18,31.9,32.18,36141
2026-08-26,15:00:00,32.18,32.24,31.98,32.24,69007
2026-08-27,10:00:00,31.9,32.04,31.54,31.86,61009
2026-08-27,11:00:00,31.84,31.84,31.48,31.48,73723
2026-08-27,12:00:00,31.48,32.24,31.46,32.18,79618
2026-08-27,13:00:00,32.14,32.24,31.88,31.9,99303
2026-08-27,14:00:00,31.9,32.0,31.86,31.86,15546
2026-08-27,15:00:00,31.86,32.0,31.86,31.9,8703
2026-08-30,10:00:00,30.9,31.7,30.48,31.54,46317
2026-08-30,11:00:00,31.56,31.56,31.36,31.36,22770
2026-08-30,12:00:00,31.34,31.36,31.2,31.22,7701
2026-08-30,13:00:00,31.2,31.22,31.14,31.2,6923
2026-08-30,14:00:00,31.2,31.2,30.9,31.08,33537
2026-08-30,15:00:00,31.06,31.06,30.9,30.9,8193
2026-08-31,10:00:00,29.84,30.7,29.62,30.56,94799
2026-08-31,11:00:00,30.6,30.62,30.42,30.48,24959
2026-08-31,12:00:00,30.5,30.6,30.42,30.58,19540
2026-08-31,13:00:00,30.56,30.78,30.44,30.46,18132
2026-08-31,14:00:00,30.46,30.46,30.38,30.42,20115
2026-08-31,15:00:00,30.4,30.4,29.84,29.84,236102
2026-09-01,10:00:00,29.82,30.88,29.68,30.16,175275
2026-09-01,11:00:00,30.2,30.26,29.9,29.9,121312
2026-09-01,12:00:00,29.9,30.3,29.88,30.3,60932
2026-09-01,13:00:00,30.3,30.3,30.2,30.3,19538
2026-09-01,14:00:00,30.3,30.3,30.18,30.3,35684
2026-09-01,15:00:00,30.3,30.3,30.02,30.02,13227
2026-09-02,10:00:00,30.18,30.32,30.04,30.14,14701
2026-09-02,11:00:00,30.14,30.16,30.02,30.08,13585
2026-09-02,12:00:00,30.1,30.1,29.96,30.04,10125
2026-09-02,13:00:00,30.04,30.1,29.94,29.96,11914
2026-09-02,14:00:00,29.96,30.02,29.9,29.98,11119
2026-09-02,15:00:00,29.98,29.98,29.98,29.98,8181
2026-09-03,10:00:00,29.8,30.4,29.8,30.18,19263
2026-09-03,11:00:00,30.18,30.22,30.06,30.06,1426
2026-09-03,12:00:00,30.06,30.12,30.0,30.12,3493
2026-09-03,13:00:00,30.14,30.22,30.06,30.06,3917
2026-09-03,14:00:00,30.06,30.1,29.98,29.98,11665
2026-09-03,15:00:00,29.82,29.82,29.82,29.82,5746
2026-09-06,10:00:00,29.82,30.32,29.82,30.26,40470
2026-09-06,11:00:00,30.28,30.32,30.12,30.12,21079
2026-09-06,12:00:00,30.12,30.2,30.02,30.08,6197
2026-09-06,13:00:00,30.04,30.08,30.0,30.04,4685
2026-09-06,14:00:00,30.04,30.06,29.96,29.96,5354
2026-09-06,15:00:00,30.26,30.26,30.26,30.26,3040
2026-09-07,10:00:00,30.34,30.48,30.0,30.02,33158
2026-09-07,11:00:00,30.0,30.06,29.86,30.0,34251
2026-09-07,12:00:00,30.04,30.04,29.94,30.02,3068
2026-09-07,13:00:00,30.0,30.02,29.94,30.0,12834
2026-09-07,14:00:00,30.0,30.08,29.94,30.0,69055
2026-09-07,15:00:00,29.92,29.92,29.92,29.92,14202
2026-09-08,10:00:00,30.46,30.46,29.88,29.92,52765
2026-09-08,11:00:00,29.96,30.02,29.88,30.0,18436
2026-09-08,12:00:00,29.92,30.24,29.92,30.24,25465
2026-09-08,13:00:00,30.24,30.24,30.0,30.14,32117
2026-09-08,14:00:00,30.16,30.36,29.82,29.92,87509
2026-09-08,15:00:00,29.88,29.88,29.88,29.88,1310
2026-09-09,10:00:00,29.68,30.06,29.38,29.86,25742
2026-09-09,11:00:00,29.9,30.0,29.64,29.66,56070
2026-09-09,12:00:00,29.64,29.7,29.0,29.56,298315
2026-09-09,13:00:00,29.56,29.68,29.42,29.5,25412
2026-09-09,14:00:00,29.5,29.6,29.3,29.42,106342
2026-09-10,10:00:00,29.3,29.58,28.62,29.52,55966
2026-09-10,11:00:00,29.5,29.54,29.42,29.44,7021
2026-09-10,12:00:00,29.44,29.5,29.4,29.46,7450
2026-09-10,13:00:00,29.46,29.56,29.44,29.48,7344
2026-09-10,14:00:00,29.5,29.54,29.2,29.24,30028
2026-09-10,15:00:00,29.22,29.36,29.22,29.3,4169
2026-09-13,10:00:00,29.2,29.22,28.9,29.02,41856
2026-09-13,11:00:00,29.06,29.12,28.98,29.08,13787
2026-09-13,12:00:00,29.1,29.3,29.1,29.26,11343
2026-09-13,13:00:00,29.28,29.28,29.18,29.22,11303
2026-09-13,14:00:00,29.18,29.24,29.06,29.08,4817
2026-09-13,15:00:00,29.12,29.2,29.1,29.2,4650
2026-09-14,10:00:00,28.66,29.02,28.54,28.88,16624
2026-09-14,11:00:00,28.92,29.1,28.92,29.02,22556
2026-09-14,12:00:00,29.06,29.1,28.76,28.78,21157
2026-09-14,13:00:00,28.78,28.82,28.74,28.8,6297
2026-09-14,14:00:00,28.8,28.92,28.74,28.76,22410
2026-09-14,15:00:00,28.78,28.78,28.66,28.66,26623
2026-09-15,10:00:00,28.68,28.72,28.32,28.46,37626
2026-09-15,11:00:00,28.54,28.54,28.36,28.5,16480
2026-09-15,12:00:00,28.48,28.52,28.24,28.28,34730
2026-09-15,13:00:00,28.26,28.36,28.22,28.3,16978
2026-09-15,14:00:00,28.3,28.6,28.2,28.42,89710
2026-09-15,15:00:00,28.42,28.58,28.4,28.48,7518
2026-09-16,10:00:00,28.8,28.8,28.3,28.4,17823
2026-09-16,11:00:00,28.44,28.48,28.3,28.32,5168
2026-09-16,12:00:00,28.32,28.4,28.3,28.36,10005
2026-09-16,13:00:00,28.32,28.42,28.28,28.42,3732
2026-09-16,14:00:00,28.4,29.5,28.2,28.54,117375
2026-09-17,10:00:00,28.58,28.62,28.36,28.46,4041
2026-09-17,11:00:00,28.42,28.58,28.38,28.5,3741
2026-09-17,12:00:00,28.44,28.54,28.44,28.52,1285
2026-09-17,13:00:00,28.52,28.52,28.4,28.4,7153
2026-09-17,14:00:00,28.42,28.48,28.34,28.36,9971
2026-09-17,15:00:00,28.38,28.4,27.64,27.64,307017
2026-09-20,10:00:00,27.16,28.08,27.0,28.06,139792
2026-09-20,11:00:00,28.0,28.04,27.88,27.88,26061
2026-09-20,12:00:00,27.96,28.1,27.9,28.0,9406
2026-09-20,13:00:00,28.0,28.06,27.98,28.06,3277
2026-09-20,14:00:00,28.02,28.6,28.0,28.08,120247
2026-09-20,15:00:00,28.08,28.14,28.0,28.08,2811
2026-09-21,10:00:00,28.06,28.6,27.96,28.32,20927
2026-09-21,11:00:00,28.18,28.54,28.18,28.54,13274
2026-09-21,12:00:00,28.5,28.52,28.2,28.2,6410
2026-09-21,13:00:00,28.18,28.24,28.1,28.18,10669
2026-09-21,14:00:00,28.16,28.16,27.86,27.86,18475
2026-09-21,15:00:00,27.86,28.5,27.76,28.1,51442
