Date,Time,Open,High,Low,Close,Volume
2024-08-12,10:00:00,12.74,12.76,12.66,12.7,166700
2024-08-12,11:00:00,12.7,12.76,12.68,12.74,295753
2024-08-12,12:00:00,12.74,12.74,12.7,12.74,183223
2024-08-12,13:00:00,12.74,12.76,12.7,12.72,200316
2024-08-12,14:00:00,12.72,12.74,12.7,12.72,329993
2024-08-12,15:00:00,12.7,12.7,12.7,12.7,91340
2024-08-13,10:00:00,12.62,12.64,12.54,12.6,437142
2024-08-13,11:00:00,12.6,12.6,12.58,12.6,223443
2024-08-13,12:00:00,12.58,12.6,12.58,12.6,348225
2024-08-13,13:00:00,12.58,12.62,12.56,12.62,335725
2024-08-13,14:00:00,12.62,12.64,12.58,12.6,449625
2024-08-13,15:00:00,12.6,12.6,12.6,12.6,65264
2024-08-14,10:00:00,12.6,12.72,12.6,12.72,517604
2024-08-14,11:00:00,12.72,12.76,12.7,12.72,549794
2024-08-14,12:00:00,12.74,12.76,12.72,12.76,127910
2024-08-14,13:00:00,12.76,12.76,12.72,12.74,169089
2024-08-14,14:00:00,12.76,12.8,12.74,12.76,635068
2024-08-14,15:00:00,12.74,12.74,12.74,12.74,156973
2024-08-15,10:00:00,12.74,12.84,12.74,12.78,254688
2024-08-15,11:00:00,12.78,12.82,12.76,12.76,118434
2024-08-15,12:00:00,12.78,12.8,12.72,12.8,348877
2024-08-15,13:00:00,12.8,12.8,12.76,12.76,258951
2024-08-15,14:00:00,12.78,12.78,12.72,12.76,210960
2024-08-15,15:00:00,12.76,12.76,12.76,12.76,72160
2024-08-18,10:00:00,12.8,12.82,12.76,12.8,339280
2024-08-18,11:00:00,12.78,12.8,12.76,12.8,204503
2024-08-18,12:00:00,12.8,12.8,12.76,12.78,174273
2024-08-18,13:00:00,12.78,12.78,12.7,12.72,281810
2024-08-18,14:00:00,12.72,12.74,12.64,12.72,634034
2024-08-18,15:00:00,12.74,12.74,12.74,12.74,9303
2024-08-19,10:00:00,12.74,12.76,12.68,12.68,150215
2024-08-19,11:00:00,12.7,12.74,12.68,12.74,101240
2024-08-19,12:00:00,12.74,12.74,12.7,12.7,98407
2024-08-19,13:00:00,12.72,12.76,12.7,12.74,219597
2024-08-19,14:00:00,12.74,12.76,12.7,12.72,173864
2024-08-19,15:00:00,12.76,12.76,12.76,12.76,22512
2024-08-20,10:00:00,12.76,12.78,12.72,12.78,159351
2024-08-20,11:00:00,12.78,12.82,12.76,12.8,306850
2024-08-20,12:00:00,12.8,12.9,12.78,12.88,654387
2024-08-20,13:00:00,12.86,12.88,12.84,12.86,286763
2024-08-20,14:00:00,12.86,12.86,12.8,12.82,293955
2024-08-20,15:00:00,12.8,12.8,12.8,12.8,56763
2024-08-21,10:00:00,12.82,13.0,12.82,12.94,880529
2024-08-21,11:00:00,12.94,12.96,12.9,12.92,361431
2024-08-21,12:00:00,12.94,12.94,12.9,12.9,286057
2024-08-21,13:00:00,12.92,12.94,12.88,12.9,291339
2024-08-21,14:00:00,12.92,12.94,12.88,12.92,310037
2024-08-21,15:00:00,12.92,12.92,12.92,12.92,107232
2024-08-22,10:00:00,12.96,12.96,12.88,12.94,463279
2024-08-22,11:00:00,12.94,12.96,12.9,12.94,173864
2024-08-22,12:00:00,12.94,12.98,12.92,12.98,303180
2024-08-22,13:00:00,12.98,12.98,12.94,12.96,231380
2024-08-22,14:00:00,12.94,13.02,12.94,13.0,823883
2024-08-22,15:00:00,13.0,13.0,13.0,13.0,185998
2024-08-25,10:00:00,13.02,13.1,13.02,13.08,505010
2024-08-25,11:00:00,13.08,13.14,13.06,13.14,569394
2024-08-25,12:00:00,13.12,13.14,13.1,13.12,430648
2024-08-25,13:00:00,13.14,13.16,13.1,13.14,332721
2024-08-25,14:00:00,13.16,13.16,13.08,13.12,469368
2024-08-25,15:00:00,13.14,13.14,13.14,13.14,18920
2024-08-26,10:00:00,13.16,13.16,13.06,13.08,465750
2024-08-26,11:00:00,13.08,13.1,13.0,13.08,509626
2024-08-26,12:00:00,13.06,13.08,13.0,13.08,213768
2024-08-26,13:00:00,13.06,13.08,12.96,13.02,543496
2024-08-26,14:00:00,13.02,13.04,13.0,13.04,279025
2024-08-26,15:00:00,13.06,13.06,13.06,13.06,50594
2024-08-27,10:00:00,13.04,13.06,13.0,13.04,399353
2024-08-27,11:00:00,13.06,13.06,12.94,12.98,393444
2024-08-27,12:00:00,12.98,12.98,12.94,12.98,222273
2024-08-27,13:00:00,12.98,13.0,12.88,12.92,682043
2024-08-27,14:00:00,12.92,12.92,12.84,12.86,607671
2024-08-27,15:00:00,12.84,12.84,12.84,12.84,38810
2024-08-28,10:00:00,12.96,12.96,12.8,12.82,532856
2024-08-28,11:00:00,12.82,12.9,12.8,12.88,150031
2024-08-28,12:00:00,12.88,12.9,12.86,12.9,106856
2024-08-28,13:00:00,12.9,12.9,12.8,12.82,372673
2024-08-28,14:00:00,12.8,12.82,12.74,12.78,442936
2024-08-28,15:00:00,12.74,12.74,12.74,12.74,82621
2024-08-29,10:00:00,12.7,12.88,12.7,12.84,390179
2024-08-29,11:00:00,12.86,12.86,12.8,12.84,167440
2024-08-29,12:00:00,12.82,12.86,12.82,12.84,70764
2024-08-29,13:00:00,12.86,12.9,12.8,12.9,275993
2024-08-29,14:00:00,12.88,12.9,12.82,12.84,171173
2024-08-29,15:00:00,12.78,12.78,12.78,12.78,1334003
2024-09-01,10:00:00,12.84,12.94,12.84,12.9,234673
2024-09-01,11:00:00,12.92,12.96,12.9,12.94,341064
2024-09-01,12:00:00,12.94,12.94,12.88,12.92,382812
2024-09-01,13:00:00,12.94,12.94,12.88,12.92,232000
2024-09-01,14:00:00,12.92,12.94,12.88,12.92,284778
2024-09-01,15:00:00,12.94,12.94,12.94,12.94,34110
2024-09-02,10:00:00,12.94,12.96,12.88,12.88,310789
2024-09-02,11:00:00,12.9,12.9,12.88,12.9,268689
2024-09-02,12:00:00,12.9,12.9,12.88,12.9,116367
2024-09-02,13:00:00,12.9,12.9,12.86,12.88,171157
2024-09-02,14:00:00,12.88,12.88,12.82,12.84,276132
2024-09-02,15:00:00,12.9,12.9,12.9,12.9,30859
2024-09-03,10:00:00,12.88,12.88,12.82,12.84,298165
2024-09-03,11:00:00,12.84,12.84,12.78,12.82,306681
2024-09-03,12:00:00,12.82,12.84,12.8,12.82,115783
2024-09-03,13:00:00,12.82,12.84,12.8,12.82,156392
2024-09-03,14:00:00,12.82,12.82,12.78,12.82,337454
2024-09-03,15:00:00,12.8,12.8,12.8,12.8,35851
2024-09-04,10:00:00,12.78,12.78,12.64,12.72,592884
2024-09-04,11:00:00,12.74,12.78,12.7,12.72,318930
2024-09-04,12:00:00,12.72,12.78,12.7,12.74,444049
2024-09-04,13:00:00,12.74,12.8,12.72,12.8,271223
2024-09-04,14:00:00,12.78,12.8,12.7,12.76,518550
2024-09-04,15:00:00,12.74,12.74,12.74,12.74,62038
2024-09-05,10:00:00,12.74,12.76,12.62,12.68,691751
2024-09-05,11:00:00,12.68,12.7,12.64,12.68,295925
2024-09-05,12:00:00,12.68,12.68,12.58,12.62,742282
2024-09-05,13:00:00,12.62,12.66,12.6,12.62,309992
2024-09-05,14:00:00,12.62,12.64,12.6,12.64,445586
2024-09-05,15:00:00,12.66,12.66,12.66,12.66,122921
2024-09-08,10:00:00,12.64,12.64,12.58,12.6,266569
2024-09-08,11:00:00,12.62,12.64,12.58,12.62,207671
2024-09-08,12:00:00,12.62,12.62,12.58,12.62,168558
2024-09-08,13:00:00,12.62,12.64,12.58,12.64,253101
2024-09-08,14:00:00,12.64,12.66,12.6,12.66,131247
2024-09-08,15:00:00,12.66,12.66,12.66,12.66,46074
2024-09-09,10:00:00,12.68,12.74,12.66,12.68,231794
2024-09-09,11:00:00,12.68,12.72,12.66,12.72,185362
2024-09-09,12:00:00,12.72,12.74,12.7,12.74,241117
2024-09-09,13:00:00,12.74,12.74,12.7,12.72,167077
2024-09-09,14:00:00,12.72,12.74,12.7,12.72,171071
2024-09-09,15:00:00,12.72,12.72,12.72,12.72,91862
2024-09-10,10:00:00,12.74,12.78,12.7,12.72,209692
2024-09-10,11:00:00,12.74,12.76,12.72,12.76,510981
2024-09-10,12:00:00,12.76,12.8,12.74,12.78,442262
2024-09-10,13:00:00,12.78,12.88,12.76,12.86,510149
2024-09-10,14:00:00,12.86,12.94,12.82,12.94,840924
2024-09-10,15:00:00,13.0,13.0,13.0,13.0,906195
2024-09-11,10:00:00,12.98,12.98,12.86,12.9,455867
2024-09-11,11:00:00,12.9,12.92,12.86,12.9,257634
2024-09-11,12:00:00,12.9,12.94,12.88,12.92,181783
2024-09-11,13:00:00,12.9,12.92,12.86,12.86,178035
2024-09-11,14:00:00,12.88,12.88,12.74,12.74,705906
2024-09-11,15:00:00,12.74,12.74,12.74,12.74,171590
2024-09-12,10:00:00,12.76,13.0,12.76,12.88,643395
2024-09-12,11:00:00,12.9,12.94,12.8,12.84,230134
2024-09-12,12:00:00,12.84,12.86,12.8,12.86,95103
2024-09-12,13:00:00,12.86,12.86,12.84,12.86,100085
2024-09-12,14:00:00,12.84,12.88,12.82,12.84,285676
2024-09-12,15:00:00,12.88,12.88,12.88,12.88,380150
2024-09-15,10:00:00,12.9,12.92,12.8,12.82,260123
2024-09-15,11:00:00,12.82,12.84,12.8,12.82,131842
2024-09-15,12:00:00,12.84,12.84,12.8,12.8,177393
2024-09-15,13:00:00,12.8,12.82,12.78,12.78,139331
2024-09-15,14:00:00,12.78,12.9,12.78,12.86,353291
2024-09-15,15:00:00,12.86,12.86,12.86,12.86,19374
2024-09-16,10:00:00,12.86,12.86,12.74,12.74,288903
2024-09-16,11:00:00,12.76,12.8,12.74,12.8,162513
2024-09-16,12:00:00,12.8,12.8,12.78,12.78,133023
2024-09-16,13:00:00,12.8,12.82,12.76,12.78,329429
2024-09-16,14:00:00,12.78,12.8,12.76,12.78,160753
2024-09-16,15:00:00,12.78,12.78,12.78,12.78,44352
2024-09-17,10:00:00,12.86,12.88,12.78,12.78,296503
2024-09-17,11:00:00,12.8,12.86,12.78,12.8,286321
2024-09-17,12:00:00,12.82,12.88,12.8,12.86,234012
2024-09-17,13:00:00,12.88,12.88,12.82,12.82,151355
2024-09-17,14:00:00,12.82,12.92,12.8,12.92,453600
2024-09-17,15:00:00,12.9,12.9,12.9,12.9,23944
2024-09-18,10:00:00,12.9,12.92,12.82,12.88,157798
2024-09-18,11:00:00,12.86,12.9,12.86,12.86,62229
2024-09-18,12:00:00,12.86,12.88,12.84,12.86,89593
2024-09-18,13:00:00,12.86,12.88,12.84,12.86,90777
2024-09-18,14:00:00,12.86,13.02,12.84,12.98,1023376
2024-09-18,15:00:00,12.94,12.94,12.94,12.94,15696
2024-09-19,10:00:00,13.0,13.0,12.92,12.94,221007
2024-09-19,11:00:00,12.96,13.0,12.94,12.98,169126
2024-09-19,12:00:00,13.0,13.06,12.98,13.04,443058
2024-09-19,13:00:00,13.04,13.06,13.0,13.06,328456
2024-09-19,14:00:00,13.06,13.08,12.98,13.04,484287
2024-09-19,15:00:00,13.1,13.1,13.1,13.1,1189392
2024-09-22,10:00:00,13.1,13.1,13.04,13.06,270421
2024-09-22,11:00:00,13.06,13.1,13.04,13.06,146569
2024-09-22,12:00:00,13.06,13.08,12.98,13.04,229512
2024-09-22,13:00:00,13.06,13.08,13.02,13.06,86984
2024-09-22,14:00:00,13.06,13.08,13.02,13.04,150656
2024-09-22,15:00:00,13.02,13.02,13.02,13.02,23247
2024-09-24,10:00:00,13.1,13.14,13.0,13.08,798100
2024-09-24,11:00:00,13.1,13.14,13.08,13.12,635031
2024-09-24,12:00:00,13.12,13.16,13.1,13.16,476479
2024-09-24,13:00:00,13.14,13.16,13.1,13.12,419553
2024-09-24,14:00:00,13.14,13.18,13.12,13.16,603475
2024-09-24,15:00:00,13.18,13.18,13.18,13.18,240407
2024-09-25,10:00:00,13.16,13.18,13.12,13.16,305330
2024-09-25,11:00:00,13.16,13.18,13.14,13.18,230832
2024-09-25,12:00:00,13.18,13.18,13.14,13.16,317940
2024-09-25,13:00:00,13.16,13.16,13.1,13.12,279806
2024-09-25,14:00:00,13.12,13.16,13.1,13.14,296004
2024-09-25,15:00:00,13.18,13.18,13.18,13.18,200735
2024-09-26,10:00:00,13.18,13.46,13.18,13.38,1352654
2024-09-26,11:00:00,13.4,13.4,13.28,13.34,582278
2024-09-26,12:00:00,13.34,13.4,13.34,13.4,484134
2024-09-26,13:00:00,13.4,13.4,13.34,13.38,395664
2024-09-26,14:00:00,13.36,13.38,13.34,13.38,426785
2024-09-26,15:00:00,13.4,13.4,13.4,13.4,206178
2024-09-29,10:00:00,13.4,13.44,13.3,13.34,600543
2024-09-29,11:00:00,13.32,13.34,13.28,13.32,299875
2024-09-29,12:00:00,13.32,13.34,13.22,13.26,359877
2024-09-29,13:00:00,13.26,13.26,13.18,13.18,400658
2024-09-29,14:00:00,13.18,13.26,13.18,13.24,336840
2024-09-29,15:00:00,13.24,13.24,13.24,13.24,11444
2024-09-30,10:00:00,13.24,13.3,13.18,13.22,661914
2024-09-30,11:00:00,13.24,13.24,13.14,13.14,321644
2024-09-30,12:00:00,13.16,13.2,13.14,13.16,212825
2024-09-30,13:00:00,13.16,13.24,13.14,13.16,884749
2024-09-30,14:00:00,13.16,13.22,13.14,13.22,306831
2024-09-30,15:00:00,13.14,13.14,13.14,13.14,209774
2024-10-01,10:00:00,13.18,13.26,13.14,13.22,519108
2024-10-01,11:00:00,13.22,13.26,13.2,13.22,251875
2024-10-01,12:00:00,13.22,13.24,13.14,13.2,399016
2024-10-01,13:00:00,13.2,13.22,13.16,13.2,255007
2024-10-01,14:00:00,13.2,13.22,13.16,13.2,588163
2024-10-01,15:00:00,13.2,13.2,13.2,13.2,148034
2024-10-02,10:00:00,13.14,13.16,13.04,13.08,521482
2024-10-02,11:00:00,13.08,13.1,13.02,13.04,503600
2024-10-02,12:00:00,13.06,13.12,13.04,13.1,826919
2024-10-02,13:00:00,13.1,13.1,13.02,13.06,310187
2024-10-02,14:00:00,13.06,13.08,12.98,13.02,549518
2024-10-02,15:00:00,13.02,13.02,13.02,13.02,39234
2024-10-03,10:00:00,12.98,13.06,12.96,13.02,426960
2024-10-03,11:00:00,13.04,13.04,12.98,13.0,302661
2024-10-03,12:00:00,13.0,13.04,12.98,13.02,405544
2024-10-03,13:00:00,13.02,13.04,12.82,12.84,528726
2024-10-03,14:00:00,12.84,12.96,12.82,12.88,430032
2024-10-03,15:00:00,12.9,12.9,12.9,12.9,196376
2024-10-06,10:00:00,12.92,12.96,12.8,12.86,499125
2024-10-06,11:00:00,12.86,12.9,12.82,12.88,250181
2024-10-06,12:00:00,12.9,12.96,12.88,12.96,252069
2024-10-06,13:00:00,12.96,12.98,12.86,12.88,251703
2024-10-06,14:00:00,12.88,12.9,12.74,12.78,346811
2024-10-06,15:00:00,12.78,12.78,12.78,12.78,33948
2024-10-07,10:00:00,12.78,12.92,12.78,12.88,394910
2024-10-07,11:00:00,12.88,12.92,12.84,12.88,303918
2024-10-07,12:00:00,12.88,13.0,12.86,12.94,514318
2024-10-07,13:00:00,12.94,12.96,12.92,12.94,258614
2024-10-07,14:00:00,12.94,12.98,12.9,12.98,358472
2024-10-07,15:00:00,13.02,13.02,13.02,13.02,233678
2024-10-08,10:00:00,13.02,13.06,12.96,13.0,417423
2024-10-08,11:00:00,12.98,13.0,12.94,12.96,183577
2024-10-08,12:00:00,12.94,12.98,12.9,12.92,344526
2024-10-08,13:00:00,12.9,12.98,12.88,12.94,184722
2024-10-08,14:00:00,12.94,12.98,12.92,12.96,318600
2024-10-08,15:00:00,12.96,12.96,12.96,12.96,170260
2024-10-09,10:00:00,12.92,13.0,12.9,12.96,266705
2024-10-09,11:00:00,12.96,13.02,12.94,12.96,326649
2024-10-09,12:00:00,12.96,12.98,12.88,12.92,245825
2024-10-09,13:00:00,12.94,12.94,12.88,12.9,284150
2024-10-09,14:00:00,12.9,12.92,12.88,12.88,294484
2024-10-09,15:00:00,12.9,12.9,12.9,12.9,99312
2024-10-10,10:00:00,12.86,13.02,12.8,13.0,431602
2024-10-10,11:00:00,13.0,13.02,12.94,12.96,237008
2024-10-10,12:00:00,12.96,13.0,12.94,12.98,149069
2024-10-10,13:00:00,12.98,13.04,12.94,13.04,279907
2024-10-10,14:00:00,13.04,13.04,12.98,13.04,425410
2024-10-10,15:00:00,13.04,13.04,13.04,13.04,104257
2024-10-13,10:00:00,13.04,13.16,13.04,13.12,423606
2024-10-13,11:00:00,13.12,13.14,13.06,13.08,130602
2024-10-13,12:00:00,13.08,13.08,13.0,13.04,337935
2024-10-13,13:00:00,13.02,13.04,12.98,13.02,298770
2024-10-13,14:00:00,13.02,13.02,12.96,13.0,270488
2024-10-13,15:00:00,12.98,12.98,12.98,12.98,7333
2024-10-14,10:00:00,13.08,13.14,13.0,13.02,467713
2024-10-14,11:00:00,13.0,13.02,12.96,12.98,306959
2024-10-14,12:00:00,12.96,13.02,12.96,12.98,210201
2024-10-14,13:00:00,12.98,13.02,12.94,12.98,256511
2024-10-14,14:00:00,12.98,13.0,12.94,12.98,163390
2024-10-14,15:00:00,13.0,13.0,13.0,13.0,232764
2024-10-15,10:00:00,13.04,13.08,13.0,13.02,352655
2024-10-15,11:00:00,13.04,13.06,13.0,13.0,227684
2024-10-15,12:00:00,13.02,13.04,12.98,13.02,280293
2024-10-15,13:00:00,13.04,13.12,13.02,13.1,648508
2024-10-15,14:00:00,13.1,13.1,13.04,13.06,433071
2024-10-15,15:00:00,13.08,13.08,13.08,13.08,492738
2024-10-16,10:00:00,13.04,13.1,13.02,13.04,511326
2024-10-16,11:00:00,13.04,13.3,13.02,13.28,2205335
2024-10-16,12:00:00,13.3,13.38,13.24,13.34,893790
2024-10-16,13:00:00,13.36,13.4,13.32,13.38,915810
2024-10-16,14:00:00,13.38,13.4,13.34,13.38,795340
2024-10-16,15:00:00,13.3,13.3,13.3,13.3,718885
2024-10-17,10:00:00,13.38,13.38,13.26,13.28,415227
2024-10-17,11:00:00,13.28,13.3,13.24,13.28,465572
2024-10-17,12:00:00,13.3,13.3,13.18,13.22,486120
2024-10-17,13:00:00,13.24,13.26,13.16,13.18,420138
2024-10-17,14:00:00,13.2,13.2,13.1,13.1,650649
2024-10-17,15:00:00,13.1,13.1,13.1,13.1,243566
2024-10-20,10:00:00,13.22,13.22,13.1,13.14,315782
2024-10-20,11:00:00,13.18,13.22,13.12,13.14,183966
2024-10-20,12:00:00,13.14,13.18,13.06,13.06,452017
2024-10-20,13:00:00,13.08,13.14,13.02,13.1,378942
2024-10-20,14:00:00,13.1,13.14,13.04,13.12,557630
2024-10-20,15:00:00,13.1,13.1,13.1,13.1,32617
2024-10-21,10:00:00,13.1,13.28,13.1,13.2,815395
2024-10-21,11:00:00,13.2,13.32,13.18,13.3,582166
2024-10-21,12:00:00,13.3,13.34,13.24,13.28,234551
2024-10-21,13:00:00,13.28,13.32,13.24,13.3,441255
2024-10-21,14:00:00,13.28,13.32,13.24,13.26,308565
2024-10-21,15:00:00,13.34,13.34,13.34,13.34,96918
2024-10-22,10:00:00,13.34,13.36,13.26,13.34,554034
2024-10-22,11:00:00,13.32,13.36,13.3,13.34,391151
2024-10-22,12:00:00,13.34,13.34,13.28,13.3,220519
2024-10-22,13:00:00,13.28,13.34,13.28,13.32,201560
2024-10-22,14:00:00,13.32,13.34,13.22,13.24,322199
2024-10-22,15:00:00,13.34,13.34,13.34,13.34,318455
2024-10-23,10:00:00,13.3,13.3,13.2,13.24,385880
2024-10-23,11:00:00,13.24,13.24,13.18,13.18,179550
2024-10-23,12:00:00,13.16,13.24,13.16,13.2,144664
2024-10-23,13:00:00,13.22,13.26,13.22,13.26,124566
2024-10-23,14:00:00,13.24,13.28,13.2,13.24,286870
2024-10-23,15:00:00,13.2,13.2,13.2,13.2,123854
2024-10-24,10:00:00,13.18,13.24,13.16,13.24,190966
2024-10-24,11:00:00,13.24,13.34,13.22,13.32,441782
2024-10-24,12:00:00,13.32,13.32,13.26,13.28,145753
2024-10-24,13:00:00,13.28,13.28,13.24,13.24,159473
2024-10-24,14:00:00,13.24,13.34,13.24,13.3,405995
2024-10-24,15:00:00,13.34,13.34,13.34,13.34,491763
2024-10-27,10:00:00,13.34,13.46,13.34,13.42,642034
2024-10-27,11:00:00,13.42,13.42,13.36,13.42,247347
2024-10-27,12:00:00,13.4,13.42,13.36,13.38,132959
2024-10-27,13:00:00,13.38,13.4,13.34,13.38,159653
2024-10-27,14:00:00,13.36,13.4,13.32,13.36,189865
2024-10-27,15:00:00,13.36,13.36,13.36,13.36,18286
2024-10-28,10:00:00,13.38,13.4,13.28,13.32,304949
2024-10-28,11:00:00,13.32,13.34,13.28,13.3,179330
2024-10-28,12:00:00,13.28,13.34,13.28,13.34,67927
2024-10-28,13:00:00,13.34,13.36,13.3,13.34,199333
2024-10-28,14:00:00,13.32,13.34,13.3,13.3,173488
2024-10-28,15:00:00,13.3,13.3,13.3,13.3,77641
2024-10-29,10:00:00,13.3,13.32,13.26,13.28,227508
2024-10-29,11:00:00,13.28,13.3,13.24,13.26,209992
2024-10-29,12:00:00,13.24,13.26,13.2,13.22,147846
2024-10-29,13:00:00,13.24,13.3,13.22,13.28,159363
2024-10-29,14:00:00,13.28,13.3,13.22,13.26,108692
2024-10-29,15:00:00,13.32,13.32,13.32,13.32,103130
2024-10-30,10:00:00,13.28,13.3,13.22,13.26,152358
2024-10-30,11:00:00,13.26,13.28,13.2,13.24,175597
2024-10-30,12:00:00,13.22,13.28,13.22,13.26,140159
2024-10-30,13:00:00,13.26,13.28,13.24,13.28,161136
2024-10-30,14:00:00,13.26,13.28,13.24,13.28,135456
2024-10-30,15:00:00,13.34,13.34,13.34,13.34,596481
2024-10-31,10:00:00,13.26,13.28,13.22,13.28,171507
2024-10-31,11:00:00,13.28,13.28,13.22,13.26,77321
2024-10-31,12:00:00,13.26,13.26,13.18,13.2,275447
2024-10-31,13:00:00,13.2,13.22,13.18,13.2,316491
2024-10-31,14:00:00,13.2,13.22,13.16,13.2,282322
2024-10-31,15:00:00,13.24,13.24,13.24,13.24,340441
2024-11-03,10:00:00,13.24,13.24,13.16,13.18,141271
2024-11-03,11:00:00,13.2,13.22,13.16,13.18,91803
2024-11-03,12:00:00,13.2,13.26,13.18,13.22,154545
2024-11-03,13:00:00,13.22,13.24,13.2,13.2,60221
2024-11-03,14:00:00,13.2,13.22,13.18,13.2,59938
2024-11-03,15:00:00,13.2,13.2,13.2,13.2,8710
2024-11-04,10:00:00,13.18,13.22,13.14,13.2,162568
2024-11-04,11:00:00,13.2,13.22,13.1,13.16,254738
2024-11-04,12:00:00,13.16,13.18,13.12,13.16,152393
2024-11-04,13:00:00,13.16,13.18,13.12,13.16,140022
2024-11-04,14:00:00,13.16,13.2,13.14,13.18,113920
2024-11-04,15:00:00,13.22,13.22,13.22,13.22,81441
2024-11-05,10:00:00,13.22,13.22,13.12,13.14,171214
2024-11-05,11:00:00,13.16,13.2,13.12,13.18,203486
2024-11-05,12:00:00,13.2,13.28,13.18,13.26,291155
2024-11-05,13:00:00,13.26,13.3,13.26,13.26,331527
2024-11-05,14:00:00,13.26,13.32,13.26,13.28,476632
2024-11-05,15:00:00,13.36,13.36,13.36,13.36,150622
2024-11-06,10:00:00,13.34,13.4,13.3,13.34,229064
2024-11-06,11:00:00,13.32,13.36,13.28,13.34,226820
2024-11-06,12:00:00,13.36,13.36,13.28,13.28,186343
2024-11-06,13:00:00,13.3,13.32,13.24,13.28,201710
2024-11-06,14:00:00,13.28,13.32,13.26,13.28,241146
2024-11-06,15:00:00,13.24,13.24,13.24,13.24,424605
2024-11-07,10:00:00,13.28,13.36,13.24,13.32,324703
2024-11-07,11:00:00,13.32,13.38,13.32,13.32,806827
2024-11-07,12:00:00,13.34,13.4,13.3,13.38,320273
2024-11-07,13:00:00,13.38,13.4,13.28,13.38,375804
2024-11-07,14:00:00,13.34,13.38,13.32,13.36,146691
2024-11-07,15:00:00,13.32,13.32,13.32,13.32,78995
2024-11-10,10:00:00,13.44,13.64,13.44,13.64,1233790
2024-11-10,11:00:00,13.64,13.68,13.62,13.64,694382
2024-11-10,12:00:00,13.64,13.66,13.62,13.64,235464
2024-11-10,13:00:00,13.64,13.68,13.62,13.66,352570
2024-11-10,14:00:00,13.66,13.68,13.62,13.66,480252
2024-11-10,15:00:00,13.66,13.66,13.66,13.66,31046
2024-11-11,10:00:00,13.7,13.72,13.52,13.56,928964
2024-11-11,11:00:00,13.54,13.6,13.54,13.6,263591
2024-11-11,12:00:00,13.6,13.62,13.56,13.6,270267
2024-11-11,13:00:00,13.58,13.6,13.54,13.58,404625
2024-11-11,14:00:00,13.56,13.66,13.54,13.66,579349
2024-11-11,15:00:00,13.66,13.66,13.66,13.66,87914
2024-11-12,10:00:00,13.44,13.46,13.28,13.3,812262
2024-11-12,11:00:00,13.32,13.34,13.26,13.28,331836
2024-11-12,12:00:00,13.28,13.3,13.22,13.28,324621
2024-11-12,13:00:00,13.28,13.28,13.2,13.2,346177
2024-11-12,14:00:00,13.22,13.24,13.16,13.2,610500
2024-11-12,15:00:00,13.28,13.28,13.28,13.28,876187
2024-11-13,10:00:00,13.26,13.26,13.1,13.18,364947
2024-11-13,11:00:00,13.16,13.22,13.14,13.18,101912
2024-11-13,12:00:00,13.18,13.24,13.18,13.22,151562
2024-11-13,13:00:00,13.22,13.24,13.2,13.24,92403
2024-11-13,14:00:00,13.24,13.26,13.1,13.1,408323
2024-11-13,15:00:00,13.26,13.26,13.26,13.26,162455
2024-11-14,10:00:00,13.2,13.24,13.1,13.12,385305
2024-11-14,11:00:00,13.12,13.18,13.06,13.16,376905
2024-11-14,12:00:00,13.16,13.18,13.12,13.14,124831
2024-11-14,13:00:00,13.12,13.16,13.1,13.1,288409
2024-11-14,14:00:00,13.12,13.12,13.06,13.08,415621
2024-11-14,15:00:00,13.06,13.06,13.06,13.06,311725
2024-11-17,10:00:00,13.0,13.06,12.98,13.04,631704
2024-11-17,11:00:00,13.02,13.04,13.0,13.02,284138
2024-11-17,12:00:00,13.02,13.02,12.98,13.0,354845
2024-11-17,13:00:00,13.0,13.0,12.96,12.98,380447
2024-11-17,14:00:00,12.98,13.02,12.94,12.96,813179
2024-11-17,15:00:00,12.98,12.98,12.98,12.98,17166
2024-11-18,10:00:00,12.98,13.02,12.94,13.0,332325
2024-11-18,11:00:00,12.98,13.0,12.94,12.94,320131
2024-11-18,12:00:00,12.94,12.94,12.86,12.92,395361
2024-11-18,13:00:00,12.9,12.94,12.84,12.86,373284
2024-11-18,14:00:00,12.84,12.86,12.8,12.86,381399
2024-11-18,15:00:00,12.86,12.86,12.86,12.86,181501
2024-11-19,10:00:00,12.9,12.94,12.84,12.84,342252
2024-11-19,11:00:00,12.86,12.88,12.84,12.88,258798
2024-11-19,12:00:00,12.88,12.94,12.86,12.92,255196
2024-11-19,13:00:00,12.92,12.94,12.88,12.92,174754
2024-11-19,14:00:00,12.92,12.92,12.82,12.82,447432
2024-11-19,15:00:00,12.82,12.82,12.82,12.82,169085
2024-11-20,10:00:00,12.84,12.94,12.8,12.84,528334
2024-11-20,11:00:00,12.84,12.88,12.82,12.84,284085
2024-11-20,12:00:00,12.84,12.84,12.76,12.8,710648
2024-11-20,13:00:00,12.8,12.88,12.76,12.84,302028
2024-11-20,14:00:00,12.84,12.86,12.78,12.82,356899
2024-11-20,15:00:00,12.76,12.76,12.76,12.76,255178
2024-11-21,10:00:00,12.78,12.84,12.76,12.8,286819
2024-11-21,11:00:00,12.8,12.84,12.76,12.8,408920
2024-11-21,12:00:00,12.8,12.8,12.78,12.78,113584
2024-11-21,13:00:00,12.8,12.8,12.68,12.72,576132
2024-11-21,14:00:00,12.74,12.76,12.7,12.7,482871
2024-11-21,15:00:00,12.72,12.72,12.72,12.72,228411
2024-11-24,10:00:00,12.74,12.78,12.72,12.76,472985
2024-11-24,11:00:00,12.76,12.76,12.72,12.74,172592
2024-11-24,12:00:00,12.72,12.76,12.72,12.72,408928
2024-11-24,13:00:00,12.72,12.76,12.68,12.7,884502
2024-11-24,14:00:00,12.68,12.72,12.68,12.7,329950
2024-11-24,15:00:00,12.7,12.7,12.7,12.7,52155
2024-11-25,10:00:00,12.74,12.74,12.64,12.66,393874
2024-11-25,11:00:00,12.66,12.66,12.62,12.64,302318
2024-11-25,12:00:00,12.66,12.68,12.62,12.62,606026
2024-11-25,13:00:00,12.64,12.7,12.62,12.64,602176
2024-11-25,14:00:00,12.66,12.7,12.64,12.7,371603
2024-11-25,15:00:00,12.72,12.72,12.72,12.72,2482185
2024-11-26,10:00:00,12.72,12.72,12.64,12.68,467163
2024-11-26,11:00:00,12.66,12.68,12.64,12.68,323746
2024-11-26,12:00:00,12.68,12.68,12.66,12.66,197831
2024-11-26,13:00:00,12.68,12.7,12.66,12.68,440060
2024-11-26,14:00:00,12.68,12.68,12.64,12.68,361968
2024-11-26,15:00:00,12.64,12.64,12.64,12.64,151918
2024-11-27,10:00:00,12.64,12.66,12.6,12.62,738035
2024-11-27,11:00:00,12.6,12.64,12.6,12.62,583818
2024-11-27,12:00:00,12.62,12.62,12.56,12.6,452526
2024-11-27,13:00:00,12.6,12.6,12.56,12.6,385457
2024-11-27,14:00:00,12.6,12.6,12.56,12.6,498751
2024-11-27,15:00:00,12.6,12.6,12.6,12.6,193934
2024-11-28,10:00:00,12.62,12.7,12.6,12.66,628181
2024-11-28,11:00:00,12.68,12.74,12.66,12.7,334831
2024-11-28,12:00:00,12.7,12.7,12.68,12.7,129381
2024-11-28,13:00:00,12.7,12.72,12.66,12.68,329626
2024-11-28,14:00:00,12.68,12.7,12.66,12.68,284724
2024-11-28,15:00:00,12.7,12.7,12.7,12.7,175228
2024-12-01,10:00:00,12.7,12.8,12.7,12.78,246857
2024-12-01,11:00:00,12.78,12.78,12.76,12.78,95565
2024-12-01,12:00:00,12.78,12.82,12.76,12.8,282858
2024-12-01,13:00:00,12.82,12.84,12.8,12.84,174940
2024-12-01,14:00:00,12.82,12.86,12.78,12.86,216628
2024-12-01,15:00:00,12.88,12.88,12.88,12.88,42864
2024-12-02,10:00:00,12.88,12.88,12.76,12.8,231518
2024-12-02,11:00:00,12.8,12.82,12.78,12.8,92267
2024-12-02,12:00:00,12.8,12.8,12.78,12.8,176515
2024-12-02,13:00:00,12.8,12.8,12.74,12.74,213365
2024-12-02,14:00:00,12.74,12.8,12.74,12.76,315643
2024-12-02,15:00:00,12.76,12.76,12.76,12.76,141360
2024-12-03,10:00:00,12.72,12.82,12.7,12.78,467696
2024-12-03,11:00:00,12.78,12.8,12.76,12.76,115635
2024-12-03,12:00:00,12.78,12.8,12.74,12.78,174702
2024-12-03,13:00:00,12.78,12.78,12.76,12.78,111920
2024-12-03,14:00:00,12.78,12.82,12.76,12.82,294880
2024-12-03,15:00:00,12.9,12.9,12.9,12.9,274618
2024-12-04,10:00:00,12.9,12.9,12.82,12.84,148563
2024-12-04,11:00:00,12.86,12.9,12.84,12.9,189249
2024-12-04,12:00:00,12.9,12.9,12.84,12.88,196953
2024-12-04,13:00:00,12.88,12.9,12.86,12.9,143417
2024-12-04,14:00:00,12.9,12.92,12.88,12.92,319266
2024-12-04,15:00:00,12.92,12.92,12.92,12.92,77776
2024-12-05,10:00:00,12.9,12.92,12.86,12.92,133229
2024-12-05,11:00:00,12.9,12.92,12.88,12.92,55631
2024-12-05,12:00:00,12.92,12.94,12.9,12.92,195320
2024-12-05,13:00:00,12.92,12.96,12.92,12.96,148019
2024-12-05,14:00:00,12.96,12.98,12.94,12.94,154666
2024-12-05,15:00:00,13.0,13.0,13.0,13.0,84280
2024-12-08,10:00:00,13.0,13.04,12.98,13.02,135561
2024-12-08,11:00:00,13.0,13.02,13.0,13.0,92742
2024-12-08,12:00:00,13.02,13.06,13.0,13.04,202324
2024-12-08,13:00:00,13.06,13.06,13.02,13.04,76194
2024-12-08,14:00:00,13.04,13.06,13.0,13.04,82958
2024-12-08,15:00:00,13.04,13.04,13.04,13.04,23252
2024-12-09,10:00:00,13.02,13.02,12.98,13.0,259008
2024-12-09,11:00:00,13.0,13.04,12.98,13.02,287115
2024-12-09,12:00:00,13.02,13.02,12.82,12.9,1188804
2024-12-09,13:00:00,12.9,12.9,12.82,12.86,874858
2024-12-09,14:00:00,12.86,12.92,12.84,12.9,735890
2024-12-09,15:00:00,12.94,12.94,12.94,12.94,122888
2024-12-10,10:00:00,12.92,12.94,12.84,12.92,494238
2024-12-10,11:00:00,12.94,12.98,12.88,12.9,405275
2024-12-10,12:00:00,12.9,12.94,12.88,12.94,382818
2024-12-10,13:00:00,12.94,12.96,12.92,12.92,216396
2024-12-10,14:00:00,12.94,12.96,12.9,12.96,341214
2024-12-10,15:00:00,12.94,12.94,12.94,12.94,151155
2024-12-11,10:00:00,12.94,13.04,12.94,12.96,520707
2024-12-11,11:00:00,12.96,12.98,12.94,12.96,189440
2024-12-11,12:00:00,12.98,12.98,12.92,12.94,247043
2024-12-11,13:00:00,12.94,13.0,12.92,12.98,565590
2024-12-11,14:00:00,12.96,12.98,12.9,12.94,869054
2024-12-11,15:00:00,12.9,12.9,12.9,12.9,324444
2024-12-12,10:00:00,12.92,13.02,12.9,12.94,282140
2024-12-12,11:00:00,12.94,12.96,12.86,12.88,875525
2024-12-12,12:00:00,12.88,12.96,12.86,12.94,774673
2024-12-12,13:00:00,12.92,12.96,12.9,12.96,618360
2024-12-12,14:00:00,12.96,12.96,12.9,12.96,245246
2024-12-12,15:00:00,12.88,12.88,12.88,12.88,206630
2024-12-15,10:00:00,12.98,12.98,12.9,12.96,157756
2024-12-15,11:00:00,12.96,12.96,12.92,12.94,76810
2024-12-15,12:00:00,12.94,12.96,12.9,12.9,110292
2024-12-15,13:00:00,12.92,12.94,12.88,12.92,158611
2024-12-15,14:00:00,12.92,12.94,12.88,12.92,100302
2024-12-15,15:00:00,12.92,12.92,12.92,12.92,83774
2024-12-16,10:00:00,12.92,12.94,12.82,12.84,520751
2024-12-16,11:00:00,12.84,12.86,12.8,12.84,479153
2024-12-16,12:00:00,12.82,12.84,12.8,12.82,282656
2024-12-16,13:00:00,12.82,12.82,12.74,12.76,745637
2024-12-16,14:00:00,12.78,12.78,12.74,12.78,511447
2024-12-16,15:00:00,12.78,12.78,12.78,12.78,94810
2024-12-17,10:00:00,12.8,12.86,12.74,12.78,296074
2024-12-17,11:00:00,12.76,12.78,12.7,12.7,627115
2024-12-17,12:00:00,12.7,12.72,12.66,12.66,439862
2024-12-17,13:00:00,12.68,12.68,12.64,12.66,384121
2024-12-17,14:00:00,12.66,12.68,12.64,12.68,398250
2024-12-17,15:00:00,12.64,12.64,12.64,12.64,347734
2024-12-18,10:00:00,12.68,12.72,12.64,12.68,311584
2024-12-18,11:00:00,12.66,12.68,12.64,12.68,270678
2024-12-18,12:00:00,12.68,12.7,12.64,12.66,196864
2024-12-18,13:00:00,12.68,12.7,12.66,12.68,256657
2024-12-18,14:00:00,12.68,12.74,12.66,12.68,338490
2024-12-18,15:00:00,12.68,12.68,12.68,12.68,89378
2024-12-19,10:00:00,12.68,12.74,12.66,12.7,335244
2024-12-19,11:00:00,12.68,12.7,12.66,12.68,225850
2024-12-19,12:00:00,12.68,12.7,12.66,12.7,339121
2024-12-19,13:00:00,12.7,12.7,12.66,12.66,331892
2024-12-19,14:00:00,12.66,12.68,12.6,12.62,1038194
2024-12-19,15:00:00,12.66,12.66,12.66,12.66,702536
2024-12-22,10:00:00,12.7,12.76,12.7,12.74,499685
2024-12-22,11:00:00,12.74,12.74,12.68,12.72,275416
2024-12-22,12:00:00,12.74,12.74,12.7,12.72,112828
2024-12-22,13:00:00,12.7,12.72,12.68,12.68,124680
2024-12-22,14:00:00,12.7,12.72,12.68,12.7,98382
2024-12-22,15:00:00,12.68,12.68,12.68,12.68,5291
2024-12-23,10:00:00,12.72,12.72,12.64,12.66,318044
2024-12-23,11:00:00,12.66,12.66,12.62,12.64,252104
2024-12-23,12:00:00,12.64,12.7,12.62,12.68,245950
2024-12-23,13:00:00,12.68,12.68,12.58,12.6,841147
2024-12-23,14:00:00,12.6,12.6,12.54,12.58,1032589
2024-12-23,15:00:00,12.58,12.58,12.58,12.58,88992
2024-12-24,10:00:00,12.6,12.62,12.56,12.6,285554
2024-12-24,11:00:00,12.6,12.6,12.54,12.56,315309
2024-12-24,12:00:00,12.56,12.62,12.54,12.62,337484
2024-12-24,13:00:00,12.6,12.66,12.6,12.64,132882
2024-12-24,14:00:00,12.64,12.66,12.62,12.64,190115
2024-12-24,15:00:00,12.66,12.66,12.66,12.66,47176
2024-12-25,10:00:00,12.66,12.68,12.64,12.68,121066
2024-12-25,11:00:00,12.68,12.7,12.64,12.7,136088
2024-12-25,12:00:00,12.7,12.7,12.68,12.68,122154
2024-12-25,13:00:00,12.7,12.7,12.68,12.7,42797
2024-12-25,14:00:00,12.7,12.7,12.68,12.68,88909
2024-12-25,15:00:00,12.68,12.68,12.68,12.68,7916
2024-12-26,10:00:00,12.68,12.7,12.68,12.7,108999
2024-12-26,11:00:00,12.7,12.7,12.66,12.68,195606
2024-12-26,12:00:00,12.68,12.7,12.66,12.68,66088
2024-12-26,13:00:00,12.68,12.7,12.66,12.7,84250
2024-12-26,14:00:00,12.7,12.7,12.66,12.7,91479
2024-12-26,15:00:00,12.7,12.7,12.7,12.7,68868
2024-12-29,10:00:00,12.7,12.72,12.66,12.68,177626
2024-12-29,11:00:00,12.68,12.68,12.62,12.64,330199
2024-12-29,12:00:00,12.64,12.64,12.62,12.62,142372
2024-12-29,13:00:00,12.62,12.66,12.62,12.66,269195
2024-12-29,14:00:00,12.66,12.68,12.62,12.64,408536
2024-12-29,15:00:00,12.64,12.64,12.64,12.64,116426
2024-12-30,10:00:00,12.62,12.66,12.6,12.62,412623
2024-12-30,11:00:00,12.62,12.64,12.6,12.64,135863
2024-12-30,12:00:00,12.64,12.64,12.62,12.64,91177
2024-12-30,13:00:00,12.64,12.64,12.62,12.64,302661
2024-12-30,14:00:00,12.64,12.64,12.62,12.64,371898
2024-12-30,15:00:00,12.66,12.66,12.66,12.66,269861
2024-12-31,10:00:00,12.68,12.74,12.66,12.7,202679
2024-12-31,11:00:00,12.7,12.7,12.66,12.68,105414
2024-12-31,12:00:00,12.68,12.72,12.66,12.72,77360
2024-12-31,13:00:00,12.72,12.74,12.68,12.68,337276
2024-12-31,14:00:00,12.7,12.72,12.66,12.7,221331
2024-12-31,15:00:00,12.66,12.66,12.66,12.66,142053
2025-01-01,10:00:00,12.72,12.72,12.64,12.68,224382
2025-01-01,11:00:00,12.68,12.7,12.66,12.7,145704
2025-01-01,12:00:00,12.68,12.7,12.66,12.7,61684
2025-01-01,13:00:00,12.7,12.7,12.68,12.7,60862
2025-01-01,14:00:00,12.7,12.72,12.68,12.72,166349
2025-01-01,15:00:00,12.68,12.68,12.68,12.68,13145
2025-01-02,10:00:00,12.7,12.74,12.66,12.7,234579
2025-01-02,11:00:00,12.7,12.7,12.64,12.68,211938
2025-01-02,12:00:00,12.7,12.7,12.66,12.68,105281
2025-01-02,13:00:00,12.66,12.7,12.64,12.68,214293
2025-01-02,14:00:00,12.66,12.68,12.64,12.68,251072
2025-01-02,15:00:00,12.72,12.72,12.72,12.72,187189
2025-01-05,10:00:00,12.7,12.72,12.66,12.7,209242
2025-01-05,11:00:00,12.7,12.72,12.66,12.68,230365
2025-01-05,12:00:00,12.7,12.72,12.68,12.72,190000
2025-01-05,13:00:00,12.72,12.74,12.68,12.7,256904
2025-01-05,14:00:00,12.7,12.7,12.68,12.7,247213
2025-01-05,15:00:00,12.7,12.7,12.7,12.7,20328
2025-01-06,10:00:00,12.7,12.72,12.66,12.68,198361
2025-01-06,11:00:00,12.68,12.7,12.64,12.66,229568
2025-01-06,12:00:00,12.66,12.68,12.64,12.68,217986
2025-01-06,13:00:00,12.66,12.7,12.66,12.7,256361
2025-01-06,14:00:00,12.7,12.72,12.66,12.7,330105
2025-01-06,15:00:00,12.7,12.7,12.7,12.7,74630
2025-01-07,10:00:00,12.7,12.74,12.62,12.66,314819
2025-01-07,11:00:00,12.68,12.68,12.62,12.66,153803
2025-01-07,12:00:00,12.64,12.68,12.62,12.68,245026
2025-01-07,13:00:00,12.66,12.7,12.66,12.66,118843
2025-01-07,14:00:00,12.68,12.7,12.64,12.7,197883
2025-01-07,15:00:00,12.64,12.64,12.64,12.64,300095
2025-01-08,10:00:00,12.66,12.68,12.62,12.66,331043
2025-01-08,11:00:00,12.64,12.68,12.62,12.64,142348
2025-01-08,12:00:00,12.64,12.64,12.6,12.6,459012
2025-01-08,13:00:00,12.62,12.66,12.58,12.64,467285
2025-01-08,14:00:00,12.64,12.66,12.62,12.66,269849
2025-01-08,15:00:00,12.66,12.66,12.66,12.66,101899
2025-01-09,10:00:00,12.66,12.68,12.6,12.64,379110
2025-01-09,11:00:00,12.66,12.66,12.62,12.66,158035
2025-01-09,12:00:00,12.64,12.7,12.64,12.7,187433
2025-01-09,13:00:00,12.68,12.7,12.66,12.66,148165
2025-01-09,14:00:00,12.68,12.72,12.64,12.7,251682
2025-01-09,15:00:00,12.7,12.7,12.7,12.7,86895
2025-01-12,10:00:00,12.7,12.7,12.66,12.68,208950
2025-01-12,11:00:00,12.7,12.7,12.66,12.68,155707
2025-01-12,12:00:00,12.68,12.7,12.66,12.68,71121
2025-01-12,13:00:00,12.7,12.7,12.68,12.68,88518
2025-01-12,14:00:00,12.7,12.72,12.66,12.68,225852
2025-01-12,15:00:00,12.7,12.7,12.7,12.7,51140
2025-01-13,10:00:00,12.7,12.74,12.64,12.72,411428
2025-01-13,11:00:00,12.72,12.72,12.66,12.7,322978
2025-01-13,12:00:00,12.7,12.72,12.68,12.7,149700
2025-01-13,13:00:00,12.7,12.72,12.68,12.7,221873
2025-01-13,14:00:00,12.68,12.72,12.68,12.72,251629
2025-01-13,15:00:00,12.66,12.66,12.66,12.66,179264
2025-01-14,10:00:00,12.66,12.7,12.66,12.7,88113
2025-01-14,11:00:00,12.7,12.7,12.68,12.7,104670
2025-01-14,12:00:00,12.7,12.72,12.68,12.7,143220
2025-01-14,13:00:00,12.72,12.74,12.7,12.74,301784
2025-01-14,14:00:00,12.74,12.84,12.72,12.76,935746
2025-01-14,15:00:00,12.78,12.78,12.78,12.78,130513
2025-01-15,10:00:00,12.8,12.84,12.78,12.8,421388
2025-01-15,11:00:00,12.8,12.82,12.78,12.82,122255
2025-01-15,12:00:00,12.8,12.82,12.78,12.8,229564
2025-01-15,13:00:00,12.8,12.82,12.78,12.78,168021
2025-01-15,14:00:00,12.8,12.82,12.78,12.82,177193
2025-01-15,15:00:00,12.8,12.8,12.8,12.8,82183
2025-01-16,10:00:00,12.82,12.94,12.76,12.86,921084
2025-01-16,11:00:00,12.86,13.0,12.86,12.96,602785
2025-01-16,12:00:00,12.96,13.02,12.94,12.98,825373
2025-01-16,13:00:00,12.98,13.0,12.94,12.96,326662
2025-01-16,14:00:00,12.98,12.98,12.94,12.96,140181
2025-01-16,15:00:00,12.98,12.98,12.98,12.98,111263
2025-01-19,10:00:00,12.96,12.98,12.92,12.98,280766
2025-01-19,11:00:00,12.96,13.0,12.94,12.96,325587
2025-01-19,12:00:00,12.96,12.98,12.94,12.94,83243
2025-01-19,13:00:00,12.96,12.96,12.92,12.94,129214
2025-01-19,14:00:00,12.92,12.96,12.9,12.92,232900
2025-01-19,15:00:00,12.92,12.92,12.92,12.92,34942
2025-01-20,10:00:00,12.92,12.94,12.86,12.88,367157
2025-01-20,11:00:00,12.88,12.9,12.86,12.9,80540
2025-01-20,12:00:00,12.9,12.9,12.82,12.84,241021
2025-01-20,13:00:00,12.84,12.9,12.82,12.88,301719
2025-01-20,14:00:00,12.86,12.88,12.84,12.86,175666
2025-01-20,15:00:00,12.86,12.86,12.86,12.86,35140
2025-01-21,10:00:00,12.86,12.88,12.82,12.84,114936
2025-01-21,11:00:00,12.84,12.88,12.84,12.88,89025
2025-01-21,12:00:00,12.86,12.88,12.84,12.86,40136
2025-01-21,13:00:00,12.86,12.88,12.84,12.86,85884
2025-01-21,14:00:00,12.86,12.88,12.84,12.88,112018
2025-01-21,15:00:00,12.88,12.88,12.88,12.88,34687
2025-01-22,10:00:00,12.88,12.9,12.82,12.86,264348
2025-01-22,11:00:00,12.86,12.88,12.84,12.86,95572
2025-01-22,12:00:00,12.88,12.9,12.86,12.88,107578
2025-01-22,13:00:00,12.88,12.9,12.8,12.8,491258
2025-01-22,14:00:00,12.82,12.86,12.8,12.84,240452
2025-01-22,15:00:00,12.86,12.86,12.86,12.86,87985
2025-01-23,10:00:00,12.84,12.86,12.78,12.8,323562
2025-01-23,11:00:00,12.8,12.84,12.78,12.82,130074
2025-01-23,12:00:00,12.82,12.88,12.8,12.86,205723
2025-01-23,13:00:00,12.88,12.88,12.84,12.88,255964
2025-01-23,14:00:00,12.88,12.9,12.86,12.9,215259
2025-01-23,15:00:00,12.9,12.9,12.9,12.9,163030
2025-01-26,10:00:00,12.9,12.92,12.9,12.9,218351
2025-01-26,11:00:00,12.92,12.92,12.88,12.9,167769
2025-01-26,12:00:00,12.9,12.92,12.88,12.9,92356
2025-01-26,13:00:00,12.92,12.92,12.88,12.9,105478
2025-01-26,14:00:00,12.9,12.92,12.86,12.88,239452
2025-01-26,15:00:00,12.88,12.88,12.88,12.88,34409
2025-01-27,10:00:00,12.88,12.98,12.88,12.96,771272
2025-01-27,11:00:00,12.96,12.96,12.88,12.9,199878
2025-01-27,12:00:00,12.92,12.94,12.9,12.9,123772
2025-01-27,13:00:00,12.92,12.94,12.9,12.92,202776
2025-01-27,14:00:00,12.92,12.94,12.88,12.88,195332
2025-01-27,15:00:00,12.9,12.9,12.9,12.9,35798
2025-01-28,10:00:00,12.96,13.06,12.94,13.0,1025421
2025-01-28,11:00:00,12.98,13.06,12.96,13.0,848935
2025-01-28,12:00:00,13.0,13.04,13.0,13.04,237485
2025-01-28,13:00:00,13.02,13.06,13.0,13.04,504396
2025-01-28,14:00:00,13.06,13.06,12.98,13.02,243650
2025-01-28,15:00:00,12.98,12.98,12.98,12.98,168116
2025-01-29,10:00:00,13.0,13.04,12.94,13.0,301242
2025-01-29,11:00:00,13.0,13.0,12.98,13.0,155082
2025-01-29,12:00:00,13.0,13.02,12.98,13.02,273128
2025-01-29,13:00:00,13.02,13.02,12.98,12.98,64853
2025-01-29,14:00:00,12.98,13.02,12.94,12.96,327383
2025-01-29,15:00:00,13.0,13.0,13.0,13.0,39539
2025-01-30,10:00:00,12.98,12.98,12.88,12.92,544113
2025-01-30,11:00:00,12.9,12.96,12.88,12.92,159895
2025-01-30,12:00:00,12.92,12.94,12.88,12.88,205563
2025-01-30,13:00:00,12.88,12.9,12.82,12.82,660916
2025-01-30,14:00:00,12.84,12.86,12.78,12.82,644154
2025-01-30,15:00:00,12.82,12.82,12.82,12.82,110075
2025-02-02,10:00:00,12.8,12.82,12.72,12.76,599330
2025-02-02,11:00:00,12.76,12.8,12.74,12.8,231065
2025-02-02,12:00:00,12.82,12.82,12.76,12.76,202819
2025-02-02,13:00:00,12.78,12.8,12.74,12.76,207116
2025-02-02,14:00:00,12.76,12.76,12.72,12.74,266646
2025-02-02,15:00:00,12.76,12.76,12.76,12.76,22672
2025-02-03,10:00:00,12.72,12.78,12.72,12.78,336687
2025-02-03,11:00:00,12.78,12.78,12.72,12.76,340341
2025-02-03,12:00:00,12.74,12.76,12.7,12.72,228256
2025-02-03,13:00:00,12.72,12.74,12.7,12.72,323413
2025-02-03,14:00:00,12.72,12.72,12.7,12.72,436850
2025-02-03,15:00:00,12.74,12.74,12.74,12.74,102675
2025-02-04,10:00:00,12.76,12.78,12.74,12.78,122932
2025-02-04,11:00:00,12.78,12.8,12.76,12.78,282186
2025-02-04,12:00:00,12.78,12.82,12.76,12.78,216562
2025-02-04,13:00:00,12.78,12.78,12.74,12.76,168555
2025-02-04,14:00:00,12.76,12.82,12.74,12.82,195288
2025-02-04,15:00:00,12.9,12.9,12.9,12.9,438419
2025-02-05,10:00:00,12.84,12.88,12.82,12.86,400637
2025-02-05,11:00:00,12.86,12.9,12.84,12.86,343337
2025-02-05,12:00:00,12.86,12.88,12.82,12.86,139629
2025-02-05,13:00:00,12.86,12.88,12.82,12.86,203703
2025-02-05,14:00:00,12.86,12.86,12.82,12.86,168835
2025-02-05,15:00:00,12.82,12.82,12.82,12.82,192685
2025-02-06,10:00:00,12.9,12.9,12.84,12.88,462509
2025-02-06,11:00:00,12.88,12.88,12.84,12.84,153845
2025-02-06,12:00:00,12.84,12.86,12.82,12.84,124314
2025-02-06,13:00:00,12.84,12.84,12.82,12.82,244180
2025-02-06,14:00:00,12.82,12.84,12.8,12.84,519879
2025-02-06,15:00:00,12.88,12.88,12.88,12.88,159101
2025-02-09,10:00:00,12.88,12.9,12.84,12.86,198824
2025-02-09,11:00:00,12.86,12.9,12.84,12.86,111212
2025-02-09,12:00:00,12.88,12.9,12.84,12.9,98135
2025-02-09,13:00:00,12.88,12.98,12.86,12.94,527950
2025-02-09,14:00:00,12.92,12.98,12.9,12.94,389021
2025-02-09,15:00:00,12.94,12.94,12.94,12.94,28906
2025-02-10,10:00:00,12.92,12.96,12.86,12.94,276219
2025-02-10,11:00:00,12.94,12.94,12.88,12.9,248441
2025-02-10,12:00:00,12.9,12.92,12.86,12.9,356116
2025-02-10,13:00:00,12.9,12.94,12.88,12.92,220674
2025-02-10,14:00:00,12.92,12.96,12.9,12.92,262201
2025-02-10,15:00:00,12.96,12.96,12.96,12.96,142248
2025-02-11,10:00:00,12.94,13.0,12.92,12.96,447921
2025-02-11,11:00:00,12.98,12.98,12.92,12.96,173039
2025-02-11,12:00:00,12.96,12.96,12.92,12.94,219650
2025-02-11,13:00:00,12.96,12.98,12.94,12.96,345899
2025-02-11,14:00:00,12.98,12.98,12.92,12.92,302075
2025-02-11,15:00:00,12.92,12.92,12.92,12.92,31924
2025-02-12,10:00:00,12.94,12.94,12.88,12.9,170840
2025-02-12,11:00:00,12.92,12.92,12.86,12.88,163209
2025-02-12,12:00:00,12.88,12.88,12.84,12.88,176220
2025-02-12,13:00:00,12.88,12.88,12.84,12.86,67272
2025-02-12,14:00:00,12.86,12.9,12.84,12.88,139865
2025-02-12,15:00:00,12.9,12.9,12.9,12.9,65248
2025-02-13,10:00:00,12.88,12.88,12.82,12.84,121247
2025-02-13,11:00:00,12.86,12.88,12.84,12.88,46067
2025-02-13,12:00:00,12.88,12.88,12.84,12.84,74565
2025-02-13,13:00:00,12.86,12.88,12.82,12.86,209989
2025-02-13,14:00:00,12.86,12.9,12.84,12.86,286870
2025-02-13,15:00:00,12.88,12.88,12.88,12.88,53143
2025-02-16,10:00:00,12.88,12.92,12.84,12.86,417115
2025-02-16,11:00:00,12.86,12.9,12.8,12.86,325515
2025-02-16,12:00:00,12.88,12.88,12.84,12.86,70389
2025-02-16,13:00:00,12.86,12.88,12.82,12.86,58615
2025-02-16,14:00:00,12.84,12.86,12.82,12.82,100555
2025-02-16,15:00:00,12.84,12.84,12.84,12.84,16188
2025-02-17,10:00:00,12.86,12.88,12.82,12.84,217221
2025-02-17,11:00:00,12.84,12.86,12.82,12.82,208197
2025-02-17,12:00:00,12.84,12.86,12.82,12.82,128477
2025-02-17,13:00:00,12.82,12.86,12.82,12.84,115062
2025-02-17,14:00:00,12.82,12.86,12.82,12.82,195309
2025-02-17,15:00:00,12.84,12.84,12.84,12.84,33587
2025-02-18,10:00:00,12.86,12.9,12.82,12.86,245790
2025-02-18,11:00:00,12.88,12.88,12.86,12.86,51030
2025-02-18,12:00:00,12.86,12.88,12.82,12.82,127787
2025-02-18,13:00:00,12.84,12.86,12.82,12.84,143276
2025-02-18,14:00:00,12.86,12.86,12.82,12.82,155945
2025-02-18,15:00:00,12.88,12.88,12.88,12.88,141777
2025-02-19,10:00:00,12.86,12.88,12.82,12.86,232582
2025-02-19,11:00:00,12.86,12.88,12.84,12.84,124577
2025-02-19,12:00:00,12.86,12.92,12.84,12.84,318820
2025-02-19,13:00:00,12.86,12.86,12.82,12.84,108204
2025-02-19,14:00:00,12.86,12.86,12.82,12.86,220919
2025-02-19,15:00:00,12.88,12.88,12.88,12.88,55290
2025-02-20,10:00:00,12.88,12.9,12.84,12.86,255212
2025-02-20,11:00:00,12.86,12.86,12.82,12.86,131989
2025-02-20,12:00:00,12.84,12.86,12.82,12.84,147462
2025-02-20,13:00:00,12.86,12.88,12.82,12.88,175520
2025-02-20,14:00:00,12.86,12.92,12.84,12.88,312249
2025-02-20,15:00:00,12.96,12.96,12.96,12.96,302052
2025-02-24,10:00:00,12.98,13.06,12.96,12.98,1021388
2025-02-24,11:00:00,13.0,13.0,12.96,12.98,399161
2025-02-24,12:00:00,12.98,13.0,12.96,12.96,309550
2025-02-24,13:00:00,12.98,13.0,12.94,12.94,252833
2025-02-24,14:00:00,12.94,13.0,12.94,13.0,587485
2025-02-24,15:00:00,12.96,12.96,12.96,12.96,114164
2025-02-25,10:00:00,12.96,13.06,12.96,12.98,572303
2025-02-25,11:00:00,13.0,13.0,12.9,12.92,207732
2025-02-25,12:00:00,12.92,12.94,12.9,12.92,159484
2025-02-25,13:00:00,12.92,12.92,12.9,12.92,232014
2025-02-25,14:00:00,12.92,12.92,12.88,12.88,325271
2025-02-25,15:00:00,12.88,12.88,12.88,12.88,109577
2025-02-26,10:00:00,12.9,12.94,12.84,12.86,184413
2025-02-26,11:00:00,12.86,12.94,12.84,12.9,279265
2025-02-26,12:00:00,12.92,12.92,12.86,12.86,199644
2025-02-26,13:00:00,12.88,12.88,12.84,12.86,187627
2025-02-26,14:00:00,12.88,12.9,12.86,12.88,139719
2025-02-26,15:00:00,12.92,12.92,12.92,12.92,141462
2025-02-27,10:00:00,12.92,12.92,12.8,12.82,464969
2025-02-27,11:00:00,12.8,12.82,12.72,12.74,525983
2025-02-27,12:00:00,12.74,12.76,12.72,12.74,393167
2025-02-27,13:00:00,12.74,12.76,12.7,12.72,491608
2025-02-27,14:00:00,12.74,12.78,12.72,12.74,393882
2025-02-27,15:00:00,12.66,12.66,12.66,12.66,1401054
2025-03-02,10:00:00,12.68,12.76,12.68,12.74,231534
2025-03-02,11:00:00,12.76,12.78,12.72,12.76,172545
2025-03-02,12:00:00,12.76,12.78,12.7,12.74,122657
2025-03-02,13:00:00,12.72,12.76,12.7,12.74,147072
2025-03-02,14:00:00,12.76,12.76,12.7,12.72,119757
2025-03-02,15:00:00,12.72,12.72,12.72,12.72,11505
2025-03-03,10:00:00,12.72,12.78,12.68,12.74,361042
2025-03-03,11:00:00,12.72,12.78,12.64,12.66,700392
2025-03-03,12:00:00,12.68,12.72,12.66,12.68,135754
2025-03-03,13:00:00,12.68,12.72,12.66,12.72,201040
2025-03-03,14:00:00,12.7,12.74,12.68,12.7,290277
2025-03-03,15:00:00,12.68,12.68,12.68,12.68,100730
2025-03-04,10:00:00,12.74,12.76,12.66,12.7,205187
2025-03-04,11:00:00,12.7,12.72,12.66,12.7,248836
2025-03-04,12:00:00,12.7,12.7,12.66,12.7,274915
2025-03-04,13:00:00,12.7,12.7,12.64,12.68,245809
2025-03-04,14:00:00,12.68,12.68,12.6,12.62,401417
2025-03-04,15:00:00,12.6,12.6,12.6,12.6,93312
2025-03-05,10:00:00,12.66,12.66,12.56,12.6,447166
2025-03-05,11:00:00,12.6,12.62,12.56,12.6,296955
2025-03-05,12:00:00,12.6,12.6,12.56,12.58,182865
2025-03-05,13:00:00,12.58,12.72,12.58,12.64,459582
2025-03-05,14:00:00,12.64,12.64,12.6,12.64,277595
2025-03-05,15:00:00,12.84,12.84,12.84,12.84,374546
2025-03-06,10:00:00,12.74,12.74,12.6,12.62,300322
2025-03-06,11:00:00,12.62,12.64,12.52,12.54,513989
2025-03-06,12:00:00,12.52,12.58,12.52,12.56,341443
2025-03-06,13:00:00,12.54,12.58,12.52,12.52,255990
2025-03-06,14:00:00,12.52,12.54,12.5,12.52,485223
2025-03-06,15:00:00,12.52,12.52,12.52,12.52,94992
2025-03-09,10:00:00,12.54,12.58,12.52,12.54,185928
2025-03-09,11:00:00,12.56,12.56,12.5,12.54,179842
2025-03-09,12:00:00,12.54,12.54,12.52,12.54,134474
2025-03-09,13:00:00,12.54,12.56,12.5,12.54,363002
2025-03-09,14:00:00,12.54,12.56,12.5,12.56,322049
2025-03-09,15:00:00,12.56,12.56,12.56,12.56,42996
2025-03-10,10:00:00,12.56,12.56,12.44,12.48,427125
2025-03-10,11:00:00,12.48,12.54,12.46,12.54,159636
2025-03-10,12:00:00,12.5,12.54,12.5,12.54,129463
2025-03-10,13:00:00,12.52,12.58,12.5,12.58,362702
2025-03-10,14:00:00,12.56,12.6,12.52,12.58,332371
2025-03-10,15:00:00,12.56,12.56,12.56,12.56,102348
2025-03-11,10:00:00,12.54,12.54,12.32,12.44,494258
2025-03-11,11:00:00,12.44,12.5,12.4,12.5,163016
2025-03-11,12:00:00,12.5,12.52,12.44,12.5,160013
2025-03-11,13:00:00,12.52,12.54,12.46,12.5,271001
2025-03-11,14:00:00,12.5,12.54,12.46,12.52,253037
2025-03-11,15:00:00,12.5,12.5,12.5,12.5,78374
2025-03-12,10:00:00,12.5,12.56,12.48,12.54,106508
2025-03-12,11:00:00,12.54,12.56,12.46,12.5,251125
2025-03-12,12:00:00,12.5,12.5,12.44,12.46,187064
2025-03-12,13:00:00,12.46,12.48,12.42,12.46,235392
2025-03-12,14:00:00,12.46,12.5,12.44,12.48,147859
2025-03-12,15:00:00,12.48,12.48,12.48,12.48,74135
2025-03-13,10:00:00,12.48,12.48,12.42,12.42,243874
2025-03-13,11:00:00,12.44,12.44,12.4,12.44,258380
2025-03-13,12:00:00,12.44,12.44,12.4,12.4,168614
2025-03-13,13:00:00,12.4,12.52,12.4,12.44,647048
2025-03-13,14:00:00,12.42,12.54,12.42,12.46,418018
2025-03-13,15:00:00,12.46,12.46,12.46,12.46,253962
2025-03-16,10:00:00,12.46,12.52,12.44,12.48,156544
2025-03-16,11:00:00,12.48,12.5,12.42,12.42,241811
2025-03-16,12:00:00,12.44,12.48,12.42,12.46,124255
2025-03-16,13:00:00,12.48,12.54,12.44,12.54,305846
2025-03-16,14:00:00,12.54,12.62,12.52,12.6,194235
2025-03-16,15:00:00,12.58,12.58,12.58,12.58,12086
2025-03-17,10:00:00,12.68,12.68,12.58,12.66,262432
2025-03-17,11:00:00,12.66,12.72,12.64,12.72,390537
2025-03-17,12:00:00,12.72,12.72,12.62,12.66,253752
2025-03-17,13:00:00,12.66,12.66,12.62,12.64,125344
2025-03-17,14:00:00,12.64,12.66,12.6,12.6,214065
2025-03-17,15:00:00,12.64,12.64,12.64,12.64,45097
2025-03-18,10:00:00,12.64,12.66,12.54,12.58,225669
2025-03-18,11:00:00,12.58,12.64,12.56,12.6,131536
2025-03-18,12:00:00,12.6,12.62,12.56,12.58,53315
2025-03-18,13:00:00,12.6,12.6,12.54,12.54,216459
2025-03-18,14:00:00,12.54,12.6,12.54,12.6,229551
2025-03-18,15:00:00,12.64,12.64,12.64,12.64,95171
2025-03-19,10:00:00,12.64,12.64,12.52,12.56,152238
2025-03-19,11:00:00,12.56,12.58,12.52,12.56,76931
2025-03-19,12:00:00,12.54,12.56,12.5,12.52,116417
2025-03-19,13:00:00,12.54,12.6,12.5,12.6,225913
2025-03-19,14:00:00,12.58,12.62,12.54,12.58,236868
2025-03-19,15:00:00,12.52,12.52,12.52,12.52,253443
2025-03-20,10:00:00,12.6,12.62,12.56,12.6,100484
2025-03-20,11:00:00,12.58,12.6,12.54,12.54,84304
2025-03-20,12:00:00,12.54,12.56,12.5,12.52,223516
2025-03-20,13:00:00,12.5,12.52,12.5,12.5,201328
2025-03-20,14:00:00,12.52,12.56,12.5,12.52,283391
2025-03-20,15:00:00,12.62,12.62,12.62,12.62,931851
2025-03-23,10:00:00,12.6,12.6,12.56,12.56,176410
2025-03-23,11:00:00,12.56,12.6,12.54,12.56,72128
2025-03-23,12:00:00,12.54,12.56,12.54,12.56,67706
2025-03-23,13:00:00,12.56,12.58,12.54,12.56,80383
2025-03-23,14:00:00,12.56,12.58,12.54,12.54,115506
2025-03-23,15:00:00,12.54,12.54,12.54,12.54,31884
2025-03-24,10:00:00,12.6,12.68,12.56,12.64,491259
2025-03-24,11:00:00,12.64,12.76,12.64,12.72,584243
2025-03-24,12:00:00,12.7,12.74,12.68,12.72,238662
2025-03-24,13:00:00,12.72,12.72,12.68,12.7,155551
2025-03-24,14:00:00,12.72,12.74,12.7,12.74,180143
2025-03-24,15:00:00,12.68,12.68,12.68,12.68,137656
2025-03-25,10:00:00,12.76,12.86,12.74,12.82,656884
2025-03-25,11:00:00,12.84,12.84,12.78,12.8,181853
2025-03-25,12:00:00,12.82,12.82,12.78,12.8,129451
2025-03-25,13:00:00,12.78,12.8,12.74,12.78,187667
2025-03-25,14:00:00,12.78,12.8,12.72,12.72,316978
2025-03-25,15:00:00,12.72,12.72,12.72,12.72,48990
2025-03-26,10:00:00,12.76,12.82,12.76,12.8,200658
2025-03-26,11:00:00,12.8,12.86,12.78,12.86,276700
2025-03-26,12:00:00,12.88,12.98,12.84,12.96,1270068
2025-03-26,13:00:00,12.94,13.0,12.9,12.98,1083668
2025-03-26,14:00:00,12.98,13.0,12.94,12.98,1188498
2025-03-26,15:00:00,12.98,12.98,12.98,12.98,122248
2025-03-27,10:00:00,12.98,13.0,12.92,12.94,342715
2025-03-27,11:00:00,12.94,12.96,12.9,12.94,215787
2025-03-27,12:00:00,12.94,12.96,12.9,12.96,144295
2025-03-27,13:00:00,12.96,12.96,12.92,12.96,186989
2025-03-27,14:00:00,12.96,12.98,12.92,12.98,239778
2025-03-27,15:00:00,12.98,12.98,12.98,12.98,116408
2025-04-03,10:00:00,12.96,13.02,12.88,13.0,913439
2025-04-03,11:00:00,13.0,13.02,12.96,13.0,233435
2025-04-03,12:00:00,12.98,13.0,12.94,12.98,234730
2025-04-03,13:00:00,12.96,13.0,12.94,12.98,153946
2025-04-03,14:00:00,12.96,13.0,12.94,12.96,320964
2025-04-03,15:00:00,13.0,13.0,13.0,13.0,133859
2025-04-06,10:00:00,12.9,12.9,12.58,12.62,1413629
2025-04-06,11:00:00,12.62,12.7,12.6,12.68,540049
2025-04-06,12:00:00,12.68,12.7,12.64,12.68,202440
2025-04-06,13:00:00,12.7,12.7,12.64,12.64,283360
2025-04-06,14:00:00,12.66,12.66,12.54,12.56,676530
2025-04-06,15:00:00,12.56,12.56,12.56,12.56,41981
2025-04-07,10:00:00,12.54,12.7,12.34,12.68,1141324
2025-04-07,11:00:00,12.68,12.82,12.62,12.8,913549
2025-04-07,12:00:00,12.82,12.86,12.74,12.8,563903
2025-04-07,13:00:00,12.82,12.86,12.8,12.86,690999
2025-04-07,14:00:00,12.84,12.88,12.76,12.84,832530
2025-04-07,15:00:00,12.8,12.8,12.8,12.8,191735
2025-04-08,10:00:00,12.74,12.78,12.62,12.64,1877700
2025-04-08,11:00:00,12.66,12.72,12.62,12.7,492319
2025-04-08,12:00:00,12.68,12.7,12.64,12.66,314572
2025-04-08,13:00:00,12.66,12.68,12.64,12.66,169835
2025-04-08,14:00:00,12.66,12.68,12.62,12.64,309270
2025-04-08,15:00:00,12.62,12.62,12.62,12.62,120996
2025-04-09,10:00:00,12.64,12.74,12.6,12.72,771392
2025-04-09,11:00:00,12.7,12.72,12.64,12.66,165115
2025-04-09,12:00:00,12.68,12.68,12.64,12.66,127234
2025-04-09,13:00:00,12.66,12.7,12.64,12.66,142651
2025-04-09,14:00:00,12.66,12.68,12.5,12.54,621327
2025-04-09,15:00:00,12.6,12.6,12.6,12.6,237082
2025-04-10,10:00:00,12.86,12.86,12.76,12.78,775172
2025-04-10,11:00:00,12.76,12.8,12.74,12.78,271652
2025-04-10,12:00:00,12.78,12.8,12.76,12.78,183924
2025-04-10,13:00:00,12.8,12.8,12.76,12.78,149806
2025-04-10,14:00:00,12.78,12.8,12.76,12.8,240048
2025-04-10,15:00:00,12.8,12.8,12.8,12.8,88635
2025-04-13,10:00:00,12.82,12.86,12.76,12.84,607277
2025-04-13,11:00:00,12.84,12.84,12.8,12.84,76391
2025-04-13,12:00:00,12.84,12.84,12.82,12.82,117012
2025-04-13,13:00:00,12.84,12.84,12.8,12.8,141318
2025-04-13,14:00:00,12.8,12.84,12.8,12.82,241414
2025-04-13,15:00:00,12.84,12.84,12.84,12.84,48136
2025-04-14,10:00:00,12.84,12.86,12.8,12.84,325267
2025-04-14,11:00:00,12.82,12.88,12.8,12.88,504872
2025-04-14,12:00:00,12.86,12.9,12.86,12.88,423921
2025-04-14,13:00:00,12.9,12.9,12.84,12.86,224574
2025-04-14,14:00:00,12.86,12.88,12.82,12.88,243970
2025-04-14,15:00:00,12.9,12.9,12.9,12.9,111382
2025-04-15,10:00:00,12.9,12.94,12.86,12.9,277494
2025-04-15,11:00:00,12.9,12.9,12.88,12.9,52803
2025-04-15,12:00:00,12.88,12.9,12.88,12.9,69983
2025-04-15,13:00:00,12.9,12.9,12.84,12.84,115663
2025-04-15,14:00:00,12.86,12.88,12.84,12.88,111383
2025-04-15,15:00:00,12.86,12.86,12.86,12.86,279318
2025-04-16,10:00:00,12.86,12.92,12.82,12.84,454346
2025-04-16,11:00:00,12.86,12.86,12.8,12.82,600434
2025-04-16,12:00:00,12.82,12.84,12.78,12.84,270941
2025-04-16,13:00:00,12.84,12.86,12.78,12.82,468666
2025-04-16,14:00:00,12.84,12.88,12.82,12.86,230277
2025-04-16,15:00:00,12.88,12.88,12.88,12.88,252931
2025-04-17,10:00:00,12.88,12.9,12.8,12.88,526212
2025-04-17,11:00:00,12.9,12.9,12.84,12.86,146796
2025-04-17,12:00:00,12.84,12.88,12.8,12.84,69589
2025-04-17,13:00:00,12.84,12.86,12.78,12.82,180181
2025-04-17,14:00:00,12.84,12.84,12.78,12.8,298292
2025-04-17,15:00:00,12.82,12.82,12.82,12.82,81868
2025-04-20,10:00:00,12.82,12.84,12.76,12.78,275218
2025-04-20,11:00:00,12.78,12.8,12.74,12.76,232739
2025-04-20,12:00:00,12.76,12.78,12.74,12.78,136697
2025-04-20,13:00:00,12.78,12.78,12.74,12.76,104375
2025-04-20,14:00:00,12.76,12.8,12.74,12.78,225210
2025-04-20,15:00:00,12.82,12.82,12.82,12.82,72265
2025-04-21,10:00:00,12.82,12.82,12.74,12.76,176865
2025-04-21,11:00:00,12.76,12.8,12.74,12.76,96063
2025-04-21,12:00:00,12.74,12.76,12.7,12.72,303032
2025-04-21,13:00:00,12.72,12.72,12.68,12.72,280385
2025-04-21,14:00:00,12.72,12.72,12.68,12.7,113766
2025-04-21,15:00:00,12.68,12.68,12.68,12.68,113904
2025-04-22,10:00:00,12.62,12.64,12.54,12.6,473220
2025-04-22,11:00:00,12.58,12.62,12.56,12.6,296011
2025-04-22,12:00:00,12.6,12.62,12.58,12.62,99893
2025-04-22,13:00:00,12.62,12.62,12.58,12.62,167705
2025-04-22,14:00:00,12.6,12.64,12.58,12.62,191393
2025-04-22,15:00:00,12.7,12.7,12.7,12.7,225329
2025-04-23,10:00:00,12.7,12.7,12.56,12.6,1712789
2025-04-23,11:00:00,12.62,12.64,12.6,12.6,127019
2025-04-23,12:00:00,12.62,12.62,12.58,12.6,364158
2025-04-23,13:00:00,12.6,12.64,12.58,12.62,211834
2025-04-23,14:00:00,12.62,12.66,12.6,12.62,296389
2025-04-23,15:00:00,12.64,12.64,12.64,12.64,87611
2025-04-24,10:00:00,12.66,12.68,12.6,12.64,196086
2025-04-24,11:00:00,12.64,12.66,12.6,12.62,132882
2025-04-24,12:00:00,12.64,12.66,12.62,12.66,155578
2025-04-24,13:00:00,12.66,12.7,12.64,12.68,354544
2025-04-24,14:00:00,12.68,12.68,12.64,12.68,164499
2025-04-24,15:00:00,12.64,12.64,12.64,12.64,418632
2025-04-27,10:00:00,12.68,12.7,12.66,12.7,257529
2025-04-27,11:00:00,12.7,12.7,12.68,12.68,70299
2025-04-27,12:00:00,12.68,12.7,12.66,12.68,249177
2025-04-27,13:00:00,12.68,12.7,12.66,12.68,164005
2025-04-27,14:00:00,12.68,12.7,12.66,12.68,134001
2025-04-27,15:00:00,12.7,12.7,12.7,12.7,206647
2025-04-28,10:00:00,12.7,12.7,12.66,12.68,171427
2025-04-28,11:00:00,12.66,12.68,12.64,12.68,200053
2025-04-28,12:00:00,12.68,12.68,12.66,12.66,67585
2025-04-28,13:00:00,12.66,12.68,12.64,12.68,132421
2025-04-28,14:00:00,12.68,12.68,12.64,12.66,139118
2025-04-28,15:00:00,12.64,12.64,12.64,12.64,129270
2025-04-29,10:00:00,12.66,12.7,12.66,12.68,100736
2025-04-29,11:00:00,12.66,12.68,12.66,12.68,79743
2025-04-29,12:00:00,12.66,12.68,12.64,12.66,105119
2025-04-29,13:00:00,12.66,12.66,12.62,12.62,276656
2025-04-29,14:00:00,12.64,12.64,12.6,12.64,351994
2025-04-29,15:00:00,12.66,12.66,12.66,12.66,182138
2025-04-30,10:00:00,12.64,12.68,12.62,12.66,223242
2025-04-30,11:00:00,12.66,12.66,12.6,12.62,382212
2025-04-30,12:00:00,12.62,12.64,12.58,12.58,191279
2025-04-30,13:00:00,12.6,12.62,12.58,12.62,157070
2025-04-30,14:00:00,12.62,12.64,12.6,12.6,191680
2025-04-30,15:00:00,12.62,12.62,12.62,12.62,213376
2025-05-01,10:00:00,12.6,12.62,12.58,12.6,117821
2025-05-01,11:00:00,12.58,12.6,12.56,12.58,134013
2025-05-01,12:00:00,12.58,12.6,12.54,12.54,207249
2025-05-01,13:00:00,12.56,12.58,12.54,12.58,143754
2025-05-01,14:00:00,12.56,12.58,12.54,12.56,221003
2025-05-01,15:00:00,12.64,12.64,12.64,12.64,200039
2025-05-04,10:00:00,12.64,12.64,12.56,12.58,115549
2025-05-04,11:00:00,12.58,12.6,12.54,12.56,86207
2025-05-04,12:00:00,12.56,12.58,12.54,12.54,53386
2025-05-04,13:00:00,12.56,12.56,12.52,12.56,122231
2025-05-04,14:00:00,12.54,12.56,12.52,12.56,196450
2025-05-04,15:00:00,12.6,12.6,12.6,12.6,57691
2025-05-05,10:00:00,12.58,12.58,12.52,12.54,164643
2025-05-05,11:00:00,12.52,12.58,12.52,12.56,126285
2025-05-05,12:00:00,12.54,12.58,12.54,12.56,127727
2025-05-05,13:00:00,12.56,12.58,12.54,12.54,105421
2025-05-05,14:00:00,12.56,12.58,12.54,12.56,130104
2025-05-05,15:00:00,12.52,12.52,12.52,12.52,145707
2025-05-06,10:00:00,12.5,12.56,12.5,12.54,467544
2025-05-06,11:00:00,12.54,12.56,12.5,12.56,175553
2025-05-06,12:00:00,12.56,12.58,12.54,12.58,83000
2025-05-06,13:00:00,12.56,12.58,12.54,12.54,114681
2025-05-06,14:00:00,12.58,12.58,12.54,12.56,162829
2025-05-06,15:00:00,12.6,12.6,12.6,12.6,157543
2025-05-07,10:00:00,12.56,12.58,12.52,12.56,149440
2025-05-07,11:00:00,12.56,12.58,12.54,12.56,98360
2025-05-07,12:00:00,12.56,12.6,12.54,12.56,56772
2025-05-07,13:00:00,12.54,12.58,12.5,12.52,658714
2025-05-07,14:00:00,12.52,12.58,12.48,12.56,389663
2025-05-07,15:00:00,12.48,12.48,12.48,12.48,210123
2025-05-08,10:00:00,12.5,12.56,12.5,12.52,154896
2025-05-08,11:00:00,12.5,12.54,12.44,12.46,379737
2025-05-08,12:00:00,12.44,12.46,12.4,12.44,365101
2025-05-08,13:00:00,12.44,12.44,12.38,12.4,457891
2025-05-08,14:00:00,12.4,12.44,12.38,12.4,209150
2025-05-08,15:00:00,12.38,12.38,12.38,12.38,149021
2025-05-11,10:00:00,12.38,12.52,12.38,12.52,323813
2025-05-11,11:00:00,12.52,12.52,12.42,12.46,69660
2025-05-11,12:00:00,12.46,12.46,12.42,12.44,51174
2025-05-11,13:00:00,12.46,12.48,12.42,12.44,59373
2025-05-11,14:00:00,12.46,12.46,12.4,12.42,144453
2025-05-11,15:00:00,12.5,12.5,12.5,12.5,50963
2025-05-12,10:00:00,12.52,12.64,12.52,12.62,402410
2025-05-12,11:00:00,12.62,12.66,12.56,12.62,384005
2025-05-12,12:00:00,12.62,12.64,12.58,12.62,278630
2025-05-12,13:00:00,12.6,12.66,12.58,12.62,242891
2025-05-12,14:00:00,12.66,12.66,12.6,12.62,201683
2025-05-12,15:00:00,12.64,12.64,12.64,12.64,97913
2025-05-13,10:00:00,12.52,12.54,12.4,12.46,468416
2025-05-13,11:00:00,12.44,12.46,12.4,12.44,357723
2025-05-13,12:00:00,12.44,12.46,12.42,12.44,136945
2025-05-13,13:00:00,12.44,12.44,12.42,12.42,229462
2025-05-13,14:00:00,12.42,12.44,12.4,12.44,276361
2025-05-13,15:00:00,12.5,12.5,12.5,12.5,149994
2025-05-14,10:00:00,12.5,12.52,12.42,12.44,292805
2025-05-14,11:00:00,12.46,12.48,12.42,12.48,202520
2025-05-14,12:00:00,12.48,12.5,12.44,12.46,96677
2025-05-14,13:00:00,12.46,12.48,12.44,12.48,87844
2025-05-14,14:00:00,12.48,12.5,12.44,12.5,170894
2025-05-14,15:00:00,12.46,12.46,12.46,12.46,192931
2025-05-15,10:00:00,12.44,12.52,12.42,12.44,401585
2025-05-15,11:00:00,12.46,12.48,12.42,12.46,102789
2025-05-15,12:00:00,12.42,12.46,12.42,12.44,62830
2025-05-15,13:00:00,12.44,12.48,12.4,12.48,499929
2025-05-15,14:00:00,12.48,12.5,12.44,12.46,155220
2025-05-15,15:00:00,12.5,12.5,12.5,12.5,346203
2025-05-18,10:00:00,12.5,12.5,12.42,12.46,207547
2025-05-18,11:00:00,12.46,12.48,12.44,12.46,51224
2025-05-18,12:00:00,12.44,12.48,12.44,12.44,37421
2025-05-18,13:00:00,12.44,12.48,12.44,12.46,46020
2025-05-18,14:00:00,12.48,12.48,12.42,12.44,106445
2025-05-18,15:00:00,12.48,12.48,12.48,12.48,50108
2025-05-19,10:00:00,12.44,12.46,12.4,12.44,300102
2025-05-19,11:00:00,12.46,12.46,12.42,12.42,150679
2025-05-19,12:00:00,12.42,12.44,12.42,12.42,134612
2025-05-19,13:00:00,12.42,12.44,12.4,12.4,149588
2025-05-19,14:00:00,12.42,12.42,12.34,12.38,678455
2025-05-19,15:00:00,12.44,12.44,12.44,12.44,114565
2025-05-20,10:00:00,12.4,12.44,12.38,12.4,142453
2025-05-20,11:00:00,12.4,12.42,12.36,12.4,273322
2025-05-20,12:00:00,12.38,12.42,12.38,12.42,68556
2025-05-20,13:00:00,12.4,12.42,12.4,12.4,79776
2025-05-20,14:00:00,12.42,12.42,12.38,12.4,119680
2025-05-20,15:00:00,12.38,12.38,12.38,12.38,71654
2025-05-21,10:00:00,12.4,12.44,12.36,12.4,228092
2025-05-21,11:00:00,12.4,12.42,12.36,12.4,156047
2025-05-21,12:00:00,12.38,12.42,12.38,12.42,178767
2025-05-21,13:00:00,12.42,12.44,12.4,12.42,172522
2025-05-21,14:00:00,12.42,12.44,12.4,12.42,151841
2025-05-21,15:00:00,12.38,12.38,12.38,12.38,87289
2025-05-22,10:00:00,12.38,12.38,12.32,12.38,350933
2025-05-22,11:00:00,12.36,12.4,12.36,12.4,142617
2025-05-22,12:00:00,12.38,12.42,12.36,12.4,131842
2025-05-22,13:00:00,12.4,12.42,12.36,12.4,125972
2025-05-22,14:00:00,12.4,12.42,12.36,12.4,230844
2025-05-22,15:00:00,12.48,12.48,12.48,12.48,180170
2025-05-25,10:00:00,12.46,12.46,12.4,12.42,229478
2025-05-25,11:00:00,12.44,12.44,12.4,12.42,96832
2025-05-25,12:00:00,12.42,12.42,12.38,12.4,80271
2025-05-25,13:00:00,12.38,12.4,12.34,12.4,215315
2025-05-25,14:00:00,12.4,12.4,12.36,12.36,106447
2025-05-25,15:00:00,12.36,12.36,12.36,12.36,50822
2025-05-26,10:00:00,12.38,12.4,12.36,12.38,218898
2025-05-26,11:00:00,12.38,12.4,12.36,12.4,196623
2025-05-26,12:00:00,12.4,12.4,12.36,12.4,116156
2025-05-26,13:00:00,12.38,12.4,12.36,12.38,413175
2025-05-26,14:00:00,12.38,12.42,12.36,12.4,267660
2025-05-26,15:00:00,12.42,12.42,12.42,12.42,142677
2025-05-27,10:00:00,12.4,12.42,12.36,12.36,384291
2025-05-27,11:00:00,12.38,12.4,12.34,12.36,199987
2025-05-27,12:00:00,12.36,12.38,12.34,12.38,161431
2025-05-27,13:00:00,12.36,12.4,12.36,12.38,367689
2025-05-27,14:00:00,12.38,12.38,12.34,12.36,244544
2025-05-27,15:00:00,12.32,12.32,12.32,12.32,243874
2025-05-28,10:00:00,12.34,12.38,12.34,12.36,145299
2025-05-28,11:00:00,12.38,12.38,12.3,12.34,357752
2025-05-28,12:00:00,12.34,12.36,12.3,12.34,182958
2025-05-28,13:00:00,12.34,12.34,12.32,12.34,123764
2025-05-28,14:00:00,12.34,12.36,12.3,12.34,181202
2025-05-28,15:00:00,12.36,12.36,12.36,12.36,206883
2025-05-29,10:00:00,12.38,12.4,12.34,12.4,211352
2025-05-29,11:00:00,12.4,12.4,12.36,12.38,151165
2025-05-29,12:00:00,12.38,12.4,12.34,12.38,181416
2025-05-29,13:00:00,12.38,12.38,12.3,12.34,324007
2025-05-29,14:00:00,12.34,12.38,12.32,12.34,176468
2025-05-29,15:00:00,12.86,12.86,12.86,12.86,3786224
2025-06-01,10:00:00,12.6,12.6,12.42,12.46,354034
2025-06-01,11:00:00,12.44,12.46,12.4,12.42,135783
2025-06-01,12:00:00,12.44,12.44,12.34,12.34,525855
2025-06-01,13:00:00,12.34,12.42,12.32,12.4,192857
2025-06-01,14:00:00,12.42,12.44,12.38,12.4,146264
2025-06-01,15:00:00,12.4,12.4,12.4,12.4,26884
2025-06-02,10:00:00,12.4,12.48,12.4,12.48,420373
2025-06-02,11:00:00,12.46,12.5,12.42,12.44,264568
2025-06-02,12:00:00,12.42,12.46,12.4,12.4,238543
2025-06-02,13:00:00,12.42,12.46,12.4,12.42,280507
2025-06-02,14:00:00,12.42,12.44,12.4,12.44,253075
2025-06-02,15:00:00,12.38,12.38,12.38,12.38,176951
2025-06-03,10:00:00,12.36,12.42,12.34,12.34,471145
2025-06-03,11:00:00,12.36,12.38,12.34,12.36,127018
2025-06-03,12:00:00,12.36,12.38,12.34,12.36,271121
2025-06-03,13:00:00,12.36,12.48,12.34,12.4,511911
2025-06-03,14:00:00,12.42,12.46,12.38,12.38,208237
2025-06-03,15:00:00,12.46,12.46,12.46,12.46,110593
2025-06-04,10:00:00,12.48,12.48,12.4,12.44,171094
2025-06-04,11:00:00,12.44,12.46,12.42,12.46,95498
2025-06-04,12:00:00,12.46,12.46,12.44,12.44,93091
2025-06-04,13:00:00,12.46,12.48,12.44,12.46,126887
2025-06-04,14:00:00,12.46,12.48,12.44,12.46,106495
2025-06-04,15:00:00,12.46,12.46,12.46,12.46,145948
2025-06-11,10:00:00,12.46,12.54,12.42,12.5,505938
2025-06-11,11:00:00,12.52,12.54,12.5,12.5,152440
2025-06-11,12:00:00,12.52,12.52,12.46,12.48,140283
2025-06-11,13:00:00,12.5,12.5,12.44,12.44,179701
2025-06-11,14:00:00,12.44,12.48,12.42,12.44,211716
2025-06-11,15:00:00,12.5,12.5,12.5,12.5,94203
2025-06-12,10:00:00,12.44,12.46,12.32,12.36,401252
2025-06-12,11:00:00,12.36,12.38,12.3,12.32,350044
2025-06-12,12:00:00,12.32,12.38,12.3,12.36,191647
2025-06-12,13:00:00,12.38,12.4,12.34,12.36,117674
2025-06-12,14:00:00,12.36,12.38,12.3,12.34,482356
2025-06-12,15:00:00,12.3,12.3,12.3,12.3,49028
2025-06-15,10:00:00,12.2,12.22,12.0,12.18,707463
2025-06-15,11:00:00,12.16,12.18,12.14,12.16,345860
2025-06-15,12:00:00,12.16,12.24,12.14,12.24,294272
2025-06-15,13:00:00,12.26,12.3,12.22,12.24,123615
2025-06-15,14:00:00,12.26,12.28,12.16,12.24,167719
2025-06-15,15:00:00,12.06,12.06,12.06,12.06,246949
2025-06-16,10:00:00,12.12,12.3,12.12,12.2,379844
2025-06-16,11:00:00,12.22,12.28,12.2,12.28,72057
2025-06-16,12:00:00,12.28,12.3,12.26,12.3,122116
2025-06-16,13:00:00,12.28,12.36,12.28,12.32,341661
2025-06-16,14:00:00,12.32,12.34,12.28,12.3,229401
2025-06-16,15:00:00,12.22,12.22,12.22,12.22,122353
2025-06-17,10:00:00,12.22,12.26,12.18,12.22,332987
2025-06-17,11:00:00,12.24,12.24,12.16,12.18,244083
2025-06-17,12:00:00,12.18,12.2,12.12,12.16,255726
2025-06-17,13:00:00,12.16,12.18,12.06,12.08,490348
2025-06-17,14:00:00,12.12,12.28,12.1,12.26,441547
2025-06-17,15:00:00,12.18,12.18,12.18,12.18,101476
2025-06-18,10:00:00,12.18,12.2,12.1,12.16,172592
2025-06-18,11:00:00,12.16,12.18,12.12,12.16,65959
2025-06-18,12:00:00,12.16,12.16,12.1,12.12,166081
2025-06-18,13:00:00,12.12,12.16,12.1,12.14,105731
2025-06-18,14:00:00,12.14,12.16,12.1,12.12,200083
2025-06-18,15:00:00,12.12,12.12,12.12,12.12,76652
2025-06-19,10:00:00,12.12,12.14,12.06,12.12,223124
2025-06-19,11:00:00,12.12,12.18,12.1,12.14,98173
2025-06-19,12:00:00,12.16,12.2,12.14,12.18,65003
2025-06-19,13:00:00,12.18,12.22,12.14,12.14,165275
2025-06-19,14:00:00,12.16,12.18,12.1,12.12,98802
2025-06-19,15:00:00,12.3,12.3,12.3,12.3,721814
2025-06-22,10:00:00,12.2,12.28,12.16,12.22,260172
2025-06-22,11:00:00,12.2,12.22,12.18,12.18,52689
2025-06-22,12:00:00,12.2,12.28,12.18,12.22,170519
2025-06-22,13:00:00,12.22,12.22,12.16,12.18,129812
2025-06-22,14:00:00,12.18,12.2,12.1,12.12,173651
2025-06-22,15:00:00,12.14,12.14,12.14,12.14,25711
2025-06-23,10:00:00,12.14,12.18,12.1,12.14,257407
2025-06-23,11:00:00,12.16,12.18,12.12,12.14,199244
2025-06-23,12:00:00,12.16,12.18,12.12,12.16,158824
2025-06-23,13:00:00,12.18,12.18,12.12,12.16,134232
2025-06-23,14:00:00,12.16,12.2,12.14,12.14,142228
2025-06-23,15:00:00,12.22,12.22,12.22,12.22,96233
2025-06-24,10:00:00,12.3,12.38,12.28,12.3,720086
2025-06-24,11:00:00,12.3,12.3,12.24,12.28,318070
2025-06-24,12:00:00,12.28,12.34,12.26,12.3,245362
2025-06-24,13:00:00,12.3,12.36,12.28,12.36,274704
2025-06-24,14:00:00,12.36,12.38,12.32,12.36,263290
2025-06-24,15:00:00,12.38,12.38,12.38,12.38,126055
2025-06-25,10:00:00,12.38,12.4,12.32,12.36,239620
2025-06-25,11:00:00,12.36,12.38,12.34,12.36,150026
2025-06-25,12:00:00,12.36,12.4,12.34,12.38,135900
2025-06-25,13:00:00,12.36,12.38,12.34,12.36,131572
2025-06-25,14:00:00,12.36,12.38,12.34,12.38,190658
2025-06-25,15:00:00,12.4,12.4,12.4,12.4,186189
2025-06-26,10:00:00,12.4,12.4,12.32,12.36,317907
2025-06-26,11:00:00,12.36,12.42,12.34,12.4,168572
2025-06-26,12:00:00,12.42,12.42,12.36,12.38,158107
2025-06-26,13:00:00,12.38,12.42,12.36,12.4,198169
2025-06-26,14:00:00,12.38,12.42,12.38,12.42,185516
2025-06-26,15:00:00,12.42,12.42,12.42,12.42,173597
2025-06-29,10:00:00,12.45,12.46,12.39,12.43,202311
2025-06-29,11:00:00,12.42,12.44,12.41,12.43,95903
2025-06-29,12:00:00,12.43,12.45,12.42,12.43,84513
2025-06-29,13:00:00,12.44,12.45,12.42,12.43,89690
2025-06-29,14:00:00,12.44,12.45,12.42,12.44,87415
2025-06-29,15:00:00,12.44,12.44,12.44,12.44,10581
2025-06-30,10:00:00,12.44,12.46,12.41,12.43,245731
2025-06-30,11:00:00,12.43,12.49,12.41,12.48,302543
2025-06-30,12:00:00,12.48,12.51,12.44,12.48,288112
2025-06-30,13:00:00,12.5,12.51,12.46,12.5,208183
2025-06-30,14:00:00,12.5,12.56,12.48,12.52,473563
2025-06-30,15:00:00,12.54,12.54,12.54,12.54,352614
2025-07-01,10:00:00,12.54,12.56,12.47,12.49,161361
2025-07-01,11:00:00,12.49,12.49,12.44,12.47,146790
2025-07-01,12:00:00,12.47,12.47,12.43,12.45,98350
2025-07-01,13:00:00,12.45,12.47,12.44,12.45,93396
2025-07-01,14:00:00,12.45,12.52,12.44,12.47,178687
2025-07-01,15:00:00,12.44,12.44,12.44,12.44,52276
2025-07-02,10:00:00,12.45,12.49,12.41,12.45,176875
2025-07-02,11:00:00,12.45,12.49,12.44,12.48,49048
2025-07-02,12:00:00,12.48,12.48,12.45,12.47,137808
2025-07-02,13:00:00,12.47,12.48,12.42,12.46,219458
2025-07-02,14:00:00,12.46,12.5,12.42,12.42,199717
2025-07-02,15:00:00,12.41,12.41,12.41,12.41,204300
2025-07-03,10:00:00,12.43,12.52,12.43,12.5,259246
2025-07-03,11:00:00,12.5,12.51,12.48,12.5,142731
2025-07-03,12:00:00,12.5,12.53,12.49,12.53,112986
2025-07-03,13:00:00,12.53,12.54,12.51,12.53,156984
2025-07-03,14:00:00,12.54,12.55,12.52,12.54,167512
2025-07-03,15:00:00,12.56,12.56,12.56,12.56,96617
2025-07-06,10:00:00,12.55,12.55,12.46,12.48,195448
2025-07-06,11:00:00,12.5,12.5,12.46,12.47,70967
2025-07-06,12:00:00,12.47,12.52,12.46,12.49,99614
2025-07-06,13:00:00,12.49,12.54,12.49,12.52,100566
2025-07-06,14:00:00,12.51,12.53,12.51,12.53,78706
2025-07-06,15:00:00,12.53,12.53,12.53,12.53,7561
2025-07-07,10:00:00,12.54,12.6,12.53,12.57,288134
2025-07-07,11:00:00,12.58,12.61,12.55,12.61,477940
2025-07-07,12:00:00,12.61,12.62,12.58,12.59,131284
2025-07-07,13:00:00,12.6,12.61,12.56,12.6,176253
2025-07-07,14:00:00,12.6,12.61,12.58,12.58,240897
2025-07-07,15:00:00,12.61,12.61,12.61,12.61,103488
2025-07-08,10:00:00,12.61,12.62,12.57,12.59,164290
2025-07-08,11:00:00,12.61,12.62,12.56,12.6,141738
2025-07-08,12:00:00,12.58,12.6,12.58,12.6,58265
2025-07-08,13:00:00,12.6,12.62,12.55,12.6,154441
2025-07-08,14:00:00,12.58,12.6,12.55,12.57,85956
2025-07-08,15:00:00,12.63,12.63,12.63,12.63,136614
2025-07-09,10:00:00,12.64,12.65,12.58,12.64,364081
2025-07-09,11:00:00,12.64,12.67,12.62,12.65,203042
2025-07-09,12:00:00,12.64,12.65,12.63,12.64,64966
2025-07-09,13:00:00,12.64,12.66,12.63,12.64,98534
2025-07-09,14:00:00,12.64,12.65,12.61,12.61,122711
2025-07-09,15:00:00,12.67,12.67,12.67,12.67,175732
2025-07-10,10:00:00,12.64,12.65,12.61,12.64,68332
2025-07-10,11:00:00,12.63,12.68,12.63,12.67,107812
2025-07-10,12:00:00,12.67,12.7,12.66,12.69,116748
2025-07-10,13:00:00,12.69,12.7,12.67,12.68,72135
2025-07-10,14:00:00,12.69,12.72,12.68,12.72,377105
2025-07-10,15:00:00,12.72,12.72,12.72,12.72,147224
2025-07-13,10:00:00,12.7,12.72,12.68,12.69,112937
2025-07-13,11:00:00,12.68,12.7,12.65,12.67,186560
2025-07-13,12:00:00,12.66,12.7,12.64,12.66,391355
2025-07-13,13:00:00,12.65,12.68,12.63,12.63,90762
2025-07-13,14:00:00,12.65,12.66,12.63,12.65,131838
2025-07-13,15:00:00,12.63,12.63,12.63,12.63,43893
2025-07-14,10:00:00,12.77,12.86,12.74,12.78,1058778
2025-07-14,11:00:00,12.8,12.8,12.68,12.68,315104
2025-07-14,12:00:00,12.69,12.71,12.66,12.69,152572
2025-07-14,13:00:00,12.69,12.71,12.67,12.71,132143
2025-07-14,14:00:00,12.71,12.8,12.7,12.78,250502
2025-07-14,15:00:00,12.79,12.79,12.79,12.79,94038
2025-07-15,10:00:00,12.84,12.84,12.73,12.75,405873
2025-07-15,11:00:00,12.76,12.79,12.72,12.72,157366
2025-07-15,12:00:00,12.72,12.76,12.7,12.71,164337
2025-07-15,13:00:00,12.71,12.79,12.68,12.75,253427
2025-07-15,14:00:00,12.75,12.79,12.73,12.78,283098
2025-07-15,15:00:00,12.8,12.8,12.8,12.8,117840
2025-07-16,10:00:00,12.71,12.78,12.71,12.74,199062
2025-07-16,11:00:00,12.74,12.74,12.68,12.7,167428
2025-07-16,12:00:00,12.71,12.71,12.66,12.69,125616
2025-07-16,13:00:00,12.7,12.71,12.65,12.66,119167
2025-07-16,14:00:00,12.67,12.73,12.67,12.73,158980
2025-07-16,15:00:00,12.74,12.74,12.74,12.74,83688
2025-07-17,10:00:00,12.72,12.74,12.67,12.71,163850
2025-07-17,11:00:00,12.72,12.82,12.71,12.79,468333
2025-07-17,12:00:00,12.81,12.81,12.74,12.74,184226
2025-07-17,13:00:00,12.74,12.78,12.72,12.76,252413
2025-07-17,14:00:00,12.77,12.8,12.75,12.77,293341
2025-07-17,15:00:00,12.81,12.81,12.81,12.81,205699
2025-07-20,10:00:00,12.83,12.86,12.77,12.79,471661
2025-07-20,11:00:00,12.77,12.82,12.72,12.73,171555
2025-07-20,12:00:00,12.73,12.73,12.66,12.68,175754
2025-07-20,13:00:00,12.68,12.68,12.65,12.67,160008
2025-07-20,14:00:00,12.67,12.7,12.67,12.69,65611
2025-07-20,15:00:00,12.67,12.67,12.67,12.67,37466
2025-07-21,10:00:00,12.67,12.8,12.67,12.79,331515
2025-07-21,11:00:00,12.79,12.8,12.72,12.77,102345
2025-07-21,12:00:00,12.77,12.77,12.72,12.76,72157
2025-07-21,13:00:00,12.76,12.78,12.72,12.77,153907
2025-07-21,14:00:00,12.78,12.78,12.74,12.74,116395
2025-07-21,15:00:00,12.79,12.79,12.79,12.79,146548
2025-07-22,10:00:00,12.79,12.79,12.68,12.69,85587
2025-07-22,11:00:00,12.7,12.7,12.62,12.64,224520
2025-07-22,12:00:00,12.65,12.68,12.64,12.65,175410
2025-07-22,13:00:00,12.65,12.66,12.62,12.62,114987
2025-07-22,14:00:00,12.63,12.63,12.62,12.63,141670
2025-07-22,15:00:00,12.7,12.7,12.7,12.7,106817
2025-07-23,10:00:00,12.7,12.72,12.65,12.67,144364
2025-07-23,11:00:00,12.67,12.73,12.66,12.73,156035
2025-07-23,12:00:00,12.72,12.75,12.69,12.75,177862
2025-07-23,13:00:00,12.75,12.75,12.72,12.73,94658
2025-07-23,14:00:00,12.74,12.75,12.7,12.72,78969
2025-07-23,15:00:00,12.75,12.75,12.75,12.75,84088
2025-07-24,10:00:00,12.75,12.76,12.69,12.75,89705
2025-07-24,11:00:00,12.76,12.79,12.74,12.78,125127
2025-07-24,12:00:00,12.77,12.87,12.77,12.82,424933
2025-07-24,13:00:00,12.82,12.83,12.81,12.82,124699
2025-07-24,14:00:00,12.83,12.85,12.79,12.82,289676
2025-07-24,15:00:00,12.85,12.85,12.85,12.85,102617
2025-07-27,10:00:00,12.9,12.9,12.83,12.86,452916
2025-07-27,11:00:00,12.85,12.87,12.83,12.86,73129
2025-07-27,12:00:00,12.86,12.86,12.84,12.85,50217
2025-07-27,13:00:00,12.85,12.85,12.8,12.8,63040
2025-07-27,14:00:00,12.81,12.83,12.8,12.81,61618
2025-07-27,15:00:00,12.83,12.83,12.83,12.83,21354
2025-07-28,10:00:00,12.83,12.99,12.8,12.88,735779
2025-07-28,11:00:00,12.88,12.89,12.81,12.84,191964
2025-07-28,12:00:00,12.83,12.84,12.8,12.81,157559
2025-07-28,13:00:00,12.82,12.84,12.8,12.81,187312
2025-07-28,14:00:00,12.81,12.82,12.8,12.81,253756
2025-07-28,15:00:00,12.87,12.87,12.87,12.87,47394
2025-07-29,10:00:00,12.87,12.87,12.76,12.8,339919
2025-07-29,11:00:00,12.8,12.81,12.77,12.8,89921
2025-07-29,12:00:00,12.8,12.85,12.79,12.81,98305
2025-07-29,13:00:00,12.82,12.82,12.78,12.8,123486
2025-07-29,14:00:00,12.8,12.81,12.76,12.78,222237
2025-07-29,15:00:00,12.75,12.75,12.75,12.75,153042
2025-07-30,10:00:00,12.75,12.75,12.69,12.73,240033
2025-07-30,11:00:00,12.74,12.74,12.69,12.7,130741
2025-07-30,12:00:00,12.7,12.7,12.68,12.69,191778
2025-07-30,13:00:00,12.69,12.72,12.68,12.71,268628
2025-07-30,14:00:00,12.71,12.74,12.7,12.73,344286
2025-07-30,15:00:00,12.76,12.76,12.76,12.76,70282
2025-07-31,10:00:00,12.78,12.92,12.74,12.87,753197
2025-07-31,11:00:00,12.9,12.99,12.9,12.93,1212699
2025-07-31,12:00:00,12.93,12.93,12.87,12.9,352544
2025-07-31,13:00:00,12.9,12.96,12.87,12.96,333070
2025-07-31,14:00:00,12.95,12.96,12.9,12.92,266267
2025-07-31,15:00:00,12.85,12.85,12.85,12.85,1282451
2025-08-03,10:00:00,12.8,12.83,12.75,12.75,178103
2025-08-03,11:00:00,12.77,12.79,12.75,12.79,100438
2025-08-03,12:00:00,12.76,12.8,12.75,12.8,57105
2025-08-03,13:00:00,12.77,12.83,12.76,12.83,50819
2025-08-03,14:00:00,12.81,12.83,12.78,12.8,102537
2025-08-03,15:00:00,12.79,12.79,12.79,12.79,14997
2025-08-04,10:00:00,12.79,12.8,12.75,12.78,178035
2025-08-04,11:00:00,12.77,12.82,12.77,12.82,272841
2025-08-04,12:00:00,12.81,12.82,12.8,12.82,54868
2025-08-04,13:00:00,12.81,12.81,12.78,12.79,71051
2025-08-04,14:00:00,12.78,12.82,12.78,12.8,112927
2025-08-04,15:00:00,12.85,12.85,12.85,12.85,134565
2025-08-05,10:00:00,12.85,12.89,12.82,12.86,272524
2025-08-05,11:00:00,12.86,12.91,12.86,12.9,228058
2025-08-05,12:00:00,12.9,12.91,12.88,12.91,123642
2025-08-05,13:00:00,12.9,12.94,12.89,12.92,383655
2025-08-05,14:00:00,12.91,12.92,12.88,12.9,175074
2025-08-05,15:00:00,12.96,12.96,12.96,12.96,310340
2025-08-06,10:00:00,12.9,12.95,12.9,12.95,241008
2025-08-06,11:00:00,12.95,12.96,12.92,12.92,104889
2025-08-06,12:00:00,12.93,12.94,12.9,12.93,148613
2025-08-06,13:00:00,12.94,12.99,12.93,12.98,812364
2025-08-06,14:00:00,12.98,12.98,12.93,12.93,190774
2025-08-06,15:00:00,12.98,12.98,12.98,12.98,126999
2025-08-07,10:00:00,12.98,12.98,12.93,12.95,188971
2025-08-07,11:00:00,12.95,12.97,12.94,12.94,217144
2025-08-07,12:00:00,12.95,12.95,12.91,12.93,116853
2025-08-07,13:00:00,12.93,12.95,12.92,12.93,129540
2025-08-07,14:00:00,12.94,12.96,12.92,12.92,173431
2025-08-07,15:00:00,12.97,12.97,12.97,12.97,142702
2025-08-10,10:00:00,12.97,12.97,12.91,12.94,176789
2025-08-10,11:00:00,12.94,12.96,12.93,12.95,66727
2025-08-10,12:00:00,12.95,12.96,12.94,12.94,85971
2025-08-10,13:00:00,12.96,12.97,12.93,12.96,133700
2025-08-10,14:00:00,12.96,12.98,12.95,12.97,159804
2025-08-10,15:00:00,12.97,12.97,12.97,12.97,73726
2025-08-11,10:00:00,12.96,12.96,12.9,12.91,213781
2025-08-11,11:00:00,12.91,12.91,12.82,12.83,252771
2025-08-11,12:00:00,12.83,12.84,12.81,12.82,107033
2025-08-11,13:00:00,12.83,12.85,12.82,12.83,153139
2025-08-11,14:00:00,12.84,12.86,12.83,12.85,168167
2025-08-11,15:00:00,12.84,12.84,12.84,12.84,150947
2025-08-12,10:00:00,12.78,12.78,12.64,12.7,405403
2025-08-12,11:00:00,12.69,12.73,12.69,12.71,135473
2025-08-12,12:00:00,12.71,12.73,12.65,12.65,140507
2025-08-12,13:00:00,12.66,12.68,12.65,12.68,98430
2025-08-12,14:00:00,12.67,12.69,12.65,12.67,133742
2025-08-12,15:00:00,12.67,12.67,12.67,12.67,187158
2025-08-13,10:00:00,12.66,12.69,12.62,12.63,180727
2025-08-13,11:00:00,12.62,12.63,12.56,12.58,206278
2025-08-13,12:00:00,12.6,12.6,12.56,12.57,78020
2025-08-13,13:00:00,12.57,12.58,12.54,12.56,145502
2025-08-13,14:00:00,12.57,12.58,12.53,12.53,115817
2025-08-13,15:00:00,12.54,12.54,12.54,12.54,105532
2025-08-14,10:00:00,12.48,12.64,12.48,12.57,323735
2025-08-14,11:00:00,12.56,12.57,12.51,12.56,109071
2025-08-14,12:00:00,12.55,12.56,12.52,12.52,124161
2025-08-14,13:00:00,12.53,12.6,12.52,12.54,179053
2025-08-14,14:00:00,12.54,12.55,12.51,12.53,228882
2025-08-14,15:00:00,12.48,12.48,12.48,12.48,446239
2025-08-17,10:00:00,12.48,12.53,12.48,12.5,175678
2025-08-17,11:00:00,12.51,12.55,12.5,12.55,63090
2025-08-17,12:00:00,12.55,12.59,12.53,12.58,56894
2025-08-17,13:00:00,12.57,12.59,12.56,12.58,39441
2025-08-17,14:00:00,12.58,12.59,12.57,12.57,41579
2025-08-17,15:00:00,12.58,12.58,12.58,12.58,9994
2025-08-18,10:00:00,12.51,12.56,12.44,12.54,632481
2025-08-18,11:00:00,12.54,12.6,12.52,12.6,144422
2025-08-18,12:00:00,12.6,12.6,12.55,12.57,68901
2025-08-18,13:00:00,12.57,12.59,12.52,12.56,149684
2025-08-18,14:00:00,12.56,12.6,12.56,12.57,130702
2025-08-18,15:00:00,12.6,12.6,12.6,12.6,70833
2025-08-19,10:00:00,12.61,12.61,12.56,12.58,143833
2025-08-19,11:00:00,12.58,12.64,12.57,12.63,101178
2025-08-19,12:00:00,12.63,12.68,12.62,12.67,230525
2025-08-19,13:00:00,12.66,12.68,12.61,12.62,226145
2025-08-19,14:00:00,12.63,12.65,12.6,12.6,90144
2025-08-19,15:00:00,12.7,12.7,12.7,12.7,144424
2025-08-20,10:00:00,12.7,12.7,12.65,12.67,129102
2025-08-20,11:00:00,12.69,12.7,12.65,12.68,91877
2025-08-20,12:00:00,12.68,12.7,12.67,12.7,103965
2025-08-20,13:00:00,12.7,12.7,12.67,12.69,133867
2025-08-20,14:00:00,12.69,12.72,12.66,12.72,189029
2025-08-20,15:00:00,12.73,12.73,12.73,12.73,64277
2025-08-21,10:00:00,12.72,12.76,12.67,12.74,192834
2025-08-21,11:00:00,12.74,12.76,12.74,12.75,114569
2025-08-21,12:00:00,12.75,12.76,12.73,12.74,105884
2025-08-21,13:00:00,12.74,12.75,12.71,12.72,118283
2025-08-21,14:00:00,12.73,12.75,12.7,12.74,142734
2025-08-21,15:00:00,12.75,12.75,12.75,12.75,61166
2025-08-24,10:00:00,12.78,12.8,12.75,12.77,307124
2025-08-24,11:00:00,12.76,12.77,12.73,12.73,106838
2025-08-24,12:00:00,12.74,12.74,12.71,12.72,162205
2025-08-24,13:00:00,12.73,12.73,12.65,12.65,160854
2025-08-24,14:00:00,12.65,12.69,12.64,12.65,198381
2025-08-24,15:00:00,12.64,12.64,12.64,12.64,47461
2025-08-25,10:00:00,12.64,12.7,12.64,12.68,106433
2025-08-25,11:00:00,12.68,12.69,12.65,12.68,80366
2025-08-25,12:00:00,12.67,12.69,12.65,12.69,31951
2025-08-25,13:00:00,12.68,12.7,12.67,12.68,52255
2025-08-25,14:00:00,12.68,12.69,12.68,12.69,86636
2025-08-25,15:00:00,12.7,12.7,12.7,12.7,68762
2025-08-26,10:00:00,12.73,12.8,12.72,12.8,531318
2025-08-26,11:00:00,12.8,12.85,12.76,12.84,347414
2025-08-26,12:00:00,12.84,12.84,12.81,12.83,208273
2025-08-26,13:00:00,12.82,12.83,12.8,12.81,146616
2025-08-26,14:00:00,12.82,12.85,12.79,12.79,274913
2025-08-26,15:00:00,12.89,12.89,12.89,12.89,1555156
2025-08-27,10:00:00,12.85,12.86,12.79,12.81,104237
2025-08-27,11:00:00,12.82,12.82,12.77,12.79,79637
2025-08-27,12:00:00,12.79,12.82,12.74,12.82,96734
2025-08-27,13:00:00,12.8,12.82,12.77,12.78,97995
2025-08-27,14:00:00,12.78,12.84,12.78,12.83,252288
2025-08-27,15:00:00,12.85,12.85,12.85,12.85,98711
2025-08-28,10:00:00,12.83,12.83,12.8,12.8,97320
2025-08-28,11:00:00,12.8,12.83,12.78,12.82,124612
2025-08-28,12:00:00,12.82,12.82,12.77,12.8,97365
2025-08-28,13:00:00,12.8,12.8,12.78,12.8,81614
2025-08-28,14:00:00,12.8,12.8,12.77,12.78,111986
2025-08-28,15:00:00,12.75,12.75,12.75,12.75,121193
2025-08-31,10:00:00,12.77,12.77,12.71,12.75,269492
2025-08-31,11:00:00,12.73,12.76,12.71,12.71,122500
2025-08-31,12:00:00,12.71,12.72,12.67,12.69,157119
2025-08-31,13:00:00,12.69,12.71,12.62,12.64,215439
2025-08-31,14:00:00,12.64,12.71,12.62,12.71,87616
2025-08-31,15:00:00,12.66,12.66,12.66,12.66,18633
2025-09-01,10:00:00,12.61,12.84,12.61,12.83,498123
2025-09-01,11:00:00,12.82,12.95,12.8,12.87,1471701
2025-09-01,12:00:00,12.88,12.91,12.84,12.85,167145
2025-09-01,13:00:00,12.85,12.88,12.83,12.85,278393
2025-09-01,14:00:00,12.85,12.89,12.84,12.87,411601
2025-09-01,15:00:00,12.88,12.88,12.88,12.88,51970
2025-09-02,10:00:00,12.88,12.88,12.82,12.87,201549
2025-09-02,11:00:00,12.86,12.87,12.82,12.83,139730
2025-09-02,12:00:00,12.84,12.85,12.79,12.84,134015
2025-09-02,13:00:00,12.83,12.84,12.81,12.83,78771
2025-09-02,14:00:00,12.83,12.84,12.8,12.82,101808
2025-09-02,15:00:00,12.84,12.84,12.84,12.84,71983
2025-09-03,10:00:00,12.8,12.87,12.78,12.87,125673
2025-09-03,11:00:00,12.87,12.88,12.81,12.84,217161
2025-09-03,12:00:00,12.84,12.88,12.84,12.87,123273
2025-09-03,13:00:00,12.86,12.87,12.82,12.84,153211
2025-09-03,14:00:00,12.84,12.86,12.81,12.83,167139
2025-09-03,15:00:00,12.86,12.86,12.86,12.86,107988
2025-09-04,10:00:00,12.84,12.88,12.84,12.86,163662
2025-09-04,11:00:00,12.86,12.88,12.85,12.87,79136
2025-09-04,12:00:00,12.87,12.88,12.86,12.87,81074
2025-09-04,13:00:00,12.86,12.88,12.85,12.85,116489
2025-09-04,14:00:00,12.86,12.87,12.82,12.85,254248
2025-09-04,15:00:00,12.87,12.87,12.87,12.87,127428
2025-09-07,10:00:00,12.85,12.88,12.83,12.86,130208
2025-09-07,11:00:00,12.86,12.88,12.85,12.85,76687
2025-09-07,12:00:00,12.86,12.86,12.79,12.82,98165
2025-09-07,13:00:00,12.82,12.83,12.8,12.8,79075
2025-09-07,14:00:00,12.8,12.81,12.7,12.7,502428
2025-09-07,15:00:00,12.7,12.7,12.7,12.7,36201
2025-09-08,10:00:00,12.7,12.8,12.7,12.75,134963
2025-09-08,11:00:00,12.75,12.76,12.71,12.74,69334
2025-09-08,12:00:00,12.73,12.74,12.7,12.72,201450
2025-09-08,13:00:00,12.72,12.74,12.68,12.7,139248
2025-09-08,14:00:00,12.7,12.74,12.68,12.69,282989
2025-09-08,15:00:00,12.71,12.71,12.71,12.71,126440
2025-09-09,10:00:00,12.73,12.79,12.73,12.77,115704
2025-09-09,11:00:00,12.76,12.85,12.74,12.82,338456
2025-09-09,12:00:00,12.81,12.84,12.78,12.83,314828
2025-09-09,13:00:00,12.83,12.88,12.83,12.87,528731
2025-09-09,14:00:00,12.85,12.89,12.85,12.88,441239
2025-09-09,15:00:00,12.91,12.91,12.91,12.91,262244
2025-09-10,10:00:00,12.91,12.96,12.9,12.92,829404
2025-09-10,11:00:00,12.92,12.95,12.89,12.9,213779
2025-09-10,12:00:00,12.9,12.92,12.9,12.92,96655
2025-09-10,13:00:00,12.91,12.93,12.9,12.91,121759
2025-09-10,14:00:00,12.91,12.93,12.86,12.9,176028
2025-09-10,15:00:00,12.93,12.93,12.93,12.93,155290
2025-09-11,10:00:00,12.93,12.95,12.9,12.93,185517
2025-09-11,11:00:00,12.93,12.93,12.92,12.93,82582
2025-09-11,12:00:00,12.93,12.93,12.79,12.83,492227
2025-09-11,13:00:00,12.84,12.89,12.83,12.88,125713
2025-09-11,14:00:00,12.88,12.9,12.82,12.82,325202
2025-09-11,15:00:00,12.91,12.91,12.91,12.91,114787
2025-09-14,10:00:00,12.91,12.92,12.84,12.86,132185
2025-09-14,11:00:00,12.86,12.86,12.81,12.83,49906
2025-09-14,12:00:00,12.83,12.84,12.8,12.82,81224
2025-09-14,13:00:00,12.81,12.89,12.8,12.86,95191
2025-09-14,14:00:00,12.87,12.9,12.81,12.89,140974
2025-09-14,15:00:00,12.86,12.86,12.86,12.86,20591
2025-09-15,10:00:00,12.86,12.93,12.84,12.86,193782
2025-09-15,11:00:00,12.86,12.9,12.85,12.9,124965
2025-09-15,12:00:00,12.9,12.9,12.87,12.88,80674
2025-09-15,13:00:00,12.88,12.88,12.83,12.85,140332
2025-09-15,14:00:00,12.86,12.88,12.8,12.83,251168
2025-09-15,15:00:00,12.88,12.88,12.88,12.88,102755
2025-09-16,10:00:00,12.9,12.91,12.84,12.9,174125
2025-09-16,11:00:00,12.9,12.94,12.88,12.91,226405
2025-09-16,12:00:00,12.9,12.94,12.89,12.93,154741
2025-09-16,13:00:00,12.93,13.0,12.92,12.99,1422005
2025-09-16,14:00:00,12.98,13.08,12.98,13.06,810067
2025-09-16,15:00:00,13.06,13.06,13.06,13.06,243590
2025-09-17,10:00:00,13.06,13.14,13.01,13.04,358421
2025-09-17,11:00:00,13.03,13.04,12.98,12.99,219531
2025-09-17,12:00:00,13.0,13.04,12.99,13.01,112478
2025-09-17,13:00:00,13.0,13.1,13.0,13.03,294635
2025-09-17,14:00:00,13.03,13.04,13.01,13.02,172363
2025-09-17,15:00:00,13.03,13.03,13.03,13.03,153787
2025-09-18,10:00:00,13.04,13.13,13.03,13.11,245507
2025-09-18,11:00:00,13.11,13.14,13.09,13.14,391079
2025-09-18,12:00:00,13.14,13.26,13.12,13.22,817904
2025-09-18,13:00:00,13.21,13.24,13.19,13.2,241509
2025-09-18,14:00:00,13.2,13.24,13.18,13.24,331081
2025-09-18,15:00:00,13.31,13.31,13.31,13.31,1153087
2025-09-21,10:00:00,13.33,13.33,13.15,13.22,475947
2025-09-21,11:00:00,13.23,13.24,13.21,13.23,136666
2025-09-21,12:00:00,13.23,13.31,13.22,13.24,354468
2025-09-21,13:00:00,13.24,13.25,13.11,13.14,554551
2025-09-21,14:00:00,13.14,13.2,13.12,13.17,196961
2025-09-21,15:00:00,13.18,13.18,13.18,13.18,68271
2025-09-22,10:00:00,13.26,13.26,13.14,13.19,242979
2025-09-22,11:00:00,13.18,13.21,13.17,13.2,139061
2025-09-22,12:00:00,13.2,13.22,13.19,13.2,108971
2025-09-22,13:00:00,13.2,13.21,13.16,13.19,224379
2025-09-22,14:00:00,13.2,13.22,13.19,13.2,156082
2025-09-22,15:00:00,13.24,13.24,13.24,13.24,179184
2025-09-24,10:00:00,14.56,14.56,13.38,13.69,5211850
2025-09-24,11:00:00,13.69,13.82,13.68,13.82,1008581
2025-09-24,12:00:00,13.81,13.92,13.74,13.84,1098167
2025-09-24,13:00:00,13.83,13.97,13.79,13.96,1227893
2025-09-24,14:00:00,13.97,13.97,13.82,13.85,1001136
2025-09-24,15:00:00,13.91,13.91,13.91,13.91,265705
2025-09-25,10:00:00,13.91,13.92,13.6,13.63,1291564
2025-09-25,11:00:00,13.63,13.66,13.51,13.65,704683
2025-09-25,12:00:00,13.65,13.67,13.55,13.65,669417
2025-09-25,13:00:00,13.65,13.77,13.65,13.72,529877
2025-09-25,14:00:00,13.72,13.79,13.72,13.76,576629
2025-09-25,15:00:00,13.79,13.79,13.79,13.79,198612
2025-09-28,10:00:00,13.71,13.78,13.67,13.78,279447
2025-09-28,11:00:00,13.78,13.85,13.76,13.85,317487
2025-09-28,12:00:00,13.85,13.89,13.83,13.84,323396
2025-09-28,13:00:00,13.84,13.84,13.73,13.76,165935
2025-09-28,14:00:00,13.75,13.78,13.73,13.73,177380
2025-09-28,15:00:00,13.79,13.79,13.79,13.79,74685
2025-09-29,10:00:00,13.76,13.81,13.74,13.8,274408
2025-09-29,11:00:00,13.8,13.86,13.79,13.84,236630
2025-09-29,12:00:00,13.85,13.88,13.81,13.86,346950
2025-09-29,13:00:00,13.85,13.87,13.83,13.85,265754
2025-09-29,14:00:00,13.86,13.87,13.84,13.85,271780
2025-09-29,15:00:00,13.87,13.87,13.87,13.87,194988
2025-09-30,10:00:00,13.88,13.98,13.85,13.94,900595
2025-09-30,11:00:00,13.94,13.96,13.84,13.9,615362
2025-09-30,12:00:00,13.9,13.94,13.9,13.93,147924
2025-09-30,13:00:00,13.92,13.95,13.89,13.92,382148
2025-09-30,14:00:00,13.92,13.95,13.9,13.92,333172
2025-09-30,15:00:00,13.95,13.95,13.95,13.95,344269
2025-10-01,10:00:00,13.93,13.94,13.85,13.86,277781
2025-10-01,11:00:00,13.86,13.9,13.84,13.88,171125
2025-10-01,12:00:00,13.88,13.9,13.87,13.88,162343
2025-10-01,13:00:00,13.87,13.88,13.84,13.85,217167
2025-10-01,14:00:00,13.85,13.87,13.83,13.84,229258
2025-10-01,15:00:00,13.85,13.85,13.85,13.85,74270
2025-10-02,10:00:00,13.85,13.9,13.78,13.86,391959
2025-10-02,11:00:00,13.86,13.9,13.85,13.89,216422
2025-10-02,12:00:00,13.87,13.89,13.86,13.87,252434
2025-10-02,13:00:00,13.87,13.89,13.84,13.87,211464
2025-10-02,14:00:00,13.87,13.88,13.84,13.88,258154
2025-10-02,15:00:00,13.84,13.84,13.84,13.84,172132
2025-10-05,10:00:00,13.85,13.91,13.82,13.85,294854
2025-10-05,11:00:00,13.85,13.86,13.8,13.84,258949
2025-10-05,12:00:00,13.83,13.85,13.8,13.83,178607
2025-10-05,13:00:00,13.82,13.86,13.8,13.86,147024
2025-10-05,14:00:00,13.85,13.86,13.81,13.83,213964
2025-10-05,15:00:00,13.81,13.81,13.81,13.81,49748
2025-10-06,10:00:00,13.81,13.88,13.81,13.83,238553
2025-10-06,11:00:00,13.84,13.85,13.81,13.82,161358
2025-10-06,12:00:00,13.82,13.83,13.76,13.78,302502
2025-10-06,13:00:00,13.77,13.8,13.75,13.8,364360
2025-10-06,14:00:00,13.79,13.84,13.79,13.8,312362
2025-10-06,15:00:00,13.84,13.84,13.84,13.84,142874
2025-10-07,10:00:00,13.84,13.84,13.76,13.79,153126
2025-10-07,11:00:00,13.78,13.8,13.76,13.78,98254
2025-10-07,12:00:00,13.78,13.8,13.76,13.77,102171
2025-10-07,13:00:00,13.77,13.79,13.75,13.76,134300
2025-10-07,14:00:00,13.77,13.79,13.76,13.79,170060
2025-10-07,15:00:00,13.77,13.77,13.77,13.77,110829
2025-10-08,10:00:00,13.76,13.8,13.72,13.74,153564
2025-10-08,11:00:00,13.74,13.75,13.7,13.7,226373
2025-10-08,12:00:00,13.71,13.76,13.7,13.76,176725
2025-10-08,13:00:00,13.76,13.78,13.72,13.76,63800
2025-10-08,14:00:00,13.76,13.77,13.7,13.75,203684
2025-10-08,15:00:00,13.69,13.69,13.69,13.69,149495
2025-10-09,10:00:00,13.69,13.8,13.63,13.78,308052
2025-10-09,11:00:00,13.78,13.79,13.75,13.78,175696
2025-10-09,12:00:00,13.77,13.78,13.73,13.74,129985
2025-10-09,13:00:00,13.73,13.77,13.73,13.76,178815
2025-10-09,14:00:00,13.76,13.79,13.75,13.78,227686
2025-10-09,15:00:00,13.8,13.8,13.8,13.8,89325
2025-10-12,10:00:00,13.7,13.77,13.63,13.76,377049
2025-10-12,11:00:00,13.76,13.8,13.75,13.78,149723
2025-10-12,12:00:00,13.78,13.79,13.75,13.76,44957
2025-10-12,13:00:00,13.77,13.78,13.75,13.75,89848
2025-10-12,14:00:00,13.76,13.78,13.75,13.75,72454
2025-10-12,15:00:00,13.75,13.75,13.75,13.75,11138
2025-10-13,10:00:00,13.86,14.0,13.83,13.85,1628064
2025-10-13,11:00:00,13.83,13.88,13.82,13.85,262041
2025-10-13,12:00:00,13.85,13.87,13.77,13.79,523714
2025-10-13,13:00:00,13.79,13.84,13.78,13.83,106042
2025-10-13,14:00:00,13.83,13.84,13.81,13.81,246168
2025-10-13,15:00:00,13.8,13.8,13.8,13.8,70458
2025-10-14,10:00:00,13.82,14.1,13.82,13.99,2051012
2025-10-14,11:00:00,13.99,14.0,13.93,13.96,247441
2025-10-14,12:00:00,13.96,13.99,13.94,13.99,281997
2025-10-14,13:00:00,13.99,13.99,13.96,13.97,142707
2025-10-14,14:00:00,13.97,14.07,13.96,14.02,1003151
2025-10-14,15:00:00,14.07,14.07,14.07,14.07,173845
2025-10-15,10:00:00,14.07,14.09,13.98,14.02,478924
2025-10-15,11:00:00,14.02,14.03,13.98,14.0,158209
2025-10-15,12:00:00,14.01,14.02,13.98,13.99,100544
2025-10-15,13:00:00,13.99,13.99,13.93,13.98,347662
2025-10-15,14:00:00,13.97,14.0,13.93,13.93,300373
2025-10-15,15:00:00,13.88,13.88,13.88,13.88,1196224
2025-10-16,10:00:00,13.91,14.01,13.9,13.99,384818
2025-10-16,11:00:00,13.99,14.05,13.98,14.03,464241
2025-10-16,12:00:00,14.03,14.07,14.01,14.06,319837
2025-10-16,13:00:00,14.06,14.08,14.04,14.07,309844
2025-10-16,14:00:00,14.07,14.08,14.03,14.03,363244
2025-10-16,15:00:00,14.08,14.08,14.08,14.08,174571
2025-10-19,10:00:00,13.98,14.13,13.98,14.11,481969
2025-10-19,11:00:00,14.11,14.14,14.1,14.12,187078
2025-10-19,12:00:00,14.13,14.13,14.1,14.11,83289
2025-10-19,13:00:00,14.11,14.12,14.04,14.08,134436
2025-10-19,14:00:00,14.09,14.09,14.02,14.02,82877
2025-10-19,15:00:00,14.05,14.05,14.05,14.05,25688
2025-10-20,10:00:00,14.1,14.1,13.97,13.97,453461
2025-10-20,11:00:00,13.97,14.02,13.97,14.0,113390
2025-10-20,12:00:00,14.0,14.03,14.0,14.02,111063
2025-10-20,13:00:00,14.02,14.1,14.0,14.05,291836
2025-10-20,14:00:00,14.06,14.08,13.97,14.01,356741
2025-10-20,15:00:00,14.07,14.07,14.07,14.07,272430
2025-10-21,10:00:00,14.05,14.1,14.0,14.04,293454
2025-10-21,11:00:00,14.03,14.09,14.02,14.02,242774
2025-10-21,12:00:00,14.04,14.05,14.0,14.04,143865
2025-10-21,13:00:00,14.04,14.05,14.01,14.03,141807
2025-10-21,14:00:00,14.02,14.07,14.0,14.05,204113
2025-10-21,15:00:00,14.09,14.09,14.09,14.09,108379
2025-10-22,10:00:00,14.06,14.06,13.95,13.98,219761
2025-10-22,11:00:00,14.0,14.02,13.96,14.0,117060
2025-10-22,12:00:00,14.0,14.0,13.95,13.96,171726
2025-10-22,13:00:00,13.96,13.99,13.96,13.97,98439
2025-10-22,14:00:00,13.97,13.99,13.93,13.95,220111
2025-10-22,15:00:00,13.94,13.94,13.94,13.94,59221
2025-10-23,10:00:00,13.95,14.02,13.95,13.99,158641
2025-10-23,11:00:00,14.02,14.03,13.96,14.0,100933
2025-10-23,12:00:00,13.99,14.02,13.98,14.0,83442
2025-10-23,13:00:00,14.01,14.01,13.98,14.0,93955
2025-10-23,14:00:00,14.0,14.18,13.99,14.15,819930
2025-10-23,15:00:00,14.18,14.18,14.18,14.18,110662
2025-10-26,10:00:00,14.15,14.16,14.06,14.12,344840
2025-10-26,11:00:00,14.13,14.14,14.09,14.11,71685
2025-10-26,12:00:00,14.11,14.12,14.08,14.09,66950
2025-10-26,13:00:00,14.1,14.1,14.06,14.06,99835
2025-10-26,14:00:00,14.06,14.08,14.05,14.07,84287
2025-10-26,15:00:00,14.05,14.05,14.05,14.05,16985
2025-10-27,10:00:00,14.05,14.15,14.05,14.14,268165
2025-10-27,11:00:00,14.14,14.16,14.11,14.11,195969
2025-10-27,12:00:00,14.11,14.12,14.1,14.12,151392
2025-10-27,13:00:00,14.12,14.14,14.1,14.11,152566
2025-10-27,14:00:00,14.11,14.14,14.1,14.14,222642
2025-10-27,15:00:00,14.11,14.11,14.11,14.11,87760
2025-10-28,10:00:00,14.14,14.15,14.1,14.15,109019
2025-10-28,11:00:00,14.14,14.15,14.12,14.14,141751
2025-10-28,12:00:00,14.14,14.15,14.13,14.14,94509
2025-10-28,13:00:00,14.15,14.15,14.13,14.14,106608
2025-10-28,14:00:00,14.15,14.25,14.13,14.22,721139
2025-10-28,15:00:00,14.23,14.23,14.23,14.23,203963
2025-10-29,10:00:00,14.22,14.29,14.19,14.23,294004
2025-10-29,11:00:00,14.25,14.25,14.2,14.21,160078
2025-10-29,12:00:00,14.22,14.23,14.19,14.22,116124
2025-10-29,13:00:00,14.23,14.23,14.2,14.23,114750
2025-10-29,14:00:00,14.23,14.25,14.22,14.24,156089
2025-10-29,15:00:00,14.23,14.23,14.23,14.23,79104
2025-10-30,10:00:00,14.23,14.24,14.19,14.22,218090
2025-10-30,11:00:00,14.22,14.24,14.2,14.23,143587
2025-10-30,12:00:00,14.23,14.3,14.23,14.28,452686
2025-10-30,13:00:00,14.28,14.28,14.2,14.21,271262
2025-10-30,14:00:00,14.21,14.23,14.16,14.17,442716
2025-10-30,15:00:00,14.2,14.2,14.2,14.2,251852
2025-11-02,10:00:00,14.16,14.18,14.1,14.13,187271
2025-11-02,11:00:00,14.13,14.14,14.09,14.11,147319
2025-11-02,12:00:00,14.11,14.14,14.1,14.12,33071
2025-11-02,13:00:00,14.12,14.14,14.1,14.12,29323
2025-11-02,14:00:00,14.12,14.14,14.09,14.13,227069
2025-11-02,15:00:00,14.1,14.1,14.1,14.1,16363
2025-11-03,10:00:00,14.17,14.25,14.15,14.16,288839
2025-11-03,11:00:00,14.15,14.18,14.13,14.15,209961
2025-11-03,12:00:00,14.15,14.17,14.09,14.09,260650
2025-11-03,13:00:00,14.1,14.13,14.09,14.11,208973
2025-11-03,14:00:00,14.11,14.11,14.07,14.09,200797
2025-11-03,15:00:00,14.13,14.13,14.13,14.13,118345
2025-11-04,10:00:00,14.1,14.1,14.02,14.03,219556
2025-11-04,11:00:00,14.02,14.03,13.97,14.0,558447
2025-11-04,12:00:00,14.0,14.0,13.93,13.94,238163
2025-11-04,13:00:00,13.95,13.99,13.94,13.97,157001
2025-11-04,14:00:00,13.96,14.0,13.95,13.97,191096
2025-11-04,15:00:00,13.95,13.95,13.95,13.95,172312
2025-11-05,10:00:00,13.93,13.93,13.78,13.88,361473
2025-11-05,11:00:00,13.88,13.98,13.87,13.97,153169
2025-11-05,12:00:00,13.97,13.99,13.94,13.96,178818
2025-11-05,13:00:00,13.96,13.97,13.93,13.94,146457
2025-11-05,14:00:00,13.93,13.94,13.88,13.9,216214
2025-11-05,15:00:00,13.95,13.95,13.95,13.95,241540
2025-11-06,10:00:00,13.96,14.06,13.96,14.03,317338
2025-11-06,11:00:00,14.03,14.05,14.01,14.03,253102
2025-11-06,12:00:00,14.03,14.03,13.96,13.97,274796
2025-11-06,13:00:00,13.97,14.02,13.95,14.02,243703
2025-11-06,14:00:00,14.01,14.03,13.97,14.0,384402
2025-11-06,15:00:00,13.96,13.96,13.96,13.96,181457
2025-11-09,10:00:00,14.0,14.04,13.96,13.99,198624
2025-11-09,11:00:00,13.97,14.0,13.91,13.92,211030
2025-11-09,12:00:00,13.92,14.0,13.91,13.99,72261
2025-11-09,13:00:00,13.99,14.0,13.96,13.98,70564
2025-11-09,14:00:00,13.97,14.0,13.96,13.97,234801
2025-11-09,15:00:00,13.96,13.96,13.96,13.96,41754
2025-11-10,10:00:00,13.95,13.99,13.92,13.97,212056
2025-11-10,11:00:00,13.97,14.0,13.95,14.0,98552
2025-11-10,12:00:00,14.0,14.0,13.94,13.98,376639
2025-11-10,13:00:00,14.0,14.0,13.96,13.99,436625
2025-11-10,14:00:00,13.99,14.01,13.97,13.98,641078
2025-11-10,15:00:00,13.98,13.98,13.98,13.98,139572
2025-11-11,10:00:00,13.78,13.82,13.74,13.76,252052
2025-11-11,11:00:00,13.76,13.78,13.7,13.73,212898
2025-11-11,12:00:00,13.73,13.78,13.72,13.76,83310
2025-11-11,13:00:00,13.76,13.78,13.74,13.76,186313
2025-11-11,14:00:00,13.76,13.76,13.73,13.75,162438
2025-11-11,15:00:00,13.75,13.75,13.75,13.75,57378
2025-11-12,10:00:00,13.75,13.78,13.72,13.73,173653
2025-11-12,11:00:00,13.73,13.76,13.73,13.74,119091
2025-11-12,12:00:00,13.74,13.79,13.74,13.79,81681
2025-11-12,13:00:00,13.79,13.79,13.72,13.75,161198
2025-11-12,14:00:00,13.75,13.76,13.7,13.73,360596
2025-11-12,15:00:00,13.71,13.71,13.71,13.71,197848
2025-11-13,10:00:00,13.71,13.83,13.71,13.83,309158
2025-11-13,11:00:00,13.83,13.85,13.79,13.82,179018
2025-11-13,12:00:00,13.82,13.85,13.8,13.82,139740
2025-11-13,13:00:00,13.82,13.85,13.81,13.84,171194
2025-11-13,14:00:00,13.83,13.84,13.8,13.82,211200
2025-11-13,15:00:00,13.83,13.83,13.83,13.83,65944
2025-11-16,10:00:00,13.81,13.82,13.7,13.71,313916
2025-11-16,11:00:00,13.71,13.72,13.61,13.62,196499
2025-11-16,12:00:00,13.62,13.64,13.46,13.47,189807
2025-11-16,13:00:00,13.48,13.5,13.41,13.42,87742
2025-11-16,14:00:00,13.42,13.57,13.4,13.53,229116
2025-11-16,15:00:00,13.51,13.51,13.51,13.51,20315
2025-11-17,10:00:00,13.41,13.51,13.37,13.41,276289
2025-11-17,11:00:00,13.4,13.41,13.3,13.31,262996
2025-11-17,12:00:00,13.31,13.34,13.27,13.29,256868
2025-11-17,13:00:00,13.31,13.32,13.27,13.29,164375
2025-11-17,14:00:00,13.29,13.33,13.28,13.3,338582
2025-11-17,15:00:00,13.3,13.3,13.3,13.3,148145
2025-11-18,10:00:00,13.3,13.31,13.18,13.26,265576
2025-11-18,11:00:00,13.27,13.35,13.21,13.24,472513
2025-11-18,12:00:00,13.23,13.25,13.18,13.19,552231
2025-11-18,13:00:00,13.19,13.22,13.15,13.2,520577
2025-11-18,14:00:00,13.2,13.2,13.14,13.18,605540
2025-11-18,15:00:00,13.2,13.2,13.2,13.2,187519
2025-11-19,10:00:00,13.2,13.29,13.17,13.25,527763
2025-11-19,11:00:00,13.25,13.3,13.2,13.21,473979
2025-11-19,12:00:00,13.21,13.28,13.19,13.27,511460
2025-11-19,13:00:00,13.28,13.35,13.22,13.24,521854
2025-11-19,14:00:00,13.24,13.24,13.19,13.21,602701
2025-11-19,15:00:00,13.26,13.26,13.26,13.26,111517
2025-11-20,10:00:00,13.25,13.26,13.17,13.2,236452
2025-11-20,11:00:00,13.21,13.22,13.12,13.15,254284
2025-11-20,12:00:00,13.15,13.16,13.12,13.15,286401
2025-11-20,13:00:00,13.15,13.23,13.14,13.2,375416
2025-11-20,14:00:00,13.19,13.2,13.15,13.19,275471
2025-11-20,15:00:00,13.19,13.19,13.19,13.19,383684
2025-11-23,10:00:00,13.19,13.21,13.12,13.14,276253
2025-11-23,11:00:00,13.13,13.15,12.96,12.98,538810
2025-11-23,12:00:00,12.98,13.03,12.96,12.99,181065
2025-11-23,13:00:00,12.99,13.01,12.89,12.93,623035
2025-11-23,14:00:00,12.93,12.93,12.85,12.87,263117
2025-11-23,15:00:00,12.84,12.84,12.84,12.84,41078
2025-11-24,10:00:00,12.84,12.97,12.79,12.86,372260
2025-11-24,11:00:00,12.87,12.95,12.85,12.95,323895
2025-11-24,12:00:00,12.95,12.97,12.9,12.94,250471
2025-11-24,13:00:00,12.96,12.98,12.93,12.96,122393
2025-11-24,14:00:00,12.95,12.97,12.91,12.92,149042
2025-11-24,15:00:00,12.98,12.98,12.98,12.98,1891676
2025-11-25,10:00:00,12.98,12.98,12.9,12.91,138468
2025-11-25,11:00:00,12.92,12.98,12.9,12.95,178668
2025-11-25,12:00:00,12.96,12.98,12.94,12.97,152566
2025-11-25,13:00:00,12.97,12.98,12.94,12.95,153481
2025-11-25,14:00:00,12.96,12.96,12.9,12.92,394063
2025-11-25,15:00:00,12.96,12.96,12.96,12.96,192267
2025-11-26,10:00:00,12.96,12.98,12.88,12.93,368659
2025-11-26,11:00:00,12.93,12.94,12.81,12.87,265859
2025-11-26,12:00:00,12.86,12.88,12.77,12.81,358621
2025-11-26,13:00:00,12.81,12.86,12.8,12.82,323752
2025-11-26,14:00:00,12.81,12.85,12.75,12.78,486333
2025-11-26,15:00:00,12.69,12.69,12.69,12.69,1251810
2025-11-27,10:00:00,12.7,12.75,12.64,12.75,423330
2025-11-27,11:00:00,12.74,12.75,12.67,12.7,410869
2025-11-27,12:00:00,12.7,12.74,12.69,12.72,381146
2025-11-27,13:00:00,12.71,12.77,12.7,12.75,571585
2025-11-27,14:00:00,12.75,12.76,12.68,12.7,801758
2025-11-27,15:00:00,12.7,12.7,12.7,12.7,336553
2025-11-30,10:00:00,12.7,12.7,12.48,12.51,1602281
2025-11-30,11:00:00,12.51,12.51,12.46,12.49,447160
2025-11-30,12:00:00,12.49,12.49,12.37,12.4,435484
2025-11-30,13:00:00,12.4,12.42,12.34,12.41,530129
2025-11-30,14:00:00,12.4,12.41,12.36,12.36,260831
2025-11-30,15:00:00,12.38,12.38,12.38,12.38,77016
2025-12-01,10:00:00,12.39,12.42,12.27,12.29,788259
2025-12-01,11:00:00,12.29,12.33,12.27,12.29,1159639
2025-12-01,12:00:00,12.3,12.37,12.27,12.29,1277248
2025-12-01,13:00:00,12.28,12.38,12.28,12.29,1113248
2025-12-01,14:00:00,12.3,12.34,12.26,12.31,1371582
2025-12-01,15:00:00,12.39,12.39,12.39,12.39,502069
2025-12-02,10:00:00,12.41,12.44,12.34,12.38,447677
2025-12-02,11:00:00,12.38,12.59,12.37,12.57,503445
2025-12-02,12:00:00,12.57,12.58,12.53,12.55,259165
2025-12-02,13:00:00,12.55,12.55,12.5,12.51,512341
2025-12-02,14:00:00,12.53,12.53,12.46,12.51,362919
2025-12-02,15:00:00,12.54,12.54,12.54,12.54,416993
2025-12-03,10:00:00,12.55,12.55,12.5,12.53,180211
2025-12-03,11:00:00,12.53,12.57,12.52,12.56,225098
2025-12-03,12:00:00,12.55,12.56,12.5,12.52,315233
2025-12-03,13:00:00,12.51,12.54,12.48,12.53,502455
2025-12-03,14:00:00,12.53,12.56,12.52,12.55,347785
2025-12-03,15:00:00,12.6,12.6,12.6,12.6,344983
2025-12-04,10:00:00,12.64,12.69,12.61,12.66,571235
2025-12-04,11:00:00,12.66,12.86,12.64,12.79,857251
2025-12-04,12:00:00,12.79,12.81,12.74,12.76,342083
2025-12-04,13:00:00,12.77,12.78,12.73,12.74,434765
2025-12-04,14:00:00,12.74,12.74,12.59,12.71,858280
2025-12-04,15:00:00,12.79,12.79,12.79,12.79,333722
2025-12-07,10:00:00,12.78,12.78,12.59,12.6,262061
2025-12-07,11:00:00,12.59,12.63,12.58,12.6,100324
2025-12-07,12:00:00,12.59,12.61,12.55,12.55,137569
2025-12-07,13:00:00,12.56,12.59,12.54,12.59,106774
2025-12-07,14:00:00,12.58,12.6,12.55,12.58,174531
2025-12-07,15:00:00,12.58,12.58,12.58,12.58,6080
2025-12-08,10:00:00,12.61,12.61,12.48,12.52,724545
2025-12-08,11:00:00,12.52,12.52,12.48,12.5,435316
2025-12-08,12:00:00,12.5,12.52,12.49,12.51,244242
2025-12-08,13:00:00,12.51,12.52,12.48,12.5,372437
2025-12-08,14:00:00,12.5,12.61,12.49,12.61,397781
2025-12-08,15:00:00,12.6,12.6,12.6,12.6,218035
2025-12-09,10:00:00,12.59,12.61,12.54,12.58,472066
2025-12-09,11:00:00,12.58,12.58,12.54,12.56,376440
2025-12-09,12:00:00,12.55,12.58,12.5,12.56,667529
2025-12-09,13:00:00,12.56,12.65,12.52,12.62,671385
2025-12-09,14:00:00,12.62,12.63,12.53,12.58,568098
2025-12-09,15:00:00,12.65,12.65,12.65,12.65,329500
2025-12-10,10:00:00,12.65,12.66,12.59,12.62,643307
2025-12-10,11:00:00,12.61,12.67,12.59,12.65,518806
2025-12-10,12:00:00,12.66,12.66,12.61,12.64,172925
2025-12-10,13:00:00,12.64,12.64,12.59,12.6,185138
2025-12-10,14:00:00,12.61,12.62,12.59,12.6,435132
2025-12-10,15:00:00,12.61,12.61,12.61,12.61,114060
2025-12-11,10:00:00,12.61,12.61,12.47,12.5,759835
2025-12-11,11:00:00,12.5,12.51,12.48,12.5,244415
2025-12-11,12:00:00,12.5,12.58,12.49,12.54,286118
2025-12-11,13:00:00,12.54,12.56,12.51,12.55,317859
2025-12-11,14:00:00,12.55,12.57,12.51,12.57,231591
2025-12-11,15:00:00,12.65,12.65,12.65,12.65,307992
2025-12-14,10:00:00,12.64,12.64,12.57,12.57,129599
2025-12-14,11:00:00,12.57,12.63,12.57,12.59,63670
2025-12-14,12:00:00,12.59,12.59,12.49,12.52,245588
2025-12-14,13:00:00,12.51,12.56,12.51,12.56,34637
2025-12-14,14:00:00,12.55,12.58,12.52,12.53,153224
2025-12-14,15:00:00,12.55,12.55,12.55,12.55,10691
2025-12-15,10:00:00,12.6,12.6,12.47,12.59,235425
2025-12-15,11:00:00,12.59,12.7,12.58,12.65,292551
2025-12-15,12:00:00,12.66,12.75,12.65,12.7,202925
2025-12-15,13:00:00,12.69,12.75,12.67,12.72,211554
2025-12-15,14:00:00,12.72,12.84,12.71,12.79,548734
2025-12-15,15:00:00,12.83,12.83,12.83,12.83,220463
2025-12-16,10:00:00,12.83,12.87,12.79,12.83,298148
2025-12-16,11:00:00,12.83,12.84,12.77,12.83,122473
2025-12-16,12:00:00,12.83,12.85,12.81,12.84,171580
2025-12-16,13:00:00,12.84,12.84,12.77,12.79,259196
2025-12-16,14:00:00,12.78,12.79,12.72,12.74,292005
2025-12-16,15:00:00,12.79,12.79,12.79,12.79,361220
2025-12-17,10:00:00,12.79,12.8,12.72,12.76,195203
2025-12-17,11:00:00,12.75,12.8,12.74,12.75,200186
2025-12-17,12:00:00,12.76,12.77,12.73,12.75,173023
2025-12-17,13:00:00,12.75,12.75,12.7,12.71,303011
2025-12-17,14:00:00,12.72,12.75,12.7,12.75,225317
2025-12-17,15:00:00,12.78,12.78,12.78,12.78,209255
2025-12-18,10:00:00,12.75,12.75,12.65,12.67,110970
2025-12-18,11:00:00,12.66,12.68,12.6,12.65,162466
2025-12-18,12:00:00,12.66,12.69,12.6,12.67,112635
2025-12-18,13:00:00,12.67,12.69,12.65,12.67,72437
2025-12-18,14:00:00,12.7,12.73,12.63,12.73,201022
2025-12-18,15:00:00,12.74,12.74,12.74,12.74,1128519
2025-12-21,10:00:00,12.78,12.84,12.76,12.82,195331
2025-12-21,11:00:00,12.83,12.84,12.8,12.82,84899
2025-12-21,12:00:00,12.82,12.82,12.8,12.82,224627
2025-12-21,13:00:00,12.81,12.82,12.79,12.79,181225
2025-12-21,14:00:00,12.79,12.81,12.77,12.79,159157
2025-12-21,15:00:00,12.8,12.8,12.8,12.8,7154
2025-12-22,10:00:00,12.83,12.87,12.78,12.82,378570
2025-12-22,11:00:00,12.82,12.82,12.78,12.8,86457
2025-12-22,12:00:00,12.8,12.81,12.76,12.79,150968
2025-12-22,13:00:00,12.79,12.81,12.78,12.8,132066
2025-12-22,14:00:00,12.8,12.81,12.79,12.79,156259
2025-12-22,15:00:00,12.77,12.77,12.77,12.77,174946
2025-12-23,10:00:00,12.8,12.91,12.8,12.91,476692
2025-12-23,11:00:00,12.9,12.94,12.9,12.92,355291
2025-12-23,12:00:00,12.91,12.93,12.91,12.91,192185
2025-12-23,13:00:00,12.92,12.94,12.91,12.91,209989
2025-12-23,14:00:00,12.92,12.94,12.91,12.93,200098
2025-12-23,15:00:00,12.99,12.99,12.99,12.99,548138
2025-12-24,10:00:00,13.0,13.02,12.93,12.96,671896
2025-12-24,11:00:00,12.96,12.99,12.93,12.96,143516
2025-12-24,12:00:00,12.97,12.99,12.95,12.99,63526
2025-12-24,13:00:00,12.97,12.98,12.9,12.94,111014
2025-12-24,14:00:00,12.94,12.97,12.9,12.92,132033
2025-12-24,15:00:00,12.91,12.91,12.91,12.91,65030
2025-12-25,10:00:00,12.85,12.97,12.85,12.95,64787
2025-12-25,11:00:00,12.95,12.97,12.93,12.96,10618
2025-12-25,12:00:00,12.96,12.98,12.93,12.97,24611
2025-12-25,13:00:00,12.97,12.97,12.88,12.9,66342
2025-12-25,14:00:00,12.92,12.98,12.87,12.94,88971
2025-12-25,15:00:00,12.91,12.91,12.91,12.91,1268
2025-12-28,10:00:00,12.91,12.94,12.89,12.91,144600
2025-12-28,11:00:00,12.91,12.93,12.83,12.87,64532
2025-12-28,12:00:00,12.87,12.92,12.84,12.92,126200
2025-12-28,13:00:00,12.92,12.92,12.84,12.88,56317
2025-12-28,14:00:00,12.86,12.9,12.81,12.83,57439
2025-12-28,15:00:00,12.81,12.81,12.81,12.81,29354
2025-12-29,10:00:00,12.81,12.88,12.81,12.88,47571
2025-12-29,11:00:00,12.88,12.9,12.86,12.89,35133
2025-12-29,12:00:00,12.88,12.91,12.87,12.87,66107
2025-12-29,13:00:00,12.87,12.89,12.84,12.87,106036
2025-12-29,14:00:00,12.88,12.91,12.86,12.88,102248
2025-12-29,15:00:00,12.95,12.95,12.95,12.95,150696
2025-12-30,10:00:00,12.92,12.93,12.81,12.87,225553
2025-12-30,11:00:00,12.86,12.9,12.85,12.87,46672
2025-12-30,12:00:00,12.87,12.89,12.77,12.77,256035
2025-12-30,13:00:00,12.77,12.84,12.75,12.76,436570
2025-12-30,14:00:00,12.76,12.78,12.7,12.76,460615
2025-12-30,15:00:00,12.75,12.75,12.75,12.75,125918
2025-12-31,10:00:00,12.77,12.89,12.77,12.81,142528
2025-12-31,11:00:00,12.82,12.85,12.78,12.84,126663
2025-12-31,12:00:00,12.83,12.87,12.81,12.84,48082
2025-12-31,13:00:00,12.86,12.86,12.8,12.81,51982
2025-12-31,14:00:00,12.81,12.82,12.8,12.82,91154
2025-12-31,15:00:00,12.78,12.78,12.78,12.78,132981
2026-01-01,10:00:00,12.87,12.87,12.81,12.87,41080
2026-01-01,11:00:00,12.87,12.89,12.85,12.88,75615
2026-01-01,12:00:00,12.88,12.89,12.87,12.88,33422
2026-01-01,13:00:00,12.89,12.9,12.87,12.9,38722
2026-01-01,14:00:00,12.9,12.9,12.85,12.85,82447
2026-01-01,15:00:00,12.88,12.88,12.88,12.88,3034
2026-01-04,10:00:00,12.87,12.87,12.7,12.75,320407
2026-01-04,11:00:00,12.74,12.79,12.74,12.75,87589
2026-01-04,12:00:00,12.75,12.75,12.7,12.72,167763
2026-01-04,13:00:00,12.72,12.76,12.69,12.76,103387
2026-01-04,14:00:00,12.76,12.83,12.75,12.81,205094
2026-01-04,15:00:00,12.8,12.8,12.8,12.8,47046
2026-01-05,10:00:00,12.81,12.85,12.79,12.81,198491
2026-01-05,11:00:00,12.82,12.84,12.78,12.79,119409
2026-01-05,12:00:00,12.8,12.88,12.79,12.88,206988
2026-01-05,13:00:00,12.88,12.89,12.85,12.88,268273
2026-01-05,14:00:00,12.89,12.9,12.84,12.86,244109
2026-01-05,15:00:00,12.89,12.89,12.89,12.89,260968
2026-01-06,10:00:00,13.0,13.0,12.88,12.89,306468
2026-01-06,11:00:00,12.89,12.96,12.88,12.94,373627
2026-01-06,12:00:00,12.93,12.96,12.85,12.93,219926
2026-01-06,13:00:00,12.93,12.94,12.89,12.92,201798
2026-01-06,14:00:00,12.92,12.95,12.92,12.95,287571
2026-01-06,15:00:00,12.97,12.97,12.97,12.97,294358
2026-01-07,10:00:00,13.02,13.2,13.02,13.07,797956
2026-01-07,11:00:00,13.07,13.15,13.07,13.11,179786
2026-01-07,12:00:00,13.11,13.15,13.1,13.15,181363
2026-01-07,13:00:00,13.15,13.17,13.13,13.16,141333
2026-01-07,14:00:00,13.15,13.17,13.07,13.08,371809
2026-01-07,15:00:00,13.1,13.1,13.1,13.1,261974
2026-01-08,10:00:00,13.12,13.14,13.09,13.14,201666
2026-01-08,11:00:00,13.14,13.17,13.11,13.15,94451
2026-01-08,12:00:00,13.15,13.18,13.13,13.16,179795
2026-01-08,13:00:00,13.16,13.19,13.16,13.19,230151
2026-01-08,14:00:00,13.19,13.2,13.15,13.15,183099
2026-01-08,15:00:00,13.2,13.2,13.2,13.2,201623
2026-01-11,10:00:00,13.25,13.32,13.22,13.25,184802
2026-01-11,11:00:00,13.25,13.27,13.18,13.2,204946
2026-01-11,12:00:00,13.19,13.21,13.18,13.19,172120
2026-01-11,13:00:00,13.2,13.26,13.17,13.24,186076
2026-01-11,14:00:00,13.25,13.26,13.2,13.25,119264
2026-01-11,15:00:00,13.23,13.23,13.23,13.23,6896
2026-01-12,10:00:00,13.23,13.31,13.2,13.31,483400
2026-01-12,11:00:00,13.31,13.37,13.3,13.37,226574
2026-01-12,12:00:00,13.36,13.39,13.36,13.38,155135
2026-01-12,13:00:00,13.38,13.4,13.37,13.39,181514
2026-01-12,14:00:00,13.38,13.41,13.38,13.41,333708
2026-01-12,15:00:00,13.42,13.42,13.42,13.42,180241
2026-01-13,10:00:00,13.5,13.5,13.39,13.47,509106
2026-01-13,11:00:00,13.47,13.6,13.47,13.57,421914
2026-01-13,12:00:00,13.57,13.58,13.5,13.53,359095
2026-01-13,13:00:00,13.53,13.54,13.5,13.52,169723
2026-01-13,14:00:00,13.52,13.52,13.44,13.45,289981
2026-01-13,15:00:00,13.49,13.49,13.49,13.49,232053
2026-01-14,10:00:00,13.46,13.49,13.4,13.41,263906
2026-01-14,11:00:00,13.41,13.46,13.38,13.45,254895
2026-01-14,12:00:00,13.46,13.49,13.44,13.45,346570
2026-01-14,13:00:00,13.44,13.45,13.38,13.41,184180
2026-01-14,14:00:00,13.41,13.44,13.38,13.4,472697
2026-01-14,15:00:00,13.48,13.48,13.48,13.48,227676
2026-01-15,10:00:00,13.46,13.52,13.42,13.51,561196
2026-01-15,11:00:00,13.52,13.56,13.5,13.56,485527
2026-01-15,12:00:00,13.56,13.58,13.53,13.56,266152
2026-01-15,13:00:00,13.57,13.6,13.55,13.56,360035
2026-01-15,14:00:00,13.56,13.58,13.53,13.56,414980
2026-01-15,15:00:00,13.6,13.6,13.6,13.6,296411
2026-01-18,10:00:00,13.61,13.74,13.61,13.65,250570
2026-01-18,11:00:00,13.65,13.68,13.59,13.6,145096
2026-01-18,12:00:00,13.61,13.65,13.6,13.65,192388
2026-01-18,13:00:00,13.65,13.65,13.57,13.6,255038
2026-01-18,14:00:00,13.59,13.63,13.58,13.63,230637
2026-01-18,15:00:00,13.65,13.65,13.65,13.65,277032
2026-01-19,10:00:00,13.59,13.68,13.57,13.57,240685
2026-01-19,11:00:00,13.58,13.6,13.55,13.55,167060
2026-01-19,12:00:00,13.55,13.66,13.54,13.6,216427
2026-01-19,13:00:00,13.6,13.64,13.57,13.61,130726
2026-01-19,14:00:00,13.61,13.65,13.6,13.63,163644
2026-01-19,15:00:00,13.65,13.65,13.65,13.65,127215
2026-01-20,10:00:00,13.65,13.67,13.59,13.61,125909
2026-01-20,11:00:00,13.62,13.7,13.61,13.68,143580
2026-01-20,12:00:00,13.68,13.7,13.65,13.69,105555
2026-01-20,13:00:00,13.7,13.74,13.65,13.71,320644
2026-01-20,14:00:00,13.72,13.73,13.65,13.67,217623
2026-01-20,15:00:00,13.7,13.7,13.7,13.7,324132
2026-01-21,10:00:00,13.66,13.73,13.64,13.68,129646
2026-01-21,11:00:00,13.69,13.69,13.59,13.62,226052
2026-01-21,12:00:00,13.62,13.64,13.57,13.59,153051
2026-01-21,13:00:00,13.59,13.62,13.58,13.61,90287
2026-01-21,14:00:00,13.61,13.66,13.61,13.65,187555
2026-01-21,15:00:00,13.63,13.63,13.63,13.63,160527
2026-01-22,10:00:00,13.63,13.66,13.6,13.62,94623
2026-01-22,11:00:00,13.62,13.65,13.6,13.61,215871
2026-01-22,12:00:00,13.62,13.63,13.57,13.59,236500
2026-01-22,13:00:00,13.58,13.64,13.58,13.62,214678
2026-01-22,14:00:00,13.62,13.64,13.58,13.6,201040
2026-01-22,15:00:00,13.62,13.62,13.62,13.62,194810
2026-01-25,10:00:00,13.62,13.75,13.62,13.7,379718
2026-01-25,11:00:00,13.71,13.72,13.68,13.69,103471
2026-01-25,12:00:00,13.69,13.71,13.68,13.71,61303
2026-01-25,13:00:00,13.71,13.74,13.7,13.73,109887
2026-01-25,14:00:00,13.73,13.75,13.72,13.73,170973
2026-01-25,15:00:00,13.75,13.75,13.75,13.75,11146
2026-01-26,10:00:00,13.74,13.81,13.66,13.71,416767
2026-01-26,11:00:00,13.7,13.8,13.69,13.8,300896
2026-01-26,12:00:00,13.8,13.8,13.76,13.79,185591
2026-01-26,13:00:00,13.79,13.82,13.78,13.82,193187
2026-01-26,14:00:00,13.81,13.88,13.8,13.82,304640
2026-01-26,15:00:00,13.89,13.89,13.89,13.89,159168
2026-01-27,10:00:00,13.89,13.93,13.87,13.91,284227
2026-01-27,11:00:00,13.91,13.94,13.89,13.91,243658
2026-01-27,12:00:00,13.9,13.9,13.85,13.87,232670
2026-01-27,13:00:00,13.87,13.91,13.85,13.9,257453
2026-01-27,14:00:00,13.9,13.92,13.89,13.9,233422
2026-01-27,15:00:00,13.9,13.9,13.9,13.9,180614
2026-01-28,10:00:00,13.89,13.93,13.85,13.86,274862
2026-01-28,11:00:00,13.87,13.91,13.86,13.91,175057
2026-01-28,12:00:00,13.9,13.92,13.88,13.89,207260
2026-01-28,13:00:00,13.89,13.91,13.88,13.91,162828
2026-01-28,14:00:00,13.9,13.93,13.88,13.91,299262
2026-01-28,15:00:00,13.94,13.94,13.94,13.94,239469
2026-01-29,10:00:00,13.99,14.34,13.98,14.17,2646499
2026-01-29,11:00:00,14.17,14.26,14.12,14.24,1068016
2026-01-29,12:00:00,14.24,14.29,14.12,14.13,780194
2026-01-29,13:00:00,14.14,14.25,14.12,14.25,825647
2026-01-29,14:00:00,14.24,14.27,14.1,14.1,911683
2026-01-29,15:00:00,14.27,14.27,14.27,14.27,1612368
2026-02-01,10:00:00,14.24,14.24,13.92,13.94,493279
2026-02-01,11:00:00,13.94,14.0,13.92,13.99,162897
2026-02-01,12:00:00,13.97,14.04,13.97,13.99,227683
2026-02-01,13:00:00,13.99,14.05,13.99,14.05,161773
2026-02-01,14:00:00,14.04,14.1,14.02,14.07,395477
2026-02-01,15:00:00,14.13,14.13,14.13,14.13,33151
2026-02-02,10:00:00,14.0,14.0,13.9,13.94,526882
2026-02-02,11:00:00,13.94,14.03,13.93,14.02,349073
2026-02-02,12:00:00,14.03,14.07,13.98,14.07,224017
2026-02-02,13:00:00,14.07,14.11,14.05,14.11,272115
2026-02-02,14:00:00,14.11,14.15,14.1,14.11,551473
2026-02-02,15:00:00,14.15,14.15,14.15,14.15,220062
2026-02-03,10:00:00,14.12,14.24,14.11,14.16,562474
2026-02-03,11:00:00,14.16,14.23,14.16,14.22,334612
2026-02-03,12:00:00,14.22,14.24,14.21,14.24,443765
2026-02-03,13:00:00,14.24,14.24,14.19,14.23,564428
2026-02-03,14:00:00,14.23,14.24,14.16,14.2,527834
2026-02-03,15:00:00,14.25,14.25,14.25,14.25,401927
2026-02-04,10:00:00,14.25,14.44,14.22,14.35,812132
2026-02-04,11:00:00,14.33,14.4,14.3,14.39,506488
2026-02-04,12:00:00,14.38,14.4,14.34,14.36,247581
2026-02-04,13:00:00,14.36,14.39,14.32,14.34,252590
2026-02-04,14:00:00,14.32,14.36,14.31,14.34,355335
2026-02-04,15:00:00,14.39,14.39,14.39,14.39,229044
2026-02-05,10:00:00,14.35,14.38,14.2,14.22,613224
2026-02-05,11:00:00,14.22,14.26,14.17,14.21,652637
2026-02-05,12:00:00,14.23,14.27,14.21,14.24,185158
2026-02-05,13:00:00,14.24,14.27,14.23,14.25,124113
2026-02-05,14:00:00,14.25,14.32,14.23,14.25,468770
2026-02-05,15:00:00,14.31,14.31,14.31,14.31,279946
2026-02-08,10:00:00,14.32,14.39,14.29,14.3,289383
2026-02-08,11:00:00,14.31,14.33,14.21,14.23,193850
2026-02-08,12:00:00,14.22,14.29,14.22,14.23,71273
2026-02-08,13:00:00,14.23,14.27,14.18,14.18,191705
2026-02-08,14:00:00,14.2,14.21,14.15,14.16,200747
2026-02-08,15:00:00,14.15,14.15,14.15,14.15,111310
2026-02-09,10:00:00,14.15,14.22,14.07,14.11,469207
2026-02-09,11:00:00,14.08,14.24,14.08,14.22,113970
2026-02-09,12:00:00,14.23,14.23,14.14,14.17,187422
2026-02-09,13:00:00,14.16,14.18,14.11,14.16,142363
2026-02-09,14:00:00,14.16,14.18,14.13,14.13,190308
2026-02-09,15:00:00,14.18,14.18,14.18,14.18,105446
2026-02-10,10:00:00,14.18,14.2,14.08,14.18,251037
2026-02-10,11:00:00,14.19,14.23,14.18,14.2,123328
2026-02-10,12:00:00,14.2,14.29,14.19,14.22,329999
2026-02-10,13:00:00,14.22,14.29,14.2,14.26,204420
2026-02-10,14:00:00,14.27,14.28,14.25,14.28,172237
2026-02-10,15:00:00,14.3,14.3,14.3,14.3,492295
2026-02-11,10:00:00,14.25,14.29,14.19,14.2,189611
2026-02-11,11:00:00,14.19,14.28,14.18,14.25,195447
2026-02-11,12:00:00,14.26,14.32,14.24,14.28,273731
2026-02-11,13:00:00,14.28,14.33,14.26,14.31,287695
2026-02-11,14:00:00,14.31,14.35,14.31,14.34,524233
2026-02-11,15:00:00,14.39,14.39,14.39,14.39,380858
2026-02-12,10:00:00,14.35,14.36,14.21,14.25,446416
2026-02-12,11:00:00,14.25,14.35,14.25,14.35,160054
2026-02-12,12:00:00,14.33,14.35,14.25,14.3,211868
2026-02-12,13:00:00,14.3,14.32,14.28,14.29,158243
2026-02-12,14:00:00,14.29,14.33,14.22,14.29,314386
2026-02-12,15:00:00,14.35,14.35,14.35,14.35,140061
2026-02-15,10:00:00,14.38,14.39,14.26,14.3,114102
2026-02-15,11:00:00,14.29,14.32,14.28,14.3,66864
2026-02-15,12:00:00,14.33,14.36,14.3,14.32,68049
2026-02-15,13:00:00,14.31,14.34,14.3,14.31,80674
2026-02-15,14:00:00,14.32,14.33,14.27,14.3,63362
2026-02-15,15:00:00,14.32,14.32,14.32,14.32,13253
2026-02-16,10:00:00,14.35,14.36,14.27,14.33,145083
2026-02-16,11:00:00,14.31,14.36,14.31,14.33,153234
2026-02-16,12:00:00,14.33,14.35,14.32,14.33,135552
2026-02-16,13:00:00,14.33,14.35,14.32,14.33,143599
2026-02-16,14:00:00,14.33,14.34,14.31,14.32,194547
2026-02-16,15:00:00,14.35,14.35,14.35,14.35,107887
2026-02-17,10:00:00,14.3,14.3,14.17,14.17,272978
2026-02-17,11:00:00,14.17,14.18,14.13,14.18,140672
2026-02-17,12:00:00,14.18,14.22,14.15,14.2,198398
2026-02-17,13:00:00,14.18,14.21,14.18,14.19,106714
2026-02-17,14:00:00,14.18,14.2,14.11,14.16,167908
2026-02-17,15:00:00,14.25,14.25,14.25,14.25,88019
2026-02-18,10:00:00,14.18,14.2,14.1,14.17,161988
2026-02-18,11:00:00,14.18,14.2,14.15,14.16,83936
2026-02-18,12:00:00,14.17,14.17,14.15,14.15,66019
2026-02-18,13:00:00,14.15,14.18,14.13,14.18,127810
2026-02-18,14:00:00,14.17,14.2,14.15,14.2,146889
2026-02-18,15:00:00,14.2,14.2,14.2,14.2,22762
2026-02-19,10:00:00,14.16,14.19,14.09,14.17,188326
2026-02-19,11:00:00,14.19,14.2,14.12,14.12,94925
2026-02-19,12:00:00,14.12,14.15,14.08,14.09,77228
2026-02-19,13:00:00,14.09,14.1,14.05,14.06,368914
2026-02-19,14:00:00,14.06,14.07,14.01,14.02,457853
2026-02-19,15:00:00,14.13,14.13,14.13,14.13,713740
2026-02-23,10:00:00,14.1,14.14,14.07,14.12,250113
2026-02-23,11:00:00,14.12,14.12,14.03,14.05,182738
2026-02-23,12:00:00,14.04,14.1,14.04,14.09,89580
2026-02-23,13:00:00,14.09,14.12,14.08,14.11,195619
2026-02-23,14:00:00,14.1,14.16,14.1,14.15,245680
2026-02-23,15:00:00,14.19,14.19,14.19,14.19,197625
2026-02-24,10:00:00,14.09,14.15,14.05,14.06,64062
2026-02-24,11:00:00,14.06,14.07,14.02,14.05,94225
2026-02-24,12:00:00,14.06,14.07,14.03,14.06,103897
2026-02-24,13:00:00,14.07,14.1,14.05,14.06,123231
2026-02-24,14:00:00,14.07,14.08,14.01,14.02,379386
2026-02-24,15:00:00,14.01,14.01,14.01,14.01,289536
2026-02-25,10:00:00,14.01,14.05,13.97,14.0,271698
2026-02-25,11:00:00,13.99,14.0,13.9,13.93,375996
2026-02-25,12:00:00,13.94,13.94,13.86,13.87,109235
2026-02-25,13:00:00,13.87,13.96,13.86,13.95,292433
2026-02-25,14:00:00,13.96,14.05,13.95,14.05,293522
2026-02-25,15:00:00,14.1,14.1,14.1,14.1,321029
2026-02-26,10:00:00,13.96,14.04,13.87,13.91,360767
2026-02-26,11:00:00,13.9,13.93,13.87,13.88,117003
2026-02-26,12:00:00,13.89,13.94,13.87,13.9,143146
2026-02-26,13:00:00,13.9,13.95,13.88,13.9,160998
2026-02-26,14:00:00,13.91,13.91,13.84,13.88,271766
2026-02-26,15:00:00,13.99,13.99,13.99,13.99,1279209
2026-03-01,10:00:00,13.0,13.77,13.0,13.61,658036
2026-03-01,11:00:00,13.6,13.64,13.36,13.44,306490
2026-03-01,12:00:00,13.44,13.47,13.22,13.3,337200
2026-03-01,13:00:00,13.3,13.48,13.3,13.41,131699
2026-03-01,14:00:00,13.42,13.43,13.35,13.4,165054
2026-03-01,15:00:00,13.28,13.28,13.28,13.28,92940
2026-03-02,10:00:00,13.3,13.53,13.24,13.24,770470
2026-03-02,11:00:00,13.24,13.29,13.19,13.24,953529
2026-03-02,12:00:00,13.24,13.37,13.24,13.35,371885
2026-03-02,13:00:00,13.36,13.41,13.32,13.38,578145
2026-03-02,14:00:00,13.38,13.46,13.31,13.4,776670
2026-03-02,15:00:00,13.42,13.42,13.42,13.42,218493
2026-03-03,10:00:00,13.42,13.42,13.25,13.3,155335
2026-03-03,11:00:00,13.3,13.47,13.3,13.4,350964
2026-03-03,12:00:00,13.43,13.45,13.35,13.42,186808
2026-03-03,13:00:00,13.42,13.55,13.4,13.51,259888
2026-03-03,14:00:00,13.52,13.6,13.48,13.59,420412
2026-03-03,15:00:00,13.52,13.52,13.52,13.52,376976
2026-03-04,10:00:00,13.54,13.56,13.47,13.51,307245
2026-03-04,11:00:00,13.51,13.62,13.51,13.6,251920
2026-03-04,12:00:00,13.62,13.68,13.59,13.68,116250
2026-03-04,13:00:00,13.68,13.71,13.63,13.65,179937
2026-03-04,14:00:00,13.66,13.7,13.65,13.67,164901
2026-03-04,15:00:00,13.68,13.68,13.68,13.68,165336
2026-03-05,10:00:00,13.68,13.75,13.66,13.74,174893
2026-03-05,11:00:00,13.74,13.81,13.72,13.81,172185
2026-03-05,12:00:00,13.81,13.84,13.76,13.76,103025
2026-03-05,13:00:00,13.76,13.78,13.72,13.75,63295
2026-03-05,14:00:00,13.75,13.77,13.68,13.72,188341
2026-03-05,15:00:00,13.65,13.65,13.65,13.65,246574
2026-03-08,10:00:00,13.66,13.85,13.66,13.77,223143
2026-03-08,11:00:00,13.8,13.84,13.75,13.83,88193
2026-03-08,12:00:00,13.81,13.85,13.79,13.82,113419
2026-03-08,13:00:00,13.82,13.84,13.79,13.84,210023
2026-03-08,14:00:00,13.84,13.84,13.77,13.83,111178
2026-03-08,15:00:00,13.77,13.77,13.77,13.77,20052
2026-03-09,10:00:00,13.79,13.81,13.7,13.76,119763
2026-03-09,11:00:00,13.74,13.75,13.7,13.73,155035
2026-03-09,12:00:00,13.72,13.78,13.7,13.76,105009
2026-03-09,13:00:00,13.76,13.77,13.69,13.71,173661
2026-03-09,14:00:00,13.71,13.76,13.66,13.76,273747
2026-03-09,15:00:00,13.65,13.65,13.65,13.65,253493
2026-03-10,10:00:00,13.6,13.8,13.59,13.76,119903
2026-03-10,11:00:00,13.77,13.79,13.67,13.73,177554
2026-03-10,12:00:00,13.74,13.83,13.73,13.81,182925
2026-03-10,13:00:00,13.81,13.85,13.77,13.84,297192
2026-03-10,14:00:00,13.83,13.95,13.82,13.93,336903
2026-03-10,15:00:00,13.99,13.99,13.99,13.99,209547
2026-03-11,10:00:00,13.99,13.99,13.86,13.89,70959
2026-03-11,11:00:00,13.9,13.97,13.88,13.93,89678
2026-03-11,12:00:00,13.93,13.97,13.9,13.92,135967
2026-03-11,13:00:00,13.92,13.92,13.88,13.9,65801
2026-03-11,14:00:00,13.91,13.97,13.9,13.93,224828
2026-03-11,15:00:00,13.93,13.93,13.93,13.93,121371
2026-03-12,10:00:00,13.93,13.94,13.84,13.88,152886
2026-03-12,11:00:00,13.88,13.89,13.81,13.87,264755
2026-03-12,12:00:00,13.87,13.9,13.83,13.85,130873
2026-03-12,13:00:00,13.85,13.93,13.83,13.88,299666
2026-03-12,14:00:00,13.89,13.93,13.88,13.92,207697
2026-03-12,15:00:00,13.95,13.95,13.95,13.95,185006
2026-03-15,10:00:00,13.95,13.95,13.78,13.8,167992
2026-03-15,11:00:00,13.8,13.84,13.79,13.82,39247
2026-03-15,12:00:00,13.82,13.88,13.81,13.85,52166
2026-03-15,13:00:00,13.86,13.89,13.82,13.88,74298
2026-03-15,14:00:00,13.88,14.01,13.88,14.0,255203
2026-03-15,15:00:00,13.98,13.98,13.98,13.98,40654
2026-03-16,10:00:00,13.98,13.98,13.86,13.91,80618
2026-03-16,11:00:00,13.91,14.01,13.91,13.97,247901
2026-03-16,12:00:00,13.98,13.99,13.96,13.99,52455
2026-03-16,13:00:00,13.99,14.05,13.98,14.03,220561
2026-03-16,14:00:00,14.03,14.04,13.95,14.02,343687
2026-03-16,15:00:00,13.99,13.99,13.99,13.99,717925
2026-03-24,10:00:00,13.99,14.04,13.91,13.96,329426
2026-03-24,11:00:00,13.97,13.97,13.85,13.85,344006
2026-03-24,12:00:00,13.85,13.89,13.85,13.88,199683
2026-03-24,13:00:00,13.88,13.9,13.84,13.89,297548
2026-03-24,14:00:00,13.89,13.9,13.84,13.89,306403
2026-03-24,15:00:00,13.83,13.83,13.83,13.83,909104
2026-03-25,10:00:00,13.83,13.92,13.83,13.9,198066
2026-03-25,11:00:00,13.88,13.94,13.87,13.92,164270
2026-03-25,12:00:00,13.91,14.01,13.9,13.98,363151
2026-03-25,13:00:00,13.98,14.0,13.94,13.98,133704
2026-03-25,14:00:00,13.97,13.99,13.95,13.98,173278
2026-03-25,15:00:00,14.03,14.03,14.03,14.03,469624
2026-03-26,10:00:00,14.01,14.03,13.96,13.96,185278
2026-03-26,11:00:00,13.97,14.07,13.96,14.0,285107
2026-03-26,12:00:00,14.01,14.01,13.98,13.98,82438
2026-03-26,13:00:00,13.98,14.01,13.96,13.98,142881
2026-03-26,14:00:00,13.99,14.02,13.96,13.98,250826
2026-03-26,15:00:00,13.93,13.93,13.93,13.93,419100
2026-03-29,10:00:00,13.96,14.0,13.96,14.0,118190
2026-03-29,11:00:00,14.0,14.0,13.96,13.98,51411
2026-03-29,12:00:00,13.99,13.99,13.96,13.98,63582
2026-03-29,13:00:00,13.98,13.99,13.96,13.98,40540
2026-03-29,14:00:00,13.99,13.99,13.96,13.97,55939
2026-03-29,15:00:00,13.96,13.96,13.96,13.96,12732
2026-03-30,10:00:00,13.96,14.02,13.96,14.0,248323
2026-03-30,11:00:00,14.01,14.04,13.99,14.02,197309
2026-03-30,12:00:00,14.02,14.04,13.99,14.03,146762
2026-03-30,13:00:00,14.03,14.05,14.01,14.04,159735
2026-03-30,14:00:00,14.04,14.08,14.04,14.05,188743
2026-03-30,15:00:00,14.1,14.1,14.1,14.1,234929
2026-03-31,10:00:00,14.11,14.28,14.11,14.19,1263963
2026-03-31,11:00:00,14.18,14.19,14.16,14.19,173592
2026-03-31,12:00:00,14.18,14.2,14.17,14.18,208543
2026-03-31,13:00:00,14.17,14.2,14.16,14.17,204933
2026-03-31,14:00:00,14.16,14.18,14.16,14.17,232312
2026-03-31,15:00:00,14.12,14.12,14.12,14.12,696928
2026-04-01,10:00:00,14.17,14.2,14.16,14.18,310211
2026-04-01,11:00:00,14.17,14.21,14.16,14.18,311452
2026-04-01,12:00:00,14.18,14.18,14.15,14.17,184764
2026-04-01,13:00:00,14.17,14.18,14.13,14.15,375458
2026-04-01,14:00:00,14.15,14.15,14.12,14.15,298469
2026-04-01,15:00:00,14.18,14.18,14.18,14.18,214680
2026-04-02,10:00:00,14.14,14.2,14.12,14.18,381961
2026-04-02,11:00:00,14.18,14.18,14.14,14.16,254692
2026-04-02,12:00:00,14.16,14.16,14.14,14.15,179833
2026-04-02,13:00:00,14.16,14.18,14.15,14.16,226126
2026-04-02,14:00:00,14.16,14.17,14.07,14.11,989664
2026-04-02,15:00:00,14.12,14.12,14.12,14.12,158018
2026-04-05,10:00:00,14.04,14.18,14.04,14.13,364987
2026-04-05,11:00:00,14.14,14.15,14.09,14.12,362082
2026-04-05,12:00:00,14.12,14.25,14.11,14.21,597747
2026-04-05,13:00:00,14.21,14.24,14.19,14.2,173332
2026-04-05,14:00:00,14.2,14.21,14.16,14.19,61641
2026-04-05,15:00:00,14.18,14.18,14.18,14.18,26297
2026-04-06,10:00:00,14.21,14.28,14.21,14.25,492672
2026-04-06,11:00:00,14.25,14.37,14.23,14.34,921349
2026-04-06,12:00:00,14.34,14.35,14.33,14.34,244733
2026-04-06,13:00:00,14.33,14.35,14.32,14.35,409709
2026-04-06,14:00:00,14.35,14.36,14.28,14.33,1212867
2026-04-06,15:00:00,14.35,14.35,14.35,14.35,347816
2026-04-07,10:00:00,14.0,14.09,13.99,14.05,834606
2026-04-07,11:00:00,14.06,14.08,14.01,14.03,235236
2026-04-07,12:00:00,14.03,14.04,14.01,14.01,154717
2026-04-07,13:00:00,14.01,14.04,14.0,14.0,408818
2026-04-07,14:00:00,14.0,14.03,13.93,13.96,581494
2026-04-07,15:00:00,13.98,13.98,13.98,13.98,175292
2026-04-08,10:00:00,14.01,14.11,14.01,14.09,359311
2026-04-08,11:00:00,14.09,14.19,14.08,14.19,619374
2026-04-08,12:00:00,14.19,14.19,14.14,14.16,174567
2026-04-08,13:00:00,14.14,14.16,14.14,14.15,158845
2026-04-08,14:00:00,14.15,14.18,14.15,14.17,217096
2026-04-08,15:00:00,14.2,14.2,14.2,14.2,265220
2026-04-09,10:00:00,14.19,14.19,14.09,14.09,219284
2026-04-09,11:00:00,14.09,14.15,14.0,14.15,513168
2026-04-09,12:00:00,14.15,14.18,14.14,14.18,163766
2026-04-09,13:00:00,14.18,14.18,14.14,14.15,294589
2026-04-09,14:00:00,14.15,14.17,14.12,14.17,441365
2026-04-09,15:00:00,14.23,14.23,14.23,14.23,482410
2026-04-12,10:00:00,14.06,14.16,14.06,14.13,270661
2026-04-12,11:00:00,14.14,14.15,14.12,14.13,62463
2026-04-12,12:00:00,14.13,14.14,14.11,14.13,38265
2026-04-12,13:00:00,14.13,14.19,14.12,14.17,182305
2026-04-12,14:00:00,14.17,14.22,14.15,14.2,227187
2026-04-12,15:00:00,14.2,14.2,14.2,14.2,16535
2026-04-13,10:00:00,14.2,14.3,14.2,14.29,391236
2026-04-13,11:00:00,14.29,14.3,14.28,14.29,246998
2026-04-13,12:00:00,14.29,14.37,14.28,14.33,460579
2026-04-13,13:00:00,14.33,14.35,14.29,14.33,183180
2026-04-13,14:00:00,14.34,14.35,14.3,14.3,339893
2026-04-13,15:00:00,14.34,14.34,14.34,14.34,139396
2026-04-14,10:00:00,14.3,14.33,14.28,14.32,95374
2026-04-14,11:00:00,14.33,14.37,14.32,14.37,211717
2026-04-14,12:00:00,14.37,14.37,14.34,14.36,163070
2026-04-14,13:00:00,14.36,14.36,14.34,14.36,236128
2026-04-14,14:00:00,14.36,14.39,14.35,14.37,369714
2026-04-14,15:00:00,14.43,14.43,14.43,14.43,375735
2026-04-15,10:00:00,14.26,14.46,14.26,14.43,663554
2026-04-15,11:00:00,14.43,14.43,14.39,14.4,299255
2026-04-15,12:00:00,14.39,14.44,14.38,14.39,301168
2026-04-15,13:00:00,14.39,14.43,14.36,14.41,513170
2026-04-15,14:00:00,14.41,14.45,14.4,14.44,436127
2026-04-15,15:00:00,14.45,14.45,14.45,14.45,361479
2026-04-16,10:00:00,14.5,14.85,14.49,14.85,2456807
2026-04-16,11:00:00,14.85,14.87,14.81,14.84,782677
2026-04-16,12:00:00,14.84,14.85,14.83,14.83,712200
2026-04-16,13:00:00,14.82,14.85,14.81,14.85,718963
2026-04-16,14:00:00,14.84,14.85,14.84,14.85,1393901
2026-04-16,15:00:00,14.85,14.85,14.85,14.85,781254
2026-04-19,10:00:00,14.85,14.85,14.78,14.79,390106
2026-04-19,11:00:00,14.78,14.79,14.68,14.72,242660
2026-04-19,12:00:00,14.74,14.75,14.66,14.67,85475
2026-04-19,13:00:00,14.68,14.7,14.59,14.61,258600
2026-04-19,14:00:00,14.61,14.61,14.57,14.59,119942
2026-04-19,15:00:00,14.6,14.6,14.6,14.6,56966
2026-04-20,10:00:00,14.6,14.8,14.59,14.76,403779
2026-04-20,11:00:00,14.77,15.0,14.76,14.98,1448977
2026-04-20,12:00:00,14.98,15.1,14.98,15.03,1281813
2026-04-20,13:00:00,15.02,15.05,14.98,15.03,779225
2026-04-20,14:00:00,15.02,15.07,15.0,15.05,837138
2026-04-20,15:00:00,15.08,15.08,15.08,15.08,275876
2026-04-21,10:00:00,15.04,15.36,15.02,15.33,2120928
2026-04-21,11:00:00,15.32,15.35,15.28,15.33,857093
2026-04-21,12:00:00,15.33,15.37,15.32,15.37,888409
2026-04-21,13:00:00,15.36,15.37,15.26,15.32,861953
2026-04-21,14:00:00,15.32,15.35,15.3,15.34,662015
2026-04-21,15:00:00,15.38,15.38,15.38,15.38,691667
2026-04-22,10:00:00,15.32,15.5,15.3,15.43,2003168
2026-04-22,11:00:00,15.44,15.45,15.39,15.41,402445
2026-04-22,12:00:00,15.41,15.43,15.38,15.4,261609
2026-04-22,13:00:00,15.4,15.41,15.33,15.4,512130
2026-04-22,14:00:00,15.39,15.41,15.38,15.4,441519
2026-04-22,15:00:00,15.39,15.39,15.39,15.39,228402
2026-04-23,10:00:00,15.29,15.4,15.17,15.18,522276
2026-04-23,11:00:00,15.18,15.23,15.0,15.2,302312
2026-04-23,12:00:00,15.2,15.2,15.1,15.13,220279
2026-04-23,13:00:00,15.13,15.18,15.1,15.13,339310
2026-04-23,14:00:00,15.13,15.2,15.1,15.2,487449
2026-04-23,15:00:00,15.2,15.2,15.2,15.2,367214
2026-04-26,10:00:00,15.16,15.16,14.84,14.85,372196
2026-04-26,11:00:00,14.85,14.98,14.84,14.93,171722
2026-04-26,12:00:00,14.94,15.0,14.93,14.99,165495
2026-04-26,13:00:00,15.0,15.06,14.99,15.01,121029
2026-04-26,14:00:00,15.02,15.07,15.0,15.04,132805
2026-04-26,15:00:00,15.05,15.05,15.05,15.05,33218
2026-04-27,10:00:00,15.07,15.3,15.07,15.3,701449
2026-04-27,11:00:00,15.29,15.31,15.22,15.28,182508
2026-04-27,12:00:00,15.28,15.28,15.22,15.28,171623
2026-04-27,13:00:00,15.28,15.28,15.21,15.24,179454
2026-04-27,14:00:00,15.24,15.28,15.21,15.24,281339
2026-04-27,15:00:00,15.3,15.3,15.3,15.3,290954
2026-04-28,10:00:00,15.28,15.35,15.18,15.33,257923
2026-04-28,11:00:00,15.35,15.43,15.3,15.32,448626
2026-04-28,12:00:00,15.32,15.33,15.22,15.27,159000
2026-04-28,13:00:00,15.27,15.27,15.2,15.23,157056
2026-04-28,14:00:00,15.23,15.28,15.17,15.22,392841
2026-04-28,15:00:00,15.28,15.28,15.28,15.28,209317
2026-04-29,10:00:00,15.17,15.32,15.17,15.28,302106
2026-04-29,11:00:00,15.27,15.32,15.27,15.31,146578
2026-04-29,12:00:00,15.31,15.31,15.25,15.25,75556
2026-04-29,13:00:00,15.25,15.3,15.25,15.28,113546
2026-04-29,14:00:00,15.29,15.3,15.27,15.28,163131
2026-04-29,15:00:00,15.3,15.3,15.3,15.3,170124
2026-04-30,10:00:00,15.29,15.29,15.11,15.13,381343
2026-04-30,11:00:00,15.11,15.13,15.09,15.1,139103
2026-04-30,12:00:00,15.11,15.11,15.09,15.1,167847
2026-04-30,13:00:00,15.1,15.1,15.05,15.05,139367
2026-04-30,14:00:00,15.07,15.08,15.01,15.07,354317
2026-04-30,15:00:00,15.05,15.05,15.05,15.05,339944
2026-05-03,10:00:00,15.05,15.07,14.91,15.0,324188
2026-05-03,11:00:00,14.99,15.0,14.97,14.99,78628
2026-05-03,12:00:00,15.0,15.0,14.95,14.98,98649
2026-05-03,13:00:00,14.98,15.0,14.93,14.98,255486
2026-05-03,14:00:00,14.99,15.1,14.98,15.08,276063
2026-05-03,15:00:00,15.11,15.11,15.11,15.11,79056
2026-05-04,10:00:00,15.1,15.12,14.99,15.07,349071
2026-05-04,11:00:00,15.07,15.11,15.02,15.02,210984
2026-05-04,12:00:00,15.02,15.03,14.95,14.95,267931
2026-05-04,13:00:00,14.96,14.97,14.88,14.88,262241
2026-05-04,14:00:00,14.87,14.88,14.8,14.82,356679
2026-05-04,15:00:00,14.82,14.82,14.82,14.82,138964
2026-05-05,10:00:00,14.84,14.9,14.75,14.88,544954
2026-05-05,11:00:00,14.88,14.91,14.83,14.83,203225
2026-05-05,12:00:00,14.84,14.91,14.84,14.89,85783
2026-05-05,13:00:00,14.88,14.91,14.85,14.87,178668
2026-05-05,14:00:00,14.88,14.89,14.84,14.89,143068
2026-05-05,15:00:00,14.91,14.91,14.91,14.91,112376
2026-05-06,10:00:00,14.91,15.0,14.87,14.98,421540
2026-05-06,11:00:00,14.96,15.09,14.95,15.0,512838
2026-05-06,12:00:00,14.99,15.05,14.97,14.97,172128
2026-05-06,13:00:00,14.97,15.0,14.95,14.95,139326
2026-05-06,14:00:00,14.95,14.96,14.88,14.89,187043
2026-05-06,15:00:00,14.88,14.88,14.88,14.88,224515
2026-05-07,10:00:00,14.89,15.02,14.89,14.96,448687
2026-05-07,11:00:00,14.95,14.99,14.93,14.99,96653
2026-05-07,12:00:00,14.98,15.08,14.98,15.0,343116
2026-05-07,13:00:00,15.0,15.02,14.99,15.01,305861
2026-05-07,14:00:00,15.01,15.02,14.97,14.99,220711
2026-05-07,15:00:00,15.01,15.01,15.01,15.01,295273
2026-05-10,10:00:00,15.0,15.1,14.92,15.04,343621
2026-05-10,11:00:00,15.04,15.09,15.0,15.02,67434
2026-05-10,12:00:00,15.01,15.07,15.0,15.04,61794
2026-05-10,13:00:00,15.03,15.04,14.99,15.0,57932
2026-05-10,14:00:00,14.99,15.0,14.95,14.98,189104
2026-05-10,15:00:00,15.03,15.03,15.03,15.03,42117
2026-05-11,10:00:00,15.0,15.09,14.8,15.04,872739
2026-05-11,11:00:00,15.03,15.06,15.0,15.04,191550
2026-05-11,12:00:00,15.04,15.08,15.04,15.07,146448
2026-05-11,13:00:00,15.06,15.07,15.04,15.05,101883
2026-05-11,14:00:00,15.05,15.06,15.02,15.02,158593
2026-05-11,15:00:00,15.08,15.08,15.08,15.08,144353
2026-05-12,10:00:00,15.1,15.28,15.06,15.25,761415
2026-05-12,11:00:00,15.25,15.34,15.25,15.33,586638
2026-05-12,12:00:00,15.33,15.34,15.25,15.3,434058
2026-05-12,13:00:00,15.3,15.38,15.28,15.36,544468
2026-05-12,14:00:00,15.36,15.37,15.3,15.34,518834
2026-05-12,15:00:00,15.31,15.31,15.31,15.31,196086
2026-05-13,10:00:00,15.29,15.29,15.06,15.12,284923
2026-05-13,11:00:00,15.12,15.2,15.08,15.16,244875
2026-05-13,12:00:00,15.14,15.18,15.13,15.17,127299
2026-05-13,13:00:00,15.17,15.24,15.14,15.14,428532
2026-05-13,14:00:00,15.14,15.19,15.1,15.16,270707
2026-05-13,15:00:00,15.21,15.21,15.21,15.21,138266
2026-05-14,10:00:00,15.1,15.19,15.04,15.12,351014
2026-05-14,11:00:00,15.13,15.17,15.02,15.05,489077
2026-05-14,12:00:00,15.05,15.06,15.02,15.04,349110
2026-05-14,13:00:00,15.03,15.1,15.02,15.05,485877
2026-05-14,14:00:00,15.03,15.06,14.99,14.99,472477
2026-05-14,15:00:00,14.98,14.98,14.98,14.98,323229
2026-05-17,10:00:00,14.98,15.0,14.91,14.96,199899
2026-05-17,11:00:00,14.96,14.96,14.89,14.9,200277
2026-05-17,12:00:00,14.9,14.93,14.89,14.91,100979
2026-05-17,13:00:00,14.91,14.98,14.89,14.96,182222
2026-05-17,14:00:00,14.95,15.11,14.92,15.0,422080
2026-05-17,15:00:00,15.0,15.0,15.0,15.0,27558
2026-05-18,10:00:00,15.0,15.29,14.95,15.27,765187
2026-05-18,11:00:00,15.26,15.48,15.26,15.42,1550874
2026-05-18,12:00:00,15.42,15.49,15.4,15.44,746049
2026-05-18,13:00:00,15.45,15.5,15.41,15.44,1023121
2026-05-18,14:00:00,15.45,15.5,15.39,15.41,679726
2026-05-18,15:00:00,15.5,15.5,15.5,15.5,450109
2026-05-19,10:00:00,15.38,15.67,15.38,15.6,2248966
2026-05-19,11:00:00,15.6,15.67,15.58,15.6,625534
2026-05-19,12:00:00,15.6,15.61,15.5,15.53,769584
2026-05-19,13:00:00,15.52,15.6,15.4,15.57,752368
2026-05-19,14:00:00,15.57,15.66,15.56,15.6,522537
2026-05-19,15:00:00,15.68,15.68,15.68,15.68,474927
2026-05-20,10:00:00,15.68,15.69,15.48,15.61,518012
2026-05-20,11:00:00,15.6,15.63,15.55,15.62,353920
2026-05-20,12:00:00,15.62,15.68,15.52,15.65,459961
2026-05-20,13:00:00,15.66,15.75,15.66,15.71,1223271
2026-05-20,14:00:00,15.71,15.74,15.65,15.71,767309
2026-05-20,15:00:00,15.73,15.73,15.73,15.73,429912
2026-05-21,10:00:00,15.73,15.75,15.6,15.67,849862
2026-05-21,11:00:00,15.67,15.68,15.6,15.62,255483
2026-05-21,12:00:00,15.62,15.74,15.61,15.73,263301
2026-05-21,13:00:00,15.72,15.77,15.65,15.72,465766
2026-05-21,14:00:00,15.73,15.76,15.69,15.73,844909
2026-05-21,15:00:00,15.77,15.77,15.77,15.77,2363689
2026-05-31,10:00:00,15.77,15.77,15.69,15.76,449428
2026-05-31,11:00:00,15.75,15.76,15.73,15.75,238862
2026-05-31,12:00:00,15.76,15.76,15.74,15.76,189643
2026-05-31,13:00:00,15.76,15.88,15.75,15.88,473301
2026-05-31,14:00:00,15.88,15.99,15.88,15.99,517698
2026-05-31,15:00:00,16.0,16.0,16.0,16.0,703195
2026-06-01,10:00:00,15.8,16.15,15.8,16.11,884767
2026-06-01,11:00:00,16.1,16.11,16.05,16.08,479598
2026-06-01,12:00:00,16.08,16.1,16.0,16.04,291736
2026-06-01,13:00:00,16.03,16.12,16.03,16.08,619740
2026-06-01,14:00:00,16.08,16.14,16.0,16.06,995884
2026-06-01,15:00:00,16.1,16.1,16.1,16.1,486953
2026-06-02,10:00:00,16.0,16.02,15.83,15.94,821470
2026-06-02,11:00:00,15.93,16.08,15.91,16.06,627644
2026-06-02,12:00:00,16.05,16.08,16.03,16.05,286682
2026-06-02,13:00:00,16.05,16.07,16.03,16.06,440347
2026-06-02,14:00:00,16.05,16.1,16.05,16.1,486441
2026-06-02,15:00:00,16.1,16.1,16.1,16.1,326104
2026-06-03,10:00:00,16.07,16.1,15.85,16.07,497070
2026-06-03,11:00:00,16.07,16.09,16.01,16.09,203985
2026-06-03,12:00:00,16.09,16.09,16.0,16.04,221983
2026-06-03,13:00:00,16.05,16.05,16.02,16.03,140537
2026-06-03,14:00:00,16.03,16.05,16.0,16.04,436913
2026-06-03,15:00:00,16.07,16.07,16.07,16.07,234295
2026-06-04,10:00:00,16.07,16.18,16.0,16.0,618626
2026-06-04,11:00:00,16.0,16.08,15.97,16.03,620552
2026-06-04,12:00:00,16.03,16.07,16.0,16.06,422330
2026-06-04,13:00:00,16.06,16.09,15.99,16.07,501950
2026-06-04,14:00:00,16.06,16.14,16.02,16.11,533324
2026-06-04,15:00:00,16.18,16.18,16.18,16.18,430253
2026-06-07,10:00:00,16.0,16.04,15.55,15.56,830901
2026-06-07,11:00:00,15.56,15.68,15.51,15.62,517727
2026-06-07,12:00:00,15.63,15.68,15.53,15.6,331312
2026-06-07,13:00:00,15.59,15.66,15.57,15.62,378259
2026-06-07,14:00:00,15.62,15.66,15.58,15.62,417497
2026-06-07,15:00:00,15.54,15.54,15.54,15.54,129677
2026-06-08,10:00:00,15.5,15.95,15.35,15.87,988012
2026-06-08,11:00:00,15.88,15.94,15.82,15.87,768344
2026-06-08,12:00:00,15.88,15.88,15.72,15.79,692282
2026-06-08,13:00:00,15.78,15.81,15.75,15.79,403717
2026-06-08,14:00:00,15.79,15.86,15.75,15.82,691718
2026-06-08,15:00:00,15.86,15.86,15.86,15.86,252330
2026-06-09,10:00:00,15.91,16.07,15.88,16.03,866337
2026-06-09,11:00:00,16.03,16.08,15.96,15.99,711697
2026-06-09,12:00:00,15.99,16.03,15.96,16.01,592000
2026-06-09,13:00:00,16.01,16.03,15.99,16.03,439754
2026-06-09,14:00:00,16.02,16.1,16.01,16.06,657916
2026-06-09,15:00:00,16.14,16.14,16.14,16.14,269225
2026-06-10,10:00:00,16.1,16.28,16.08,16.26,1166391
2026-06-10,11:00:00,16.26,16.3,16.11,16.18,849290
2026-06-10,12:00:00,16.17,16.19,16.15,16.17,592093
2026-06-10,13:00:00,16.17,16.2,16.16,16.19,452078
2026-06-10,14:00:00,16.18,16.19,16.09,16.11,612156
2026-06-10,15:00:00,16.16,16.16,16.16,16.16,242176
2026-06-11,10:00:00,16.01,16.16,16.01,16.13,768257
2026-06-11,11:00:00,16.13,16.33,16.12,16.32,645544
2026-06-11,12:00:00,16.32,16.33,16.27,16.3,337569
2026-06-11,13:00:00,16.29,16.3,16.27,16.3,444239
2026-06-11,14:00:00,16.3,16.33,16.29,16.3,720397
2026-06-11,15:00:00,16.36,16.36,16.36,16.36,346291
2026-06-14,10:00:00,16.32,16.35,16.21,16.21,374966
2026-06-14,11:00:00,16.2,16.23,16.1,16.11,255164
2026-06-14,12:00:00,16.11,16.12,16.05,16.1,255665
2026-06-14,13:00:00,16.09,16.15,16.05,16.08,152934
2026-06-14,14:00:00,16.09,16.1,16.03,16.04,299945
2026-06-14,15:00:00,16.05,16.05,16.05,16.05,116055
2026-06-15,10:00:00,16.16,16.3,16.09,16.26,715551
2026-06-15,11:00:00,16.26,16.3,16.25,16.28,376624
2026-06-15,12:00:00,16.29,16.31,16.27,16.28,314314
2026-06-15,13:00:00,16.28,16.31,16.28,16.31,325850
2026-06-15,14:00:00,16.32,16.35,16.28,16.3,723547
2026-06-15,15:00:00,16.34,16.34,16.34,16.34,261847
2026-06-16,10:00:00,16.31,16.62,16.31,16.51,1295392
2026-06-16,11:00:00,16.52,16.55,16.5,16.51,379824
2026-06-16,12:00:00,16.51,16.52,16.48,16.5,354363
2026-06-16,13:00:00,16.49,16.59,16.49,16.54,497418
2026-06-16,14:00:00,16.53,16.53,16.47,16.48,637365
2026-06-16,15:00:00,16.59,16.59,16.59,16.59,287362
2026-06-17,10:00:00,16.5,16.85,16.5,16.76,947400
2026-06-17,11:00:00,16.76,16.93,16.75,16.81,1033613
2026-06-17,12:00:00,16.81,16.87,16.72,16.78,929871
2026-06-17,13:00:00,16.79,16.84,16.65,16.65,973212
2026-06-17,14:00:00,16.66,16.79,16.63,16.73,908318
2026-06-17,15:00:00,16.81,16.81,16.81,16.81,259891
2026-06-18,10:00:00,16.8,16.81,16.67,16.71,501107
2026-06-18,11:00:00,16.71,16.73,16.57,16.6,563091
2026-06-18,12:00:00,16.6,16.66,16.58,16.63,406453
2026-06-18,13:00:00,16.63,16.7,16.62,16.63,358730
2026-06-18,14:00:00,16.64,16.68,16.59,16.64,605316
2026-06-18,15:00:00,16.74,16.74,16.74,16.74,1869315
2026-06-21,10:00:00,16.7,16.7,16.23,16.24,368327
2026-06-21,11:00:00,16.24,16.29,16.16,16.21,271600
2026-06-21,12:00:00,16.22,16.24,16.08,16.12,255817
2026-06-21,13:00:00,16.12,16.16,16.05,16.1,292841
2026-06-21,14:00:00,16.09,16.16,16.02,16.14,453262
2026-06-21,15:00:00,16.1,16.1,16.1,16.1,69992
2026-06-22,10:00:00,16.1,16.3,16.1,16.28,406862
2026-06-22,11:00:00,16.27,16.29,16.19,16.24,180749
2026-06-22,12:00:00,16.24,16.36,16.21,16.31,249394
2026-06-22,13:00:00,16.31,16.38,16.29,16.35,311153
2026-06-22,14:00:00,16.35,16.41,16.3,16.41,917258
2026-06-22,15:00:00,16.49,16.49,16.49,16.49,392628
2026-06-23,10:00:00,16.49,16.5,16.27,16.29,313137
2026-06-23,11:00:00,16.29,16.35,16.28,16.34,266635
2026-06-23,12:00:00,16.34,16.47,16.3,16.43,252685
2026-06-23,13:00:00,16.43,16.44,16.34,16.4,431817
2026-06-23,14:00:00,16.4,16.42,16.34,16.41,509990
2026-06-23,15:00:00,16.46,16.46,16.46,16.46,762899
2026-06-24,10:00:00,16.4,16.65,16.4,16.6,506700
2026-06-24,11:00:00,16.6,16.67,16.58,16.61,459861
2026-06-24,12:00:00,16.6,16.62,16.55,16.61,530071
2026-06-24,13:00:00,16.6,16.65,16.53,16.61,492256
2026-06-24,14:00:00,16.61,16.66,16.57,16.63,510652
2026-06-24,15:00:00,16.7,16.7,16.7,16.7,465405
2026-06-25,10:00:00,16.7,16.7,16.56,16.59,533390
2026-06-25,11:00:00,16.6,16.72,16.59,16.65,701309
2026-06-25,12:00:00,16.65,16.73,16.65,16.69,555104
2026-06-25,13:00:00,16.71,16.75,16.67,16.71,472243
2026-06-25,14:00:00,16.71,16.73,16.64,16.7,925396
2026-06-25,15:00:00,16.79,16.79,16.79,16.79,1150641
2026-06-28,10:00:00,16.8,16.8,16.5,16.52,332782
2026-06-28,11:00:00,16.52,16.54,16.46,16.53,167732
2026-06-28,12:00:00,16.52,16.55,16.45,16.48,114659
2026-06-28,13:00:00,16.48,16.53,16.39,16.39,351759
2026-06-28,14:00:00,16.38,16.45,16.34,16.37,377250
2026-06-28,15:00:00,16.34,16.34,16.34,16.34,65617
2026-06-29,10:00:00,16.34,16.72,16.34,16.62,775622
2026-06-29,11:00:00,16.62,16.65,16.56,16.64,958488
2026-06-29,12:00:00,16.64,16.72,16.59,16.67,739058
2026-06-29,13:00:00,16.66,16.7,16.6,16.62,893532
2026-06-29,14:00:00,16.62,16.71,16.58,16.62,703392
2026-06-29,15:00:00,16.75,16.75,16.75,16.75,255788
2026-06-30,10:00:00,16.74,16.8,16.6,16.79,568152
2026-06-30,11:00:00,16.79,16.91,16.73,16.8,1195159
2026-06-30,12:00:00,16.82,16.9,16.8,16.85,534945
2026-06-30,13:00:00,16.85,16.86,16.76,16.8,574152
2026-06-30,14:00:00,16.8,16.88,16.8,16.86,637642
2026-06-30,15:00:00,16.76,16.76,16.76,16.76,918694
2026-07-01,10:00:00,16.76,17.0,16.71,16.98,1136336
2026-07-01,11:00:00,16.98,16.99,16.94,16.96,449106
2026-07-01,12:00:00,16.96,17.02,16.95,16.98,1431529
2026-07-01,13:00:00,16.98,16.99,16.95,16.96,419893
2026-07-01,14:00:00,16.95,17.0,16.93,17.0,693065
2026-07-01,15:00:00,17.02,17.02,17.02,17.02,470196
2026-07-02,10:00:00,17.0,17.17,16.98,17.16,1041864
2026-07-02,11:00:00,17.16,17.17,17.14,17.16,446672
2026-07-02,12:00:00,17.16,17.35,17.16,17.35,1116533
2026-07-02,13:00:00,17.35,17.39,17.31,17.35,505387
2026-07-02,14:00:00,17.35,17.39,17.34,17.37,783086
2026-07-02,15:00:00,17.49,17.49,17.49,17.49,525359
2026-07-05,10:00:00,17.48,17.48,17.2,17.23,658609
2026-07-05,11:00:00,17.23,17.31,17.18,17.18,279989
2026-07-05,12:00:00,17.19,17.2,17.14,17.14,121594
2026-07-05,13:00:00,17.14,17.2,17.14,17.17,194741
2026-07-05,14:00:00,17.18,17.2,17.1,17.14,112866
2026-07-05,15:00:00,17.18,17.18,17.18,17.18,52513
2026-07-06,10:00:00,17.18,17.45,17.18,17.25,315385
2026-07-06,11:00:00,17.26,17.29,17.2,17.25,165067
2026-07-06,12:00:00,17.26,17.29,17.23,17.26,103510
2026-07-06,13:00:00,17.26,17.28,17.18,17.27,178818
2026-07-06,14:00:00,17.27,17.29,17.21,17.25,200485
2026-07-06,15:00:00,17.21,17.21,17.21,17.21,191146
2026-07-07,10:00:00,17.21,17.47,17.16,17.45,785114
2026-07-07,11:00:00,17.46,17.61,17.44,17.51,926446
2026-07-07,12:00:00,17.52,17.52,17.46,17.49,395279
2026-07-07,13:00:00,17.49,17.51,17.41,17.47,469789
2026-07-07,14:00:00,17.47,17.5,17.42,17.47,573517
2026-07-07,15:00:00,17.54,17.54,17.54,17.54,440463
2026-07-08,10:00:00,17.47,17.65,17.4,17.57,562413
2026-07-08,11:00:00,17.58,17.61,17.44,17.45,368170
2026-07-08,12:00:00,17.45,17.47,17.36,17.4,817062
2026-07-08,13:00:00,17.39,17.48,17.38,17.44,591205
2026-07-08,14:00:00,17.44,17.45,17.38,17.39,318883
2026-07-08,15:00:00,17.46,17.46,17.46,17.46,168724
2026-07-09,10:00:00,17.46,17.55,17.39,17.49,505500
2026-07-09,11:00:00,17.49,17.52,17.44,17.52,236417
2026-07-09,12:00:00,17.51,17.6,17.5,17.59,533091
2026-07-09,13:00:00,17.59,17.64,17.55,17.61,325110
2026-07-09,14:00:00,17.6,17.6,17.55,17.58,594048
2026-07-09,15:00:00,17.61,17.61,17.61,17.61,573681
2026-07-12,10:00:00,17.52,17.55,17.46,17.53,211541
2026-07-12,11:00:00,17.53,17.62,17.46,17.61,489768
2026-07-12,12:00:00,17.61,17.67,17.6,17.65,173204
2026-07-12,13:00:00,17.65,17.67,17.6,17.62,117983
2026-07-12,14:00:00,17.61,17.68,17.53,17.63,222193
2026-07-12,15:00:00,17.5,17.5,17.5,17.5,21630
2026-07-13,10:00:00,17.6,17.88,17.56,17.82,844918
2026-07-13,11:00:00,17.81,17.89,17.8,17.88,369971
2026-07-13,12:00:00,17.89,17.93,17.86,17.91,513174
2026-07-13,13:00:00,17.92,17.95,17.88,17.92,396671
2026-07-13,14:00:00,17.91,17.91,17.72,17.83,877999
2026-07-13,15:00:00,17.81,17.81,17.81,17.81,216356
2026-07-14,10:00:00,17.71,17.81,17.71,17.76,361334
2026-07-14,11:00:00,17.77,17.8,17.7,17.8,260764
2026-07-14,12:00:00,17.79,17.84,17.77,17.79,578016
2026-07-14,13:00:00,17.79,17.79,17.75,17.78,458780
2026-07-14,14:00:00,17.79,17.83,17.78,17.8,455205
2026-07-14,15:00:00,17.85,17.85,17.85,17.85,164069
2026-07-15,10:00:00,17.9,18.38,17.88,18.03,2885526
2026-07-15,11:00:00,18.02,18.05,17.88,18.04,908620
2026-07-15,12:00:00,18.03,18.1,18.01,18.01,600502
2026-07-15,13:00:00,18.0,18.03,17.96,18.0,606229
2026-07-15,14:00:00,18.01,18.03,17.95,18.03,869503
2026-07-15,15:00:00,18.1,18.1,18.1,18.1,320476
2026-07-16,10:00:00,18.09,18.13,17.67,17.8,1317490
2026-07-16,11:00:00,17.82,17.88,17.79,17.82,682220
2026-07-16,12:00:00,17.83,17.83,17.75,17.8,278509
2026-07-16,13:00:00,17.8,17.82,17.79,17.82,228792
2026-07-16,14:00:00,17.82,17.85,17.77,17.77,1041044
2026-07-16,15:00:00,17.92,17.92,17.92,17.92,359521
2026-07-19,10:00:00,17.7,17.79,17.39,17.4,300878
2026-07-19,11:00:00,17.4,17.44,17.32,17.4,141035
2026-07-19,12:00:00,17.4,17.44,17.32,17.44,139966
2026-07-19,13:00:00,17.44,17.46,17.39,17.43,138564
2026-07-19,14:00:00,17.44,17.44,17.37,17.43,114947
2026-07-19,15:00:00,17.4,17.4,17.4,17.4,11157
2026-07-20,10:00:00,17.44,17.76,17.44,17.65,402966
2026-07-20,11:00:00,17.65,17.65,17.48,17.48,292025
2026-07-20,12:00:00,17.5,17.5,17.23,17.25,328297
2026-07-20,13:00:00,17.24,17.25,17.06,17.06,650948
2026-07-20,14:00:00,17.08,17.17,17.0,17.15,334629
2026-07-20,15:00:00,17.13,17.13,17.13,17.13,184887
2026-07-21,10:00:00,17.0,17.13,16.79,16.92,539890
2026-07-21,11:00:00,16.92,17.0,16.88,16.95,158022
2026-07-21,12:00:00,16.95,16.96,16.7,16.79,739549
2026-07-21,13:00:00,16.79,16.8,16.71,16.75,282645
2026-07-21,14:00:00,16.75,16.85,16.74,16.85,477959
2026-07-21,15:00:00,16.91,16.91,16.91,16.91,275226
2026-07-22,10:00:00,16.9,17.1,16.79,17.0,492742
2026-07-22,11:00:00,17.0,17.03,16.95,17.0,307852
2026-07-22,12:00:00,17.0,17.1,16.99,17.08,288427
2026-07-22,13:00:00,17.07,17.08,17.02,17.02,145867
2026-07-22,14:00:00,17.01,17.24,17.01,17.03,923878
2026-07-22,15:00:00,17.2,17.2,17.2,17.2,409636
2026-07-23,10:00:00,17.04,17.15,16.91,16.99,486066
2026-07-23,11:00:00,16.98,17.01,16.91,16.97,336915
2026-07-23,12:00:00,16.97,16.99,16.91,16.97,308172
2026-07-23,13:00:00,16.97,16.97,16.79,16.91,523063
2026-07-23,14:00:00,16.9,17.0,16.8,16.85,660246
2026-07-23,15:00:00,16.78,16.78,16.78,16.78,411642
2026-07-26,10:00:00,16.78,16.78,16.37,16.43,616826
2026-07-26,11:00:00,16.43,16.45,16.2,16.21,514913
2026-07-26,12:00:00,16.2,16.2,16.03,16.15,560294
2026-07-26,13:00:00,16.15,16.18,16.06,16.17,277172
2026-07-26,14:00:00,16.18,16.18,16.0,16.08,453605
2026-07-26,15:00:00,16.05,16.05,16.05,16.05,60869
2026-07-27,10:00:00,16.05,16.45,16.04,16.37,808550
2026-07-27,11:00:00,16.37,16.39,16.16,16.2,327857
2026-07-27,12:00:00,16.19,16.31,16.16,16.17,282007
2026-07-27,13:00:00,16.17,16.2,16.11,16.14,352032
2026-07-27,14:00:00,16.14,16.28,16.14,16.27,380796
2026-07-27,15:00:00,16.33,16.33,16.33,16.33,206680
2026-07-28,10:00:00,16.4,16.5,16.38,16.4,570518
2026-07-28,11:00:00,16.4,16.47,16.39,16.47,165508
2026-07-28,12:00:00,16.47,16.5,16.46,16.49,217145
2026-07-28,13:00:00,16.49,16.57,16.43,16.57,276471
2026-07-28,14:00:00,16.57,16.58,16.5,16.51,376134
2026-07-28,15:00:00,16.55,16.55,16.55,16.55,190901
2026-07-29,10:00:00,16.58,16.7,16.45,16.57,493979
2026-07-29,11:00:00,16.57,16.59,16.46,16.58,274344
2026-07-29,12:00:00,16.58,16.62,16.48,16.49,227210
2026-07-29,13:00:00,16.49,16.49,16.32,16.38,308101
2026-07-29,14:00:00,16.38,16.39,16.28,16.38,350677
2026-07-29,15:00:00,16.45,16.45,16.45,16.45,209954
2026-07-30,10:00:00,16.45,16.56,16.38,16.44,555604
2026-07-30,11:00:00,16.44,16.56,16.44,16.56,285961
2026-07-30,12:00:00,16.56,16.6,16.53,16.59,254361
2026-07-30,13:00:00,16.6,16.6,16.54,16.57,318398
2026-07-30,14:00:00,16.57,16.57,16.43,16.51,626876
2026-07-30,15:00:00,16.62,16.62,16.62,16.62,465383
2026-08-02,10:00:00,16.62,16.62,16.38,16.55,185172
2026-08-02,11:00:00,16.55,16.58,16.48,16.53,88847
2026-08-02,12:00:00,16.53,16.56,16.48,16.56,104206
2026-08-02,13:00:00,16.54,16.56,16.52,16.55,64293
2026-08-02,14:00:00,16.55,16.61,16.5,16.55,183587
2026-08-02,15:00:00,16.5,16.5,16.5,16.5,64466
2026-08-03,10:00:00,16.25,16.74,16.25,16.71,799449
2026-08-03,11:00:00,16.71,16.87,16.7,16.84,401247
2026-08-03,12:00:00,16.84,16.86,16.7,16.79,433732
2026-08-03,13:00:00,16.79,16.84,16.77,16.84,369190
2026-08-03,14:00:00,16.83,16.93,16.8,16.91,589796
2026-08-03,15:00:00,17.0,17.0,17.0,17.0,328677
2026-08-04,10:00:00,17.0,17.1,16.89,17.05,661971
2026-08-04,11:00:00,17.05,17.06,16.97,17.04,593735
2026-08-04,12:00:00,17.04,17.05,17.01,17.05,218263
2026-08-04,13:00:00,17.05,17.12,17.03,17.12,439522
2026-08-04,14:00:00,17.12,17.18,17.06,17.18,410325
2026-08-04,15:00:00,17.12,17.12,17.12,17.12,278515
2026-08-05,10:00:00,17.12,17.3,17.0,17.25,592005
2026-08-05,11:00:00,17.24,17.35,17.24,17.35,268754
2026-08-05,12:00:00,17.34,17.35,17.2,17.27,403044
2026-08-05,13:00:00,17.27,17.35,17.25,17.33,320393
2026-08-05,14:00:00,17.33,17.33,17.26,17.27,289582
2026-08-05,15:00:00,17.27,17.27,17.27,17.27,342454
2026-08-06,10:00:00,17.27,17.4,17.15,17.19,418091
2026-08-06,11:00:00,17.21,17.22,17.07,17.12,546340
2026-08-06,12:00:00,17.11,17.15,17.02,17.14,303031
2026-08-06,13:00:00,17.14,17.21,17.14,17.2,287385
2026-08-06,14:00:00,17.19,17.2,17.15,17.15,299340
2026-08-06,15:00:00,17.11,17.11,17.11,17.11,315113
2026-08-09,10:00:00,17.11,17.29,17.1,17.27,165336
2026-08-09,11:00:00,17.27,17.27,17.2,17.21,38106
2026-08-09,12:00:00,17.21,17.21,17.1,17.14,24983
2026-08-09,13:00:00,17.14,17.16,17.11,17.16,62850
2026-08-09,14:00:00,17.16,17.16,17.11,17.13,51763
2026-08-09,15:00:00,17.22,17.22,17.22,17.22,29215
2026-08-10,10:00:00,17.23,17.39,17.16,17.21,427665
2026-08-10,11:00:00,17.21,17.27,17.2,17.26,242440
2026-08-10,12:00:00,17.27,17.27,17.16,17.21,420125
2026-08-10,13:00:00,17.21,17.29,17.2,17.28,189647
2026-08-10,14:00:00,17.29,17.3,17.23,17.28,334116
2026-08-10,15:00:00,17.34,17.34,17.34,17.34,178938
2026-08-11,10:00:00,17.3,17.39,17.19,17.37,527936
2026-08-11,11:00:00,17.37,17.37,17.2,17.28,353833
2026-08-11,12:00:00,17.27,17.36,17.27,17.34,230151
2026-08-11,13:00:00,17.35,17.38,17.31,17.35,292528
2026-08-11,14:00:00,17.34,17.39,17.27,17.33,460780
2026-08-11,15:00:00,17.26,17.26,17.26,17.26,184433
2026-08-12,10:00:00,17.28,17.42,17.28,17.34,443441
2026-08-12,11:00:00,17.34,17.34,17.26,17.27,451847
2026-08-12,12:00:00,17.26,17.27,17.26,17.27,134260
2026-08-12,13:00:00,17.27,17.3,17.26,17.3,138552
2026-08-12,14:00:00,17.3,17.33,17.26,17.26,288053
2026-08-12,15:00:00,17.34,17.34,17.34,17.34,179937
2026-08-13,10:00:00,17.34,17.34,17.06,17.16,274679
2026-08-13,11:00:00,17.14,17.18,17.01,17.07,226268
2026-08-13,12:00:00,17.06,17.1,17.0,17.06,209794
2026-08-13,13:00:00,17.06,17.2,17.05,17.13,252308
2026-08-13,14:00:00,17.13,17.18,17.1,17.15,245578
2026-08-13,15:00:00,17.18,17.18,17.18,17.18,250610
2026-08-16,10:00:00,17.16,17.17,16.94,16.94,438133
2026-08-16,11:00:00,16.95,16.99,16.9,16.92,194083
2026-08-16,12:00:00,16.93,16.97,16.9,16.97,103342
2026-08-16,13:00:00,16.96,16.98,16.9,16.92,75993
2026-08-16,14:00:00,16.92,16.99,16.9,16.96,140048
2026-08-16,15:00:00,16.93,16.93,16.93,16.93,26092
2026-08-17,10:00:00,16.93,17.09,16.82,17.08,348787
2026-08-17,11:00:00,17.09,17.2,17.05,17.18,417621
2026-08-17,12:00:00,17.17,17.3,17.16,17.28,446805
2026-08-17,13:00:00,17.29,17.36,17.26,17.35,487387
2026-08-17,14:00:00,17.36,17.37,17.23,17.27,497878
2026-08-17,15:00:00,17.33,17.33,17.33,17.33,92528
2026-08-18,10:00:00,16.92,16.99,16.51,16.64,1147902
2026-08-18,11:00:00,16.65,16.68,16.55,16.59,409841
2026-08-18,12:00:00,16.6,16.64,16.56,16.58,219332
2026-08-18,13:00:00,16.57,16.59,16.52,16.54,365279
2026-08-18,14:00:00,16.53,16.6,16.46,16.6,609611
2026-08-18,15:00:00,16.59,16.59,16.59,16.59,183632
2026-08-19,10:00:00,16.6,16.68,16.56,16.68,125612
2026-08-19,11:00:00,16.68,16.69,16.62,16.65,195509
2026-08-19,12:00:00,16.65,16.69,16.63,16.68,183200
2026-08-19,13:00:00,16.68,16.74,16.68,16.74,297929
2026-08-19,14:00:00,16.74,16.74,16.7,16.7,147699
2026-08-19,15:00:00,16.79,16.79,16.79,16.79,150360
2026-08-20,10:00:00,16.75,16.91,16.73,16.86,564096
2026-08-20,11:00:00,16.87,16.93,16.8,16.83,431003
2026-08-20,12:00:00,16.83,16.87,16.78,16.86,276424
2026-08-20,13:00:00,16.87,16.87,16.74,16.75,226145
2026-08-20,14:00:00,16.76,16.78,16.72,16.75,289720
2026-08-20,15:00:00,16.73,16.73,16.73,16.73,390172
2026-08-23,10:00:00,16.71,16.97,16.71,16.93,342721
2026-08-23,11:00:00,16.93,16.94,16.89,16.91,111252
2026-08-23,12:00:00,16.91,17.06,16.91,17.02,411501
2026-08-23,13:00:00,17.02,17.1,17.02,17.06,181954
2026-08-23,14:00:00,17.06,17.07,17.0,17.05,155413
2026-08-23,15:00:00,17.06,17.06,17.06,17.06,9279
2026-08-24,10:00:00,17.06,17.24,16.93,17.17,548458
2026-08-24,11:00:00,17.16,17.29,17.16,17.29,586939
2026-08-24,12:00:00,17.27,17.27,17.09,17.13,406098
2026-08-24,13:00:00,17.13,17.2,17.12,17.16,251474
2026-08-24,14:00:00,17.16,17.18,17.09,17.09,310821
2026-08-24,15:00:00,17.15,17.15,17.15,17.15,173156
2026-08-25,10:00:00,17.15,17.25,17.08,17.11,351502
2026-08-25,11:00:00,17.11,17.14,17.04,17.14,296222
2026-08-25,12:00:00,17.13,17.2,17.13,17.16,153788
2026-08-25,13:00:00,17.16,17.25,17.16,17.24,304700
2026-08-25,14:00:00,17.23,17.24,17.15,17.15,247117
2026-08-25,15:00:00,17.13,17.13,17.13,17.13,135307
2026-08-26,10:00:00,17.13,17.18,17.04,17.06,326849
2026-08-26,11:00:00,17.07,17.11,17.04,17.07,205842
2026-08-26,12:00:00,17.07,17.08,17.0,17.03,256510
2026-08-26,13:00:00,17.04,17.08,17.03,17.05,99512
2026-08-26,14:00:00,17.04,17.05,17.01,17.03,176207
2026-08-26,15:00:00,17.06,17.06,17.06,17.06,147414
2026-08-27,10:00:00,17.06,17.12,17.05,17.05,162139
2026-08-27,11:00:00,17.06,17.06,17.02,17.04,93785
2026-08-27,12:00:00,17.04,17.09,17.03,17.05,121523
2026-08-27,13:00:00,17.06,17.07,17.02,17.06,141569
2026-08-27,14:00:00,17.06,17.07,17.05,17.05,54554
2026-08-27,15:00:00,17.1,17.1,17.1,17.1,122038
2026-08-30,10:00:00,17.1,17.1,17.01,17.07,184729
2026-08-30,11:00:00,17.07,17.08,17.04,17.06,48113
2026-08-30,12:00:00,17.06,17.07,17.03,17.04,90420
2026-08-30,13:00:00,17.04,17.05,17.01,17.04,88937
2026-08-30,14:00:00,17.02,17.04,17.01,17.01,34408
2026-08-30,15:00:00,17.07,17.07,17.07,17.07,42248
2026-08-31,10:00:00,17.08,17.5,17.06,17.36,1103102
2026-08-31,11:00:00,17.37,17.38,17.26,17.33,176098
2026-08-31,12:00:00,17.34,17.35,17.27,17.28,212897
2026-08-31,13:00:00,17.29,17.29,17.22,17.22,109967
2026-08-31,14:00:00,17.23,17.3,17.2,17.25,314651
2026-08-31,15:00:00,17.18,17.18,17.18,17.18,1200
2026-09-01,10:00:00,17.2,17.24,17.06,17.08,324298
2026-09-01,11:00:00,17.08,17.15,17.07,17.13,137335
2026-09-01,12:00:00,17.12,17.13,17.06,17.08,154010
2026-09-01,13:00:00,17.08,17.1,16.88,16.9,733173
2026-09-01,14:00:00,16.9,16.93,16.77,16.8,754771
2026-09-01,15:00:00,16.8,16.8,16.8,16.8,16138
2026-09-02,10:00:00,16.78,16.78,16.63,16.65,306496
2026-09-02,11:00:00,16.65,16.65,16.54,16.62,317525
2026-09-02,12:00:00,16.62,16.68,16.61,16.66,98666
2026-09-02,13:00:00,16.66,16.67,16.6,16.6,121207
2026-09-02,14:00:00,16.61,16.61,16.53,16.58,267433
2026-09-02,15:00:00,16.53,16.53,16.53,16.53,156600
2026-09-03,10:00:00,16.53,16.53,16.4,16.44,388017
2026-09-03,11:00:00,16.44,16.45,16.4,16.42,193753
2026-09-03,12:00:00,16.42,16.42,16.34,16.36,400296
2026-09-03,13:00:00,16.36,16.38,16.26,16.28,302511
2026-09-03,14:00:00,16.28,16.3,16.26,16.29,491093
2026-09-03,15:00:00,16.3,16.3,16.3,16.3,2517
2026-09-06,10:00:00,16.3,16.3,16.17,16.27,225694
2026-09-06,11:00:00,16.28,16.37,16.26,16.37,147809
2026-09-06,12:00:00,16.37,16.43,16.35,16.41,65900
2026-09-06,13:00:00,16.4,16.41,16.38,16.4,86669
2026-09-06,14:00:00,16.4,16.44,16.36,16.38,103269
2026-09-06,15:00:00,16.38,16.38,16.38,16.38,9148
2026-09-07,10:00:00,16.4,16.4,16.31,16.32,288094
2026-09-07,11:00:00,16.33,16.33,16.28,16.29,138695
2026-09-07,12:00:00,16.29,16.29,16.21,16.24,142529
2026-09-07,13:00:00,16.24,16.29,16.21,16.27,118984
2026-09-07,14:00:00,16.27,16.31,16.26,16.28,87253
2026-09-07,15:00:00,16.29,16.29,16.29,16.29,57234
2026-09-08,10:00:00,16.28,16.34,16.24,16.32,118316
2026-09-08,11:00:00,16.33,16.39,16.3,16.32,193488
2026-09-08,12:00:00,16.31,16.35,16.3,16.31,52258
2026-09-08,13:00:00,16.3,16.35,16.3,16.3,96513
2026-09-08,14:00:00,16.3,16.36,16.3,16.36,71898
2026-09-08,15:00:00,16.36,16.36,16.36,16.36,135163
2026-09-09,10:00:00,16.36,16.43,16.27,16.31,300522
2026-09-09,11:00:00,16.31,16.32,16.25,16.29,132175
2026-09-09,12:00:00,16.3,16.34,16.28,16.33,130452
2026-09-09,13:00:00,16.33,16.4,16.32,16.32,186830
2026-09-09,14:00:00,16.32,16.4,16.32,16.35,250214
2026-09-09,15:00:00,16.45,16.45,16.45,16.45,193925
2026-09-10,10:00:00,16.45,16.45,16.24,16.27,191549
2026-09-10,11:00:00,16.28,16.28,16.25,16.26,111233
2026-09-10,12:00:00,16.27,16.29,16.22,16.23,205249
2026-09-10,13:00:00,16.22,16.23,16.14,16.18,411906
2026-09-10,14:00:00,16.18,16.18,16.09,16.18,388933
2026-09-10,15:00:00,16.16,16.16,16.16,16.16,10001
2026-09-13,10:00:00,16.2,16.29,16.16,16.19,216461
2026-09-13,11:00:00,16.19,16.21,16.16,16.19,51379
2026-09-13,12:00:00,16.19,16.25,16.17,16.25,72744
2026-09-13,13:00:00,16.24,16.26,16.21,16.24,89683
2026-09-13,14:00:00,16.25,16.29,16.24,16.28,31525
2026-09-13,15:00:00,16.29,16.29,16.29,16.29,2
2026-09-14,10:00:00,16.29,16.36,16.16,16.2,324570
2026-09-14,11:00:00,16.21,16.27,16.18,16.22,153802
2026-09-14,12:00:00,16.22,16.28,16.2,16.26,224932
2026-09-14,13:00:00,16.27,16.27,16.19,16.23,173380
2026-09-14,14:00:00,16.23,16.24,16.16,16.19,150666
2026-09-14,15:00:00,16.22,16.22,16.22,16.22,100
2026-09-15,10:00:00,16.35,16.35,16.11,16.13,366323
2026-09-15,11:00:00,16.14,16.24,16.13,16.24,168148
2026-09-15,12:00:00,16.24,16.24,16.05,16.07,317348
2026-09-15,13:00:00,16.09,16.09,16.04,16.09,183470
2026-09-15,14:00:00,16.1,16.11,16.03,16.03,255594
2026-09-15,15:00:00,16.02,16.02,16.02,16.02,1200
2026-09-16,10:00:00,16.04,16.15,15.91,15.97,456271
2026-09-16,11:00:00,15.97,16.0,15.94,15.95,211518
2026-09-16,12:00:00,15.95,16.0,15.95,15.98,92915
2026-09-16,13:00:00,15.98,16.04,15.98,16.03,138664
2026-09-16,14:00:00,16.03,16.04,15.93,15.99,329438
2026-09-16,15:00:00,15.92,15.92,15.92,15.92,180742
2026-09-17,10:00:00,15.92,16.06,15.89,15.95,234948
2026-09-17,11:00:00,15.95,16.05,15.95,16.04,169621
2026-09-17,12:00:00,16.04,16.25,16.04,16.25,273770
2026-09-17,13:00:00,16.25,16.43,16.22,16.41,1027156
2026-09-17,14:00:00,16.41,16.43,16.37,16.43,801309
2026-09-17,15:00:00,16.44,16.44,16.44,16.44,4910
2026-09-20,10:00:00,16.44,16.58,16.39,16.53,330454
2026-09-20,11:00:00,16.53,16.6,16.33,16.37,613420
2026-09-20,12:00:00,16.36,16.48,16.29,16.3,112336
2026-09-20,13:00:00,16.3,16.3,16.23,16.25,134987
2026-09-20,14:00:00,16.26,16.3,16.21,16.24,77561
2026-09-20,15:00:00,16.53,16.53,16.53,16.53,1
2026-09-21,10:00:00,16.44,16.46,16.06,16.14,354842
2026-09-21,11:00:00,16.14,16.25,16.11,16.23,174026
2026-09-21,12:00:00,16.22,16.23,16.15,16.19,174463
2026-09-21,13:00:00,16.2,16.2,16.14,16.15,243743
2026-09-21,14:00:00,16.15,16.16,16.11,16.13,279955
2026-09-21,15:00:00,16.1,16.1,16.1,16.1,479
